v -0.03648319375 -0.04980000019 0.3173734114
v -0.03245005687 -0.04980000019 0.3170809123
v -0.03245005687 -0.05179999828 0.3170809123
v -0.03993932422 -0.05179999828 0.3176240596
v -0.03993932422 -0.04730000019 0.3176240596
v -0.03648319375 -0.04730000019 0.3173734114
v -0.03187138845 -0.05179999828 0.3250599582
v -0.02913506874 -0.05179999828 0.3255035408
v -0.02689017947 -0.05179999828 0.3271297931
v -0.0256158937 -0.05179999828 0.3295915816
v -0.02558420797 -0.05179999828 0.3323634456
v -0.02558420797 -0.04980000019 0.3323634456
v -0.0256158937 -0.04980000019 0.3295915816
v -0.02689017947 -0.04980000019 0.3271297931
v -0.02913506874 -0.04980000019 0.3255035408
v -0.03187138845 -0.04980000019 0.3250599582
v -0.02728247487 -0.05179999828 0.308946685
v -0.02691388218 -0.05179999828 0.3116941117
v -0.02781962466 -0.05179999828 0.3143140061
v -0.02980637484 -0.05179999828 0.3162471481
v -0.03245005687 -0.05179999828 0.3170809123
v -0.03245005687 -0.04980000019 0.3170809123
v -0.02980637484 -0.04980000019 0.3162471481
v -0.02781962466 -0.04980000019 0.3143140061
v -0.02691388218 -0.04980000019 0.3116941117
v -0.02728247487 -0.04980000019 0.308946685
v -0.08354470733 -0.0525 0.3247969824
v -0.08222810307 -0.0525 0.3304333287
v -0.07923421814 -0.0525 0.3353869568
v -0.0748561015 -0.0525 0.3391729752
v -0.06952232897 -0.0525 0.3414207854
v -0.06375499394 -0.0525 0.3419103547
v -0.05811864767 -0.0525 0.3405937504
v -0.0531650196 -0.0525 0.3375998607
v -0.04937899641 -0.0525 0.3332217489
v -0.04713119099 -0.0525 0.3278879763
v -0.04664162646 -0.0525 0.3221206413
v -0.04795822595 -0.0525 0.316484295
v -0.05095211088 -0.0525 0.311530667
v -0.05533022275 -0.0525 0.3077446485
v -0.06066400005 -0.0525 0.3054968383
v -0.06643133508 -0.0525 0.3050072738
v -0.07206768135 -0.0525 0.3063238733
v -0.07702130942 -0.0525 0.309317763
v -0.08080732785 -0.0525 0.3136958749
v -0.08305513804 -0.0525 0.3190296474
v -0.08384391315 -0.0528000021 0.3248186828
v -0.08334640912 -0.0528000021 0.3189578257
v -0.08106215888 -0.0528000021 0.313537555
v -0.07721473801 -0.0528000021 0.3090884469
v -0.07218078187 -0.0528000021 0.3060460106
v -0.06645303542 -0.0528000021 0.3047080585
v -0.06059217833 -0.0528000021 0.3052055625
v -0.0551719076 -0.0528000021 0.3074898223
v -0.05072279955 -0.0528000021 0.3113372384
v -0.04768036321 -0.0528000021 0.3163711945
v -0.04634241111 -0.0528000021 0.322098941
v -0.04683991514 -0.0528000021 0.3279597981
v -0.04912417491 -0.0528000021 0.3333800688
v -0.05297159101 -0.0528000021 0.3378291816
v -0.05800554716 -0.0528000021 0.3408716132
v -0.06373329361 -0.0528000021 0.34220957
v -0.0695941507 -0.0528000021 0.341712066
v -0.07501442142 -0.0528000021 0.3394278062
v -0.07946352947 -0.0528000021 0.3355803901
v -0.08250596582 -0.0528000021 0.3305464245
v -0.04634241111 -0.0528000021 0.322098941
v -0.04664162646 -0.0525 0.3221206413
v -0.08254732599 -0.05050000191 0.324724648
v -0.08119059105 -0.05050000191 0.3303234196
v -0.07808945574 -0.05050000191 0.3351783044
v -0.07357996534 -0.05050000191 0.3387631931
v -0.06815080574 -0.05050000191 0.3406896248
v -0.06239029826 -0.05050000191 0.3407488199
v -0.05692268949 -0.05050000191 0.3389343878
v -0.05234047854 -0.05050000191 0.3354429274
v -0.04914021569 -0.05050000191 0.3306527986
v -0.04766870552 -0.05050000191 0.3250831
v -0.0480854082 -0.05050000191 0.3193373784
v -0.05034516357 -0.05050000191 0.3140382783
v -0.05420309292 -0.05050000191 0.3097600409
v -0.05924113009 -0.05050000191 0.3069662765
v -0.06491332566 -0.05050000191 0.3059597349
v -0.07060500813 -0.05050000191 0.3068494887
v -0.07569940277 -0.05050000191 0.3095391227
v -0.0796444413 -0.05050000191 0.313737171
v -0.08201262889 -0.05050000191 0.318988708
v -0.08284654135 -0.05079999924 0.3247463483
v -0.08230266972 -0.05079999924 0.318912075
v -0.0798938936 -0.05079999924 0.3135705112
v -0.07588122036 -0.05079999924 0.3093004987
v -0.07069949768 -0.05079999924 0.3065647595
v -0.06491024 -0.05079999924 0.3056597518
v -0.05914080782 -0.05079999924 0.3066835504
v -0.05401640599 -0.05079999924 0.3095252037
v -0.05009233946 -0.05079999924 0.3138767836
v -0.04779384599 -0.05079999924 0.319266726
v -0.04737000047 -0.05079999924 0.3251109431
v -0.04886674026 -0.05079999924 0.3307761283
v -0.0521218586 -0.05079999924 0.3356483683
v -0.0567826238 -0.05079999924 0.3391996812
v -0.06234396451 -0.05079999924 0.341045222
v -0.0682032202 -0.05079999924 0.3409850062
v -0.07372545358 -0.05079999924 0.3390255582
v -0.07831224871 -0.05079999924 0.335379205
v -0.08146654646 -0.05079999924 0.3304410977
v -0.0480854082 -0.05050000191 0.3193373784
v -0.04779384599 -0.05079999924 0.319266726
v -0.02120842144 -0.0528000021 0.3202761368
v -0.02282912498 -0.0528000021 0.3112215351
v -0.02629697025 -0.0528000021 0.3027017603
v -0.03146039282 -0.0528000021 0.29508917
v -0.03809373011 -0.0528000021 0.2887164658
v -0.04590707274 -0.0528000021 0.2838621735
v -0.05455893894 -0.0528000021 0.280738441
v -0.06367119946 -0.0528000021 0.2794817946
v -0.07284560954 -0.0528000021 0.2801471571
v -0.08168120153 -0.0528000021 0.2827054444
v -0.0897918182 -0.0528000021 0.2870448486
v -0.09682297371 -0.0528000021 0.2929757225
v -0.1024673937 -0.0528000021 0.3002388485
v -0.1064783812 -0.0528000021 0.3085168013
v -0.1086806312 -0.0528000021 0.3174477905
v -0.1089779076 -0.0528000021 0.3266414918
v -0.1073572017 -0.0528000021 0.3356960886
v -0.1038893612 -0.0528000021 0.3442158682
v -0.09872593382 -0.0528000021 0.3518284585
v -0.09209259654 -0.0528000021 0.3582011604
v -0.08427925628 -0.0528000021 0.3630554526
v -0.07562739008 -0.0528000021 0.3661791804
v -0.0665151248 -0.0528000021 0.3674358339
v -0.05734071948 -0.0528000021 0.3667704715
v -0.04850512749 -0.0528000021 0.3642121793
v -0.04039451559 -0.0528000021 0.3598727751
v -0.03336335055 -0.0528000021 0.353941906
v -0.02771893053 -0.0528000021 0.34667878
v -0.02370794541 -0.0528000021 0.3384008272
v -0.02150569309 -0.0528000021 0.3294698332
v -0.02070973315 -0.05230000019 0.3202399695
v -0.02101038099 -0.05230000019 0.329538141
v -0.02323766029 -0.05230000019 0.3385706202
v -0.02729422406 -0.05230000019 0.3469426433
v -0.03300278359 -0.05230000019 0.3542883002
v -0.04011384997 -0.05230000019 0.3602865654
v -0.04831662504 -0.05230000019 0.3646752839
v -0.05725261991 -0.05230000019 0.3672626439
v -0.06653128568 -0.05230000019 0.3679355688
v -0.07574709614 -0.05230000019 0.3666646385
v -0.08449727656 -0.05230000019 0.3635054149
v -0.09239941333 -0.05230000019 0.3585959619
v -0.0991081289 -0.05230000019 0.3521508379
v -0.1043302261 -0.05230000019 0.3444517397
v -0.1078374723 -0.05230000019 0.3358351526
v -0.1094765935 -0.05230000019 0.3266776542
v -0.1091759504 -0.05230000019 0.3173794827
v -0.1069486663 -0.05230000019 0.3083470036
v -0.1028921026 -0.05230000019 0.2999749852
v -0.09718354782 -0.05230000019 0.2926293235
v -0.09007248383 -0.05230000019 0.2866310536
v -0.08186970398 -0.05230000019 0.2822423375
v -0.07293370911 -0.05230000019 0.2796549775
v -0.06365504334 -0.05230000019 0.2789820573
v -0.05443923289 -0.05230000019 0.2802529828
v -0.0456890477 -0.05230000019 0.2834122113
v -0.03778691808 -0.05230000019 0.2883216666
v -0.03107820251 -0.05230000019 0.2947667858
v -0.02585610289 -0.05230000019 0.302465884
v -0.02234885196 -0.05230000019 0.3110824712
v -0.1089779076 -0.0528000021 0.3266414918
v -0.1094765935 -0.05230000019 0.3266776542
v -0.0916733514 -0.04730000019 0.325386501
v -0.09074715484 -0.04730000019 0.326752026
v -0.08910147516 -0.04730000019 0.3266326765
v -0.08838200157 -0.04730000019 0.3251478021
v -0.08930819813 -0.04730000019 0.3237822772
v -0.09095387782 -0.04730000019 0.3239016266
v -0.0916733514 -0.0528000021 0.325386501
v -0.09095387782 -0.0528000021 0.3239016266
v -0.08930819813 -0.0528000021 0.3237822772
v -0.08838200157 -0.0528000021 0.3251478021
v -0.08910147516 -0.0528000021 0.3266326765
v -0.09074715484 -0.0528000021 0.326752026
v -0.08838200157 -0.0528000021 0.3251478021
v -0.08838200157 -0.04730000019 0.3251478021
v -0.05586223898 -0.05179999828 0.3427655474
v -0.05776218961 -0.05179999828 0.3441965228
v -0.05895682766 -0.05179999828 0.3462533006
v -0.05925841223 -0.05179999828 0.3486126522
v -0.05871526493 -0.05179999828 0.3561019147
v -0.05788150073 -0.05179999828 0.3587456063
v -0.05594835869 -0.05179999828 0.3607323517
v -0.05332846435 -0.05179999828 0.361638099
v -0.05058103767 -0.05179999828 0.3612694991
v -0.04347723541 -0.05179999828 0.3577079195
v -0.03720563327 -0.05179999828 0.3528277692
v -0.03200769001 -0.05179999828 0.3468169217
v -0.02808352264 -0.05179999828 0.3399068048
v -0.02558420797 -0.05179999828 0.3323634456
v -0.0256158937 -0.05179999828 0.3295915816
v -0.02689017947 -0.05179999828 0.3271297931
v -0.02913506874 -0.05179999828 0.3255035408
v -0.03187138845 -0.05179999828 0.3250599582
v -0.0393606558 -0.05179999828 0.3256031055
v -0.04165180463 -0.05179999828 0.3262419632
v -0.04351468603 -0.05179999828 0.3277208703
v -0.04465654779 -0.05179999828 0.3298074076
v -0.04714298631 -0.05179999828 0.3351100375
v -0.0509738609 -0.05179999828 0.3395400196
v -0.06493050449 -0.04730000019 0.3485126781
v -0.06400430316 -0.04730000019 0.3498781983
v -0.06235862347 -0.04730000019 0.3497588488
v -0.06163914512 -0.04730000019 0.3482739696
v -0.06256534645 -0.04730000019 0.3469084494
v -0.06421102614 -0.04730000019 0.3470277989
v -0.06493050449 -0.0528000021 0.3485126781
v -0.06421102614 -0.0528000021 0.3470277989
v -0.06256534645 -0.0528000021 0.3469084494
v -0.06163914512 -0.0528000021 0.3482739696
v -0.06235862347 -0.0528000021 0.3497588488
v -0.06400430316 -0.0528000021 0.3498781983
v -0.06163914512 -0.0528000021 0.3482739696
v -0.06163914512 -0.04730000019 0.3482739696
v -0.04578642901 -0.05179999828 0.3142278863
v -0.04435545357 -0.05179999828 0.316127837
v -0.0422986758 -0.05179999828 0.317322475
v -0.03993932422 -0.05179999828 0.3176240596
v -0.03245005687 -0.05179999828 0.3170809123
v -0.02980637484 -0.05179999828 0.3162471481
v -0.02781962466 -0.05179999828 0.3143140061
v -0.02691388218 -0.05179999828 0.3116941117
v -0.02728247487 -0.05179999828 0.308946685
v -0.0308440545 -0.05179999828 0.3018428828
v -0.03572420717 -0.05179999828 0.295571283
v -0.0417350499 -0.05179999828 0.2903733397
v -0.04864517161 -0.05179999828 0.28644917
v -0.0561885308 -0.05179999828 0.2839498577
v -0.05896039479 -0.05179999828 0.2839815411
v -0.06142218329 -0.05179999828 0.2852558268
v -0.06304843559 -0.05179999828 0.2875007161
v -0.06349201816 -0.05179999828 0.2902370358
v -0.06294887087 -0.05179999828 0.2977263055
v -0.06231001323 -0.05179999828 0.300017452
v -0.06083110606 -0.05179999828 0.3018803334
v -0.05874456879 -0.05179999828 0.3030221951
v -0.05344193415 -0.05179999828 0.3055086337
v -0.04901195678 -0.05179999828 0.3093395083
v -0.02558420797 -0.04980000019 0.3323634456
v -0.02558420797 -0.05179999828 0.3323634456
v -0.02808352264 -0.05179999828 0.3399068048
v -0.03200769001 -0.05179999828 0.3468169217
v -0.03720563327 -0.05179999828 0.3528277692
v -0.04347723541 -0.05179999828 0.3577079195
v -0.05058103767 -0.05179999828 0.3612694991
v -0.05058103767 -0.04980000019 0.3612694991
v -0.04347723541 -0.04980000019 0.3577079195
v -0.03720563327 -0.04980000019 0.3528277692
v -0.03200769001 -0.04980000019 0.3468169217
v -0.02808352264 -0.04980000019 0.3399068048
v -0.03590452533 -0.04730000019 0.3253524526
v -0.0393606558 -0.04730000019 0.3256031055
v -0.0393606558 -0.05179999828 0.3256031055
v -0.03187138845 -0.05179999828 0.3250599582
v -0.03187138845 -0.04980000019 0.3250599582
v -0.03590452533 -0.04980000019 0.3253524526
v -0.06698680523 -0.04730000019 0.3526474534
v -0.06723745816 -0.04730000019 0.3491913182
v -0.06723745816 -0.05179999828 0.3491913182
v -0.06669431086 -0.05179999828 0.3566805903
v -0.06669431086 -0.04980000019 0.3566805903
v -0.06698680523 -0.04980000019 0.3526474534
v -0.04180432745 -0.04730000019 0.3217698216
v -0.04087813089 -0.04730000019 0.3231353466
v -0.03923245359 -0.04730000019 0.3230159971
v -0.03851297524 -0.04730000019 0.3215311227
v -0.03943917419 -0.04730000019 0.3201655977
v -0.0410848491 -0.04730000019 0.3202849472
v -0.04180432745 -0.0528000021 0.3217698216
v -0.0410848491 -0.0528000021 0.3202849472
v -0.03943917419 -0.0528000021 0.3201655977
v -0.03851297524 -0.0528000021 0.3215311227
v -0.03923245359 -0.0528000021 0.3230159971
v -0.04087813089 -0.0528000021 0.3231353466
v -0.03851297524 -0.0528000021 0.3215311227
v -0.03851297524 -0.04730000019 0.3215311227
v -0.08354470733 -0.05079999924 0.3247969824
v -0.08222810307 -0.05079999924 0.3304333287
v -0.07923421814 -0.05079999924 0.3353869568
v -0.0748561015 -0.05079999924 0.3391729752
v -0.06952232897 -0.05079999924 0.3414207854
v -0.06375499394 -0.05079999924 0.3419103547
v -0.05811864767 -0.05079999924 0.3405937504
v -0.0531650196 -0.05079999924 0.3375998607
v -0.04937899641 -0.05079999924 0.3332217489
v -0.04713119099 -0.05079999924 0.3278879763
v -0.04664162646 -0.05079999924 0.3221206413
v -0.04795822595 -0.05079999924 0.316484295
v -0.05095211088 -0.05079999924 0.311530667
v -0.05533022275 -0.05079999924 0.3077446485
v -0.06066400005 -0.05079999924 0.3054968383
v -0.06643133508 -0.05079999924 0.3050072738
v -0.07206768135 -0.05079999924 0.3063238733
v -0.07702130942 -0.05079999924 0.309317763
v -0.08080732785 -0.05079999924 0.3136958749
v -0.08305513804 -0.05079999924 0.3190296474
v -0.08354470733 -0.0525 0.3247969824
v -0.08305513804 -0.0525 0.3190296474
v -0.08080732785 -0.0525 0.3136958749
v -0.07702130942 -0.0525 0.309317763
v -0.07206768135 -0.0525 0.3063238733
v -0.06643133508 -0.0525 0.3050072738
v -0.06066400005 -0.0525 0.3054968383
v -0.05533022275 -0.0525 0.3077446485
v -0.05095211088 -0.0525 0.311530667
v -0.04795822595 -0.0525 0.316484295
v -0.04664162646 -0.0525 0.3221206413
v -0.04713119099 -0.0525 0.3278879763
v -0.04937899641 -0.0525 0.3332217489
v -0.0531650196 -0.0525 0.3375998607
v -0.05811864767 -0.0525 0.3405937504
v -0.06375499394 -0.0525 0.3419103547
v -0.06952232897 -0.0525 0.3414207854
v -0.0748561015 -0.0525 0.3391729752
v -0.07923421814 -0.0525 0.3353869568
v -0.08222810307 -0.0525 0.3304333287
v -0.04664162646 -0.0525 0.3221206413
v -0.04664162646 -0.05079999924 0.3221206413
v -0.0561885308 -0.04980000019 0.2839498577
v -0.0561885308 -0.05179999828 0.2839498577
v -0.04864517161 -0.05179999828 0.28644917
v -0.0417350499 -0.05179999828 0.2903733397
v -0.03572420717 -0.05179999828 0.295571283
v -0.0308440545 -0.05179999828 0.3018428828
v -0.02728247487 -0.05179999828 0.308946685
v -0.02728247487 -0.04980000019 0.308946685
v -0.0308440545 -0.04980000019 0.3018428828
v -0.03572420717 -0.04980000019 0.295571283
v -0.0417350499 -0.04980000019 0.2903733397
v -0.04864517161 -0.04980000019 0.28644917
v -0.1059857636 -0.04980000019 0.3264244884
v -0.1043921891 -0.04980000019 0.3351458524
v -0.1009610263 -0.04980000019 0.3433207451
v -0.09585273023 -0.04980000019 0.3505669146
v -0.08930614801 -0.04980000019 0.356545539
v -0.08162738954 -0.04980000019 0.3609770672
v -0.0731755176 -0.04980000019 0.3636542842
v -0.0643457203 -0.04980000019 0.3644520006
v -0.0555508718 -0.04980000019 0.3633329269
v -0.04720220609 -0.04980000019 0.360349381
v -0.03969010762 -0.04980000019 0.3556408657
v -0.03336582695 -0.04980000019 0.3494275646
v -0.02852507991 -0.04980000019 0.3419999856
v -0.02539421695 -0.04980000019 0.3337054469
v -0.02411963251 -0.04980000019 0.3249317885
v -0.02476092483 -0.04980000019 0.3160892523
v -0.02728810632 -0.04980000019 0.3075913088
v -0.03158301268 -0.04980000019 0.2998353112
v -0.03744481503 -0.04980000019 0.2931839232
v -0.04459942553 -0.04980000019 0.2879481576
v -0.05271229806 -0.04980000019 0.2843728279
v -0.06140408748 -0.04980000019 0.2826251163
v -0.07026837132 -0.04980000019 0.2827867413
v -0.07889067318 -0.04980000019 0.2848501508
v -0.08686781754 -0.04980000019 0.2887188549
v -0.0938267982 -0.04980000019 0.2942119615
v -0.09944223535 -0.04980000019 0.3010726179
v -0.1034515342 -0.04980000019 0.3089800301
v -0.1056672494 -0.04980000019 0.317564454
v -0.05900776407 -0.04980000019 0.3520687874
v -0.06164606192 -0.04980000019 0.3525049839
v -0.06431317461 -0.04980000019 0.3526984129
v -0.06698680523 -0.04980000019 0.3526474534
v -0.06669431086 -0.04980000019 0.3566805903
v -0.06713789343 -0.04980000019 0.35941691
v -0.06876414573 -0.04980000019 0.3616617993
v -0.07122593424 -0.04980000019 0.3629360851
v -0.07399779823 -0.04980000019 0.3629677708
v -0.08154115741 -0.04980000019 0.3604684537
v -0.08845127435 -0.04980000019 0.3565442816
v -0.09446212186 -0.04980000019 0.3513463455
v -0.09934227214 -0.04980000019 0.3450747457
v -0.1029038518 -0.04980000019 0.3379709435
v -0.1032724516 -0.04980000019 0.335223512
v -0.1023667044 -0.04980000019 0.3326036177
v -0.1003799494 -0.04980000019 0.3306704757
v -0.09773626738 -0.04980000019 0.3298367115
v -0.0937031305 -0.04980000019 0.3295442123
v -0.0941393365 -0.04980000019 0.3269059145
v -0.09433276559 -0.04980000019 0.3242388018
v -0.09428180608 -0.04980000019 0.3215651712
v -0.09831494296 -0.04980000019 0.3218576655
v -0.1010512627 -0.04980000019 0.321414083
v -0.1032961519 -0.04980000019 0.3197878307
v -0.1045704377 -0.04980000019 0.3173260421
v -0.1046021234 -0.04980000019 0.3145541782
v -0.1021028064 -0.04980000019 0.307010819
v -0.09817863425 -0.04980000019 0.3001006973
v -0.09298069813 -0.04980000019 0.2940898545
v -0.08670909838 -0.04980000019 0.2892097019
v -0.07960529136 -0.04980000019 0.2856481222
v -0.07685786468 -0.04980000019 0.2852795295
v -0.07423797033 -0.04980000019 0.2861852744
v -0.0723048283 -0.04980000019 0.2881720222
v -0.07147106409 -0.04980000019 0.2908157042
v -0.07117856495 -0.04980000019 0.2948488411
v -0.06854026711 -0.04980000019 0.2944126399
v -0.06587315442 -0.04980000019 0.2942192156
v -0.06319952379 -0.04980000019 0.2942701751
v -0.06349201816 -0.04980000019 0.2902370358
v -0.06304843559 -0.04980000019 0.2875007161
v -0.06142218329 -0.04980000019 0.2852558268
v -0.05896039479 -0.04980000019 0.2839815411
v -0.0561885308 -0.04980000019 0.2839498577
v -0.04864517161 -0.04980000019 0.28644917
v -0.0417350499 -0.04980000019 0.2903733397
v -0.03572420717 -0.04980000019 0.295571283
v -0.0308440545 -0.04980000019 0.3018428828
v -0.02728247487 -0.04980000019 0.308946685
v -0.02691388218 -0.04980000019 0.3116941117
v -0.02781962466 -0.04980000019 0.3143140061
v -0.02980637484 -0.04980000019 0.3162471481
v -0.03245005687 -0.04980000019 0.3170809123
v -0.03648319375 -0.04980000019 0.3173734114
v -0.0360469949 -0.04980000019 0.3200117093
v -0.03585356582 -0.04980000019 0.322678822
v -0.03590452533 -0.04980000019 0.3253524526
v -0.03187138845 -0.04980000019 0.3250599582
v -0.02913506874 -0.04980000019 0.3255035408
v -0.02689017947 -0.04980000019 0.3271297931
v -0.0256158937 -0.04980000019 0.3295915816
v -0.02558420797 -0.04980000019 0.3323634456
v -0.02808352264 -0.04980000019 0.3399068048
v -0.03200769001 -0.04980000019 0.3468169217
v -0.03720563327 -0.04980000019 0.3528277692
v -0.04347723541 -0.04980000019 0.3577079195
v -0.05058103767 -0.04980000019 0.3612694991
v -0.05332846435 -0.04980000019 0.361638099
v -0.05594835869 -0.04980000019 0.3607323517
v -0.05788150073 -0.04980000019 0.3587456063
v -0.05871526493 -0.04980000019 0.3561019147
v -0.05058103767 -0.04980000019 0.3612694991
v -0.05058103767 -0.05179999828 0.3612694991
v -0.05332846435 -0.05179999828 0.361638099
v -0.05594835869 -0.05179999828 0.3607323517
v -0.05788150073 -0.05179999828 0.3587456063
v -0.05871526493 -0.05179999828 0.3561019147
v -0.05871526493 -0.04980000019 0.3561019147
v -0.05788150073 -0.04980000019 0.3587456063
v -0.05594835869 -0.04980000019 0.3607323517
v -0.05332846435 -0.04980000019 0.361638099
v -0.06669431086 -0.04980000019 0.3566805903
v -0.06669431086 -0.05179999828 0.3566805903
v -0.06713789343 -0.05179999828 0.35941691
v -0.06876414573 -0.05179999828 0.3616617993
v -0.07122593424 -0.05179999828 0.3629360851
v -0.07399779823 -0.05179999828 0.3629677708
v -0.07399779823 -0.04980000019 0.3629677708
v -0.07122593424 -0.04980000019 0.3629360851
v -0.06876414573 -0.04980000019 0.3616617993
v -0.06713789343 -0.04980000019 0.35941691
v -0.06854717913 -0.04730000019 0.2986436494
v -0.06762098257 -0.04730000019 0.3000091743
v -0.06597530289 -0.04730000019 0.2998898249
v -0.06525582453 -0.04730000019 0.2984049504
v -0.06618202587 -0.04730000019 0.2970394255
v -0.06782770078 -0.04730000019 0.2971587749
v -0.06854717913 -0.0528000021 0.2986436494
v -0.06782770078 -0.0528000021 0.2971587749
v -0.06618202587 -0.0528000021 0.2970394255
v -0.06525582453 -0.0528000021 0.2984049504
v -0.06597530289 -0.0528000021 0.2998898249
v -0.06762098257 -0.0528000021 0.3000091743
v -0.06525582453 -0.0528000021 0.2984049504
v -0.06525582453 -0.04730000019 0.2984049504
v -0.08254732599 -0.02480000019 0.324724648
v -0.08119059105 -0.02480000019 0.3303234196
v -0.07808945574 -0.02480000019 0.3351783044
v -0.07357996534 -0.02480000019 0.3387631931
v -0.06815080574 -0.02480000019 0.3406896248
v -0.06239029826 -0.02480000019 0.3407488199
v -0.05692268949 -0.02480000019 0.3389343878
v -0.05234047854 -0.02480000019 0.3354429274
v -0.04914021569 -0.02480000019 0.3306527986
v -0.04766870552 -0.02480000019 0.3250831
v -0.0480854082 -0.02480000019 0.3193373784
v -0.05034516357 -0.02480000019 0.3140382783
v -0.05420309292 -0.02480000019 0.3097600409
v -0.05924113009 -0.02480000019 0.3069662765
v -0.06491332566 -0.02480000019 0.3059597349
v -0.07060500813 -0.02480000019 0.3068494887
v -0.07569940277 -0.02480000019 0.3095391227
v -0.0796444413 -0.02480000019 0.313737171
v -0.08201262889 -0.02480000019 0.318988708
v -0.08254732599 -0.05050000191 0.324724648
v -0.08201262889 -0.05050000191 0.318988708
v -0.0796444413 -0.05050000191 0.313737171
v -0.07569940277 -0.05050000191 0.3095391227
v -0.07060500813 -0.05050000191 0.3068494887
v -0.06491332566 -0.05050000191 0.3059597349
v -0.05924113009 -0.05050000191 0.3069662765
v -0.05420309292 -0.05050000191 0.3097600409
v -0.05034516357 -0.05050000191 0.3140382783
v -0.0480854082 -0.05050000191 0.3193373784
v -0.04766870552 -0.05050000191 0.3250831
v -0.04914021569 -0.05050000191 0.3306527986
v -0.05234047854 -0.05050000191 0.3354429274
v -0.05692268949 -0.05050000191 0.3389343878
v -0.06239029826 -0.05050000191 0.3407488199
v -0.06815080574 -0.05050000191 0.3406896248
v -0.07357996534 -0.05050000191 0.3387631931
v -0.07808945574 -0.05050000191 0.3351783044
v -0.08119059105 -0.05050000191 0.3303234196
v -0.0480854082 -0.02480000019 0.3193373784
v -0.0480854082 -0.05050000191 0.3193373784
v -0.02120842144 -0.0528000021 0.3202761368
v -0.02150569309 -0.0528000021 0.3294698332
v -0.02370794541 -0.0528000021 0.3384008272
v -0.02771893053 -0.0528000021 0.34667878
v -0.03336335055 -0.0528000021 0.353941906
v -0.04039451559 -0.0528000021 0.3598727751
v -0.04850512749 -0.0528000021 0.3642121793
v -0.05734071948 -0.0528000021 0.3667704715
v -0.0665151248 -0.0528000021 0.3674358339
v -0.07562739008 -0.0528000021 0.3661791804
v -0.08427925628 -0.0528000021 0.3630554526
v -0.09209259654 -0.0528000021 0.3582011604
v -0.09872593382 -0.0528000021 0.3518284585
v -0.1038893612 -0.0528000021 0.3442158682
v -0.1073572017 -0.0528000021 0.3356960886
v -0.1089779076 -0.0528000021 0.3266414918
v -0.1086806312 -0.0528000021 0.3174477905
v -0.1064783812 -0.0528000021 0.3085168013
v -0.1024673937 -0.0528000021 0.3002388485
v -0.09682297371 -0.0528000021 0.2929757225
v -0.0897918182 -0.0528000021 0.2870448486
v -0.08168120153 -0.0528000021 0.2827054444
v -0.07284560954 -0.0528000021 0.2801471571
v -0.06367119946 -0.0528000021 0.2794817946
v -0.05455893894 -0.0528000021 0.280738441
v -0.04590707274 -0.0528000021 0.2838621735
v -0.03809373011 -0.0528000021 0.2887164658
v -0.03146039282 -0.0528000021 0.29508917
v -0.02629697025 -0.0528000021 0.3027017603
v -0.02282912498 -0.0528000021 0.3112215351
v -0.0916733514 -0.0528000021 0.325386501
v -0.09074715484 -0.0528000021 0.326752026
v -0.08910147516 -0.0528000021 0.3266326765
v -0.08838200157 -0.0528000021 0.3251478021
v -0.08930819813 -0.0528000021 0.3237822772
v -0.09095387782 -0.0528000021 0.3239016266
v -0.06493050449 -0.0528000021 0.3485126781
v -0.06400430316 -0.0528000021 0.3498781983
v -0.06235862347 -0.0528000021 0.3497588488
v -0.06163914512 -0.0528000021 0.3482739696
v -0.06256534645 -0.0528000021 0.3469084494
v -0.06421102614 -0.0528000021 0.3470277989
v -0.04180432745 -0.0528000021 0.3217698216
v -0.04087813089 -0.0528000021 0.3231353466
v -0.03923245359 -0.0528000021 0.3230159971
v -0.03851297524 -0.0528000021 0.3215311227
v -0.03943917419 -0.0528000021 0.3201655977
v -0.0410848491 -0.0528000021 0.3202849472
v -0.06854717913 -0.0528000021 0.2986436494
v -0.06762098257 -0.0528000021 0.3000091743
v -0.06597530289 -0.0528000021 0.2998898249
v -0.06525582453 -0.0528000021 0.2984049504
v -0.06618202587 -0.0528000021 0.2970394255
v -0.06782770078 -0.0528000021 0.2971587749
v -0.08384391315 -0.0528000021 0.3248186828
v -0.08250596582 -0.0528000021 0.3305464245
v -0.07946352947 -0.0528000021 0.3355803901
v -0.07501442142 -0.0528000021 0.3394278062
v -0.0695941507 -0.0528000021 0.341712066
v -0.06373329361 -0.0528000021 0.34220957
v -0.05800554716 -0.0528000021 0.3408716132
v -0.05297159101 -0.0528000021 0.3378291816
v -0.04912417491 -0.0528000021 0.3333800688
v -0.04683991514 -0.0528000021 0.3279597981
v -0.04634241111 -0.0528000021 0.322098941
v -0.04768036321 -0.0528000021 0.3163711945
v -0.05072279955 -0.0528000021 0.3113372384
v -0.0551719076 -0.0528000021 0.3074898223
v -0.06059217833 -0.0528000021 0.3052055625
v -0.06645303542 -0.0528000021 0.3047080585
v -0.07218078187 -0.0528000021 0.3060460106
v -0.07721473801 -0.0528000021 0.3090884469
v -0.08106215888 -0.0528000021 0.313537555
v -0.08334640912 -0.0528000021 0.3189578257
v -0.1094765935 -0.0503000021 0.3266776542
v -0.1091759504 -0.0503000021 0.3173794827
v -0.1069486663 -0.0503000021 0.3083470036
v -0.1028921026 -0.0503000021 0.2999749852
v -0.09718354782 -0.0503000021 0.2926293235
v -0.09007248383 -0.0503000021 0.2866310536
v -0.08186970398 -0.0503000021 0.2822423375
v -0.07293370911 -0.0503000021 0.2796549775
v -0.06365504334 -0.0503000021 0.2789820573
v -0.05443923289 -0.0503000021 0.2802529828
v -0.0456890477 -0.0503000021 0.2834122113
v -0.03778691808 -0.0503000021 0.2883216666
v -0.03107820251 -0.0503000021 0.2947667858
v -0.02585610289 -0.0503000021 0.302465884
v -0.02234885196 -0.0503000021 0.3110824712
v -0.02070973315 -0.0503000021 0.3202399695
v -0.02101038099 -0.0503000021 0.329538141
v -0.02323766029 -0.0503000021 0.3385706202
v -0.02729422406 -0.0503000021 0.3469426433
v -0.03300278359 -0.0503000021 0.3542883002
v -0.04011384997 -0.0503000021 0.3602865654
v -0.04831662504 -0.0503000021 0.3646752839
v -0.05725261991 -0.0503000021 0.3672626439
v -0.06653128568 -0.0503000021 0.3679355688
v -0.07574709614 -0.0503000021 0.3666646385
v -0.08449727656 -0.0503000021 0.3635054149
v -0.09239941333 -0.0503000021 0.3585959619
v -0.0991081289 -0.0503000021 0.3521508379
v -0.1043302261 -0.0503000021 0.3444517397
v -0.1078374723 -0.0503000021 0.3358351526
v -0.02070973315 -0.05230000019 0.3202399695
v -0.02234885196 -0.05230000019 0.3110824712
v -0.02585610289 -0.05230000019 0.302465884
v -0.03107820251 -0.05230000019 0.2947667858
v -0.03778691808 -0.05230000019 0.2883216666
v -0.0456890477 -0.05230000019 0.2834122113
v -0.05443923289 -0.05230000019 0.2802529828
v -0.06365504334 -0.05230000019 0.2789820573
v -0.07293370911 -0.05230000019 0.2796549775
v -0.08186970398 -0.05230000019 0.2822423375
v -0.09007248383 -0.05230000019 0.2866310536
v -0.09718354782 -0.05230000019 0.2926293235
v -0.1028921026 -0.05230000019 0.2999749852
v -0.1069486663 -0.05230000019 0.3083470036
v -0.1091759504 -0.05230000019 0.3173794827
v -0.1094765935 -0.05230000019 0.3266776542
v -0.1078374723 -0.05230000019 0.3358351526
v -0.1043302261 -0.05230000019 0.3444517397
v -0.0991081289 -0.05230000019 0.3521508379
v -0.09239941333 -0.05230000019 0.3585959619
v -0.08449727656 -0.05230000019 0.3635054149
v -0.07574709614 -0.05230000019 0.3666646385
v -0.06653128568 -0.05230000019 0.3679355688
v -0.05725261991 -0.05230000019 0.3672626439
v -0.04831662504 -0.05230000019 0.3646752839
v -0.04011384997 -0.05230000019 0.3602865654
v -0.03300278359 -0.05230000019 0.3542883002
v -0.02729422406 -0.05230000019 0.3469426433
v -0.02323766029 -0.05230000019 0.3385706202
v -0.02101038099 -0.05230000019 0.329538141
v -0.02070973315 -0.0503000021 0.3202399695
v -0.02070973315 -0.05230000019 0.3202399695
v -0.04578642901 -0.04730000019 0.3142278863
v -0.04435545357 -0.04730000019 0.316127837
v -0.0422986758 -0.04730000019 0.317322475
v -0.03993932422 -0.04730000019 0.3176240596
v -0.03993932422 -0.05179999828 0.3176240596
v -0.0422986758 -0.05179999828 0.317322475
v -0.04435545357 -0.05179999828 0.316127837
v -0.04578642901 -0.05179999828 0.3142278863
v -0.07068445139 -0.03930000067 0.2809247368
v -0.07115174715 -0.03930000067 0.28098878
v -0.07161830382 -0.03930000067 0.2810579563
v -0.07208407849 -0.03930000067 0.2811322587
v -0.07166499433 -0.03930000067 0.2829889345
v -0.07129277038 -0.03930000067 0.2829302437
v -0.07092001714 -0.03930000067 0.2828749742
v -0.07054677276 -0.03930000067 0.2828231355
v -0.05900776407 -0.04980000019 0.3520687874
v -0.05871526493 -0.04980000019 0.3561019147
v -0.05871526493 -0.05179999828 0.3561019147
v -0.05925841223 -0.05179999828 0.3486126522
v -0.05925841223 -0.04730000019 0.3486126522
v -0.05900776407 -0.04730000019 0.3520687874
v -0.0393606558 -0.04730000019 0.3256031055
v -0.04165180463 -0.04730000019 0.3262419632
v -0.04351468603 -0.04730000019 0.3277208703
v -0.04465654779 -0.04730000019 0.3298074076
v -0.04465654779 -0.05179999828 0.3298074076
v -0.04351468603 -0.05179999828 0.3277208703
v -0.04165180463 -0.05179999828 0.3262419632
v -0.0393606558 -0.05179999828 0.3256031055
v -0.07399779823 -0.04980000019 0.3629677708
v -0.07399779823 -0.05179999828 0.3629677708
v -0.08154115741 -0.05179999828 0.3604684537
v -0.08845127435 -0.05179999828 0.3565442816
v -0.09446212186 -0.05179999828 0.3513463455
v -0.09934227214 -0.05179999828 0.3450747457
v -0.1029038518 -0.05179999828 0.3379709435
v -0.1029038518 -0.04980000019 0.3379709435
v -0.09934227214 -0.04980000019 0.3450747457
v -0.09446212186 -0.04980000019 0.3513463455
v -0.08845127435 -0.04980000019 0.3565442816
v -0.08154115741 -0.04980000019 0.3604684537
v -0.05586223898 -0.04730000019 0.3427655474
v -0.05776218961 -0.04730000019 0.3441965228
v -0.05895682766 -0.04730000019 0.3462533006
v -0.05925841223 -0.04730000019 0.3486126522
v -0.05925841223 -0.05179999828 0.3486126522
v -0.05895682766 -0.05179999828 0.3462533006
v -0.05776218961 -0.05179999828 0.3441965228
v -0.05586223898 -0.05179999828 0.3427655474
v -0.08454208867 -0.02559999943 0.3248693169
v -0.08402605436 -0.02559999943 0.3187902353
v -0.08165674556 -0.02559999943 0.3131681482
v -0.07766607298 -0.02559999943 0.3085533776
v -0.07244468149 -0.02559999943 0.3053976594
v -0.06650366953 -0.02559999943 0.3040098925
v -0.06042458795 -0.02559999943 0.304525922
v -0.05480249604 -0.02559999943 0.3068952308
v -0.05018773025 -0.02559999943 0.3108859034
v -0.04703201203 -0.02559999943 0.3161072949
v -0.04564424512 -0.02559999943 0.3220483069
v -0.04616027466 -0.02559999943 0.3281273884
v -0.04852958346 -0.02559999943 0.3337494756
v -0.05252025604 -0.02559999943 0.3383642414
v -0.05774164754 -0.02559999943 0.3415199596
v -0.06368265949 -0.02559999943 0.342907736
v -0.06976174108 -0.02559999943 0.3423917017
v -0.07538382821 -0.02559999943 0.3400223929
v -0.07999859877 -0.02559999943 0.3360317251
v -0.08315431223 -0.02559999943 0.3308103241
v -0.08454208867 -0.02700000048 0.3248693169
v -0.08315431223 -0.02700000048 0.3308103241
v -0.07999859877 -0.02700000048 0.3360317251
v -0.07538382821 -0.02700000048 0.3400223929
v -0.06976174108 -0.02700000048 0.3423917017
v -0.06368265949 -0.02700000048 0.342907736
v -0.05774164754 -0.02700000048 0.3415199596
v -0.05252025604 -0.02700000048 0.3383642414
v -0.04852958346 -0.02700000048 0.3337494756
v -0.04616027466 -0.02700000048 0.3281273884
v -0.04564424512 -0.02700000048 0.3220483069
v -0.04703201203 -0.02700000048 0.3161072949
v -0.05018773025 -0.02700000048 0.3108859034
v -0.05480249604 -0.02700000048 0.3068952308
v -0.06042458795 -0.02700000048 0.304525922
v -0.06650366953 -0.02700000048 0.3040098925
v -0.07244468149 -0.02700000048 0.3053976594
v -0.07766607298 -0.02700000048 0.3085533776
v -0.08165674556 -0.02700000048 0.3131681482
v -0.08402605436 -0.02700000048 0.3187902353
v -0.04564424512 -0.02559999943 0.3220483069
v -0.04564424512 -0.02700000048 0.3220483069
v -0.08354470733 -0.05079999924 0.3247969824
v -0.08305513804 -0.05079999924 0.3190296474
v -0.08080732785 -0.05079999924 0.3136958749
v -0.07702130942 -0.05079999924 0.309317763
v -0.07206768135 -0.05079999924 0.3063238733
v -0.06643133508 -0.05079999924 0.3050072738
v -0.06066400005 -0.05079999924 0.3054968383
v -0.05533022275 -0.05079999924 0.3077446485
v -0.05095211088 -0.05079999924 0.311530667
v -0.04795822595 -0.05079999924 0.316484295
v -0.04664162646 -0.05079999924 0.3221206413
v -0.04713119099 -0.05079999924 0.3278879763
v -0.04937899641 -0.05079999924 0.3332217489
v -0.0531650196 -0.05079999924 0.3375998607
v -0.05811864767 -0.05079999924 0.3405937504
v -0.06375499394 -0.05079999924 0.3419103547
v -0.06952232897 -0.05079999924 0.3414207854
v -0.0748561015 -0.05079999924 0.3391729752
v -0.07923421814 -0.05079999924 0.3353869568
v -0.08222810307 -0.05079999924 0.3304333287
v -0.08284654135 -0.05079999924 0.3247463483
v -0.08146654646 -0.05079999924 0.3304410977
v -0.07831224871 -0.05079999924 0.335379205
v -0.07372545358 -0.05079999924 0.3390255582
v -0.0682032202 -0.05079999924 0.3409850062
v -0.06234396451 -0.05079999924 0.341045222
v -0.0567826238 -0.05079999924 0.3391996812
v -0.0521218586 -0.05079999924 0.3356483683
v -0.04886674026 -0.05079999924 0.3307761283
v -0.04737000047 -0.05079999924 0.3251109431
v -0.04779384599 -0.05079999924 0.319266726
v -0.05009233946 -0.05079999924 0.3138767836
v -0.05401640599 -0.05079999924 0.3095252037
v -0.05914080782 -0.05079999924 0.3066835504
v -0.06491024 -0.05079999924 0.3056597518
v -0.07069949768 -0.05079999924 0.3065647595
v -0.07588122036 -0.05079999924 0.3093004987
v -0.0798938936 -0.05079999924 0.3135705112
v -0.08230266972 -0.05079999924 0.318912075
v -0.1079805263 -0.04630000114 0.3265691573
v -0.1080047108 -0.04630000114 0.3262154109
v -0.1080259867 -0.04630000114 0.3258614784
v -0.1080930446 -0.04630000114 0.3233554845
v -0.1080139425 -0.04630000114 0.3208498389
v -0.1079650845 -0.04630000114 0.3201423843
v -0.1079045631 -0.04630000114 0.3194358357
v -0.1075973707 -0.04630000114 0.3169478382
v -0.1071457062 -0.04630000114 0.3144819662
v -0.1069919536 -0.04630000114 0.3137896991
v -0.1068267951 -0.04630000114 0.3131000641
v -0.1061522189 -0.04630000114 0.3106856385
v -0.105338082 -0.04630000114 0.3083146244
v -0.1050828681 -0.04630000114 0.3076530085
v -0.1048167823 -0.04630000114 0.3069956842
v -0.1037898808 -0.04630000114 0.3047087702
v -0.1026314583 -0.04630000114 0.302485581
v -0.102280486 -0.04630000114 0.3018693888
v -0.1019193952 -0.04630000114 0.3012590664
v -0.1005631236 -0.04630000114 0.2991507429
v -0.09908628856 -0.04630000114 0.2971250411
v -0.09864739712 -0.04630000114 0.2965680436
v -0.09819937904 -0.04630000114 0.296018356
v -0.096544026 -0.04630000114 0.2941357248
v -0.09478176625 -0.04630000114 0.2923527527
v -0.09426475948 -0.04630000114 0.2918673906
v -0.09373981815 -0.04630000114 0.2913906163
v -0.09182235774 -0.04630000114 0.2897757296
v -0.08981405051 -0.04630000114 0.2882753268
v -0.08923047741 -0.04630000114 0.2878724386
v -0.08864034306 -0.04630000114 0.2874792302
v -0.08650361438 -0.04630000114 0.286168163
v -0.08429411103 -0.04630000114 0.2849838393
v -0.0836570179 -0.04630000114 0.28467243
v -0.08301486077 -0.04630000114 0.2843715683
v -0.08070659527 -0.04630000114 0.2833936056
v -0.07834525804 -0.04630000114 0.2825518205
v -0.07766885939 -0.04630000114 0.2823388424
v -0.07698904184 -0.04630000114 0.2821370485
v -0.0745607952 -0.04630000114 0.2815140411
v -0.07210037184 -0.04630000114 0.2810335963
v -0.07139978819 -0.04630000114 0.2809238081
v -0.07069748318 -0.04630000114 0.2808255904
v -0.06820350995 -0.04630000114 0.2805714501
v -0.06569896073 -0.04630000114 0.280463079
v -0.06498983235 -0.04630000114 0.2804589365
v -0.06428073736 -0.04630000114 0.2804664885
v -0.06177673691 -0.04630000114 0.2805868942
v -0.05928400914 -0.04630000114 0.2808530167
v -0.05858219085 -0.04630000114 0.2809546104
v -0.05788213688 -0.04630000114 0.2810677627
v -0.05542405173 -0.04630000114 0.2815600251
v -0.05299883045 -0.04630000114 0.2821946996
v -0.05231999113 -0.04630000114 0.2823997575
v -0.0516446232 -0.04630000114 0.2826159829
v -0.04928735636 -0.04630000114 0.2834691083
v -0.046983815 -0.04630000114 0.2844581513
v -0.04634311806 -0.04630000114 0.2847620956
v -0.04570752329 -0.04630000114 0.285076566
v -0.0435037414 -0.04630000114 0.2862714928
v -0.04137333543 -0.04630000114 0.2875928147
v -0.0407850955 -0.04630000114 0.2879888552
v -0.04020346932 -0.04630000114 0.2883945421
v -0.03820239384 -0.04630000114 0.2899045816
v -0.03629271871 -0.04630000114 0.2915286661
v -0.03577007503 -0.04630000114 0.2920079551
v -0.03525540647 -0.04630000114 0.2924957986
v -0.03350174321 -0.04630000114 0.2942872169
v -0.03185545432 -0.04630000114 0.2961777838
v -0.03141008223 -0.04630000114 0.2967296139
v -0.03097387258 -0.04630000114 0.2972887157
v -0.02950679126 -0.04630000114 0.2993214942
v -0.0281606646 -0.04630000114 0.3014363123
v -0.02780251329 -0.04630000114 0.302048362
v -0.02745450669 -0.04630000114 0.3026662339
v -0.02630678264 -0.04630000114 0.3048949633
v -0.02529088748 -0.04630000114 0.3071867875
v -0.02502795824 -0.04630000114 0.3078453811
v -0.02477592474 -0.04630000114 0.3085082186
v -0.02397319501 -0.04630000114 0.310883117
v -0.02331022632 -0.04630000114 0.3133007541
v -0.02314839139 -0.04630000114 0.3139911812
v -0.02299796479 -0.04630000114 0.3146841784
v -0.02255816075 -0.04630000114 0.3171521882
v -0.02226292662 -0.04630000114 0.3196416363
v -0.02220580277 -0.04630000114 0.3203484712
v -0.02216034236 -0.04630000114 0.3210561453
v -0.02209328915 -0.04630000114 0.323562144
v -0.02217238652 -0.04630000114 0.3260677849
v -0.02222124689 -0.04630000114 0.3267752395
v -0.0222817683 -0.04630000114 0.3274817881
v -0.02258896308 -0.04630000114 0.3299697855
v -0.0230406228 -0.04630000114 0.3324356527
v -0.02319437777 -0.04630000114 0.3331279247
v -0.02335952915 -0.04630000114 0.3338175644
v -0.02403411014 -0.04630000114 0.33623199
v -0.02484824461 -0.04630000114 0.3386029946
v -0.02510345855 -0.04630000114 0.3392646153
v -0.02536955153 -0.04630000114 0.3399219348
v -0.02639644821 -0.04630000114 0.3422088536
v -0.02755487076 -0.04630000114 0.3444320476
v -0.02790584545 -0.04630000114 0.345048235
v -0.02826693146 -0.04630000114 0.3456585573
v -0.02962320786 -0.04630000114 0.3477668809
v -0.03110004047 -0.04630000114 0.3497925874
v -0.0315389319 -0.04630000114 0.3503495802
v -0.03198694998 -0.04630000114 0.3508992677
v -0.03364230779 -0.04630000114 0.3527819037
v -0.03540456039 -0.04630000114 0.3545648711
v -0.03592156716 -0.04630000114 0.3550502332
v -0.03644650849 -0.04630000114 0.3555270027
v -0.03836396652 -0.04630000114 0.3571418942
v -0.04037227375 -0.04630000114 0.3586422969
v -0.04095584684 -0.04630000114 0.3590451851
v -0.04154598597 -0.04630000114 0.3594383935
v -0.04368271465 -0.04630000114 0.3607494631
v -0.04589221322 -0.04630000114 0.3619337892
v -0.0465293159 -0.04630000114 0.3622451914
v -0.04717146349 -0.04630000114 0.3625460554
v -0.04947973375 -0.04630000114 0.3635240158
v -0.05184107098 -0.04630000114 0.3643658009
v -0.05251746964 -0.04630000114 0.3645787838
v -0.05319728719 -0.04630000114 0.3647805801
v -0.05562552906 -0.04630000114 0.3654035826
v -0.05808595719 -0.04630000114 0.3658840299
v -0.05878654084 -0.04630000114 0.3659938156
v -0.05948884108 -0.04630000114 0.3660920333
v -0.06198281907 -0.04630000114 0.3663461736
v -0.06448736829 -0.04630000114 0.3664545448
v -0.06519649668 -0.04630000114 0.366458692
v -0.06590559167 -0.04630000114 0.3664511377
v -0.06840959212 -0.04630000114 0.3663307319
v -0.07090231988 -0.04630000114 0.3660646047
v -0.07160413817 -0.04630000114 0.3659630181
v -0.07230419214 -0.04630000114 0.3658498634
v -0.07476227729 -0.04630000114 0.365357601
v -0.07718749858 -0.04630000114 0.3647229265
v -0.0778663379 -0.04630000114 0.3645178662
v -0.07854170583 -0.04630000114 0.3643016385
v -0.0808989679 -0.04630000114 0.3634485154
v -0.08320250925 -0.04630000114 0.3624594748
v -0.0838432062 -0.04630000114 0.3621555282
v -0.08447880097 -0.04630000114 0.3618410625
v -0.08668258763 -0.04630000114 0.3606461333
v -0.08881298883 -0.04630000114 0.3593248138
v -0.08940123352 -0.04630000114 0.3589287709
v -0.0899828597 -0.04630000114 0.3585230864
v -0.0919839328 -0.04630000114 0.3570130445
v -0.09389361508 -0.04630000114 0.3553889624
v -0.09441625638 -0.04630000114 0.3549096734
v -0.09493092494 -0.04630000114 0.3544218299
v -0.09668458581 -0.04630000114 0.3526304068
v -0.09833087232 -0.04630000114 0.35073984
v -0.09877624679 -0.04630000114 0.3501880051
v -0.09921245645 -0.04630000114 0.3496289032
v -0.1006795378 -0.04630000114 0.3475961248
v -0.1020256644 -0.04630000114 0.3454813115
v -0.1023838157 -0.04630000114 0.3448692617
v -0.1027318199 -0.04630000114 0.3442513946
v -0.103879544 -0.04630000114 0.3420226653
v -0.1048954415 -0.04630000114 0.3397308315
v -0.1051583684 -0.04630000114 0.3390722426
v -0.1054104043 -0.04630000114 0.3384094099
v -0.1062131364 -0.04630000114 0.3360345115
v -0.1068760979 -0.04630000114 0.3336168697
v -0.1070379353 -0.04630000114 0.3329264473
v -0.1071883666 -0.04630000114 0.3322334501
v -0.1076281683 -0.04630000114 0.3297654355
v -0.1079234024 -0.04630000114 0.3272759874
v -0.1079387753 -0.04630000114 0.3270993717
v -0.1079534234 -0.04630000114 0.3269226892
v -0.1079673372 -0.04630000114 0.3267459495
v -0.1079805263 -0.0503000021 0.3265691573
v -0.1063966604 -0.0503000021 0.3354179703
v -0.1030076312 -0.0503000021 0.3437441157
v -0.09796155318 -0.0503000021 0.3511836902
v -0.09147897248 -0.0503000021 0.3574115573
v -0.0838432062 -0.0503000021 0.3621555282
v -0.07538797321 -0.0503000021 0.365208264
v -0.06648280779 -0.0503000021 0.3664363547
v -0.05751690909 -0.0503000021 0.3657861171
v -0.04888212763 -0.0503000021 0.3632859702
v -0.04095584684 -0.0503000021 0.3590451851
v -0.03408448209 -0.0503000021 0.353249108
v -0.02856834586 -0.0503000021 0.3461510533
v -0.02464852042 -0.0503000021 0.3380612317
v -0.02249631727 -0.0503000021 0.3293332224
v -0.02220580277 -0.0503000021 0.3203484712
v -0.02378967101 -0.0503000021 0.3114996535
v -0.0271787002 -0.0503000021 0.3031735128
v -0.03222477346 -0.0503000021 0.2957339335
v -0.03870735416 -0.0503000021 0.2895060665
v -0.04634311806 -0.0503000021 0.2847620956
v -0.05479835104 -0.0503000021 0.2817093597
v -0.06370352124 -0.0503000021 0.2804812738
v -0.07266941994 -0.0503000021 0.2811315114
v -0.08130419663 -0.0503000021 0.283631656
v -0.08923047741 -0.0503000021 0.2878724386
v -0.09610184455 -0.0503000021 0.2936685157
v -0.1016179855 -0.0503000021 0.3007665752
v -0.105537811 -0.0503000021 0.3088563921
v -0.1076900118 -0.0503000021 0.3175844014
v -0.02220580277 -0.04630000114 0.3203484712
v -0.02220580277 -0.0503000021 0.3203484712
v -0.05874456879 -0.04730000019 0.3030221951
v -0.05344193415 -0.04730000019 0.3055086337
v -0.04901195678 -0.04730000019 0.3093395083
v -0.04578642901 -0.04730000019 0.3142278863
v -0.04578642901 -0.05179999828 0.3142278863
v -0.04901195678 -0.05179999828 0.3093395083
v -0.05344193415 -0.05179999828 0.3055086337
v -0.05874456879 -0.05179999828 0.3030221951
v -0.06349201816 -0.04980000019 0.2902370358
v -0.06349201816 -0.05179999828 0.2902370358
v -0.06304843559 -0.05179999828 0.2875007161
v -0.06142218329 -0.05179999828 0.2852558268
v -0.05896039479 -0.05179999828 0.2839815411
v -0.0561885308 -0.05179999828 0.2839498577
v -0.0561885308 -0.04980000019 0.2839498577
v -0.05896039479 -0.04980000019 0.2839815411
v -0.06142218329 -0.04980000019 0.2852558268
v -0.06304843559 -0.04980000019 0.2875007161
v -0.07068445139 -0.04630000114 0.2809247368
v -0.07115174715 -0.04630000114 0.28098878
v -0.07161830382 -0.04630000114 0.2810579563
v -0.07208407849 -0.04630000114 0.2811322587
v -0.07208407849 -0.03930000067 0.2811322587
v -0.07161830382 -0.03930000067 0.2810579563
v -0.07115174715 -0.03930000067 0.28098878
v -0.07068445139 -0.03930000067 0.2809247368
v -0.03648319375 -0.04730000019 0.3173734114
v -0.0360469949 -0.04730000019 0.3200117093
v -0.03585356582 -0.04730000019 0.322678822
v -0.03590452533 -0.04730000019 0.3253524526
v -0.03590452533 -0.04980000019 0.3253524526
v -0.03585356582 -0.04980000019 0.322678822
v -0.0360469949 -0.04980000019 0.3200117093
v -0.03648319375 -0.04980000019 0.3173734114
v -0.07144176023 -0.04730000019 0.3438954334
v -0.06935522297 -0.04730000019 0.3450372904
v -0.06787631579 -0.04730000019 0.3469001718
v -0.06723745816 -0.04730000019 0.3491913182
v -0.06698680523 -0.04730000019 0.3526474534
v -0.06431317461 -0.04730000019 0.3526984129
v -0.06164606192 -0.04730000019 0.3525049839
v -0.05900776407 -0.04730000019 0.3520687874
v -0.05925841223 -0.04730000019 0.3486126522
v -0.05895682766 -0.04730000019 0.3462533006
v -0.05776218961 -0.04730000019 0.3441965228
v -0.05586223898 -0.04730000019 0.3427655474
v -0.0509738609 -0.04730000019 0.3395400196
v -0.04714298631 -0.04730000019 0.3351100375
v -0.04465654779 -0.04730000019 0.3298074076
v -0.04351468603 -0.04730000019 0.3277208703
v -0.04165180463 -0.04730000019 0.3262419632
v -0.0393606558 -0.04730000019 0.3256031055
v -0.03590452533 -0.04730000019 0.3253524526
v -0.03585356582 -0.04730000019 0.322678822
v -0.0360469949 -0.04730000019 0.3200117093
v -0.03648319375 -0.04730000019 0.3173734114
v -0.03993932422 -0.04730000019 0.3176240596
v -0.0422986758 -0.04730000019 0.317322475
v -0.04435545357 -0.04730000019 0.316127837
v -0.04578642901 -0.04730000019 0.3142278863
v -0.04901195678 -0.04730000019 0.3093395083
v -0.05344193415 -0.04730000019 0.3055086337
v -0.05874456879 -0.04730000019 0.3030221951
v -0.06083110606 -0.04730000019 0.3018803334
v -0.06231001323 -0.04730000019 0.300017452
v -0.06294887087 -0.04730000019 0.2977263055
v -0.06319952379 -0.04730000019 0.2942701751
v -0.06587315442 -0.04730000019 0.2942192156
v -0.06854026711 -0.04730000019 0.2944126399
v -0.07117856495 -0.04730000019 0.2948488411
v -0.0709279168 -0.04730000019 0.2983049716
v -0.07122950137 -0.04730000019 0.3006643232
v -0.07242413941 -0.04730000019 0.3027211009
v -0.07432409005 -0.04730000019 0.3041520764
v -0.07921246813 -0.04730000019 0.3073776041
v -0.08304333795 -0.04730000019 0.3118075863
v -0.085529786 -0.04730000019 0.3171102162
v -0.086671643 -0.04730000019 0.3191967582
v -0.08853452439 -0.04730000019 0.3206756606
v -0.09082567084 -0.04730000019 0.3213145182
v -0.09428180608 -0.04730000019 0.3215651712
v -0.09433276559 -0.04730000019 0.3242388018
v -0.0941393365 -0.04730000019 0.3269059145
v -0.0937031305 -0.04730000019 0.3295442123
v -0.0902470048 -0.04730000019 0.3292935642
v -0.08788765322 -0.04730000019 0.3295951487
v -0.08583087546 -0.04730000019 0.3307897868
v -0.08439990002 -0.04730000019 0.3326897374
v -0.08117437225 -0.04730000019 0.3375781155
v -0.07674439488 -0.04730000019 0.3414089853
v -0.0916733514 -0.04730000019 0.325386501
v -0.09095387782 -0.04730000019 0.3239016266
v -0.08930819813 -0.04730000019 0.3237822772
v -0.08838200157 -0.04730000019 0.3251478021
v -0.08910147516 -0.04730000019 0.3266326765
v -0.09074715484 -0.04730000019 0.326752026
v -0.06493050449 -0.04730000019 0.3485126781
v -0.06421102614 -0.04730000019 0.3470277989
v -0.06256534645 -0.04730000019 0.3469084494
v -0.06163914512 -0.04730000019 0.3482739696
v -0.06235862347 -0.04730000019 0.3497588488
v -0.06400430316 -0.04730000019 0.3498781983
v -0.04180432745 -0.04730000019 0.3217698216
v -0.0410848491 -0.04730000019 0.3202849472
v -0.03943917419 -0.04730000019 0.3201655977
v -0.03851297524 -0.04730000019 0.3215311227
v -0.03923245359 -0.04730000019 0.3230159971
v -0.04087813089 -0.04730000019 0.3231353466
v -0.06854717913 -0.04730000019 0.2986436494
v -0.06782770078 -0.04730000019 0.2971587749
v -0.06618202587 -0.04730000019 0.2970394255
v -0.06525582453 -0.04730000019 0.2984049504
v -0.06597530289 -0.04730000019 0.2998898249
v -0.06762098257 -0.04730000019 0.3000091743
v -0.08593842063 -0.04730000019 0.3249705851
v -0.08545792 -0.04730000019 0.3187591764
v -0.08316792799 -0.04730000019 0.3129653467
v -0.07927191669 -0.04730000019 0.3081039129
v -0.07411605633 -0.04730000019 0.3046068268
v -0.06815847829 -0.04730000019 0.3027848234
v -0.06192852931 -0.04730000019 0.3027997927
v -0.05597976967 -0.04730000019 0.3046504082
v -0.05084077782 -0.04730000019 0.3081722315
v -0.04696817248 -0.04730000019 0.3130523376
v -0.04470605288 -0.04730000019 0.3188571044
v -0.04425541929 -0.04730000019 0.3250707512
v -0.04565630599 -0.04730000019 0.3311411718
v -0.04878424799 -0.04730000019 0.336528978
v -0.05336130562 -0.04730000019 0.3407554447
v -0.05898078856 -0.04730000019 0.3434450253
v -0.06514338592 -0.04730000019 0.3443587489
v -0.07130152158 -0.04730000019 0.3434154207
v -0.07690801553 -0.04730000019 0.3406988601
v -0.08146470688 -0.04730000019 0.3364504428
v -0.08456671384 -0.04730000019 0.3310476625
v -0.04465654779 -0.04730000019 0.3298074076
v -0.04714298631 -0.04730000019 0.3351100375
v -0.0509738609 -0.04730000019 0.3395400196
v -0.05586223898 -0.04730000019 0.3427655474
v -0.05586223898 -0.05179999828 0.3427655474
v -0.0509738609 -0.05179999828 0.3395400196
v -0.04714298631 -0.05179999828 0.3351100375
v -0.04465654779 -0.05179999828 0.3298074076
v -0.1029038518 -0.04980000019 0.3379709435
v -0.1029038518 -0.05179999828 0.3379709435
v -0.1032724516 -0.05179999828 0.335223512
v -0.1023667044 -0.05179999828 0.3326036177
v -0.1003799494 -0.05179999828 0.3306704757
v -0.09773626738 -0.05179999828 0.3298367115
v -0.09773626738 -0.04980000019 0.3298367115
v -0.1003799494 -0.04980000019 0.3306704757
v -0.1023667044 -0.04980000019 0.3326036177
v -0.1032724516 -0.04980000019 0.335223512
v -0.08504077457 -0.02279999971 0.3249054841
v -0.08451151253 -0.02279999971 0.3186705293
v -0.08208145442 -0.02279999971 0.3129042848
v -0.07798845715 -0.02279999971 0.3081711873
v -0.07263317917 -0.02279999971 0.3049345548
v -0.06653983675 -0.02279999971 0.3035112018
v -0.0603048819 -0.02279999971 0.3040404639
v -0.05453863746 -0.02279999971 0.3064705267
v -0.04980553993 -0.02279999971 0.3105635192
v -0.04656890745 -0.02279999971 0.3159187972
v -0.04514555446 -0.02279999971 0.3220121396
v -0.04567481173 -0.02279999971 0.3282470945
v -0.04810487461 -0.02279999971 0.3340133389
v -0.05219787188 -0.02279999971 0.3387464365
v -0.05755314985 -0.02279999971 0.3419830737
v -0.06364649227 -0.02279999971 0.3434064219
v -0.06988144713 -0.02279999971 0.3428771599
v -0.07564769157 -0.02279999971 0.3404471018
v -0.08038078909 -0.02279999971 0.3363541045
v -0.08361742634 -0.02279999971 0.3309988265
v -0.08504077457 -0.02559999943 0.3249054841
v -0.08361742634 -0.02559999943 0.3309988265
v -0.08038078909 -0.02559999943 0.3363541045
v -0.07564769157 -0.02559999943 0.3404471018
v -0.06988144713 -0.02559999943 0.3428771599
v -0.06364649227 -0.02559999943 0.3434064219
v -0.05755314985 -0.02559999943 0.3419830737
v -0.05219787188 -0.02559999943 0.3387464365
v -0.04810487461 -0.02559999943 0.3340133389
v -0.04567481173 -0.02559999943 0.3282470945
v -0.04514555446 -0.02559999943 0.3220121396
v -0.04656890745 -0.02559999943 0.3159187972
v -0.04980553993 -0.02559999943 0.3105635192
v -0.05453863746 -0.02559999943 0.3064705267
v -0.0603048819 -0.02559999943 0.3040404639
v -0.06653983675 -0.02559999943 0.3035112018
v -0.07263317917 -0.02559999943 0.3049345548
v -0.07798845715 -0.02559999943 0.3081711873
v -0.08208145442 -0.02559999943 0.3129042848
v -0.08451151253 -0.02559999943 0.3186705293
v -0.04514555446 -0.02279999971 0.3220121396
v -0.04514555446 -0.02559999943 0.3220121396
v -0.08254732599 -0.02480000019 0.324724648
v -0.08201262889 -0.02480000019 0.318988708
v -0.0796444413 -0.02480000019 0.313737171
v -0.07569940277 -0.02480000019 0.3095391227
v -0.07060500813 -0.02480000019 0.3068494887
v -0.06491332566 -0.02480000019 0.3059597349
v -0.05924113009 -0.02480000019 0.3069662765
v -0.05420309292 -0.02480000019 0.3097600409
v -0.05034516357 -0.02480000019 0.3140382783
v -0.0480854082 -0.02480000019 0.3193373784
v -0.04766870552 -0.02480000019 0.3250831
v -0.04914021569 -0.02480000019 0.3306527986
v -0.05234047854 -0.02480000019 0.3354429274
v -0.05692268949 -0.02480000019 0.3389343878
v -0.06239029826 -0.02480000019 0.3407488199
v -0.06815080574 -0.02480000019 0.3406896248
v -0.07357996534 -0.02480000019 0.3387631931
v -0.07808945574 -0.02480000019 0.3351783044
v -0.08119059105 -0.02480000019 0.3303234196
v -0.07182548377 -0.02480000019 0.3239470646
v -0.07067939715 -0.02480000019 0.3272478097
v -0.06803648353 -0.02480000019 0.3295332949
v -0.06460491177 -0.02480000019 0.3301911311
v -0.06130416665 -0.02480000019 0.3290450445
v -0.05901868151 -0.02480000019 0.3264021309
v -0.05836084525 -0.02480000019 0.3229705591
v -0.05950693188 -0.02480000019 0.319669814
v -0.0621498455 -0.02480000019 0.3173843289
v -0.06558141726 -0.02480000019 0.3167264926
v -0.06888216237 -0.02480000019 0.3178725792
v -0.07116764751 -0.02480000019 0.3205154929
v -0.1060227652 -0.03930000067 0.3258604663
v -0.1059989621 -0.03930000067 0.3262365383
v -0.1059717067 -0.03930000067 0.3266123766
v -0.1059409991 -0.03930000067 0.3269879479
v -0.1059409991 -0.04630000114 0.3269879479
v -0.1057636949 -0.04630000114 0.3286460827
v -0.1055191185 -0.04630000114 0.3302956393
v -0.1052076704 -0.04630000114 0.3319338758
v -0.1052076704 -0.03930000067 0.3319338758
v -0.1051280774 -0.03930000067 0.3323022041
v -0.1050451083 -0.03930000067 0.3326697885
v -0.1049587633 -0.03930000067 0.3330365813
v -0.1049587633 -0.04630000114 0.3330365813
v -0.104536317 -0.04630000114 0.3346497794
v -0.1040486203 -0.04630000114 0.3362444476
v -0.1034964743 -0.04630000114 0.3378179731
v -0.1034964743 -0.03930000067 0.3378179731
v -0.1033628842 -0.03930000067 0.3381703274
v -0.1032260611 -0.03930000067 0.3385214323
v -0.1030860051 -0.03930000067 0.3388712689
v -0.1030860051 -0.04630000114 0.3388712689
v -0.1024278486 -0.04630000114 0.3404034814
v -0.1017079225 -0.04630000114 0.3419076559
v -0.1009274189 -0.04630000114 0.343381313
v -0.1009274189 -0.03930000067 0.343381313
v -0.1007428072 -0.03930000067 0.343709816
v -0.1005551724 -0.03930000067 0.3440366119
v -0.1003645525 -0.03930000067 0.3443616626
v -0.1003645525 -0.04630000114 0.3443616626
v -0.0994853722 -0.04630000114 0.345778662
v -0.09854930514 -0.04630000114 0.3471587449
v -0.09755788675 -0.04630000114 0.3484996127
v -0.09755788675 -0.03930000067 0.3484996127
v -0.09732637329 -0.03930000067 0.3487969306
v -0.09709213232 -0.03930000067 0.3490921123
v -0.09685519245 -0.03930000067 0.3493851291
v -0.09685519245 -0.04630000114 0.3493851291
v -0.09577464353 -0.04630000114 0.3506552631
v -0.09464333999 -0.04630000114 0.3518804123
v -0.09346314148 -0.04630000114 0.3530585455
v -0.09346314148 -0.03930000067 0.3530585455
v -0.09318990471 -0.03930000067 0.3533180408
v -0.09291428374 -0.03930000067 0.3535750088
v -0.09263631674 -0.03930000067 0.3538294305
v -0.09263631674 -0.04630000114 0.3538294305
v -0.09137853668 -0.04630000114 0.3549243367
v -0.09007726898 -0.04630000114 0.3559671914
v -0.08873466894 -0.04630000114 0.3569562684
v -0.08873466894 -0.03930000067 0.3569562684
v -0.08842580281 -0.03930000067 0.3571721331
v -0.08811496258 -0.03930000067 0.3573851559
v -0.08780217685 -0.03930000067 0.3575953177
v -0.08780217685 -0.04630000114 0.3575953177
v -0.08639525131 -0.04630000114 0.3584905247
v -0.0849530874 -0.04630000114 0.3593277865
v -0.08347806931 -0.04630000114 0.3601057108
v -0.08347806931 -0.03930000067 0.3601057108
v -0.08314047844 -0.03930000067 0.3602731384
v -0.08280137121 -0.03930000067 0.3604374476
v -0.08246075718 -0.03930000067 0.3605986382
v -0.08246075718 -0.04630000114 0.3605986382
v -0.08093611923 -0.04630000114 0.3612741665
v -0.07938527898 -0.04630000114 0.3618871244
v -0.07781079225 -0.04630000114 0.3624365198
v -0.07781079225 -0.03930000067 0.3624365198
v -0.07745202018 -0.03930000067 0.3625517625
v -0.07709220382 -0.03930000067 0.3626636958
v -0.0767313718 -0.03930000067 0.36277232
v -0.0767313718 -0.04630000114 0.36277232
v -0.0751230819 -0.04630000114 0.3632130634
v -0.07349820272 -0.04630000114 0.3635880414
v -0.07185941885 -0.04630000114 0.3638966438
v -0.07185941885 -0.03930000067 0.3638966438
v -0.07148747644 -0.03930000067 0.3639571169
v -0.07111499519 -0.03930000067 0.3640141759
v -0.0707420085 -0.03930000067 0.3640678112
v -0.0707420085 -0.04630000114 0.3640678112
v -0.06908599154 -0.04630000114 0.3642639277
v -0.06742337503 -0.04630000114 0.3643925432
v -0.0657569008 -0.04630000114 0.3644534382
v -0.0657569008 -0.03930000067 0.3644534382
v -0.06538009931 -0.03930000067 0.3644578067
v -0.06500327398 -0.03930000067 0.3644587133
v -0.06462645818 -0.03930000067 0.3644561581
v -0.06462645818 -0.04630000114 0.3644561581
v -0.06295971195 -0.04630000114 0.3644032703
v -0.06129649419 -0.04630000114 0.3642826429
v -0.05963955626 -0.04630000114 0.3640944859
v -0.05963955626 -0.03930000067 0.3640944859
v -0.05926631189 -0.03930000067 0.3640426448
v -0.05889355865 -0.03930000067 0.3639873801
v -0.05852133469 -0.03930000067 0.3639286916
v -0.05852133469 -0.04630000114 0.3639286916
v -0.05688108586 -0.04630000114 0.3636279723
v -0.05525442201 -0.04630000114 0.3632608106
v -0.0536440325 -0.04630000114 0.3628278071
v -0.0536440325 -0.03930000067 0.3628278071
v -0.05328268511 -0.03930000067 0.3627209104
v -0.05292233431 -0.03930000067 0.3626107044
v -0.05256301347 -0.03930000067 0.3624971987
v -0.05256301347 -0.04630000114 0.3624971987
v -0.05098590223 -0.04630000114 0.3619553715
v -0.04943213205 -0.04630000114 0.3613498673
v -0.04790426833 -0.04630000114 0.3606816781
v -0.04790426833 -0.03930000067 0.3606816781
v -0.04756288602 -0.03930000067 0.3605221289
v -0.04722298668 -0.03930000067 0.3603594422
v -0.04688459413 -0.03930000067 0.3601936466
v -0.04688459413 -0.04630000114 0.3601936466
v -0.04540585399 -0.04630000114 0.3594228228
v -0.04395968173 -0.04630000114 0.3585924993
v -0.04254847106 -0.04630000114 0.3577040587
v -0.04254847106 -0.03930000067 0.3577040587
v -0.04223468323 -0.03930000067 0.3574954049
v -0.04192282659 -0.03930000067 0.3572838805
v -0.04161292498 -0.03930000067 0.3570695046
v -0.04161292498 -0.04630000114 0.3570695046
v -0.04026559125 -0.04630000114 0.3560868886
v -0.03895932265 -0.04630000114 0.3550503041
v -0.03769628878 -0.04630000114 0.3539614582
v -0.03769628878 -0.03930000067 0.3539614582
v -0.03741710256 -0.03930000067 0.3537083726
v -0.03714025523 -0.03930000067 0.3534527312
v -0.03686576823 -0.03930000067 0.353194553
v -0.03686576823 -0.04630000114 0.353194553
v -0.03567992938 -0.04630000114 0.3520221078
v -0.0345427493 -0.04630000114 0.3508024081
v -0.03345610672 -0.04630000114 0.3495374754
v -0.03345610672 -0.03930000067 0.3495374754
v -0.03321775916 -0.03930000067 0.3492456038
v -0.03298210572 -0.03930000067 0.3489515578
v -0.03274916309 -0.03930000067 0.3486553565
v -0.03274916309 -0.04630000114 0.3486553565
v -0.03175131224 -0.04630000114 0.3473192606
v -0.03080861945 -0.04630000114 0.3459437015
v -0.02992264399 -0.04630000114 0.3445309394
v -0.02992264399 -0.03930000067 0.3445309394
v -0.02973045898 -0.03930000067 0.3442068049
v -0.02954126373 -0.03930000067 0.3438809157
v -0.02935507016 -0.03930000067 0.3435533003
v -0.02935507016 -0.04630000114 0.3435533003
v -0.02856749949 -0.04630000114 0.342083413
v -0.02784035118 -0.04630000114 0.3405827123
v -0.02717483165 -0.04630000114 0.3390536875
v -0.02717483165 -0.03930000067 0.3390536875
v -0.02703310311 -0.03930000067 0.3387045285
v -0.02689459084 -0.03930000067 0.338354082
v -0.02675930675 -0.03930000067 0.3380023767
v -0.02675930675 -0.04630000114 0.3380023767
v -0.02619960684 -0.04630000114 0.3364315235
v -0.02570424892 -0.04630000114 0.3348392125
v -0.02527405314 -0.04630000114 0.3332280663
v -0.02527405314 -0.03930000067 0.3332280663
v -0.0251859473 -0.03930000067 0.3328616934
v -0.02510121269 -0.03930000067 0.3324945099
v -0.02501985647 -0.03930000067 0.332126573
v -0.02501985647 -0.04630000114 0.332126573
v -0.02470053483 -0.04630000114 0.330489849
v -0.02444803236 -0.04630000114 0.3288414902
v -0.02426276629 -0.04630000114 0.3271842239
v -0.02426276629 -0.03930000067 0.3271842239
v -0.02423025249 -0.03930000067 0.3268088053
v -0.02420118861 -0.03930000067 0.3264331006
v -0.02417557941 -0.03930000067 0.3260571479
v -0.02417557941 -0.04630000114 0.3260571479
v -0.02410376481 -0.04630000114 0.3243911076
v -0.02409975645 -0.04630000114 0.322723527
v -0.02416356387 -0.04630000114 0.3210571622
v -0.02416356387 -0.03930000067 0.3210571622
v -0.02418736692 -0.03930000067 0.3206810855
v -0.02421462466 -0.03930000067 0.3203052472
v -0.0242453347 -0.03930000067 0.3199296759
v -0.0242453347 -0.04630000114 0.3199296759
v -0.02442263177 -0.04630000114 0.3182715411
v -0.02466720819 -0.04630000114 0.3166219893
v -0.02497866342 -0.04630000114 0.3149837431
v -0.02497866342 -0.03930000067 0.3149837431
v -0.02505824928 -0.03930000067 0.3146154197
v -0.0251412183 -0.03930000067 0.3142478401
v -0.02522756095 -0.03930000067 0.3138810377
v -0.02522756095 -0.04630000114 0.3138810377
v -0.02565000961 -0.04630000114 0.3122678492
v -0.02613770871 -0.04630000114 0.3106731713
v -0.02668985238 -0.04630000114 0.3090996459
v -0.02668985238 -0.03930000067 0.3090996459
v -0.02682344484 -0.03930000067 0.3087472964
v -0.02696027265 -0.03930000067 0.3083961914
v -0.02710031911 -0.03930000067 0.3080463548
v -0.02710031911 -0.04630000114 0.3080463548
v -0.02775848521 -0.04630000114 0.3065141471
v -0.02847841131 -0.04630000114 0.3050099678
v -0.02925890771 -0.04630000114 0.3035363107
v -0.02925890771 -0.03930000067 0.3035363107
v -0.02944352418 -0.03930000067 0.3032078078
v -0.02963115187 -0.03930000067 0.3028810166
v -0.02982177649 -0.03930000067 0.3025559612
v -0.02982177649 -0.04630000114 0.3025559612
v -0.03070095205 -0.04630000114 0.3011389569
v -0.03163702389 -0.04630000114 0.2997588837
v -0.0326284399 -0.04630000114 0.2984180111
v -0.0326284399 -0.03930000067 0.2984180111
v -0.03285995573 -0.03930000067 0.2981206931
v -0.03309419432 -0.03930000067 0.2978255115
v -0.03333113657 -0.03930000067 0.2975324994
v -0.03333113657 -0.04630000114 0.2975324994
v -0.03441168787 -0.04630000114 0.2962623606
v -0.0355429938 -0.04630000114 0.2950372114
v -0.03672318278 -0.04630000114 0.2938590782
v -0.03672318278 -0.03930000067 0.2938590782
v -0.0369964267 -0.03930000067 0.2935995877
v -0.0372720429 -0.03930000067 0.293342615
v -0.0375500099 -0.03930000067 0.2930881932
v -0.0375500099 -0.04630000114 0.2930881932
v -0.03880779473 -0.04630000114 0.2919932871
v -0.04010906482 -0.04630000114 0.2909504324
v -0.04145166486 -0.04630000114 0.2899613577
v -0.04145166486 -0.03930000067 0.2899613577
v -0.04176053098 -0.03930000067 0.2897454882
v -0.04207136644 -0.03930000067 0.2895324678
v -0.04238414741 -0.03930000067 0.2893223108
v -0.04238414741 -0.04630000114 0.2893223108
v -0.04379107295 -0.04630000114 0.2884270991
v -0.04523323685 -0.04630000114 0.2875898372
v -0.04670825494 -0.04630000114 0.286811913
v -0.04670825494 -0.03930000067 0.286811913
v -0.04704584582 -0.03930000067 0.2866444901
v -0.04738496258 -0.03930000067 0.2864801762
v -0.04772557185 -0.03930000067 0.2863189855
v -0.04772557185 -0.04630000114 0.2863189855
v -0.04925020502 -0.04630000114 0.285643462
v -0.05080105005 -0.04630000114 0.2850304946
v -0.05237553677 -0.04630000114 0.2844811015
v -0.05237553677 -0.03930000067 0.2844811015
v -0.05273430885 -0.03930000067 0.2843658613
v -0.0530941252 -0.03930000067 0.2842539255
v -0.05345495722 -0.03930000067 0.2841453014
v -0.05345495722 -0.04630000114 0.2841453014
v -0.05506324712 -0.04630000114 0.283704558
v -0.0566881263 -0.04630000114 0.2833295799
v -0.05832691017 -0.04630000114 0.2830209847
v -0.05832691017 -0.03930000067 0.2830209847
v -0.05869885258 -0.03930000067 0.2829605068
v -0.05907133383 -0.03930000067 0.2829034478
v -0.05944432053 -0.03930000067 0.2828498149
v -0.05944432053 -0.04630000114 0.2828498149
v -0.06110033749 -0.04630000114 0.2826536984
v -0.06276295399 -0.04630000114 0.282525083
v -0.06442942823 -0.04630000114 0.2824641856
v -0.06442942823 -0.03930000067 0.2824641856
v -0.06480622971 -0.03930000067 0.2824598171
v -0.06518305504 -0.03930000067 0.2824589104
v -0.06555987084 -0.03930000067 0.282461468
v -0.06555987084 -0.04630000114 0.282461468
v -0.06722661707 -0.04630000114 0.2825143582
v -0.06888983483 -0.04630000114 0.2826349784
v -0.07054677276 -0.04630000114 0.2828231355
v -0.07054677276 -0.03930000067 0.2828231355
v -0.07092001714 -0.03930000067 0.2828749742
v -0.07129277038 -0.03930000067 0.2829302437
v -0.07166499433 -0.03930000067 0.2829889345
v -0.07166499433 -0.04630000114 0.2829889345
v -0.07330524316 -0.04630000114 0.2832896466
v -0.07493190701 -0.04630000114 0.2836568132
v -0.07654229653 -0.04630000114 0.2840898214
v -0.07654229653 -0.03930000067 0.2840898214
v -0.07690364391 -0.03930000067 0.284196711
v -0.07726399472 -0.03930000067 0.2843069169
v -0.07762331556 -0.03930000067 0.2844204298
v -0.07762331556 -0.04630000114 0.2844204298
v -0.0792004268 -0.04630000114 0.2849622499
v -0.08075419697 -0.04630000114 0.2855677565
v -0.08228206069 -0.04630000114 0.2862359457
v -0.08228206069 -0.03930000067 0.2862359457
v -0.08262343823 -0.03930000067 0.2863954972
v -0.08296334712 -0.03930000067 0.2865581791
v -0.08330173013 -0.03930000067 0.2867239772
v -0.08330173013 -0.04630000114 0.2867239772
v -0.08478047027 -0.04630000114 0.2874948033
v -0.08622664253 -0.04630000114 0.2883251245
v -0.0876378532 -0.04630000114 0.289213565
v -0.0876378532 -0.03930000067 0.289213565
v -0.08795164102 -0.03930000067 0.2894222141
v -0.08826350243 -0.03930000067 0.2896337409
v -0.08857339928 -0.03930000067 0.2898481216
v -0.08857339928 -0.04630000114 0.2898481216
v -0.08992074254 -0.04630000114 0.2908307351
v -0.09122700161 -0.04630000114 0.2918673196
v -0.09249004025 -0.04630000114 0.2929561703
v -0.09249004025 -0.03930000067 0.2929561703
v -0.09276922885 -0.03930000067 0.2932092559
v -0.09304607141 -0.03930000067 0.2934648973
v -0.09332055841 -0.03930000067 0.2937230756
v -0.09332055841 -0.04630000114 0.2937230756
v -0.09450639726 -0.04630000114 0.2948955207
v -0.09564357973 -0.04630000114 0.2961152205
v -0.09673021753 -0.04630000114 0.2973801483
v -0.09673021753 -0.03930000067 0.2973801483
v -0.09696856987 -0.03930000067 0.2976720199
v -0.09720422331 -0.03930000067 0.2979660707
v -0.09743716832 -0.03930000067 0.298262272
v -0.09743716832 -0.04630000114 0.298262272
v -0.09843501917 -0.04630000114 0.2995983632
v -0.09937770957 -0.04630000114 0.300973927
v -0.100263685 -0.04630000114 0.3023866843
v -0.100263685 -0.03930000067 0.3023866843
v -0.10045587 -0.03930000067 0.3027108188
v -0.1006450701 -0.03930000067 0.3030367081
v -0.1008312565 -0.03930000067 0.3033643187
v -0.1008312565 -0.04630000114 0.3033643187
v -0.1016188319 -0.04630000114 0.3048342108
v -0.1023459731 -0.04630000114 0.3063349114
v -0.1030114974 -0.04630000114 0.3078639363
v -0.1030114974 -0.03930000067 0.3078639363
v -0.1031532235 -0.03930000067 0.3082130953
v -0.1032917358 -0.03930000067 0.3085635417
v -0.1034270247 -0.03930000067 0.308915247
v -0.1034270247 -0.04630000114 0.308915247
v -0.1039867198 -0.04630000114 0.3104861002
v -0.1044820801 -0.04630000114 0.312078416
v -0.1049122759 -0.04630000114 0.3136895526
v -0.1049122759 -0.03930000067 0.3136895526
v -0.105000377 -0.03930000067 0.3140559351
v -0.1050851116 -0.03930000067 0.3144231138
v -0.1051664702 -0.03930000067 0.3147910508
v -0.1051664702 -0.04630000114 0.3147910508
v -0.1054857918 -0.04630000114 0.3164277795
v -0.1057382991 -0.04630000114 0.3180761383
v -0.1059235627 -0.04630000114 0.3197333999
v -0.1059235627 -0.03930000067 0.3197333999
v -0.1059560741 -0.03930000067 0.3201088185
v -0.1059851428 -0.03930000067 0.3204845232
v -0.1060107496 -0.03930000067 0.3208604806
v -0.1060107496 -0.04630000114 0.3208604806
v -0.1060825642 -0.04630000114 0.3225265161
v -0.1060865726 -0.04630000114 0.3241941015
v -0.1060227652 -0.04630000114 0.3258604663
v -0.1059857636 -0.04980000019 0.3264244884
v -0.1056672494 -0.04980000019 0.317564454
v -0.1034515342 -0.04980000019 0.3089800301
v -0.09944223535 -0.04980000019 0.3010726179
v -0.0938267982 -0.04980000019 0.2942119615
v -0.08686781754 -0.04980000019 0.2887188549
v -0.07889067318 -0.04980000019 0.2848501508
v -0.07026837132 -0.04980000019 0.2827867413
v -0.06140408748 -0.04980000019 0.2826251163
v -0.05271229806 -0.04980000019 0.2843728279
v -0.04459942553 -0.04980000019 0.2879481576
v -0.03744481503 -0.04980000019 0.2931839232
v -0.03158301268 -0.04980000019 0.2998353112
v -0.02728810632 -0.04980000019 0.3075913088
v -0.02476092483 -0.04980000019 0.3160892523
v -0.02411963251 -0.04980000019 0.3249317885
v -0.02539421695 -0.04980000019 0.3337054469
v -0.02852507991 -0.04980000019 0.3419999856
v -0.03336582695 -0.04980000019 0.3494275646
v -0.03969010762 -0.04980000019 0.3556408657
v -0.04720220609 -0.04980000019 0.360349381
v -0.0555508718 -0.04980000019 0.3633329269
v -0.0643457203 -0.04980000019 0.3644520006
v -0.0731755176 -0.04980000019 0.3636542842
v -0.08162738954 -0.04980000019 0.3609770672
v -0.08930614801 -0.04980000019 0.356545539
v -0.09585273023 -0.04980000019 0.3505669146
v -0.1009610263 -0.04980000019 0.3433207451
v -0.1043921891 -0.04980000019 0.3351458524
v -0.02421462466 -0.03930000067 0.3203052472
v -0.02476092483 -0.04980000019 0.3160892523
v -0.0242453347 -0.04630000114 0.3199296759
v -0.06294887087 -0.04730000019 0.2977263055
v -0.06231001323 -0.04730000019 0.300017452
v -0.06083110606 -0.04730000019 0.3018803334
v -0.05874456879 -0.04730000019 0.3030221951
v -0.05874456879 -0.05179999828 0.3030221951
v -0.06083110606 -0.05179999828 0.3018803334
v -0.06231001323 -0.05179999828 0.300017452
v -0.06294887087 -0.05179999828 0.2977263055
v -0.06319952379 -0.04730000019 0.2942701751
v -0.06294887087 -0.04730000019 0.2977263055
v -0.06294887087 -0.05179999828 0.2977263055
v -0.06349201816 -0.05179999828 0.2902370358
v -0.06349201816 -0.04980000019 0.2902370358
v -0.06319952379 -0.04980000019 0.2942701751
v -0.1079805263 -0.04630000114 0.3265691573
v -0.1079673372 -0.04630000114 0.3267459495
v -0.1079534234 -0.04630000114 0.3269226892
v -0.1079387753 -0.04630000114 0.3270993717
v -0.1079234024 -0.04630000114 0.3272759874
v -0.1076281683 -0.04630000114 0.3297654355
v -0.1071883666 -0.04630000114 0.3322334501
v -0.1070379353 -0.04630000114 0.3329264473
v -0.1068760979 -0.04630000114 0.3336168697
v -0.1062131364 -0.04630000114 0.3360345115
v -0.1054104043 -0.04630000114 0.3384094099
v -0.1051583684 -0.04630000114 0.3390722426
v -0.1048954415 -0.04630000114 0.3397308315
v -0.103879544 -0.04630000114 0.3420226653
v -0.1027318199 -0.04630000114 0.3442513946
v -0.1023838157 -0.04630000114 0.3448692617
v -0.1020256644 -0.04630000114 0.3454813115
v -0.1006795378 -0.04630000114 0.3475961248
v -0.09921245645 -0.04630000114 0.3496289032
v -0.09877624679 -0.04630000114 0.3501880051
v -0.09833087232 -0.04630000114 0.35073984
v -0.09668458581 -0.04630000114 0.3526304068
v -0.09493092494 -0.04630000114 0.3544218299
v -0.09441625638 -0.04630000114 0.3549096734
v -0.09389361508 -0.04630000114 0.3553889624
v -0.0919839328 -0.04630000114 0.3570130445
v -0.0899828597 -0.04630000114 0.3585230864
v -0.08940123352 -0.04630000114 0.3589287709
v -0.08881298883 -0.04630000114 0.3593248138
v -0.08668258763 -0.04630000114 0.3606461333
v -0.08447880097 -0.04630000114 0.3618410625
v -0.0838432062 -0.04630000114 0.3621555282
v -0.08320250925 -0.04630000114 0.3624594748
v -0.0808989679 -0.04630000114 0.3634485154
v -0.07854170583 -0.04630000114 0.3643016385
v -0.0778663379 -0.04630000114 0.3645178662
v -0.07718749858 -0.04630000114 0.3647229265
v -0.07476227729 -0.04630000114 0.365357601
v -0.07230419214 -0.04630000114 0.3658498634
v -0.07160413817 -0.04630000114 0.3659630181
v -0.07090231988 -0.04630000114 0.3660646047
v -0.06840959212 -0.04630000114 0.3663307319
v -0.06590559167 -0.04630000114 0.3664511377
v -0.06519649668 -0.04630000114 0.366458692
v -0.06448736829 -0.04630000114 0.3664545448
v -0.06198281907 -0.04630000114 0.3663461736
v -0.05948884108 -0.04630000114 0.3660920333
v -0.05878654084 -0.04630000114 0.3659938156
v -0.05808595719 -0.04630000114 0.3658840299
v -0.05562552906 -0.04630000114 0.3654035826
v -0.05319728719 -0.04630000114 0.3647805801
v -0.05251746964 -0.04630000114 0.3645787838
v -0.05184107098 -0.04630000114 0.3643658009
v -0.04947973375 -0.04630000114 0.3635240158
v -0.04717146349 -0.04630000114 0.3625460554
v -0.0465293159 -0.04630000114 0.3622451914
v -0.04589221322 -0.04630000114 0.3619337892
v -0.04368271465 -0.04630000114 0.3607494631
v -0.04154598597 -0.04630000114 0.3594383935
v -0.04095584684 -0.04630000114 0.3590451851
v -0.04037227375 -0.04630000114 0.3586422969
v -0.03836396652 -0.04630000114 0.3571418942
v -0.03644650849 -0.04630000114 0.3555270027
v -0.03592156716 -0.04630000114 0.3550502332
v -0.03540456039 -0.04630000114 0.3545648711
v -0.03364230779 -0.04630000114 0.3527819037
v -0.03198694998 -0.04630000114 0.3508992677
v -0.0315389319 -0.04630000114 0.3503495802
v -0.03110004047 -0.04630000114 0.3497925874
v -0.02962320786 -0.04630000114 0.3477668809
v -0.02826693146 -0.04630000114 0.3456585573
v -0.02790584545 -0.04630000114 0.345048235
v -0.02755487076 -0.04630000114 0.3444320476
v -0.02639644821 -0.04630000114 0.3422088536
v -0.02536955153 -0.04630000114 0.3399219348
v -0.02510345855 -0.04630000114 0.3392646153
v -0.02484824461 -0.04630000114 0.3386029946
v -0.02403411014 -0.04630000114 0.33623199
v -0.02335952915 -0.04630000114 0.3338175644
v -0.02319437777 -0.04630000114 0.3331279247
v -0.0230406228 -0.04630000114 0.3324356527
v -0.02258896308 -0.04630000114 0.3299697855
v -0.0222817683 -0.04630000114 0.3274817881
v -0.02222124689 -0.04630000114 0.3267752395
v -0.02217238652 -0.04630000114 0.3260677849
v -0.02209328915 -0.04630000114 0.323562144
v -0.02216034236 -0.04630000114 0.3210561453
v -0.02220580277 -0.04630000114 0.3203484712
v -0.02226292662 -0.04630000114 0.3196416363
v -0.02255816075 -0.04630000114 0.3171521882
v -0.02299796479 -0.04630000114 0.3146841784
v -0.02314839139 -0.04630000114 0.3139911812
v -0.02331022632 -0.04630000114 0.3133007541
v -0.02397319501 -0.04630000114 0.310883117
v -0.02477592474 -0.04630000114 0.3085082186
v -0.02502795824 -0.04630000114 0.3078453811
v -0.02529088748 -0.04630000114 0.3071867875
v -0.02630678264 -0.04630000114 0.3048949633
v -0.02745450669 -0.04630000114 0.3026662339
v -0.02780251329 -0.04630000114 0.302048362
v -0.0281606646 -0.04630000114 0.3014363123
v -0.02950679126 -0.04630000114 0.2993214942
v -0.03097387258 -0.04630000114 0.2972887157
v -0.03141008223 -0.04630000114 0.2967296139
v -0.03185545432 -0.04630000114 0.2961777838
v -0.03350174321 -0.04630000114 0.2942872169
v -0.03525540647 -0.04630000114 0.2924957986
v -0.03577007503 -0.04630000114 0.2920079551
v -0.03629271871 -0.04630000114 0.2915286661
v -0.03820239384 -0.04630000114 0.2899045816
v -0.04020346932 -0.04630000114 0.2883945421
v -0.0407850955 -0.04630000114 0.2879888552
v -0.04137333543 -0.04630000114 0.2875928147
v -0.0435037414 -0.04630000114 0.2862714928
v -0.04570752329 -0.04630000114 0.285076566
v -0.04634311806 -0.04630000114 0.2847620956
v -0.046983815 -0.04630000114 0.2844581513
v -0.04928735636 -0.04630000114 0.2834691083
v -0.0516446232 -0.04630000114 0.2826159829
v -0.05231999113 -0.04630000114 0.2823997575
v -0.05299883045 -0.04630000114 0.2821946996
v -0.05542405173 -0.04630000114 0.2815600251
v -0.05788213688 -0.04630000114 0.2810677627
v -0.05858219085 -0.04630000114 0.2809546104
v -0.05928400914 -0.04630000114 0.2808530167
v -0.06177673691 -0.04630000114 0.2805868942
v -0.06428073736 -0.04630000114 0.2804664885
v -0.06498983235 -0.04630000114 0.2804589365
v -0.06569896073 -0.04630000114 0.280463079
v -0.06820350995 -0.04630000114 0.2805714501
v -0.07069748318 -0.04630000114 0.2808255904
v -0.07139978819 -0.04630000114 0.2809238081
v -0.07210037184 -0.04630000114 0.2810335963
v -0.0745607952 -0.04630000114 0.2815140411
v -0.07698904184 -0.04630000114 0.2821370485
v -0.07766885939 -0.04630000114 0.2823388424
v -0.07834525804 -0.04630000114 0.2825518205
v -0.08070659527 -0.04630000114 0.2833936056
v -0.08301486077 -0.04630000114 0.2843715683
v -0.0836570179 -0.04630000114 0.28467243
v -0.08429411103 -0.04630000114 0.2849838393
v -0.08650361438 -0.04630000114 0.286168163
v -0.08864034306 -0.04630000114 0.2874792302
v -0.08923047741 -0.04630000114 0.2878724386
v -0.08981405051 -0.04630000114 0.2882753268
v -0.09182235774 -0.04630000114 0.2897757296
v -0.09373981815 -0.04630000114 0.2913906163
v -0.09426475948 -0.04630000114 0.2918673906
v -0.09478176625 -0.04630000114 0.2923527527
v -0.096544026 -0.04630000114 0.2941357248
v -0.09819937904 -0.04630000114 0.296018356
v -0.09864739712 -0.04630000114 0.2965680436
v -0.09908628856 -0.04630000114 0.2971250411
v -0.1005631236 -0.04630000114 0.2991507429
v -0.1019193952 -0.04630000114 0.3012590664
v -0.102280486 -0.04630000114 0.3018693888
v -0.1026314583 -0.04630000114 0.302485581
v -0.1037898808 -0.04630000114 0.3047087702
v -0.1048167823 -0.04630000114 0.3069956842
v -0.1050828681 -0.04630000114 0.3076530085
v -0.105338082 -0.04630000114 0.3083146244
v -0.1061522189 -0.04630000114 0.3106856385
v -0.1068267951 -0.04630000114 0.3131000641
v -0.1069919536 -0.04630000114 0.3137896991
v -0.1071457062 -0.04630000114 0.3144819662
v -0.1075973707 -0.04630000114 0.3169478382
v -0.1079045631 -0.04630000114 0.3194358357
v -0.1079650845 -0.04630000114 0.3201423843
v -0.1080139425 -0.04630000114 0.3208498389
v -0.1080930446 -0.04630000114 0.3233554845
v -0.1080259867 -0.04630000114 0.3258614784
v -0.1080047108 -0.04630000114 0.3262154109
v -0.03193274973 -0.04630000114 0.2962412268
v -0.03163551632 -0.04630000114 0.2966074478
v -0.03134232887 -0.04630000114 0.2969769113
v -0.03105321839 -0.04630000114 0.2973495791
v -0.0326284399 -0.04630000114 0.2984180111
v -0.03163702389 -0.04630000114 0.2997588837
v -0.03070095205 -0.04630000114 0.3011389569
v -0.02982177649 -0.04630000114 0.3025559612
v -0.02824655499 -0.04630000114 0.3014875292
v -0.02800722398 -0.04630000114 0.301893957
v -0.02777237524 -0.04630000114 0.3023029931
v -0.02754203739 -0.04630000114 0.302714585
v -0.02925890771 -0.04630000114 0.3035363107
v -0.02847841131 -0.04630000114 0.3050099678
v -0.02775848521 -0.04630000114 0.3065141471
v -0.02710031911 -0.04630000114 0.3080463548
v -0.02538345117 -0.04630000114 0.3072246291
v -0.0252073679 -0.04630000114 0.3076621895
v -0.02503610545 -0.04630000114 0.308101662
v -0.02486968529 -0.04630000114 0.3085429894
v -0.02668985238 -0.04630000114 0.3090996459
v -0.02613770871 -0.04630000114 0.3106731713
v -0.02565000961 -0.04630000114 0.3122678492
v -0.02522756095 -0.04630000114 0.3138810377
v -0.02340739624 -0.04630000114 0.3133243812
v -0.02329849459 -0.04630000114 0.3137832942
v -0.02319464504 -0.04630000114 0.314243385
v -0.02309586188 -0.04630000114 0.3147045821
v -0.02497866342 -0.04630000114 0.3149837431
v -0.02466720819 -0.04630000114 0.3166219893
v -0.02442263177 -0.04630000114 0.3182715411
v -0.0242453347 -0.04630000114 0.3199296759
v -0.02236253315 -0.04630000114 0.3196505148
v -0.02232324498 -0.04630000114 0.3201205381
v -0.02228912811 -0.04630000114 0.3205909618
v -0.0222601873 -0.04630000114 0.3210617337
v -0.02416356387 -0.04630000114 0.3210571622
v -0.02409975645 -0.04630000114 0.322723527
v -0.02410376481 -0.04630000114 0.3243911076
v -0.02417557941 -0.04630000114 0.3260571479
v -0.02227220045 -0.04630000114 0.3260617193
v -0.0223034055 -0.04630000114 0.326532348
v -0.02233978423 -0.04630000114 0.3270026048
v -0.0223813295 -0.04630000114 0.3274724323
v -0.02426276629 -0.04630000114 0.3271842239
v -0.02444803236 -0.04630000114 0.3288414902
v -0.02470053483 -0.04630000114 0.330489849
v -0.02501985647 -0.04630000114 0.332126573
v -0.02313841968 -0.04630000114 0.3324147766
v -0.02323941937 -0.04630000114 0.3328754965
v -0.02334547829 -0.04630000114 0.3333350815
v -0.02345658454 -0.04630000114 0.3337934744
v -0.02527405314 -0.04630000114 0.3332280663
v -0.02570424892 -0.04630000114 0.3348392125
v -0.02619960684 -0.04630000114 0.3364315235
v -0.02675930675 -0.04630000114 0.3380023767
v -0.02494183815 -0.04630000114 0.3385677848
v -0.02511037463 -0.04630000114 0.3390083057
v -0.02528374862 -0.04630000114 0.3394469479
v -0.02546193151 -0.04630000114 0.3398836542
v -0.02717483165 -0.04630000114 0.3390536875
v -0.02784035118 -0.04630000114 0.3405827123
v -0.02856749949 -0.04630000114 0.342083413
v -0.02935507016 -0.04630000114 0.3435533003
v -0.02764217003 -0.04630000114 0.344383267
v -0.02787448104 -0.04630000114 0.3447937566
v -0.02811129339 -0.04630000114 0.3452016522
v -0.02835257371 -0.04630000114 0.3456069252
v -0.02992264399 -0.04630000114 0.3445309394
v -0.03080861945 -0.04630000114 0.3459437015
v -0.03175131224 -0.04630000114 0.3473192606
v -0.03274916309 -0.04630000114 0.3486553565
v -0.03117909519 -0.04630000114 0.3497313423
v -0.03146999035 -0.04630000114 0.3501026168
v -0.03176495293 -0.04630000114 0.3504706678
v -0.03206394238 -0.04630000114 0.3508354572
v -0.03345610672 -0.04630000114 0.3495374754
v -0.0345427493 -0.04630000114 0.3508024081
v -0.03567992938 -0.04630000114 0.3520221078
v -0.03686576823 -0.04630000114 0.353194553
v -0.0354736039 -0.04630000114 0.3544925348
v -0.03581658628 -0.04630000114 0.354816297
v -0.03616310917 -0.04630000114 0.3551362828
v -0.03651312728 -0.04630000114 0.3554524252
v -0.03769628878 -0.04630000114 0.3539614582
v -0.03895932265 -0.04630000114 0.3550503041
v -0.04026559125 -0.04630000114 0.3560868886
v -0.04161292498 -0.04630000114 0.3570695046
v -0.04042976586 -0.04630000114 0.3585604715
v -0.04081717268 -0.04630000114 0.3588295119
v -0.04120751681 -0.04630000114 0.3590942703
v -0.0416007458 -0.04630000114 0.3593547181
v -0.04254847106 -0.04630000114 0.3577040587
v -0.04395968173 -0.04630000114 0.3585924993
v -0.04540585399 -0.04630000114 0.3594228228
v -0.04688459413 -0.04630000114 0.3601936466
v -0.04593686887 -0.04630000114 0.3618443059
v -0.04636004314 -0.04630000114 0.3620525971
v -0.04678548714 -0.04630000114 0.3622562249
v -0.04721314367 -0.04630000114 0.3624551606
v -0.04790426833 -0.04630000114 0.3606816781
v -0.04943213205 -0.04630000114 0.3613498673
v -0.05098590223 -0.04630000114 0.3619553715
v -0.05256301347 -0.04630000114 0.3624971987
v -0.0518718888 -0.04630000114 0.3642706718
v -0.05232138437 -0.04630000114 0.36441356
v -0.05277242488 -0.04630000114 0.3645515082
v -0.05322495311 -0.04630000114 0.3646844782
v -0.0536440325 -0.04630000114 0.3628278071
v -0.05525442201 -0.04630000114 0.3632608106
v -0.05688108586 -0.04630000114 0.3636279723
v -0.05852133469 -0.04630000114 0.3639286916
v -0.05810225054 -0.04630000114 0.3657853627
v -0.05856802044 -0.04630000114 0.3658596722
v -0.05903458188 -0.04630000114 0.3659288414
v -0.05950187763 -0.04630000114 0.3659928893
v -0.05963955626 -0.04630000114 0.3640944859
v -0.06129649419 -0.04630000114 0.3642826429
v -0.06295971195 -0.04630000114 0.3644032703
v -0.06462645818 -0.04630000114 0.3644561581
v -0.06448877955 -0.04630000114 0.366354552
v -0.06496042396 -0.04630000114 0.3663586043
v -0.06543208267 -0.04630000114 0.3663574781
v -0.06590370321 -0.04630000114 0.3663511544
v -0.0657569008 -0.04630000114 0.3644534382
v -0.06742337503 -0.04630000114 0.3643925432
v -0.06908599154 -0.04630000114 0.3642639277
v -0.0707420085 -0.04630000114 0.3640678112
v -0.07088880615 -0.04630000114 0.3659655275
v -0.07135578696 -0.04630000114 0.3658992368
v -0.0718220096 -0.04630000114 0.3658278153
v -0.07228742161 -0.04630000114 0.3657512821
v -0.07185941885 -0.04630000114 0.3638966438
v -0.07349820272 -0.04630000114 0.3635880414
v -0.0751230819 -0.04630000114 0.3632130634
v -0.0767313718 -0.04630000114 0.36277232
v -0.07715936978 -0.04630000114 0.3646269583
v -0.07761125858 -0.04630000114 0.3644918123
v -0.07806162627 -0.04630000114 0.3643517072
v -0.07851042991 -0.04630000114 0.3642066621
v -0.07781079225 -0.04630000114 0.3624365198
v -0.07938527898 -0.04630000114 0.3618871244
v -0.08093611923 -0.04630000114 0.3612741665
v -0.08246075718 -0.04630000114 0.3605986382
v -0.08316039483 -0.04630000114 0.362368771
v -0.08358708744 -0.04630000114 0.3621677833
v -0.08401154845 -0.04630000114 0.3619621227
v -0.08443372063 -0.04630000114 0.3617517987
v -0.08347806931 -0.04630000114 0.3601057108
v -0.0849530874 -0.04630000114 0.3593277865
v -0.08639525131 -0.04630000114 0.3584905247
v -0.08780217685 -0.04630000114 0.3575953177
v -0.08875782816 -0.04630000114 0.359241396
v -0.08914980692 -0.04630000114 0.3589790586
v -0.08953886742 -0.04630000114 0.3587124297
v -0.08992498107 -0.04630000114 0.3584415378
v -0.08873466894 -0.04630000114 0.3569562684
v -0.09007726898 -0.04630000114 0.3559671914
v -0.09137853668 -0.04630000114 0.3549243367
v -0.09263631674 -0.04630000114 0.3538294305
v -0.09382662887 -0.04630000114 0.3553146999
v -0.09417512952 -0.04630000114 0.3549968778
v -0.0945201111 -0.04630000114 0.3546752314
v -0.09486153547 -0.04630000114 0.3543498181
v -0.09346314148 -0.04630000114 0.3530585455
v -0.09464333999 -0.04630000114 0.3518804123
v -0.09577464353 -0.04630000114 0.3506552631
v -0.09685519245 -0.04630000114 0.3493851291
v -0.09825357691 -0.04630000114 0.3506764017
v -0.09855080794 -0.04630000114 0.3503101807
v -0.09884400492 -0.04630000114 0.3499407172
v -0.09913311064 -0.04630000114 0.3495680494
v -0.09755788675 -0.04630000114 0.3484996127
v -0.09854930514 -0.04630000114 0.3471587449
v -0.0994853722 -0.04630000114 0.345778662
v -0.1003645525 -0.04630000114 0.3443616626
v -0.1019397764 -0.04630000114 0.3454300993
v -0.1021791098 -0.04630000114 0.3450236715
v -0.1024139514 -0.04630000114 0.3446146306
v -0.1026442916 -0.04630000114 0.3442030339
v -0.1009274189 -0.04630000114 0.343381313
v -0.1017079225 -0.04630000114 0.3419076559
v -0.1024278486 -0.04630000114 0.3404034814
v -0.1030860051 -0.04630000114 0.3388712689
v -0.1048028779 -0.04630000114 0.3396929899
v -0.1049789635 -0.04630000114 0.3392554342
v -0.1051502236 -0.04630000114 0.3388159617
v -0.105316639 -0.04630000114 0.3383746391
v -0.1034964743 -0.04630000114 0.3378179731
v -0.1040486203 -0.04630000114 0.3362444476
v -0.104536317 -0.04630000114 0.3346497794
v -0.1049587633 -0.04630000114 0.3330365813
v -0.106778928 -0.04630000114 0.3335932473
v -0.1068878368 -0.04630000114 0.3331343295
v -0.1069916816 -0.04630000114 0.3326742387
v -0.1070904719 -0.04630000114 0.3322130416
v -0.1052076704 -0.04630000114 0.3319338758
v -0.1055191185 -0.04630000114 0.3302956393
v -0.1057636949 -0.04630000114 0.3286460827
v -0.1059409991 -0.04630000114 0.3269879479
v -0.1078237911 -0.04630000114 0.3272671089
v -0.107880791 -0.04630000114 0.3265619239
v -0.1079261465 -0.04630000114 0.3258558901
v -0.1060227652 -0.04630000114 0.3258604663
v -0.1060865726 -0.04630000114 0.3241941015
v -0.1060825642 -0.04630000114 0.3225265161
v -0.1060107496 -0.04630000114 0.3208604806
v -0.107914131 -0.04630000114 0.3208559044
v -0.1078829259 -0.04630000114 0.3203852757
v -0.1078465424 -0.04630000114 0.319915019
v -0.1078049995 -0.04630000114 0.3194451914
v -0.1059235627 -0.04630000114 0.3197333999
v -0.1057382991 -0.04630000114 0.3180761383
v -0.1054857918 -0.04630000114 0.3164277795
v -0.1051664702 -0.04630000114 0.3147910508
v -0.107047907 -0.04630000114 0.3145028423
v -0.106946912 -0.04630000114 0.3140421225
v -0.1068408531 -0.04630000114 0.3135825422
v -0.1067297493 -0.04630000114 0.3131241541
v -0.1049122759 -0.04630000114 0.3136895526
v -0.1044820801 -0.04630000114 0.312078416
v -0.1039867198 -0.04630000114 0.3104861002
v -0.1034270247 -0.04630000114 0.308915247
v -0.1052444885 -0.04630000114 0.3083498437
v -0.1050759544 -0.04630000114 0.3079093228
v -0.1049025852 -0.04630000114 0.3074706806
v -0.1047243999 -0.04630000114 0.3070339744
v -0.1030114974 -0.04630000114 0.3078639363
v -0.1023459731 -0.04630000114 0.3063349114
v -0.1016188319 -0.04630000114 0.3048342108
v -0.1008312565 -0.04630000114 0.3033643187
v -0.102544159 -0.04630000114 0.302534352
v -0.1023118432 -0.04630000114 0.3021238719
v -0.1020750356 -0.04630000114 0.3017159715
v -0.1018337553 -0.04630000114 0.3013106937
v -0.100263685 -0.04630000114 0.3023866843
v -0.09937770957 -0.04630000114 0.300973927
v -0.09843501917 -0.04630000114 0.2995983632
v -0.09743716832 -0.04630000114 0.298262272
v -0.0990072386 -0.04630000114 0.2971862814
v -0.09871633867 -0.04630000114 0.2968150117
v -0.0984213761 -0.04630000114 0.296446956
v -0.09812238902 -0.04630000114 0.2960821713
v -0.09673021753 -0.04630000114 0.2973801483
v -0.09564357973 -0.04630000114 0.2961152205
v -0.09450639726 -0.04630000114 0.2948955207
v -0.09332055841 -0.04630000114 0.2937230756
v -0.09471272036 -0.04630000114 0.2924250938
v -0.09436974036 -0.04630000114 0.2921013267
v -0.09402322224 -0.04630000114 0.2917813457
v -0.09367320413 -0.04630000114 0.2914651938
v -0.09249004025 -0.04630000114 0.2929561703
v -0.09122700161 -0.04630000114 0.2918673196
v -0.08992074254 -0.04630000114 0.2908307351
v -0.08857339928 -0.04630000114 0.2898481216
v -0.08975656317 -0.04630000114 0.2883571498
v -0.08936915158 -0.04630000114 0.2880881142
v -0.08897881221 -0.04630000114 0.2878233558
v -0.08858558323 -0.04630000114 0.2875629033
v -0.0876378532 -0.04630000114 0.289213565
v -0.08622664253 -0.04630000114 0.2883251245
v -0.08478047027 -0.04630000114 0.2874948033
v -0.08330173013 -0.04630000114 0.2867239772
v -0.08424946016 -0.04630000114 0.2850733179
v -0.08382628589 -0.04630000114 0.2848650266
v -0.08340084188 -0.04630000114 0.2846614036
v -0.08297318536 -0.04630000114 0.2844624679
v -0.08228206069 -0.04630000114 0.2862359457
v -0.08075419697 -0.04630000114 0.2855677565
v -0.0792004268 -0.04630000114 0.2849622499
v -0.07762331556 -0.04630000114 0.2844204298
v -0.07831444022 -0.04630000114 0.2826469519
v -0.07786494466 -0.04630000114 0.2825040613
v -0.07741390415 -0.04630000114 0.2823661203
v -0.07696137591 -0.04630000114 0.2822331455
v -0.07654229653 -0.04630000114 0.2840898214
v -0.07493190701 -0.04630000114 0.2836568132
v -0.07330524316 -0.04630000114 0.2832896466
v -0.07166499433 -0.04630000114 0.2829889345
v -0.07208407849 -0.04630000114 0.2811322587
v -0.07161830382 -0.04630000114 0.2810579563
v -0.07115174715 -0.04630000114 0.28098878
v -0.07068445139 -0.04630000114 0.2809247368
v -0.07054677276 -0.04630000114 0.2828231355
v -0.06888983483 -0.04630000114 0.2826349784
v -0.06722661707 -0.04630000114 0.2825143582
v -0.06555987084 -0.04630000114 0.282461468
v -0.06569754947 -0.04630000114 0.2805630693
v -0.06522590506 -0.04630000114 0.2805590171
v -0.06475424636 -0.04630000114 0.2805601504
v -0.06428262581 -0.04630000114 0.2805664693
v -0.06442942823 -0.04630000114 0.2824641856
v -0.06276295399 -0.04630000114 0.282525083
v -0.06110033749 -0.04630000114 0.2826536984
v -0.05944432053 -0.04630000114 0.2828498149
v -0.05929752288 -0.04630000114 0.280952101
v -0.05883054206 -0.04630000114 0.2810183894
v -0.05836431942 -0.04630000114 0.2810898061
v -0.05789890742 -0.04630000114 0.2811663464
v -0.05832691017 -0.04630000114 0.2830209847
v -0.0566881263 -0.04630000114 0.2833295799
v -0.05506324712 -0.04630000114 0.283704558
v -0.05345495722 -0.04630000114 0.2841453014
v -0.05302695447 -0.04630000114 0.2822906607
v -0.05257507044 -0.04630000114 0.2824258091
v -0.05212470276 -0.04630000114 0.2825659165
v -0.05167589911 -0.04630000114 0.2827109664
v -0.05237553677 -0.04630000114 0.2844811015
v -0.05080105005 -0.04630000114 0.2850304946
v -0.04925020502 -0.04630000114 0.285643462
v -0.04772557185 -0.04630000114 0.2863189855
v -0.04702592942 -0.04630000114 0.2845488504
v -0.04659923681 -0.04630000114 0.284749838
v -0.04617477581 -0.04630000114 0.2849555058
v -0.04575260363 -0.04630000114 0.2851658251
v -0.04670825494 -0.04630000114 0.286811913
v -0.04523323685 -0.04630000114 0.2875898372
v -0.04379107295 -0.04630000114 0.2884270991
v -0.04238414741 -0.04630000114 0.2893223108
v -0.04142850087 -0.04630000114 0.2876762253
v -0.04103652688 -0.04630000114 0.2879385628
v -0.0406474616 -0.04630000114 0.2882051941
v -0.04026135273 -0.04630000114 0.2884760883
v -0.04145166486 -0.04630000114 0.2899613577
v -0.04010906482 -0.04630000114 0.2909504324
v -0.03880779473 -0.04630000114 0.2919932871
v -0.0375500099 -0.04630000114 0.2930881932
v -0.03635969539 -0.04630000114 0.2916029239
v -0.03601119951 -0.04630000114 0.2919207507
v -0.03566622031 -0.04630000114 0.2922423923
v -0.03532479594 -0.04630000114 0.2925678057
v -0.03672318278 -0.04630000114 0.2938590782
v -0.0355429938 -0.04630000114 0.2950372114
v -0.03441168787 -0.04630000114 0.2962623606
v -0.03333113657 -0.04630000114 0.2975324994
v -0.05900776407 -0.04730000019 0.3520687874
v -0.06164606192 -0.04730000019 0.3525049839
v -0.06431317461 -0.04730000019 0.3526984129
v -0.06698680523 -0.04730000019 0.3526474534
v -0.06698680523 -0.04980000019 0.3526474534
v -0.06431317461 -0.04980000019 0.3526984129
v -0.06164606192 -0.04980000019 0.3525049839
v -0.05900776407 -0.04980000019 0.3520687874
v -0.07117856495 -0.04730000019 0.2948488411
v -0.06854026711 -0.04730000019 0.2944126399
v -0.06587315442 -0.04730000019 0.2942192156
v -0.06319952379 -0.04730000019 0.2942701751
v -0.06319952379 -0.04980000019 0.2942701751
v -0.06587315442 -0.04980000019 0.2942192156
v -0.06854026711 -0.04980000019 0.2944126399
v -0.07117856495 -0.04980000019 0.2948488411
v -0.03333113657 -0.03930000067 0.2975324994
v -0.03309419432 -0.03930000067 0.2978255115
v -0.03285995573 -0.03930000067 0.2981206931
v -0.0326284399 -0.03930000067 0.2984180111
v -0.03105321839 -0.03930000067 0.2973495791
v -0.03134232887 -0.03930000067 0.2969769113
v -0.03163551632 -0.03930000067 0.2966074478
v -0.03193274973 -0.03930000067 0.2962412268
v -0.0937031305 -0.04980000019 0.3295442123
v -0.09773626738 -0.04980000019 0.3298367115
v -0.09773626738 -0.05179999828 0.3298367115
v -0.0902470048 -0.05179999828 0.3292935642
v -0.0902470048 -0.04730000019 0.3292935642
v -0.0937031305 -0.04730000019 0.3295442123
v -0.0698307211 -0.02279999971 0.3238023957
v -0.06872397252 -0.02279999971 0.3265214424
v -0.06623038393 -0.02279999971 0.3280706716
v -0.06330241267 -0.02279999971 0.3278583221
v -0.06105844706 -0.02279999971 0.3259655114
v -0.06035560793 -0.02279999971 0.323115228
v -0.06146235174 -0.02279999971 0.3203961814
v -0.0639559451 -0.02279999971 0.3188469522
v -0.06688391635 -0.02279999971 0.3190593017
v -0.06912788196 -0.02279999971 0.3209521124
v -0.0698307211 -0.02579999924 0.3238023957
v -0.06912788196 -0.02579999924 0.3209521124
v -0.06688391635 -0.02579999924 0.3190593017
v -0.0639559451 -0.02579999924 0.3188469522
v -0.06146235174 -0.02579999924 0.3203961814
v -0.06035560793 -0.02579999924 0.323115228
v -0.06105844706 -0.02579999924 0.3259655114
v -0.06330241267 -0.02579999924 0.3278583221
v -0.06623038393 -0.02579999924 0.3280706716
v -0.06872397252 -0.02579999924 0.3265214424
v -0.06035560793 -0.02579999924 0.323115228
v -0.06035560793 -0.02279999971 0.323115228
v -0.07182548377 -0.02680000067 0.3239470646
v -0.07116764751 -0.02680000067 0.3205154929
v -0.06888216237 -0.02680000067 0.3178725792
v -0.06558141726 -0.02680000067 0.3167264926
v -0.0621498455 -0.02680000067 0.3173843289
v -0.05950693188 -0.02680000067 0.319669814
v -0.05836084525 -0.02680000067 0.3229705591
v -0.05901868151 -0.02680000067 0.3264021309
v -0.06130416665 -0.02680000067 0.3290450445
v -0.06460491177 -0.02680000067 0.3301911311
v -0.06803648353 -0.02680000067 0.3295332949
v -0.07067939715 -0.02680000067 0.3272478097
v -0.06883333976 -0.02680000067 0.3237300613
v -0.06778394926 -0.02680000067 0.3260707423
v -0.06547551101 -0.02680000067 0.327189268
v -0.06298816517 -0.02680000067 0.3265622744
v -0.06148577638 -0.02680000067 0.3244831336
v -0.06167131877 -0.02680000067 0.3219247064
v -0.06345798622 -0.02680000067 0.3200840975
v -0.06600977028 -0.02680000067 0.3198225574
v -0.06813266137 -0.02680000067 0.3212624636
v -0.0937031305 -0.04730000019 0.3295442123
v -0.0941393365 -0.04730000019 0.3269059145
v -0.09433276559 -0.04730000019 0.3242388018
v -0.09428180608 -0.04730000019 0.3215651712
v -0.09428180608 -0.04980000019 0.3215651712
v -0.09433276559 -0.04980000019 0.3242388018
v -0.0941393365 -0.04980000019 0.3269059145
v -0.0937031305 -0.04980000019 0.3295442123
v -0.1094765935 -0.0503000021 0.3266776542
v -0.1078374723 -0.0503000021 0.3358351526
v -0.1043302261 -0.0503000021 0.3444517397
v -0.0991081289 -0.0503000021 0.3521508379
v -0.09239941333 -0.0503000021 0.3585959619
v -0.08449727656 -0.0503000021 0.3635054149
v -0.07574709614 -0.0503000021 0.3666646385
v -0.06653128568 -0.0503000021 0.3679355688
v -0.05725261991 -0.0503000021 0.3672626439
v -0.04831662504 -0.0503000021 0.3646752839
v -0.04011384997 -0.0503000021 0.3602865654
v -0.03300278359 -0.0503000021 0.3542883002
v -0.02729422406 -0.0503000021 0.3469426433
v -0.02323766029 -0.0503000021 0.3385706202
v -0.02101038099 -0.0503000021 0.329538141
v -0.02070973315 -0.0503000021 0.3202399695
v -0.02234885196 -0.0503000021 0.3110824712
v -0.02585610289 -0.0503000021 0.302465884
v -0.03107820251 -0.0503000021 0.2947667858
v -0.03778691808 -0.0503000021 0.2883216666
v -0.0456890477 -0.0503000021 0.2834122113
v -0.05443923289 -0.0503000021 0.2802529828
v -0.06365504334 -0.0503000021 0.2789820573
v -0.07293370911 -0.0503000021 0.2796549775
v -0.08186970398 -0.0503000021 0.2822423375
v -0.09007248383 -0.0503000021 0.2866310536
v -0.09718354782 -0.0503000021 0.2926293235
v -0.1028921026 -0.0503000021 0.2999749852
v -0.1069486663 -0.0503000021 0.3083470036
v -0.1091759504 -0.0503000021 0.3173794827
v -0.1079805263 -0.0503000021 0.3265691573
v -0.1076900118 -0.0503000021 0.3175844014
v -0.105537811 -0.0503000021 0.3088563921
v -0.1016179855 -0.0503000021 0.3007665752
v -0.09610184455 -0.0503000021 0.2936685157
v -0.08923047741 -0.0503000021 0.2878724386
v -0.08130419663 -0.0503000021 0.283631656
v -0.07266941994 -0.0503000021 0.2811315114
v -0.06370352124 -0.0503000021 0.2804812738
v -0.05479835104 -0.0503000021 0.2817093597
v -0.04634311806 -0.0503000021 0.2847620956
v -0.03870735416 -0.0503000021 0.2895060665
v -0.03222477346 -0.0503000021 0.2957339335
v -0.0271787002 -0.0503000021 0.3031735128
v -0.02378967101 -0.0503000021 0.3114996535
v -0.02220580277 -0.0503000021 0.3203484712
v -0.02249631727 -0.0503000021 0.3293332224
v -0.02464852042 -0.0503000021 0.3380612317
v -0.02856834586 -0.0503000021 0.3461510533
v -0.03408448209 -0.0503000021 0.353249108
v -0.04095584684 -0.0503000021 0.3590451851
v -0.04888212763 -0.0503000021 0.3632859702
v -0.05751690909 -0.0503000021 0.3657861171
v -0.06648280779 -0.0503000021 0.3664363547
v -0.07538797321 -0.0503000021 0.365208264
v -0.0838432062 -0.0503000021 0.3621555282
v -0.09147897248 -0.0503000021 0.3574115573
v -0.09796155318 -0.0503000021 0.3511836902
v -0.1030076312 -0.0503000021 0.3437441157
v -0.1063966604 -0.0503000021 0.3354179703
v -0.0375500099 -0.03930000067 0.2930881932
v -0.0372720429 -0.03930000067 0.293342615
v -0.0369964267 -0.03930000067 0.2935995877
v -0.03672318278 -0.03930000067 0.2938590782
v -0.03532479594 -0.03930000067 0.2925678057
v -0.03566622031 -0.03930000067 0.2922423923
v -0.03601119951 -0.03930000067 0.2919207507
v -0.03635969539 -0.03930000067 0.2916029239
v -0.08439990002 -0.04730000019 0.3326897374
v -0.08583087546 -0.04730000019 0.3307897868
v -0.08788765322 -0.04730000019 0.3295951487
v -0.0902470048 -0.04730000019 0.3292935642
v -0.0902470048 -0.05179999828 0.3292935642
v -0.08788765322 -0.05179999828 0.3295951487
v -0.08583087546 -0.05179999828 0.3307897868
v -0.08439990002 -0.05179999828 0.3326897374
v -0.06883333976 -0.02579999924 0.3237300613
v -0.06778394926 -0.02579999924 0.3260707423
v -0.06547551101 -0.02579999924 0.327189268
v -0.06298816517 -0.02579999924 0.3265622744
v -0.06148577638 -0.02579999924 0.3244831336
v -0.06167131877 -0.02579999924 0.3219247064
v -0.06345798622 -0.02579999924 0.3200840975
v -0.06600977028 -0.02579999924 0.3198225574
v -0.06813266137 -0.02579999924 0.3212624636
v -0.06883333976 -0.02680000067 0.3237300613
v -0.06813266137 -0.02680000067 0.3212624636
v -0.06600977028 -0.02680000067 0.3198225574
v -0.06345798622 -0.02680000067 0.3200840975
v -0.06167131877 -0.02680000067 0.3219247064
v -0.06148577638 -0.02680000067 0.3244831336
v -0.06298816517 -0.02680000067 0.3265622744
v -0.06547551101 -0.02680000067 0.327189268
v -0.06778394926 -0.02680000067 0.3260707423
v -0.06167131877 -0.02579999924 0.3219247064
v -0.06167131877 -0.02680000067 0.3219247064
v -0.0698307211 -0.02579999924 0.3238023957
v -0.06872397252 -0.02579999924 0.3265214424
v -0.06623038393 -0.02579999924 0.3280706716
v -0.06330241267 -0.02579999924 0.3278583221
v -0.06105844706 -0.02579999924 0.3259655114
v -0.06035560793 -0.02579999924 0.323115228
v -0.06146235174 -0.02579999924 0.3203961814
v -0.0639559451 -0.02579999924 0.3188469522
v -0.06688391635 -0.02579999924 0.3190593017
v -0.06912788196 -0.02579999924 0.3209521124
v -0.06883333976 -0.02579999924 0.3237300613
v -0.06813266137 -0.02579999924 0.3212624636
v -0.06600977028 -0.02579999924 0.3198225574
v -0.06345798622 -0.02579999924 0.3200840975
v -0.06167131877 -0.02579999924 0.3219247064
v -0.06148577638 -0.02579999924 0.3244831336
v -0.06298816517 -0.02579999924 0.3265622744
v -0.06547551101 -0.02579999924 0.327189268
v -0.06778394926 -0.02579999924 0.3260707423
v -0.08593842063 -0.04480000019 0.3249705851
v -0.08545792 -0.04480000019 0.3187591764
v -0.08316792799 -0.04480000019 0.3129653467
v -0.07927191669 -0.04480000019 0.3081039129
v -0.07411605633 -0.04480000019 0.3046068268
v -0.06815847829 -0.04480000019 0.3027848234
v -0.06192852931 -0.04480000019 0.3027997927
v -0.05597976967 -0.04480000019 0.3046504082
v -0.05084077782 -0.04480000019 0.3081722315
v -0.04696817248 -0.04480000019 0.3130523376
v -0.04470605288 -0.04480000019 0.3188571044
v -0.04425541929 -0.04480000019 0.3250707512
v -0.04565630599 -0.04480000019 0.3311411718
v -0.04878424799 -0.04480000019 0.336528978
v -0.05336130562 -0.04480000019 0.3407554447
v -0.05898078856 -0.04480000019 0.3434450253
v -0.06514338592 -0.04480000019 0.3443587489
v -0.07130152158 -0.04480000019 0.3434154207
v -0.07690801553 -0.04480000019 0.3406988601
v -0.08146470688 -0.04480000019 0.3364504428
v -0.08456671384 -0.04480000019 0.3310476625
v -0.08593842063 -0.04730000019 0.3249705851
v -0.08456671384 -0.04730000019 0.3310476625
v -0.08146470688 -0.04730000019 0.3364504428
v -0.07690801553 -0.04730000019 0.3406988601
v -0.07130152158 -0.04730000019 0.3434154207
v -0.06514338592 -0.04730000019 0.3443587489
v -0.05898078856 -0.04730000019 0.3434450253
v -0.05336130562 -0.04730000019 0.3407554447
v -0.04878424799 -0.04730000019 0.336528978
v -0.04565630599 -0.04730000019 0.3311411718
v -0.04425541929 -0.04730000019 0.3250707512
v -0.04470605288 -0.04730000019 0.3188571044
v -0.04696817248 -0.04730000019 0.3130523376
v -0.05084077782 -0.04730000019 0.3081722315
v -0.05597976967 -0.04730000019 0.3046504082
v -0.06192852931 -0.04730000019 0.3027997927
v -0.06815847829 -0.04730000019 0.3027848234
v -0.07411605633 -0.04730000019 0.3046068268
v -0.07927191669 -0.04730000019 0.3081039129
v -0.08316792799 -0.04730000019 0.3129653467
v -0.08545792 -0.04730000019 0.3187591764
v -0.04425541929 -0.04480000019 0.3250707512
v -0.04425541929 -0.04730000019 0.3250707512
v -0.02754203739 -0.03930000067 0.302714585
v -0.02777237524 -0.03930000067 0.3023029931
v -0.02800722398 -0.03930000067 0.301893957
v -0.02824655499 -0.03930000067 0.3014875292
v -0.02982177649 -0.03930000067 0.3025559612
v -0.02963115187 -0.03930000067 0.3028810166
v -0.02944352418 -0.03930000067 0.3032078078
v -0.02925890771 -0.03930000067 0.3035363107
v -0.06723745816 -0.04730000019 0.3491913182
v -0.06787631579 -0.04730000019 0.3469001718
v -0.06935522297 -0.04730000019 0.3450372904
v -0.07144176023 -0.04730000019 0.3438954334
v -0.07144176023 -0.05179999828 0.3438954334
v -0.06935522297 -0.05179999828 0.3450372904
v -0.06787631579 -0.05179999828 0.3469001718
v -0.06723745816 -0.05179999828 0.3491913182
v -0.07144176023 -0.04730000019 0.3438954334
v -0.07674439488 -0.04730000019 0.3414089853
v -0.08117437225 -0.04730000019 0.3375781155
v -0.08439990002 -0.04730000019 0.3326897374
v -0.08439990002 -0.05179999828 0.3326897374
v -0.08117437225 -0.05179999828 0.3375781155
v -0.07674439488 -0.05179999828 0.3414089853
v -0.07144176023 -0.05179999828 0.3438954334
v -0.07182548377 -0.02480000019 0.3239470646
v -0.07116764751 -0.02480000019 0.3205154929
v -0.06888216237 -0.02480000019 0.3178725792
v -0.06558141726 -0.02480000019 0.3167264926
v -0.0621498455 -0.02480000019 0.3173843289
v -0.05950693188 -0.02480000019 0.319669814
v -0.05836084525 -0.02480000019 0.3229705591
v -0.05901868151 -0.02480000019 0.3264021309
v -0.06130416665 -0.02480000019 0.3290450445
v -0.06460491177 -0.02480000019 0.3301911311
v -0.06803648353 -0.02480000019 0.3295332949
v -0.07067939715 -0.02480000019 0.3272478097
v -0.07182548377 -0.02680000067 0.3239470646
v -0.07067939715 -0.02680000067 0.3272478097
v -0.06803648353 -0.02680000067 0.3295332949
v -0.06460491177 -0.02680000067 0.3301911311
v -0.06130416665 -0.02680000067 0.3290450445
v -0.05901868151 -0.02680000067 0.3264021309
v -0.05836084525 -0.02680000067 0.3229705591
v -0.05950693188 -0.02680000067 0.319669814
v -0.0621498455 -0.02680000067 0.3173843289
v -0.06558141726 -0.02680000067 0.3167264926
v -0.06888216237 -0.02680000067 0.3178725792
v -0.07116764751 -0.02680000067 0.3205154929
v -0.05836084525 -0.02480000019 0.3229705591
v -0.05836084525 -0.02680000067 0.3229705591
v -0.08504077457 -0.02279999971 0.3249054841
v -0.08361742634 -0.02279999971 0.3309988265
v -0.08038078909 -0.02279999971 0.3363541045
v -0.07564769157 -0.02279999971 0.3404471018
v -0.06988144713 -0.02279999971 0.3428771599
v -0.06364649227 -0.02279999971 0.3434064219
v -0.05755314985 -0.02279999971 0.3419830737
v -0.05219787188 -0.02279999971 0.3387464365
v -0.04810487461 -0.02279999971 0.3340133389
v -0.04567481173 -0.02279999971 0.3282470945
v -0.04514555446 -0.02279999971 0.3220121396
v -0.04656890745 -0.02279999971 0.3159187972
v -0.04980553993 -0.02279999971 0.3105635192
v -0.05453863746 -0.02279999971 0.3064705267
v -0.0603048819 -0.02279999971 0.3040404639
v -0.06653983675 -0.02279999971 0.3035112018
v -0.07263317917 -0.02279999971 0.3049345548
v -0.07798845715 -0.02279999971 0.3081711873
v -0.08208145442 -0.02279999971 0.3129042848
v -0.08451151253 -0.02279999971 0.3186705293
v -0.0698307211 -0.02279999971 0.3238023957
v -0.06912788196 -0.02279999971 0.3209521124
v -0.06688391635 -0.02279999971 0.3190593017
v -0.0639559451 -0.02279999971 0.3188469522
v -0.06146235174 -0.02279999971 0.3203961814
v -0.06035560793 -0.02279999971 0.323115228
v -0.06105844706 -0.02279999971 0.3259655114
v -0.06330241267 -0.02279999971 0.3278583221
v -0.06623038393 -0.02279999971 0.3280706716
v -0.06872397252 -0.02279999971 0.3265214424
v -0.08504077457 -0.02700000048 0.3249054841
v -0.08451151253 -0.02700000048 0.3186705293
v -0.08208145442 -0.02700000048 0.3129042848
v -0.07798845715 -0.02700000048 0.3081711873
v -0.07263317917 -0.02700000048 0.3049345548
v -0.06653983675 -0.02700000048 0.3035112018
v -0.0603048819 -0.02700000048 0.3040404639
v -0.05453863746 -0.02700000048 0.3064705267
v -0.04980553993 -0.02700000048 0.3105635192
v -0.04656890745 -0.02700000048 0.3159187972
v -0.04514555446 -0.02700000048 0.3220121396
v -0.04567481173 -0.02700000048 0.3282470945
v -0.04810487461 -0.02700000048 0.3340133389
v -0.05219787188 -0.02700000048 0.3387464365
v -0.05755314985 -0.02700000048 0.3419830737
v -0.06364649227 -0.02700000048 0.3434064219
v -0.06988144713 -0.02700000048 0.3428771599
v -0.07564769157 -0.02700000048 0.3404471018
v -0.08038078909 -0.02700000048 0.3363541045
v -0.08361742634 -0.02700000048 0.3309988265
v -0.08504077457 -0.04480000019 0.3249054841
v -0.08361742634 -0.04480000019 0.3309988265
v -0.08038078909 -0.04480000019 0.3363541045
v -0.07564769157 -0.04480000019 0.3404471018
v -0.06988144713 -0.04480000019 0.3428771599
v -0.06364649227 -0.04480000019 0.3434064219
v -0.05755314985 -0.04480000019 0.3419830737
v -0.05219787188 -0.04480000019 0.3387464365
v -0.04810487461 -0.04480000019 0.3340133389
v -0.04567481173 -0.04480000019 0.3282470945
v -0.04514555446 -0.04480000019 0.3220121396
v -0.04656890745 -0.04480000019 0.3159187972
v -0.04980553993 -0.04480000019 0.3105635192
v -0.05453863746 -0.04480000019 0.3064705267
v -0.0603048819 -0.04480000019 0.3040404639
v -0.06653983675 -0.04480000019 0.3035112018
v -0.07263317917 -0.04480000019 0.3049345548
v -0.07798845715 -0.04480000019 0.3081711873
v -0.08208145442 -0.04480000019 0.3129042848
v -0.08451151253 -0.04480000019 0.3186705293
v -0.04514555446 -0.02700000048 0.3220121396
v -0.04514555446 -0.04480000019 0.3220121396
v -0.02486968529 -0.03930000067 0.3085429894
v -0.02503610545 -0.03930000067 0.308101662
v -0.0252073679 -0.03930000067 0.3076621895
v -0.02538345117 -0.03930000067 0.3072246291
v -0.02710031911 -0.03930000067 0.3080463548
v -0.02696027265 -0.03930000067 0.3083961914
v -0.02682344484 -0.03930000067 0.3087472964
v -0.02668985238 -0.03930000067 0.3090996459
v -0.08439990002 -0.05179999828 0.3326897374
v -0.08583087546 -0.05179999828 0.3307897868
v -0.08788765322 -0.05179999828 0.3295951487
v -0.0902470048 -0.05179999828 0.3292935642
v -0.09773626738 -0.05179999828 0.3298367115
v -0.1003799494 -0.05179999828 0.3306704757
v -0.1023667044 -0.05179999828 0.3326036177
v -0.1032724516 -0.05179999828 0.335223512
v -0.1029038518 -0.05179999828 0.3379709435
v -0.09934227214 -0.05179999828 0.3450747457
v -0.09446212186 -0.05179999828 0.3513463455
v -0.08845127435 -0.05179999828 0.3565442816
v -0.08154115741 -0.05179999828 0.3604684537
v -0.07399779823 -0.05179999828 0.3629677708
v -0.07122593424 -0.05179999828 0.3629360851
v -0.06876414573 -0.05179999828 0.3616617993
v -0.06713789343 -0.05179999828 0.35941691
v -0.06669431086 -0.05179999828 0.3566805903
v -0.06723745816 -0.05179999828 0.3491913182
v -0.06787631579 -0.05179999828 0.3469001718
v -0.06935522297 -0.05179999828 0.3450372904
v -0.07144176023 -0.05179999828 0.3438954334
v -0.07674439488 -0.05179999828 0.3414089853
v -0.08117437225 -0.05179999828 0.3375781155
v -0.08504077457 -0.02559999943 0.3249054841
v -0.08451151253 -0.02559999943 0.3186705293
v -0.08208145442 -0.02559999943 0.3129042848
v -0.07798845715 -0.02559999943 0.3081711873
v -0.07263317917 -0.02559999943 0.3049345548
v -0.06653983675 -0.02559999943 0.3035112018
v -0.0603048819 -0.02559999943 0.3040404639
v -0.05453863746 -0.02559999943 0.3064705267
v -0.04980553993 -0.02559999943 0.3105635192
v -0.04656890745 -0.02559999943 0.3159187972
v -0.04514555446 -0.02559999943 0.3220121396
v -0.04567481173 -0.02559999943 0.3282470945
v -0.04810487461 -0.02559999943 0.3340133389
v -0.05219787188 -0.02559999943 0.3387464365
v -0.05755314985 -0.02559999943 0.3419830737
v -0.06364649227 -0.02559999943 0.3434064219
v -0.06988144713 -0.02559999943 0.3428771599
v -0.07564769157 -0.02559999943 0.3404471018
v -0.08038078909 -0.02559999943 0.3363541045
v -0.08361742634 -0.02559999943 0.3309988265
v -0.08454208867 -0.02559999943 0.3248693169
v -0.08315431223 -0.02559999943 0.3308103241
v -0.07999859877 -0.02559999943 0.3360317251
v -0.07538382821 -0.02559999943 0.3400223929
v -0.06976174108 -0.02559999943 0.3423917017
v -0.06368265949 -0.02559999943 0.342907736
v -0.05774164754 -0.02559999943 0.3415199596
v -0.05252025604 -0.02559999943 0.3383642414
v -0.04852958346 -0.02559999943 0.3337494756
v -0.04616027466 -0.02559999943 0.3281273884
v -0.04564424512 -0.02559999943 0.3220483069
v -0.04703201203 -0.02559999943 0.3161072949
v -0.05018773025 -0.02559999943 0.3108859034
v -0.05480249604 -0.02559999943 0.3068952308
v -0.06042458795 -0.02559999943 0.304525922
v -0.06650366953 -0.02559999943 0.3040098925
v -0.07244468149 -0.02559999943 0.3053976594
v -0.07766607298 -0.02559999943 0.3085533776
v -0.08165674556 -0.02559999943 0.3131681482
v -0.08402605436 -0.02559999943 0.3187902353
v -0.1078237911 -0.03930000067 0.3272671089
v -0.1078630817 -0.03930000067 0.3267970904
v -0.1078972033 -0.03930000067 0.3263266619
v -0.1079261465 -0.03930000067 0.3258558901
v -0.1079261465 -0.04630000114 0.3258558901
v -0.107880791 -0.04630000114 0.3265619239
v -0.1078237911 -0.04630000114 0.3272671089
v -0.07117856495 -0.04980000019 0.2948488411
v -0.07147106409 -0.04980000019 0.2908157042
v -0.07147106409 -0.05179999828 0.2908157042
v -0.0709279168 -0.05179999828 0.2983049716
v -0.0709279168 -0.04730000019 0.2983049716
v -0.07117856495 -0.04730000019 0.2948488411
v -0.07166499433 -0.03930000067 0.2829889345
v -0.07208407849 -0.03930000067 0.2811322587
v -0.07208407849 -0.04630000114 0.2811322587
v -0.07166499433 -0.04630000114 0.2829889345
v -0.07054677276 -0.04630000114 0.2828231355
v -0.07068445139 -0.04630000114 0.2809247368
v -0.07068445139 -0.03930000067 0.2809247368
v -0.07054677276 -0.03930000067 0.2828231355
v -0.02309586188 -0.03930000067 0.3147045821
v -0.02319464504 -0.03930000067 0.314243385
v -0.02329849459 -0.03930000067 0.3137832942
v -0.02340739624 -0.03930000067 0.3133243812
v -0.02522756095 -0.03930000067 0.3138810377
v -0.0251412183 -0.03930000067 0.3142478401
v -0.02505824928 -0.03930000067 0.3146154197
v -0.02497866342 -0.03930000067 0.3149837431
v -0.08504077457 -0.02700000048 0.3249054841
v -0.08361742634 -0.02700000048 0.3309988265
v -0.08038078909 -0.02700000048 0.3363541045
v -0.07564769157 -0.02700000048 0.3404471018
v -0.06988144713 -0.02700000048 0.3428771599
v -0.06364649227 -0.02700000048 0.3434064219
v -0.05755314985 -0.02700000048 0.3419830737
v -0.05219787188 -0.02700000048 0.3387464365
v -0.04810487461 -0.02700000048 0.3340133389
v -0.04567481173 -0.02700000048 0.3282470945
v -0.04514555446 -0.02700000048 0.3220121396
v -0.04656890745 -0.02700000048 0.3159187972
v -0.04980553993 -0.02700000048 0.3105635192
v -0.05453863746 -0.02700000048 0.3064705267
v -0.0603048819 -0.02700000048 0.3040404639
v -0.06653983675 -0.02700000048 0.3035112018
v -0.07263317917 -0.02700000048 0.3049345548
v -0.07798845715 -0.02700000048 0.3081711873
v -0.08208145442 -0.02700000048 0.3129042848
v -0.08451151253 -0.02700000048 0.3186705293
v -0.08454208867 -0.02700000048 0.3248693169
v -0.08402605436 -0.02700000048 0.3187902353
v -0.08165674556 -0.02700000048 0.3131681482
v -0.07766607298 -0.02700000048 0.3085533776
v -0.07244468149 -0.02700000048 0.3053976594
v -0.06650366953 -0.02700000048 0.3040098925
v -0.06042458795 -0.02700000048 0.304525922
v -0.05480249604 -0.02700000048 0.3068952308
v -0.05018773025 -0.02700000048 0.3108859034
v -0.04703201203 -0.02700000048 0.3161072949
v -0.04564424512 -0.02700000048 0.3220483069
v -0.04616027466 -0.02700000048 0.3281273884
v -0.04852958346 -0.02700000048 0.3337494756
v -0.05252025604 -0.02700000048 0.3383642414
v -0.05774164754 -0.02700000048 0.3415199596
v -0.06368265949 -0.02700000048 0.342907736
v -0.06976174108 -0.02700000048 0.3423917017
v -0.07538382821 -0.02700000048 0.3400223929
v -0.07999859877 -0.02700000048 0.3360317251
v -0.08315431223 -0.02700000048 0.3308103241
v -0.1059409991 -0.03930000067 0.3269879479
v -0.1059717067 -0.03930000067 0.3266123766
v -0.1059989621 -0.03930000067 0.3262365383
v -0.1060227652 -0.03930000067 0.3258604663
v -0.1079261465 -0.03930000067 0.3258558901
v -0.1078972033 -0.03930000067 0.3263266619
v -0.1078630817 -0.03930000067 0.3267970904
v -0.1078237911 -0.03930000067 0.3272671089
v -0.07960529136 -0.04980000019 0.2856481222
v -0.07960529136 -0.05179999828 0.2856481222
v -0.07685786468 -0.05179999828 0.2852795295
v -0.07423797033 -0.05179999828 0.2861852744
v -0.0723048283 -0.05179999828 0.2881720222
v -0.07147106409 -0.05179999828 0.2908157042
v -0.07147106409 -0.04980000019 0.2908157042
v -0.0723048283 -0.04980000019 0.2881720222
v -0.07423797033 -0.04980000019 0.2861852744
v -0.07685786468 -0.04980000019 0.2852795295
v -0.09082567084 -0.04730000019 0.3213145182
v -0.08853452439 -0.04730000019 0.3206756606
v -0.086671643 -0.04730000019 0.3191967582
v -0.085529786 -0.04730000019 0.3171102162
v -0.085529786 -0.05179999828 0.3171102162
v -0.086671643 -0.05179999828 0.3191967582
v -0.08853452439 -0.05179999828 0.3206756606
v -0.09082567084 -0.05179999828 0.3213145182
v -0.100263685 -0.04630000114 0.3023866843
v -0.1018337553 -0.04630000114 0.3013106937
v -0.1018337553 -0.03930000067 0.3013106937
v -0.100263685 -0.03930000067 0.3023866843
v -0.06555987084 -0.03930000067 0.282461468
v -0.06569754947 -0.03930000067 0.2805630693
v -0.06569754947 -0.04630000114 0.2805630693
v -0.06555987084 -0.04630000114 0.282461468
v -0.06555987084 -0.03930000067 0.282461468
v -0.06518305504 -0.03930000067 0.2824589104
v -0.06480622971 -0.03930000067 0.2824598171
v -0.06442942823 -0.03930000067 0.2824641856
v -0.06428262581 -0.03930000067 0.2805664693
v -0.06475424636 -0.03930000067 0.2805601504
v -0.06522590506 -0.03930000067 0.2805590171
v -0.06569754947 -0.03930000067 0.2805630693
v -0.08593842063 -0.04480000019 0.3249705851
v -0.08456671384 -0.04480000019 0.3310476625
v -0.08146470688 -0.04480000019 0.3364504428
v -0.07690801553 -0.04480000019 0.3406988601
v -0.07130152158 -0.04480000019 0.3434154207
v -0.06514338592 -0.04480000019 0.3443587489
v -0.05898078856 -0.04480000019 0.3434450253
v -0.05336130562 -0.04480000019 0.3407554447
v -0.04878424799 -0.04480000019 0.336528978
v -0.04565630599 -0.04480000019 0.3311411718
v -0.04425541929 -0.04480000019 0.3250707512
v -0.04470605288 -0.04480000019 0.3188571044
v -0.04696817248 -0.04480000019 0.3130523376
v -0.05084077782 -0.04480000019 0.3081722315
v -0.05597976967 -0.04480000019 0.3046504082
v -0.06192852931 -0.04480000019 0.3027997927
v -0.06815847829 -0.04480000019 0.3027848234
v -0.07411605633 -0.04480000019 0.3046068268
v -0.07927191669 -0.04480000019 0.3081039129
v -0.08316792799 -0.04480000019 0.3129653467
v -0.08545792 -0.04480000019 0.3187591764
v -0.08504077457 -0.04480000019 0.3249054841
v -0.08451151253 -0.04480000019 0.3186705293
v -0.08208145442 -0.04480000019 0.3129042848
v -0.07798845715 -0.04480000019 0.3081711873
v -0.07263317917 -0.04480000019 0.3049345548
v -0.06653983675 -0.04480000019 0.3035112018
v -0.0603048819 -0.04480000019 0.3040404639
v -0.05453863746 -0.04480000019 0.3064705267
v -0.04980553993 -0.04480000019 0.3105635192
v -0.04656890745 -0.04480000019 0.3159187972
v -0.04514555446 -0.04480000019 0.3220121396
v -0.04567481173 -0.04480000019 0.3282470945
v -0.04810487461 -0.04480000019 0.3340133389
v -0.05219787188 -0.04480000019 0.3387464365
v -0.05755314985 -0.04480000019 0.3419830737
v -0.06364649227 -0.04480000019 0.3434064219
v -0.06988144713 -0.04480000019 0.3428771599
v -0.07564769157 -0.04480000019 0.3404471018
v -0.08038078909 -0.04480000019 0.3363541045
v -0.08361742634 -0.04480000019 0.3309988265
v -0.1059409991 -0.03930000067 0.3269879479
v -0.1078237911 -0.03930000067 0.3272671089
v -0.1078237911 -0.04630000114 0.3272671089
v -0.1059409991 -0.04630000114 0.3269879479
v -0.1060227652 -0.04630000114 0.3258604663
v -0.1079261465 -0.04630000114 0.3258558901
v -0.1079261465 -0.03930000067 0.3258558901
v -0.1060227652 -0.03930000067 0.3258604663
v -0.1070904719 -0.03930000067 0.3322130416
v -0.1069916816 -0.03930000067 0.3326742387
v -0.1068878368 -0.03930000067 0.3331343295
v -0.106778928 -0.03930000067 0.3335932473
v -0.1049587633 -0.03930000067 0.3330365813
v -0.1050451083 -0.03930000067 0.3326697885
v -0.1051280774 -0.03930000067 0.3323022041
v -0.1052076704 -0.03930000067 0.3319338758
v -0.1046021234 -0.04980000019 0.3145541782
v -0.1046021234 -0.05179999828 0.3145541782
v -0.1021028064 -0.05179999828 0.307010819
v -0.09817863425 -0.05179999828 0.3001006973
v -0.09298069813 -0.05179999828 0.2940898545
v -0.08670909838 -0.05179999828 0.2892097019
v -0.07960529136 -0.05179999828 0.2856481222
v -0.07960529136 -0.04980000019 0.2856481222
v -0.08670909838 -0.04980000019 0.2892097019
v -0.09298069813 -0.04980000019 0.2940898545
v -0.09817863425 -0.04980000019 0.3001006973
v -0.1021028064 -0.04980000019 0.307010819
v -0.07432409005 -0.04730000019 0.3041520764
v -0.07242413941 -0.04730000019 0.3027211009
v -0.07122950137 -0.04730000019 0.3006643232
v -0.0709279168 -0.04730000019 0.2983049716
v -0.0709279168 -0.05179999828 0.2983049716
v -0.07122950137 -0.05179999828 0.3006643232
v -0.07242413941 -0.05179999828 0.3027211009
v -0.07432409005 -0.05179999828 0.3041520764
v -0.03193274973 -0.03930000067 0.2962412268
v -0.03163551632 -0.03930000067 0.2966074478
v -0.03134232887 -0.03930000067 0.2969769113
v -0.03105321839 -0.03930000067 0.2973495791
v -0.03105321839 -0.04630000114 0.2973495791
v -0.03134232887 -0.04630000114 0.2969769113
v -0.03163551632 -0.04630000114 0.2966074478
v -0.03193274973 -0.04630000114 0.2962412268
v -0.09743716832 -0.03930000067 0.298262272
v -0.0990072386 -0.03930000067 0.2971862814
v -0.0990072386 -0.04630000114 0.2971862814
v -0.09743716832 -0.04630000114 0.298262272
v -0.1052076704 -0.04630000114 0.3319338758
v -0.1070904719 -0.04630000114 0.3322130416
v -0.1070904719 -0.03930000067 0.3322130416
v -0.1052076704 -0.03930000067 0.3319338758
v -0.05789890742 -0.03930000067 0.2811663464
v -0.05836431942 -0.03930000067 0.2810898061
v -0.05883054206 -0.03930000067 0.2810183894
v -0.05929752288 -0.03930000067 0.280952101
v -0.05944432053 -0.03930000067 0.2828498149
v -0.05907133383 -0.03930000067 0.2829034478
v -0.05869885258 -0.03930000067 0.2829605068
v -0.05832691017 -0.03930000067 0.2830209847
v -0.0326284399 -0.04630000114 0.2984180111
v -0.03105321839 -0.04630000114 0.2973495791
v -0.03105321839 -0.03930000067 0.2973495791
v -0.0326284399 -0.03930000067 0.2984180111
v -0.03333113657 -0.03930000067 0.2975324994
v -0.03193274973 -0.03930000067 0.2962412268
v -0.03193274973 -0.04630000114 0.2962412268
v -0.03333113657 -0.04630000114 0.2975324994
v -0.09428180608 -0.04730000019 0.3215651712
v -0.09082567084 -0.04730000019 0.3213145182
v -0.09082567084 -0.05179999828 0.3213145182
v -0.09831494296 -0.05179999828 0.3218576655
v -0.09831494296 -0.04980000019 0.3218576655
v -0.09428180608 -0.04980000019 0.3215651712
v -0.1060107496 -0.03930000067 0.3208604806
v -0.107914131 -0.03930000067 0.3208559044
v -0.107914131 -0.04630000114 0.3208559044
v -0.1060107496 -0.04630000114 0.3208604806
v -0.09831494296 -0.04980000019 0.3218576655
v -0.09831494296 -0.05179999828 0.3218576655
v -0.1010512627 -0.05179999828 0.321414083
v -0.1032961519 -0.05179999828 0.3197878307
v -0.1045704377 -0.05179999828 0.3173260421
v -0.1046021234 -0.05179999828 0.3145541782
v -0.1046021234 -0.04980000019 0.3145541782
v -0.1045704377 -0.04980000019 0.3173260421
v -0.1032961519 -0.04980000019 0.3197878307
v -0.1010512627 -0.04980000019 0.321414083
v -0.09082567084 -0.05179999828 0.3213145182
v -0.08853452439 -0.05179999828 0.3206756606
v -0.086671643 -0.05179999828 0.3191967582
v -0.085529786 -0.05179999828 0.3171102162
v -0.08304333795 -0.05179999828 0.3118075863
v -0.07921246813 -0.05179999828 0.3073776041
v -0.07432409005 -0.05179999828 0.3041520764
v -0.07242413941 -0.05179999828 0.3027211009
v -0.07122950137 -0.05179999828 0.3006643232
v -0.0709279168 -0.05179999828 0.2983049716
v -0.07147106409 -0.05179999828 0.2908157042
v -0.0723048283 -0.05179999828 0.2881720222
v -0.07423797033 -0.05179999828 0.2861852744
v -0.07685786468 -0.05179999828 0.2852795295
v -0.07960529136 -0.05179999828 0.2856481222
v -0.08670909838 -0.05179999828 0.2892097019
v -0.09298069813 -0.05179999828 0.2940898545
v -0.09817863425 -0.05179999828 0.3001006973
v -0.1021028064 -0.05179999828 0.307010819
v -0.1046021234 -0.05179999828 0.3145541782
v -0.1045704377 -0.05179999828 0.3173260421
v -0.1032961519 -0.05179999828 0.3197878307
v -0.1010512627 -0.05179999828 0.321414083
v -0.09831494296 -0.05179999828 0.3218576655
v -0.085529786 -0.04730000019 0.3171102162
v -0.08304333795 -0.04730000019 0.3118075863
v -0.07921246813 -0.04730000019 0.3073776041
v -0.07432409005 -0.04730000019 0.3041520764
v -0.07432409005 -0.05179999828 0.3041520764
v -0.07921246813 -0.05179999828 0.3073776041
v -0.08304333795 -0.05179999828 0.3118075863
v -0.085529786 -0.05179999828 0.3171102162
v -0.03635969539 -0.03930000067 0.2916029239
v -0.03601119951 -0.03930000067 0.2919207507
v -0.03566622031 -0.03930000067 0.2922423923
v -0.03532479594 -0.03930000067 0.2925678057
v -0.03532479594 -0.04630000114 0.2925678057
v -0.03566622031 -0.04630000114 0.2922423923
v -0.03601119951 -0.04630000114 0.2919207507
v -0.03635969539 -0.04630000114 0.2916029239
v -0.09249004025 -0.04630000114 0.2929561703
v -0.09367320413 -0.04630000114 0.2914651938
v -0.09367320413 -0.03930000067 0.2914651938
v -0.09249004025 -0.03930000067 0.2929561703
v -0.04772557185 -0.03930000067 0.2863189855
v -0.04738496258 -0.03930000067 0.2864801762
v -0.04704584582 -0.03930000067 0.2866444901
v -0.04670825494 -0.03930000067 0.286811913
v -0.04575260363 -0.03930000067 0.2851658251
v -0.04617477581 -0.03930000067 0.2849555058
v -0.04659923681 -0.03930000067 0.284749838
v -0.04702592942 -0.03930000067 0.2845488504
v -0.02754203739 -0.04630000114 0.302714585
v -0.02777237524 -0.04630000114 0.3023029931
v -0.02800722398 -0.04630000114 0.301893957
v -0.02824655499 -0.04630000114 0.3014875292
v -0.02824655499 -0.03930000067 0.3014875292
v -0.02800722398 -0.03930000067 0.301893957
v -0.02777237524 -0.03930000067 0.3023029931
v -0.02754203739 -0.03930000067 0.302714585
v -0.03672318278 -0.04630000114 0.2938590782
v -0.03532479594 -0.04630000114 0.2925678057
v -0.03532479594 -0.03930000067 0.2925678057
v -0.03672318278 -0.03930000067 0.2938590782
v -0.0375500099 -0.03930000067 0.2930881932
v -0.03635969539 -0.03930000067 0.2916029239
v -0.03635969539 -0.04630000114 0.2916029239
v -0.0375500099 -0.04630000114 0.2930881932
v -0.02982177649 -0.03930000067 0.3025559612
v -0.02824655499 -0.03930000067 0.3014875292
v -0.02824655499 -0.04630000114 0.3014875292
v -0.02982177649 -0.04630000114 0.3025559612
v -0.1059235627 -0.04630000114 0.3197333999
v -0.1078049995 -0.04630000114 0.3194451914
v -0.1078049995 -0.03930000067 0.3194451914
v -0.1059235627 -0.03930000067 0.3197333999
v -0.07654229653 -0.04630000114 0.2840898214
v -0.07696137591 -0.04630000114 0.2822331455
v -0.07696137591 -0.03930000067 0.2822331455
v -0.07654229653 -0.03930000067 0.2840898214
v -0.08857339928 -0.03930000067 0.2898481216
v -0.08975656317 -0.03930000067 0.2883571498
v -0.08975656317 -0.04630000114 0.2883571498
v -0.08857339928 -0.04630000114 0.2898481216
v -0.04026135273 -0.03930000067 0.2884760883
v -0.0406474616 -0.03930000067 0.2882051941
v -0.04103652688 -0.03930000067 0.2879385628
v -0.04142850087 -0.03930000067 0.2876762253
v -0.04238414741 -0.03930000067 0.2893223108
v -0.04207136644 -0.03930000067 0.2895324678
v -0.04176053098 -0.03930000067 0.2897454882
v -0.04145166486 -0.03930000067 0.2899613577
v -0.02486968529 -0.04630000114 0.3085429894
v -0.02503610545 -0.04630000114 0.308101662
v -0.0252073679 -0.04630000114 0.3076621895
v -0.02538345117 -0.04630000114 0.3072246291
v -0.02538345117 -0.03930000067 0.3072246291
v -0.0252073679 -0.03930000067 0.3076621895
v -0.02503610545 -0.03930000067 0.308101662
v -0.02486968529 -0.03930000067 0.3085429894
v -0.02925890771 -0.04630000114 0.3035363107
v -0.02754203739 -0.04630000114 0.302714585
v -0.02754203739 -0.03930000067 0.302714585
v -0.02925890771 -0.03930000067 0.3035363107
v -0.04670825494 -0.04630000114 0.286811913
v -0.04575260363 -0.04630000114 0.2851658251
v -0.04575260363 -0.03930000067 0.2851658251
v -0.04670825494 -0.03930000067 0.286811913
v -0.1060107496 -0.03930000067 0.3208604806
v -0.1059851428 -0.03930000067 0.3204845232
v -0.1059560741 -0.03930000067 0.3201088185
v -0.1059235627 -0.03930000067 0.3197333999
v -0.1078049995 -0.03930000067 0.3194451914
v -0.1078465424 -0.03930000067 0.319915019
v -0.1078829259 -0.03930000067 0.3203852757
v -0.107914131 -0.03930000067 0.3208559044
v -0.1051664702 -0.03930000067 0.3147910508
v -0.107047907 -0.03930000067 0.3145028423
v -0.107047907 -0.04630000114 0.3145028423
v -0.1051664702 -0.04630000114 0.3147910508
v -0.06569754947 -0.03930000067 0.2805630693
v -0.06522590506 -0.03930000067 0.2805590171
v -0.06475424636 -0.03930000067 0.2805601504
v -0.06428262581 -0.03930000067 0.2805664693
v -0.06428262581 -0.04630000114 0.2805664693
v -0.06475424636 -0.04630000114 0.2805601504
v -0.06522590506 -0.04630000114 0.2805590171
v -0.06569754947 -0.04630000114 0.2805630693
v -0.07831444022 -0.03930000067 0.2826469519
v -0.07786494466 -0.03930000067 0.2825040613
v -0.07741390415 -0.03930000067 0.2823661203
v -0.07696137591 -0.03930000067 0.2822331455
v -0.07696137591 -0.04630000114 0.2822331455
v -0.07741390415 -0.04630000114 0.2823661203
v -0.07786494466 -0.04630000114 0.2825040613
v -0.07831444022 -0.04630000114 0.2826469519
v -0.09673021753 -0.04630000114 0.2973801483
v -0.09812238902 -0.04630000114 0.2960821713
v -0.09812238902 -0.03930000067 0.2960821713
v -0.09673021753 -0.03930000067 0.2973801483
v -0.05167589911 -0.03930000067 0.2827109664
v -0.05212470276 -0.03930000067 0.2825659165
v -0.05257507044 -0.03930000067 0.2824258091
v -0.05302695447 -0.03930000067 0.2822906607
v -0.05345495722 -0.03930000067 0.2841453014
v -0.0530941252 -0.03930000067 0.2842539255
v -0.05273430885 -0.03930000067 0.2843658613
v -0.05237553677 -0.03930000067 0.2844811015
v -0.02309586188 -0.04630000114 0.3147045821
v -0.02319464504 -0.04630000114 0.314243385
v -0.02329849459 -0.04630000114 0.3137832942
v -0.02340739624 -0.04630000114 0.3133243812
v -0.02340739624 -0.03930000067 0.3133243812
v -0.02329849459 -0.03930000067 0.3137832942
v -0.02319464504 -0.03930000067 0.314243385
v -0.02309586188 -0.03930000067 0.3147045821
v -0.02710031911 -0.03930000067 0.3080463548
v -0.02538345117 -0.03930000067 0.3072246291
v -0.02538345117 -0.04630000114 0.3072246291
v -0.02710031911 -0.04630000114 0.3080463548
v -0.02668985238 -0.04630000114 0.3090996459
v -0.02486968529 -0.04630000114 0.3085429894
v -0.02486968529 -0.03930000067 0.3085429894
v -0.02668985238 -0.03930000067 0.3090996459
v -0.04238414741 -0.03930000067 0.2893223108
v -0.04142850087 -0.03930000067 0.2876762253
v -0.04142850087 -0.04630000114 0.2876762253
v -0.04238414741 -0.04630000114 0.2893223108
v -0.1049587633 -0.03930000067 0.3330365813
v -0.106778928 -0.03930000067 0.3335932473
v -0.106778928 -0.04630000114 0.3335932473
v -0.1049587633 -0.04630000114 0.3330365813
v -0.1070904719 -0.04630000114 0.3322130416
v -0.1069916816 -0.04630000114 0.3326742387
v -0.1068878368 -0.04630000114 0.3331343295
v -0.106778928 -0.04630000114 0.3335932473
v -0.106778928 -0.03930000067 0.3335932473
v -0.1068878368 -0.03930000067 0.3331343295
v -0.1069916816 -0.03930000067 0.3326742387
v -0.1070904719 -0.03930000067 0.3322130416
v -0.107914131 -0.03930000067 0.3208559044
v -0.1078829259 -0.03930000067 0.3203852757
v -0.1078465424 -0.03930000067 0.319915019
v -0.1078049995 -0.03930000067 0.3194451914
v -0.1078049995 -0.04630000114 0.3194451914
v -0.1078465424 -0.04630000114 0.319915019
v -0.1078829259 -0.04630000114 0.3203852757
v -0.107914131 -0.04630000114 0.3208559044
v -0.1030114974 -0.04630000114 0.3078639363
v -0.1047243999 -0.04630000114 0.3070339744
v -0.1047243999 -0.03930000067 0.3070339744
v -0.1030114974 -0.03930000067 0.3078639363
v -0.06442942823 -0.04630000114 0.2824641856
v -0.06428262581 -0.04630000114 0.2805664693
v -0.06428262581 -0.03930000067 0.2805664693
v -0.06442942823 -0.03930000067 0.2824641856
v -0.05789890742 -0.04630000114 0.2811663464
v -0.05836431942 -0.04630000114 0.2810898061
v -0.05883054206 -0.04630000114 0.2810183894
v -0.05929752288 -0.04630000114 0.280952101
v -0.05929752288 -0.03930000067 0.280952101
v -0.05883054206 -0.03930000067 0.2810183894
v -0.05836431942 -0.03930000067 0.2810898061
v -0.05789890742 -0.03930000067 0.2811663464
v -0.07762331556 -0.03930000067 0.2844204298
v -0.07831444022 -0.03930000067 0.2826469519
v -0.07831444022 -0.04630000114 0.2826469519
v -0.07762331556 -0.04630000114 0.2844204298
v -0.08424946016 -0.03930000067 0.2850733179
v -0.08382628589 -0.03930000067 0.2848650266
v -0.08340084188 -0.03930000067 0.2846614036
v -0.08297318536 -0.03930000067 0.2844624679
v -0.08297318536 -0.04630000114 0.2844624679
v -0.08340084188 -0.04630000114 0.2846614036
v -0.08382628589 -0.04630000114 0.2848650266
v -0.08424946016 -0.04630000114 0.2850733179
v -0.07762331556 -0.03930000067 0.2844204298
v -0.07726399472 -0.03930000067 0.2843069169
v -0.07690364391 -0.03930000067 0.284196711
v -0.07654229653 -0.03930000067 0.2840898214
v -0.07696137591 -0.03930000067 0.2822331455
v -0.07741390415 -0.03930000067 0.2823661203
v -0.07786494466 -0.03930000067 0.2825040613
v -0.07831444022 -0.03930000067 0.2826469519
v -0.09332055841 -0.03930000067 0.2937230756
v -0.09471272036 -0.03930000067 0.2924250938
v -0.09471272036 -0.04630000114 0.2924250938
v -0.09332055841 -0.04630000114 0.2937230756
v -0.03686576823 -0.03930000067 0.353194553
v -0.03714025523 -0.03930000067 0.3534527312
v -0.03741710256 -0.03930000067 0.3537083726
v -0.03769628878 -0.03930000067 0.3539614582
v -0.03651312728 -0.03930000067 0.3554524252
v -0.03616310917 -0.03930000067 0.3551362828
v -0.03581658628 -0.03930000067 0.354816297
v -0.0354736039 -0.03930000067 0.3544925348
v -0.02522756095 -0.03930000067 0.3138810377
v -0.02340739624 -0.03930000067 0.3133243812
v -0.02340739624 -0.04630000114 0.3133243812
v -0.02522756095 -0.04630000114 0.3138810377
v -0.02497866342 -0.04630000114 0.3149837431
v -0.02309586188 -0.04630000114 0.3147045821
v -0.02309586188 -0.03930000067 0.3147045821
v -0.02497866342 -0.03930000067 0.3149837431
v -0.05832691017 -0.04630000114 0.2830209847
v -0.05789890742 -0.04630000114 0.2811663464
v -0.05789890742 -0.03930000067 0.2811663464
v -0.05832691017 -0.03930000067 0.2830209847
v -0.04145166486 -0.04630000114 0.2899613577
v -0.04026135273 -0.04630000114 0.2884760883
v -0.04026135273 -0.03930000067 0.2884760883
v -0.04145166486 -0.03930000067 0.2899613577
v -0.08873466894 -0.04630000114 0.3569562684
v -0.08992498107 -0.04630000114 0.3584415378
v -0.08992498107 -0.03930000067 0.3584415378
v -0.08873466894 -0.03930000067 0.3569562684
v -0.1008312565 -0.03930000067 0.3033643187
v -0.102544159 -0.03930000067 0.302534352
v -0.102544159 -0.04630000114 0.302534352
v -0.1008312565 -0.04630000114 0.3033643187
v -0.05944432053 -0.03930000067 0.2828498149
v -0.05929752288 -0.03930000067 0.280952101
v -0.05929752288 -0.04630000114 0.280952101
v -0.05944432053 -0.04630000114 0.2828498149
v -0.04702592942 -0.03930000067 0.2845488504
v -0.04659923681 -0.03930000067 0.284749838
v -0.04617477581 -0.03930000067 0.2849555058
v -0.04575260363 -0.03930000067 0.2851658251
v -0.04575260363 -0.04630000114 0.2851658251
v -0.04617477581 -0.04630000114 0.2849555058
v -0.04659923681 -0.04630000114 0.284749838
v -0.04702592942 -0.04630000114 0.2845488504
v -0.08858558323 -0.04630000114 0.2875629033
v -0.08897881221 -0.04630000114 0.2878233558
v -0.08936915158 -0.04630000114 0.2880881142
v -0.08975656317 -0.04630000114 0.2883571498
v -0.08975656317 -0.03930000067 0.2883571498
v -0.08936915158 -0.03930000067 0.2880881142
v -0.08897881221 -0.03930000067 0.2878233558
v -0.08858558323 -0.03930000067 0.2875629033
v -0.08330173013 -0.03930000067 0.2867239772
v -0.08296334712 -0.03930000067 0.2865581791
v -0.08262343823 -0.03930000067 0.2863954972
v -0.08228206069 -0.03930000067 0.2862359457
v -0.08297318536 -0.03930000067 0.2844624679
v -0.08340084188 -0.03930000067 0.2846614036
v -0.08382628589 -0.03930000067 0.2848650266
v -0.08424946016 -0.03930000067 0.2850733179
v -0.05963955626 -0.04630000114 0.3640944859
v -0.05950187763 -0.04630000114 0.3659928893
v -0.05950187763 -0.03930000067 0.3659928893
v -0.05963955626 -0.03930000067 0.3640944859
v -0.09743716832 -0.03930000067 0.298262272
v -0.09720422331 -0.03930000067 0.2979660707
v -0.09696856987 -0.03930000067 0.2976720199
v -0.09673021753 -0.03930000067 0.2973801483
v -0.09812238902 -0.03930000067 0.2960821713
v -0.0984213761 -0.03930000067 0.296446956
v -0.09871633867 -0.03930000067 0.2968150117
v -0.0990072386 -0.03930000067 0.2971862814
v -0.102544159 -0.03930000067 0.302534352
v -0.1023118432 -0.03930000067 0.3021238719
v -0.1020750356 -0.03930000067 0.3017159715
v -0.1018337553 -0.03930000067 0.3013106937
v -0.1018337553 -0.04630000114 0.3013106937
v -0.1020750356 -0.04630000114 0.3017159715
v -0.1023118432 -0.04630000114 0.3021238719
v -0.102544159 -0.04630000114 0.302534352
v -0.03274916309 -0.03930000067 0.3486553565
v -0.03298210572 -0.03930000067 0.3489515578
v -0.03321775916 -0.03930000067 0.3492456038
v -0.03345610672 -0.03930000067 0.3495374754
v -0.03206394238 -0.03930000067 0.3508354572
v -0.03176495293 -0.03930000067 0.3504706678
v -0.03146999035 -0.03930000067 0.3501026168
v -0.03117909519 -0.03930000067 0.3497313423
v -0.0242453347 -0.03930000067 0.3199296759
v -0.02236253315 -0.03930000067 0.3196505148
v -0.02236253315 -0.04630000114 0.3196505148
v -0.0242453347 -0.04630000114 0.3199296759
v -0.05345495722 -0.03930000067 0.2841453014
v -0.05302695447 -0.03930000067 0.2822906607
v -0.05302695447 -0.04630000114 0.2822906607
v -0.05345495722 -0.04630000114 0.2841453014
v -0.1034964743 -0.04630000114 0.3378179731
v -0.105316639 -0.04630000114 0.3383746391
v -0.105316639 -0.03930000067 0.3383746391
v -0.1034964743 -0.03930000067 0.3378179731
v -0.09263631674 -0.03930000067 0.3538294305
v -0.09382662887 -0.03930000067 0.3553146999
v -0.09382662887 -0.04630000114 0.3553146999
v -0.09263631674 -0.04630000114 0.3538294305
v -0.1049122759 -0.04630000114 0.3136895526
v -0.1067297493 -0.04630000114 0.3131241541
v -0.1067297493 -0.03930000067 0.3131241541
v -0.1049122759 -0.03930000067 0.3136895526
v -0.04026135273 -0.04630000114 0.2884760883
v -0.0406474616 -0.04630000114 0.2882051941
v -0.04103652688 -0.04630000114 0.2879385628
v -0.04142850087 -0.04630000114 0.2876762253
v -0.04142850087 -0.03930000067 0.2876762253
v -0.04103652688 -0.03930000067 0.2879385628
v -0.0406474616 -0.03930000067 0.2882051941
v -0.04026135273 -0.03930000067 0.2884760883
v -0.08228206069 -0.04630000114 0.2862359457
v -0.08297318536 -0.04630000114 0.2844624679
v -0.08297318536 -0.03930000067 0.2844624679
v -0.08228206069 -0.03930000067 0.2862359457
v -0.107047907 -0.03930000067 0.3145028423
v -0.106946912 -0.03930000067 0.3140421225
v -0.1068408531 -0.03930000067 0.3135825422
v -0.1067297493 -0.03930000067 0.3131241541
v -0.1067297493 -0.04630000114 0.3131241541
v -0.1068408531 -0.04630000114 0.3135825422
v -0.106946912 -0.04630000114 0.3140421225
v -0.107047907 -0.04630000114 0.3145028423
v -0.08858558323 -0.03930000067 0.2875629033
v -0.08897881221 -0.03930000067 0.2878233558
v -0.08936915158 -0.03930000067 0.2880881142
v -0.08975656317 -0.03930000067 0.2883571498
v -0.08857339928 -0.03930000067 0.2898481216
v -0.08826350243 -0.03930000067 0.2896337409
v -0.08795164102 -0.03930000067 0.2894222141
v -0.0876378532 -0.03930000067 0.289213565
v -0.06462645818 -0.03930000067 0.3644561581
v -0.06448877955 -0.03930000067 0.366354552
v -0.06448877955 -0.04630000114 0.366354552
v -0.06462645818 -0.04630000114 0.3644561581
v -0.0990072386 -0.03930000067 0.2971862814
v -0.09871633867 -0.03930000067 0.2968150117
v -0.0984213761 -0.03930000067 0.296446956
v -0.09812238902 -0.03930000067 0.2960821713
v -0.09812238902 -0.04630000114 0.2960821713
v -0.0984213761 -0.04630000114 0.296446956
v -0.09871633867 -0.04630000114 0.2968150117
v -0.0990072386 -0.04630000114 0.2971862814
v -0.09367320413 -0.03930000067 0.2914651938
v -0.09402322224 -0.03930000067 0.2917813457
v -0.09436974036 -0.03930000067 0.2921013267
v -0.09471272036 -0.03930000067 0.2924250938
v -0.09332055841 -0.03930000067 0.2937230756
v -0.09304607141 -0.03930000067 0.2934648973
v -0.09276922885 -0.03930000067 0.2932092559
v -0.09249004025 -0.03930000067 0.2929561703
v -0.1008312565 -0.03930000067 0.3033643187
v -0.1006450701 -0.03930000067 0.3030367081
v -0.10045587 -0.03930000067 0.3027108188
v -0.100263685 -0.03930000067 0.3023866843
v -0.1018337553 -0.03930000067 0.3013106937
v -0.1020750356 -0.03930000067 0.3017159715
v -0.1023118432 -0.03930000067 0.3021238719
v -0.102544159 -0.03930000067 0.302534352
v -0.05256301347 -0.03930000067 0.3624971987
v -0.05292233431 -0.03930000067 0.3626107044
v -0.05328268511 -0.03930000067 0.3627209104
v -0.0536440325 -0.03930000067 0.3628278071
v -0.05322495311 -0.03930000067 0.3646844782
v -0.05277242488 -0.03930000067 0.3645515082
v -0.05232138437 -0.03930000067 0.36441356
v -0.0518718888 -0.03930000067 0.3642706718
v -0.1030860051 -0.03930000067 0.3388712689
v -0.1032260611 -0.03930000067 0.3385214323
v -0.1033628842 -0.03930000067 0.3381703274
v -0.1034964743 -0.03930000067 0.3378179731
v -0.105316639 -0.03930000067 0.3383746391
v -0.1051502236 -0.03930000067 0.3388159617
v -0.1049789635 -0.03930000067 0.3392554342
v -0.1048028779 -0.03930000067 0.3396929899
v -0.09346314148 -0.04630000114 0.3530585455
v -0.09486153547 -0.04630000114 0.3543498181
v -0.09486153547 -0.03930000067 0.3543498181
v -0.09346314148 -0.03930000067 0.3530585455
v -0.1051664702 -0.03930000067 0.3147910508
v -0.1050851116 -0.03930000067 0.3144231138
v -0.105000377 -0.03930000067 0.3140559351
v -0.1049122759 -0.03930000067 0.3136895526
v -0.1067297493 -0.03930000067 0.3131241541
v -0.1068408531 -0.03930000067 0.3135825422
v -0.106946912 -0.03930000067 0.3140421225
v -0.107047907 -0.03930000067 0.3145028423
v -0.1034270247 -0.03930000067 0.308915247
v -0.1052444885 -0.03930000067 0.3083498437
v -0.1052444885 -0.04630000114 0.3083498437
v -0.1034270247 -0.04630000114 0.308915247
v -0.05167589911 -0.04630000114 0.2827109664
v -0.05212470276 -0.04630000114 0.2825659165
v -0.05257507044 -0.04630000114 0.2824258091
v -0.05302695447 -0.04630000114 0.2822906607
v -0.05302695447 -0.03930000067 0.2822906607
v -0.05257507044 -0.03930000067 0.2824258091
v -0.05212470276 -0.03930000067 0.2825659165
v -0.05167589911 -0.03930000067 0.2827109664
v -0.1047243999 -0.04630000114 0.3070339744
v -0.1049025852 -0.04630000114 0.3074706806
v -0.1050759544 -0.04630000114 0.3079093228
v -0.1052444885 -0.04630000114 0.3083498437
v -0.1052444885 -0.03930000067 0.3083498437
v -0.1050759544 -0.03930000067 0.3079093228
v -0.1049025852 -0.03930000067 0.3074706806
v -0.1047243999 -0.03930000067 0.3070339744
v -0.0657569008 -0.04630000114 0.3644534382
v -0.06590370321 -0.04630000114 0.3663511544
v -0.06590370321 -0.03930000067 0.3663511544
v -0.0657569008 -0.03930000067 0.3644534382
v -0.09367320413 -0.04630000114 0.2914651938
v -0.09402322224 -0.04630000114 0.2917813457
v -0.09436974036 -0.04630000114 0.2921013267
v -0.09471272036 -0.04630000114 0.2924250938
v -0.09471272036 -0.03930000067 0.2924250938
v -0.09436974036 -0.03930000067 0.2921013267
v -0.09402322224 -0.03930000067 0.2917813457
v -0.09367320413 -0.03930000067 0.2914651938
v -0.04688459413 -0.03930000067 0.3601936466
v -0.04722298668 -0.03930000067 0.3603594422
v -0.04756288602 -0.03930000067 0.3605221289
v -0.04790426833 -0.03930000067 0.3606816781
v -0.04721314367 -0.03930000067 0.3624551606
v -0.04678548714 -0.03930000067 0.3622562249
v -0.04636004314 -0.03930000067 0.3620525971
v -0.04593686887 -0.03930000067 0.3618443059
v -0.04772557185 -0.03930000067 0.2863189855
v -0.04702592942 -0.03930000067 0.2845488504
v -0.04702592942 -0.04630000114 0.2845488504
v -0.04772557185 -0.04630000114 0.2863189855
v -0.1030860051 -0.03930000067 0.3388712689
v -0.1048028779 -0.03930000067 0.3396929899
v -0.1048028779 -0.04630000114 0.3396929899
v -0.1030860051 -0.04630000114 0.3388712689
v -0.1003645525 -0.03930000067 0.3443616626
v -0.1005551724 -0.03930000067 0.3440366119
v -0.1007428072 -0.03930000067 0.343709816
v -0.1009274189 -0.03930000067 0.343381313
v -0.1026442916 -0.03930000067 0.3442030339
v -0.1024139514 -0.03930000067 0.3446146306
v -0.1021791098 -0.03930000067 0.3450236715
v -0.1019397764 -0.03930000067 0.3454300993
v -0.1048028779 -0.03930000067 0.3396929899
v -0.1049789635 -0.03930000067 0.3392554342
v -0.1051502236 -0.03930000067 0.3388159617
v -0.105316639 -0.03930000067 0.3383746391
v -0.105316639 -0.04630000114 0.3383746391
v -0.1051502236 -0.04630000114 0.3388159617
v -0.1049789635 -0.04630000114 0.3392554342
v -0.1048028779 -0.04630000114 0.3396929899
v -0.09685519245 -0.03930000067 0.3493851291
v -0.09825357691 -0.03930000067 0.3506764017
v -0.09825357691 -0.04630000114 0.3506764017
v -0.09685519245 -0.04630000114 0.3493851291
v -0.1047243999 -0.03930000067 0.3070339744
v -0.1049025852 -0.03930000067 0.3074706806
v -0.1050759544 -0.03930000067 0.3079093228
v -0.1052444885 -0.03930000067 0.3083498437
v -0.1034270247 -0.03930000067 0.308915247
v -0.1032917358 -0.03930000067 0.3085635417
v -0.1031532235 -0.03930000067 0.3082130953
v -0.1030114974 -0.03930000067 0.3078639363
v -0.0876378532 -0.04630000114 0.289213565
v -0.08858558323 -0.04630000114 0.2875629033
v -0.08858558323 -0.03930000067 0.2875629033
v -0.0876378532 -0.03930000067 0.289213565
v -0.0354736039 -0.03930000067 0.3544925348
v -0.03581658628 -0.03930000067 0.354816297
v -0.03616310917 -0.03930000067 0.3551362828
v -0.03651312728 -0.03930000067 0.3554524252
v -0.03651312728 -0.04630000114 0.3554524252
v -0.03616310917 -0.04630000114 0.3551362828
v -0.03581658628 -0.04630000114 0.354816297
v -0.0354736039 -0.04630000114 0.3544925348
v -0.08330173013 -0.03930000067 0.2867239772
v -0.08424946016 -0.03930000067 0.2850733179
v -0.08424946016 -0.04630000114 0.2850733179
v -0.08330173013 -0.04630000114 0.2867239772
v -0.0707420085 -0.03930000067 0.3640678112
v -0.07088880615 -0.03930000067 0.3659655275
v -0.07088880615 -0.04630000114 0.3659655275
v -0.0707420085 -0.04630000114 0.3640678112
v -0.0416007458 -0.03930000067 0.3593547181
v -0.04120751681 -0.03930000067 0.3590942703
v -0.04081717268 -0.03930000067 0.3588295119
v -0.04042976586 -0.03930000067 0.3585604715
v -0.04161292498 -0.03930000067 0.3570695046
v -0.04192282659 -0.03930000067 0.3572838805
v -0.04223468323 -0.03930000067 0.3574954049
v -0.04254847106 -0.03930000067 0.3577040587
v -0.09913311064 -0.03930000067 0.3495680494
v -0.09884400492 -0.03930000067 0.3499407172
v -0.09855080794 -0.03930000067 0.3503101807
v -0.09825357691 -0.03930000067 0.3506764017
v -0.09685519245 -0.03930000067 0.3493851291
v -0.09709213232 -0.03930000067 0.3490921123
v -0.09732637329 -0.03930000067 0.3487969306
v -0.09755788675 -0.03930000067 0.3484996127
v -0.1019397764 -0.03930000067 0.3454300993
v -0.1021791098 -0.03930000067 0.3450236715
v -0.1024139514 -0.03930000067 0.3446146306
v -0.1026442916 -0.03930000067 0.3442030339
v -0.1026442916 -0.04630000114 0.3442030339
v -0.1024139514 -0.04630000114 0.3446146306
v -0.1021791098 -0.04630000114 0.3450236715
v -0.1019397764 -0.04630000114 0.3454300993
v -0.02416356387 -0.04630000114 0.3210571622
v -0.0222601873 -0.04630000114 0.3210617337
v -0.0222601873 -0.03930000067 0.3210617337
v -0.02416356387 -0.03930000067 0.3210571622
v -0.03117909519 -0.03930000067 0.3497313423
v -0.03146999035 -0.03930000067 0.3501026168
v -0.03176495293 -0.03930000067 0.3504706678
v -0.03206394238 -0.03930000067 0.3508354572
v -0.03206394238 -0.04630000114 0.3508354572
v -0.03176495293 -0.04630000114 0.3504706678
v -0.03146999035 -0.04630000114 0.3501026168
v -0.03117909519 -0.04630000114 0.3497313423
v -0.07781079225 -0.04630000114 0.3624365198
v -0.07851042991 -0.04630000114 0.3642066621
v -0.07851042991 -0.03930000067 0.3642066621
v -0.07781079225 -0.03930000067 0.3624365198
v -0.02501985647 -0.03930000067 0.332126573
v -0.02510121269 -0.03930000067 0.3324945099
v -0.0251859473 -0.03930000067 0.3328616934
v -0.02527405314 -0.03930000067 0.3332280663
v -0.02345658454 -0.03930000067 0.3337934744
v -0.02334547829 -0.03930000067 0.3333350815
v -0.02323941937 -0.03930000067 0.3328754965
v -0.02313841968 -0.03930000067 0.3324147766
v -0.05237553677 -0.04630000114 0.2844811015
v -0.05167589911 -0.04630000114 0.2827109664
v -0.05167589911 -0.03930000067 0.2827109664
v -0.05237553677 -0.03930000067 0.2844811015
v -0.1009274189 -0.04630000114 0.343381313
v -0.1026442916 -0.04630000114 0.3442030339
v -0.1026442916 -0.03930000067 0.3442030339
v -0.1009274189 -0.03930000067 0.343381313
v -0.0707420085 -0.03930000067 0.3640678112
v -0.07111499519 -0.03930000067 0.3640141759
v -0.07148747644 -0.03930000067 0.3639571169
v -0.07185941885 -0.03930000067 0.3638966438
v -0.07228742161 -0.03930000067 0.3657512821
v -0.0718220096 -0.03930000067 0.3658278153
v -0.07135578696 -0.03930000067 0.3658992368
v -0.07088880615 -0.03930000067 0.3659655275
v -0.09913311064 -0.04630000114 0.3495680494
v -0.09884400492 -0.04630000114 0.3499407172
v -0.09855080794 -0.04630000114 0.3503101807
v -0.09825357691 -0.04630000114 0.3506764017
v -0.09825357691 -0.03930000067 0.3506764017
v -0.09855080794 -0.03930000067 0.3503101807
v -0.09884400492 -0.03930000067 0.3499407172
v -0.09913311064 -0.03930000067 0.3495680494
v -0.02417557941 -0.03930000067 0.3260571479
v -0.02227220045 -0.03930000067 0.3260617193
v -0.02227220045 -0.04630000114 0.3260617193
v -0.02417557941 -0.04630000114 0.3260571479
v -0.0518718888 -0.03930000067 0.3642706718
v -0.05232138437 -0.03930000067 0.36441356
v -0.05277242488 -0.03930000067 0.3645515082
v -0.05322495311 -0.03930000067 0.3646844782
v -0.05322495311 -0.04630000114 0.3646844782
v -0.05277242488 -0.04630000114 0.3645515082
v -0.05232138437 -0.04630000114 0.36441356
v -0.0518718888 -0.04630000114 0.3642706718
v -0.08246075718 -0.03930000067 0.3605986382
v -0.08316039483 -0.03930000067 0.362368771
v -0.08316039483 -0.04630000114 0.362368771
v -0.08246075718 -0.04630000114 0.3605986382
v -0.02935507016 -0.03930000067 0.3435533003
v -0.02954126373 -0.03930000067 0.3438809157
v -0.02973045898 -0.03930000067 0.3442068049
v -0.02992264399 -0.03930000067 0.3445309394
v -0.02835257371 -0.03930000067 0.3456069252
v -0.02811129339 -0.03930000067 0.3452016522
v -0.02787448104 -0.03930000067 0.3447937566
v -0.02764217003 -0.03930000067 0.344383267
v -0.03769628878 -0.04630000114 0.3539614582
v -0.03651312728 -0.04630000114 0.3554524252
v -0.03651312728 -0.03930000067 0.3554524252
v -0.03769628878 -0.03930000067 0.3539614582
v -0.03686576823 -0.03930000067 0.353194553
v -0.0354736039 -0.03930000067 0.3544925348
v -0.0354736039 -0.04630000114 0.3544925348
v -0.03686576823 -0.04630000114 0.353194553
v -0.0222601873 -0.03930000067 0.3210617337
v -0.02228912811 -0.03930000067 0.3205909618
v -0.02232324498 -0.03930000067 0.3201205381
v -0.02236253315 -0.03930000067 0.3196505148
v -0.0242453347 -0.03930000067 0.3199296759
v -0.02421462466 -0.03930000067 0.3203052472
v -0.02418736692 -0.03930000067 0.3206810855
v -0.02416356387 -0.03930000067 0.3210571622
v -0.08246075718 -0.03930000067 0.3605986382
v -0.08280137121 -0.03930000067 0.3604374476
v -0.08314047844 -0.03930000067 0.3602731384
v -0.08347806931 -0.03930000067 0.3601057108
v -0.08443372063 -0.03930000067 0.3617517987
v -0.08401154845 -0.03930000067 0.3619621227
v -0.08358708744 -0.03930000067 0.3621677833
v -0.08316039483 -0.03930000067 0.362368771
v -0.07088880615 -0.03930000067 0.3659655275
v -0.07135578696 -0.03930000067 0.3658992368
v -0.0718220096 -0.03930000067 0.3658278153
v -0.07228742161 -0.03930000067 0.3657512821
v -0.07228742161 -0.04630000114 0.3657512821
v -0.0718220096 -0.04630000114 0.3658278153
v -0.07135578696 -0.04630000114 0.3658992368
v -0.07088880615 -0.04630000114 0.3659655275
v -0.02426276629 -0.04630000114 0.3271842239
v -0.0223813295 -0.04630000114 0.3274724323
v -0.0223813295 -0.03930000067 0.3274724323
v -0.02426276629 -0.03930000067 0.3271842239
v -0.09263631674 -0.03930000067 0.3538294305
v -0.09291428374 -0.03930000067 0.3535750088
v -0.09318990471 -0.03930000067 0.3533180408
v -0.09346314148 -0.03930000067 0.3530585455
v -0.09486153547 -0.03930000067 0.3543498181
v -0.0945201111 -0.03930000067 0.3546752314
v -0.09417512952 -0.03930000067 0.3549968778
v -0.09382662887 -0.03930000067 0.3553146999
v -0.08875782816 -0.03930000067 0.359241396
v -0.08914980692 -0.03930000067 0.3589790586
v -0.08953886742 -0.03930000067 0.3587124297
v -0.08992498107 -0.03930000067 0.3584415378
v -0.08992498107 -0.04630000114 0.3584415378
v -0.08953886742 -0.04630000114 0.3587124297
v -0.08914980692 -0.04630000114 0.3589790586
v -0.08875782816 -0.04630000114 0.359241396
v -0.04593686887 -0.03930000067 0.3618443059
v -0.04636004314 -0.03930000067 0.3620525971
v -0.04678548714 -0.03930000067 0.3622562249
v -0.04721314367 -0.03930000067 0.3624551606
v -0.04721314367 -0.04630000114 0.3624551606
v -0.04678548714 -0.04630000114 0.3622562249
v -0.04636004314 -0.04630000114 0.3620525971
v -0.04593686887 -0.04630000114 0.3618443059
v -0.08347806931 -0.04630000114 0.3601057108
v -0.08443372063 -0.04630000114 0.3617517987
v -0.08443372063 -0.03930000067 0.3617517987
v -0.08347806931 -0.03930000067 0.3601057108
v -0.06462645818 -0.03930000067 0.3644561581
v -0.06500327398 -0.03930000067 0.3644587133
v -0.06538009931 -0.03930000067 0.3644578067
v -0.0657569008 -0.03930000067 0.3644534382
v -0.06590370321 -0.03930000067 0.3663511544
v -0.06543208267 -0.03930000067 0.3663574781
v -0.06496042396 -0.03930000067 0.3663586043
v -0.06448877955 -0.03930000067 0.366354552
v -0.05950187763 -0.04630000114 0.3659928893
v -0.05903458188 -0.04630000114 0.3659288414
v -0.05856802044 -0.04630000114 0.3658596722
v -0.05810225054 -0.04630000114 0.3657853627
v -0.05810225054 -0.03930000067 0.3657853627
v -0.05856802044 -0.03930000067 0.3658596722
v -0.05903458188 -0.03930000067 0.3659288414
v -0.05950187763 -0.03930000067 0.3659928893
v -0.02546193151 -0.03930000067 0.3398836542
v -0.02528374862 -0.03930000067 0.3394469479
v -0.02511037463 -0.03930000067 0.3390083057
v -0.02494183815 -0.03930000067 0.3385677848
v -0.02675930675 -0.03930000067 0.3380023767
v -0.02689459084 -0.03930000067 0.338354082
v -0.02703310311 -0.03930000067 0.3387045285
v -0.02717483165 -0.03930000067 0.3390536875
v -0.03345610672 -0.04630000114 0.3495374754
v -0.03206394238 -0.04630000114 0.3508354572
v -0.03206394238 -0.03930000067 0.3508354572
v -0.03345610672 -0.03930000067 0.3495374754
v -0.03274916309 -0.03930000067 0.3486553565
v -0.03117909519 -0.03930000067 0.3497313423
v -0.03117909519 -0.04630000114 0.3497313423
v -0.03274916309 -0.04630000114 0.3486553565
v -0.04161292498 -0.03930000067 0.3570695046
v -0.04042976586 -0.03930000067 0.3585604715
v -0.04042976586 -0.04630000114 0.3585604715
v -0.04161292498 -0.04630000114 0.3570695046
v -0.0222601873 -0.04630000114 0.3210617337
v -0.02228912811 -0.04630000114 0.3205909618
v -0.02232324498 -0.04630000114 0.3201205381
v -0.02236253315 -0.04630000114 0.3196505148
v -0.02236253315 -0.03930000067 0.3196505148
v -0.02232324498 -0.03930000067 0.3201205381
v -0.02228912811 -0.03930000067 0.3205909618
v -0.0222601873 -0.03930000067 0.3210617337
v -0.1003645525 -0.03930000067 0.3443616626
v -0.1019397764 -0.03930000067 0.3454300993
v -0.1019397764 -0.04630000114 0.3454300993
v -0.1003645525 -0.04630000114 0.3443616626
v -0.07851042991 -0.03930000067 0.3642066621
v -0.07806162627 -0.03930000067 0.3643517072
v -0.07761125858 -0.03930000067 0.3644918123
v -0.07715936978 -0.03930000067 0.3646269583
v -0.0767313718 -0.03930000067 0.36277232
v -0.07709220382 -0.03930000067 0.3626636958
v -0.07745202018 -0.03930000067 0.3625517625
v -0.07781079225 -0.03930000067 0.3624365198
v -0.08316039483 -0.03930000067 0.362368771
v -0.08358708744 -0.03930000067 0.3621677833
v -0.08401154845 -0.03930000067 0.3619621227
v -0.08443372063 -0.03930000067 0.3617517987
v -0.08443372063 -0.04630000114 0.3617517987
v -0.08401154845 -0.04630000114 0.3619621227
v -0.08358708744 -0.04630000114 0.3621677833
v -0.08316039483 -0.04630000114 0.362368771
v -0.02501985647 -0.03930000067 0.332126573
v -0.02313841968 -0.03930000067 0.3324147766
v -0.02313841968 -0.04630000114 0.3324147766
v -0.02501985647 -0.04630000114 0.332126573
v -0.09382662887 -0.03930000067 0.3553146999
v -0.09417512952 -0.03930000067 0.3549968778
v -0.0945201111 -0.03930000067 0.3546752314
v -0.09486153547 -0.03930000067 0.3543498181
v -0.09486153547 -0.04630000114 0.3543498181
v -0.0945201111 -0.04630000114 0.3546752314
v -0.09417512952 -0.04630000114 0.3549968778
v -0.09382662887 -0.04630000114 0.3553146999
v -0.08780217685 -0.03930000067 0.3575953177
v -0.08811496258 -0.03930000067 0.3573851559
v -0.08842580281 -0.03930000067 0.3571721331
v -0.08873466894 -0.03930000067 0.3569562684
v -0.08992498107 -0.03930000067 0.3584415378
v -0.08953886742 -0.03930000067 0.3587124297
v -0.08914980692 -0.03930000067 0.3589790586
v -0.08875782816 -0.03930000067 0.359241396
v -0.0416007458 -0.04630000114 0.3593547181
v -0.04120751681 -0.04630000114 0.3590942703
v -0.04081717268 -0.04630000114 0.3588295119
v -0.04042976586 -0.04630000114 0.3585604715
v -0.04042976586 -0.03930000067 0.3585604715
v -0.04081717268 -0.03930000067 0.3588295119
v -0.04120751681 -0.03930000067 0.3590942703
v -0.0416007458 -0.03930000067 0.3593547181
v -0.08780217685 -0.03930000067 0.3575953177
v -0.08875782816 -0.03930000067 0.359241396
v -0.08875782816 -0.04630000114 0.359241396
v -0.08780217685 -0.04630000114 0.3575953177
v -0.06448877955 -0.03930000067 0.366354552
v -0.06496042396 -0.03930000067 0.3663586043
v -0.06543208267 -0.03930000067 0.3663574781
v -0.06590370321 -0.03930000067 0.3663511544
v -0.06590370321 -0.04630000114 0.3663511544
v -0.06543208267 -0.04630000114 0.3663574781
v -0.06496042396 -0.04630000114 0.3663586043
v -0.06448877955 -0.04630000114 0.366354552
v -0.05950187763 -0.03930000067 0.3659928893
v -0.05903458188 -0.03930000067 0.3659288414
v -0.05856802044 -0.03930000067 0.3658596722
v -0.05810225054 -0.03930000067 0.3657853627
v -0.05852133469 -0.03930000067 0.3639286916
v -0.05889355865 -0.03930000067 0.3639873801
v -0.05926631189 -0.03930000067 0.3640426448
v -0.05963955626 -0.03930000067 0.3640944859
v -0.02417557941 -0.03930000067 0.3260571479
v -0.02420118861 -0.03930000067 0.3264331006
v -0.02423025249 -0.03930000067 0.3268088053
v -0.02426276629 -0.03930000067 0.3271842239
v -0.0223813295 -0.03930000067 0.3274724323
v -0.02233978423 -0.03930000067 0.3270026048
v -0.0223034055 -0.03930000067 0.326532348
v -0.02227220045 -0.03930000067 0.3260617193
v -0.0536440325 -0.04630000114 0.3628278071
v -0.05322495311 -0.04630000114 0.3646844782
v -0.05322495311 -0.03930000067 0.3646844782
v -0.0536440325 -0.03930000067 0.3628278071
v -0.05256301347 -0.03930000067 0.3624971987
v -0.0518718888 -0.03930000067 0.3642706718
v -0.0518718888 -0.04630000114 0.3642706718
v -0.05256301347 -0.04630000114 0.3624971987
v -0.02527405314 -0.04630000114 0.3332280663
v -0.02345658454 -0.04630000114 0.3337934744
v -0.02345658454 -0.03930000067 0.3337934744
v -0.02527405314 -0.03930000067 0.3332280663
v -0.07851042991 -0.04630000114 0.3642066621
v -0.07806162627 -0.04630000114 0.3643517072
v -0.07761125858 -0.04630000114 0.3644918123
v -0.07715936978 -0.04630000114 0.3646269583
v -0.07715936978 -0.03930000067 0.3646269583
v -0.07761125858 -0.03930000067 0.3644918123
v -0.07806162627 -0.03930000067 0.3643517072
v -0.07851042991 -0.03930000067 0.3642066621
v -0.02717483165 -0.04630000114 0.3390536875
v -0.02546193151 -0.04630000114 0.3398836542
v -0.02546193151 -0.03930000067 0.3398836542
v -0.02717483165 -0.03930000067 0.3390536875
v -0.02313841968 -0.03930000067 0.3324147766
v -0.02323941937 -0.03930000067 0.3328754965
v -0.02334547829 -0.03930000067 0.3333350815
v -0.02345658454 -0.03930000067 0.3337934744
v -0.02345658454 -0.04630000114 0.3337934744
v -0.02334547829 -0.04630000114 0.3333350815
v -0.02323941937 -0.04630000114 0.3328754965
v -0.02313841968 -0.04630000114 0.3324147766
v -0.07185941885 -0.04630000114 0.3638966438
v -0.07228742161 -0.04630000114 0.3657512821
v -0.07228742161 -0.03930000067 0.3657512821
v -0.07185941885 -0.03930000067 0.3638966438
v -0.05852133469 -0.03930000067 0.3639286916
v -0.05810225054 -0.03930000067 0.3657853627
v -0.05810225054 -0.04630000114 0.3657853627
v -0.05852133469 -0.04630000114 0.3639286916
v -0.04790426833 -0.04630000114 0.3606816781
v -0.04721314367 -0.04630000114 0.3624551606
v -0.04721314367 -0.03930000067 0.3624551606
v -0.04790426833 -0.03930000067 0.3606816781
v -0.04688459413 -0.03930000067 0.3601936466
v -0.04593686887 -0.03930000067 0.3618443059
v -0.04593686887 -0.04630000114 0.3618443059
v -0.04688459413 -0.04630000114 0.3601936466
v -0.02675930675 -0.03930000067 0.3380023767
v -0.02494183815 -0.03930000067 0.3385677848
v -0.02494183815 -0.04630000114 0.3385677848
v -0.02675930675 -0.04630000114 0.3380023767
v -0.09755788675 -0.04630000114 0.3484996127
v -0.09913311064 -0.04630000114 0.3495680494
v -0.09913311064 -0.03930000067 0.3495680494
v -0.09755788675 -0.03930000067 0.3484996127
v -0.02935507016 -0.03930000067 0.3435533003
v -0.02764217003 -0.03930000067 0.344383267
v -0.02764217003 -0.04630000114 0.344383267
v -0.02935507016 -0.04630000114 0.3435533003
v -0.02764217003 -0.03930000067 0.344383267
v -0.02787448104 -0.03930000067 0.3447937566
v -0.02811129339 -0.03930000067 0.3452016522
v -0.02835257371 -0.03930000067 0.3456069252
v -0.02835257371 -0.04630000114 0.3456069252
v -0.02811129339 -0.04630000114 0.3452016522
v -0.02787448104 -0.04630000114 0.3447937566
v -0.02764217003 -0.04630000114 0.344383267
v -0.0767313718 -0.03930000067 0.36277232
v -0.07715936978 -0.03930000067 0.3646269583
v -0.07715936978 -0.04630000114 0.3646269583
v -0.0767313718 -0.04630000114 0.36277232
v -0.04254847106 -0.04630000114 0.3577040587
v -0.0416007458 -0.04630000114 0.3593547181
v -0.0416007458 -0.03930000067 0.3593547181
v -0.04254847106 -0.03930000067 0.3577040587
v -0.02992264399 -0.04630000114 0.3445309394
v -0.02835257371 -0.04630000114 0.3456069252
v -0.02835257371 -0.03930000067 0.3456069252
v -0.02992264399 -0.03930000067 0.3445309394
v -0.02546193151 -0.04630000114 0.3398836542
v -0.02528374862 -0.04630000114 0.3394469479
v -0.02511037463 -0.04630000114 0.3390083057
v -0.02494183815 -0.04630000114 0.3385677848
v -0.02494183815 -0.03930000067 0.3385677848
v -0.02511037463 -0.03930000067 0.3390083057
v -0.02528374862 -0.03930000067 0.3394469479
v -0.02546193151 -0.03930000067 0.3398836542
v -0.02227220045 -0.03930000067 0.3260617193
v -0.0223034055 -0.03930000067 0.326532348
v -0.02233978423 -0.03930000067 0.3270026048
v -0.0223813295 -0.03930000067 0.3274724323
v -0.0223813295 -0.04630000114 0.3274724323
v -0.02233978423 -0.04630000114 0.3270026048
v -0.0223034055 -0.04630000114 0.326532348
v -0.02227220045 -0.04630000114 0.3260617193
f 2 3 1
f 1 3 4
f 1 4 5
f 5 6 1
f 16 7 15
f 15 7 8
f 15 8 14
f 14 8 9
f 14 9 13
f 13 9 10
f 13 10 12
f 12 10 11
f 26 17 25
f 25 17 18
f 25 18 24
f 24 18 19
f 24 19 23
f 23 19 20
f 23 20 22
f 22 20 21
f 28 66 27
f 27 66 47
f 27 47 46
f 46 47 48
f 46 48 45
f 45 48 49
f 45 49 44
f 44 49 50
f 44 50 43
f 43 50 51
f 43 51 42
f 42 51 52
f 42 52 41
f 41 52 53
f 41 53 40
f 40 53 54
f 40 54 39
f 39 54 55
f 39 55 38
f 38 55 56
f 38 56 37
f 37 56 67
f 68 57 36
f 36 57 58
f 36 58 35
f 35 58 59
f 35 59 34
f 34 59 60
f 34 60 33
f 33 60 61
f 33 61 32
f 32 61 62
f 32 62 31
f 31 62 63
f 31 63 30
f 30 63 64
f 30 64 29
f 29 64 65
f 29 65 28
f 28 65 66
f 70 88 69
f 69 88 89
f 69 89 87
f 87 89 90
f 87 90 86
f 86 90 91
f 86 91 85
f 85 91 92
f 85 92 84
f 84 92 93
f 84 93 83
f 83 93 94
f 83 94 82
f 82 94 95
f 82 95 81
f 81 95 96
f 81 96 80
f 80 96 108
f 80 108 79
f 107 97 98
f 107 98 78
f 78 98 99
f 78 99 77
f 77 99 100
f 77 100 76
f 76 100 101
f 76 101 75
f 75 101 102
f 75 102 74
f 74 102 103
f 74 103 73
f 73 103 104
f 73 104 72
f 72 104 105
f 72 105 71
f 71 105 106
f 71 106 70
f 70 106 88
f 110 168 109
f 109 168 139
f 109 139 138
f 138 139 140
f 138 140 137
f 137 140 141
f 137 141 136
f 136 141 142
f 136 142 135
f 135 142 143
f 135 143 134
f 134 143 144
f 134 144 133
f 133 144 145
f 133 145 132
f 132 145 146
f 132 146 131
f 131 146 147
f 131 147 130
f 130 147 148
f 130 148 129
f 129 148 149
f 129 149 128
f 128 149 150
f 128 150 127
f 127 150 151
f 127 151 126
f 126 151 152
f 126 152 125
f 125 152 153
f 125 153 124
f 124 153 170
f 169 154 123
f 123 154 155
f 123 155 122
f 122 155 156
f 122 156 121
f 121 156 157
f 121 157 120
f 120 157 158
f 120 158 119
f 119 158 159
f 119 159 118
f 118 159 160
f 118 160 117
f 117 160 161
f 117 161 116
f 116 161 162
f 116 162 115
f 115 162 163
f 115 163 114
f 114 163 164
f 114 164 113
f 113 164 165
f 113 165 112
f 112 165 166
f 112 166 111
f 111 166 167
f 111 167 110
f 110 167 168
f 172 182 171
f 171 182 177
f 171 177 176
f 176 177 178
f 176 178 175
f 175 178 179
f 175 179 174
f 174 179 183
f 184 180 173
f 173 180 181
f 173 181 172
f 172 181 182
f 186 187 185
f 185 187 188
f 185 188 194
f 194 188 189
f 194 189 193
f 193 189 190
f 193 190 191
f 191 192 193
f 185 194 208
f 208 194 195
f 208 195 196
f 208 196 207
f 207 196 197
f 207 197 206
f 206 197 203
f 206 203 205
f 205 203 204
f 203 197 202
f 202 197 198
f 202 198 199
f 199 200 202
f 202 200 201
f 210 220 209
f 209 220 215
f 209 215 214
f 214 215 216
f 214 216 213
f 213 216 217
f 213 217 212
f 212 217 221
f 222 218 211
f 211 218 219
f 211 219 210
f 210 219 220
f 224 225 223
f 223 225 226
f 223 226 232
f 232 226 227
f 232 227 231
f 231 227 228
f 231 228 229
f 229 230 231
f 223 232 246
f 246 232 233
f 246 233 245
f 245 233 234
f 245 234 235
f 236 240 235
f 235 240 241
f 235 241 244
f 244 241 243
f 243 241 242
f 237 238 236
f 236 238 239
f 236 239 240
f 244 245 235
f 247 248 258
f 258 248 249
f 258 249 257
f 257 249 250
f 257 250 256
f 256 250 251
f 256 251 255
f 255 251 252
f 255 252 254
f 254 252 253
f 259 260 264
f 264 260 261
f 264 261 262
f 262 263 264
f 265 266 270
f 270 266 267
f 270 267 268
f 268 269 270
f 272 282 271
f 271 282 277
f 271 277 276
f 276 277 278
f 276 278 275
f 275 278 279
f 275 279 274
f 274 279 283
f 284 280 273
f 273 280 281
f 273 281 272
f 272 281 282
f 286 305 285
f 285 305 306
f 285 306 304
f 304 306 307
f 304 307 303
f 303 307 308
f 303 308 302
f 302 308 309
f 302 309 301
f 301 309 310
f 301 310 300
f 300 310 311
f 300 311 299
f 299 311 312
f 299 312 298
f 298 312 313
f 298 313 297
f 297 313 314
f 297 314 296
f 296 314 295
f 295 314 325
f 326 315 294
f 294 315 316
f 294 316 317
f 305 286 324
f 324 286 287
f 324 287 323
f 323 287 288
f 323 288 322
f 322 288 289
f 322 289 321
f 321 289 290
f 321 290 320
f 320 290 291
f 320 291 319
f 319 291 292
f 319 292 318
f 318 292 293
f 318 293 317
f 317 293 294
f 327 328 338
f 338 328 329
f 338 329 337
f 337 329 330
f 337 330 336
f 336 330 331
f 336 331 335
f 335 331 332
f 335 332 334
f 334 332 333
f 340 383 339
f 339 383 384
f 339 384 391
f 391 384 390
f 390 384 385
f 390 385 387
f 387 385 386
f 341 381 340
f 340 381 382
f 340 382 383
f 381 341 380
f 380 341 342
f 380 342 379
f 379 342 343
f 379 343 378
f 378 343 344
f 378 344 377
f 377 344 376
f 376 344 345
f 376 345 375
f 375 345 346
f 375 346 374
f 374 346 373
f 373 346 438
f 373 438 372
f 372 438 439
f 372 439 370
f 370 439 369
f 369 439 368
f 438 346 437
f 437 346 347
f 437 347 436
f 436 347 435
f 435 347 348
f 435 348 434
f 434 348 349
f 434 349 433
f 433 349 350
f 433 350 432
f 432 350 351
f 432 351 431
f 431 351 352
f 431 352 430
f 430 352 353
f 430 353 429
f 429 353 428
f 428 353 427
f 427 353 420
f 427 420 426
f 426 420 421
f 426 421 424
f 424 421 423
f 423 421 422
f 353 354 420
f 420 354 419
f 419 354 418
f 418 354 417
f 417 354 355
f 417 355 416
f 416 355 356
f 416 356 415
f 415 356 357
f 415 357 414
f 414 357 358
f 414 358 413
f 413 358 359
f 413 359 412
f 412 359 360
f 412 360 411
f 411 360 410
f 410 360 361
f 410 361 409
f 409 361 402
f 409 402 408
f 408 402 403
f 408 403 406
f 406 403 405
f 405 403 404
f 362 400 361
f 361 400 401
f 361 401 402
f 400 362 399
f 399 362 363
f 399 363 398
f 398 363 397
f 397 363 364
f 397 364 396
f 396 364 365
f 396 365 395
f 395 365 366
f 395 366 394
f 394 366 367
f 394 367 393
f 393 367 392
f 392 367 339
f 392 339 391
f 370 371 372
f 387 388 390
f 390 388 389
f 406 407 408
f 424 425 426
f 440 441 449
f 449 441 442
f 449 442 448
f 448 442 443
f 448 443 447
f 447 443 444
f 447 444 446
f 446 444 445
f 450 451 459
f 459 451 452
f 459 452 458
f 458 452 453
f 458 453 457
f 457 453 454
f 457 454 456
f 456 454 455
f 461 471 460
f 460 471 466
f 460 466 465
f 465 466 467
f 465 467 464
f 464 467 468
f 464 468 463
f 463 468 472
f 473 469 462
f 462 469 470
f 462 470 461
f 461 470 471
f 475 493 474
f 474 493 494
f 474 494 492
f 492 494 495
f 492 495 491
f 491 495 496
f 491 496 490
f 490 496 497
f 490 497 489
f 489 497 498
f 489 498 488
f 488 498 499
f 488 499 487
f 487 499 500
f 487 500 486
f 486 500 501
f 486 501 485
f 485 501 513
f 485 513 484
f 512 502 503
f 512 503 483
f 483 503 504
f 483 504 482
f 482 504 505
f 482 505 481
f 481 505 506
f 481 506 480
f 480 506 507
f 480 507 479
f 479 507 508
f 479 508 478
f 478 508 509
f 478 509 477
f 477 509 510
f 477 510 476
f 476 510 511
f 476 511 475
f 475 511 493
f 543 514 559
f 559 514 515
f 559 515 558
f 558 515 516
f 558 516 577
f 577 516 576
f 576 516 517
f 576 517 518
f 576 518 575
f 575 518 519
f 575 519 574
f 574 519 553
f 574 553 554
f 519 520 553
f 553 520 552
f 552 520 521
f 552 521 522
f 552 522 551
f 551 522 523
f 551 523 550
f 550 523 524
f 550 524 572
f 572 524 571
f 571 524 525
f 571 525 570
f 570 525 526
f 570 526 527
f 528 545 527
f 527 545 569
f 527 569 570
f 545 528 544
f 544 528 529
f 544 529 530
f 544 530 549
f 549 530 531
f 549 531 587
f 587 531 586
f 586 531 532
f 586 532 533
f 586 533 585
f 585 533 534
f 585 534 584
f 584 534 562
f 584 562 563
f 534 535 562
f 562 535 567
f 567 535 536
f 567 536 537
f 567 537 566
f 566 537 538
f 566 538 565
f 565 538 539
f 565 539 582
f 582 539 581
f 581 539 540
f 581 540 580
f 580 540 541
f 580 541 542
f 543 560 542
f 542 560 579
f 542 579 580
f 560 543 559
f 545 546 569
f 569 546 568
f 568 546 547
f 568 547 548
f 568 548 587
f 587 548 549
f 574 554 573
f 573 554 555
f 573 555 572
f 572 555 550
f 561 556 578
f 578 556 557
f 578 557 577
f 577 557 558
f 560 561 579
f 579 561 578
f 584 563 583
f 583 563 564
f 583 564 582
f 582 564 565
f 589 632 588
f 588 632 633
f 588 633 617
f 617 633 634
f 617 634 616
f 616 634 635
f 616 635 615
f 615 635 636
f 615 636 614
f 614 636 637
f 614 637 613
f 613 637 638
f 613 638 612
f 612 638 639
f 612 639 611
f 611 639 640
f 611 640 610
f 610 640 641
f 610 641 609
f 609 641 642
f 609 642 608
f 608 642 643
f 608 643 607
f 607 643 644
f 607 644 606
f 606 644 645
f 606 645 605
f 605 645 646
f 605 646 604
f 604 646 647
f 604 647 603
f 603 647 649
f 648 618 602
f 602 618 619
f 602 619 601
f 601 619 620
f 601 620 600
f 600 620 621
f 600 621 599
f 599 621 622
f 599 622 598
f 598 622 623
f 598 623 597
f 597 623 624
f 597 624 596
f 596 624 625
f 596 625 595
f 595 625 626
f 595 626 594
f 594 626 627
f 594 627 593
f 593 627 628
f 593 628 592
f 592 628 629
f 592 629 591
f 591 629 630
f 591 630 590
f 590 630 631
f 590 631 589
f 589 631 632
f 657 650 656
f 656 650 651
f 656 651 652
f 653 654 652
f 652 654 655
f 652 655 656
f 658 659 665
f 665 659 664
f 664 659 663
f 663 659 660
f 663 660 662
f 662 660 661
f 667 668 666
f 666 668 669
f 666 669 670
f 670 671 666
f 679 672 678
f 678 672 673
f 678 673 674
f 675 676 674
f 674 676 677
f 674 677 678
f 680 681 691
f 691 681 682
f 691 682 690
f 690 682 683
f 690 683 689
f 689 683 684
f 689 684 688
f 688 684 685
f 688 685 687
f 687 685 686
f 699 692 698
f 698 692 693
f 698 693 694
f 695 696 694
f 694 696 697
f 694 697 698
f 701 739 700
f 700 739 720
f 700 720 719
f 719 720 721
f 719 721 718
f 718 721 722
f 718 722 717
f 717 722 723
f 717 723 716
f 716 723 724
f 716 724 715
f 715 724 725
f 715 725 714
f 714 725 726
f 714 726 713
f 713 726 727
f 713 727 712
f 712 727 728
f 712 728 711
f 711 728 729
f 711 729 710
f 710 729 741
f 740 730 709
f 709 730 731
f 709 731 708
f 708 731 732
f 708 732 707
f 707 732 733
f 707 733 706
f 706 733 734
f 706 734 705
f 705 734 735
f 705 735 704
f 704 735 736
f 704 736 703
f 703 736 737
f 703 737 702
f 702 737 738
f 702 738 701
f 701 738 739
f 761 742 762
f 762 742 743
f 762 743 780
f 780 743 744
f 780 744 779
f 779 744 745
f 779 745 778
f 778 745 746
f 778 746 777
f 777 746 747
f 777 747 776
f 776 747 748
f 776 748 775
f 775 748 749
f 775 749 774
f 774 749 750
f 774 750 773
f 773 750 751
f 773 751 772
f 772 751 752
f 772 752 771
f 771 752 753
f 771 753 770
f 770 753 754
f 770 754 769
f 769 754 755
f 769 755 768
f 768 755 756
f 768 756 767
f 767 756 757
f 767 757 766
f 766 757 758
f 766 758 765
f 765 758 759
f 765 759 764
f 764 759 760
f 764 760 763
f 763 760 761
f 763 761 762
f 952 781 953
f 953 781 782
f 953 782 783
f 783 784 953
f 953 784 785
f 953 785 982
f 982 785 786
f 982 786 787
f 787 788 982
f 982 788 789
f 982 789 790
f 790 791 982
f 982 791 981
f 981 791 792
f 981 792 793
f 793 794 981
f 981 794 795
f 981 795 796
f 981 796 980
f 980 796 797
f 980 797 798
f 798 799 980
f 980 799 800
f 980 800 801
f 980 801 979
f 979 801 802
f 979 802 803
f 803 804 979
f 979 804 805
f 979 805 806
f 806 807 979
f 979 807 978
f 978 807 808
f 978 808 809
f 809 810 978
f 978 810 811
f 978 811 812
f 812 813 978
f 978 813 977
f 977 813 814
f 977 814 815
f 815 816 977
f 977 816 817
f 977 817 818
f 818 819 977
f 977 819 976
f 976 819 820
f 976 820 821
f 821 822 976
f 976 822 823
f 976 823 824
f 976 824 975
f 975 824 825
f 975 825 826
f 826 827 975
f 975 827 828
f 975 828 829
f 975 829 974
f 974 829 830
f 974 830 831
f 831 832 974
f 974 832 833
f 974 833 834
f 834 835 974
f 974 835 973
f 973 835 836
f 973 836 837
f 837 838 973
f 973 838 839
f 973 839 840
f 840 841 973
f 973 841 972
f 972 841 842
f 972 842 843
f 843 844 972
f 972 844 845
f 972 845 846
f 846 847 972
f 972 847 971
f 971 847 848
f 971 848 849
f 849 850 971
f 971 850 851
f 971 851 852
f 971 852 970
f 970 852 853
f 970 853 854
f 854 855 970
f 970 855 856
f 970 856 857
f 970 857 969
f 969 857 858
f 969 858 859
f 859 860 969
f 969 860 861
f 969 861 862
f 862 863 969
f 969 863 968
f 968 863 864
f 968 864 865
f 865 983 968
f 984 866 867
f 984 867 868
f 868 869 984
f 984 869 967
f 967 869 870
f 967 870 871
f 871 872 967
f 967 872 873
f 967 873 874
f 874 875 967
f 967 875 966
f 966 875 876
f 966 876 877
f 877 878 966
f 966 878 879
f 966 879 880
f 966 880 965
f 965 880 881
f 965 881 882
f 882 883 965
f 965 883 884
f 965 884 885
f 965 885 964
f 964 885 886
f 964 886 887
f 887 888 964
f 964 888 889
f 964 889 890
f 890 891 964
f 964 891 963
f 963 891 892
f 963 892 893
f 893 894 963
f 963 894 895
f 963 895 896
f 896 897 963
f 963 897 962
f 962 897 898
f 962 898 899
f 899 900 962
f 962 900 901
f 962 901 902
f 902 903 962
f 962 903 961
f 961 903 904
f 961 904 905
f 905 906 961
f 961 906 907
f 961 907 908
f 961 908 960
f 960 908 909
f 960 909 910
f 910 911 960
f 960 911 912
f 960 912 913
f 960 913 959
f 959 913 914
f 959 914 915
f 915 916 959
f 959 916 917
f 959 917 918
f 918 919 959
f 959 919 958
f 958 919 920
f 958 920 921
f 921 922 958
f 958 922 923
f 958 923 924
f 924 925 958
f 958 925 957
f 957 925 926
f 957 926 927
f 927 928 957
f 957 928 929
f 957 929 930
f 930 931 957
f 957 931 956
f 956 931 932
f 956 932 933
f 933 934 956
f 956 934 935
f 956 935 936
f 956 936 955
f 955 936 937
f 955 937 938
f 938 939 955
f 955 939 940
f 955 940 941
f 955 941 954
f 954 941 942
f 954 942 943
f 943 944 954
f 954 944 945
f 954 945 946
f 946 947 954
f 954 947 953
f 953 947 948
f 953 948 949
f 949 950 953
f 953 950 951
f 953 951 952
f 992 985 991
f 991 985 986
f 991 986 990
f 990 986 987
f 990 987 989
f 989 987 988
f 993 994 1002
f 1002 994 995
f 1002 995 1001
f 1001 995 996
f 1001 996 1000
f 1000 996 997
f 1000 997 999
f 999 997 998
f 1010 1003 1009
f 1009 1003 1004
f 1009 1004 1008
f 1008 1004 1005
f 1008 1005 1007
f 1007 1005 1006
f 1018 1011 1017
f 1017 1011 1012
f 1017 1012 1016
f 1016 1012 1013
f 1016 1013 1015
f 1015 1013 1014
f 1074 1019 1116
f 1116 1019 1020
f 1116 1020 1115
f 1115 1020 1021
f 1115 1021 1082
f 1082 1021 1081
f 1081 1021 1022
f 1081 1022 1086
f 1086 1022 1023
f 1086 1023 1024
f 1024 1025 1086
f 1086 1025 1085
f 1085 1025 1026
f 1085 1026 1027
f 1085 1027 1084
f 1084 1027 1028
f 1084 1028 1083
f 1083 1028 1114
f 1083 1114 1115
f 1028 1029 1114
f 1114 1029 1030
f 1114 1030 1113
f 1113 1030 1031
f 1113 1031 1112
f 1112 1031 1032
f 1112 1032 1111
f 1111 1032 1033
f 1111 1033 1110
f 1110 1033 1034
f 1110 1034 1035
f 1110 1035 1092
f 1092 1035 1036
f 1092 1036 1091
f 1091 1036 1037
f 1091 1037 1038
f 1091 1038 1090
f 1090 1038 1039
f 1090 1039 1089
f 1089 1039 1040
f 1089 1040 1041
f 1089 1041 1088
f 1088 1041 1042
f 1088 1042 1109
f 1109 1042 1043
f 1109 1043 1044
f 1109 1044 1108
f 1108 1044 1045
f 1108 1045 1107
f 1107 1045 1046
f 1107 1046 1106
f 1106 1046 1047
f 1106 1047 1105
f 1105 1047 1048
f 1105 1048 1049
f 1050 1096 1049
f 1049 1096 1097
f 1049 1097 1105
f 1105 1097 1104
f 1104 1097 1098
f 1104 1098 1056
f 1056 1098 1093
f 1056 1093 1055
f 1055 1093 1094
f 1055 1094 1054
f 1054 1094 1053
f 1053 1094 1095
f 1053 1095 1052
f 1052 1095 1051
f 1051 1095 1050
f 1050 1095 1096
f 1056 1057 1104
f 1104 1057 1103
f 1103 1057 1058
f 1103 1058 1059
f 1103 1059 1102
f 1102 1059 1060
f 1102 1060 1101
f 1101 1060 1061
f 1101 1061 1100
f 1100 1061 1062
f 1100 1062 1099
f 1099 1062 1063
f 1099 1063 1077
f 1077 1063 1064
f 1077 1064 1076
f 1076 1064 1065
f 1076 1065 1066
f 1076 1066 1075
f 1075 1066 1067
f 1075 1067 1080
f 1080 1067 1068
f 1080 1068 1069
f 1080 1069 1079
f 1079 1069 1070
f 1079 1070 1099
f 1099 1070 1071
f 1099 1071 1119
f 1119 1071 1072
f 1119 1072 1118
f 1118 1072 1073
f 1118 1073 1117
f 1117 1073 1074
f 1117 1074 1116
f 1077 1078 1099
f 1099 1078 1079
f 1082 1083 1115
f 1088 1109 1087
f 1087 1109 1110
f 1087 1110 1092
f 1127 1120 1126
f 1126 1120 1121
f 1126 1121 1125
f 1125 1121 1122
f 1125 1122 1124
f 1124 1122 1123
f 1128 1129 1137
f 1137 1129 1130
f 1137 1130 1136
f 1136 1130 1131
f 1136 1131 1135
f 1135 1131 1132
f 1135 1132 1134
f 1134 1132 1133
f 1139 1177 1138
f 1138 1177 1158
f 1138 1158 1157
f 1157 1158 1159
f 1157 1159 1156
f 1156 1159 1160
f 1156 1160 1155
f 1155 1160 1161
f 1155 1161 1154
f 1154 1161 1162
f 1154 1162 1153
f 1153 1162 1163
f 1153 1163 1152
f 1152 1163 1164
f 1152 1164 1151
f 1151 1164 1165
f 1151 1165 1150
f 1150 1165 1166
f 1150 1166 1149
f 1149 1166 1167
f 1149 1167 1148
f 1148 1167 1179
f 1178 1168 1147
f 1147 1168 1169
f 1147 1169 1146
f 1146 1169 1170
f 1146 1170 1145
f 1145 1170 1171
f 1145 1171 1144
f 1144 1171 1172
f 1144 1172 1143
f 1143 1172 1173
f 1143 1173 1142
f 1142 1173 1174
f 1142 1174 1141
f 1141 1174 1175
f 1141 1175 1140
f 1140 1175 1176
f 1140 1176 1139
f 1139 1176 1177
f 1198 1180 1199
f 1199 1180 1181
f 1199 1181 1210
f 1210 1181 1182
f 1210 1182 1209
f 1209 1182 1183
f 1209 1183 1184
f 1209 1184 1208
f 1208 1184 1185
f 1208 1185 1186
f 1208 1186 1207
f 1207 1186 1187
f 1207 1187 1206
f 1206 1187 1188
f 1206 1188 1189
f 1206 1189 1205
f 1205 1189 1190
f 1205 1190 1204
f 1204 1190 1191
f 1204 1191 1192
f 1204 1192 1203
f 1203 1192 1193
f 1203 1193 1202
f 1202 1193 1194
f 1202 1194 1195
f 1202 1195 1201
f 1201 1195 1196
f 1201 1196 1197
f 1201 1197 1200
f 1200 1197 1198
f 1200 1198 1199
f 1211 1212 1546
f 1546 1212 1547
f 1546 1547 1545
f 1545 1547 1544
f 1544 1547 1548
f 1544 1548 1543
f 1543 1548 1538
f 1543 1538 1540
f 1540 1538 1539
f 1212 1213 1547
f 1547 1213 1215
f 1547 1215 1216
f 1213 1214 1215
f 1216 1217 1547
f 1547 1217 1575
f 1575 1217 1218
f 1575 1218 1223
f 1223 1218 1220
f 1223 1220 1221
f 1218 1219 1220
f 1221 1222 1223
f 1223 1224 1575
f 1575 1224 1225
f 1575 1225 1226
f 1227 1228 1226
f 1226 1228 1231
f 1226 1231 1575
f 1575 1231 1574
f 1574 1231 1232
f 1574 1232 1233
f 1228 1229 1231
f 1231 1229 1230
f 1233 1234 1574
f 1574 1234 1239
f 1574 1239 1240
f 1235 1236 1234
f 1234 1236 1239
f 1236 1237 1239
f 1239 1237 1238
f 1240 1241 1574
f 1574 1241 1573
f 1573 1241 1242
f 1573 1242 1247
f 1247 1242 1244
f 1247 1244 1245
f 1242 1243 1244
f 1245 1246 1247
f 1247 1248 1573
f 1573 1248 1249
f 1573 1249 1250
f 1251 1252 1250
f 1250 1252 1253
f 1250 1253 1255
f 1255 1253 1254
f 1256 1572 1255
f 1255 1572 1573
f 1255 1573 1250
f 1256 1257 1572
f 1572 1257 1258
f 1572 1258 1263
f 1263 1258 1260
f 1263 1260 1261
f 1258 1259 1260
f 1261 1262 1263
f 1263 1264 1572
f 1572 1264 1265
f 1572 1265 1571
f 1571 1265 1266
f 1571 1266 1271
f 1271 1266 1268
f 1271 1268 1269
f 1266 1267 1268
f 1269 1270 1271
f 1271 1272 1571
f 1571 1272 1273
f 1571 1273 1274
f 1275 1276 1274
f 1274 1276 1279
f 1274 1279 1570
f 1570 1279 1280
f 1570 1280 1281
f 1276 1277 1279
f 1279 1277 1278
f 1281 1282 1570
f 1570 1282 1287
f 1570 1287 1288
f 1283 1284 1282
f 1282 1284 1287
f 1284 1285 1287
f 1287 1285 1286
f 1570 1288 1569
f 1569 1288 1289
f 1569 1289 1290
f 1291 1292 1290
f 1290 1292 1569
f 1569 1292 1295
f 1295 1292 1293
f 1295 1293 1294
f 1295 1296 1569
f 1569 1296 1297
f 1569 1297 1298
f 1299 1300 1298
f 1298 1300 1303
f 1298 1303 1568
f 1568 1303 1304
f 1568 1304 1305
f 1300 1301 1303
f 1303 1301 1302
f 1305 1306 1568
f 1568 1306 1311
f 1568 1311 1312
f 1307 1308 1306
f 1306 1308 1311
f 1308 1309 1311
f 1311 1309 1310
f 1568 1312 1567
f 1567 1312 1313
f 1567 1313 1314
f 1315 1316 1314
f 1314 1316 1567
f 1316 1317 1567
f 1567 1317 1318
f 1567 1318 1319
f 1319 1320 1567
f 1567 1320 1321
f 1567 1321 1566
f 1566 1321 1322
f 1566 1322 1327
f 1327 1322 1324
f 1327 1324 1325
f 1322 1323 1324
f 1325 1326 1327
f 1327 1328 1566
f 1566 1328 1329
f 1566 1329 1330
f 1331 1332 1330
f 1330 1332 1335
f 1330 1335 1566
f 1566 1335 1565
f 1565 1335 1336
f 1565 1336 1337
f 1332 1333 1335
f 1335 1333 1334
f 1337 1338 1565
f 1565 1338 1339
f 1565 1339 1340
f 1565 1340 1343
f 1343 1340 1341
f 1343 1341 1342
f 1343 1344 1565
f 1565 1344 1345
f 1565 1345 1564
f 1564 1345 1346
f 1564 1346 1351
f 1351 1346 1348
f 1351 1348 1349
f 1346 1347 1348
f 1349 1350 1351
f 1351 1352 1564
f 1564 1352 1353
f 1564 1353 1354
f 1355 1356 1354
f 1354 1356 1357
f 1354 1357 1359
f 1359 1357 1358
f 1360 1563 1359
f 1359 1563 1564
f 1359 1564 1354
f 1360 1361 1563
f 1563 1361 1362
f 1563 1362 1367
f 1367 1362 1364
f 1367 1364 1365
f 1362 1363 1364
f 1365 1366 1367
f 1367 1368 1563
f 1563 1368 1369
f 1563 1369 1562
f 1562 1369 1370
f 1562 1370 1375
f 1375 1370 1372
f 1375 1372 1373
f 1370 1371 1372
f 1373 1374 1375
f 1375 1376 1562
f 1562 1376 1377
f 1562 1377 1378
f 1379 1380 1378
f 1378 1380 1576
f 1378 1576 1578
f 1383 1381 1382
f 1378 1578 1561
f 1577 1383 1384
f 1577 1384 1385
f 1385 1386 1577
f 1577 1386 1391
f 1577 1391 1392
f 1387 1388 1386
f 1386 1388 1391
f 1388 1389 1391
f 1391 1389 1390
f 1577 1392 1560
f 1560 1392 1393
f 1560 1393 1394
f 1395 1396 1394
f 1394 1396 1399
f 1394 1399 1560
f 1560 1399 1400
f 1560 1400 1401
f 1396 1397 1399
f 1399 1397 1398
f 1401 1402 1560
f 1560 1402 1559
f 1559 1402 1407
f 1559 1407 1408
f 1403 1404 1402
f 1402 1404 1407
f 1404 1405 1407
f 1407 1405 1406
f 1408 1409 1559
f 1559 1409 1410
f 1559 1410 1415
f 1415 1410 1412
f 1415 1412 1413
f 1410 1411 1412
f 1413 1414 1415
f 1415 1416 1559
f 1559 1416 1558
f 1558 1416 1417
f 1558 1417 1418
f 1419 1420 1418
f 1418 1420 1558
f 1420 1421 1558
f 1558 1421 1422
f 1558 1422 1423
f 1423 1424 1558
f 1558 1424 1425
f 1558 1425 1426
f 1427 1428 1426
f 1426 1428 1431
f 1426 1431 1557
f 1557 1431 1432
f 1557 1432 1433
f 1428 1429 1431
f 1431 1429 1430
f 1433 1434 1557
f 1557 1434 1439
f 1557 1439 1440
f 1435 1436 1434
f 1434 1436 1439
f 1436 1437 1439
f 1439 1437 1438
f 1557 1440 1556
f 1556 1440 1441
f 1556 1441 1442
f 1442 1443 1556
f 1556 1443 1444
f 1556 1444 1447
f 1447 1444 1445
f 1447 1445 1446
f 1447 1448 1556
f 1556 1448 1449
f 1556 1449 1555
f 1555 1449 1450
f 1555 1450 1455
f 1455 1450 1452
f 1455 1452 1453
f 1450 1451 1452
f 1453 1454 1455
f 1455 1456 1555
f 1555 1456 1457
f 1555 1457 1458
f 1459 1460 1458
f 1458 1460 1463
f 1458 1463 1555
f 1555 1463 1554
f 1554 1463 1464
f 1554 1464 1465
f 1460 1461 1463
f 1463 1461 1462
f 1465 1466 1554
f 1554 1466 1471
f 1554 1471 1472
f 1467 1468 1466
f 1466 1468 1471
f 1468 1469 1471
f 1471 1469 1470
f 1472 1473 1554
f 1554 1473 1553
f 1553 1473 1474
f 1553 1474 1479
f 1479 1474 1476
f 1479 1476 1477
f 1474 1475 1476
f 1477 1478 1479
f 1479 1480 1553
f 1553 1480 1481
f 1553 1481 1482
f 1483 1484 1482
f 1482 1484 1485
f 1482 1485 1487
f 1487 1485 1486
f 1488 1552 1487
f 1487 1552 1553
f 1487 1553 1482
f 1488 1489 1552
f 1552 1489 1490
f 1552 1490 1495
f 1495 1490 1492
f 1495 1492 1493
f 1490 1491 1492
f 1493 1494 1495
f 1495 1496 1552
f 1552 1496 1551
f 1551 1496 1497
f 1551 1497 1498
f 1499 1500 1498
f 1498 1500 1503
f 1498 1503 1551
f 1551 1503 1504
f 1551 1504 1505
f 1500 1501 1503
f 1503 1501 1502
f 1505 1506 1551
f 1551 1506 1550
f 1550 1506 1511
f 1550 1511 1512
f 1507 1508 1506
f 1506 1508 1511
f 1508 1509 1511
f 1511 1509 1510
f 1512 1513 1550
f 1550 1513 1514
f 1550 1514 1519
f 1519 1514 1516
f 1519 1516 1517
f 1514 1515 1516
f 1517 1518 1519
f 1519 1520 1550
f 1550 1520 1549
f 1549 1520 1521
f 1549 1521 1522
f 1523 1524 1522
f 1522 1524 1525
f 1522 1525 1549
f 1549 1525 1527
f 1549 1527 1528
f 1525 1526 1527
f 1528 1529 1549
f 1549 1529 1530
f 1549 1530 1548
f 1548 1530 1535
f 1548 1535 1536
f 1531 1532 1530
f 1530 1532 1535
f 1532 1533 1535
f 1535 1533 1534
f 1536 1537 1548
f 1548 1537 1538
f 1540 1541 1543
f 1543 1541 1542
f 1557 1558 1426
f 1561 1562 1378
f 1568 1569 1298
f 1570 1571 1274
f 1586 1579 1585
f 1585 1579 1580
f 1585 1580 1581
f 1582 1583 1581
f 1581 1583 1584
f 1581 1584 1585
f 1587 1588 1592
f 1592 1588 1589
f 1592 1589 1590
f 1590 1591 1592
f 1764 1593 1966
f 1966 1593 1594
f 1966 1594 1595
f 1966 1595 1965
f 1965 1595 1596
f 1965 1596 1597
f 1597 1598 1965
f 1965 1598 1963
f 1965 1963 1964
f 1599 1960 1598
f 1598 1960 1962
f 1598 1962 1963
f 1960 1599 1959
f 1959 1599 1600
f 1959 1600 1958
f 1958 1600 1601
f 1958 1601 1957
f 1957 1601 1602
f 1957 1602 1955
f 1955 1602 1954
f 1954 1602 1952
f 1954 1952 1953
f 1602 1603 1952
f 1952 1603 1951
f 1951 1603 1604
f 1951 1604 1950
f 1950 1604 1605
f 1950 1605 1949
f 1949 1605 1606
f 1949 1606 1947
f 1947 1606 1946
f 1946 1606 1944
f 1946 1944 1945
f 1606 1607 1944
f 1944 1607 1943
f 1943 1607 1608
f 1943 1608 1942
f 1942 1608 1609
f 1942 1609 1941
f 1941 1609 1610
f 1941 1610 1939
f 1939 1610 1938
f 1938 1610 1936
f 1938 1936 1937
f 1610 1611 1936
f 1936 1611 1935
f 1935 1611 1612
f 1935 1612 1934
f 1934 1612 1613
f 1934 1613 1933
f 1933 1613 1614
f 1933 1614 1931
f 1931 1614 1930
f 1930 1614 1928
f 1930 1928 1929
f 1614 1615 1928
f 1928 1615 1927
f 1927 1615 1616
f 1927 1616 1926
f 1926 1616 1617
f 1926 1617 1925
f 1925 1617 1618
f 1925 1618 1923
f 1923 1618 1922
f 1922 1618 1920
f 1922 1920 1921
f 1618 1619 1920
f 1920 1619 1919
f 1919 1619 1620
f 1919 1620 1918
f 1918 1620 1621
f 1918 1621 1917
f 1917 1621 1622
f 1917 1622 1915
f 1915 1622 1914
f 1914 1622 1912
f 1914 1912 1913
f 1622 1623 1912
f 1912 1623 1911
f 1911 1623 1624
f 1911 1624 1910
f 1910 1624 1625
f 1910 1625 1909
f 1909 1625 1626
f 1909 1626 1907
f 1907 1626 1906
f 1906 1626 1904
f 1906 1904 1905
f 1626 1627 1904
f 1904 1627 1903
f 1903 1627 1628
f 1903 1628 1902
f 1902 1628 1629
f 1902 1629 1901
f 1901 1629 1630
f 1901 1630 1899
f 1899 1630 1898
f 1898 1630 1896
f 1898 1896 1897
f 1630 1631 1896
f 1896 1631 1895
f 1895 1631 1632
f 1895 1632 1894
f 1894 1632 1633
f 1894 1633 1893
f 1893 1633 1634
f 1893 1634 1891
f 1891 1634 1890
f 1890 1634 1888
f 1890 1888 1889
f 1634 1635 1888
f 1888 1635 1887
f 1887 1635 1636
f 1887 1636 1886
f 1886 1636 1637
f 1886 1637 1885
f 1885 1637 1638
f 1885 1638 1883
f 1883 1638 1882
f 1882 1638 1880
f 1882 1880 1881
f 1638 1639 1880
f 1880 1639 1879
f 1879 1639 1640
f 1879 1640 1878
f 1878 1640 1641
f 1878 1641 1877
f 1877 1641 1642
f 1877 1642 1875
f 1875 1642 1874
f 1874 1642 1872
f 1874 1872 1873
f 1642 1643 1872
f 1872 1643 1871
f 1871 1643 1644
f 1871 1644 1870
f 1870 1644 1645
f 1870 1645 1869
f 1869 1645 1646
f 1869 1646 1867
f 1867 1646 1866
f 1866 1646 1864
f 1866 1864 1865
f 1646 1647 1864
f 1864 1647 1863
f 1863 1647 1648
f 1863 1648 1862
f 1862 1648 1649
f 1862 1649 1861
f 1861 1649 1650
f 1861 1650 1859
f 1859 1650 1858
f 1858 1650 1856
f 1858 1856 1857
f 1650 1651 1856
f 1856 1651 1855
f 1855 1651 1652
f 1855 1652 1854
f 1854 1652 1653
f 1854 1653 1853
f 1853 1653 1654
f 1853 1654 1851
f 1851 1654 1850
f 1850 1654 1848
f 1850 1848 1849
f 1654 1655 1848
f 1848 1655 1847
f 1847 1655 1656
f 1847 1656 1846
f 1846 1656 1657
f 1846 1657 1845
f 1845 1657 1658
f 1845 1658 1843
f 1843 1658 1842
f 1842 1658 1840
f 1842 1840 1841
f 1658 1659 1840
f 1840 1659 1839
f 1839 1659 1660
f 1839 1660 1838
f 1838 1660 1661
f 1838 1661 1837
f 1837 1661 1662
f 1837 1662 1835
f 1835 1662 1834
f 1834 1662 1832
f 1834 1832 1833
f 1662 1663 1832
f 1832 1663 1831
f 1831 1663 1664
f 1831 1664 1830
f 1830 1664 1665
f 1830 1665 1829
f 1829 1665 1666
f 1829 1666 1827
f 1827 1666 1826
f 1826 1666 1824
f 1826 1824 1825
f 1666 1667 1824
f 1824 1667 1823
f 1823 1667 1668
f 1823 1668 1822
f 1822 1668 1669
f 1822 1669 1821
f 1821 1669 1670
f 1821 1670 1819
f 1819 1670 1818
f 1818 1670 1816
f 1818 1816 1817
f 1670 1671 1816
f 1816 1671 1815
f 1815 1671 1672
f 1815 1672 1814
f 1814 1672 1673
f 1814 1673 1813
f 1813 1673 1674
f 1813 1674 1811
f 1811 1674 1810
f 1810 1674 1808
f 1810 1808 1809
f 1674 1675 1808
f 1808 1675 1807
f 1807 1675 1676
f 1807 1676 1806
f 1806 1676 1677
f 1806 1677 1805
f 1805 1677 1678
f 1805 1678 1803
f 1803 1678 1802
f 1802 1678 1800
f 1802 1800 1801
f 1678 1679 1800
f 1800 1679 1799
f 1799 1679 1680
f 1799 1680 1798
f 1798 1680 1681
f 1798 1681 1797
f 1797 1681 1682
f 1797 1682 1795
f 1795 1682 1794
f 1794 1682 1792
f 1794 1792 1793
f 1682 1683 1792
f 1792 1683 1791
f 1791 1683 1684
f 1791 1684 1790
f 1790 1684 1685
f 1790 1685 1789
f 1789 1685 1686
f 1789 1686 1787
f 1787 1686 1786
f 1786 1686 1784
f 1786 1784 1785
f 1686 1687 1784
f 1784 1687 1783
f 1783 1687 1688
f 1783 1688 1782
f 1782 1688 1689
f 1782 1689 1781
f 1781 1689 1690
f 1781 1690 1779
f 1779 1690 1778
f 1778 1690 1776
f 1778 1776 1777
f 1690 1691 1776
f 1776 1691 1775
f 1775 1691 1692
f 1775 1692 1774
f 1774 1692 1693
f 1774 1693 1773
f 1773 1693 1694
f 1773 1694 1771
f 1771 1694 1770
f 1770 1694 1768
f 1770 1768 1769
f 1694 1695 1768
f 1768 1695 1767
f 1767 1695 1696
f 1767 1696 1766
f 1766 1696 1697
f 1766 1697 1765
f 1765 1697 1698
f 1765 1698 2098
f 2098 1698 2097
f 2097 1698 2095
f 2097 2095 2096
f 1698 1699 2095
f 2095 1699 2094
f 2094 1699 1700
f 2094 1700 2093
f 2093 1700 1701
f 2093 1701 2092
f 2092 1701 1702
f 2092 1702 2090
f 2090 1702 2089
f 2089 1702 2087
f 2089 2087 2088
f 1702 1703 2087
f 2087 1703 2086
f 2086 1703 1704
f 2086 1704 2085
f 2085 1704 1705
f 2085 1705 2084
f 2084 1705 1706
f 2084 1706 2082
f 2082 1706 2081
f 2081 1706 2079
f 2081 2079 2080
f 1706 1707 2079
f 2079 1707 2078
f 2078 1707 1708
f 2078 1708 2077
f 2077 1708 1709
f 2077 1709 2076
f 2076 1709 1710
f 2076 1710 2074
f 2074 1710 2073
f 2073 1710 2071
f 2073 2071 2072
f 1710 1711 2071
f 2071 1711 2070
f 2070 1711 1712
f 2070 1712 2069
f 2069 1712 1713
f 2069 1713 2068
f 2068 1713 1714
f 2068 1714 2066
f 2066 1714 2065
f 2065 1714 2063
f 2065 2063 2064
f 1714 1715 2063
f 2063 1715 2062
f 2062 1715 1716
f 2062 1716 2061
f 2061 1716 1717
f 2061 1717 2060
f 2060 1717 1718
f 2060 1718 2058
f 2058 1718 2057
f 2057 1718 2055
f 2057 2055 2056
f 1718 1719 2055
f 2055 1719 2054
f 2054 1719 1720
f 2054 1720 2053
f 2053 1720 1721
f 2053 1721 2052
f 2052 1721 1722
f 2052 1722 2050
f 2050 1722 2049
f 2049 1722 2047
f 2049 2047 2048
f 1722 1723 2047
f 2047 1723 2046
f 2046 1723 1724
f 2046 1724 2045
f 2045 1724 1725
f 2045 1725 2044
f 2044 1725 1726
f 2044 1726 2042
f 2042 1726 2041
f 2041 1726 2039
f 2041 2039 2040
f 1726 1727 2039
f 2039 1727 2038
f 2038 1727 1728
f 2038 1728 2037
f 2037 1728 1729
f 2037 1729 2036
f 2036 1729 1730
f 2036 1730 2034
f 2034 1730 2033
f 2033 1730 2031
f 2033 2031 2032
f 1730 1731 2031
f 2031 1731 2030
f 2030 1731 1732
f 2030 1732 2029
f 2029 1732 1733
f 2029 1733 2028
f 2028 1733 1734
f 2028 1734 2026
f 2026 1734 2025
f 2025 1734 2023
f 2025 2023 2024
f 1734 1735 2023
f 2023 1735 2022
f 2022 1735 1736
f 2022 1736 2021
f 2021 1736 1737
f 2021 1737 2020
f 2020 1737 1738
f 2020 1738 2018
f 2018 1738 2017
f 2017 1738 2015
f 2017 2015 2016
f 1738 1739 2015
f 2015 1739 2014
f 2014 1739 1740
f 2014 1740 2013
f 2013 1740 1741
f 2013 1741 2012
f 2012 1741 1742
f 2012 1742 2010
f 2010 1742 2009
f 2009 1742 2007
f 2009 2007 2008
f 1742 1743 2007
f 2007 1743 2006
f 2006 1743 1744
f 2006 1744 2005
f 2005 1744 1745
f 2005 1745 2004
f 2004 1745 1746
f 2004 1746 2002
f 2002 1746 2001
f 2001 1746 1999
f 2001 1999 2000
f 1746 1747 1999
f 1999 1747 1998
f 1998 1747 1748
f 1998 1748 1997
f 1997 1748 1749
f 1997 1749 1996
f 1996 1749 1750
f 1996 1750 1994
f 1994 1750 1993
f 1993 1750 1991
f 1993 1991 1992
f 1750 1751 1991
f 1991 1751 1990
f 1990 1751 1752
f 1990 1752 1989
f 1989 1752 1753
f 1989 1753 1988
f 1988 1753 1754
f 1988 1754 1986
f 1986 1754 1985
f 1985 1754 1983
f 1985 1983 1984
f 1754 1755 1983
f 1983 1755 1982
f 1982 1755 1756
f 1982 1756 1981
f 1981 1756 1757
f 1981 1757 1980
f 1980 1757 1758
f 1980 1758 1978
f 1978 1758 1977
f 1977 1758 1975
f 1977 1975 1976
f 1758 1759 1975
f 1975 1759 1974
f 1974 1759 1760
f 1974 1760 1973
f 1973 1760 1761
f 1973 1761 1972
f 1972 1761 1762
f 1972 1762 1970
f 1970 1762 1969
f 1969 1762 1967
f 1969 1967 1968
f 1762 1763 1967
f 1967 1763 1764
f 1967 1764 1966
f 1771 1772 1773
f 1779 1780 1781
f 1787 1788 1789
f 1795 1796 1797
f 1803 1804 1805
f 1811 1812 1813
f 1819 1820 1821
f 1827 1828 1829
f 1835 1836 1837
f 1843 1844 1845
f 1851 1852 1853
f 1859 1860 1861
f 1867 1868 1869
f 1875 1876 1877
f 1883 1884 1885
f 1891 1892 1893
f 1899 1900 1901
f 1907 1908 1909
f 1915 1916 1917
f 1923 1924 1925
f 1931 1932 1933
f 1939 1940 1941
f 1947 1948 1949
f 1955 1956 1957
f 1960 1961 1962
f 1970 1971 1972
f 1978 1979 1980
f 1986 1987 1988
f 1994 1995 1996
f 2002 2003 2004
f 2010 2011 2012
f 2018 2019 2020
f 2026 2027 2028
f 2034 2035 2036
f 2042 2043 2044
f 2050 2051 2052
f 2058 2059 2060
f 2066 2067 2068
f 2074 2075 2076
f 2082 2083 2084
f 2090 2091 2092
f 2098 2099 1765
f 2107 2100 2106
f 2106 2100 2101
f 2106 2101 2105
f 2105 2101 2102
f 2105 2102 2104
f 2104 2102 2103
f 2115 2108 2114
f 2114 2108 2109
f 2114 2109 2113
f 2113 2109 2110
f 2113 2110 2112
f 2112 2110 2111
f 2123 2116 2122
f 2122 2116 2117
f 2122 2117 2121
f 2121 2117 2118
f 2121 2118 2120
f 2120 2118 2119
f 2125 2126 2124
f 2124 2126 2127
f 2124 2127 2128
f 2128 2129 2124
f 2131 2149 2130
f 2130 2149 2140
f 2130 2140 2139
f 2139 2140 2141
f 2139 2141 2138
f 2138 2141 2142
f 2138 2142 2137
f 2137 2142 2143
f 2137 2143 2136
f 2136 2143 2144
f 2136 2144 2135
f 2135 2144 2150
f 2151 2145 2134
f 2134 2145 2146
f 2134 2146 2133
f 2133 2146 2147
f 2133 2147 2132
f 2132 2147 2148
f 2132 2148 2131
f 2131 2148 2149
f 2163 2152 2164
f 2164 2152 2153
f 2164 2153 2172
f 2172 2153 2154
f 2172 2154 2171
f 2171 2154 2155
f 2171 2155 2170
f 2170 2155 2156
f 2170 2156 2157
f 2170 2157 2169
f 2169 2157 2158
f 2169 2158 2168
f 2168 2158 2159
f 2168 2159 2167
f 2167 2159 2160
f 2167 2160 2161
f 2167 2161 2166
f 2166 2161 2162
f 2166 2162 2165
f 2165 2162 2163
f 2165 2163 2164
f 2180 2173 2179
f 2179 2173 2174
f 2179 2174 2178
f 2178 2174 2175
f 2178 2175 2177
f 2177 2175 2176
f 2182 2240 2181
f 2181 2240 2211
f 2181 2211 2212
f 2240 2182 2239
f 2239 2182 2183
f 2239 2183 2238
f 2238 2183 2184
f 2238 2184 2237
f 2237 2184 2185
f 2237 2185 2236
f 2236 2185 2186
f 2236 2186 2235
f 2235 2186 2187
f 2235 2187 2234
f 2234 2187 2188
f 2234 2188 2189
f 2234 2189 2233
f 2233 2189 2190
f 2233 2190 2232
f 2232 2190 2191
f 2232 2191 2231
f 2231 2191 2192
f 2231 2192 2230
f 2230 2192 2193
f 2230 2193 2229
f 2229 2193 2194
f 2229 2194 2228
f 2228 2194 2195
f 2228 2195 2227
f 2227 2195 2196
f 2227 2196 2226
f 2226 2196 2225
f 2225 2196 2197
f 2225 2197 2224
f 2224 2197 2198
f 2224 2198 2223
f 2223 2198 2199
f 2223 2199 2222
f 2222 2199 2200
f 2222 2200 2221
f 2221 2200 2201
f 2221 2201 2220
f 2220 2201 2202
f 2220 2202 2219
f 2219 2202 2203
f 2219 2203 2204
f 2219 2204 2218
f 2218 2204 2205
f 2218 2205 2217
f 2217 2205 2206
f 2217 2206 2216
f 2216 2206 2207
f 2216 2207 2215
f 2215 2207 2208
f 2215 2208 2214
f 2214 2208 2209
f 2214 2209 2213
f 2213 2209 2210
f 2213 2210 2212
f 2212 2210 2181
f 2248 2241 2247
f 2247 2241 2242
f 2247 2242 2246
f 2246 2242 2243
f 2246 2243 2244
f 2244 2245 2246
f 2256 2249 2255
f 2255 2249 2250
f 2255 2250 2251
f 2252 2253 2251
f 2251 2253 2254
f 2251 2254 2255
f 2258 2266 2257
f 2257 2266 2267
f 2257 2267 2265
f 2265 2267 2268
f 2265 2268 2264
f 2264 2268 2269
f 2264 2269 2263
f 2263 2269 2276
f 2263 2276 2262
f 2275 2270 2271
f 2275 2271 2261
f 2261 2271 2272
f 2261 2272 2260
f 2260 2272 2273
f 2260 2273 2259
f 2259 2273 2274
f 2259 2274 2258
f 2258 2274 2266
f 2286 2277 2287
f 2287 2277 2278
f 2287 2278 2295
f 2295 2278 2279
f 2295 2279 2294
f 2294 2279 2280
f 2294 2280 2293
f 2293 2280 2281
f 2293 2281 2292
f 2292 2281 2282
f 2292 2282 2291
f 2291 2282 2283
f 2291 2283 2290
f 2290 2283 2284
f 2290 2284 2289
f 2289 2284 2285
f 2289 2285 2288
f 2288 2285 2286
f 2288 2286 2287
f 2297 2317 2296
f 2296 2317 2318
f 2296 2318 2316
f 2316 2318 2319
f 2316 2319 2315
f 2315 2319 2320
f 2315 2320 2314
f 2314 2320 2321
f 2314 2321 2313
f 2313 2321 2322
f 2313 2322 2312
f 2312 2322 2323
f 2312 2323 2311
f 2311 2323 2324
f 2311 2324 2310
f 2310 2324 2325
f 2310 2325 2309
f 2309 2325 2326
f 2309 2326 2308
f 2308 2326 2339
f 2308 2339 2307
f 2338 2327 2328
f 2338 2328 2306
f 2306 2328 2329
f 2306 2329 2305
f 2305 2329 2330
f 2305 2330 2304
f 2304 2330 2331
f 2304 2331 2303
f 2303 2331 2332
f 2303 2332 2302
f 2302 2332 2333
f 2302 2333 2301
f 2301 2333 2334
f 2301 2334 2300
f 2300 2334 2335
f 2300 2335 2299
f 2299 2335 2336
f 2299 2336 2298
f 2298 2336 2337
f 2298 2337 2297
f 2297 2337 2317
f 2347 2340 2346
f 2346 2340 2341
f 2346 2341 2345
f 2345 2341 2342
f 2345 2342 2344
f 2344 2342 2343
f 2355 2348 2354
f 2354 2348 2349
f 2354 2349 2350
f 2351 2352 2350
f 2350 2352 2353
f 2350 2353 2354
f 2363 2356 2362
f 2362 2356 2357
f 2362 2357 2361
f 2361 2357 2358
f 2361 2358 2360
f 2360 2358 2359
f 2365 2387 2364
f 2364 2387 2376
f 2364 2376 2375
f 2375 2376 2377
f 2375 2377 2374
f 2374 2377 2378
f 2374 2378 2373
f 2373 2378 2379
f 2373 2379 2372
f 2372 2379 2380
f 2372 2380 2371
f 2371 2380 2381
f 2371 2381 2370
f 2370 2381 2389
f 2388 2382 2369
f 2369 2382 2383
f 2369 2383 2368
f 2368 2383 2384
f 2368 2384 2367
f 2367 2384 2385
f 2367 2385 2366
f 2366 2385 2386
f 2366 2386 2365
f 2365 2386 2387
f 2409 2390 2410
f 2410 2390 2391
f 2410 2391 2419
f 2419 2391 2392
f 2419 2392 2393
f 2419 2393 2418
f 2418 2393 2394
f 2418 2394 2395
f 2418 2395 2417
f 2417 2395 2396
f 2417 2396 2397
f 2417 2397 2416
f 2416 2397 2398
f 2416 2398 2399
f 2416 2399 2415
f 2415 2399 2400
f 2415 2400 2401
f 2415 2401 2414
f 2414 2401 2402
f 2414 2402 2403
f 2414 2403 2413
f 2413 2403 2404
f 2413 2404 2405
f 2413 2405 2412
f 2412 2405 2406
f 2412 2406 2407
f 2412 2407 2411
f 2411 2407 2408
f 2411 2408 2409
f 2411 2409 2410
f 2421 2459 2420
f 2420 2459 2440
f 2420 2440 2439
f 2439 2440 2441
f 2439 2441 2438
f 2438 2441 2442
f 2438 2442 2437
f 2437 2442 2443
f 2437 2443 2436
f 2436 2443 2444
f 2436 2444 2435
f 2435 2444 2445
f 2435 2445 2434
f 2434 2445 2446
f 2434 2446 2433
f 2433 2446 2447
f 2433 2447 2432
f 2432 2447 2448
f 2432 2448 2431
f 2431 2448 2449
f 2431 2449 2430
f 2430 2449 2461
f 2460 2450 2429
f 2429 2450 2451
f 2429 2451 2428
f 2428 2451 2452
f 2428 2452 2427
f 2427 2452 2453
f 2427 2453 2426
f 2426 2453 2454
f 2426 2454 2425
f 2425 2454 2455
f 2425 2455 2424
f 2424 2455 2456
f 2424 2456 2423
f 2423 2456 2457
f 2423 2457 2422
f 2422 2457 2458
f 2422 2458 2421
f 2421 2458 2459
f 2469 2462 2468
f 2468 2462 2463
f 2468 2463 2467
f 2467 2463 2464
f 2467 2464 2466
f 2466 2464 2465
f 2471 2473 2470
f 2470 2473 2479
f 2470 2479 2493
f 2493 2479 2480
f 2493 2480 2492
f 2492 2480 2481
f 2492 2481 2482
f 2471 2472 2473
f 2473 2474 2479
f 2479 2474 2478
f 2478 2474 2477
f 2477 2474 2476
f 2476 2474 2475
f 2483 2487 2482
f 2482 2487 2488
f 2482 2488 2491
f 2491 2488 2489
f 2491 2489 2490
f 2484 2485 2483
f 2483 2485 2486
f 2483 2486 2487
f 2491 2492 2482
f 2495 2533 2494
f 2494 2533 2514
f 2494 2514 2513
f 2513 2514 2515
f 2513 2515 2516
f 2533 2495 2532
f 2532 2495 2496
f 2532 2496 2531
f 2531 2496 2497
f 2531 2497 2530
f 2530 2497 2498
f 2530 2498 2529
f 2529 2498 2499
f 2529 2499 2500
f 2529 2500 2528
f 2528 2500 2501
f 2528 2501 2527
f 2527 2501 2502
f 2527 2502 2526
f 2526 2502 2503
f 2526 2503 2525
f 2525 2503 2504
f 2525 2504 2524
f 2524 2504 2523
f 2523 2504 2505
f 2523 2505 2522
f 2522 2505 2506
f 2522 2506 2521
f 2521 2506 2507
f 2521 2507 2520
f 2520 2507 2508
f 2520 2508 2519
f 2519 2508 2509
f 2519 2509 2510
f 2519 2510 2518
f 2518 2510 2511
f 2518 2511 2517
f 2517 2511 2512
f 2517 2512 2516
f 2516 2512 2513
f 2534 2535 2540
f 2540 2535 2539
f 2539 2535 2536
f 2539 2536 2538
f 2538 2536 2537
f 2542 2543 2541
f 2541 2543 2544
f 2541 2544 2545
f 2545 2546 2541
f 2547 2548 2550
f 2550 2548 2549
f 2552 2553 2551
f 2551 2553 2554
f 2562 2555 2561
f 2561 2555 2556
f 2561 2556 2560
f 2560 2556 2557
f 2560 2557 2559
f 2559 2557 2558
f 2564 2602 2563
f 2563 2602 2583
f 2563 2583 2584
f 2602 2564 2601
f 2601 2564 2565
f 2601 2565 2600
f 2600 2565 2566
f 2600 2566 2599
f 2599 2566 2567
f 2599 2567 2598
f 2598 2567 2568
f 2598 2568 2569
f 2598 2569 2597
f 2597 2569 2570
f 2597 2570 2596
f 2596 2570 2571
f 2596 2571 2595
f 2595 2571 2572
f 2595 2572 2594
f 2594 2572 2593
f 2593 2572 2573
f 2593 2573 2592
f 2592 2573 2574
f 2592 2574 2591
f 2591 2574 2575
f 2591 2575 2590
f 2590 2575 2576
f 2590 2576 2589
f 2589 2576 2577
f 2589 2577 2588
f 2588 2577 2578
f 2588 2578 2579
f 2588 2579 2587
f 2587 2579 2580
f 2587 2580 2586
f 2586 2580 2581
f 2586 2581 2585
f 2585 2581 2582
f 2585 2582 2584
f 2584 2582 2563
f 2610 2603 2609
f 2609 2603 2604
f 2609 2604 2605
f 2609 2605 2608
f 2608 2605 2606
f 2608 2606 2607
f 2611 2612 2620
f 2620 2612 2613
f 2620 2613 2619
f 2619 2613 2614
f 2619 2614 2618
f 2618 2614 2615
f 2618 2615 2617
f 2617 2615 2616
f 2628 2621 2627
f 2627 2621 2622
f 2627 2622 2623
f 2624 2625 2623
f 2623 2625 2626
f 2623 2626 2627
f 2629 2630 2632
f 2632 2630 2631
f 2634 2635 2633
f 2633 2635 2636
f 2644 2637 2643
f 2643 2637 2638
f 2643 2638 2639
f 2643 2639 2642
f 2642 2639 2640
f 2642 2640 2641
f 2665 2645 2666
f 2666 2645 2646
f 2666 2646 2685
f 2685 2646 2647
f 2685 2647 2684
f 2684 2647 2648
f 2684 2648 2683
f 2683 2648 2649
f 2683 2649 2682
f 2682 2649 2650
f 2682 2650 2681
f 2681 2650 2651
f 2681 2651 2680
f 2680 2651 2652
f 2680 2652 2679
f 2679 2652 2653
f 2679 2653 2678
f 2678 2653 2654
f 2678 2654 2677
f 2677 2654 2655
f 2677 2655 2676
f 2676 2655 2656
f 2676 2656 2675
f 2675 2656 2657
f 2675 2657 2674
f 2674 2657 2658
f 2674 2658 2673
f 2673 2658 2659
f 2673 2659 2672
f 2672 2659 2660
f 2672 2660 2671
f 2671 2660 2661
f 2671 2661 2670
f 2670 2661 2662
f 2670 2662 2669
f 2669 2662 2663
f 2669 2663 2668
f 2668 2663 2664
f 2668 2664 2667
f 2667 2664 2665
f 2667 2665 2666
f 2686 2687 2689
f 2689 2687 2688
f 2690 2691 2693
f 2693 2691 2692
f 2701 2694 2700
f 2700 2694 2695
f 2700 2695 2699
f 2699 2695 2696
f 2699 2696 2698
f 2698 2696 2697
f 2702 2703 2713
f 2713 2703 2704
f 2713 2704 2712
f 2712 2704 2705
f 2712 2705 2711
f 2711 2705 2706
f 2711 2706 2710
f 2710 2706 2707
f 2710 2707 2709
f 2709 2707 2708
f 2721 2714 2720
f 2720 2714 2715
f 2720 2715 2716
f 2717 2718 2716
f 2716 2718 2719
f 2716 2719 2720
f 2729 2722 2728
f 2728 2722 2723
f 2728 2723 2727
f 2727 2723 2724
f 2727 2724 2726
f 2726 2724 2725
f 2730 2731 2733
f 2733 2731 2732
f 2734 2735 2737
f 2737 2735 2736
f 2738 2739 2745
f 2745 2739 2744
f 2744 2739 2740
f 2744 2740 2743
f 2743 2740 2741
f 2743 2741 2742
f 2746 2747 2749
f 2749 2747 2748
f 2750 2751 2753
f 2753 2751 2752
f 2754 2755 2759
f 2759 2755 2756
f 2759 2756 2757
f 2757 2758 2759
f 2760 2761 2763
f 2763 2761 2762
f 2764 2765 2773
f 2773 2765 2766
f 2773 2766 2772
f 2772 2766 2767
f 2772 2767 2771
f 2771 2767 2768
f 2771 2768 2770
f 2770 2768 2769
f 2775 2777 2774
f 2774 2777 2792
f 2774 2792 2797
f 2797 2792 2793
f 2797 2793 2796
f 2796 2793 2795
f 2795 2793 2794
f 2775 2776 2777
f 2777 2778 2792
f 2792 2778 2791
f 2791 2778 2779
f 2791 2779 2790
f 2790 2779 2789
f 2789 2779 2780
f 2789 2780 2783
f 2783 2780 2781
f 2783 2781 2782
f 2783 2784 2789
f 2789 2784 2788
f 2788 2784 2785
f 2788 2785 2786
f 2786 2787 2788
f 2805 2798 2804
f 2804 2798 2799
f 2804 2799 2803
f 2803 2799 2800
f 2803 2800 2802
f 2802 2800 2801
f 2813 2806 2812
f 2812 2806 2807
f 2812 2807 2811
f 2811 2807 2808
f 2811 2808 2810
f 2810 2808 2809
f 2814 2815 2817
f 2817 2815 2816
f 2818 2819 2825
f 2825 2819 2824
f 2824 2819 2820
f 2824 2820 2823
f 2823 2820 2821
f 2823 2821 2822
f 2833 2826 2832
f 2832 2826 2827
f 2832 2827 2831
f 2831 2827 2828
f 2831 2828 2830
f 2830 2828 2829
f 2834 2835 2837
f 2837 2835 2836
f 2838 2839 2841
f 2841 2839 2840
f 2842 2843 2845
f 2845 2843 2844
f 2846 2847 2849
f 2849 2847 2848
f 2850 2851 2853
f 2853 2851 2852
f 2854 2855 2857
f 2857 2855 2856
f 2858 2859 2865
f 2865 2859 2864
f 2864 2859 2860
f 2864 2860 2863
f 2863 2860 2861
f 2863 2861 2862
f 2873 2866 2872
f 2872 2866 2867
f 2872 2867 2871
f 2871 2867 2868
f 2871 2868 2870
f 2870 2868 2869
f 2874 2875 2877
f 2877 2875 2876
f 2878 2879 2881
f 2881 2879 2880
f 2882 2883 2889
f 2889 2883 2888
f 2888 2883 2884
f 2888 2884 2887
f 2887 2884 2885
f 2887 2885 2886
f 2890 2891 2893
f 2893 2891 2892
f 2901 2894 2900
f 2900 2894 2895
f 2900 2895 2899
f 2899 2895 2896
f 2899 2896 2898
f 2898 2896 2897
f 2909 2902 2908
f 2908 2902 2903
f 2908 2903 2907
f 2907 2903 2904
f 2907 2904 2906
f 2906 2904 2905
f 2910 2911 2913
f 2913 2911 2912
f 2914 2915 2921
f 2921 2915 2920
f 2920 2915 2916
f 2920 2916 2919
f 2919 2916 2917
f 2919 2917 2918
f 2929 2922 2928
f 2928 2922 2923
f 2928 2923 2927
f 2927 2923 2924
f 2927 2924 2926
f 2926 2924 2925
f 2930 2931 2933
f 2933 2931 2932
f 2934 2935 2937
f 2937 2935 2936
f 2938 2939 2941
f 2941 2939 2940
f 2942 2943 2945
f 2945 2943 2944
f 2953 2946 2952
f 2952 2946 2947
f 2952 2947 2951
f 2951 2947 2948
f 2951 2948 2950
f 2950 2948 2949
f 2961 2954 2960
f 2960 2954 2955
f 2960 2955 2959
f 2959 2955 2956
f 2959 2956 2958
f 2958 2956 2957
f 2962 2963 2965
f 2965 2963 2964
f 2966 2967 2969
f 2969 2967 2968
f 2977 2970 2976
f 2976 2970 2971
f 2976 2971 2975
f 2975 2971 2972
f 2975 2972 2974
f 2974 2972 2973
f 2978 2979 2981
f 2981 2979 2980
f 2989 2982 2988
f 2988 2982 2983
f 2988 2983 2987
f 2987 2983 2984
f 2987 2984 2986
f 2986 2984 2985
f 2997 2990 2996
f 2996 2990 2991
f 2996 2991 2995
f 2995 2991 2992
f 2995 2992 2994
f 2994 2992 2993
f 2998 2999 3001
f 3001 2999 3000
f 3009 3002 3008
f 3008 3002 3003
f 3008 3003 3007
f 3007 3003 3004
f 3007 3004 3006
f 3006 3004 3005
f 3010 3011 3013
f 3013 3011 3012
f 3014 3015 3017
f 3017 3015 3016
f 3018 3019 3021
f 3021 3019 3020
f 3022 3023 3025
f 3025 3023 3024
f 3026 3027 3029
f 3029 3027 3028
f 3030 3031 3033
f 3033 3031 3032
f 3034 3035 3037
f 3037 3035 3036
f 3045 3038 3044
f 3044 3038 3039
f 3044 3039 3043
f 3043 3039 3040
f 3043 3040 3042
f 3042 3040 3041
f 3053 3046 3052
f 3052 3046 3047
f 3052 3047 3051
f 3051 3047 3048
f 3051 3048 3050
f 3050 3048 3049
f 3061 3054 3060
f 3060 3054 3055
f 3060 3055 3059
f 3059 3055 3056
f 3059 3056 3058
f 3058 3056 3057
f 3062 3063 3065
f 3065 3063 3064
f 3073 3066 3072
f 3072 3066 3067
f 3072 3067 3068
f 3072 3068 3071
f 3071 3068 3069
f 3071 3069 3070
f 3081 3074 3080
f 3080 3074 3075
f 3080 3075 3079
f 3079 3075 3076
f 3079 3076 3078
f 3078 3076 3077
f 3089 3082 3088
f 3088 3082 3083
f 3088 3083 3084
f 3088 3084 3087
f 3087 3084 3085
f 3087 3085 3086
f 3090 3091 3093
f 3093 3091 3092
f 3094 3095 3097
f 3097 3095 3096
f 3098 3099 3101
f 3101 3099 3100
f 3102 3103 3105
f 3105 3103 3104
f 3106 3107 3109
f 3109 3107 3108
f 3117 3110 3116
f 3116 3110 3111
f 3116 3111 3115
f 3115 3111 3112
f 3115 3112 3114
f 3114 3112 3113
f 3118 3119 3121
f 3121 3119 3120
f 3129 3122 3128
f 3128 3122 3123
f 3128 3123 3127
f 3127 3123 3124
f 3127 3124 3126
f 3126 3124 3125
f 3137 3130 3136
f 3136 3130 3131
f 3136 3131 3135
f 3135 3131 3132
f 3135 3132 3134
f 3134 3132 3133
f 3138 3139 3141
f 3141 3139 3140
f 3149 3142 3148
f 3148 3142 3143
f 3148 3143 3147
f 3147 3143 3144
f 3147 3144 3146
f 3146 3144 3145
f 3157 3150 3156
f 3156 3150 3151
f 3156 3151 3155
f 3155 3151 3152
f 3155 3152 3154
f 3154 3152 3153
f 3158 3159 3165
f 3165 3159 3164
f 3164 3159 3160
f 3164 3160 3163
f 3163 3160 3161
f 3163 3161 3162
f 3173 3166 3172
f 3172 3166 3167
f 3172 3167 3171
f 3171 3167 3168
f 3171 3168 3170
f 3170 3168 3169
f 3181 3174 3180
f 3180 3174 3175
f 3180 3175 3179
f 3179 3175 3176
f 3179 3176 3178
f 3178 3176 3177
f 3182 3183 3185
f 3185 3183 3184
f 3186 3187 3193
f 3193 3187 3192
f 3192 3187 3188
f 3192 3188 3191
f 3191 3188 3189
f 3191 3189 3190
f 3194 3195 3197
f 3197 3195 3196
f 3205 3198 3204
f 3204 3198 3199
f 3204 3199 3203
f 3203 3199 3200
f 3203 3200 3202
f 3202 3200 3201
f 3213 3206 3212
f 3212 3206 3207
f 3212 3207 3211
f 3211 3207 3208
f 3211 3208 3210
f 3210 3208 3209
f 3214 3215 3217
f 3217 3215 3216
f 3225 3218 3224
f 3224 3218 3219
f 3224 3219 3223
f 3223 3219 3220
f 3223 3220 3222
f 3222 3220 3221
f 3233 3226 3232
f 3232 3226 3227
f 3232 3227 3231
f 3231 3227 3228
f 3231 3228 3230
f 3230 3228 3229
f 3234 3235 3237
f 3237 3235 3236
f 3238 3239 3241
f 3241 3239 3240
f 3249 3242 3248
f 3248 3242 3243
f 3248 3243 3247
f 3247 3243 3244
f 3247 3244 3246
f 3246 3244 3245
f 3257 3250 3256
f 3256 3250 3251
f 3256 3251 3255
f 3255 3251 3252
f 3255 3252 3254
f 3254 3252 3253
f 3258 3259 3261
f 3261 3259 3260
f 3262 3263 3269
f 3269 3263 3268
f 3268 3263 3264
f 3268 3264 3267
f 3267 3264 3265
f 3267 3265 3266
f 3270 3271 3273
f 3273 3271 3272
f 3281 3274 3280
f 3280 3274 3275
f 3280 3275 3279
f 3279 3275 3276
f 3279 3276 3278
f 3278 3276 3277
f 3282 3283 3285
f 3285 3283 3284
f 3286 3287 3289
f 3289 3287 3288
f 3297 3290 3296
f 3296 3290 3291
f 3296 3291 3295
f 3295 3291 3292
f 3295 3292 3294
f 3294 3292 3293
f 3305 3298 3304
f 3304 3298 3299
f 3304 3299 3303
f 3303 3299 3300
f 3303 3300 3302
f 3302 3300 3301
f 3313 3306 3312
f 3312 3306 3307
f 3312 3307 3311
f 3311 3307 3308
f 3311 3308 3310
f 3310 3308 3309
f 3314 3315 3317
f 3317 3315 3316
f 3325 3318 3324
f 3324 3318 3319
f 3324 3319 3323
f 3323 3319 3320
f 3323 3320 3322
f 3322 3320 3321
f 3326 3327 3329
f 3329 3327 3328
f 3330 3331 3337
f 3337 3331 3336
f 3336 3331 3332
f 3336 3332 3335
f 3335 3332 3333
f 3335 3333 3334
f 3338 3339 3341
f 3341 3339 3340
f 3342 3343 3345
f 3345 3343 3344
f 3346 3347 3353
f 3353 3347 3352
f 3352 3347 3348
f 3352 3348 3351
f 3351 3348 3349
f 3351 3349 3350
f 3361 3354 3360
f 3360 3354 3355
f 3360 3355 3359
f 3359 3355 3356
f 3359 3356 3358
f 3358 3356 3357
f 3362 3363 3365
f 3365 3363 3364
f 3373 3366 3372
f 3372 3366 3367
f 3372 3367 3371
f 3371 3367 3368
f 3371 3368 3370
f 3370 3368 3369
f 3374 3375 3377
f 3377 3375 3376
f 3378 3379 3385
f 3385 3379 3384
f 3384 3379 3380
f 3384 3380 3383
f 3383 3380 3381
f 3383 3381 3382
f 3386 3387 3389
f 3389 3387 3388
f 3390 3391 3393
f 3393 3391 3392
f 3394 3395 3401
f 3401 3395 3400
f 3400 3395 3399
f 3399 3395 3396
f 3399 3396 3398
f 3398 3396 3397
f 3402 3403 3409
f 3409 3403 3408
f 3408 3403 3404
f 3408 3404 3407
f 3407 3404 3405
f 3407 3405 3406
f 3417 3410 3416
f 3416 3410 3411
f 3416 3411 3415
f 3415 3411 3412
f 3415 3412 3414
f 3414 3412 3413
f 3418 3419 3421
f 3421 3419 3420
f 3429 3422 3428
f 3428 3422 3423
f 3428 3423 3427
f 3427 3423 3424
f 3427 3424 3425
f 3425 3426 3427
f 3437 3430 3436
f 3436 3430 3431
f 3436 3431 3435
f 3435 3431 3432
f 3435 3432 3434
f 3434 3432 3433
f 3445 3438 3444
f 3444 3438 3439
f 3444 3439 3443
f 3443 3439 3440
f 3443 3440 3442
f 3442 3440 3441
f 3446 3447 3449
f 3449 3447 3448
f 3457 3450 3456
f 3456 3450 3451
f 3456 3451 3452
f 3456 3452 3455
f 3455 3452 3453
f 3455 3453 3454
f 3465 3458 3464
f 3464 3458 3459
f 3464 3459 3463
f 3463 3459 3460
f 3463 3460 3462
f 3462 3460 3461
f 3466 3467 3473
f 3473 3467 3472
f 3472 3467 3468
f 3472 3468 3471
f 3471 3468 3469
f 3471 3469 3470
f 3474 3475 3477
f 3477 3475 3476
f 3478 3479 3481
f 3481 3479 3480
f 3482 3483 3485
f 3485 3483 3484
f 3493 3486 3492
f 3492 3486 3487
f 3492 3487 3491
f 3491 3487 3488
f 3491 3488 3490
f 3490 3488 3489
f 3494 3495 3497
f 3497 3495 3496
f 3498 3499 3505
f 3505 3499 3504
f 3504 3499 3500
f 3504 3500 3503
f 3503 3500 3501
f 3503 3501 3502
f 3513 3506 3512
f 3512 3506 3507
f 3512 3507 3511
f 3511 3507 3508
f 3511 3508 3510
f 3510 3508 3509
f 3514 3515 3517
f 3517 3515 3516
f 3525 3518 3524
f 3524 3518 3519
f 3524 3519 3523
f 3523 3519 3520
f 3523 3520 3522
f 3522 3520 3521
f 3526 3527 3533
f 3533 3527 3532
f 3532 3527 3528
f 3532 3528 3531
f 3531 3528 3529
f 3531 3529 3530
f 3541 3534 3540
f 3540 3534 3535
f 3540 3535 3539
f 3539 3535 3536
f 3539 3536 3538
f 3538 3536 3537
f 3542 3543 3545
f 3545 3543 3544
f 3553 3546 3552
f 3552 3546 3547
f 3552 3547 3551
f 3551 3547 3548
f 3551 3548 3550
f 3550 3548 3549
f 3554 3555 3561
f 3561 3555 3560
f 3560 3555 3559
f 3559 3555 3556
f 3559 3556 3558
f 3558 3556 3557
f 3562 3563 3569
f 3569 3563 3568
f 3568 3563 3564
f 3568 3564 3567
f 3567 3564 3565
f 3567 3565 3566
f 3570 3571 3573
f 3573 3571 3572
f 3574 3575 3577
f 3577 3575 3576
f 3578 3579 3581
f 3581 3579 3580
f 3589 3582 3588
f 3588 3582 3583
f 3588 3583 3587
f 3587 3583 3584
f 3587 3584 3586
f 3586 3584 3585
f 3590 3591 3593
f 3593 3591 3592
f 3601 3594 3600
f 3600 3594 3595
f 3600 3595 3599
f 3599 3595 3596
f 3599 3596 3598
f 3598 3596 3597
f 3602 3603 3605
f 3605 3603 3604
f 3606 3607 3609
f 3609 3607 3608
f 3610 3611 3613
f 3613 3611 3612
f 3614 3615 3617
f 3617 3615 3616
f 3618 3619 3621
f 3621 3619 3620
f 3622 3623 3625
f 3625 3623 3624
f 3626 3627 3629
f 3629 3627 3628
f 3637 3630 3636
f 3636 3630 3631
f 3636 3631 3635
f 3635 3631 3632
f 3635 3632 3634
f 3634 3632 3633
f 3638 3639 3641
f 3641 3639 3640
f 3642 3643 3645
f 3645 3643 3644
f 3646 3647 3649
f 3649 3647 3648
f 3657 3650 3656
f 3656 3650 3651
f 3656 3651 3655
f 3655 3651 3652
f 3655 3652 3654
f 3654 3652 3653
f 3665 3658 3664
f 3664 3658 3659
f 3664 3659 3663
f 3663 3659 3660
f 3663 3660 3662
f 3662 3660 3661
