v 0.03936331749 0.03599999905 0.4084081346
v 0.04081706047 0.03599999905 0.4160079462
v 0.04081706047 0.03599999905 0.4237455637
v 0.03936331749 0.03599999905 0.4313453752
v 0.03936331749 0.03400000095 0.4313453752
v 0.04081706047 0.03400000095 0.4237455637
v 0.04081706047 0.03400000095 0.4160079462
v 0.03936331749 0.03400000095 0.4084081346
v 0.01349284649 0.03599999905 0.379955042
v 0.01565359235 0.03599999905 0.3789979154
v 0.01783694386 0.03599999905 0.3799022848
v 0.01868803024 0.03599999905 0.3821069605
v 0.01868803024 0.03400000095 0.3821069605
v 0.01783694386 0.03400000095 0.3799022848
v 0.01565359235 0.03400000095 0.3789979154
v 0.01349284649 0.03400000095 0.379955042
v 0.02424999952 0.0375999999 0.4198766595
v 0.02339063406 0.0375999999 0.4225217134
v 0.02114067078 0.0375999999 0.4241564829
v 0.01835951805 0.0375999999 0.4241565401
v 0.01610948205 0.0375999999 0.422521866
v 0.01524999976 0.0375999999 0.4198768503
v 0.01610936522 0.0375999999 0.4172317964
v 0.01835932851 0.0375999999 0.415597027
v 0.02114048243 0.0375999999 0.4155969698
v 0.02339051723 0.0375999999 0.4172316438
v 0.01498791099 0.03789999962 0.4204788477
v 0.01616974592 0.03789999962 0.4230739099
v 0.01861509323 0.03789999962 0.424540661
v 0.0214609623 0.03789999962 0.4243614656
v 0.02370301247 0.03789999962 0.4225995523
v 0.02454999924 0.03789999962 0.4198767549
v 0.02370301247 0.03789999962 0.4171539384
v 0.0214609623 0.03789999962 0.4153920442
v 0.01861509323 0.03789999962 0.4152128488
v 0.01616974592 0.03789999962 0.4166795999
v 0.01498791099 0.03789999962 0.4192746622
v 0.015 0.03785000086 0.4198767549
v 0.02424999952 0.0375999999 0.4198766595
v 0.02454999924 0.03789999962 0.4198767549
v -0.01799999952 0.04400000095 0.4421267587
v -0.01918882012 0.04400000095 0.4412630159
v -0.01873473167 0.04400000095 0.4398654825
v -0.01726526856 0.04400000095 0.4398654825
v -0.01681117892 0.04400000095 0.4412630159
v -0.01799999952 0.04449999809 0.4391267473
v -0.01951554418 0.04449999809 0.4400017435
v -0.01951554418 0.04449999809 0.4417517549
v -0.01799999952 0.04449999809 0.4426267511
v -0.01648445606 0.04449999809 0.4417517549
v -0.01648445606 0.04449999809 0.4400017435
v -0.01648445606 0.04449999809 0.4400017435
v -0.01726526856 0.04400000095 0.4398654825
v 0.008906645775 0.03809999943 0.4118348772
v 0.009534858465 0.03809999943 0.4110506136
v 0.01021966696 0.03809999943 0.4103152258
v 0.01095727801 0.03809999943 0.4096328241
v 0.01095727801 0.03859999895 0.4096328241
v 0.01021966696 0.03859999895 0.4103152258
v 0.009534858465 0.03859999895 0.4110506136
v 0.008906645775 0.03859999895 0.4118348772
v 0.005402412415 0.03599999905 0.4375703699
v 0.005402412415 0.03400000095 0.4375703699
v 0.006817321778 0.03400000095 0.437488392
v 0.008111968637 0.03400000095 0.4380650789
v 0.008997402787 0.03400000095 0.4391717416
v 0.008997402787 0.03599999905 0.4391717416
v 0.008111968637 0.03599999905 0.4380650789
v 0.006817321778 0.03599999905 0.437488392
v -0.01799999952 0.03849999905 0.4001267511
v -0.01918882012 0.03849999905 0.3992630273
v -0.01873473167 0.03849999905 0.3978654844
v -0.01726526856 0.03849999905 0.3978654844
v -0.01681117892 0.03849999905 0.3992630273
v -0.01799999952 0.04400000095 0.4001267511
v -0.01681117892 0.04400000095 0.3992630273
v -0.01726526856 0.04400000095 0.3978654844
v -0.01873473167 0.04400000095 0.3978654844
v -0.01918882012 0.04400000095 0.3992630273
v -0.01799999952 0.04400000095 0.4001267511
v -0.01799999952 0.03849999905 0.4001267511
v 0.01027623057 0.03599999905 0.4419142038
v 0.008997402787 0.03599999905 0.4391717416
v 0.008997402787 0.03400000095 0.4391717416
v 0.01027623057 0.03400000095 0.4419142038
v 0.03992171288 0.03400000095 0.4063839037
v 0.03992171288 0.03599999905 0.4063839037
v 0.03948553801 0.03599999905 0.4069726736
v 0.03929069042 0.03599999905 0.4076790125
v 0.03936331749 0.03599999905 0.4084081346
v 0.03936331749 0.03400000095 0.4084081346
v 0.03929069042 0.03400000095 0.4076790125
v 0.03948553801 0.03400000095 0.4069726736
v 0.01868803024 0.03400000095 0.3821069605
v 0.01868803024 0.03599999905 0.3821069605
v 0.01879592776 0.03599999905 0.3828316957
v 0.01915760994 0.03599999905 0.3834689314
v 0.01972453117 0.03599999905 0.3839331419
v 0.01972453117 0.03400000095 0.3839331419
v 0.01915760994 0.03400000095 0.3834689314
v 0.01879592776 0.03400000095 0.3828316957
v 0.008906645775 0.03859999895 0.4118348772
v 0.005058905482 0.03859999895 0.4089952356
v 0.0004077574982 0.03859999895 0.4078836805
v -0.004308146536 0.03859999895 0.4086767561
v -0.008339871168 0.03859999895 0.4112485201
v -0.01104713678 0.03859999895 0.4151905138
v -0.01200000048 0.03859999895 0.4198767549
v -0.01104713678 0.03859999895 0.424562977
v -0.008339871168 0.03859999895 0.4285049898
v -0.004308146536 0.03859999895 0.4310767442
v 0.0004077574985 0.03859999895 0.4318698198
v 0.005058905482 0.03859999895 0.4307582742
v 0.008906645775 0.03859999895 0.4279186136
v 0.008906645775 0.03809999943 0.4279186136
v 0.01119999409 0.03809999943 0.4241849023
v 0.01200000048 0.03809999943 0.4198767549
v 0.01119999409 0.03809999943 0.4155686075
v 0.008906645775 0.03809999943 0.4118348772
v 1.323567971e-13 0.03700000048 0.4318767435
v -0.004592201114 0.03700000048 0.4309633142
v -0.008485281467 0.03700000048 0.428362034
v -0.01108655453 0.03700000048 0.4244689447
v -0.01200000048 0.03700000048 0.4198767549
v -0.01108655453 0.03700000048 0.4152845461
v -0.008485281468 0.03700000048 0.4113914758
v -0.004592201114 0.03700000048 0.4087901956
v -1.324099577e-13 0.03700000048 0.4078767568
v 0.004592201114 0.03700000048 0.4087901956
v 0.008485281467 0.03700000048 0.4113914758
v 0.01108655453 0.03700000048 0.4152845461
v 0.01200000048 0.03700000048 0.4198767549
v 0.01108655453 0.03700000048 0.4244689447
v 0.008485281468 0.03700000048 0.428362034
v 0.004592201114 0.03700000048 0.4309633142
v -0.004308146536 0.03859999895 0.4310767442
v 1.323567971e-13 0.03700000048 0.4318767435
v 0.01799999952 0.04400000095 0.4421267587
v 0.01681117892 0.04400000095 0.4412630159
v 0.01726526856 0.04400000095 0.4398654825
v 0.01873473167 0.04400000095 0.4398654825
v 0.01918882012 0.04400000095 0.4412630159
v 0.01799999952 0.04449999809 0.4391267473
v 0.01648445606 0.04449999809 0.4400017435
v 0.01648445606 0.04449999809 0.4417517549
v 0.01799999952 0.04449999809 0.4426267511
v 0.01951554418 0.04449999809 0.4417517549
v 0.01951554418 0.04449999809 0.4400017435
v 0.01951554418 0.04449999809 0.4400017435
v 0.01873473167 0.04400000095 0.4398654825
v 0.01799999952 0.03849999905 0.4001267511
v 0.01681117892 0.03849999905 0.3992630273
v 0.01726526856 0.03849999905 0.3978654844
v 0.01873473167 0.03849999905 0.3978654844
v 0.01918882012 0.03849999905 0.3992630273
v 0.01799999952 0.04400000095 0.4001267511
v 0.01918882012 0.04400000095 0.3992630273
v 0.01873473167 0.04400000095 0.3978654844
v 0.01726526856 0.04400000095 0.3978654844
v 0.01681117892 0.04400000095 0.3992630273
v 0.01799999952 0.03849999905 0.4001267511
v 0.01799999952 0.04400000095 0.4001267511
v 0.008482691645 0.03400000095 0.3937177354
v 0.008482691645 0.03599999905 0.3937177354
v 0.002869208455 0.03599999905 0.3925268442
v -0.002869208455 0.03599999905 0.3925268442
v -0.008482691646 0.03599999905 0.3937177354
v -0.008482691646 0.03400000095 0.3937177354
v -0.002869208455 0.03400000095 0.3925268442
v 0.002869208455 0.03400000095 0.3925268442
v 0.01027623057 0.03599999905 0.4419142038
v 0.01027623057 0.03400000095 0.4419142038
v 0.01053269386 0.03400000095 0.4435655672
v 0.009865874648 0.03400000095 0.445097912
v 0.008482691646 0.03400000095 0.4460357553
v 0.008482691646 0.03599999905 0.4460357553
v 0.009865874648 0.03599999905 0.445097912
v 0.01053269386 0.03599999905 0.4435655672
v 0.03776979685 0.03599999905 0.4011887247
v 0.03997446537 0.03599999905 0.4020398122
v 0.04087883949 0.03599999905 0.4042231638
v 0.03992171288 0.03599999905 0.4063839037
v 0.03992171288 0.03400000095 0.4063839037
v 0.04087883949 0.03400000095 0.4042231638
v 0.03997446537 0.03400000095 0.4020398122
v 0.03776979685 0.03400000095 0.4011887247
v 0.0359436059 0.03400000095 0.4001522237
v 0.03159767628 0.03400000095 0.3937503893
v 0.02612636328 0.03400000095 0.3882790739
v 0.01972453117 0.03400000095 0.3839331419
v 0.01972453117 0.03599999905 0.3839331419
v 0.02612636328 0.03599999905 0.3882790739
v 0.03159767628 0.03599999905 0.3937503893
v 0.0359436059 0.03599999905 0.4001522237
v 1.654588495e-13 0.0325 0.4348767549
v 0.00513030231 0.0325 0.4339721376
v 0.009641814232 0.0325 0.4313674242
v 0.01299038053 0.0325 0.4273767549
v 0.01477211595 0.0325 0.4224814684
v 0.01477211595 0.0325 0.4172720224
v 0.01299038053 0.0325 0.4123767549
v 0.009641814232 0.0325 0.4083860857
v 0.00513030231 0.0325 0.4057813627
v -1.655028397e-13 0.0325 0.4048767549
v -0.00513030231 0.0325 0.4057813627
v -0.009641814232 0.0325 0.4083860857
v -0.01299038053 0.0325 0.4123767549
v -0.01477211595 0.0325 0.4172720224
v -0.01477211595 0.0325 0.4224814684
v -0.01299038053 0.0325 0.4273767549
v -0.009641814232 0.0325 0.4313674242
v -0.00513030231 0.0325 0.4339721376
v 1.654564201e-13 0.03400000095 0.4348767549
v -0.00513030231 0.03400000095 0.4339721376
v -0.009641814232 0.03400000095 0.4313674242
v -0.01299038053 0.03400000095 0.4273767549
v -0.01477211595 0.03400000095 0.4224814684
v -0.01477211595 0.03400000095 0.4172720224
v -0.01299038053 0.03400000095 0.4123767549
v -0.009641814232 0.03400000095 0.4083860857
v -0.00513030231 0.03400000095 0.4057813627
v -1.655040444e-13 0.03400000095 0.4048767549
v 0.00513030231 0.03400000095 0.4057813627
v 0.009641814232 0.03400000095 0.4083860857
v 0.01299038053 0.03400000095 0.4123767549
v 0.01477211595 0.03400000095 0.4172720224
v 0.01477211595 0.03400000095 0.4224814684
v 0.01299038053 0.03400000095 0.4273767549
v 0.009641814232 0.03400000095 0.4313674242
v 0.00513030231 0.03400000095 0.4339721376
v 1.654564201e-13 0.03400000095 0.4348767549
v 1.654588495e-13 0.0325 0.4348767549
v 0.02424999952 0.03710000038 0.4198767549
v 0.02339057684 0.03710000038 0.4225217897
v 0.02114057541 0.03710000038 0.4241565019
v 0.01835942388 0.03710000038 0.4241565019
v 0.01610942364 0.03710000038 0.4225217897
v 0.01524999976 0.03710000038 0.4198767549
v 0.01610942364 0.03710000038 0.4172317201
v 0.01835942388 0.03710000038 0.4155969888
v 0.02114057541 0.03710000038 0.4155969888
v 0.02339057684 0.03710000038 0.4172317201
v 0.02424999952 0.0375999999 0.4198766595
v 0.02339051723 0.0375999999 0.4172316438
v 0.02114048243 0.0375999999 0.4155969698
v 0.01835932851 0.0375999999 0.415597027
v 0.01610936522 0.0375999999 0.4172317964
v 0.01524999976 0.0375999999 0.4198768503
v 0.01610948205 0.0375999999 0.422521866
v 0.01835951805 0.0375999999 0.4241565401
v 0.02114067078 0.0375999999 0.4241564829
v 0.02339063406 0.0375999999 0.4225217134
v 0.01610936522 0.0375999999 0.4172317964
v 0.01524999976 0.03710000038 0.4198767549
v -0.01799999952 0.03849999905 0.4421267587
v -0.01918882012 0.03849999905 0.4412630159
v -0.01873473167 0.03849999905 0.4398654825
v -0.01726526856 0.03849999905 0.4398654825
v -0.01681117892 0.03849999905 0.4412630159
v -0.01799999952 0.04400000095 0.4421267587
v -0.01681117892 0.04400000095 0.4412630159
v -0.01726526856 0.04400000095 0.4398654825
v -0.01873473167 0.04400000095 0.4398654825
v -0.01918882012 0.04400000095 0.4412630159
v -0.01726526856 0.04400000095 0.4398654825
v -0.01726526856 0.03849999905 0.4398654825
v 0.01027623057 0.03400000095 0.397839306
v 0.01027623057 0.03599999905 0.397839306
v 0.01053269386 0.03599999905 0.3961879427
v 0.009865874648 0.03599999905 0.3946555883
v 0.008482691645 0.03599999905 0.3937177354
v 0.008482691645 0.03400000095 0.3937177354
v 0.009865874648 0.03400000095 0.3946555883
v 0.01053269386 0.03400000095 0.3961879427
v -0.008482691646 0.03400000095 0.3937177354
v -0.008482691646 0.03599999905 0.3937177354
v -0.009865874648 0.03599999905 0.3946555883
v -0.01053269386 0.03599999905 0.3961879427
v -0.01027623057 0.03599999905 0.397839306
v -0.01027623057 0.03400000095 0.397839306
v -0.01053269386 0.03400000095 0.3961879427
v -0.009865874648 0.03400000095 0.3946555883
v 0.008482691646 0.03599999905 0.4460357553
v 0.008482691646 0.03400000095 0.4460357553
v 0.002869208455 0.03400000095 0.4472266657
v -0.002869208455 0.03400000095 0.4472266657
v -0.008482691645 0.03400000095 0.4460357553
v -0.008482691645 0.03599999905 0.4460357553
v -0.002869208455 0.03599999905 0.4472266657
v 0.002869208455 0.03599999905 0.4472266657
v 0.005402412415 0.03599999905 0.4375703699
v 0.001824463457 0.03599999905 0.4382865602
v -0.001824463457 0.03599999905 0.4382865602
v -0.005402412414 0.03599999905 0.4375703699
v -0.005402412414 0.03400000095 0.4375703699
v -0.001824463457 0.03400000095 0.4382865602
v 0.001824463457 0.03400000095 0.4382865602
v 0.005402412415 0.03400000095 0.4375703699
v 0.03776979685 0.03599999905 0.4011887247
v 0.03776979685 0.03400000095 0.4011887247
v 0.03704505682 0.03400000095 0.401080826
v 0.03640781641 0.03400000095 0.400719145
v 0.0359436059 0.03400000095 0.4001522237
v 0.0359436059 0.03599999905 0.4001522237
v 0.03640781641 0.03599999905 0.400719145
v 0.03704505682 0.03599999905 0.401080826
v 0.01600000024 0.03539999962 0.4198767549
v 0.01687733293 0.03539999962 0.4222872049
v 0.01909881949 0.03539999962 0.4235697824
v 0.02162499905 0.03539999962 0.4231243402
v 0.0232738471 0.03539999962 0.4211593324
v 0.0232738471 0.03539999962 0.4185941774
v 0.02162499905 0.03539999962 0.4166291505
v 0.01909881949 0.03539999962 0.4161837274
v 0.01687733293 0.03539999962 0.4174663049
v 0.01600000024 0.03400000095 0.4198767549
v 0.01687733293 0.03400000095 0.4174663049
v 0.01909881949 0.03400000095 0.4161837274
v 0.02162499905 0.03400000095 0.4166291505
v 0.0232738471 0.03400000095 0.4185941774
v 0.0232738471 0.03400000095 0.4211593324
v 0.02162499905 0.03400000095 0.4231243402
v 0.01909881949 0.03400000095 0.4235697824
v 0.01687733293 0.03400000095 0.4222872049
v 0.0232738471 0.03539999962 0.4185941774
v 0.0232738471 0.03400000095 0.4185941774
v 1.433893241e-13 0.03700000048 0.4328767473
v -0.004696141779 0.03700000048 0.4319988901
v -0.008758043647 0.03700000048 0.4294838602
v -0.01163712263 0.03700000048 0.4256713564
v -0.01294454455 0.03700000048 0.4210762483
v -0.01250373363 0.03700000048 0.4163191301
v -0.01037422419 0.03700000048 0.4120425111
v -0.006843618155 0.03700000048 0.4088239271
v -0.002388743758 0.03700000048 0.4070981008
v 0.002388743758 0.03700000048 0.4070981008
v 0.006843618154 0.03700000048 0.4088239271
v 0.01037422419 0.03700000048 0.4120425111
v 0.01250373363 0.03700000048 0.4163191301
v 0.01294454455 0.03700000048 0.4210762483
v 0.01163712263 0.03700000048 0.4256713564
v 0.008758043647 0.03700000048 0.4294838602
v 0.00469614178 0.03700000048 0.4319988901
v 1.323567971e-13 0.03700000048 0.4318767435
v 0.004592201114 0.03700000048 0.4309633142
v 0.008485281468 0.03700000048 0.428362034
v 0.01108655453 0.03700000048 0.4244689447
v 0.01200000048 0.03700000048 0.4198767549
v 0.01108655453 0.03700000048 0.4152845461
v 0.008485281467 0.03700000048 0.4113914758
v 0.004592201114 0.03700000048 0.4087901956
v -1.324099577e-13 0.03700000048 0.4078767568
v -0.004592201114 0.03700000048 0.4087901956
v -0.008485281468 0.03700000048 0.4113914758
v -0.01108655453 0.03700000048 0.4152845461
v -0.01200000048 0.03700000048 0.4198767549
v -0.01108655453 0.03700000048 0.4244689447
v -0.008485281467 0.03700000048 0.428362034
v -0.004592201114 0.03700000048 0.4309633142
v 0.01799999952 0.03849999905 0.4421267587
v 0.01681117892 0.03849999905 0.4412630159
v 0.01726526856 0.03849999905 0.4398654825
v 0.01873473167 0.03849999905 0.4398654825
v 0.01918882012 0.03849999905 0.4412630159
v 0.01799999952 0.04400000095 0.4421267587
v 0.01918882012 0.04400000095 0.4412630159
v 0.01873473167 0.04400000095 0.4398654825
v 0.01726526856 0.04400000095 0.4398654825
v 0.01681117892 0.04400000095 0.4412630159
v 0.01873473167 0.03849999905 0.4398654825
v 0.01873473167 0.04400000095 0.4398654825
v 0.008997402787 0.03400000095 0.4005817587
v 0.008997402787 0.03599999905 0.4005817587
v 0.01027623057 0.03599999905 0.397839306
v 0.01027623057 0.03400000095 0.397839306
v -0.008997402787 0.03599999905 0.4005817587
v -0.008997402787 0.03400000095 0.4005817587
v -0.01027623057 0.03400000095 0.397839306
v -0.01027623057 0.03599999905 0.397839306
v -0.008482691645 0.03599999905 0.4460357553
v -0.008482691645 0.03400000095 0.4460357553
v -0.009865874648 0.03400000095 0.445097912
v -0.01053269386 0.03400000095 0.4435655672
v -0.01027623057 0.03400000095 0.4419142038
v -0.01027623057 0.03599999905 0.4419142038
v -0.01053269386 0.03599999905 0.4435655672
v -0.009865874648 0.03599999905 0.445097912
v -0.008997402787 0.03599999905 0.4391717416
v -0.008997402787 0.03400000095 0.4391717416
v -0.008111968636 0.03400000095 0.4380650789
v -0.006817321777 0.03400000095 0.437488392
v -0.005402412414 0.03400000095 0.4375703699
v -0.005402412414 0.03599999905 0.4375703699
v -0.006817321777 0.03599999905 0.437488392
v -0.008111968636 0.03599999905 0.4380650789
v 1.654588495e-13 0.0325 0.4348767549
v -0.00513030231 0.0325 0.4339721376
v -0.009641814232 0.0325 0.4313674242
v -0.01299038053 0.0325 0.4273767549
v -0.01477211595 0.0325 0.4224814684
v -0.01477211595 0.0325 0.4172720224
v -0.01299038053 0.0325 0.4123767549
v -0.009641814232 0.0325 0.4083860857
v -0.00513030231 0.0325 0.4057813627
v -1.655028397e-13 0.0325 0.4048767549
v 0.00513030231 0.0325 0.4057813627
v 0.009641814232 0.0325 0.4083860857
v 0.01299038053 0.0325 0.4123767549
v 0.01477211595 0.0325 0.4172720224
v 0.01477211595 0.0325 0.4224814684
v 0.01299038053 0.0325 0.4273767549
v 0.009641814232 0.0325 0.4313674242
v 0.00513030231 0.0325 0.4339721376
v 2.711246062e-12 0.0325 0.4063767511
v -0.004876762629 0.0325 0.4072883779
v -0.009094890952 0.0325 0.4099001295
v -0.01208470464 0.0325 0.4138592798
v -0.01344241142 0.0325 0.4186311227
v -0.01298464656 0.0325 0.4235711939
v -0.01077323198 0.0325 0.4280123216
v -0.007106834054 0.0325 0.4313546831
v -0.002480618507 0.0325 0.4331468851
v 0.002480618507 0.0325 0.4331468851
v 0.007106834054 0.0325 0.4313546831
v 0.01077323198 0.0325 0.4280123216
v 0.01298464656 0.0325 0.4235711939
v 0.01344241142 0.0325 0.4186311227
v 0.01208470464 0.0325 0.4138592798
v 0.009094890952 0.0325 0.4099001295
v 0.004876762628 0.0325 0.4072883779
v 0.02430000067 0.03710000038 0.4198767549
v 0.02343102694 0.03710000038 0.4225511819
v 0.02115602732 0.03710000038 0.4242040521
v 0.01834397316 0.03710000038 0.4242040521
v 0.01606897235 0.03710000038 0.4225511819
v 0.01519999981 0.03710000038 0.4198767549
v 0.01606897235 0.03710000038 0.4172023279
v 0.01834397316 0.03710000038 0.4155494386
v 0.02115602732 0.03710000038 0.4155494386
v 0.02343102694 0.03710000038 0.4172023279
v 0.02424999952 0.03710000038 0.4198767549
v 0.02339057684 0.03710000038 0.4172317201
v 0.02114057541 0.03710000038 0.4155969888
v 0.01835942388 0.03710000038 0.4155969888
v 0.01610942364 0.03710000038 0.4172317201
v 0.01524999976 0.03710000038 0.4198767549
v 0.01610942364 0.03710000038 0.4225217897
v 0.01835942388 0.03710000038 0.4241565019
v 0.02114057541 0.03710000038 0.4241565019
v 0.02339057684 0.03710000038 0.4225217897
v 0.005402412414 0.03400000095 0.40218314
v 0.005402412414 0.03599999905 0.40218314
v 0.006817321777 0.03599999905 0.4022651178
v 0.008111968636 0.03599999905 0.4016884214
v 0.008997402787 0.03599999905 0.4005817587
v 0.008997402787 0.03400000095 0.4005817587
v 0.008111968636 0.03400000095 0.4016884214
v 0.006817321777 0.03400000095 0.4022651178
v -0.008997402787 0.03400000095 0.4005817587
v -0.008997402787 0.03599999905 0.4005817587
v -0.008111968637 0.03599999905 0.4016884214
v -0.006817321778 0.03599999905 0.4022651178
v -0.005402412415 0.03599999905 0.40218314
v -0.005402412415 0.03400000095 0.40218314
v -0.006817321778 0.03400000095 0.4022651178
v -0.008111968637 0.03400000095 0.4016884214
v -0.01027623057 0.03400000095 0.4419142038
v -0.008997402787 0.03400000095 0.4391717416
v -0.008997402787 0.03599999905 0.4391717416
v -0.01027623057 0.03599999905 0.4419142038
v 0.02424999952 0.03539999962 0.4198767549
v 0.02339057684 0.03539999962 0.4172317201
v 0.02114057541 0.03539999962 0.4155969888
v 0.01835942388 0.03539999962 0.4155969888
v 0.01610942364 0.03539999962 0.4172317201
v 0.01524999976 0.03539999962 0.4198767549
v 0.01610942364 0.03539999962 0.4225217897
v 0.01835942388 0.03539999962 0.4241565019
v 0.02114057541 0.03539999962 0.4241565019
v 0.02339057684 0.03539999962 0.4225217897
v 0.01600000024 0.03539999962 0.4198767549
v 0.01687733293 0.03539999962 0.4174663049
v 0.01909881949 0.03539999962 0.4161837274
v 0.02162499905 0.03539999962 0.4166291505
v 0.0232738471 0.03539999962 0.4185941774
v 0.0232738471 0.03539999962 0.4211593324
v 0.02162499905 0.03539999962 0.4231243402
v 0.01909881949 0.03539999962 0.4235697824
v 0.01687733293 0.03539999962 0.4222872049
v 1.433893241e-13 0.03700000048 0.4328767473
v 0.00469614178 0.03700000048 0.4319988901
v 0.008758043647 0.03700000048 0.4294838602
v 0.01163712263 0.03700000048 0.4256713564
v 0.01294454455 0.03700000048 0.4210762483
v 0.01250373363 0.03700000048 0.4163191301
v 0.01037422419 0.03700000048 0.4120425111
v 0.006843618154 0.03700000048 0.4088239271
v 0.002388743758 0.03700000048 0.4070981008
v -0.002388743758 0.03700000048 0.4070981008
v -0.006843618155 0.03700000048 0.4088239271
v -0.01037422419 0.03700000048 0.4120425111
v -0.01250373363 0.03700000048 0.4163191301
v -0.01294454455 0.03700000048 0.4210762483
v -0.01163712263 0.03700000048 0.4256713564
v -0.008758043647 0.03700000048 0.4294838602
v -0.004696141779 0.03700000048 0.4319988901
v -0.01299999952 0.03299999952 0.4198767549
v -0.01212213874 0.03299999952 0.4151806146
v -0.009607115984 0.03299999952 0.4111187059
v -0.00579459846 0.03299999952 0.4082396299
v -0.00119948864 0.03299999952 0.4069322092
v 0.003557618856 0.03299999952 0.4073730165
v 0.007834250331 0.03299999952 0.4095025236
v 0.01105282307 0.03299999952 0.4130331308
v 0.01277865052 0.03299999952 0.4174880106
v 0.01277865052 0.03299999952 0.4222654993
v 0.01105282307 0.03299999952 0.426720379
v 0.007834250331 0.03299999952 0.4302509767
v 0.003557618857 0.03299999952 0.4323804933
v -0.00119948864 0.03299999952 0.4328213007
v -0.00579459846 0.03299999952 0.4315138704
v -0.009607115984 0.03299999952 0.4286348039
v -0.01212213874 0.03299999952 0.4245728952
v 0.003557618857 0.03299999952 0.4323804933
v 1.433893241e-13 0.03700000048 0.4328767473
v -0.01799999952 0.03849999905 0.4001267511
v -0.01681117892 0.03849999905 0.3992630273
v -0.01726526856 0.03849999905 0.3978654844
v -0.01873473167 0.03849999905 0.3978654844
v -0.01918882012 0.03849999905 0.3992630273
v -0.01799999952 0.0377489233 0.3988767511
v -0.01799999952 0.03849999905 0.4001267511
v -0.01799999952 0.0377489233 0.3988767511
v -0.01799999952 0.0377489233 0.3988767511
v -0.01799999952 0.0377489233 0.3988767511
v -0.01799999952 0.0377489233 0.3988767511
v -0.01799999952 0.0377489233 0.3988767511
v -0.01799999952 0.0377489233 0.3988767511
v -0.01799999952 0.0377489233 0.3988767511
v 0.005402412414 0.03400000095 0.40218314
v 0.001824463457 0.03400000095 0.4014669401
v -0.001824463457 0.03400000095 0.4014669401
v -0.005402412415 0.03400000095 0.40218314
v -0.005402412415 0.03599999905 0.40218314
v -0.001824463457 0.03599999905 0.4014669401
v 0.001824463457 0.03599999905 0.4014669401
v 0.005402412414 0.03599999905 0.40218314
v -0.01299999952 0.03299999952 0.4198767549
v -0.01212213874 0.03299999952 0.4245728952
v -0.009607115984 0.03299999952 0.4286348039
v -0.00579459846 0.03299999952 0.4315138704
v -0.00119948864 0.03299999952 0.4328213007
v 0.003557618857 0.03299999952 0.4323804933
v 0.007834250331 0.03299999952 0.4302509767
v 0.01105282307 0.03299999952 0.426720379
v 0.01277865052 0.03299999952 0.4222654993
v 0.01277865052 0.03299999952 0.4174880106
v 0.01105282307 0.03299999952 0.4130331308
v 0.007834250331 0.03299999952 0.4095025236
v 0.003557618856 0.03299999952 0.4073730165
v -0.00119948864 0.03299999952 0.4069322092
v -0.00579459846 0.03299999952 0.4082396299
v -0.009607115984 0.03299999952 0.4111187059
v -0.01212213874 0.03299999952 0.4151806146
v 2.711246062e-12 0.0325 0.4063767511
v 0.004876762628 0.0325 0.4072883779
v 0.009094890952 0.0325 0.4099001295
v 0.01208470464 0.0325 0.4138592798
v 0.01344241142 0.0325 0.4186311227
v 0.01298464656 0.0325 0.4235711939
v 0.01077323198 0.0325 0.4280123216
v 0.007106834054 0.0325 0.4313546831
v 0.002480618507 0.0325 0.4331468851
v -0.002480618507 0.0325 0.4331468851
v -0.007106834054 0.0325 0.4313546831
v -0.01077323198 0.0325 0.4280123216
v -0.01298464656 0.0325 0.4235711939
v -0.01344241142 0.0325 0.4186311227
v -0.01208470464 0.0325 0.4138592798
v -0.009094890952 0.0325 0.4099001295
v -0.004876762629 0.0325 0.4072883779
v 0.01277865052 0.03299999952 0.4174880106
v 0.01344241142 0.0325 0.4186311227
v 0.01799999952 0.03849999905 0.4001267511
v 0.01918882012 0.03849999905 0.3992630273
v 0.01873473167 0.03849999905 0.3978654844
v 0.01726526856 0.03849999905 0.3978654844
v 0.01681117892 0.03849999905 0.3992630273
v 0.01799999952 0.0377489233 0.3988767511
v 0.01799999952 0.0377489233 0.3988767511
v 0.01799999952 0.0377489233 0.3988767511
v 0.01799999952 0.0377489233 0.3988767511
v 0.01799999952 0.0377489233 0.3988767511
v 0.01799999952 0.0377489233 0.3988767511
v 0.01799999952 0.0377489233 0.3988767511
v 0.01873473167 0.03849999905 0.3978654844
v 0.01799999952 0.0377489233 0.3988767511
v 0.02424999952 0.03630000114 0.4198767549
v 0.02339057684 0.03630000114 0.4172317201
v 0.02114057541 0.03630000114 0.4155969888
v 0.01835942388 0.03630000114 0.4155969888
v 0.01610942364 0.03630000114 0.4172317201
v 0.01524999976 0.03630000114 0.4198767549
v 0.01610942364 0.03630000114 0.4225217897
v 0.01835942388 0.03630000114 0.4241565019
v 0.02114057541 0.03630000114 0.4241565019
v 0.02339057684 0.03630000114 0.4225217897
v 0.02424999952 0.03539999962 0.4198767549
v 0.02339057684 0.03539999962 0.4225217897
v 0.02114057541 0.03539999962 0.4241565019
v 0.01835942388 0.03539999962 0.4241565019
v 0.01610942364 0.03539999962 0.4225217897
v 0.01524999976 0.03539999962 0.4198767549
v 0.01610942364 0.03539999962 0.4172317201
v 0.01835942388 0.03539999962 0.4155969888
v 0.02114057541 0.03539999962 0.4155969888
v 0.02339057684 0.03539999962 0.4172317201
v 0.01524999976 0.03630000114 0.4198767549
v 0.01524999976 0.03539999962 0.4198767549
v -0.01799999952 0.03849999905 0.4421267587
v -0.01681117892 0.03849999905 0.4412630159
v -0.01726526856 0.03849999905 0.4398654825
v -0.01873473167 0.03849999905 0.4398654825
v -0.01918882012 0.03849999905 0.4412630159
v -0.01799999952 0.0377489233 0.4408767587
v -0.01799999952 0.03849999905 0.4421267587
v -0.01799999952 0.0377489233 0.4408767587
v -0.01799999952 0.0377489233 0.4408767587
v -0.01799999952 0.0377489233 0.4408767587
v -0.01799999952 0.0377489233 0.4408767587
v -0.01799999952 0.0377489233 0.4408767587
v -0.01799999952 0.0377489233 0.4408767587
v -0.01799999952 0.0377489233 0.4408767587
v 0.01799999952 0.03849999905 0.4421267587
v 0.01918882012 0.03849999905 0.4412630159
v 0.01873473167 0.03849999905 0.4398654825
v 0.01726526856 0.03849999905 0.4398654825
v 0.01681117892 0.03849999905 0.4412630159
v 0.01799999952 0.0377489233 0.4408767587
v 0.01799999952 0.0377489233 0.4408767587
v 0.01799999952 0.0377489233 0.4408767587
v 0.01799999952 0.0377489233 0.4408767587
v 0.01799999952 0.0377489233 0.4408767587
v 0.01799999952 0.0377489233 0.4408767587
v 0.01799999952 0.0377489233 0.4408767587
v 0.01873473167 0.03849999905 0.4398654825
v 0.01799999952 0.0377489233 0.4408767587
v 0.02430000067 0.03710000038 0.4198767549
v 0.02343102694 0.03710000038 0.4172023279
v 0.02115602732 0.03710000038 0.4155494386
v 0.01834397316 0.03710000038 0.4155494386
v 0.01606897235 0.03710000038 0.4172023279
v 0.01519999981 0.03710000038 0.4198767549
v 0.01606897235 0.03710000038 0.4225511819
v 0.01834397316 0.03710000038 0.4242040521
v 0.02115602732 0.03710000038 0.4242040521
v 0.02343102694 0.03710000038 0.4225511819
v 0.02430000067 0.03630000114 0.4198767549
v 0.02343102694 0.03630000114 0.4225511819
v 0.02115602732 0.03630000114 0.4242040521
v 0.01834397316 0.03630000114 0.4242040521
v 0.01606897235 0.03630000114 0.4225511819
v 0.01519999981 0.03630000114 0.4198767549
v 0.01606897235 0.03630000114 0.4172023279
v 0.01834397316 0.03630000114 0.4155494386
v 0.02115602732 0.03630000114 0.4155494386
v 0.02343102694 0.03630000114 0.4172023279
v 0.01519999981 0.03630000114 0.4198767549
v 0.01519999981 0.03710000038 0.4198767549
v 0.02430000067 0.03630000114 0.4198767549
v 0.02343102694 0.03630000114 0.4172023279
v 0.02115602732 0.03630000114 0.4155494386
v 0.01834397316 0.03630000114 0.4155494386
v 0.01606897235 0.03630000114 0.4172023279
v 0.01519999981 0.03630000114 0.4198767549
v 0.01606897235 0.03630000114 0.4225511819
v 0.01834397316 0.03630000114 0.4242040521
v 0.02115602732 0.03630000114 0.4242040521
v 0.02343102694 0.03630000114 0.4225511819
v 0.02424999952 0.03630000114 0.4198767549
v 0.02339057684 0.03630000114 0.4225217897
v 0.02114057541 0.03630000114 0.4241565019
v 0.01835942388 0.03630000114 0.4241565019
v 0.01610942364 0.03630000114 0.4225217897
v 0.01524999976 0.03630000114 0.4198767549
v 0.01610942364 0.03630000114 0.4172317201
v 0.01835942388 0.03630000114 0.4155969888
v 0.02114057541 0.03630000114 0.4155969888
v 0.02339057684 0.03630000114 0.4172317201
v -0.02762120247 0.0375 0.4066030485
v -0.02838204861 0.0375 0.4060502607
v -0.02809143066 0.0375 0.4051558286
v -0.02715097427 0.0375 0.4051558286
v -0.02686035633 0.0375 0.4060502607
v -0.02762120247 0.04179999828 0.4066030485
v -0.02686035633 0.04179999828 0.4060502607
v -0.02715097427 0.04179999828 0.4051558286
v -0.02809143066 0.04179999828 0.4051558286
v -0.02838204861 0.04179999828 0.4060502607
v -0.02762120247 0.04179999828 0.4066030485
v -0.02762120247 0.0375 0.4066030485
v -0.04058410645 0.03450000048 0.4138767511
v -0.04058410645 0.03424999952 0.413809765
v -0.04058410645 0.03406698704 0.4136267549
v -0.04058410645 0.03400000095 0.4133767587
v -0.03814292669 0.03400000095 0.4133767587
v -0.03764292717 0.03450000048 0.4138767511
v 0.02999919891 0.04199999809 0.4336262209
v 0.02895714283 0.04199999809 0.4319566423
v 0.02701671839 0.04199999809 0.4316278345
v 0.0254827857 0.04199999809 0.4328608781
v 0.02538685083 0.04199999809 0.4348266298
v 0.02679342508 0.04199999809 0.4362031824
v 0.02875664473 0.04199999809 0.4360648805
v 0.02919325829 0.04199999809 0.4352635461
v 0.0296075511 0.04199999809 0.4344504625
v 0.02762120247 0.04199999809 0.4349504549
v 0.02667014599 0.04199999809 0.4342594797
v 0.02703341723 0.04199999809 0.4331414491
v 0.02820898771 0.04199999809 0.4331414491
v 0.02857225895 0.04199999809 0.4342594797
v 0.01455865026 0.03400000095 0.4588871843
v 0.01414453983 0.03400000095 0.4573416978
v 0.0152759099 0.03400000095 0.4562103349
v 0.01682139158 0.03400000095 0.4566244394
v 0.01723550201 0.03400000095 0.4581699258
v 0.01610413075 0.03400000095 0.4593012888
v 0.01455865026 0.03599999905 0.4588871843
v 0.01610413075 0.03599999905 0.4593012888
v 0.01723550201 0.03599999905 0.4581699258
v 0.01682139158 0.03599999905 0.4566244394
v 0.0152759099 0.03599999905 0.4562103349
v 0.01414453983 0.03599999905 0.4573416978
v 0.01455865026 0.03400000095 0.4588871843
v 0.01455865026 0.03599999905 0.4588871843
v -0.01349284649 0.03599999905 0.4597984583
v -0.01565359235 0.03599999905 0.4607555849
v -0.01783694386 0.03599999905 0.4598512155
v -0.01868803024 0.03599999905 0.4576465494
v -0.01868803024 0.03400000095 0.4576465494
v -0.01783694386 0.03400000095 0.4598512155
v -0.01565359235 0.03400000095 0.4607555849
v -0.01349284649 0.03400000095 0.4597984583
v -0.03936331749 0.03400000095 0.4084081346
v -0.0396959734 0.03400000095 0.4096185953
v -0.03999141455 0.03400000095 0.410838669
v -0.04024936676 0.03400000095 0.4120672304
v -0.04024936676 0.03599999905 0.4120672304
v -0.03999141455 0.03599999905 0.410838669
v -0.0396959734 0.03599999905 0.4096185953
v -0.03936331749 0.03599999905 0.4084081346
v 0.0378790617 0.03400000095 0.4371667749
v 0.0364934206 0.03400000095 0.4363667757
v 0.0364934206 0.03400000095 0.4347667772
v 0.0378790617 0.03400000095 0.433966778
v 0.03926470041 0.03400000095 0.4347667772
v 0.03926470041 0.03400000095 0.4363667757
v 0.0378790617 0.03599999905 0.4371667749
v 0.03926470041 0.03599999905 0.4363667757
v 0.03926470041 0.03599999905 0.4347667772
v 0.0378790617 0.03599999905 0.433966778
v 0.0364934206 0.03599999905 0.4347667772
v 0.0364934206 0.03599999905 0.4363667757
v 0.0378790617 0.03400000095 0.4371667749
v 0.0378790617 0.03599999905 0.4371667749
v -0.0274000001 0.03420000076 0.4255267603
v -0.02652689457 0.03420000076 0.4225532228
v -0.02418478251 0.03420000076 0.4205237848
v -0.02111726761 0.03420000076 0.4200827295
v -0.01829826593 0.03420000076 0.4213701326
v -0.01662278891 0.03420000076 0.4239772302
v -0.01662278891 0.03420000076 0.4270762903
v -0.01829826593 0.03420000076 0.4296833688
v -0.02111726761 0.03420000076 0.4309707719
v -0.0241847825 0.03420000076 0.4305297357
v -0.02652689457 0.03420000076 0.4285002786
v -0.0274000001 0.03579999924 0.4255267603
v -0.02652689457 0.03579999924 0.4285002786
v -0.0241847825 0.03579999924 0.4305297357
v -0.02111726761 0.03579999924 0.4309707719
v -0.01829826593 0.03579999924 0.4296833688
v -0.01662278891 0.03579999924 0.4270762903
v -0.01662278891 0.03579999924 0.4239772302
v -0.01829826593 0.03579999924 0.4213701326
v -0.02111726761 0.03579999924 0.4200827295
v -0.02418478251 0.03579999924 0.4205237848
v -0.02652689457 0.03579999924 0.4225532228
v -0.0274000001 0.03579999924 0.4255267603
v -0.0274000001 0.03420000076 0.4255267603
v -0.0274000001 0.03579999924 0.4255267603
v -0.02652689457 0.03579999924 0.4225532228
v -0.02418478251 0.03579999924 0.4205237848
v -0.02111726761 0.03579999924 0.4200827295
v -0.01829826593 0.03579999924 0.4213701326
v -0.01662278891 0.03579999924 0.4239772302
v -0.01662278891 0.03579999924 0.4270762903
v -0.01829826593 0.03579999924 0.4296833688
v -0.02111726761 0.03579999924 0.4309707719
v -0.0241847825 0.03579999924 0.4305297357
v -0.02652689457 0.03579999924 0.4285002786
v -0.0275999999 0.03599999905 0.4255267603
v -0.0275847578 0.03599999905 0.4259433252
v -0.02753911018 0.03599999905 0.4263576776
v -0.02681842566 0.03599999905 0.4284075624
v -0.02538299322 0.03599999905 0.4300388223
v -0.02344141245 0.03599999905 0.4310143739
v -0.02127583504 0.03599999905 0.4311924822
v -0.01920095921 0.03599999905 0.4305472261
v -0.01751830935 0.03599999905 0.4291724092
v -0.01647240639 0.03599999905 0.4272677881
v -0.01621524215 0.03599999905 0.4251101762
v -0.01678418756 0.03599999905 0.4230131036
v -0.01809656382 0.03599999905 0.4212813074
v -0.01996165514 0.03599999905 0.420166443
v -0.02210842609 0.03599999905 0.4198305589
v -0.02422491074 0.03599999905 0.4203224451
v -0.02600353718 0.03599999905 0.421570614
v -0.02718583822 0.03599999905 0.423393696
v -0.01621524215 0.03599999905 0.4251101762
v -0.01662278891 0.03579999924 0.4239772302
v -0.02762120247 0.0375 0.4066030485
v -0.02686035633 0.0375 0.4060502607
v -0.02715097427 0.0375 0.4051558286
v -0.02809143066 0.0375 0.4051558286
v -0.02838204861 0.0375 0.4060502607
v -0.02762120247 0.03701931238 0.4058030492
v -0.02762120247 0.0375 0.4066030485
v -0.02762120247 0.03701931238 0.4058030492
v -0.02762120247 0.03701931238 0.4058030492
v -0.02762120247 0.03701931238 0.4058030492
v -0.02762120247 0.03701931238 0.4058030492
v -0.02762120247 0.03701931238 0.4058030492
v -0.02762120247 0.03701931238 0.4058030492
v -0.03813563585 0.03279999971 0.4132916719
v -0.03810156584 0.03279999971 0.4135758669
v -0.0379171896 0.03279999971 0.4137948114
v -0.03764292717 0.03279999971 0.4138767511
v -0.03764292717 0.03450000048 0.4138767511
v -0.03814292669 0.03400000095 0.4133767587
v -0.03814211607 0.03400000095 0.4133482629
v -0.03813968182 0.03400000095 0.4133198816
v -0.03813563585 0.03400000095 0.4132916719
v -0.01349284649 0.03599999905 0.4597984583
v -0.01349284649 0.03400000095 0.4597984583
v -0.01290408254 0.03400000095 0.4593622858
v -0.01219773769 0.03400000095 0.4591674501
v -0.01146861792 0.03400000095 0.4592400629
v -0.01146861792 0.03599999905 0.4592400629
v -0.01219773769 0.03599999905 0.4591674501
v -0.01290408254 0.03599999905 0.4593622858
v -0.03992171288 0.03599999905 0.4063839037
v -0.03992171288 0.03400000095 0.4063839037
v -0.03948553801 0.03400000095 0.4069726736
v -0.03929069042 0.03400000095 0.4076790125
v -0.03936331749 0.03400000095 0.4084081346
v -0.03936331749 0.03599999905 0.4084081346
v -0.03929069042 0.03599999905 0.4076790125
v -0.03948553801 0.03599999905 0.4069726736
v 0.02682120323 0.04179999828 0.4058030492
v 0.02737398863 0.04179999828 0.4050421983
v 0.02826841593 0.04179999828 0.405332821
v 0.02826841593 0.04179999828 0.4062732774
v 0.02737398863 0.04179999828 0.4065638906
v 0.02762120247 0.04199999809 0.4068030435
v 0.02857225895 0.04199999809 0.4061120683
v 0.02820898771 0.04199999809 0.4049940282
v 0.02703341722 0.04199999809 0.4049940282
v 0.02667014599 0.04199999809 0.4061120683
v 0.02826841593 0.04179999828 0.4062732774
v 0.02857225895 0.04199999809 0.4061120683
v -0.0274000001 0.03420000076 0.4132267458
v -0.02652689457 0.03420000076 0.4102532274
v -0.02418478251 0.03420000076 0.4082237798
v -0.02111726761 0.03420000076 0.4077827341
v -0.01829826593 0.03420000076 0.4090701276
v -0.01662278891 0.03420000076 0.4116772157
v -0.01662278891 0.03420000076 0.4147762758
v -0.01829826593 0.03420000076 0.4173833734
v -0.02111726761 0.03420000076 0.4186707765
v -0.02418478251 0.03420000076 0.4182297212
v -0.02652689457 0.03420000076 0.4162002832
v -0.0274000001 0.03579999924 0.4132267458
v -0.02652689457 0.03579999924 0.4162002832
v -0.02418478251 0.03579999924 0.4182297212
v -0.02111726761 0.03579999924 0.4186707765
v -0.01829826593 0.03579999924 0.4173833734
v -0.01662278891 0.03579999924 0.4147762758
v -0.01662278891 0.03579999924 0.4116772157
v -0.01829826593 0.03579999924 0.4090701276
v -0.02111726761 0.03579999924 0.4077827341
v -0.02418478251 0.03579999924 0.4082237798
v -0.02652689457 0.03579999924 0.4102532274
v -0.0274000001 0.03579999924 0.4132267458
v -0.0274000001 0.03420000076 0.4132267458
v -0.0274000001 0.03579999924 0.4132267458
v -0.02652689457 0.03579999924 0.4102532274
v -0.02418478251 0.03579999924 0.4082237798
v -0.02111726761 0.03579999924 0.4077827341
v -0.01829826593 0.03579999924 0.4090701276
v -0.01662278891 0.03579999924 0.4116772157
v -0.01662278891 0.03579999924 0.4147762758
v -0.01829826593 0.03579999924 0.4173833734
v -0.02111726761 0.03579999924 0.4186707765
v -0.02418478251 0.03579999924 0.4182297212
v -0.02652689457 0.03579999924 0.4162002832
v -0.0275999999 0.03599999905 0.4132267458
v -0.02669514418 0.03599999905 0.4163084108
v -0.02426786661 0.03599999905 0.4184116632
v -0.0210888052 0.03599999905 0.4188687402
v -0.01816729426 0.03599999905 0.4175345308
v -0.01643089056 0.03599999905 0.4148326189
v -0.01643089056 0.03599999905 0.4116208727
v -0.01816729426 0.03599999905 0.4089189798
v -0.0210888052 0.03599999905 0.4075847704
v -0.02426786661 0.03599999905 0.4080418474
v -0.02669514418 0.03599999905 0.4101450998
v -0.01662278891 0.03579999924 0.4147762758
v -0.01643089056 0.03599999905 0.4148326189
v -0.02884928465 0.03599999905 0.4318884737
v -0.02953470469 0.03599999905 0.4300877077
v -0.03010784388 0.03599999905 0.4282481462
v -0.03056652546 0.03599999905 0.4263767511
v -0.03117381096 0.03599999905 0.4220575792
v -0.03117381096 0.03599999905 0.4176959306
v -0.03056652546 0.03599999905 0.4133767587
v -0.03010784388 0.03599999905 0.4115053636
v -0.02953470469 0.03599999905 0.4096657926
v -0.02884928465 0.03599999905 0.4078650362
v -0.02884928465 0.03799999952 0.4078650362
v -0.03064394474 0.03799999952 0.4137521249
v -0.03125 0.03799999952 0.4198767549
v -0.03064394474 0.03799999952 0.4260013849
v -0.02884928465 0.03799999952 0.4318884737
v -0.03813563585 0.03400000095 0.4264618379
v -0.03813563585 0.03279999971 0.4264618379
v -0.03577875137 0.03279999971 0.4346270448
v -0.03169645071 0.03279999971 0.4420809251
v -0.02608559847 0.03279999971 0.4484640199
v -0.01921678066 0.03279999971 0.4534685022
v -0.01142124057 0.03279999971 0.4568530351
v -0.003074914813 0.03279999971 0.4584544069
v 0.005419697166 0.03279999971 0.4581953699
v 0.01365294695 0.03279999971 0.4560884554
v 0.02122778654 0.03279999971 0.4522352296
v 0.0277789259 0.03279999971 0.4468215257
v 0.03299043894 0.03279999971 0.4401084406
v 0.03661099672 0.03279999971 0.4324196703
v 0.03846600533 0.03279999971 0.4241260416
v 0.03846600533 0.03279999971 0.4156274683
v 0.03661099672 0.03279999971 0.40733383
v 0.03299043894 0.03279999971 0.3996450693
v 0.0277789259 0.03279999971 0.3929319746
v 0.02122778654 0.03279999971 0.3875182706
v 0.01365294695 0.03279999971 0.3836650545
v 0.005419697165 0.03279999971 0.3815581304
v -0.003074914813 0.03279999971 0.3812991029
v -0.01142124057 0.03279999971 0.3829004747
v -0.01921678066 0.03279999971 0.3862850076
v -0.02608559847 0.03279999971 0.3912894899
v -0.03169645071 0.03279999971 0.3976725847
v -0.03577875137 0.03279999971 0.405126465
v -0.03813563585 0.03279999971 0.4132916719
v -0.03813563585 0.03400000095 0.4132916719
v -0.03577875137 0.03400000095 0.405126465
v -0.03169645071 0.03400000095 0.3976725847
v -0.02608559847 0.03400000095 0.3912894899
v -0.01921678066 0.03400000095 0.3862850076
v -0.01142124057 0.03400000095 0.3829004747
v -0.003074914813 0.03400000095 0.3812991029
v 0.005419697165 0.03400000095 0.3815581304
v 0.01365294695 0.03400000095 0.3836650545
v 0.02122778654 0.03400000095 0.3875182706
v 0.0277789259 0.03400000095 0.3929319746
v 0.03299043894 0.03400000095 0.3996450693
v 0.03661099672 0.03400000095 0.40733383
v 0.03846600533 0.03400000095 0.4156274683
v 0.03846600533 0.03400000095 0.4241260416
v 0.03661099672 0.03400000095 0.4324196703
v 0.03299043894 0.03400000095 0.4401084406
v 0.0277789259 0.03400000095 0.4468215257
v 0.02122778654 0.03400000095 0.4522352296
v 0.01365294695 0.03400000095 0.4560884554
v 0.005419697166 0.03400000095 0.4581953699
v -0.003074914813 0.03400000095 0.4584544069
v -0.01142124057 0.03400000095 0.4568530351
v -0.01921678066 0.03400000095 0.4534685022
v -0.02608559847 0.03400000095 0.4484640199
v -0.03169645071 0.03400000095 0.4420809251
v -0.03577875137 0.03400000095 0.4346270448
v -0.03764292717 0.03450000048 0.4258767587
v -0.04058410645 0.03450000048 0.4258767587
v -0.04058410645 0.035 0.4258767587
v -0.03168694496 0.035 0.4258767587
v -0.03080509424 0.03549999952 0.4258767587
v -0.02816859245 0.03549999952 0.4258767587
v -0.02816859245 0.035 0.4258767587
v -0.02896859169 0.035 0.4258767587
v -0.02921859026 0.03493301153 0.4258767587
v -0.02940160513 0.03474999905 0.4258767587
v -0.02946859121 0.03450000048 0.4258767587
v -0.03591656923 0.03450000048 0.4258767587
v -0.03591656923 0.03279999971 0.4258767587
v -0.03764292717 0.03279999971 0.4258767587
v 0.01146861792 0.03599999905 0.4592400629
v 0.003868803382 0.03599999905 0.4606938059
v -0.003868803381 0.03599999905 0.4606938059
v -0.01146861792 0.03599999905 0.4592400629
v -0.01146861792 0.03400000095 0.4592400629
v -0.003868803381 0.03400000095 0.4606938059
v 0.003868803382 0.03400000095 0.4606938059
v 0.01146861792 0.03400000095 0.4592400629
v -0.03992171288 0.03599999905 0.4063839037
v -0.04087883949 0.03599999905 0.4042231638
v -0.03997446537 0.03599999905 0.4020398122
v -0.03776979685 0.03599999905 0.4011887247
v -0.03776979685 0.03400000095 0.4011887247
v -0.03997446537 0.03400000095 0.4020398122
v -0.04087883949 0.03400000095 0.4042231638
v -0.03992171288 0.03400000095 0.4063839037
v -0.02816859245 0.035 0.4138767511
v -0.02896859169 0.035 0.4138767511
v -0.02896859169 0.035 0.4258767587
v -0.02816859245 0.035 0.4258767587
v -0.01799999952 0.04449999809 0.3963767511
v -0.01623223305 0.04449999809 0.3971089822
v -0.01549999952 0.04449999809 0.3988767511
v -0.01623223305 0.04449999809 0.40064452
v -0.01799999952 0.04449999809 0.4013767511
v -0.01976776719 0.04449999809 0.40064452
v -0.02049999952 0.04449999809 0.3988767511
v -0.01976776719 0.04449999809 0.3971089822
v -0.02099999905 0.04400000095 0.3988767511
v -0.02012131929 0.04400000095 0.4009980756
v -0.01799999952 0.04400000095 0.401876753
v -0.01587867975 0.04400000095 0.4009980756
v -0.015 0.04400000095 0.3988767511
v -0.01587867975 0.04400000095 0.3967554361
v -0.01799999952 0.04400000095 0.3958767492
v -0.02012131929 0.04400000095 0.3967554361
v -0.01549999952 0.04449999809 0.3988767511
v -0.015 0.04400000095 0.3988767511
v -0.02099999905 0.04400000095 0.3988767511
v -0.02012131929 0.04400000095 0.3967554361
v -0.01799999952 0.04400000095 0.3958767492
v -0.01587867975 0.04400000095 0.3967554361
v -0.015 0.04400000095 0.3988767511
v -0.01587867975 0.04400000095 0.4009980756
v -0.01799999952 0.04400000095 0.401876753
v -0.02012131929 0.04400000095 0.4009980756
v -0.01799999952 0.03599999905 0.401876753
v -0.01587867975 0.03599999905 0.4009980756
v -0.015 0.03599999905 0.3988767511
v -0.01587867975 0.03599999905 0.3967554361
v -0.01799999952 0.03599999905 0.3958767492
v -0.02012131929 0.03599999905 0.3967554361
v -0.02099999905 0.03599999905 0.3988767511
v -0.02012131929 0.03599999905 0.4009980756
v -0.01799999952 0.03599999905 0.3958767492
v -0.01799999952 0.04400000095 0.3958767492
v -0.03764292717 0.03279999971 0.4258767587
v -0.0379171896 0.03279999971 0.4259586794
v -0.03810156584 0.03279999971 0.4261776239
v -0.03813563585 0.03279999971 0.4264618379
v -0.03813563585 0.03400000095 0.4264618379
v -0.03813968182 0.03400000095 0.4264336282
v -0.03814211607 0.03400000095 0.4264052278
v -0.03814292669 0.03400000095 0.4263767511
v -0.03799648046 0.03414644718 0.426023205
v -0.03764292717 0.03450000048 0.4258767587
v -0.0410795784 0.035 0.425443905
v -0.04099295616 0.035 0.4256645853
v -0.04081441879 0.035 0.4258205492
v -0.04058410645 0.035 0.4258767587
v -0.04058410645 0.03450000048 0.4258767587
v -0.04081441879 0.03450000048 0.4258205492
v -0.04099295616 0.03450000048 0.4256645853
v -0.0410795784 0.03450000048 0.425443905
v -0.03571976662 0.0325 0.4134123689
v -0.0354245615 0.03279999971 0.4134657938
v -0.03551640749 0.03279999971 0.4136765367
v -0.03569284201 0.03279999971 0.4138238985
v -0.03591656923 0.03279999971 0.4138767511
v -0.03591656923 0.0325 0.4135767442
v -0.03582707882 0.0325 0.4135556108
v -0.03575650454 0.0325 0.4134966737
v 0.008500000239 0.03799999952 0.4517632753
v 0.008500000239 0.03799999952 0.4499485475
v 0.008500000239 0.03849999905 0.4499485475
v 0.008500000239 0.03849999905 0.4517632753
v 0.02667486429 0.03799999952 0.4361560136
v 0.02183759928 0.03799999952 0.4422303087
v 0.01565200448 0.03799999952 0.4469244463
v 0.008500000239 0.03799999952 0.4499485475
v 0.008500000239 0.03799999952 0.4517632753
v 0.01464743257 0.03799999952 0.4494479067
v 0.02021445751 0.03799999952 0.4459607584
v 0.02498047829 0.03799999952 0.4414400369
v 0.02875664473 0.03799999952 0.4360648805
v 0.02808255196 0.03799999952 0.4363057024
v 0.0273674202 0.03799999952 0.436337002
v 0.008000000119 0.03900000095 0.3878611356
v 0.002690512836 0.03900000095 0.3869866163
v -0.002690512836 0.03900000095 0.3869866163
v -0.00800000012 0.03900000095 0.3878611356
v -0.00800000012 0.03900000095 0.3896681005
v -0.002693342269 0.03900000095 0.3887430364
v 0.002693342268 0.03900000095 0.3887430364
v 0.008000000119 0.03900000095 0.3896681005
v 0.02999919891 0.03799999952 0.4061272794
v 0.02979780674 0.03799999952 0.4068141824
v 0.02940278769 0.03799999952 0.4074111349
v 0.02884928465 0.03799999952 0.4078650362
v 0.03064394474 0.03799999952 0.4137521249
v 0.03125 0.03799999952 0.4198767549
v 0.03064394474 0.03799999952 0.4260013849
v 0.02884928465 0.03799999952 0.4318884737
v 0.02940278769 0.03799999952 0.4323423654
v 0.02979780674 0.03799999952 0.4329393274
v 0.02999919891 0.03799999952 0.4336262209
v 0.03224107265 0.03799999952 0.4269133073
v 0.03299999952 0.03799999952 0.4198767549
v 0.03224107265 0.03799999952 0.4128401834
v -0.04123105526 0.03599999905 0.4268767435
v -0.04123105526 0.03400000095 0.4268767435
v -0.04078736305 0.03400000095 0.4269805795
v -0.04043580055 0.03400000095 0.4272704775
v -0.04024936676 0.03400000095 0.4276862795
v -0.04024936676 0.03599999905 0.4276862795
v -0.04043580055 0.03599999905 0.4272704775
v -0.04078736305 0.03599999905 0.4269805795
v 0.008500000238 0.03849999905 0.3898049623
v 0.008500000238 0.03849999905 0.3879902345
v 0.008000000119 0.03900000095 0.3878611356
v 0.008000000119 0.03900000095 0.3896681005
v -0.008500000239 0.03849999905 0.3879902345
v -0.008500000239 0.03849999905 0.3898049623
v -0.00800000012 0.03900000095 0.3896681005
v -0.00800000012 0.03900000095 0.3878611356
v -0.04123105526 0.03599999905 0.4268767435
v -0.04207433701 0.03599999905 0.4268767435
v -0.04207433701 0.03400000095 0.4268767435
v -0.04123105526 0.03400000095 0.4268767435
v 0.008500000238 0.03799999952 0.3879902345
v 0.008500000238 0.03799999952 0.3898049623
v 0.01565200448 0.03799999952 0.3928290636
v 0.02183759928 0.03799999952 0.3975231916
v 0.02667486429 0.03799999952 0.4035974962
v 0.0273674202 0.03799999952 0.4034164983
v 0.02808255196 0.03799999952 0.4034478075
v 0.02875664473 0.03799999952 0.4036886293
v 0.02498047829 0.03799999952 0.3983134538
v 0.02021445751 0.03799999952 0.3937927419
v 0.01464743257 0.03799999952 0.3903056032
v 0.03901043177 0.03400000095 0.4053181059
v 0.03746495008 0.03400000095 0.4057322103
v 0.03633358002 0.03400000095 0.4046008379
v 0.03674768925 0.03400000095 0.403055361
v 0.03829317093 0.03400000095 0.402641247
v 0.039424541 0.03400000095 0.4037726194
v 0.03901043177 0.03599999905 0.4053181059
v 0.039424541 0.03599999905 0.4037726194
v 0.03829317093 0.03599999905 0.402641247
v 0.03674768925 0.03599999905 0.403055361
v 0.03633358002 0.03599999905 0.4046008379
v 0.03746495008 0.03599999905 0.4057322103
v 0.03901043177 0.03400000095 0.4053181059
v 0.03901043177 0.03599999905 0.4053181059
v -0.03936331749 0.03599999905 0.4313453752
v -0.0396959734 0.03599999905 0.4301349146
v -0.03999141455 0.03599999905 0.4289148218
v -0.04024936676 0.03599999905 0.4276862795
v -0.04024936676 0.03400000095 0.4276862795
v -0.03999141455 0.03400000095 0.4289148218
v -0.0396959734 0.03400000095 0.4301349146
v -0.03936331749 0.03400000095 0.4313453752
v 0.008500000238 0.03799999952 0.3879902345
v 0.008500000238 0.03849999905 0.3879902345
v 0.008500000238 0.03849999905 0.3898049623
v 0.008500000238 0.03799999952 0.3898049623
v -0.008500000239 0.03799999952 0.3898049623
v -0.008500000239 0.03849999905 0.3898049623
v -0.008500000239 0.03849999905 0.3879902345
v -0.008500000239 0.03799999952 0.3879902345
v -0.04123105526 0.03400000095 0.4268767435
v -0.04207433701 0.03400000095 0.4268767435
v -0.04253290653 0.03400000095 0.4267654115
v -0.04288936138 0.03400000095 0.4264561922
v -0.04306432247 0.03400000095 0.4260179216
v -0.04345151901 0.03400000095 0.4219299013
v -0.04345151901 0.03400000095 0.4178235895
v -0.04306432247 0.03400000095 0.4137355692
v -0.04288936138 0.03400000095 0.4132973177
v -0.04253290653 0.03400000095 0.4129880983
v -0.04207433701 0.03400000095 0.4128767473
v -0.04123105526 0.03400000095 0.4128767473
v -0.04078736305 0.03400000095 0.4127729303
v -0.04043580055 0.03400000095 0.4124830324
v -0.04024936676 0.03400000095 0.4120672304
v -0.03999141455 0.03400000095 0.410838669
v -0.0396959734 0.03400000095 0.4096185953
v -0.03936331749 0.03400000095 0.4084081346
v -0.03929069042 0.03400000095 0.4076790125
v -0.03948553801 0.03400000095 0.4069726736
v -0.03992171288 0.03400000095 0.4063839037
v -0.04087883949 0.03400000095 0.4042231638
v -0.03997446537 0.03400000095 0.4020398122
v -0.03776979685 0.03400000095 0.4011887247
v -0.03704505682 0.03400000095 0.401080826
v -0.03640781641 0.03400000095 0.400719145
v -0.0359436059 0.03400000095 0.4001522237
v -0.03159767628 0.03400000095 0.3937503893
v -0.02612636328 0.03400000095 0.3882790739
v -0.01972453117 0.03400000095 0.3839331419
v -0.01915760994 0.03400000095 0.3834689314
v -0.01879592776 0.03400000095 0.3828316957
v -0.01868803024 0.03400000095 0.3821069605
v -0.01783694387 0.03400000095 0.3799022848
v -0.01565359235 0.03400000095 0.3789979154
v -0.01349284649 0.03400000095 0.379955042
v -0.01290408254 0.03400000095 0.3803912145
v -0.01219773769 0.03400000095 0.3805860597
v -0.01146861792 0.03400000095 0.3805134374
v -0.003868803382 0.03400000095 0.3790596944
v 0.003868803381 0.03400000095 0.3790596944
v 0.01146861792 0.03400000095 0.3805134374
v 0.01219773769 0.03400000095 0.3805860597
v 0.01290408254 0.03400000095 0.3803912145
v 0.01349284649 0.03400000095 0.379955042
v 0.01565359235 0.03400000095 0.3789979154
v 0.01783694386 0.03400000095 0.3799022848
v 0.01868803024 0.03400000095 0.3821069605
v 0.01879592776 0.03400000095 0.3828316957
v 0.01915760994 0.03400000095 0.3834689314
v 0.01972453117 0.03400000095 0.3839331419
v 0.02612636328 0.03400000095 0.3882790739
v 0.03159767628 0.03400000095 0.3937503893
v 0.0359436059 0.03400000095 0.4001522237
v 0.03640781641 0.03400000095 0.400719145
v 0.03704505682 0.03400000095 0.401080826
v 0.03776979685 0.03400000095 0.4011887247
v 0.03997446537 0.03400000095 0.4020398122
v 0.04087883949 0.03400000095 0.4042231638
v 0.03992171288 0.03400000095 0.4063839037
v 0.03948553801 0.03400000095 0.4069726736
v 0.03929069042 0.03400000095 0.4076790125
v 0.03936331749 0.03400000095 0.4084081346
v 0.04081706047 0.03400000095 0.4160079462
v 0.04081706047 0.03400000095 0.4237455637
v 0.03936331749 0.03400000095 0.4313453752
v 0.03929069042 0.03400000095 0.4320744974
v 0.03948553801 0.03400000095 0.4327808267
v 0.03992171288 0.03400000095 0.4333696062
v 0.04087883949 0.03400000095 0.4355303461
v 0.03997446537 0.03400000095 0.4377136881
v 0.03776979685 0.03400000095 0.4385647852
v 0.03704505682 0.03400000095 0.4386726839
v 0.03640781641 0.03400000095 0.4390343553
v 0.0359436059 0.03400000095 0.4396012766
v 0.03159767628 0.03400000095 0.4460031206
v 0.02612636328 0.03400000095 0.4514744264
v 0.01972453117 0.03400000095 0.4558203584
v 0.01915760994 0.03400000095 0.4562845689
v 0.01879592776 0.03400000095 0.4569218141
v 0.01868803024 0.03400000095 0.4576465494
v 0.01783694387 0.03400000095 0.4598512155
v 0.01565359235 0.03400000095 0.4607555849
v 0.01349284649 0.03400000095 0.4597984583
v 0.01290408254 0.03400000095 0.4593622858
v 0.01219773769 0.03400000095 0.4591674501
v 0.01146861792 0.03400000095 0.4592400629
v 0.003868803382 0.03400000095 0.4606938059
v -0.003868803381 0.03400000095 0.4606938059
v -0.01146861792 0.03400000095 0.4592400629
v -0.01219773769 0.03400000095 0.4591674501
v -0.01290408254 0.03400000095 0.4593622858
v -0.01349284649 0.03400000095 0.4597984583
v -0.01565359235 0.03400000095 0.4607555849
v -0.01783694386 0.03400000095 0.4598512155
v -0.01868803024 0.03400000095 0.4576465494
v -0.01879592776 0.03400000095 0.4569218141
v -0.01915760994 0.03400000095 0.4562845689
v -0.01972453117 0.03400000095 0.4558203584
v -0.02612636328 0.03400000095 0.4514744264
v -0.03159767628 0.03400000095 0.4460031206
v -0.0359436059 0.03400000095 0.4396012766
v -0.03640781641 0.03400000095 0.4390343553
v -0.03704505682 0.03400000095 0.4386726839
v -0.03776979685 0.03400000095 0.4385647852
v -0.03997446537 0.03400000095 0.4377136881
v -0.04087883949 0.03400000095 0.4355303461
v -0.03992171288 0.03400000095 0.4333696062
v -0.03948553801 0.03400000095 0.4327808267
v -0.03929069042 0.03400000095 0.4320744974
v -0.03936331749 0.03400000095 0.4313453752
v -0.0396959734 0.03400000095 0.4301349146
v -0.03999141455 0.03400000095 0.4289148218
v -0.04024936676 0.03400000095 0.4276862795
v -0.04043580055 0.03400000095 0.4272704775
v -0.04078736305 0.03400000095 0.4269805795
v 0.0378790617 0.03400000095 0.4371667749
v 0.03926470041 0.03400000095 0.4363667757
v 0.03926470041 0.03400000095 0.4347667772
v 0.0378790617 0.03400000095 0.433966778
v 0.0364934206 0.03400000095 0.4347667772
v 0.0364934206 0.03400000095 0.4363667757
v 0.01455865026 0.03400000095 0.4588871843
v 0.01610413075 0.03400000095 0.4593012888
v 0.01723550201 0.03400000095 0.4581699258
v 0.01682139158 0.03400000095 0.4566244394
v 0.0152759099 0.03400000095 0.4562103349
v 0.01414453983 0.03400000095 0.4573416978
v -0.01729002118 0.03400000095 0.4577558214
v -0.01649002075 0.03400000095 0.4591414529
v -0.01489002109 0.03400000095 0.4591414529
v -0.01409002066 0.03400000095 0.4577558214
v -0.01489002109 0.03400000095 0.4563701708
v -0.01649002075 0.03400000095 0.4563701708
v -0.03901043177 0.03400000095 0.4344353944
v -0.039424541 0.03400000095 0.4359808809
v -0.03829317093 0.03400000095 0.4371122629
v -0.03674768925 0.03400000095 0.4366981393
v -0.03633358002 0.03400000095 0.4351526529
v -0.03746495008 0.03400000095 0.43402129
v -0.0378790617 0.03400000095 0.4025867349
v -0.03926470041 0.03400000095 0.4033867342
v -0.03926470041 0.03400000095 0.4049867326
v -0.0378790617 0.03400000095 0.4057867319
v -0.0364934206 0.03400000095 0.4049867326
v -0.0364934206 0.03400000095 0.4033867342
v -0.01455865026 0.03400000095 0.380866316
v -0.01610413075 0.03400000095 0.3804522115
v -0.01723550201 0.03400000095 0.381583584
v -0.01682139158 0.03400000095 0.3831290609
v -0.0152759099 0.03400000095 0.3835431749
v -0.01414453983 0.03400000095 0.3824118024
v 0.01729002118 0.03400000095 0.3819976885
v 0.01649002075 0.03400000095 0.3806120474
v 0.01489002109 0.03400000095 0.3806120474
v 0.01409002066 0.03400000095 0.3819976885
v 0.01489002109 0.03400000095 0.3833833295
v 0.01649002075 0.03400000095 0.3833833295
v 0.03901043177 0.03400000095 0.4053181059
v 0.039424541 0.03400000095 0.4037726194
v 0.03829317093 0.03400000095 0.402641247
v 0.03674768925 0.03400000095 0.403055361
v 0.03633358002 0.03400000095 0.4046008379
v 0.03746495008 0.03400000095 0.4057322103
v -0.04157505035 0.03400000095 0.4255110437
v -0.04058410645 0.03400000095 0.4263767511
v -0.03814292669 0.03400000095 0.4263767511
v -0.03814211607 0.03400000095 0.4264052278
v -0.03813968182 0.03400000095 0.4264336282
v -0.03813563585 0.03400000095 0.4264618379
v -0.03577875137 0.03400000095 0.4346270448
v -0.03169645071 0.03400000095 0.4420809251
v -0.02608559847 0.03400000095 0.4484640199
v -0.01921678066 0.03400000095 0.4534685022
v -0.01142124057 0.03400000095 0.4568530351
v -0.003074914813 0.03400000095 0.4584544069
v 0.005419697166 0.03400000095 0.4581953699
v 0.01365294695 0.03400000095 0.4560884554
v 0.02122778654 0.03400000095 0.4522352296
v 0.0277789259 0.03400000095 0.4468215257
v 0.03299043894 0.03400000095 0.4401084406
v 0.03661099672 0.03400000095 0.4324196703
v 0.03846600533 0.03400000095 0.4241260416
v 0.03846600533 0.03400000095 0.4156274683
v 0.03661099672 0.03400000095 0.40733383
v 0.03299043894 0.03400000095 0.3996450693
v 0.0277789259 0.03400000095 0.3929319746
v 0.02122778654 0.03400000095 0.3875182706
v 0.01365294695 0.03400000095 0.3836650545
v 0.005419697165 0.03400000095 0.3815581304
v -0.003074914813 0.03400000095 0.3812991029
v -0.01142124057 0.03400000095 0.3829004747
v -0.01921678066 0.03400000095 0.3862850076
v -0.02608559847 0.03400000095 0.3912894899
v -0.03169645071 0.03400000095 0.3976725847
v -0.03577875137 0.03400000095 0.405126465
v -0.03813563585 0.03400000095 0.4132916719
v -0.03813968182 0.03400000095 0.4133198816
v -0.03814211607 0.03400000095 0.4133482629
v -0.03814292669 0.03400000095 0.4133767587
v -0.04058410645 0.03400000095 0.4133767587
v -0.04157505035 0.03400000095 0.4142424661
v -0.04191280842 0.03400000095 0.4179937631
v -0.04191280842 0.03400000095 0.421760071
v -0.008500000238 0.03849999905 0.4499485475
v -0.008500000238 0.03849999905 0.4517632753
v -0.008000000119 0.03900000095 0.4518923647
v -0.008000000119 0.03900000095 0.4500853998
v 0.01729002118 0.03400000095 0.3819976885
v 0.01649002075 0.03400000095 0.3833833295
v 0.01489002109 0.03400000095 0.3833833295
v 0.01409002066 0.03400000095 0.3819976885
v 0.01489002109 0.03400000095 0.3806120474
v 0.01649002075 0.03400000095 0.3806120474
v 0.01729002118 0.03599999905 0.3819976885
v 0.01649002075 0.03599999905 0.3806120474
v 0.01489002109 0.03599999905 0.3806120474
v 0.01409002066 0.03599999905 0.3819976885
v 0.01489002109 0.03599999905 0.3833833295
v 0.01649002075 0.03599999905 0.3833833295
v 0.01729002118 0.03400000095 0.3819976885
v 0.01729002118 0.03599999905 0.3819976885
v -0.03992171288 0.03400000095 0.4333696062
v -0.03992171288 0.03599999905 0.4333696062
v -0.03948553801 0.03599999905 0.4327808267
v -0.03929069042 0.03599999905 0.4320744974
v -0.03936331749 0.03599999905 0.4313453752
v -0.03936331749 0.03400000095 0.4313453752
v -0.03929069042 0.03400000095 0.4320744974
v -0.03948553801 0.03400000095 0.4327808267
v -0.04207433701 0.03400000095 0.4268767435
v -0.04207433701 0.03599999905 0.4268767435
v -0.04253290653 0.03599999905 0.4267654115
v -0.04288936138 0.03599999905 0.4264561922
v -0.04306432247 0.03599999905 0.4260179216
v -0.04306432247 0.03400000095 0.4260179216
v -0.04288936138 0.03400000095 0.4264561922
v -0.04253290653 0.03400000095 0.4267654115
v -0.02875664473 0.03799999952 0.4036886293
v -0.02808255196 0.03799999952 0.4034478075
v -0.0273674202 0.03799999952 0.4034164983
v -0.02667486429 0.03799999952 0.4035974962
v -0.02183759928 0.03799999952 0.3975231916
v -0.01565200448 0.03799999952 0.3928290636
v -0.008500000239 0.03799999952 0.3898049623
v -0.008500000239 0.03799999952 0.3879902345
v -0.01464743257 0.03799999952 0.3903056032
v -0.02021445751 0.03799999952 0.3937927419
v -0.02498047829 0.03799999952 0.3983134538
v -0.04058410645 0.03400000095 0.4263767511
v -0.04058410645 0.03406698704 0.4261267549
v -0.04058410645 0.03424999952 0.4259437448
v -0.04058410645 0.03450000048 0.4258767587
v -0.03764292717 0.03450000048 0.4258767587
v -0.03799648046 0.03414644718 0.426023205
v -0.03814292669 0.03400000095 0.4263767511
v -0.008500000239 0.03799999952 0.3898049623
v -0.01565200448 0.03799999952 0.3928290636
v -0.02183759928 0.03799999952 0.3975231916
v -0.02667486429 0.03799999952 0.4035974962
v -0.02667486429 0.03599999905 0.4035974962
v -0.02232025385 0.03599999905 0.3980051119
v -0.01681742072 0.03599999905 0.3935378629
v -0.01044944525 0.03599999905 0.3904255754
v -0.003543918729 0.03599999905 0.3888283521
v 0.003543918728 0.03599999905 0.3888283521
v 0.01044944525 0.03599999905 0.3904255754
v 0.01681742072 0.03599999905 0.3935378629
v 0.02232025385 0.03599999905 0.3980051119
v 0.02667486429 0.03599999905 0.4035974962
v 0.02667486429 0.03799999952 0.4035974962
v 0.02183759928 0.03799999952 0.3975231916
v 0.01565200448 0.03799999952 0.3928290636
v 0.008500000238 0.03799999952 0.3898049623
v 0.008500000238 0.03849999905 0.3898049623
v 0.008000000119 0.03900000095 0.3896681005
v 0.002693342268 0.03900000095 0.3887430364
v -0.002693342269 0.03900000095 0.3887430364
v -0.00800000012 0.03900000095 0.3896681005
v -0.008500000239 0.03849999905 0.3898049623
v -0.008000000119 0.03900000095 0.4500853998
v -0.002693342268 0.03900000095 0.4510104639
v 0.002693342269 0.03900000095 0.4510104639
v 0.00800000012 0.03900000095 0.4500853998
v 0.008500000239 0.03849999905 0.4499485475
v 0.008500000239 0.03799999952 0.4499485475
v 0.01565200448 0.03799999952 0.4469244463
v 0.02183759928 0.03799999952 0.4422303087
v 0.02667486429 0.03799999952 0.4361560136
v 0.02667486429 0.03599999905 0.4361560136
v 0.02232025385 0.03599999905 0.441748398
v 0.01681742072 0.03599999905 0.4462156374
v 0.01044944525 0.03599999905 0.4493279344
v 0.003543918729 0.03599999905 0.4509251482
v -0.003543918728 0.03599999905 0.4509251482
v -0.01044944525 0.03599999905 0.4493279344
v -0.01681742072 0.03599999905 0.4462156374
v -0.02232025385 0.03599999905 0.441748398
v -0.02667486429 0.03599999905 0.4361560136
v -0.02667486429 0.03799999952 0.4361560136
v -0.02183759928 0.03799999952 0.4422303087
v -0.01565200448 0.03799999952 0.4469244463
v -0.008500000238 0.03799999952 0.4499485475
v -0.008500000238 0.03849999905 0.4499485475
v 0.02884928465 0.03599999905 0.4078650362
v 0.03064394474 0.03599999905 0.4137521249
v 0.03125 0.03599999905 0.4198767549
v 0.03064394474 0.03599999905 0.4260013849
v 0.02884928465 0.03599999905 0.4318884737
v 0.02884928465 0.03799999952 0.4318884737
v 0.03064394474 0.03799999952 0.4260013849
v 0.03125 0.03799999952 0.4198767549
v 0.03064394474 0.03799999952 0.4137521249
v 0.02884928465 0.03799999952 0.4078650362
v -0.01455865026 0.03400000095 0.380866316
v -0.01414453983 0.03400000095 0.3824118024
v -0.0152759099 0.03400000095 0.3835431749
v -0.01682139158 0.03400000095 0.3831290609
v -0.01723550201 0.03400000095 0.381583584
v -0.01610413075 0.03400000095 0.3804522115
v -0.01455865026 0.03599999905 0.380866316
v -0.01610413075 0.03599999905 0.3804522115
v -0.01723550201 0.03599999905 0.381583584
v -0.01682139158 0.03599999905 0.3831290609
v -0.0152759099 0.03599999905 0.3835431749
v -0.01414453983 0.03599999905 0.3824118024
v -0.01455865026 0.03400000095 0.380866316
v -0.01455865026 0.03599999905 0.380866316
v -0.03776979685 0.03599999905 0.4385647852
v -0.03997446537 0.03599999905 0.4377136881
v -0.04087883949 0.03599999905 0.4355303461
v -0.03992171288 0.03599999905 0.4333696062
v -0.03992171288 0.03400000095 0.4333696062
v -0.04087883949 0.03400000095 0.4355303461
v -0.03997446537 0.03400000095 0.4377136881
v -0.03776979685 0.03400000095 0.4385647852
v -0.04306432247 0.03599999905 0.4137355692
v -0.04306432247 0.03400000095 0.4137355692
v -0.04345151901 0.03400000095 0.4178235895
v -0.04345151901 0.03400000095 0.4219299013
v -0.04306432247 0.03400000095 0.4260179216
v -0.04306432247 0.03599999905 0.4260179216
v -0.04345151901 0.03599999905 0.4219299013
v -0.04345151901 0.03599999905 0.4178235895
v 0.02667486429 0.03799999952 0.4035974962
v 0.02667486429 0.03599999905 0.4035974962
v 0.02536434889 0.03599999905 0.4049865801
v 0.0254827857 0.03599999905 0.4068926222
v 0.02695518732 0.03599999905 0.4081087858
v 0.02884928465 0.03599999905 0.4078650362
v 0.02884928465 0.03799999952 0.4078650362
v 0.02940278769 0.03799999952 0.4074111349
v 0.02979780674 0.03799999952 0.4068141824
v 0.02999919891 0.03799999952 0.4061272794
v 0.02999919891 0.04199999809 0.4061272794
v 0.02895714283 0.04199999809 0.407796858
v 0.02701671839 0.04199999809 0.4081256754
v 0.0254827857 0.04199999809 0.4068926222
v 0.02538685083 0.04199999809 0.40492688
v 0.02679342508 0.04199999809 0.4035503179
v 0.02875664473 0.04199999809 0.4036886293
v 0.02875664473 0.03799999952 0.4036886293
v 0.02808255196 0.03799999952 0.4034478075
v 0.0273674202 0.03799999952 0.4034164983
v -0.02875664473 0.03799999952 0.4036886293
v -0.02875664473 0.04199999809 0.4036886293
v -0.02679342508 0.04199999809 0.4035503179
v -0.02538685083 0.04199999809 0.40492688
v -0.0254827857 0.04199999809 0.4068926222
v -0.02701671839 0.04199999809 0.4081256754
v -0.02895714283 0.04199999809 0.407796858
v -0.02999919891 0.04199999809 0.4061272794
v -0.02999919891 0.03799999952 0.4061272794
v -0.02979780674 0.03799999952 0.4068141824
v -0.02940278769 0.03799999952 0.4074111349
v -0.02884928465 0.03799999952 0.4078650362
v -0.02884928465 0.03599999905 0.4078650362
v -0.02695518732 0.03599999905 0.4081087858
v -0.0254827857 0.03599999905 0.4068926222
v -0.02536434889 0.03599999905 0.4049865801
v -0.02667486429 0.03599999905 0.4035974962
v -0.02667486429 0.03799999952 0.4035974962
v -0.0273674202 0.03799999952 0.4034164983
v -0.02808255196 0.03799999952 0.4034478075
v -0.04058410645 0.03450000048 0.4258767587
v -0.04058410645 0.03424999952 0.4259437448
v -0.04058410645 0.03406698704 0.4261267549
v -0.04058410645 0.03400000095 0.4263767511
v -0.04157505035 0.03400000095 0.4255110437
v -0.04132731438 0.03406698704 0.4254774744
v -0.0411459589 0.03424999952 0.4254528886
v -0.0410795784 0.03450000048 0.425443905
v -0.04099295616 0.03450000048 0.4256645853
v -0.04081441879 0.03450000048 0.4258205492
v -0.008500000238 0.03799999952 0.4499485475
v -0.008500000238 0.03799999952 0.4517632753
v -0.008500000238 0.03849999905 0.4517632753
v -0.008500000238 0.03849999905 0.4499485475
v -0.0378790617 0.03400000095 0.4025867349
v -0.0364934206 0.03400000095 0.4033867342
v -0.0364934206 0.03400000095 0.4049867326
v -0.0378790617 0.03400000095 0.4057867319
v -0.03926470041 0.03400000095 0.4049867326
v -0.03926470041 0.03400000095 0.4033867342
v -0.0378790617 0.03599999905 0.4025867349
v -0.03926470041 0.03599999905 0.4033867342
v -0.03926470041 0.03599999905 0.4049867326
v -0.0378790617 0.03599999905 0.4057867319
v -0.0364934206 0.03599999905 0.4049867326
v -0.0364934206 0.03599999905 0.4033867342
v -0.0378790617 0.03400000095 0.4025867349
v -0.0378790617 0.03599999905 0.4025867349
v -0.03776979685 0.03599999905 0.4385647852
v -0.03776979685 0.03400000095 0.4385647852
v -0.03704505682 0.03400000095 0.4386726839
v -0.03640781641 0.03400000095 0.4390343553
v -0.0359436059 0.03400000095 0.4396012766
v -0.0359436059 0.03599999905 0.4396012766
v -0.03640781641 0.03599999905 0.4390343553
v -0.03704505682 0.03599999905 0.4386726839
v -0.04306432247 0.03400000095 0.4137355692
v -0.04306432247 0.03599999905 0.4137355692
v -0.04288936138 0.03599999905 0.4132973177
v -0.04253290653 0.03599999905 0.4129880983
v -0.04207433701 0.03599999905 0.4128767473
v -0.04207433701 0.03400000095 0.4128767473
v -0.04253290653 0.03400000095 0.4129880983
v -0.04288936138 0.03400000095 0.4132973177
v 0.02875664473 0.04199999809 0.4036886293
v 0.02679342508 0.04199999809 0.4035503179
v 0.02538685083 0.04199999809 0.40492688
v 0.0254827857 0.04199999809 0.4068926222
v 0.02701671839 0.04199999809 0.4081256754
v 0.02895714283 0.04199999809 0.407796858
v 0.02999919891 0.04199999809 0.4061272794
v 0.0296075511 0.04199999809 0.4053030473
v 0.02919325829 0.04199999809 0.4044899542
v 0.02762120247 0.04199999809 0.4068030435
v 0.02667014599 0.04199999809 0.4061120683
v 0.02703341722 0.04199999809 0.4049940282
v 0.02820898771 0.04199999809 0.4049940282
v 0.02857225895 0.04199999809 0.4061120683
v -0.02816859245 0.03549999952 0.4138767511
v -0.02802214384 0.03585355282 0.4137303049
v -0.02766859055 0.03599999905 0.4133767587
v -0.03056652546 0.03599999905 0.4133767587
v -0.03080509424 0.03549999952 0.4138767511
v -0.02999919891 0.04199999809 0.4061272794
v -0.02895714283 0.04199999809 0.407796858
v -0.02701671839 0.04199999809 0.4081256754
v -0.0254827857 0.04199999809 0.4068926222
v -0.02538685083 0.04199999809 0.40492688
v -0.02679342508 0.04199999809 0.4035503179
v -0.02875664473 0.04199999809 0.4036886293
v -0.02919325829 0.04199999809 0.4044899542
v -0.0296075511 0.04199999809 0.4053030473
v -0.02762120247 0.04199999809 0.4048030454
v -0.02667014599 0.04199999809 0.4054940302
v -0.02703341723 0.04199999809 0.4066120607
v -0.02820898771 0.04199999809 0.4066120607
v -0.02857225895 0.04199999809 0.4054940302
v -0.02999919891 0.03799999952 0.4336262209
v -0.02979780674 0.03799999952 0.4329393274
v -0.02940278769 0.03799999952 0.4323423654
v -0.02884928465 0.03799999952 0.4318884737
v -0.03064394474 0.03799999952 0.4260013849
v -0.03125 0.03799999952 0.4198767549
v -0.03064394474 0.03799999952 0.4137521249
v -0.02884928465 0.03799999952 0.4078650362
v -0.02940278769 0.03799999952 0.4074111349
v -0.02979780674 0.03799999952 0.4068141824
v -0.02999919891 0.03799999952 0.4061272794
v -0.03224107265 0.03799999952 0.4128401834
v -0.03299999952 0.03799999952 0.4198767549
v -0.03224107265 0.03799999952 0.4269133073
v -0.0410795784 0.03450000048 0.425443905
v -0.0411459589 0.03424999952 0.4254528886
v -0.04132731438 0.03406698704 0.4254774744
v -0.04157505035 0.03400000095 0.4255110437
v -0.04191280842 0.03400000095 0.421760071
v -0.04191280842 0.03400000095 0.4179937631
v -0.04157505035 0.03400000095 0.4142424661
v -0.04132731438 0.03406698704 0.4142760355
v -0.0411459589 0.03424999952 0.4143006021
v -0.0410795784 0.03450000048 0.4143096048
v -0.04141331196 0.03450000048 0.418016041
v -0.04141331196 0.03450000048 0.4217374689
v 0.02884928465 0.03799999952 0.4318884737
v 0.02884928465 0.03599999905 0.4318884737
v 0.02695518732 0.03599999905 0.4316447145
v 0.0254827857 0.03599999905 0.4328608781
v 0.02536434889 0.03599999905 0.4347669107
v 0.02667486429 0.03599999905 0.4361560136
v 0.02667486429 0.03799999952 0.4361560136
v 0.0273674202 0.03799999952 0.436337002
v 0.02808255196 0.03799999952 0.4363057024
v 0.02875664473 0.03799999952 0.4360648805
v 0.02875664473 0.04199999809 0.4360648805
v 0.02679342508 0.04199999809 0.4362031824
v 0.02538685083 0.04199999809 0.4348266298
v 0.0254827857 0.04199999809 0.4328608781
v 0.02701671839 0.04199999809 0.4316278345
v 0.02895714283 0.04199999809 0.4319566423
v 0.02999919891 0.04199999809 0.4336262209
v 0.02999919891 0.03799999952 0.4336262209
v 0.02979780674 0.03799999952 0.4329393274
v 0.02940278769 0.03799999952 0.4323423654
v -0.02875664473 0.03799999952 0.4360648805
v -0.02498047829 0.03799999952 0.4414400369
v -0.02021445751 0.03799999952 0.4459607584
v -0.01464743257 0.03799999952 0.4494479067
v -0.008500000238 0.03799999952 0.4517632753
v -0.008500000238 0.03799999952 0.4499485475
v -0.01565200448 0.03799999952 0.4469244463
v -0.02183759928 0.03799999952 0.4422303087
v -0.02667486429 0.03799999952 0.4361560136
v -0.0273674202 0.03799999952 0.436337002
v -0.02808255196 0.03799999952 0.4363057024
v 0.02884928465 0.03599999905 0.4318884737
v 0.03064394474 0.03599999905 0.4260013849
v 0.03125 0.03599999905 0.4198767549
v 0.03064394474 0.03599999905 0.4137521249
v 0.02884928465 0.03599999905 0.4078650362
v 0.02695518732 0.03599999905 0.4081087858
v 0.0254827857 0.03599999905 0.4068926222
v 0.02536434889 0.03599999905 0.4049865801
v 0.02667486429 0.03599999905 0.4035974962
v 0.02232025385 0.03599999905 0.3980051119
v 0.01681742072 0.03599999905 0.3935378629
v 0.01044944525 0.03599999905 0.3904255754
v 0.003543918728 0.03599999905 0.3888283521
v -0.003543918729 0.03599999905 0.3888283521
v -0.01044944525 0.03599999905 0.3904255754
v -0.01681742072 0.03599999905 0.3935378629
v -0.02232025385 0.03599999905 0.3980051119
v -0.02667486429 0.03599999905 0.4035974962
v -0.02536434889 0.03599999905 0.4049865801
v -0.0254827857 0.03599999905 0.4068926222
v -0.02695518732 0.03599999905 0.4081087858
v -0.02884928465 0.03599999905 0.4078650362
v -0.02953470469 0.03599999905 0.4096657926
v -0.03010784388 0.03599999905 0.4115053636
v -0.03056652546 0.03599999905 0.4133767587
v -0.02766859055 0.03599999905 0.4133767587
v -0.02766859055 0.03599999905 0.4263767511
v -0.03056652546 0.03599999905 0.4263767511
v -0.03010784388 0.03599999905 0.4282481462
v -0.02953470469 0.03599999905 0.4300877077
v -0.02884928465 0.03599999905 0.4318884737
v -0.02695518732 0.03599999905 0.4316447145
v -0.0254827857 0.03599999905 0.4328608781
v -0.02536434889 0.03599999905 0.4347669107
v -0.02667486429 0.03599999905 0.4361560136
v -0.02232025385 0.03599999905 0.441748398
v -0.01681742072 0.03599999905 0.4462156374
v -0.01044944525 0.03599999905 0.4493279344
v -0.003543918728 0.03599999905 0.4509251482
v 0.003543918729 0.03599999905 0.4509251482
v 0.01044944525 0.03599999905 0.4493279344
v 0.01681742072 0.03599999905 0.4462156374
v 0.02232025385 0.03599999905 0.441748398
v 0.02667486429 0.03599999905 0.4361560136
v 0.02536434889 0.03599999905 0.4347669107
v 0.0254827857 0.03599999905 0.4328608781
v 0.02695518732 0.03599999905 0.4316447145
v -0.0275999999 0.03599999905 0.4255267603
v -0.02718583822 0.03599999905 0.423393696
v -0.02600353718 0.03599999905 0.421570614
v -0.02422491074 0.03599999905 0.4203224451
v -0.02210842609 0.03599999905 0.4198305589
v -0.01996165514 0.03599999905 0.420166443
v -0.01809656382 0.03599999905 0.4212813074
v -0.01678418756 0.03599999905 0.4230131036
v -0.01621524215 0.03599999905 0.4251101762
v -0.01647240639 0.03599999905 0.4272677881
v -0.01751830935 0.03599999905 0.4291724092
v -0.01920095921 0.03599999905 0.4305472261
v -0.02127583504 0.03599999905 0.4311924822
v -0.02344141245 0.03599999905 0.4310143739
v -0.02538299322 0.03599999905 0.4300388223
v -0.02681842566 0.03599999905 0.4284075624
v -0.02753911018 0.03599999905 0.4263576776
v -0.0275847578 0.03599999905 0.4259433252
v -0.0275999999 0.03599999905 0.4132267458
v -0.02669514418 0.03599999905 0.4101450998
v -0.02426786661 0.03599999905 0.4080418474
v -0.0210888052 0.03599999905 0.4075847704
v -0.01816729426 0.03599999905 0.4089189798
v -0.01643089056 0.03599999905 0.4116208727
v -0.01643089056 0.03599999905 0.4148326189
v -0.01816729426 0.03599999905 0.4175345308
v -0.0210888052 0.03599999905 0.4188687402
v -0.02426786661 0.03599999905 0.4184116632
v -0.02669514418 0.03599999905 0.4163084108
v -0.01799999952 0.03599999905 0.401876753
v -0.02012131929 0.03599999905 0.4009980756
v -0.02099999905 0.03599999905 0.3988767511
v -0.02012131929 0.03599999905 0.3967554361
v -0.01799999952 0.03599999905 0.3958767492
v -0.01587867975 0.03599999905 0.3967554361
v -0.015 0.03599999905 0.3988767511
v -0.01587867975 0.03599999905 0.4009980756
v 0.01799999952 0.03599999905 0.401876753
v 0.01587867975 0.03599999905 0.4009980756
v 0.015 0.03599999905 0.3988767511
v 0.01587867975 0.03599999905 0.3967554361
v 0.01799999952 0.03599999905 0.3958767492
v 0.02012131929 0.03599999905 0.3967554361
v 0.02099999905 0.03599999905 0.3988767511
v 0.02012131929 0.03599999905 0.4009980756
v -0.01799999952 0.03599999905 0.4438767511
v -0.02012131929 0.03599999905 0.4429980737
v -0.02099999905 0.03599999905 0.4408767587
v -0.02012131929 0.03599999905 0.4387554247
v -0.01799999952 0.03599999905 0.4378767473
v -0.01587867975 0.03599999905 0.4387554247
v -0.015 0.03599999905 0.4408767587
v -0.01587867975 0.03599999905 0.4429980737
v 0.01799999952 0.03599999905 0.4438767511
v 0.01587867975 0.03599999905 0.4429980737
v 0.015 0.03599999905 0.4408767587
v 0.01587867975 0.03599999905 0.4387554247
v 0.01799999952 0.03599999905 0.4378767473
v 0.02012131929 0.03599999905 0.4387554247
v 0.02099999905 0.03599999905 0.4408767587
v 0.02012131929 0.03599999905 0.4429980737
v 0.01704238892 0.03599999905 0.4139675409
v 0.02020760536 0.03599999905 0.4133928758
v 0.02326073647 0.03599999905 0.4144064027
v 0.02545393705 0.03599999905 0.4167598421
v 0.02625 0.03599999905 0.4198767549
v 0.02545393705 0.03599999905 0.4229936678
v 0.02326073647 0.03599999905 0.4253471071
v 0.02020760536 0.03599999905 0.4263606149
v 0.01704238892 0.03599999905 0.4257859689
v 0.01558184147 0.03599999905 0.425520714
v 0.01417292714 0.03599999905 0.425988167
v 0.01316060185 0.03599999905 0.427073868
v 0.009870523811 0.03599999905 0.4311715585
v 0.005368974805 0.03599999905 0.4338829691
v 0.0002084576899 0.03599999905 0.4348753053
v -0.004977644682 0.03599999905 0.4340267641
v -0.009552809596 0.03599999905 0.4314415247
v -0.0129554975 0.03599999905 0.4274368555
v -0.01476807594 0.03599999905 0.4225042802
v -0.01476807594 0.03599999905 0.4172492296
v -0.0129554975 0.03599999905 0.4123166544
v -0.009552809596 0.03599999905 0.4083119852
v -0.004977644682 0.03599999905 0.4057267362
v 0.0002084576896 0.03599999905 0.4048782045
v 0.005368974805 0.03599999905 0.4058705312
v 0.00987052381 0.03599999905 0.4085819418
v 0.01316060185 0.03599999905 0.4126796228
v 0.01417292714 0.03599999905 0.4137653238
v 0.01558184147 0.03599999905 0.4142327768
v 0.008997402787 0.03599999905 0.4391717416
v 0.01027623057 0.03599999905 0.4419142038
v 0.01053269386 0.03599999905 0.4435655672
v 0.009865874648 0.03599999905 0.445097912
v 0.008482691646 0.03599999905 0.4460357553
v 0.002869208455 0.03599999905 0.4472266657
v -0.002869208455 0.03599999905 0.4472266657
v -0.008482691645 0.03599999905 0.4460357553
v -0.009865874648 0.03599999905 0.445097912
v -0.01053269386 0.03599999905 0.4435655672
v -0.01027623057 0.03599999905 0.4419142038
v -0.008997402787 0.03599999905 0.4391717416
v -0.008111968636 0.03599999905 0.4380650789
v -0.006817321777 0.03599999905 0.437488392
v -0.005402412414 0.03599999905 0.4375703699
v -0.001824463457 0.03599999905 0.4382865602
v 0.001824463457 0.03599999905 0.4382865602
v 0.005402412415 0.03599999905 0.4375703699
v 0.006817321778 0.03599999905 0.437488392
v 0.008111968637 0.03599999905 0.4380650789
v -0.008482691646 0.03599999905 0.3937177354
v -0.002869208455 0.03599999905 0.3925268442
v 0.002869208455 0.03599999905 0.3925268442
v 0.008482691645 0.03599999905 0.3937177354
v 0.009865874648 0.03599999905 0.3946555883
v 0.01053269386 0.03599999905 0.3961879427
v 0.01027623057 0.03599999905 0.397839306
v 0.008997402787 0.03599999905 0.4005817587
v 0.008111968636 0.03599999905 0.4016884214
v 0.006817321777 0.03599999905 0.4022651178
v 0.005402412414 0.03599999905 0.40218314
v 0.001824463457 0.03599999905 0.4014669401
v -0.001824463457 0.03599999905 0.4014669401
v -0.005402412415 0.03599999905 0.40218314
v -0.006817321778 0.03599999905 0.4022651178
v -0.008111968637 0.03599999905 0.4016884214
v -0.008997402787 0.03599999905 0.4005817587
v -0.01027623057 0.03599999905 0.397839306
v -0.01053269386 0.03599999905 0.3961879427
v -0.009865874648 0.03599999905 0.3946555883
v -0.03901043177 0.03400000095 0.4344353944
v -0.03746495008 0.03400000095 0.43402129
v -0.03633358002 0.03400000095 0.4351526529
v -0.03674768925 0.03400000095 0.4366981393
v -0.03829317093 0.03400000095 0.4371122629
v -0.039424541 0.03400000095 0.4359808809
v -0.03901043177 0.03599999905 0.4344353944
v -0.039424541 0.03599999905 0.4359808809
v -0.03829317093 0.03599999905 0.4371122629
v -0.03674768925 0.03599999905 0.4366981393
v -0.03633358002 0.03599999905 0.4351526529
v -0.03746495008 0.03599999905 0.43402129
v -0.03901043177 0.03400000095 0.4344353944
v -0.03901043177 0.03599999905 0.4344353944
v -0.01972453117 0.03599999905 0.4558203584
v -0.02612636328 0.03599999905 0.4514744264
v -0.03159767628 0.03599999905 0.4460031206
v -0.0359436059 0.03599999905 0.4396012766
v -0.0359436059 0.03400000095 0.4396012766
v -0.03159767628 0.03400000095 0.4460031206
v -0.02612636328 0.03400000095 0.4514744264
v -0.01972453117 0.03400000095 0.4558203584
v -0.04123105526 0.03400000095 0.4128767473
v -0.04207433701 0.03400000095 0.4128767473
v -0.04207433701 0.03599999905 0.4128767473
v -0.04123105526 0.03599999905 0.4128767473
v -0.02816859245 0.035 0.4138767511
v -0.02816859245 0.035 0.4258767587
v -0.02816859245 0.03549999952 0.4258767587
v -0.02816859245 0.03549999952 0.4138767511
v -0.02766859055 0.03599999905 0.4133767587
v -0.02802214384 0.03585355282 0.4137303049
v -0.02816859245 0.03549999952 0.4138767511
v -0.02816859245 0.03549999952 0.4258767587
v -0.02766859055 0.03599999905 0.4263767511
v -0.02762120247 0.04179999828 0.4066030485
v -0.02838204861 0.04179999828 0.4060502607
v -0.02809143066 0.04179999828 0.4051558286
v -0.02715097427 0.04179999828 0.4051558286
v -0.02686035633 0.04179999828 0.4060502607
v -0.02762120247 0.04199999809 0.4048030454
v -0.02857225895 0.04199999809 0.4054940302
v -0.02820898771 0.04199999809 0.4066120607
v -0.02703341723 0.04199999809 0.4066120607
v -0.02667014599 0.04199999809 0.4054940302
v -0.02667014599 0.04199999809 0.4054940302
v -0.02715097427 0.04179999828 0.4051558286
v -0.02875664473 0.03799999952 0.4360648805
v -0.02808255196 0.03799999952 0.4363057024
v -0.0273674202 0.03799999952 0.436337002
v -0.02667486429 0.03799999952 0.4361560136
v -0.02667486429 0.03599999905 0.4361560136
v -0.02536434889 0.03599999905 0.4347669107
v -0.0254827857 0.03599999905 0.4328608781
v -0.02695518732 0.03599999905 0.4316447145
v -0.02884928465 0.03599999905 0.4318884737
v -0.02884928465 0.03799999952 0.4318884737
v -0.02940278769 0.03799999952 0.4323423654
v -0.02979780674 0.03799999952 0.4329393274
v -0.02999919891 0.03799999952 0.4336262209
v -0.02999919891 0.04199999809 0.4336262209
v -0.02895714283 0.04199999809 0.4319566423
v -0.02701671839 0.04199999809 0.4316278345
v -0.0254827857 0.04199999809 0.4328608781
v -0.02538685083 0.04199999809 0.4348266298
v -0.02679342508 0.04199999809 0.4362031824
v -0.02875664473 0.04199999809 0.4360648805
v -0.0410795784 0.03450000048 0.4143096048
v -0.0411459589 0.03424999952 0.4143006021
v -0.04132731438 0.03406698704 0.4142760355
v -0.04157505035 0.03400000095 0.4142424661
v -0.04058410645 0.03400000095 0.4133767587
v -0.04058410645 0.03406698704 0.4136267549
v -0.04058410645 0.03424999952 0.413809765
v -0.04058410645 0.03450000048 0.4138767511
v -0.04081441879 0.03450000048 0.4139329607
v -0.04099295616 0.03450000048 0.4140889246
v -0.01729002118 0.03400000095 0.4577558214
v -0.01649002075 0.03400000095 0.4563701708
v -0.01489002109 0.03400000095 0.4563701708
v -0.01409002066 0.03400000095 0.4577558214
v -0.01489002109 0.03400000095 0.4591414529
v -0.01649002075 0.03400000095 0.4591414529
v -0.01729002118 0.03599999905 0.4577558214
v -0.01649002075 0.03599999905 0.4591414529
v -0.01489002109 0.03599999905 0.4591414529
v -0.01409002066 0.03599999905 0.4577558214
v -0.01489002109 0.03599999905 0.4563701708
v -0.01649002075 0.03599999905 0.4563701708
v -0.01729002118 0.03400000095 0.4577558214
v -0.01729002118 0.03599999905 0.4577558214
v -0.01868803024 0.03400000095 0.4576465494
v -0.01868803024 0.03599999905 0.4576465494
v -0.01879592776 0.03599999905 0.4569218141
v -0.01915760994 0.03599999905 0.4562845689
v -0.01972453117 0.03599999905 0.4558203584
v -0.01972453117 0.03400000095 0.4558203584
v -0.01915760994 0.03400000095 0.4562845689
v -0.01879592776 0.03400000095 0.4569218141
v -0.04123105526 0.03400000095 0.4128767473
v -0.04123105526 0.03599999905 0.4128767473
v -0.04078736305 0.03599999905 0.4127729303
v -0.04043580055 0.03599999905 0.4124830324
v -0.04024936676 0.03599999905 0.4120672304
v -0.04024936676 0.03400000095 0.4120672304
v -0.04043580055 0.03400000095 0.4124830324
v -0.04078736305 0.03400000095 0.4127729303
v -0.02875664473 0.04199999809 0.4360648805
v -0.02679342508 0.04199999809 0.4362031824
v -0.02538685083 0.04199999809 0.4348266298
v -0.0254827857 0.04199999809 0.4328608781
v -0.02701671839 0.04199999809 0.4316278345
v -0.02895714283 0.04199999809 0.4319566423
v -0.02999919891 0.04199999809 0.4336262209
v -0.0296075511 0.04199999809 0.4344504625
v -0.02919325829 0.04199999809 0.4352635461
v -0.02762120247 0.04199999809 0.4349504549
v -0.02857225895 0.04199999809 0.4342594797
v -0.02820898771 0.04199999809 0.4331414491
v -0.02703341722 0.04199999809 0.4331414491
v -0.02667014599 0.04199999809 0.4342594797
v -0.02766859055 0.03599999905 0.4263767511
v -0.02816859245 0.03549999952 0.4258767587
v -0.03080509424 0.03549999952 0.4258767587
v -0.03056652546 0.03599999905 0.4263767511
v 0.01349284649 0.03400000095 0.4597984583
v 0.01349284649 0.03599999905 0.4597984583
v 0.01290408254 0.03599999905 0.4593622858
v 0.01219773769 0.03599999905 0.4591674501
v 0.01146861792 0.03599999905 0.4592400629
v 0.01146861792 0.03400000095 0.4592400629
v 0.01219773769 0.03400000095 0.4591674501
v 0.01290408254 0.03400000095 0.4593622858
v -0.03776979685 0.03400000095 0.4011887247
v -0.03776979685 0.03599999905 0.4011887247
v -0.03704505682 0.03599999905 0.401080826
v -0.03640781641 0.03599999905 0.400719145
v -0.0359436059 0.03599999905 0.4001522237
v -0.0359436059 0.03400000095 0.4001522237
v -0.03640781641 0.03400000095 0.400719145
v -0.03704505682 0.03400000095 0.401080826
v -0.02842120171 0.04179999828 0.4339504511
v -0.02786841631 0.04179999828 0.4331896097
v -0.02697398901 0.04179999828 0.4334802324
v -0.02697398901 0.04179999828 0.4344206888
v -0.02786841631 0.04179999828 0.4347113115
v -0.02762120247 0.04199999809 0.4349504549
v -0.02667014599 0.04199999809 0.4342594797
v -0.02703341722 0.04199999809 0.4331414491
v -0.02820898771 0.04199999809 0.4331414491
v -0.02857225895 0.04199999809 0.4342594797
v -0.02697398901 0.04179999828 0.4344206888
v -0.02667014599 0.04199999809 0.4342594797
v 0.01799999952 0.04449999809 0.3963767511
v 0.01976776719 0.04449999809 0.3971089822
v 0.02049999952 0.04449999809 0.3988767511
v 0.01976776719 0.04449999809 0.40064452
v 0.01799999952 0.04449999809 0.4013767511
v 0.01623223305 0.04449999809 0.40064452
v 0.01549999952 0.04449999809 0.3988767511
v 0.01623223305 0.04449999809 0.3971089822
v 0.015 0.04400000095 0.3988767511
v 0.01587867975 0.04400000095 0.4009980756
v 0.01799999952 0.04400000095 0.401876753
v 0.02012131929 0.04400000095 0.4009980756
v 0.02099999905 0.04400000095 0.3988767511
v 0.02012131929 0.04400000095 0.3967554361
v 0.01799999952 0.04400000095 0.3958767492
v 0.01587867975 0.04400000095 0.3967554361
v 0.02049999952 0.04449999809 0.3988767511
v 0.02099999905 0.04400000095 0.3988767511
v 0.015 0.04400000095 0.3988767511
v 0.01587867975 0.04400000095 0.3967554361
v 0.01799999952 0.04400000095 0.3958767492
v 0.02012131929 0.04400000095 0.3967554361
v 0.02099999905 0.04400000095 0.3988767511
v 0.02012131929 0.04400000095 0.4009980756
v 0.01799999952 0.04400000095 0.401876753
v 0.01587867975 0.04400000095 0.4009980756
v 0.01799999952 0.03599999905 0.401876753
v 0.02012131929 0.03599999905 0.4009980756
v 0.02099999905 0.03599999905 0.3988767511
v 0.02012131929 0.03599999905 0.3967554361
v 0.01799999952 0.03599999905 0.3958767492
v 0.01587867975 0.03599999905 0.3967554361
v 0.015 0.03599999905 0.3988767511
v 0.01587867975 0.03599999905 0.4009980756
v 0.01799999952 0.03599999905 0.3958767492
v 0.01799999952 0.04400000095 0.3958767492
v -0.03591656923 0.03450000048 0.4138767511
v -0.02946859121 0.03450000048 0.4138767511
v -0.02940160513 0.03474999905 0.4138767511
v -0.02921859026 0.03493301153 0.4138767511
v -0.02896859169 0.035 0.4138767511
v -0.02816859245 0.035 0.4138767511
v -0.02816859245 0.03549999952 0.4138767511
v -0.03080509424 0.03549999952 0.4138767511
v -0.03168694496 0.035 0.4138767511
v -0.04058410645 0.035 0.4138767511
v -0.04058410645 0.03450000048 0.4138767511
v -0.03764292717 0.03450000048 0.4138767511
v -0.03764292717 0.03279999971 0.4138767511
v -0.03591656923 0.03279999971 0.4138767511
v -0.0410795784 0.035 0.4143096048
v -0.04141331196 0.035 0.418016041
v -0.04141331196 0.035 0.4217374689
v -0.0410795784 0.035 0.425443905
v -0.0410795784 0.03450000048 0.425443905
v -0.04141331196 0.03450000048 0.4217374689
v -0.04141331196 0.03450000048 0.418016041
v -0.0410795784 0.03450000048 0.4143096048
v -0.03571976662 0.0325 0.4134123689
v -0.03333580732 0.0325 0.4055096418
v -0.02922808647 0.0325 0.3983498174
v -0.02360901356 0.0325 0.3923031313
v -0.01676914096 0.0325 0.3876822549
v -0.009062153101 0.0325 0.3847261125
v -0.0008865709607 0.0325 0.383587578
v 0.007334854602 0.0325 0.3843255216
v 0.01517700314 0.0325 0.386901787
v 0.02223436356 0.0325 0.3911831457
v 0.02814200878 0.0325 0.3969482214
v 0.03259445906 0.0325 0.4038989145
v 0.0353614831 0.0325 0.4116758043
v 0.03630000114 0.0325 0.4198767549
v 0.0353614831 0.0325 0.4280777055
v 0.03259445906 0.0325 0.4358545953
v 0.02814200878 0.0325 0.4428052789
v 0.02223436356 0.0325 0.4485703546
v 0.01517700315 0.0325 0.4528517229
v 0.007334854603 0.0325 0.4554279787
v -0.0008865709599 0.0325 0.4561659319
v -0.009062153101 0.0325 0.4550273973
v -0.01676914096 0.0325 0.4520712549
v -0.02360901356 0.0325 0.4474503786
v -0.02922808647 0.0325 0.4414036829
v -0.03333580732 0.0325 0.4342438585
v -0.03571976662 0.0325 0.4263411409
v -0.0354245615 0.03279999971 0.4262877161
v -0.03306030512 0.03279999971 0.434125126
v -0.02898653269 0.03279999971 0.4412257845
v -0.02341389656 0.03279999971 0.4472224886
v -0.01663055301 0.03279999971 0.4518051798
v -0.008987259268 0.03279999971 0.454736889
v -0.0008792439099 0.03279999971 0.4558660204
v 0.007274236083 0.03279999971 0.4551341707
v 0.01505157352 0.03279999971 0.4525792009
v 0.02205060959 0.03279999971 0.448333214
v 0.02790942907 0.03279999971 0.4426157838
v 0.03232508183 0.03279999971 0.4357225496
v 0.03506923914 0.03279999971 0.4280099184
v 0.03599999905 0.03279999971 0.4198767549
v 0.03506923914 0.03279999971 0.4117435724
v 0.03232508183 0.03279999971 0.4040309602
v 0.02790942907 0.03279999971 0.3971377164
v 0.02205060959 0.03279999971 0.3914202863
v 0.01505157351 0.03279999971 0.3871742994
v 0.007274236083 0.03279999971 0.3846193391
v -0.0008792439107 0.03279999971 0.3838874895
v -0.008987259269 0.03279999971 0.3850166113
v -0.01663055301 0.03279999971 0.3879483205
v -0.02341389656 0.03279999971 0.3925310117
v -0.02898653269 0.03279999971 0.3985277254
v -0.03306030512 0.03279999971 0.4056283743
v -0.0354245615 0.03279999971 0.4134657938
v 0.02682120323 0.04179999828 0.4339504511
v 0.02737398863 0.04179999828 0.4331896097
v 0.02826841593 0.04179999828 0.4334802324
v 0.02826841593 0.04179999828 0.4344206888
v 0.02737398863 0.04179999828 0.4347113115
v 0.02762120247 0.04199999809 0.4349504549
v 0.02857225895 0.04199999809 0.4342594797
v 0.02820898771 0.04199999809 0.4331414491
v 0.02703341723 0.04199999809 0.4331414491
v 0.02667014599 0.04199999809 0.4342594797
v 0.02826841593 0.04179999828 0.4344206888
v 0.02857225895 0.04199999809 0.4342594797
v 0.01868803024 0.03599999905 0.4576465494
v 0.01783694387 0.03599999905 0.4598512155
v 0.01565359235 0.03599999905 0.4607555849
v 0.01349284649 0.03599999905 0.4597984583
v 0.01349284649 0.03400000095 0.4597984583
v 0.01565359235 0.03400000095 0.4607555849
v 0.01783694387 0.03400000095 0.4598512155
v 0.01868803024 0.03400000095 0.4576465494
v -0.0359436059 0.03599999905 0.4001522237
v -0.03159767628 0.03599999905 0.3937503893
v -0.02612636328 0.03599999905 0.3882790739
v -0.01972453117 0.03599999905 0.3839331419
v -0.01972453117 0.03400000095 0.3839331419
v -0.02612636328 0.03400000095 0.3882790739
v -0.03159767628 0.03400000095 0.3937503893
v -0.0359436059 0.03400000095 0.4001522237
v -0.0274000001 0.03420000076 0.4255267603
v -0.02652689457 0.03420000076 0.4285002786
v -0.0241847825 0.03420000076 0.4305297357
v -0.02111726761 0.03420000076 0.4309707719
v -0.01829826593 0.03420000076 0.4296833688
v -0.01662278891 0.03420000076 0.4270762903
v -0.01662278891 0.03420000076 0.4239772302
v -0.01829826593 0.03420000076 0.4213701326
v -0.02111726761 0.03420000076 0.4200827295
v -0.02418478251 0.03420000076 0.4205237848
v -0.02652689457 0.03420000076 0.4225532228
v -0.01620000005 0.03400000095 0.4255267603
v -0.0166338861 0.03400000095 0.4277080423
v -0.01786949158 0.03400000095 0.4295572549
v -0.01971870422 0.03400000095 0.4307928735
v -0.02190000057 0.03400000095 0.4312267572
v -0.02408129454 0.03400000095 0.4307928735
v -0.02593050957 0.03400000095 0.4295572549
v -0.02716611385 0.03400000095 0.4277080423
v -0.0275999999 0.03400000095 0.4255267603
v -0.02716611385 0.03400000095 0.4233454591
v -0.02593050957 0.03400000095 0.4214962465
v -0.02408129454 0.03400000095 0.420260647
v -0.02190000057 0.03400000095 0.4198267442
v -0.01971870422 0.03400000095 0.420260647
v -0.01786949158 0.03400000095 0.4214962465
v -0.0166338861 0.03400000095 0.4233454591
v -0.0275999999 0.03400000095 0.4255267603
v -0.0274000001 0.03420000076 0.4255267603
v -0.01799999952 0.04449999809 0.4383767587
v -0.01623223305 0.04449999809 0.4391089899
v -0.01549999952 0.04449999809 0.4408767587
v -0.01623223305 0.04449999809 0.4426445276
v -0.01799999952 0.04449999809 0.4433767587
v -0.01976776719 0.04449999809 0.4426445276
v -0.02049999952 0.04449999809 0.4408767587
v -0.01976776719 0.04449999809 0.4391089899
v -0.02099999905 0.04400000095 0.4408767587
v -0.02012131929 0.04400000095 0.4429980737
v -0.01799999952 0.04400000095 0.4438767511
v -0.01587867975 0.04400000095 0.4429980737
v -0.015 0.04400000095 0.4408767587
v -0.01587867975 0.04400000095 0.4387554247
v -0.01799999952 0.04400000095 0.4378767473
v -0.02012131929 0.04400000095 0.4387554247
v -0.01549999952 0.04449999809 0.4408767587
v -0.015 0.04400000095 0.4408767587
v -0.02099999905 0.04400000095 0.4408767587
v -0.02012131929 0.04400000095 0.4387554247
v -0.01799999952 0.04400000095 0.4378767473
v -0.01587867975 0.04400000095 0.4387554247
v -0.015 0.04400000095 0.4408767587
v -0.01587867975 0.04400000095 0.4429980737
v -0.01799999952 0.04400000095 0.4438767511
v -0.02012131929 0.04400000095 0.4429980737
v -0.01799999952 0.03599999905 0.4438767511
v -0.01587867975 0.03599999905 0.4429980737
v -0.015 0.03599999905 0.4408767587
v -0.01587867975 0.03599999905 0.4387554247
v -0.01799999952 0.03599999905 0.4378767473
v -0.02012131929 0.03599999905 0.4387554247
v -0.02099999905 0.03599999905 0.4408767587
v -0.02012131929 0.03599999905 0.4429980737
v -0.01799999952 0.03599999905 0.4378767473
v -0.01799999952 0.04400000095 0.4378767473
v -0.03056652546 0.03599999905 0.4263767511
v -0.03080509424 0.03549999952 0.4258767587
v -0.03168694496 0.035 0.4258767587
v -0.03218727589 0.035 0.4218871767
v -0.03218727589 0.035 0.4178663332
v -0.03168694496 0.035 0.4138767511
v -0.03080509424 0.03549999952 0.4138767511
v -0.03056652546 0.03599999905 0.4133767587
v -0.03117381096 0.03599999905 0.4176959306
v -0.03117381096 0.03599999905 0.4220575792
v -0.04058410645 0.035 0.4138767511
v -0.04081441879 0.035 0.4139329607
v -0.04099295616 0.035 0.4140889246
v -0.0410795784 0.035 0.4143096048
v -0.0410795784 0.03450000048 0.4143096048
v -0.04099295616 0.03450000048 0.4140889246
v -0.04081441879 0.03450000048 0.4139329607
v -0.04058410645 0.03450000048 0.4138767511
v -0.04058410645 0.035 0.4138767511
v -0.03168694496 0.035 0.4138767511
v -0.03218727589 0.035 0.4178663332
v -0.03218727589 0.035 0.4218871767
v -0.03168694496 0.035 0.4258767587
v -0.04058410645 0.035 0.4258767587
v -0.04081441879 0.035 0.4258205492
v -0.04099295616 0.035 0.4256645853
v -0.0410795784 0.035 0.425443905
v -0.04141331196 0.035 0.4217374689
v -0.04141331196 0.035 0.418016041
v -0.0410795784 0.035 0.4143096048
v -0.04099295616 0.035 0.4140889246
v -0.04081441879 0.035 0.4139329607
v -0.03764292717 0.0325 0.4261767465
v -0.03764292717 0.03279999971 0.4258767587
v -0.03591656923 0.03279999971 0.4258767587
v -0.03591656923 0.0325 0.4261767465
v -0.03591656923 0.0325 0.4261767465
v -0.03591656923 0.03279999971 0.4258767587
v -0.03569284201 0.03279999971 0.4259295923
v -0.03551640749 0.03279999971 0.4260769731
v -0.0354245615 0.03279999971 0.4262877161
v -0.03571976662 0.0325 0.4263411409
v -0.03575650454 0.0325 0.4262568361
v -0.03582707882 0.0325 0.426197899
v 0.01868803024 0.03599999905 0.4576465494
v 0.01868803024 0.03400000095 0.4576465494
v 0.01879592776 0.03400000095 0.4569218141
v 0.01915760994 0.03400000095 0.4562845689
v 0.01972453117 0.03400000095 0.4558203584
v 0.01972453117 0.03599999905 0.4558203584
v 0.01915760994 0.03599999905 0.4562845689
v 0.01879592776 0.03599999905 0.4569218141
v -0.01868803024 0.03599999905 0.3821069605
v -0.01868803024 0.03400000095 0.3821069605
v -0.01879592776 0.03400000095 0.3828316957
v -0.01915760994 0.03400000095 0.3834689314
v -0.01972453117 0.03400000095 0.3839331419
v -0.01972453117 0.03599999905 0.3839331419
v -0.01915760994 0.03599999905 0.3834689314
v -0.01879592776 0.03599999905 0.3828316957
v -0.0274000001 0.03420000076 0.4132267458
v -0.02652689457 0.03420000076 0.4162002832
v -0.02418478251 0.03420000076 0.4182297212
v -0.02111726761 0.03420000076 0.4186707765
v -0.01829826593 0.03420000076 0.4173833734
v -0.01662278891 0.03420000076 0.4147762758
v -0.01662278891 0.03420000076 0.4116772157
v -0.01829826593 0.03420000076 0.4090701276
v -0.02111726761 0.03420000076 0.4077827341
v -0.02418478251 0.03420000076 0.4082237798
v -0.02652689457 0.03420000076 0.4102532274
v -0.01620000005 0.03400000095 0.4132267458
v -0.0166338861 0.03400000095 0.4154080469
v -0.01786949158 0.03400000095 0.4172572595
v -0.01971870422 0.03400000095 0.418492859
v -0.02190000057 0.03400000095 0.4189267427
v -0.02408129454 0.03400000095 0.418492859
v -0.02593050957 0.03400000095 0.4172572595
v -0.02716611385 0.03400000095 0.4154080469
v -0.0275999999 0.03400000095 0.4132267458
v -0.02716611385 0.03400000095 0.4110454637
v -0.02593050957 0.03400000095 0.4091962415
v -0.02408129454 0.03400000095 0.407960642
v -0.02190000057 0.03400000095 0.4075267488
v -0.01971870422 0.03400000095 0.407960642
v -0.01786949158 0.03400000095 0.4091962415
v -0.0166338861 0.03400000095 0.4110454637
v -0.0275999999 0.03400000095 0.4132267458
v -0.0274000001 0.03420000076 0.4132267458
v 0.01799999952 0.04449999809 0.4383767587
v 0.01976776719 0.04449999809 0.4391089899
v 0.02049999952 0.04449999809 0.4408767587
v 0.01976776719 0.04449999809 0.4426445276
v 0.01799999952 0.04449999809 0.4433767587
v 0.01623223305 0.04449999809 0.4426445276
v 0.01549999952 0.04449999809 0.4408767587
v 0.01623223305 0.04449999809 0.4391089899
v 0.015 0.04400000095 0.4408767587
v 0.01587867975 0.04400000095 0.4429980737
v 0.01799999952 0.04400000095 0.4438767511
v 0.02012131929 0.04400000095 0.4429980737
v 0.02099999905 0.04400000095 0.4408767587
v 0.02012131929 0.04400000095 0.4387554247
v 0.01799999952 0.04400000095 0.4378767473
v 0.01587867975 0.04400000095 0.4387554247
v 0.02049999952 0.04449999809 0.4408767587
v 0.02099999905 0.04400000095 0.4408767587
v 0.015 0.04400000095 0.4408767587
v 0.01587867975 0.04400000095 0.4387554247
v 0.01799999952 0.04400000095 0.4378767473
v 0.02012131929 0.04400000095 0.4387554247
v 0.02099999905 0.04400000095 0.4408767587
v 0.02012131929 0.04400000095 0.4429980737
v 0.01799999952 0.04400000095 0.4438767511
v 0.01587867975 0.04400000095 0.4429980737
v 0.01799999952 0.03599999905 0.4438767511
v 0.02012131929 0.03599999905 0.4429980737
v 0.02099999905 0.03599999905 0.4408767587
v 0.02012131929 0.03599999905 0.4387554247
v 0.01799999952 0.03599999905 0.4378767473
v 0.01587867975 0.03599999905 0.4387554247
v 0.015 0.03599999905 0.4408767587
v 0.01587867975 0.03599999905 0.4429980737
v 0.01799999952 0.03599999905 0.4378767473
v 0.01799999952 0.04400000095 0.4378767473
v -0.03764292717 0.0325 0.4135767442
v -0.03764292717 0.03279999971 0.4138767511
v -0.0379171896 0.03279999971 0.4137948114
v -0.03810156584 0.03279999971 0.4135758669
v -0.03813563585 0.03279999971 0.4132916719
v -0.03784001112 0.0325 0.4133427126
v -0.03782638311 0.0325 0.4134564096
v -0.03775263309 0.0325 0.413543976
v -0.03784001112 0.0325 0.4264107782
v -0.03813563585 0.03279999971 0.4264618379
v -0.03810156584 0.03279999971 0.4261776239
v -0.0379171896 0.03279999971 0.4259586794
v -0.03764292717 0.03279999971 0.4258767587
v -0.03764292717 0.0325 0.4261767465
v -0.03775263309 0.0325 0.4262095338
v -0.03782638311 0.0325 0.4262971002
v -0.03591656923 0.0325 0.4135767442
v -0.03591656923 0.03279999971 0.4138767511
v -0.03764292717 0.03279999971 0.4138767511
v -0.03764292717 0.0325 0.4135767442
v -0.0354245615 0.03400799274 0.4262877161
v -0.0354245615 0.03279999971 0.4262877161
v -0.03551640749 0.03279999971 0.4260769731
v -0.03569284201 0.03279999971 0.4259295923
v -0.03591656923 0.03279999971 0.4258767587
v -0.03591656923 0.03450000048 0.4258767587
v 0.02762120247 0.0375 0.4331504518
v 0.02838204861 0.0375 0.4337032396
v 0.02809143066 0.0375 0.4345976717
v 0.02715097427 0.0375 0.4345976717
v 0.02686035633 0.0375 0.4337032396
v 0.02682120323 0.04179999828 0.4339504511
v 0.02737398863 0.04179999828 0.4347113115
v 0.02826841593 0.04179999828 0.4344206888
v 0.02826841593 0.04179999828 0.4334802324
v 0.02737398863 0.04179999828 0.4331896097
v 0.02826841593 0.04179999828 0.4334802324
v 0.02762120247 0.0375 0.4331504518
v 0.0359436059 0.03599999905 0.4396012766
v 0.03159767628 0.03599999905 0.4460031206
v 0.02612636328 0.03599999905 0.4514744264
v 0.01972453117 0.03599999905 0.4558203584
v 0.01972453117 0.03400000095 0.4558203584
v 0.02612636328 0.03400000095 0.4514744264
v 0.03159767628 0.03400000095 0.4460031206
v 0.0359436059 0.03400000095 0.4396012766
v -0.01868803024 0.03599999905 0.3821069605
v -0.01783694387 0.03599999905 0.3799022848
v -0.01565359235 0.03599999905 0.3789979154
v -0.01349284649 0.03599999905 0.379955042
v -0.01349284649 0.03400000095 0.379955042
v -0.01565359235 0.03400000095 0.3789979154
v -0.01783694387 0.03400000095 0.3799022848
v -0.01868803024 0.03400000095 0.3821069605
v -0.01799999952 0.04449999809 0.3963767511
v -0.01976776719 0.04449999809 0.3971089822
v -0.02049999952 0.04449999809 0.3988767511
v -0.01976776719 0.04449999809 0.40064452
v -0.01799999952 0.04449999809 0.4013767511
v -0.01623223305 0.04449999809 0.40064452
v -0.01549999952 0.04449999809 0.3988767511
v -0.01623223305 0.04449999809 0.3971089822
v -0.01799999952 0.04449999809 0.3971267492
v -0.01648445606 0.04449999809 0.3980017549
v -0.01648445606 0.04449999809 0.3997517568
v -0.01799999952 0.04449999809 0.400626753
v -0.01951554418 0.04449999809 0.3997517568
v -0.01951554418 0.04449999809 0.3980017549
v 0.02762120247 0.0375 0.40500305
v 0.02838204861 0.0375 0.4055558378
v 0.02809143066 0.0375 0.4064502603
v 0.02715097427 0.0375 0.4064502603
v 0.02686035633 0.0375 0.4055558378
v 0.02682120323 0.04179999828 0.4058030492
v 0.02737398863 0.04179999828 0.4065638906
v 0.02826841593 0.04179999828 0.4062732774
v 0.02826841593 0.04179999828 0.405332821
v 0.02737398863 0.04179999828 0.4050421983
v 0.02737398863 0.04179999828 0.4065638906
v 0.02715097427 0.0375 0.4064502603
v 0.01498791099 0.03789999962 0.4192746622
v 0.01616974592 0.03789999962 0.4166795999
v 0.01861509323 0.03789999962 0.4152128488
v 0.0214609623 0.03789999962 0.4153920442
v 0.02370301247 0.03789999962 0.4171539384
v 0.02454999924 0.03789999962 0.4198767549
v 0.02370301247 0.03789999962 0.4225995523
v 0.0214609623 0.03789999962 0.4243614656
v 0.01861509323 0.03789999962 0.424540661
v 0.01616974592 0.03789999962 0.4230739099
v 0.01498791099 0.03789999962 0.4204788477
v 0.01471983075 0.03789999962 0.4227623254
v 0.0141059196 0.03789999962 0.4249780351
v 0.01316060185 0.03789999962 0.427073868
v 0.01417292714 0.03789999962 0.425988167
v 0.01558184147 0.03789999962 0.425520714
v 0.01704238892 0.03789999962 0.4257859689
v 0.02020760536 0.03789999962 0.4263606149
v 0.02326073647 0.03789999962 0.4253471071
v 0.02545393705 0.03789999962 0.4229936678
v 0.02625 0.03789999962 0.4198767549
v 0.02545393705 0.03789999962 0.4167598421
v 0.02326073647 0.03789999962 0.4144064027
v 0.02020760536 0.03789999962 0.4133928758
v 0.01704238892 0.03789999962 0.4139675409
v 0.01558184147 0.03789999962 0.4142327768
v 0.01417292714 0.03789999962 0.4137653238
v 0.01316060185 0.03789999962 0.4126796228
v 0.0141059196 0.03789999962 0.4147754747
v 0.01471983075 0.03789999962 0.4169911653
v -0.02946859121 0.03450000048 0.4138767511
v -0.02932214499 0.03414644718 0.4137303049
v -0.02896859169 0.03400000095 0.4133767587
v -0.02896859169 0.03400000095 0.4263767511
v -0.02946859121 0.03450000048 0.4258767587
v -0.02940160513 0.03474999905 0.4258767587
v -0.02921859026 0.03493301153 0.4258767587
v -0.02896859169 0.035 0.4258767587
v -0.02896859169 0.035 0.4138767511
v -0.02921859026 0.03493301153 0.4138767511
v -0.02940160513 0.03474999905 0.4138767511
v 0.01704238892 0.03599999905 0.4139675409
v 0.01704238892 0.03789999962 0.4139675409
v 0.02020760536 0.03789999962 0.4133928758
v 0.02326073647 0.03789999962 0.4144064027
v 0.02545393705 0.03789999962 0.4167598421
v 0.02625 0.03789999962 0.4198767549
v 0.02545393705 0.03789999962 0.4229936678
v 0.02326073647 0.03789999962 0.4253471071
v 0.02020760536 0.03789999962 0.4263606149
v 0.01704238892 0.03789999962 0.4257859689
v 0.01704238892 0.03599999905 0.4257859689
v 0.02020760536 0.03599999905 0.4263606149
v 0.02326073647 0.03599999905 0.4253471071
v 0.02545393705 0.03599999905 0.4229936678
v 0.02625 0.03599999905 0.4198767549
v 0.02545393705 0.03599999905 0.4167598421
v 0.02326073647 0.03599999905 0.4144064027
v 0.02020760536 0.03599999905 0.4133928758
v -0.0354245615 0.03400799274 0.4134657938
v -0.035419209 0.03400355816 0.4134362871
v -0.03541379213 0.03400089025 0.4134065706
v -0.03540833235 0.03400000095 0.4133767587
v -0.02896859169 0.03400000095 0.4133767587
v -0.02932214499 0.03414644718 0.4137303049
v -0.02946859121 0.03450000048 0.4138767511
v -0.03591656923 0.03450000048 0.4138767511
v -0.03784001112 0.0325 0.4133427126
v -0.03813563585 0.03279999971 0.4132916719
v -0.03577875137 0.03279999971 0.405126465
v -0.03169645071 0.03279999971 0.3976725847
v -0.02608559847 0.03279999971 0.3912894899
v -0.01921678066 0.03279999971 0.3862850076
v -0.01142124057 0.03279999971 0.3829004747
v -0.003074914813 0.03279999971 0.3812991029
v 0.005419697165 0.03279999971 0.3815581304
v 0.01365294695 0.03279999971 0.3836650545
v 0.02122778654 0.03279999971 0.3875182706
v 0.0277789259 0.03279999971 0.3929319746
v 0.03299043894 0.03279999971 0.3996450693
v 0.03661099672 0.03279999971 0.40733383
v 0.03846600533 0.03279999971 0.4156274683
v 0.03846600533 0.03279999971 0.4241260416
v 0.03661099672 0.03279999971 0.4324196703
v 0.03299043894 0.03279999971 0.4401084406
v 0.0277789259 0.03279999971 0.4468215257
v 0.02122778654 0.03279999971 0.4522352296
v 0.01365294695 0.03279999971 0.4560884554
v 0.005419697166 0.03279999971 0.4581953699
v -0.003074914813 0.03279999971 0.4584544069
v -0.01142124057 0.03279999971 0.4568530351
v -0.01921678066 0.03279999971 0.4534685022
v -0.02608559847 0.03279999971 0.4484640199
v -0.03169645071 0.03279999971 0.4420809251
v -0.03577875137 0.03279999971 0.4346270448
v -0.03813563585 0.03279999971 0.4264618379
v -0.03784001112 0.0325 0.4264107782
v -0.03550139666 0.0325 0.4345126993
v -0.03145074129 0.0325 0.4419087869
v -0.02588338613 0.0325 0.4482424051
v -0.01906781316 0.0325 0.4532080919
v -0.01133270383 0.0325 0.4565663988
v -0.003051078319 0.0325 0.4581553537
v 0.005377684236 0.0325 0.4578983385
v 0.01354710937 0.0325 0.4558077318
v 0.02106323004 0.0325 0.4519843942
v 0.02756358624 0.0325 0.446612652
v 0.03273469687 0.0325 0.4399515993
v 0.0363271904 0.0325 0.4323224336
v 0.03816781998 0.0325 0.4240931017
v 0.03816781998 0.0325 0.4156604082
v 0.0363271904 0.0325 0.4074310667
v 0.03273469686 0.0325 0.399801901
v 0.02756358623 0.0325 0.3931408483
v 0.02106323004 0.0325 0.3877691156
v 0.01354710937 0.0325 0.3839457685
v 0.005377684235 0.0325 0.3818551714
v -0.00305107832 0.0325 0.3815981561
v -0.01133270383 0.0325 0.3831871111
v -0.01906781316 0.0325 0.3865454084
v -0.02588338614 0.0325 0.3915110952
v -0.03145074129 0.0325 0.3978447134
v -0.03550139666 0.0325 0.4052408106
v -0.03764292717 0.0325 0.4135767442
v -0.03775263309 0.0325 0.413543976
v -0.03782638311 0.0325 0.4134564096
v -0.03784001112 0.0325 0.4133427126
v -0.03550139666 0.0325 0.4052408106
v -0.03145074129 0.0325 0.3978447134
v -0.02588338614 0.0325 0.3915110952
v -0.01906781316 0.0325 0.3865454084
v -0.01133270383 0.0325 0.3831871111
v -0.00305107832 0.0325 0.3815981561
v 0.005377684235 0.0325 0.3818551714
v 0.01354710937 0.0325 0.3839457685
v 0.02106323004 0.0325 0.3877691156
v 0.02756358623 0.0325 0.3931408483
v 0.03273469686 0.0325 0.399801901
v 0.0363271904 0.0325 0.4074310667
v 0.03816781998 0.0325 0.4156604082
v 0.03816781998 0.0325 0.4240931017
v 0.0363271904 0.0325 0.4323224336
v 0.03273469687 0.0325 0.4399515993
v 0.02756358624 0.0325 0.446612652
v 0.02106323004 0.0325 0.4519843942
v 0.01354710937 0.0325 0.4558077318
v 0.005377684236 0.0325 0.4578983385
v -0.003051078319 0.0325 0.4581553537
v -0.01133270383 0.0325 0.4565663988
v -0.01906781316 0.0325 0.4532080919
v -0.02588338613 0.0325 0.4482424051
v -0.03145074129 0.0325 0.4419087869
v -0.03550139666 0.0325 0.4345126993
v -0.03784001112 0.0325 0.4264107782
v -0.03782638311 0.0325 0.4262971002
v -0.03775263309 0.0325 0.4262095338
v -0.03764292717 0.0325 0.4261767465
v -0.03591656923 0.0325 0.4261767465
v -0.03582707882 0.0325 0.426197899
v -0.03575650454 0.0325 0.4262568361
v -0.03571976662 0.0325 0.4263411409
v -0.03333580732 0.0325 0.4342438585
v -0.02922808647 0.0325 0.4414036829
v -0.02360901356 0.0325 0.4474503786
v -0.01676914096 0.0325 0.4520712549
v -0.009062153101 0.0325 0.4550273973
v -0.0008865709599 0.0325 0.4561659319
v 0.007334854603 0.0325 0.4554279787
v 0.01517700315 0.0325 0.4528517229
v 0.02223436356 0.0325 0.4485703546
v 0.02814200878 0.0325 0.4428052789
v 0.03259445906 0.0325 0.4358545953
v 0.0353614831 0.0325 0.4280777055
v 0.03630000114 0.0325 0.4198767549
v 0.0353614831 0.0325 0.4116758043
v 0.03259445906 0.0325 0.4038989145
v 0.02814200878 0.0325 0.3969482214
v 0.02223436356 0.0325 0.3911831457
v 0.01517700314 0.0325 0.386901787
v 0.007334854602 0.0325 0.3843255216
v -0.0008865709607 0.0325 0.383587578
v -0.009062153101 0.0325 0.3847261125
v -0.01676914096 0.0325 0.3876822549
v -0.02360901356 0.0325 0.3923031313
v -0.02922808647 0.0325 0.3983498174
v -0.03333580732 0.0325 0.4055096418
v -0.03571976662 0.0325 0.4134123689
v -0.03575650454 0.0325 0.4134966737
v -0.03582707882 0.0325 0.4135556108
v -0.03591656923 0.0325 0.4135767442
v -0.0354245615 0.03400799274 0.4262877161
v -0.03591656923 0.03450000048 0.4258767587
v -0.02946859121 0.03450000048 0.4258767587
v -0.02896859169 0.03400000095 0.4263767511
v -0.03540833235 0.03400000095 0.4263767511
v -0.03541379213 0.03400089025 0.4263469392
v -0.035419209 0.03400355816 0.4263172228
v -0.03591656923 0.03450000048 0.4138767511
v -0.03591656923 0.03279999971 0.4138767511
v -0.03569284201 0.03279999971 0.4138238985
v -0.03551640749 0.03279999971 0.4136765367
v -0.0354245615 0.03279999971 0.4134657938
v -0.0354245615 0.03400799274 0.4134657938
v 0.03776979685 0.03400000095 0.4385647852
v 0.03776979685 0.03599999905 0.4385647852
v 0.03704505682 0.03599999905 0.4386726839
v 0.03640781641 0.03599999905 0.4390343553
v 0.0359436059 0.03599999905 0.4396012766
v 0.0359436059 0.03400000095 0.4396012766
v 0.03640781641 0.03400000095 0.4390343553
v 0.03704505682 0.03400000095 0.4386726839
v -0.01349284649 0.03400000095 0.379955042
v -0.01349284649 0.03599999905 0.379955042
v -0.01290408254 0.03599999905 0.3803912145
v -0.01219773769 0.03599999905 0.3805860597
v -0.01146861792 0.03599999905 0.3805134374
v -0.01146861792 0.03400000095 0.3805134374
v -0.01219773769 0.03400000095 0.3805860597
v -0.01290408254 0.03400000095 0.3803912145
v 0.01799999952 0.04449999809 0.3963767511
v 0.01623223305 0.04449999809 0.3971089822
v 0.01549999952 0.04449999809 0.3988767511
v 0.01623223305 0.04449999809 0.40064452
v 0.01799999952 0.04449999809 0.4013767511
v 0.01976776719 0.04449999809 0.40064452
v 0.02049999952 0.04449999809 0.3988767511
v 0.01976776719 0.04449999809 0.3971089822
v 0.01799999952 0.04449999809 0.3971267492
v 0.01951554418 0.04449999809 0.3980017549
v 0.01951554418 0.04449999809 0.3997517568
v 0.01799999952 0.04449999809 0.400626753
v 0.01648445606 0.04449999809 0.3997517568
v 0.01648445606 0.04449999809 0.3980017549
v -0.02762120247 0.0375 0.4331504518
v -0.02686035633 0.0375 0.4337032396
v -0.02715097427 0.0375 0.4345976717
v -0.02809143066 0.0375 0.4345976717
v -0.02838204861 0.0375 0.4337032396
v -0.02842120171 0.04179999828 0.4339504511
v -0.02786841631 0.04179999828 0.4347113115
v -0.02697398901 0.04179999828 0.4344206888
v -0.02697398901 0.04179999828 0.4334802324
v -0.02786841631 0.04179999828 0.4331896097
v -0.02697398901 0.04179999828 0.4334802324
v -0.02762120247 0.0375 0.4331504518
v 0.008906645775 0.03859999895 0.4279186136
v 0.005058905482 0.03859999895 0.4307582742
v 0.0004077574985 0.03859999895 0.4318698198
v -0.004308146536 0.03859999895 0.4310767442
v -0.008339871168 0.03859999895 0.4285049898
v -0.01104713678 0.03859999895 0.424562977
v -0.01200000048 0.03859999895 0.4198767549
v -0.01104713678 0.03859999895 0.4151905138
v -0.008339871168 0.03859999895 0.4112485201
v -0.004308146536 0.03859999895 0.4086767561
v 0.0004077574982 0.03859999895 0.4078836805
v 0.005058905482 0.03859999895 0.4089952356
v 0.008906645775 0.03859999895 0.4118348772
v 0.009534858465 0.03859999895 0.4110506136
v 0.01021966696 0.03859999895 0.4103152258
v 0.01095727801 0.03859999895 0.4096328241
v 0.006895110607 0.03859999895 0.4065554411
v 0.00203704685 0.03859999895 0.4050157148
v -0.003056151271 0.03859999895 0.4051913911
v -0.007796580792 0.03859999895 0.4070621759
v -0.01163705826 0.03859999895 0.4104121381
v -0.01413428187 0.03859999895 0.4148545915
v -0.015 0.03859999895 0.4198767549
v -0.01413428187 0.03859999895 0.4248989183
v -0.01163705826 0.03859999895 0.4293413622
v -0.007796580791 0.03859999895 0.4326913339
v -0.003056151271 0.03859999895 0.4345621187
v 0.00203704685 0.03859999895 0.4347377855
v 0.006895110607 0.03859999895 0.4331980592
v 0.01095727801 0.03859999895 0.4301206857
v 0.01021966696 0.03859999895 0.4294382745
v 0.009534858465 0.03859999895 0.4287028963
v 0.01704238892 0.03789999962 0.4257859689
v 0.01558184147 0.03789999962 0.425520714
v 0.01417292714 0.03789999962 0.425988167
v 0.01316060185 0.03789999962 0.427073868
v 0.01316060185 0.03599999905 0.427073868
v 0.01417292714 0.03599999905 0.425988167
v 0.01558184147 0.03599999905 0.425520714
v 0.01704238892 0.03599999905 0.4257859689
v -0.0354245615 0.03400799274 0.4262877161
v -0.035419209 0.03400355816 0.4263172228
v -0.03541379213 0.03400089025 0.4263469392
v -0.03540833235 0.03400000095 0.4263767511
v -0.03302714825 0.03400000095 0.4342018205
v -0.02894105196 0.03400000095 0.4412873918
v -0.02336096764 0.03400000095 0.4472677118
v -0.01657495499 0.03400000095 0.4518340761
v -0.008933314681 0.03400000095 0.4547507555
v -0.0008305224772 0.03400000095 0.4558671648
v 0.007315142751 0.03400000095 0.4551257021
v 0.01508318782 0.03400000095 0.4525646288
v 0.02207261562 0.03400000095 0.4483161623
v 0.02792261839 0.03400000095 0.4425995905
v 0.03233120918 0.03400000095 0.4357100374
v 0.03507081032 0.03400000095 0.4280031473
v 0.03599999905 0.03400000095 0.4198767549
v 0.03507081032 0.03400000095 0.4117503626
v 0.03233120918 0.03400000095 0.4040434629
v 0.02792261839 0.03400000095 0.3971539098
v 0.02207261562 0.03400000095 0.3914373476
v 0.01508318782 0.03400000095 0.3871888715
v 0.00731514275 0.03400000095 0.3846277982
v -0.000830522478 0.03400000095 0.3838863355
v -0.008933314681 0.03400000095 0.3850027544
v -0.01657495499 0.03400000095 0.3879194242
v -0.02336096764 0.03400000095 0.392485779
v -0.02894105196 0.03400000095 0.3984661085
v -0.03302714825 0.03400000095 0.4055516893
v -0.03540833235 0.03400000095 0.4133767587
v -0.03541379213 0.03400089025 0.4134065706
v -0.035419209 0.03400355816 0.4134362871
v -0.0354245615 0.03400799274 0.4134657938
v -0.0354245615 0.03279999971 0.4134657938
v -0.03306030512 0.03279999971 0.4056283743
v -0.02898653269 0.03279999971 0.3985277254
v -0.02341389656 0.03279999971 0.3925310117
v -0.01663055301 0.03279999971 0.3879483205
v -0.008987259269 0.03279999971 0.3850166113
v -0.0008792439107 0.03279999971 0.3838874895
v 0.007274236083 0.03279999971 0.3846193391
v 0.01505157351 0.03279999971 0.3871742994
v 0.02205060959 0.03279999971 0.3914202863
v 0.02790942907 0.03279999971 0.3971377164
v 0.03232508183 0.03279999971 0.4040309602
v 0.03506923914 0.03279999971 0.4117435724
v 0.03599999905 0.03279999971 0.4198767549
v 0.03506923914 0.03279999971 0.4280099184
v 0.03232508183 0.03279999971 0.4357225496
v 0.02790942907 0.03279999971 0.4426157838
v 0.02205060959 0.03279999971 0.448333214
v 0.01505157352 0.03279999971 0.4525792009
v 0.007274236083 0.03279999971 0.4551341707
v -0.0008792439099 0.03279999971 0.4558660204
v -0.008987259268 0.03279999971 0.454736889
v -0.01663055301 0.03279999971 0.4518051798
v -0.02341389656 0.03279999971 0.4472224886
v -0.02898653269 0.03279999971 0.4412257845
v -0.03306030512 0.03279999971 0.434125126
v -0.0354245615 0.03279999971 0.4262877161
v 0.02762120247 0.0375 0.4331504518
v 0.02686035633 0.0375 0.4337032396
v 0.02715097427 0.0375 0.4345976717
v 0.02809143066 0.0375 0.4345976717
v 0.02838204861 0.0375 0.4337032396
v 0.02762120247 0.03701931238 0.4339504511
v 0.02762120247 0.0375 0.4331504518
v 0.02762120247 0.03701931238 0.4339504511
v 0.02762120247 0.03701931238 0.4339504511
v 0.02762120247 0.03701931238 0.4339504511
v 0.02762120247 0.03701931238 0.4339504511
v 0.02762120247 0.03701931238 0.4339504511
v 0.02762120247 0.03701931238 0.4339504511
v 0.03992171288 0.03599999905 0.4333696062
v 0.04087883949 0.03599999905 0.4355303461
v 0.03997446537 0.03599999905 0.4377136881
v 0.03776979685 0.03599999905 0.4385647852
v 0.03776979685 0.03400000095 0.4385647852
v 0.03997446537 0.03400000095 0.4377136881
v 0.04087883949 0.03400000095 0.4355303461
v 0.03992171288 0.03400000095 0.4333696062
v -0.01146861792 0.03599999905 0.3805134374
v -0.003868803382 0.03599999905 0.3790596944
v 0.003868803381 0.03599999905 0.3790596944
v 0.01146861792 0.03599999905 0.3805134374
v 0.01146861792 0.03400000095 0.3805134374
v 0.003868803381 0.03400000095 0.3790596944
v -0.003868803382 0.03400000095 0.3790596944
v -0.01146861792 0.03400000095 0.3805134374
v -0.01799999952 0.04449999809 0.4383767587
v -0.01976776719 0.04449999809 0.4391089899
v -0.02049999952 0.04449999809 0.4408767587
v -0.01976776719 0.04449999809 0.4426445276
v -0.01799999952 0.04449999809 0.4433767587
v -0.01623223305 0.04449999809 0.4426445276
v -0.01549999952 0.04449999809 0.4408767587
v -0.01623223305 0.04449999809 0.4391089899
v -0.01799999952 0.04449999809 0.4391267473
v -0.01648445606 0.04449999809 0.4400017435
v -0.01648445606 0.04449999809 0.4417517549
v -0.01799999952 0.04449999809 0.4426267511
v -0.01951554418 0.04449999809 0.4417517549
v -0.01951554418 0.04449999809 0.4400017435
v -0.01799999952 0.04400000095 0.4001267511
v -0.01918882012 0.04400000095 0.3992630273
v -0.01873473167 0.04400000095 0.3978654844
v -0.01726526856 0.04400000095 0.3978654844
v -0.01681117892 0.04400000095 0.3992630273
v -0.01799999952 0.04449999809 0.3971267492
v -0.01951554418 0.04449999809 0.3980017549
v -0.01951554418 0.04449999809 0.3997517568
v -0.01799999952 0.04449999809 0.400626753
v -0.01648445606 0.04449999809 0.3997517568
v -0.01648445606 0.04449999809 0.3980017549
v -0.01648445606 0.04449999809 0.3980017549
v -0.01726526856 0.04400000095 0.3978654844
v 0.01095727801 0.03809999943 0.4301206857
v 0.01021966696 0.03809999943 0.4294382745
v 0.009534858465 0.03809999943 0.4287028963
v 0.008906645775 0.03809999943 0.4279186136
v 0.008906645775 0.03859999895 0.4279186136
v 0.009534858465 0.03859999895 0.4287028963
v 0.01021966696 0.03859999895 0.4294382745
v 0.01095727801 0.03859999895 0.4301206857
v 0.01316060185 0.03599999905 0.4126796228
v 0.00987052381 0.03599999905 0.4085819418
v 0.005368974805 0.03599999905 0.4058705312
v 0.0002084576896 0.03599999905 0.4048782045
v -0.004977644682 0.03599999905 0.4057267362
v -0.009552809596 0.03599999905 0.4083119852
v -0.0129554975 0.03599999905 0.4123166544
v -0.01476807594 0.03599999905 0.4172492296
v -0.01476807594 0.03599999905 0.4225042802
v -0.0129554975 0.03599999905 0.4274368555
v -0.009552809596 0.03599999905 0.4314415247
v -0.004977644682 0.03599999905 0.4340267641
v 0.0002084576899 0.03599999905 0.4348753053
v 0.005368974805 0.03599999905 0.4338829691
v 0.009870523811 0.03599999905 0.4311715585
v 0.01316060185 0.03599999905 0.427073868
v 0.01316060185 0.03789999962 0.427073868
v 0.0141059196 0.03789999962 0.4249780351
v 0.01471983075 0.03789999962 0.4227623254
v 0.01498791099 0.03789999962 0.4204788477
v 0.015 0.03785000086 0.4198767549
v 0.01498791099 0.03789999962 0.4192746622
v 0.01471983075 0.03789999962 0.4169911653
v 0.0141059196 0.03789999962 0.4147754747
v 0.01316060185 0.03789999962 0.4126796228
v 0.01095727801 0.03859999895 0.4301206857
v 0.006895110607 0.03859999895 0.4331980592
v 0.00203704685 0.03859999895 0.4347377855
v -0.003056151271 0.03859999895 0.4345621187
v -0.007796580791 0.03859999895 0.4326913339
v -0.01163705826 0.03859999895 0.4293413622
v -0.01413428187 0.03859999895 0.4248989183
v -0.015 0.03859999895 0.4198767549
v -0.01413428187 0.03859999895 0.4148545915
v -0.01163705826 0.03859999895 0.4104121381
v -0.007796580792 0.03859999895 0.4070621759
v -0.003056151271 0.03859999895 0.4051913911
v 0.00203704685 0.03859999895 0.4050157148
v 0.006895110607 0.03859999895 0.4065554411
v 0.01095727801 0.03859999895 0.4096328241
v 0.01095727801 0.03809999943 0.4096328241
v 0.01316060185 0.03809999943 0.4126796228
v 0.01445538998 0.03809999943 0.4158715517
v 0.01498791099 0.03809999943 0.4192746622
v 0.01498791099 0.03809999943 0.4204788477
v 0.01445538998 0.03809999943 0.4238819582
v 0.01316060185 0.03809999943 0.427073868
v 0.01095727801 0.03809999943 0.4301206857
v -0.01476807594 0.03599999905 0.4172492296
v -0.015 0.03859999895 0.4198767549
v 0.02762120247 0.0375 0.40500305
v 0.02686035633 0.0375 0.4055558378
v 0.02715097427 0.0375 0.4064502603
v 0.02809143066 0.0375 0.4064502603
v 0.02838204861 0.0375 0.4055558378
v 0.02762120247 0.03701931238 0.4058030492
v 0.02762120247 0.0375 0.40500305
v 0.02762120247 0.03701931238 0.4058030492
v 0.02762120247 0.03701931238 0.4058030492
v 0.02762120247 0.03701931238 0.4058030492
v 0.02762120247 0.03701931238 0.4058030492
v 0.02762120247 0.03701931238 0.4058030492
v 0.02762120247 0.03701931238 0.4058030492
v 0.03992171288 0.03599999905 0.4333696062
v 0.03992171288 0.03400000095 0.4333696062
v 0.03948553801 0.03400000095 0.4327808267
v 0.03929069042 0.03400000095 0.4320744974
v 0.03936331749 0.03400000095 0.4313453752
v 0.03936331749 0.03599999905 0.4313453752
v 0.03929069042 0.03599999905 0.4320744974
v 0.03948553801 0.03599999905 0.4327808267
v 0.01349284649 0.03599999905 0.379955042
v 0.01349284649 0.03400000095 0.379955042
v 0.01290408254 0.03400000095 0.3803912145
v 0.01219773769 0.03400000095 0.3805860597
v 0.01146861792 0.03400000095 0.3805134374
v 0.01146861792 0.03599999905 0.3805134374
v 0.01219773769 0.03599999905 0.3805860597
v 0.01290408254 0.03599999905 0.3803912145
v 0.01799999952 0.04449999809 0.4383767587
v 0.01623223305 0.04449999809 0.4391089899
v 0.01549999952 0.04449999809 0.4408767587
v 0.01623223305 0.04449999809 0.4426445276
v 0.01799999952 0.04449999809 0.4433767587
v 0.01976776719 0.04449999809 0.4426445276
v 0.02049999952 0.04449999809 0.4408767587
v 0.01976776719 0.04449999809 0.4391089899
v 0.01799999952 0.04449999809 0.4391267473
v 0.01951554418 0.04449999809 0.4400017435
v 0.01951554418 0.04449999809 0.4417517549
v 0.01799999952 0.04449999809 0.4426267511
v 0.01648445606 0.04449999809 0.4417517549
v 0.01648445606 0.04449999809 0.4400017435
v 0.01799999952 0.04400000095 0.4001267511
v 0.01681117892 0.04400000095 0.3992630273
v 0.01726526856 0.04400000095 0.3978654844
v 0.01873473167 0.04400000095 0.3978654844
v 0.01918882012 0.04400000095 0.3992630273
v 0.01799999952 0.04449999809 0.3971267492
v 0.01648445606 0.04449999809 0.3980017549
v 0.01648445606 0.04449999809 0.3997517568
v 0.01799999952 0.04449999809 0.400626753
v 0.01951554418 0.04449999809 0.3997517568
v 0.01951554418 0.04449999809 0.3980017549
v 0.01951554418 0.04449999809 0.3980017549
v 0.01873473167 0.04400000095 0.3978654844
v 0.008906645775 0.03809999943 0.4279186136
v 0.009534858465 0.03809999943 0.4287028963
v 0.01021966696 0.03809999943 0.4294382745
v 0.01095727801 0.03809999943 0.4301206857
v 0.01316060185 0.03809999943 0.427073868
v 0.01445538998 0.03809999943 0.4238819582
v 0.01498791099 0.03809999943 0.4204788477
v 0.01498791099 0.03809999943 0.4192746622
v 0.01445538998 0.03809999943 0.4158715517
v 0.01316060185 0.03809999943 0.4126796228
v 0.01095727801 0.03809999943 0.4096328241
v 0.01021966696 0.03809999943 0.4103152258
v 0.009534858465 0.03809999943 0.4110506136
v 0.008906645775 0.03809999943 0.4118348772
v 0.01119999409 0.03809999943 0.4155686075
v 0.01200000048 0.03809999943 0.4198767549
v 0.01119999409 0.03809999943 0.4241849023
v -0.03540833235 0.03400000095 0.4263767511
v -0.02896859169 0.03400000095 0.4263767511
v -0.02896859169 0.03400000095 0.4133767587
v -0.03540833235 0.03400000095 0.4133767587
v -0.03302714825 0.03400000095 0.4055516893
v -0.02894105196 0.03400000095 0.3984661085
v -0.02336096764 0.03400000095 0.392485779
v -0.01657495499 0.03400000095 0.3879194242
v -0.008933314681 0.03400000095 0.3850027544
v -0.000830522478 0.03400000095 0.3838863355
v 0.00731514275 0.03400000095 0.3846277982
v 0.01508318782 0.03400000095 0.3871888715
v 0.02207261562 0.03400000095 0.3914373476
v 0.02792261839 0.03400000095 0.3971539098
v 0.03233120918 0.03400000095 0.4040434629
v 0.03507081032 0.03400000095 0.4117503626
v 0.03599999905 0.03400000095 0.4198767549
v 0.03507081032 0.03400000095 0.4280031473
v 0.03233120918 0.03400000095 0.4357100374
v 0.02792261839 0.03400000095 0.4425995905
v 0.02207261562 0.03400000095 0.4483161623
v 0.01508318782 0.03400000095 0.4525646288
v 0.007315142751 0.03400000095 0.4551257021
v -0.0008305224772 0.03400000095 0.4558671648
v -0.008933314681 0.03400000095 0.4547507555
v -0.01657495499 0.03400000095 0.4518340761
v -0.02336096764 0.03400000095 0.4472677118
v -0.02894105196 0.03400000095 0.4412873918
v -0.03302714825 0.03400000095 0.4342018205
v 1.654564201e-13 0.03400000095 0.4348767549
v 0.00513030231 0.03400000095 0.4339721376
v 0.009641814232 0.03400000095 0.4313674242
v 0.01299038053 0.03400000095 0.4273767549
v 0.01477211595 0.03400000095 0.4224814684
v 0.01477211595 0.03400000095 0.4172720224
v 0.01299038053 0.03400000095 0.4123767549
v 0.009641814232 0.03400000095 0.4083860857
v 0.00513030231 0.03400000095 0.4057813627
v -1.655040444e-13 0.03400000095 0.4048767549
v -0.00513030231 0.03400000095 0.4057813627
v -0.009641814232 0.03400000095 0.4083860857
v -0.01299038053 0.03400000095 0.4123767549
v -0.01477211595 0.03400000095 0.4172720224
v -0.01477211595 0.03400000095 0.4224814684
v -0.01299038053 0.03400000095 0.4273767549
v -0.009641814232 0.03400000095 0.4313674242
v -0.00513030231 0.03400000095 0.4339721376
v 0.01600000024 0.03400000095 0.4198767549
v 0.01687733293 0.03400000095 0.4222872049
v 0.01909881949 0.03400000095 0.4235697824
v 0.02162499905 0.03400000095 0.4231243402
v 0.0232738471 0.03400000095 0.4211593324
v 0.0232738471 0.03400000095 0.4185941774
v 0.02162499905 0.03400000095 0.4166291505
v 0.01909881949 0.03400000095 0.4161837274
v 0.01687733293 0.03400000095 0.4174663049
v -0.008997402787 0.03400000095 0.4005817587
v -0.008111968637 0.03400000095 0.4016884214
v -0.006817321778 0.03400000095 0.4022651178
v -0.005402412415 0.03400000095 0.40218314
v -0.001824463457 0.03400000095 0.4014669401
v 0.001824463457 0.03400000095 0.4014669401
v 0.005402412414 0.03400000095 0.40218314
v 0.006817321777 0.03400000095 0.4022651178
v 0.008111968636 0.03400000095 0.4016884214
v 0.008997402787 0.03400000095 0.4005817587
v 0.01027623057 0.03400000095 0.397839306
v 0.01053269386 0.03400000095 0.3961879427
v 0.009865874648 0.03400000095 0.3946555883
v 0.008482691645 0.03400000095 0.3937177354
v 0.002869208455 0.03400000095 0.3925268442
v -0.002869208455 0.03400000095 0.3925268442
v -0.008482691646 0.03400000095 0.3937177354
v -0.009865874648 0.03400000095 0.3946555883
v -0.01053269386 0.03400000095 0.3961879427
v -0.01027623057 0.03400000095 0.397839306
v -0.005402412414 0.03400000095 0.4375703699
v -0.006817321777 0.03400000095 0.437488392
v -0.008111968636 0.03400000095 0.4380650789
v -0.008997402787 0.03400000095 0.4391717416
v -0.01027623057 0.03400000095 0.4419142038
v -0.01053269386 0.03400000095 0.4435655672
v -0.009865874648 0.03400000095 0.445097912
v -0.008482691645 0.03400000095 0.4460357553
v -0.002869208455 0.03400000095 0.4472266657
v 0.002869208455 0.03400000095 0.4472266657
v 0.008482691646 0.03400000095 0.4460357553
v 0.009865874648 0.03400000095 0.445097912
v 0.01053269386 0.03400000095 0.4435655672
v 0.01027623057 0.03400000095 0.4419142038
v 0.008997402787 0.03400000095 0.4391717416
v 0.008111968637 0.03400000095 0.4380650789
v 0.006817321778 0.03400000095 0.437488392
v 0.005402412415 0.03400000095 0.4375703699
v 0.001824463457 0.03400000095 0.4382865602
v -0.001824463457 0.03400000095 0.4382865602
v -0.0275999999 0.03400000095 0.4255267603
v -0.02716611385 0.03400000095 0.4277080423
v -0.02593050957 0.03400000095 0.4295572549
v -0.02408129454 0.03400000095 0.4307928735
v -0.02190000057 0.03400000095 0.4312267572
v -0.01971870422 0.03400000095 0.4307928735
v -0.01786949158 0.03400000095 0.4295572549
v -0.0166338861 0.03400000095 0.4277080423
v -0.01620000005 0.03400000095 0.4255267603
v -0.0166338861 0.03400000095 0.4233454591
v -0.01786949158 0.03400000095 0.4214962465
v -0.01971870422 0.03400000095 0.420260647
v -0.02190000057 0.03400000095 0.4198267442
v -0.02408129454 0.03400000095 0.420260647
v -0.02593050957 0.03400000095 0.4214962465
v -0.02716611385 0.03400000095 0.4233454591
v -0.0275999999 0.03400000095 0.4132267458
v -0.02716611385 0.03400000095 0.4154080469
v -0.02593050957 0.03400000095 0.4172572595
v -0.02408129454 0.03400000095 0.418492859
v -0.02190000057 0.03400000095 0.4189267427
v -0.01971870422 0.03400000095 0.418492859
v -0.01786949158 0.03400000095 0.4172572595
v -0.0166338861 0.03400000095 0.4154080469
v -0.01620000005 0.03400000095 0.4132267458
v -0.0166338861 0.03400000095 0.4110454637
v -0.01786949158 0.03400000095 0.4091962415
v -0.01971870422 0.03400000095 0.407960642
v -0.02190000057 0.03400000095 0.4075267488
v -0.02408129454 0.03400000095 0.407960642
v -0.02593050957 0.03400000095 0.4091962415
v -0.02716611385 0.03400000095 0.4110454637
v 0.01704238892 0.03789999962 0.4139675409
v 0.01704238892 0.03599999905 0.4139675409
v 0.01558184147 0.03599999905 0.4142327768
v 0.01417292714 0.03599999905 0.4137653238
v 0.01316060185 0.03599999905 0.4126796228
v 0.01316060185 0.03789999962 0.4126796228
v 0.01417292714 0.03789999962 0.4137653238
v 0.01558184147 0.03789999962 0.4142327768
v -0.02762120247 0.0375 0.4331504518
v -0.02838204861 0.0375 0.4337032396
v -0.02809143066 0.0375 0.4345976717
v -0.02715097427 0.0375 0.4345976717
v -0.02686035633 0.0375 0.4337032396
v -0.02762120247 0.03701931238 0.4339504511
v -0.02762120247 0.03701931238 0.4339504511
v -0.02762120247 0.03701931238 0.4339504511
v -0.02762120247 0.03701931238 0.4339504511
v -0.02762120247 0.03701931238 0.4339504511
v -0.02762120247 0.03701931238 0.4339504511
v -0.02809143066 0.0375 0.4345976717
v -0.02762120247 0.03701931238 0.4339504511
v -0.00800000012 0.03900000095 0.3878611356
v -0.002690512836 0.03900000095 0.3869866163
v 0.002690512836 0.03900000095 0.3869866163
v 0.008000000119 0.03900000095 0.3878611356
v 0.008500000238 0.03849999905 0.3879902345
v 0.008500000238 0.03799999952 0.3879902345
v 0.01464743257 0.03799999952 0.3903056032
v 0.02021445751 0.03799999952 0.3937927419
v 0.02498047829 0.03799999952 0.3983134538
v 0.02875664473 0.03799999952 0.4036886293
v 0.02875664473 0.04199999809 0.4036886293
v 0.02919325829 0.04199999809 0.4044899542
v 0.0296075511 0.04199999809 0.4053030473
v 0.02999919891 0.04199999809 0.4061272794
v 0.02999919891 0.03799999952 0.4061272794
v 0.03224107265 0.03799999952 0.4128401834
v 0.03299999952 0.03799999952 0.4198767549
v 0.03224107265 0.03799999952 0.4269133073
v 0.02999919891 0.03799999952 0.4336262209
v 0.02999919891 0.04199999809 0.4336262209
v 0.0296075511 0.04199999809 0.4344504625
v 0.02919325829 0.04199999809 0.4352635461
v 0.02875664473 0.04199999809 0.4360648805
v 0.02875664473 0.03799999952 0.4360648805
v 0.02498047829 0.03799999952 0.4414400369
v 0.02021445751 0.03799999952 0.4459607584
v 0.01464743257 0.03799999952 0.4494479067
v 0.008500000239 0.03799999952 0.4517632753
v 0.008500000239 0.03849999905 0.4517632753
v 0.00800000012 0.03900000095 0.4518923647
v 0.002690512836 0.03900000095 0.452766884
v -0.002690512836 0.03900000095 0.452766884
v -0.008000000119 0.03900000095 0.4518923647
v -0.008500000238 0.03849999905 0.4517632753
v -0.008500000238 0.03799999952 0.4517632753
v -0.01464743257 0.03799999952 0.4494479067
v -0.02021445751 0.03799999952 0.4459607584
v -0.02498047829 0.03799999952 0.4414400369
v -0.02875664473 0.03799999952 0.4360648805
v -0.02875664473 0.04199999809 0.4360648805
v -0.02919325829 0.04199999809 0.4352635461
v -0.0296075511 0.04199999809 0.4344504625
v -0.02999919891 0.04199999809 0.4336262209
v -0.02999919891 0.03799999952 0.4336262209
v -0.03224107265 0.03799999952 0.4269133073
v -0.03299999952 0.03799999952 0.4198767549
v -0.03224107265 0.03799999952 0.4128401834
v -0.02999919891 0.03799999952 0.4061272794
v -0.02999919891 0.04199999809 0.4061272794
v -0.0296075511 0.04199999809 0.4053030473
v -0.02919325829 0.04199999809 0.4044899542
v -0.02875664473 0.04199999809 0.4036886293
v -0.02875664473 0.03799999952 0.4036886293
v -0.02498047829 0.03799999952 0.3983134538
v -0.02021445751 0.03799999952 0.3937927419
v -0.01464743257 0.03799999952 0.3903056032
v -0.008500000239 0.03799999952 0.3879902345
v -0.008500000239 0.03849999905 0.3879902345
v -3.640744393e-13 0.03599999905 0.386876753
v -0.00789741695 0.03599999905 0.3878356725
v -0.01533586502 0.03599999905 0.3906567079
v -0.02188304663 0.03599999905 0.3951758939
v -0.02715846777 0.03599999905 0.4011306173
v -0.03085553646 0.03599999905 0.4081747896
v -0.03275939226 0.03599999905 0.4158990366
v -0.03275939226 0.03599999905 0.4238544542
v -0.03085553646 0.03599999905 0.4315787202
v -0.02715846777 0.03599999905 0.438622883
v -0.02188304663 0.03599999905 0.4445776064
v -0.01533586502 0.03599999905 0.4490968019
v -0.007897416949 0.03599999905 0.4519178278
v 3.640277427e-13 0.03599999905 0.4528767473
v 0.00789741695 0.03599999905 0.4519178278
v 0.01533586502 0.03599999905 0.4490968019
v 0.02188304663 0.03599999905 0.4445776064
v 0.02715846777 0.03599999905 0.438622883
v 0.03085553646 0.03599999905 0.4315787202
v 0.03275939226 0.03599999905 0.4238544542
v 0.03275939226 0.03599999905 0.4158990366
v 0.03085553646 0.03599999905 0.4081747896
v 0.02715846777 0.03599999905 0.4011306173
v 0.02188304663 0.03599999905 0.3951758939
v 0.01533586502 0.03599999905 0.3906567079
v 0.007897416949 0.03599999905 0.3878356725
v -0.002690512836 0.03900000095 0.3869866163
v -3.640744393e-13 0.03599999905 0.386876753
v -0.04123105526 0.03599999905 0.4268767435
v -0.04078736305 0.03599999905 0.4269805795
v -0.04043580055 0.03599999905 0.4272704775
v -0.04024936676 0.03599999905 0.4276862795
v -0.03999141455 0.03599999905 0.4289148218
v -0.0396959734 0.03599999905 0.4301349146
v -0.03936331749 0.03599999905 0.4313453752
v -0.03929069042 0.03599999905 0.4320744974
v -0.03948553801 0.03599999905 0.4327808267
v -0.03992171288 0.03599999905 0.4333696062
v -0.04087883949 0.03599999905 0.4355303461
v -0.03997446537 0.03599999905 0.4377136881
v -0.03776979685 0.03599999905 0.4385647852
v -0.03704505682 0.03599999905 0.4386726839
v -0.03640781641 0.03599999905 0.4390343553
v -0.0359436059 0.03599999905 0.4396012766
v -0.03159767628 0.03599999905 0.4460031206
v -0.02612636328 0.03599999905 0.4514744264
v -0.01972453117 0.03599999905 0.4558203584
v -0.01915760994 0.03599999905 0.4562845689
v -0.01879592776 0.03599999905 0.4569218141
v -0.01868803024 0.03599999905 0.4576465494
v -0.01783694386 0.03599999905 0.4598512155
v -0.01565359235 0.03599999905 0.4607555849
v -0.01349284649 0.03599999905 0.4597984583
v -0.01290408254 0.03599999905 0.4593622858
v -0.01219773769 0.03599999905 0.4591674501
v -0.01146861792 0.03599999905 0.4592400629
v -0.003868803381 0.03599999905 0.4606938059
v 0.003868803382 0.03599999905 0.4606938059
v 0.01146861792 0.03599999905 0.4592400629
v 0.01219773769 0.03599999905 0.4591674501
v 0.01290408254 0.03599999905 0.4593622858
v 0.01349284649 0.03599999905 0.4597984583
v 0.01565359235 0.03599999905 0.4607555849
v 0.01783694387 0.03599999905 0.4598512155
v 0.01868803024 0.03599999905 0.4576465494
v 0.01879592776 0.03599999905 0.4569218141
v 0.01915760994 0.03599999905 0.4562845689
v 0.01972453117 0.03599999905 0.4558203584
v 0.02612636328 0.03599999905 0.4514744264
v 0.03159767628 0.03599999905 0.4460031206
v 0.0359436059 0.03599999905 0.4396012766
v 0.03640781641 0.03599999905 0.4390343553
v 0.03704505682 0.03599999905 0.4386726839
v 0.03776979685 0.03599999905 0.4385647852
v 0.03997446537 0.03599999905 0.4377136881
v 0.04087883949 0.03599999905 0.4355303461
v 0.03992171288 0.03599999905 0.4333696062
v 0.03948553801 0.03599999905 0.4327808267
v 0.03929069042 0.03599999905 0.4320744974
v 0.03936331749 0.03599999905 0.4313453752
v 0.04081706047 0.03599999905 0.4237455637
v 0.04081706047 0.03599999905 0.4160079462
v 0.03936331749 0.03599999905 0.4084081346
v 0.03929069042 0.03599999905 0.4076790125
v 0.03948553801 0.03599999905 0.4069726736
v 0.03992171288 0.03599999905 0.4063839037
v 0.04087883949 0.03599999905 0.4042231638
v 0.03997446537 0.03599999905 0.4020398122
v 0.03776979685 0.03599999905 0.4011887247
v 0.03704505682 0.03599999905 0.401080826
v 0.03640781641 0.03599999905 0.400719145
v 0.0359436059 0.03599999905 0.4001522237
v 0.03159767628 0.03599999905 0.3937503893
v 0.02612636328 0.03599999905 0.3882790739
v 0.01972453117 0.03599999905 0.3839331419
v 0.01915760994 0.03599999905 0.3834689314
v 0.01879592776 0.03599999905 0.3828316957
v 0.01868803024 0.03599999905 0.3821069605
v 0.01783694386 0.03599999905 0.3799022848
v 0.01565359235 0.03599999905 0.3789979154
v 0.01349284649 0.03599999905 0.379955042
v 0.01290408254 0.03599999905 0.3803912145
v 0.01219773769 0.03599999905 0.3805860597
v 0.01146861792 0.03599999905 0.3805134374
v 0.003868803381 0.03599999905 0.3790596944
v -0.003868803382 0.03599999905 0.3790596944
v -0.01146861792 0.03599999905 0.3805134374
v -0.01219773769 0.03599999905 0.3805860597
v -0.01290408254 0.03599999905 0.3803912145
v -0.01349284649 0.03599999905 0.379955042
v -0.01565359235 0.03599999905 0.3789979154
v -0.01783694387 0.03599999905 0.3799022848
v -0.01868803024 0.03599999905 0.3821069605
v -0.01879592776 0.03599999905 0.3828316957
v -0.01915760994 0.03599999905 0.3834689314
v -0.01972453117 0.03599999905 0.3839331419
v -0.02612636328 0.03599999905 0.3882790739
v -0.03159767628 0.03599999905 0.3937503893
v -0.0359436059 0.03599999905 0.4001522237
v -0.03640781641 0.03599999905 0.400719145
v -0.03704505682 0.03599999905 0.401080826
v -0.03776979685 0.03599999905 0.4011887247
v -0.03997446537 0.03599999905 0.4020398122
v -0.04087883949 0.03599999905 0.4042231638
v -0.03992171288 0.03599999905 0.4063839037
v -0.03948553801 0.03599999905 0.4069726736
v -0.03929069042 0.03599999905 0.4076790125
v -0.03936331749 0.03599999905 0.4084081346
v -0.0396959734 0.03599999905 0.4096185953
v -0.03999141455 0.03599999905 0.410838669
v -0.04024936676 0.03599999905 0.4120672304
v -0.04043580055 0.03599999905 0.4124830324
v -0.04078736305 0.03599999905 0.4127729303
v -0.04123105526 0.03599999905 0.4128767473
v -0.04207433701 0.03599999905 0.4128767473
v -0.04253290653 0.03599999905 0.4129880983
v -0.04288936138 0.03599999905 0.4132973177
v -0.04306432247 0.03599999905 0.4137355692
v -0.04345151901 0.03599999905 0.4178235895
v -0.04345151901 0.03599999905 0.4219299013
v -0.04306432247 0.03599999905 0.4260179216
v -0.04288936138 0.03599999905 0.4264561922
v -0.04253290653 0.03599999905 0.4267654115
v -0.04207433701 0.03599999905 0.4268767435
v 0.03901043177 0.03599999905 0.4053181059
v 0.03746495008 0.03599999905 0.4057322103
v 0.03633358002 0.03599999905 0.4046008379
v 0.03674768925 0.03599999905 0.403055361
v 0.03829317093 0.03599999905 0.402641247
v 0.039424541 0.03599999905 0.4037726194
v 0.01729002118 0.03599999905 0.3819976885
v 0.01649002075 0.03599999905 0.3833833295
v 0.01489002109 0.03599999905 0.3833833295
v 0.01409002066 0.03599999905 0.3819976885
v 0.01489002109 0.03599999905 0.3806120474
v 0.01649002075 0.03599999905 0.3806120474
v -0.01455865026 0.03599999905 0.380866316
v -0.01414453983 0.03599999905 0.3824118024
v -0.0152759099 0.03599999905 0.3835431749
v -0.01682139158 0.03599999905 0.3831290609
v -0.01723550201 0.03599999905 0.381583584
v -0.01610413075 0.03599999905 0.3804522115
v -0.0378790617 0.03599999905 0.4025867349
v -0.0364934206 0.03599999905 0.4033867342
v -0.0364934206 0.03599999905 0.4049867326
v -0.0378790617 0.03599999905 0.4057867319
v -0.03926470041 0.03599999905 0.4049867326
v -0.03926470041 0.03599999905 0.4033867342
v -0.03901043177 0.03599999905 0.4344353944
v -0.03746495008 0.03599999905 0.43402129
v -0.03633358002 0.03599999905 0.4351526529
v -0.03674768925 0.03599999905 0.4366981393
v -0.03829317093 0.03599999905 0.4371122629
v -0.039424541 0.03599999905 0.4359808809
v -0.01729002118 0.03599999905 0.4577558214
v -0.01649002075 0.03599999905 0.4563701708
v -0.01489002109 0.03599999905 0.4563701708
v -0.01409002066 0.03599999905 0.4577558214
v -0.01489002109 0.03599999905 0.4591414529
v -0.01649002075 0.03599999905 0.4591414529
v 0.01455865026 0.03599999905 0.4588871843
v 0.01414453983 0.03599999905 0.4573416978
v 0.0152759099 0.03599999905 0.4562103349
v 0.01682139158 0.03599999905 0.4566244394
v 0.01723550201 0.03599999905 0.4581699258
v 0.01610413075 0.03599999905 0.4593012888
v 0.0378790617 0.03599999905 0.4371667749
v 0.0364934206 0.03599999905 0.4363667757
v 0.0364934206 0.03599999905 0.4347667772
v 0.0378790617 0.03599999905 0.433966778
v 0.03926470041 0.03599999905 0.4347667772
v 0.03926470041 0.03599999905 0.4363667757
v -3.640744393e-13 0.03599999905 0.386876753
v 0.007897416949 0.03599999905 0.3878356725
v 0.01533586502 0.03599999905 0.3906567079
v 0.02188304663 0.03599999905 0.3951758939
v 0.02715846777 0.03599999905 0.4011306173
v 0.03085553646 0.03599999905 0.4081747896
v 0.03275939226 0.03599999905 0.4158990366
v 0.03275939226 0.03599999905 0.4238544542
v 0.03085553646 0.03599999905 0.4315787202
v 0.02715846777 0.03599999905 0.438622883
v 0.02188304663 0.03599999905 0.4445776064
v 0.01533586502 0.03599999905 0.4490968019
v 0.00789741695 0.03599999905 0.4519178278
v 3.640277427e-13 0.03599999905 0.4528767473
v -0.007897416949 0.03599999905 0.4519178278
v -0.01533586502 0.03599999905 0.4490968019
v -0.02188304663 0.03599999905 0.4445776064
v -0.02715846777 0.03599999905 0.438622883
v -0.03085553646 0.03599999905 0.4315787202
v -0.03275939226 0.03599999905 0.4238544542
v -0.03275939226 0.03599999905 0.4158990366
v -0.03085553646 0.03599999905 0.4081747896
v -0.02715846777 0.03599999905 0.4011306173
v -0.02188304663 0.03599999905 0.3951758939
v -0.01533586502 0.03599999905 0.3906567079
v -0.00789741695 0.03599999905 0.3878356725
v -0.008000000119 0.03900000095 0.4518923647
v -0.002690512836 0.03900000095 0.452766884
v 0.002690512836 0.03900000095 0.452766884
v 0.00800000012 0.03900000095 0.4518923647
v 0.00800000012 0.03900000095 0.4500853998
v 0.002693342269 0.03900000095 0.4510104639
v -0.002693342268 0.03900000095 0.4510104639
v -0.008000000119 0.03900000095 0.4500853998
v 0.008500000239 0.03849999905 0.4517632753
v 0.008500000239 0.03849999905 0.4499485475
v 0.00800000012 0.03900000095 0.4500853998
v 0.00800000012 0.03900000095 0.4518923647
f 8 1 7
f 7 1 2
f 7 2 6
f 6 2 3
f 6 3 5
f 5 3 4
f 16 9 15
f 15 9 10
f 15 10 14
f 14 10 11
f 14 11 13
f 13 11 12
f 18 31 17
f 17 31 40
f 39 32 33
f 31 18 30
f 30 18 19
f 30 19 29
f 29 19 20
f 29 20 28
f 28 20 21
f 28 21 27
f 27 21 22
f 27 22 38
f 38 22 23
f 38 23 37
f 37 23 36
f 36 23 24
f 36 24 35
f 35 24 25
f 35 25 34
f 34 25 26
f 34 26 33
f 33 26 39
f 42 48 41
f 41 48 49
f 41 49 50
f 48 42 47
f 47 42 43
f 47 43 46
f 46 43 53
f 46 53 51
f 52 44 45
f 52 45 50
f 50 45 41
f 61 54 60
f 60 54 55
f 60 55 59
f 59 55 56
f 59 56 58
f 58 56 57
f 62 63 69
f 69 63 64
f 69 64 65
f 66 67 65
f 65 67 68
f 65 68 69
f 71 79 70
f 70 79 80
f 81 75 74
f 74 75 76
f 74 76 73
f 73 76 77
f 73 77 72
f 72 77 78
f 72 78 71
f 71 78 79
f 82 83 85
f 85 83 84
f 86 87 93
f 93 87 88
f 93 88 92
f 92 88 89
f 92 89 91
f 91 89 90
f 94 95 101
f 101 95 96
f 101 96 100
f 100 96 97
f 100 97 99
f 99 97 98
f 119 102 130
f 130 102 103
f 130 103 129
f 129 103 104
f 129 104 128
f 128 104 105
f 128 105 127
f 127 105 106
f 127 106 126
f 126 106 107
f 126 107 125
f 125 107 108
f 125 108 124
f 124 108 123
f 123 108 109
f 123 109 122
f 122 109 110
f 122 110 121
f 121 110 136
f 121 136 120
f 137 111 112
f 137 112 135
f 135 112 113
f 135 113 134
f 134 113 114
f 134 114 115
f 134 115 133
f 133 115 116
f 133 116 132
f 132 116 117
f 132 117 118
f 132 118 131
f 131 118 119
f 131 119 130
f 139 145 138
f 138 145 146
f 138 146 147
f 145 139 144
f 144 139 140
f 144 140 143
f 143 140 150
f 143 150 148
f 149 141 142
f 149 142 147
f 147 142 138
f 152 162 151
f 161 156 157
f 161 157 155
f 155 157 158
f 155 158 154
f 154 158 159
f 154 159 153
f 153 159 160
f 153 160 152
f 152 160 162
f 163 164 170
f 170 164 165
f 170 165 169
f 169 165 166
f 169 166 168
f 168 166 167
f 171 172 178
f 178 172 173
f 178 173 174
f 175 176 174
f 174 176 177
f 174 177 178
f 186 179 185
f 185 179 180
f 185 180 184
f 184 180 181
f 184 181 183
f 183 181 182
f 194 187 193
f 193 187 188
f 193 188 192
f 192 188 189
f 192 189 191
f 191 189 190
f 196 230 195
f 195 230 231
f 232 213 212
f 212 213 214
f 212 214 211
f 211 214 215
f 211 215 210
f 210 215 216
f 210 216 209
f 209 216 217
f 209 217 208
f 208 217 218
f 208 218 207
f 207 218 219
f 207 219 206
f 206 219 220
f 206 220 205
f 205 220 221
f 205 221 204
f 204 221 222
f 204 222 203
f 203 222 223
f 203 223 202
f 202 223 224
f 202 224 201
f 201 224 225
f 201 225 200
f 200 225 226
f 200 226 199
f 199 226 227
f 199 227 198
f 198 227 228
f 198 228 197
f 197 228 229
f 197 229 196
f 196 229 230
f 234 252 233
f 233 252 243
f 233 243 242
f 242 243 244
f 242 244 241
f 241 244 245
f 241 245 240
f 240 245 246
f 240 246 239
f 239 246 253
f 239 253 238
f 254 247 248
f 254 248 237
f 237 248 249
f 237 249 236
f 236 249 250
f 236 250 235
f 235 250 251
f 235 251 234
f 234 251 252
f 256 260 255
f 255 260 261
f 255 261 259
f 259 261 265
f 259 265 258
f 266 262 263
f 266 263 257
f 257 263 264
f 257 264 256
f 256 264 260
f 267 268 274
f 274 268 269
f 274 269 270
f 271 272 270
f 270 272 273
f 270 273 274
f 275 276 282
f 282 276 277
f 282 277 278
f 279 280 278
f 278 280 281
f 278 281 282
f 283 284 290
f 290 284 285
f 290 285 289
f 289 285 286
f 289 286 288
f 288 286 287
f 298 291 297
f 297 291 292
f 297 292 293
f 294 295 293
f 293 295 296
f 293 296 297
f 299 300 306
f 306 300 301
f 306 301 305
f 305 301 302
f 305 302 304
f 304 302 303
f 308 316 307
f 307 316 317
f 307 317 315
f 315 317 318
f 315 318 314
f 314 318 319
f 314 319 313
f 313 319 326
f 313 326 312
f 325 320 321
f 325 321 311
f 311 321 322
f 311 322 310
f 310 322 323
f 310 323 309
f 309 323 324
f 309 324 308
f 308 324 316
f 343 327 344
f 344 327 328
f 344 328 359
f 359 328 329
f 359 329 358
f 358 329 330
f 358 330 357
f 357 330 331
f 357 331 356
f 356 331 332
f 356 332 355
f 355 332 333
f 355 333 354
f 354 333 334
f 354 334 353
f 353 334 335
f 353 335 352
f 352 335 336
f 352 336 351
f 351 336 337
f 351 337 350
f 350 337 338
f 350 338 349
f 349 338 339
f 349 339 348
f 348 339 340
f 348 340 347
f 347 340 341
f 347 341 346
f 346 341 342
f 346 342 345
f 345 342 343
f 345 343 344
f 361 369 360
f 360 369 365
f 360 365 364
f 364 365 366
f 364 366 363
f 363 366 371
f 370 367 362
f 362 367 368
f 362 368 361
f 361 368 369
f 372 373 375
f 375 373 374
f 377 378 376
f 376 378 379
f 380 381 387
f 387 381 382
f 387 382 383
f 384 385 383
f 383 385 386
f 383 386 387
f 388 389 395
f 395 389 390
f 395 390 391
f 392 393 391
f 391 393 394
f 391 394 395
f 397 422 396
f 396 422 423
f 396 423 413
f 413 423 424
f 413 424 412
f 412 424 425
f 412 425 411
f 411 425 426
f 411 426 410
f 410 426 427
f 410 427 409
f 409 427 428
f 409 428 408
f 408 428 429
f 408 429 407
f 407 429 430
f 407 430 406
f 406 430 414
f 406 414 405
f 405 414 404
f 404 414 415
f 404 415 403
f 403 415 416
f 403 416 402
f 402 416 417
f 402 417 401
f 401 417 418
f 401 418 400
f 400 418 419
f 400 419 399
f 399 419 420
f 399 420 398
f 398 420 421
f 398 421 397
f 397 421 422
f 432 450 431
f 431 450 441
f 431 441 442
f 450 432 449
f 449 432 433
f 449 433 434
f 449 434 448
f 448 434 435
f 448 435 447
f 447 435 436
f 447 436 446
f 446 436 445
f 445 436 437
f 445 437 444
f 444 437 438
f 444 438 443
f 443 438 439
f 443 439 440
f 443 440 442
f 442 440 431
f 451 452 458
f 458 452 453
f 458 453 454
f 455 456 454
f 454 456 457
f 454 457 458
f 459 460 466
f 466 460 461
f 466 461 462
f 463 464 462
f 462 464 465
f 462 465 466
f 468 469 467
f 467 469 470
f 472 485 471
f 471 485 486
f 471 486 480
f 480 486 487
f 480 487 479
f 479 487 488
f 479 488 478
f 478 488 489
f 478 489 477
f 477 489 481
f 477 481 476
f 476 481 475
f 475 481 482
f 475 482 474
f 474 482 483
f 474 483 473
f 473 483 484
f 473 484 472
f 472 484 485
f 491 524 490
f 525 519 520
f 525 520 506
f 506 520 521
f 506 521 505
f 505 521 522
f 505 522 504
f 504 522 523
f 504 523 503
f 503 523 507
f 503 507 502
f 502 507 508
f 502 508 501
f 501 508 509
f 501 509 500
f 500 509 510
f 500 510 499
f 499 510 511
f 499 511 498
f 498 511 512
f 498 512 497
f 497 512 513
f 497 513 496
f 496 513 514
f 496 514 495
f 495 514 515
f 495 515 494
f 494 515 516
f 494 516 493
f 493 516 517
f 493 517 492
f 492 517 518
f 492 518 491
f 491 518 524
f 527 539 526
f 528 538 527
f 530 536 529
f 532 531 530
f 529 537 528
f 547 540 546
f 546 540 541
f 546 541 542
f 543 544 542
f 542 544 545
f 542 545 546
f 549 577 548
f 548 577 578
f 548 578 564
f 564 578 579
f 564 579 563
f 563 579 580
f 563 580 562
f 562 580 581
f 562 581 561
f 561 581 565
f 561 565 560
f 560 565 566
f 560 566 559
f 559 566 567
f 559 567 558
f 558 567 568
f 558 568 557
f 557 568 583
f 582 569 556
f 556 569 570
f 556 570 555
f 555 570 571
f 555 571 554
f 554 571 572
f 554 572 553
f 553 572 573
f 553 573 552
f 552 573 574
f 552 574 551
f 551 574 575
f 551 575 550
f 550 575 576
f 550 576 549
f 549 576 577
f 585 593 584
f 596 592 585
f 588 595 587
f 584 594 588
f 587 597 586
f 599 617 598
f 598 617 608
f 598 608 607
f 607 608 609
f 607 609 606
f 606 609 610
f 606 610 605
f 605 610 611
f 605 611 604
f 604 611 612
f 604 612 603
f 603 612 619
f 618 613 602
f 602 613 614
f 602 614 601
f 601 614 615
f 601 615 600
f 600 615 616
f 600 616 599
f 599 616 617
f 621 633 620
f 622 632 621
f 624 630 623
f 626 625 624
f 623 631 622
f 635 643 634
f 646 642 635
f 638 645 637
f 634 644 638
f 637 647 636
f 649 667 648
f 648 667 658
f 648 658 657
f 657 658 659
f 657 659 656
f 656 659 660
f 656 660 655
f 655 660 661
f 655 661 654
f 654 661 662
f 654 662 653
f 653 662 668
f 669 663 652
f 652 663 664
f 652 664 651
f 651 664 665
f 651 665 650
f 650 665 666
f 650 666 649
f 649 666 667
f 671 689 670
f 670 689 680
f 670 680 681
f 689 671 688
f 688 671 672
f 688 672 673
f 688 673 687
f 687 673 674
f 687 674 686
f 686 674 675
f 686 675 685
f 685 675 684
f 684 675 676
f 684 676 683
f 683 676 677
f 683 677 682
f 682 677 678
f 682 678 679
f 682 679 681
f 681 679 670
f 691 699 690
f 690 699 700
f 701 695 694
f 694 695 696
f 694 696 693
f 693 696 697
f 693 697 692
f 692 697 698
f 692 698 691
f 691 698 699
f 702 703 707
f 707 703 706
f 706 703 704
f 706 704 705
f 709 720 708
f 708 720 721
f 708 721 716
f 716 721 715
f 715 721 717
f 715 717 714
f 714 717 713
f 713 717 718
f 713 718 712
f 712 718 711
f 711 718 719
f 711 719 710
f 710 719 720
f 710 720 709
f 723 733 722
f 722 733 735
f 734 728 727
f 727 728 729
f 727 729 726
f 726 729 730
f 726 730 725
f 725 730 731
f 725 731 724
f 724 731 732
f 724 732 723
f 723 732 733
f 743 736 742
f 742 736 737
f 742 737 741
f 741 737 738
f 741 738 740
f 740 738 739
f 751 744 750
f 750 744 745
f 750 745 749
f 749 745 746
f 749 746 748
f 748 746 747
f 753 763 752
f 752 763 765
f 764 758 757
f 757 758 759
f 757 759 756
f 756 759 760
f 756 760 755
f 755 760 761
f 755 761 754
f 754 761 762
f 754 762 753
f 753 762 763
f 767 787 766
f 766 787 788
f 789 777 776
f 776 777 778
f 776 778 775
f 775 778 779
f 775 779 774
f 774 779 780
f 774 780 773
f 773 780 781
f 773 781 772
f 772 781 782
f 772 782 771
f 771 782 783
f 771 783 770
f 770 783 784
f 770 784 769
f 769 784 785
f 769 785 768
f 768 785 786
f 768 786 767
f 767 786 787
f 791 818 790
f 790 818 801
f 790 801 802
f 818 791 817
f 817 791 792
f 817 792 816
f 816 792 815
f 815 792 793
f 815 793 814
f 814 793 794
f 814 794 813
f 813 794 812
f 812 794 820
f 812 820 811
f 819 795 796
f 819 796 810
f 810 796 809
f 809 796 797
f 809 797 808
f 808 797 798
f 808 798 807
f 807 798 806
f 806 798 799
f 806 799 805
f 805 799 800
f 805 800 804
f 804 800 803
f 803 800 790
f 803 790 802
f 825 827 826
f 828 821 822
f 822 823 833
f 825 831 824
f 824 832 823
f 835 839 834
f 834 839 840
f 834 840 841
f 835 836 839
f 839 836 838
f 838 836 837
f 841 842 834
f 843 844 850
f 850 844 845
f 850 845 849
f 849 845 846
f 849 846 848
f 848 846 847
f 851 852 858
f 858 852 853
f 858 853 857
f 857 853 854
f 857 854 856
f 856 854 855
f 860 867 859
f 859 867 868
f 859 868 863
f 863 868 864
f 863 864 862
f 862 864 870
f 869 865 861
f 861 865 866
f 861 866 860
f 860 866 867
f 872 892 871
f 871 892 893
f 894 882 881
f 881 882 883
f 881 883 880
f 880 883 884
f 880 884 879
f 879 884 885
f 879 885 878
f 878 885 886
f 878 886 877
f 877 886 887
f 877 887 876
f 876 887 888
f 876 888 875
f 875 888 889
f 875 889 874
f 874 889 890
f 874 890 873
f 873 890 891
f 873 891 872
f 872 891 892
f 896 906 895
f 895 906 907
f 895 907 905
f 905 907 908
f 905 908 904
f 904 908 909
f 904 909 903
f 903 909 910
f 903 910 902
f 902 910 918
f 902 918 901
f 917 911 912
f 917 912 900
f 900 912 913
f 900 913 899
f 899 913 914
f 899 914 898
f 898 914 915
f 898 915 897
f 897 915 916
f 897 916 896
f 896 916 906
f 919 920 933
f 933 920 921
f 933 921 932
f 932 921 922
f 932 922 923
f 932 923 931
f 931 923 924
f 931 924 930
f 930 924 925
f 930 925 926
f 930 926 929
f 929 926 927
f 929 927 928
f 935 936 934
f 934 936 989
f 989 936 937
f 989 937 988
f 988 937 938
f 988 938 987
f 987 938 939
f 987 939 986
f 986 939 940
f 986 940 985
f 985 940 941
f 985 941 984
f 984 941 942
f 984 942 983
f 983 942 943
f 983 943 982
f 982 943 944
f 982 944 981
f 981 944 945
f 981 945 980
f 980 945 946
f 980 946 979
f 979 946 947
f 979 947 978
f 978 947 977
f 977 947 948
f 977 948 976
f 976 948 949
f 976 949 975
f 975 949 950
f 975 950 974
f 974 950 951
f 974 951 973
f 973 951 952
f 973 952 972
f 972 952 953
f 972 953 971
f 971 953 954
f 971 954 970
f 970 954 955
f 970 955 969
f 969 955 956
f 969 956 968
f 968 956 957
f 968 957 967
f 967 957 958
f 967 958 966
f 966 958 959
f 966 959 965
f 965 959 960
f 965 960 964
f 964 960 961
f 964 961 963
f 963 961 962
f 991 992 990
f 990 992 1001
f 990 1001 1002
f 992 993 1001
f 1001 993 1000
f 1000 993 999
f 999 993 998
f 998 993 994
f 998 994 997
f 997 994 995
f 997 995 996
f 1002 1003 990
f 1011 1004 1010
f 1010 1004 1005
f 1010 1005 1009
f 1009 1005 1006
f 1009 1006 1008
f 1008 1006 1007
f 1019 1012 1018
f 1018 1012 1013
f 1018 1013 1017
f 1017 1013 1014
f 1017 1014 1016
f 1016 1014 1015
f 1020 1021 1023
f 1023 1021 1022
f 1025 1037 1024
f 1024 1037 1038
f 1024 1038 1031
f 1031 1038 1039
f 1031 1039 1030
f 1030 1039 1032
f 1030 1032 1029
f 1029 1032 1033
f 1029 1033 1028
f 1028 1033 1034
f 1028 1034 1027
f 1027 1034 1035
f 1027 1035 1026
f 1026 1035 1041
f 1040 1036 1025
f 1025 1036 1037
f 1043 1055 1042
f 1042 1055 1056
f 1042 1056 1049
f 1049 1056 1057
f 1049 1057 1048
f 1048 1057 1050
f 1048 1050 1047
f 1047 1050 1051
f 1047 1051 1046
f 1046 1051 1052
f 1046 1052 1045
f 1045 1052 1053
f 1045 1053 1044
f 1044 1053 1058
f 1059 1054 1043
f 1043 1054 1055
f 1060 1061 1069
f 1069 1061 1068
f 1068 1061 1062
f 1068 1062 1067
f 1067 1062 1063
f 1067 1063 1066
f 1066 1063 1065
f 1065 1063 1064
f 1077 1070 1076
f 1076 1070 1071
f 1076 1071 1075
f 1075 1071 1072
f 1075 1072 1074
f 1074 1072 1073
f 1079 1080 1078
f 1078 1080 1085
f 1085 1080 1081
f 1085 1081 1084
f 1084 1081 1082
f 1084 1082 1083
f 1087 1088 1086
f 1086 1088 1089
f 1100 1090 1097
f 1097 1090 1091
f 1097 1091 1096
f 1096 1091 1092
f 1096 1092 1095
f 1095 1092 1093
f 1095 1093 1094
f 1098 1099 1097
f 1097 1099 1100
f 1108 1101 1107
f 1107 1101 1102
f 1107 1102 1103
f 1107 1103 1106
f 1106 1103 1104
f 1106 1104 1105
f 1122 1109 1113
f 1113 1109 1110
f 1113 1110 1111
f 1111 1112 1113
f 1113 1114 1122
f 1122 1114 1121
f 1121 1114 1120
f 1120 1114 1115
f 1120 1115 1119
f 1119 1115 1118
f 1118 1115 1117
f 1117 1115 1116
f 1123 1124 1130
f 1130 1124 1125
f 1130 1125 1129
f 1129 1125 1126
f 1129 1126 1128
f 1128 1126 1127
f 1131 1132 1134
f 1134 1132 1133
f 1136 1137 1135
f 1135 1137 1138
f 1140 1141 1139
f 1139 1141 1142
f 1143 1144 1153
f 1153 1144 1145
f 1153 1145 1152
f 1152 1145 1146
f 1152 1146 1151
f 1151 1146 1147
f 1151 1147 1148
f 1148 1149 1151
f 1151 1149 1150
f 1155 1165 1154
f 1154 1165 1167
f 1166 1160 1159
f 1159 1160 1161
f 1159 1161 1158
f 1158 1161 1162
f 1158 1162 1157
f 1157 1162 1163
f 1157 1163 1156
f 1156 1163 1164
f 1156 1164 1155
f 1155 1164 1165
f 1175 1168 1174
f 1174 1168 1169
f 1174 1169 1173
f 1173 1169 1170
f 1173 1170 1172
f 1172 1170 1171
f 1177 1178 1176
f 1176 1178 1179
f 1180 1181 1183
f 1183 1181 1182
f 1185 1348 1184
f 1184 1348 1349
f 1184 1349 1299
f 1299 1349 1298
f 1298 1349 1353
f 1298 1353 1297
f 1297 1353 1296
f 1296 1353 1295
f 1295 1353 1294
f 1294 1353 1323
f 1294 1323 1293
f 1293 1323 1292
f 1292 1323 1318
f 1292 1318 1291
f 1291 1318 1290
f 1290 1318 1319
f 1290 1319 1289
f 1289 1319 1320
f 1289 1320 1288
f 1288 1320 1321
f 1288 1321 1287
f 1287 1321 1286
f 1286 1321 1285
f 1285 1321 1355
f 1285 1355 1284
f 1284 1355 1356
f 1284 1356 1283
f 1283 1356 1357
f 1283 1357 1282
f 1282 1357 1281
f 1281 1357 1317
f 1281 1317 1280
f 1280 1317 1312
f 1280 1312 1279
f 1279 1312 1278
f 1278 1312 1313
f 1278 1313 1277
f 1277 1313 1314
f 1277 1314 1276
f 1276 1314 1315
f 1276 1315 1275
f 1275 1315 1274
f 1274 1315 1358
f 1274 1358 1273
f 1273 1358 1359
f 1273 1359 1272
f 1272 1359 1271
f 1271 1359 1360
f 1271 1360 1270
f 1270 1360 1361
f 1270 1361 1269
f 1269 1361 1311
f 1269 1311 1268
f 1268 1311 1306
f 1268 1306 1267
f 1267 1306 1266
f 1266 1306 1307
f 1266 1307 1265
f 1265 1307 1308
f 1265 1308 1264
f 1264 1308 1309
f 1264 1309 1263
f 1263 1309 1262
f 1262 1309 1261
f 1261 1309 1362
f 1261 1362 1260
f 1260 1362 1363
f 1260 1363 1259
f 1259 1363 1364
f 1259 1364 1258
f 1258 1364 1257
f 1257 1364 1305
f 1257 1305 1256
f 1256 1305 1300
f 1256 1300 1255
f 1255 1300 1254
f 1254 1300 1301
f 1254 1301 1253
f 1253 1301 1302
f 1253 1302 1252
f 1252 1302 1303
f 1252 1303 1251
f 1251 1303 1250
f 1250 1303 1365
f 1250 1365 1249
f 1249 1365 1366
f 1249 1366 1248
f 1248 1366 1367
f 1248 1367 1247
f 1247 1367 1246
f 1246 1367 1368
f 1246 1368 1245
f 1245 1368 1347
f 1245 1347 1244
f 1244 1347 1342
f 1244 1342 1243
f 1243 1342 1242
f 1242 1342 1343
f 1242 1343 1241
f 1241 1343 1344
f 1241 1344 1240
f 1240 1344 1345
f 1240 1345 1239
f 1239 1345 1238
f 1238 1345 1369
f 1238 1369 1237
f 1237 1369 1236
f 1236 1369 1370
f 1236 1370 1235
f 1235 1370 1371
f 1235 1371 1234
f 1234 1371 1341
f 1234 1341 1233
f 1233 1341 1232
f 1232 1341 1336
f 1232 1336 1231
f 1231 1336 1230
f 1230 1336 1337
f 1230 1337 1229
f 1229 1337 1338
f 1229 1338 1228
f 1228 1338 1339
f 1228 1339 1227
f 1227 1339 1226
f 1226 1339 1372
f 1226 1372 1225
f 1225 1372 1373
f 1225 1373 1224
f 1224 1373 1374
f 1224 1374 1223
f 1223 1374 1222
f 1222 1374 1375
f 1222 1375 1221
f 1221 1375 1335
f 1221 1335 1220
f 1220 1335 1330
f 1220 1330 1219
f 1219 1330 1218
f 1218 1330 1331
f 1218 1331 1217
f 1217 1331 1332
f 1217 1332 1216
f 1216 1332 1333
f 1216 1333 1215
f 1215 1333 1214
f 1214 1333 1376
f 1214 1376 1213
f 1213 1376 1212
f 1212 1376 1377
f 1212 1377 1211
f 1211 1377 1378
f 1211 1378 1210
f 1210 1378 1329
f 1210 1329 1209
f 1209 1329 1208
f 1208 1329 1324
f 1208 1324 1207
f 1207 1324 1206
f 1206 1324 1325
f 1206 1325 1205
f 1205 1325 1326
f 1205 1326 1204
f 1204 1326 1327
f 1204 1327 1203
f 1203 1327 1202
f 1202 1327 1201
f 1201 1327 1379
f 1201 1379 1380
f 1185 1186 1348
f 1348 1186 1187
f 1348 1187 1188
f 1188 1189 1348
f 1348 1189 1387
f 1387 1189 1386
f 1386 1189 1190
f 1386 1190 1385
f 1385 1190 1191
f 1385 1191 1192
f 1192 1193 1385
f 1385 1193 1194
f 1385 1194 1195
f 1385 1195 1384
f 1384 1195 1196
f 1384 1196 1197
f 1384 1197 1380
f 1380 1197 1198
f 1380 1198 1199
f 1199 1200 1380
f 1380 1200 1201
f 1303 1304 1365
f 1365 1304 1364
f 1364 1304 1305
f 1309 1310 1362
f 1362 1310 1361
f 1361 1310 1311
f 1315 1316 1358
f 1358 1316 1357
f 1357 1316 1317
f 1355 1321 1354
f 1354 1321 1322
f 1354 1322 1323
f 1327 1328 1379
f 1379 1328 1329
f 1379 1329 1378
f 1333 1334 1376
f 1376 1334 1375
f 1375 1334 1335
f 1339 1340 1372
f 1372 1340 1371
f 1371 1340 1341
f 1345 1346 1369
f 1369 1346 1368
f 1368 1346 1347
f 1350 1351 1349
f 1349 1351 1352
f 1349 1352 1353
f 1353 1354 1323
f 1380 1381 1384
f 1384 1381 1382
f 1384 1382 1383
f 1388 1389 1391
f 1391 1389 1390
f 1393 1403 1392
f 1392 1403 1405
f 1404 1398 1397
f 1397 1398 1399
f 1397 1399 1396
f 1396 1399 1400
f 1396 1400 1395
f 1395 1400 1401
f 1395 1401 1394
f 1394 1401 1402
f 1394 1402 1393
f 1393 1402 1403
f 1406 1407 1413
f 1413 1407 1408
f 1413 1408 1412
f 1412 1408 1409
f 1412 1409 1411
f 1411 1409 1410
f 1414 1415 1421
f 1421 1415 1416
f 1421 1416 1420
f 1420 1416 1417
f 1420 1417 1419
f 1419 1417 1418
f 1422 1423 1432
f 1432 1423 1424
f 1432 1424 1425
f 1425 1426 1432
f 1432 1426 1431
f 1431 1426 1427
f 1431 1427 1430
f 1430 1427 1428
f 1430 1428 1429
f 1433 1434 1439
f 1439 1434 1438
f 1438 1434 1435
f 1438 1435 1437
f 1437 1435 1436
f 1441 1447 1440
f 1440 1447 1448
f 1440 1448 1462
f 1462 1448 1461
f 1461 1448 1449
f 1461 1449 1460
f 1460 1449 1457
f 1460 1457 1459
f 1459 1457 1458
f 1447 1441 1446
f 1446 1441 1442
f 1446 1442 1445
f 1445 1442 1443
f 1445 1443 1444
f 1449 1450 1457
f 1457 1450 1456
f 1456 1450 1451
f 1456 1451 1455
f 1455 1451 1452
f 1455 1452 1454
f 1454 1452 1453
f 1462 1463 1440
f 1487 1464 1486
f 1486 1464 1465
f 1486 1465 1478
f 1478 1465 1466
f 1478 1466 1477
f 1477 1466 1467
f 1477 1467 1469
f 1469 1467 1468
f 1477 1469 1476
f 1476 1469 1470
f 1476 1470 1475
f 1475 1470 1471
f 1475 1471 1474
f 1474 1471 1472
f 1474 1472 1473
f 1478 1479 1486
f 1486 1479 1485
f 1485 1479 1480
f 1485 1480 1484
f 1484 1480 1481
f 1484 1481 1483
f 1483 1481 1482
f 1497 1488 1496
f 1496 1488 1489
f 1496 1489 1495
f 1495 1489 1490
f 1495 1490 1494
f 1494 1490 1491
f 1494 1491 1493
f 1493 1491 1492
f 1499 1509 1498
f 1498 1509 1511
f 1510 1504 1503
f 1503 1504 1505
f 1503 1505 1502
f 1502 1505 1506
f 1502 1506 1501
f 1501 1506 1507
f 1501 1507 1500
f 1500 1507 1508
f 1500 1508 1499
f 1499 1508 1509
f 1519 1512 1518
f 1518 1512 1513
f 1518 1513 1517
f 1517 1513 1514
f 1517 1514 1516
f 1516 1514 1515
f 1520 1521 1527
f 1527 1521 1522
f 1527 1522 1523
f 1524 1525 1523
f 1523 1525 1526
f 1523 1526 1527
f 1529 1542 1528
f 1528 1542 1543
f 1528 1543 1547
f 1547 1543 1546
f 1546 1543 1544
f 1546 1544 1545
f 1529 1530 1542
f 1542 1530 1541
f 1541 1530 1531
f 1541 1531 1532
f 1541 1532 1540
f 1540 1532 1533
f 1540 1533 1534
f 1540 1534 1539
f 1539 1534 1535
f 1539 1535 1536
f 1537 1538 1536
f 1536 1538 1539
f 1548 1549 1567
f 1567 1549 1550
f 1567 1550 1566
f 1566 1550 1565
f 1565 1550 1551
f 1565 1551 1564
f 1564 1551 1563
f 1563 1551 1552
f 1563 1552 1562
f 1562 1552 1561
f 1561 1552 1553
f 1561 1553 1560
f 1560 1553 1559
f 1559 1553 1554
f 1559 1554 1558
f 1558 1554 1557
f 1557 1554 1555
f 1557 1555 1556
f 1568 1569 1577
f 1577 1569 1570
f 1577 1570 1571
f 1571 1572 1577
f 1577 1572 1576
f 1576 1572 1573
f 1576 1573 1574
f 1574 1575 1576
f 1578 1579 1581
f 1581 1579 1580
f 1583 1593 1582
f 1582 1593 1595
f 1594 1588 1587
f 1587 1588 1589
f 1587 1589 1586
f 1586 1589 1590
f 1586 1590 1585
f 1585 1590 1591
f 1585 1591 1584
f 1584 1591 1592
f 1584 1592 1583
f 1583 1592 1593
f 1596 1597 1603
f 1603 1597 1598
f 1603 1598 1602
f 1602 1598 1599
f 1602 1599 1601
f 1601 1599 1600
f 1604 1605 1611
f 1611 1605 1606
f 1611 1606 1610
f 1610 1606 1607
f 1610 1607 1609
f 1609 1607 1608
f 1620 1612 1624
f 1624 1612 1613
f 1624 1613 1623
f 1623 1613 1614
f 1623 1614 1622
f 1622 1614 1615
f 1622 1615 1616
f 1622 1616 1621
f 1621 1616 1617
f 1621 1617 1625
f 1625 1617 1618
f 1625 1618 1619
f 1625 1619 1624
f 1624 1619 1620
f 1626 1627 1630
f 1630 1627 1629
f 1629 1627 1628
f 1632 1643 1631
f 1631 1643 1644
f 1631 1644 1639
f 1639 1644 1638
f 1638 1644 1640
f 1638 1640 1637
f 1637 1640 1636
f 1636 1640 1641
f 1636 1641 1635
f 1635 1641 1634
f 1634 1641 1642
f 1634 1642 1633
f 1633 1642 1643
f 1633 1643 1632
f 1658 1645 1649
f 1649 1645 1646
f 1649 1646 1647
f 1647 1648 1649
f 1649 1650 1658
f 1658 1650 1657
f 1657 1650 1656
f 1656 1650 1651
f 1656 1651 1655
f 1655 1651 1654
f 1654 1651 1653
f 1653 1651 1652
f 1659 1660 1670
f 1670 1660 1661
f 1670 1661 1663
f 1663 1661 1662
f 1663 1664 1670
f 1670 1664 1669
f 1669 1664 1667
f 1669 1667 1668
f 1665 1666 1664
f 1664 1666 1667
f 1672 1685 1671
f 1671 1685 1686
f 1671 1686 1690
f 1690 1686 1689
f 1689 1686 1687
f 1689 1687 1688
f 1672 1673 1685
f 1685 1673 1684
f 1684 1673 1674
f 1684 1674 1675
f 1684 1675 1683
f 1683 1675 1676
f 1683 1676 1677
f 1683 1677 1682
f 1682 1677 1678
f 1682 1678 1679
f 1680 1681 1679
f 1679 1681 1682
f 1691 1692 1701
f 1701 1692 1700
f 1700 1692 1699
f 1699 1692 1698
f 1698 1692 1693
f 1698 1693 1697
f 1697 1693 1694
f 1697 1694 1696
f 1696 1694 1695
f 1702 1703 1748
f 1748 1703 1816
f 1748 1816 1747
f 1747 1816 1817
f 1747 1817 1806
f 1806 1817 1818
f 1806 1818 1821
f 1821 1818 1819
f 1821 1819 1820
f 1816 1703 1815
f 1815 1703 1704
f 1815 1704 1814
f 1814 1704 1813
f 1813 1704 1705
f 1813 1705 1812
f 1812 1705 1707
f 1812 1707 1708
f 1705 1706 1707
f 1709 1786 1708
f 1708 1786 1811
f 1708 1811 1812
f 1786 1709 1793
f 1793 1709 1710
f 1793 1710 1792
f 1792 1710 1711
f 1792 1711 1791
f 1791 1711 1712
f 1791 1712 1790
f 1790 1712 1789
f 1789 1712 1864
f 1789 1864 1788
f 1788 1864 1865
f 1788 1865 1866
f 1864 1712 1863
f 1863 1712 1713
f 1863 1713 1862
f 1862 1713 1714
f 1862 1714 1861
f 1861 1714 1715
f 1861 1715 1860
f 1860 1715 1859
f 1859 1715 1716
f 1859 1716 1878
f 1878 1716 1717
f 1878 1717 1877
f 1877 1717 1783
f 1877 1783 1784
f 1718 1781 1717
f 1717 1781 1782
f 1717 1782 1783
f 1781 1718 1780
f 1780 1718 1719
f 1780 1719 1779
f 1779 1719 1720
f 1779 1720 1770
f 1770 1720 1769
f 1769 1720 1721
f 1769 1721 1722
f 1723 1724 1722
f 1722 1724 1768
f 1722 1768 1769
f 1724 1725 1768
f 1768 1725 1767
f 1767 1725 1727
f 1767 1727 1777
f 1777 1727 1750
f 1777 1750 1751
f 1725 1726 1727
f 1750 1727 1749
f 1749 1727 1728
f 1749 1728 1766
f 1766 1728 1765
f 1765 1728 1764
f 1764 1728 1730
f 1764 1730 1731
f 1728 1729 1730
f 1732 1733 1731
f 1731 1733 1764
f 1764 1733 1763
f 1763 1733 1734
f 1763 1734 1762
f 1762 1734 1735
f 1762 1735 1761
f 1761 1735 1797
f 1761 1797 1798
f 1735 1736 1797
f 1797 1736 1796
f 1796 1736 1737
f 1796 1737 1795
f 1795 1737 1738
f 1795 1738 1794
f 1794 1738 1801
f 1801 1738 1848
f 1801 1848 1800
f 1800 1848 1849
f 1800 1849 1850
f 1848 1738 1847
f 1847 1738 1739
f 1847 1739 1846
f 1846 1739 1740
f 1846 1740 1845
f 1845 1740 1844
f 1844 1740 1741
f 1844 1741 1843
f 1843 1741 1742
f 1843 1742 1842
f 1842 1742 1743
f 1842 1743 1841
f 1841 1743 1803
f 1841 1803 1804
f 1744 1809 1743
f 1743 1809 1802
f 1743 1802 1803
f 1809 1744 1808
f 1808 1744 1745
f 1808 1745 1807
f 1807 1745 1746
f 1807 1746 1806
f 1806 1746 1747
f 1777 1751 1776
f 1776 1751 1752
f 1776 1752 1753
f 1776 1753 1775
f 1775 1753 1754
f 1775 1754 1774
f 1774 1754 1755
f 1774 1755 1829
f 1829 1755 1828
f 1828 1755 1756
f 1828 1756 1757
f 1828 1757 1827
f 1827 1757 1758
f 1827 1758 1759
f 1760 1799 1759
f 1759 1799 1826
f 1759 1826 1827
f 1799 1760 1798
f 1798 1760 1761
f 1779 1770 1778
f 1778 1770 1771
f 1778 1771 1785
f 1785 1771 1831
f 1785 1831 1874
f 1874 1831 1873
f 1873 1831 1832
f 1873 1832 1872
f 1872 1832 1871
f 1871 1832 1833
f 1871 1833 1870
f 1870 1833 1834
f 1870 1834 1869
f 1869 1834 1868
f 1868 1834 1835
f 1868 1835 1867
f 1867 1835 1787
f 1867 1787 1866
f 1866 1787 1788
f 1771 1772 1831
f 1831 1772 1830
f 1830 1772 1773
f 1830 1773 1829
f 1829 1773 1774
f 1785 1875 1784
f 1784 1875 1876
f 1784 1876 1877
f 1787 1835 1786
f 1786 1835 1836
f 1786 1836 1810
f 1810 1836 1838
f 1838 1836 1837
f 1800 1850 1799
f 1799 1850 1851
f 1799 1851 1826
f 1826 1851 1852
f 1826 1852 1825
f 1825 1852 1853
f 1825 1853 1854
f 1805 1839 1804
f 1804 1839 1840
f 1804 1840 1841
f 1806 1822 1805
f 1805 1822 1858
f 1805 1858 1839
f 1810 1811 1786
f 1821 1822 1806
f 1858 1822 1857
f 1857 1822 1823
f 1857 1823 1856
f 1856 1823 1855
f 1855 1823 1824
f 1855 1824 1854
f 1854 1824 1825
f 1874 1875 1785
f 1880 1890 1879
f 1879 1890 1892
f 1891 1885 1884
f 1884 1885 1886
f 1884 1886 1883
f 1883 1886 1887
f 1883 1887 1882
f 1882 1887 1888
f 1882 1888 1881
f 1881 1888 1889
f 1881 1889 1880
f 1880 1889 1890
f 1900 1893 1899
f 1899 1893 1894
f 1899 1894 1898
f 1898 1894 1895
f 1898 1895 1897
f 1897 1895 1896
f 1901 1902 1904
f 1904 1902 1903
f 1905 1906 1908
f 1908 1906 1907
f 1909 1910 1913
f 1913 1910 1912
f 1912 1910 1911
f 1915 1921 1914
f 1914 1921 1922
f 1914 1922 1918
f 1918 1922 1924
f 1918 1924 1917
f 1925 1923 1919
f 1925 1919 1916
f 1916 1919 1920
f 1916 1920 1915
f 1915 1920 1921
f 1926 1927 1945
f 1945 1927 1944
f 1944 1927 1928
f 1944 1928 1929
f 1944 1929 1943
f 1943 1929 1930
f 1943 1930 1931
f 1943 1931 1942
f 1942 1931 1932
f 1942 1932 1933
f 1942 1933 1941
f 1941 1933 1934
f 1941 1934 1935
f 1941 1935 1940
f 1940 1935 1936
f 1940 1936 1937
f 1938 1939 1937
f 1937 1939 1940
f 1946 1947 1955
f 1955 1947 1948
f 1955 1948 1949
f 1949 1950 1955
f 1955 1950 1954
f 1954 1950 1951
f 1954 1951 1952
f 1952 1953 1954
f 1957 1967 1956
f 1956 1967 1969
f 1968 1962 1961
f 1961 1962 1963
f 1961 1963 1960
f 1960 1963 1964
f 1960 1964 1959
f 1959 1964 1965
f 1959 1965 1958
f 1958 1965 1966
f 1958 1966 1957
f 1957 1966 1967
f 1970 1971 1977
f 1977 1971 1972
f 1977 1972 1976
f 1976 1972 1973
f 1976 1973 1975
f 1975 1973 1974
f 1978 1979 1985
f 1985 1979 1980
f 1985 1980 1984
f 1984 1980 1981
f 1984 1981 1983
f 1983 1981 1982
f 1994 1986 1995
f 1995 1986 1987
f 1995 1987 1999
f 1999 1987 1988
f 1999 1988 1989
f 1999 1989 1998
f 1998 1989 1990
f 1998 1990 1997
f 1997 1990 1991
f 1997 1991 1992
f 1997 1992 1996
f 1996 1992 1993
f 1996 1993 1994
f 1996 1994 1995
f 2000 2001 2003
f 2003 2001 2002
f 2004 2005 2011
f 2011 2005 2006
f 2011 2006 2010
f 2010 2006 2007
f 2010 2007 2009
f 2009 2007 2008
f 2012 2013 2019
f 2019 2013 2014
f 2019 2014 2018
f 2018 2014 2015
f 2018 2015 2017
f 2017 2015 2016
f 2021 2028 2020
f 2020 2028 2029
f 2020 2029 2024
f 2024 2029 2025
f 2024 2025 2023
f 2023 2025 2031
f 2030 2026 2022
f 2022 2026 2027
f 2022 2027 2021
f 2021 2027 2028
f 2033 2045 2032
f 2032 2045 2046
f 2032 2046 2039
f 2039 2046 2047
f 2039 2047 2038
f 2038 2047 2040
f 2038 2040 2037
f 2037 2040 2041
f 2037 2041 2036
f 2036 2041 2042
f 2036 2042 2035
f 2035 2042 2043
f 2035 2043 2034
f 2034 2043 2049
f 2048 2044 2033
f 2033 2044 2045
f 2051 2063 2050
f 2050 2063 2064
f 2050 2064 2057
f 2057 2064 2065
f 2057 2065 2056
f 2056 2065 2058
f 2056 2058 2055
f 2055 2058 2059
f 2055 2059 2054
f 2054 2059 2060
f 2054 2060 2053
f 2053 2060 2061
f 2053 2061 2052
f 2052 2061 2066
f 2067 2062 2051
f 2051 2062 2063
f 2069 2076 2068
f 2068 2076 2077
f 2068 2077 2079
f 2079 2077 2078
f 2069 2070 2076
f 2076 2070 2071
f 2076 2071 2075
f 2075 2071 2072
f 2075 2072 2074
f 2074 2072 2073
f 2080 2081 2079
f 2079 2081 2068
f 2089 2082 2088
f 2088 2082 2083
f 2088 2083 2084
f 2085 2086 2084
f 2084 2086 2087
f 2084 2087 2088
f 2090 2091 2143
f 2143 2091 2142
f 2142 2091 2092
f 2142 2092 2141
f 2141 2092 2093
f 2141 2093 2140
f 2140 2093 2094
f 2140 2094 2139
f 2139 2094 2095
f 2139 2095 2138
f 2138 2095 2096
f 2138 2096 2137
f 2137 2096 2136
f 2136 2096 2097
f 2136 2097 2135
f 2135 2097 2098
f 2135 2098 2134
f 2134 2098 2099
f 2134 2099 2133
f 2133 2099 2100
f 2133 2100 2132
f 2132 2100 2101
f 2132 2101 2131
f 2131 2101 2102
f 2131 2102 2130
f 2130 2102 2103
f 2130 2103 2129
f 2129 2103 2104
f 2129 2104 2128
f 2128 2104 2105
f 2128 2105 2127
f 2127 2105 2106
f 2127 2106 2126
f 2126 2106 2107
f 2126 2107 2125
f 2125 2107 2108
f 2125 2108 2124
f 2124 2108 2109
f 2124 2109 2123
f 2123 2109 2110
f 2123 2110 2122
f 2122 2110 2111
f 2122 2111 2121
f 2121 2111 2112
f 2121 2112 2120
f 2120 2112 2113
f 2120 2113 2119
f 2119 2113 2114
f 2119 2114 2118
f 2118 2114 2115
f 2118 2115 2117
f 2117 2115 2116
f 2145 2152 2144
f 2144 2152 2153
f 2144 2153 2148
f 2148 2153 2149
f 2148 2149 2147
f 2147 2149 2155
f 2154 2150 2146
f 2146 2150 2151
f 2146 2151 2145
f 2145 2151 2152
f 2163 2156 2162
f 2162 2156 2157
f 2162 2157 2161
f 2161 2157 2158
f 2161 2158 2160
f 2160 2158 2159
f 2171 2164 2170
f 2170 2164 2165
f 2170 2165 2169
f 2169 2165 2166
f 2169 2166 2168
f 2168 2166 2167
f 2173 2190 2172
f 2172 2190 2199
f 2200 2191 2192
f 2190 2173 2189
f 2189 2173 2174
f 2189 2174 2188
f 2188 2174 2187
f 2187 2174 2175
f 2187 2175 2186
f 2186 2175 2176
f 2186 2176 2185
f 2185 2176 2184
f 2184 2176 2177
f 2184 2177 2183
f 2183 2177 2178
f 2183 2178 2198
f 2198 2178 2179
f 2198 2179 2197
f 2197 2179 2196
f 2196 2179 2180
f 2196 2180 2195
f 2195 2180 2181
f 2195 2181 2194
f 2194 2181 2193
f 2193 2181 2182
f 2193 2182 2192
f 2192 2182 2200
f 2202 2214 2201
f 2201 2214 2215
f 2201 2215 2208
f 2208 2215 2216
f 2208 2216 2207
f 2207 2216 2209
f 2207 2209 2206
f 2206 2209 2210
f 2206 2210 2205
f 2205 2210 2211
f 2205 2211 2204
f 2204 2211 2212
f 2204 2212 2203
f 2203 2212 2218
f 2217 2213 2202
f 2202 2213 2214
f 2220 2232 2219
f 2219 2232 2233
f 2219 2233 2226
f 2226 2233 2234
f 2226 2234 2225
f 2225 2234 2227
f 2225 2227 2224
f 2224 2227 2228
f 2224 2228 2223
f 2223 2228 2229
f 2223 2229 2222
f 2222 2229 2230
f 2222 2230 2221
f 2221 2230 2235
f 2236 2231 2220
f 2220 2231 2232
f 2237 2238 2246
f 2246 2238 2240
f 2246 2240 2241
f 2238 2239 2240
f 2242 2243 2241
f 2241 2243 2245
f 2241 2245 2246
f 2243 2244 2245
f 2254 2247 2253
f 2253 2247 2248
f 2253 2248 2252
f 2252 2248 2249
f 2252 2249 2251
f 2251 2249 2250
f 2256 2257 2255
f 2255 2257 2265
f 2255 2265 2266
f 2257 2258 2265
f 2265 2258 2264
f 2264 2258 2260
f 2264 2260 2263
f 2263 2260 2261
f 2263 2261 2262
f 2258 2259 2260
f 2267 2268 2266
f 2266 2268 2255
f 2270 2271 2269
f 2269 2271 2272
f 2273 2274 2280
f 2280 2274 2275
f 2280 2275 2279
f 2279 2275 2276
f 2279 2276 2278
f 2278 2276 2277
f 2281 2282 2288
f 2288 2282 2283
f 2288 2283 2287
f 2287 2283 2284
f 2287 2284 2286
f 2286 2284 2285
f 2289 2290 2296
f 2296 2290 2291
f 2296 2291 2295
f 2295 2291 2292
f 2295 2292 2294
f 2294 2292 2293
f 2298 2315 2297
f 2297 2315 2324
f 2325 2316 2317
f 2315 2298 2314
f 2314 2298 2299
f 2314 2299 2313
f 2313 2299 2312
f 2312 2299 2300
f 2312 2300 2311
f 2311 2300 2301
f 2311 2301 2310
f 2310 2301 2309
f 2309 2301 2302
f 2309 2302 2308
f 2308 2302 2303
f 2308 2303 2323
f 2323 2303 2304
f 2323 2304 2322
f 2322 2304 2321
f 2321 2304 2305
f 2321 2305 2320
f 2320 2305 2306
f 2320 2306 2319
f 2319 2306 2318
f 2318 2306 2307
f 2318 2307 2317
f 2317 2307 2325
f 2327 2339 2326
f 2326 2339 2340
f 2326 2340 2333
f 2333 2340 2341
f 2333 2341 2332
f 2332 2341 2334
f 2332 2334 2331
f 2331 2334 2335
f 2331 2335 2330
f 2330 2335 2336
f 2330 2336 2329
f 2329 2336 2337
f 2329 2337 2328
f 2328 2337 2343
f 2342 2338 2327
f 2327 2338 2339
f 2345 2357 2344
f 2344 2357 2358
f 2344 2358 2351
f 2351 2358 2359
f 2351 2359 2350
f 2350 2359 2352
f 2350 2352 2349
f 2349 2352 2353
f 2349 2353 2348
f 2348 2353 2354
f 2348 2354 2347
f 2347 2354 2355
f 2347 2355 2346
f 2346 2355 2360
f 2361 2356 2345
f 2345 2356 2357
f 2362 2363 2369
f 2369 2363 2364
f 2369 2364 2368
f 2368 2364 2365
f 2368 2365 2367
f 2367 2365 2366
f 2371 2372 2370
f 2370 2372 2377
f 2377 2372 2376
f 2376 2372 2373
f 2376 2373 2375
f 2375 2373 2374
f 2378 2379 2381
f 2381 2379 2380
f 2383 2384 2382
f 2382 2384 2385
f 2382 2385 2387
f 2387 2385 2386
f 2389 2398 2388
f 2399 2396 2397
f 2399 2397 2392
f 2392 2397 2393
f 2392 2393 2391
f 2391 2393 2394
f 2391 2394 2390
f 2390 2394 2395
f 2390 2395 2389
f 2389 2395 2398
f 2407 2400 2406
f 2406 2400 2401
f 2406 2401 2405
f 2405 2401 2402
f 2405 2402 2404
f 2404 2402 2403
f 2415 2408 2414
f 2414 2408 2409
f 2414 2409 2413
f 2413 2409 2410
f 2413 2410 2412
f 2412 2410 2411
f 2423 2416 2424
f 2424 2416 2417
f 2424 2417 2429
f 2429 2417 2418
f 2429 2418 2428
f 2428 2418 2419
f 2428 2419 2427
f 2427 2419 2420
f 2427 2420 2421
f 2427 2421 2426
f 2426 2421 2422
f 2426 2422 2425
f 2425 2422 2423
f 2425 2423 2424
f 2431 2438 2430
f 2430 2438 2439
f 2430 2439 2434
f 2434 2439 2435
f 2434 2435 2433
f 2433 2435 2440
f 2441 2436 2432
f 2432 2436 2437
f 2432 2437 2431
f 2431 2437 2438
f 2442 2443 2471
f 2471 2443 2467
f 2471 2467 2470
f 2470 2467 2468
f 2470 2468 2469
f 2467 2443 2466
f 2466 2443 2444
f 2466 2444 2465
f 2465 2444 2445
f 2465 2445 2464
f 2464 2445 2446
f 2464 2446 2463
f 2463 2446 2447
f 2463 2447 2462
f 2462 2447 2461
f 2461 2447 2448
f 2461 2448 2460
f 2460 2448 2449
f 2460 2449 2459
f 2459 2449 2450
f 2459 2450 2458
f 2458 2450 2451
f 2458 2451 2457
f 2457 2451 2453
f 2457 2453 2454
f 2451 2452 2453
f 2455 2456 2454
f 2454 2456 2457
f 2482 2472 2476
f 2476 2472 2473
f 2476 2473 2475
f 2475 2473 2474
f 2476 2477 2482
f 2482 2477 2481
f 2481 2477 2478
f 2481 2478 2480
f 2480 2478 2479
f 2483 2484 2500
f 2500 2484 2485
f 2500 2485 2499
f 2499 2485 2486
f 2499 2486 2498
f 2498 2486 2487
f 2498 2487 2497
f 2497 2487 2488
f 2497 2488 2496
f 2496 2488 2489
f 2496 2489 2495
f 2495 2489 2490
f 2495 2490 2494
f 2494 2490 2491
f 2494 2491 2493
f 2493 2491 2492
f 2502 2505 2501
f 2501 2505 2506
f 2501 2506 2508
f 2508 2506 2507
f 2502 2503 2505
f 2505 2503 2504
f 2510 2511 2509
f 2509 2511 2564
f 2564 2511 2512
f 2564 2512 2563
f 2563 2512 2513
f 2563 2513 2562
f 2562 2513 2514
f 2562 2514 2561
f 2561 2514 2515
f 2561 2515 2560
f 2560 2515 2516
f 2560 2516 2559
f 2559 2516 2517
f 2559 2517 2558
f 2558 2517 2518
f 2558 2518 2557
f 2557 2518 2556
f 2556 2518 2519
f 2556 2519 2555
f 2555 2519 2520
f 2555 2520 2554
f 2554 2520 2521
f 2554 2521 2553
f 2553 2521 2522
f 2553 2522 2552
f 2552 2522 2523
f 2552 2523 2551
f 2551 2523 2524
f 2551 2524 2550
f 2550 2524 2525
f 2550 2525 2549
f 2549 2525 2526
f 2549 2526 2548
f 2548 2526 2527
f 2548 2527 2547
f 2547 2527 2528
f 2547 2528 2546
f 2546 2528 2529
f 2546 2529 2545
f 2545 2529 2530
f 2545 2530 2544
f 2544 2530 2531
f 2544 2531 2543
f 2543 2531 2532
f 2543 2532 2542
f 2542 2532 2533
f 2542 2533 2541
f 2541 2533 2534
f 2541 2534 2540
f 2540 2534 2535
f 2540 2535 2539
f 2539 2535 2536
f 2539 2536 2538
f 2538 2536 2537
f 2631 2565 2568
f 2568 2565 2566
f 2568 2566 2567
f 2631 2568 2628
f 2628 2568 2569
f 2628 2569 2627
f 2627 2569 2570
f 2627 2570 2626
f 2626 2570 2571
f 2626 2571 2625
f 2625 2571 2572
f 2625 2572 2624
f 2624 2572 2573
f 2624 2573 2623
f 2623 2573 2574
f 2623 2574 2622
f 2622 2574 2575
f 2622 2575 2621
f 2621 2575 2576
f 2621 2576 2620
f 2620 2576 2577
f 2620 2577 2619
f 2619 2577 2578
f 2619 2578 2618
f 2618 2578 2579
f 2618 2579 2617
f 2617 2579 2580
f 2617 2580 2616
f 2616 2580 2581
f 2616 2581 2615
f 2615 2581 2582
f 2615 2582 2614
f 2614 2582 2583
f 2614 2583 2613
f 2613 2583 2584
f 2613 2584 2612
f 2612 2584 2585
f 2612 2585 2611
f 2611 2585 2586
f 2611 2586 2610
f 2610 2586 2587
f 2610 2587 2609
f 2609 2587 2588
f 2609 2588 2608
f 2608 2588 2589
f 2608 2589 2607
f 2607 2589 2590
f 2607 2590 2606
f 2606 2590 2591
f 2606 2591 2605
f 2605 2591 2592
f 2605 2592 2604
f 2604 2592 2593
f 2604 2593 2603
f 2603 2593 2594
f 2603 2594 2602
f 2602 2594 2595
f 2602 2595 2599
f 2599 2595 2598
f 2598 2595 2597
f 2597 2595 2596
f 2599 2600 2602
f 2602 2600 2601
f 2629 2630 2628
f 2628 2630 2631
f 2633 2634 2632
f 2632 2634 2635
f 2632 2635 2638
f 2638 2635 2637
f 2637 2635 2636
f 2640 2641 2639
f 2639 2641 2644
f 2644 2641 2642
f 2644 2642 2643
f 2645 2646 2652
f 2652 2646 2647
f 2652 2647 2651
f 2651 2647 2648
f 2651 2648 2650
f 2650 2648 2649
f 2653 2654 2660
f 2660 2654 2655
f 2660 2655 2659
f 2659 2655 2656
f 2659 2656 2658
f 2658 2656 2657
f 2668 2661 2669
f 2669 2661 2662
f 2669 2662 2674
f 2674 2662 2663
f 2674 2663 2673
f 2673 2663 2664
f 2673 2664 2672
f 2672 2664 2665
f 2672 2665 2666
f 2672 2666 2671
f 2671 2666 2667
f 2671 2667 2670
f 2670 2667 2668
f 2670 2668 2669
f 2676 2685 2675
f 2686 2683 2684
f 2686 2684 2679
f 2679 2684 2680
f 2679 2680 2678
f 2678 2680 2681
f 2678 2681 2677
f 2677 2681 2682
f 2677 2682 2676
f 2676 2682 2685
f 2687 2688 2718
f 2718 2688 2715
f 2718 2715 2717
f 2717 2715 2716
f 2715 2688 2714
f 2714 2688 2689
f 2714 2689 2713
f 2713 2689 2690
f 2713 2690 2712
f 2712 2690 2691
f 2712 2691 2711
f 2711 2691 2692
f 2711 2692 2710
f 2710 2692 2693
f 2710 2693 2709
f 2709 2693 2708
f 2708 2693 2694
f 2708 2694 2707
f 2707 2694 2695
f 2707 2695 2706
f 2706 2695 2696
f 2706 2696 2705
f 2705 2696 2697
f 2705 2697 2704
f 2704 2697 2698
f 2704 2698 2703
f 2703 2698 2700
f 2703 2700 2701
f 2698 2699 2700
f 2701 2702 2703
f 2726 2719 2725
f 2725 2719 2720
f 2725 2720 2721
f 2722 2723 2721
f 2721 2723 2724
f 2721 2724 2725
f 2727 2728 2786
f 2786 2728 2729
f 2786 2729 2730
f 2786 2730 2785
f 2785 2730 2731
f 2785 2731 2784
f 2784 2731 2732
f 2784 2732 2783
f 2783 2732 2733
f 2783 2733 2782
f 2782 2733 2734
f 2782 2734 2781
f 2781 2734 2735
f 2781 2735 2780
f 2780 2735 2736
f 2780 2736 2779
f 2779 2736 2737
f 2779 2737 2778
f 2778 2737 2738
f 2778 2738 2777
f 2777 2738 2739
f 2777 2739 2776
f 2776 2739 2740
f 2776 2740 2775
f 2775 2740 2741
f 2775 2741 2774
f 2774 2741 2742
f 2774 2742 2773
f 2773 2742 2743
f 2773 2743 2744
f 2773 2744 2772
f 2772 2744 2745
f 2772 2745 2771
f 2771 2745 2746
f 2771 2746 2770
f 2770 2746 2747
f 2770 2747 2769
f 2769 2747 2748
f 2769 2748 2768
f 2768 2748 2749
f 2768 2749 2767
f 2767 2749 2750
f 2767 2750 2766
f 2766 2750 2751
f 2766 2751 2765
f 2765 2751 2752
f 2765 2752 2764
f 2764 2752 2753
f 2764 2753 2763
f 2763 2753 2754
f 2763 2754 2762
f 2762 2754 2755
f 2762 2755 2761
f 2761 2755 2756
f 2761 2756 2760
f 2760 2756 2757
f 2760 2757 2758
f 2758 2759 2760
f 2791 2793 2792
f 2794 2787 2788
f 2788 2789 2799
f 2791 2797 2790
f 2790 2798 2789
f 2807 2800 2806
f 2806 2800 2801
f 2806 2801 2805
f 2805 2801 2802
f 2805 2802 2804
f 2804 2802 2803
f 2815 2808 2814
f 2814 2808 2809
f 2814 2809 2813
f 2813 2809 2810
f 2813 2810 2812
f 2812 2810 2811
f 2823 2816 2824
f 2824 2816 2817
f 2824 2817 2829
f 2829 2817 2818
f 2829 2818 2828
f 2828 2818 2819
f 2828 2819 2827
f 2827 2819 2820
f 2827 2820 2821
f 2827 2821 2826
f 2826 2821 2822
f 2826 2822 2825
f 2825 2822 2823
f 2825 2823 2824
f 2831 2837 2830
f 2830 2837 2838
f 2830 2838 2839
f 2837 2831 2836
f 2836 2831 2832
f 2836 2832 2835
f 2835 2832 2842
f 2835 2842 2840
f 2841 2833 2834
f 2841 2834 2839
f 2839 2834 2830
f 2850 2843 2849
f 2849 2843 2844
f 2849 2844 2848
f 2848 2844 2845
f 2848 2845 2847
f 2847 2845 2846
f 2875 2851 2891
f 2891 2851 2852
f 2891 2852 2890
f 2890 2852 2889
f 2889 2852 2853
f 2889 2853 2888
f 2888 2853 2854
f 2888 2854 2887
f 2887 2854 2855
f 2887 2855 2886
f 2886 2855 2856
f 2886 2856 2885
f 2885 2856 2857
f 2885 2857 2884
f 2884 2857 2899
f 2884 2899 2883
f 2900 2858 2859
f 2900 2859 2882
f 2882 2859 2860
f 2882 2860 2881
f 2881 2860 2861
f 2881 2861 2880
f 2880 2861 2862
f 2880 2862 2879
f 2879 2862 2863
f 2879 2863 2878
f 2878 2863 2864
f 2878 2864 2877
f 2877 2864 2865
f 2877 2865 2876
f 2876 2865 2898
f 2898 2865 2866
f 2898 2866 2867
f 2898 2867 2897
f 2897 2867 2868
f 2897 2868 2896
f 2896 2868 2869
f 2896 2869 2895
f 2895 2869 2870
f 2895 2870 2871
f 2895 2871 2894
f 2894 2871 2872
f 2894 2872 2873
f 2894 2873 2893
f 2893 2873 2874
f 2893 2874 2892
f 2892 2874 2875
f 2892 2875 2891
f 2905 2907 2906
f 2908 2901 2902
f 2902 2903 2913
f 2905 2911 2904
f 2904 2912 2903
f 2914 2915 2921
f 2921 2915 2916
f 2921 2916 2920
f 2920 2916 2917
f 2920 2917 2919
f 2919 2917 2918
f 2922 2923 2929
f 2929 2923 2924
f 2929 2924 2928
f 2928 2924 2925
f 2928 2925 2927
f 2927 2925 2926
f 2937 2930 2938
f 2938 2930 2931
f 2938 2931 2943
f 2943 2931 2932
f 2943 2932 2942
f 2942 2932 2933
f 2942 2933 2941
f 2941 2933 2934
f 2941 2934 2935
f 2941 2935 2940
f 2940 2935 2936
f 2940 2936 2939
f 2939 2936 2937
f 2939 2937 2938
f 2945 2951 2944
f 2944 2951 2952
f 2944 2952 2953
f 2951 2945 2950
f 2950 2945 2946
f 2950 2946 2949
f 2949 2946 2956
f 2949 2956 2954
f 2955 2947 2948
f 2955 2948 2953
f 2953 2948 2944
f 2957 2958 2973
f 2973 2958 2959
f 2973 2959 2960
f 2960 2961 2973
f 2973 2961 2972
f 2972 2961 2962
f 2972 2962 2963
f 2963 2964 2972
f 2972 2964 2965
f 2972 2965 2966
f 2972 2966 2971
f 2971 2966 2967
f 2971 2967 2968
f 2968 2969 2971
f 2971 2969 2970
f 2974 2975 3002
f 3002 2975 3071
f 3002 3071 3072
f 2976 3085 2975
f 2975 3085 3070
f 2975 3070 3071
f 2977 2978 2976
f 2976 2978 3101
f 2976 3101 3086
f 2979 3099 2978
f 2978 3099 3100
f 2978 3100 3101
f 3099 2979 3098
f 3098 2979 2980
f 3098 2980 3097
f 3097 2980 3049
f 3097 3049 3030
f 3049 2980 3048
f 3048 2980 2981
f 3048 2981 3047
f 3047 2981 3046
f 3046 2981 2982
f 3046 2982 3045
f 3045 2982 2983
f 3045 2983 3044
f 3044 2983 2984
f 3044 2984 3043
f 3043 2984 2985
f 3043 2985 3042
f 3042 2985 3041
f 3041 2985 2986
f 3041 2986 3040
f 3040 2986 2987
f 3040 2987 3009
f 3009 2987 3028
f 3009 3028 3029
f 2987 2988 3028
f 3028 2988 3027
f 3027 2988 2989
f 3027 2989 3026
f 3026 2989 2990
f 3026 2990 3025
f 3025 2990 2991
f 3025 2991 3024
f 3024 2991 2992
f 3024 2992 3023
f 3023 2992 2993
f 3023 2993 3006
f 3006 2993 3063
f 3006 3063 3064
f 2993 2994 3063
f 3063 2994 3062
f 3062 2994 2995
f 3062 2995 3061
f 3061 2995 3060
f 3060 2995 2996
f 3060 2996 3059
f 3059 2996 2997
f 3059 2997 3058
f 3058 2997 2998
f 3058 2998 3057
f 3057 2998 2999
f 3057 2999 3056
f 3056 2999 3055
f 3055 2999 3000
f 3055 3000 3054
f 3054 3000 3075
f 3054 3075 3053
f 3053 3075 3076
f 3053 3076 3019
f 3019 3076 3018
f 3018 3076 3077
f 3018 3077 3078
f 3075 3000 3074
f 3074 3000 3001
f 3074 3001 3073
f 3073 3001 3002
f 3073 3002 3072
f 3004 3068 3003
f 3003 3068 3069
f 3003 3069 3020
f 3020 3069 3050
f 3020 3050 3051
f 3005 3066 3004
f 3004 3066 3067
f 3004 3067 3068
f 3006 3064 3005
f 3005 3064 3065
f 3005 3065 3066
f 3023 3006 3022
f 3022 3006 3007
f 3022 3007 3021
f 3021 3007 3008
f 3021 3008 3029
f 3029 3008 3009
f 3040 3009 3039
f 3039 3009 3010
f 3039 3010 3038
f 3038 3010 3037
f 3037 3010 3011
f 3037 3011 3036
f 3036 3011 3035
f 3035 3011 3012
f 3035 3012 3034
f 3034 3012 3013
f 3034 3013 3033
f 3033 3013 3032
f 3032 3013 3014
f 3032 3014 3031
f 3031 3014 3030
f 3030 3014 3096
f 3030 3096 3097
f 3096 3014 3095
f 3095 3014 3015
f 3095 3015 3094
f 3094 3015 3093
f 3093 3015 3016
f 3093 3016 3092
f 3092 3016 3080
f 3092 3080 3091
f 3091 3080 3081
f 3091 3081 3090
f 3090 3081 3082
f 3090 3082 3089
f 3089 3082 3083
f 3089 3083 3088
f 3088 3083 3084
f 3088 3084 3087
f 3087 3084 3085
f 3087 3085 2976
f 3016 3017 3080
f 3080 3017 3079
f 3079 3017 3078
f 3078 3017 3018
f 3020 3051 3019
f 3019 3051 3052
f 3019 3052 3053
f 3086 3087 2976
f 3102 3103 3109
f 3109 3103 3104
f 3109 3104 3105
f 3106 3107 3105
f 3105 3107 3108
f 3105 3108 3109
f 3111 3116 3110
f 3113 3122 3112
f 3110 3119 3114
f 3121 3118 3111
f 3114 3120 3113
f 3207 3182 3123
f 3123 3182 3179
f 3123 3179 3180
f 3182 3207 3181
f 3208 3124 3125
f 3208 3125 3206
f 3206 3125 3126
f 3206 3126 3128
f 3128 3126 3127
f 3128 3129 3206
f 3206 3129 3205
f 3205 3129 3130
f 3205 3130 3204
f 3204 3130 3131
f 3204 3131 3203
f 3203 3131 3132
f 3203 3132 3202
f 3202 3132 3137
f 3202 3137 3138
f 3133 3134 3132
f 3132 3134 3137
f 3134 3135 3137
f 3137 3135 3136
f 3202 3138 3201
f 3201 3138 3139
f 3201 3139 3200
f 3200 3139 3140
f 3200 3140 3199
f 3199 3140 3141
f 3199 3141 3146
f 3146 3141 3143
f 3146 3143 3144
f 3141 3142 3143
f 3144 3145 3146
f 3199 3146 3198
f 3198 3146 3147
f 3198 3147 3197
f 3197 3147 3148
f 3197 3148 3196
f 3196 3148 3149
f 3196 3149 3195
f 3195 3149 3150
f 3195 3150 3152
f 3152 3150 3151
f 3152 3153 3195
f 3195 3153 3194
f 3194 3153 3154
f 3194 3154 3193
f 3193 3154 3155
f 3193 3155 3157
f 3157 3155 3156
f 3157 3158 3193
f 3193 3158 3192
f 3192 3158 3159
f 3192 3159 3191
f 3191 3159 3160
f 3191 3160 3190
f 3190 3160 3161
f 3190 3161 3189
f 3189 3161 3166
f 3189 3166 3167
f 3162 3163 3161
f 3161 3163 3166
f 3163 3164 3166
f 3166 3164 3165
f 3189 3167 3188
f 3188 3167 3168
f 3188 3168 3187
f 3187 3168 3169
f 3187 3169 3186
f 3186 3169 3170
f 3186 3170 3175
f 3175 3170 3172
f 3175 3172 3173
f 3170 3171 3172
f 3173 3174 3175
f 3186 3175 3185
f 3185 3175 3176
f 3185 3176 3184
f 3184 3176 3177
f 3184 3177 3183
f 3183 3177 3178
f 3183 3178 3182
f 3182 3178 3179
f 3210 3320 3209
f 3209 3320 3321
f 3209 3321 3324
f 3324 3321 3322
f 3324 3322 3323
f 3320 3210 3392
f 3392 3210 3211
f 3392 3211 3212
f 3212 3213 3392
f 3392 3213 3214
f 3392 3214 3391
f 3391 3214 3215
f 3391 3215 3350
f 3350 3215 3216
f 3350 3216 3217
f 3350 3217 3349
f 3349 3217 3218
f 3349 3218 3219
f 3349 3219 3354
f 3354 3219 3220
f 3354 3220 3353
f 3353 3220 3221
f 3353 3221 3352
f 3352 3221 3222
f 3352 3222 3223
f 3223 3224 3352
f 3352 3224 3390
f 3352 3390 3351
f 3351 3390 3391
f 3351 3391 3350
f 3224 3225 3390
f 3390 3225 3389
f 3389 3225 3226
f 3389 3226 3388
f 3388 3226 3227
f 3388 3227 3356
f 3356 3227 3228
f 3356 3228 3229
f 3356 3229 3355
f 3355 3229 3230
f 3355 3230 3231
f 3355 3231 3360
f 3360 3231 3232
f 3360 3232 3359
f 3359 3232 3233
f 3359 3233 3358
f 3358 3233 3234
f 3358 3234 3235
f 3235 3236 3358
f 3358 3236 3387
f 3358 3387 3357
f 3357 3387 3388
f 3357 3388 3356
f 3236 3237 3387
f 3387 3237 3386
f 3386 3237 3238
f 3386 3238 3385
f 3385 3238 3239
f 3385 3239 3362
f 3362 3239 3240
f 3362 3240 3241
f 3362 3241 3361
f 3361 3241 3242
f 3361 3242 3243
f 3361 3243 3366
f 3366 3243 3244
f 3366 3244 3365
f 3365 3244 3245
f 3365 3245 3364
f 3364 3245 3246
f 3364 3246 3247
f 3247 3248 3364
f 3364 3248 3384
f 3364 3384 3363
f 3363 3384 3385
f 3363 3385 3362
f 3248 3249 3384
f 3384 3249 3383
f 3383 3249 3250
f 3383 3250 3382
f 3382 3250 3251
f 3382 3251 3368
f 3368 3251 3252
f 3368 3252 3253
f 3368 3253 3367
f 3367 3253 3254
f 3367 3254 3255
f 3367 3255 3372
f 3372 3255 3256
f 3372 3256 3371
f 3371 3256 3257
f 3371 3257 3370
f 3370 3257 3258
f 3370 3258 3259
f 3259 3260 3370
f 3370 3260 3381
f 3370 3381 3369
f 3369 3381 3368
f 3368 3381 3382
f 3381 3260 3380
f 3380 3260 3261
f 3380 3261 3262
f 3380 3262 3379
f 3379 3262 3263
f 3379 3263 3378
f 3378 3263 3326
f 3378 3326 3327
f 3263 3264 3326
f 3326 3264 3265
f 3326 3265 3325
f 3325 3265 3266
f 3325 3266 3267
f 3325 3267 3330
f 3330 3267 3268
f 3330 3268 3329
f 3329 3268 3269
f 3329 3269 3328
f 3328 3269 3270
f 3328 3270 3271
f 3271 3272 3328
f 3328 3272 3377
f 3328 3377 3327
f 3327 3377 3378
f 3272 3273 3377
f 3377 3273 3376
f 3376 3273 3274
f 3376 3274 3375
f 3375 3274 3275
f 3375 3275 3332
f 3332 3275 3276
f 3332 3276 3277
f 3332 3277 3331
f 3331 3277 3278
f 3331 3278 3279
f 3331 3279 3336
f 3336 3279 3280
f 3336 3280 3335
f 3335 3280 3281
f 3335 3281 3334
f 3334 3281 3282
f 3334 3282 3283
f 3283 3284 3334
f 3334 3284 3374
f 3334 3374 3333
f 3333 3374 3375
f 3333 3375 3332
f 3284 3285 3374
f 3374 3285 3373
f 3373 3285 3286
f 3373 3286 3398
f 3398 3286 3287
f 3398 3287 3338
f 3338 3287 3288
f 3338 3288 3289
f 3338 3289 3337
f 3337 3289 3290
f 3337 3290 3291
f 3337 3291 3342
f 3342 3291 3292
f 3342 3292 3341
f 3341 3292 3293
f 3341 3293 3340
f 3340 3293 3294
f 3340 3294 3295
f 3295 3296 3340
f 3340 3296 3397
f 3340 3397 3339
f 3339 3397 3398
f 3339 3398 3338
f 3296 3297 3397
f 3397 3297 3396
f 3396 3297 3298
f 3396 3298 3395
f 3395 3298 3299
f 3395 3299 3344
f 3344 3299 3300
f 3344 3300 3301
f 3344 3301 3343
f 3343 3301 3302
f 3343 3302 3303
f 3343 3303 3348
f 3348 3303 3304
f 3348 3304 3347
f 3347 3304 3305
f 3347 3305 3346
f 3346 3305 3306
f 3346 3306 3307
f 3307 3308 3346
f 3346 3308 3394
f 3346 3394 3345
f 3345 3394 3344
f 3344 3394 3395
f 3308 3309 3394
f 3394 3309 3393
f 3393 3309 3310
f 3393 3310 3311
f 3311 3312 3393
f 3393 3312 3313
f 3393 3313 3319
f 3319 3313 3314
f 3319 3314 3318
f 3318 3314 3315
f 3318 3315 3317
f 3317 3315 3316
f 3319 3320 3393
f 3393 3320 3392
f 3406 3399 3405
f 3405 3399 3400
f 3405 3400 3401
f 3405 3401 3404
f 3404 3401 3402
f 3404 3402 3403
f 3408 3409 3407
f 3407 3409 3410
