v 0.03664162397 0.003000000119 0.4343293268
v 0.03833199501 0.003000000119 0.4338764078
v 0.03956943035 0.003000000119 0.4351138384
v 0.03911649704 0.003000000119 0.436804207
v 0.03742612839 0.003000000119 0.4372571451
v 0.03618869066 0.003000000119 0.4360197145
v 0.03699517727 0.00349999994 0.434682892
v 0.03676530361 0.00349999994 0.4361342699
v 0.03807460308 0.00349999994 0.4368013841
v 0.03911367178 0.00349999994 0.4357623178
v 0.03844654799 0.00349999994 0.4344530183
v 0.03844654799 0.00349999994 0.4344530183
v 0.03833199501 0.003000000119 0.4338764078
v 0.0378790617 0.00349999994 0.4054367334
v 0.03669023991 0.00349999994 0.4045730001
v 0.03714432955 0.00349999994 0.4031754572
v 0.03861379147 0.00349999994 0.4031754572
v 0.03906788111 0.00349999994 0.4045730001
v 0.0391290617 0.01149999976 0.4041867334
v 0.03826533318 0.01149999976 0.4029979116
v 0.03686779022 0.01149999976 0.4034520036
v 0.03686779022 0.01149999976 0.4049214632
v 0.03826533318 0.01149999976 0.4053755552
v 0.0391290617 0.01149999976 0.4041867334
v 0.03861379147 0.00349999994 0.4031754572
v 0.01657390475 0.01149999976 0.381113804
v 0.01680377841 0.01149999976 0.3825651819
v 0.01549447775 0.01149999976 0.3832323057
v 0.01445541024 0.01149999976 0.3821932298
v 0.01512253284 0.01149999976 0.3808839304
v 0.01569002032 0.01225107551 0.3819976885
v 0.01657390475 0.01149999976 0.381113804
v 0.01569002032 0.01225107551 0.3819976885
v 0.01569002032 0.01225107551 0.3819976885
v 0.01569002032 0.01225107551 0.3819976885
v 0.01569002032 0.01225107551 0.3819976885
v 0.01569002032 0.01225107551 0.3819976885
v 0.01569002032 0.01225107551 0.3819976885
v 0.01569002032 0.01225107551 0.3819976885
v -0.01146861792 0.03400000095 0.4592400629
v -0.01219773769 0.03400000095 0.4591674501
v -0.01290408254 0.03400000095 0.4593622858
v -0.01349284649 0.03400000095 0.4597984583
v -0.01349284649 0.003000000119 0.4597984583
v -0.01290408254 0.003000000119 0.4593622858
v -0.01219773769 0.003000000119 0.4591674501
v -0.01146861792 0.003000000119 0.4592400629
v 0.03936331749 0.03400000095 0.4313453752
v 0.03929069042 0.03400000095 0.4320744974
v 0.03948553801 0.03400000095 0.4327808267
v 0.03992171288 0.03400000095 0.4333696062
v 0.03992171288 0.003000000119 0.4333696062
v 0.03948553801 0.003000000119 0.4327808267
v 0.03929069042 0.003000000119 0.4320744974
v 0.03936331749 0.003000000119 0.4313453752
v -0.0359436059 0.03400000095 0.4396012766
v -0.0359436059 0.003000000119 0.4396012766
v -0.03159767628 0.003000000119 0.4460031206
v -0.02612636328 0.003000000119 0.4514744264
v -0.01972453117 0.003000000119 0.4558203584
v -0.01972453117 0.03400000095 0.4558203584
v -0.02612636328 0.03400000095 0.4514744264
v -0.03159767628 0.03400000095 0.4460031206
v 0.01972453117 0.03400000095 0.4558203584
v 0.01915760994 0.03400000095 0.4562845689
v 0.01879592776 0.03400000095 0.4569218141
v 0.01868803024 0.03400000095 0.4576465494
v 0.01868803024 0.003000000119 0.4576465494
v 0.01879592776 0.003000000119 0.4569218141
v 0.01915760994 0.003000000119 0.4562845689
v 0.01972453117 0.003000000119 0.4558203584
v -0.01569002032 0.03400000095 0.3802476961
v -0.01720556498 0.03400000095 0.3811226923
v -0.01720556498 0.03400000095 0.3828726942
v -0.01569002032 0.03400000095 0.3837476904
v -0.01417447686 0.03400000095 0.3828726942
v -0.01417447686 0.03400000095 0.3811226923
v -0.01569002032 0.03349999905 0.3807476885
v -0.01450119972 0.03349999905 0.3816114217
v -0.01495528936 0.03349999905 0.3830089647
v -0.01642475247 0.03349999905 0.3830089647
v -0.01687884092 0.03349999905 0.3816114217
v -0.01569002032 0.03400000095 0.3802476961
v -0.01569002032 0.03349999905 0.3807476885
v 0.01569002032 0.03349999905 0.3832476885
v 0.01687884092 0.03349999905 0.3823839647
v 0.01642475247 0.03349999905 0.3809864217
v 0.01495528936 0.03349999905 0.3809864217
v 0.01450119972 0.03349999905 0.3823839647
v 0.01480613708 0.02549999952 0.3828815729
v 0.01457626224 0.02549999952 0.3814302045
v 0.01588556409 0.02549999952 0.3807630808
v 0.0169246316 0.02549999952 0.3818021471
v 0.01625750899 0.02549999952 0.3831114465
v 0.01588556409 0.02549999952 0.3807630808
v 0.01642475247 0.03349999905 0.3809864217
v -0.03854883909 0.03230000019 0.4232939035
v -0.03854967833 0.03226739407 0.423284424
v -0.03855018616 0.03223391533 0.4232786829
v -0.03855035782 0.03220000029 0.4232767564
v -0.03930000067 0.03220000029 0.4232767564
v -0.03930000067 0.03234999895 0.4233169443
v -0.03930000067 0.0324598074 0.4234267503
v -0.03930000067 0.0325 0.4235767442
v -0.03852272034 0.0325 0.4235767442
v -0.03930000067 0.005500000119 0.4143767435
v -0.03930000067 0.0325 0.4143767435
v -0.03936698675 0.0325 0.4141267473
v -0.03954999924 0.0325 0.4139437372
v -0.03980000019 0.0325 0.4138767511
v -0.03980000019 0.005500000119 0.4138767511
v -0.03954999924 0.005500000119 0.4139437372
v -0.03936698675 0.005500000119 0.4141267473
v -0.03930000067 0.0325 0.4161767465
v -0.03930000067 0.0325 0.4143767435
v -0.03930000067 0.005500000119 0.4143767435
v -0.03930000067 0.005500000119 0.4164767534
v -0.03930000067 0.03220000029 0.4164767534
v -0.03930000067 0.03234999895 0.4164365656
v -0.03930000067 0.0324598074 0.4163267595
v -2.592460481e-13 0.005500000119 0.3963767511
v -0.006620715261 0.005500000119 0.3973286707
v -0.01270505905 0.005500000119 0.4001072961
v -0.01776011467 0.005500000119 0.4044875223
v -0.02137635231 0.005500000119 0.4101144964
v -0.02326080322 0.005500000119 0.4165323526
v -0.02326080322 0.005500000119 0.4232211572
v -0.02137635231 0.005500000119 0.4296390039
v -0.01776011467 0.005500000119 0.4352659876
v -0.01270505905 0.005500000119 0.4396462137
v -0.00662071526 0.005500000119 0.4424248392
v 2.591944394e-13 0.005500000119 0.4433767587
v 0.006620715261 0.005500000119 0.4424248392
v 0.01270505905 0.005500000119 0.4396462137
v 0.01776011467 0.005500000119 0.4352659876
v 0.02137635231 0.005500000119 0.4296390039
v 0.02326080322 0.005500000119 0.4232211572
v 0.02326080322 0.005500000119 0.4165323526
v 0.02137635231 0.005500000119 0.4101144964
v 0.01776011467 0.005500000119 0.4044875223
v 0.01270505905 0.005500000119 0.4001072961
v 0.00662071526 0.005500000119 0.3973286707
v -2.592454425e-13 0.005 0.3963767511
v 0.00662071526 0.005 0.3973286707
v 0.01270505905 0.005 0.4001072961
v 0.01776011467 0.005 0.4044875223
v 0.02137635231 0.005 0.4101144964
v 0.02326080322 0.005 0.4165323526
v 0.02326080322 0.005 0.4232211572
v 0.02137635231 0.005 0.4296390039
v 0.01776011467 0.005 0.4352659876
v 0.01270505905 0.005 0.4396462137
v 0.006620715261 0.005 0.4424248392
v 2.591936061e-13 0.005 0.4433767587
v -0.00662071526 0.005 0.4424248392
v -0.01270505905 0.005 0.4396462137
v -0.01776011467 0.005 0.4352659876
v -0.02137635231 0.005 0.4296390039
v -0.02326080322 0.005 0.4232211572
v -0.02326080322 0.005 0.4165323526
v -0.02137635231 0.005 0.4101144964
v -0.01776011467 0.005 0.4044875223
v -0.01270505905 0.005 0.4001072961
v -0.006620715261 0.005 0.3973286707
v 2.591936061e-13 0.005 0.4433767587
v 2.591944394e-13 0.005500000119 0.4433767587
v 0.03699517727 0.00349999994 0.434682892
v 0.03844654799 0.00349999994 0.4344530183
v 0.03911367178 0.00349999994 0.4357623178
v 0.03807460308 0.00349999994 0.4368013841
v 0.03676530361 0.00349999994 0.4361342699
v 0.03699517727 0.01149999976 0.434682892
v 0.03676530361 0.01149999976 0.4361342699
v 0.03807460308 0.01149999976 0.4368013841
v 0.03911367178 0.01149999976 0.4357623178
v 0.03844654799 0.01149999976 0.4344530183
v 0.03807460308 0.01149999976 0.4368013841
v 0.03807460308 0.00349999994 0.4368013841
v 0.0391290617 0.01149999976 0.4041867334
v 0.03826533318 0.01149999976 0.4053755552
v 0.03686779022 0.01149999976 0.4049214632
v 0.03686779022 0.01149999976 0.4034520036
v 0.03826533318 0.01149999976 0.4029979116
v 0.0378790617 0.01225107551 0.4041867334
v 0.0391290617 0.01149999976 0.4041867334
v 0.0378790617 0.01225107551 0.4041867334
v 0.0378790617 0.01225107551 0.4041867334
v 0.0378790617 0.01225107551 0.4041867334
v 0.0378790617 0.01225107551 0.4041867334
v 0.0378790617 0.01225107551 0.4041867334
v 0.0378790617 0.01225107551 0.4041867334
v 0.0378790617 0.01225107551 0.4041867334
v -0.01972453117 0.03400000095 0.3839331419
v -0.01915760994 0.03400000095 0.3834689314
v -0.01879592776 0.03400000095 0.3828316957
v -0.01868803024 0.03400000095 0.3821069605
v -0.01868803024 0.003000000119 0.3821069605
v -0.01879592776 0.003000000119 0.3828316957
v -0.01915760994 0.003000000119 0.3834689314
v -0.01972453117 0.003000000119 0.3839331419
v 0.03776979685 0.003000000119 0.4385647852
v 0.03997446537 0.003000000119 0.4377136881
v 0.04087883949 0.003000000119 0.4355303461
v 0.03992171288 0.003000000119 0.4333696062
v 0.03992171288 0.03400000095 0.4333696062
v 0.04087883949 0.03400000095 0.4355303461
v 0.03997446537 0.03400000095 0.4377136881
v 0.03776979685 0.03400000095 0.4385647852
v -0.01146861792 0.003000000119 0.4592400629
v -0.003868803381 0.003000000119 0.4606938059
v 0.003868803382 0.003000000119 0.4606938059
v 0.01146861792 0.003000000119 0.4592400629
v 0.01146861792 0.03400000095 0.4592400629
v 0.003868803382 0.03400000095 0.4606938059
v -0.003868803381 0.03400000095 0.4606938059
v -0.01146861792 0.03400000095 0.4592400629
v -0.03664162397 0.03400000095 0.405424164
v -0.03618869066 0.03400000095 0.4037337953
v -0.03742612839 0.03400000095 0.4024963648
v -0.03911649704 0.03400000095 0.4029492933
v -0.03956943035 0.03400000095 0.4046396619
v -0.03833199501 0.03400000095 0.4058771021
v -0.03699517727 0.03349999905 0.4050706178
v -0.03844654799 0.03349999905 0.4053004915
v -0.03911367178 0.03349999905 0.403991192
v -0.03807460308 0.03349999905 0.4029521257
v -0.03676530361 0.03349999905 0.40361924
v -0.03807460308 0.03349999905 0.4029521257
v -0.03911649704 0.03400000095 0.4029492933
v -0.01569002032 0.03349999905 0.3807476885
v -0.01687884092 0.03349999905 0.3816114217
v -0.01642475247 0.03349999905 0.3830089647
v -0.01495528936 0.03349999905 0.3830089647
v -0.01450119972 0.03349999905 0.3816114217
v -0.01569002032 0.02549999952 0.3832476885
v -0.01687884092 0.02549999952 0.3823839647
v -0.01642475247 0.02549999952 0.3809864217
v -0.01495528936 0.02549999952 0.3809864217
v -0.01450119972 0.02549999952 0.3823839647
v -0.01642475247 0.02549999952 0.3809864217
v -0.01569002032 0.03349999905 0.3807476885
v 0.01480613708 0.02549999952 0.3828815729
v 0.01625750899 0.02549999952 0.3831114465
v 0.0169246316 0.02549999952 0.3818021471
v 0.01588556409 0.02549999952 0.3807630808
v 0.01457626224 0.02549999952 0.3814302045
v 0.01569002032 0.02474892378 0.3819976885
v 0.01569002032 0.02474892378 0.3819976885
v 0.01569002032 0.02474892378 0.3819976885
v 0.01569002032 0.02474892378 0.3819976885
v 0.01569002032 0.02474892378 0.3819976885
v 0.01569002032 0.02474892378 0.3819976885
v 0.01569002032 0.02474892378 0.3819976885
v 0.0169246316 0.02549999952 0.3818021471
v 0.01569002032 0.02474892378 0.3819976885
v -0.03930000067 0.03220000029 0.4164767534
v -0.03930000067 0.005500000119 0.4164767534
v -0.038349576 0.005500000119 0.4164767534
v -0.038349576 0.03230000019 0.4164767534
v -0.03855035782 0.03230000019 0.4164767534
v -0.03855035782 0.03220000029 0.4164767534
v -0.03852272034 0.0325 0.4161767465
v -0.03844115019 0.0325 0.4154081995
v -0.03834424973 0.0325 0.4146414262
v -0.03823205471 0.0325 0.4138767511
v -0.03980000019 0.0325 0.4138767511
v -0.03954999924 0.0325 0.4139437372
v -0.03936698675 0.0325 0.4141267473
v -0.03930000067 0.0325 0.4143767435
v -0.03930000067 0.0325 0.4161767465
v -0.03823205471 0.03400000095 0.4138767511
v -0.04163832188 0.03400000095 0.4138767511
v -0.04163832188 0.005500000119 0.4138767511
v -0.03980000019 0.005500000119 0.4138767511
v -0.03980000019 0.0325 0.4138767511
v -0.03823205471 0.0325 0.4138767511
v -0.03854883909 0.03230000019 0.4164595873
v -0.03852272034 0.03230000019 0.4161767465
v -0.03823205471 0.03230000019 0.4138767511
v -0.03645499229 0.03230000019 0.406887396
v -0.03341198921 0.03230000019 0.4003491003
v -0.02920871258 0.03230000019 0.3944889337
v -0.0239911294 0.03230000019 0.3895103914
v -0.01794042468 0.03230000019 0.3855863554
v -0.01126671672 0.03230000019 0.3828530962
v -0.004201758802 0.03230000019 0.3814055235
v 0.003009110093 0.03230000019 0.381293915
v 0.010115484 0.03230000019 0.3825221426
v 0.01687058568 0.03230000019 0.3850475485
v 0.02303983688 0.03230000019 0.3887824422
v 0.02840899944 0.03230000019 0.3935971243
v 0.03279162645 0.03230000019 0.3993243963
v 0.0360355258 0.03230000019 0.4057653791
v 0.03802804708 0.03230000019 0.4126963884
v 0.03869999886 0.03230000019 0.4198767549
v 0.03802804708 0.03230000019 0.4270571214
v 0.0360355258 0.03230000019 0.4339881212
v 0.03279162645 0.03230000019 0.440429104
v 0.02840899944 0.03230000019 0.446156376
v 0.02303983688 0.03230000019 0.450971058
v 0.01687058568 0.03230000019 0.4547059518
v 0.010115484 0.03230000019 0.4572313577
v 0.003009110094 0.03230000019 0.4584595949
v -0.004201758802 0.03230000019 0.4583479768
v -0.01126671672 0.03230000019 0.4569004137
v -0.01794042468 0.03230000019 0.4541671449
v -0.0239911294 0.03230000019 0.4502431184
v -0.02920871258 0.03230000019 0.445264557
v -0.03341198921 0.03230000019 0.4394044
v -0.03645499229 0.03230000019 0.4328661043
v -0.03823205471 0.03230000019 0.4258767587
v -0.03852272034 0.03230000019 0.4235767442
v -0.03854883909 0.03230000019 0.4232939035
v -0.03852272034 0.0325 0.4235767442
v -0.03844115019 0.0325 0.4243453104
v -0.03834424973 0.0325 0.4251120645
v -0.03823205471 0.0325 0.4258767587
v -0.03823205471 0.03400000095 0.4258767587
v -0.03598441124 0.03400000095 0.4341179735
v -0.03198355913 0.03400000095 0.441665333
v -0.02642442465 0.03400000095 0.4481511194
v -0.01957785726 0.03400000095 0.4532593424
v -0.01177742839 0.03400000095 0.456741131
v -0.003403188884 0.03400000095 0.4584268266
v 0.005136858821 0.03400000095 0.4582343179
v 0.01342663169 0.03400000095 0.45617297
v 0.02106224299 0.03400000095 0.4523432237
v 0.02767167091 0.03400000095 0.4469316751
v 0.032932899 0.03400000095 0.4402019579
v 0.0365895915 0.03400000095 0.4324819833
v 0.03846358776 0.03400000095 0.4241478616
v 0.03846358776 0.03400000095 0.4156056482
v 0.0365895915 0.03400000095 0.407271517
v 0.032932899 0.03400000095 0.3995515424
v 0.02767167091 0.03400000095 0.3928218347
v 0.02106224298 0.03400000095 0.3874102766
v 0.01342663169 0.03400000095 0.3835805303
v 0.00513685882 0.03400000095 0.3815191919
v -0.003403188885 0.03400000095 0.3813266737
v -0.01177742839 0.03400000095 0.3830123788
v -0.01957785726 0.03400000095 0.3864941579
v -0.02642442465 0.03400000095 0.3916023904
v -0.03198355913 0.03400000095 0.3980881769
v -0.03598441124 0.03400000095 0.4056355364
v -0.03823205471 0.03400000095 0.4138767511
v -0.03823205471 0.0325 0.4138767511
v -0.03834424973 0.0325 0.4146414262
v -0.03844115019 0.0325 0.4154081995
v -0.03852272034 0.0325 0.4161767465
v -0.004201758802 0.03230000019 0.4583479768
v -0.003403188884 0.03400000095 0.4584268266
v -0.04163832188 0.005500000119 0.4138767511
v -0.04163832188 0.03400000095 0.4138767511
v -0.0418691349 0.03400000095 0.4139332086
v -0.04204781532 0.03400000095 0.4140898401
v -0.04213401794 0.03400000095 0.4143112833
v -0.04213401794 0.005500000119 0.4143112833
v -0.04204781532 0.005500000119 0.4140898401
v -0.0418691349 0.005500000119 0.4139332086
v 0.03699517727 0.01149999976 0.434682892
v 0.03844654799 0.01149999976 0.4344530183
v 0.03911367178 0.01149999976 0.4357623178
v 0.03807460308 0.01149999976 0.4368013841
v 0.03676530361 0.01149999976 0.4361342699
v 0.0378790617 0.01225107551 0.4355667764
v 0.0378790617 0.01225107551 0.4355667764
v 0.0378790617 0.01225107551 0.4355667764
v 0.0378790617 0.01225107551 0.4355667764
v 0.0378790617 0.01225107551 0.4355667764
v 0.0378790617 0.01225107551 0.4355667764
v 0.0378790617 0.01225107551 0.4355667764
v 0.03911367178 0.01149999976 0.4357623178
v 0.0378790617 0.01225107551 0.4355667764
v -0.01349284649 0.003000000119 0.379955042
v -0.01565359235 0.003000000119 0.3789979154
v -0.01783694387 0.003000000119 0.3799022848
v -0.01868803024 0.003000000119 0.3821069605
v -0.01868803024 0.03400000095 0.3821069605
v -0.01783694387 0.03400000095 0.3799022848
v -0.01565359235 0.03400000095 0.3789979154
v -0.01349284649 0.03400000095 0.379955042
v 0.0359436059 0.003000000119 0.4396012766
v 0.03640781641 0.003000000119 0.4390343553
v 0.03704505682 0.003000000119 0.4386726839
v 0.03776979685 0.003000000119 0.4385647852
v 0.03776979685 0.03400000095 0.4385647852
v 0.03704505682 0.03400000095 0.4386726839
v 0.03640781641 0.03400000095 0.4390343553
v 0.0359436059 0.03400000095 0.4396012766
v 0.0359436059 0.03400000095 0.4396012766
v 0.03159767628 0.03400000095 0.4460031206
v 0.02612636328 0.03400000095 0.4514744264
v 0.01972453117 0.03400000095 0.4558203584
v 0.01972453117 0.003000000119 0.4558203584
v 0.02612636328 0.003000000119 0.4514744264
v 0.03159767628 0.003000000119 0.4460031206
v 0.0359436059 0.003000000119 0.4396012766
v -0.03612905979 0.03400000095 0.4355667764
v -0.03700406075 0.03400000095 0.4340512354
v -0.03875406027 0.03400000095 0.4340512354
v -0.03962906122 0.03400000095 0.4355667764
v -0.03875406027 0.03400000095 0.4370823175
v -0.03700406075 0.03400000095 0.4370823175
v -0.0366290617 0.03349999905 0.4355667764
v -0.03749279022 0.03349999905 0.4367555887
v -0.03889033318 0.03349999905 0.4363015062
v -0.03889033318 0.03349999905 0.4348320467
v -0.03749279022 0.03349999905 0.4343779451
v -0.03889033318 0.03349999905 0.4348320467
v -0.03875406027 0.03400000095 0.4340512354
v -0.03699517727 0.03349999905 0.4050706178
v -0.03676530361 0.03349999905 0.40361924
v -0.03807460308 0.03349999905 0.4029521257
v -0.03911367178 0.03349999905 0.403991192
v -0.03844654799 0.03349999905 0.4053004915
v -0.03699517727 0.02549999952 0.4050706178
v -0.03844654799 0.02549999952 0.4053004915
v -0.03911367178 0.02549999952 0.403991192
v -0.03807460308 0.02549999952 0.4029521257
v -0.03676530361 0.02549999952 0.40361924
v -0.03911367178 0.02549999952 0.403991192
v -0.03911367178 0.03349999905 0.403991192
v -0.01569002032 0.02549999952 0.3832476885
v -0.01450119972 0.02549999952 0.3823839647
v -0.01495528936 0.02549999952 0.3809864217
v -0.01642475247 0.02549999952 0.3809864217
v -0.01687884092 0.02549999952 0.3823839647
v -0.01569002032 0.02474892378 0.3819976885
v -0.01569002032 0.02474892378 0.3819976885
v -0.01569002032 0.02474892378 0.3819976885
v -0.01569002032 0.02474892378 0.3819976885
v -0.01569002032 0.02474892378 0.3819976885
v -0.01569002032 0.02474892378 0.3819976885
v -0.01569002032 0.02474892378 0.3819976885
v -0.01495528936 0.02549999952 0.3809864217
v -0.01569002032 0.02474892378 0.3819976885
v -0.03855035782 0.03230000019 0.4164767534
v -0.038349576 0.03230000019 0.4164767534
v -0.03661057949 0.03230000019 0.4079639227
v -0.03300697327 0.03230000019 0.4000578291
v -0.02772229433 0.03230000019 0.393161133
v -0.02102569103 0.03230000019 0.3876250822
v -0.01325823188 0.03230000019 0.38373164
v -0.004815519453 0.03230000019 0.3816790945
v 0.00387245208 0.03230000019 0.3815719968
v 0.01236319661 0.03230000019 0.3834157926
v 0.02022427082 0.03230000019 0.387116583
v 0.02705530643 0.03230000019 0.3924858743
v 0.03250838995 0.03230000019 0.3992502004
v 0.03630579472 0.03230000019 0.4070650655
v 0.03825411081 0.03230000019 0.4155324442
v 0.03825411081 0.03230000019 0.4242210657
v 0.03630579472 0.03230000019 0.4326884348
v 0.03250838995 0.03230000019 0.4405032999
v 0.02705530643 0.03230000019 0.4472676355
v 0.02022427082 0.03230000019 0.4526369173
v 0.01236319661 0.03230000019 0.4563377077
v 0.003872452081 0.03230000019 0.4581815035
v -0.004815519452 0.03230000019 0.4580744058
v -0.01325823188 0.03230000019 0.4560218698
v -0.02102569103 0.03230000019 0.4521284181
v -0.02772229433 0.03230000019 0.4465923769
v -0.03300697327 0.03230000019 0.4396956712
v -0.03661057949 0.03230000019 0.4317895776
v -0.038349576 0.03230000019 0.4232767564
v -0.03855035782 0.03230000019 0.4232767564
v -0.03854883909 0.03230000019 0.4232939035
v -0.03852272034 0.03230000019 0.4235767442
v -0.03823205471 0.03230000019 0.4258767587
v -0.03645499229 0.03230000019 0.4328661043
v -0.03341198921 0.03230000019 0.4394044
v -0.02920871258 0.03230000019 0.445264557
v -0.0239911294 0.03230000019 0.4502431184
v -0.01794042468 0.03230000019 0.4541671449
v -0.01126671672 0.03230000019 0.4569004137
v -0.004201758802 0.03230000019 0.4583479768
v 0.003009110094 0.03230000019 0.4584595949
v 0.010115484 0.03230000019 0.4572313577
v 0.01687058568 0.03230000019 0.4547059518
v 0.02303983688 0.03230000019 0.450971058
v 0.02840899944 0.03230000019 0.446156376
v 0.03279162645 0.03230000019 0.440429104
v 0.0360355258 0.03230000019 0.4339881212
v 0.03802804708 0.03230000019 0.4270571214
v 0.03869999886 0.03230000019 0.4198767549
v 0.03802804708 0.03230000019 0.4126963884
v 0.0360355258 0.03230000019 0.4057653791
v 0.03279162645 0.03230000019 0.3993243963
v 0.02840899944 0.03230000019 0.3935971243
v 0.02303983688 0.03230000019 0.3887824422
v 0.01687058568 0.03230000019 0.3850475485
v 0.010115484 0.03230000019 0.3825221426
v 0.003009110093 0.03230000019 0.381293915
v -0.004201758802 0.03230000019 0.3814055235
v -0.01126671672 0.03230000019 0.3828530962
v -0.01794042468 0.03230000019 0.3855863554
v -0.0239911294 0.03230000019 0.3895103914
v -0.02920871258 0.03230000019 0.3944889337
v -0.03341198921 0.03230000019 0.4003491003
v -0.03645499229 0.03230000019 0.406887396
v -0.03823205471 0.03230000019 0.4138767511
v -0.03852272034 0.03230000019 0.4161767465
v -0.03854883909 0.03230000019 0.4164595873
v -0.03854883909 0.03230000019 0.4164595873
v -0.03854967833 0.03226739407 0.4164690859
v -0.03855018616 0.03223391533 0.416474827
v -0.03855035782 0.03220000029 0.4164767534
v -0.03855035782 0.03230000019 0.4164767534
v -0.03855035782 0.03220000029 0.4232767564
v -0.03855018616 0.03223391533 0.4232786829
v -0.03854967833 0.03226739407 0.423284424
v -0.03854883909 0.03230000019 0.4232939035
v -0.03855035782 0.03230000019 0.4232767564
v -0.01146861792 0.003000000119 0.3805134374
v -0.01219773769 0.003000000119 0.3805860597
v -0.01290408254 0.003000000119 0.3803912145
v -0.01349284649 0.003000000119 0.379955042
v -0.01349284649 0.03400000095 0.379955042
v -0.01290408254 0.03400000095 0.3803912145
v -0.01219773769 0.03400000095 0.3805860597
v -0.01146861792 0.03400000095 0.3805134374
v 0.01972453117 0.003000000119 0.3839331419
v 0.01915760994 0.003000000119 0.3834689314
v 0.01879592776 0.003000000119 0.3828316957
v 0.01868803024 0.003000000119 0.3821069605
v 0.01868803024 0.03400000095 0.3821069605
v 0.01879592776 0.03400000095 0.3828316957
v 0.01915760994 0.03400000095 0.3834689314
v 0.01972453117 0.03400000095 0.3839331419
v 0.01146861792 0.03400000095 0.3805134374
v 0.01219773769 0.03400000095 0.3805860597
v 0.01290408254 0.03400000095 0.3803912145
v 0.01349284649 0.03400000095 0.379955042
v 0.01349284649 0.003000000119 0.379955042
v 0.01290408254 0.003000000119 0.3803912145
v 0.01219773769 0.003000000119 0.3805860597
v 0.01146861792 0.003000000119 0.3805134374
v -0.01569002032 0.03349999905 0.4590058214
v -0.01687884092 0.03349999905 0.4581420786
v -0.01642475247 0.03349999905 0.4567445451
v -0.01495528936 0.03349999905 0.4567445451
v -0.01450119972 0.03349999905 0.4581420786
v -0.01569002032 0.03400000095 0.4595058138
v -0.01417447686 0.03400000095 0.4586308176
v -0.01417447686 0.03400000095 0.4568808061
v -0.01569002032 0.03400000095 0.4560058099
v -0.01720556498 0.03400000095 0.4568808061
v -0.01720556498 0.03400000095 0.4586308176
v -0.01642475247 0.03349999905 0.4567445451
v -0.01569002032 0.03400000095 0.4560058099
v -0.0366290617 0.03349999905 0.4355667764
v -0.03749279022 0.03349999905 0.4343779451
v -0.03889033318 0.03349999905 0.4348320467
v -0.03889033318 0.03349999905 0.4363015062
v -0.03749279022 0.03349999905 0.4367555887
v -0.0366290617 0.02549999952 0.4355667764
v -0.03749279022 0.02549999952 0.4367555887
v -0.03889033318 0.02549999952 0.4363015062
v -0.03889033318 0.02549999952 0.4348320467
v -0.03749279022 0.02549999952 0.4343779451
v -0.03889033318 0.02549999952 0.4363015062
v -0.03889033318 0.03349999905 0.4363015062
v -0.03699517727 0.02549999952 0.4050706178
v -0.03676530361 0.02549999952 0.40361924
v -0.03807460308 0.02549999952 0.4029521257
v -0.03911367178 0.02549999952 0.403991192
v -0.03844654799 0.02549999952 0.4053004915
v -0.0378790617 0.02474892378 0.4041867334
v -0.0378790617 0.02474892378 0.4041867334
v -0.0378790617 0.02474892378 0.4041867334
v -0.0378790617 0.02474892378 0.4041867334
v -0.0378790617 0.02474892378 0.4041867334
v -0.0378790617 0.02474892378 0.4041867334
v -0.0378790617 0.02474892378 0.4041867334
v -0.03807460308 0.02549999952 0.4029521257
v -0.0378790617 0.02474892378 0.4041867334
v 0.01868803024 0.003000000119 0.3821069605
v 0.01783694386 0.003000000119 0.3799022848
v 0.01565359235 0.003000000119 0.3789979154
v 0.01349284649 0.003000000119 0.379955042
v 0.01349284649 0.03400000095 0.379955042
v 0.01565359235 0.03400000095 0.3789979154
v 0.01783694386 0.03400000095 0.3799022848
v 0.01868803024 0.03400000095 0.3821069605
v 0.01569002032 0.03400000095 0.4560058099
v 0.01417447686 0.03400000095 0.4568808061
v 0.01417447686 0.03400000095 0.4586308176
v 0.01569002032 0.03400000095 0.4595058138
v 0.01720556498 0.03400000095 0.4586308176
v 0.01720556498 0.03400000095 0.4568808061
v 0.01569002032 0.03349999905 0.4565058214
v 0.01687884092 0.03349999905 0.4573695451
v 0.01642475247 0.03349999905 0.4587670786
v 0.01495528936 0.03349999905 0.4587670786
v 0.01450119972 0.03349999905 0.4573695451
v 0.01569002032 0.03400000095 0.4560058099
v 0.01569002032 0.03349999905 0.4565058214
v -0.01569002032 0.03349999905 0.4590058214
v -0.01450119972 0.03349999905 0.4581420786
v -0.01495528936 0.03349999905 0.4567445451
v -0.01642475247 0.03349999905 0.4567445451
v -0.01687884092 0.03349999905 0.4581420786
v -0.01657390475 0.02549999952 0.4586397058
v -0.01680377841 0.02549999952 0.4571883279
v -0.01549447775 0.02549999952 0.4565211946
v -0.01445541024 0.02549999952 0.4575602609
v -0.01512253284 0.02549999952 0.4588695795
v -0.01657390475 0.02549999952 0.4586397058
v -0.01687884092 0.03349999905 0.4581420786
v -0.0366290617 0.02549999952 0.4355667764
v -0.03749279022 0.02549999952 0.4343779451
v -0.03889033318 0.02549999952 0.4348320467
v -0.03889033318 0.02549999952 0.4363015062
v -0.03749279022 0.02549999952 0.4367555887
v -0.0378790617 0.02474892378 0.4355667764
v -0.0378790617 0.02474892378 0.4355667764
v -0.0378790617 0.02474892378 0.4355667764
v -0.0378790617 0.02474892378 0.4355667764
v -0.0378790617 0.02474892378 0.4355667764
v -0.0378790617 0.02474892378 0.4355667764
v -0.0378790617 0.02474892378 0.4355667764
v -0.03889033318 0.02549999952 0.4348320467
v -0.0378790617 0.02474892378 0.4355667764
v 0.03911649704 0.03400000095 0.436804207
v 0.03956943035 0.03400000095 0.4351138384
v 0.03833199501 0.03400000095 0.4338764078
v 0.03664162397 0.03400000095 0.4343293268
v 0.03618869066 0.03400000095 0.4360197145
v 0.03742612839 0.03400000095 0.4372571451
v 0.03876294374 0.03349999905 0.4364506609
v 0.03731157303 0.03349999905 0.4366805345
v 0.03664444923 0.03349999905 0.4353712351
v 0.03768351793 0.03349999905 0.4343321687
v 0.03899281979 0.03349999905 0.434999283
v 0.03768351793 0.03349999905 0.4343321687
v 0.03664162397 0.03400000095 0.4343293268
v 0.01569002032 0.03349999905 0.4565058214
v 0.01450119972 0.03349999905 0.4573695451
v 0.01495528936 0.03349999905 0.4587670786
v 0.01642475247 0.03349999905 0.4587670786
v 0.01687884092 0.03349999905 0.4573695451
v 0.01569002032 0.02549999952 0.4590058214
v 0.01450119972 0.02549999952 0.4581420786
v 0.01495528936 0.02549999952 0.4567445451
v 0.01642475247 0.02549999952 0.4567445451
v 0.01687884092 0.02549999952 0.4581420786
v 0.01495528936 0.03349999905 0.4587670786
v 0.01569002032 0.02549999952 0.4590058214
v -0.01657390475 0.02549999952 0.4586397058
v -0.01512253284 0.02549999952 0.4588695795
v -0.01445541024 0.02549999952 0.4575602609
v -0.01549447775 0.02549999952 0.4565211946
v -0.01680377841 0.02549999952 0.4571883279
v -0.01569002032 0.02474892378 0.4577558214
v -0.01657390475 0.02549999952 0.4586397058
v -0.01569002032 0.02474892378 0.4577558214
v -0.01569002032 0.02474892378 0.4577558214
v -0.01569002032 0.02474892378 0.4577558214
v -0.01569002032 0.02474892378 0.4577558214
v -0.01569002032 0.02474892378 0.4577558214
v -0.01569002032 0.02474892378 0.4577558214
v -0.01569002032 0.02474892378 0.4577558214
v 0.03876294374 0.03349999905 0.4364506609
v 0.03899281979 0.03349999905 0.434999283
v 0.03768351793 0.03349999905 0.4343321687
v 0.03664444923 0.03349999905 0.4353712351
v 0.03731157303 0.03349999905 0.4366805345
v 0.03876294374 0.02549999952 0.4364506609
v 0.03731157303 0.02549999952 0.4366805345
v 0.03664444923 0.02549999952 0.4353712351
v 0.03768351793 0.02549999952 0.4343321687
v 0.03899281979 0.02549999952 0.434999283
v 0.03876294374 0.03349999905 0.4364506609
v 0.03876294374 0.02549999952 0.4364506609
v 0.01569002032 0.02549999952 0.4590058214
v 0.01687884092 0.02549999952 0.4581420786
v 0.01642475247 0.02549999952 0.4567445451
v 0.01495528936 0.02549999952 0.4567445451
v 0.01450119972 0.02549999952 0.4581420786
v 0.01569002032 0.02474892378 0.4577558214
v 0.01569002032 0.02549999952 0.4590058214
v 0.01569002032 0.02474892378 0.4577558214
v 0.01569002032 0.02474892378 0.4577558214
v 0.01569002032 0.02474892378 0.4577558214
v 0.01569002032 0.02474892378 0.4577558214
v 0.01569002032 0.02474892378 0.4577558214
v 0.01569002032 0.02474892378 0.4577558214
v 0.01569002032 0.02474892378 0.4577558214
v 0.03876294374 0.02549999952 0.4364506609
v 0.03899281979 0.02549999952 0.434999283
v 0.03768351793 0.02549999952 0.4343321687
v 0.03664444923 0.02549999952 0.4353712351
v 0.03731157303 0.02549999952 0.4366805345
v 0.0378790617 0.02474892378 0.4355667764
v 0.03876294374 0.02549999952 0.4364506609
v 0.0378790617 0.02474892378 0.4355667764
v 0.0378790617 0.02474892378 0.4355667764
v 0.0378790617 0.02474892378 0.4355667764
v 0.0378790617 0.02474892378 0.4355667764
v 0.0378790617 0.02474892378 0.4355667764
v 0.0378790617 0.02474892378 0.4355667764
v 0.0378790617 0.02474892378 0.4355667764
v -0.04306432247 0.003000000119 0.4260179216
v -0.04345151901 0.003000000119 0.4219299013
v -0.04345151901 0.003000000119 0.4178235895
v -0.04306432247 0.003000000119 0.4137355692
v -0.04288936138 0.003000000119 0.4132973177
v -0.04253290653 0.003000000119 0.4129880983
v -0.04207433701 0.003000000119 0.4128767473
v -0.04123105526 0.003000000119 0.4128767473
v -0.04078736305 0.003000000119 0.4127729303
v -0.04043580055 0.003000000119 0.4124830324
v -0.04024936676 0.003000000119 0.4120672304
v -0.03999141455 0.003000000119 0.410838669
v -0.0396959734 0.003000000119 0.4096185953
v -0.03936331749 0.003000000119 0.4084081346
v -0.03929069042 0.003000000119 0.4076790125
v -0.03948553801 0.003000000119 0.4069726736
v -0.03992171288 0.003000000119 0.4063839037
v -0.04087883949 0.003000000119 0.4042231638
v -0.03997446537 0.003000000119 0.4020398122
v -0.03776979685 0.003000000119 0.4011887247
v -0.03704505682 0.003000000119 0.401080826
v -0.03640781641 0.003000000119 0.400719145
v -0.0359436059 0.003000000119 0.4001522237
v -0.03159767628 0.003000000119 0.3937503893
v -0.02612636328 0.003000000119 0.3882790739
v -0.01972453117 0.003000000119 0.3839331419
v -0.01915760994 0.003000000119 0.3834689314
v -0.01879592776 0.003000000119 0.3828316957
v -0.01868803024 0.003000000119 0.3821069605
v -0.01783694387 0.003000000119 0.3799022848
v -0.01565359235 0.003000000119 0.3789979154
v -0.01349284649 0.003000000119 0.379955042
v -0.01290408254 0.003000000119 0.3803912145
v -0.01219773769 0.003000000119 0.3805860597
v -0.01146861792 0.003000000119 0.3805134374
v -0.003868803382 0.003000000119 0.3790596944
v 0.003868803381 0.003000000119 0.3790596944
v 0.01146861792 0.003000000119 0.3805134374
v 0.01219773769 0.003000000119 0.3805860597
v 0.01290408254 0.003000000119 0.3803912145
v 0.01349284649 0.003000000119 0.379955042
v 0.01565359235 0.003000000119 0.3789979154
v 0.01783694386 0.003000000119 0.3799022848
v 0.01868803024 0.003000000119 0.3821069605
v 0.01879592776 0.003000000119 0.3828316957
v 0.01915760994 0.003000000119 0.3834689314
v 0.01972453117 0.003000000119 0.3839331419
v 0.02612636328 0.003000000119 0.3882790739
v 0.03159767628 0.003000000119 0.3937503893
v 0.0359436059 0.003000000119 0.4001522237
v 0.03640781641 0.003000000119 0.400719145
v 0.03704505682 0.003000000119 0.401080826
v 0.03776979685 0.003000000119 0.4011887247
v 0.03997446537 0.003000000119 0.4020398122
v 0.04087883949 0.003000000119 0.4042231638
v 0.03992171288 0.003000000119 0.4063839037
v 0.03948553801 0.003000000119 0.4069726736
v 0.03929069042 0.003000000119 0.4076790125
v 0.03936331749 0.003000000119 0.4084081346
v 0.04081706047 0.003000000119 0.4160079462
v 0.04081706047 0.003000000119 0.4237455637
v 0.03936331749 0.003000000119 0.4313453752
v 0.03929069042 0.003000000119 0.4320744974
v 0.03948553801 0.003000000119 0.4327808267
v 0.03992171288 0.003000000119 0.4333696062
v 0.04087883949 0.003000000119 0.4355303461
v 0.03997446537 0.003000000119 0.4377136881
v 0.03776979685 0.003000000119 0.4385647852
v 0.03704505682 0.003000000119 0.4386726839
v 0.03640781641 0.003000000119 0.4390343553
v 0.0359436059 0.003000000119 0.4396012766
v 0.03159767628 0.003000000119 0.4460031206
v 0.02612636328 0.003000000119 0.4514744264
v 0.01972453117 0.003000000119 0.4558203584
v 0.01915760994 0.003000000119 0.4562845689
v 0.01879592776 0.003000000119 0.4569218141
v 0.01868803024 0.003000000119 0.4576465494
v 0.01783694387 0.003000000119 0.4598512155
v 0.01565359235 0.003000000119 0.4607555849
v 0.01349284649 0.003000000119 0.4597984583
v 0.01290408254 0.003000000119 0.4593622858
v 0.01219773769 0.003000000119 0.4591674501
v 0.01146861792 0.003000000119 0.4592400629
v 0.003868803382 0.003000000119 0.4606938059
v -0.003868803381 0.003000000119 0.4606938059
v -0.01146861792 0.003000000119 0.4592400629
v -0.01219773769 0.003000000119 0.4591674501
v -0.01290408254 0.003000000119 0.4593622858
v -0.01349284649 0.003000000119 0.4597984583
v -0.01565359235 0.003000000119 0.4607555849
v -0.01783694386 0.003000000119 0.4598512155
v -0.01868803024 0.003000000119 0.4576465494
v -0.01879592776 0.003000000119 0.4569218141
v -0.01915760994 0.003000000119 0.4562845689
v -0.01972453117 0.003000000119 0.4558203584
v -0.02612636328 0.003000000119 0.4514744264
v -0.03159767628 0.003000000119 0.4460031206
v -0.0359436059 0.003000000119 0.4396012766
v -0.03640781641 0.003000000119 0.4390343553
v -0.03704505682 0.003000000119 0.4386726839
v -0.03776979685 0.003000000119 0.4385647852
v -0.03997446537 0.003000000119 0.4377136881
v -0.04087883949 0.003000000119 0.4355303461
v -0.03992171288 0.003000000119 0.4333696062
v -0.03948553801 0.003000000119 0.4327808267
v -0.03929069042 0.003000000119 0.4320744974
v -0.03936331749 0.003000000119 0.4313453752
v -0.0396959734 0.003000000119 0.4301349146
v -0.03999141455 0.003000000119 0.4289148218
v -0.04024936676 0.003000000119 0.4276862795
v -0.04043580055 0.003000000119 0.4272704775
v -0.04078736305 0.003000000119 0.4269805795
v -0.04123105526 0.003000000119 0.4268767435
v -0.04207433701 0.003000000119 0.4268767435
v -0.04253290653 0.003000000119 0.4267654115
v -0.04288936138 0.003000000119 0.4264561922
v -0.03962906122 0.003000000119 0.4355667764
v -0.03875406027 0.003000000119 0.4370823175
v -0.03700406075 0.003000000119 0.4370823175
v -0.03612905979 0.003000000119 0.4355667764
v -0.03700406075 0.003000000119 0.4340512354
v -0.03875406027 0.003000000119 0.4340512354
v -0.01569002032 0.003000000119 0.4595058138
v -0.01417447686 0.003000000119 0.4586308176
v -0.01417447686 0.003000000119 0.4568808061
v -0.01569002032 0.003000000119 0.4560058099
v -0.01720556498 0.003000000119 0.4568808061
v -0.01720556498 0.003000000119 0.4586308176
v 0.01569002032 0.003000000119 0.4560058099
v 0.01417447686 0.003000000119 0.4568808061
v 0.01417447686 0.003000000119 0.4586308176
v 0.01569002032 0.003000000119 0.4595058138
v 0.01720556498 0.003000000119 0.4586308176
v 0.01720556498 0.003000000119 0.4568808061
v -0.03911649704 0.003000000119 0.4029492933
v -0.03956943035 0.003000000119 0.4046396619
v -0.03833199501 0.003000000119 0.4058771021
v -0.03664162397 0.003000000119 0.405424164
v -0.03618869066 0.003000000119 0.4037337953
v -0.03742612839 0.003000000119 0.4024963648
v -0.01569002032 0.003000000119 0.3837476904
v -0.01417447686 0.003000000119 0.3828726942
v -0.01417447686 0.003000000119 0.3811226923
v -0.01569002032 0.003000000119 0.3802476961
v -0.01720556498 0.003000000119 0.3811226923
v -0.01720556498 0.003000000119 0.3828726942
v 0.01569002032 0.003000000119 0.3837476904
v 0.01720556498 0.003000000119 0.3828726942
v 0.01720556498 0.003000000119 0.3811226923
v 0.01569002032 0.003000000119 0.3802476961
v 0.01417447686 0.003000000119 0.3811226923
v 0.01417447686 0.003000000119 0.3828726942
v 0.0378790617 0.003000000119 0.4059367353
v 0.03939460516 0.003000000119 0.4050617296
v 0.03939460516 0.003000000119 0.4033117277
v 0.0378790617 0.003000000119 0.4024367315
v 0.03636351585 0.003000000119 0.4033117277
v 0.03636351585 0.003000000119 0.4050617296
v 0.03664162397 0.003000000119 0.4343293268
v 0.03618869066 0.003000000119 0.4360197145
v 0.03742612839 0.003000000119 0.4372571451
v 0.03911649704 0.003000000119 0.436804207
v 0.03956943035 0.003000000119 0.4351138384
v 0.03833199501 0.003000000119 0.4338764078
v 2.922877934e-13 0.003000000119 0.4463767511
v 0.007149614692 0.003000000119 0.445394066
v 0.01376897454 0.003000000119 0.4425188715
v 0.01936715364 0.003000000119 0.437964409
v 0.02352895737 0.003000000119 0.4320684702
v 0.02594572783 0.003000000119 0.4252683336
v 0.02643822193 0.003000000119 0.4180683214
v 0.02496991396 0.003000000119 0.4110024339
v 0.0216497016 0.003000000119 0.4045947248
v 0.0167238307 0.003000000119 0.3993204004
v 0.01055762887 0.003000000119 0.3955706483
v 0.003608416319 0.003000000119 0.3936235792
v -0.003608416319 0.003000000119 0.3936235792
v -0.01055762887 0.003000000119 0.3955706484
v -0.0167238307 0.003000000119 0.3993204004
v -0.0216497016 0.003000000119 0.4045947248
v -0.02496991396 0.003000000119 0.4110024339
v -0.02643822193 0.003000000119 0.4180683214
v -0.02594572783 0.003000000119 0.4252683336
v -0.02352895737 0.003000000119 0.4320684702
v -0.01936715364 0.003000000119 0.437964409
v -0.01376897454 0.003000000119 0.4425188715
v -0.007149614691 0.003000000119 0.445394066
v 2.922877934e-13 0.003000000119 0.4463767511
v -0.007149614691 0.003000000119 0.445394066
v -0.01376897454 0.003000000119 0.4425188715
v -0.01936715364 0.003000000119 0.437964409
v -0.02352895737 0.003000000119 0.4320684702
v -0.02594572783 0.003000000119 0.4252683336
v -0.02643822193 0.003000000119 0.4180683214
v -0.02496991396 0.003000000119 0.4110024339
v -0.0216497016 0.003000000119 0.4045947248
v -0.0167238307 0.003000000119 0.3993204004
v -0.01055762887 0.003000000119 0.3955706484
v -0.003608416319 0.003000000119 0.3936235792
v 0.003608416319 0.003000000119 0.3936235792
v 0.01055762887 0.003000000119 0.3955706483
v 0.0167238307 0.003000000119 0.3993204004
v 0.0216497016 0.003000000119 0.4045947248
v 0.02496991396 0.003000000119 0.4110024339
v 0.02643822193 0.003000000119 0.4180683214
v 0.02594572783 0.003000000119 0.4252683336
v 0.02352895737 0.003000000119 0.4320684702
v 0.01936715364 0.003000000119 0.437964409
v 0.01376897454 0.003000000119 0.4425188715
v 0.007149614692 0.003000000119 0.445394066
v 2.867731751e-13 0.0025 0.4458767587
v 0.007014716268 0.0025 0.444912594
v 0.01350918293 0.0025 0.4420916635
v 0.01900173545 0.0025 0.4376231271
v 0.02308501482 0.0025 0.4318384439
v 0.02545618534 0.0025 0.4251666147
v 0.02593938828 0.0025 0.4181024439
v 0.02449878454 0.0025 0.4111698801
v 0.02124121666 0.0025 0.4048830682
v 0.01640828609 0.0025 0.3997082597
v 0.01035842776 0.0025 0.3960292608
v 0.003540332913 0.0025 0.3941189176
v -0.003540332914 0.0025 0.3941189176
v -0.01035842776 0.0025 0.3960292608
v -0.01640828609 0.0025 0.3997082597
v -0.02124121666 0.0025 0.4048830682
v -0.02449878454 0.0025 0.4111698801
v -0.02593938828 0.0025 0.4181024439
v -0.02545618534 0.0025 0.4251666147
v -0.02308501482 0.0025 0.4318384439
v -0.01900173545 0.0025 0.4376231271
v -0.01350918293 0.0025 0.4420916635
v -0.007014716267 0.0025 0.444912594
v 0.003608416319 0.003000000119 0.3936235792
v 0.003540332913 0.0025 0.3941189176
v 2.867731751e-13 0.0025 0.4458767587
v -0.007014716267 0.0025 0.444912594
v -0.01350918293 0.0025 0.4420916635
v -0.01900173545 0.0025 0.4376231271
v -0.02308501482 0.0025 0.4318384439
v -0.02545618534 0.0025 0.4251666147
v -0.02593938828 0.0025 0.4181024439
v -0.02449878454 0.0025 0.4111698801
v -0.02124121666 0.0025 0.4048830682
v -0.01640828609 0.0025 0.3997082597
v -0.01035842776 0.0025 0.3960292608
v -0.003540332914 0.0025 0.3941189176
v 0.003540332913 0.0025 0.3941189176
v 0.01035842776 0.0025 0.3960292608
v 0.01640828609 0.0025 0.3997082597
v 0.02124121666 0.0025 0.4048830682
v 0.02449878454 0.0025 0.4111698801
v 0.02593938828 0.0025 0.4181024439
v 0.02545618534 0.0025 0.4251666147
v 0.02308501482 0.0025 0.4318384439
v 0.01900173545 0.0025 0.4376231271
v 0.01350918293 0.0025 0.4420916635
v 0.007014716268 0.0025 0.444912594
v -2.868177434e-13 0.00150000006 0.3938767511
v -0.007014716268 0.00150000006 0.3948409063
v -0.01350918293 0.00150000006 0.3976618463
v -0.01900173545 0.00150000006 0.4021303732
v -0.02308501482 0.00150000006 0.4079150659
v -0.02545618534 0.00150000006 0.4145868951
v -0.02593938828 0.00150000006 0.4216510469
v -0.02449878454 0.00150000006 0.4285836298
v -0.02124121666 0.00150000006 0.4348704416
v -0.01640828609 0.00150000006 0.4400452501
v -0.01035842776 0.00150000006 0.4437242395
v -0.003540332913 0.00150000006 0.4456345827
v 0.003540332914 0.00150000006 0.4456345827
v 0.01035842776 0.00150000006 0.4437242395
v 0.01640828609 0.00150000006 0.4400452501
v 0.02124121666 0.00150000006 0.4348704416
v 0.02449878454 0.00150000006 0.4285836298
v 0.02593938828 0.00150000006 0.4216510469
v 0.02545618534 0.00150000006 0.4145868951
v 0.02308501482 0.00150000006 0.4079150659
v 0.01900173545 0.00150000006 0.4021303732
v 0.01350918293 0.00150000006 0.3976618463
v 0.007014716267 0.00150000006 0.3948409063
v -0.003540332913 0.00150000006 0.4456345827
v 2.867731751e-13 0.0025 0.4458767587
v -2.868177434e-13 0.00150000006 0.3938767511
v 0.007014716267 0.00150000006 0.3948409063
v 0.01350918293 0.00150000006 0.3976618463
v 0.01900173545 0.00150000006 0.4021303732
v 0.02308501482 0.00150000006 0.4079150659
v 0.02545618534 0.00150000006 0.4145868951
v 0.02593938828 0.00150000006 0.4216510469
v 0.02449878454 0.00150000006 0.4285836298
v 0.02124121666 0.00150000006 0.4348704416
v 0.01640828609 0.00150000006 0.4400452501
v 0.01035842776 0.00150000006 0.4437242395
v 0.003540332914 0.00150000006 0.4456345827
v -0.003540332913 0.00150000006 0.4456345827
v -0.01035842776 0.00150000006 0.4437242395
v -0.01640828609 0.00150000006 0.4400452501
v -0.02124121666 0.00150000006 0.4348704416
v -0.02449878454 0.00150000006 0.4285836298
v -0.02593938828 0.00150000006 0.4216510469
v -0.02545618534 0.00150000006 0.4145868951
v -0.02308501482 0.00150000006 0.4079150659
v -0.01900173545 0.00150000006 0.4021303732
v -0.01350918293 0.00150000006 0.3976618463
v -0.007014716268 0.00150000006 0.3948409063
v -2.647565319e-13 0.00150000006 0.3958767492
v -0.006761581302 0.00150000006 0.3968489248
v -0.01297537923 0.00150000006 0.3996866686
v -0.01813799024 0.00150000006 0.4041600973
v -0.02183116674 0.00150000006 0.4099067957
v -0.02375571489 0.00150000006 0.4164611894
v -0.02375571489 0.00150000006 0.4232923013
v -0.02183116674 0.00150000006 0.4298467142
v -0.01813799024 0.00150000006 0.435593403
v -0.01297537923 0.00150000006 0.4400668413
v -0.006761581301 0.00150000006 0.4429045755
v 2.644595729e-13 0.00150000006 0.4438767511
v 0.006761581302 0.00150000006 0.4429045755
v 0.01297537923 0.00150000006 0.4400668413
v 0.01813799024 0.00150000006 0.435593403
v 0.02183116674 0.00150000006 0.4298467142
v 0.02375571489 0.00150000006 0.4232923013
v 0.02375571489 0.00150000006 0.4164611894
v 0.02183116674 0.00150000006 0.4099067957
v 0.01813799024 0.00150000006 0.4041600973
v 0.01297537923 0.00150000006 0.3996866686
v 0.006761581301 0.00150000006 0.3968489248
v -2.647565319e-13 0.00150000006 0.3958767492
v 0.006761581301 0.00150000006 0.3968489248
v 0.01297537923 0.00150000006 0.3996866686
v 0.01813799024 0.00150000006 0.4041600973
v 0.02183116674 0.00150000006 0.4099067957
v 0.02375571489 0.00150000006 0.4164611894
v 0.02375571489 0.00150000006 0.4232923013
v 0.02183116674 0.00150000006 0.4298467142
v 0.01813799024 0.00150000006 0.435593403
v 0.01297537923 0.00150000006 0.4400668413
v 0.006761581302 0.00150000006 0.4429045755
v 2.644595729e-13 0.00150000006 0.4438767511
v -0.006761581301 0.00150000006 0.4429045755
v -0.01297537923 0.00150000006 0.4400668413
v -0.01813799024 0.00150000006 0.435593403
v -0.02183116674 0.00150000006 0.4298467142
v -0.02375571489 0.00150000006 0.4232923013
v -0.02375571489 0.00150000006 0.4164611894
v -0.02183116674 0.00150000006 0.4099067957
v -0.01813799024 0.00150000006 0.4041600973
v -0.01297537923 0.00150000006 0.3996866686
v -0.006761581302 0.00150000006 0.3968489248
v -2.592418084e-13 0.00200000003 0.3963767511
v -0.006620715261 0.00200000003 0.3973286707
v -0.01270505905 0.00200000003 0.4001072961
v -0.01776011467 0.00200000003 0.4044875223
v -0.02137635231 0.00200000003 0.4101144964
v -0.02326080322 0.00200000003 0.4165323526
v -0.02326080322 0.00200000003 0.4232211572
v -0.02137635231 0.00200000003 0.4296390039
v -0.01776011467 0.00200000003 0.4352659876
v -0.01270505905 0.00200000003 0.4396462137
v -0.00662071526 0.00200000003 0.4424248392
v 2.591972402e-13 0.00200000003 0.4433767587
v 0.006620715261 0.00200000003 0.4424248392
v 0.01270505905 0.00200000003 0.4396462137
v 0.01776011467 0.00200000003 0.4352659876
v 0.02137635231 0.00200000003 0.4296390039
v 0.02326080322 0.00200000003 0.4232211572
v 0.02326080322 0.00200000003 0.4165323526
v 0.02137635231 0.00200000003 0.4101144964
v 0.01776011467 0.00200000003 0.4044875223
v 0.01270505905 0.00200000003 0.4001072961
v 0.00662071526 0.00200000003 0.3973286707
v -2.647565319e-13 0.00150000006 0.3958767492
v -2.592418084e-13 0.00200000003 0.3963767511
v -2.592418084e-13 0.00200000003 0.3963767511
v 0.00662071526 0.00200000003 0.3973286707
v 0.01270505905 0.00200000003 0.4001072961
v 0.01776011467 0.00200000003 0.4044875223
v 0.02137635231 0.00200000003 0.4101144964
v 0.02326080322 0.00200000003 0.4165323526
v 0.02326080322 0.00200000003 0.4232211572
v 0.02137635231 0.00200000003 0.4296390039
v 0.01776011467 0.00200000003 0.4352659876
v 0.01270505905 0.00200000003 0.4396462137
v 0.006620715261 0.00200000003 0.4424248392
v 2.591972402e-13 0.00200000003 0.4433767587
v -0.00662071526 0.00200000003 0.4424248392
v -0.01270505905 0.00200000003 0.4396462137
v -0.01776011467 0.00200000003 0.4352659876
v -0.02137635231 0.00200000003 0.4296390039
v -0.02326080322 0.00200000003 0.4232211572
v -0.02326080322 0.00200000003 0.4165323526
v -0.02137635231 0.00200000003 0.4101144964
v -0.01776011467 0.00200000003 0.4044875223
v -0.01270505905 0.00200000003 0.4001072961
v -0.006620715261 0.00200000003 0.3973286707
v 2.591947448e-13 0.004059999883 0.4433767587
v 0.006620715261 0.004059999883 0.4424248392
v 0.01270505905 0.004059999883 0.4396462137
v 0.01776011467 0.004059999883 0.4352659876
v 0.02137635231 0.004059999883 0.4296390039
v 0.02326080322 0.004059999883 0.4232211572
v 0.02326080322 0.004059999883 0.4165323526
v 0.02137635231 0.004059999883 0.4101144964
v 0.01776011467 0.004059999883 0.4044875223
v 0.01270505905 0.004059999883 0.4001072961
v 0.00662071526 0.004059999883 0.3973286707
v -2.592471817e-13 0.004059999883 0.3963767511
v -0.006620715261 0.004059999883 0.3973286707
v -0.01270505905 0.004059999883 0.4001072961
v -0.01776011467 0.004059999883 0.4044875223
v -0.02137635231 0.004059999883 0.4101144964
v -0.02326080322 0.004059999883 0.4165323526
v -0.02326080322 0.004059999883 0.4232211572
v -0.02137635231 0.004059999883 0.4296390039
v -0.01776011467 0.004059999883 0.4352659876
v -0.01270505905 0.004059999883 0.4396462137
v -0.00662071526 0.004059999883 0.4424248392
v 2.591972402e-13 0.00200000003 0.4433767587
v 2.591947448e-13 0.004059999883 0.4433767587
v -0.04306432247 0.03400000095 0.4260179216
v -0.04345151901 0.03400000095 0.4219299013
v -0.04345151901 0.03400000095 0.4178235895
v -0.04306432247 0.03400000095 0.4137355692
v -0.04306432247 0.003000000119 0.4137355692
v -0.04345151901 0.003000000119 0.4178235895
v -0.04345151901 0.003000000119 0.4219299013
v -0.04306432247 0.003000000119 0.4260179216
v -2.674069994e-13 0.004059999883 0.3956367475
v -0.006829197407 0.004059999883 0.3966186411
v -0.01310513377 0.004059999883 0.3994847662
v -0.01831936955 0.004059999883 0.4040029318
v -0.02204947948 0.004059999883 0.409807089
v -0.02399327278 0.004059999883 0.4164270479
v -0.02399327278 0.004059999883 0.4233264619
v -0.02204947948 0.004059999883 0.4299464113
v -0.01831936955 0.004059999883 0.4357505685
v -0.01310513377 0.004059999883 0.4402687341
v -0.006829197407 0.004059999883 0.4431348688
v 2.673543666e-13 0.004059999883 0.4441167528
v 0.006829197407 0.004059999883 0.4431348688
v 0.01310513377 0.004059999883 0.4402687341
v 0.01831936955 0.004059999883 0.4357505685
v 0.02204947948 0.004059999883 0.4299464113
v 0.02399327278 0.004059999883 0.4233264619
v 0.02399327278 0.004059999883 0.4164270479
v 0.02204947948 0.004059999883 0.409807089
v 0.01831936955 0.004059999883 0.4040029318
v 0.01310513377 0.004059999883 0.3994847662
v 0.006829197407 0.004059999883 0.3966186411
v 2.591947448e-13 0.004059999883 0.4433767587
v -0.00662071526 0.004059999883 0.4424248392
v -0.01270505905 0.004059999883 0.4396462137
v -0.01776011467 0.004059999883 0.4352659876
v -0.02137635231 0.004059999883 0.4296390039
v -0.02326080322 0.004059999883 0.4232211572
v -0.02326080322 0.004059999883 0.4165323526
v -0.02137635231 0.004059999883 0.4101144964
v -0.01776011467 0.004059999883 0.4044875223
v -0.01270505905 0.004059999883 0.4001072961
v -0.006620715261 0.004059999883 0.3973286707
v -2.592471817e-13 0.004059999883 0.3963767511
v 0.00662071526 0.004059999883 0.3973286707
v 0.01270505905 0.004059999883 0.4001072961
v 0.01776011467 0.004059999883 0.4044875223
v 0.02137635231 0.004059999883 0.4101144964
v 0.02326080322 0.004059999883 0.4165323526
v 0.02326080322 0.004059999883 0.4232211572
v 0.02137635231 0.004059999883 0.4296390039
v 0.01776011467 0.004059999883 0.4352659876
v 0.01270505905 0.004059999883 0.4396462137
v 0.006620715261 0.004059999883 0.4424248392
v -0.03962906122 0.003000000119 0.4355667764
v -0.03875406027 0.003000000119 0.4340512354
v -0.03700406075 0.003000000119 0.4340512354
v -0.03612905979 0.003000000119 0.4355667764
v -0.03700406075 0.003000000119 0.4370823175
v -0.03875406027 0.003000000119 0.4370823175
v -0.0391290617 0.00349999994 0.4355667764
v -0.03826533318 0.00349999994 0.4367555887
v -0.03686779022 0.00349999994 0.4363015062
v -0.03686779022 0.00349999994 0.4348320467
v -0.03826533318 0.00349999994 0.4343779451
v -0.03686779022 0.00349999994 0.4348320467
v -0.03700406075 0.003000000119 0.4340512354
v -0.04207433701 0.03400000095 0.4128767473
v -0.04207433701 0.003000000119 0.4128767473
v -0.04253290653 0.003000000119 0.4129880983
v -0.04288936138 0.003000000119 0.4132973177
v -0.04306432247 0.003000000119 0.4137355692
v -0.04306432247 0.03400000095 0.4137355692
v -0.04288936138 0.03400000095 0.4132973177
v -0.04253290653 0.03400000095 0.4129880983
v -0.04306432247 0.03400000095 0.4260179216
v -0.04306432247 0.003000000119 0.4260179216
v -0.04288936138 0.003000000119 0.4264561922
v -0.04253290653 0.003000000119 0.4267654115
v -0.04207433701 0.003000000119 0.4268767435
v -0.04207433701 0.03400000095 0.4268767435
v -0.04253290653 0.03400000095 0.4267654115
v -0.04288936138 0.03400000095 0.4264561922
v -0.03980000019 0.005500000119 0.4258767587
v -0.03980000019 0.0325 0.4258767587
v -0.03954999924 0.0325 0.4258097726
v -0.03936698675 0.0325 0.4256267435
v -0.03930000067 0.0325 0.4253767473
v -0.03930000067 0.005500000119 0.4253767473
v -0.03936698675 0.005500000119 0.4256267435
v -0.03954999924 0.005500000119 0.4258097726
v -2.674069994e-13 0.004059999883 0.3956367475
v 0.006829197407 0.004059999883 0.3966186411
v 0.01310513377 0.004059999883 0.3994847662
v 0.01831936955 0.004059999883 0.4040029318
v 0.02204947948 0.004059999883 0.409807089
v 0.02399327278 0.004059999883 0.4164270479
v 0.02399327278 0.004059999883 0.4233264619
v 0.02204947948 0.004059999883 0.4299464113
v 0.01831936955 0.004059999883 0.4357505685
v 0.01310513377 0.004059999883 0.4402687341
v 0.006829197407 0.004059999883 0.4431348688
v 2.673543666e-13 0.004059999883 0.4441167528
v -0.006829197407 0.004059999883 0.4431348688
v -0.01310513377 0.004059999883 0.4402687341
v -0.01831936955 0.004059999883 0.4357505685
v -0.02204947948 0.004059999883 0.4299464113
v -0.02399327278 0.004059999883 0.4233264619
v -0.02399327278 0.004059999883 0.4164270479
v -0.02204947948 0.004059999883 0.409807089
v -0.01831936955 0.004059999883 0.4040029318
v -0.01310513377 0.004059999883 0.3994847662
v -0.006829197407 0.004059999883 0.3966186411
v -2.674081381e-13 0.005 0.3956367475
v -0.006829197407 0.005 0.3966186411
v -0.01310513377 0.005 0.3994847662
v -0.01831936955 0.005 0.4040029318
v -0.02204947948 0.005 0.409807089
v -0.02399327278 0.005 0.4164270479
v -0.02399327278 0.005 0.4233264619
v -0.02204947948 0.005 0.4299464113
v -0.01831936955 0.005 0.4357505685
v -0.01310513377 0.005 0.4402687341
v -0.006829197407 0.005 0.4431348688
v 2.67359165e-13 0.005 0.4441167528
v 0.006829197407 0.005 0.4431348688
v 0.01310513377 0.005 0.4402687341
v 0.01831936955 0.005 0.4357505685
v 0.02204947948 0.005 0.4299464113
v 0.02399327278 0.005 0.4233264619
v 0.02399327278 0.005 0.4164270479
v 0.02204947948 0.005 0.409807089
v 0.01831936955 0.005 0.4040029318
v 0.01310513377 0.005 0.3994847662
v 0.006829197407 0.005 0.3966186411
v 2.67359165e-13 0.005 0.4441167528
v 2.673543666e-13 0.004059999883 0.4441167528
v -0.01569002032 0.00349999994 0.4590058214
v -0.01450119972 0.00349999994 0.4581420786
v -0.01495528936 0.00349999994 0.4567445451
v -0.01642475247 0.00349999994 0.4567445451
v -0.01687884092 0.00349999994 0.4581420786
v -0.01569002032 0.003000000119 0.4595058138
v -0.01720556498 0.003000000119 0.4586308176
v -0.01720556498 0.003000000119 0.4568808061
v -0.01569002032 0.003000000119 0.4560058099
v -0.01417447686 0.003000000119 0.4568808061
v -0.01417447686 0.003000000119 0.4586308176
v -0.01495528936 0.00349999994 0.4567445451
v -0.01569002032 0.003000000119 0.4560058099
v -0.0391290617 0.00349999994 0.4355667764
v -0.03826533318 0.00349999994 0.4343779451
v -0.03686779022 0.00349999994 0.4348320467
v -0.03686779022 0.00349999994 0.4363015062
v -0.03826533318 0.00349999994 0.4367555887
v -0.0391290617 0.01149999976 0.4355667764
v -0.03826533318 0.01149999976 0.4367555887
v -0.03686779022 0.01149999976 0.4363015062
v -0.03686779022 0.01149999976 0.4348320467
v -0.03826533318 0.01149999976 0.4343779451
v -0.0391290617 0.00349999994 0.4355667764
v -0.0391290617 0.01149999976 0.4355667764
v -0.04207433701 0.03400000095 0.4128767473
v -0.04123105526 0.03400000095 0.4128767473
v -0.04123105526 0.003000000119 0.4128767473
v -0.04207433701 0.003000000119 0.4128767473
v -0.04207433701 0.003000000119 0.4268767435
v -0.04123105526 0.003000000119 0.4268767435
v -0.04123105526 0.03400000095 0.4268767435
v -0.04207433701 0.03400000095 0.4268767435
v -0.03930000067 0.03220000029 0.4232767564
v -0.03930000067 0.005500000119 0.4232767564
v -0.03930000067 0.005500000119 0.4253767473
v -0.03930000067 0.0325 0.4253767473
v -0.03930000067 0.0325 0.4235767442
v -0.03930000067 0.0324598074 0.4234267503
v -0.03930000067 0.03234999895 0.4233169443
v -2.674081381e-13 0.005 0.3956367475
v 0.006829197407 0.005 0.3966186411
v 0.01310513377 0.005 0.3994847662
v 0.01831936955 0.005 0.4040029318
v 0.02204947948 0.005 0.409807089
v 0.02399327278 0.005 0.4164270479
v 0.02399327278 0.005 0.4233264619
v 0.02204947948 0.005 0.4299464113
v 0.01831936955 0.005 0.4357505685
v 0.01310513377 0.005 0.4402687341
v 0.006829197407 0.005 0.4431348688
v 2.67359165e-13 0.005 0.4441167528
v -0.006829197407 0.005 0.4431348688
v -0.01310513377 0.005 0.4402687341
v -0.01831936955 0.005 0.4357505685
v -0.02204947948 0.005 0.4299464113
v -0.02399327278 0.005 0.4233264619
v -0.02399327278 0.005 0.4164270479
v -0.02204947948 0.005 0.409807089
v -0.01831936955 0.005 0.4040029318
v -0.01310513377 0.005 0.3994847662
v -0.006829197407 0.005 0.3966186411
v -2.592454425e-13 0.005 0.3963767511
v -0.006620715261 0.005 0.3973286707
v -0.01270505905 0.005 0.4001072961
v -0.01776011467 0.005 0.4044875223
v -0.02137635231 0.005 0.4101144964
v -0.02326080322 0.005 0.4165323526
v -0.02326080322 0.005 0.4232211572
v -0.02137635231 0.005 0.4296390039
v -0.01776011467 0.005 0.4352659876
v -0.01270505905 0.005 0.4396462137
v -0.00662071526 0.005 0.4424248392
v 2.591936061e-13 0.005 0.4433767587
v 0.006620715261 0.005 0.4424248392
v 0.01270505905 0.005 0.4396462137
v 0.01776011467 0.005 0.4352659876
v 0.02137635231 0.005 0.4296390039
v 0.02326080322 0.005 0.4232211572
v 0.02326080322 0.005 0.4165323526
v 0.02137635231 0.005 0.4101144964
v 0.01776011467 0.005 0.4044875223
v 0.01270505905 0.005 0.4001072961
v 0.00662071526 0.005 0.3973286707
v 0.01569002032 0.003000000119 0.4560058099
v 0.01720556498 0.003000000119 0.4568808061
v 0.01720556498 0.003000000119 0.4586308176
v 0.01569002032 0.003000000119 0.4595058138
v 0.01417447686 0.003000000119 0.4586308176
v 0.01417447686 0.003000000119 0.4568808061
v 0.01569002032 0.00349999994 0.4565058214
v 0.01450119972 0.00349999994 0.4573695451
v 0.01495528936 0.00349999994 0.4587670786
v 0.01642475247 0.00349999994 0.4587670786
v 0.01687884092 0.00349999994 0.4573695451
v 0.01569002032 0.003000000119 0.4560058099
v 0.01569002032 0.00349999994 0.4565058214
v -0.01569002032 0.00349999994 0.4590058214
v -0.01687884092 0.00349999994 0.4581420786
v -0.01642475247 0.00349999994 0.4567445451
v -0.01495528936 0.00349999994 0.4567445451
v -0.01450119972 0.00349999994 0.4581420786
v -0.01480613708 0.01149999976 0.456871937
v -0.01625750899 0.01149999976 0.4566420633
v -0.0169246316 0.01149999976 0.4579513628
v -0.01588556409 0.01149999976 0.4589904291
v -0.01457626224 0.01149999976 0.4583232958
v -0.0169246316 0.01149999976 0.4579513628
v -0.01687884092 0.00349999994 0.4581420786
v -0.0391290617 0.01149999976 0.4355667764
v -0.03826533318 0.01149999976 0.4343779451
v -0.03686779022 0.01149999976 0.4348320467
v -0.03686779022 0.01149999976 0.4363015062
v -0.03826533318 0.01149999976 0.4367555887
v -0.0378790617 0.01225107551 0.4355667764
v -0.0391290617 0.01149999976 0.4355667764
v -0.0378790617 0.01225107551 0.4355667764
v -0.0378790617 0.01225107551 0.4355667764
v -0.0378790617 0.01225107551 0.4355667764
v -0.0378790617 0.01225107551 0.4355667764
v -0.0378790617 0.01225107551 0.4355667764
v -0.0378790617 0.01225107551 0.4355667764
v -0.0378790617 0.01225107551 0.4355667764
v -0.04024936676 0.003000000119 0.4120672304
v -0.04043580055 0.003000000119 0.4124830324
v -0.04078736305 0.003000000119 0.4127729303
v -0.04123105526 0.003000000119 0.4128767473
v -0.04123105526 0.03400000095 0.4128767473
v -0.04078736305 0.03400000095 0.4127729303
v -0.04043580055 0.03400000095 0.4124830324
v -0.04024936676 0.03400000095 0.4120672304
v -0.04024936676 0.03400000095 0.4276862795
v -0.04043580055 0.03400000095 0.4272704775
v -0.04078736305 0.03400000095 0.4269805795
v -0.04123105526 0.03400000095 0.4268767435
v -0.04123105526 0.003000000119 0.4268767435
v -0.04078736305 0.003000000119 0.4269805795
v -0.04043580055 0.003000000119 0.4272704775
v -0.04024936676 0.003000000119 0.4276862795
v -0.04207433701 0.03400000095 0.4268767435
v -0.04123105526 0.03400000095 0.4268767435
v -0.04078736305 0.03400000095 0.4269805795
v -0.04043580055 0.03400000095 0.4272704775
v -0.04024936676 0.03400000095 0.4276862795
v -0.03999141455 0.03400000095 0.4289148218
v -0.0396959734 0.03400000095 0.4301349146
v -0.03936331749 0.03400000095 0.4313453752
v -0.03929069042 0.03400000095 0.4320744974
v -0.03948553801 0.03400000095 0.4327808267
v -0.03992171288 0.03400000095 0.4333696062
v -0.04087883949 0.03400000095 0.4355303461
v -0.03997446537 0.03400000095 0.4377136881
v -0.03776979685 0.03400000095 0.4385647852
v -0.03704505682 0.03400000095 0.4386726839
v -0.03640781641 0.03400000095 0.4390343553
v -0.0359436059 0.03400000095 0.4396012766
v -0.03159767628 0.03400000095 0.4460031206
v -0.02612636328 0.03400000095 0.4514744264
v -0.01972453117 0.03400000095 0.4558203584
v -0.01915760994 0.03400000095 0.4562845689
v -0.01879592776 0.03400000095 0.4569218141
v -0.01868803024 0.03400000095 0.4576465494
v -0.01783694386 0.03400000095 0.4598512155
v -0.01565359235 0.03400000095 0.4607555849
v -0.01349284649 0.03400000095 0.4597984583
v -0.01290408254 0.03400000095 0.4593622858
v -0.01219773769 0.03400000095 0.4591674501
v -0.01146861792 0.03400000095 0.4592400629
v -0.003868803381 0.03400000095 0.4606938059
v 0.003868803382 0.03400000095 0.4606938059
v 0.01146861792 0.03400000095 0.4592400629
v 0.01219773769 0.03400000095 0.4591674501
v 0.01290408254 0.03400000095 0.4593622858
v 0.01349284649 0.03400000095 0.4597984583
v 0.01565359235 0.03400000095 0.4607555849
v 0.01783694387 0.03400000095 0.4598512155
v 0.01868803024 0.03400000095 0.4576465494
v 0.01879592776 0.03400000095 0.4569218141
v 0.01915760994 0.03400000095 0.4562845689
v 0.01972453117 0.03400000095 0.4558203584
v 0.02612636328 0.03400000095 0.4514744264
v 0.03159767628 0.03400000095 0.4460031206
v 0.0359436059 0.03400000095 0.4396012766
v 0.03640781641 0.03400000095 0.4390343553
v 0.03704505682 0.03400000095 0.4386726839
v 0.03776979685 0.03400000095 0.4385647852
v 0.03997446537 0.03400000095 0.4377136881
v 0.04087883949 0.03400000095 0.4355303461
v 0.03992171288 0.03400000095 0.4333696062
v 0.03948553801 0.03400000095 0.4327808267
v 0.03929069042 0.03400000095 0.4320744974
v 0.03936331749 0.03400000095 0.4313453752
v 0.04081706047 0.03400000095 0.4237455637
v 0.04081706047 0.03400000095 0.4160079462
v 0.03936331749 0.03400000095 0.4084081346
v 0.03929069042 0.03400000095 0.4076790125
v 0.03948553801 0.03400000095 0.4069726736
v 0.03992171288 0.03400000095 0.4063839037
v 0.04087883949 0.03400000095 0.4042231638
v 0.03997446537 0.03400000095 0.4020398122
v 0.03776979685 0.03400000095 0.4011887247
v 0.03704505682 0.03400000095 0.401080826
v 0.03640781641 0.03400000095 0.400719145
v 0.0359436059 0.03400000095 0.4001522237
v 0.03159767628 0.03400000095 0.3937503893
v 0.02612636328 0.03400000095 0.3882790739
v 0.01972453117 0.03400000095 0.3839331419
v 0.01915760994 0.03400000095 0.3834689314
v 0.01879592776 0.03400000095 0.3828316957
v 0.01868803024 0.03400000095 0.3821069605
v 0.01783694386 0.03400000095 0.3799022848
v 0.01565359235 0.03400000095 0.3789979154
v 0.01349284649 0.03400000095 0.379955042
v 0.01290408254 0.03400000095 0.3803912145
v 0.01219773769 0.03400000095 0.3805860597
v 0.01146861792 0.03400000095 0.3805134374
v 0.003868803381 0.03400000095 0.3790596944
v -0.003868803382 0.03400000095 0.3790596944
v -0.01146861792 0.03400000095 0.3805134374
v -0.01219773769 0.03400000095 0.3805860597
v -0.01290408254 0.03400000095 0.3803912145
v -0.01349284649 0.03400000095 0.379955042
v -0.01565359235 0.03400000095 0.3789979154
v -0.01783694387 0.03400000095 0.3799022848
v -0.01868803024 0.03400000095 0.3821069605
v -0.01879592776 0.03400000095 0.3828316957
v -0.01915760994 0.03400000095 0.3834689314
v -0.01972453117 0.03400000095 0.3839331419
v -0.02612636328 0.03400000095 0.3882790739
v -0.03159767628 0.03400000095 0.3937503893
v -0.0359436059 0.03400000095 0.4001522237
v -0.03640781641 0.03400000095 0.400719145
v -0.03704505682 0.03400000095 0.401080826
v -0.03776979685 0.03400000095 0.4011887247
v -0.03997446537 0.03400000095 0.4020398122
v -0.04087883949 0.03400000095 0.4042231638
v -0.03992171288 0.03400000095 0.4063839037
v -0.03948553801 0.03400000095 0.4069726736
v -0.03929069042 0.03400000095 0.4076790125
v -0.03936331749 0.03400000095 0.4084081346
v -0.0396959734 0.03400000095 0.4096185953
v -0.03999141455 0.03400000095 0.410838669
v -0.04024936676 0.03400000095 0.4120672304
v -0.04043580055 0.03400000095 0.4124830324
v -0.04078736305 0.03400000095 0.4127729303
v -0.04123105526 0.03400000095 0.4128767473
v -0.04207433701 0.03400000095 0.4128767473
v -0.04253290653 0.03400000095 0.4129880983
v -0.04288936138 0.03400000095 0.4132973177
v -0.04306432247 0.03400000095 0.4137355692
v -0.04345151901 0.03400000095 0.4178235895
v -0.04345151901 0.03400000095 0.4219299013
v -0.04306432247 0.03400000095 0.4260179216
v -0.04288936138 0.03400000095 0.4264561922
v -0.04253290653 0.03400000095 0.4267654115
v 0.01569002032 0.03400000095 0.3837476904
v 0.01417447686 0.03400000095 0.3828726942
v 0.01417447686 0.03400000095 0.3811226923
v 0.01569002032 0.03400000095 0.3802476961
v 0.01720556498 0.03400000095 0.3811226923
v 0.01720556498 0.03400000095 0.3828726942
v -0.01569002032 0.03400000095 0.3802476961
v -0.01417447686 0.03400000095 0.3811226923
v -0.01417447686 0.03400000095 0.3828726942
v -0.01569002032 0.03400000095 0.3837476904
v -0.01720556498 0.03400000095 0.3828726942
v -0.01720556498 0.03400000095 0.3811226923
v -0.03664162397 0.03400000095 0.405424164
v -0.03833199501 0.03400000095 0.4058771021
v -0.03956943035 0.03400000095 0.4046396619
v -0.03911649704 0.03400000095 0.4029492933
v -0.03742612839 0.03400000095 0.4024963648
v -0.03618869066 0.03400000095 0.4037337953
v -0.03612905979 0.03400000095 0.4355667764
v -0.03700406075 0.03400000095 0.4370823175
v -0.03875406027 0.03400000095 0.4370823175
v -0.03962906122 0.03400000095 0.4355667764
v -0.03875406027 0.03400000095 0.4340512354
v -0.03700406075 0.03400000095 0.4340512354
v -0.01569002032 0.03400000095 0.4595058138
v -0.01720556498 0.03400000095 0.4586308176
v -0.01720556498 0.03400000095 0.4568808061
v -0.01569002032 0.03400000095 0.4560058099
v -0.01417447686 0.03400000095 0.4568808061
v -0.01417447686 0.03400000095 0.4586308176
v 0.01569002032 0.03400000095 0.4560058099
v 0.01720556498 0.03400000095 0.4568808061
v 0.01720556498 0.03400000095 0.4586308176
v 0.01569002032 0.03400000095 0.4595058138
v 0.01417447686 0.03400000095 0.4586308176
v 0.01417447686 0.03400000095 0.4568808061
v 0.03911649704 0.03400000095 0.436804207
v 0.03742612839 0.03400000095 0.4372571451
v 0.03618869066 0.03400000095 0.4360197145
v 0.03664162397 0.03400000095 0.4343293268
v 0.03833199501 0.03400000095 0.4338764078
v 0.03956943035 0.03400000095 0.4351138384
v -0.03823205471 0.03400000095 0.4258767587
v -0.04163832188 0.03400000095 0.4258767587
v -0.0418691349 0.03400000095 0.4258202821
v -0.04204781532 0.03400000095 0.4256636507
v -0.04213401794 0.03400000095 0.4254422266
v -0.04245928288 0.03400000095 0.4217366678
v -0.04245928288 0.03400000095 0.418016842
v -0.04213401794 0.03400000095 0.4143112833
v -0.04204781532 0.03400000095 0.4140898401
v -0.0418691349 0.03400000095 0.4139332086
v -0.04163832188 0.03400000095 0.4138767511
v -0.03823205471 0.03400000095 0.4138767511
v -0.03598441124 0.03400000095 0.4056355364
v -0.03198355913 0.03400000095 0.3980881769
v -0.02642442465 0.03400000095 0.3916023904
v -0.01957785726 0.03400000095 0.3864941579
v -0.01177742839 0.03400000095 0.3830123788
v -0.003403188885 0.03400000095 0.3813266737
v 0.00513685882 0.03400000095 0.3815191919
v 0.01342663169 0.03400000095 0.3835805303
v 0.02106224298 0.03400000095 0.3874102766
v 0.02767167091 0.03400000095 0.3928218347
v 0.032932899 0.03400000095 0.3995515424
v 0.0365895915 0.03400000095 0.407271517
v 0.03846358776 0.03400000095 0.4156056482
v 0.03846358776 0.03400000095 0.4241478616
v 0.0365895915 0.03400000095 0.4324819833
v 0.032932899 0.03400000095 0.4402019579
v 0.02767167091 0.03400000095 0.4469316751
v 0.02106224299 0.03400000095 0.4523432237
v 0.01342663169 0.03400000095 0.45617297
v 0.005136858821 0.03400000095 0.4582343179
v -0.003403188884 0.03400000095 0.4584268266
v -0.01177742839 0.03400000095 0.456741131
v -0.01957785726 0.03400000095 0.4532593424
v -0.02642442465 0.03400000095 0.4481511194
v -0.03198355913 0.03400000095 0.441665333
v -0.03598441124 0.03400000095 0.4341179735
v 0.03962906122 0.03400000095 0.4041867334
v 0.03875406027 0.03400000095 0.4057022745
v 0.03700406075 0.03400000095 0.4057022745
v 0.03612905979 0.03400000095 0.4041867334
v 0.03700406075 0.03400000095 0.4026711828
v 0.03875406027 0.03400000095 0.4026711828
v -0.038349576 0.005500000119 0.4164767534
v -0.03661057949 0.005500000119 0.4079639227
v -0.03300697327 0.005500000119 0.4000578291
v -0.02772229433 0.005500000119 0.393161133
v -0.02102569103 0.005500000119 0.3876250822
v -0.01325823188 0.005500000119 0.38373164
v -0.004815519453 0.005500000119 0.3816790945
v 0.00387245208 0.005500000119 0.3815719968
v 0.01236319661 0.005500000119 0.3834157926
v 0.02022427082 0.005500000119 0.387116583
v 0.02705530643 0.005500000119 0.3924858743
v 0.03250838995 0.005500000119 0.3992502004
v 0.03630579472 0.005500000119 0.4070650655
v 0.03825411081 0.005500000119 0.4155324442
v 0.03825411081 0.005500000119 0.4242210657
v 0.03630579472 0.005500000119 0.4326884348
v 0.03250838995 0.005500000119 0.4405032999
v 0.02705530643 0.005500000119 0.4472676355
v 0.02022427082 0.005500000119 0.4526369173
v 0.01236319661 0.005500000119 0.4563377077
v 0.003872452081 0.005500000119 0.4581815035
v -0.004815519452 0.005500000119 0.4580744058
v -0.01325823188 0.005500000119 0.4560218698
v -0.02102569103 0.005500000119 0.4521284181
v -0.02772229433 0.005500000119 0.4465923769
v -0.03300697327 0.005500000119 0.4396956712
v -0.03661057949 0.005500000119 0.4317895776
v -0.038349576 0.005500000119 0.4232767564
v -0.038349576 0.03230000019 0.4232767564
v -0.03661057949 0.03230000019 0.4317895776
v -0.03300697327 0.03230000019 0.4396956712
v -0.02772229433 0.03230000019 0.4465923769
v -0.02102569103 0.03230000019 0.4521284181
v -0.01325823188 0.03230000019 0.4560218698
v -0.004815519452 0.03230000019 0.4580744058
v 0.003872452081 0.03230000019 0.4581815035
v 0.01236319661 0.03230000019 0.4563377077
v 0.02022427082 0.03230000019 0.4526369173
v 0.02705530643 0.03230000019 0.4472676355
v 0.03250838995 0.03230000019 0.4405032999
v 0.03630579472 0.03230000019 0.4326884348
v 0.03825411081 0.03230000019 0.4242210657
v 0.03825411081 0.03230000019 0.4155324442
v 0.03630579472 0.03230000019 0.4070650655
v 0.03250838995 0.03230000019 0.3992502004
v 0.02705530643 0.03230000019 0.3924858743
v 0.02022427082 0.03230000019 0.387116583
v 0.01236319661 0.03230000019 0.3834157926
v 0.00387245208 0.03230000019 0.3815719968
v -0.004815519453 0.03230000019 0.3816790945
v -0.01325823188 0.03230000019 0.38373164
v -0.02102569103 0.03230000019 0.3876250822
v -0.02772229433 0.03230000019 0.393161133
v -0.03300697327 0.03230000019 0.4000578291
v -0.03661057949 0.03230000019 0.4079639227
v -0.038349576 0.03230000019 0.4164767534
v 0.00387245208 0.005500000119 0.3815719968
v 0.00387245208 0.03230000019 0.3815719968
v -0.04213401794 0.005500000119 0.4254422266
v -0.04204781532 0.005500000119 0.4256636507
v -0.0418691349 0.005500000119 0.4258202821
v -0.04163832188 0.005500000119 0.4258767587
v -0.03980000019 0.005500000119 0.4258767587
v -0.03954999924 0.005500000119 0.4258097726
v -0.03936698675 0.005500000119 0.4256267435
v -0.03930000067 0.005500000119 0.4253767473
v -0.03930000067 0.005500000119 0.4232767564
v -0.038349576 0.005500000119 0.4232767564
v -0.03661057949 0.005500000119 0.4317895776
v -0.03300697327 0.005500000119 0.4396956712
v -0.02772229433 0.005500000119 0.4465923769
v -0.02102569103 0.005500000119 0.4521284181
v -0.01325823188 0.005500000119 0.4560218698
v -0.004815519452 0.005500000119 0.4580744058
v 0.003872452081 0.005500000119 0.4581815035
v 0.01236319661 0.005500000119 0.4563377077
v 0.02022427082 0.005500000119 0.4526369173
v 0.02705530643 0.005500000119 0.4472676355
v 0.03250838995 0.005500000119 0.4405032999
v 0.03630579472 0.005500000119 0.4326884348
v 0.03825411081 0.005500000119 0.4242210657
v 0.03825411081 0.005500000119 0.4155324442
v 0.03630579472 0.005500000119 0.4070650655
v 0.03250838995 0.005500000119 0.3992502004
v 0.02705530643 0.005500000119 0.3924858743
v 0.02022427082 0.005500000119 0.387116583
v 0.01236319661 0.005500000119 0.3834157926
v 0.00387245208 0.005500000119 0.3815719968
v -0.004815519453 0.005500000119 0.3816790945
v -0.01325823188 0.005500000119 0.38373164
v -0.02102569103 0.005500000119 0.3876250822
v -0.02772229433 0.005500000119 0.393161133
v -0.03300697327 0.005500000119 0.4000578291
v -0.03661057949 0.005500000119 0.4079639227
v -0.038349576 0.005500000119 0.4164767534
v -0.03930000067 0.005500000119 0.4164767534
v -0.03930000067 0.005500000119 0.4143767435
v -0.03936698675 0.005500000119 0.4141267473
v -0.03954999924 0.005500000119 0.4139437372
v -0.03980000019 0.005500000119 0.4138767511
v -0.04163832188 0.005500000119 0.4138767511
v -0.0418691349 0.005500000119 0.4139332086
v -0.04204781532 0.005500000119 0.4140898401
v -0.04213401794 0.005500000119 0.4143112833
v -0.04245928288 0.005500000119 0.418016842
v -0.04245928288 0.005500000119 0.4217366678
v -2.592460481e-13 0.005500000119 0.3963767511
v 0.00662071526 0.005500000119 0.3973286707
v 0.01270505905 0.005500000119 0.4001072961
v 0.01776011467 0.005500000119 0.4044875223
v 0.02137635231 0.005500000119 0.4101144964
v 0.02326080322 0.005500000119 0.4165323526
v 0.02326080322 0.005500000119 0.4232211572
v 0.02137635231 0.005500000119 0.4296390039
v 0.01776011467 0.005500000119 0.4352659876
v 0.01270505905 0.005500000119 0.4396462137
v 0.006620715261 0.005500000119 0.4424248392
v 2.591944394e-13 0.005500000119 0.4433767587
v -0.00662071526 0.005500000119 0.4424248392
v -0.01270505905 0.005500000119 0.4396462137
v -0.01776011467 0.005500000119 0.4352659876
v -0.02137635231 0.005500000119 0.4296390039
v -0.02326080322 0.005500000119 0.4232211572
v -0.02326080322 0.005500000119 0.4165323526
v -0.02137635231 0.005500000119 0.4101144964
v -0.01776011467 0.005500000119 0.4044875223
v -0.01270505905 0.005500000119 0.4001072961
v -0.006620715261 0.005500000119 0.3973286707
v -0.03911649704 0.003000000119 0.4029492933
v -0.03742612839 0.003000000119 0.4024963648
v -0.03618869066 0.003000000119 0.4037337953
v -0.03664162397 0.003000000119 0.405424164
v -0.03833199501 0.003000000119 0.4058771021
v -0.03956943035 0.003000000119 0.4046396619
v -0.03876294374 0.00349999994 0.403302849
v -0.03899281979 0.00349999994 0.4047542173
v -0.03768351793 0.00349999994 0.4054213411
v -0.03664444923 0.00349999994 0.4043822748
v -0.03731157303 0.00349999994 0.4030729753
v -0.03731157303 0.00349999994 0.4030729753
v -0.03742612839 0.003000000119 0.4024963648
v 0.01569002032 0.00349999994 0.4565058214
v 0.01687884092 0.00349999994 0.4573695451
v 0.01642475247 0.00349999994 0.4587670786
v 0.01495528936 0.00349999994 0.4587670786
v 0.01450119972 0.00349999994 0.4573695451
v 0.01569002032 0.01149999976 0.4590058214
v 0.01687884092 0.01149999976 0.4581420786
v 0.01642475247 0.01149999976 0.4567445451
v 0.01495528936 0.01149999976 0.4567445451
v 0.01450119972 0.01149999976 0.4581420786
v 0.01642475247 0.00349999994 0.4587670786
v 0.01569002032 0.01149999976 0.4590058214
v -0.01480613708 0.01149999976 0.456871937
v -0.01457626224 0.01149999976 0.4583232958
v -0.01588556409 0.01149999976 0.4589904291
v -0.0169246316 0.01149999976 0.4579513628
v -0.01625750899 0.01149999976 0.4566420633
v -0.01569002032 0.01225107551 0.4577558214
v -0.01569002032 0.01225107551 0.4577558214
v -0.01569002032 0.01225107551 0.4577558214
v -0.01569002032 0.01225107551 0.4577558214
v -0.01569002032 0.01225107551 0.4577558214
v -0.01569002032 0.01225107551 0.4577558214
v -0.01569002032 0.01225107551 0.4577558214
v -0.01588556409 0.01149999976 0.4589904291
v -0.01569002032 0.01225107551 0.4577558214
v -0.04024936676 0.03400000095 0.4120672304
v -0.03999141455 0.03400000095 0.410838669
v -0.0396959734 0.03400000095 0.4096185953
v -0.03936331749 0.03400000095 0.4084081346
v -0.03936331749 0.003000000119 0.4084081346
v -0.0396959734 0.003000000119 0.4096185953
v -0.03999141455 0.003000000119 0.410838669
v -0.04024936676 0.003000000119 0.4120672304
v -0.04024936676 0.003000000119 0.4276862795
v -0.03999141455 0.003000000119 0.4289148218
v -0.0396959734 0.003000000119 0.4301349146
v -0.03936331749 0.003000000119 0.4313453752
v -0.03936331749 0.03400000095 0.4313453752
v -0.0396959734 0.03400000095 0.4301349146
v -0.03999141455 0.03400000095 0.4289148218
v -0.04024936676 0.03400000095 0.4276862795
v 0.03936331749 0.03400000095 0.4313453752
v 0.03936331749 0.003000000119 0.4313453752
v 0.04081706047 0.003000000119 0.4237455637
v 0.04081706047 0.003000000119 0.4160079462
v 0.03936331749 0.003000000119 0.4084081346
v 0.03936331749 0.03400000095 0.4084081346
v 0.04081706047 0.03400000095 0.4160079462
v 0.04081706047 0.03400000095 0.4237455637
v 0.03962906122 0.03400000095 0.4041867334
v 0.03875406027 0.03400000095 0.4026711828
v 0.03700406075 0.03400000095 0.4026711828
v 0.03612905979 0.03400000095 0.4041867334
v 0.03700406075 0.03400000095 0.4057022745
v 0.03875406027 0.03400000095 0.4057022745
v 0.0391290617 0.03349999905 0.4041867334
v 0.03826533318 0.03349999905 0.4053755552
v 0.03686779022 0.03349999905 0.4049214632
v 0.03686779022 0.03349999905 0.4034520036
v 0.03826533318 0.03349999905 0.4029979116
v 0.03686779022 0.03349999905 0.4034520036
v 0.03700406075 0.03400000095 0.4026711828
v -0.04213401794 0.005500000119 0.4143112833
v -0.04213401794 0.03400000095 0.4143112833
v -0.04245928288 0.03400000095 0.418016842
v -0.04245928288 0.03400000095 0.4217366678
v -0.04213401794 0.03400000095 0.4254422266
v -0.04213401794 0.005500000119 0.4254422266
v -0.04245928288 0.005500000119 0.4217366678
v -0.04245928288 0.005500000119 0.418016842
v -0.01569002032 0.003000000119 0.3837476904
v -0.01720556498 0.003000000119 0.3828726942
v -0.01720556498 0.003000000119 0.3811226923
v -0.01569002032 0.003000000119 0.3802476961
v -0.01417447686 0.003000000119 0.3811226923
v -0.01417447686 0.003000000119 0.3828726942
v -0.01569002032 0.00349999994 0.3832476885
v -0.01450119972 0.00349999994 0.3823839647
v -0.01495528936 0.00349999994 0.3809864217
v -0.01642475247 0.00349999994 0.3809864217
v -0.01687884092 0.00349999994 0.3823839647
v -0.01569002032 0.003000000119 0.3802476961
v -0.01495528936 0.00349999994 0.3809864217
v -0.03876294374 0.00349999994 0.403302849
v -0.03731157303 0.00349999994 0.4030729753
v -0.03664444923 0.00349999994 0.4043822748
v -0.03768351793 0.00349999994 0.4054213411
v -0.03899281979 0.00349999994 0.4047542173
v -0.03876294374 0.01149999976 0.403302849
v -0.03899281979 0.01149999976 0.4047542173
v -0.03768351793 0.01149999976 0.4054213411
v -0.03664444923 0.01149999976 0.4043822748
v -0.03731157303 0.01149999976 0.4030729753
v -0.03876294374 0.00349999994 0.403302849
v -0.03876294374 0.01149999976 0.403302849
v 0.01569002032 0.01149999976 0.4590058214
v 0.01450119972 0.01149999976 0.4581420786
v 0.01495528936 0.01149999976 0.4567445451
v 0.01642475247 0.01149999976 0.4567445451
v 0.01687884092 0.01149999976 0.4581420786
v 0.01569002032 0.01225107551 0.4577558214
v 0.01569002032 0.01149999976 0.4590058214
v 0.01569002032 0.01225107551 0.4577558214
v 0.01569002032 0.01225107551 0.4577558214
v 0.01569002032 0.01225107551 0.4577558214
v 0.01569002032 0.01225107551 0.4577558214
v 0.01569002032 0.01225107551 0.4577558214
v 0.01569002032 0.01225107551 0.4577558214
v 0.01569002032 0.01225107551 0.4577558214
v -0.03936331749 0.03400000095 0.4084081346
v -0.03929069042 0.03400000095 0.4076790125
v -0.03948553801 0.03400000095 0.4069726736
v -0.03992171288 0.03400000095 0.4063839037
v -0.03992171288 0.003000000119 0.4063839037
v -0.03948553801 0.003000000119 0.4069726736
v -0.03929069042 0.003000000119 0.4076790125
v -0.03936331749 0.003000000119 0.4084081346
v 0.03936331749 0.003000000119 0.4084081346
v 0.03929069042 0.003000000119 0.4076790125
v 0.03948553801 0.003000000119 0.4069726736
v 0.03992171288 0.003000000119 0.4063839037
v 0.03992171288 0.03400000095 0.4063839037
v 0.03948553801 0.03400000095 0.4069726736
v 0.03929069042 0.03400000095 0.4076790125
v 0.03936331749 0.03400000095 0.4084081346
v -0.03936331749 0.003000000119 0.4313453752
v -0.03929069042 0.003000000119 0.4320744974
v -0.03948553801 0.003000000119 0.4327808267
v -0.03992171288 0.003000000119 0.4333696062
v -0.03992171288 0.03400000095 0.4333696062
v -0.03948553801 0.03400000095 0.4327808267
v -0.03929069042 0.03400000095 0.4320744974
v -0.03936331749 0.03400000095 0.4313453752
v 0.0359436059 0.03400000095 0.4001522237
v 0.0359436059 0.003000000119 0.4001522237
v 0.03159767628 0.003000000119 0.3937503893
v 0.02612636328 0.003000000119 0.3882790739
v 0.01972453117 0.003000000119 0.3839331419
v 0.01972453117 0.03400000095 0.3839331419
v 0.02612636328 0.03400000095 0.3882790739
v 0.03159767628 0.03400000095 0.3937503893
v 0.0391290617 0.03349999905 0.4041867334
v 0.03826533318 0.03349999905 0.4029979116
v 0.03686779022 0.03349999905 0.4034520036
v 0.03686779022 0.03349999905 0.4049214632
v 0.03826533318 0.03349999905 0.4053755552
v 0.0391290617 0.02549999952 0.4041867334
v 0.03826533318 0.02549999952 0.4053755552
v 0.03686779022 0.02549999952 0.4049214632
v 0.03686779022 0.02549999952 0.4034520036
v 0.03826533318 0.02549999952 0.4029979116
v 0.0391290617 0.03349999905 0.4041867334
v 0.0391290617 0.02549999952 0.4041867334
v -0.04213401794 0.005500000119 0.4254422266
v -0.04213401794 0.03400000095 0.4254422266
v -0.04204781532 0.03400000095 0.4256636507
v -0.0418691349 0.03400000095 0.4258202821
v -0.04163832188 0.03400000095 0.4258767587
v -0.04163832188 0.005500000119 0.4258767587
v -0.0418691349 0.005500000119 0.4258202821
v -0.04204781532 0.005500000119 0.4256636507
v 0.01569002032 0.00349999994 0.3832476885
v 0.01687884092 0.00349999994 0.3823839647
v 0.01642475247 0.00349999994 0.3809864217
v 0.01495528936 0.00349999994 0.3809864217
v 0.01450119972 0.00349999994 0.3823839647
v 0.01569002032 0.003000000119 0.3837476904
v 0.01417447686 0.003000000119 0.3828726942
v 0.01417447686 0.003000000119 0.3811226923
v 0.01569002032 0.003000000119 0.3802476961
v 0.01720556498 0.003000000119 0.3811226923
v 0.01720556498 0.003000000119 0.3828726942
v 0.01642475247 0.00349999994 0.3809864217
v 0.01569002032 0.003000000119 0.3802476961
v -0.01569002032 0.00349999994 0.3832476885
v -0.01687884092 0.00349999994 0.3823839647
v -0.01642475247 0.00349999994 0.3809864217
v -0.01495528936 0.00349999994 0.3809864217
v -0.01450119972 0.00349999994 0.3823839647
v -0.01569002032 0.01149999976 0.3807476885
v -0.01687884092 0.01149999976 0.3816114217
v -0.01642475247 0.01149999976 0.3830089647
v -0.01495528936 0.01149999976 0.3830089647
v -0.01450119972 0.01149999976 0.3816114217
v -0.01642475247 0.00349999994 0.3809864217
v -0.01569002032 0.01149999976 0.3807476885
v -0.03876294374 0.01149999976 0.403302849
v -0.03731157303 0.01149999976 0.4030729753
v -0.03664444923 0.01149999976 0.4043822748
v -0.03768351793 0.01149999976 0.4054213411
v -0.03899281979 0.01149999976 0.4047542173
v -0.0378790617 0.01225107551 0.4041867334
v -0.03876294374 0.01149999976 0.403302849
v -0.0378790617 0.01225107551 0.4041867334
v -0.0378790617 0.01225107551 0.4041867334
v -0.0378790617 0.01225107551 0.4041867334
v -0.0378790617 0.01225107551 0.4041867334
v -0.0378790617 0.01225107551 0.4041867334
v -0.0378790617 0.01225107551 0.4041867334
v -0.0378790617 0.01225107551 0.4041867334
v -0.03776979685 0.003000000119 0.4011887247
v -0.03997446537 0.003000000119 0.4020398122
v -0.04087883949 0.003000000119 0.4042231638
v -0.03992171288 0.003000000119 0.4063839037
v -0.03992171288 0.03400000095 0.4063839037
v -0.04087883949 0.03400000095 0.4042231638
v -0.03997446537 0.03400000095 0.4020398122
v -0.03776979685 0.03400000095 0.4011887247
v -0.01972453117 0.003000000119 0.4558203584
v -0.01915760994 0.003000000119 0.4562845689
v -0.01879592776 0.003000000119 0.4569218141
v -0.01868803024 0.003000000119 0.4576465494
v -0.01868803024 0.03400000095 0.4576465494
v -0.01879592776 0.03400000095 0.4569218141
v -0.01915760994 0.03400000095 0.4562845689
v -0.01972453117 0.03400000095 0.4558203584
v 0.03776979685 0.03400000095 0.4011887247
v 0.03997446537 0.03400000095 0.4020398122
v 0.04087883949 0.03400000095 0.4042231638
v 0.03992171288 0.03400000095 0.4063839037
v 0.03992171288 0.003000000119 0.4063839037
v 0.04087883949 0.003000000119 0.4042231638
v 0.03997446537 0.003000000119 0.4020398122
v 0.03776979685 0.003000000119 0.4011887247
v -0.03992171288 0.003000000119 0.4333696062
v -0.04087883949 0.003000000119 0.4355303461
v -0.03997446537 0.003000000119 0.4377136881
v -0.03776979685 0.003000000119 0.4385647852
v -0.03776979685 0.03400000095 0.4385647852
v -0.03997446537 0.03400000095 0.4377136881
v -0.04087883949 0.03400000095 0.4355303461
v -0.03992171288 0.03400000095 0.4333696062
v 0.01146861792 0.003000000119 0.4592400629
v 0.01219773769 0.003000000119 0.4591674501
v 0.01290408254 0.003000000119 0.4593622858
v 0.01349284649 0.003000000119 0.4597984583
v 0.01349284649 0.03400000095 0.4597984583
v 0.01290408254 0.03400000095 0.4593622858
v 0.01219773769 0.03400000095 0.4591674501
v 0.01146861792 0.03400000095 0.4592400629
v 0.01146861792 0.03400000095 0.3805134374
v 0.01146861792 0.003000000119 0.3805134374
v 0.003868803381 0.003000000119 0.3790596944
v -0.003868803382 0.003000000119 0.3790596944
v -0.01146861792 0.003000000119 0.3805134374
v -0.01146861792 0.03400000095 0.3805134374
v -0.003868803382 0.03400000095 0.3790596944
v 0.003868803381 0.03400000095 0.3790596944
v 0.0391290617 0.02549999952 0.4041867334
v 0.03826533318 0.02549999952 0.4029979116
v 0.03686779022 0.02549999952 0.4034520036
v 0.03686779022 0.02549999952 0.4049214632
v 0.03826533318 0.02549999952 0.4053755552
v 0.0378790617 0.02474892378 0.4041867334
v 0.0391290617 0.02549999952 0.4041867334
v 0.0378790617 0.02474892378 0.4041867334
v 0.0378790617 0.02474892378 0.4041867334
v 0.0378790617 0.02474892378 0.4041867334
v 0.0378790617 0.02474892378 0.4041867334
v 0.0378790617 0.02474892378 0.4041867334
v 0.0378790617 0.02474892378 0.4041867334
v 0.0378790617 0.02474892378 0.4041867334
v -0.03823205471 0.0325 0.4258767587
v -0.03980000019 0.0325 0.4258767587
v -0.03980000019 0.005500000119 0.4258767587
v -0.04163832188 0.005500000119 0.4258767587
v -0.04163832188 0.03400000095 0.4258767587
v -0.03823205471 0.03400000095 0.4258767587
v 0.0378790617 0.00349999994 0.4054367334
v 0.03906788111 0.00349999994 0.4045730001
v 0.03861379147 0.00349999994 0.4031754572
v 0.03714432955 0.00349999994 0.4031754572
v 0.03669023991 0.00349999994 0.4045730001
v 0.0378790617 0.003000000119 0.4059367353
v 0.03636351585 0.003000000119 0.4050617296
v 0.03636351585 0.003000000119 0.4033117277
v 0.0378790617 0.003000000119 0.4024367315
v 0.03939460516 0.003000000119 0.4033117277
v 0.03939460516 0.003000000119 0.4050617296
v 0.03861379147 0.00349999994 0.4031754572
v 0.0378790617 0.003000000119 0.4024367315
v 0.01569002032 0.00349999994 0.3832476885
v 0.01450119972 0.00349999994 0.3823839647
v 0.01495528936 0.00349999994 0.3809864217
v 0.01642475247 0.00349999994 0.3809864217
v 0.01687884092 0.00349999994 0.3823839647
v 0.01657390475 0.01149999976 0.381113804
v 0.01512253284 0.01149999976 0.3808839304
v 0.01445541024 0.01149999976 0.3821932298
v 0.01549447775 0.01149999976 0.3832323057
v 0.01680377841 0.01149999976 0.3825651819
v 0.01657390475 0.01149999976 0.381113804
v 0.01642475247 0.00349999994 0.3809864217
v -0.01569002032 0.01149999976 0.3807476885
v -0.01450119972 0.01149999976 0.3816114217
v -0.01495528936 0.01149999976 0.3830089647
v -0.01642475247 0.01149999976 0.3830089647
v -0.01687884092 0.01149999976 0.3816114217
v -0.01569002032 0.01225107551 0.3819976885
v -0.01569002032 0.01149999976 0.3807476885
v -0.01569002032 0.01225107551 0.3819976885
v -0.01569002032 0.01225107551 0.3819976885
v -0.01569002032 0.01225107551 0.3819976885
v -0.01569002032 0.01225107551 0.3819976885
v -0.01569002032 0.01225107551 0.3819976885
v -0.01569002032 0.01225107551 0.3819976885
v -0.01569002032 0.01225107551 0.3819976885
v -0.0359436059 0.003000000119 0.4001522237
v -0.03640781641 0.003000000119 0.400719145
v -0.03704505682 0.003000000119 0.401080826
v -0.03776979685 0.003000000119 0.4011887247
v -0.03776979685 0.03400000095 0.4011887247
v -0.03704505682 0.03400000095 0.401080826
v -0.03640781641 0.03400000095 0.400719145
v -0.0359436059 0.03400000095 0.4001522237
v -0.01868803024 0.003000000119 0.4576465494
v -0.01783694386 0.003000000119 0.4598512155
v -0.01565359235 0.003000000119 0.4607555849
v -0.01349284649 0.003000000119 0.4597984583
v -0.01349284649 0.03400000095 0.4597984583
v -0.01565359235 0.03400000095 0.4607555849
v -0.01783694386 0.03400000095 0.4598512155
v -0.01868803024 0.03400000095 0.4576465494
v 0.0359436059 0.03400000095 0.4001522237
v 0.03640781641 0.03400000095 0.400719145
v 0.03704505682 0.03400000095 0.401080826
v 0.03776979685 0.03400000095 0.4011887247
v 0.03776979685 0.003000000119 0.4011887247
v 0.03704505682 0.003000000119 0.401080826
v 0.03640781641 0.003000000119 0.400719145
v 0.0359436059 0.003000000119 0.4001522237
v -0.0359436059 0.03400000095 0.4396012766
v -0.03640781641 0.03400000095 0.4390343553
v -0.03704505682 0.03400000095 0.4386726839
v -0.03776979685 0.03400000095 0.4385647852
v -0.03776979685 0.003000000119 0.4385647852
v -0.03704505682 0.003000000119 0.4386726839
v -0.03640781641 0.003000000119 0.4390343553
v -0.0359436059 0.003000000119 0.4396012766
v 0.01349284649 0.003000000119 0.4597984583
v 0.01565359235 0.003000000119 0.4607555849
v 0.01783694387 0.003000000119 0.4598512155
v 0.01868803024 0.003000000119 0.4576465494
v 0.01868803024 0.03400000095 0.4576465494
v 0.01783694387 0.03400000095 0.4598512155
v 0.01565359235 0.03400000095 0.4607555849
v 0.01349284649 0.03400000095 0.4597984583
v -0.01972453117 0.03400000095 0.3839331419
v -0.01972453117 0.003000000119 0.3839331419
v -0.02612636328 0.003000000119 0.3882790739
v -0.03159767628 0.003000000119 0.3937503893
v -0.0359436059 0.003000000119 0.4001522237
v -0.0359436059 0.03400000095 0.4001522237
v -0.03159767628 0.03400000095 0.3937503893
v -0.02612636328 0.03400000095 0.3882790739
v 0.01569002032 0.03349999905 0.3832476885
v 0.01450119972 0.03349999905 0.3823839647
v 0.01495528936 0.03349999905 0.3809864217
v 0.01642475247 0.03349999905 0.3809864217
v 0.01687884092 0.03349999905 0.3823839647
v 0.01569002032 0.03400000095 0.3837476904
v 0.01720556498 0.03400000095 0.3828726942
v 0.01720556498 0.03400000095 0.3811226923
v 0.01569002032 0.03400000095 0.3802476961
v 0.01417447686 0.03400000095 0.3811226923
v 0.01417447686 0.03400000095 0.3828726942
v 0.01495528936 0.03349999905 0.3809864217
v 0.01569002032 0.03400000095 0.3802476961
v -0.03855035782 0.03220000029 0.4232767564
v -0.03855035782 0.03230000019 0.4232767564
v -0.038349576 0.03230000019 0.4232767564
v -0.038349576 0.005500000119 0.4232767564
v -0.03930000067 0.005500000119 0.4232767564
v -0.03930000067 0.03220000029 0.4232767564
v -0.03930000067 0.0325 0.4235767442
v -0.03930000067 0.0325 0.4253767473
v -0.03936698675 0.0325 0.4256267435
v -0.03954999924 0.0325 0.4258097726
v -0.03980000019 0.0325 0.4258767587
v -0.03823205471 0.0325 0.4258767587
v -0.03834424973 0.0325 0.4251120645
v -0.03844115019 0.0325 0.4243453104
v -0.03852272034 0.0325 0.4235767442
v -0.03930000067 0.03220000029 0.4164767534
v -0.03855035782 0.03220000029 0.4164767534
v -0.03855018616 0.03223391533 0.416474827
v -0.03854967833 0.03226739407 0.4164690859
v -0.03854883909 0.03230000019 0.4164595873
v -0.03852272034 0.0325 0.4161767465
v -0.03930000067 0.0325 0.4161767465
v -0.03930000067 0.0324598074 0.4163267595
v -0.03930000067 0.03234999895 0.4164365656
f 6 1 7
f 7 1 13
f 7 13 11
f 12 2 3
f 12 3 10
f 10 3 4
f 10 4 9
f 9 4 5
f 9 5 8
f 8 5 6
f 8 6 7
f 15 22 14
f 14 22 23
f 14 23 18
f 18 23 24
f 18 24 17
f 25 19 20
f 25 20 16
f 16 20 21
f 16 21 15
f 15 21 22
f 27 39 26
f 28 38 27
f 30 36 29
f 32 31 30
f 29 37 28
f 47 40 46
f 46 40 41
f 46 41 45
f 45 41 42
f 45 42 44
f 44 42 43
f 55 48 54
f 54 48 49
f 54 49 53
f 53 49 50
f 53 50 52
f 52 50 51
f 56 57 63
f 63 57 58
f 63 58 62
f 62 58 59
f 62 59 61
f 61 59 60
f 71 64 70
f 70 64 65
f 70 65 69
f 69 65 66
f 69 66 68
f 68 66 67
f 77 83 78
f 84 72 73
f 84 73 82
f 82 73 74
f 82 74 81
f 81 74 75
f 81 75 80
f 80 75 76
f 80 76 79
f 79 76 77
f 79 77 78
f 86 94 85
f 85 94 90
f 85 90 89
f 89 90 91
f 89 91 88
f 88 91 95
f 88 95 87
f 96 92 93
f 96 93 86
f 86 93 94
f 98 102 97
f 97 102 103
f 97 103 105
f 105 103 104
f 102 98 101
f 101 98 99
f 101 99 100
f 106 107 113
f 113 107 108
f 113 108 112
f 112 108 109
f 112 109 111
f 111 109 110
f 115 116 114
f 114 116 117
f 114 117 120
f 120 117 118
f 120 118 119
f 122 164 121
f 121 164 143
f 121 143 142
f 142 143 144
f 142 144 141
f 141 144 145
f 141 145 140
f 140 145 146
f 140 146 139
f 139 146 147
f 139 147 138
f 138 147 148
f 138 148 137
f 137 148 149
f 137 149 136
f 136 149 150
f 136 150 135
f 135 150 151
f 135 151 134
f 134 151 152
f 134 152 133
f 133 152 153
f 133 153 132
f 132 153 165
f 166 154 131
f 131 154 155
f 131 155 130
f 130 155 156
f 130 156 129
f 129 156 157
f 129 157 128
f 128 157 158
f 128 158 127
f 127 158 159
f 127 159 126
f 126 159 160
f 126 160 125
f 125 160 161
f 125 161 124
f 124 161 162
f 124 162 123
f 123 162 163
f 123 163 122
f 122 163 164
f 168 172 167
f 167 172 173
f 167 173 171
f 171 173 177
f 171 177 170
f 178 174 175
f 178 175 169
f 169 175 176
f 169 176 168
f 168 176 172
f 180 192 179
f 181 191 180
f 183 189 182
f 185 184 183
f 182 190 181
f 200 193 199
f 199 193 194
f 199 194 198
f 198 194 195
f 198 195 197
f 197 195 196
f 208 201 207
f 207 201 202
f 207 202 206
f 206 202 203
f 206 203 205
f 205 203 204
f 216 209 215
f 215 209 210
f 215 210 214
f 214 210 211
f 214 211 213
f 213 211 212
f 222 217 223
f 223 217 218
f 223 218 227
f 227 218 219
f 227 219 226
f 226 219 229
f 228 220 225
f 225 220 221
f 225 221 224
f 224 221 222
f 224 222 223
f 231 240 230
f 241 237 238
f 241 238 234
f 234 238 239
f 234 239 233
f 233 239 235
f 233 235 232
f 232 235 236
f 232 236 231
f 231 236 240
f 243 251 242
f 254 250 243
f 246 253 245
f 242 252 246
f 245 255 244
f 256 257 261
f 261 257 258
f 261 258 259
f 259 260 261
f 262 263 270
f 270 263 269
f 269 263 264
f 269 264 265
f 266 267 265
f 265 267 268
f 265 268 269
f 276 271 275
f 275 271 272
f 275 272 273
f 273 274 275
f 277 278 349
f 349 278 348
f 348 278 279
f 348 279 347
f 347 279 346
f 346 279 280
f 346 280 344
f 344 280 281
f 344 281 343
f 343 281 282
f 343 282 342
f 342 282 283
f 342 283 341
f 341 283 284
f 341 284 340
f 340 284 285
f 340 285 286
f 340 286 339
f 339 286 287
f 339 287 338
f 338 287 288
f 338 288 337
f 337 288 289
f 337 289 336
f 336 289 290
f 336 290 335
f 335 290 291
f 335 291 334
f 334 291 292
f 334 292 293
f 334 293 333
f 333 293 294
f 333 294 332
f 332 294 295
f 332 295 331
f 331 295 296
f 331 296 330
f 330 296 297
f 330 297 329
f 329 297 298
f 329 298 299
f 329 299 328
f 328 299 300
f 328 300 327
f 327 300 301
f 327 301 326
f 326 301 302
f 326 302 325
f 325 302 303
f 325 303 324
f 324 303 350
f 351 304 323
f 323 304 305
f 323 305 306
f 323 306 322
f 322 306 307
f 322 307 321
f 321 307 308
f 321 308 320
f 320 308 309
f 320 309 319
f 319 309 310
f 319 310 317
f 317 310 311
f 317 311 316
f 316 311 312
f 316 312 315
f 315 312 314
f 314 312 313
f 317 318 319
f 344 345 346
f 352 353 359
f 359 353 354
f 359 354 358
f 358 354 355
f 358 355 357
f 357 355 356
f 361 369 360
f 372 368 361
f 364 371 363
f 360 370 364
f 363 373 362
f 381 374 380
f 380 374 375
f 380 375 379
f 379 375 376
f 379 376 378
f 378 376 377
f 389 382 388
f 388 382 383
f 388 383 387
f 387 383 384
f 387 384 386
f 386 384 385
f 397 390 396
f 396 390 391
f 396 391 395
f 395 391 392
f 395 392 394
f 394 392 393
f 403 398 404
f 404 398 399
f 404 399 408
f 408 399 410
f 408 410 407
f 409 400 401
f 409 401 406
f 406 401 402
f 406 402 405
f 405 402 403
f 405 403 404
f 412 416 411
f 411 416 417
f 411 417 415
f 415 417 421
f 415 421 414
f 422 418 419
f 422 419 413
f 413 419 420
f 413 420 412
f 412 420 416
f 424 432 423
f 435 431 424
f 427 434 426
f 423 433 427
f 426 436 425
f 437 438 503
f 503 438 502
f 502 438 501
f 501 438 439
f 501 439 500
f 500 439 440
f 500 440 499
f 499 440 498
f 498 440 441
f 498 441 497
f 497 441 442
f 497 442 496
f 496 442 443
f 496 443 495
f 495 443 444
f 495 444 494
f 494 444 493
f 493 444 445
f 493 445 492
f 492 445 446
f 492 446 491
f 491 446 447
f 491 447 490
f 490 447 448
f 490 448 489
f 489 448 449
f 489 449 488
f 488 449 487
f 487 449 450
f 487 450 486
f 486 450 451
f 486 451 485
f 485 451 452
f 485 452 484
f 484 452 453
f 484 453 483
f 483 453 454
f 483 454 482
f 482 454 481
f 481 454 455
f 481 455 480
f 480 455 456
f 480 456 479
f 479 456 457
f 479 457 478
f 478 457 458
f 478 458 477
f 477 458 459
f 477 459 476
f 476 459 475
f 475 459 460
f 475 460 474
f 474 460 461
f 474 461 473
f 473 461 462
f 473 462 472
f 472 462 463
f 472 463 471
f 471 463 470
f 470 463 464
f 470 464 469
f 469 464 465
f 469 465 468
f 468 465 467
f 467 465 466
f 504 505 508
f 508 505 506
f 508 506 507
f 509 510 513
f 513 510 511
f 513 511 512
f 521 514 520
f 520 514 515
f 520 515 519
f 519 515 516
f 519 516 518
f 518 516 517
f 529 522 528
f 528 522 523
f 528 523 527
f 527 523 524
f 527 524 526
f 526 524 525
f 537 530 536
f 536 530 531
f 536 531 535
f 535 531 532
f 535 532 534
f 534 532 533
f 539 548 538
f 538 548 543
f 538 543 544
f 548 539 547
f 547 539 549
f 547 549 546
f 550 540 541
f 550 541 545
f 545 541 542
f 545 542 544
f 544 542 538
f 552 556 551
f 551 556 557
f 551 557 555
f 555 557 561
f 555 561 554
f 562 558 559
f 562 559 553
f 553 559 560
f 553 560 552
f 552 560 556
f 564 572 563
f 575 571 564
f 567 574 566
f 563 573 567
f 566 576 565
f 584 577 583
f 583 577 578
f 583 578 582
f 582 578 579
f 582 579 581
f 581 579 580
f 590 596 591
f 597 585 586
f 597 586 595
f 595 586 587
f 595 587 594
f 594 587 588
f 594 588 593
f 593 588 589
f 593 589 592
f 592 589 590
f 592 590 591
f 599 607 598
f 598 607 608
f 598 608 602
f 609 603 604
f 609 604 601
f 601 604 605
f 601 605 600
f 600 605 606
f 600 606 599
f 599 606 607
f 611 619 610
f 622 618 611
f 614 621 613
f 610 620 614
f 613 623 612
f 629 624 630
f 630 624 625
f 630 625 634
f 634 625 626
f 634 626 633
f 633 626 636
f 635 627 632
f 632 627 628
f 632 628 631
f 631 628 629
f 631 629 630
f 638 644 637
f 637 644 645
f 637 645 641
f 641 645 646
f 641 646 640
f 640 646 648
f 640 648 639
f 647 642 643
f 647 643 638
f 638 643 644
f 650 662 649
f 651 661 650
f 653 659 652
f 655 654 653
f 652 660 651
f 664 672 663
f 663 672 674
f 673 668 667
f 667 668 669
f 667 669 666
f 666 669 670
f 666 670 665
f 665 670 671
f 665 671 664
f 664 671 672
f 676 688 675
f 677 687 676
f 679 685 678
f 681 680 679
f 678 686 677
f 690 702 689
f 691 701 690
f 693 699 692
f 695 694 693
f 692 700 691
f 704 815 703
f 703 815 816
f 703 816 818
f 818 816 817
f 705 884 704
f 704 884 813
f 704 813 814
f 706 710 705
f 705 710 711
f 705 711 712
f 710 706 709
f 709 706 707
f 709 707 708
f 705 712 884
f 884 712 713
f 884 713 883
f 883 713 714
f 883 714 715
f 883 715 840
f 840 715 716
f 840 716 717
f 840 717 839
f 839 717 718
f 839 718 719
f 839 719 838
f 838 719 720
f 838 720 837
f 837 720 721
f 837 721 722
f 837 722 842
f 842 722 723
f 842 723 841
f 841 723 724
f 841 724 725
f 841 725 882
f 882 725 726
f 882 726 881
f 881 726 727
f 881 727 728
f 881 728 843
f 843 728 729
f 843 729 848
f 848 729 730
f 848 730 731
f 848 731 847
f 847 731 732
f 847 732 846
f 846 732 733
f 846 733 734
f 846 734 845
f 845 734 735
f 845 735 736
f 845 736 844
f 844 736 737
f 844 737 879
f 879 737 738
f 879 738 739
f 879 739 878
f 878 739 740
f 878 740 854
f 854 740 741
f 854 741 853
f 853 741 742
f 853 742 743
f 853 743 852
f 852 743 744
f 852 744 745
f 852 745 851
f 851 745 746
f 851 746 850
f 850 746 747
f 850 747 748
f 850 748 849
f 849 748 749
f 849 749 876
f 876 749 750
f 876 750 751
f 876 751 875
f 875 751 752
f 875 752 859
f 859 752 753
f 859 753 754
f 859 754 858
f 858 754 755
f 858 755 756
f 858 756 857
f 857 756 757
f 857 757 856
f 856 757 758
f 856 758 855
f 855 758 759
f 855 759 760
f 760 761 855
f 855 761 860
f 860 761 874
f 860 874 875
f 874 761 873
f 873 761 762
f 873 762 763
f 873 763 872
f 872 763 764
f 872 764 861
f 861 764 765
f 861 765 866
f 866 765 766
f 866 766 767
f 866 767 865
f 865 767 768
f 865 768 864
f 864 768 769
f 864 769 770
f 864 770 863
f 863 770 771
f 863 771 862
f 862 771 772
f 862 772 773
f 862 773 871
f 871 773 774
f 871 774 870
f 870 774 775
f 870 775 869
f 869 775 776
f 869 776 831
f 831 776 777
f 831 777 836
f 836 777 778
f 836 778 779
f 836 779 835
f 835 779 780
f 835 780 834
f 834 780 781
f 834 781 782
f 834 782 833
f 833 782 783
f 833 783 784
f 833 784 832
f 832 784 785
f 832 785 868
f 868 785 786
f 868 786 867
f 867 786 787
f 867 787 889
f 889 787 788
f 889 788 827
f 827 788 789
f 827 789 826
f 826 789 790
f 826 790 791
f 826 791 825
f 825 791 792
f 825 792 793
f 825 793 830
f 830 793 794
f 830 794 829
f 829 794 795
f 829 795 796
f 829 796 828
f 828 796 797
f 828 797 888
f 888 797 798
f 888 798 887
f 887 798 799
f 887 799 886
f 886 799 800
f 886 800 822
f 822 800 801
f 822 801 821
f 821 801 802
f 821 802 803
f 821 803 820
f 820 803 804
f 820 804 819
f 819 804 805
f 819 805 806
f 819 806 824
f 824 806 807
f 824 807 823
f 823 807 808
f 823 808 809
f 809 810 823
f 823 810 885
f 823 885 886
f 810 811 885
f 885 811 812
f 885 812 813
f 814 815 704
f 822 823 886
f 827 828 889
f 889 828 888
f 869 831 868
f 868 831 832
f 840 841 883
f 883 841 882
f 881 843 880
f 880 843 844
f 880 844 879
f 878 854 877
f 877 854 849
f 877 849 876
f 859 860 875
f 872 861 871
f 871 861 862
f 884 885 813
f 891 913 890
f 890 913 914
f 890 914 912
f 912 914 915
f 912 915 911
f 911 915 916
f 911 916 910
f 910 916 917
f 910 917 909
f 909 917 918
f 909 918 908
f 908 918 919
f 908 919 907
f 907 919 920
f 907 920 906
f 906 920 921
f 906 921 905
f 905 921 922
f 905 922 904
f 904 922 923
f 904 923 903
f 903 923 937
f 903 937 902
f 936 924 925
f 936 925 901
f 901 925 926
f 901 926 900
f 900 926 927
f 900 927 899
f 899 927 928
f 899 928 898
f 898 928 929
f 898 929 897
f 897 929 930
f 897 930 896
f 896 930 931
f 896 931 895
f 895 931 932
f 895 932 894
f 894 932 933
f 894 933 893
f 893 933 934
f 893 934 892
f 892 934 935
f 892 935 891
f 891 935 913
f 939 984 938
f 985 972 973
f 985 973 960
f 960 973 974
f 960 974 959
f 959 974 975
f 959 975 958
f 958 975 976
f 958 976 957
f 957 976 977
f 957 977 956
f 956 977 978
f 956 978 955
f 955 978 979
f 955 979 954
f 954 979 980
f 954 980 953
f 953 980 981
f 953 981 952
f 952 981 982
f 952 982 951
f 951 982 983
f 951 983 950
f 950 983 961
f 950 961 949
f 949 961 962
f 949 962 948
f 948 962 963
f 948 963 947
f 947 963 964
f 947 964 946
f 946 964 965
f 946 965 945
f 945 965 966
f 945 966 944
f 944 966 967
f 944 967 943
f 943 967 968
f 943 968 942
f 942 968 969
f 942 969 941
f 941 969 970
f 941 970 940
f 940 970 971
f 940 971 939
f 939 971 984
f 1008 986 1009
f 1009 986 987
f 1009 987 1030
f 1030 987 988
f 1030 988 1029
f 1029 988 989
f 1029 989 1028
f 1028 989 990
f 1028 990 1027
f 1027 990 991
f 1027 991 1026
f 1026 991 992
f 1026 992 1025
f 1025 992 993
f 1025 993 1024
f 1024 993 994
f 1024 994 1023
f 1023 994 995
f 1023 995 1022
f 1022 995 996
f 1022 996 1021
f 1021 996 997
f 1021 997 1020
f 1020 997 998
f 1020 998 1019
f 1019 998 999
f 1019 999 1018
f 1018 999 1000
f 1018 1000 1017
f 1017 1000 1001
f 1017 1001 1016
f 1016 1001 1002
f 1016 1002 1015
f 1015 1002 1003
f 1015 1003 1014
f 1014 1003 1004
f 1014 1004 1013
f 1013 1004 1005
f 1013 1005 1012
f 1012 1005 1006
f 1012 1006 1011
f 1011 1006 1007
f 1011 1007 1010
f 1010 1007 1008
f 1010 1008 1009
f 1032 1074 1031
f 1031 1074 1076
f 1075 1053 1052
f 1052 1053 1054
f 1052 1054 1051
f 1051 1054 1055
f 1051 1055 1050
f 1050 1055 1056
f 1050 1056 1049
f 1049 1056 1057
f 1049 1057 1048
f 1048 1057 1058
f 1048 1058 1047
f 1047 1058 1059
f 1047 1059 1046
f 1046 1059 1060
f 1046 1060 1045
f 1045 1060 1061
f 1045 1061 1044
f 1044 1061 1062
f 1044 1062 1043
f 1043 1062 1063
f 1043 1063 1042
f 1042 1063 1064
f 1042 1064 1041
f 1041 1064 1065
f 1041 1065 1040
f 1040 1065 1066
f 1040 1066 1039
f 1039 1066 1067
f 1039 1067 1038
f 1038 1067 1068
f 1038 1068 1037
f 1037 1068 1069
f 1037 1069 1036
f 1036 1069 1070
f 1036 1070 1035
f 1035 1070 1071
f 1035 1071 1034
f 1034 1071 1072
f 1034 1072 1033
f 1033 1072 1073
f 1033 1073 1032
f 1032 1073 1074
f 1078 1109 1077
f 1077 1109 1110
f 1077 1110 1098
f 1098 1110 1111
f 1098 1111 1097
f 1097 1111 1112
f 1097 1112 1096
f 1096 1112 1113
f 1096 1113 1095
f 1095 1113 1114
f 1095 1114 1094
f 1094 1114 1115
f 1094 1115 1093
f 1093 1115 1116
f 1093 1116 1092
f 1092 1116 1117
f 1092 1117 1091
f 1091 1117 1118
f 1091 1118 1090
f 1090 1118 1119
f 1090 1119 1089
f 1089 1119 1120
f 1089 1120 1088
f 1088 1120 1122
f 1121 1099 1087
f 1087 1099 1100
f 1087 1100 1086
f 1086 1100 1101
f 1086 1101 1085
f 1085 1101 1102
f 1085 1102 1084
f 1084 1102 1103
f 1084 1103 1083
f 1083 1103 1104
f 1083 1104 1082
f 1082 1104 1105
f 1082 1105 1081
f 1081 1105 1106
f 1081 1106 1080
f 1080 1106 1107
f 1080 1107 1079
f 1079 1107 1108
f 1079 1108 1078
f 1078 1108 1109
f 1130 1123 1129
f 1129 1123 1124
f 1129 1124 1125
f 1126 1127 1125
f 1125 1127 1128
f 1125 1128 1129
f 1132 1163 1131
f 1131 1163 1164
f 1131 1164 1165
f 1163 1132 1162
f 1162 1132 1133
f 1162 1133 1161
f 1161 1133 1134
f 1161 1134 1160
f 1160 1134 1135
f 1160 1135 1159
f 1159 1135 1136
f 1159 1136 1137
f 1159 1137 1158
f 1158 1137 1138
f 1158 1138 1157
f 1157 1138 1139
f 1157 1139 1156
f 1156 1139 1140
f 1156 1140 1155
f 1155 1140 1141
f 1155 1141 1154
f 1154 1141 1142
f 1154 1142 1153
f 1153 1142 1174
f 1174 1142 1143
f 1174 1143 1173
f 1173 1143 1144
f 1173 1144 1172
f 1172 1144 1145
f 1172 1145 1171
f 1171 1145 1146
f 1171 1146 1170
f 1170 1146 1147
f 1170 1147 1169
f 1169 1147 1148
f 1169 1148 1149
f 1169 1149 1168
f 1168 1149 1150
f 1168 1150 1167
f 1167 1150 1151
f 1167 1151 1166
f 1166 1151 1152
f 1166 1152 1165
f 1165 1152 1131
f 1180 1175 1181
f 1181 1175 1176
f 1181 1176 1185
f 1185 1176 1187
f 1185 1187 1184
f 1186 1177 1178
f 1186 1178 1183
f 1183 1178 1179
f 1183 1179 1182
f 1182 1179 1180
f 1182 1180 1181
f 1188 1189 1195
f 1195 1189 1190
f 1195 1190 1194
f 1194 1190 1191
f 1194 1191 1193
f 1193 1191 1192
f 1196 1197 1203
f 1203 1197 1198
f 1203 1198 1202
f 1202 1198 1199
f 1202 1199 1201
f 1201 1199 1200
f 1204 1205 1211
f 1211 1205 1206
f 1211 1206 1210
f 1210 1206 1207
f 1210 1207 1209
f 1209 1207 1208
f 1213 1255 1212
f 1212 1255 1234
f 1212 1234 1233
f 1233 1234 1235
f 1233 1235 1232
f 1232 1235 1236
f 1232 1236 1231
f 1231 1236 1237
f 1231 1237 1230
f 1230 1237 1238
f 1230 1238 1229
f 1229 1238 1239
f 1229 1239 1228
f 1228 1239 1240
f 1228 1240 1227
f 1227 1240 1241
f 1227 1241 1226
f 1226 1241 1242
f 1226 1242 1225
f 1225 1242 1243
f 1225 1243 1224
f 1224 1243 1244
f 1224 1244 1223
f 1223 1244 1256
f 1257 1245 1222
f 1222 1245 1246
f 1222 1246 1221
f 1221 1246 1247
f 1221 1247 1220
f 1220 1247 1248
f 1220 1248 1219
f 1219 1248 1249
f 1219 1249 1218
f 1218 1249 1250
f 1218 1250 1217
f 1217 1250 1251
f 1217 1251 1216
f 1216 1251 1252
f 1216 1252 1215
f 1215 1252 1253
f 1215 1253 1214
f 1214 1253 1254
f 1214 1254 1213
f 1213 1254 1255
f 1259 1268 1258
f 1258 1268 1263
f 1258 1263 1264
f 1268 1259 1267
f 1267 1259 1269
f 1267 1269 1266
f 1270 1260 1261
f 1270 1261 1265
f 1265 1261 1262
f 1265 1262 1264
f 1264 1262 1258
f 1272 1280 1271
f 1271 1280 1282
f 1281 1276 1275
f 1275 1276 1277
f 1275 1277 1274
f 1274 1277 1278
f 1274 1278 1273
f 1273 1278 1279
f 1273 1279 1272
f 1272 1279 1280
f 1283 1284 1286
f 1286 1284 1285
f 1288 1289 1287
f 1287 1289 1290
f 1297 1291 1296
f 1296 1291 1292
f 1296 1292 1295
f 1295 1292 1293
f 1295 1293 1294
f 1299 1341 1298
f 1298 1341 1320
f 1298 1320 1321
f 1341 1299 1340
f 1340 1299 1300
f 1340 1300 1339
f 1339 1300 1301
f 1339 1301 1338
f 1338 1301 1302
f 1338 1302 1337
f 1337 1302 1303
f 1337 1303 1304
f 1337 1304 1336
f 1336 1304 1305
f 1336 1305 1335
f 1335 1305 1306
f 1335 1306 1334
f 1334 1306 1307
f 1334 1307 1333
f 1333 1307 1308
f 1333 1308 1332
f 1332 1308 1309
f 1332 1309 1331
f 1331 1309 1330
f 1330 1309 1310
f 1330 1310 1329
f 1329 1310 1311
f 1329 1311 1328
f 1328 1311 1312
f 1328 1312 1327
f 1327 1312 1313
f 1327 1313 1326
f 1326 1313 1314
f 1326 1314 1325
f 1325 1314 1315
f 1325 1315 1316
f 1325 1316 1324
f 1324 1316 1317
f 1324 1317 1323
f 1323 1317 1318
f 1323 1318 1322
f 1322 1318 1319
f 1322 1319 1321
f 1321 1319 1298
f 1347 1353 1348
f 1354 1342 1343
f 1354 1343 1352
f 1352 1343 1344
f 1352 1344 1351
f 1351 1344 1345
f 1351 1345 1350
f 1350 1345 1346
f 1350 1346 1349
f 1349 1346 1347
f 1349 1347 1348
f 1366 1363 1355
f 1355 1363 1364
f 1355 1364 1359
f 1359 1364 1360
f 1359 1360 1358
f 1358 1360 1361
f 1358 1361 1357
f 1357 1361 1365
f 1357 1365 1356
f 1366 1362 1363
f 1368 1380 1367
f 1369 1379 1368
f 1371 1377 1370
f 1373 1372 1371
f 1370 1378 1369
f 1388 1381 1387
f 1387 1381 1382
f 1387 1382 1386
f 1386 1382 1383
f 1386 1383 1385
f 1385 1383 1384
f 1396 1389 1395
f 1395 1389 1390
f 1395 1390 1394
f 1394 1390 1391
f 1394 1391 1393
f 1393 1391 1392
f 1398 1556 1397
f 1397 1556 1557
f 1397 1557 1512
f 1512 1557 1511
f 1511 1557 1558
f 1511 1558 1510
f 1510 1558 1559
f 1510 1559 1509
f 1509 1559 1560
f 1509 1560 1561
f 1398 1399 1556
f 1556 1399 1555
f 1555 1399 1400
f 1555 1400 1401
f 1401 1402 1555
f 1555 1402 1403
f 1555 1403 1592
f 1592 1403 1404
f 1592 1404 1536
f 1536 1404 1405
f 1536 1405 1406
f 1536 1406 1535
f 1535 1406 1407
f 1535 1407 1534
f 1534 1407 1408
f 1534 1408 1409
f 1534 1409 1533
f 1533 1409 1410
f 1533 1410 1532
f 1532 1410 1411
f 1532 1411 1412
f 1532 1412 1531
f 1531 1412 1413
f 1531 1413 1591
f 1591 1413 1414
f 1591 1414 1590
f 1590 1414 1415
f 1590 1415 1589
f 1589 1415 1416
f 1589 1416 1417
f 1589 1417 1539
f 1539 1417 1418
f 1539 1418 1419
f 1539 1419 1538
f 1538 1419 1420
f 1538 1420 1537
f 1537 1420 1421
f 1537 1421 1422
f 1537 1422 1542
f 1542 1422 1423
f 1542 1423 1424
f 1542 1424 1588
f 1588 1424 1425
f 1588 1425 1587
f 1587 1425 1426
f 1587 1426 1427
f 1587 1427 1586
f 1586 1427 1428
f 1586 1428 1585
f 1585 1428 1429
f 1585 1429 1548
f 1548 1429 1547
f 1547 1429 1430
f 1547 1430 1431
f 1547 1431 1546
f 1546 1431 1432
f 1546 1432 1433
f 1546 1433 1545
f 1545 1433 1434
f 1545 1434 1544
f 1544 1434 1435
f 1544 1435 1436
f 1544 1436 1543
f 1543 1436 1437
f 1543 1437 1584
f 1584 1437 1438
f 1584 1438 1583
f 1583 1438 1439
f 1583 1439 1582
f 1582 1439 1440
f 1582 1440 1551
f 1551 1440 1441
f 1551 1441 1442
f 1551 1442 1550
f 1550 1442 1443
f 1550 1443 1549
f 1549 1443 1444
f 1549 1444 1445
f 1549 1445 1554
f 1554 1445 1446
f 1554 1446 1553
f 1553 1446 1447
f 1553 1447 1448
f 1553 1448 1581
f 1581 1448 1449
f 1581 1449 1580
f 1580 1449 1450
f 1580 1450 1451
f 1580 1451 1579
f 1579 1451 1452
f 1579 1452 1578
f 1578 1452 1453
f 1578 1453 1454
f 1578 1454 1594
f 1594 1454 1455
f 1594 1455 1593
f 1593 1455 1456
f 1593 1456 1457
f 1593 1457 1598
f 1598 1457 1458
f 1598 1458 1597
f 1597 1458 1459
f 1597 1459 1460
f 1597 1460 1577
f 1577 1460 1461
f 1577 1461 1462
f 1577 1462 1576
f 1576 1462 1463
f 1576 1463 1575
f 1575 1463 1464
f 1575 1464 1513
f 1513 1464 1465
f 1513 1465 1518
f 1518 1465 1466
f 1518 1466 1467
f 1518 1467 1517
f 1517 1467 1468
f 1517 1468 1516
f 1516 1468 1469
f 1516 1469 1470
f 1516 1470 1515
f 1515 1470 1471
f 1515 1471 1472
f 1473 1574 1472
f 1472 1574 1514
f 1472 1514 1515
f 1574 1473 1573
f 1573 1473 1474
f 1573 1474 1572
f 1572 1474 1475
f 1572 1475 1476
f 1572 1476 1571
f 1571 1476 1477
f 1571 1477 1520
f 1520 1477 1478
f 1520 1478 1479
f 1520 1479 1519
f 1519 1479 1480
f 1519 1480 1481
f 1519 1481 1524
f 1524 1481 1482
f 1524 1482 1523
f 1523 1482 1483
f 1523 1483 1484
f 1523 1484 1570
f 1570 1484 1485
f 1570 1485 1486
f 1570 1486 1569
f 1569 1486 1487
f 1569 1487 1568
f 1568 1487 1488
f 1568 1488 1530
f 1530 1488 1489
f 1530 1489 1490
f 1530 1490 1529
f 1529 1490 1491
f 1529 1491 1528
f 1528 1491 1492
f 1528 1492 1493
f 1528 1493 1527
f 1527 1493 1494
f 1527 1494 1526
f 1526 1494 1495
f 1526 1495 1496
f 1497 1567 1496
f 1496 1567 1525
f 1496 1525 1526
f 1497 1498 1567
f 1567 1498 1566
f 1566 1498 1499
f 1566 1499 1500
f 1500 1501 1566
f 1566 1501 1502
f 1566 1502 1565
f 1565 1502 1503
f 1565 1503 1504
f 1565 1504 1564
f 1564 1504 1505
f 1564 1505 1506
f 1564 1506 1563
f 1563 1506 1507
f 1563 1507 1562
f 1562 1507 1508
f 1562 1508 1561
f 1561 1508 1509
f 1575 1513 1574
f 1574 1513 1514
f 1520 1521 1571
f 1571 1521 1522
f 1571 1522 1570
f 1570 1522 1523
f 1568 1530 1567
f 1567 1530 1525
f 1536 1531 1592
f 1592 1531 1591
f 1539 1540 1589
f 1589 1540 1588
f 1588 1540 1541
f 1588 1541 1542
f 1548 1543 1585
f 1585 1543 1584
f 1582 1551 1581
f 1581 1551 1552
f 1581 1552 1553
f 1597 1577 1596
f 1596 1577 1578
f 1596 1578 1595
f 1595 1578 1594
f 1599 1600 1654
f 1654 1600 1653
f 1653 1600 1601
f 1653 1601 1652
f 1652 1601 1602
f 1652 1602 1651
f 1651 1602 1603
f 1651 1603 1650
f 1650 1603 1604
f 1650 1604 1649
f 1649 1604 1605
f 1649 1605 1648
f 1648 1605 1655
f 1648 1655 1647
f 1656 1606 1607
f 1656 1607 1646
f 1646 1607 1608
f 1646 1608 1645
f 1645 1608 1609
f 1645 1609 1644
f 1644 1609 1610
f 1644 1610 1643
f 1643 1610 1611
f 1643 1611 1642
f 1642 1611 1612
f 1642 1612 1641
f 1641 1612 1613
f 1641 1613 1640
f 1640 1613 1614
f 1640 1614 1639
f 1639 1614 1615
f 1639 1615 1638
f 1638 1615 1616
f 1638 1616 1637
f 1637 1616 1617
f 1637 1617 1636
f 1636 1617 1618
f 1636 1618 1635
f 1635 1618 1619
f 1635 1619 1634
f 1634 1619 1620
f 1634 1620 1633
f 1633 1620 1621
f 1633 1621 1632
f 1632 1621 1622
f 1632 1622 1631
f 1631 1622 1623
f 1631 1623 1630
f 1630 1623 1624
f 1630 1624 1629
f 1629 1624 1625
f 1629 1625 1628
f 1628 1625 1626
f 1628 1626 1627
f 1658 1660 1657
f 1657 1660 1664
f 1657 1664 1665
f 1658 1659 1660
f 1660 1661 1664
f 1664 1661 1663
f 1663 1661 1662
f 1666 1694 1665
f 1665 1694 1704
f 1665 1704 1657
f 1667 1721 1666
f 1666 1721 1722
f 1666 1722 1693
f 1693 1722 1692
f 1692 1722 1723
f 1692 1723 1691
f 1691 1723 1724
f 1691 1724 1690
f 1690 1724 1725
f 1690 1725 1689
f 1689 1725 1688
f 1688 1725 1726
f 1688 1726 1687
f 1687 1726 1705
f 1687 1705 1686
f 1686 1705 1706
f 1686 1706 1685
f 1685 1706 1684
f 1684 1706 1707
f 1684 1707 1683
f 1683 1707 1708
f 1683 1708 1682
f 1682 1708 1709
f 1682 1709 1681
f 1681 1709 1710
f 1681 1710 1680
f 1680 1710 1679
f 1679 1710 1711
f 1679 1711 1678
f 1678 1711 1712
f 1678 1712 1677
f 1677 1712 1713
f 1677 1713 1676
f 1676 1713 1714
f 1676 1714 1675
f 1675 1714 1715
f 1675 1715 1674
f 1674 1715 1673
f 1673 1715 1716
f 1673 1716 1672
f 1672 1716 1717
f 1672 1717 1671
f 1671 1717 1718
f 1671 1718 1670
f 1670 1718 1669
f 1669 1718 1719
f 1669 1719 1668
f 1668 1719 1720
f 1668 1720 1667
f 1667 1720 1721
f 1693 1694 1666
f 1695 1702 1694
f 1694 1702 1703
f 1694 1703 1704
f 1696 1698 1695
f 1695 1698 1699
f 1695 1699 1702
f 1702 1699 1701
f 1701 1699 1700
f 1696 1697 1698
f 1732 1727 1733
f 1733 1727 1739
f 1733 1739 1737
f 1738 1728 1729
f 1738 1729 1736
f 1736 1729 1730
f 1736 1730 1735
f 1735 1730 1731
f 1735 1731 1734
f 1734 1731 1732
f 1734 1732 1733
f 1741 1747 1740
f 1740 1747 1748
f 1740 1748 1744
f 1744 1748 1749
f 1744 1749 1743
f 1743 1749 1751
f 1743 1751 1742
f 1750 1745 1746
f 1750 1746 1741
f 1741 1746 1747
f 1753 1761 1752
f 1764 1760 1753
f 1756 1763 1755
f 1752 1762 1756
f 1755 1765 1754
f 1773 1766 1772
f 1772 1766 1767
f 1772 1767 1771
f 1771 1767 1768
f 1771 1768 1770
f 1770 1768 1769
f 1781 1774 1780
f 1780 1774 1775
f 1780 1775 1779
f 1779 1775 1776
f 1779 1776 1778
f 1778 1776 1777
f 1782 1783 1789
f 1789 1783 1784
f 1789 1784 1788
f 1788 1784 1785
f 1788 1785 1787
f 1787 1785 1786
f 1795 1790 1796
f 1796 1790 1791
f 1796 1791 1800
f 1800 1791 1802
f 1800 1802 1799
f 1801 1792 1793
f 1801 1793 1798
f 1798 1793 1794
f 1798 1794 1797
f 1797 1794 1795
f 1797 1795 1796
f 1803 1804 1810
f 1810 1804 1805
f 1810 1805 1806
f 1807 1808 1806
f 1806 1808 1809
f 1806 1809 1810
f 1816 1811 1817
f 1817 1811 1812
f 1817 1812 1821
f 1821 1812 1813
f 1821 1813 1820
f 1820 1813 1822
f 1820 1822 1819
f 1823 1814 1815
f 1823 1815 1818
f 1818 1815 1816
f 1818 1816 1817
f 1825 1833 1824
f 1824 1833 1835
f 1834 1829 1828
f 1828 1829 1830
f 1828 1830 1827
f 1827 1830 1831
f 1827 1831 1826
f 1826 1831 1832
f 1826 1832 1825
f 1825 1832 1833
f 1837 1849 1836
f 1838 1848 1837
f 1840 1846 1839
f 1842 1841 1840
f 1839 1847 1838
f 1857 1850 1856
f 1856 1850 1851
f 1856 1851 1855
f 1855 1851 1852
f 1855 1852 1854
f 1854 1852 1853
f 1865 1858 1864
f 1864 1858 1859
f 1864 1859 1863
f 1863 1859 1860
f 1863 1860 1862
f 1862 1860 1861
f 1873 1866 1872
f 1872 1866 1867
f 1872 1867 1871
f 1871 1867 1868
f 1871 1868 1870
f 1870 1868 1869
f 1874 1875 1881
f 1881 1875 1876
f 1881 1876 1880
f 1880 1876 1877
f 1880 1877 1879
f 1879 1877 1878
f 1883 1891 1882
f 1882 1891 1893
f 1892 1887 1886
f 1886 1887 1888
f 1886 1888 1885
f 1885 1888 1889
f 1885 1889 1884
f 1884 1889 1890
f 1884 1890 1883
f 1883 1890 1891
f 1894 1895 1901
f 1901 1895 1896
f 1901 1896 1900
f 1900 1896 1897
f 1900 1897 1899
f 1899 1897 1898
f 1903 1912 1902
f 1902 1912 1907
f 1902 1907 1908
f 1912 1903 1911
f 1911 1903 1913
f 1911 1913 1910
f 1914 1904 1905
f 1914 1905 1909
f 1909 1905 1906
f 1909 1906 1908
f 1908 1906 1902
f 1916 1922 1915
f 1915 1922 1923
f 1915 1923 1919
f 1919 1923 1924
f 1919 1924 1918
f 1918 1924 1926
f 1918 1926 1917
f 1925 1920 1921
f 1925 1921 1916
f 1916 1921 1922
f 1928 1940 1927
f 1929 1939 1928
f 1931 1937 1930
f 1933 1932 1931
f 1930 1938 1929
f 1948 1941 1947
f 1947 1941 1942
f 1947 1942 1946
f 1946 1942 1943
f 1946 1943 1945
f 1945 1943 1944
f 1956 1949 1955
f 1955 1949 1950
f 1955 1950 1954
f 1954 1950 1951
f 1954 1951 1953
f 1953 1951 1952
f 1964 1957 1963
f 1963 1957 1958
f 1963 1958 1962
f 1962 1958 1959
f 1962 1959 1961
f 1961 1959 1960
f 1972 1965 1971
f 1971 1965 1966
f 1971 1966 1970
f 1970 1966 1967
f 1970 1967 1969
f 1969 1967 1968
f 1980 1973 1979
f 1979 1973 1974
f 1979 1974 1978
f 1978 1974 1975
f 1978 1975 1977
f 1977 1975 1976
f 1981 1982 1988
f 1988 1982 1983
f 1988 1983 1987
f 1987 1983 1984
f 1987 1984 1986
f 1986 1984 1985
f 1990 2002 1989
f 1991 2001 1990
f 1993 1999 1992
f 1995 1994 1993
f 1992 2000 1991
f 2003 2004 2008
f 2008 2004 2007
f 2007 2004 2006
f 2006 2004 2005
f 2010 2019 2009
f 2009 2019 2014
f 2009 2014 2015
f 2019 2010 2018
f 2018 2010 2020
f 2018 2020 2017
f 2021 2011 2012
f 2021 2012 2016
f 2016 2012 2013
f 2016 2013 2015
f 2015 2013 2009
f 2023 2030 2022
f 2022 2030 2031
f 2022 2031 2026
f 2026 2031 2032
f 2026 2032 2025
f 2033 2027 2028
f 2033 2028 2024
f 2024 2028 2029
f 2024 2029 2023
f 2023 2029 2030
f 2035 2047 2034
f 2036 2046 2035
f 2038 2044 2037
f 2040 2039 2038
f 2037 2045 2036
f 2055 2048 2054
f 2054 2048 2049
f 2054 2049 2053
f 2053 2049 2050
f 2053 2050 2052
f 2052 2050 2051
f 2063 2056 2062
f 2062 2056 2057
f 2062 2057 2061
f 2061 2057 2058
f 2061 2058 2060
f 2060 2058 2059
f 2071 2064 2070
f 2070 2064 2065
f 2070 2065 2069
f 2069 2065 2066
f 2069 2066 2068
f 2068 2066 2067
f 2079 2072 2078
f 2078 2072 2073
f 2078 2073 2077
f 2077 2073 2074
f 2077 2074 2076
f 2076 2074 2075
f 2087 2080 2086
f 2086 2080 2081
f 2086 2081 2085
f 2085 2081 2082
f 2085 2082 2084
f 2084 2082 2083
f 2088 2089 2095
f 2095 2089 2090
f 2095 2090 2094
f 2094 2090 2091
f 2094 2091 2093
f 2093 2091 2092
f 2097 2106 2096
f 2096 2106 2101
f 2096 2101 2102
f 2106 2097 2105
f 2105 2097 2107
f 2105 2107 2104
f 2108 2098 2099
f 2108 2099 2103
f 2103 2099 2100
f 2103 2100 2102
f 2102 2100 2096
f 2110 2111 2109
f 2109 2111 2112
f 2109 2112 2113
f 2113 2114 2109
f 2123 2115 2122
f 2122 2115 2116
f 2122 2116 2121
f 2121 2116 2120
f 2120 2116 2117
f 2120 2117 2118
f 2118 2119 2120
f 2125 2126 2124
f 2124 2126 2127
f 2124 2127 2132
f 2132 2127 2128
f 2132 2128 2131
f 2131 2128 2129
f 2131 2129 2130
