v -0.0002631013463 -0.02930000067 0.4643759805
v -0.1698246574 -0.02930000067 0.4654568369
v -0.1769346046 -0.02930000067 0.4686944086
v -0.184601078 -0.02930000067 0.4701971895
v -0.1924071503 -0.02930000067 0.4698834497
v -0.1999282837 -0.02930000067 0.4677702409
v -0.2067554474 -0.02930000067 0.4639724809
v -0.2125173569 -0.02930000067 0.4586967165
v -0.2169006538 -0.02930000067 0.45222987
v -0.2196669197 -0.02930000067 0.4449236566
v -0.22066576 -0.02930000067 0.4371753961
v -0.2198428154 -0.02930000067 0.429406479
v -0.2172428703 -0.02930000067 0.4220394403
v -0.2130072975 -0.02930000067 0.4154748995
v -0.2073664665 -0.02930000067 0.4100698835
v -0.2006271362 -0.02930000067 0.4061183435
v -0.1931558418 -0.02930000067 0.4038351804
v -0.1853588867 -0.02930000067 0.4033445627
v -0.1776603127 -0.02930000067 0.4046731741
v -0.1704788208 -0.02930000067 0.4077487547
v -0.1642049408 -0.02930000067 0.4124040491
v -0.1396333694 -0.02930000067 0.4134998781
v -0.1150384235 -0.02930000067 0.4132726938
v -0.09049128532 -0.02930000067 0.4117231447
v -0.06606299877 -0.02930000067 0.4088557321
v -0.04182427883 -0.02930000067 0.404678734
v -0.0377823782 -0.02930000067 0.3963662893
v -0.03211044073 -0.02930000067 0.3890681535
v -0.02505316973 -0.02930000067 0.3830991918
v -0.01691503167 -0.02930000067 0.3787169248
v -0.008047132493 -0.02930000067 0.3761103994
v 0.001167943403 -0.02930000067 0.3753920824
v 0.01033263087 -0.02930000067 0.3765929586
v 0.01905153871 -0.02930000067 0.3796612245
v 0.02694850922 -0.02930000067 0.3844645006
v 0.03368284702 -0.02930000067 0.3907955534
v 0.03896400928 -0.02930000067 0.3983812601
v 0.04256415367 -0.02930000067 0.4068943483
v 0.04432796001 -0.02930000067 0.4159675295
v 0.04417932987 -0.02930000067 0.4252093584
v 0.04212468147 -0.02930000067 0.4342211229
v 0.03825265408 -0.02930000067 0.4426140482
v 0.03273029804 -0.02930000067 0.4500260049
v 0.02579586506 -0.02930000067 0.4561372453
v 0.01774852395 -0.02930000067 0.4606840974
v 0.008935462237 -0.02930000067 0.4634704095
v -0.1880500031 -0.02930000067 0.4198767549
v -0.1871279144 -0.02930000067 0.4236177713
v -0.1845729256 -0.02930000067 0.4265017778
v -0.1809703255 -0.02930000067 0.4278680498
v -0.1771454239 -0.02930000067 0.4274036295
v -0.1739744949 -0.02930000067 0.4252148897
v -0.1721839142 -0.02930000067 0.4218032343
v -0.1721839142 -0.02930000067 0.4179502565
v -0.1739744949 -0.02930000067 0.4145386202
v -0.1771454239 -0.02930000067 0.4123498804
v -0.1809703255 -0.02930000067 0.411885441
v -0.1845729256 -0.02930000067 0.413251732
v -0.1871279144 -0.02930000067 0.4161357385
v 0.02603064299 -0.02930000067 0.4508177454
v 0.02678366423 -0.02930000067 0.4523814088
v 0.02847568512 -0.02930000067 0.4527676088
v 0.02983258009 -0.02930000067 0.4516855127
v 0.02983258009 -0.02930000067 0.449949978
v 0.02847568512 -0.02930000067 0.448867901
v 0.02678366423 -0.02930000067 0.4492540819
v 0.03835717678 -0.02930000067 0.4091827947
v 0.03911019802 -0.02930000067 0.4107464487
v 0.0408022213 -0.02930000067 0.4111326486
v 0.04215911388 -0.02930000067 0.4100505621
v 0.04215911388 -0.02930000067 0.4083150274
v 0.0408022213 -0.02930000067 0.4072329408
v 0.03911019802 -0.02930000067 0.4076191312
v -0.03406400681 -0.02930000067 0.3931379778
v -0.03331098557 -0.02930000067 0.3947016412
v -0.03161896467 -0.02930000067 0.3950878317
v -0.03026206732 -0.02930000067 0.3940057451
v -0.03026206732 -0.02930000067 0.3922702104
v -0.03161896467 -0.02930000067 0.3911881239
v -0.03331098557 -0.02930000067 0.3915743143
v 0.007030680775 -0.02930000067 0.3791151411
v 0.007783701419 -0.02930000067 0.380678795
v 0.009475722909 -0.02930000067 0.381064995
v 0.01083261847 -0.02930000067 0.3799829084
v 0.01083261847 -0.02930000067 0.3782473737
v 0.009475722909 -0.02930000067 0.3771652776
v 0.007783701419 -0.02930000067 0.3775514776
v -0.1635723114 -0.02779999971 0.4109451944
v -0.1637613487 -0.02887278318 0.4113845712
v -0.1642024803 -0.02929998875 0.4123984224
v -0.1642049408 -0.02930000067 0.4124040491
v -0.1704788208 -0.02930000067 0.4077487547
v -0.1776603127 -0.02930000067 0.4046731741
v -0.1853588867 -0.02930000067 0.4033445627
v -0.1931558418 -0.02930000067 0.4038351804
v -0.2006271362 -0.02930000067 0.4061183435
v -0.2073664665 -0.02930000067 0.4100698835
v -0.2130072975 -0.02930000067 0.4154748995
v -0.2172428703 -0.02930000067 0.4220394403
v -0.2198428154 -0.02930000067 0.429406479
v -0.22066576 -0.02930000067 0.4371753961
v -0.2196669197 -0.02930000067 0.4449236566
v -0.2169006538 -0.02930000067 0.45222987
v -0.2125173569 -0.02930000067 0.4586967165
v -0.2067554474 -0.02930000067 0.4639724809
v -0.1999282837 -0.02930000067 0.4677702409
v -0.1924071503 -0.02930000067 0.4698834497
v -0.184601078 -0.02930000067 0.4701971895
v -0.1769346046 -0.02930000067 0.4686944086
v -0.1698246574 -0.02930000067 0.4654568369
v -0.1698229408 -0.02929998875 0.4654629022
v -0.1695298386 -0.02886704683 0.4665092165
v -0.1694066048 -0.02779999971 0.4669542009
v -0.1768266106 -0.02779999971 0.4702330476
v -0.1848021317 -0.02779999971 0.4717156297
v -0.1929047585 -0.02779999971 0.4713223154
v -0.2006991768 -0.02779999971 0.469074238
v -0.2077667236 -0.02779999971 0.4650921327
v -0.213727684 -0.02779999971 0.4595899469
v -0.2182618523 -0.02779999971 0.4528632623
v -0.2211256599 -0.02779999971 0.4452734071
v -0.2221652412 -0.02779999971 0.4372281343
v -0.2213247681 -0.02779999971 0.42915963
v -0.2186493874 -0.02779999971 0.4215013391
v -0.2142828178 -0.02779999971 0.4146646578
v -0.2084596252 -0.02779999971 0.4090168649
v -0.2014926529 -0.02779999971 0.4048613435
v -0.1937561417 -0.02779999971 0.4024213392
v -0.1856657219 -0.02779999971 0.4018279344
v -0.177656002 -0.02779999971 0.4031129915
v -0.1701572418 -0.02779999971 0.406207493
v -0.1699504089 -0.0288606596 0.4068290884
v -0.1773592949 -0.0288606596 0.4036561281
v -0.185301609 -0.0288606596 0.4022854501
v -0.1933454323 -0.0288606596 0.4027916032
v -0.2010532761 -0.0288606596 0.4051470548
v -0.2080059814 -0.0288606596 0.4092237074
v -0.2138254166 -0.0288606596 0.4147998506
v -0.2181950951 -0.0288606596 0.4215722353
v -0.2208773613 -0.0288606596 0.4291725427
v -0.2217261505 -0.0288606596 0.4372050554
v -0.2206976509 -0.0288606596 0.4451739961
v -0.2178568077 -0.0288606596 0.452690056
v -0.2133199692 -0.0288606596 0.4593901331
v -0.2073756218 -0.0288606596 0.464832924
v -0.2003322983 -0.0288606596 0.4687509424
v -0.1925730324 -0.0288606596 0.4709310609
v -0.1845198059 -0.0288606596 0.471254738
v -0.1766106033 -0.0288606596 0.4697043878
v -0.01697214723 -0.02 0.4659825212
v -0.01697214723 -0.008000000119 0.4659825212
v -0.01725893378 -0.008000000119 0.4654544717
v -0.01759325862 -0.008000000119 0.464955166
v -0.0179722631 -0.008000000119 0.4644888574
v -0.0179722631 -0.02 0.4644888574
v -0.01759325862 -0.02 0.464955166
v -0.01725893378 -0.02 0.4654544717
v -0.02870628834 -0.008000000119 0.4660573084
v -0.02870628834 -0.02 0.4660573084
v -0.02842625856 -0.02 0.465525654
v -0.02809832573 -0.02 0.465022133
v -0.02772529602 -0.02 0.464551037
v -0.02772529602 -0.008000000119 0.464551037
v -0.02809832573 -0.008000000119 0.465022133
v -0.02842625856 -0.008000000119 0.465525654
v -0.02870628834 -0.02 0.4660573084
v -0.01697214723 -0.02 0.4659825212
v -0.01725893378 -0.02 0.4654544717
v -0.01759325862 -0.02 0.464955166
v -0.0179722631 -0.02 0.4644888574
v -0.02772529602 -0.02 0.464551037
v -0.02809832573 -0.02 0.465022133
v -0.02842625856 -0.02 0.465525654
v -0.02772529602 -0.008000000119 0.464551037
v -0.02772529602 -0.02 0.464551037
v -0.0179722631 -0.02 0.4644888574
v -0.0179722631 -0.008000000119 0.4644888574
v -0.01138012648 -0.008000000119 0.4644468385
v -0.01138012648 -0.02680000067 0.4644468385
v -0.0413145113 -0.02680000067 0.4646376497
v -0.0413145113 -0.008000000119 0.4646376497
v -0.0179722631 -0.008000000119 0.4644888574
v -0.01759325862 -0.008000000119 0.464955166
v -0.01725893378 -0.008000000119 0.4654544717
v -0.01697214723 -0.008000000119 0.4659825212
v -0.0002626018221 -0.008000000119 0.4658759958
v 0.009205772877 -0.008000000119 0.4649461824
v 0.01828035831 -0.008000000119 0.4620884592
v 0.0265729785 -0.008000000119 0.4574250871
v 0.03372890234 -0.008000000119 0.4511555177
v 0.039442029 -0.008000000119 0.4435479623
v 0.04346797466 -0.008000000119 0.4349278528
v 0.0456345129 -0.008000000119 0.4256638986
v 0.04584897995 -0.008000000119 0.4161523897
v 0.04410219669 -0.008000000119 0.4068002016
v 0.04046888351 -0.008000000119 0.3980073816
v 0.0351044631 -0.008000000119 0.3901500494
v 0.02823839903 -0.008000000119 0.3835643179
v 0.02016440153 -0.008000000119 0.3785319025
v 0.01122784734 -0.008000000119 0.375268057
v 0.001811005175 -0.008000000119 0.3739124185
v -0.007683304549 -0.008000000119 0.3745229513
v -0.01684895039 -0.008000000119 0.3770735628
v -0.02529386044 -0.008000000119 0.3814551336
v -0.03265679359 -0.008000000119 0.3874802381
v -0.03862278938 -0.008000000119 0.3948911554
v -0.04293664455 -0.008000000119 0.4033708555
v -0.06776836872 -0.008000000119 0.4075844366
v -0.09279497147 -0.008000000119 0.4104196054
v -0.1179399872 -0.008000000119 0.4118677026
v -0.1431266022 -0.008000000119 0.4119243318
v -0.1526039314 -0.008000000119 0.4198767549
v -0.1502703476 -0.008000000119 0.4198767549
v -0.1425968361 -0.008000000119 0.4134379083
v -0.13997262 -0.008000000119 0.4134937555
v -0.1373481178 -0.008000000119 0.4135345346
v -0.1347234344 -0.008000000119 0.4135602457
v -0.1208945942 -0.008000000119 0.4134468538
v -0.10707551 -0.008000000119 0.4129152757
v -0.09327881813 -0.008000000119 0.4119659502
v -0.07951715946 -0.008000000119 0.4105997926
v -0.06580311298 -0.008000000119 0.4088180334
v -0.05214923382 -0.008000000119 0.4066223127
v -0.04927407265 -0.008000000119 0.4061057455
v -0.04640226841 -0.008000000119 0.40557082
v -0.04353394508 -0.008000000119 0.4050175554
v -0.04289242744 -0.008000000119 0.4046793157
v -0.0422437954 -0.008000000119 0.4043549234
v -0.04158834934 -0.008000000119 0.404044531
v -0.03958992243 -0.008000000119 0.3995571024
v -0.03710906267 -0.008000000119 0.3953172857
v -0.03417600632 -0.008000000119 0.3913767416
v -0.02844320774 -0.008000000119 0.3856534559
v -0.021767869 -0.008000000119 0.3810642511
v -0.01437119007 -0.008000000119 0.3777612096
v -0.00649828434 -0.008000000119 0.3758537752
v 0.001589959561 -0.008000000119 0.3754051668
v 0.009625515937 -0.008000000119 0.3764302427
v 0.01734210491 -0.008000000119 0.378895033
v 0.02448401689 -0.008000000119 0.3827178651
v 0.0308145833 -0.008000000119 0.3877720529
v 0.03612402678 -0.008000000119 0.3938901216
v 0.04023640156 -0.008000000119 0.4008693296
v 0.04301543236 -0.008000000119 0.4084784013
v 0.04436903477 -0.008000000119 0.4164651758
v 0.04425234795 -0.008000000119 0.4245650179
v 0.04266923904 -0.008000000119 0.4325094873
v 0.0396721673 -0.008000000119 0.440035351
v 0.03536045074 -0.008000000119 0.4468932039
v 0.02987697363 -0.008000000119 0.4528557855
v 0.02310140371 -0.008000000119 0.4579106218
v 0.01549219251 -0.008000000119 0.4615929681
v 0.00732392788 -0.008000000119 0.4637699205
v -0.001108630448 -0.008000000119 0.4643629343
v -0.009501182436 -0.008000000119 0.4633506281
v -0.01011960387 -0.008000000119 0.4637294466
v -0.01074601531 -0.008000000119 0.4640949136
v -0.01138012648 -0.008000000119 0.4644468385
v -0.02870628834 -0.008000000119 0.4660573084
v -0.02842625856 -0.008000000119 0.465525654
v -0.02809832573 -0.008000000119 0.465022133
v -0.02772529602 -0.008000000119 0.464551037
v -0.0413145113 -0.008000000119 0.4646376497
v -0.08072760582 -0.008000000119 0.4648888857
v -0.1201407051 -0.008000000119 0.4651401216
v -0.1595537949 -0.008000000119 0.4653913576
v -0.1698246574 -0.008000000119 0.4654568369
v -0.1766308022 -0.008000000119 0.46859536
v -0.183964386 -0.008000000119 0.4701421625
v -0.1914583206 -0.008000000119 0.4700198061
v -0.1987374878 -0.008000000119 0.4682344324
v -0.2054375648 -0.008000000119 0.4648753816
v -0.2112231445 -0.008000000119 0.4601108247
v -0.2123750305 -0.008000000119 0.4610773737
v -0.2063889122 -0.008000000119 0.4660455209
v -0.1994532776 -0.008000000119 0.46956868
v -0.1919107246 -0.008000000119 0.4714728433
v -0.184133873 -0.008000000119 0.4716639215
v -0.1765069199 -0.008000000119 0.4701324922
v -0.1694066048 -0.008000000119 0.4669542009
v -0.02870628834 -0.02 0.4660573084
v -0.02870628834 -0.008000000119 0.4660573084
v -0.1694066048 -0.008000000119 0.4669542009
v -0.1694066048 -0.02779999971 0.4669542009
v -0.0002626018221 -0.02779999971 0.4658759958
v -0.0002626018221 -0.008000000119 0.4658759958
v -0.01697214723 -0.008000000119 0.4659825212
v -0.01697214723 -0.02 0.4659825212
v -0.1635723114 -0.02779999971 0.4109451944
v -0.1393522453 -0.02779999971 0.4120045358
v -0.1151101208 -0.02779999971 0.4117743189
v -0.09091453552 -0.02779999971 0.4102551443
v -0.06683399677 -0.02779999971 0.4074513513
v -0.04293664455 -0.02779999971 0.4033708555
v -0.04258913994 -0.02889166355 0.4037823183
v -0.04182837009 -0.02929999113 0.4046739656
v -0.04182427883 -0.02930000067 0.404678734
v -0.06606299877 -0.02930000067 0.4088557321
v -0.09049128532 -0.02930000067 0.4117231447
v -0.1150384235 -0.02930000067 0.4132726938
v -0.1396333694 -0.02930000067 0.4134998781
v -0.1642049408 -0.02930000067 0.4124040491
v -0.1642024803 -0.02929998875 0.4123984224
v -0.1637613487 -0.02887278318 0.4113845712
v -0.1334795666 -0.0288606596 0.4125065118
v -0.1028212547 -0.0288606596 0.4116044695
v -0.07229286671 -0.0288606596 0.4086440832
v -0.1698246574 -0.02930000067 0.4654568369
v -0.0002631013463 -0.02930000067 0.4643759805
v -0.0002608713316 -0.0288606596 0.465436638
v -0.0002626018221 -0.02779999971 0.4658759958
v -0.1694066048 -0.02779999971 0.4669542009
v -0.1695298386 -0.02886704683 0.4665092165
v -0.1698229408 -0.02929998875 0.4654629022
v 0.009030680656 -0.008000000119 0.3803796369
v 0.01023329139 -0.008000000119 0.37950589
v 0.009773935079 -0.008000000119 0.3780921346
v 0.008287426233 -0.008000000119 0.3780921346
v 0.007828069925 -0.008000000119 0.37950589
v 0.009030680656 -0.01929999948 0.3778506357
v 0.01023329139 -0.01929999948 0.3787243826
v 0.009773935079 -0.01929999948 0.380138138
v 0.008287426233 -0.01929999948 0.380138138
v 0.007828069925 -0.01929999948 0.3787243826
v 0.009773935079 -0.01929999948 0.380138138
v 0.009030680656 -0.008000000119 0.3803796369
v -0.04293664455 -0.02779999971 0.4033708555
v -0.03862278938 -0.02779999971 0.3948911554
v -0.03265679359 -0.02779999971 0.3874802381
v -0.02529386044 -0.02779999971 0.3814551336
v -0.01684895039 -0.02779999971 0.3770735628
v -0.007683304549 -0.02779999971 0.3745229513
v 0.001811005175 -0.02779999971 0.3739124185
v 0.01122784734 -0.02779999971 0.375268057
v 0.02016440153 -0.02779999971 0.3785319025
v 0.02823839903 -0.02779999971 0.3835643179
v 0.0351044631 -0.02779999971 0.3901500494
v 0.04046888351 -0.02779999971 0.3980073816
v 0.04410219669 -0.02779999971 0.4068002016
v 0.04584897995 -0.02779999971 0.4161523897
v 0.0456345129 -0.02779999971 0.4256638986
v 0.04346797466 -0.02779999971 0.4349278528
v 0.039442029 -0.02779999971 0.4435479623
v 0.03372890234 -0.02779999971 0.4511555177
v 0.0265729785 -0.02779999971 0.4574250871
v 0.01828035831 -0.02779999971 0.4620884592
v 0.009205772877 -0.02779999971 0.4649461824
v -0.0002626018221 -0.02779999971 0.4658759958
v -0.0002608713316 -0.0288606596 0.465436638
v -0.0002631013463 -0.02930000067 0.4643759805
v 0.008935462237 -0.02930000067 0.4634704095
v 0.01774852395 -0.02930000067 0.4606840974
v 0.02579586506 -0.02930000067 0.4561372453
v 0.03273029804 -0.02930000067 0.4500260049
v 0.03825265408 -0.02930000067 0.4426140482
v 0.04212468147 -0.02930000067 0.4342211229
v 0.04417932987 -0.02930000067 0.4252093584
v 0.04432796001 -0.02930000067 0.4159675295
v 0.04256415367 -0.02930000067 0.4068943483
v 0.03896400928 -0.02930000067 0.3983812601
v 0.03368284702 -0.02930000067 0.3907955534
v 0.02694850922 -0.02930000067 0.3844645006
v 0.01905153871 -0.02930000067 0.3796612245
v 0.01033263087 -0.02930000067 0.3765929586
v 0.001167943403 -0.02930000067 0.3753920824
v -0.008047132493 -0.02930000067 0.3761103994
v -0.01691503167 -0.02930000067 0.3787169248
v -0.02505316973 -0.02930000067 0.3830991918
v -0.03211044073 -0.02930000067 0.3890681535
v -0.0377823782 -0.02930000067 0.3963662893
v -0.04182427883 -0.02930000067 0.404678734
v -0.04182837009 -0.02929999113 0.4046739656
v -0.04258913994 -0.02889166355 0.4037823183
v -0.03868292332 -0.0288606596 0.3958059198
v -0.03287579536 -0.0288606596 0.3883338339
v -0.0256503129 -0.0288606596 0.382222603
v -0.01731820345 -0.0288606596 0.3777358705
v -0.008238936067 -0.0288606596 0.3750672228
v 0.001195781379 -0.0288606596 0.3743317873
v 0.01057891011 -0.0288606596 0.3755612833
v 0.01950563431 -0.0288606596 0.3787026865
v 0.02759083033 -0.0288606596 0.3836204416
v 0.03448567867 -0.0288606596 0.3901024038
v 0.03989271879 -0.0288606596 0.3978689176
v 0.04357867241 -0.0288606596 0.4065849096
v 0.04538451672 -0.0288606596 0.4158743555
v 0.04523234844 -0.0288606596 0.4253364641
v 0.0431287241 -0.0288606596 0.4345630342
v 0.03916440725 -0.0288606596 0.4431559831
v 0.03351042748 -0.0288606596 0.4507446176
v 0.02641071081 -0.0288606596 0.4570015222
v 0.01813866854 -0.0288606596 0.4616710359
v 0.009133145214 -0.0288606596 0.4645126039
v -0.0002626018221 -0.02779999971 0.4658759958
v 0.009205772877 -0.02779999971 0.4649461824
v 0.01828035831 -0.02779999971 0.4620884592
v 0.0265729785 -0.02779999971 0.4574250871
v 0.03372890234 -0.02779999971 0.4511555177
v 0.039442029 -0.02779999971 0.4435479623
v 0.04346797466 -0.02779999971 0.4349278528
v 0.0456345129 -0.02779999971 0.4256638986
v 0.04584897995 -0.02779999971 0.4161523897
v 0.04410219669 -0.02779999971 0.4068002016
v 0.04046888351 -0.02779999971 0.3980073816
v 0.0351044631 -0.02779999971 0.3901500494
v 0.02823839903 -0.02779999971 0.3835643179
v 0.02016440153 -0.02779999971 0.3785319025
v 0.01122784734 -0.02779999971 0.375268057
v 0.001811005175 -0.02779999971 0.3739124185
v -0.007683304549 -0.02779999971 0.3745229513
v -0.01684895039 -0.02779999971 0.3770735628
v -0.02529386044 -0.02779999971 0.3814551336
v -0.03265679359 -0.02779999971 0.3874802381
v -0.03862278938 -0.02779999971 0.3948911554
v -0.04293664455 -0.02779999971 0.4033708555
v -0.04293664455 -0.008000000119 0.4033708555
v -0.03862278938 -0.008000000119 0.3948911554
v -0.03265679359 -0.008000000119 0.3874802381
v -0.02529386044 -0.008000000119 0.3814551336
v -0.01684895039 -0.008000000119 0.3770735628
v -0.007683304549 -0.008000000119 0.3745229513
v 0.001811005175 -0.008000000119 0.3739124185
v 0.01122784734 -0.008000000119 0.375268057
v 0.02016440153 -0.008000000119 0.3785319025
v 0.02823839903 -0.008000000119 0.3835643179
v 0.0351044631 -0.008000000119 0.3901500494
v 0.04046888351 -0.008000000119 0.3980073816
v 0.04410219669 -0.008000000119 0.4068002016
v 0.04584897995 -0.008000000119 0.4161523897
v 0.0456345129 -0.008000000119 0.4256638986
v 0.04346797466 -0.008000000119 0.4349278528
v 0.039442029 -0.008000000119 0.4435479623
v 0.03372890234 -0.008000000119 0.4511555177
v 0.0265729785 -0.008000000119 0.4574250871
v 0.01828035831 -0.008000000119 0.4620884592
v 0.009205772877 -0.008000000119 0.4649461824
v -0.0002626018221 -0.008000000119 0.4658759958
v 0.02803064346 -0.008000000119 0.4520822603
v 0.029233253 -0.008000000119 0.4512085039
v 0.02877389669 -0.008000000119 0.449794758
v 0.02728738785 -0.008000000119 0.449794758
v 0.02682803154 -0.008000000119 0.4512085039
v 0.02803064346 -0.01929999948 0.4495532495
v 0.029233253 -0.01929999948 0.4504270059
v 0.02877389669 -0.01929999948 0.4518407518
v 0.02728738785 -0.01929999948 0.4518407518
v 0.02682803154 -0.01929999948 0.4504270059
v 0.02877389669 -0.01929999948 0.4518407518
v 0.02803064346 -0.008000000119 0.4520822603
v -0.03206400633 -0.008000000119 0.3944024736
v -0.03326661587 -0.008000000119 0.3935287267
v -0.03280725956 -0.008000000119 0.3921149713
v -0.03132075071 -0.008000000119 0.3921149713
v -0.03086139441 -0.008000000119 0.3935287267
v -0.03417600632 -0.008000000119 0.3913767416
v -0.03480279684 -0.008000000119 0.3933860094
v -0.03382524252 -0.008000000119 0.3952499754
v -0.0318159771 -0.008000000119 0.3958767683
v -0.02995200634 -0.008000000119 0.3948992139
v -0.02932521343 -0.008000000119 0.3928899461
v -0.03030277014 -0.008000000119 0.3910259802
v -0.03231203318 -0.008000000119 0.3903991872
v -0.1595537949 -0.008000000119 0.4653913576
v -0.1595537949 -0.02680000067 0.4653913576
v -0.1698246574 -0.02680000067 0.4654568369
v -0.1698246574 -0.008000000119 0.4654568369
v -0.1201407051 -0.02680000067 0.4651401216
v -0.1182013321 -0.02680000067 0.4643222887
v -0.1174082851 -0.02680000067 0.4623726541
v -0.1182261276 -0.02680000067 0.4604332811
v -0.1201757622 -0.02680000067 0.4596402437
v -0.1221151352 -0.02680000067 0.4604580766
v -0.1229081726 -0.02680000067 0.4624077112
v -0.1220903397 -0.02680000067 0.4643470842
v -0.1201407051 -0.02680000067 0.4651401216
v -0.1201407051 -0.008000000119 0.4651401216
v -0.1220903397 -0.008000000119 0.4643470842
v -0.1229081726 -0.008000000119 0.4624077112
v -0.1221151352 -0.008000000119 0.4604580766
v -0.1201757622 -0.008000000119 0.4596402437
v -0.1182261276 -0.008000000119 0.4604332811
v -0.1174082851 -0.008000000119 0.4623726541
v -0.1182013321 -0.008000000119 0.4643222887
v -0.1201407051 -0.008000000119 0.4651401216
v -0.1174082851 -0.02680000067 0.4623726541
v -0.1174082851 -0.008000000119 0.4623726541
v 0.02803064346 -0.008000000119 0.4520822603
v 0.02682803154 -0.008000000119 0.4512085039
v 0.02728738785 -0.008000000119 0.449794758
v 0.02877389669 -0.008000000119 0.449794758
v 0.029233253 -0.008000000119 0.4512085039
v 0.02987697363 -0.008000000119 0.4528557855
v 0.0307772994 -0.008000000119 0.4509533006
v 0.0300686717 -0.008000000119 0.4489714319
v 0.02816619635 -0.008000000119 0.448071087
v 0.0261843133 -0.008000000119 0.4487797243
v 0.02528398514 -0.008000000119 0.4506822092
v 0.02599261284 -0.008000000119 0.4526640779
v 0.02789509058 -0.008000000119 0.4535644037
v -0.08074513435 -0.008000000119 0.4634034425
v -0.08194774628 -0.008000000119 0.4625297052
v -0.08148838997 -0.008000000119 0.4611159403
v -0.08000187874 -0.008000000119 0.4611159403
v -0.0795425272 -0.008000000119 0.4625297052
v -0.08072760582 -0.008000000119 0.4648888857
v -0.07878823757 -0.008000000119 0.4640710527
v -0.07799519062 -0.008000000119 0.4621214182
v -0.07881302834 -0.008000000119 0.4601820451
v -0.08076266289 -0.008000000119 0.4593890077
v -0.0827020359 -0.008000000119 0.4602068407
v -0.08349508285 -0.008000000119 0.4621564752
v -0.08267724037 -0.008000000119 0.4640958482
v -0.03417600632 -0.008000000119 0.3913767416
v -0.03417600632 -0.02434700727 0.3913767416
v -0.02844320774 -0.02434700727 0.3856534559
v -0.021767869 -0.02434700727 0.3810642511
v -0.01437119007 -0.02434700727 0.3777612096
v -0.00649828434 -0.02434700727 0.3758537752
v 0.001589959561 -0.02434700727 0.3754051668
v 0.009625515937 -0.02434700727 0.3764302427
v 0.009625515937 -0.008000000119 0.3764302427
v 0.001589959561 -0.008000000119 0.3754051668
v -0.00649828434 -0.008000000119 0.3758537752
v -0.01437119007 -0.008000000119 0.3777612096
v -0.021767869 -0.008000000119 0.3810642511
v -0.02844320774 -0.008000000119 0.3856534559
v -0.1347234344 -0.02680000067 0.4135602457
v -0.1366735077 -0.02680000067 0.414352215
v -0.1374924088 -0.02680000067 0.4162911493
v -0.1367004395 -0.02680000067 0.4182412225
v -0.1347615242 -0.02680000067 0.4190601236
v -0.132811451 -0.02680000067 0.4182681543
v -0.1319925404 -0.02680000067 0.416329239
v -0.1327845097 -0.02680000067 0.4143791658
v -0.1347234344 -0.02680000067 0.4135602457
v -0.1347234344 -0.008000000119 0.4135602457
v -0.1327845097 -0.008000000119 0.4143791658
v -0.1319925404 -0.008000000119 0.416329239
v -0.132811451 -0.008000000119 0.4182681543
v -0.1347615242 -0.008000000119 0.4190601236
v -0.1367004395 -0.008000000119 0.4182412225
v -0.1374924088 -0.008000000119 0.4162911493
v -0.1366735077 -0.008000000119 0.414352215
v -0.1347234344 -0.008000000119 0.4135602457
v -0.1327845097 -0.008000000119 0.4143791658
v -0.1327845097 -0.02680000067 0.4143791658
v -0.09304857254 -0.008000000119 0.4159708101
v -0.09425118446 -0.008000000119 0.4150970537
v -0.09379182816 -0.008000000119 0.4136833078
v -0.09230531693 -0.008000000119 0.4136833078
v -0.09184596062 -0.008000000119 0.4150970537
v -0.09327881813 -0.008000000119 0.4119659502
v -0.09514909744 -0.008000000119 0.4129313928
v -0.09578891754 -0.008000000119 0.4149365503
v -0.09482348442 -0.008000000119 0.4168068201
v -0.09281832695 -0.008000000119 0.4174466402
v -0.09094804764 -0.008000000119 0.4164812166
v -0.09030822754 -0.008000000119 0.4144760591
v -0.0912736702 -0.008000000119 0.4126057703
v 0.02523622513 -0.02434700727 0.4279627306
v 0.02647731543 -0.02434700727 0.4209730035
v 0.02581828117 -0.02434700727 0.4139046175
v 0.02330641747 -0.02434700727 0.4072648126
v 0.01912198663 -0.02434700727 0.4015301019
v 0.01356528163 -0.02434700727 0.3971120149
v 0.007035073638 -0.02434700727 0.3943276292
v -2.923282099e-13 -0.02434700727 0.3933767492
v -0.007035073638 -0.02434700727 0.3943276292
v -0.01356528163 -0.02434700727 0.3971120149
v -0.01912198663 -0.02434700727 0.4015301019
v -0.02330641747 -0.02434700727 0.4072648126
v -0.02581828117 -0.02434700727 0.4139046175
v -0.02647731543 -0.02434700727 0.4209730035
v -0.02523622513 -0.02434700727 0.4279627306
v -0.02752659082 -0.02434700727 0.4322701341
v -0.02819411993 -0.02434700727 0.4331143457
v -0.02911663771 -0.02434700727 0.4336686403
v -0.03017541647 -0.02434700727 0.433861683
v -0.03317260027 -0.02434700727 0.433861683
v -0.03549776316 -0.02434700727 0.4258691484
v -0.03592513323 -0.02434700727 0.4175562364
v -0.03443186283 -0.02434700727 0.4093673879
v -0.03109778643 -0.02434700727 0.4017403871
v -0.02610114813 -0.02434700727 0.3950830061
v -0.01970908523 -0.02434700727 0.3897511465
v -0.01226332784 -0.02434700727 0.3860298807
v -0.004161944986 -0.02434700727 0.3841181451
v 0.004161944985 -0.02434700727 0.3841181451
v 0.01226332784 -0.02434700727 0.3860298807
v 0.01970908523 -0.02434700727 0.3897511465
v 0.02610114813 -0.02434700727 0.3950830061
v 0.03109778643 -0.02434700727 0.4017403871
v 0.03443186283 -0.02434700727 0.4093673879
v 0.03592513323 -0.02434700727 0.4175562364
v 0.03549776316 -0.02434700727 0.4258691484
v 0.03317260027 -0.02434700727 0.433861683
v 0.03017541647 -0.02434700727 0.433861683
v 0.02911663771 -0.02434700727 0.4336686403
v 0.02819411993 -0.02434700727 0.4331143457
v 0.02752659082 -0.02434700727 0.4322701341
v -0.04158834934 -0.02434700727 0.404044531
v -0.04383798599 -0.02434700727 0.4122294504
v -0.04449252129 -0.02434700727 0.4206926424
v -0.04352814198 -0.02434700727 0.4291261179
v -0.04097993851 -0.02434700727 0.4372230608
v -0.03694062948 -0.02434700727 0.4446888429
v -0.0315571928 -0.02434700727 0.4512518007
v -0.02502550602 -0.02434700727 0.456673134
v -0.01758323908 -0.02434700727 0.4607555849
v -0.009501182436 -0.02434700727 0.4633506281
v -0.001108630448 -0.02434700727 0.4643629343
v 0.00732392788 -0.02434700727 0.4637699205
v 0.01549219251 -0.02434700727 0.4615929681
v 0.02310140371 -0.02434700727 0.4579106218
v 0.02987697363 -0.02434700727 0.4528557855
v 0.02789509058 -0.02434700727 0.4535644037
v 0.02599261284 -0.02434700727 0.4526640779
v 0.02528398514 -0.02434700727 0.4506822092
v 0.0261843133 -0.02434700727 0.4487797243
v 0.02816619635 -0.02434700727 0.448071087
v 0.0300686717 -0.02434700727 0.4489714319
v 0.0307772994 -0.02434700727 0.4509533006
v 0.02987697363 -0.02434700727 0.4528557855
v 0.03536045074 -0.02434700727 0.4468932039
v 0.0396721673 -0.02434700727 0.440035351
v 0.04266923904 -0.02434700727 0.4325094873
v 0.04425234795 -0.02434700727 0.4245650179
v 0.04436903477 -0.02434700727 0.4164651758
v 0.04301543236 -0.02434700727 0.4084784013
v 0.04273492813 -0.02434700727 0.4105643922
v 0.04106156826 -0.02434700727 0.411841057
v 0.03897558689 -0.02434700727 0.4115605432
v 0.03769891977 -0.02434700727 0.4098871881
v 0.037979424 -0.02434700727 0.4078012067
v 0.03965278387 -0.02434700727 0.4065245325
v 0.04173876762 -0.02434700727 0.4068050367
v 0.04301543236 -0.02434700727 0.4084784013
v 0.04023640156 -0.02434700727 0.4008693296
v 0.03612402678 -0.02434700727 0.3938901216
v 0.0308145833 -0.02434700727 0.3877720529
v 0.02448401689 -0.02434700727 0.3827178651
v 0.01734210491 -0.02434700727 0.378895033
v 0.009625515937 -0.02434700727 0.3764302427
v 0.01134980202 -0.02434700727 0.3776372415
v 0.01171557784 -0.02434700727 0.3797099764
v 0.01050857782 -0.02434700727 0.3814342577
v 0.008435845375 -0.02434700727 0.3818000299
v 0.006711559891 -0.02434700727 0.3805930311
v 0.006345784068 -0.02434700727 0.3785203058
v 0.007552784085 -0.02434700727 0.3767960149
v 0.009625515937 -0.02434700727 0.3764302427
v 0.001589959561 -0.02434700727 0.3754051668
v -0.00649828434 -0.02434700727 0.3758537752
v -0.01437119007 -0.02434700727 0.3777612096
v -0.021767869 -0.02434700727 0.3810642511
v -0.02844320774 -0.02434700727 0.3856534559
v -0.03417600632 -0.02434700727 0.3913767416
v -0.03231203318 -0.02434700727 0.3903991872
v -0.03030277014 -0.02434700727 0.3910259802
v -0.02932521343 -0.02434700727 0.3928899461
v -0.02995200634 -0.02434700727 0.3948992139
v -0.0318159771 -0.02434700727 0.3958767683
v -0.03382524252 -0.02434700727 0.3952499754
v -0.03480279684 -0.02434700727 0.3933860094
v -0.03417600632 -0.02434700727 0.3913767416
v -0.03710906267 -0.02434700727 0.3953172857
v -0.03958992243 -0.02434700727 0.3995571024
v -0.1880500031 -0.02930000067 0.4198767549
v -0.1871279144 -0.02930000067 0.4161357385
v -0.1845729256 -0.02930000067 0.413251732
v -0.1809703255 -0.02930000067 0.411885441
v -0.1771454239 -0.02930000067 0.4123498804
v -0.1739744949 -0.02930000067 0.4145386202
v -0.1721839142 -0.02930000067 0.4179502565
v -0.1721839142 -0.02930000067 0.4218032343
v -0.1739744949 -0.02930000067 0.4252148897
v -0.1771454239 -0.02930000067 0.4274036295
v -0.1809703255 -0.02930000067 0.4278680498
v -0.1845729256 -0.02930000067 0.4265017778
v -0.1871279144 -0.02930000067 0.4236177713
v -0.1880500031 -0.02680000067 0.4198767549
v -0.1871279144 -0.02680000067 0.4236177713
v -0.1845729256 -0.02680000067 0.4265017778
v -0.1809703255 -0.02680000067 0.4278680498
v -0.1771454239 -0.02680000067 0.4274036295
v -0.1739744949 -0.02680000067 0.4252148897
v -0.1721839142 -0.02680000067 0.4218032343
v -0.1721839142 -0.02680000067 0.4179502565
v -0.1739744949 -0.02680000067 0.4145386202
v -0.1771454239 -0.02680000067 0.4123498804
v -0.1809703255 -0.02680000067 0.411885441
v -0.1845729256 -0.02680000067 0.413251732
v -0.1871279144 -0.02680000067 0.4161357385
v -0.1880500031 -0.02680000067 0.4198767549
v -0.1880500031 -0.02930000067 0.4198767549
v -0.1347234344 -0.02680000067 0.4135602457
v -0.1347234344 -0.008000000119 0.4135602457
v -0.1373481178 -0.008000000119 0.4135345346
v -0.13997262 -0.008000000119 0.4134937555
v -0.1425968361 -0.008000000119 0.4134379083
v -0.1425968361 -0.02680000067 0.4134379083
v -0.13997262 -0.02680000067 0.4134937555
v -0.1373481178 -0.02680000067 0.4135345346
v 0.03835717678 -0.01929999948 0.4091827947
v 0.03911019802 -0.01929999948 0.4107464487
v 0.0408022213 -0.01929999948 0.4111326486
v 0.04215911388 -0.01929999948 0.4100505621
v 0.04215911388 -0.01929999948 0.4083150274
v 0.0408022213 -0.01929999948 0.4072329408
v 0.03911019802 -0.01929999948 0.4076191312
v 0.03835717678 -0.02930000067 0.4091827947
v 0.03911019802 -0.02930000067 0.4076191312
v 0.0408022213 -0.02930000067 0.4072329408
v 0.04215911388 -0.02930000067 0.4083150274
v 0.04215911388 -0.02930000067 0.4100505621
v 0.0408022213 -0.02930000067 0.4111326486
v 0.03911019802 -0.02930000067 0.4107464487
v 0.03835717678 -0.01929999948 0.4091827947
v 0.03835717678 -0.02930000067 0.4091827947
v -0.03206400633 -0.01929999948 0.3918734819
v -0.03326661587 -0.01929999948 0.3927472288
v -0.03280725956 -0.01929999948 0.3941609842
v -0.03132075071 -0.01929999948 0.3941609842
v -0.03086139441 -0.01929999948 0.3927472288
v -0.03406400681 -0.01929999948 0.3931379778
v -0.03331098557 -0.01929999948 0.3915743143
v -0.03161896467 -0.01929999948 0.3911881239
v -0.03026206732 -0.01929999948 0.3922702104
v -0.03026206732 -0.01929999948 0.3940057451
v -0.03161896467 -0.01929999948 0.3950878317
v -0.03331098557 -0.01929999948 0.3947016412
v -0.1595537949 -0.02680000067 0.4653913576
v -0.1576144314 -0.02680000067 0.4645735246
v -0.1568213844 -0.02680000067 0.4626238901
v -0.1576392174 -0.02680000067 0.4606845171
v -0.1595888615 -0.02680000067 0.4598914797
v -0.1615282249 -0.02680000067 0.4607093126
v -0.1623212814 -0.02680000067 0.4626589471
v -0.1615034294 -0.02680000067 0.4645983202
v -0.1595537949 -0.02680000067 0.4653913576
v -0.1595537949 -0.008000000119 0.4653913576
v -0.1615034294 -0.008000000119 0.4645983202
v -0.1623212814 -0.008000000119 0.4626589471
v -0.1615282249 -0.008000000119 0.4607093126
v -0.1595888615 -0.008000000119 0.4598914797
v -0.1576392174 -0.008000000119 0.4606845171
v -0.1568213844 -0.008000000119 0.4626238901
v -0.1576144314 -0.008000000119 0.4645735246
v -0.1595537949 -0.008000000119 0.4653913576
v -0.1568213844 -0.02680000067 0.4626238901
v -0.1568213844 -0.008000000119 0.4626238901
v -0.1201582336 -0.008000000119 0.4636546785
v -0.1213608456 -0.008000000119 0.4627809412
v -0.1209014893 -0.008000000119 0.4613671762
v -0.119414978 -0.008000000119 0.4613671762
v -0.1189556217 -0.008000000119 0.4627809412
v -0.1201407051 -0.008000000119 0.4651401216
v -0.1182013321 -0.008000000119 0.4643222887
v -0.1174082851 -0.008000000119 0.4623726541
v -0.1182261276 -0.008000000119 0.4604332811
v -0.1201757622 -0.008000000119 0.4596402437
v -0.1221151352 -0.008000000119 0.4604580766
v -0.1229081726 -0.008000000119 0.4624077112
v -0.1220903397 -0.008000000119 0.4643470842
v -0.03417600632 -0.02434700727 0.3913767416
v -0.03417600632 -0.008000000119 0.3913767416
v -0.03710906267 -0.008000000119 0.3953172857
v -0.03958992243 -0.008000000119 0.3995571024
v -0.04158834934 -0.008000000119 0.404044531
v -0.04158834934 -0.02434700727 0.404044531
v -0.03958992243 -0.02434700727 0.3995571024
v -0.03710906267 -0.02434700727 0.3953172857
v -0.1347424793 -0.008000000119 0.4175746805
v -0.1359450912 -0.008000000119 0.4167009432
v -0.1354857349 -0.008000000119 0.4152871782
v -0.1339992237 -0.008000000119 0.4152871782
v -0.1335398674 -0.008000000119 0.4167009432
v -0.1347234344 -0.008000000119 0.4135602457
v -0.1366735077 -0.008000000119 0.414352215
v -0.1374924088 -0.008000000119 0.4162911493
v -0.1367004395 -0.008000000119 0.4182412225
v -0.1347615242 -0.008000000119 0.4190601236
v -0.132811451 -0.008000000119 0.4182681543
v -0.1319925404 -0.008000000119 0.416329239
v -0.1327845097 -0.008000000119 0.4143791658
v -0.05214923382 -0.02680000067 0.4066223127
v -0.05214923382 -0.008000000119 0.4066223127
v -0.06580311298 -0.008000000119 0.4088180334
v -0.07951715946 -0.008000000119 0.4105997926
v -0.09327881813 -0.008000000119 0.4119659502
v -0.09327881813 -0.02680000067 0.4119659502
v -0.07951715946 -0.02680000067 0.4105997926
v -0.06580311298 -0.02680000067 0.4088180334
v -0.04353394508 -0.02680000067 0.4050175554
v -0.04289242744 -0.02680000067 0.4046793157
v -0.0422437954 -0.02680000067 0.4043549234
v -0.04158834934 -0.02680000067 0.404044531
v -0.04158834934 -0.02434700727 0.404044531
v -0.04158834934 -0.008000000119 0.404044531
v -0.0422437954 -0.008000000119 0.4043549234
v -0.04289242744 -0.008000000119 0.4046793157
v -0.04353394508 -0.008000000119 0.4050175554
v 0.02803064346 -0.01929999948 0.4495532495
v 0.02682803154 -0.01929999948 0.4504270059
v 0.02728738785 -0.01929999948 0.4518407518
v 0.02877389669 -0.01929999948 0.4518407518
v 0.029233253 -0.01929999948 0.4504270059
v 0.02603064299 -0.01929999948 0.4508177454
v 0.02678366423 -0.01929999948 0.4492540819
v 0.02847568512 -0.01929999948 0.448867901
v 0.02983258009 -0.01929999948 0.449949978
v 0.02983258009 -0.01929999948 0.4516855127
v 0.02847568512 -0.01929999948 0.4527676088
v 0.02678366423 -0.01929999948 0.4523814088
v 0.02603064299 -0.01929999948 0.4508177454
v 0.02678366423 -0.01929999948 0.4523814088
v 0.02847568512 -0.01929999948 0.4527676088
v 0.02983258009 -0.01929999948 0.4516855127
v 0.02983258009 -0.01929999948 0.449949978
v 0.02847568512 -0.01929999948 0.448867901
v 0.02678366423 -0.01929999948 0.4492540819
v 0.02603064299 -0.02930000067 0.4508177454
v 0.02678366423 -0.02930000067 0.4492540819
v 0.02847568512 -0.02930000067 0.448867901
v 0.02983258009 -0.02930000067 0.449949978
v 0.02983258009 -0.02930000067 0.4516855127
v 0.02847568512 -0.02930000067 0.4527676088
v 0.02678366423 -0.02930000067 0.4523814088
v 0.02603064299 -0.01929999948 0.4508177454
v 0.02603064299 -0.02930000067 0.4508177454
v 0.04035717487 -0.01929999948 0.4079182893
v 0.03915456533 -0.01929999948 0.4087920457
v 0.03961392164 -0.01929999948 0.4102057916
v 0.04110043049 -0.01929999948 0.4102057916
v 0.0415597868 -0.01929999948 0.4087920457
v 0.03835717678 -0.01929999948 0.4091827947
v 0.03911019802 -0.01929999948 0.4076191312
v 0.0408022213 -0.01929999948 0.4072329408
v 0.04215911388 -0.01929999948 0.4083150274
v 0.04215911388 -0.01929999948 0.4100505621
v 0.0408022213 -0.01929999948 0.4111326486
v 0.03911019802 -0.01929999948 0.4107464487
v -0.1595713234 -0.008000000119 0.4639059145
v -0.1607739449 -0.008000000119 0.4630321771
v -0.160314579 -0.008000000119 0.4616184122
v -0.1588280773 -0.008000000119 0.4616184122
v -0.158368721 -0.008000000119 0.4630321771
v -0.1595537949 -0.008000000119 0.4653913576
v -0.1576144314 -0.008000000119 0.4645735246
v -0.1568213844 -0.008000000119 0.4626238901
v -0.1576392174 -0.008000000119 0.4606845171
v -0.1595888615 -0.008000000119 0.4598914797
v -0.1615282249 -0.008000000119 0.4607093126
v -0.1623212814 -0.008000000119 0.4626589471
v -0.1615034294 -0.008000000119 0.4645983202
v -0.1347234344 -0.008000000119 0.4135602457
v -0.1347234344 -0.02680000067 0.4135602457
v -0.1208945942 -0.02680000067 0.4134468538
v -0.10707551 -0.02680000067 0.4129152757
v -0.09327881813 -0.02680000067 0.4119659502
v -0.09327881813 -0.008000000119 0.4119659502
v -0.10707551 -0.008000000119 0.4129152757
v -0.1208945942 -0.008000000119 0.4134468538
v 0.02523622513 -0.01470399022 0.4279627306
v 0.02647731543 -0.01470399022 0.4209730035
v 0.02581828117 -0.01470399022 0.4139046175
v 0.02330641747 -0.01470399022 0.4072648126
v 0.01912198663 -0.01470399022 0.4015301019
v 0.01356528163 -0.01470399022 0.3971120149
v 0.007035073638 -0.01470399022 0.3943276292
v -2.923249499e-13 -0.01470399022 0.3933767492
v -0.007035073638 -0.01470399022 0.3943276292
v -0.01356528163 -0.01470399022 0.3971120149
v -0.01912198663 -0.01470399022 0.4015301019
v -0.02330641747 -0.01470399022 0.4072648126
v -0.02581828117 -0.01470399022 0.4139046175
v -0.02647731543 -0.01470399022 0.4209730035
v -0.02523622513 -0.01470399022 0.4279627306
v -0.02523622513 -0.02434700727 0.4279627306
v -0.02647731543 -0.02434700727 0.4209730035
v -0.02581828117 -0.02434700727 0.4139046175
v -0.02330641747 -0.02434700727 0.4072648126
v -0.01912198663 -0.02434700727 0.4015301019
v -0.01356528163 -0.02434700727 0.3971120149
v -0.007035073638 -0.02434700727 0.3943276292
v -2.923282099e-13 -0.02434700727 0.3933767492
v 0.007035073638 -0.02434700727 0.3943276292
v 0.01356528163 -0.02434700727 0.3971120149
v 0.01912198663 -0.02434700727 0.4015301019
v 0.02330641747 -0.02434700727 0.4072648126
v 0.02581828117 -0.02434700727 0.4139046175
v 0.02647731543 -0.02434700727 0.4209730035
v 0.02523622513 -0.02434700727 0.4279627306
v -0.09304857254 -0.01799999952 0.4159708101
v -0.09184596062 -0.01799999952 0.4150970537
v -0.09230531693 -0.01799999952 0.4136833078
v -0.09379182816 -0.01799999952 0.4136833078
v -0.09425118446 -0.01799999952 0.4150970537
v -0.09304857254 -0.01875978827 0.4147062952
v -0.09304857254 -0.01875978827 0.4147062952
v -0.09304857254 -0.01875978827 0.4147062952
v -0.09304857254 -0.01875978827 0.4147062952
v -0.09304857254 -0.01875978827 0.4147062952
v -0.09304857254 -0.01875978827 0.4147062952
v -0.09304857254 -0.01875978827 0.4147062952
v -0.09230531693 -0.01799999952 0.4136833078
v -0.09304857254 -0.01875978827 0.4147062952
v -0.05214923382 -0.008000000119 0.4066223127
v -0.05214923382 -0.02680000067 0.4066223127
v -0.04927407265 -0.02680000067 0.4061057455
v -0.04640226841 -0.02680000067 0.40557082
v -0.04353394508 -0.02680000067 0.4050175554
v -0.04353394508 -0.008000000119 0.4050175554
v -0.04640226841 -0.008000000119 0.40557082
v -0.04927407265 -0.008000000119 0.4061057455
v -0.04133203983 -0.008000000119 0.4631522066
v -0.04012942791 -0.008000000119 0.4622784692
v -0.04058878422 -0.008000000119 0.4608647043
v -0.04207529545 -0.008000000119 0.4608647043
v -0.04253465176 -0.008000000119 0.4622784692
v -0.04133203983 -0.01799999952 0.4631522066
v -0.04253465176 -0.01799999952 0.4622784692
v -0.04207529545 -0.01799999952 0.4608647043
v -0.04058878422 -0.01799999952 0.4608647043
v -0.04012942791 -0.01799999952 0.4622784692
v -0.04207529545 -0.01799999952 0.4608647043
v -0.04207529545 -0.008000000119 0.4608647043
v -0.05214923382 -0.02680000067 0.4066223127
v -0.05392432213 -0.02680000067 0.4077532655
v -0.05437979221 -0.02680000067 0.4098081476
v -0.05324883461 -0.02680000067 0.4115832407
v -0.05119395256 -0.02680000067 0.4120387155
v -0.04941885948 -0.02680000067 0.4109077531
v -0.0489633894 -0.02680000067 0.4088528711
v -0.050094347 -0.02680000067 0.407077778
v -0.05214923382 -0.02680000067 0.4066223127
v -0.05214923382 -0.008000000119 0.4066223127
v -0.050094347 -0.008000000119 0.407077778
v -0.0489633894 -0.008000000119 0.4088528711
v -0.04941885948 -0.008000000119 0.4109077531
v -0.05119395256 -0.008000000119 0.4120387155
v -0.05324883461 -0.008000000119 0.4115832407
v -0.05437979221 -0.008000000119 0.4098081476
v -0.05392432213 -0.008000000119 0.4077532655
v -0.05214923382 -0.008000000119 0.4066223127
v -0.0489633894 -0.02680000067 0.4088528711
v -0.0489633894 -0.008000000119 0.4088528711
v -0.02523622513 -0.01470399022 0.4279627306
v -0.02752659082 -0.01470399022 0.4322701341
v -0.02752659082 -0.02434700727 0.4322701341
v -0.02523622513 -0.02434700727 0.4279627306
v -0.09304857254 -0.008000000119 0.4159708101
v -0.09184596062 -0.008000000119 0.4150970537
v -0.09230531693 -0.008000000119 0.4136833078
v -0.09379182816 -0.008000000119 0.4136833078
v -0.09425118446 -0.008000000119 0.4150970537
v -0.09304857254 -0.01799999952 0.4159708101
v -0.09425118446 -0.01799999952 0.4150970537
v -0.09379182816 -0.01799999952 0.4136833078
v -0.09230531693 -0.01799999952 0.4136833078
v -0.09184596062 -0.01799999952 0.4150970537
v -0.09379182816 -0.01799999952 0.4136833078
v -0.09379182816 -0.008000000119 0.4136833078
v -0.1201582336 -0.01799999952 0.4636546785
v -0.1189556217 -0.01799999952 0.4627809412
v -0.119414978 -0.01799999952 0.4613671762
v -0.1209014893 -0.01799999952 0.4613671762
v -0.1213608456 -0.01799999952 0.4627809412
v -0.1201582336 -0.01875978827 0.4623901827
v -0.1201582336 -0.01875978827 0.4623901827
v -0.1201582336 -0.01875978827 0.4623901827
v -0.1201582336 -0.01875978827 0.4623901827
v -0.1201582336 -0.01875978827 0.4623901827
v -0.1201582336 -0.01875978827 0.4623901827
v -0.1201582336 -0.01875978827 0.4623901827
v -0.119414978 -0.01799999952 0.4613671762
v -0.1201582336 -0.01875978827 0.4623901827
v -0.05167159081 -0.008000000119 0.4105950052
v -0.05287420273 -0.008000000119 0.4097212583
v -0.05241484642 -0.008000000119 0.4083075124
v -0.05092833996 -0.008000000119 0.4083075124
v -0.05046897888 -0.008000000119 0.4097212583
v -0.05214923382 -0.008000000119 0.4066223127
v -0.05392432213 -0.008000000119 0.4077532655
v -0.05437979221 -0.008000000119 0.4098081476
v -0.05324883461 -0.008000000119 0.4115832407
v -0.05119395256 -0.008000000119 0.4120387155
v -0.04941885948 -0.008000000119 0.4109077531
v -0.0489633894 -0.008000000119 0.4088528711
v -0.050094347 -0.008000000119 0.407077778
v -0.02752659082 -0.01470399022 0.4322701341
v -0.02819411993 -0.01470399022 0.4331143457
v -0.02911663771 -0.01470399022 0.4336686403
v -0.03017541647 -0.01470399022 0.433861683
v -0.03017541647 -0.02434700727 0.433861683
v -0.02911663771 -0.02434700727 0.4336686403
v -0.02819411993 -0.02434700727 0.4331143457
v -0.02752659082 -0.02434700727 0.4322701341
v -0.04133203983 -0.01799999952 0.4631522066
v -0.04012942791 -0.01799999952 0.4622784692
v -0.04058878422 -0.01799999952 0.4608647043
v -0.04207529545 -0.01799999952 0.4608647043
v -0.04253465176 -0.01799999952 0.4622784692
v -0.04133203983 -0.01875978827 0.4618877107
v -0.04133203983 -0.01875978827 0.4618877107
v -0.04133203983 -0.01875978827 0.4618877107
v -0.04133203983 -0.01875978827 0.4618877107
v -0.04133203983 -0.01875978827 0.4618877107
v -0.04133203983 -0.01875978827 0.4618877107
v -0.04133203983 -0.01875978827 0.4618877107
v -0.04058878422 -0.01799999952 0.4608647043
v -0.04133203983 -0.01875978827 0.4618877107
v -0.1201582336 -0.008000000119 0.4636546785
v -0.1189556217 -0.008000000119 0.4627809412
v -0.119414978 -0.008000000119 0.4613671762
v -0.1209014893 -0.008000000119 0.4613671762
v -0.1213608456 -0.008000000119 0.4627809412
v -0.1201582336 -0.01799999952 0.4636546785
v -0.1213608456 -0.01799999952 0.4627809412
v -0.1209014893 -0.01799999952 0.4613671762
v -0.119414978 -0.01799999952 0.4613671762
v -0.1189556217 -0.01799999952 0.4627809412
v -0.1209014893 -0.01799999952 0.4613671762
v -0.1209014893 -0.008000000119 0.4613671762
v -0.08074513435 -0.008000000119 0.4634034425
v -0.0795425272 -0.008000000119 0.4625297052
v -0.08000187874 -0.008000000119 0.4611159403
v -0.08148838997 -0.008000000119 0.4611159403
v -0.08194774628 -0.008000000119 0.4625297052
v -0.08074513435 -0.01799999952 0.4634034425
v -0.08194774628 -0.01799999952 0.4625297052
v -0.08148838997 -0.01799999952 0.4611159403
v -0.08000187874 -0.01799999952 0.4611159403
v -0.0795425272 -0.01799999952 0.4625297052
v -0.08148838997 -0.01799999952 0.4611159403
v -0.08148838997 -0.008000000119 0.4611159403
v -0.03017541647 -0.01470399022 0.433861683
v -0.03317260027 -0.01470399022 0.433861683
v -0.03317260027 -0.02434700727 0.433861683
v -0.03017541647 -0.02434700727 0.433861683
v -0.1635723114 -0.02779999971 0.4109451944
v -0.1701572418 -0.02779999971 0.406207493
v -0.177656002 -0.02779999971 0.4031129915
v -0.1856657219 -0.02779999971 0.4018279344
v -0.1937561417 -0.02779999971 0.4024213392
v -0.2014926529 -0.02779999971 0.4048613435
v -0.2084596252 -0.02779999971 0.4090168649
v -0.2142828178 -0.02779999971 0.4146646578
v -0.2186493874 -0.02779999971 0.4215013391
v -0.2213247681 -0.02779999971 0.42915963
v -0.2221652412 -0.02779999971 0.4372281343
v -0.2211256599 -0.02779999971 0.4452734071
v -0.2182618523 -0.02779999971 0.4528632623
v -0.213727684 -0.02779999971 0.4595899469
v -0.2077667236 -0.02779999971 0.4650921327
v -0.2006991768 -0.02779999971 0.469074238
v -0.1929047585 -0.02779999971 0.4713223154
v -0.1848021317 -0.02779999971 0.4717156297
v -0.1768266106 -0.02779999971 0.4702330476
v -0.1694066048 -0.02779999971 0.4669542009
v -0.1694066048 -0.008000000119 0.4669542009
v -0.1765069199 -0.008000000119 0.4701324922
v -0.184133873 -0.008000000119 0.4716639215
v -0.1919107246 -0.008000000119 0.4714728433
v -0.1994532776 -0.008000000119 0.46956868
v -0.2063889122 -0.008000000119 0.4660455209
v -0.2123750305 -0.008000000119 0.4610773737
v -0.2123750305 -0.02680000067 0.4610773737
v -0.2173664474 -0.02680000067 0.4544888574
v -0.2206735802 -0.02680000067 0.4469134981
v -0.222111969 -0.02680000067 0.4387738496
v -0.2216013908 -0.02680000067 0.4305238611
v -0.2191703224 -0.02680000067 0.4226236803
v -0.2149543571 -0.02680000067 0.4155139238
v -0.209188633 -0.02680000067 0.4095911295
v -0.2021947289 -0.02680000067 0.4051856405
v -0.1943627357 -0.02680000067 0.4025431711
v -0.1861294365 -0.02680000067 0.4018110925
v -0.1779540634 -0.02680000067 0.4030302412
v -0.1702925873 -0.02680000067 0.40613262
v -0.1635723114 -0.02680000067 0.4109451944
v -0.009501182436 -0.02680000067 0.4633506281
v -0.01011960387 -0.02680000067 0.4637294466
v -0.01074601531 -0.02680000067 0.4640949136
v -0.01138012648 -0.02680000067 0.4644468385
v -0.01138012648 -0.008000000119 0.4644468385
v -0.01074601531 -0.008000000119 0.4640949136
v -0.01011960387 -0.008000000119 0.4637294466
v -0.009501182436 -0.008000000119 0.4633506281
v -0.009501182436 -0.02434700727 0.4633506281
v -0.04293664455 -0.02779999971 0.4033708555
v -0.06683399677 -0.02779999971 0.4074513513
v -0.09091453552 -0.02779999971 0.4102551443
v -0.1151101208 -0.02779999971 0.4117743189
v -0.1393522453 -0.02779999971 0.4120045358
v -0.1635723114 -0.02779999971 0.4109451944
v -0.1635723114 -0.02680000067 0.4109451944
v -0.1567622185 -0.02680000067 0.4113736231
v -0.1499464703 -0.02680000067 0.4117000276
v -0.1431266022 -0.02680000067 0.4119243318
v -0.1431266022 -0.008000000119 0.4119243318
v -0.1179399872 -0.008000000119 0.4118677026
v -0.09279497147 -0.008000000119 0.4104196054
v -0.06776836872 -0.008000000119 0.4075844366
v -0.04293664455 -0.008000000119 0.4033708555
v 0.04035717487 -0.008000000119 0.4104472906
v 0.0415597868 -0.008000000119 0.4095735437
v 0.04110043049 -0.008000000119 0.4081597883
v 0.03961392164 -0.008000000119 0.4081597883
v 0.03915456533 -0.008000000119 0.4095735437
v 0.04035717487 -0.01929999948 0.4079182893
v 0.0415597868 -0.01929999948 0.4087920457
v 0.04110043049 -0.01929999948 0.4102057916
v 0.03961392164 -0.01929999948 0.4102057916
v 0.03915456533 -0.01929999948 0.4087920457
v 0.04110043049 -0.01929999948 0.4102057916
v 0.04035717487 -0.008000000119 0.4104472906
v -0.0413145113 -0.02680000067 0.4646376497
v -0.03937514067 -0.02680000067 0.4638198167
v -0.0385820961 -0.02680000067 0.4618701822
v -0.03939993143 -0.02680000067 0.4599308092
v -0.04134956837 -0.02680000067 0.4591377718
v -0.04328894138 -0.02680000067 0.4599556047
v -0.04408198357 -0.02680000067 0.4619052393
v -0.04326415062 -0.02680000067 0.4638446123
v -0.0413145113 -0.02680000067 0.4646376497
v -0.0413145113 -0.008000000119 0.4646376497
v -0.04326415062 -0.008000000119 0.4638446123
v -0.04408198357 -0.008000000119 0.4619052393
v -0.04328894138 -0.008000000119 0.4599556047
v -0.04134956837 -0.008000000119 0.4591377718
v -0.03939993143 -0.008000000119 0.4599308092
v -0.0385820961 -0.008000000119 0.4618701822
v -0.03937514067 -0.008000000119 0.4638198167
v -0.0413145113 -0.008000000119 0.4646376497
v -0.0385820961 -0.02680000067 0.4618701822
v -0.0385820961 -0.008000000119 0.4618701822
v -0.08072760582 -0.02680000067 0.4648888857
v -0.08072760582 -0.008000000119 0.4648888857
v -0.0413145113 -0.008000000119 0.4646376497
v -0.0413145113 -0.02680000067 0.4646376497
v 0.02987697363 -0.008000000119 0.4528557855
v 0.02987697363 -0.02434700727 0.4528557855
v 0.02310140371 -0.02434700727 0.4579106218
v 0.01549219251 -0.02434700727 0.4615929681
v 0.00732392788 -0.02434700727 0.4637699205
v -0.001108630448 -0.02434700727 0.4643629343
v -0.009501182436 -0.02434700727 0.4633506281
v -0.009501182436 -0.008000000119 0.4633506281
v -0.001108630448 -0.008000000119 0.4643629343
v 0.00732392788 -0.008000000119 0.4637699205
v 0.01549219251 -0.008000000119 0.4615929681
v 0.02310140371 -0.008000000119 0.4579106218
v -0.1698246574 -0.02680000067 0.4654568369
v -0.1766308022 -0.02680000067 0.46859536
v -0.183964386 -0.02680000067 0.4701421625
v -0.1914583206 -0.02680000067 0.4700198061
v -0.1987374878 -0.02680000067 0.4682344324
v -0.2054375648 -0.02680000067 0.4648753816
v -0.2112231445 -0.02680000067 0.4601108247
v -0.2112231445 -0.008000000119 0.4601108247
v -0.2054375648 -0.008000000119 0.4648753816
v -0.1987374878 -0.008000000119 0.4682344324
v -0.1914583206 -0.008000000119 0.4700198061
v -0.183964386 -0.008000000119 0.4701421625
v -0.1766308022 -0.008000000119 0.46859536
v -0.1698246574 -0.008000000119 0.4654568369
v -0.1431266022 -0.02680000067 0.4119243318
v -0.1526039314 -0.02680000067 0.4198767549
v -0.1526039314 -0.008000000119 0.4198767549
v -0.1431266022 -0.008000000119 0.4119243318
v -0.03206400633 -0.008000000119 0.3944024736
v -0.03086139441 -0.008000000119 0.3935287267
v -0.03132075071 -0.008000000119 0.3921149713
v -0.03280725956 -0.008000000119 0.3921149713
v -0.03326661587 -0.008000000119 0.3935287267
v -0.03206400633 -0.01929999948 0.3918734819
v -0.03086139441 -0.01929999948 0.3927472288
v -0.03132075071 -0.01929999948 0.3941609842
v -0.03280725956 -0.01929999948 0.3941609842
v -0.03326661587 -0.01929999948 0.3927472288
v -0.03132075071 -0.01929999948 0.3941609842
v -0.03206400633 -0.008000000119 0.3944024736
v -0.009501182436 -0.02680000067 0.4633506281
v -0.01758323908 -0.02680000067 0.4607555849
v -0.02502550602 -0.02680000067 0.456673134
v -0.0315571928 -0.02680000067 0.4512518007
v -0.03694062948 -0.02680000067 0.4446888429
v -0.04097993851 -0.02680000067 0.4372230608
v -0.04352814198 -0.02680000067 0.4291261179
v -0.04449252129 -0.02680000067 0.4206926424
v -0.04383798599 -0.02680000067 0.4122294504
v -0.04158834934 -0.02680000067 0.404044531
v -0.0422437954 -0.02680000067 0.4043549234
v -0.04289242744 -0.02680000067 0.4046793157
v -0.04353394508 -0.02680000067 0.4050175554
v -0.04640226841 -0.02680000067 0.40557082
v -0.04927407265 -0.02680000067 0.4061057455
v -0.05214923382 -0.02680000067 0.4066223127
v -0.050094347 -0.02680000067 0.407077778
v -0.0489633894 -0.02680000067 0.4088528711
v -0.04941885948 -0.02680000067 0.4109077531
v -0.05119395256 -0.02680000067 0.4120387155
v -0.05324883461 -0.02680000067 0.4115832407
v -0.05437979221 -0.02680000067 0.4098081476
v -0.05392432213 -0.02680000067 0.4077532655
v -0.05214923382 -0.02680000067 0.4066223127
v -0.06580311298 -0.02680000067 0.4088180334
v -0.07951715946 -0.02680000067 0.4105997926
v -0.09327881813 -0.02680000067 0.4119659502
v -0.0912736702 -0.02680000067 0.4126057703
v -0.09030822754 -0.02680000067 0.4144760591
v -0.09094804764 -0.02680000067 0.4164812166
v -0.09281832695 -0.02680000067 0.4174466402
v -0.09482348442 -0.02680000067 0.4168068201
v -0.09578891754 -0.02680000067 0.4149365503
v -0.09514909744 -0.02680000067 0.4129313928
v -0.09327881813 -0.02680000067 0.4119659502
v -0.10707551 -0.02680000067 0.4129152757
v -0.1208945942 -0.02680000067 0.4134468538
v -0.1347234344 -0.02680000067 0.4135602457
v -0.1327845097 -0.02680000067 0.4143791658
v -0.1319925404 -0.02680000067 0.416329239
v -0.132811451 -0.02680000067 0.4182681543
v -0.1347615242 -0.02680000067 0.4190601236
v -0.1367004395 -0.02680000067 0.4182412225
v -0.1374924088 -0.02680000067 0.4162911493
v -0.1366735077 -0.02680000067 0.414352215
v -0.1347234344 -0.02680000067 0.4135602457
v -0.1373481178 -0.02680000067 0.4135345346
v -0.13997262 -0.02680000067 0.4134937555
v -0.1425968361 -0.02680000067 0.4134379083
v -0.1502703476 -0.02680000067 0.4198767549
v -0.1526039314 -0.02680000067 0.4198767549
v -0.1431266022 -0.02680000067 0.4119243318
v -0.1499464703 -0.02680000067 0.4117000276
v -0.1567622185 -0.02680000067 0.4113736231
v -0.1635723114 -0.02680000067 0.4109451944
v -0.1702925873 -0.02680000067 0.40613262
v -0.1779540634 -0.02680000067 0.4030302412
v -0.1861294365 -0.02680000067 0.4018110925
v -0.1943627357 -0.02680000067 0.4025431711
v -0.2021947289 -0.02680000067 0.4051856405
v -0.209188633 -0.02680000067 0.4095911295
v -0.2149543571 -0.02680000067 0.4155139238
v -0.2191703224 -0.02680000067 0.4226236803
v -0.2216013908 -0.02680000067 0.4305238611
v -0.222111969 -0.02680000067 0.4387738496
v -0.2206735802 -0.02680000067 0.4469134981
v -0.2173664474 -0.02680000067 0.4544888574
v -0.2123750305 -0.02680000067 0.4610773737
v -0.2112231445 -0.02680000067 0.4601108247
v -0.2054375648 -0.02680000067 0.4648753816
v -0.1987374878 -0.02680000067 0.4682344324
v -0.1914583206 -0.02680000067 0.4700198061
v -0.183964386 -0.02680000067 0.4701421625
v -0.1766308022 -0.02680000067 0.46859536
v -0.1698246574 -0.02680000067 0.4654568369
v -0.1595537949 -0.02680000067 0.4653913576
v -0.1615034294 -0.02680000067 0.4645983202
v -0.1623212814 -0.02680000067 0.4626589471
v -0.1615282249 -0.02680000067 0.4607093126
v -0.1595888615 -0.02680000067 0.4598914797
v -0.1576392174 -0.02680000067 0.4606845171
v -0.1568213844 -0.02680000067 0.4626238901
v -0.1576144314 -0.02680000067 0.4645735246
v -0.1595537949 -0.02680000067 0.4653913576
v -0.1201407051 -0.02680000067 0.4651401216
v -0.1220903397 -0.02680000067 0.4643470842
v -0.1229081726 -0.02680000067 0.4624077112
v -0.1221151352 -0.02680000067 0.4604580766
v -0.1201757622 -0.02680000067 0.4596402437
v -0.1182261276 -0.02680000067 0.4604332811
v -0.1174082851 -0.02680000067 0.4623726541
v -0.1182013321 -0.02680000067 0.4643222887
v -0.1201407051 -0.02680000067 0.4651401216
v -0.08072760582 -0.02680000067 0.4648888857
v -0.08267724037 -0.02680000067 0.4640958482
v -0.08349508285 -0.02680000067 0.4621564752
v -0.0827020359 -0.02680000067 0.4602068407
v -0.08076266289 -0.02680000067 0.4593890077
v -0.07881302834 -0.02680000067 0.4601820451
v -0.07799519062 -0.02680000067 0.4621214182
v -0.07878823757 -0.02680000067 0.4640710527
v -0.08072760582 -0.02680000067 0.4648888857
v -0.0413145113 -0.02680000067 0.4646376497
v -0.04326415062 -0.02680000067 0.4638446123
v -0.04408198357 -0.02680000067 0.4619052393
v -0.04328894138 -0.02680000067 0.4599556047
v -0.04134956837 -0.02680000067 0.4591377718
v -0.03939993143 -0.02680000067 0.4599308092
v -0.0385820961 -0.02680000067 0.4618701822
v -0.03937514067 -0.02680000067 0.4638198167
v -0.0413145113 -0.02680000067 0.4646376497
v -0.01138012648 -0.02680000067 0.4644468385
v -0.01074601531 -0.02680000067 0.4640949136
v -0.01011960387 -0.02680000067 0.4637294466
v -0.1880500031 -0.02680000067 0.4198767549
v -0.1871279144 -0.02680000067 0.4161357385
v -0.1845729256 -0.02680000067 0.413251732
v -0.1809703255 -0.02680000067 0.411885441
v -0.1771454239 -0.02680000067 0.4123498804
v -0.1739744949 -0.02680000067 0.4145386202
v -0.1721839142 -0.02680000067 0.4179502565
v -0.1721839142 -0.02680000067 0.4218032343
v -0.1739744949 -0.02680000067 0.4252148897
v -0.1771454239 -0.02680000067 0.4274036295
v -0.1809703255 -0.02680000067 0.4278680498
v -0.1845729256 -0.02680000067 0.4265017778
v -0.1871279144 -0.02680000067 0.4236177713
v -0.04133203983 -0.008000000119 0.4631522066
v -0.04253465176 -0.008000000119 0.4622784692
v -0.04207529545 -0.008000000119 0.4608647043
v -0.04058878422 -0.008000000119 0.4608647043
v -0.04012942791 -0.008000000119 0.4622784692
v -0.0413145113 -0.008000000119 0.4646376497
v -0.03937514067 -0.008000000119 0.4638198167
v -0.0385820961 -0.008000000119 0.4618701822
v -0.03939993143 -0.008000000119 0.4599308092
v -0.04134956837 -0.008000000119 0.4591377718
v -0.04328894138 -0.008000000119 0.4599556047
v -0.04408198357 -0.008000000119 0.4619052393
v -0.04326415062 -0.008000000119 0.4638446123
v -0.08072760582 -0.008000000119 0.4648888857
v -0.08072760582 -0.02680000067 0.4648888857
v -0.1201407051 -0.02680000067 0.4651401216
v -0.1201407051 -0.008000000119 0.4651401216
v 0.04301543236 -0.008000000119 0.4084784013
v 0.04273492813 -0.008000000119 0.4105643922
v 0.04106156826 -0.008000000119 0.411841057
v 0.03897558689 -0.008000000119 0.4115605432
v 0.03769891977 -0.008000000119 0.4098871881
v 0.037979424 -0.008000000119 0.4078012067
v 0.03965278387 -0.008000000119 0.4065245325
v 0.04173876762 -0.008000000119 0.4068050367
v 0.04301543236 -0.008000000119 0.4084784013
v 0.04301543236 -0.02434700727 0.4084784013
v 0.04173876762 -0.02434700727 0.4068050367
v 0.03965278387 -0.02434700727 0.4065245325
v 0.037979424 -0.02434700727 0.4078012067
v 0.03769891977 -0.02434700727 0.4098871881
v 0.03897558689 -0.02434700727 0.4115605432
v 0.04106156826 -0.02434700727 0.411841057
v 0.04273492813 -0.02434700727 0.4105643922
v 0.04301543236 -0.02434700727 0.4084784013
v 0.04273492813 -0.008000000119 0.4105643922
v 0.04273492813 -0.02434700727 0.4105643922
v -0.2112231445 -0.02680000067 0.4601108247
v -0.2123750305 -0.02680000067 0.4610773737
v -0.2123750305 -0.008000000119 0.4610773737
v -0.2112231445 -0.008000000119 0.4601108247
v 0.02987697363 -0.02434700727 0.4528557855
v 0.02987697363 -0.008000000119 0.4528557855
v 0.03536045074 -0.008000000119 0.4468932039
v 0.0396721673 -0.008000000119 0.440035351
v 0.04266923904 -0.008000000119 0.4325094873
v 0.04425234795 -0.008000000119 0.4245650179
v 0.04436903477 -0.008000000119 0.4164651758
v 0.04301543236 -0.008000000119 0.4084784013
v 0.04301543236 -0.02434700727 0.4084784013
v 0.04436903477 -0.02434700727 0.4164651758
v 0.04425234795 -0.02434700727 0.4245650179
v 0.04266923904 -0.02434700727 0.4325094873
v 0.0396721673 -0.02434700727 0.440035351
v 0.03536045074 -0.02434700727 0.4468932039
v 0.009625515937 -0.008000000119 0.3764302427
v 0.01134980202 -0.008000000119 0.3776372415
v 0.01171557784 -0.008000000119 0.3797099764
v 0.01050857782 -0.008000000119 0.3814342577
v 0.008435845375 -0.008000000119 0.3818000299
v 0.006711559891 -0.008000000119 0.3805930311
v 0.006345784068 -0.008000000119 0.3785203058
v 0.007552784085 -0.008000000119 0.3767960149
v 0.009625515937 -0.008000000119 0.3764302427
v 0.009625515937 -0.02434700727 0.3764302427
v 0.007552784085 -0.02434700727 0.3767960149
v 0.006345784068 -0.02434700727 0.3785203058
v 0.006711559891 -0.02434700727 0.3805930311
v 0.008435845375 -0.02434700727 0.3818000299
v 0.01050857782 -0.02434700727 0.3814342577
v 0.01171557784 -0.02434700727 0.3797099764
v 0.01134980202 -0.02434700727 0.3776372415
v 0.009625515937 -0.02434700727 0.3764302427
v 0.01171557784 -0.008000000119 0.3797099764
v 0.01171557784 -0.02434700727 0.3797099764
v -0.1526039314 -0.02680000067 0.4198767549
v -0.1502703476 -0.02680000067 0.4198767549
v -0.1502703476 -0.008000000119 0.4198767549
v -0.1526039314 -0.008000000119 0.4198767549
v 0.007030680775 -0.01929999948 0.3791151411
v 0.007783701419 -0.01929999948 0.380678795
v 0.009475722909 -0.01929999948 0.381064995
v 0.01083261847 -0.01929999948 0.3799829084
v 0.01083261847 -0.01929999948 0.3782473737
v 0.009475722909 -0.01929999948 0.3771652776
v 0.007783701419 -0.01929999948 0.3775514776
v 0.007030680775 -0.02930000067 0.3791151411
v 0.007783701419 -0.02930000067 0.3775514776
v 0.009475722909 -0.02930000067 0.3771652776
v 0.01083261847 -0.02930000067 0.3782473737
v 0.01083261847 -0.02930000067 0.3799829084
v 0.009475722909 -0.02930000067 0.381064995
v 0.007783701419 -0.02930000067 0.380678795
v 0.007030680775 -0.01929999948 0.3791151411
v 0.007030680775 -0.02930000067 0.3791151411
v -0.03417600632 -0.008000000119 0.3913767416
v -0.03231203318 -0.008000000119 0.3903991872
v -0.03030277014 -0.008000000119 0.3910259802
v -0.02932521343 -0.008000000119 0.3928899461
v -0.02995200634 -0.008000000119 0.3948992139
v -0.0318159771 -0.008000000119 0.3958767683
v -0.03382524252 -0.008000000119 0.3952499754
v -0.03480279684 -0.008000000119 0.3933860094
v -0.03417600632 -0.008000000119 0.3913767416
v -0.03417600632 -0.02434700727 0.3913767416
v -0.03480279684 -0.02434700727 0.3933860094
v -0.03382524252 -0.02434700727 0.3952499754
v -0.0318159771 -0.02434700727 0.3958767683
v -0.02995200634 -0.02434700727 0.3948992139
v -0.02932521343 -0.02434700727 0.3928899461
v -0.03030277014 -0.02434700727 0.3910259802
v -0.03231203318 -0.02434700727 0.3903991872
v -0.03417600632 -0.02434700727 0.3913767416
v -0.02995200634 -0.008000000119 0.3948992139
v -0.02995200634 -0.02434700727 0.3948992139
v -0.1595537949 -0.02680000067 0.4653913576
v -0.1595537949 -0.008000000119 0.4653913576
v -0.1201407051 -0.008000000119 0.4651401216
v -0.1201407051 -0.02680000067 0.4651401216
v 0.02987697363 -0.008000000119 0.4528557855
v 0.02789509058 -0.008000000119 0.4535644037
v 0.02599261284 -0.008000000119 0.4526640779
v 0.02528398514 -0.008000000119 0.4506822092
v 0.0261843133 -0.008000000119 0.4487797243
v 0.02816619635 -0.008000000119 0.448071087
v 0.0300686717 -0.008000000119 0.4489714319
v 0.0307772994 -0.008000000119 0.4509533006
v 0.02987697363 -0.008000000119 0.4528557855
v 0.02987697363 -0.02434700727 0.4528557855
v 0.0307772994 -0.02434700727 0.4509533006
v 0.0300686717 -0.02434700727 0.4489714319
v 0.02816619635 -0.02434700727 0.448071087
v 0.0261843133 -0.02434700727 0.4487797243
v 0.02528398514 -0.02434700727 0.4506822092
v 0.02599261284 -0.02434700727 0.4526640779
v 0.02789509058 -0.02434700727 0.4535644037
v 0.02987697363 -0.02434700727 0.4528557855
v 0.0307772994 -0.008000000119 0.4509533006
v 0.0307772994 -0.02434700727 0.4509533006
v -0.08072760582 -0.02680000067 0.4648888857
v -0.07878823757 -0.02680000067 0.4640710527
v -0.07799519062 -0.02680000067 0.4621214182
v -0.07881302834 -0.02680000067 0.4601820451
v -0.08076266289 -0.02680000067 0.4593890077
v -0.0827020359 -0.02680000067 0.4602068407
v -0.08349508285 -0.02680000067 0.4621564752
v -0.08267724037 -0.02680000067 0.4640958482
v -0.08072760582 -0.02680000067 0.4648888857
v -0.08072760582 -0.008000000119 0.4648888857
v -0.08267724037 -0.008000000119 0.4640958482
v -0.08349508285 -0.008000000119 0.4621564752
v -0.0827020359 -0.008000000119 0.4602068407
v -0.08076266289 -0.008000000119 0.4593890077
v -0.07881302834 -0.008000000119 0.4601820451
v -0.07799519062 -0.008000000119 0.4621214182
v -0.07878823757 -0.008000000119 0.4640710527
v -0.08072760582 -0.008000000119 0.4648888857
v -0.07799519062 -0.02680000067 0.4621214182
v -0.07799519062 -0.008000000119 0.4621214182
v 0.04035717487 -0.008000000119 0.4104472906
v 0.03915456533 -0.008000000119 0.4095735437
v 0.03961392164 -0.008000000119 0.4081597883
v 0.04110043049 -0.008000000119 0.4081597883
v 0.0415597868 -0.008000000119 0.4095735437
v 0.04301543236 -0.008000000119 0.4084784013
v 0.04173876762 -0.008000000119 0.4068050367
v 0.03965278387 -0.008000000119 0.4065245325
v 0.037979424 -0.008000000119 0.4078012067
v 0.03769891977 -0.008000000119 0.4098871881
v 0.03897558689 -0.008000000119 0.4115605432
v 0.04106156826 -0.008000000119 0.411841057
v 0.04273492813 -0.008000000119 0.4105643922
v 0.009625515937 -0.008000000119 0.3764302427
v 0.009625515937 -0.02434700727 0.3764302427
v 0.01734210491 -0.02434700727 0.378895033
v 0.02448401689 -0.02434700727 0.3827178651
v 0.0308145833 -0.02434700727 0.3877720529
v 0.03612402678 -0.02434700727 0.3938901216
v 0.04023640156 -0.02434700727 0.4008693296
v 0.04301543236 -0.02434700727 0.4084784013
v 0.04301543236 -0.008000000119 0.4084784013
v 0.04023640156 -0.008000000119 0.4008693296
v 0.03612402678 -0.008000000119 0.3938901216
v 0.0308145833 -0.008000000119 0.3877720529
v 0.02448401689 -0.008000000119 0.3827178651
v 0.01734210491 -0.008000000119 0.378895033
v -0.09327881813 -0.02680000067 0.4119659502
v -0.09514909744 -0.02680000067 0.4129313928
v -0.09578891754 -0.02680000067 0.4149365503
v -0.09482348442 -0.02680000067 0.4168068201
v -0.09281832695 -0.02680000067 0.4174466402
v -0.09094804764 -0.02680000067 0.4164812166
v -0.09030822754 -0.02680000067 0.4144760591
v -0.0912736702 -0.02680000067 0.4126057703
v -0.09327881813 -0.02680000067 0.4119659502
v -0.09327881813 -0.008000000119 0.4119659502
v -0.0912736702 -0.008000000119 0.4126057703
v -0.09030822754 -0.008000000119 0.4144760591
v -0.09094804764 -0.008000000119 0.4164812166
v -0.09281832695 -0.008000000119 0.4174466402
v -0.09482348442 -0.008000000119 0.4168068201
v -0.09578891754 -0.008000000119 0.4149365503
v -0.09514909744 -0.008000000119 0.4129313928
v -0.09327881813 -0.008000000119 0.4119659502
v -0.09030822754 -0.02680000067 0.4144760591
v -0.09030822754 -0.008000000119 0.4144760591
v 0.009030680656 -0.008000000119 0.3803796369
v 0.007828069925 -0.008000000119 0.37950589
v 0.008287426233 -0.008000000119 0.3780921346
v 0.009773935079 -0.008000000119 0.3780921346
v 0.01023329139 -0.008000000119 0.37950589
v 0.009625515937 -0.008000000119 0.3764302427
v 0.007552784085 -0.008000000119 0.3767960149
v 0.006345784068 -0.008000000119 0.3785203058
v 0.006711559891 -0.008000000119 0.3805930311
v 0.008435845375 -0.008000000119 0.3818000299
v 0.01050857782 -0.008000000119 0.3814342577
v 0.01171557784 -0.008000000119 0.3797099764
v 0.01134980202 -0.008000000119 0.3776372415
v -0.009501182436 -0.02680000067 0.4633506281
v -0.009501182436 -0.02434700727 0.4633506281
v -0.01758323908 -0.02434700727 0.4607555849
v -0.02502550602 -0.02434700727 0.456673134
v -0.0315571928 -0.02434700727 0.4512518007
v -0.03694062948 -0.02434700727 0.4446888429
v -0.04097993851 -0.02434700727 0.4372230608
v -0.04352814198 -0.02434700727 0.4291261179
v -0.04449252129 -0.02434700727 0.4206926424
v -0.04383798599 -0.02434700727 0.4122294504
v -0.04158834934 -0.02434700727 0.404044531
v -0.04158834934 -0.02680000067 0.404044531
v -0.04383798599 -0.02680000067 0.4122294504
v -0.04449252129 -0.02680000067 0.4206926424
v -0.04352814198 -0.02680000067 0.4291261179
v -0.04097993851 -0.02680000067 0.4372230608
v -0.03694062948 -0.02680000067 0.4446888429
v -0.0315571928 -0.02680000067 0.4512518007
v -0.02502550602 -0.02680000067 0.456673134
v -0.01758323908 -0.02680000067 0.4607555849
v -0.1502703476 -0.02680000067 0.4198767549
v -0.1425968361 -0.02680000067 0.4134379083
v -0.1425968361 -0.008000000119 0.4134379083
v -0.1502703476 -0.008000000119 0.4198767549
v 0.009030680656 -0.01929999948 0.3778506357
v 0.007828069925 -0.01929999948 0.3787243826
v 0.008287426233 -0.01929999948 0.380138138
v 0.009773935079 -0.01929999948 0.380138138
v 0.01023329139 -0.01929999948 0.3787243826
v 0.007030680775 -0.01929999948 0.3791151411
v 0.007783701419 -0.01929999948 0.3775514776
v 0.009475722909 -0.01929999948 0.3771652776
v 0.01083261847 -0.01929999948 0.3782473737
v 0.01083261847 -0.01929999948 0.3799829084
v 0.009475722909 -0.01929999948 0.381064995
v 0.007783701419 -0.01929999948 0.380678795
v -0.03406400681 -0.01929999948 0.3931379778
v -0.03331098557 -0.01929999948 0.3947016412
v -0.03161896467 -0.01929999948 0.3950878317
v -0.03026206732 -0.01929999948 0.3940057451
v -0.03026206732 -0.01929999948 0.3922702104
v -0.03161896467 -0.01929999948 0.3911881239
v -0.03331098557 -0.01929999948 0.3915743143
v -0.03406400681 -0.02930000067 0.3931379778
v -0.03331098557 -0.02930000067 0.3915743143
v -0.03161896467 -0.02930000067 0.3911881239
v -0.03026206732 -0.02930000067 0.3922702104
v -0.03026206732 -0.02930000067 0.3940057451
v -0.03161896467 -0.02930000067 0.3950878317
v -0.03331098557 -0.02930000067 0.3947016412
v -0.03406400681 -0.01929999948 0.3931379778
v -0.03406400681 -0.02930000067 0.3931379778
v -0.1595713234 -0.01799999952 0.4639059145
v -0.158368721 -0.01799999952 0.4630321771
v -0.1588280773 -0.01799999952 0.4616184122
v -0.160314579 -0.01799999952 0.4616184122
v -0.1607739449 -0.01799999952 0.4630321771
v -0.1595713234 -0.01875978827 0.4626414186
v -0.1595713234 -0.01875978827 0.4626414186
v -0.1595713234 -0.01875978827 0.4626414186
v -0.1595713234 -0.01875978827 0.4626414186
v -0.1595713234 -0.01875978827 0.4626414186
v -0.1595713234 -0.01875978827 0.4626414186
v -0.1595713234 -0.01875978827 0.4626414186
v -0.1588280773 -0.01799999952 0.4616184122
v -0.1595713234 -0.01875978827 0.4626414186
v -0.05167159081 -0.01799999952 0.4105950052
v -0.05046897888 -0.01799999952 0.4097212583
v -0.05092833996 -0.01799999952 0.4083075124
v -0.05241484642 -0.01799999952 0.4083075124
v -0.05287420273 -0.01799999952 0.4097212583
v -0.05167159081 -0.01875978827 0.4093305093
v -0.05167159081 -0.01875978827 0.4093305093
v -0.05167159081 -0.01875978827 0.4093305093
v -0.05167159081 -0.01875978827 0.4093305093
v -0.05167159081 -0.01875978827 0.4093305093
v -0.05167159081 -0.01875978827 0.4093305093
v -0.05167159081 -0.01875978827 0.4093305093
v -0.05092833996 -0.01799999952 0.4083075124
v -0.05167159081 -0.01875978827 0.4093305093
v -0.1347424793 -0.008000000119 0.4175746805
v -0.1335398674 -0.008000000119 0.4167009432
v -0.1339992237 -0.008000000119 0.4152871782
v -0.1354857349 -0.008000000119 0.4152871782
v -0.1359450912 -0.008000000119 0.4167009432
v -0.1347424793 -0.01799999952 0.4175746805
v -0.1359450912 -0.01799999952 0.4167009432
v -0.1354857349 -0.01799999952 0.4152871782
v -0.1339992237 -0.01799999952 0.4152871782
v -0.1335398674 -0.01799999952 0.4167009432
v -0.1354857349 -0.01799999952 0.4152871782
v -0.1354857349 -0.008000000119 0.4152871782
v -0.03317260027 -0.01470399022 0.433861683
v -0.03549776316 -0.01470399022 0.4258691484
v -0.03592513323 -0.01470399022 0.4175562364
v -0.03443186283 -0.01470399022 0.4093673879
v -0.03109778643 -0.01470399022 0.4017403871
v -0.02610114813 -0.01470399022 0.3950830061
v -0.01970908523 -0.01470399022 0.3897511465
v -0.01226332784 -0.01470399022 0.3860298807
v -0.004161944986 -0.01470399022 0.3841181451
v 0.004161944985 -0.01470399022 0.3841181451
v 0.01226332784 -0.01470399022 0.3860298807
v 0.01970908523 -0.01470399022 0.3897511465
v 0.02610114813 -0.01470399022 0.3950830061
v 0.03109778643 -0.01470399022 0.4017403871
v 0.03443186283 -0.01470399022 0.4093673879
v 0.03592513323 -0.01470399022 0.4175562364
v 0.03549776316 -0.01470399022 0.4258691484
v 0.03317260027 -0.01470399022 0.433861683
v 0.03317260027 -0.02434700727 0.433861683
v 0.03549776316 -0.02434700727 0.4258691484
v 0.03592513323 -0.02434700727 0.4175562364
v 0.03443186283 -0.02434700727 0.4093673879
v 0.03109778643 -0.02434700727 0.4017403871
v 0.02610114813 -0.02434700727 0.3950830061
v 0.01970908523 -0.02434700727 0.3897511465
v 0.01226332784 -0.02434700727 0.3860298807
v 0.004161944985 -0.02434700727 0.3841181451
v -0.004161944986 -0.02434700727 0.3841181451
v -0.01226332784 -0.02434700727 0.3860298807
v -0.01970908523 -0.02434700727 0.3897511465
v -0.02610114813 -0.02434700727 0.3950830061
v -0.03109778643 -0.02434700727 0.4017403871
v -0.03443186283 -0.02434700727 0.4093673879
v -0.03592513323 -0.02434700727 0.4175562364
v -0.03549776316 -0.02434700727 0.4258691484
v -0.03317260027 -0.02434700727 0.433861683
v 0.02752659082 -0.01470399022 0.4322701341
v 0.02523622513 -0.01470399022 0.4279627306
v 0.02523622513 -0.02434700727 0.4279627306
v 0.02752659082 -0.02434700727 0.4322701341
v -0.1595713234 -0.008000000119 0.4639059145
v -0.158368721 -0.008000000119 0.4630321771
v -0.1588280773 -0.008000000119 0.4616184122
v -0.160314579 -0.008000000119 0.4616184122
v -0.1607739449 -0.008000000119 0.4630321771
v -0.1595713234 -0.01799999952 0.4639059145
v -0.1607739449 -0.01799999952 0.4630321771
v -0.160314579 -0.01799999952 0.4616184122
v -0.1588280773 -0.01799999952 0.4616184122
v -0.158368721 -0.01799999952 0.4630321771
v -0.160314579 -0.01799999952 0.4616184122
v -0.160314579 -0.008000000119 0.4616184122
v -0.05167159081 -0.008000000119 0.4105950052
v -0.05046897888 -0.008000000119 0.4097212583
v -0.05092833996 -0.008000000119 0.4083075124
v -0.05241484642 -0.008000000119 0.4083075124
v -0.05287420273 -0.008000000119 0.4097212583
v -0.05167159081 -0.01799999952 0.4105950052
v -0.05287420273 -0.01799999952 0.4097212583
v -0.05241484642 -0.01799999952 0.4083075124
v -0.05092833996 -0.01799999952 0.4083075124
v -0.05046897888 -0.01799999952 0.4097212583
v -0.05241484642 -0.01799999952 0.4083075124
v -0.05241484642 -0.008000000119 0.4083075124
v 0.03317260027 -0.01470399022 0.433861683
v 0.03017541647 -0.01470399022 0.433861683
v 0.03017541647 -0.02434700727 0.433861683
v 0.03317260027 -0.02434700727 0.433861683
v -0.03317260027 -0.01470399022 0.433861683
v -0.03017541647 -0.01470399022 0.433861683
v -0.02911663771 -0.01470399022 0.4336686403
v -0.02819411993 -0.01470399022 0.4331143457
v -0.02752659082 -0.01470399022 0.4322701341
v -0.02523622513 -0.01470399022 0.4279627306
v -0.02647731543 -0.01470399022 0.4209730035
v -0.02581828117 -0.01470399022 0.4139046175
v -0.02330641747 -0.01470399022 0.4072648126
v -0.01912198663 -0.01470399022 0.4015301019
v -0.01356528163 -0.01470399022 0.3971120149
v -0.007035073638 -0.01470399022 0.3943276292
v -2.923249499e-13 -0.01470399022 0.3933767492
v 0.007035073638 -0.01470399022 0.3943276292
v 0.01356528163 -0.01470399022 0.3971120149
v 0.01912198663 -0.01470399022 0.4015301019
v 0.02330641747 -0.01470399022 0.4072648126
v 0.02581828117 -0.01470399022 0.4139046175
v 0.02647731543 -0.01470399022 0.4209730035
v 0.02523622513 -0.01470399022 0.4279627306
v 0.02752659082 -0.01470399022 0.4322701341
v 0.02819411993 -0.01470399022 0.4331143457
v 0.02911663771 -0.01470399022 0.4336686403
v 0.03017541647 -0.01470399022 0.433861683
v 0.03317260027 -0.01470399022 0.433861683
v 0.03549776316 -0.01470399022 0.4258691484
v 0.03592513323 -0.01470399022 0.4175562364
v 0.03443186283 -0.01470399022 0.4093673879
v 0.03109778643 -0.01470399022 0.4017403871
v 0.02610114813 -0.01470399022 0.3950830061
v 0.01970908523 -0.01470399022 0.3897511465
v 0.01226332784 -0.01470399022 0.3860298807
v 0.004161944985 -0.01470399022 0.3841181451
v -0.004161944986 -0.01470399022 0.3841181451
v -0.01226332784 -0.01470399022 0.3860298807
v -0.01970908523 -0.01470399022 0.3897511465
v -0.02610114813 -0.01470399022 0.3950830061
v -0.03109778643 -0.01470399022 0.4017403871
v -0.03443186283 -0.01470399022 0.4093673879
v -0.03592513323 -0.01470399022 0.4175562364
v -0.03549776316 -0.01470399022 0.4258691484
v 0.03017541647 -0.01470399022 0.433861683
v 0.02911663771 -0.01470399022 0.4336686403
v 0.02819411993 -0.01470399022 0.4331143457
v 0.02752659082 -0.01470399022 0.4322701341
v 0.02752659082 -0.02434700727 0.4322701341
v 0.02819411993 -0.02434700727 0.4331143457
v 0.02911663771 -0.02434700727 0.4336686403
v 0.03017541647 -0.02434700727 0.433861683
v -0.08074513435 -0.01799999952 0.4634034425
v -0.0795425272 -0.01799999952 0.4625297052
v -0.08000187874 -0.01799999952 0.4611159403
v -0.08148838997 -0.01799999952 0.4611159403
v -0.08194774628 -0.01799999952 0.4625297052
v -0.08074513435 -0.01875978827 0.4621389467
v -0.08074513435 -0.01875978827 0.4621389467
v -0.08074513435 -0.01875978827 0.4621389467
v -0.08074513435 -0.01875978827 0.4621389467
v -0.08074513435 -0.01875978827 0.4621389467
v -0.08074513435 -0.01875978827 0.4621389467
v -0.08074513435 -0.01875978827 0.4621389467
v -0.08000187874 -0.01799999952 0.4611159403
v -0.08074513435 -0.01875978827 0.4621389467
v -0.1347424793 -0.01799999952 0.4175746805
v -0.1335398674 -0.01799999952 0.4167009432
v -0.1339992237 -0.01799999952 0.4152871782
v -0.1354857349 -0.01799999952 0.4152871782
v -0.1359450912 -0.01799999952 0.4167009432
v -0.1347424793 -0.01875978827 0.4163101846
v -0.1347424793 -0.01875978827 0.4163101846
v -0.1347424793 -0.01875978827 0.4163101846
v -0.1347424793 -0.01875978827 0.4163101846
v -0.1347424793 -0.01875978827 0.4163101846
v -0.1347424793 -0.01875978827 0.4163101846
v -0.1347424793 -0.01875978827 0.4163101846
v -0.1339992237 -0.01799999952 0.4152871782
v -0.1347424793 -0.01875978827 0.4163101846
f 2 23 1
f 1 23 24
f 1 24 66
f 66 24 25
f 66 25 42
f 42 25 41
f 41 25 40
f 40 25 26
f 40 26 39
f 39 26 68
f 39 68 69
f 3 6 2
f 2 6 7
f 2 7 8
f 4 5 3
f 3 5 6
f 8 9 2
f 2 9 50
f 2 50 51
f 9 10 50
f 50 10 11
f 50 11 12
f 13 48 12
f 12 48 49
f 12 49 50
f 48 13 47
f 47 13 14
f 47 14 59
f 59 14 15
f 59 15 58
f 58 15 16
f 58 16 57
f 57 16 17
f 57 17 18
f 18 19 57
f 57 19 20
f 57 20 56
f 56 20 21
f 56 21 55
f 55 21 54
f 54 21 22
f 54 22 53
f 53 22 52
f 52 22 23
f 52 23 51
f 51 23 2
f 27 76 26
f 26 76 73
f 26 73 67
f 28 80 27
f 27 80 74
f 27 74 75
f 29 78 28
f 28 78 79
f 28 79 80
f 30 82 29
f 29 82 83
f 29 83 78
f 78 83 35
f 78 35 36
f 82 30 81
f 81 30 31
f 81 31 32
f 33 86 32
f 32 86 87
f 32 87 81
f 86 33 85
f 85 33 34
f 85 34 84
f 84 34 83
f 83 34 35
f 78 36 77
f 77 36 37
f 77 37 76
f 76 37 73
f 73 37 72
f 72 37 38
f 72 38 71
f 71 38 70
f 70 38 39
f 70 39 69
f 66 42 65
f 65 42 43
f 65 43 64
f 64 43 63
f 63 43 62
f 62 43 44
f 62 44 61
f 61 44 45
f 61 45 60
f 60 45 1
f 60 1 66
f 45 46 1
f 67 68 26
f 75 76 27
f 131 88 132
f 132 88 89
f 132 89 92
f 92 89 90
f 92 90 91
f 132 92 133
f 133 92 93
f 133 93 134
f 134 93 94
f 134 94 135
f 135 94 95
f 135 95 136
f 136 95 96
f 136 96 137
f 137 96 97
f 137 97 138
f 138 97 98
f 138 98 139
f 139 98 99
f 139 99 140
f 140 99 100
f 140 100 101
f 140 101 141
f 141 101 102
f 141 102 142
f 142 102 143
f 142 143 120
f 120 143 119
f 119 143 144
f 119 144 118
f 118 144 145
f 118 145 117
f 117 145 146
f 117 146 116
f 116 146 147
f 116 147 115
f 115 147 148
f 115 148 114
f 114 148 149
f 114 149 113
f 113 149 112
f 112 149 109
f 112 109 111
f 111 109 110
f 102 103 143
f 143 103 144
f 103 104 144
f 144 104 145
f 104 105 145
f 145 105 146
f 105 106 146
f 146 106 147
f 106 107 147
f 147 107 148
f 107 108 148
f 148 108 149
f 108 109 149
f 120 121 142
f 142 121 122
f 142 122 141
f 141 122 123
f 141 123 140
f 140 123 124
f 140 124 139
f 139 124 125
f 139 125 138
f 138 125 126
f 138 126 137
f 137 126 127
f 137 127 136
f 136 127 128
f 136 128 135
f 135 128 129
f 135 129 134
f 134 129 130
f 134 130 133
f 133 130 131
f 133 131 132
f 150 151 157
f 157 151 152
f 157 152 156
f 156 152 153
f 156 153 155
f 155 153 154
f 158 159 165
f 165 159 160
f 165 160 164
f 164 160 161
f 164 161 163
f 163 161 162
f 166 167 173
f 173 167 168
f 173 168 172
f 172 168 169
f 172 169 171
f 171 169 170
f 174 175 181
f 181 175 180
f 180 175 179
f 179 175 176
f 179 176 178
f 178 176 177
f 182 183 258
f 258 183 184
f 258 184 185
f 185 186 258
f 258 186 257
f 257 186 254
f 257 254 256
f 256 254 255
f 254 186 253
f 253 186 187
f 253 187 252
f 252 187 188
f 252 188 251
f 251 188 189
f 251 189 250
f 250 189 190
f 250 190 249
f 249 190 191
f 249 191 248
f 248 191 192
f 248 192 247
f 247 192 193
f 247 193 246
f 246 193 194
f 246 194 245
f 245 194 244
f 244 194 195
f 244 195 243
f 243 195 196
f 243 196 242
f 242 196 197
f 242 197 241
f 241 197 198
f 241 198 240
f 240 198 199
f 240 199 239
f 239 199 200
f 239 200 238
f 238 200 201
f 238 201 237
f 237 201 236
f 236 201 202
f 236 202 235
f 235 202 203
f 235 203 234
f 234 203 204
f 234 204 233
f 233 204 205
f 233 205 232
f 232 205 206
f 232 206 231
f 231 206 230
f 230 206 207
f 230 207 229
f 229 207 228
f 228 207 227
f 227 207 226
f 226 207 225
f 225 207 224
f 224 207 223
f 223 207 208
f 223 208 222
f 222 208 221
f 221 208 209
f 221 209 220
f 220 209 219
f 219 209 210
f 219 210 218
f 218 210 217
f 217 210 211
f 217 211 216
f 216 211 215
f 215 211 214
f 214 211 212
f 214 212 213
f 260 263 259
f 259 263 264
f 259 264 265
f 260 261 263
f 263 261 262
f 259 265 280
f 280 265 266
f 280 266 267
f 267 268 280
f 280 268 279
f 279 268 269
f 279 269 278
f 278 269 277
f 277 269 270
f 277 270 276
f 276 270 271
f 276 271 275
f 275 271 272
f 275 272 274
f 274 272 273
f 282 283 281
f 281 283 284
f 281 284 285
f 281 285 288
f 288 285 286
f 288 286 287
f 289 290 304
f 304 290 305
f 304 305 301
f 301 305 300
f 300 305 306
f 300 306 299
f 299 306 307
f 299 307 298
f 298 307 295
f 298 295 296
f 290 291 305
f 305 291 306
f 291 292 306
f 306 292 307
f 292 293 307
f 307 293 295
f 293 294 295
f 296 297 298
f 302 303 301
f 301 303 304
f 308 309 314
f 314 309 313
f 313 309 310
f 313 310 312
f 312 310 311
f 316 325 315
f 326 322 323
f 326 323 319
f 319 323 324
f 319 324 318
f 318 324 320
f 318 320 317
f 317 320 321
f 317 321 316
f 316 321 325
f 373 327 374
f 374 327 328
f 374 328 375
f 375 328 329
f 375 329 376
f 376 329 330
f 376 330 377
f 377 330 331
f 377 331 378
f 378 331 332
f 378 332 379
f 379 332 333
f 379 333 380
f 380 333 334
f 380 334 381
f 381 334 335
f 381 335 382
f 382 335 336
f 382 336 383
f 383 336 337
f 383 337 384
f 384 337 338
f 384 338 385
f 385 338 339
f 385 339 386
f 386 339 340
f 386 340 387
f 387 340 341
f 387 341 388
f 388 341 342
f 388 342 389
f 389 342 343
f 389 343 390
f 390 343 344
f 390 344 391
f 391 344 345
f 391 345 392
f 392 345 346
f 392 346 393
f 393 346 347
f 393 347 349
f 349 347 348
f 349 350 393
f 393 350 351
f 393 351 392
f 392 351 352
f 392 352 391
f 391 352 353
f 391 353 390
f 390 353 354
f 390 354 389
f 389 354 355
f 389 355 388
f 388 355 356
f 388 356 387
f 387 356 357
f 387 357 386
f 386 357 358
f 386 358 385
f 385 358 359
f 385 359 384
f 384 359 360
f 384 360 383
f 383 360 361
f 383 361 382
f 382 361 362
f 382 362 381
f 381 362 363
f 381 363 380
f 380 363 364
f 380 364 379
f 379 364 365
f 379 365 378
f 378 365 366
f 378 366 377
f 377 366 367
f 377 367 376
f 376 367 368
f 376 368 375
f 375 368 369
f 375 369 374
f 374 369 370
f 374 370 373
f 373 370 372
f 372 370 371
f 437 394 436
f 436 394 395
f 436 395 435
f 435 395 396
f 435 396 434
f 434 396 397
f 434 397 433
f 433 397 398
f 433 398 432
f 432 398 399
f 432 399 431
f 431 399 400
f 431 400 430
f 430 400 401
f 430 401 429
f 429 401 402
f 429 402 428
f 428 402 403
f 428 403 427
f 427 403 404
f 427 404 426
f 426 404 405
f 426 405 425
f 425 405 406
f 425 406 424
f 424 406 407
f 424 407 423
f 423 407 408
f 423 408 422
f 422 408 409
f 422 409 421
f 421 409 410
f 421 410 420
f 420 410 411
f 420 411 419
f 419 411 412
f 419 412 418
f 418 412 413
f 418 413 417
f 417 413 414
f 417 414 416
f 416 414 415
f 439 448 438
f 449 445 446
f 449 446 442
f 442 446 447
f 442 447 441
f 441 447 443
f 441 443 440
f 440 443 444
f 440 444 439
f 439 444 448
f 451 457 450
f 450 457 458
f 450 458 459
f 452 455 451
f 451 455 456
f 451 456 457
f 455 452 462
f 462 452 453
f 462 453 461
f 461 453 460
f 460 453 454
f 460 454 459
f 459 454 450
f 464 465 463
f 463 465 466
f 484 467 483
f 483 467 468
f 483 468 485
f 470 481 469
f 469 481 486
f 485 482 483
f 481 470 480
f 480 470 471
f 480 471 479
f 479 471 472
f 479 472 478
f 478 472 473
f 478 473 477
f 477 473 474
f 477 474 476
f 476 474 475
f 488 498 487
f 487 498 499
f 487 499 492
f 498 488 497
f 497 488 489
f 497 489 496
f 496 489 495
f 495 489 490
f 495 490 494
f 494 490 493
f 493 490 491
f 493 491 492
f 492 491 487
f 501 512 500
f 500 512 505
f 500 505 506
f 512 501 511
f 511 501 502
f 511 502 510
f 510 502 509
f 509 502 503
f 509 503 508
f 508 503 507
f 507 503 504
f 507 504 506
f 506 504 500
f 513 514 526
f 526 514 515
f 526 515 525
f 525 515 516
f 525 516 524
f 524 516 517
f 524 517 523
f 523 517 518
f 523 518 522
f 522 518 519
f 522 519 521
f 521 519 520
f 544 527 543
f 543 527 528
f 543 528 542
f 542 528 529
f 542 529 541
f 541 529 530
f 541 530 540
f 540 530 531
f 540 531 539
f 539 531 532
f 539 532 538
f 538 532 533
f 538 533 546
f 535 536 534
f 534 536 545
f 546 537 538
f 548 555 547
f 547 555 556
f 547 556 557
f 549 553 548
f 548 553 554
f 548 554 555
f 553 549 552
f 552 549 550
f 552 550 559
f 559 550 558
f 558 550 551
f 558 551 557
f 557 551 547
f 561 562 560
f 560 562 563
f 560 563 564
f 564 565 560
f 560 565 566
f 560 566 567
f 567 568 560
f 560 568 569
f 560 569 570
f 570 571 560
f 560 571 572
f 560 572 573
f 573 574 560
f 560 574 611
f 560 611 612
f 611 574 610
f 610 574 575
f 610 575 609
f 609 575 608
f 608 575 576
f 608 576 607
f 607 576 577
f 607 577 606
f 606 577 578
f 606 578 579
f 580 604 579
f 579 604 605
f 579 605 606
f 604 580 603
f 603 580 581
f 603 581 602
f 602 581 582
f 602 582 601
f 601 582 583
f 601 583 667
f 667 583 663
f 667 663 666
f 666 663 664
f 666 664 665
f 584 661 583
f 583 661 662
f 583 662 663
f 661 584 660
f 660 584 585
f 660 585 656
f 656 585 655
f 655 585 586
f 655 586 654
f 654 586 653
f 653 586 587
f 653 587 652
f 652 587 588
f 652 588 649
f 649 588 648
f 648 588 647
f 647 588 589
f 647 589 646
f 646 589 645
f 645 589 642
f 645 642 644
f 644 642 643
f 589 590 642
f 642 590 641
f 641 590 640
f 640 590 591
f 640 591 639
f 639 591 592
f 639 592 638
f 638 592 635
f 638 635 636
f 635 592 634
f 634 592 593
f 634 593 633
f 633 593 632
f 632 593 594
f 632 594 631
f 631 594 628
f 631 628 630
f 630 628 629
f 628 594 627
f 627 594 595
f 627 595 626
f 626 595 596
f 626 596 625
f 625 596 624
f 624 596 597
f 624 597 620
f 620 597 598
f 620 598 619
f 619 598 599
f 619 599 600
f 600 560 619
f 619 560 618
f 618 560 613
f 618 613 614
f 612 613 560
f 615 616 614
f 614 616 617
f 614 617 618
f 620 621 624
f 624 621 622
f 624 622 623
f 636 637 638
f 649 650 652
f 652 650 651
f 657 658 656
f 656 658 659
f 656 659 660
f 669 693 668
f 668 693 694
f 695 681 680
f 680 681 682
f 680 682 679
f 679 682 683
f 679 683 678
f 678 683 684
f 678 684 677
f 677 684 685
f 677 685 676
f 676 685 686
f 676 686 675
f 675 686 687
f 675 687 674
f 674 687 688
f 674 688 673
f 673 688 689
f 673 689 672
f 672 689 690
f 672 690 671
f 671 690 691
f 671 691 670
f 670 691 692
f 670 692 669
f 669 692 693
f 696 697 703
f 703 697 698
f 703 698 702
f 702 698 699
f 702 699 701
f 701 699 700
f 705 717 704
f 704 717 719
f 718 711 710
f 710 711 712
f 710 712 709
f 709 712 713
f 709 713 708
f 708 713 714
f 708 714 707
f 707 714 715
f 707 715 706
f 706 715 716
f 706 716 705
f 705 716 717
f 721 726 720
f 720 726 727
f 720 727 724
f 724 727 728
f 724 728 729
f 726 721 725
f 725 721 722
f 725 722 731
f 731 722 730
f 730 722 723
f 730 723 729
f 729 723 724
f 749 732 748
f 748 732 733
f 748 733 750
f 735 746 734
f 734 746 751
f 750 747 748
f 746 735 745
f 745 735 736
f 745 736 744
f 744 736 737
f 744 737 743
f 743 737 738
f 743 738 742
f 742 738 739
f 742 739 741
f 741 739 740
f 753 764 752
f 752 764 757
f 752 757 758
f 764 753 763
f 763 753 754
f 763 754 762
f 762 754 761
f 761 754 755
f 761 755 760
f 760 755 759
f 759 755 756
f 759 756 758
f 758 756 752
f 765 766 772
f 772 766 767
f 772 767 768
f 769 770 768
f 768 770 771
f 768 771 772
f 774 781 773
f 773 781 782
f 773 782 783
f 781 774 780
f 780 774 775
f 780 775 779
f 779 775 778
f 778 775 776
f 778 776 785
f 785 776 784
f 784 776 777
f 784 777 783
f 783 777 773
f 786 787 793
f 793 787 788
f 793 788 789
f 790 791 789
f 789 791 792
f 789 792 793
f 802 794 801
f 801 794 795
f 801 795 800
f 800 795 796
f 800 796 798
f 798 796 797
f 798 799 800
f 804 809 803
f 803 809 810
f 803 810 807
f 807 810 811
f 807 811 812
f 809 804 808
f 808 804 805
f 808 805 814
f 814 805 813
f 813 805 806
f 813 806 812
f 812 806 807
f 816 828 815
f 815 828 830
f 829 822 821
f 821 822 823
f 821 823 820
f 820 823 824
f 820 824 819
f 819 824 825
f 819 825 818
f 818 825 826
f 818 826 817
f 817 826 827
f 817 827 816
f 816 827 828
f 832 837 831
f 831 837 838
f 831 838 835
f 835 838 839
f 835 839 840
f 837 832 836
f 836 832 833
f 836 833 842
f 842 833 841
f 841 833 834
f 841 834 840
f 840 834 835
f 844 855 843
f 843 855 848
f 843 848 849
f 855 844 854
f 854 844 845
f 854 845 853
f 853 845 852
f 852 845 846
f 852 846 851
f 851 846 850
f 850 846 847
f 850 847 849
f 849 847 843
f 856 857 863
f 863 857 858
f 863 858 859
f 860 861 859
f 859 861 862
f 859 862 863
f 893 864 892
f 892 864 865
f 892 865 891
f 891 865 866
f 891 866 890
f 890 866 867
f 890 867 889
f 889 867 868
f 889 868 888
f 888 868 869
f 888 869 887
f 887 869 870
f 887 870 886
f 886 870 871
f 886 871 885
f 885 871 872
f 885 872 884
f 884 872 873
f 884 873 883
f 883 873 874
f 883 874 882
f 882 874 875
f 882 875 881
f 881 875 876
f 881 876 880
f 880 876 877
f 880 877 879
f 879 877 878
f 895 903 894
f 906 902 895
f 898 905 897
f 897 907 896
f 894 901 898
f 908 909 915
f 915 909 910
f 915 910 914
f 914 910 911
f 914 911 913
f 913 911 912
f 917 921 916
f 916 921 922
f 916 922 920
f 920 922 926
f 920 926 919
f 927 923 924
f 927 924 918
f 918 924 925
f 918 925 917
f 917 925 921
f 928 929 945
f 945 929 944
f 944 929 930
f 944 930 943
f 943 930 931
f 943 931 942
f 942 931 932
f 942 932 941
f 941 932 933
f 941 933 940
f 940 933 946
f 940 946 939
f 947 934 935
f 947 935 938
f 938 935 936
f 938 936 937
f 948 949 951
f 951 949 950
f 953 957 952
f 952 957 958
f 952 958 956
f 956 958 962
f 956 962 955
f 963 959 960
f 963 960 954
f 954 960 961
f 954 961 953
f 953 961 957
f 965 973 964
f 976 972 965
f 968 975 967
f 967 977 966
f 964 971 968
f 979 986 978
f 978 986 987
f 978 987 988
f 980 984 979
f 979 984 985
f 979 985 986
f 984 980 983
f 983 980 981
f 983 981 990
f 990 981 989
f 989 981 982
f 989 982 988
f 988 982 978
f 998 991 997
f 997 991 992
f 997 992 993
f 994 995 993
f 993 995 996
f 993 996 997
f 1000 1008 999
f 1011 1007 1000
f 1003 1010 1002
f 1002 1012 1001
f 999 1006 1003
f 1014 1018 1013
f 1013 1018 1019
f 1013 1019 1017
f 1017 1019 1023
f 1017 1023 1016
f 1024 1020 1021
f 1024 1021 1015
f 1015 1021 1022
f 1015 1022 1014
f 1014 1022 1018
f 1026 1030 1025
f 1025 1030 1031
f 1025 1031 1029
f 1029 1031 1035
f 1029 1035 1028
f 1036 1032 1033
f 1036 1033 1027
f 1027 1033 1034
f 1027 1034 1026
f 1026 1034 1030
f 1037 1038 1040
f 1040 1038 1039
f 1041 1042 1081
f 1081 1042 1080
f 1080 1042 1043
f 1080 1043 1079
f 1079 1043 1044
f 1079 1044 1078
f 1078 1044 1045
f 1078 1045 1077
f 1077 1045 1046
f 1077 1046 1076
f 1076 1046 1047
f 1076 1047 1075
f 1075 1047 1048
f 1075 1048 1074
f 1074 1048 1049
f 1074 1049 1073
f 1073 1049 1050
f 1073 1050 1072
f 1072 1050 1051
f 1072 1051 1071
f 1071 1051 1052
f 1071 1052 1070
f 1070 1052 1053
f 1070 1053 1069
f 1069 1053 1054
f 1069 1054 1068
f 1068 1054 1055
f 1068 1055 1067
f 1067 1055 1066
f 1066 1055 1056
f 1066 1056 1065
f 1065 1056 1057
f 1065 1057 1064
f 1064 1057 1058
f 1064 1058 1063
f 1063 1058 1059
f 1063 1059 1062
f 1062 1059 1060
f 1062 1060 1061
f 1082 1083 1090
f 1090 1083 1088
f 1090 1088 1089
f 1088 1083 1087
f 1087 1083 1084
f 1087 1084 1086
f 1086 1084 1085
f 1091 1092 1105
f 1105 1092 1104
f 1104 1092 1093
f 1104 1093 1103
f 1103 1093 1094
f 1103 1094 1102
f 1102 1094 1095
f 1102 1095 1101
f 1101 1095 1100
f 1100 1095 1099
f 1099 1095 1096
f 1099 1096 1098
f 1098 1096 1097
f 1107 1116 1106
f 1117 1113 1114
f 1117 1114 1110
f 1110 1114 1115
f 1110 1115 1109
f 1109 1115 1111
f 1109 1111 1108
f 1108 1111 1112
f 1108 1112 1107
f 1107 1112 1116
f 1135 1118 1134
f 1134 1118 1119
f 1134 1119 1136
f 1121 1132 1120
f 1120 1132 1137
f 1136 1133 1134
f 1132 1121 1131
f 1131 1121 1122
f 1131 1122 1130
f 1130 1122 1123
f 1130 1123 1129
f 1129 1123 1124
f 1129 1124 1128
f 1128 1124 1125
f 1128 1125 1127
f 1127 1125 1126
f 1139 1140 1138
f 1138 1140 1141
f 1142 1143 1153
f 1153 1143 1144
f 1153 1144 1152
f 1152 1144 1145
f 1152 1145 1151
f 1151 1145 1146
f 1151 1146 1150
f 1150 1146 1147
f 1150 1147 1149
f 1149 1147 1148
f 1167 1154 1166
f 1166 1154 1155
f 1166 1155 1165
f 1165 1155 1156
f 1165 1156 1164
f 1164 1156 1157
f 1164 1157 1163
f 1163 1157 1158
f 1163 1158 1162
f 1162 1158 1159
f 1162 1159 1161
f 1161 1159 1160
f 1168 1169 1171
f 1171 1169 1170
f 1173 1182 1172
f 1183 1179 1180
f 1183 1180 1176
f 1176 1180 1181
f 1176 1181 1175
f 1175 1181 1177
f 1175 1177 1174
f 1174 1177 1178
f 1174 1178 1173
f 1173 1178 1182
f 1184 1185 1297
f 1297 1185 1296
f 1296 1185 1295
f 1295 1185 1293
f 1295 1293 1294
f 1186 1291 1185
f 1185 1291 1292
f 1185 1292 1293
f 1291 1186 1290
f 1290 1186 1187
f 1290 1187 1281
f 1281 1187 1188
f 1281 1188 1189
f 1190 1214 1189
f 1189 1214 1272
f 1189 1272 1281
f 1281 1272 1280
f 1280 1272 1273
f 1280 1273 1279
f 1279 1273 1274
f 1279 1274 1278
f 1278 1274 1275
f 1278 1275 1277
f 1277 1275 1276
f 1190 1191 1214
f 1214 1191 1213
f 1213 1191 1209
f 1213 1209 1212
f 1212 1209 1211
f 1211 1209 1210
f 1192 1203 1191
f 1191 1203 1204
f 1191 1204 1209
f 1209 1204 1208
f 1208 1204 1205
f 1208 1205 1206
f 1193 1194 1192
f 1192 1194 1195
f 1192 1195 1196
f 1192 1196 1201
f 1201 1196 1197
f 1201 1197 1200
f 1200 1197 1198
f 1200 1198 1199
f 1201 1202 1192
f 1192 1202 1203
f 1206 1207 1208
f 1215 1224 1214
f 1214 1224 1225
f 1214 1225 1272
f 1272 1225 1307
f 1272 1307 1263
f 1263 1307 1308
f 1263 1308 1249
f 1249 1308 1248
f 1248 1308 1247
f 1247 1308 1309
f 1247 1309 1246
f 1246 1309 1310
f 1246 1310 1298
f 1216 1219 1215
f 1215 1219 1220
f 1215 1220 1224
f 1224 1220 1223
f 1223 1220 1222
f 1222 1220 1221
f 1216 1217 1219
f 1219 1217 1218
f 1307 1225 1233
f 1233 1225 1226
f 1233 1226 1227
f 1228 1231 1227
f 1227 1231 1232
f 1227 1232 1233
f 1229 1230 1228
f 1228 1230 1231
f 1307 1233 1306
f 1306 1233 1234
f 1306 1234 1305
f 1305 1234 1304
f 1304 1234 1237
f 1304 1237 1303
f 1303 1237 1238
f 1303 1238 1302
f 1302 1238 1239
f 1302 1239 1301
f 1301 1239 1240
f 1301 1240 1241
f 1235 1236 1234
f 1234 1236 1237
f 1241 1242 1301
f 1301 1242 1243
f 1301 1243 1244
f 1245 1299 1244
f 1244 1299 1300
f 1244 1300 1301
f 1299 1245 1298
f 1298 1245 1246
f 1249 1250 1263
f 1263 1250 1252
f 1263 1252 1262
f 1262 1252 1253
f 1262 1253 1258
f 1258 1253 1254
f 1258 1254 1257
f 1257 1254 1255
f 1257 1255 1256
f 1250 1251 1252
f 1259 1260 1258
f 1258 1260 1261
f 1258 1261 1262
f 1272 1263 1271
f 1271 1263 1264
f 1271 1264 1270
f 1270 1264 1265
f 1270 1265 1269
f 1269 1265 1266
f 1269 1266 1268
f 1268 1266 1267
f 1290 1281 1289
f 1289 1281 1282
f 1289 1282 1288
f 1288 1282 1283
f 1288 1283 1287
f 1287 1283 1284
f 1287 1284 1286
f 1286 1284 1285
f 1312 1323 1311
f 1311 1323 1316
f 1311 1316 1317
f 1323 1312 1322
f 1322 1312 1313
f 1322 1313 1321
f 1321 1313 1320
f 1320 1313 1314
f 1320 1314 1319
f 1319 1314 1318
f 1318 1314 1315
f 1318 1315 1317
f 1317 1315 1311
f 1325 1326 1324
f 1324 1326 1327
f 1328 1346 1345
f 1345 1346 1344
f 1347 1329 1330
f 1347 1330 1343
f 1343 1330 1331
f 1343 1331 1342
f 1342 1331 1332
f 1342 1332 1341
f 1341 1332 1333
f 1341 1333 1340
f 1340 1333 1334
f 1340 1334 1339
f 1339 1334 1335
f 1339 1335 1338
f 1338 1335 1336
f 1338 1336 1337
f 1348 1349 1351
f 1351 1349 1350
f 1352 1353 1365
f 1365 1353 1354
f 1365 1354 1364
f 1364 1354 1355
f 1364 1355 1363
f 1363 1355 1356
f 1363 1356 1362
f 1362 1356 1357
f 1362 1357 1361
f 1361 1357 1358
f 1361 1358 1360
f 1360 1358 1359
f 1366 1367 1383
f 1383 1367 1382
f 1382 1367 1384
f 1382 1384 1381
f 1385 1368 1369
f 1385 1369 1380
f 1380 1369 1370
f 1380 1370 1379
f 1379 1370 1371
f 1379 1371 1378
f 1378 1371 1372
f 1378 1372 1377
f 1377 1372 1373
f 1377 1373 1376
f 1376 1373 1374
f 1376 1374 1375
f 1386 1387 1389
f 1389 1387 1388
f 1391 1403 1390
f 1390 1403 1405
f 1404 1397 1396
f 1396 1397 1398
f 1396 1398 1395
f 1395 1398 1399
f 1395 1399 1394
f 1394 1399 1400
f 1394 1400 1393
f 1393 1400 1401
f 1393 1401 1392
f 1392 1401 1402
f 1392 1402 1391
f 1391 1402 1403
f 1406 1407 1423
f 1423 1407 1422
f 1422 1407 1408
f 1422 1408 1421
f 1421 1408 1409
f 1421 1409 1420
f 1420 1409 1424
f 1420 1424 1419
f 1425 1410 1411
f 1425 1411 1418
f 1418 1411 1412
f 1418 1412 1417
f 1417 1412 1413
f 1417 1413 1416
f 1416 1413 1414
f 1416 1414 1415
f 1427 1428 1426
f 1426 1428 1429
f 1430 1431 1447
f 1447 1431 1446
f 1446 1431 1432
f 1446 1432 1445
f 1445 1432 1433
f 1445 1433 1444
f 1444 1433 1434
f 1444 1434 1443
f 1443 1434 1435
f 1443 1435 1442
f 1442 1435 1436
f 1442 1436 1441
f 1441 1436 1448
f 1441 1448 1440
f 1449 1437 1438
f 1449 1438 1439
f 1467 1450 1466
f 1466 1450 1451
f 1466 1451 1468
f 1453 1464 1452
f 1452 1464 1469
f 1468 1465 1466
f 1464 1453 1463
f 1463 1453 1454
f 1463 1454 1462
f 1462 1454 1455
f 1462 1455 1461
f 1461 1455 1456
f 1461 1456 1460
f 1460 1456 1457
f 1460 1457 1459
f 1459 1457 1458
f 1471 1480 1470
f 1470 1480 1481
f 1470 1481 1474
f 1474 1481 1482
f 1474 1482 1475
f 1472 1478 1471
f 1471 1478 1479
f 1471 1479 1480
f 1478 1472 1477
f 1477 1472 1473
f 1477 1473 1476
f 1476 1473 1475
f 1475 1473 1474
f 1483 1484 1496
f 1496 1484 1485
f 1496 1485 1495
f 1495 1485 1486
f 1495 1486 1494
f 1494 1486 1487
f 1494 1487 1493
f 1493 1487 1488
f 1493 1488 1492
f 1492 1488 1489
f 1492 1489 1491
f 1491 1489 1490
f 1497 1498 1514
f 1514 1498 1513
f 1513 1498 1499
f 1513 1499 1512
f 1512 1499 1500
f 1512 1500 1511
f 1511 1500 1501
f 1511 1501 1510
f 1510 1501 1502
f 1510 1502 1509
f 1509 1502 1515
f 1509 1515 1508
f 1516 1503 1504
f 1516 1504 1507
f 1507 1504 1505
f 1507 1505 1506
f 1518 1525 1517
f 1517 1525 1526
f 1517 1526 1527
f 1525 1518 1524
f 1524 1518 1519
f 1524 1519 1523
f 1523 1519 1522
f 1522 1519 1520
f 1522 1520 1529
f 1529 1520 1521
f 1529 1521 1528
f 1528 1521 1527
f 1527 1521 1517
f 1530 1531 1549
f 1549 1531 1532
f 1549 1532 1548
f 1548 1532 1533
f 1548 1533 1547
f 1547 1533 1534
f 1547 1534 1546
f 1546 1534 1535
f 1546 1535 1545
f 1545 1535 1536
f 1545 1536 1544
f 1544 1536 1537
f 1544 1537 1543
f 1543 1537 1538
f 1543 1538 1542
f 1542 1538 1539
f 1542 1539 1541
f 1541 1539 1540
f 1550 1551 1553
f 1553 1551 1552
f 1555 1560 1554
f 1554 1560 1561
f 1554 1561 1558
f 1558 1561 1562
f 1558 1562 1563
f 1560 1555 1559
f 1559 1555 1556
f 1559 1556 1565
f 1565 1556 1564
f 1564 1556 1557
f 1564 1557 1563
f 1563 1557 1558
f 1567 1579 1566
f 1566 1579 1581
f 1580 1573 1572
f 1572 1573 1574
f 1572 1574 1571
f 1571 1574 1575
f 1571 1575 1570
f 1570 1575 1576
f 1570 1576 1569
f 1569 1576 1577
f 1569 1577 1568
f 1568 1577 1578
f 1568 1578 1567
f 1567 1578 1579
f 1583 1591 1582
f 1594 1590 1583
f 1586 1593 1585
f 1585 1595 1584
f 1582 1589 1586
f 1597 1605 1596
f 1608 1604 1597
f 1600 1607 1599
f 1599 1609 1598
f 1596 1603 1600
f 1611 1615 1610
f 1610 1615 1616
f 1610 1616 1614
f 1614 1616 1620
f 1614 1620 1613
f 1621 1617 1618
f 1621 1618 1612
f 1612 1618 1619
f 1612 1619 1611
f 1611 1619 1615
f 1657 1622 1656
f 1656 1622 1623
f 1656 1623 1655
f 1655 1623 1624
f 1655 1624 1654
f 1654 1624 1625
f 1654 1625 1653
f 1653 1625 1626
f 1653 1626 1652
f 1652 1626 1627
f 1652 1627 1651
f 1651 1627 1628
f 1651 1628 1650
f 1650 1628 1629
f 1650 1629 1649
f 1649 1629 1630
f 1649 1630 1648
f 1648 1630 1631
f 1648 1631 1647
f 1647 1631 1632
f 1647 1632 1646
f 1646 1632 1633
f 1646 1633 1645
f 1645 1633 1634
f 1645 1634 1644
f 1644 1634 1635
f 1644 1635 1643
f 1643 1635 1636
f 1643 1636 1642
f 1642 1636 1637
f 1642 1637 1641
f 1641 1637 1638
f 1641 1638 1640
f 1640 1638 1639
f 1658 1659 1661
f 1661 1659 1660
f 1663 1667 1662
f 1662 1667 1668
f 1662 1668 1666
f 1666 1668 1672
f 1666 1672 1665
f 1673 1669 1670
f 1673 1670 1664
f 1664 1670 1671
f 1664 1671 1663
f 1663 1671 1667
f 1675 1679 1674
f 1674 1679 1680
f 1674 1680 1678
f 1678 1680 1684
f 1678 1684 1677
f 1685 1681 1682
f 1685 1682 1676
f 1676 1682 1683
f 1676 1683 1675
f 1675 1683 1679
f 1686 1687 1689
f 1689 1687 1688
f 1730 1690 1694
f 1694 1690 1691
f 1694 1691 1693
f 1693 1691 1692
f 1694 1695 1730
f 1730 1695 1696
f 1730 1696 1729
f 1729 1696 1697
f 1729 1697 1728
f 1728 1697 1698
f 1728 1698 1727
f 1727 1698 1699
f 1727 1699 1726
f 1726 1699 1700
f 1726 1700 1725
f 1725 1700 1701
f 1725 1701 1724
f 1724 1701 1723
f 1723 1701 1702
f 1723 1702 1722
f 1722 1702 1703
f 1722 1703 1721
f 1721 1703 1720
f 1720 1703 1704
f 1720 1704 1719
f 1719 1704 1705
f 1719 1705 1718
f 1718 1705 1706
f 1718 1706 1717
f 1717 1706 1707
f 1717 1707 1716
f 1716 1707 1708
f 1716 1708 1715
f 1715 1708 1709
f 1715 1709 1710
f 1711 1713 1710
f 1710 1713 1714
f 1710 1714 1715
f 1711 1712 1713
f 1738 1731 1737
f 1737 1731 1732
f 1737 1732 1733
f 1734 1735 1733
f 1733 1735 1736
f 1733 1736 1737
f 1740 1748 1739
f 1751 1747 1740
f 1743 1750 1742
f 1742 1752 1741
f 1739 1746 1743
f 1754 1762 1753
f 1765 1761 1754
f 1757 1764 1756
f 1756 1766 1755
f 1753 1760 1757
