v -0.008000000119 0.1089999962 0.3878611356
v -0.002690512836 0.1089999962 0.3869866163
v 0.002690512836 0.1089999962 0.3869866163
v 0.008000000119 0.1089999962 0.3878611356
v 0.008500000238 0.1085000038 0.3879902345
v 0.008500000238 0.1080000019 0.3879902345
v 0.01464743257 0.1080000019 0.3903056032
v 0.02021445751 0.1080000019 0.3937927419
v 0.02498047829 0.1080000019 0.3983134538
v 0.02875664473 0.1080000019 0.4036886293
v 0.02875664473 0.1119999981 0.4036886293
v 0.02919325829 0.1119999981 0.4044899542
v 0.0296075511 0.1119999981 0.4053030473
v 0.02999919891 0.1119999981 0.4061272794
v 0.02999919891 0.1080000019 0.4061272794
v 0.03224107265 0.1080000019 0.4128401834
v 0.03299999952 0.1080000019 0.4198767549
v 0.03224107265 0.1080000019 0.4269133073
v 0.02999919891 0.1080000019 0.4336262209
v 0.02999919891 0.1119999981 0.4336262209
v 0.0296075511 0.1119999981 0.4344504625
v 0.02919325829 0.1119999981 0.4352635461
v 0.02875664473 0.1119999981 0.4360648805
v 0.02875664473 0.1080000019 0.4360648805
v 0.02498047829 0.1080000019 0.4414400369
v 0.02021445751 0.1080000019 0.4459607584
v 0.01464743257 0.1080000019 0.4494479067
v 0.008500000238 0.1080000019 0.4517632753
v 0.008500000238 0.1085000038 0.4517632753
v 0.008000000119 0.1089999962 0.4518923647
v 0.002690512836 0.1089999962 0.452766884
v -0.002690512836 0.1089999962 0.452766884
v -0.008000000119 0.1089999962 0.4518923647
v -0.008500000238 0.1085000038 0.4517632753
v -0.008500000238 0.1080000019 0.4517632753
v -0.01464743257 0.1080000019 0.4494479067
v -0.02021445751 0.1080000019 0.4459607584
v -0.02498047829 0.1080000019 0.4414400369
v -0.02875664473 0.1080000019 0.4360648805
v -0.02875664473 0.1119999981 0.4360648805
v -0.02919325829 0.1119999981 0.4352635461
v -0.0296075511 0.1119999981 0.4344504625
v -0.02999919891 0.1119999981 0.4336262209
v -0.02999919891 0.1080000019 0.4336262209
v -0.03224107265 0.1080000019 0.4269133073
v -0.03299999952 0.1080000019 0.4198767549
v -0.03224107265 0.1080000019 0.4128401834
v -0.02999919891 0.1080000019 0.4061272794
v -0.02999919891 0.1119999981 0.4061272794
v -0.0296075511 0.1119999981 0.4053030473
v -0.02919325829 0.1119999981 0.4044899542
v -0.02875664473 0.1119999981 0.4036886293
v -0.02875664473 0.1080000019 0.4036886293
v -0.02498047829 0.1080000019 0.3983134538
v -0.02021445751 0.1080000019 0.3937927419
v -0.01464743257 0.1080000019 0.3903056032
v -0.008500000238 0.1080000019 0.3879902345
v -0.008500000238 0.1085000038 0.3879902345
v 5.230351626e-18 0.1060000038 0.386876753
v -0.007897416949 0.1060000038 0.3878356725
v -0.01533586502 0.1060000038 0.3906567079
v -0.02188304663 0.1060000038 0.3951758939
v -0.02715846777 0.1060000038 0.4011306173
v -0.03085553646 0.1060000038 0.4081747896
v -0.03275939226 0.1060000038 0.4158990366
v -0.03275939226 0.1060000038 0.4238544542
v -0.03085553646 0.1060000038 0.4315787202
v -0.02715846777 0.1060000038 0.438622883
v -0.02188304663 0.1060000038 0.4445776064
v -0.01533586502 0.1060000038 0.4490968019
v -0.007897416949 0.1060000038 0.4519178278
v 6.577462835e-18 0.1060000038 0.4528767473
v 0.007897416949 0.1060000038 0.4519178278
v 0.01533586502 0.1060000038 0.4490968019
v 0.02188304663 0.1060000038 0.4445776064
v 0.02715846777 0.1060000038 0.438622883
v 0.03085553646 0.1060000038 0.4315787202
v 0.03275939226 0.1060000038 0.4238544542
v 0.03275939226 0.1060000038 0.4158990366
v 0.03085553646 0.1060000038 0.4081747896
v 0.02715846777 0.1060000038 0.4011306173
v 0.02188304663 0.1060000038 0.3951758939
v 0.01533586502 0.1060000038 0.3906567079
v 0.007897416949 0.1060000038 0.3878356725
v -0.002690512836 0.1089999962 0.3869866163
v 5.230351626e-18 0.1060000038 0.386876753
v -0.04123105526 0.1060000038 0.4268767435
v -0.04078736305 0.1060000038 0.4269805795
v -0.04043580055 0.1060000038 0.4272704775
v -0.04024936676 0.1060000038 0.4276862795
v -0.03999141455 0.1060000038 0.4289148218
v -0.0396959734 0.1060000038 0.4301349146
v -0.03936331749 0.1060000038 0.4313453752
v -0.03929069042 0.1060000038 0.4320744974
v -0.03948553801 0.1060000038 0.4327808267
v -0.03992171288 0.1060000038 0.4333696062
v -0.04087883949 0.1060000038 0.4355303461
v -0.03997446537 0.1060000038 0.4377136881
v -0.03776979685 0.1060000038 0.4385647852
v -0.03704505682 0.1060000038 0.4386726839
v -0.03640781641 0.1060000038 0.4390343553
v -0.0359436059 0.1060000038 0.4396012766
v -0.03159767628 0.1060000038 0.4460031206
v -0.02612636328 0.1060000038 0.4514744264
v -0.01972453117 0.1060000038 0.4558203584
v -0.01915760994 0.1060000038 0.4562845689
v -0.01879592776 0.1060000038 0.4569218141
v -0.01868803024 0.1060000038 0.4576465494
v -0.01783694386 0.1060000038 0.4598512155
v -0.01565359235 0.1060000038 0.4607555849
v -0.01349284649 0.1060000038 0.4597984583
v -0.01290408254 0.1060000038 0.4593622858
v -0.01219773769 0.1060000038 0.4591674501
v -0.01146861792 0.1060000038 0.4592400629
v -0.003868803382 0.1060000038 0.4606938059
v 0.003868803382 0.1060000038 0.4606938059
v 0.01146861792 0.1060000038 0.4592400629
v 0.01219773769 0.1060000038 0.4591674501
v 0.01290408254 0.1060000038 0.4593622858
v 0.01349284649 0.1060000038 0.4597984583
v 0.01565359235 0.1060000038 0.4607555849
v 0.01783694386 0.1060000038 0.4598512155
v 0.01868803024 0.1060000038 0.4576465494
v 0.01879592776 0.1060000038 0.4569218141
v 0.01915760994 0.1060000038 0.4562845689
v 0.01972453117 0.1060000038 0.4558203584
v 0.02612636328 0.1060000038 0.4514744264
v 0.03159767628 0.1060000038 0.4460031206
v 0.0359436059 0.1060000038 0.4396012766
v 0.03640781641 0.1060000038 0.4390343553
v 0.03704505682 0.1060000038 0.4386726839
v 0.03776979685 0.1060000038 0.4385647852
v 0.03997446537 0.1060000038 0.4377136881
v 0.04087883949 0.1060000038 0.4355303461
v 0.03992171288 0.1060000038 0.4333696062
v 0.03948553801 0.1060000038 0.4327808267
v 0.03929069042 0.1060000038 0.4320744974
v 0.03936331749 0.1060000038 0.4313453752
v 0.04081706047 0.1060000038 0.4237455637
v 0.04081706047 0.1060000038 0.4160079462
v 0.03936331749 0.1060000038 0.4084081346
v 0.03929069042 0.1060000038 0.4076790125
v 0.03948553801 0.1060000038 0.4069726736
v 0.03992171288 0.1060000038 0.4063839037
v 0.04087883949 0.1060000038 0.4042231638
v 0.03997446537 0.1060000038 0.4020398122
v 0.03776979685 0.1060000038 0.4011887247
v 0.03704505682 0.1060000038 0.401080826
v 0.03640781641 0.1060000038 0.400719145
v 0.0359436059 0.1060000038 0.4001522237
v 0.03159767628 0.1060000038 0.3937503893
v 0.02612636328 0.1060000038 0.3882790739
v 0.01972453117 0.1060000038 0.3839331419
v 0.01915760994 0.1060000038 0.3834689314
v 0.01879592776 0.1060000038 0.3828316957
v 0.01868803024 0.1060000038 0.3821069605
v 0.01783694386 0.1060000038 0.3799022848
v 0.01565359235 0.1060000038 0.3789979154
v 0.01349284649 0.1060000038 0.379955042
v 0.01290408254 0.1060000038 0.3803912145
v 0.01219773769 0.1060000038 0.3805860597
v 0.01146861792 0.1060000038 0.3805134374
v 0.003868803382 0.1060000038 0.3790596944
v -0.003868803382 0.1060000038 0.3790596944
v -0.01146861792 0.1060000038 0.3805134374
v -0.01219773769 0.1060000038 0.3805860597
v -0.01290408254 0.1060000038 0.3803912145
v -0.01349284649 0.1060000038 0.379955042
v -0.01565359235 0.1060000038 0.3789979154
v -0.01783694386 0.1060000038 0.3799022848
v -0.01868803024 0.1060000038 0.3821069605
v -0.01879592776 0.1060000038 0.3828316957
v -0.01915760994 0.1060000038 0.3834689314
v -0.01972453117 0.1060000038 0.3839331419
v -0.02612636328 0.1060000038 0.3882790739
v -0.03159767628 0.1060000038 0.3937503893
v -0.0359436059 0.1060000038 0.4001522237
v -0.03640781641 0.1060000038 0.400719145
v -0.03704505682 0.1060000038 0.401080826
v -0.03776979685 0.1060000038 0.4011887247
v -0.03997446537 0.1060000038 0.4020398122
v -0.04087883949 0.1060000038 0.4042231638
v -0.03992171288 0.1060000038 0.4063839037
v -0.03948553801 0.1060000038 0.4069726736
v -0.03929069042 0.1060000038 0.4076790125
v -0.03936331749 0.1060000038 0.4084081346
v -0.0396959734 0.1060000038 0.4096185953
v -0.03999141455 0.1060000038 0.410838669
v -0.04024936676 0.1060000038 0.4120672304
v -0.04043580055 0.1060000038 0.4124830324
v -0.04078736305 0.1060000038 0.4127729303
v -0.04123105526 0.1060000038 0.4128767473
v -0.04207433701 0.1060000038 0.4128767473
v -0.04253290653 0.1060000038 0.4129880983
v -0.04288936138 0.1060000038 0.4132973177
v -0.04306432247 0.1060000038 0.4137355692
v -0.04345151901 0.1060000038 0.4178235895
v -0.04345151901 0.1060000038 0.4219299013
v -0.04306432247 0.1060000038 0.4260179216
v -0.04288936138 0.1060000038 0.4264561922
v -0.04253290653 0.1060000038 0.4267654115
v -0.04207433701 0.1060000038 0.4268767435
v 0.03901043177 0.1060000038 0.4053181059
v 0.03746495008 0.1060000038 0.4057322103
v 0.03633358002 0.1060000038 0.4046008379
v 0.03674768925 0.1060000038 0.403055361
v 0.03829317093 0.1060000038 0.402641247
v 0.039424541 0.1060000038 0.4037726194
v 0.01729002118 0.1060000038 0.3819976885
v 0.01649002075 0.1060000038 0.3833833295
v 0.01489002109 0.1060000038 0.3833833295
v 0.01409002066 0.1060000038 0.3819976885
v 0.01489002109 0.1060000038 0.3806120474
v 0.01649002075 0.1060000038 0.3806120474
v -0.01455865026 0.1060000038 0.380866316
v -0.01414453983 0.1060000038 0.3824118024
v -0.0152759099 0.1060000038 0.3835431749
v -0.01682139158 0.1060000038 0.3831290609
v -0.017235502 0.1060000038 0.381583584
v -0.01610413074 0.1060000038 0.3804522115
v -0.0378790617 0.1060000038 0.4025867349
v -0.0364934206 0.1060000038 0.4033867342
v -0.0364934206 0.1060000038 0.4049867326
v -0.0378790617 0.1060000038 0.4057867319
v -0.03926470041 0.1060000038 0.4049867326
v -0.03926470041 0.1060000038 0.4033867342
v -0.03901043177 0.1060000038 0.4344353944
v -0.03746495008 0.1060000038 0.43402129
v -0.03633358002 0.1060000038 0.4351526529
v -0.03674768925 0.1060000038 0.4366981393
v -0.03829317093 0.1060000038 0.4371122629
v -0.039424541 0.1060000038 0.4359808809
v -0.01729002118 0.1060000038 0.4577558214
v -0.01649002075 0.1060000038 0.4563701707
v -0.01489002109 0.1060000038 0.4563701707
v -0.01409002066 0.1060000038 0.4577558214
v -0.01489002109 0.1060000038 0.4591414529
v -0.01649002075 0.1060000038 0.4591414529
v 0.01455865026 0.1060000038 0.4588871843
v 0.01414453983 0.1060000038 0.4573416978
v 0.0152759099 0.1060000038 0.4562103349
v 0.01682139158 0.1060000038 0.4566244394
v 0.017235502 0.1060000038 0.4581699258
v 0.01610413074 0.1060000038 0.4593012888
v 0.0378790617 0.1060000038 0.4371667749
v 0.0364934206 0.1060000038 0.4363667757
v 0.0364934206 0.1060000038 0.4347667772
v 0.0378790617 0.1060000038 0.433966778
v 0.03926470041 0.1060000038 0.4347667772
v 0.03926470041 0.1060000038 0.4363667757
v 5.230351626e-18 0.1060000038 0.386876753
v 0.007897416949 0.1060000038 0.3878356725
v 0.01533586502 0.1060000038 0.3906567079
v 0.02188304663 0.1060000038 0.3951758939
v 0.02715846777 0.1060000038 0.4011306173
v 0.03085553646 0.1060000038 0.4081747896
v 0.03275939226 0.1060000038 0.4158990366
v 0.03275939226 0.1060000038 0.4238544542
v 0.03085553646 0.1060000038 0.4315787202
v 0.02715846777 0.1060000038 0.438622883
v 0.02188304663 0.1060000038 0.4445776064
v 0.01533586502 0.1060000038 0.4490968019
v 0.007897416949 0.1060000038 0.4519178278
v 6.577462835e-18 0.1060000038 0.4528767473
v -0.007897416949 0.1060000038 0.4519178278
v -0.01533586502 0.1060000038 0.4490968019
v -0.02188304663 0.1060000038 0.4445776064
v -0.02715846777 0.1060000038 0.438622883
v -0.03085553646 0.1060000038 0.4315787202
v -0.03275939226 0.1060000038 0.4238544542
v -0.03275939226 0.1060000038 0.4158990366
v -0.03085553646 0.1060000038 0.4081747896
v -0.02715846777 0.1060000038 0.4011306173
v -0.02188304663 0.1060000038 0.3951758939
v -0.01533586502 0.1060000038 0.3906567079
v -0.007897416949 0.1060000038 0.3878356725
v -0.008000000119 0.1089999962 0.4518923647
v -0.002690512836 0.1089999962 0.452766884
v 0.002690512836 0.1089999962 0.452766884
v 0.008000000119 0.1089999962 0.4518923647
v 0.008000000119 0.1089999962 0.4500853998
v 0.002693342268 0.1089999962 0.4510104639
v -0.002693342268 0.1089999962 0.4510104639
v -0.008000000119 0.1089999962 0.4500853998
v 0.008500000238 0.1085000038 0.4517632753
v 0.008500000238 0.1085000038 0.4499485475
v 0.008000000119 0.1089999962 0.4500853998
v 0.008000000119 0.1089999962 0.4518923647
v 0.008500000238 0.1080000019 0.4517632753
v 0.008500000238 0.1080000019 0.4499485475
v 0.008500000238 0.1085000038 0.4499485475
v 0.008500000238 0.1085000038 0.4517632753
v 0.02667486429 0.1080000019 0.4361560136
v 0.02183759928 0.1080000019 0.4422303087
v 0.01565200448 0.1080000019 0.4469244463
v 0.008500000238 0.1080000019 0.4499485475
v 0.008500000238 0.1080000019 0.4517632753
v 0.01464743257 0.1080000019 0.4494479067
v 0.02021445751 0.1080000019 0.4459607584
v 0.02498047829 0.1080000019 0.4414400369
v 0.02875664473 0.1080000019 0.4360648805
v 0.02808255196 0.1080000019 0.4363057024
v 0.0273674202 0.1080000019 0.436337002
v 0.008000000119 0.1089999962 0.3878611356
v 0.002690512836 0.1089999962 0.3869866163
v -0.002690512836 0.1089999962 0.3869866163
v -0.008000000119 0.1089999962 0.3878611356
v -0.008000000119 0.1089999962 0.3896681005
v -0.002693342268 0.1089999962 0.3887430364
v 0.002693342268 0.1089999962 0.3887430364
v 0.008000000119 0.1089999962 0.3896681005
v 0.02999919891 0.1080000019 0.4061272794
v 0.02979780674 0.1080000019 0.4068141824
v 0.02940278769 0.1080000019 0.4074111349
v 0.02884928465 0.1080000019 0.4078650362
v 0.03064394474 0.1080000019 0.4137521249
v 0.03125 0.1080000019 0.4198767549
v 0.03064394474 0.1080000019 0.4260013849
v 0.02884928465 0.1080000019 0.4318884737
v 0.02940278769 0.1080000019 0.4323423654
v 0.02979780674 0.1080000019 0.4329393274
v 0.02999919891 0.1080000019 0.4336262209
v 0.03224107265 0.1080000019 0.4269133073
v 0.03299999952 0.1080000019 0.4198767549
v 0.03224107265 0.1080000019 0.4128401834
v -0.04123105526 0.1060000038 0.4268767435
v -0.04123105526 0.1039999962 0.4268767435
v -0.04078736305 0.1039999962 0.4269805795
v -0.04043580055 0.1039999962 0.4272704775
v -0.04024936676 0.1039999962 0.4276862795
v -0.04024936676 0.1060000038 0.4276862795
v -0.04043580055 0.1060000038 0.4272704775
v -0.04078736305 0.1060000038 0.4269805795
v 0.008500000238 0.1085000038 0.3898049623
v 0.008500000238 0.1085000038 0.3879902345
v 0.008000000119 0.1089999962 0.3878611356
v 0.008000000119 0.1089999962 0.3896681005
v -0.008500000238 0.1085000038 0.3879902345
v -0.008500000238 0.1085000038 0.3898049623
v -0.008000000119 0.1089999962 0.3896681005
v -0.008000000119 0.1089999962 0.3878611356
v -0.04123105526 0.1060000038 0.4268767435
v -0.04207433701 0.1060000038 0.4268767435
v -0.04207433701 0.1039999962 0.4268767435
v -0.04123105526 0.1039999962 0.4268767435
v 0.008500000238 0.1080000019 0.3879902345
v 0.008500000238 0.1080000019 0.3898049623
v 0.01565200448 0.1080000019 0.3928290636
v 0.02183759928 0.1080000019 0.3975231916
v 0.02667486429 0.1080000019 0.4035974962
v 0.0273674202 0.1080000019 0.4034164983
v 0.02808255196 0.1080000019 0.4034478075
v 0.02875664473 0.1080000019 0.4036886293
v 0.02498047829 0.1080000019 0.3983134538
v 0.02021445751 0.1080000019 0.3937927419
v 0.01464743257 0.1080000019 0.3903056032
v 0.03901043177 0.1039999962 0.4053181059
v 0.03746495008 0.1039999962 0.4057322103
v 0.03633358002 0.1039999962 0.4046008379
v 0.03674768925 0.1039999962 0.403055361
v 0.03829317093 0.1039999962 0.402641247
v 0.039424541 0.1039999962 0.4037726194
v 0.03901043177 0.1060000038 0.4053181059
v 0.039424541 0.1060000038 0.4037726194
v 0.03829317093 0.1060000038 0.402641247
v 0.03674768925 0.1060000038 0.403055361
v 0.03633358002 0.1060000038 0.4046008379
v 0.03746495008 0.1060000038 0.4057322103
v 0.03901043177 0.1039999962 0.4053181059
v 0.03901043177 0.1060000038 0.4053181059
v -0.03936331749 0.1060000038 0.4313453752
v -0.0396959734 0.1060000038 0.4301349146
v -0.03999141455 0.1060000038 0.4289148218
v -0.04024936676 0.1060000038 0.4276862795
v -0.04024936676 0.1039999962 0.4276862795
v -0.03999141455 0.1039999962 0.4289148218
v -0.0396959734 0.1039999962 0.4301349146
v -0.03936331749 0.1039999962 0.4313453752
v 0.008500000238 0.1080000019 0.3879902345
v 0.008500000238 0.1085000038 0.3879902345
v 0.008500000238 0.1085000038 0.3898049623
v 0.008500000238 0.1080000019 0.3898049623
v -0.008500000238 0.1080000019 0.3898049623
v -0.008500000238 0.1085000038 0.3898049623
v -0.008500000238 0.1085000038 0.3879902345
v -0.008500000238 0.1080000019 0.3879902345
v -0.04123105526 0.1039999962 0.4268767435
v -0.04207433701 0.1039999962 0.4268767435
v -0.04253290653 0.1039999962 0.4267654115
v -0.04288936138 0.1039999962 0.4264561922
v -0.04306432247 0.1039999962 0.4260179216
v -0.04345151901 0.1039999962 0.4219299013
v -0.04345151901 0.1039999962 0.4178235895
v -0.04306432247 0.1039999962 0.4137355692
v -0.04288936138 0.1039999962 0.4132973177
v -0.04253290653 0.1039999962 0.4129880983
v -0.04207433701 0.1039999962 0.4128767473
v -0.04123105526 0.1039999962 0.4128767473
v -0.04078736305 0.1039999962 0.4127729303
v -0.04043580055 0.1039999962 0.4124830324
v -0.04024936676 0.1039999962 0.4120672304
v -0.03999141455 0.1039999962 0.410838669
v -0.0396959734 0.1039999962 0.4096185953
v -0.03936331749 0.1039999962 0.4084081346
v -0.03929069042 0.1039999962 0.4076790125
v -0.03948553801 0.1039999962 0.4069726736
v -0.03992171288 0.1039999962 0.4063839037
v -0.04087883949 0.1039999962 0.4042231638
v -0.03997446537 0.1039999962 0.4020398122
v -0.03776979685 0.1039999962 0.4011887247
v -0.03704505682 0.1039999962 0.401080826
v -0.03640781641 0.1039999962 0.400719145
v -0.0359436059 0.1039999962 0.4001522237
v -0.03159767628 0.1039999962 0.3937503893
v -0.02612636328 0.1039999962 0.3882790739
v -0.01972453117 0.1039999962 0.3839331419
v -0.01915760994 0.1039999962 0.3834689314
v -0.01879592776 0.1039999962 0.3828316957
v -0.01868803024 0.1039999962 0.3821069605
v -0.01783694386 0.1039999962 0.3799022848
v -0.01565359235 0.1039999962 0.3789979154
v -0.01349284649 0.1039999962 0.379955042
v -0.01290408254 0.1039999962 0.3803912145
v -0.01219773769 0.1039999962 0.3805860597
v -0.01146861792 0.1039999962 0.3805134374
v -0.003868803382 0.1039999962 0.3790596944
v 0.003868803382 0.1039999962 0.3790596944
v 0.01146861792 0.1039999962 0.3805134374
v 0.01219773769 0.1039999962 0.3805860597
v 0.01290408254 0.1039999962 0.3803912145
v 0.01349284649 0.1039999962 0.379955042
v 0.01565359235 0.1039999962 0.3789979154
v 0.01783694386 0.1039999962 0.3799022848
v 0.01868803024 0.1039999962 0.3821069605
v 0.01879592776 0.1039999962 0.3828316957
v 0.01915760994 0.1039999962 0.3834689314
v 0.01972453117 0.1039999962 0.3839331419
v 0.02612636328 0.1039999962 0.3882790739
v 0.03159767628 0.1039999962 0.3937503893
v 0.0359436059 0.1039999962 0.4001522237
v 0.03640781641 0.1039999962 0.400719145
v 0.03704505682 0.1039999962 0.401080826
v 0.03776979685 0.1039999962 0.4011887247
v 0.03997446537 0.1039999962 0.4020398122
v 0.04087883949 0.1039999962 0.4042231638
v 0.03992171288 0.1039999962 0.4063839037
v 0.03948553801 0.1039999962 0.4069726736
v 0.03929069042 0.1039999962 0.4076790125
v 0.03936331749 0.1039999962 0.4084081346
v 0.04081706047 0.1039999962 0.4160079462
v 0.04081706047 0.1039999962 0.4237455637
v 0.03936331749 0.1039999962 0.4313453752
v 0.03929069042 0.1039999962 0.4320744974
v 0.03948553801 0.1039999962 0.4327808267
v 0.03992171288 0.1039999962 0.4333696062
v 0.04087883949 0.1039999962 0.4355303461
v 0.03997446537 0.1039999962 0.4377136881
v 0.03776979685 0.1039999962 0.4385647852
v 0.03704505682 0.1039999962 0.4386726839
v 0.03640781641 0.1039999962 0.4390343553
v 0.0359436059 0.1039999962 0.4396012766
v 0.03159767628 0.1039999962 0.4460031206
v 0.02612636328 0.1039999962 0.4514744264
v 0.01972453117 0.1039999962 0.4558203584
v 0.01915760994 0.1039999962 0.4562845689
v 0.01879592776 0.1039999962 0.4569218141
v 0.01868803024 0.1039999962 0.4576465494
v 0.01783694386 0.1039999962 0.4598512155
v 0.01565359235 0.1039999962 0.4607555849
v 0.01349284649 0.1039999962 0.4597984583
v 0.01290408254 0.1039999962 0.4593622858
v 0.01219773769 0.1039999962 0.4591674501
v 0.01146861792 0.1039999962 0.4592400629
v 0.003868803382 0.1039999962 0.4606938059
v -0.003868803382 0.1039999962 0.4606938059
v -0.01146861792 0.1039999962 0.4592400629
v -0.01219773769 0.1039999962 0.4591674501
v -0.01290408254 0.1039999962 0.4593622858
v -0.01349284649 0.1039999962 0.4597984583
v -0.01565359235 0.1039999962 0.4607555849
v -0.01783694386 0.1039999962 0.4598512155
v -0.01868803024 0.1039999962 0.4576465494
v -0.01879592776 0.1039999962 0.4569218141
v -0.01915760994 0.1039999962 0.4562845689
v -0.01972453117 0.1039999962 0.4558203584
v -0.02612636328 0.1039999962 0.4514744264
v -0.03159767628 0.1039999962 0.4460031206
v -0.0359436059 0.1039999962 0.4396012766
v -0.03640781641 0.1039999962 0.4390343553
v -0.03704505682 0.1039999962 0.4386726839
v -0.03776979685 0.1039999962 0.4385647852
v -0.03997446537 0.1039999962 0.4377136881
v -0.04087883949 0.1039999962 0.4355303461
v -0.03992171288 0.1039999962 0.4333696062
v -0.03948553801 0.1039999962 0.4327808267
v -0.03929069042 0.1039999962 0.4320744974
v -0.03936331749 0.1039999962 0.4313453752
v -0.0396959734 0.1039999962 0.4301349146
v -0.03999141455 0.1039999962 0.4289148218
v -0.04024936676 0.1039999962 0.4276862795
v -0.04043580055 0.1039999962 0.4272704775
v -0.04078736305 0.1039999962 0.4269805795
v 0.0378790617 0.1039999962 0.4371667749
v 0.03926470041 0.1039999962 0.4363667757
v 0.03926470041 0.1039999962 0.4347667772
v 0.0378790617 0.1039999962 0.433966778
v 0.0364934206 0.1039999962 0.4347667772
v 0.0364934206 0.1039999962 0.4363667757
v 0.01455865026 0.1039999962 0.4588871843
v 0.01610413074 0.1039999962 0.4593012888
v 0.017235502 0.1039999962 0.4581699258
v 0.01682139158 0.1039999962 0.4566244394
v 0.0152759099 0.1039999962 0.4562103349
v 0.01414453983 0.1039999962 0.4573416978
v -0.01729002118 0.1039999962 0.4577558214
v -0.01649002075 0.1039999962 0.4591414529
v -0.01489002109 0.1039999962 0.4591414529
v -0.01409002066 0.1039999962 0.4577558214
v -0.01489002109 0.1039999962 0.4563701707
v -0.01649002075 0.1039999962 0.4563701707
v -0.03901043177 0.1039999962 0.4344353944
v -0.039424541 0.1039999962 0.4359808809
v -0.03829317093 0.1039999962 0.4371122629
v -0.03674768925 0.1039999962 0.4366981393
v -0.03633358002 0.1039999962 0.4351526529
v -0.03746495008 0.1039999962 0.43402129
v -0.0378790617 0.1039999962 0.4025867349
v -0.03926470041 0.1039999962 0.4033867342
v -0.03926470041 0.1039999962 0.4049867326
v -0.0378790617 0.1039999962 0.4057867319
v -0.0364934206 0.1039999962 0.4049867326
v -0.0364934206 0.1039999962 0.4033867342
v -0.01455865026 0.1039999962 0.380866316
v -0.01610413074 0.1039999962 0.3804522115
v -0.017235502 0.1039999962 0.381583584
v -0.01682139158 0.1039999962 0.3831290609
v -0.0152759099 0.1039999962 0.3835431749
v -0.01414453983 0.1039999962 0.3824118024
v 0.01729002118 0.1039999962 0.3819976885
v 0.01649002075 0.1039999962 0.3806120474
v 0.01489002109 0.1039999962 0.3806120474
v 0.01409002066 0.1039999962 0.3819976885
v 0.01489002109 0.1039999962 0.3833833295
v 0.01649002075 0.1039999962 0.3833833295
v 0.03901043177 0.1039999962 0.4053181059
v 0.039424541 0.1039999962 0.4037726194
v 0.03829317093 0.1039999962 0.402641247
v 0.03674768925 0.1039999962 0.403055361
v 0.03633358002 0.1039999962 0.4046008379
v 0.03746495008 0.1039999962 0.4057322103
v -0.04157505035 0.1039999962 0.4255110437
v -0.04058410645 0.1039999962 0.4263767511
v -0.03814292669 0.1039999962 0.4263767511
v -0.03814211607 0.1039999962 0.4264052278
v -0.03813968182 0.1039999962 0.4264336282
v -0.03813563585 0.1039999962 0.4264618379
v -0.03577875137 0.1039999962 0.4346270448
v -0.03169645071 0.1039999962 0.4420809251
v -0.02608559847 0.1039999962 0.4484640199
v -0.01921678066 0.1039999962 0.4534685022
v -0.01142124057 0.1039999962 0.4568530351
v -0.003074914813 0.1039999962 0.4584544069
v 0.005419697165 0.1039999962 0.4581953699
v 0.01365294695 0.1039999962 0.4560884554
v 0.02122778654 0.1039999962 0.4522352296
v 0.0277789259 0.1039999962 0.4468215257
v 0.03299043894 0.1039999962 0.4401084406
v 0.03661099672 0.1039999962 0.4324196703
v 0.03846600533 0.1039999962 0.4241260416
v 0.03846600533 0.1039999962 0.4156274683
v 0.03661099672 0.1039999962 0.40733383
v 0.03299043894 0.1039999962 0.3996450693
v 0.0277789259 0.1039999962 0.3929319746
v 0.02122778654 0.1039999962 0.3875182706
v 0.01365294695 0.1039999962 0.3836650545
v 0.005419697165 0.1039999962 0.3815581304
v -0.003074914813 0.1039999962 0.3812991029
v -0.01142124057 0.1039999962 0.3829004747
v -0.01921678066 0.1039999962 0.3862850076
v -0.02608559847 0.1039999962 0.3912894899
v -0.03169645071 0.1039999962 0.3976725847
v -0.03577875137 0.1039999962 0.405126465
v -0.03813563585 0.1039999962 0.4132916719
v -0.03813968182 0.1039999962 0.4133198816
v -0.03814211607 0.1039999962 0.4133482629
v -0.03814292669 0.1039999962 0.4133767587
v -0.04058410645 0.1039999962 0.4133767587
v -0.04157505035 0.1039999962 0.4142424661
v -0.04191280842 0.1039999962 0.4179937631
v -0.04191280842 0.1039999962 0.421760071
v -0.008500000238 0.1085000038 0.4499485475
v -0.008500000238 0.1085000038 0.4517632753
v -0.008000000119 0.1089999962 0.4518923647
v -0.008000000119 0.1089999962 0.4500853998
v 0.01729002118 0.1039999962 0.3819976885
v 0.01649002075 0.1039999962 0.3833833295
v 0.01489002109 0.1039999962 0.3833833295
v 0.01409002066 0.1039999962 0.3819976885
v 0.01489002109 0.1039999962 0.3806120474
v 0.01649002075 0.1039999962 0.3806120474
v 0.01729002118 0.1060000038 0.3819976885
v 0.01649002075 0.1060000038 0.3806120474
v 0.01489002109 0.1060000038 0.3806120474
v 0.01409002066 0.1060000038 0.3819976885
v 0.01489002109 0.1060000038 0.3833833295
v 0.01649002075 0.1060000038 0.3833833295
v 0.01729002118 0.1039999962 0.3819976885
v 0.01729002118 0.1060000038 0.3819976885
v -0.03992171288 0.1039999962 0.4333696062
v -0.03992171288 0.1060000038 0.4333696062
v -0.03948553801 0.1060000038 0.4327808267
v -0.03929069042 0.1060000038 0.4320744974
v -0.03936331749 0.1060000038 0.4313453752
v -0.03936331749 0.1039999962 0.4313453752
v -0.03929069042 0.1039999962 0.4320744974
v -0.03948553801 0.1039999962 0.4327808267
v -0.04207433701 0.1039999962 0.4268767435
v -0.04207433701 0.1060000038 0.4268767435
v -0.04253290653 0.1060000038 0.4267654115
v -0.04288936138 0.1060000038 0.4264561922
v -0.04306432247 0.1060000038 0.4260179216
v -0.04306432247 0.1039999962 0.4260179216
v -0.04288936138 0.1039999962 0.4264561922
v -0.04253290653 0.1039999962 0.4267654115
v -0.02875664473 0.1080000019 0.4036886293
v -0.02808255196 0.1080000019 0.4034478075
v -0.0273674202 0.1080000019 0.4034164983
v -0.02667486429 0.1080000019 0.4035974962
v -0.02183759928 0.1080000019 0.3975231916
v -0.01565200448 0.1080000019 0.3928290636
v -0.008500000238 0.1080000019 0.3898049623
v -0.008500000238 0.1080000019 0.3879902345
v -0.01464743257 0.1080000019 0.3903056032
v -0.02021445751 0.1080000019 0.3937927419
v -0.02498047829 0.1080000019 0.3983134538
v -0.04058410645 0.1039999962 0.4263767511
v -0.04058410645 0.1040669918 0.4261267549
v -0.04058410645 0.1042500019 0.4259437448
v -0.04058410645 0.1044999981 0.4258767587
v -0.03764292717 0.1044999981 0.4258767587
v -0.03799648046 0.1041464424 0.426023205
v -0.03814292669 0.1039999962 0.4263767511
v -0.008500000238 0.1080000019 0.3898049623
v -0.01565200448 0.1080000019 0.3928290636
v -0.02183759928 0.1080000019 0.3975231916
v -0.02667486429 0.1080000019 0.4035974962
v -0.02667486429 0.1060000038 0.4035974962
v -0.02232025385 0.1060000038 0.3980051119
v -0.01681742072 0.1060000038 0.3935378629
v -0.01044944525 0.1060000038 0.3904255754
v -0.003543918729 0.1060000038 0.3888283521
v 0.003543918729 0.1060000038 0.3888283521
v 0.01044944525 0.1060000038 0.3904255754
v 0.01681742072 0.1060000038 0.3935378629
v 0.02232025385 0.1060000038 0.3980051119
v 0.02667486429 0.1060000038 0.4035974962
v 0.02667486429 0.1080000019 0.4035974962
v 0.02183759928 0.1080000019 0.3975231916
v 0.01565200448 0.1080000019 0.3928290636
v 0.008500000238 0.1080000019 0.3898049623
v 0.008500000238 0.1085000038 0.3898049623
v 0.008000000119 0.1089999962 0.3896681005
v 0.002693342268 0.1089999962 0.3887430364
v -0.002693342268 0.1089999962 0.3887430364
v -0.008000000119 0.1089999962 0.3896681005
v -0.008500000238 0.1085000038 0.3898049623
v -0.008000000119 0.1089999962 0.4500853998
v -0.002693342268 0.1089999962 0.4510104639
v 0.002693342268 0.1089999962 0.4510104639
v 0.008000000119 0.1089999962 0.4500853998
v 0.008500000238 0.1085000038 0.4499485475
v 0.008500000238 0.1080000019 0.4499485475
v 0.01565200448 0.1080000019 0.4469244463
v 0.02183759928 0.1080000019 0.4422303087
v 0.02667486429 0.1080000019 0.4361560136
v 0.02667486429 0.1060000038 0.4361560136
v 0.02232025385 0.1060000038 0.441748398
v 0.01681742072 0.1060000038 0.4462156374
v 0.01044944525 0.1060000038 0.4493279344
v 0.003543918729 0.1060000038 0.4509251482
v -0.003543918729 0.1060000038 0.4509251482
v -0.01044944525 0.1060000038 0.4493279344
v -0.01681742072 0.1060000038 0.4462156374
v -0.02232025385 0.1060000038 0.441748398
v -0.02667486429 0.1060000038 0.4361560136
v -0.02667486429 0.1080000019 0.4361560136
v -0.02183759928 0.1080000019 0.4422303087
v -0.01565200448 0.1080000019 0.4469244463
v -0.008500000238 0.1080000019 0.4499485475
v -0.008500000238 0.1085000038 0.4499485475
v 0.02884928465 0.1060000038 0.4078650362
v 0.03064394474 0.1060000038 0.4137521249
v 0.03125 0.1060000038 0.4198767549
v 0.03064394474 0.1060000038 0.4260013849
v 0.02884928465 0.1060000038 0.4318884737
v 0.02884928465 0.1080000019 0.4318884737
v 0.03064394474 0.1080000019 0.4260013849
v 0.03125 0.1080000019 0.4198767549
v 0.03064394474 0.1080000019 0.4137521249
v 0.02884928465 0.1080000019 0.4078650362
v -0.01455865026 0.1039999962 0.380866316
v -0.01414453983 0.1039999962 0.3824118024
v -0.0152759099 0.1039999962 0.3835431749
v -0.01682139158 0.1039999962 0.3831290609
v -0.017235502 0.1039999962 0.381583584
v -0.01610413074 0.1039999962 0.3804522115
v -0.01455865026 0.1060000038 0.380866316
v -0.01610413074 0.1060000038 0.3804522115
v -0.017235502 0.1060000038 0.381583584
v -0.01682139158 0.1060000038 0.3831290609
v -0.0152759099 0.1060000038 0.3835431749
v -0.01414453983 0.1060000038 0.3824118024
v -0.01455865026 0.1039999962 0.380866316
v -0.01455865026 0.1060000038 0.380866316
v -0.03776979685 0.1060000038 0.4385647852
v -0.03997446537 0.1060000038 0.4377136881
v -0.04087883949 0.1060000038 0.4355303461
v -0.03992171288 0.1060000038 0.4333696062
v -0.03992171288 0.1039999962 0.4333696062
v -0.04087883949 0.1039999962 0.4355303461
v -0.03997446537 0.1039999962 0.4377136881
v -0.03776979685 0.1039999962 0.4385647852
v -0.04306432247 0.1060000038 0.4137355692
v -0.04306432247 0.1039999962 0.4137355692
v -0.04345151901 0.1039999962 0.4178235895
v -0.04345151901 0.1039999962 0.4219299013
v -0.04306432247 0.1039999962 0.4260179216
v -0.04306432247 0.1060000038 0.4260179216
v -0.04345151901 0.1060000038 0.4219299013
v -0.04345151901 0.1060000038 0.4178235895
v 0.02667486429 0.1080000019 0.4035974962
v 0.02667486429 0.1060000038 0.4035974962
v 0.02536434889 0.1060000038 0.4049865801
v 0.0254827857 0.1060000038 0.4068926222
v 0.02695518732 0.1060000038 0.4081087858
v 0.02884928465 0.1060000038 0.4078650362
v 0.02884928465 0.1080000019 0.4078650362
v 0.02940278769 0.1080000019 0.4074111349
v 0.02979780674 0.1080000019 0.4068141824
v 0.02999919891 0.1080000019 0.4061272794
v 0.02999919891 0.1119999981 0.4061272794
v 0.02895714283 0.1119999981 0.407796858
v 0.02701671839 0.1119999981 0.4081256754
v 0.0254827857 0.1119999981 0.4068926222
v 0.02538685083 0.1119999981 0.40492688
v 0.02679342508 0.1119999981 0.4035503179
v 0.02875664473 0.1119999981 0.4036886293
v 0.02875664473 0.1080000019 0.4036886293
v 0.02808255196 0.1080000019 0.4034478075
v 0.0273674202 0.1080000019 0.4034164983
v -0.02875664473 0.1080000019 0.4036886293
v -0.02875664473 0.1119999981 0.4036886293
v -0.02679342508 0.1119999981 0.4035503179
v -0.02538685083 0.1119999981 0.40492688
v -0.0254827857 0.1119999981 0.4068926222
v -0.02701671839 0.1119999981 0.4081256754
v -0.02895714283 0.1119999981 0.407796858
v -0.02999919891 0.1119999981 0.4061272794
v -0.02999919891 0.1080000019 0.4061272794
v -0.02979780674 0.1080000019 0.4068141824
v -0.02940278769 0.1080000019 0.4074111349
v -0.02884928465 0.1080000019 0.4078650362
v -0.02884928465 0.1060000038 0.4078650362
v -0.02695518732 0.1060000038 0.4081087858
v -0.0254827857 0.1060000038 0.4068926222
v -0.02536434889 0.1060000038 0.4049865801
v -0.02667486429 0.1060000038 0.4035974962
v -0.02667486429 0.1080000019 0.4035974962
v -0.0273674202 0.1080000019 0.4034164983
v -0.02808255196 0.1080000019 0.4034478075
v -0.04058410645 0.1044999981 0.4258767587
v -0.04058410645 0.1042500019 0.4259437448
v -0.04058410645 0.1040669918 0.4261267549
v -0.04058410645 0.1039999962 0.4263767511
v -0.04157505035 0.1039999962 0.4255110437
v -0.04132731438 0.1040669918 0.4254774744
v -0.0411459589 0.1042500019 0.4254528886
v -0.0410795784 0.1044999981 0.425443905
v -0.04099295616 0.1044999981 0.4256645853
v -0.04081441879 0.1044999981 0.4258205492
v -0.008500000238 0.1080000019 0.4499485475
v -0.008500000238 0.1080000019 0.4517632753
v -0.008500000238 0.1085000038 0.4517632753
v -0.008500000238 0.1085000038 0.4499485475
v -0.0378790617 0.1039999962 0.4025867349
v -0.0364934206 0.1039999962 0.4033867342
v -0.0364934206 0.1039999962 0.4049867326
v -0.0378790617 0.1039999962 0.4057867319
v -0.03926470041 0.1039999962 0.4049867326
v -0.03926470041 0.1039999962 0.4033867342
v -0.0378790617 0.1060000038 0.4025867349
v -0.03926470041 0.1060000038 0.4033867342
v -0.03926470041 0.1060000038 0.4049867326
v -0.0378790617 0.1060000038 0.4057867319
v -0.0364934206 0.1060000038 0.4049867326
v -0.0364934206 0.1060000038 0.4033867342
v -0.0378790617 0.1039999962 0.4025867349
v -0.0378790617 0.1060000038 0.4025867349
v -0.03776979685 0.1060000038 0.4385647852
v -0.03776979685 0.1039999962 0.4385647852
v -0.03704505682 0.1039999962 0.4386726839
v -0.03640781641 0.1039999962 0.4390343553
v -0.0359436059 0.1039999962 0.4396012766
v -0.0359436059 0.1060000038 0.4396012766
v -0.03640781641 0.1060000038 0.4390343553
v -0.03704505682 0.1060000038 0.4386726839
v -0.04306432247 0.1039999962 0.4137355692
v -0.04306432247 0.1060000038 0.4137355692
v -0.04288936138 0.1060000038 0.4132973177
v -0.04253290653 0.1060000038 0.4129880983
v -0.04207433701 0.1060000038 0.4128767473
v -0.04207433701 0.1039999962 0.4128767473
v -0.04253290653 0.1039999962 0.4129880983
v -0.04288936138 0.1039999962 0.4132973177
v 0.02875664473 0.1119999981 0.4036886293
v 0.02679342508 0.1119999981 0.4035503179
v 0.02538685083 0.1119999981 0.40492688
v 0.0254827857 0.1119999981 0.4068926222
v 0.02701671839 0.1119999981 0.4081256754
v 0.02895714283 0.1119999981 0.407796858
v 0.02999919891 0.1119999981 0.4061272794
v 0.0296075511 0.1119999981 0.4053030473
v 0.02919325829 0.1119999981 0.4044899542
v 0.02762120247 0.1119999981 0.4068030435
v 0.02667014599 0.1119999981 0.4061120683
v 0.02703341722 0.1119999981 0.4049940282
v 0.02820898771 0.1119999981 0.4049940282
v 0.02857225895 0.1119999981 0.4061120683
v -0.02816859245 0.1055000019 0.4138767511
v -0.02802214384 0.1058535576 0.4137303049
v -0.02766859055 0.1060000038 0.4133767587
v -0.03056652546 0.1060000038 0.4133767587
v -0.03080509424 0.1055000019 0.4138767511
v -0.02999919891 0.1119999981 0.4061272794
v -0.02895714283 0.1119999981 0.407796858
v -0.02701671839 0.1119999981 0.4081256754
v -0.0254827857 0.1119999981 0.4068926222
v -0.02538685083 0.1119999981 0.40492688
v -0.02679342508 0.1119999981 0.4035503179
v -0.02875664473 0.1119999981 0.4036886293
v -0.02919325829 0.1119999981 0.4044899542
v -0.0296075511 0.1119999981 0.4053030473
v -0.02762120247 0.1119999981 0.4048030454
v -0.02667014599 0.1119999981 0.4054940302
v -0.02703341722 0.1119999981 0.4066120607
v -0.02820898771 0.1119999981 0.4066120607
v -0.02857225895 0.1119999981 0.4054940302
v -0.02999919891 0.1080000019 0.4336262209
v -0.02979780674 0.1080000019 0.4329393274
v -0.02940278769 0.1080000019 0.4323423654
v -0.02884928465 0.1080000019 0.4318884737
v -0.03064394474 0.1080000019 0.4260013849
v -0.03125 0.1080000019 0.4198767549
v -0.03064394474 0.1080000019 0.4137521249
v -0.02884928465 0.1080000019 0.4078650362
v -0.02940278769 0.1080000019 0.4074111349
v -0.02979780674 0.1080000019 0.4068141824
v -0.02999919891 0.1080000019 0.4061272794
v -0.03224107265 0.1080000019 0.4128401834
v -0.03299999952 0.1080000019 0.4198767549
v -0.03224107265 0.1080000019 0.4269133073
v -0.0410795784 0.1044999981 0.425443905
v -0.0411459589 0.1042500019 0.4254528886
v -0.04132731438 0.1040669918 0.4254774744
v -0.04157505035 0.1039999962 0.4255110437
v -0.04191280842 0.1039999962 0.421760071
v -0.04191280842 0.1039999962 0.4179937631
v -0.04157505035 0.1039999962 0.4142424661
v -0.04132731438 0.1040669918 0.4142760355
v -0.0411459589 0.1042500019 0.4143006021
v -0.0410795784 0.1044999981 0.4143096048
v -0.04141331196 0.1044999981 0.418016041
v -0.04141331196 0.1044999981 0.4217374689
v 0.02884928465 0.1080000019 0.4318884737
v 0.02884928465 0.1060000038 0.4318884737
v 0.02695518732 0.1060000038 0.4316447145
v 0.0254827857 0.1060000038 0.4328608781
v 0.02536434889 0.1060000038 0.4347669107
v 0.02667486429 0.1060000038 0.4361560136
v 0.02667486429 0.1080000019 0.4361560136
v 0.0273674202 0.1080000019 0.436337002
v 0.02808255196 0.1080000019 0.4363057024
v 0.02875664473 0.1080000019 0.4360648805
v 0.02875664473 0.1119999981 0.4360648805
v 0.02679342508 0.1119999981 0.4362031824
v 0.02538685083 0.1119999981 0.4348266298
v 0.0254827857 0.1119999981 0.4328608781
v 0.02701671839 0.1119999981 0.4316278345
v 0.02895714283 0.1119999981 0.4319566423
v 0.02999919891 0.1119999981 0.4336262209
v 0.02999919891 0.1080000019 0.4336262209
v 0.02979780674 0.1080000019 0.4329393274
v 0.02940278769 0.1080000019 0.4323423654
v -0.02875664473 0.1080000019 0.4360648805
v -0.02498047829 0.1080000019 0.4414400369
v -0.02021445751 0.1080000019 0.4459607584
v -0.01464743257 0.1080000019 0.4494479067
v -0.008500000238 0.1080000019 0.4517632753
v -0.008500000238 0.1080000019 0.4499485475
v -0.01565200448 0.1080000019 0.4469244463
v -0.02183759928 0.1080000019 0.4422303087
v -0.02667486429 0.1080000019 0.4361560136
v -0.0273674202 0.1080000019 0.436337002
v -0.02808255196 0.1080000019 0.4363057024
v 0.02884928465 0.1060000038 0.4318884737
v 0.03064394474 0.1060000038 0.4260013849
v 0.03125 0.1060000038 0.4198767549
v 0.03064394474 0.1060000038 0.4137521249
v 0.02884928465 0.1060000038 0.4078650362
v 0.02695518732 0.1060000038 0.4081087858
v 0.0254827857 0.1060000038 0.4068926222
v 0.02536434889 0.1060000038 0.4049865801
v 0.02667486429 0.1060000038 0.4035974962
v 0.02232025385 0.1060000038 0.3980051119
v 0.01681742072 0.1060000038 0.3935378629
v 0.01044944525 0.1060000038 0.3904255754
v 0.003543918729 0.1060000038 0.3888283521
v -0.003543918729 0.1060000038 0.3888283521
v -0.01044944525 0.1060000038 0.3904255754
v -0.01681742072 0.1060000038 0.3935378629
v -0.02232025385 0.1060000038 0.3980051119
v -0.02667486429 0.1060000038 0.4035974962
v -0.02536434889 0.1060000038 0.4049865801
v -0.0254827857 0.1060000038 0.4068926222
v -0.02695518732 0.1060000038 0.4081087858
v -0.02884928465 0.1060000038 0.4078650362
v -0.02953470469 0.1060000038 0.4096657926
v -0.03010784388 0.1060000038 0.4115053636
v -0.03056652546 0.1060000038 0.4133767587
v -0.02766859055 0.1060000038 0.4133767587
v -0.02766859055 0.1060000038 0.4263767511
v -0.03056652546 0.1060000038 0.4263767511
v -0.03010784388 0.1060000038 0.4282481462
v -0.02953470469 0.1060000038 0.4300877077
v -0.02884928465 0.1060000038 0.4318884737
v -0.02695518732 0.1060000038 0.4316447145
v -0.0254827857 0.1060000038 0.4328608781
v -0.02536434889 0.1060000038 0.4347669107
v -0.02667486429 0.1060000038 0.4361560136
v -0.02232025385 0.1060000038 0.441748398
v -0.01681742072 0.1060000038 0.4462156374
v -0.01044944525 0.1060000038 0.4493279344
v -0.003543918729 0.1060000038 0.4509251482
v 0.003543918729 0.1060000038 0.4509251482
v 0.01044944525 0.1060000038 0.4493279344
v 0.01681742072 0.1060000038 0.4462156374
v 0.02232025385 0.1060000038 0.441748398
v 0.02667486429 0.1060000038 0.4361560136
v 0.02536434889 0.1060000038 0.4347669107
v 0.0254827857 0.1060000038 0.4328608781
v 0.02695518732 0.1060000038 0.4316447145
v -0.0275999999 0.1060000038 0.4255267603
v -0.02718583822 0.1060000038 0.423393696
v -0.02600353718 0.1060000038 0.421570614
v -0.02422491074 0.1060000038 0.4203224451
v -0.02210842609 0.1060000038 0.4198305589
v -0.01996165514 0.1060000038 0.420166443
v -0.01809656382 0.1060000038 0.4212813074
v -0.01678418756 0.1060000038 0.4230131036
v -0.01621524215 0.1060000038 0.4251101762
v -0.01647240639 0.1060000038 0.4272677881
v -0.01751830935 0.1060000038 0.4291724092
v -0.01920095921 0.1060000038 0.4305472261
v -0.02127583504 0.1060000038 0.4311924822
v -0.02344141245 0.1060000038 0.4310143739
v -0.02538299322 0.1060000038 0.4300388223
v -0.02681842566 0.1060000038 0.4284075624
v -0.02753911018 0.1060000038 0.4263576776
v -0.0275847578 0.1060000038 0.4259433252
v -0.0275999999 0.1060000038 0.4132267458
v -0.02669514418 0.1060000038 0.4101450998
v -0.02426786661 0.1060000038 0.4080418474
v -0.0210888052 0.1060000038 0.4075847704
v -0.01816729426 0.1060000038 0.4089189798
v -0.01643089056 0.1060000038 0.4116208727
v -0.01643089056 0.1060000038 0.4148326189
v -0.01816729426 0.1060000038 0.4175345308
v -0.0210888052 0.1060000038 0.4188687402
v -0.02426786661 0.1060000038 0.4184116632
v -0.02669514418 0.1060000038 0.4163084108
v -0.01799999952 0.1060000038 0.401876753
v -0.02012131929 0.1060000038 0.4009980756
v -0.02099999905 0.1060000038 0.3988767511
v -0.02012131929 0.1060000038 0.3967554361
v -0.01799999952 0.1060000038 0.3958767492
v -0.01587867975 0.1060000038 0.3967554361
v -0.015 0.1060000038 0.3988767511
v -0.01587867975 0.1060000038 0.4009980756
v 0.01799999952 0.1060000038 0.401876753
v 0.01587867975 0.1060000038 0.4009980756
v 0.015 0.1060000038 0.3988767511
v 0.01587867975 0.1060000038 0.3967554361
v 0.01799999952 0.1060000038 0.3958767492
v 0.02012131929 0.1060000038 0.3967554361
v 0.02099999905 0.1060000038 0.3988767511
v 0.02012131929 0.1060000038 0.4009980756
v -0.01799999952 0.1060000038 0.4438767511
v -0.02012131929 0.1060000038 0.4429980737
v -0.02099999905 0.1060000038 0.4408767587
v -0.02012131929 0.1060000038 0.4387554247
v -0.01799999952 0.1060000038 0.4378767473
v -0.01587867975 0.1060000038 0.4387554247
v -0.015 0.1060000038 0.4408767587
v -0.01587867975 0.1060000038 0.4429980737
v 0.01799999952 0.1060000038 0.4438767511
v 0.01587867975 0.1060000038 0.4429980737
v 0.015 0.1060000038 0.4408767587
v 0.01587867975 0.1060000038 0.4387554247
v 0.01799999952 0.1060000038 0.4378767473
v 0.02012131929 0.1060000038 0.4387554247
v 0.02099999905 0.1060000038 0.4408767587
v 0.02012131929 0.1060000038 0.4429980737
v 0.01704238892 0.1060000038 0.4139675409
v 0.02020760536 0.1060000038 0.4133928758
v 0.02326073647 0.1060000038 0.4144064027
v 0.02545393705 0.1060000038 0.4167598421
v 0.02625 0.1060000038 0.4198767549
v 0.02545393705 0.1060000038 0.4229936678
v 0.02326073647 0.1060000038 0.4253471071
v 0.02020760536 0.1060000038 0.4263606149
v 0.01704238892 0.1060000038 0.4257859689
v 0.01558184147 0.1060000038 0.425520714
v 0.01417292714 0.1060000038 0.425988167
v 0.01316060185 0.1060000038 0.427073868
v 0.00987052381 0.1060000038 0.4311715585
v 0.005368974805 0.1060000038 0.4338829691
v 0.0002084576897 0.1060000038 0.4348753053
v -0.004977644682 0.1060000038 0.4340267641
v -0.009552809596 0.1060000038 0.4314415247
v -0.0129554975 0.1060000038 0.4274368555
v -0.01476807594 0.1060000038 0.4225042802
v -0.01476807594 0.1060000038 0.4172492296
v -0.0129554975 0.1060000038 0.4123166544
v -0.009552809596 0.1060000038 0.4083119852
v -0.004977644682 0.1060000038 0.4057267362
v 0.0002084576897 0.1060000038 0.4048782045
v 0.005368974805 0.1060000038 0.4058705312
v 0.00987052381 0.1060000038 0.4085819418
v 0.01316060185 0.1060000038 0.4126796228
v 0.01417292714 0.1060000038 0.4137653238
v 0.01558184147 0.1060000038 0.4142327768
v 0.008997402787 0.1060000038 0.4391717416
v 0.01027623057 0.1060000038 0.4419142038
v 0.01053269386 0.1060000038 0.4435655672
v 0.009865874648 0.1060000038 0.445097912
v 0.008482691646 0.1060000038 0.4460357553
v 0.002869208455 0.1060000038 0.4472266657
v -0.002869208455 0.1060000038 0.4472266657
v -0.008482691646 0.1060000038 0.4460357553
v -0.009865874648 0.1060000038 0.445097912
v -0.01053269386 0.1060000038 0.4435655672
v -0.01027623057 0.1060000038 0.4419142038
v -0.008997402787 0.1060000038 0.4391717416
v -0.008111968637 0.1060000038 0.4380650789
v -0.006817321777 0.1060000038 0.437488392
v -0.005402412415 0.1060000038 0.4375703699
v -0.001824463457 0.1060000038 0.4382865602
v 0.001824463457 0.1060000038 0.4382865602
v 0.005402412415 0.1060000038 0.4375703699
v 0.006817321777 0.1060000038 0.437488392
v 0.008111968637 0.1060000038 0.4380650789
v -0.008482691646 0.1060000038 0.3937177354
v -0.002869208455 0.1060000038 0.3925268442
v 0.002869208455 0.1060000038 0.3925268442
v 0.008482691646 0.1060000038 0.3937177354
v 0.009865874648 0.1060000038 0.3946555883
v 0.01053269386 0.1060000038 0.3961879427
v 0.01027623057 0.1060000038 0.397839306
v 0.008997402787 0.1060000038 0.4005817587
v 0.008111968637 0.1060000038 0.4016884214
v 0.006817321777 0.1060000038 0.4022651178
v 0.005402412415 0.1060000038 0.40218314
v 0.001824463457 0.1060000038 0.4014669401
v -0.001824463457 0.1060000038 0.4014669401
v -0.005402412415 0.1060000038 0.40218314
v -0.006817321777 0.1060000038 0.4022651178
v -0.008111968637 0.1060000038 0.4016884214
v -0.008997402787 0.1060000038 0.4005817587
v -0.01027623057 0.1060000038 0.397839306
v -0.01053269386 0.1060000038 0.3961879427
v -0.009865874648 0.1060000038 0.3946555883
v -0.03901043177 0.1039999962 0.4344353944
v -0.03746495008 0.1039999962 0.43402129
v -0.03633358002 0.1039999962 0.4351526529
v -0.03674768925 0.1039999962 0.4366981393
v -0.03829317093 0.1039999962 0.4371122629
v -0.039424541 0.1039999962 0.4359808809
v -0.03901043177 0.1060000038 0.4344353944
v -0.039424541 0.1060000038 0.4359808809
v -0.03829317093 0.1060000038 0.4371122629
v -0.03674768925 0.1060000038 0.4366981393
v -0.03633358002 0.1060000038 0.4351526529
v -0.03746495008 0.1060000038 0.43402129
v -0.03901043177 0.1039999962 0.4344353944
v -0.03901043177 0.1060000038 0.4344353944
v -0.01972453117 0.1060000038 0.4558203584
v -0.02612636328 0.1060000038 0.4514744264
v -0.03159767628 0.1060000038 0.4460031206
v -0.0359436059 0.1060000038 0.4396012766
v -0.0359436059 0.1039999962 0.4396012766
v -0.03159767628 0.1039999962 0.4460031206
v -0.02612636328 0.1039999962 0.4514744264
v -0.01972453117 0.1039999962 0.4558203584
v -0.04123105526 0.1039999962 0.4128767473
v -0.04207433701 0.1039999962 0.4128767473
v -0.04207433701 0.1060000038 0.4128767473
v -0.04123105526 0.1060000038 0.4128767473
v -0.02816859245 0.105 0.4138767511
v -0.02816859245 0.105 0.4258767587
v -0.02816859245 0.1055000019 0.4258767587
v -0.02816859245 0.1055000019 0.4138767511
v -0.02766859055 0.1060000038 0.4133767587
v -0.02802214384 0.1058535576 0.4137303049
v -0.02816859245 0.1055000019 0.4138767511
v -0.02816859245 0.1055000019 0.4258767587
v -0.02766859055 0.1060000038 0.4263767511
v -0.02762120247 0.1118000031 0.4066030485
v -0.02838204861 0.1118000031 0.4060502607
v -0.02809143066 0.1118000031 0.4051558286
v -0.02715097427 0.1118000031 0.4051558286
v -0.02686035633 0.1118000031 0.4060502607
v -0.02762120247 0.1119999981 0.4048030454
v -0.02857225895 0.1119999981 0.4054940302
v -0.02820898771 0.1119999981 0.4066120607
v -0.02703341722 0.1119999981 0.4066120607
v -0.02667014599 0.1119999981 0.4054940302
v -0.02667014599 0.1119999981 0.4054940302
v -0.02715097427 0.1118000031 0.4051558286
v -0.02875664473 0.1080000019 0.4360648805
v -0.02808255196 0.1080000019 0.4363057024
v -0.0273674202 0.1080000019 0.436337002
v -0.02667486429 0.1080000019 0.4361560136
v -0.02667486429 0.1060000038 0.4361560136
v -0.02536434889 0.1060000038 0.4347669107
v -0.0254827857 0.1060000038 0.4328608781
v -0.02695518732 0.1060000038 0.4316447145
v -0.02884928465 0.1060000038 0.4318884737
v -0.02884928465 0.1080000019 0.4318884737
v -0.02940278769 0.1080000019 0.4323423654
v -0.02979780674 0.1080000019 0.4329393274
v -0.02999919891 0.1080000019 0.4336262209
v -0.02999919891 0.1119999981 0.4336262209
v -0.02895714283 0.1119999981 0.4319566423
v -0.02701671839 0.1119999981 0.4316278345
v -0.0254827857 0.1119999981 0.4328608781
v -0.02538685083 0.1119999981 0.4348266298
v -0.02679342508 0.1119999981 0.4362031824
v -0.02875664473 0.1119999981 0.4360648805
v -0.0410795784 0.1044999981 0.4143096048
v -0.0411459589 0.1042500019 0.4143006021
v -0.04132731438 0.1040669918 0.4142760355
v -0.04157505035 0.1039999962 0.4142424661
v -0.04058410645 0.1039999962 0.4133767587
v -0.04058410645 0.1040669918 0.4136267549
v -0.04058410645 0.1042500019 0.413809765
v -0.04058410645 0.1044999981 0.4138767511
v -0.04081441879 0.1044999981 0.4139329607
v -0.04099295616 0.1044999981 0.4140889246
v -0.03764292717 0.1027999973 0.4258767587
v -0.0379171896 0.1027999973 0.4259586794
v -0.03810156584 0.1027999973 0.4261776239
v -0.03813563585 0.1027999973 0.4264618379
v -0.03813563585 0.1039999962 0.4264618379
v -0.03813968182 0.1039999962 0.4264336282
v -0.03814211607 0.1039999962 0.4264052278
v -0.03814292669 0.1039999962 0.4263767511
v -0.03799648046 0.1041464424 0.426023205
v -0.03764292717 0.1044999981 0.4258767587
v -0.0410795784 0.105 0.425443905
v -0.04099295616 0.105 0.4256645853
v -0.04081441879 0.105 0.4258205492
v -0.04058410645 0.105 0.4258767587
v -0.04058410645 0.1044999981 0.4258767587
v -0.04081441879 0.1044999981 0.4258205492
v -0.04099295616 0.1044999981 0.4256645853
v -0.0410795784 0.1044999981 0.425443905
v -0.03571976662 0.1025 0.4134123689
v -0.0354245615 0.1027999973 0.4134657938
v -0.03551640749 0.1027999973 0.4136765367
v -0.03569284201 0.1027999973 0.4138238985
v -0.03591656923 0.1027999973 0.4138767511
v -0.03591656923 0.1025 0.4135767442
v -0.03582707882 0.1025 0.4135556108
v -0.03575650454 0.1025 0.4134966737
v 0.01349284649 0.1039999962 0.4597984583
v 0.01349284649 0.1060000038 0.4597984583
v 0.01290408254 0.1060000038 0.4593622858
v 0.01219773769 0.1060000038 0.4591674501
v 0.01146861792 0.1060000038 0.4592400629
v 0.01146861792 0.1039999962 0.4592400629
v 0.01219773769 0.1039999962 0.4591674501
v 0.01290408254 0.1039999962 0.4593622858
v -0.03776979685 0.1039999962 0.4011887247
v -0.03776979685 0.1060000038 0.4011887247
v -0.03704505682 0.1060000038 0.401080826
v -0.03640781641 0.1060000038 0.400719145
v -0.0359436059 0.1060000038 0.4001522237
v -0.0359436059 0.1039999962 0.4001522237
v -0.03640781641 0.1039999962 0.400719145
v -0.03704505682 0.1039999962 0.401080826
v -0.02842120171 0.1118000031 0.4339504511
v -0.02786841631 0.1118000031 0.4331896097
v -0.02697398901 0.1118000031 0.4334802324
v -0.02697398901 0.1118000031 0.4344206888
v -0.02786841631 0.1118000031 0.4347113115
v -0.02762120247 0.1119999981 0.4349504549
v -0.02667014599 0.1119999981 0.4342594797
v -0.02703341722 0.1119999981 0.4331414491
v -0.02820898771 0.1119999981 0.4331414491
v -0.02857225895 0.1119999981 0.4342594797
v -0.02697398901 0.1118000031 0.4344206888
v -0.02667014599 0.1119999981 0.4342594797
v 0.01799999952 0.1144999981 0.3963767511
v 0.01976776719 0.1144999981 0.3971089822
v 0.02049999952 0.1144999981 0.3988767511
v 0.01976776719 0.1144999981 0.40064452
v 0.01799999952 0.1144999981 0.4013767511
v 0.01623223305 0.1144999981 0.40064452
v 0.01549999952 0.1144999981 0.3988767511
v 0.01623223305 0.1144999981 0.3971089822
v 0.015 0.1139999962 0.3988767511
v 0.01587867975 0.1139999962 0.4009980756
v 0.01799999952 0.1139999962 0.401876753
v 0.02012131929 0.1139999962 0.4009980756
v 0.02099999905 0.1139999962 0.3988767511
v 0.02012131929 0.1139999962 0.3967554361
v 0.01799999952 0.1139999962 0.3958767492
v 0.01587867975 0.1139999962 0.3967554361
v 0.02049999952 0.1144999981 0.3988767511
v 0.02099999905 0.1139999962 0.3988767511
v 0.015 0.1139999962 0.3988767511
v 0.01587867975 0.1139999962 0.3967554361
v 0.01799999952 0.1139999962 0.3958767492
v 0.02012131929 0.1139999962 0.3967554361
v 0.02099999905 0.1139999962 0.3988767511
v 0.02012131929 0.1139999962 0.4009980756
v 0.01799999952 0.1139999962 0.401876753
v 0.01587867975 0.1139999962 0.4009980756
v 0.01799999952 0.1060000038 0.401876753
v 0.02012131929 0.1060000038 0.4009980756
v 0.02099999905 0.1060000038 0.3988767511
v 0.02012131929 0.1060000038 0.3967554361
v 0.01799999952 0.1060000038 0.3958767492
v 0.01587867975 0.1060000038 0.3967554361
v 0.015 0.1060000038 0.3988767511
v 0.01587867975 0.1060000038 0.4009980756
v 0.01799999952 0.1060000038 0.3958767492
v 0.01799999952 0.1139999962 0.3958767492
v -0.03591656923 0.1044999981 0.4138767511
v -0.02946859121 0.1044999981 0.4138767511
v -0.02940160513 0.1047500038 0.4138767511
v -0.02921859026 0.1049330139 0.4138767511
v -0.02896859169 0.105 0.4138767511
v -0.02816859245 0.105 0.4138767511
v -0.02816859245 0.1055000019 0.4138767511
v -0.03080509424 0.1055000019 0.4138767511
v -0.03168694496 0.105 0.4138767511
v -0.04058410645 0.105 0.4138767511
v -0.04058410645 0.1044999981 0.4138767511
v -0.03764292717 0.1044999981 0.4138767511
v -0.03764292717 0.1027999973 0.4138767511
v -0.03591656923 0.1027999973 0.4138767511
v -0.0410795784 0.105 0.4143096048
v -0.04141331196 0.105 0.418016041
v -0.04141331196 0.105 0.4217374689
v -0.0410795784 0.105 0.425443905
v -0.0410795784 0.1044999981 0.425443905
v -0.04141331196 0.1044999981 0.4217374689
v -0.04141331196 0.1044999981 0.418016041
v -0.0410795784 0.1044999981 0.4143096048
v -0.03571976662 0.1025 0.4134123689
v -0.03333580732 0.1025 0.4055096418
v -0.02922808647 0.1025 0.3983498174
v -0.02360901356 0.1025 0.3923031313
v -0.01676914096 0.1025 0.3876822549
v -0.009062153101 0.1025 0.3847261125
v -0.0008865709603 0.1025 0.383587578
v 0.007334854603 0.1025 0.3843255216
v 0.01517700315 0.1025 0.386901787
v 0.02223436356 0.1025 0.3911831457
v 0.02814200878 0.1025 0.3969482214
v 0.03259445906 0.1025 0.4038989145
v 0.0353614831 0.1025 0.4116758043
v 0.03630000114 0.1025 0.4198767549
v 0.0353614831 0.1025 0.4280777055
v 0.03259445906 0.1025 0.4358545953
v 0.02814200878 0.1025 0.4428052789
v 0.02223436356 0.1025 0.4485703546
v 0.01517700315 0.1025 0.4528517229
v 0.007334854603 0.1025 0.4554279787
v -0.0008865709603 0.1025 0.4561659319
v -0.009062153101 0.1025 0.4550273973
v -0.01676914096 0.1025 0.4520712549
v -0.02360901356 0.1025 0.4474503786
v -0.02922808647 0.1025 0.4414036829
v -0.03333580732 0.1025 0.4342438585
v -0.03571976662 0.1025 0.4263411409
v -0.0354245615 0.1027999973 0.4262877161
v -0.03306030512 0.1027999973 0.434125126
v -0.02898653269 0.1027999973 0.4412257845
v -0.02341389656 0.1027999973 0.4472224886
v -0.01663055301 0.1027999973 0.4518051798
v -0.008987259269 0.1027999973 0.454736889
v -0.0008792439103 0.1027999973 0.4558660204
v 0.007274236083 0.1027999973 0.4551341707
v 0.01505157351 0.1027999973 0.4525792009
v 0.02205060959 0.1027999973 0.448333214
v 0.02790942907 0.1027999973 0.4426157838
v 0.03232508183 0.1027999973 0.4357225496
v 0.03506923914 0.1027999973 0.4280099184
v 0.03599999905 0.1027999973 0.4198767549
v 0.03506923914 0.1027999973 0.4117435724
v 0.03232508183 0.1027999973 0.4040309602
v 0.02790942907 0.1027999973 0.3971377165
v 0.02205060959 0.1027999973 0.3914202863
v 0.01505157351 0.1027999973 0.3871742994
v 0.007274236083 0.1027999973 0.3846193391
v -0.0008792439103 0.1027999973 0.3838874895
v -0.008987259269 0.1027999973 0.3850166113
v -0.01663055301 0.1027999973 0.3879483205
v -0.02341389656 0.1027999973 0.3925310117
v -0.02898653269 0.1027999973 0.3985277254
v -0.03306030512 0.1027999973 0.4056283743
v -0.0354245615 0.1027999973 0.4134657938
v 0.02682120323 0.1118000031 0.4339504511
v 0.02737398863 0.1118000031 0.4331896097
v 0.02826841593 0.1118000031 0.4334802324
v 0.02826841593 0.1118000031 0.4344206888
v 0.02737398863 0.1118000031 0.4347113115
v 0.02762120247 0.1119999981 0.4349504549
v 0.02857225895 0.1119999981 0.4342594797
v 0.02820898771 0.1119999981 0.4331414491
v 0.02703341722 0.1119999981 0.4331414491
v 0.02667014599 0.1119999981 0.4342594797
v 0.02826841593 0.1118000031 0.4344206888
v 0.02857225895 0.1119999981 0.4342594797
v 0.01868803024 0.1060000038 0.4576465494
v 0.01783694386 0.1060000038 0.4598512155
v 0.01565359235 0.1060000038 0.4607555849
v 0.01349284649 0.1060000038 0.4597984583
v 0.01349284649 0.1039999962 0.4597984583
v 0.01565359235 0.1039999962 0.4607555849
v 0.01783694386 0.1039999962 0.4598512155
v 0.01868803024 0.1039999962 0.4576465494
v -0.0359436059 0.1060000038 0.4001522237
v -0.03159767628 0.1060000038 0.3937503893
v -0.02612636328 0.1060000038 0.3882790739
v -0.01972453117 0.1060000038 0.3839331419
v -0.01972453117 0.1039999962 0.3839331419
v -0.02612636328 0.1039999962 0.3882790739
v -0.03159767628 0.1039999962 0.3937503893
v -0.0359436059 0.1039999962 0.4001522237
v -0.0274000001 0.1042000008 0.4255267603
v -0.02652689457 0.1042000008 0.4285002786
v -0.02418478251 0.1042000008 0.4305297357
v -0.02111726761 0.1042000008 0.4309707719
v -0.01829826593 0.1042000008 0.4296833688
v -0.01662278891 0.1042000008 0.4270762903
v -0.01662278891 0.1042000008 0.4239772302
v -0.01829826593 0.1042000008 0.4213701326
v -0.02111726761 0.1042000008 0.4200827295
v -0.02418478251 0.1042000008 0.4205237848
v -0.02652689457 0.1042000008 0.4225532228
v -0.01620000005 0.1039999962 0.4255267603
v -0.0166338861 0.1039999962 0.4277080423
v -0.01786949158 0.1039999962 0.4295572549
v -0.01971870422 0.1039999962 0.4307928735
v -0.02190000057 0.1039999962 0.4312267572
v -0.02408129454 0.1039999962 0.4307928735
v -0.02593050957 0.1039999962 0.4295572549
v -0.02716611385 0.1039999962 0.4277080423
v -0.0275999999 0.1039999962 0.4255267603
v -0.02716611385 0.1039999962 0.4233454591
v -0.02593050957 0.1039999962 0.4214962465
v -0.02408129454 0.1039999962 0.420260647
v -0.02190000057 0.1039999962 0.4198267442
v -0.01971870422 0.1039999962 0.420260647
v -0.01786949158 0.1039999962 0.4214962465
v -0.0166338861 0.1039999962 0.4233454591
v -0.0275999999 0.1039999962 0.4255267603
v -0.0274000001 0.1042000008 0.4255267603
v -0.01799999952 0.1144999981 0.4383767587
v -0.01623223305 0.1144999981 0.4391089899
v -0.01549999952 0.1144999981 0.4408767587
v -0.01623223305 0.1144999981 0.4426445276
v -0.01799999952 0.1144999981 0.4433767587
v -0.01976776719 0.1144999981 0.4426445276
v -0.02049999952 0.1144999981 0.4408767587
v -0.01976776719 0.1144999981 0.4391089899
v -0.02099999905 0.1139999962 0.4408767587
v -0.02012131929 0.1139999962 0.4429980737
v -0.01799999952 0.1139999962 0.4438767511
v -0.01587867975 0.1139999962 0.4429980737
v -0.015 0.1139999962 0.4408767587
v -0.01587867975 0.1139999962 0.4387554247
v -0.01799999952 0.1139999962 0.4378767473
v -0.02012131929 0.1139999962 0.4387554247
v -0.01549999952 0.1144999981 0.4408767587
v -0.015 0.1139999962 0.4408767587
v -0.02099999905 0.1139999962 0.4408767587
v -0.02012131929 0.1139999962 0.4387554247
v -0.01799999952 0.1139999962 0.4378767473
v -0.01587867975 0.1139999962 0.4387554247
v -0.015 0.1139999962 0.4408767587
v -0.01587867975 0.1139999962 0.4429980737
v -0.01799999952 0.1139999962 0.4438767511
v -0.02012131929 0.1139999962 0.4429980737
v -0.01799999952 0.1060000038 0.4438767511
v -0.01587867975 0.1060000038 0.4429980737
v -0.015 0.1060000038 0.4408767587
v -0.01587867975 0.1060000038 0.4387554247
v -0.01799999952 0.1060000038 0.4378767473
v -0.02012131929 0.1060000038 0.4387554247
v -0.02099999905 0.1060000038 0.4408767587
v -0.02012131929 0.1060000038 0.4429980737
v -0.01799999952 0.1060000038 0.4378767473
v -0.01799999952 0.1139999962 0.4378767473
v -0.03056652546 0.1060000038 0.4263767511
v -0.03080509424 0.1055000019 0.4258767587
v -0.03168694496 0.105 0.4258767587
v -0.03218727589 0.105 0.4218871767
v -0.03218727589 0.105 0.4178663332
v -0.03168694496 0.105 0.4138767511
v -0.03080509424 0.1055000019 0.4138767511
v -0.03056652546 0.1060000038 0.4133767587
v -0.03117381096 0.1060000038 0.4176959306
v -0.03117381096 0.1060000038 0.4220575792
v -0.04058410645 0.105 0.4138767511
v -0.04081441879 0.105 0.4139329607
v -0.04099295616 0.105 0.4140889246
v -0.0410795784 0.105 0.4143096048
v -0.0410795784 0.1044999981 0.4143096048
v -0.04099295616 0.1044999981 0.4140889246
v -0.04081441879 0.1044999981 0.4139329607
v -0.04058410645 0.1044999981 0.4138767511
v -0.04058410645 0.105 0.4138767511
v -0.03168694496 0.105 0.4138767511
v -0.03218727589 0.105 0.4178663332
v -0.03218727589 0.105 0.4218871767
v -0.03168694496 0.105 0.4258767587
v -0.04058410645 0.105 0.4258767587
v -0.04081441879 0.105 0.4258205492
v -0.04099295616 0.105 0.4256645853
v -0.0410795784 0.105 0.425443905
v -0.04141331196 0.105 0.4217374689
v -0.04141331196 0.105 0.418016041
v -0.0410795784 0.105 0.4143096048
v -0.04099295616 0.105 0.4140889246
v -0.04081441879 0.105 0.4139329607
v -0.03764292717 0.1025 0.4261767465
v -0.03764292717 0.1027999973 0.4258767587
v -0.03591656923 0.1027999973 0.4258767587
v -0.03591656923 0.1025 0.4261767465
v -0.03591656923 0.1025 0.4261767465
v -0.03591656923 0.1027999973 0.4258767587
v -0.03569284201 0.1027999973 0.4259295923
v -0.03551640749 0.1027999973 0.4260769731
v -0.0354245615 0.1027999973 0.4262877161
v -0.03571976662 0.1025 0.4263411409
v -0.03575650454 0.1025 0.4262568361
v -0.03582707882 0.1025 0.426197899
v 0.01868803024 0.1060000038 0.4576465494
v 0.01868803024 0.1039999962 0.4576465494
v 0.01879592776 0.1039999962 0.4569218141
v 0.01915760994 0.1039999962 0.4562845689
v 0.01972453117 0.1039999962 0.4558203584
v 0.01972453117 0.1060000038 0.4558203584
v 0.01915760994 0.1060000038 0.4562845689
v 0.01879592776 0.1060000038 0.4569218141
v -0.01868803024 0.1060000038 0.3821069605
v -0.01868803024 0.1039999962 0.3821069605
v -0.01879592776 0.1039999962 0.3828316957
v -0.01915760994 0.1039999962 0.3834689314
v -0.01972453117 0.1039999962 0.3839331419
v -0.01972453117 0.1060000038 0.3839331419
v -0.01915760994 0.1060000038 0.3834689314
v -0.01879592776 0.1060000038 0.3828316957
v -0.0274000001 0.1042000008 0.4132267458
v -0.02652689457 0.1042000008 0.4162002832
v -0.02418478251 0.1042000008 0.4182297212
v -0.02111726761 0.1042000008 0.4186707765
v -0.01829826593 0.1042000008 0.4173833734
v -0.01662278891 0.1042000008 0.4147762758
v -0.01662278891 0.1042000008 0.4116772157
v -0.01829826593 0.1042000008 0.4090701276
v -0.02111726761 0.1042000008 0.4077827341
v -0.02418478251 0.1042000008 0.4082237798
v -0.02652689457 0.1042000008 0.4102532274
v -0.01620000005 0.1039999962 0.4132267458
v -0.0166338861 0.1039999962 0.4154080469
v -0.01786949158 0.1039999962 0.4172572595
v -0.01971870422 0.1039999962 0.418492859
v -0.02190000057 0.1039999962 0.4189267427
v -0.02408129454 0.1039999962 0.418492859
v -0.02593050957 0.1039999962 0.4172572595
v -0.02716611385 0.1039999962 0.4154080469
v -0.0275999999 0.1039999962 0.4132267458
v -0.02716611385 0.1039999962 0.4110454637
v -0.02593050957 0.1039999962 0.4091962415
v -0.02408129454 0.1039999962 0.407960642
v -0.02190000057 0.1039999962 0.4075267488
v -0.01971870422 0.1039999962 0.407960642
v -0.01786949158 0.1039999962 0.4091962415
v -0.0166338861 0.1039999962 0.4110454637
v -0.0275999999 0.1039999962 0.4132267458
v -0.0274000001 0.1042000008 0.4132267458
v 0.01799999952 0.1144999981 0.4383767587
v 0.01976776719 0.1144999981 0.4391089899
v 0.02049999952 0.1144999981 0.4408767587
v 0.01976776719 0.1144999981 0.4426445276
v 0.01799999952 0.1144999981 0.4433767587
v 0.01623223305 0.1144999981 0.4426445276
v 0.01549999952 0.1144999981 0.4408767587
v 0.01623223305 0.1144999981 0.4391089899
v 0.015 0.1139999962 0.4408767587
v 0.01587867975 0.1139999962 0.4429980737
v 0.01799999952 0.1139999962 0.4438767511
v 0.02012131929 0.1139999962 0.4429980737
v 0.02099999905 0.1139999962 0.4408767587
v 0.02012131929 0.1139999962 0.4387554247
v 0.01799999952 0.1139999962 0.4378767473
v 0.01587867975 0.1139999962 0.4387554247
v 0.02049999952 0.1144999981 0.4408767587
v 0.02099999905 0.1139999962 0.4408767587
v 0.015 0.1139999962 0.4408767587
v 0.01587867975 0.1139999962 0.4387554247
v 0.01799999952 0.1139999962 0.4378767473
v 0.02012131929 0.1139999962 0.4387554247
v 0.02099999905 0.1139999962 0.4408767587
v 0.02012131929 0.1139999962 0.4429980737
v 0.01799999952 0.1139999962 0.4438767511
v 0.01587867975 0.1139999962 0.4429980737
v 0.01799999952 0.1060000038 0.4438767511
v 0.02012131929 0.1060000038 0.4429980737
v 0.02099999905 0.1060000038 0.4408767587
v 0.02012131929 0.1060000038 0.4387554247
v 0.01799999952 0.1060000038 0.4378767473
v 0.01587867975 0.1060000038 0.4387554247
v 0.015 0.1060000038 0.4408767587
v 0.01587867975 0.1060000038 0.4429980737
v 0.01799999952 0.1060000038 0.4378767473
v 0.01799999952 0.1139999962 0.4378767473
v -0.03764292717 0.1025 0.4135767442
v -0.03764292717 0.1027999973 0.4138767511
v -0.0379171896 0.1027999973 0.4137948114
v -0.03810156584 0.1027999973 0.4135758669
v -0.03813563585 0.1027999973 0.4132916719
v -0.03784001112 0.1025 0.4133427126
v -0.03782638311 0.1025 0.4134564096
v -0.03775263309 0.1025 0.413543976
v -0.03784001112 0.1025 0.4264107782
v -0.03813563585 0.1027999973 0.4264618379
v -0.03810156584 0.1027999973 0.4261776239
v -0.0379171896 0.1027999973 0.4259586794
v -0.03764292717 0.1027999973 0.4258767587
v -0.03764292717 0.1025 0.4261767465
v -0.03775263309 0.1025 0.4262095338
v -0.03782638311 0.1025 0.4262971002
v -0.03591656923 0.1025 0.4135767442
v -0.03591656923 0.1027999973 0.4138767511
v -0.03764292717 0.1027999973 0.4138767511
v -0.03764292717 0.1025 0.4135767442
v -0.0354245615 0.104007988 0.4262877161
v -0.0354245615 0.1027999973 0.4262877161
v -0.03551640749 0.1027999973 0.4260769731
v -0.03569284201 0.1027999973 0.4259295923
v -0.03591656923 0.1027999973 0.4258767587
v -0.03591656923 0.1044999981 0.4258767587
v 0.02762120247 0.1075 0.4331504518
v 0.02838204861 0.1075 0.4337032396
v 0.02809143066 0.1075 0.4345976717
v 0.02715097427 0.1075 0.4345976717
v 0.02686035633 0.1075 0.4337032396
v 0.02682120323 0.1118000031 0.4339504511
v 0.02737398863 0.1118000031 0.4347113115
v 0.02826841593 0.1118000031 0.4344206888
v 0.02826841593 0.1118000031 0.4334802324
v 0.02737398863 0.1118000031 0.4331896097
v 0.02826841593 0.1118000031 0.4334802324
v 0.02762120247 0.1075 0.4331504518
v 0.0359436059 0.1060000038 0.4396012766
v 0.03159767628 0.1060000038 0.4460031206
v 0.02612636328 0.1060000038 0.4514744264
v 0.01972453117 0.1060000038 0.4558203584
v 0.01972453117 0.1039999962 0.4558203584
v 0.02612636328 0.1039999962 0.4514744264
v 0.03159767628 0.1039999962 0.4460031206
v 0.0359436059 0.1039999962 0.4396012766
v -0.01868803024 0.1060000038 0.3821069605
v -0.01783694386 0.1060000038 0.3799022848
v -0.01565359235 0.1060000038 0.3789979154
v -0.01349284649 0.1060000038 0.379955042
v -0.01349284649 0.1039999962 0.379955042
v -0.01565359235 0.1039999962 0.3789979154
v -0.01783694386 0.1039999962 0.3799022848
v -0.01868803024 0.1039999962 0.3821069605
v -0.01799999952 0.1144999981 0.3963767511
v -0.01976776719 0.1144999981 0.3971089822
v -0.02049999952 0.1144999981 0.3988767511
v -0.01976776719 0.1144999981 0.40064452
v -0.01799999952 0.1144999981 0.4013767511
v -0.01623223305 0.1144999981 0.40064452
v -0.01549999952 0.1144999981 0.3988767511
v -0.01623223305 0.1144999981 0.3971089822
v -0.01799999952 0.1144999981 0.3971267492
v -0.01648445606 0.1144999981 0.3980017549
v -0.01648445606 0.1144999981 0.3997517568
v -0.01799999952 0.1144999981 0.400626753
v -0.01951554418 0.1144999981 0.3997517568
v -0.01951554418 0.1144999981 0.3980017549
v 0.02762120247 0.1075 0.40500305
v 0.02838204861 0.1075 0.4055558378
v 0.02809143066 0.1075 0.4064502603
v 0.02715097427 0.1075 0.4064502603
v 0.02686035633 0.1075 0.4055558378
v 0.02682120323 0.1118000031 0.4058030492
v 0.02737398863 0.1118000031 0.4065638906
v 0.02826841593 0.1118000031 0.4062732774
v 0.02826841593 0.1118000031 0.405332821
v 0.02737398863 0.1118000031 0.4050421983
v 0.02737398863 0.1118000031 0.4065638906
v 0.02715097427 0.1075 0.4064502603
v 0.01498791099 0.1078999996 0.4192746622
v 0.01616974592 0.1078999996 0.4166795999
v 0.01861509323 0.1078999996 0.4152128488
v 0.0214609623 0.1078999996 0.4153920442
v 0.02370301247 0.1078999996 0.4171539385
v 0.02454999924 0.1078999996 0.4198767549
v 0.02370301247 0.1078999996 0.4225995523
v 0.0214609623 0.1078999996 0.4243614656
v 0.01861509323 0.1078999996 0.424540661
v 0.01616974592 0.1078999996 0.4230739099
v 0.01498791099 0.1078999996 0.4204788477
v 0.01471983075 0.1078999996 0.4227623254
v 0.0141059196 0.1078999996 0.4249780351
v 0.01316060185 0.1078999996 0.427073868
v 0.01417292714 0.1078999996 0.425988167
v 0.01558184147 0.1078999996 0.425520714
v 0.01704238892 0.1078999996 0.4257859689
v 0.02020760536 0.1078999996 0.4263606149
v 0.02326073647 0.1078999996 0.4253471071
v 0.02545393705 0.1078999996 0.4229936678
v 0.02625 0.1078999996 0.4198767549
v 0.02545393705 0.1078999996 0.4167598421
v 0.02326073647 0.1078999996 0.4144064027
v 0.02020760536 0.1078999996 0.4133928758
v 0.01704238892 0.1078999996 0.4139675409
v 0.01558184147 0.1078999996 0.4142327768
v 0.01417292714 0.1078999996 0.4137653238
v 0.01316060185 0.1078999996 0.4126796228
v 0.0141059196 0.1078999996 0.4147754747
v 0.01471983075 0.1078999996 0.4169911653
v -0.02946859121 0.1044999981 0.4138767511
v -0.02932214499 0.1041464424 0.4137303049
v -0.02896859169 0.1039999962 0.4133767587
v -0.02896859169 0.1039999962 0.4263767511
v -0.02946859121 0.1044999981 0.4258767587
v -0.02940160513 0.1047500038 0.4258767587
v -0.02921859026 0.1049330139 0.4258767587
v -0.02896859169 0.105 0.4258767587
v -0.02896859169 0.105 0.4138767511
v -0.02921859026 0.1049330139 0.4138767511
v -0.02940160513 0.1047500038 0.4138767511
v 0.01704238892 0.1060000038 0.4139675409
v 0.01704238892 0.1078999996 0.4139675409
v 0.02020760536 0.1078999996 0.4133928758
v 0.02326073647 0.1078999996 0.4144064027
v 0.02545393705 0.1078999996 0.4167598421
v 0.02625 0.1078999996 0.4198767549
v 0.02545393705 0.1078999996 0.4229936678
v 0.02326073647 0.1078999996 0.4253471071
v 0.02020760536 0.1078999996 0.4263606149
v 0.01704238892 0.1078999996 0.4257859689
v 0.01704238892 0.1060000038 0.4257859689
v 0.02020760536 0.1060000038 0.4263606149
v 0.02326073647 0.1060000038 0.4253471071
v 0.02545393705 0.1060000038 0.4229936678
v 0.02625 0.1060000038 0.4198767549
v 0.02545393705 0.1060000038 0.4167598421
v 0.02326073647 0.1060000038 0.4144064027
v 0.02020760536 0.1060000038 0.4133928758
v -0.0354245615 0.104007988 0.4134657938
v -0.035419209 0.1040035629 0.4134362871
v -0.03541379213 0.1040008926 0.4134065706
v -0.03540833235 0.1039999962 0.4133767587
v -0.02896859169 0.1039999962 0.4133767587
v -0.02932214499 0.1041464424 0.4137303049
v -0.02946859121 0.1044999981 0.4138767511
v -0.03591656923 0.1044999981 0.4138767511
v -0.03784001112 0.1025 0.4133427126
v -0.03813563585 0.1027999973 0.4132916719
v -0.03577875137 0.1027999973 0.405126465
v -0.03169645071 0.1027999973 0.3976725847
v -0.02608559847 0.1027999973 0.3912894899
v -0.01921678066 0.1027999973 0.3862850076
v -0.01142124057 0.1027999973 0.3829004747
v -0.003074914813 0.1027999973 0.3812991029
v 0.005419697165 0.1027999973 0.3815581304
v 0.01365294695 0.1027999973 0.3836650545
v 0.02122778654 0.1027999973 0.3875182706
v 0.0277789259 0.1027999973 0.3929319746
v 0.03299043894 0.1027999973 0.3996450693
v 0.03661099672 0.1027999973 0.40733383
v 0.03846600533 0.1027999973 0.4156274683
v 0.03846600533 0.1027999973 0.4241260416
v 0.03661099672 0.1027999973 0.4324196703
v 0.03299043894 0.1027999973 0.4401084406
v 0.0277789259 0.1027999973 0.4468215257
v 0.02122778654 0.1027999973 0.4522352296
v 0.01365294695 0.1027999973 0.4560884554
v 0.005419697165 0.1027999973 0.4581953699
v -0.003074914813 0.1027999973 0.4584544069
v -0.01142124057 0.1027999973 0.4568530351
v -0.01921678066 0.1027999973 0.4534685022
v -0.02608559847 0.1027999973 0.4484640199
v -0.03169645071 0.1027999973 0.4420809251
v -0.03577875137 0.1027999973 0.4346270448
v -0.03813563585 0.1027999973 0.4264618379
v -0.03784001112 0.1025 0.4264107782
v -0.03550139666 0.1025 0.4345126993
v -0.03145074129 0.1025 0.4419087869
v -0.02588338614 0.1025 0.4482424051
v -0.01906781316 0.1025 0.4532080919
v -0.01133270383 0.1025 0.4565663988
v -0.00305107832 0.1025 0.4581553537
v 0.005377684236 0.1025 0.4578983385
v 0.01354710937 0.1025 0.4558077318
v 0.02106323004 0.1025 0.4519843942
v 0.02756358624 0.1025 0.446612652
v 0.03273469687 0.1025 0.4399515993
v 0.0363271904 0.1025 0.4323224336
v 0.03816781998 0.1025 0.4240931017
v 0.03816781998 0.1025 0.4156604082
v 0.0363271904 0.1025 0.4074310667
v 0.03273469687 0.1025 0.399801901
v 0.02756358624 0.1025 0.3931408483
v 0.02106323004 0.1025 0.3877691156
v 0.01354710937 0.1025 0.3839457685
v 0.005377684236 0.1025 0.3818551714
v -0.00305107832 0.1025 0.3815981561
v -0.01133270383 0.1025 0.3831871111
v -0.01906781316 0.1025 0.3865454084
v -0.02588338614 0.1025 0.3915110952
v -0.03145074129 0.1025 0.3978447134
v -0.03550139666 0.1025 0.4052408106
v -0.03764292717 0.1025 0.4135767442
v -0.03775263309 0.1025 0.413543976
v -0.03782638311 0.1025 0.4134564096
v -0.03784001112 0.1025 0.4133427126
v -0.03550139666 0.1025 0.4052408106
v -0.03145074129 0.1025 0.3978447134
v -0.02588338614 0.1025 0.3915110952
v -0.01906781316 0.1025 0.3865454084
v -0.01133270383 0.1025 0.3831871111
v -0.00305107832 0.1025 0.3815981561
v 0.005377684236 0.1025 0.3818551714
v 0.01354710937 0.1025 0.3839457685
v 0.02106323004 0.1025 0.3877691156
v 0.02756358624 0.1025 0.3931408483
v 0.03273469687 0.1025 0.399801901
v 0.0363271904 0.1025 0.4074310667
v 0.03816781998 0.1025 0.4156604082
v 0.03816781998 0.1025 0.4240931017
v 0.0363271904 0.1025 0.4323224336
v 0.03273469687 0.1025 0.4399515993
v 0.02756358624 0.1025 0.446612652
v 0.02106323004 0.1025 0.4519843942
v 0.01354710937 0.1025 0.4558077318
v 0.005377684236 0.1025 0.4578983385
v -0.00305107832 0.1025 0.4581553537
v -0.01133270383 0.1025 0.4565663988
v -0.01906781316 0.1025 0.4532080919
v -0.02588338614 0.1025 0.4482424051
v -0.03145074129 0.1025 0.4419087869
v -0.03550139666 0.1025 0.4345126993
v -0.03784001112 0.1025 0.4264107782
v -0.03782638311 0.1025 0.4262971002
v -0.03775263309 0.1025 0.4262095338
v -0.03764292717 0.1025 0.4261767465
v -0.03591656923 0.1025 0.4261767465
v -0.03582707882 0.1025 0.426197899
v -0.03575650454 0.1025 0.4262568361
v -0.03571976662 0.1025 0.4263411409
v -0.03333580732 0.1025 0.4342438585
v -0.02922808647 0.1025 0.4414036829
v -0.02360901356 0.1025 0.4474503786
v -0.01676914096 0.1025 0.4520712549
v -0.009062153101 0.1025 0.4550273973
v -0.0008865709603 0.1025 0.4561659319
v 0.007334854603 0.1025 0.4554279787
v 0.01517700315 0.1025 0.4528517229
v 0.02223436356 0.1025 0.4485703546
v 0.02814200878 0.1025 0.4428052789
v 0.03259445906 0.1025 0.4358545953
v 0.0353614831 0.1025 0.4280777055
v 0.03630000114 0.1025 0.4198767549
v 0.0353614831 0.1025 0.4116758043
v 0.03259445906 0.1025 0.4038989145
v 0.02814200878 0.1025 0.3969482214
v 0.02223436356 0.1025 0.3911831457
v 0.01517700315 0.1025 0.386901787
v 0.007334854603 0.1025 0.3843255216
v -0.0008865709603 0.1025 0.383587578
v -0.009062153101 0.1025 0.3847261125
v -0.01676914096 0.1025 0.3876822549
v -0.02360901356 0.1025 0.3923031313
v -0.02922808647 0.1025 0.3983498174
v -0.03333580732 0.1025 0.4055096418
v -0.03571976662 0.1025 0.4134123689
v -0.03575650454 0.1025 0.4134966737
v -0.03582707882 0.1025 0.4135556108
v -0.03591656923 0.1025 0.4135767442
v -0.0354245615 0.104007988 0.4262877161
v -0.03591656923 0.1044999981 0.4258767587
v -0.02946859121 0.1044999981 0.4258767587
v -0.02896859169 0.1039999962 0.4263767511
v -0.03540833235 0.1039999962 0.4263767511
v -0.03541379213 0.1040008926 0.4263469392
v -0.035419209 0.1040035629 0.4263172228
v -0.03591656923 0.1044999981 0.4138767511
v -0.03591656923 0.1027999973 0.4138767511
v -0.03569284201 0.1027999973 0.4138238985
v -0.03551640749 0.1027999973 0.4136765367
v -0.0354245615 0.1027999973 0.4134657938
v -0.0354245615 0.104007988 0.4134657938
v 0.03776979685 0.1039999962 0.4385647852
v 0.03776979685 0.1060000038 0.4385647852
v 0.03704505682 0.1060000038 0.4386726839
v 0.03640781641 0.1060000038 0.4390343553
v 0.0359436059 0.1060000038 0.4396012766
v 0.0359436059 0.1039999962 0.4396012766
v 0.03640781641 0.1039999962 0.4390343553
v 0.03704505682 0.1039999962 0.4386726839
v -0.01349284649 0.1039999962 0.379955042
v -0.01349284649 0.1060000038 0.379955042
v -0.01290408254 0.1060000038 0.3803912145
v -0.01219773769 0.1060000038 0.3805860597
v -0.01146861792 0.1060000038 0.3805134374
v -0.01146861792 0.1039999962 0.3805134374
v -0.01219773769 0.1039999962 0.3805860597
v -0.01290408254 0.1039999962 0.3803912145
v 0.01799999952 0.1144999981 0.3963767511
v 0.01623223305 0.1144999981 0.3971089822
v 0.01549999952 0.1144999981 0.3988767511
v 0.01623223305 0.1144999981 0.40064452
v 0.01799999952 0.1144999981 0.4013767511
v 0.01976776719 0.1144999981 0.40064452
v 0.02049999952 0.1144999981 0.3988767511
v 0.01976776719 0.1144999981 0.3971089822
v 0.01799999952 0.1144999981 0.3971267492
v 0.01951554418 0.1144999981 0.3980017549
v 0.01951554418 0.1144999981 0.3997517568
v 0.01799999952 0.1144999981 0.400626753
v 0.01648445606 0.1144999981 0.3997517568
v 0.01648445606 0.1144999981 0.3980017549
v -0.02762120247 0.1075 0.4331504518
v -0.02686035633 0.1075 0.4337032396
v -0.02715097427 0.1075 0.4345976717
v -0.02809143066 0.1075 0.4345976717
v -0.02838204861 0.1075 0.4337032396
v -0.02842120171 0.1118000031 0.4339504511
v -0.02786841631 0.1118000031 0.4347113115
v -0.02697398901 0.1118000031 0.4344206888
v -0.02697398901 0.1118000031 0.4334802324
v -0.02786841631 0.1118000031 0.4331896097
v -0.02697398901 0.1118000031 0.4334802324
v -0.02762120247 0.1075 0.4331504518
v 0.008906645775 0.1085999966 0.4279186136
v 0.005058905482 0.1085999966 0.4307582742
v 0.0004077574983 0.1085999966 0.4318698198
v -0.004308146536 0.1085999966 0.4310767442
v -0.008339871168 0.1085999966 0.4285049898
v -0.01104713678 0.1085999966 0.424562977
v -0.01200000048 0.1085999966 0.4198767549
v -0.01104713678 0.1085999966 0.4151905138
v -0.008339871168 0.1085999966 0.4112485201
v -0.004308146536 0.1085999966 0.4086767561
v 0.0004077574983 0.1085999966 0.4078836805
v 0.005058905482 0.1085999966 0.4089952356
v 0.008906645775 0.1085999966 0.4118348772
v 0.009534858465 0.1085999966 0.4110506136
v 0.01021966696 0.1085999966 0.4103152258
v 0.01095727801 0.1085999966 0.4096328241
v 0.006895110607 0.1085999966 0.4065554411
v 0.00203704685 0.1085999966 0.4050157148
v -0.003056151271 0.1085999966 0.4051913911
v -0.007796580791 0.1085999966 0.4070621759
v -0.01163705826 0.1085999966 0.4104121381
v -0.01413428187 0.1085999966 0.4148545915
v -0.015 0.1085999966 0.4198767549
v -0.01413428187 0.1085999966 0.4248989183
v -0.01163705826 0.1085999966 0.4293413622
v -0.007796580791 0.1085999966 0.4326913339
v -0.003056151271 0.1085999966 0.4345621187
v 0.00203704685 0.1085999966 0.4347377855
v 0.006895110607 0.1085999966 0.4331980592
v 0.01095727801 0.1085999966 0.4301206857
v 0.01021966696 0.1085999966 0.4294382745
v 0.009534858465 0.1085999966 0.4287028963
v 0.01704238892 0.1078999996 0.4257859689
v 0.01558184147 0.1078999996 0.425520714
v 0.01417292714 0.1078999996 0.425988167
v 0.01316060185 0.1078999996 0.427073868
v 0.01316060185 0.1060000038 0.427073868
v 0.01417292714 0.1060000038 0.425988167
v 0.01558184147 0.1060000038 0.425520714
v 0.01704238892 0.1060000038 0.4257859689
v -0.0354245615 0.104007988 0.4262877161
v -0.035419209 0.1040035629 0.4263172228
v -0.03541379213 0.1040008926 0.4263469392
v -0.03540833235 0.1039999962 0.4263767511
v -0.03302714825 0.1039999962 0.4342018205
v -0.02894105196 0.1039999962 0.4412873918
v -0.02336096764 0.1039999962 0.4472677118
v -0.01657495499 0.1039999962 0.4518340761
v -0.008933314681 0.1039999962 0.4547507555
v -0.0008305224776 0.1039999962 0.4558671648
v 0.007315142751 0.1039999962 0.4551257021
v 0.01508318782 0.1039999962 0.4525646288
v 0.02207261562 0.1039999962 0.4483161623
v 0.02792261839 0.1039999962 0.4425995905
v 0.03233120918 0.1039999962 0.4357100374
v 0.03507081032 0.1039999962 0.4280031473
v 0.03599999905 0.1039999962 0.4198767549
v 0.03507081032 0.1039999962 0.4117503626
v 0.03233120918 0.1039999962 0.4040434629
v 0.02792261839 0.1039999962 0.3971539098
v 0.02207261562 0.1039999962 0.3914373476
v 0.01508318782 0.1039999962 0.3871888715
v 0.007315142751 0.1039999962 0.3846277982
v -0.0008305224776 0.1039999962 0.3838863355
v -0.008933314681 0.1039999962 0.3850027544
v -0.01657495499 0.1039999962 0.3879194242
v -0.02336096764 0.1039999962 0.392485779
v -0.02894105196 0.1039999962 0.3984661085
v -0.03302714825 0.1039999962 0.4055516893
v -0.03540833235 0.1039999962 0.4133767587
v -0.03541379213 0.1040008926 0.4134065706
v -0.035419209 0.1040035629 0.4134362871
v -0.0354245615 0.104007988 0.4134657938
v -0.0354245615 0.1027999973 0.4134657938
v -0.03306030512 0.1027999973 0.4056283743
v -0.02898653269 0.1027999973 0.3985277254
v -0.02341389656 0.1027999973 0.3925310117
v -0.01663055301 0.1027999973 0.3879483205
v -0.008987259269 0.1027999973 0.3850166113
v -0.0008792439103 0.1027999973 0.3838874895
v 0.007274236083 0.1027999973 0.3846193391
v 0.01505157351 0.1027999973 0.3871742994
v 0.02205060959 0.1027999973 0.3914202863
v 0.02790942907 0.1027999973 0.3971377165
v 0.03232508183 0.1027999973 0.4040309602
v 0.03506923914 0.1027999973 0.4117435724
v 0.03599999905 0.1027999973 0.4198767549
v 0.03506923914 0.1027999973 0.4280099184
v 0.03232508183 0.1027999973 0.4357225496
v 0.02790942907 0.1027999973 0.4426157838
v 0.02205060959 0.1027999973 0.448333214
v 0.01505157351 0.1027999973 0.4525792009
v 0.007274236083 0.1027999973 0.4551341707
v -0.0008792439103 0.1027999973 0.4558660204
v -0.008987259269 0.1027999973 0.454736889
v -0.01663055301 0.1027999973 0.4518051798
v -0.02341389656 0.1027999973 0.4472224886
v -0.02898653269 0.1027999973 0.4412257845
v -0.03306030512 0.1027999973 0.434125126
v -0.0354245615 0.1027999973 0.4262877161
v 0.02762120247 0.1075 0.4331504518
v 0.02686035633 0.1075 0.4337032396
v 0.02715097427 0.1075 0.4345976717
v 0.02809143066 0.1075 0.4345976717
v 0.02838204861 0.1075 0.4337032396
v 0.02762120247 0.10701931 0.4339504511
v 0.02762120247 0.1075 0.4331504518
v 0.02762120247 0.10701931 0.4339504511
v 0.02762120247 0.10701931 0.4339504511
v 0.02762120247 0.10701931 0.4339504511
v 0.02762120247 0.10701931 0.4339504511
v 0.02762120247 0.10701931 0.4339504511
v 0.02762120247 0.10701931 0.4339504511
v 0.03992171288 0.1060000038 0.4333696062
v 0.04087883949 0.1060000038 0.4355303461
v 0.03997446537 0.1060000038 0.4377136881
v 0.03776979685 0.1060000038 0.4385647852
v 0.03776979685 0.1039999962 0.4385647852
v 0.03997446537 0.1039999962 0.4377136881
v 0.04087883949 0.1039999962 0.4355303461
v 0.03992171288 0.1039999962 0.4333696062
v -0.01146861792 0.1060000038 0.3805134374
v -0.003868803382 0.1060000038 0.3790596944
v 0.003868803382 0.1060000038 0.3790596944
v 0.01146861792 0.1060000038 0.3805134374
v 0.01146861792 0.1039999962 0.3805134374
v 0.003868803382 0.1039999962 0.3790596944
v -0.003868803382 0.1039999962 0.3790596944
v -0.01146861792 0.1039999962 0.3805134374
v -0.01799999952 0.1144999981 0.4383767587
v -0.01976776719 0.1144999981 0.4391089899
v -0.02049999952 0.1144999981 0.4408767587
v -0.01976776719 0.1144999981 0.4426445276
v -0.01799999952 0.1144999981 0.4433767587
v -0.01623223305 0.1144999981 0.4426445276
v -0.01549999952 0.1144999981 0.4408767587
v -0.01623223305 0.1144999981 0.4391089899
v -0.01799999952 0.1144999981 0.4391267473
v -0.01648445606 0.1144999981 0.4400017435
v -0.01648445606 0.1144999981 0.4417517549
v -0.01799999952 0.1144999981 0.4426267511
v -0.01951554418 0.1144999981 0.4417517549
v -0.01951554418 0.1144999981 0.4400017435
v -0.01799999952 0.1139999962 0.4001267511
v -0.01918882012 0.1139999962 0.3992630273
v -0.01873473167 0.1139999962 0.3978654844
v -0.01726526856 0.1139999962 0.3978654844
v -0.01681117892 0.1139999962 0.3992630273
v -0.01799999952 0.1144999981 0.3971267492
v -0.01951554418 0.1144999981 0.3980017549
v -0.01951554418 0.1144999981 0.3997517568
v -0.01799999952 0.1144999981 0.400626753
v -0.01648445606 0.1144999981 0.3997517568
v -0.01648445606 0.1144999981 0.3980017549
v -0.01648445606 0.1144999981 0.3980017549
v -0.01726526856 0.1139999962 0.3978654844
v 0.01095727801 0.1081000042 0.4301206857
v 0.01021966696 0.1081000042 0.4294382745
v 0.009534858465 0.1081000042 0.4287028963
v 0.008906645775 0.1081000042 0.4279186136
v 0.008906645775 0.1085999966 0.4279186136
v 0.009534858465 0.1085999966 0.4287028963
v 0.01021966696 0.1085999966 0.4294382745
v 0.01095727801 0.1085999966 0.4301206857
v 0.01316060185 0.1060000038 0.4126796228
v 0.00987052381 0.1060000038 0.4085819418
v 0.005368974805 0.1060000038 0.4058705312
v 0.0002084576897 0.1060000038 0.4048782045
v -0.004977644682 0.1060000038 0.4057267362
v -0.009552809596 0.1060000038 0.4083119852
v -0.0129554975 0.1060000038 0.4123166544
v -0.01476807594 0.1060000038 0.4172492296
v -0.01476807594 0.1060000038 0.4225042802
v -0.0129554975 0.1060000038 0.4274368555
v -0.009552809596 0.1060000038 0.4314415247
v -0.004977644682 0.1060000038 0.4340267641
v 0.0002084576897 0.1060000038 0.4348753053
v 0.005368974805 0.1060000038 0.4338829691
v 0.00987052381 0.1060000038 0.4311715585
v 0.01316060185 0.1060000038 0.427073868
v 0.01316060185 0.1078999996 0.427073868
v 0.0141059196 0.1078999996 0.4249780351
v 0.01471983075 0.1078999996 0.4227623254
v 0.01498791099 0.1078999996 0.4204788477
v 0.015 0.1078499985 0.4198767549
v 0.01498791099 0.1078999996 0.4192746622
v 0.01471983075 0.1078999996 0.4169911653
v 0.0141059196 0.1078999996 0.4147754747
v 0.01316060185 0.1078999996 0.4126796228
v 0.01095727801 0.1085999966 0.4301206857
v 0.006895110607 0.1085999966 0.4331980592
v 0.00203704685 0.1085999966 0.4347377855
v -0.003056151271 0.1085999966 0.4345621187
v -0.007796580791 0.1085999966 0.4326913339
v -0.01163705826 0.1085999966 0.4293413622
v -0.01413428187 0.1085999966 0.4248989183
v -0.015 0.1085999966 0.4198767549
v -0.01413428187 0.1085999966 0.4148545915
v -0.01163705826 0.1085999966 0.4104121381
v -0.007796580791 0.1085999966 0.4070621759
v -0.003056151271 0.1085999966 0.4051913911
v 0.00203704685 0.1085999966 0.4050157148
v 0.006895110607 0.1085999966 0.4065554411
v 0.01095727801 0.1085999966 0.4096328241
v 0.01095727801 0.1081000042 0.4096328241
v 0.01316060185 0.1081000042 0.4126796228
v 0.01445538998 0.1081000042 0.4158715517
v 0.01498791099 0.1081000042 0.4192746622
v 0.01498791099 0.1081000042 0.4204788477
v 0.01445538998 0.1081000042 0.4238819582
v 0.01316060185 0.1081000042 0.427073868
v 0.01095727801 0.1081000042 0.4301206857
v -0.01476807594 0.1060000038 0.4172492296
v -0.015 0.1085999966 0.4198767549
v 0.02762120247 0.1075 0.40500305
v 0.02686035633 0.1075 0.4055558378
v 0.02715097427 0.1075 0.4064502603
v 0.02809143066 0.1075 0.4064502603
v 0.02838204861 0.1075 0.4055558378
v 0.02762120247 0.10701931 0.4058030492
v 0.02762120247 0.1075 0.40500305
v 0.02762120247 0.10701931 0.4058030492
v 0.02762120247 0.10701931 0.4058030492
v 0.02762120247 0.10701931 0.4058030492
v 0.02762120247 0.10701931 0.4058030492
v 0.02762120247 0.10701931 0.4058030492
v 0.02762120247 0.10701931 0.4058030492
v 0.03992171288 0.1060000038 0.4333696062
v 0.03992171288 0.1039999962 0.4333696062
v 0.03948553801 0.1039999962 0.4327808267
v 0.03929069042 0.1039999962 0.4320744974
v 0.03936331749 0.1039999962 0.4313453752
v 0.03936331749 0.1060000038 0.4313453752
v 0.03929069042 0.1060000038 0.4320744974
v 0.03948553801 0.1060000038 0.4327808267
v 0.01349284649 0.1060000038 0.379955042
v 0.01349284649 0.1039999962 0.379955042
v 0.01290408254 0.1039999962 0.3803912145
v 0.01219773769 0.1039999962 0.3805860597
v 0.01146861792 0.1039999962 0.3805134374
v 0.01146861792 0.1060000038 0.3805134374
v 0.01219773769 0.1060000038 0.3805860597
v 0.01290408254 0.1060000038 0.3803912145
v 0.01799999952 0.1144999981 0.4383767587
v 0.01623223305 0.1144999981 0.4391089899
v 0.01549999952 0.1144999981 0.4408767587
v 0.01623223305 0.1144999981 0.4426445276
v 0.01799999952 0.1144999981 0.4433767587
v 0.01976776719 0.1144999981 0.4426445276
v 0.02049999952 0.1144999981 0.4408767587
v 0.01976776719 0.1144999981 0.4391089899
v 0.01799999952 0.1144999981 0.4391267473
v 0.01951554418 0.1144999981 0.4400017435
v 0.01951554418 0.1144999981 0.4417517549
v 0.01799999952 0.1144999981 0.4426267511
v 0.01648445606 0.1144999981 0.4417517549
v 0.01648445606 0.1144999981 0.4400017435
v 0.01799999952 0.1139999962 0.4001267511
v 0.01681117892 0.1139999962 0.3992630273
v 0.01726526856 0.1139999962 0.3978654844
v 0.01873473167 0.1139999962 0.3978654844
v 0.01918882012 0.1139999962 0.3992630273
v 0.01799999952 0.1144999981 0.3971267492
v 0.01648445606 0.1144999981 0.3980017549
v 0.01648445606 0.1144999981 0.3997517568
v 0.01799999952 0.1144999981 0.400626753
v 0.01951554418 0.1144999981 0.3997517568
v 0.01951554418 0.1144999981 0.3980017549
v 0.01951554418 0.1144999981 0.3980017549
v 0.01873473167 0.1139999962 0.3978654844
v -0.01729002118 0.1039999962 0.4577558214
v -0.01649002075 0.1039999962 0.4563701707
v -0.01489002109 0.1039999962 0.4563701707
v -0.01409002066 0.1039999962 0.4577558214
v -0.01489002109 0.1039999962 0.4591414529
v -0.01649002075 0.1039999962 0.4591414529
v -0.01729002118 0.1060000038 0.4577558214
v -0.01649002075 0.1060000038 0.4591414529
v -0.01489002109 0.1060000038 0.4591414529
v -0.01409002066 0.1060000038 0.4577558214
v -0.01489002109 0.1060000038 0.4563701707
v -0.01649002075 0.1060000038 0.4563701707
v -0.01729002118 0.1039999962 0.4577558214
v -0.01729002118 0.1060000038 0.4577558214
v -0.01868803024 0.1039999962 0.4576465494
v -0.01868803024 0.1060000038 0.4576465494
v -0.01879592776 0.1060000038 0.4569218141
v -0.01915760994 0.1060000038 0.4562845689
v -0.01972453117 0.1060000038 0.4558203584
v -0.01972453117 0.1039999962 0.4558203584
v -0.01915760994 0.1039999962 0.4562845689
v -0.01879592776 0.1039999962 0.4569218141
v -0.04123105526 0.1039999962 0.4128767473
v -0.04123105526 0.1060000038 0.4128767473
v -0.04078736305 0.1060000038 0.4127729303
v -0.04043580055 0.1060000038 0.4124830324
v -0.04024936676 0.1060000038 0.4120672304
v -0.04024936676 0.1039999962 0.4120672304
v -0.04043580055 0.1039999962 0.4124830324
v -0.04078736305 0.1039999962 0.4127729303
v -0.02875664473 0.1119999981 0.4360648805
v -0.02679342508 0.1119999981 0.4362031824
v -0.02538685083 0.1119999981 0.4348266298
v -0.0254827857 0.1119999981 0.4328608781
v -0.02701671839 0.1119999981 0.4316278345
v -0.02895714283 0.1119999981 0.4319566423
v -0.02999919891 0.1119999981 0.4336262209
v -0.0296075511 0.1119999981 0.4344504625
v -0.02919325829 0.1119999981 0.4352635461
v -0.02762120247 0.1119999981 0.4349504549
v -0.02857225895 0.1119999981 0.4342594797
v -0.02820898771 0.1119999981 0.4331414491
v -0.02703341722 0.1119999981 0.4331414491
v -0.02667014599 0.1119999981 0.4342594797
v -0.02766859055 0.1060000038 0.4263767511
v -0.02816859245 0.1055000019 0.4258767587
v -0.03080509424 0.1055000019 0.4258767587
v -0.03056652546 0.1060000038 0.4263767511
v -0.02762120247 0.1075 0.4066030485
v -0.02838204861 0.1075 0.4060502607
v -0.02809143066 0.1075 0.4051558286
v -0.02715097427 0.1075 0.4051558286
v -0.02686035633 0.1075 0.4060502607
v -0.02762120247 0.1118000031 0.4066030485
v -0.02686035633 0.1118000031 0.4060502607
v -0.02715097427 0.1118000031 0.4051558286
v -0.02809143066 0.1118000031 0.4051558286
v -0.02838204861 0.1118000031 0.4060502607
v -0.02762120247 0.1118000031 0.4066030485
v -0.02762120247 0.1075 0.4066030485
v -0.04058410645 0.1044999981 0.4138767511
v -0.04058410645 0.1042500019 0.413809765
v -0.04058410645 0.1040669918 0.4136267549
v -0.04058410645 0.1039999962 0.4133767587
v -0.03814292669 0.1039999962 0.4133767587
v -0.03764292717 0.1044999981 0.4138767511
v 0.02999919891 0.1119999981 0.4336262209
v 0.02895714283 0.1119999981 0.4319566423
v 0.02701671839 0.1119999981 0.4316278345
v 0.0254827857 0.1119999981 0.4328608781
v 0.02538685083 0.1119999981 0.4348266298
v 0.02679342508 0.1119999981 0.4362031824
v 0.02875664473 0.1119999981 0.4360648805
v 0.02919325829 0.1119999981 0.4352635461
v 0.0296075511 0.1119999981 0.4344504625
v 0.02762120247 0.1119999981 0.4349504549
v 0.02667014599 0.1119999981 0.4342594797
v 0.02703341722 0.1119999981 0.4331414491
v 0.02820898771 0.1119999981 0.4331414491
v 0.02857225895 0.1119999981 0.4342594797
v 0.01455865026 0.1039999962 0.4588871843
v 0.01414453983 0.1039999962 0.4573416978
v 0.0152759099 0.1039999962 0.4562103349
v 0.01682139158 0.1039999962 0.4566244394
v 0.017235502 0.1039999962 0.4581699258
v 0.01610413074 0.1039999962 0.4593012888
v 0.01455865026 0.1060000038 0.4588871843
v 0.01610413074 0.1060000038 0.4593012888
v 0.017235502 0.1060000038 0.4581699258
v 0.01682139158 0.1060000038 0.4566244394
v 0.0152759099 0.1060000038 0.4562103349
v 0.01414453983 0.1060000038 0.4573416978
v 0.01455865026 0.1039999962 0.4588871843
v 0.01455865026 0.1060000038 0.4588871843
v -0.01349284649 0.1060000038 0.4597984583
v -0.01565359235 0.1060000038 0.4607555849
v -0.01783694386 0.1060000038 0.4598512155
v -0.01868803024 0.1060000038 0.4576465494
v -0.01868803024 0.1039999962 0.4576465494
v -0.01783694386 0.1039999962 0.4598512155
v -0.01565359235 0.1039999962 0.4607555849
v -0.01349284649 0.1039999962 0.4597984583
v -0.03936331749 0.1039999962 0.4084081346
v -0.0396959734 0.1039999962 0.4096185953
v -0.03999141455 0.1039999962 0.410838669
v -0.04024936676 0.1039999962 0.4120672304
v -0.04024936676 0.1060000038 0.4120672304
v -0.03999141455 0.1060000038 0.410838669
v -0.0396959734 0.1060000038 0.4096185953
v -0.03936331749 0.1060000038 0.4084081346
v 0.0378790617 0.1039999962 0.4371667749
v 0.0364934206 0.1039999962 0.4363667757
v 0.0364934206 0.1039999962 0.4347667772
v 0.0378790617 0.1039999962 0.433966778
v 0.03926470041 0.1039999962 0.4347667772
v 0.03926470041 0.1039999962 0.4363667757
v 0.0378790617 0.1060000038 0.4371667749
v 0.03926470041 0.1060000038 0.4363667757
v 0.03926470041 0.1060000038 0.4347667772
v 0.0378790617 0.1060000038 0.433966778
v 0.0364934206 0.1060000038 0.4347667772
v 0.0364934206 0.1060000038 0.4363667757
v 0.0378790617 0.1039999962 0.4371667749
v 0.0378790617 0.1060000038 0.4371667749
v -0.0274000001 0.1042000008 0.4255267603
v -0.02652689457 0.1042000008 0.4225532228
v -0.02418478251 0.1042000008 0.4205237848
v -0.02111726761 0.1042000008 0.4200827295
v -0.01829826593 0.1042000008 0.4213701326
v -0.01662278891 0.1042000008 0.4239772302
v -0.01662278891 0.1042000008 0.4270762903
v -0.01829826593 0.1042000008 0.4296833688
v -0.02111726761 0.1042000008 0.4309707719
v -0.02418478251 0.1042000008 0.4305297357
v -0.02652689457 0.1042000008 0.4285002786
v -0.0274000001 0.1057999992 0.4255267603
v -0.02652689457 0.1057999992 0.4285002786
v -0.02418478251 0.1057999992 0.4305297357
v -0.02111726761 0.1057999992 0.4309707719
v -0.01829826593 0.1057999992 0.4296833688
v -0.01662278891 0.1057999992 0.4270762903
v -0.01662278891 0.1057999992 0.4239772302
v -0.01829826593 0.1057999992 0.4213701326
v -0.02111726761 0.1057999992 0.4200827295
v -0.02418478251 0.1057999992 0.4205237848
v -0.02652689457 0.1057999992 0.4225532228
v -0.0274000001 0.1057999992 0.4255267603
v -0.0274000001 0.1042000008 0.4255267603
v -0.0274000001 0.1057999992 0.4255267603
v -0.02652689457 0.1057999992 0.4225532228
v -0.02418478251 0.1057999992 0.4205237848
v -0.02111726761 0.1057999992 0.4200827295
v -0.01829826593 0.1057999992 0.4213701326
v -0.01662278891 0.1057999992 0.4239772302
v -0.01662278891 0.1057999992 0.4270762903
v -0.01829826593 0.1057999992 0.4296833688
v -0.02111726761 0.1057999992 0.4309707719
v -0.02418478251 0.1057999992 0.4305297357
v -0.02652689457 0.1057999992 0.4285002786
v -0.0275999999 0.1060000038 0.4255267603
v -0.0275847578 0.1060000038 0.4259433252
v -0.02753911018 0.1060000038 0.4263576776
v -0.02681842566 0.1060000038 0.4284075624
v -0.02538299322 0.1060000038 0.4300388223
v -0.02344141245 0.1060000038 0.4310143739
v -0.02127583504 0.1060000038 0.4311924822
v -0.01920095921 0.1060000038 0.4305472261
v -0.01751830935 0.1060000038 0.4291724092
v -0.01647240639 0.1060000038 0.4272677881
v -0.01621524215 0.1060000038 0.4251101762
v -0.01678418756 0.1060000038 0.4230131036
v -0.01809656382 0.1060000038 0.4212813074
v -0.01996165514 0.1060000038 0.420166443
v -0.02210842609 0.1060000038 0.4198305589
v -0.02422491074 0.1060000038 0.4203224451
v -0.02600353718 0.1060000038 0.421570614
v -0.02718583822 0.1060000038 0.423393696
v -0.01621524215 0.1060000038 0.4251101762
v -0.01662278891 0.1057999992 0.4239772302
v -0.02762120247 0.1075 0.4066030485
v -0.02686035633 0.1075 0.4060502607
v -0.02715097427 0.1075 0.4051558286
v -0.02809143066 0.1075 0.4051558286
v -0.02838204861 0.1075 0.4060502607
v -0.02762120247 0.10701931 0.4058030492
v -0.02762120247 0.1075 0.4066030485
v -0.02762120247 0.10701931 0.4058030492
v -0.02762120247 0.10701931 0.4058030492
v -0.02762120247 0.10701931 0.4058030492
v -0.02762120247 0.10701931 0.4058030492
v -0.02762120247 0.10701931 0.4058030492
v -0.02762120247 0.10701931 0.4058030492
v -0.03813563585 0.1027999973 0.4132916719
v -0.03810156584 0.1027999973 0.4135758669
v -0.0379171896 0.1027999973 0.4137948114
v -0.03764292717 0.1027999973 0.4138767511
v -0.03764292717 0.1044999981 0.4138767511
v -0.03814292669 0.1039999962 0.4133767587
v -0.03814211607 0.1039999962 0.4133482629
v -0.03813968182 0.1039999962 0.4133198816
v -0.03813563585 0.1039999962 0.4132916719
v -0.01349284649 0.1060000038 0.4597984583
v -0.01349284649 0.1039999962 0.4597984583
v -0.01290408254 0.1039999962 0.4593622858
v -0.01219773769 0.1039999962 0.4591674501
v -0.01146861792 0.1039999962 0.4592400629
v -0.01146861792 0.1060000038 0.4592400629
v -0.01219773769 0.1060000038 0.4591674501
v -0.01290408254 0.1060000038 0.4593622858
v -0.03992171288 0.1060000038 0.4063839037
v -0.03992171288 0.1039999962 0.4063839037
v -0.03948553801 0.1039999962 0.4069726736
v -0.03929069042 0.1039999962 0.4076790125
v -0.03936331749 0.1039999962 0.4084081346
v -0.03936331749 0.1060000038 0.4084081346
v -0.03929069042 0.1060000038 0.4076790125
v -0.03948553801 0.1060000038 0.4069726736
v 0.02682120323 0.1118000031 0.4058030492
v 0.02737398863 0.1118000031 0.4050421983
v 0.02826841593 0.1118000031 0.405332821
v 0.02826841593 0.1118000031 0.4062732774
v 0.02737398863 0.1118000031 0.4065638906
v 0.02762120247 0.1119999981 0.4068030435
v 0.02857225895 0.1119999981 0.4061120683
v 0.02820898771 0.1119999981 0.4049940282
v 0.02703341722 0.1119999981 0.4049940282
v 0.02667014599 0.1119999981 0.4061120683
v 0.02826841593 0.1118000031 0.4062732774
v 0.02857225895 0.1119999981 0.4061120683
v -0.0274000001 0.1042000008 0.4132267458
v -0.02652689457 0.1042000008 0.4102532274
v -0.02418478251 0.1042000008 0.4082237798
v -0.02111726761 0.1042000008 0.4077827341
v -0.01829826593 0.1042000008 0.4090701276
v -0.01662278891 0.1042000008 0.4116772157
v -0.01662278891 0.1042000008 0.4147762758
v -0.01829826593 0.1042000008 0.4173833734
v -0.02111726761 0.1042000008 0.4186707765
v -0.02418478251 0.1042000008 0.4182297212
v -0.02652689457 0.1042000008 0.4162002832
v -0.0274000001 0.1057999992 0.4132267458
v -0.02652689457 0.1057999992 0.4162002832
v -0.02418478251 0.1057999992 0.4182297212
v -0.02111726761 0.1057999992 0.4186707765
v -0.01829826593 0.1057999992 0.4173833734
v -0.01662278891 0.1057999992 0.4147762758
v -0.01662278891 0.1057999992 0.4116772157
v -0.01829826593 0.1057999992 0.4090701276
v -0.02111726761 0.1057999992 0.4077827341
v -0.02418478251 0.1057999992 0.4082237798
v -0.02652689457 0.1057999992 0.4102532274
v -0.0274000001 0.1057999992 0.4132267458
v -0.0274000001 0.1042000008 0.4132267458
v -0.0274000001 0.1057999992 0.4132267458
v -0.02652689457 0.1057999992 0.4102532274
v -0.02418478251 0.1057999992 0.4082237798
v -0.02111726761 0.1057999992 0.4077827341
v -0.01829826593 0.1057999992 0.4090701276
v -0.01662278891 0.1057999992 0.4116772157
v -0.01662278891 0.1057999992 0.4147762758
v -0.01829826593 0.1057999992 0.4173833734
v -0.02111726761 0.1057999992 0.4186707765
v -0.02418478251 0.1057999992 0.4182297212
v -0.02652689457 0.1057999992 0.4162002832
v -0.0275999999 0.1060000038 0.4132267458
v -0.02669514418 0.1060000038 0.4163084108
v -0.02426786661 0.1060000038 0.4184116632
v -0.0210888052 0.1060000038 0.4188687402
v -0.01816729426 0.1060000038 0.4175345308
v -0.01643089056 0.1060000038 0.4148326189
v -0.01643089056 0.1060000038 0.4116208727
v -0.01816729426 0.1060000038 0.4089189798
v -0.0210888052 0.1060000038 0.4075847704
v -0.02426786661 0.1060000038 0.4080418474
v -0.02669514418 0.1060000038 0.4101450998
v -0.01662278891 0.1057999992 0.4147762758
v -0.01643089056 0.1060000038 0.4148326189
v -0.02884928465 0.1060000038 0.4318884737
v -0.02953470469 0.1060000038 0.4300877077
v -0.03010784388 0.1060000038 0.4282481462
v -0.03056652546 0.1060000038 0.4263767511
v -0.03117381096 0.1060000038 0.4220575792
v -0.03117381096 0.1060000038 0.4176959306
v -0.03056652546 0.1060000038 0.4133767587
v -0.03010784388 0.1060000038 0.4115053636
v -0.02953470469 0.1060000038 0.4096657926
v -0.02884928465 0.1060000038 0.4078650362
v -0.02884928465 0.1080000019 0.4078650362
v -0.03064394474 0.1080000019 0.4137521249
v -0.03125 0.1080000019 0.4198767549
v -0.03064394474 0.1080000019 0.4260013849
v -0.02884928465 0.1080000019 0.4318884737
v -0.03813563585 0.1039999962 0.4264618379
v -0.03813563585 0.1027999973 0.4264618379
v -0.03577875137 0.1027999973 0.4346270448
v -0.03169645071 0.1027999973 0.4420809251
v -0.02608559847 0.1027999973 0.4484640199
v -0.01921678066 0.1027999973 0.4534685022
v -0.01142124057 0.1027999973 0.4568530351
v -0.003074914813 0.1027999973 0.4584544069
v 0.005419697165 0.1027999973 0.4581953699
v 0.01365294695 0.1027999973 0.4560884554
v 0.02122778654 0.1027999973 0.4522352296
v 0.0277789259 0.1027999973 0.4468215257
v 0.03299043894 0.1027999973 0.4401084406
v 0.03661099672 0.1027999973 0.4324196703
v 0.03846600533 0.1027999973 0.4241260416
v 0.03846600533 0.1027999973 0.4156274683
v 0.03661099672 0.1027999973 0.40733383
v 0.03299043894 0.1027999973 0.3996450693
v 0.0277789259 0.1027999973 0.3929319746
v 0.02122778654 0.1027999973 0.3875182706
v 0.01365294695 0.1027999973 0.3836650545
v 0.005419697165 0.1027999973 0.3815581304
v -0.003074914813 0.1027999973 0.3812991029
v -0.01142124057 0.1027999973 0.3829004747
v -0.01921678066 0.1027999973 0.3862850076
v -0.02608559847 0.1027999973 0.3912894899
v -0.03169645071 0.1027999973 0.3976725847
v -0.03577875137 0.1027999973 0.405126465
v -0.03813563585 0.1027999973 0.4132916719
v -0.03813563585 0.1039999962 0.4132916719
v -0.03577875137 0.1039999962 0.405126465
v -0.03169645071 0.1039999962 0.3976725847
v -0.02608559847 0.1039999962 0.3912894899
v -0.01921678066 0.1039999962 0.3862850076
v -0.01142124057 0.1039999962 0.3829004747
v -0.003074914813 0.1039999962 0.3812991029
v 0.005419697165 0.1039999962 0.3815581304
v 0.01365294695 0.1039999962 0.3836650545
v 0.02122778654 0.1039999962 0.3875182706
v 0.0277789259 0.1039999962 0.3929319746
v 0.03299043894 0.1039999962 0.3996450693
v 0.03661099672 0.1039999962 0.40733383
v 0.03846600533 0.1039999962 0.4156274683
v 0.03846600533 0.1039999962 0.4241260416
v 0.03661099672 0.1039999962 0.4324196703
v 0.03299043894 0.1039999962 0.4401084406
v 0.0277789259 0.1039999962 0.4468215257
v 0.02122778654 0.1039999962 0.4522352296
v 0.01365294695 0.1039999962 0.4560884554
v 0.005419697165 0.1039999962 0.4581953699
v -0.003074914813 0.1039999962 0.4584544069
v -0.01142124057 0.1039999962 0.4568530351
v -0.01921678066 0.1039999962 0.4534685022
v -0.02608559847 0.1039999962 0.4484640199
v -0.03169645071 0.1039999962 0.4420809251
v -0.03577875137 0.1039999962 0.4346270448
v -0.03764292717 0.1044999981 0.4258767587
v -0.04058410645 0.1044999981 0.4258767587
v -0.04058410645 0.105 0.4258767587
v -0.03168694496 0.105 0.4258767587
v -0.03080509424 0.1055000019 0.4258767587
v -0.02816859245 0.1055000019 0.4258767587
v -0.02816859245 0.105 0.4258767587
v -0.02896859169 0.105 0.4258767587
v -0.02921859026 0.1049330139 0.4258767587
v -0.02940160513 0.1047500038 0.4258767587
v -0.02946859121 0.1044999981 0.4258767587
v -0.03591656923 0.1044999981 0.4258767587
v -0.03591656923 0.1027999973 0.4258767587
v -0.03764292717 0.1027999973 0.4258767587
v 0.01146861792 0.1060000038 0.4592400629
v 0.003868803382 0.1060000038 0.4606938059
v -0.003868803382 0.1060000038 0.4606938059
v -0.01146861792 0.1060000038 0.4592400629
v -0.01146861792 0.1039999962 0.4592400629
v -0.003868803382 0.1039999962 0.4606938059
v 0.003868803382 0.1039999962 0.4606938059
v 0.01146861792 0.1039999962 0.4592400629
v -0.03992171288 0.1060000038 0.4063839037
v -0.04087883949 0.1060000038 0.4042231638
v -0.03997446537 0.1060000038 0.4020398122
v -0.03776979685 0.1060000038 0.4011887247
v -0.03776979685 0.1039999962 0.4011887247
v -0.03997446537 0.1039999962 0.4020398122
v -0.04087883949 0.1039999962 0.4042231638
v -0.03992171288 0.1039999962 0.4063839037
v -0.02816859245 0.105 0.4138767511
v -0.02896859169 0.105 0.4138767511
v -0.02896859169 0.105 0.4258767587
v -0.02816859245 0.105 0.4258767587
v -0.01799999952 0.1144999981 0.3963767511
v -0.01623223305 0.1144999981 0.3971089822
v -0.01549999952 0.1144999981 0.3988767511
v -0.01623223305 0.1144999981 0.40064452
v -0.01799999952 0.1144999981 0.4013767511
v -0.01976776719 0.1144999981 0.40064452
v -0.02049999952 0.1144999981 0.3988767511
v -0.01976776719 0.1144999981 0.3971089822
v -0.02099999905 0.1139999962 0.3988767511
v -0.02012131929 0.1139999962 0.4009980756
v -0.01799999952 0.1139999962 0.401876753
v -0.01587867975 0.1139999962 0.4009980756
v -0.015 0.1139999962 0.3988767511
v -0.01587867975 0.1139999962 0.3967554361
v -0.01799999952 0.1139999962 0.3958767492
v -0.02012131929 0.1139999962 0.3967554361
v -0.01549999952 0.1144999981 0.3988767511
v -0.015 0.1139999962 0.3988767511
v -0.02099999905 0.1139999962 0.3988767511
v -0.02012131929 0.1139999962 0.3967554361
v -0.01799999952 0.1139999962 0.3958767492
v -0.01587867975 0.1139999962 0.3967554361
v -0.015 0.1139999962 0.3988767511
v -0.01587867975 0.1139999962 0.4009980756
v -0.01799999952 0.1139999962 0.401876753
v -0.02012131929 0.1139999962 0.4009980756
v -0.01799999952 0.1060000038 0.401876753
v -0.01587867975 0.1060000038 0.4009980756
v -0.015 0.1060000038 0.3988767511
v -0.01587867975 0.1060000038 0.3967554361
v -0.01799999952 0.1060000038 0.3958767492
v -0.02012131929 0.1060000038 0.3967554361
v -0.02099999905 0.1060000038 0.3988767511
v -0.02012131929 0.1060000038 0.4009980756
v -0.01799999952 0.1060000038 0.3958767492
v -0.01799999952 0.1139999962 0.3958767492
v 0.008906645775 0.1081000042 0.4279186136
v 0.009534858465 0.1081000042 0.4287028963
v 0.01021966696 0.1081000042 0.4294382745
v 0.01095727801 0.1081000042 0.4301206857
v 0.01316060185 0.1081000042 0.427073868
v 0.01445538998 0.1081000042 0.4238819582
v 0.01498791099 0.1081000042 0.4204788477
v 0.01498791099 0.1081000042 0.4192746622
v 0.01445538998 0.1081000042 0.4158715517
v 0.01316060185 0.1081000042 0.4126796228
v 0.01095727801 0.1081000042 0.4096328241
v 0.01021966696 0.1081000042 0.4103152258
v 0.009534858465 0.1081000042 0.4110506136
v 0.008906645775 0.1081000042 0.4118348772
v 0.01119999409 0.1081000042 0.4155686075
v 0.01200000048 0.1081000042 0.4198767549
v 0.01119999409 0.1081000042 0.4241849023
v -0.03540833235 0.1039999962 0.4263767511
v -0.02896859169 0.1039999962 0.4263767511
v -0.02896859169 0.1039999962 0.4133767587
v -0.03540833235 0.1039999962 0.4133767587
v -0.03302714825 0.1039999962 0.4055516893
v -0.02894105196 0.1039999962 0.3984661085
v -0.02336096764 0.1039999962 0.392485779
v -0.01657495499 0.1039999962 0.3879194242
v -0.008933314681 0.1039999962 0.3850027544
v -0.0008305224776 0.1039999962 0.3838863355
v 0.007315142751 0.1039999962 0.3846277982
v 0.01508318782 0.1039999962 0.3871888715
v 0.02207261562 0.1039999962 0.3914373476
v 0.02792261839 0.1039999962 0.3971539098
v 0.03233120918 0.1039999962 0.4040434629
v 0.03507081032 0.1039999962 0.4117503626
v 0.03599999905 0.1039999962 0.4198767549
v 0.03507081032 0.1039999962 0.4280031473
v 0.03233120918 0.1039999962 0.4357100374
v 0.02792261839 0.1039999962 0.4425995905
v 0.02207261562 0.1039999962 0.4483161623
v 0.01508318782 0.1039999962 0.4525646288
v 0.007315142751 0.1039999962 0.4551257021
v -0.0008305224776 0.1039999962 0.4558671648
v -0.008933314681 0.1039999962 0.4547507555
v -0.01657495499 0.1039999962 0.4518340761
v -0.02336096764 0.1039999962 0.4472677118
v -0.02894105196 0.1039999962 0.4412873918
v -0.03302714825 0.1039999962 0.4342018205
v 5.842675635e-18 0.1039999962 0.4348767549
v 0.00513030231 0.1039999962 0.4339721376
v 0.009641814232 0.1039999962 0.4313674242
v 0.01299038053 0.1039999962 0.4273767549
v 0.01477211595 0.1039999962 0.4224814684
v 0.01477211595 0.1039999962 0.4172720224
v 0.01299038053 0.1039999962 0.4123767549
v 0.009641814232 0.1039999962 0.4083860857
v 0.00513030231 0.1039999962 0.4057813627
v 3.317650106e-19 0.1039999962 0.4048767549
v -0.00513030231 0.1039999962 0.4057813627
v -0.009641814232 0.1039999962 0.4083860857
v -0.01299038053 0.1039999962 0.4123767549
v -0.01477211595 0.1039999962 0.4172720224
v -0.01477211595 0.1039999962 0.4224814684
v -0.01299038053 0.1039999962 0.4273767549
v -0.009641814232 0.1039999962 0.4313674242
v -0.00513030231 0.1039999962 0.4339721376
v 0.01600000024 0.1039999962 0.4198767549
v 0.01687733293 0.1039999962 0.4222872049
v 0.01909881949 0.1039999962 0.4235697824
v 0.02162499905 0.1039999962 0.4231243402
v 0.0232738471 0.1039999962 0.4211593324
v 0.0232738471 0.1039999962 0.4185941774
v 0.02162499905 0.1039999962 0.4166291505
v 0.01909881949 0.1039999962 0.4161837274
v 0.01687733293 0.1039999962 0.4174663049
v -0.008997402787 0.1039999962 0.4005817587
v -0.008111968637 0.1039999962 0.4016884214
v -0.006817321777 0.1039999962 0.4022651178
v -0.005402412415 0.1039999962 0.40218314
v -0.001824463457 0.1039999962 0.4014669401
v 0.001824463457 0.1039999962 0.4014669401
v 0.005402412415 0.1039999962 0.40218314
v 0.006817321777 0.1039999962 0.4022651178
v 0.008111968637 0.1039999962 0.4016884214
v 0.008997402787 0.1039999962 0.4005817587
v 0.01027623057 0.1039999962 0.397839306
v 0.01053269386 0.1039999962 0.3961879427
v 0.009865874648 0.1039999962 0.3946555883
v 0.008482691646 0.1039999962 0.3937177354
v 0.002869208455 0.1039999962 0.3925268442
v -0.002869208455 0.1039999962 0.3925268442
v -0.008482691646 0.1039999962 0.3937177354
v -0.009865874648 0.1039999962 0.3946555883
v -0.01053269386 0.1039999962 0.3961879427
v -0.01027623057 0.1039999962 0.397839306
v -0.005402412415 0.1039999962 0.4375703699
v -0.006817321777 0.1039999962 0.437488392
v -0.008111968637 0.1039999962 0.4380650789
v -0.008997402787 0.1039999962 0.4391717416
v -0.01027623057 0.1039999962 0.4419142038
v -0.01053269386 0.1039999962 0.4435655672
v -0.009865874648 0.1039999962 0.445097912
v -0.008482691646 0.1039999962 0.4460357553
v -0.002869208455 0.1039999962 0.4472266657
v 0.002869208455 0.1039999962 0.4472266657
v 0.008482691646 0.1039999962 0.4460357553
v 0.009865874648 0.1039999962 0.445097912
v 0.01053269386 0.1039999962 0.4435655672
v 0.01027623057 0.1039999962 0.4419142038
v 0.008997402787 0.1039999962 0.4391717416
v 0.008111968637 0.1039999962 0.4380650789
v 0.006817321777 0.1039999962 0.437488392
v 0.005402412415 0.1039999962 0.4375703699
v 0.001824463457 0.1039999962 0.4382865602
v -0.001824463457 0.1039999962 0.4382865602
v -0.0275999999 0.1039999962 0.4255267603
v -0.02716611385 0.1039999962 0.4277080423
v -0.02593050957 0.1039999962 0.4295572549
v -0.02408129454 0.1039999962 0.4307928735
v -0.02190000057 0.1039999962 0.4312267572
v -0.01971870422 0.1039999962 0.4307928735
v -0.01786949158 0.1039999962 0.4295572549
v -0.0166338861 0.1039999962 0.4277080423
v -0.01620000005 0.1039999962 0.4255267603
v -0.0166338861 0.1039999962 0.4233454591
v -0.01786949158 0.1039999962 0.4214962465
v -0.01971870422 0.1039999962 0.420260647
v -0.02190000057 0.1039999962 0.4198267442
v -0.02408129454 0.1039999962 0.420260647
v -0.02593050957 0.1039999962 0.4214962465
v -0.02716611385 0.1039999962 0.4233454591
v -0.0275999999 0.1039999962 0.4132267458
v -0.02716611385 0.1039999962 0.4154080469
v -0.02593050957 0.1039999962 0.4172572595
v -0.02408129454 0.1039999962 0.418492859
v -0.02190000057 0.1039999962 0.4189267427
v -0.01971870422 0.1039999962 0.418492859
v -0.01786949158 0.1039999962 0.4172572595
v -0.0166338861 0.1039999962 0.4154080469
v -0.01620000005 0.1039999962 0.4132267458
v -0.0166338861 0.1039999962 0.4110454637
v -0.01786949158 0.1039999962 0.4091962415
v -0.01971870422 0.1039999962 0.407960642
v -0.02190000057 0.1039999962 0.4075267488
v -0.02408129454 0.1039999962 0.407960642
v -0.02593050957 0.1039999962 0.4091962415
v -0.02716611385 0.1039999962 0.4110454637
v 0.01704238892 0.1078999996 0.4139675409
v 0.01704238892 0.1060000038 0.4139675409
v 0.01558184147 0.1060000038 0.4142327768
v 0.01417292714 0.1060000038 0.4137653238
v 0.01316060185 0.1060000038 0.4126796228
v 0.01316060185 0.1078999996 0.4126796228
v 0.01417292714 0.1078999996 0.4137653238
v 0.01558184147 0.1078999996 0.4142327768
v -0.02762120247 0.1075 0.4331504518
v -0.02838204861 0.1075 0.4337032396
v -0.02809143066 0.1075 0.4345976717
v -0.02715097427 0.1075 0.4345976717
v -0.02686035633 0.1075 0.4337032396
v -0.02762120247 0.10701931 0.4339504511
v -0.02762120247 0.10701931 0.4339504511
v -0.02762120247 0.10701931 0.4339504511
v -0.02762120247 0.10701931 0.4339504511
v -0.02762120247 0.10701931 0.4339504511
v -0.02762120247 0.10701931 0.4339504511
v -0.02809143066 0.1075 0.4345976717
v -0.02762120247 0.10701931 0.4339504511
v 0.03936331749 0.1060000038 0.4084081346
v 0.04081706047 0.1060000038 0.4160079462
v 0.04081706047 0.1060000038 0.4237455637
v 0.03936331749 0.1060000038 0.4313453752
v 0.03936331749 0.1039999962 0.4313453752
v 0.04081706047 0.1039999962 0.4237455637
v 0.04081706047 0.1039999962 0.4160079462
v 0.03936331749 0.1039999962 0.4084081346
v 0.01349284649 0.1060000038 0.379955042
v 0.01565359235 0.1060000038 0.3789979154
v 0.01783694386 0.1060000038 0.3799022848
v 0.01868803024 0.1060000038 0.3821069605
v 0.01868803024 0.1039999962 0.3821069605
v 0.01783694386 0.1039999962 0.3799022848
v 0.01565359235 0.1039999962 0.3789979154
v 0.01349284649 0.1039999962 0.379955042
v 0.02424999952 0.1076000023 0.4198766596
v 0.02339063406 0.1076000023 0.4225217134
v 0.02114067078 0.1076000023 0.4241564829
v 0.01835951805 0.1076000023 0.4241565401
v 0.01610948205 0.1076000023 0.422521866
v 0.01524999976 0.1076000023 0.4198768503
v 0.01610936522 0.1076000023 0.4172317964
v 0.01835932851 0.1076000023 0.415597027
v 0.02114048243 0.1076000023 0.4155969698
v 0.02339051723 0.1076000023 0.4172316438
v 0.01498791099 0.1078999996 0.4204788477
v 0.01616974592 0.1078999996 0.4230739099
v 0.01861509323 0.1078999996 0.424540661
v 0.0214609623 0.1078999996 0.4243614656
v 0.02370301247 0.1078999996 0.4225995523
v 0.02454999924 0.1078999996 0.4198767549
v 0.02370301247 0.1078999996 0.4171539385
v 0.0214609623 0.1078999996 0.4153920442
v 0.01861509323 0.1078999996 0.4152128488
v 0.01616974592 0.1078999996 0.4166795999
v 0.01498791099 0.1078999996 0.4192746622
v 0.015 0.1078499985 0.4198767549
v 0.02424999952 0.1076000023 0.4198766596
v 0.02454999924 0.1078999996 0.4198767549
v -0.01799999952 0.1139999962 0.4421267587
v -0.01918882012 0.1139999962 0.4412630159
v -0.01873473167 0.1139999962 0.4398654825
v -0.01726526856 0.1139999962 0.4398654825
v -0.01681117892 0.1139999962 0.4412630159
v -0.01799999952 0.1144999981 0.4391267473
v -0.01951554418 0.1144999981 0.4400017435
v -0.01951554418 0.1144999981 0.4417517549
v -0.01799999952 0.1144999981 0.4426267511
v -0.01648445606 0.1144999981 0.4417517549
v -0.01648445606 0.1144999981 0.4400017435
v -0.01648445606 0.1144999981 0.4400017435
v -0.01726526856 0.1139999962 0.4398654825
v 0.008906645775 0.1081000042 0.4118348772
v 0.009534858465 0.1081000042 0.4110506136
v 0.01021966696 0.1081000042 0.4103152258
v 0.01095727801 0.1081000042 0.4096328241
v 0.01095727801 0.1085999966 0.4096328241
v 0.01021966696 0.1085999966 0.4103152258
v 0.009534858465 0.1085999966 0.4110506136
v 0.008906645775 0.1085999966 0.4118348772
v 0.005402412415 0.1060000038 0.4375703699
v 0.005402412415 0.1039999962 0.4375703699
v 0.006817321777 0.1039999962 0.437488392
v 0.008111968637 0.1039999962 0.4380650789
v 0.008997402787 0.1039999962 0.4391717416
v 0.008997402787 0.1060000038 0.4391717416
v 0.008111968637 0.1060000038 0.4380650789
v 0.006817321777 0.1060000038 0.437488392
v -0.01799999952 0.1085000038 0.4001267511
v -0.01918882012 0.1085000038 0.3992630273
v -0.01873473167 0.1085000038 0.3978654844
v -0.01726526856 0.1085000038 0.3978654844
v -0.01681117892 0.1085000038 0.3992630273
v -0.01799999952 0.1139999962 0.4001267511
v -0.01681117892 0.1139999962 0.3992630273
v -0.01726526856 0.1139999962 0.3978654844
v -0.01873473167 0.1139999962 0.3978654844
v -0.01918882012 0.1139999962 0.3992630273
v -0.01799999952 0.1139999962 0.4001267511
v -0.01799999952 0.1085000038 0.4001267511
v 0.01027623057 0.1060000038 0.4419142038
v 0.008997402787 0.1060000038 0.4391717416
v 0.008997402787 0.1039999962 0.4391717416
v 0.01027623057 0.1039999962 0.4419142038
v 0.03992171288 0.1039999962 0.4063839037
v 0.03992171288 0.1060000038 0.4063839037
v 0.03948553801 0.1060000038 0.4069726736
v 0.03929069042 0.1060000038 0.4076790125
v 0.03936331749 0.1060000038 0.4084081346
v 0.03936331749 0.1039999962 0.4084081346
v 0.03929069042 0.1039999962 0.4076790125
v 0.03948553801 0.1039999962 0.4069726736
v 0.01868803024 0.1039999962 0.3821069605
v 0.01868803024 0.1060000038 0.3821069605
v 0.01879592776 0.1060000038 0.3828316957
v 0.01915760994 0.1060000038 0.3834689314
v 0.01972453117 0.1060000038 0.3839331419
v 0.01972453117 0.1039999962 0.3839331419
v 0.01915760994 0.1039999962 0.3834689314
v 0.01879592776 0.1039999962 0.3828316957
v 0.008906645775 0.1085999966 0.4118348772
v 0.005058905482 0.1085999966 0.4089952356
v 0.0004077574983 0.1085999966 0.4078836805
v -0.004308146536 0.1085999966 0.4086767561
v -0.008339871168 0.1085999966 0.4112485201
v -0.01104713678 0.1085999966 0.4151905138
v -0.01200000048 0.1085999966 0.4198767549
v -0.01104713678 0.1085999966 0.424562977
v -0.008339871168 0.1085999966 0.4285049898
v -0.004308146536 0.1085999966 0.4310767442
v 0.0004077574983 0.1085999966 0.4318698198
v 0.005058905482 0.1085999966 0.4307582742
v 0.008906645775 0.1085999966 0.4279186136
v 0.008906645775 0.1081000042 0.4279186136
v 0.01119999409 0.1081000042 0.4241849023
v 0.01200000048 0.1081000042 0.4198767549
v 0.01119999409 0.1081000042 0.4155686075
v 0.008906645775 0.1081000042 0.4118348772
v 5.291583816e-18 0.1069999981 0.4318767435
v -0.004592201114 0.1069999981 0.4309633142
v -0.008485281467 0.1069999981 0.428362034
v -0.01108655453 0.1069999981 0.4244689447
v -0.01200000048 0.1069999981 0.4198767549
v -0.01108655453 0.1069999981 0.4152845461
v -0.008485281467 0.1069999981 0.4113914758
v -0.004592201114 0.1069999981 0.4087901956
v 2.352432251e-18 0.1069999981 0.4078767568
v 0.004592201114 0.1069999981 0.4087901956
v 0.008485281467 0.1069999981 0.4113914758
v 0.01108655453 0.1069999981 0.4152845461
v 0.01200000048 0.1069999981 0.4198767549
v 0.01108655453 0.1069999981 0.4244689447
v 0.008485281467 0.1069999981 0.428362034
v 0.004592201114 0.1069999981 0.4309633142
v -0.004308146536 0.1085999966 0.4310767442
v 5.291583816e-18 0.1069999981 0.4318767435
v 0.01799999952 0.1139999962 0.4421267587
v 0.01681117892 0.1139999962 0.4412630159
v 0.01726526856 0.1139999962 0.4398654825
v 0.01873473167 0.1139999962 0.4398654825
v 0.01918882012 0.1139999962 0.4412630159
v 0.01799999952 0.1144999981 0.4391267473
v 0.01648445606 0.1144999981 0.4400017435
v 0.01648445606 0.1144999981 0.4417517549
v 0.01799999952 0.1144999981 0.4426267511
v 0.01951554418 0.1144999981 0.4417517549
v 0.01951554418 0.1144999981 0.4400017435
v 0.01951554418 0.1144999981 0.4400017435
v 0.01873473167 0.1139999962 0.4398654825
v 0.01799999952 0.1085000038 0.4001267511
v 0.01681117892 0.1085000038 0.3992630273
v 0.01726526856 0.1085000038 0.3978654844
v 0.01873473167 0.1085000038 0.3978654844
v 0.01918882012 0.1085000038 0.3992630273
v 0.01799999952 0.1139999962 0.4001267511
v 0.01918882012 0.1139999962 0.3992630273
v 0.01873473167 0.1139999962 0.3978654844
v 0.01726526856 0.1139999962 0.3978654844
v 0.01681117892 0.1139999962 0.3992630273
v 0.01799999952 0.1085000038 0.4001267511
v 0.01799999952 0.1139999962 0.4001267511
v 0.008482691646 0.1039999962 0.3937177354
v 0.008482691646 0.1060000038 0.3937177354
v 0.002869208455 0.1060000038 0.3925268442
v -0.002869208455 0.1060000038 0.3925268442
v -0.008482691646 0.1060000038 0.3937177354
v -0.008482691646 0.1039999962 0.3937177354
v -0.002869208455 0.1039999962 0.3925268442
v 0.002869208455 0.1039999962 0.3925268442
v 0.01027623057 0.1060000038 0.4419142038
v 0.01027623057 0.1039999962 0.4419142038
v 0.01053269386 0.1039999962 0.4435655672
v 0.009865874648 0.1039999962 0.445097912
v 0.008482691646 0.1039999962 0.4460357553
v 0.008482691646 0.1060000038 0.4460357553
v 0.009865874648 0.1060000038 0.445097912
v 0.01053269386 0.1060000038 0.4435655672
v 0.03776979685 0.1060000038 0.4011887247
v 0.03997446537 0.1060000038 0.4020398122
v 0.04087883949 0.1060000038 0.4042231638
v 0.03992171288 0.1060000038 0.4063839037
v 0.03992171288 0.1039999962 0.4063839037
v 0.04087883949 0.1039999962 0.4042231638
v 0.03997446537 0.1039999962 0.4020398122
v 0.03776979685 0.1039999962 0.4011887247
v 0.0359436059 0.1039999962 0.4001522237
v 0.03159767628 0.1039999962 0.3937503893
v 0.02612636328 0.1039999962 0.3882790739
v 0.01972453117 0.1039999962 0.3839331419
v 0.01972453117 0.1060000038 0.3839331419
v 0.02612636328 0.1060000038 0.3882790739
v 0.03159767628 0.1060000038 0.3937503893
v 0.0359436059 0.1060000038 0.4001522237
v 6.546847337e-18 0.1025 0.4348767549
v 0.00513030231 0.1025 0.4339721376
v 0.009641814232 0.1025 0.4313674242
v 0.01299038053 0.1025 0.4273767549
v 0.01477211595 0.1025 0.4224814684
v 0.01477211595 0.1025 0.4172720224
v 0.01299038053 0.1025 0.4123767549
v 0.009641814232 0.1025 0.4083860857
v 0.00513030231 0.1025 0.4057813627
v -1.88710007e-19 0.1025 0.4048767549
v -0.00513030231 0.1025 0.4057813627
v -0.009641814232 0.1025 0.4083860857
v -0.01299038053 0.1025 0.4123767549
v -0.01477211595 0.1025 0.4172720224
v -0.01477211595 0.1025 0.4224814684
v -0.01299038053 0.1025 0.4273767549
v -0.009641814232 0.1025 0.4313674242
v -0.00513030231 0.1025 0.4339721376
v 5.842675635e-18 0.1039999962 0.4348767549
v -0.00513030231 0.1039999962 0.4339721376
v -0.009641814232 0.1039999962 0.4313674242
v -0.01299038053 0.1039999962 0.4273767549
v -0.01477211595 0.1039999962 0.4224814684
v -0.01477211595 0.1039999962 0.4172720224
v -0.01299038053 0.1039999962 0.4123767549
v -0.009641814232 0.1039999962 0.4083860857
v -0.00513030231 0.1039999962 0.4057813627
v 3.317650106e-19 0.1039999962 0.4048767549
v 0.00513030231 0.1039999962 0.4057813627
v 0.009641814232 0.1039999962 0.4083860857
v 0.01299038053 0.1039999962 0.4123767549
v 0.01477211595 0.1039999962 0.4172720224
v 0.01477211595 0.1039999962 0.4224814684
v 0.01299038053 0.1039999962 0.4273767549
v 0.009641814232 0.1039999962 0.4313674242
v 0.00513030231 0.1039999962 0.4339721376
v 5.842675635e-18 0.1039999962 0.4348767549
v 6.546847337e-18 0.1025 0.4348767549
v 0.02424999952 0.1071000004 0.4198767549
v 0.02339057684 0.1071000004 0.4225217897
v 0.02114057541 0.1071000004 0.4241565019
v 0.01835942388 0.1071000004 0.4241565019
v 0.01610942364 0.1071000004 0.4225217897
v 0.01524999976 0.1071000004 0.4198767549
v 0.01610942364 0.1071000004 0.4172317201
v 0.01835942388 0.1071000004 0.4155969888
v 0.02114057541 0.1071000004 0.4155969888
v 0.02339057684 0.1071000004 0.4172317201
v 0.02424999952 0.1076000023 0.4198766596
v 0.02339051723 0.1076000023 0.4172316438
v 0.02114048243 0.1076000023 0.4155969698
v 0.01835932851 0.1076000023 0.415597027
v 0.01610936522 0.1076000023 0.4172317964
v 0.01524999976 0.1076000023 0.4198768503
v 0.01610948205 0.1076000023 0.422521866
v 0.01835951805 0.1076000023 0.4241565401
v 0.02114067078 0.1076000023 0.4241564829
v 0.02339063406 0.1076000023 0.4225217134
v 0.01610936522 0.1076000023 0.4172317964
v 0.01524999976 0.1071000004 0.4198767549
v -0.01799999952 0.1085000038 0.4421267587
v -0.01918882012 0.1085000038 0.4412630159
v -0.01873473167 0.1085000038 0.4398654825
v -0.01726526856 0.1085000038 0.4398654825
v -0.01681117892 0.1085000038 0.4412630159
v -0.01799999952 0.1139999962 0.4421267587
v -0.01681117892 0.1139999962 0.4412630159
v -0.01726526856 0.1139999962 0.4398654825
v -0.01873473167 0.1139999962 0.4398654825
v -0.01918882012 0.1139999962 0.4412630159
v -0.01726526856 0.1139999962 0.4398654825
v -0.01726526856 0.1085000038 0.4398654825
v 0.01027623057 0.1039999962 0.397839306
v 0.01027623057 0.1060000038 0.397839306
v 0.01053269386 0.1060000038 0.3961879427
v 0.009865874648 0.1060000038 0.3946555883
v 0.008482691646 0.1060000038 0.3937177354
v 0.008482691646 0.1039999962 0.3937177354
v 0.009865874648 0.1039999962 0.3946555883
v 0.01053269386 0.1039999962 0.3961879427
v -0.008482691646 0.1039999962 0.3937177354
v -0.008482691646 0.1060000038 0.3937177354
v -0.009865874648 0.1060000038 0.3946555883
v -0.01053269386 0.1060000038 0.3961879427
v -0.01027623057 0.1060000038 0.397839306
v -0.01027623057 0.1039999962 0.397839306
v -0.01053269386 0.1039999962 0.3961879427
v -0.009865874648 0.1039999962 0.3946555883
v 0.008482691646 0.1060000038 0.4460357553
v 0.008482691646 0.1039999962 0.4460357553
v 0.002869208455 0.1039999962 0.4472266657
v -0.002869208455 0.1039999962 0.4472266657
v -0.008482691646 0.1039999962 0.4460357553
v -0.008482691646 0.1060000038 0.4460357553
v -0.002869208455 0.1060000038 0.4472266657
v 0.002869208455 0.1060000038 0.4472266657
v 0.005402412415 0.1060000038 0.4375703699
v 0.001824463457 0.1060000038 0.4382865602
v -0.001824463457 0.1060000038 0.4382865602
v -0.005402412415 0.1060000038 0.4375703699
v -0.005402412415 0.1039999962 0.4375703699
v -0.001824463457 0.1039999962 0.4382865602
v 0.001824463457 0.1039999962 0.4382865602
v 0.005402412415 0.1039999962 0.4375703699
v 0.03776979685 0.1060000038 0.4011887247
v 0.03776979685 0.1039999962 0.4011887247
v 0.03704505682 0.1039999962 0.401080826
v 0.03640781641 0.1039999962 0.400719145
v 0.0359436059 0.1039999962 0.4001522237
v 0.0359436059 0.1060000038 0.4001522237
v 0.03640781641 0.1060000038 0.400719145
v 0.03704505682 0.1060000038 0.401080826
v 0.01600000024 0.1053999996 0.4198767549
v 0.01687733293 0.1053999996 0.4222872049
v 0.01909881949 0.1053999996 0.4235697824
v 0.02162499905 0.1053999996 0.4231243402
v 0.0232738471 0.1053999996 0.4211593324
v 0.0232738471 0.1053999996 0.4185941774
v 0.02162499905 0.1053999996 0.4166291505
v 0.01909881949 0.1053999996 0.4161837274
v 0.01687733293 0.1053999996 0.4174663049
v 0.01600000024 0.1039999962 0.4198767549
v 0.01687733293 0.1039999962 0.4174663049
v 0.01909881949 0.1039999962 0.4161837274
v 0.02162499905 0.1039999962 0.4166291505
v 0.0232738471 0.1039999962 0.4185941774
v 0.0232738471 0.1039999962 0.4211593324
v 0.02162499905 0.1039999962 0.4231243402
v 0.01909881949 0.1039999962 0.4235697824
v 0.01687733293 0.1039999962 0.4222872049
v 0.0232738471 0.1053999996 0.4185941774
v 0.0232738471 0.1039999962 0.4185941774
v 5.944728969e-18 0.1069999981 0.4328767473
v -0.004696141779 0.1069999981 0.4319988901
v -0.008758043647 0.1069999981 0.4294838602
v -0.01163712263 0.1069999981 0.4256713564
v -0.01294454455 0.1069999981 0.4210762483
v -0.01250373363 0.1069999981 0.4163191301
v -0.01037422419 0.1069999981 0.4120425111
v -0.006843618155 0.1069999981 0.4088239271
v -0.002388743758 0.1069999981 0.4070981008
v 0.002388743758 0.1069999981 0.4070981008
v 0.006843618155 0.1069999981 0.4088239271
v 0.01037422419 0.1069999981 0.4120425111
v 0.01250373363 0.1069999981 0.4163191301
v 0.01294454455 0.1069999981 0.4210762483
v 0.01163712263 0.1069999981 0.4256713564
v 0.008758043647 0.1069999981 0.4294838602
v 0.004696141779 0.1069999981 0.4319988901
v 5.291583816e-18 0.1069999981 0.4318767435
v 0.004592201114 0.1069999981 0.4309633142
v 0.008485281467 0.1069999981 0.428362034
v 0.01108655453 0.1069999981 0.4244689447
v 0.01200000048 0.1069999981 0.4198767549
v 0.01108655453 0.1069999981 0.4152845461
v 0.008485281467 0.1069999981 0.4113914758
v 0.004592201114 0.1069999981 0.4087901956
v 2.352432251e-18 0.1069999981 0.4078767568
v -0.004592201114 0.1069999981 0.4087901956
v -0.008485281467 0.1069999981 0.4113914758
v -0.01108655453 0.1069999981 0.4152845461
v -0.01200000048 0.1069999981 0.4198767549
v -0.01108655453 0.1069999981 0.4244689447
v -0.008485281467 0.1069999981 0.428362034
v -0.004592201114 0.1069999981 0.4309633142
v 0.01799999952 0.1085000038 0.4421267587
v 0.01681117892 0.1085000038 0.4412630159
v 0.01726526856 0.1085000038 0.4398654825
v 0.01873473167 0.1085000038 0.4398654825
v 0.01918882012 0.1085000038 0.4412630159
v 0.01799999952 0.1139999962 0.4421267587
v 0.01918882012 0.1139999962 0.4412630159
v 0.01873473167 0.1139999962 0.4398654825
v 0.01726526856 0.1139999962 0.4398654825
v 0.01681117892 0.1139999962 0.4412630159
v 0.01873473167 0.1085000038 0.4398654825
v 0.01873473167 0.1139999962 0.4398654825
v 0.008997402787 0.1039999962 0.4005817587
v 0.008997402787 0.1060000038 0.4005817587
v 0.01027623057 0.1060000038 0.397839306
v 0.01027623057 0.1039999962 0.397839306
v -0.008997402787 0.1060000038 0.4005817587
v -0.008997402787 0.1039999962 0.4005817587
v -0.01027623057 0.1039999962 0.397839306
v -0.01027623057 0.1060000038 0.397839306
v -0.008482691646 0.1060000038 0.4460357553
v -0.008482691646 0.1039999962 0.4460357553
v -0.009865874648 0.1039999962 0.445097912
v -0.01053269386 0.1039999962 0.4435655672
v -0.01027623057 0.1039999962 0.4419142038
v -0.01027623057 0.1060000038 0.4419142038
v -0.01053269386 0.1060000038 0.4435655672
v -0.009865874648 0.1060000038 0.445097912
v -0.008997402787 0.1060000038 0.4391717416
v -0.008997402787 0.1039999962 0.4391717416
v -0.008111968637 0.1039999962 0.4380650789
v -0.006817321777 0.1039999962 0.437488392
v -0.005402412415 0.1039999962 0.4375703699
v -0.005402412415 0.1060000038 0.4375703699
v -0.006817321777 0.1060000038 0.437488392
v -0.008111968637 0.1060000038 0.4380650789
v 6.546847337e-18 0.1025 0.4348767549
v -0.00513030231 0.1025 0.4339721376
v -0.009641814232 0.1025 0.4313674242
v -0.01299038053 0.1025 0.4273767549
v -0.01477211595 0.1025 0.4224814684
v -0.01477211595 0.1025 0.4172720224
v -0.01299038053 0.1025 0.4123767549
v -0.009641814232 0.1025 0.4083860857
v -0.00513030231 0.1025 0.4057813627
v -1.88710007e-19 0.1025 0.4048767549
v 0.00513030231 0.1025 0.4057813627
v 0.009641814232 0.1025 0.4083860857
v 0.01299038053 0.1025 0.4123767549
v 0.01477211595 0.1025 0.4172720224
v 0.01477211595 0.1025 0.4224814684
v 0.01299038053 0.1025 0.4273767549
v 0.009641814232 0.1025 0.4313674242
v 0.00513030231 0.1025 0.4339721376
v 2.860201183e-12 0.1025 0.4063767511
v -0.004876762629 0.1025 0.4072883779
v -0.009094890952 0.1025 0.4099001295
v -0.01208470464 0.1025 0.4138592798
v -0.01344241142 0.1025 0.4186311227
v -0.01298464656 0.1025 0.4235711939
v -0.01077323198 0.1025 0.4280123216
v -0.007106834054 0.1025 0.4313546831
v -0.002480618507 0.1025 0.4331468851
v 0.002480618507 0.1025 0.4331468851
v 0.007106834054 0.1025 0.4313546831
v 0.01077323198 0.1025 0.4280123216
v 0.01298464656 0.1025 0.4235711939
v 0.01344241142 0.1025 0.4186311227
v 0.01208470464 0.1025 0.4138592798
v 0.009094890952 0.1025 0.4099001295
v 0.004876762629 0.1025 0.4072883779
v 0.02430000067 0.1071000004 0.4198767549
v 0.02343102694 0.1071000004 0.4225511819
v 0.02115602732 0.1071000004 0.4242040521
v 0.01834397316 0.1071000004 0.4242040521
v 0.01606897235 0.1071000004 0.4225511819
v 0.01519999981 0.1071000004 0.4198767549
v 0.01606897235 0.1071000004 0.4172023279
v 0.01834397316 0.1071000004 0.4155494386
v 0.02115602732 0.1071000004 0.4155494386
v 0.02343102694 0.1071000004 0.4172023279
v 0.02424999952 0.1071000004 0.4198767549
v 0.02339057684 0.1071000004 0.4172317201
v 0.02114057541 0.1071000004 0.4155969888
v 0.01835942388 0.1071000004 0.4155969888
v 0.01610942364 0.1071000004 0.4172317201
v 0.01524999976 0.1071000004 0.4198767549
v 0.01610942364 0.1071000004 0.4225217897
v 0.01835942388 0.1071000004 0.4241565019
v 0.02114057541 0.1071000004 0.4241565019
v 0.02339057684 0.1071000004 0.4225217897
v 0.005402412415 0.1039999962 0.40218314
v 0.005402412415 0.1060000038 0.40218314
v 0.006817321777 0.1060000038 0.4022651178
v 0.008111968637 0.1060000038 0.4016884214
v 0.008997402787 0.1060000038 0.4005817587
v 0.008997402787 0.1039999962 0.4005817587
v 0.008111968637 0.1039999962 0.4016884214
v 0.006817321777 0.1039999962 0.4022651178
v -0.008997402787 0.1039999962 0.4005817587
v -0.008997402787 0.1060000038 0.4005817587
v -0.008111968637 0.1060000038 0.4016884214
v -0.006817321777 0.1060000038 0.4022651178
v -0.005402412415 0.1060000038 0.40218314
v -0.005402412415 0.1039999962 0.40218314
v -0.006817321777 0.1039999962 0.4022651178
v -0.008111968637 0.1039999962 0.4016884214
v -0.01027623057 0.1039999962 0.4419142038
v -0.008997402787 0.1039999962 0.4391717416
v -0.008997402787 0.1060000038 0.4391717416
v -0.01027623057 0.1060000038 0.4419142038
v 0.02424999952 0.1053999996 0.4198767549
v 0.02339057684 0.1053999996 0.4172317201
v 0.02114057541 0.1053999996 0.4155969888
v 0.01835942388 0.1053999996 0.4155969888
v 0.01610942364 0.1053999996 0.4172317201
v 0.01524999976 0.1053999996 0.4198767549
v 0.01610942364 0.1053999996 0.4225217897
v 0.01835942388 0.1053999996 0.4241565019
v 0.02114057541 0.1053999996 0.4241565019
v 0.02339057684 0.1053999996 0.4225217897
v 0.01600000024 0.1053999996 0.4198767549
v 0.01687733293 0.1053999996 0.4174663049
v 0.01909881949 0.1053999996 0.4161837274
v 0.02162499905 0.1053999996 0.4166291505
v 0.0232738471 0.1053999996 0.4185941774
v 0.0232738471 0.1053999996 0.4211593324
v 0.02162499905 0.1053999996 0.4231243402
v 0.01909881949 0.1053999996 0.4235697824
v 0.01687733293 0.1053999996 0.4222872049
v 5.944728969e-18 0.1069999981 0.4328767473
v 0.004696141779 0.1069999981 0.4319988901
v 0.008758043647 0.1069999981 0.4294838602
v 0.01163712263 0.1069999981 0.4256713564
v 0.01294454455 0.1069999981 0.4210762483
v 0.01250373363 0.1069999981 0.4163191301
v 0.01037422419 0.1069999981 0.4120425111
v 0.006843618155 0.1069999981 0.4088239271
v 0.002388743758 0.1069999981 0.4070981008
v -0.002388743758 0.1069999981 0.4070981008
v -0.006843618155 0.1069999981 0.4088239271
v -0.01037422419 0.1069999981 0.4120425111
v -0.01250373363 0.1069999981 0.4163191301
v -0.01294454455 0.1069999981 0.4210762483
v -0.01163712263 0.1069999981 0.4256713564
v -0.008758043647 0.1069999981 0.4294838602
v -0.004696141779 0.1069999981 0.4319988901
v -0.01299999952 0.1030000019 0.4198767549
v -0.01212213874 0.1030000019 0.4151806146
v -0.009607115984 0.1030000019 0.4111187059
v -0.00579459846 0.1030000019 0.4082396299
v -0.00119948864 0.1030000019 0.4069322092
v 0.003557618856 0.1030000019 0.4073730165
v 0.007834250331 0.1030000019 0.4095025236
v 0.01105282307 0.1030000019 0.4130331308
v 0.01277865052 0.1030000019 0.4174880106
v 0.01277865052 0.1030000019 0.4222654993
v 0.01105282307 0.1030000019 0.426720379
v 0.007834250331 0.1030000019 0.4302509767
v 0.003557618856 0.1030000019 0.4323804933
v -0.00119948864 0.1030000019 0.4328213007
v -0.00579459846 0.1030000019 0.4315138704
v -0.009607115984 0.1030000019 0.4286348039
v -0.01212213874 0.1030000019 0.4245728952
v 0.003557618856 0.1030000019 0.4323804933
v 5.944728969e-18 0.1069999981 0.4328767473
v -0.01799999952 0.1085000038 0.4001267511
v -0.01681117892 0.1085000038 0.3992630273
v -0.01726526856 0.1085000038 0.3978654844
v -0.01873473167 0.1085000038 0.3978654844
v -0.01918882012 0.1085000038 0.3992630273
v -0.01799999952 0.1077489281 0.3988767511
v -0.01799999952 0.1085000038 0.4001267511
v -0.01799999952 0.1077489281 0.3988767511
v -0.01799999952 0.1077489281 0.3988767511
v -0.01799999952 0.1077489281 0.3988767511
v -0.01799999952 0.1077489281 0.3988767511
v -0.01799999952 0.1077489281 0.3988767511
v -0.01799999952 0.1077489281 0.3988767511
v -0.01799999952 0.1077489281 0.3988767511
v 0.005402412415 0.1039999962 0.40218314
v 0.001824463457 0.1039999962 0.4014669401
v -0.001824463457 0.1039999962 0.4014669401
v -0.005402412415 0.1039999962 0.40218314
v -0.005402412415 0.1060000038 0.40218314
v -0.001824463457 0.1060000038 0.4014669401
v 0.001824463457 0.1060000038 0.4014669401
v 0.005402412415 0.1060000038 0.40218314
v -0.01299999952 0.1030000019 0.4198767549
v -0.01212213874 0.1030000019 0.4245728952
v -0.009607115984 0.1030000019 0.4286348039
v -0.00579459846 0.1030000019 0.4315138704
v -0.00119948864 0.1030000019 0.4328213007
v 0.003557618856 0.1030000019 0.4323804933
v 0.007834250331 0.1030000019 0.4302509767
v 0.01105282307 0.1030000019 0.426720379
v 0.01277865052 0.1030000019 0.4222654993
v 0.01277865052 0.1030000019 0.4174880106
v 0.01105282307 0.1030000019 0.4130331308
v 0.007834250331 0.1030000019 0.4095025236
v 0.003557618856 0.1030000019 0.4073730165
v -0.00119948864 0.1030000019 0.4069322092
v -0.00579459846 0.1030000019 0.4082396299
v -0.009607115984 0.1030000019 0.4111187059
v -0.01212213874 0.1030000019 0.4151806146
v 2.860201183e-12 0.1025 0.4063767511
v 0.004876762629 0.1025 0.4072883779
v 0.009094890952 0.1025 0.4099001295
v 0.01208470464 0.1025 0.4138592798
v 0.01344241142 0.1025 0.4186311227
v 0.01298464656 0.1025 0.4235711939
v 0.01077323198 0.1025 0.4280123216
v 0.007106834054 0.1025 0.4313546831
v 0.002480618507 0.1025 0.4331468851
v -0.002480618507 0.1025 0.4331468851
v -0.007106834054 0.1025 0.4313546831
v -0.01077323198 0.1025 0.4280123216
v -0.01298464656 0.1025 0.4235711939
v -0.01344241142 0.1025 0.4186311227
v -0.01208470464 0.1025 0.4138592798
v -0.009094890952 0.1025 0.4099001295
v -0.004876762629 0.1025 0.4072883779
v 0.01277865052 0.1030000019 0.4174880106
v 0.01344241142 0.1025 0.4186311227
v 0.01799999952 0.1085000038 0.4001267511
v 0.01918882012 0.1085000038 0.3992630273
v 0.01873473167 0.1085000038 0.3978654844
v 0.01726526856 0.1085000038 0.3978654844
v 0.01681117892 0.1085000038 0.3992630273
v 0.01799999952 0.1077489281 0.3988767511
v 0.01799999952 0.1077489281 0.3988767511
v 0.01799999952 0.1077489281 0.3988767511
v 0.01799999952 0.1077489281 0.3988767511
v 0.01799999952 0.1077489281 0.3988767511
v 0.01799999952 0.1077489281 0.3988767511
v 0.01799999952 0.1077489281 0.3988767511
v 0.01873473167 0.1085000038 0.3978654844
v 0.01799999952 0.1077489281 0.3988767511
v 0.02424999952 0.1063000011 0.4198767549
v 0.02339057684 0.1063000011 0.4172317201
v 0.02114057541 0.1063000011 0.4155969888
v 0.01835942388 0.1063000011 0.4155969888
v 0.01610942364 0.1063000011 0.4172317201
v 0.01524999976 0.1063000011 0.4198767549
v 0.01610942364 0.1063000011 0.4225217897
v 0.01835942388 0.1063000011 0.4241565019
v 0.02114057541 0.1063000011 0.4241565019
v 0.02339057684 0.1063000011 0.4225217897
v 0.02424999952 0.1053999996 0.4198767549
v 0.02339057684 0.1053999996 0.4225217897
v 0.02114057541 0.1053999996 0.4241565019
v 0.01835942388 0.1053999996 0.4241565019
v 0.01610942364 0.1053999996 0.4225217897
v 0.01524999976 0.1053999996 0.4198767549
v 0.01610942364 0.1053999996 0.4172317201
v 0.01835942388 0.1053999996 0.4155969888
v 0.02114057541 0.1053999996 0.4155969888
v 0.02339057684 0.1053999996 0.4172317201
v 0.01524999976 0.1063000011 0.4198767549
v 0.01524999976 0.1053999996 0.4198767549
v -0.01799999952 0.1085000038 0.4421267587
v -0.01681117892 0.1085000038 0.4412630159
v -0.01726526856 0.1085000038 0.4398654825
v -0.01873473167 0.1085000038 0.4398654825
v -0.01918882012 0.1085000038 0.4412630159
v -0.01799999952 0.1077489281 0.4408767587
v -0.01799999952 0.1085000038 0.4421267587
v -0.01799999952 0.1077489281 0.4408767587
v -0.01799999952 0.1077489281 0.4408767587
v -0.01799999952 0.1077489281 0.4408767587
v -0.01799999952 0.1077489281 0.4408767587
v -0.01799999952 0.1077489281 0.4408767587
v -0.01799999952 0.1077489281 0.4408767587
v -0.01799999952 0.1077489281 0.4408767587
v 0.01799999952 0.1085000038 0.4421267587
v 0.01918882012 0.1085000038 0.4412630159
v 0.01873473167 0.1085000038 0.4398654825
v 0.01726526856 0.1085000038 0.4398654825
v 0.01681117892 0.1085000038 0.4412630159
v 0.01799999952 0.1077489281 0.4408767587
v 0.01799999952 0.1077489281 0.4408767587
v 0.01799999952 0.1077489281 0.4408767587
v 0.01799999952 0.1077489281 0.4408767587
v 0.01799999952 0.1077489281 0.4408767587
v 0.01799999952 0.1077489281 0.4408767587
v 0.01799999952 0.1077489281 0.4408767587
v 0.01873473167 0.1085000038 0.4398654825
v 0.01799999952 0.1077489281 0.4408767587
v 0.02430000067 0.1071000004 0.4198767549
v 0.02343102694 0.1071000004 0.4172023279
v 0.02115602732 0.1071000004 0.4155494386
v 0.01834397316 0.1071000004 0.4155494386
v 0.01606897235 0.1071000004 0.4172023279
v 0.01519999981 0.1071000004 0.4198767549
v 0.01606897235 0.1071000004 0.4225511819
v 0.01834397316 0.1071000004 0.4242040521
v 0.02115602732 0.1071000004 0.4242040521
v 0.02343102694 0.1071000004 0.4225511819
v 0.02430000067 0.1063000011 0.4198767549
v 0.02343102694 0.1063000011 0.4225511819
v 0.02115602732 0.1063000011 0.4242040521
v 0.01834397316 0.1063000011 0.4242040521
v 0.01606897235 0.1063000011 0.4225511819
v 0.01519999981 0.1063000011 0.4198767549
v 0.01606897235 0.1063000011 0.4172023279
v 0.01834397316 0.1063000011 0.4155494386
v 0.02115602732 0.1063000011 0.4155494386
v 0.02343102694 0.1063000011 0.4172023279
v 0.01519999981 0.1063000011 0.4198767549
v 0.01519999981 0.1071000004 0.4198767549
v 0.02430000067 0.1063000011 0.4198767549
v 0.02343102694 0.1063000011 0.4172023279
v 0.02115602732 0.1063000011 0.4155494386
v 0.01834397316 0.1063000011 0.4155494386
v 0.01606897235 0.1063000011 0.4172023279
v 0.01519999981 0.1063000011 0.4198767549
v 0.01606897235 0.1063000011 0.4225511819
v 0.01834397316 0.1063000011 0.4242040521
v 0.02115602732 0.1063000011 0.4242040521
v 0.02343102694 0.1063000011 0.4225511819
v 0.02424999952 0.1063000011 0.4198767549
v 0.02339057684 0.1063000011 0.4225217897
v 0.02114057541 0.1063000011 0.4241565019
v 0.01835942388 0.1063000011 0.4241565019
v 0.01610942364 0.1063000011 0.4225217897
v 0.01524999976 0.1063000011 0.4198767549
v 0.01610942364 0.1063000011 0.4172317201
v 0.01835942388 0.1063000011 0.4155969888
v 0.02114057541 0.1063000011 0.4155969888
v 0.02339057684 0.1063000011 0.4172317201
f 85 60 1
f 1 60 57
f 1 57 58
f 60 85 59
f 86 2 3
f 86 3 84
f 84 3 4
f 84 4 6
f 6 4 5
f 6 7 84
f 84 7 83
f 83 7 8
f 83 8 82
f 82 8 9
f 82 9 81
f 81 9 10
f 81 10 80
f 80 10 15
f 80 15 16
f 11 12 10
f 10 12 15
f 12 13 15
f 15 13 14
f 80 16 79
f 79 16 17
f 79 17 78
f 78 17 18
f 78 18 77
f 77 18 19
f 77 19 24
f 24 19 21
f 24 21 22
f 19 20 21
f 22 23 24
f 77 24 76
f 76 24 25
f 76 25 75
f 75 25 26
f 75 26 74
f 74 26 27
f 74 27 73
f 73 27 28
f 73 28 30
f 30 28 29
f 30 31 73
f 73 31 72
f 72 31 32
f 72 32 71
f 71 32 33
f 71 33 35
f 35 33 34
f 35 36 71
f 71 36 70
f 70 36 37
f 70 37 69
f 69 37 38
f 69 38 68
f 68 38 39
f 68 39 67
f 67 39 44
f 67 44 45
f 40 41 39
f 39 41 44
f 41 42 44
f 44 42 43
f 67 45 66
f 66 45 46
f 66 46 65
f 65 46 47
f 65 47 64
f 64 47 48
f 64 48 53
f 53 48 50
f 53 50 51
f 48 49 50
f 51 52 53
f 64 53 63
f 63 53 54
f 63 54 62
f 62 54 55
f 62 55 61
f 61 55 56
f 61 56 60
f 60 56 57
f 88 198 87
f 87 198 199
f 87 199 202
f 202 199 200
f 202 200 201
f 198 88 270
f 270 88 89
f 270 89 90
f 90 91 270
f 270 91 92
f 270 92 269
f 269 92 93
f 269 93 228
f 228 93 94
f 228 94 95
f 228 95 227
f 227 95 96
f 227 96 97
f 227 97 232
f 232 97 98
f 232 98 231
f 231 98 99
f 231 99 230
f 230 99 100
f 230 100 101
f 101 102 230
f 230 102 268
f 230 268 229
f 229 268 269
f 229 269 228
f 102 103 268
f 268 103 267
f 267 103 104
f 267 104 266
f 266 104 105
f 266 105 234
f 234 105 106
f 234 106 107
f 234 107 233
f 233 107 108
f 233 108 109
f 233 109 238
f 238 109 110
f 238 110 237
f 237 110 111
f 237 111 236
f 236 111 112
f 236 112 113
f 113 114 236
f 236 114 265
f 236 265 235
f 235 265 266
f 235 266 234
f 114 115 265
f 265 115 264
f 264 115 116
f 264 116 263
f 263 116 117
f 263 117 240
f 240 117 118
f 240 118 119
f 240 119 239
f 239 119 120
f 239 120 121
f 239 121 244
f 244 121 122
f 244 122 243
f 243 122 123
f 243 123 242
f 242 123 124
f 242 124 125
f 125 126 242
f 242 126 262
f 242 262 241
f 241 262 263
f 241 263 240
f 126 127 262
f 262 127 261
f 261 127 128
f 261 128 260
f 260 128 129
f 260 129 246
f 246 129 130
f 246 130 131
f 246 131 245
f 245 131 132
f 245 132 133
f 245 133 250
f 250 133 134
f 250 134 249
f 249 134 135
f 249 135 248
f 248 135 136
f 248 136 137
f 137 138 248
f 248 138 259
f 248 259 247
f 247 259 246
f 246 259 260
f 259 138 258
f 258 138 139
f 258 139 140
f 258 140 257
f 257 140 141
f 257 141 256
f 256 141 204
f 256 204 205
f 141 142 204
f 204 142 143
f 204 143 203
f 203 143 144
f 203 144 145
f 203 145 208
f 208 145 146
f 208 146 207
f 207 146 147
f 207 147 206
f 206 147 148
f 206 148 149
f 149 150 206
f 206 150 255
f 206 255 205
f 205 255 256
f 150 151 255
f 255 151 254
f 254 151 152
f 254 152 253
f 253 152 153
f 253 153 210
f 210 153 154
f 210 154 155
f 210 155 209
f 209 155 156
f 209 156 157
f 209 157 214
f 214 157 158
f 214 158 213
f 213 158 159
f 213 159 212
f 212 159 160
f 212 160 161
f 161 162 212
f 212 162 252
f 212 252 211
f 211 252 253
f 211 253 210
f 162 163 252
f 252 163 251
f 251 163 164
f 251 164 276
f 276 164 165
f 276 165 216
f 216 165 166
f 216 166 167
f 216 167 215
f 215 167 168
f 215 168 169
f 215 169 220
f 220 169 170
f 220 170 219
f 219 170 171
f 219 171 218
f 218 171 172
f 218 172 173
f 173 174 218
f 218 174 275
f 218 275 217
f 217 275 276
f 217 276 216
f 174 175 275
f 275 175 274
f 274 175 176
f 274 176 273
f 273 176 177
f 273 177 222
f 222 177 178
f 222 178 179
f 222 179 221
f 221 179 180
f 221 180 181
f 221 181 226
f 226 181 182
f 226 182 225
f 225 182 183
f 225 183 224
f 224 183 184
f 224 184 185
f 185 186 224
f 224 186 272
f 224 272 223
f 223 272 222
f 222 272 273
f 186 187 272
f 272 187 271
f 271 187 188
f 271 188 189
f 189 190 271
f 271 190 191
f 271 191 197
f 197 191 192
f 197 192 196
f 196 192 193
f 196 193 195
f 195 193 194
f 197 198 271
f 271 198 270
f 284 277 283
f 283 277 278
f 283 278 279
f 283 279 282
f 282 279 280
f 282 280 281
f 286 287 285
f 285 287 288
f 290 291 289
f 289 291 292
f 303 293 300
f 300 293 294
f 300 294 299
f 299 294 295
f 299 295 298
f 298 295 296
f 298 296 297
f 301 302 300
f 300 302 303
f 311 304 310
f 310 304 305
f 310 305 306
f 310 306 309
f 309 306 307
f 309 307 308
f 325 312 316
f 316 312 313
f 316 313 314
f 314 315 316
f 316 317 325
f 325 317 324
f 324 317 323
f 323 317 318
f 323 318 322
f 322 318 321
f 321 318 320
f 320 318 319
f 326 327 333
f 333 327 328
f 333 328 332
f 332 328 329
f 332 329 331
f 331 329 330
f 334 335 337
f 337 335 336
f 339 340 338
f 338 340 341
f 343 344 342
f 342 344 345
f 346 347 356
f 356 347 348
f 356 348 355
f 355 348 349
f 355 349 354
f 354 349 350
f 354 350 351
f 351 352 354
f 354 352 353
f 358 368 357
f 357 368 370
f 369 363 362
f 362 363 364
f 362 364 361
f 361 364 365
f 361 365 360
f 360 365 366
f 360 366 359
f 359 366 367
f 359 367 358
f 358 367 368
f 378 371 377
f 377 371 372
f 377 372 376
f 376 372 373
f 376 373 375
f 375 373 374
f 380 381 379
f 379 381 382
f 383 384 386
f 386 384 385
f 388 551 387
f 387 551 552
f 387 552 502
f 502 552 501
f 501 552 556
f 501 556 500
f 500 556 499
f 499 556 498
f 498 556 497
f 497 556 526
f 497 526 496
f 496 526 495
f 495 526 521
f 495 521 494
f 494 521 493
f 493 521 522
f 493 522 492
f 492 522 523
f 492 523 491
f 491 523 524
f 491 524 490
f 490 524 489
f 489 524 488
f 488 524 558
f 488 558 487
f 487 558 559
f 487 559 486
f 486 559 560
f 486 560 485
f 485 560 484
f 484 560 520
f 484 520 483
f 483 520 515
f 483 515 482
f 482 515 481
f 481 515 516
f 481 516 480
f 480 516 517
f 480 517 479
f 479 517 518
f 479 518 478
f 478 518 477
f 477 518 561
f 477 561 476
f 476 561 562
f 476 562 475
f 475 562 474
f 474 562 563
f 474 563 473
f 473 563 564
f 473 564 472
f 472 564 514
f 472 514 471
f 471 514 509
f 471 509 470
f 470 509 469
f 469 509 510
f 469 510 468
f 468 510 511
f 468 511 467
f 467 511 512
f 467 512 466
f 466 512 465
f 465 512 464
f 464 512 565
f 464 565 463
f 463 565 566
f 463 566 462
f 462 566 567
f 462 567 461
f 461 567 460
f 460 567 508
f 460 508 459
f 459 508 503
f 459 503 458
f 458 503 457
f 457 503 504
f 457 504 456
f 456 504 505
f 456 505 455
f 455 505 506
f 455 506 454
f 454 506 453
f 453 506 568
f 453 568 452
f 452 568 569
f 452 569 451
f 451 569 570
f 451 570 450
f 450 570 449
f 449 570 571
f 449 571 448
f 448 571 550
f 448 550 447
f 447 550 545
f 447 545 446
f 446 545 445
f 445 545 546
f 445 546 444
f 444 546 547
f 444 547 443
f 443 547 548
f 443 548 442
f 442 548 441
f 441 548 572
f 441 572 440
f 440 572 439
f 439 572 573
f 439 573 438
f 438 573 574
f 438 574 437
f 437 574 544
f 437 544 436
f 436 544 435
f 435 544 539
f 435 539 434
f 434 539 433
f 433 539 540
f 433 540 432
f 432 540 541
f 432 541 431
f 431 541 542
f 431 542 430
f 430 542 429
f 429 542 575
f 429 575 428
f 428 575 576
f 428 576 427
f 427 576 577
f 427 577 426
f 426 577 425
f 425 577 578
f 425 578 424
f 424 578 538
f 424 538 423
f 423 538 533
f 423 533 422
f 422 533 421
f 421 533 534
f 421 534 420
f 420 534 535
f 420 535 419
f 419 535 536
f 419 536 418
f 418 536 417
f 417 536 579
f 417 579 416
f 416 579 415
f 415 579 580
f 415 580 414
f 414 580 581
f 414 581 413
f 413 581 532
f 413 532 412
f 412 532 411
f 411 532 527
f 411 527 410
f 410 527 409
f 409 527 528
f 409 528 408
f 408 528 529
f 408 529 407
f 407 529 530
f 407 530 406
f 406 530 405
f 405 530 404
f 404 530 582
f 404 582 583
f 388 389 551
f 551 389 390
f 551 390 391
f 391 392 551
f 551 392 590
f 590 392 589
f 589 392 393
f 589 393 588
f 588 393 394
f 588 394 395
f 395 396 588
f 588 396 397
f 588 397 398
f 588 398 587
f 587 398 399
f 587 399 400
f 587 400 583
f 583 400 401
f 583 401 402
f 402 403 583
f 583 403 404
f 506 507 568
f 568 507 567
f 567 507 508
f 512 513 565
f 565 513 564
f 564 513 514
f 518 519 561
f 561 519 560
f 560 519 520
f 558 524 557
f 557 524 525
f 557 525 526
f 530 531 582
f 582 531 532
f 582 532 581
f 536 537 579
f 579 537 578
f 578 537 538
f 542 543 575
f 575 543 574
f 574 543 544
f 548 549 572
f 572 549 571
f 571 549 550
f 553 554 552
f 552 554 555
f 552 555 556
f 556 557 526
f 583 584 587
f 587 584 585
f 587 585 586
f 591 592 594
f 594 592 593
f 596 606 595
f 595 606 608
f 607 601 600
f 600 601 602
f 600 602 599
f 599 602 603
f 599 603 598
f 598 603 604
f 598 604 597
f 597 604 605
f 597 605 596
f 596 605 606
f 609 610 616
f 616 610 611
f 616 611 615
f 615 611 612
f 615 612 614
f 614 612 613
f 617 618 624
f 624 618 619
f 624 619 623
f 623 619 620
f 623 620 622
f 622 620 621
f 625 626 635
f 635 626 627
f 635 627 628
f 628 629 635
f 635 629 634
f 634 629 630
f 634 630 633
f 633 630 631
f 633 631 632
f 636 637 642
f 642 637 641
f 641 637 638
f 641 638 640
f 640 638 639
f 644 650 643
f 643 650 651
f 643 651 665
f 665 651 664
f 664 651 652
f 664 652 663
f 663 652 660
f 663 660 662
f 662 660 661
f 650 644 649
f 649 644 645
f 649 645 648
f 648 645 646
f 648 646 647
f 652 653 660
f 660 653 659
f 659 653 654
f 659 654 658
f 658 654 655
f 658 655 657
f 657 655 656
f 665 666 643
f 690 667 689
f 689 667 668
f 689 668 681
f 681 668 669
f 681 669 680
f 680 669 670
f 680 670 672
f 672 670 671
f 680 672 679
f 679 672 673
f 679 673 678
f 678 673 674
f 678 674 677
f 677 674 675
f 677 675 676
f 681 682 689
f 689 682 688
f 688 682 683
f 688 683 687
f 687 683 684
f 687 684 686
f 686 684 685
f 700 691 699
f 699 691 692
f 699 692 698
f 698 692 693
f 698 693 697
f 697 693 694
f 697 694 696
f 696 694 695
f 702 712 701
f 701 712 714
f 713 707 706
f 706 707 708
f 706 708 705
f 705 708 709
f 705 709 704
f 704 709 710
f 704 710 703
f 703 710 711
f 703 711 702
f 702 711 712
f 722 715 721
f 721 715 716
f 721 716 720
f 720 716 717
f 720 717 719
f 719 717 718
f 723 724 730
f 730 724 725
f 730 725 726
f 727 728 726
f 726 728 729
f 726 729 730
f 732 745 731
f 731 745 746
f 731 746 750
f 750 746 749
f 749 746 747
f 749 747 748
f 732 733 745
f 745 733 744
f 744 733 734
f 744 734 735
f 744 735 743
f 743 735 736
f 743 736 737
f 743 737 742
f 742 737 738
f 742 738 739
f 740 741 739
f 739 741 742
f 751 752 770
f 770 752 753
f 770 753 769
f 769 753 768
f 768 753 754
f 768 754 767
f 767 754 766
f 766 754 755
f 766 755 765
f 765 755 764
f 764 755 756
f 764 756 763
f 763 756 762
f 762 756 757
f 762 757 761
f 761 757 760
f 760 757 758
f 760 758 759
f 771 772 780
f 780 772 773
f 780 773 774
f 774 775 780
f 780 775 779
f 779 775 776
f 779 776 777
f 777 778 779
f 781 782 784
f 784 782 783
f 786 796 785
f 785 796 798
f 797 791 790
f 790 791 792
f 790 792 789
f 789 792 793
f 789 793 788
f 788 793 794
f 788 794 787
f 787 794 795
f 787 795 786
f 786 795 796
f 799 800 806
f 806 800 801
f 806 801 805
f 805 801 802
f 805 802 804
f 804 802 803
f 807 808 814
f 814 808 809
f 814 809 813
f 813 809 810
f 813 810 812
f 812 810 811
f 823 815 827
f 827 815 816
f 827 816 826
f 826 816 817
f 826 817 825
f 825 817 818
f 825 818 819
f 825 819 824
f 824 819 820
f 824 820 828
f 828 820 821
f 828 821 822
f 828 822 827
f 827 822 823
f 829 830 833
f 833 830 832
f 832 830 831
f 835 846 834
f 834 846 847
f 834 847 842
f 842 847 841
f 841 847 843
f 841 843 840
f 840 843 839
f 839 843 844
f 839 844 838
f 838 844 837
f 837 844 845
f 837 845 836
f 836 845 846
f 836 846 835
f 861 848 852
f 852 848 849
f 852 849 850
f 850 851 852
f 852 853 861
f 861 853 860
f 860 853 859
f 859 853 854
f 859 854 858
f 858 854 857
f 857 854 856
f 856 854 855
f 862 863 873
f 873 863 864
f 873 864 866
f 866 864 865
f 866 867 873
f 873 867 872
f 872 867 870
f 872 870 871
f 868 869 867
f 867 869 870
f 875 888 874
f 874 888 889
f 874 889 893
f 893 889 892
f 892 889 890
f 892 890 891
f 875 876 888
f 888 876 887
f 887 876 877
f 887 877 878
f 887 878 886
f 886 878 879
f 886 879 880
f 886 880 885
f 885 880 881
f 885 881 882
f 883 884 882
f 882 884 885
f 894 895 904
f 904 895 903
f 903 895 902
f 902 895 901
f 901 895 896
f 901 896 900
f 900 896 897
f 900 897 899
f 899 897 898
f 905 906 951
f 951 906 1019
f 951 1019 950
f 950 1019 1020
f 950 1020 1009
f 1009 1020 1021
f 1009 1021 1024
f 1024 1021 1022
f 1024 1022 1023
f 1019 906 1018
f 1018 906 907
f 1018 907 1017
f 1017 907 1016
f 1016 907 908
f 1016 908 1015
f 1015 908 910
f 1015 910 911
f 908 909 910
f 912 989 911
f 911 989 1014
f 911 1014 1015
f 989 912 996
f 996 912 913
f 996 913 995
f 995 913 914
f 995 914 994
f 994 914 915
f 994 915 993
f 993 915 992
f 992 915 1067
f 992 1067 991
f 991 1067 1068
f 991 1068 1069
f 1067 915 1066
f 1066 915 916
f 1066 916 1065
f 1065 916 917
f 1065 917 1064
f 1064 917 918
f 1064 918 1063
f 1063 918 1062
f 1062 918 919
f 1062 919 1081
f 1081 919 920
f 1081 920 1080
f 1080 920 986
f 1080 986 987
f 921 984 920
f 920 984 985
f 920 985 986
f 984 921 983
f 983 921 922
f 983 922 982
f 982 922 923
f 982 923 973
f 973 923 972
f 972 923 924
f 972 924 925
f 926 927 925
f 925 927 971
f 925 971 972
f 927 928 971
f 971 928 970
f 970 928 930
f 970 930 980
f 980 930 953
f 980 953 954
f 928 929 930
f 953 930 952
f 952 930 931
f 952 931 969
f 969 931 968
f 968 931 967
f 967 931 933
f 967 933 934
f 931 932 933
f 935 936 934
f 934 936 967
f 967 936 966
f 966 936 937
f 966 937 965
f 965 937 938
f 965 938 964
f 964 938 1000
f 964 1000 1001
f 938 939 1000
f 1000 939 999
f 999 939 940
f 999 940 998
f 998 940 941
f 998 941 997
f 997 941 1004
f 1004 941 1051
f 1004 1051 1003
f 1003 1051 1052
f 1003 1052 1053
f 1051 941 1050
f 1050 941 942
f 1050 942 1049
f 1049 942 943
f 1049 943 1048
f 1048 943 1047
f 1047 943 944
f 1047 944 1046
f 1046 944 945
f 1046 945 1045
f 1045 945 946
f 1045 946 1044
f 1044 946 1006
f 1044 1006 1007
f 947 1012 946
f 946 1012 1005
f 946 1005 1006
f 1012 947 1011
f 1011 947 948
f 1011 948 1010
f 1010 948 949
f 1010 949 1009
f 1009 949 950
f 980 954 979
f 979 954 955
f 979 955 956
f 979 956 978
f 978 956 957
f 978 957 977
f 977 957 958
f 977 958 1032
f 1032 958 1031
f 1031 958 959
f 1031 959 960
f 1031 960 1030
f 1030 960 961
f 1030 961 962
f 963 1002 962
f 962 1002 1029
f 962 1029 1030
f 1002 963 1001
f 1001 963 964
f 982 973 981
f 981 973 974
f 981 974 988
f 988 974 1034
f 988 1034 1077
f 1077 1034 1076
f 1076 1034 1035
f 1076 1035 1075
f 1075 1035 1074
f 1074 1035 1036
f 1074 1036 1073
f 1073 1036 1037
f 1073 1037 1072
f 1072 1037 1071
f 1071 1037 1038
f 1071 1038 1070
f 1070 1038 990
f 1070 990 1069
f 1069 990 991
f 974 975 1034
f 1034 975 1033
f 1033 975 976
f 1033 976 1032
f 1032 976 977
f 988 1078 987
f 987 1078 1079
f 987 1079 1080
f 990 1038 989
f 989 1038 1039
f 989 1039 1013
f 1013 1039 1041
f 1041 1039 1040
f 1003 1053 1002
f 1002 1053 1054
f 1002 1054 1029
f 1029 1054 1055
f 1029 1055 1028
f 1028 1055 1056
f 1028 1056 1057
f 1008 1042 1007
f 1007 1042 1043
f 1007 1043 1044
f 1009 1025 1008
f 1008 1025 1061
f 1008 1061 1042
f 1013 1014 989
f 1024 1025 1009
f 1061 1025 1060
f 1060 1025 1026
f 1060 1026 1059
f 1059 1026 1058
f 1058 1026 1027
f 1058 1027 1057
f 1057 1027 1028
f 1077 1078 988
f 1083 1093 1082
f 1082 1093 1095
f 1094 1088 1087
f 1087 1088 1089
f 1087 1089 1086
f 1086 1089 1090
f 1086 1090 1085
f 1085 1090 1091
f 1085 1091 1084
f 1084 1091 1092
f 1084 1092 1083
f 1083 1092 1093
f 1103 1096 1102
f 1102 1096 1097
f 1102 1097 1101
f 1101 1097 1098
f 1101 1098 1100
f 1100 1098 1099
f 1104 1105 1107
f 1107 1105 1106
f 1108 1109 1111
f 1111 1109 1110
f 1112 1113 1116
f 1116 1113 1115
f 1115 1113 1114
f 1118 1124 1117
f 1117 1124 1125
f 1117 1125 1121
f 1121 1125 1127
f 1121 1127 1120
f 1128 1126 1122
f 1128 1122 1119
f 1119 1122 1123
f 1119 1123 1118
f 1118 1123 1124
f 1129 1130 1148
f 1148 1130 1147
f 1147 1130 1131
f 1147 1131 1132
f 1147 1132 1146
f 1146 1132 1133
f 1146 1133 1134
f 1146 1134 1145
f 1145 1134 1135
f 1145 1135 1136
f 1145 1136 1144
f 1144 1136 1137
f 1144 1137 1138
f 1144 1138 1143
f 1143 1138 1139
f 1143 1139 1140
f 1141 1142 1140
f 1140 1142 1143
f 1149 1150 1158
f 1158 1150 1151
f 1158 1151 1152
f 1152 1153 1158
f 1158 1153 1157
f 1157 1153 1154
f 1157 1154 1155
f 1155 1156 1157
f 1159 1160 1168
f 1168 1160 1167
f 1167 1160 1161
f 1167 1161 1166
f 1166 1161 1162
f 1166 1162 1165
f 1165 1162 1164
f 1164 1162 1163
f 1176 1169 1175
f 1175 1169 1170
f 1175 1170 1174
f 1174 1170 1171
f 1174 1171 1173
f 1173 1171 1172
f 1178 1179 1177
f 1177 1179 1184
f 1184 1179 1180
f 1184 1180 1183
f 1183 1180 1181
f 1183 1181 1182
f 1185 1186 1192
f 1192 1186 1187
f 1192 1187 1191
f 1191 1187 1188
f 1191 1188 1190
f 1190 1188 1189
f 1193 1194 1200
f 1200 1194 1195
f 1200 1195 1199
f 1199 1195 1196
f 1199 1196 1198
f 1198 1196 1197
f 1202 1209 1201
f 1201 1209 1210
f 1201 1210 1205
f 1205 1210 1206
f 1205 1206 1204
f 1204 1206 1212
f 1211 1207 1203
f 1203 1207 1208
f 1203 1208 1202
f 1202 1208 1209
f 1214 1226 1213
f 1213 1226 1227
f 1213 1227 1220
f 1220 1227 1228
f 1220 1228 1219
f 1219 1228 1221
f 1219 1221 1218
f 1218 1221 1222
f 1218 1222 1217
f 1217 1222 1223
f 1217 1223 1216
f 1216 1223 1224
f 1216 1224 1215
f 1215 1224 1230
f 1229 1225 1214
f 1214 1225 1226
f 1232 1244 1231
f 1231 1244 1245
f 1231 1245 1238
f 1238 1245 1246
f 1238 1246 1237
f 1237 1246 1239
f 1237 1239 1236
f 1236 1239 1240
f 1236 1240 1235
f 1235 1240 1241
f 1235 1241 1234
f 1234 1241 1242
f 1234 1242 1233
f 1233 1242 1247
f 1248 1243 1232
f 1232 1243 1244
f 1250 1257 1249
f 1249 1257 1258
f 1249 1258 1260
f 1260 1258 1259
f 1250 1251 1257
f 1257 1251 1252
f 1257 1252 1256
f 1256 1252 1253
f 1256 1253 1255
f 1255 1253 1254
f 1261 1262 1260
f 1260 1262 1249
f 1270 1263 1269
f 1269 1263 1264
f 1269 1264 1265
f 1266 1267 1265
f 1265 1267 1268
f 1265 1268 1269
f 1271 1272 1324
f 1324 1272 1323
f 1323 1272 1273
f 1323 1273 1322
f 1322 1273 1274
f 1322 1274 1321
f 1321 1274 1275
f 1321 1275 1320
f 1320 1275 1276
f 1320 1276 1319
f 1319 1276 1277
f 1319 1277 1318
f 1318 1277 1317
f 1317 1277 1278
f 1317 1278 1316
f 1316 1278 1279
f 1316 1279 1315
f 1315 1279 1280
f 1315 1280 1314
f 1314 1280 1281
f 1314 1281 1313
f 1313 1281 1282
f 1313 1282 1312
f 1312 1282 1283
f 1312 1283 1311
f 1311 1283 1284
f 1311 1284 1310
f 1310 1284 1285
f 1310 1285 1309
f 1309 1285 1286
f 1309 1286 1308
f 1308 1286 1287
f 1308 1287 1307
f 1307 1287 1288
f 1307 1288 1306
f 1306 1288 1289
f 1306 1289 1305
f 1305 1289 1290
f 1305 1290 1304
f 1304 1290 1291
f 1304 1291 1303
f 1303 1291 1292
f 1303 1292 1302
f 1302 1292 1293
f 1302 1293 1301
f 1301 1293 1294
f 1301 1294 1300
f 1300 1294 1295
f 1300 1295 1299
f 1299 1295 1296
f 1299 1296 1298
f 1298 1296 1297
f 1326 1333 1325
f 1325 1333 1334
f 1325 1334 1329
f 1329 1334 1330
f 1329 1330 1328
f 1328 1330 1336
f 1335 1331 1327
f 1327 1331 1332
f 1327 1332 1326
f 1326 1332 1333
f 1344 1337 1343
f 1343 1337 1338
f 1343 1338 1342
f 1342 1338 1339
f 1342 1339 1341
f 1341 1339 1340
f 1352 1345 1351
f 1351 1345 1346
f 1351 1346 1350
f 1350 1346 1347
f 1350 1347 1349
f 1349 1347 1348
f 1354 1371 1353
f 1353 1371 1380
f 1381 1372 1373
f 1371 1354 1370
f 1370 1354 1355
f 1370 1355 1369
f 1369 1355 1368
f 1368 1355 1356
f 1368 1356 1367
f 1367 1356 1357
f 1367 1357 1366
f 1366 1357 1365
f 1365 1357 1358
f 1365 1358 1364
f 1364 1358 1359
f 1364 1359 1379
f 1379 1359 1360
f 1379 1360 1378
f 1378 1360 1377
f 1377 1360 1361
f 1377 1361 1376
f 1376 1361 1362
f 1376 1362 1375
f 1375 1362 1374
f 1374 1362 1363
f 1374 1363 1373
f 1373 1363 1381
f 1383 1395 1382
f 1382 1395 1396
f 1382 1396 1389
f 1389 1396 1397
f 1389 1397 1388
f 1388 1397 1390
f 1388 1390 1387
f 1387 1390 1391
f 1387 1391 1386
f 1386 1391 1392
f 1386 1392 1385
f 1385 1392 1393
f 1385 1393 1384
f 1384 1393 1399
f 1398 1394 1383
f 1383 1394 1395
f 1401 1413 1400
f 1400 1413 1414
f 1400 1414 1407
f 1407 1414 1415
f 1407 1415 1406
f 1406 1415 1408
f 1406 1408 1405
f 1405 1408 1409
f 1405 1409 1404
f 1404 1409 1410
f 1404 1410 1403
f 1403 1410 1411
f 1403 1411 1402
f 1402 1411 1416
f 1417 1412 1401
f 1401 1412 1413
f 1418 1419 1427
f 1427 1419 1421
f 1427 1421 1422
f 1419 1420 1421
f 1423 1424 1422
f 1422 1424 1426
f 1422 1426 1427
f 1424 1425 1426
f 1435 1428 1434
f 1434 1428 1429
f 1434 1429 1433
f 1433 1429 1430
f 1433 1430 1432
f 1432 1430 1431
f 1437 1438 1436
f 1436 1438 1446
f 1436 1446 1447
f 1438 1439 1446
f 1446 1439 1445
f 1445 1439 1441
f 1445 1441 1444
f 1444 1441 1442
f 1444 1442 1443
f 1439 1440 1441
f 1448 1449 1447
f 1447 1449 1436
f 1451 1452 1450
f 1450 1452 1453
f 1454 1455 1461
f 1461 1455 1456
f 1461 1456 1460
f 1460 1456 1457
f 1460 1457 1459
f 1459 1457 1458
f 1462 1463 1469
f 1469 1463 1464
f 1469 1464 1468
f 1468 1464 1465
f 1468 1465 1467
f 1467 1465 1466
f 1470 1471 1477
f 1477 1471 1472
f 1477 1472 1476
f 1476 1472 1473
f 1476 1473 1475
f 1475 1473 1474
f 1479 1496 1478
f 1478 1496 1505
f 1506 1497 1498
f 1496 1479 1495
f 1495 1479 1480
f 1495 1480 1494
f 1494 1480 1493
f 1493 1480 1481
f 1493 1481 1492
f 1492 1481 1482
f 1492 1482 1491
f 1491 1482 1490
f 1490 1482 1483
f 1490 1483 1489
f 1489 1483 1484
f 1489 1484 1504
f 1504 1484 1485
f 1504 1485 1503
f 1503 1485 1502
f 1502 1485 1486
f 1502 1486 1501
f 1501 1486 1487
f 1501 1487 1500
f 1500 1487 1499
f 1499 1487 1488
f 1499 1488 1498
f 1498 1488 1506
f 1508 1520 1507
f 1507 1520 1521
f 1507 1521 1514
f 1514 1521 1522
f 1514 1522 1513
f 1513 1522 1515
f 1513 1515 1512
f 1512 1515 1516
f 1512 1516 1511
f 1511 1516 1517
f 1511 1517 1510
f 1510 1517 1518
f 1510 1518 1509
f 1509 1518 1524
f 1523 1519 1508
f 1508 1519 1520
f 1526 1538 1525
f 1525 1538 1539
f 1525 1539 1532
f 1532 1539 1540
f 1532 1540 1531
f 1531 1540 1533
f 1531 1533 1530
f 1530 1533 1534
f 1530 1534 1529
f 1529 1534 1535
f 1529 1535 1528
f 1528 1535 1536
f 1528 1536 1527
f 1527 1536 1541
f 1542 1537 1526
f 1526 1537 1538
f 1543 1544 1550
f 1550 1544 1545
f 1550 1545 1549
f 1549 1545 1546
f 1549 1546 1548
f 1548 1546 1547
f 1552 1553 1551
f 1551 1553 1558
f 1558 1553 1557
f 1557 1553 1554
f 1557 1554 1556
f 1556 1554 1555
f 1559 1560 1562
f 1562 1560 1561
f 1564 1565 1563
f 1563 1565 1566
f 1563 1566 1568
f 1568 1566 1567
f 1570 1579 1569
f 1580 1577 1578
f 1580 1578 1573
f 1573 1578 1574
f 1573 1574 1572
f 1572 1574 1575
f 1572 1575 1571
f 1571 1575 1576
f 1571 1576 1570
f 1570 1576 1579
f 1588 1581 1587
f 1587 1581 1582
f 1587 1582 1586
f 1586 1582 1583
f 1586 1583 1585
f 1585 1583 1584
f 1596 1589 1595
f 1595 1589 1590
f 1595 1590 1594
f 1594 1590 1591
f 1594 1591 1593
f 1593 1591 1592
f 1604 1597 1605
f 1605 1597 1598
f 1605 1598 1610
f 1610 1598 1599
f 1610 1599 1609
f 1609 1599 1600
f 1609 1600 1608
f 1608 1600 1601
f 1608 1601 1602
f 1608 1602 1607
f 1607 1602 1603
f 1607 1603 1606
f 1606 1603 1604
f 1606 1604 1605
f 1612 1619 1611
f 1611 1619 1620
f 1611 1620 1615
f 1615 1620 1616
f 1615 1616 1614
f 1614 1616 1621
f 1622 1617 1613
f 1613 1617 1618
f 1613 1618 1612
f 1612 1618 1619
f 1623 1624 1652
f 1652 1624 1648
f 1652 1648 1651
f 1651 1648 1649
f 1651 1649 1650
f 1648 1624 1647
f 1647 1624 1625
f 1647 1625 1646
f 1646 1625 1626
f 1646 1626 1645
f 1645 1626 1627
f 1645 1627 1644
f 1644 1627 1628
f 1644 1628 1643
f 1643 1628 1642
f 1642 1628 1629
f 1642 1629 1641
f 1641 1629 1630
f 1641 1630 1640
f 1640 1630 1631
f 1640 1631 1639
f 1639 1631 1632
f 1639 1632 1638
f 1638 1632 1634
f 1638 1634 1635
f 1632 1633 1634
f 1636 1637 1635
f 1635 1637 1638
f 1663 1653 1657
f 1657 1653 1654
f 1657 1654 1656
f 1656 1654 1655
f 1657 1658 1663
f 1663 1658 1662
f 1662 1658 1659
f 1662 1659 1661
f 1661 1659 1660
f 1664 1665 1681
f 1681 1665 1666
f 1681 1666 1680
f 1680 1666 1667
f 1680 1667 1679
f 1679 1667 1668
f 1679 1668 1678
f 1678 1668 1669
f 1678 1669 1677
f 1677 1669 1670
f 1677 1670 1676
f 1676 1670 1671
f 1676 1671 1675
f 1675 1671 1672
f 1675 1672 1674
f 1674 1672 1673
f 1683 1686 1682
f 1682 1686 1687
f 1682 1687 1689
f 1689 1687 1688
f 1683 1684 1686
f 1686 1684 1685
f 1691 1692 1690
f 1690 1692 1745
f 1745 1692 1693
f 1745 1693 1744
f 1744 1693 1694
f 1744 1694 1743
f 1743 1694 1695
f 1743 1695 1742
f 1742 1695 1696
f 1742 1696 1741
f 1741 1696 1697
f 1741 1697 1740
f 1740 1697 1698
f 1740 1698 1739
f 1739 1698 1699
f 1739 1699 1738
f 1738 1699 1737
f 1737 1699 1700
f 1737 1700 1736
f 1736 1700 1701
f 1736 1701 1735
f 1735 1701 1702
f 1735 1702 1734
f 1734 1702 1703
f 1734 1703 1733
f 1733 1703 1704
f 1733 1704 1732
f 1732 1704 1705
f 1732 1705 1731
f 1731 1705 1706
f 1731 1706 1730
f 1730 1706 1707
f 1730 1707 1729
f 1729 1707 1708
f 1729 1708 1728
f 1728 1708 1709
f 1728 1709 1727
f 1727 1709 1710
f 1727 1710 1726
f 1726 1710 1711
f 1726 1711 1725
f 1725 1711 1712
f 1725 1712 1724
f 1724 1712 1713
f 1724 1713 1723
f 1723 1713 1714
f 1723 1714 1722
f 1722 1714 1715
f 1722 1715 1721
f 1721 1715 1716
f 1721 1716 1720
f 1720 1716 1717
f 1720 1717 1719
f 1719 1717 1718
f 1812 1746 1749
f 1749 1746 1747
f 1749 1747 1748
f 1812 1749 1809
f 1809 1749 1750
f 1809 1750 1808
f 1808 1750 1751
f 1808 1751 1807
f 1807 1751 1752
f 1807 1752 1806
f 1806 1752 1753
f 1806 1753 1805
f 1805 1753 1754
f 1805 1754 1804
f 1804 1754 1755
f 1804 1755 1803
f 1803 1755 1756
f 1803 1756 1802
f 1802 1756 1757
f 1802 1757 1801
f 1801 1757 1758
f 1801 1758 1800
f 1800 1758 1759
f 1800 1759 1799
f 1799 1759 1760
f 1799 1760 1798
f 1798 1760 1761
f 1798 1761 1797
f 1797 1761 1762
f 1797 1762 1796
f 1796 1762 1763
f 1796 1763 1795
f 1795 1763 1764
f 1795 1764 1794
f 1794 1764 1765
f 1794 1765 1793
f 1793 1765 1766
f 1793 1766 1792
f 1792 1766 1767
f 1792 1767 1791
f 1791 1767 1768
f 1791 1768 1790
f 1790 1768 1769
f 1790 1769 1789
f 1789 1769 1770
f 1789 1770 1788
f 1788 1770 1771
f 1788 1771 1787
f 1787 1771 1772
f 1787 1772 1786
f 1786 1772 1773
f 1786 1773 1785
f 1785 1773 1774
f 1785 1774 1784
f 1784 1774 1775
f 1784 1775 1783
f 1783 1775 1776
f 1783 1776 1780
f 1780 1776 1779
f 1779 1776 1778
f 1778 1776 1777
f 1780 1781 1783
f 1783 1781 1782
f 1810 1811 1809
f 1809 1811 1812
f 1814 1815 1813
f 1813 1815 1816
f 1813 1816 1819
f 1819 1816 1818
f 1818 1816 1817
f 1821 1822 1820
f 1820 1822 1825
f 1825 1822 1823
f 1825 1823 1824
f 1826 1827 1833
f 1833 1827 1828
f 1833 1828 1832
f 1832 1828 1829
f 1832 1829 1831
f 1831 1829 1830
f 1834 1835 1841
f 1841 1835 1836
f 1841 1836 1840
f 1840 1836 1837
f 1840 1837 1839
f 1839 1837 1838
f 1849 1842 1850
f 1850 1842 1843
f 1850 1843 1855
f 1855 1843 1844
f 1855 1844 1854
f 1854 1844 1845
f 1854 1845 1853
f 1853 1845 1846
f 1853 1846 1847
f 1853 1847 1852
f 1852 1847 1848
f 1852 1848 1851
f 1851 1848 1849
f 1851 1849 1850
f 1857 1866 1856
f 1867 1864 1865
f 1867 1865 1860
f 1860 1865 1861
f 1860 1861 1859
f 1859 1861 1862
f 1859 1862 1858
f 1858 1862 1863
f 1858 1863 1857
f 1857 1863 1866
f 1868 1869 1899
f 1899 1869 1896
f 1899 1896 1898
f 1898 1896 1897
f 1896 1869 1895
f 1895 1869 1870
f 1895 1870 1894
f 1894 1870 1871
f 1894 1871 1893
f 1893 1871 1872
f 1893 1872 1892
f 1892 1872 1873
f 1892 1873 1891
f 1891 1873 1874
f 1891 1874 1890
f 1890 1874 1889
f 1889 1874 1875
f 1889 1875 1888
f 1888 1875 1876
f 1888 1876 1887
f 1887 1876 1877
f 1887 1877 1886
f 1886 1877 1878
f 1886 1878 1885
f 1885 1878 1879
f 1885 1879 1884
f 1884 1879 1881
f 1884 1881 1882
f 1879 1880 1881
f 1882 1883 1884
f 1907 1900 1906
f 1906 1900 1901
f 1906 1901 1902
f 1903 1904 1902
f 1902 1904 1905
f 1902 1905 1906
f 1908 1909 1967
f 1967 1909 1910
f 1967 1910 1911
f 1967 1911 1966
f 1966 1911 1912
f 1966 1912 1965
f 1965 1912 1913
f 1965 1913 1964
f 1964 1913 1914
f 1964 1914 1963
f 1963 1914 1915
f 1963 1915 1962
f 1962 1915 1916
f 1962 1916 1961
f 1961 1916 1917
f 1961 1917 1960
f 1960 1917 1918
f 1960 1918 1959
f 1959 1918 1919
f 1959 1919 1958
f 1958 1919 1920
f 1958 1920 1957
f 1957 1920 1921
f 1957 1921 1956
f 1956 1921 1922
f 1956 1922 1955
f 1955 1922 1923
f 1955 1923 1954
f 1954 1923 1924
f 1954 1924 1925
f 1954 1925 1953
f 1953 1925 1926
f 1953 1926 1952
f 1952 1926 1927
f 1952 1927 1951
f 1951 1927 1928
f 1951 1928 1950
f 1950 1928 1929
f 1950 1929 1949
f 1949 1929 1930
f 1949 1930 1948
f 1948 1930 1931
f 1948 1931 1947
f 1947 1931 1932
f 1947 1932 1946
f 1946 1932 1933
f 1946 1933 1945
f 1945 1933 1934
f 1945 1934 1944
f 1944 1934 1935
f 1944 1935 1943
f 1943 1935 1936
f 1943 1936 1942
f 1942 1936 1937
f 1942 1937 1941
f 1941 1937 1938
f 1941 1938 1939
f 1939 1940 1941
f 1972 1974 1973
f 1975 1968 1969
f 1969 1970 1980
f 1972 1978 1971
f 1971 1979 1970
f 1988 1981 1987
f 1987 1981 1982
f 1987 1982 1986
f 1986 1982 1983
f 1986 1983 1985
f 1985 1983 1984
f 1996 1989 1995
f 1995 1989 1990
f 1995 1990 1994
f 1994 1990 1991
f 1994 1991 1993
f 1993 1991 1992
f 2004 1997 2005
f 2005 1997 1998
f 2005 1998 2010
f 2010 1998 1999
f 2010 1999 2009
f 2009 1999 2000
f 2009 2000 2008
f 2008 2000 2001
f 2008 2001 2002
f 2008 2002 2007
f 2007 2002 2003
f 2007 2003 2006
f 2006 2003 2004
f 2006 2004 2005
f 2012 2018 2011
f 2011 2018 2019
f 2011 2019 2020
f 2018 2012 2017
f 2017 2012 2013
f 2017 2013 2016
f 2016 2013 2023
f 2016 2023 2021
f 2022 2014 2015
f 2022 2015 2020
f 2020 2015 2011
f 2031 2024 2030
f 2030 2024 2025
f 2030 2025 2029
f 2029 2025 2026
f 2029 2026 2028
f 2028 2026 2027
f 2056 2032 2072
f 2072 2032 2033
f 2072 2033 2071
f 2071 2033 2070
f 2070 2033 2034
f 2070 2034 2069
f 2069 2034 2035
f 2069 2035 2068
f 2068 2035 2036
f 2068 2036 2067
f 2067 2036 2037
f 2067 2037 2066
f 2066 2037 2038
f 2066 2038 2065
f 2065 2038 2080
f 2065 2080 2064
f 2081 2039 2040
f 2081 2040 2063
f 2063 2040 2041
f 2063 2041 2062
f 2062 2041 2042
f 2062 2042 2061
f 2061 2042 2043
f 2061 2043 2060
f 2060 2043 2044
f 2060 2044 2059
f 2059 2044 2045
f 2059 2045 2058
f 2058 2045 2046
f 2058 2046 2057
f 2057 2046 2079
f 2079 2046 2047
f 2079 2047 2048
f 2079 2048 2078
f 2078 2048 2049
f 2078 2049 2077
f 2077 2049 2050
f 2077 2050 2076
f 2076 2050 2051
f 2076 2051 2052
f 2076 2052 2075
f 2075 2052 2053
f 2075 2053 2054
f 2075 2054 2074
f 2074 2054 2055
f 2074 2055 2073
f 2073 2055 2056
f 2073 2056 2072
f 2086 2088 2087
f 2089 2082 2083
f 2083 2084 2094
f 2086 2092 2085
f 2085 2093 2084
f 2095 2096 2102
f 2102 2096 2097
f 2102 2097 2101
f 2101 2097 2098
f 2101 2098 2100
f 2100 2098 2099
f 2103 2104 2110
f 2110 2104 2105
f 2110 2105 2109
f 2109 2105 2106
f 2109 2106 2108
f 2108 2106 2107
f 2118 2111 2119
f 2119 2111 2112
f 2119 2112 2124
f 2124 2112 2113
f 2124 2113 2123
f 2123 2113 2114
f 2123 2114 2122
f 2122 2114 2115
f 2122 2115 2116
f 2122 2116 2121
f 2121 2116 2117
f 2121 2117 2120
f 2120 2117 2118
f 2120 2118 2119
f 2126 2132 2125
f 2125 2132 2133
f 2125 2133 2134
f 2132 2126 2131
f 2131 2126 2127
f 2131 2127 2130
f 2130 2127 2137
f 2130 2137 2135
f 2136 2128 2129
f 2136 2129 2134
f 2134 2129 2125
f 2139 2149 2138
f 2138 2149 2151
f 2150 2144 2143
f 2143 2144 2145
f 2143 2145 2142
f 2142 2145 2146
f 2142 2146 2141
f 2141 2146 2147
f 2141 2147 2140
f 2140 2147 2148
f 2140 2148 2139
f 2139 2148 2149
f 2152 2153 2159
f 2159 2153 2154
f 2159 2154 2158
f 2158 2154 2155
f 2158 2155 2157
f 2157 2155 2156
f 2160 2161 2167
f 2167 2161 2162
f 2167 2162 2166
f 2166 2162 2163
f 2166 2163 2165
f 2165 2163 2164
f 2176 2168 2177
f 2177 2168 2169
f 2177 2169 2181
f 2181 2169 2170
f 2181 2170 2171
f 2181 2171 2180
f 2180 2171 2172
f 2180 2172 2179
f 2179 2172 2173
f 2179 2173 2174
f 2179 2174 2178
f 2178 2174 2175
f 2178 2175 2176
f 2178 2176 2177
f 2182 2183 2185
f 2185 2183 2184
f 2187 2195 2186
f 2186 2195 2196
f 2197 2191 2190
f 2190 2191 2192
f 2190 2192 2189
f 2189 2192 2193
f 2189 2193 2188
f 2188 2193 2194
f 2188 2194 2187
f 2187 2194 2195
f 2198 2199 2203
f 2203 2199 2202
f 2202 2199 2200
f 2202 2200 2201
f 2205 2216 2204
f 2204 2216 2217
f 2204 2217 2212
f 2212 2217 2211
f 2211 2217 2213
f 2211 2213 2210
f 2210 2213 2209
f 2209 2213 2214
f 2209 2214 2208
f 2208 2214 2207
f 2207 2214 2215
f 2207 2215 2206
f 2206 2215 2216
f 2206 2216 2205
f 2219 2229 2218
f 2218 2229 2231
f 2230 2224 2223
f 2223 2224 2225
f 2223 2225 2222
f 2222 2225 2226
f 2222 2226 2221
f 2221 2226 2227
f 2221 2227 2220
f 2220 2227 2228
f 2220 2228 2219
f 2219 2228 2229
f 2239 2232 2238
f 2238 2232 2233
f 2238 2233 2237
f 2237 2233 2234
f 2237 2234 2236
f 2236 2234 2235
f 2247 2240 2246
f 2246 2240 2241
f 2246 2241 2245
f 2245 2241 2242
f 2245 2242 2244
f 2244 2242 2243
f 2249 2259 2248
f 2248 2259 2261
f 2260 2254 2253
f 2253 2254 2255
f 2253 2255 2252
f 2252 2255 2256
f 2252 2256 2251
f 2251 2256 2257
f 2251 2257 2250
f 2250 2257 2258
f 2250 2258 2249
f 2249 2258 2259
f 2263 2283 2262
f 2262 2283 2284
f 2285 2273 2272
f 2272 2273 2274
f 2272 2274 2271
f 2271 2274 2275
f 2271 2275 2270
f 2270 2275 2276
f 2270 2276 2269
f 2269 2276 2277
f 2269 2277 2268
f 2268 2277 2278
f 2268 2278 2267
f 2267 2278 2279
f 2267 2279 2266
f 2266 2279 2280
f 2266 2280 2265
f 2265 2280 2281
f 2265 2281 2264
f 2264 2281 2282
f 2264 2282 2263
f 2263 2282 2283
f 2287 2314 2286
f 2286 2314 2297
f 2286 2297 2298
f 2314 2287 2313
f 2313 2287 2288
f 2313 2288 2312
f 2312 2288 2311
f 2311 2288 2289
f 2311 2289 2310
f 2310 2289 2290
f 2310 2290 2309
f 2309 2290 2308
f 2308 2290 2316
f 2308 2316 2307
f 2315 2291 2292
f 2315 2292 2306
f 2306 2292 2305
f 2305 2292 2293
f 2305 2293 2304
f 2304 2293 2294
f 2304 2294 2303
f 2303 2294 2302
f 2302 2294 2295
f 2302 2295 2301
f 2301 2295 2296
f 2301 2296 2300
f 2300 2296 2299
f 2299 2296 2286
f 2299 2286 2298
f 2321 2323 2322
f 2324 2317 2318
f 2318 2319 2329
f 2321 2327 2320
f 2320 2328 2319
f 2331 2335 2330
f 2330 2335 2336
f 2330 2336 2337
f 2331 2332 2335
f 2335 2332 2334
f 2334 2332 2333
f 2337 2338 2330
f 2339 2340 2346
f 2346 2340 2341
f 2346 2341 2345
f 2345 2341 2342
f 2345 2342 2344
f 2344 2342 2343
f 2347 2348 2354
f 2354 2348 2349
f 2354 2349 2353
f 2353 2349 2350
f 2353 2350 2352
f 2352 2350 2351
f 2356 2363 2355
f 2355 2363 2364
f 2355 2364 2359
f 2359 2364 2360
f 2359 2360 2358
f 2358 2360 2366
f 2365 2361 2357
f 2357 2361 2362
f 2357 2362 2356
f 2356 2362 2363
f 2368 2388 2367
f 2367 2388 2389
f 2390 2378 2377
f 2377 2378 2379
f 2377 2379 2376
f 2376 2379 2380
f 2376 2380 2375
f 2375 2380 2381
f 2375 2381 2374
f 2374 2381 2382
f 2374 2382 2373
f 2373 2382 2383
f 2373 2383 2372
f 2372 2383 2384
f 2372 2384 2371
f 2371 2384 2385
f 2371 2385 2370
f 2370 2385 2386
f 2370 2386 2369
f 2369 2386 2387
f 2369 2387 2368
f 2368 2387 2388
f 2392 2402 2391
f 2391 2402 2403
f 2391 2403 2401
f 2401 2403 2404
f 2401 2404 2400
f 2400 2404 2405
f 2400 2405 2399
f 2399 2405 2406
f 2399 2406 2398
f 2398 2406 2414
f 2398 2414 2397
f 2413 2407 2408
f 2413 2408 2396
f 2396 2408 2409
f 2396 2409 2395
f 2395 2409 2410
f 2395 2410 2394
f 2394 2410 2411
f 2394 2411 2393
f 2393 2411 2412
f 2393 2412 2392
f 2392 2412 2402
f 2415 2416 2429
f 2429 2416 2417
f 2429 2417 2428
f 2428 2417 2418
f 2428 2418 2419
f 2428 2419 2427
f 2427 2419 2420
f 2427 2420 2426
f 2426 2420 2421
f 2426 2421 2422
f 2426 2422 2425
f 2425 2422 2423
f 2425 2423 2424
f 2431 2432 2430
f 2430 2432 2485
f 2485 2432 2433
f 2485 2433 2484
f 2484 2433 2434
f 2484 2434 2483
f 2483 2434 2435
f 2483 2435 2482
f 2482 2435 2436
f 2482 2436 2481
f 2481 2436 2437
f 2481 2437 2480
f 2480 2437 2438
f 2480 2438 2479
f 2479 2438 2439
f 2479 2439 2478
f 2478 2439 2440
f 2478 2440 2477
f 2477 2440 2441
f 2477 2441 2476
f 2476 2441 2442
f 2476 2442 2475
f 2475 2442 2443
f 2475 2443 2474
f 2474 2443 2473
f 2473 2443 2444
f 2473 2444 2472
f 2472 2444 2445
f 2472 2445 2471
f 2471 2445 2446
f 2471 2446 2470
f 2470 2446 2447
f 2470 2447 2469
f 2469 2447 2448
f 2469 2448 2468
f 2468 2448 2449
f 2468 2449 2467
f 2467 2449 2450
f 2467 2450 2466
f 2466 2450 2451
f 2466 2451 2465
f 2465 2451 2452
f 2465 2452 2464
f 2464 2452 2453
f 2464 2453 2463
f 2463 2453 2454
f 2463 2454 2462
f 2462 2454 2455
f 2462 2455 2461
f 2461 2455 2456
f 2461 2456 2460
f 2460 2456 2457
f 2460 2457 2459
f 2459 2457 2458
f 2487 2488 2486
f 2486 2488 2497
f 2486 2497 2498
f 2488 2489 2497
f 2497 2489 2496
f 2496 2489 2495
f 2495 2489 2494
f 2494 2489 2490
f 2494 2490 2493
f 2493 2490 2491
f 2493 2491 2492
f 2498 2499 2486
f 2507 2500 2506
f 2506 2500 2501
f 2506 2501 2505
f 2505 2501 2502
f 2505 2502 2504
f 2504 2502 2503
f 2515 2508 2514
f 2514 2508 2509
f 2514 2509 2513
f 2513 2509 2510
f 2513 2510 2512
f 2512 2510 2511
f 2516 2517 2519
f 2519 2517 2518
f 2521 2533 2520
f 2520 2533 2534
f 2520 2534 2527
f 2527 2534 2535
f 2527 2535 2526
f 2526 2535 2528
f 2526 2528 2525
f 2525 2528 2529
f 2525 2529 2524
f 2524 2529 2530
f 2524 2530 2523
f 2523 2530 2531
f 2523 2531 2522
f 2522 2531 2537
f 2536 2532 2521
f 2521 2532 2533
f 2539 2551 2538
f 2538 2551 2552
f 2538 2552 2545
f 2545 2552 2553
f 2545 2553 2544
f 2544 2553 2546
f 2544 2546 2543
f 2543 2546 2547
f 2543 2547 2542
f 2542 2547 2548
f 2542 2548 2541
f 2541 2548 2549
f 2541 2549 2540
f 2540 2549 2554
f 2555 2550 2539
f 2539 2550 2551
f 2556 2557 2572
f 2572 2557 2558
f 2572 2558 2559
f 2559 2560 2572
f 2572 2560 2571
f 2571 2560 2561
f 2571 2561 2562
f 2562 2563 2571
f 2571 2563 2564
f 2571 2564 2565
f 2571 2565 2570
f 2570 2565 2566
f 2570 2566 2567
f 2567 2568 2570
f 2570 2568 2569
f 2573 2574 2601
f 2601 2574 2670
f 2601 2670 2671
f 2575 2684 2574
f 2574 2684 2669
f 2574 2669 2670
f 2576 2577 2575
f 2575 2577 2700
f 2575 2700 2685
f 2578 2698 2577
f 2577 2698 2699
f 2577 2699 2700
f 2698 2578 2697
f 2697 2578 2579
f 2697 2579 2696
f 2696 2579 2648
f 2696 2648 2629
f 2648 2579 2647
f 2647 2579 2580
f 2647 2580 2646
f 2646 2580 2645
f 2645 2580 2581
f 2645 2581 2644
f 2644 2581 2582
f 2644 2582 2643
f 2643 2582 2583
f 2643 2583 2642
f 2642 2583 2584
f 2642 2584 2641
f 2641 2584 2640
f 2640 2584 2585
f 2640 2585 2639
f 2639 2585 2586
f 2639 2586 2608
f 2608 2586 2627
f 2608 2627 2628
f 2586 2587 2627
f 2627 2587 2626
f 2626 2587 2588
f 2626 2588 2625
f 2625 2588 2589
f 2625 2589 2624
f 2624 2589 2590
f 2624 2590 2623
f 2623 2590 2591
f 2623 2591 2622
f 2622 2591 2592
f 2622 2592 2605
f 2605 2592 2662
f 2605 2662 2663
f 2592 2593 2662
f 2662 2593 2661
f 2661 2593 2594
f 2661 2594 2660
f 2660 2594 2659
f 2659 2594 2595
f 2659 2595 2658
f 2658 2595 2596
f 2658 2596 2657
f 2657 2596 2597
f 2657 2597 2656
f 2656 2597 2598
f 2656 2598 2655
f 2655 2598 2654
f 2654 2598 2599
f 2654 2599 2653
f 2653 2599 2674
f 2653 2674 2652
f 2652 2674 2675
f 2652 2675 2618
f 2618 2675 2617
f 2617 2675 2676
f 2617 2676 2677
f 2674 2599 2673
f 2673 2599 2600
f 2673 2600 2672
f 2672 2600 2601
f 2672 2601 2671
f 2603 2667 2602
f 2602 2667 2668
f 2602 2668 2619
f 2619 2668 2649
f 2619 2649 2650
f 2604 2665 2603
f 2603 2665 2666
f 2603 2666 2667
f 2605 2663 2604
f 2604 2663 2664
f 2604 2664 2665
f 2622 2605 2621
f 2621 2605 2606
f 2621 2606 2620
f 2620 2606 2607
f 2620 2607 2628
f 2628 2607 2608
f 2639 2608 2638
f 2638 2608 2609
f 2638 2609 2637
f 2637 2609 2636
f 2636 2609 2610
f 2636 2610 2635
f 2635 2610 2634
f 2634 2610 2611
f 2634 2611 2633
f 2633 2611 2612
f 2633 2612 2632
f 2632 2612 2631
f 2631 2612 2613
f 2631 2613 2630
f 2630 2613 2629
f 2629 2613 2695
f 2629 2695 2696
f 2695 2613 2694
f 2694 2613 2614
f 2694 2614 2693
f 2693 2614 2692
f 2692 2614 2615
f 2692 2615 2691
f 2691 2615 2679
f 2691 2679 2690
f 2690 2679 2680
f 2690 2680 2689
f 2689 2680 2681
f 2689 2681 2688
f 2688 2681 2682
f 2688 2682 2687
f 2687 2682 2683
f 2687 2683 2686
f 2686 2683 2684
f 2686 2684 2575
f 2615 2616 2679
f 2679 2616 2678
f 2678 2616 2677
f 2677 2616 2617
f 2619 2650 2618
f 2618 2650 2651
f 2618 2651 2652
f 2685 2686 2575
f 2701 2702 2708
f 2708 2702 2703
f 2708 2703 2704
f 2705 2706 2704
f 2704 2706 2707
f 2704 2707 2708
f 2710 2715 2709
f 2712 2721 2711
f 2709 2718 2713
f 2720 2717 2710
f 2713 2719 2712
f 2729 2722 2728
f 2728 2722 2723
f 2728 2723 2727
f 2727 2723 2724
f 2727 2724 2726
f 2726 2724 2725
f 2737 2730 2736
f 2736 2730 2731
f 2736 2731 2735
f 2735 2731 2732
f 2735 2732 2734
f 2734 2732 2733
f 2739 2752 2738
f 2738 2752 2761
f 2760 2753 2754
f 2752 2739 2751
f 2751 2739 2740
f 2751 2740 2750
f 2750 2740 2741
f 2750 2741 2749
f 2749 2741 2742
f 2749 2742 2748
f 2748 2742 2743
f 2748 2743 2759
f 2759 2743 2744
f 2759 2744 2758
f 2758 2744 2757
f 2757 2744 2745
f 2757 2745 2756
f 2756 2745 2746
f 2756 2746 2755
f 2755 2746 2747
f 2755 2747 2754
f 2754 2747 2760
f 2763 2769 2762
f 2762 2769 2770
f 2762 2770 2771
f 2769 2763 2768
f 2768 2763 2764
f 2768 2764 2767
f 2767 2764 2774
f 2767 2774 2772
f 2773 2765 2766
f 2773 2766 2771
f 2771 2766 2762
f 2782 2775 2781
f 2781 2775 2776
f 2781 2776 2780
f 2780 2776 2777
f 2780 2777 2779
f 2779 2777 2778
f 2783 2784 2790
f 2790 2784 2785
f 2790 2785 2786
f 2787 2788 2786
f 2786 2788 2789
f 2786 2789 2790
f 2792 2800 2791
f 2791 2800 2801
f 2802 2796 2795
f 2795 2796 2797
f 2795 2797 2794
f 2794 2797 2798
f 2794 2798 2793
f 2793 2798 2799
f 2793 2799 2792
f 2792 2799 2800
f 2803 2804 2806
f 2806 2804 2805
f 2807 2808 2814
f 2814 2808 2809
f 2814 2809 2813
f 2813 2809 2810
f 2813 2810 2812
f 2812 2810 2811
f 2815 2816 2822
f 2822 2816 2817
f 2822 2817 2821
f 2821 2817 2818
f 2821 2818 2820
f 2820 2818 2819
f 2840 2823 2851
f 2851 2823 2824
f 2851 2824 2850
f 2850 2824 2825
f 2850 2825 2849
f 2849 2825 2826
f 2849 2826 2848
f 2848 2826 2827
f 2848 2827 2847
f 2847 2827 2828
f 2847 2828 2846
f 2846 2828 2829
f 2846 2829 2845
f 2845 2829 2844
f 2844 2829 2830
f 2844 2830 2843
f 2843 2830 2831
f 2843 2831 2842
f 2842 2831 2857
f 2842 2857 2841
f 2858 2832 2833
f 2858 2833 2856
f 2856 2833 2834
f 2856 2834 2855
f 2855 2834 2835
f 2855 2835 2836
f 2855 2836 2854
f 2854 2836 2837
f 2854 2837 2853
f 2853 2837 2838
f 2853 2838 2839
f 2853 2839 2852
f 2852 2839 2840
f 2852 2840 2851
f 2860 2866 2859
f 2859 2866 2867
f 2859 2867 2868
f 2866 2860 2865
f 2865 2860 2861
f 2865 2861 2864
f 2864 2861 2871
f 2864 2871 2869
f 2870 2862 2863
f 2870 2863 2868
f 2868 2863 2859
f 2873 2883 2872
f 2882 2877 2878
f 2882 2878 2876
f 2876 2878 2879
f 2876 2879 2875
f 2875 2879 2880
f 2875 2880 2874
f 2874 2880 2881
f 2874 2881 2873
f 2873 2881 2883
f 2884 2885 2891
f 2891 2885 2886
f 2891 2886 2890
f 2890 2886 2887
f 2890 2887 2889
f 2889 2887 2888
f 2892 2893 2899
f 2899 2893 2894
f 2899 2894 2895
f 2896 2897 2895
f 2895 2897 2898
f 2895 2898 2899
f 2907 2900 2906
f 2906 2900 2901
f 2906 2901 2905
f 2905 2901 2902
f 2905 2902 2904
f 2904 2902 2903
f 2915 2908 2914
f 2914 2908 2909
f 2914 2909 2913
f 2913 2909 2910
f 2913 2910 2912
f 2912 2910 2911
f 2917 2951 2916
f 2916 2951 2952
f 2953 2934 2933
f 2933 2934 2935
f 2933 2935 2932
f 2932 2935 2936
f 2932 2936 2931
f 2931 2936 2937
f 2931 2937 2930
f 2930 2937 2938
f 2930 2938 2929
f 2929 2938 2939
f 2929 2939 2928
f 2928 2939 2940
f 2928 2940 2927
f 2927 2940 2941
f 2927 2941 2926
f 2926 2941 2942
f 2926 2942 2925
f 2925 2942 2943
f 2925 2943 2924
f 2924 2943 2944
f 2924 2944 2923
f 2923 2944 2945
f 2923 2945 2922
f 2922 2945 2946
f 2922 2946 2921
f 2921 2946 2947
f 2921 2947 2920
f 2920 2947 2948
f 2920 2948 2919
f 2919 2948 2949
f 2919 2949 2918
f 2918 2949 2950
f 2918 2950 2917
f 2917 2950 2951
f 2955 2973 2954
f 2954 2973 2964
f 2954 2964 2963
f 2963 2964 2965
f 2963 2965 2962
f 2962 2965 2966
f 2962 2966 2961
f 2961 2966 2967
f 2961 2967 2960
f 2960 2967 2974
f 2960 2974 2959
f 2975 2968 2969
f 2975 2969 2958
f 2958 2969 2970
f 2958 2970 2957
f 2957 2970 2971
f 2957 2971 2956
f 2956 2971 2972
f 2956 2972 2955
f 2955 2972 2973
f 2977 2981 2976
f 2976 2981 2982
f 2976 2982 2980
f 2980 2982 2986
f 2980 2986 2979
f 2987 2983 2984
f 2987 2984 2978
f 2978 2984 2985
f 2978 2985 2977
f 2977 2985 2981
f 2988 2989 2995
f 2995 2989 2990
f 2995 2990 2991
f 2992 2993 2991
f 2991 2993 2994
f 2991 2994 2995
f 2996 2997 3003
f 3003 2997 2998
f 3003 2998 2999
f 3000 3001 2999
f 2999 3001 3002
f 2999 3002 3003
f 3004 3005 3011
f 3011 3005 3006
f 3011 3006 3010
f 3010 3006 3007
f 3010 3007 3009
f 3009 3007 3008
f 3019 3012 3018
f 3018 3012 3013
f 3018 3013 3014
f 3015 3016 3014
f 3014 3016 3017
f 3014 3017 3018
f 3020 3021 3027
f 3027 3021 3022
f 3027 3022 3026
f 3026 3022 3023
f 3026 3023 3025
f 3025 3023 3024
f 3029 3037 3028
f 3028 3037 3038
f 3028 3038 3036
f 3036 3038 3039
f 3036 3039 3035
f 3035 3039 3040
f 3035 3040 3034
f 3034 3040 3047
f 3034 3047 3033
f 3046 3041 3042
f 3046 3042 3032
f 3032 3042 3043
f 3032 3043 3031
f 3031 3043 3044
f 3031 3044 3030
f 3030 3044 3045
f 3030 3045 3029
f 3029 3045 3037
f 3064 3048 3065
f 3065 3048 3049
f 3065 3049 3080
f 3080 3049 3050
f 3080 3050 3079
f 3079 3050 3051
f 3079 3051 3078
f 3078 3051 3052
f 3078 3052 3077
f 3077 3052 3053
f 3077 3053 3076
f 3076 3053 3054
f 3076 3054 3075
f 3075 3054 3055
f 3075 3055 3074
f 3074 3055 3056
f 3074 3056 3073
f 3073 3056 3057
f 3073 3057 3072
f 3072 3057 3058
f 3072 3058 3071
f 3071 3058 3059
f 3071 3059 3070
f 3070 3059 3060
f 3070 3060 3069
f 3069 3060 3061
f 3069 3061 3068
f 3068 3061 3062
f 3068 3062 3067
f 3067 3062 3063
f 3067 3063 3066
f 3066 3063 3064
f 3066 3064 3065
f 3082 3090 3081
f 3081 3090 3086
f 3081 3086 3085
f 3085 3086 3087
f 3085 3087 3084
f 3084 3087 3092
f 3091 3088 3083
f 3083 3088 3089
f 3083 3089 3082
f 3082 3089 3090
f 3093 3094 3096
f 3096 3094 3095
f 3098 3099 3097
f 3097 3099 3100
f 3101 3102 3108
f 3108 3102 3103
f 3108 3103 3104
f 3105 3106 3104
f 3104 3106 3107
f 3104 3107 3108
f 3109 3110 3116
f 3116 3110 3111
f 3116 3111 3112
f 3113 3114 3112
f 3112 3114 3115
f 3112 3115 3116
f 3118 3143 3117
f 3117 3143 3144
f 3117 3144 3134
f 3134 3144 3145
f 3134 3145 3133
f 3133 3145 3146
f 3133 3146 3132
f 3132 3146 3147
f 3132 3147 3131
f 3131 3147 3148
f 3131 3148 3130
f 3130 3148 3149
f 3130 3149 3129
f 3129 3149 3150
f 3129 3150 3128
f 3128 3150 3151
f 3128 3151 3127
f 3127 3151 3135
f 3127 3135 3126
f 3126 3135 3125
f 3125 3135 3136
f 3125 3136 3124
f 3124 3136 3137
f 3124 3137 3123
f 3123 3137 3138
f 3123 3138 3122
f 3122 3138 3139
f 3122 3139 3121
f 3121 3139 3140
f 3121 3140 3120
f 3120 3140 3141
f 3120 3141 3119
f 3119 3141 3142
f 3119 3142 3118
f 3118 3142 3143
f 3153 3171 3152
f 3152 3171 3162
f 3152 3162 3163
f 3171 3153 3170
f 3170 3153 3154
f 3170 3154 3155
f 3170 3155 3169
f 3169 3155 3156
f 3169 3156 3168
f 3168 3156 3157
f 3168 3157 3167
f 3167 3157 3166
f 3166 3157 3158
f 3166 3158 3165
f 3165 3158 3159
f 3165 3159 3164
f 3164 3159 3160
f 3164 3160 3161
f 3164 3161 3163
f 3163 3161 3152
f 3172 3173 3179
f 3179 3173 3174
f 3179 3174 3175
f 3176 3177 3175
f 3175 3177 3178
f 3175 3178 3179
f 3180 3181 3187
f 3187 3181 3182
f 3187 3182 3183
f 3184 3185 3183
f 3183 3185 3186
f 3183 3186 3187
f 3189 3190 3188
f 3188 3190 3191
f 3193 3206 3192
f 3192 3206 3207
f 3192 3207 3201
f 3201 3207 3208
f 3201 3208 3200
f 3200 3208 3209
f 3200 3209 3199
f 3199 3209 3210
f 3199 3210 3198
f 3198 3210 3202
f 3198 3202 3197
f 3197 3202 3196
f 3196 3202 3203
f 3196 3203 3195
f 3195 3203 3204
f 3195 3204 3194
f 3194 3204 3205
f 3194 3205 3193
f 3193 3205 3206
f 3212 3245 3211
f 3246 3240 3241
f 3246 3241 3227
f 3227 3241 3242
f 3227 3242 3226
f 3226 3242 3243
f 3226 3243 3225
f 3225 3243 3244
f 3225 3244 3224
f 3224 3244 3228
f 3224 3228 3223
f 3223 3228 3229
f 3223 3229 3222
f 3222 3229 3230
f 3222 3230 3221
f 3221 3230 3231
f 3221 3231 3220
f 3220 3231 3232
f 3220 3232 3219
f 3219 3232 3233
f 3219 3233 3218
f 3218 3233 3234
f 3218 3234 3217
f 3217 3234 3235
f 3217 3235 3216
f 3216 3235 3236
f 3216 3236 3215
f 3215 3236 3237
f 3215 3237 3214
f 3214 3237 3238
f 3214 3238 3213
f 3213 3238 3239
f 3213 3239 3212
f 3212 3239 3245
f 3248 3260 3247
f 3249 3259 3248
f 3251 3257 3250
f 3253 3252 3251
f 3250 3258 3249
f 3268 3261 3267
f 3267 3261 3262
f 3267 3262 3263
f 3264 3265 3263
f 3263 3265 3266
f 3263 3266 3267
f 3270 3298 3269
f 3269 3298 3299
f 3269 3299 3285
f 3285 3299 3300
f 3285 3300 3284
f 3284 3300 3301
f 3284 3301 3283
f 3283 3301 3302
f 3283 3302 3282
f 3282 3302 3286
f 3282 3286 3281
f 3281 3286 3287
f 3281 3287 3280
f 3280 3287 3288
f 3280 3288 3279
f 3279 3288 3289
f 3279 3289 3278
f 3278 3289 3304
f 3303 3290 3277
f 3277 3290 3291
f 3277 3291 3276
f 3276 3291 3292
f 3276 3292 3275
f 3275 3292 3293
f 3275 3293 3274
f 3274 3293 3294
f 3274 3294 3273
f 3273 3294 3295
f 3273 3295 3272
f 3272 3295 3296
f 3272 3296 3271
f 3271 3296 3297
f 3271 3297 3270
f 3270 3297 3298
f 3306 3314 3305
f 3317 3313 3306
f 3309 3316 3308
f 3305 3315 3309
f 3308 3318 3307
f 3320 3338 3319
f 3319 3338 3329
f 3319 3329 3328
f 3328 3329 3330
f 3328 3330 3327
f 3327 3330 3331
f 3327 3331 3326
f 3326 3331 3332
f 3326 3332 3325
f 3325 3332 3333
f 3325 3333 3324
f 3324 3333 3340
f 3339 3334 3323
f 3323 3334 3335
f 3323 3335 3322
f 3322 3335 3336
f 3322 3336 3321
f 3321 3336 3337
f 3321 3337 3320
f 3320 3337 3338
f 3342 3354 3341
f 3343 3353 3342
f 3345 3351 3344
f 3347 3346 3345
f 3344 3352 3343
f 3356 3364 3355
f 3367 3363 3356
f 3359 3366 3358
f 3355 3365 3359
f 3358 3368 3357
f 3370 3388 3369
f 3369 3388 3379
f 3369 3379 3378
f 3378 3379 3380
f 3378 3380 3377
f 3377 3380 3381
f 3377 3381 3376
f 3376 3381 3382
f 3376 3382 3375
f 3375 3382 3383
f 3375 3383 3374
f 3374 3383 3389
f 3390 3384 3373
f 3373 3384 3385
f 3373 3385 3372
f 3372 3385 3386
f 3372 3386 3371
f 3371 3386 3387
f 3371 3387 3370
f 3370 3387 3388
f 3392 3410 3391
f 3391 3410 3401
f 3391 3401 3402
f 3410 3392 3409
f 3409 3392 3393
f 3409 3393 3394
f 3409 3394 3408
f 3408 3394 3395
f 3408 3395 3407
f 3407 3395 3396
f 3407 3396 3406
f 3406 3396 3405
f 3405 3396 3397
f 3405 3397 3404
f 3404 3397 3398
f 3404 3398 3403
f 3403 3398 3399
f 3403 3399 3400
f 3403 3400 3402
f 3402 3400 3391
