v 0.03099066734 -0.01470399022 0.433861683
v 0.03250359297 -0.01414691329 0.433861683
v 0.03317260027 -0.01270399094 0.433861683
v 0.03317260027 -0.00200000003 0.433861683
v 0.03383342505 -0.0005624476075 0.433861683
v 0.03533300877 -5.518083123e-18 0.433861683
v 0.03017541647 -6.149706013e-18 0.433861683
v 0.03017541647 -0.01470399022 0.433861683
v -0.01697214723 -0.008000000119 0.4659825212
v -0.01697214723 -1.192361731e-17 0.4659825212
v -0.01725893378 -1.195873853e-17 0.4654544717
v -0.01759325862 -1.199968152e-17 0.464955166
v -0.0179722631 -1.204609618e-17 0.4644888574
v -0.0179722631 -0.008000000119 0.4644888574
v -0.01759325862 -0.008000000119 0.464955166
v -0.01725893378 -0.008000000119 0.4654544717
v -0.02870628834 -1.336063515e-17 0.4660573084
v -0.02870628834 -0.008000000119 0.4660573084
v -0.02842625856 -0.008000000119 0.465525654
v -0.02809832573 -0.008000000119 0.465022133
v -0.02772529602 -0.008000000119 0.464551037
v -0.02772529602 -1.324049824e-17 0.464551037
v -0.02809832573 -1.32861812e-17 0.465022133
v -0.02842625856 -1.332634139e-17 0.465525654
v -0.03533300877 -1.417217434e-17 0.433861683
v -0.03017541647 -1.354055145e-17 0.433861683
v -0.02911663771 -1.341088845e-17 0.4336686403
v -0.02819411993 -1.329791261e-17 0.4331143457
v -0.02752659082 -1.321616387e-17 0.4322701341
v -0.02523622513 -1.293567497e-17 0.4279627306
v -0.0224209547 -1.259090377e-17 0.4340029985
v -0.01818777204 -1.207248841e-17 0.4391499216
v -0.01280438542 -1.141321369e-17 0.4430779916
v -0.006611241698 -1.065477233e-17 0.4455388147
v 2.923134056e-13 -9.845128732e-18 0.4463767511
v 0.006611241699 -9.035485134e-18 0.4455388147
v 0.01280438542 -8.27704377e-18 0.4430779916
v 0.01818777204 -7.617769052e-18 0.4391499216
v 0.0224209547 -7.099353691e-18 0.4340029985
v 0.02523622513 -6.7545825e-18 0.4279627306
v 0.02752659082 -6.474093598e-18 0.4322701341
v 0.02819411993 -6.39234486e-18 0.4331143457
v 0.02911663771 -6.279369015e-18 0.4336686403
v 0.03017541647 -6.149706013e-18 0.433861683
v 0.03533300877 -5.518083123e-18 0.433861683
v 0.03758601189 -5.242169817e-18 0.4254706651
v 0.03787419558 -5.206877494e-18 0.4167871935
v 0.03618249416 -5.414051166e-18 0.4082652456
v 0.03259934425 -5.852860473e-18 0.4003502924
v 0.02731205463 -6.500366704e-18 0.3934560854
v 0.0205970192 -7.32272137e-18 0.3879430277
v 0.01280526876 -8.276935592e-18 0.3840993101
v 0.004344119727 -9.313127501e-18 0.3821258718
v -0.004344119728 -1.037712996e-17 0.3821258718
v -0.01280526876 -1.141332187e-17 0.3840993101
v -0.0205970192 -1.23675361e-17 0.3879430277
v -0.02731205463 -1.318989076e-17 0.3934560854
v -0.03259934425 -1.383739699e-17 0.4003502924
v -0.03618249416 -1.42762063e-17 0.4082652456
v -0.03787419558 -1.448337997e-17 0.4167871935
v -0.03758601189 -1.444808765e-17 0.4254706651
v -0.03612905979 -1.426966248e-17 0.4041867334
v -0.03700406075 -1.437681919e-17 0.4026711828
v -0.03875406027 -1.459113232e-17 0.4026711828
v -0.03962906122 -1.469828903e-17 0.4041867334
v -0.03875406027 -1.459113232e-17 0.4057022745
v -0.03700406075 -1.437681919e-17 0.4057022745
v 0.01744002104 -7.709342138e-18 0.3819976885
v 0.01656502128 -7.816498704e-18 0.3804821474
v 0.01481502056 -8.030811982e-18 0.3804821474
v 0.0139400208 -8.137968547e-18 0.3819976885
v 0.01481502056 -8.030811982e-18 0.3835132391
v 0.01656502128 -7.816498704e-18 0.3835132391
v 0.01744002104 -7.709342138e-18 0.4577558214
v 0.01656502128 -7.816498704e-18 0.4562402612
v 0.01481502056 -8.030811981e-18 0.4562402612
v 0.0139400208 -8.137968547e-18 0.4577558214
v 0.01481502056 -8.030811981e-18 0.4592713625
v 0.01656502128 -7.816498704e-18 0.4592713625
v -0.0139400208 -1.155228892e-17 0.4577558214
v -0.01481502056 -1.165944548e-17 0.4562402612
v -0.01656502128 -1.187375876e-17 0.4562402612
v -0.01744002104 -1.198091533e-17 0.4577558214
v -0.01656502128 -1.187375876e-17 0.4592713625
v -0.01481502056 -1.165944548e-17 0.4592713625
v 0.03962906122 -4.991968435e-18 0.4355667764
v 0.03875406027 -5.099125146e-18 0.4340512354
v 0.03700406075 -5.313438278e-18 0.4340512354
v 0.03612905979 -5.420594989e-18 0.4355667764
v 0.03700406075 -5.313438278e-18 0.4370823175
v 0.03875406027 -5.099125146e-18 0.4370823175
v 0.03962906122 -4.991968435e-18 0.4041867334
v 0.03875406027 -5.099125146e-18 0.4026711828
v 0.03700406075 -5.313438278e-18 0.4026711828
v 0.03612905979 -5.420594989e-18 0.4041867334
v 0.03700406075 -5.313438278e-18 0.4057022745
v 0.03875406027 -5.099125146e-18 0.4057022745
v -0.0139400208 -1.155228892e-17 0.3819976885
v -0.01481502056 -1.165944548e-17 0.3804821474
v -0.01656502128 -1.187375876e-17 0.3804821474
v -0.01744002104 -1.198091533e-17 0.3819976885
v -0.01656502128 -1.187375876e-17 0.3835132391
v -0.01481502056 -1.165944548e-17 0.3835132391
v -0.03612905979 -1.426966248e-17 0.4355667764
v -0.03700406075 -1.437681919e-17 0.4340512354
v -0.03875406027 -1.459113232e-17 0.4340512354
v -0.03962906122 -1.469828903e-17 0.4355667764
v -0.03875406027 -1.459113232e-17 0.4370823175
v -0.03700406075 -1.437681919e-17 0.4370823175
v -0.1880500031 -3.287461216e-17 0.4198767549
v -0.1871279144 -3.276168888e-17 0.4236177713
v -0.1845729256 -3.244879298e-17 0.4265017778
v -0.1809703255 -3.200760172e-17 0.4278680498
v -0.1771454239 -3.153918637e-17 0.4274036295
v -0.1739744949 -3.115085957e-17 0.4252148897
v -0.1721839142 -3.093157667e-17 0.4218032343
v -0.1721839142 -3.093157667e-17 0.4179502565
v -0.1739744949 -3.115085957e-17 0.4145386202
v -0.1771454239 -3.153918637e-17 0.4123498804
v -0.1809703255 -3.200760172e-17 0.411885441
v -0.1845729256 -3.244879298e-17 0.413251732
v -0.1871279144 -3.276168888e-17 0.4161357385
v -0.02507138729 -1.291548815e-17 0.4688173753
v -0.0242242384 -1.281174233e-17 0.4705764848
v -0.022320714 -1.257862783e-17 0.4710109598
v -0.02079420567 -1.239168447e-17 0.4697936136
v -0.02079420567 -1.239168447e-17 0.4678411371
v -0.022320714 -1.257862783e-17 0.4666237909
v -0.0242242384 -1.281174233e-17 0.4670582468
v -0.01697214723 -1.192361731e-17 0.4659825212
v -0.0002626018221 -9.877288181e-18 0.4658759958
v 0.009205772877 -8.717746704e-18 0.4649461824
v 0.01828035831 -7.606430503e-18 0.4620884592
v 0.0265729785 -6.590877426e-18 0.4574250871
v 0.03372890234 -5.714529503e-18 0.4511555177
v 0.039442029 -5.014873276e-18 0.4435479623
v 0.04346797466 -4.521837129e-18 0.4349278528
v 0.0456345129 -4.256512717e-18 0.4256638986
v 0.04584897995 -4.230248078e-18 0.4161523897
v 0.04410219669 -4.444167331e-18 0.4068002016
v 0.04046888351 -4.889119866e-18 0.3980073816
v 0.0351044631 -5.546071895e-18 0.3901500494
v 0.02823839903 -6.386922234e-18 0.3835643179
v 0.02016440153 -7.375701753e-18 0.3785319025
v 0.01122784734 -8.470114002e-18 0.375268057
v 0.001811005175 -9.623344563e-18 0.3739124185
v -0.007683304549 -1.078606216e-17 0.3745229513
v -0.01684895039 -1.190853005e-17 0.3770735628
v -0.02529386044 -1.294273325e-17 0.3814551336
v -0.03265679359 -1.384443251e-17 0.3874802381
v -0.03862278938 -1.457505627e-17 0.3948911554
v -0.04293664455 -1.510335116e-17 0.4033708555
v -0.04553729057 -1.542183845e-17 0.4038786108
v -0.0481408453 -1.574068194e-17 0.4043712312
v -0.05074721813 -1.605987056e-17 0.4048487074
v -0.05392956734 -1.644959593e-17 0.4033092004
v -0.05613771439 -1.672001596e-17 0.400548485
v -0.05694046021 -1.681832397e-17 0.3971056539
v -0.05618106365 -1.672532471e-17 0.3936530096
v -0.05400780201 -1.645917692e-17 0.390864752
v -0.05084506035 -1.607185277e-17 0.3892853529
v -0.04731043339 -1.563898581e-17 0.389223221
v -0.04409413815 -1.524510325e-17 0.3906904966
v -0.04182422638 -1.496711923e-17 0.3934006483
v -0.03614507914 -1.427162428e-17 0.3860568887
v -0.02919458628 -1.34204344e-17 0.3799026853
v -0.02121721983 -1.244348877e-17 0.375154503
v -0.01249357343 -1.13751502e-17 0.3719793588
v -0.003330485821 -1.025299561e-17 0.3704889185
v 0.005949746966 -9.116494875e-18 0.3707356245
v 0.01502070665 -8.0056227e-18 0.3727107889
v 0.01511559963 -7.994001662e-18 0.3687865144
v 0.01706577063 -7.755174595e-18 0.3653797895
v 0.02040168762 -7.346642588e-18 0.3633108408
v 0.0243201828 -6.86676533e-18 0.3630777818
v 0.02787781954 -6.431080486e-18 0.3647367365
v 0.03021805048 -6.144484853e-18 0.3678882867
v 0.03077742577 -6.075981137e-18 0.3717736417
v 0.02942127228 -6.24206204e-18 0.3754573614
v 0.02647610187 -6.602741391e-18 0.3780525285
v 0.0338198638 -5.703389938e-18 0.3837316686
v 0.0399740696 -4.949717095e-18 0.390682171
v 0.04472224712 -4.368233053e-18 0.3986595327
v 0.04789739609 -3.979389452e-18 0.4073831827
v 0.04938783169 -3.796863733e-18 0.4165462572
v 0.04914113045 -3.827075922e-18 0.4258265001
v 0.04716596603 -4.068963799e-18 0.4348974496
v 0.05109023571 -3.588379369e-18 0.4349923593
v 0.05449696064 -3.171175891e-18 0.4369425279
v 0.05656590939 -2.917802745e-18 0.4402784425
v 0.05679896832 -2.889261258e-18 0.4441969377
v 0.0551400137 -3.092424605e-18 0.4477545816
v 0.05198846817 -3.478377619e-18 0.450094803
v 0.04810310841 -3.954196959e-18 0.4506541711
v 0.04441939354 -4.405321921e-18 0.4492980272
v 0.04182422638 -4.723138236e-18 0.446352852
v 0.03614507914 -5.418633186e-18 0.4536966211
v 0.02919458628 -6.269823069e-18 0.459850815
v 0.02121721983 -7.246768697e-18 0.4645990068
v 0.01249357343 -8.315107262e-18 0.467774151
v 0.003330485821 -9.437261852e-18 0.4692645914
v -0.005949746966 -1.057376259e-17 0.4690178758
v -0.01502070665 -1.168463476e-17 0.467042721
v -0.01505225539 -1.168849837e-17 0.4707254106
v -0.01673028231 -1.18939974e-17 0.4740037424
v -0.0196991694 -1.225758121e-17 0.4761829454
v -0.02332973242 -1.270219695e-17 0.4768012125
v -0.02685256481 -1.313361949e-17 0.4757274896
v -0.0295210886 -1.34604194e-17 0.4731893236
v -0.03076977253 -1.361333908e-17 0.4697246439
v -0.03033399105 -1.355997124e-17 0.4660676843
v -0.02870628834 -1.336063515e-17 0.4660573084
v -0.02842625856 -1.332634139e-17 0.465525654
v -0.02809832573 -1.32861812e-17 0.465022133
v -0.02772529602 -1.324049824e-17 0.464551037
v -0.0413145113 -1.490469713e-17 0.4646376497
v -0.03937514067 -1.466719273e-17 0.4638198167
v -0.0385820961 -1.457007278e-17 0.4618701822
v -0.03939993143 -1.467022872e-17 0.4599308092
v -0.04134956837 -1.490899039e-17 0.4591377718
v -0.04328894138 -1.514649508e-17 0.4599556047
v -0.04408198357 -1.524361474e-17 0.4619052393
v -0.04326415062 -1.514345909e-17 0.4638446123
v -0.0413145113 -1.490469713e-17 0.4646376497
v -0.08072760582 -1.973140914e-17 0.4648888857
v -0.07878823757 -1.949390503e-17 0.4640710527
v -0.07799519062 -1.939678479e-17 0.4621214182
v -0.07881302834 -1.949694102e-17 0.4601820451
v -0.08076266289 -1.973570239e-17 0.4593890077
v -0.0827020359 -1.997320709e-17 0.4602068407
v -0.08349508285 -2.007032733e-17 0.4621564752
v -0.08267724037 -1.997017051e-17 0.4640958482
v -0.08072760582 -1.973140914e-17 0.4648888857
v -0.1201407051 -2.455812173e-17 0.4651401216
v -0.1182013321 -2.432061703e-17 0.4643222887
v -0.1174082851 -2.422349679e-17 0.4623726541
v -0.1182261276 -2.432365361e-17 0.4604332811
v -0.1201757622 -2.456241498e-17 0.4596402437
v -0.1221151352 -2.479991968e-17 0.4604580766
v -0.1229081726 -2.489703875e-17 0.4624077112
v -0.1220903397 -2.47968831e-17 0.4643470842
v -0.1201407051 -2.455812173e-17 0.4651401216
v -0.1595537949 -2.938483315e-17 0.4653913576
v -0.1576144314 -2.914732962e-17 0.4645735246
v -0.1568213844 -2.905020938e-17 0.4626238901
v -0.1576392174 -2.915036503e-17 0.4606845171
v -0.1595888615 -2.938912757e-17 0.4598914797
v -0.1615282249 -2.96266311e-17 0.4607093126
v -0.1623212814 -2.972375251e-17 0.4626589471
v -0.1615034294 -2.962359452e-17 0.4645983202
v -0.1595537949 -2.938483315e-17 0.4653913576
v -0.1698246574 -3.064265105e-17 0.4654568369
v -0.1766308022 -3.147616338e-17 0.46859536
v -0.183964386 -3.237426838e-17 0.4701421625
v -0.1914583206 -3.329201068e-17 0.4700198061
v -0.1987374878 -3.418345156e-17 0.4682344324
v -0.2054375648 -3.500397435e-17 0.4648753816
v -0.2112231445 -3.571250352e-17 0.4601108247
v -0.2123750305 -3.585356887e-17 0.4610773737
v -0.2173664474 -3.646484114e-17 0.4544888574
v -0.2206735802 -3.686984809e-17 0.4469134981
v -0.222111969 -3.704599992e-17 0.4387738496
v -0.2216013908 -3.698347213e-17 0.4305238611
v -0.2191703224 -3.668575211e-17 0.4226236803
v -0.2149543571 -3.616944528e-17 0.4155139238
v -0.209188633 -3.546334771e-17 0.4095911295
v -0.2021947289 -3.460684148e-17 0.4051856405
v -0.1943627357 -3.364769895e-17 0.4025431711
v -0.1861294365 -3.26394106e-17 0.4018110925
v -0.1779540634 -3.163821615e-17 0.4030302412
v -0.1702925873 -3.069995593e-17 0.40613262
v -0.1635723114 -2.987695949e-17 0.4109451944
v -0.1567622185 -2.904296364e-17 0.4113736231
v -0.1499464703 -2.820827522e-17 0.4117000276
v -0.1431266022 -2.737308225e-17 0.4119243318
v -0.1526039314 -2.853372035e-17 0.4198767549
v -0.1502703476 -2.824793875e-17 0.4198767549
v -0.1425968361 -2.730820462e-17 0.4134379083
v -0.13997262 -2.698683084e-17 0.4134937555
v -0.1373481178 -2.666542202e-17 0.4135345346
v -0.1347234344 -2.634399101e-17 0.4135602457
v -0.1366735077 -2.65828061e-17 0.414352215
v -0.1374924088 -2.668309256e-17 0.4162911493
v -0.1367004395 -2.658610429e-17 0.4182412225
v -0.1347615242 -2.634865566e-17 0.4190601236
v -0.132811451 -2.610984056e-17 0.4182681543
v -0.1319925404 -2.600955294e-17 0.416329239
v -0.1327845097 -2.610654121e-17 0.4143791658
v -0.1347234344 -2.634399101e-17 0.4135602457
v -0.1208945942 -2.465044651e-17 0.4134468538
v -0.10707551 -2.295809679e-17 0.4129152757
v -0.09327881813 -2.126848934e-17 0.4119659502
v -0.09514909744 -2.149753249e-17 0.4129313928
v -0.09578891754 -2.157588786e-17 0.4149365503
v -0.09482348442 -2.14576564e-17 0.4168068201
v -0.09281832695 -2.121209543e-17 0.4174466402
v -0.09094804764 -2.098305228e-17 0.4164812166
v -0.09030822754 -2.090469691e-17 0.4144760591
v -0.0912736702 -2.102292954e-17 0.4126057703
v -0.09327881813 -2.126848934e-17 0.4119659502
v -0.07951715946 -1.958317221e-17 0.4105997926
v -0.06580311298 -1.79036859e-17 0.4088180334
v -0.05214923382 -1.623156796e-17 0.4066223127
v -0.05392432213 -1.644895358e-17 0.4077532655
v -0.05437979221 -1.650473258e-17 0.4098081476
v -0.05324883461 -1.636623022e-17 0.4115832407
v -0.05119395256 -1.611457975e-17 0.4120387155
v -0.04941885948 -1.589719354e-17 0.4109077531
v -0.0489633894 -1.584141454e-17 0.4088528711
v -0.050094347 -1.59799169e-17 0.407077778
v -0.05214923382 -1.623156796e-17 0.4066223127
v -0.04927407265 -1.587946227e-17 0.4061057455
v -0.04640226841 -1.552776768e-17 0.40557082
v -0.04353394508 -1.517649938e-17 0.4050175554
v -0.04289242744 -1.509793613e-17 0.4046793157
v -0.0422437954 -1.501850161e-17 0.4043549234
v -0.04158834934 -1.493823262e-17 0.404044531
v -0.03958992243 -1.469349591e-17 0.3995571024
v -0.03710906267 -1.438967821e-17 0.3953172857
v -0.03417600632 -1.403048241e-17 0.3913767416
v -0.03480279684 -1.410724211e-17 0.3933860094
v -0.03382524252 -1.398752623e-17 0.3952499754
v -0.0318159771 -1.374146218e-17 0.3958767683
v -0.02995200634 -1.35131916e-17 0.3948992139
v -0.02932521343 -1.343643161e-17 0.3928899461
v -0.03030277014 -1.355614778e-17 0.3910259802
v -0.03231203318 -1.380221153e-17 0.3903991872
v -0.03417600632 -1.403048241e-17 0.3913767416
v -0.02844320774 -1.332841706e-17 0.3856534559
v -0.021767869 -1.251092384e-17 0.3810642511
v -0.01437119007 -1.160509192e-17 0.3777612096
v -0.00649828434 -1.064093904e-17 0.3758537752
v 0.001589959561 -9.650414844e-18 0.3754051668
v 0.009625515937 -8.666343004e-18 0.3764302427
v 0.007552784085 -8.920179447e-18 0.3767960149
v 0.006345784068 -9.067994318e-18 0.3785203058
v 0.006711559891 -9.023199699e-18 0.3805930311
v 0.008435845375 -8.812035629e-18 0.3818000299
v 0.01050857782 -8.558199113e-18 0.3814342577
v 0.01171557784 -8.410384242e-18 0.3797099764
v 0.01134980202 -8.455178861e-18 0.3776372415
v 0.009625515937 -8.666343004e-18 0.3764302427
v 0.01734210491 -7.721333405e-18 0.378895033
v 0.02448401689 -6.84670144e-18 0.3827178651
v 0.0308145833 -6.071430652e-18 0.3877720529
v 0.03612402678 -5.421211356e-18 0.3938901216
v 0.04023640156 -4.917590695e-18 0.4008693296
v 0.04301543236 -4.577257577e-18 0.4084784013
v 0.04173876762 -4.733603915e-18 0.4068050367
v 0.03965278387 -4.989063248e-18 0.4065245325
v 0.037979424 -5.193990729e-18 0.4078012067
v 0.03769891977 -5.228342589e-18 0.4098871881
v 0.03897558689 -5.071995959e-18 0.4115605432
v 0.04106156826 -4.816536919e-18 0.411841057
v 0.04273492813 -4.611609438e-18 0.4105643922
v 0.04301543236 -4.577257577e-18 0.4084784013
v 0.04436903477 -4.411489092e-18 0.4164651758
v 0.04425234795 -4.425779106e-18 0.4245650179
v 0.04266923904 -4.619654031e-18 0.4325094873
v 0.0396721673 -4.986689462e-18 0.440035351
v 0.03536045074 -5.51472245e-18 0.4468932039
v 0.02987697363 -6.18625472e-18 0.4528557855
v 0.0307772994 -6.075996612e-18 0.4509533006
v 0.0300686717 -6.162778477e-18 0.4489714319
v 0.02816619635 -6.395764512e-18 0.448071087
v 0.0261843133 -6.638475186e-18 0.4487797243
v 0.02528398514 -6.748733586e-18 0.4506822092
v 0.02599261284 -6.661951721e-18 0.4526640779
v 0.02789509058 -6.428965393e-18 0.4535644037
v 0.02987697363 -6.18625472e-18 0.4528557855
v 0.02310140371 -7.016022721e-18 0.4579106218
v 0.01549219251 -7.947882336e-18 0.4615929681
v 0.00732392788 -8.948206249e-18 0.4637699205
v -0.001108630448 -9.980896805e-18 0.4643629343
v -0.009501182436 -1.1008688e-17 0.4633506281
v -0.01011960387 -1.108442278e-17 0.4637294466
v -0.01074601531 -1.116113606e-17 0.4640949136
v -0.01138012648 -1.123879228e-17 0.4644468385
v -0.0179722631 -1.204609618e-17 0.4644888574
v -0.01759325862 -1.199968152e-17 0.464955166
v -0.01725893378 -1.195873853e-17 0.4654544717
v 0.04669062138 -4.127176731e-18 0.4426981432
v 0.04753777027 -4.023430912e-18 0.4444572527
v 0.04944129467 -3.790316406e-18 0.4448917276
v 0.05096779823 -3.603373636e-18 0.4436743814
v 0.05096779823 -3.603373636e-18 0.4417219049
v 0.04944129467 -3.790316406e-18 0.4405045587
v 0.04753777027 -4.023430912e-18 0.4409390146
v 0.02057138681 -7.325860431e-18 0.3709361345
v 0.02141853332 -7.222114905e-18 0.3726952535
v 0.02332205772 -6.989000398e-18 0.3731297189
v 0.02484856605 -6.802057044e-18 0.3719123727
v 0.02484856605 -6.802057044e-18 0.3699598962
v 0.02332205772 -6.989000398e-18 0.3687425405
v 0.02141853332 -7.222114905e-18 0.3691770155
v -0.05119061947 -1.611417156e-17 0.3970553667
v -0.05034347057 -1.601042574e-17 0.3988144857
v -0.04843994617 -1.577731124e-17 0.3992489511
v -0.04691344261 -1.559036847e-17 0.3980316049
v -0.04691344261 -1.559036847e-17 0.3960791284
v -0.04843994617 -1.577731124e-17 0.3948617822
v -0.05034347057 -1.601042574e-17 0.3952962476
v -0.01697214723 -1.192361731e-17 0.4659825212
v -0.01697214723 -0.008000000119 0.4659825212
v -0.0002626018221 -0.008000000119 0.4658759958
v -0.0002626018221 -9.877288181e-18 0.4658759958
v -0.01697214723 -0.008000000119 0.4659825212
v -0.01725893378 -0.008000000119 0.4654544717
v -0.01759325862 -0.008000000119 0.464955166
v -0.0179722631 -0.008000000119 0.4644888574
v -0.01138012648 -0.008000000119 0.4644468385
v -0.01074601531 -0.008000000119 0.4640949136
v -0.01011960387 -0.008000000119 0.4637294466
v -0.009501182436 -0.008000000119 0.4633506281
v -0.001108630448 -0.008000000119 0.4643629343
v 0.00732392788 -0.008000000119 0.4637699205
v 0.01549219251 -0.008000000119 0.4615929681
v 0.02310140371 -0.008000000119 0.4579106218
v 0.02987697363 -0.008000000119 0.4528557855
v 0.03536045074 -0.008000000119 0.4468932039
v 0.0396721673 -0.008000000119 0.440035351
v 0.04266923904 -0.008000000119 0.4325094873
v 0.04425234795 -0.008000000119 0.4245650179
v 0.04436903477 -0.008000000119 0.4164651758
v 0.04301543236 -0.008000000119 0.4084784013
v 0.04023640156 -0.008000000119 0.4008693296
v 0.03612402678 -0.008000000119 0.3938901216
v 0.0308145833 -0.008000000119 0.3877720529
v 0.02448401689 -0.008000000119 0.3827178651
v 0.01734210491 -0.008000000119 0.378895033
v 0.009625515937 -0.008000000119 0.3764302427
v 0.001589959561 -0.008000000119 0.3754051668
v -0.00649828434 -0.008000000119 0.3758537752
v -0.01437119007 -0.008000000119 0.3777612096
v -0.021767869 -0.008000000119 0.3810642511
v -0.02844320774 -0.008000000119 0.3856534559
v -0.03417600632 -0.008000000119 0.3913767416
v -0.03710906267 -0.008000000119 0.3953172857
v -0.03958992243 -0.008000000119 0.3995571024
v -0.04158834934 -0.008000000119 0.404044531
v -0.0422437954 -0.008000000119 0.4043549234
v -0.04289242744 -0.008000000119 0.4046793157
v -0.04353394508 -0.008000000119 0.4050175554
v -0.04640226841 -0.008000000119 0.40557082
v -0.04927407265 -0.008000000119 0.4061057455
v -0.05214923382 -0.008000000119 0.4066223127
v -0.06580311298 -0.008000000119 0.4088180334
v -0.07951715946 -0.008000000119 0.4105997926
v -0.09327881813 -0.008000000119 0.4119659502
v -0.10707551 -0.008000000119 0.4129152757
v -0.1208945942 -0.008000000119 0.4134468538
v -0.1347234344 -0.008000000119 0.4135602457
v -0.1373481178 -0.008000000119 0.4135345346
v -0.13997262 -0.008000000119 0.4134937555
v -0.1425968361 -0.008000000119 0.4134379083
v -0.1502703476 -0.008000000119 0.4198767549
v -0.1526039314 -0.008000000119 0.4198767549
v -0.1431266022 -0.008000000119 0.4119243318
v -0.1179399872 -0.008000000119 0.4118677026
v -0.09279497147 -0.008000000119 0.4104196054
v -0.06776836872 -0.008000000119 0.4075844366
v -0.04293664455 -0.008000000119 0.4033708555
v -0.03862278938 -0.008000000119 0.3948911554
v -0.03265679359 -0.008000000119 0.3874802381
v -0.02529386044 -0.008000000119 0.3814551336
v -0.01684895039 -0.008000000119 0.3770735628
v -0.007683304549 -0.008000000119 0.3745229513
v 0.001811005175 -0.008000000119 0.3739124185
v 0.01122784734 -0.008000000119 0.375268057
v 0.02016440153 -0.008000000119 0.3785319025
v 0.02823839903 -0.008000000119 0.3835643179
v 0.0351044631 -0.008000000119 0.3901500494
v 0.04046888351 -0.008000000119 0.3980073816
v 0.04410219669 -0.008000000119 0.4068002016
v 0.04584897995 -0.008000000119 0.4161523897
v 0.0456345129 -0.008000000119 0.4256638986
v 0.04346797466 -0.008000000119 0.4349278528
v 0.039442029 -0.008000000119 0.4435479623
v 0.03372890234 -0.008000000119 0.4511555177
v 0.0265729785 -0.008000000119 0.4574250871
v 0.01828035831 -0.008000000119 0.4620884592
v 0.009205772877 -0.008000000119 0.4649461824
v -0.0002626018221 -0.008000000119 0.4658759958
v -0.0179722631 -0.008000000119 0.4644888574
v -0.0179722631 -1.204609618e-17 0.4644888574
v -0.01138012648 -1.123879228e-17 0.4644468385
v -0.01138012648 -0.008000000119 0.4644468385
v -0.05119061947 0.008000000119 0.3970553667
v -0.05034347057 0.008000000119 0.3988144857
v -0.04843994617 0.008000000119 0.3992489511
v -0.04691344261 0.008000000119 0.3980316049
v -0.04691344261 0.008000000119 0.3960791284
v -0.04843994617 0.008000000119 0.3948617822
v -0.05034347057 0.008000000119 0.3952962476
v -0.05119061947 -1.611417156e-17 0.3970553667
v -0.05034347057 -1.601042574e-17 0.3952962476
v -0.04843994617 -1.577731124e-17 0.3948617822
v -0.04691344261 -1.559036847e-17 0.3960791284
v -0.04691344261 -1.559036847e-17 0.3980316049
v -0.04843994617 -1.577731124e-17 0.3992489511
v -0.05034347057 -1.601042574e-17 0.3988144857
v -0.05119061947 0.008000000119 0.3970553667
v -0.05119061947 -1.611417156e-17 0.3970553667
v -0.02870628834 -0.008000000119 0.4660573084
v -0.02870628834 -1.336063515e-17 0.4660573084
v -0.03033399105 -1.355997124e-17 0.4660676843
v -0.03033399105 0.008000000119 0.4660676843
v -0.03993401289 0.008000000119 0.4661288911
v -0.05312186718 0.004629146159 0.466212948
v -0.05989972115 0.003442315161 0.4662561494
v -0.06670562744 0.003000000119 0.4662995416
v -0.1364141083 0.003000000119 0.4667438966
v -0.1397021675 0.003330391645 0.4667648584
v -0.1428179741 0.00428083688 0.4667847139
v -0.1457616138 0.005876984 0.4668034822
v -0.1482106876 0.008000000119 0.4668190843
v -0.1694066048 0.008000000119 0.4669542009
v -0.1694066048 -0.008000000119 0.4669542009
v 0.02057138681 0.008000000119 0.3709361345
v 0.02141853332 0.008000000119 0.3726952535
v 0.02332205772 0.008000000119 0.3731297189
v 0.02484856605 0.008000000119 0.3719123727
v 0.02484856605 0.008000000119 0.3699598962
v 0.02332205772 0.008000000119 0.3687425405
v 0.02141853332 0.008000000119 0.3691770155
v 0.02057138681 -7.325860431e-18 0.3709361345
v 0.02141853332 -7.222114905e-18 0.3691770155
v 0.02332205772 -6.989000398e-18 0.3687425405
v 0.02484856605 -6.802057044e-18 0.3699598962
v 0.02484856605 -6.802057044e-18 0.3719123727
v 0.02332205772 -6.989000398e-18 0.3731297189
v 0.02141853332 -7.222114905e-18 0.3726952535
v 0.02057138681 0.008000000119 0.3709361345
v 0.02057138681 -7.325860431e-18 0.3709361345
v -0.03317260027 -0.01270399094 0.433861683
v -0.03250359297 -0.01414691329 0.433861683
v -0.03099066734 -0.01470399022 0.433861683
v -0.03017541647 -0.01470399022 0.433861683
v -0.03017541647 -1.354055145e-17 0.433861683
v -0.03533300877 -1.417217434e-17 0.433861683
v -0.03383342504 -0.0005624476075 0.433861683
v -0.03317260027 -0.00200000003 0.433861683
v -0.02772529602 -0.008000000119 0.464551037
v -0.02809832573 -0.008000000119 0.465022133
v -0.02842625856 -0.008000000119 0.465525654
v -0.02870628834 -0.008000000119 0.4660573084
v -0.1694066048 -0.008000000119 0.4669542009
v -0.1765069199 -0.008000000119 0.4701324922
v -0.184133873 -0.008000000119 0.4716639215
v -0.1919107246 -0.008000000119 0.4714728433
v -0.1994532776 -0.008000000119 0.46956868
v -0.2063889122 -0.008000000119 0.4660455209
v -0.2123750305 -0.008000000119 0.4610773737
v -0.2112231445 -0.008000000119 0.4601108247
v -0.2054375648 -0.008000000119 0.4648753816
v -0.1987374878 -0.008000000119 0.4682344324
v -0.1914583206 -0.008000000119 0.4700198061
v -0.183964386 -0.008000000119 0.4701421625
v -0.1766308022 -0.008000000119 0.46859536
v -0.1698246574 -0.008000000119 0.4654568369
v -0.1595537949 -0.008000000119 0.4653913576
v -0.1201407051 -0.008000000119 0.4651401216
v -0.08072760582 -0.008000000119 0.4648888857
v -0.0413145113 -0.008000000119 0.4646376497
v -0.01502070665 0.008000000119 0.467042721
v -0.005949746966 0.008000000119 0.4690178758
v 0.003330485821 0.008000000119 0.4692645914
v 0.01249357343 0.008000000119 0.467774151
v 0.02121721983 0.008000000119 0.4645990068
v 0.02919458628 0.008000000119 0.459850815
v 0.03614507914 0.008000000119 0.4536966211
v 0.04182422638 0.008000000119 0.446352852
v 0.04441939354 0.008000000119 0.4492980272
v 0.04810310841 0.008000000119 0.4506541711
v 0.05198846817 0.008000000119 0.450094803
v 0.0551400137 0.008000000119 0.4477545816
v 0.05679896832 0.008000000119 0.4441969377
v 0.05656590939 0.008000000119 0.4402784425
v 0.05449696064 0.008000000119 0.4369425279
v 0.05109023571 0.008000000119 0.4349923593
v 0.04716596603 0.008000000119 0.4348974496
v 0.04914113045 0.008000000119 0.4258265001
v 0.04938783169 0.008000000119 0.4165462572
v 0.04789739609 0.008000000119 0.4073831827
v 0.04472224712 0.008000000119 0.3986595327
v 0.0399740696 0.008000000119 0.390682171
v 0.0338198638 0.008000000119 0.3837316686
v 0.02647610187 0.008000000119 0.3780525285
v 0.02942127228 0.008000000119 0.3754573614
v 0.03077742577 0.008000000119 0.3717736417
v 0.03021805048 0.008000000119 0.3678882867
v 0.02787781954 0.008000000119 0.3647367365
v 0.0243201828 0.008000000119 0.3630777818
v 0.02040168762 0.008000000119 0.3633108408
v 0.01706577063 0.008000000119 0.3653797895
v 0.01511559963 0.008000000119 0.3687865144
v 0.01502070665 0.008000000119 0.3727107889
v 0.005949746966 0.008000000119 0.3707356245
v -0.003330485821 0.008000000119 0.3704889185
v -0.01249357343 0.008000000119 0.3719793588
v -0.02121721983 0.008000000119 0.375154503
v -0.02919458628 0.008000000119 0.3799026853
v -0.03614507914 0.008000000119 0.3860568887
v -0.04182422638 0.008000000119 0.3934006483
v -0.04441939354 0.008000000119 0.3904554826
v -0.04810310841 0.008000000119 0.3890993292
v -0.05198846817 0.008000000119 0.3896587068
v -0.0551400137 0.008000000119 0.3919989282
v -0.05679896832 0.008000000119 0.3955565721
v -0.05656590939 0.008000000119 0.3994750673
v -0.05449696064 0.008000000119 0.4028109819
v -0.05109023571 0.008000000119 0.4047611505
v -0.04716596603 0.008000000119 0.4048560411
v -0.04747925758 0.008000000119 0.4058778173
v -0.04777041435 0.008000000119 0.4069061166
v -0.04803930759 0.008000000119 0.4079404623
v -0.04836071491 0.008000000119 0.4081904775
v -0.04867908478 0.008000000119 0.4084443361
v -0.04899437428 0.008000000119 0.4087020189
v -0.04921073914 0.008000000119 0.4105579836
v -0.05056321144 0.008000000119 0.4118472559
v -0.05242739677 0.008000000119 0.4119746095
v -0.05372870445 0.008000000119 0.4134901125
v -0.05493816853 0.008000000119 0.4150798685
v -0.05605156899 0.008000000119 0.4167383272
v -0.05928095341 0.008000000119 0.4233891374
v -0.06098631382 0.008000000119 0.4305831606
v -0.06108597279 0.008000000119 0.4379758722
v -0.0595751667 0.008000000119 0.4452132684
v -0.05652623653 0.008000000119 0.4519487077
v -0.05208520412 0.008000000119 0.4578596765
v -0.04646474361 0.008000000119 0.4626630861
v -0.03993401289 0.008000000119 0.4661288911
v -0.03033399105 0.008000000119 0.4660676843
v -0.03076977253 0.008000000119 0.4697246439
v -0.0295210886 0.008000000119 0.4731893236
v -0.02685256481 0.008000000119 0.4757274896
v -0.02332973242 0.008000000119 0.4768012125
v -0.0196991694 0.008000000119 0.4761829454
v -0.01673028231 0.008000000119 0.4740037424
v -0.01505225539 0.008000000119 0.4707254106
v 0.04076871872 0.008000000119 0.4377138406
v 0.03993856192 0.008000000119 0.4385194856
v 0.03889574289 0.008000000119 0.4390202219
v 0.0377479434 0.008000000119 0.4391643793
v 0.03724062681 0.008000000119 0.4392399103
v 0.03679455757 0.008000000119 0.4394930917
v 0.03646960974 0.008000000119 0.4398899347
v 0.03206008196 0.008000000119 0.4463854486
v 0.02650869846 0.008000000119 0.451936825
v 0.02001318216 0.008000000119 0.456346367
v 0.01961633802 0.008000000119 0.456671303
v 0.01936316013 0.008000000119 0.4571173746
v 0.0192876327 0.008000000119 0.4576246912
v 0.01914347649 0.008000000119 0.4587724954
v 0.01864272475 0.008000000119 0.4598153192
v 0.01783708215 0.008000000119 0.4606454736
v 0.01729938746 0.008000000119 0.4608765299
v 0.0167587018 0.008000000119 0.4611004907
v 0.01621511698 0.008000000119 0.4613173181
v 0.01505843043 0.008000000119 0.4612999803
v 0.01396696091 0.008000000119 0.4609166795
v 0.01305341125 0.008000000119 0.4602069933
v 0.01264127731 0.008000000119 0.4599016649
v 0.01214683533 0.008000000119 0.4597652704
v 0.01163645148 0.008000000119 0.4598161203
v 0.01040827513 0.008000000119 0.4601536447
v 0.009170340896 0.008000000119 0.4604534036
v 0.00792380929 0.008000000119 0.46071513
v 0.00775749147 0.008000000119 0.4607897073
v 0.007641528845 0.008000000119 0.4609303362
v 0.007599999905 0.008000000119 0.4611078149
v 0.007599999905 0.008000000119 0.4619510919
v 0.007421855331 0.008000000119 0.4626847917
v 0.00692709148 0.008000000119 0.4632551271
v 0.006225882173 0.008000000119 0.4635350687
v 0.002081476748 0.008000000119 0.463927601
v -0.002081476748 0.008000000119 0.463927601
v -0.006225882172 0.008000000119 0.4635350687
v -0.006927091479 0.008000000119 0.4632551271
v -0.00742185533 0.008000000119 0.4626847917
v -0.007599999904 0.008000000119 0.4619510919
v -0.007599999904 0.008000000119 0.4611078149
v -0.007641528844 0.008000000119 0.4609303362
v -0.007757491469 0.008000000119 0.4607897073
v -0.007923809289 0.008000000119 0.46071513
v -0.009170340895 0.008000000119 0.4604534036
v -0.01040827513 0.008000000119 0.4601536447
v -0.01163645148 0.008000000119 0.4598161203
v -0.01214683533 0.008000000119 0.4597652704
v -0.01264127731 0.008000000119 0.4599016649
v -0.01305341124 0.008000000119 0.4602069933
v -0.01396696091 0.008000000119 0.4609166795
v -0.01505843043 0.008000000119 0.4612999803
v -0.01621511698 0.008000000119 0.4613173181
v -0.0167587018 0.008000000119 0.4611004907
v -0.01729938745 0.008000000119 0.4608765299
v -0.01783708215 0.008000000119 0.4606454736
v -0.01864272475 0.008000000119 0.4598153192
v -0.01914347649 0.008000000119 0.4587724954
v -0.0192876327 0.008000000119 0.4576246912
v -0.01936316013 0.008000000119 0.4571173746
v -0.01961633801 0.008000000119 0.456671303
v -0.02001318216 0.008000000119 0.456346367
v -0.02650869846 0.008000000119 0.451936825
v -0.03206008196 0.008000000119 0.4463854486
v -0.03646960974 0.008000000119 0.4398899347
v -0.03679455757 0.008000000119 0.4394930917
v -0.03724062681 0.008000000119 0.4392399103
v -0.0377479434 0.008000000119 0.4391643793
v -0.03889574289 0.008000000119 0.4390202219
v -0.03993856192 0.008000000119 0.4385194856
v -0.04076871872 0.008000000119 0.4377138406
v -0.04099977016 0.008000000119 0.43717614
v -0.04122373104 0.008000000119 0.4366354448
v -0.04144055843 0.008000000119 0.4360918695
v -0.0414232254 0.008000000119 0.434935177
v -0.04103992462 0.008000000119 0.4338437158
v -0.04033024311 0.008000000119 0.4329301721
v -0.04002491951 0.008000000119 0.4325180322
v -0.03988852739 0.008000000119 0.4320235902
v -0.03993936539 0.008000000119 0.4315132028
v -0.04141438484 0.008000000119 0.4238021738
v -0.04141438484 0.008000000119 0.4159513361
v -0.03993936539 0.008000000119 0.4082402975
v -0.03988852739 0.008000000119 0.4077299196
v -0.04002491951 0.008000000119 0.4072354776
v -0.04033024311 0.008000000119 0.4068233377
v -0.04103992462 0.008000000119 0.405909794
v -0.0414232254 0.008000000119 0.4048183233
v -0.04144055843 0.008000000119 0.4036616308
v -0.04122373104 0.008000000119 0.403118046
v -0.04099977016 0.008000000119 0.4025773603
v -0.04076871872 0.008000000119 0.4020396692
v -0.03993856192 0.008000000119 0.4012340242
v -0.03889574289 0.008000000119 0.4007332784
v -0.0377479434 0.008000000119 0.400589121
v -0.03724062681 0.008000000119 0.40051359
v -0.03679455757 0.008000000119 0.4002604181
v -0.03646960974 0.008000000119 0.3998635656
v -0.03206008196 0.008000000119 0.3933680517
v -0.02650869846 0.008000000119 0.3878166658
v -0.02001318216 0.008000000119 0.3834071428
v -0.01961633802 0.008000000119 0.3830821973
v -0.01936316013 0.008000000119 0.3826361257
v -0.0192876327 0.008000000119 0.3821288091
v -0.01914347649 0.008000000119 0.3809810049
v -0.01864272475 0.008000000119 0.3799381906
v -0.01783708215 0.008000000119 0.3791080362
v -0.01729938746 0.008000000119 0.37887698
v -0.0167587018 0.008000000119 0.3786530191
v -0.01621511698 0.008000000119 0.3784361917
v -0.01505843043 0.008000000119 0.3784535295
v -0.01396696091 0.008000000119 0.3788368303
v -0.01305341125 0.008000000119 0.379546507
v -0.01264127731 0.008000000119 0.3798518354
v -0.01214683533 0.008000000119 0.3799882299
v -0.01163645148 0.008000000119 0.3799373895
v -0.003925420046 0.008000000119 0.3784623701
v 0.003925420045 0.008000000119 0.3784623701
v 0.01163645148 0.008000000119 0.3799373895
v 0.01214683533 0.008000000119 0.3799882299
v 0.01264127731 0.008000000119 0.3798518354
v 0.01305341124 0.008000000119 0.379546507
v 0.01396696091 0.008000000119 0.3788368303
v 0.01505843043 0.008000000119 0.3784535295
v 0.01621511698 0.008000000119 0.3784361917
v 0.0167587018 0.008000000119 0.3786530191
v 0.01729938745 0.008000000119 0.37887698
v 0.01783708215 0.008000000119 0.3791080362
v 0.01864272475 0.008000000119 0.3799381906
v 0.01914347649 0.008000000119 0.3809810049
v 0.0192876327 0.008000000119 0.3821288091
v 0.01936316013 0.008000000119 0.3826361257
v 0.01961633801 0.008000000119 0.3830821973
v 0.02001318216 0.008000000119 0.3834071428
v 0.02650869846 0.008000000119 0.3878166658
v 0.03206008196 0.008000000119 0.3933680517
v 0.03646960974 0.008000000119 0.3998635656
v 0.03679455757 0.008000000119 0.4002604181
v 0.03724062681 0.008000000119 0.40051359
v 0.0377479434 0.008000000119 0.400589121
v 0.03889574289 0.008000000119 0.4007332784
v 0.03993856192 0.008000000119 0.4012340242
v 0.04076871872 0.008000000119 0.4020396692
v 0.04099977016 0.008000000119 0.4025773603
v 0.04122373104 0.008000000119 0.403118046
v 0.04144055843 0.008000000119 0.4036616308
v 0.0414232254 0.008000000119 0.4048183233
v 0.04103992462 0.008000000119 0.405909794
v 0.04033024311 0.008000000119 0.4068233377
v 0.04002491951 0.008000000119 0.4072354776
v 0.03988852739 0.008000000119 0.4077299196
v 0.03993936539 0.008000000119 0.4082402975
v 0.04141438484 0.008000000119 0.4159513361
v 0.04141438484 0.008000000119 0.4238021738
v 0.03993936539 0.008000000119 0.4315132028
v 0.03988852739 0.008000000119 0.4320235902
v 0.04002491951 0.008000000119 0.4325180322
v 0.04033024311 0.008000000119 0.4329301721
v 0.04103992462 0.008000000119 0.4338437158
v 0.0414232254 0.008000000119 0.434935177
v 0.04144055843 0.008000000119 0.4360918695
v 0.04122373104 0.008000000119 0.4366354448
v 0.04099977016 0.008000000119 0.43717614
v -0.03858203888 0.008000000119 0.4618877107
v -0.03938749552 0.008000000119 0.4638322527
v -0.04133203983 0.008000000119 0.4646377069
v -0.04327658176 0.008000000119 0.4638322527
v -0.04408204079 0.008000000119 0.4618877107
v -0.04327658176 0.008000000119 0.4599431688
v -0.04133203983 0.008000000119 0.4591377145
v -0.03938749552 0.008000000119 0.4599431688
v -0.02507138729 0.008000000119 0.4688173753
v -0.0242242384 0.008000000119 0.4670582468
v -0.022320714 0.008000000119 0.4666237909
v -0.02079420567 0.008000000119 0.4678411371
v -0.02079420567 0.008000000119 0.4697936136
v -0.022320714 0.008000000119 0.4710109598
v -0.0242242384 0.008000000119 0.4705764848
v 0.04669062138 0.008000000119 0.4426981432
v 0.04753777027 0.008000000119 0.4409390146
v 0.04944129467 0.008000000119 0.4405045587
v 0.05096779823 0.008000000119 0.4417219049
v 0.05096779823 0.008000000119 0.4436743814
v 0.04944129467 0.008000000119 0.4448917276
v 0.04753777027 0.008000000119 0.4444572527
v 0.02057138681 0.008000000119 0.3709361345
v 0.02141853332 0.008000000119 0.3691770155
v 0.02332205772 0.008000000119 0.3687425405
v 0.02484856605 0.008000000119 0.3699598962
v 0.02484856605 0.008000000119 0.3719123727
v 0.02332205772 0.008000000119 0.3731297189
v 0.02141853332 0.008000000119 0.3726952535
v -0.05119061947 0.008000000119 0.3970553667
v -0.05034347057 0.008000000119 0.3952962476
v -0.04843994617 0.008000000119 0.3948617822
v -0.04691344261 0.008000000119 0.3960791284
v -0.04691344261 0.008000000119 0.3980316049
v -0.04843994617 0.008000000119 0.3992489511
v -0.05034347057 0.008000000119 0.3988144857
v 0.04669062138 0.008000000119 0.4426981432
v 0.04753777027 0.008000000119 0.4444572527
v 0.04944129467 0.008000000119 0.4448917276
v 0.05096779823 0.008000000119 0.4436743814
v 0.05096779823 0.008000000119 0.4417219049
v 0.04944129467 0.008000000119 0.4405045587
v 0.04753777027 0.008000000119 0.4409390146
v 0.04669062138 -4.127176731e-18 0.4426981432
v 0.04753777027 -4.023430912e-18 0.4409390146
v 0.04944129467 -3.790316406e-18 0.4405045587
v 0.05096779823 -3.603373636e-18 0.4417219049
v 0.05096779823 -3.603373636e-18 0.4436743814
v 0.04944129467 -3.790316406e-18 0.4448917276
v 0.04753777027 -4.023430912e-18 0.4444572527
v 0.04669062138 0.008000000119 0.4426981432
v 0.04669062138 -4.127176731e-18 0.4426981432
v -0.03612905979 0.00150000006 0.4041867334
v -0.03700406075 0.00150000006 0.4026711828
v -0.03875406027 0.00150000006 0.4026711828
v -0.03962906122 0.00150000006 0.4041867334
v -0.03875406027 0.00150000006 0.4057022745
v -0.03700406075 0.00150000006 0.4057022745
v -0.03612905979 -1.426966248e-17 0.4041867334
v -0.03700406075 -1.437681919e-17 0.4057022745
v -0.03875406027 -1.459113232e-17 0.4057022745
v -0.03962906122 -1.469828903e-17 0.4041867334
v -0.03875406027 -1.459113232e-17 0.4026711828
v -0.03700406075 -1.437681919e-17 0.4026711828
v -0.03612905979 -1.426966248e-17 0.4041867334
v -0.03612905979 0.00150000006 0.4041867334
v -0.03017541647 -0.01470399022 0.433861683
v -0.02911663771 -0.01470399022 0.4336686403
v -0.02819411993 -0.01470399022 0.4331143457
v -0.02752659082 -0.01470399022 0.4322701341
v -0.02752659082 -1.321616387e-17 0.4322701341
v -0.02819411993 -1.329791261e-17 0.4331143457
v -0.02911663771 -1.341088845e-17 0.4336686403
v -0.03017541647 -1.354055145e-17 0.433861683
v 0.03533300877 -5.518083123e-18 0.433861683
v 0.03383342505 -0.0005624476075 0.433861683
v 0.03317260027 -0.00200000003 0.433861683
v 0.03549776316 -0.00200000003 0.4258691484
v 0.03592513323 -0.00200000003 0.4175562364
v 0.03443186283 -0.00200000003 0.4093673879
v 0.03109778643 -0.00200000003 0.4017403871
v 0.02610114813 -0.00200000003 0.3950830061
v 0.01970908523 -0.00200000003 0.3897511465
v 0.01226332784 -0.00200000003 0.3860298807
v 0.004161944985 -0.00200000003 0.3841181451
v -0.004161944986 -0.00200000003 0.3841181451
v -0.01226332784 -0.00200000003 0.3860298807
v -0.01970908523 -0.00200000003 0.3897511465
v -0.02610114813 -0.00200000003 0.3950830061
v -0.03109778643 -0.00200000003 0.4017403871
v -0.03443186283 -0.00200000003 0.4093673879
v -0.03592513323 -0.00200000003 0.4175562364
v -0.03549776316 -0.00200000003 0.4258691484
v -0.03317260027 -0.00200000003 0.433861683
v -0.03383342504 -0.0005624476075 0.433861683
v -0.03533300877 -1.417217434e-17 0.433861683
v -0.03758601189 -1.444808765e-17 0.4254706651
v -0.03787419558 -1.448337997e-17 0.4167871935
v -0.03618249416 -1.42762063e-17 0.4082652456
v -0.03259934425 -1.383739699e-17 0.4003502924
v -0.02731205463 -1.318989076e-17 0.3934560854
v -0.0205970192 -1.23675361e-17 0.3879430277
v -0.01280526876 -1.141332187e-17 0.3840993101
v -0.004344119728 -1.037712996e-17 0.3821258718
v 0.004344119727 -9.313127501e-18 0.3821258718
v 0.01280526876 -8.276935592e-18 0.3840993101
v 0.0205970192 -7.32272137e-18 0.3879430277
v 0.02731205463 -6.500366704e-18 0.3934560854
v 0.03259934425 -5.852860473e-18 0.4003502924
v 0.03618249416 -5.414051166e-18 0.4082652456
v 0.03787419558 -5.206877494e-18 0.4167871935
v 0.03758601189 -5.242169817e-18 0.4254706651
v 0.03599398613 -0.0005857864395 0.4264305765
v 0.03655831575 -0.0005857864395 0.4184592325
v 0.03537844181 -0.0005857864395 0.410555504
v 0.03251065731 -0.0005857864395 0.4030964929
v 0.02809178591 -0.0005857864395 0.3964380819
v 0.02233265161 -0.0005857864395 0.3908979208
v 0.01550802231 -0.0005857864395 0.386740349
v 0.007943503856 -0.0005857864395 0.3841637212
v -4.03562388e-13 -0.0005857864395 0.3832909662
v -0.007943503857 -0.0005857864395 0.3841637212
v -0.01550802231 -0.0005857864395 0.386740349
v -0.02233265162 -0.0005857864395 0.3908979208
v -0.02809178591 -0.0005857864395 0.3964380819
v -0.03251065731 -0.0005857864395 0.4030964929
v -0.03537844181 -0.0005857864395 0.410555504
v -0.03655831575 -0.0005857864395 0.4184592325
v -0.03599398613 -0.0005857864395 0.4264305765
v -0.03099066734 -0.01470399022 0.433861683
v -0.03339305878 -0.01470399022 0.4262723428
v -0.03396490812 -0.01470399022 0.4183324129
v -0.03267486811 -0.01470399022 0.410477131
v -0.02959365845 -0.01470399022 0.4031371195
v -0.02489018202 -0.01470399022 0.3967147428
v -0.01882227421 -0.01470399022 0.3915620596
v -0.01172256708 -0.01470399022 0.3879615289
v -0.003980252147 -0.01470399022 0.3861105329
v 0.003980252146 -0.01470399022 0.3861105329
v 0.01172256708 -0.01470399022 0.3879615289
v 0.01882227421 -0.01470399022 0.3915620596
v 0.02489018202 -0.01470399022 0.3967147428
v 0.02959365845 -0.01470399022 0.4031371194
v 0.03267486811 -0.01470399022 0.410477131
v 0.03396490812 -0.01470399022 0.4183324129
v 0.03339305878 -0.01470399022 0.4262723428
v 0.03099066734 -0.01470399022 0.433861683
v 0.03017541647 -0.01470399022 0.433861683
v 0.02911663771 -0.01470399022 0.4336686403
v 0.02819411993 -0.01470399022 0.4331143457
v 0.02752659082 -0.01470399022 0.4322701341
v 0.02523622513 -0.01470399022 0.4279627306
v 0.02647731543 -0.01470399022 0.4209730035
v 0.02581828117 -0.01470399022 0.4139046175
v 0.02330641747 -0.01470399022 0.4072648126
v 0.01912198663 -0.01470399022 0.4015301019
v 0.01356528163 -0.01470399022 0.3971120149
v 0.007035073638 -0.01470399022 0.3943276292
v -2.923577955e-13 -0.01470399022 0.3933767492
v -0.007035073638 -0.01470399022 0.3943276292
v -0.01356528163 -0.01470399022 0.3971120149
v -0.01912198663 -0.01470399022 0.4015301019
v -0.02330641747 -0.01470399022 0.4072648126
v -0.02581828117 -0.01470399022 0.4139046175
v -0.02647731543 -0.01470399022 0.4209730035
v -0.02523622513 -0.01470399022 0.4279627306
v -0.02752659082 -0.01470399022 0.4322701341
v -0.02819411993 -0.01470399022 0.4331143457
v -0.02911663771 -0.01470399022 0.4336686403
v -0.03017541647 -0.01470399022 0.433861683
v -0.02772529602 -1.324049824e-17 0.464551037
v -0.02772529602 -0.008000000119 0.464551037
v -0.0413145113 -0.008000000119 0.4646376497
v -0.0413145113 -1.490469713e-17 0.4646376497
v -0.2112231445 -3.571250352e-17 0.4601108247
v -0.2054375648 -3.500397435e-17 0.4648753816
v -0.1987374878 -3.418345156e-17 0.4682344324
v -0.1914583206 -3.329201068e-17 0.4700198061
v -0.183964386 -3.237426838e-17 0.4701421625
v -0.1766308022 -3.147616338e-17 0.46859536
v -0.1698246574 -3.064265105e-17 0.4654568369
v -0.1698246574 -0.008000000119 0.4654568369
v -0.1766308022 -0.008000000119 0.46859536
v -0.183964386 -0.008000000119 0.4701421625
v -0.1914583206 -0.008000000119 0.4700198061
v -0.1987374878 -0.008000000119 0.4682344324
v -0.2054375648 -0.008000000119 0.4648753816
v -0.2112231445 -0.008000000119 0.4601108247
v 0.04716596603 -4.068963799e-18 0.4348974496
v 0.04716596603 0.008000000119 0.4348974496
v 0.05109023571 0.008000000119 0.4349923593
v 0.05449696064 0.008000000119 0.4369425279
v 0.05656590939 0.008000000119 0.4402784425
v 0.05679896832 0.008000000119 0.4441969377
v 0.0551400137 0.008000000119 0.4477545816
v 0.05198846817 0.008000000119 0.450094803
v 0.04810310841 0.008000000119 0.4506541711
v 0.04441939354 0.008000000119 0.4492980272
v 0.04182422638 0.008000000119 0.446352852
v 0.04182422638 -4.723138236e-18 0.446352852
v 0.04441939354 -4.405321921e-18 0.4492980272
v 0.04810310841 -3.954196959e-18 0.4506541711
v 0.05198846817 -3.478377619e-18 0.450094803
v 0.0551400137 -3.092424605e-18 0.4477545816
v 0.05679896832 -2.889261258e-18 0.4441969377
v 0.05656590939 -2.917802745e-18 0.4402784425
v 0.05449696064 -3.171175891e-18 0.4369425279
v 0.05109023571 -3.588379369e-18 0.4349923593
v -0.04293664455 -1.510335116e-17 0.4033708555
v -0.03862278938 -1.457505627e-17 0.3948911554
v -0.03265679359 -1.384443251e-17 0.3874802381
v -0.02529386044 -1.294273325e-17 0.3814551336
v -0.01684895039 -1.190853005e-17 0.3770735628
v -0.007683304549 -1.078606216e-17 0.3745229513
v 0.001811005175 -9.623344563e-18 0.3739124185
v 0.01122784734 -8.470114002e-18 0.375268057
v 0.02016440153 -7.375701753e-18 0.3785319025
v 0.02823839903 -6.386922234e-18 0.3835643179
v 0.0351044631 -5.546071895e-18 0.3901500494
v 0.04046888351 -4.889119866e-18 0.3980073816
v 0.04410219669 -4.444167331e-18 0.4068002016
v 0.04584897995 -4.230248078e-18 0.4161523897
v 0.0456345129 -4.256512717e-18 0.4256638986
v 0.04346797466 -4.521837129e-18 0.4349278528
v 0.039442029 -5.014873276e-18 0.4435479623
v 0.03372890234 -5.714529503e-18 0.4511555177
v 0.0265729785 -6.590877426e-18 0.4574250871
v 0.01828035831 -7.606430503e-18 0.4620884592
v 0.009205772877 -8.717746704e-18 0.4649461824
v -0.0002626018221 -9.877288181e-18 0.4658759958
v -0.0002626018221 -0.008000000119 0.4658759958
v 0.009205772877 -0.008000000119 0.4649461824
v 0.01828035831 -0.008000000119 0.4620884592
v 0.0265729785 -0.008000000119 0.4574250871
v 0.03372890234 -0.008000000119 0.4511555177
v 0.039442029 -0.008000000119 0.4435479623
v 0.04346797466 -0.008000000119 0.4349278528
v 0.0456345129 -0.008000000119 0.4256638986
v 0.04584897995 -0.008000000119 0.4161523897
v 0.04410219669 -0.008000000119 0.4068002016
v 0.04046888351 -0.008000000119 0.3980073816
v 0.0351044631 -0.008000000119 0.3901500494
v 0.02823839903 -0.008000000119 0.3835643179
v 0.02016440153 -0.008000000119 0.3785319025
v 0.01122784734 -0.008000000119 0.375268057
v 0.001811005175 -0.008000000119 0.3739124185
v -0.007683304549 -0.008000000119 0.3745229513
v -0.01684895039 -0.008000000119 0.3770735628
v -0.02529386044 -0.008000000119 0.3814551336
v -0.03265679359 -0.008000000119 0.3874802381
v -0.03862278938 -0.008000000119 0.3948911554
v -0.04293664455 -0.008000000119 0.4033708555
v -0.02507138729 0.008000000119 0.4688173753
v -0.0242242384 0.008000000119 0.4705764848
v -0.022320714 0.008000000119 0.4710109598
v -0.02079420567 0.008000000119 0.4697936136
v -0.02079420567 0.008000000119 0.4678411371
v -0.022320714 0.008000000119 0.4666237909
v -0.0242242384 0.008000000119 0.4670582468
v -0.02507138729 -1.291548815e-17 0.4688173753
v -0.0242242384 -1.281174233e-17 0.4670582468
v -0.022320714 -1.257862783e-17 0.4666237909
v -0.02079420567 -1.239168447e-17 0.4678411371
v -0.02079420567 -1.239168447e-17 0.4697936136
v -0.022320714 -1.257862783e-17 0.4710109598
v -0.0242242384 -1.281174233e-17 0.4705764848
v -0.02507138729 0.008000000119 0.4688173753
v -0.02507138729 -1.291548815e-17 0.4688173753
v 0.01744002104 0.00150000006 0.3819976885
v 0.01656502128 0.00150000006 0.3804821474
v 0.01481502056 0.00150000006 0.3804821474
v 0.0139400208 0.00150000006 0.3819976885
v 0.01481502056 0.00150000006 0.3835132391
v 0.01656502128 0.00150000006 0.3835132391
v 0.01744002104 -7.709342138e-18 0.3819976885
v 0.01656502128 -7.816498704e-18 0.3835132391
v 0.01481502056 -8.030811982e-18 0.3835132391
v 0.0139400208 -8.137968547e-18 0.3819976885
v 0.01481502056 -8.030811982e-18 0.3804821474
v 0.01656502128 -7.816498704e-18 0.3804821474
v 0.01744002104 -7.709342138e-18 0.3819976885
v 0.01744002104 0.00150000006 0.3819976885
v -0.02752659082 -1.321616387e-17 0.4322701341
v -0.02752659082 -0.01470399022 0.4322701341
v -0.02523622513 -0.01470399022 0.4279627306
v -0.02523622513 -1.293567497e-17 0.4279627306
v 0.03317260027 -0.01270399094 0.433861683
v 0.03549776316 -0.01270399094 0.4258691484
v 0.03592513323 -0.01270399094 0.4175562364
v 0.03443186283 -0.01270399094 0.4093673879
v 0.03109778643 -0.01270399094 0.4017403871
v 0.02610114813 -0.01270399094 0.3950830061
v 0.01970908523 -0.01270399094 0.3897511465
v 0.01226332784 -0.01270399094 0.3860298807
v 0.004161944985 -0.01270399094 0.3841181451
v -0.004161944986 -0.01270399094 0.3841181451
v -0.01226332784 -0.01270399094 0.3860298807
v -0.01970908523 -0.01270399094 0.3897511465
v -0.02610114813 -0.01270399094 0.3950830061
v -0.03109778643 -0.01270399094 0.4017403871
v -0.03443186283 -0.01270399094 0.4093673879
v -0.03592513323 -0.01270399094 0.4175562364
v -0.03549776316 -0.01270399094 0.4258691484
v -0.03317260027 -0.01270399094 0.433861683
v -0.03317260027 -0.00200000003 0.433861683
v -0.03549776316 -0.00200000003 0.4258691484
v -0.03592513323 -0.00200000003 0.4175562364
v -0.03443186283 -0.00200000003 0.4093673879
v -0.03109778643 -0.00200000003 0.4017403871
v -0.02610114813 -0.00200000003 0.3950830061
v -0.01970908523 -0.00200000003 0.3897511465
v -0.01226332784 -0.00200000003 0.3860298807
v -0.004161944986 -0.00200000003 0.3841181451
v 0.004161944985 -0.00200000003 0.3841181451
v 0.01226332784 -0.00200000003 0.3860298807
v 0.01970908523 -0.00200000003 0.3897511465
v 0.02610114813 -0.00200000003 0.3950830061
v 0.03109778643 -0.00200000003 0.4017403871
v 0.03443186283 -0.00200000003 0.4093673879
v 0.03592513323 -0.00200000003 0.4175562364
v 0.03549776316 -0.00200000003 0.4258691484
v 0.03317260027 -0.00200000003 0.433861683
v -0.1347234344 -2.634399101e-17 0.4135602457
v -0.1327845097 -2.610654121e-17 0.4143791658
v -0.1319925404 -2.600955294e-17 0.416329239
v -0.132811451 -2.610984056e-17 0.4182681543
v -0.1347615242 -2.634865566e-17 0.4190601236
v -0.1367004395 -2.658610429e-17 0.4182412225
v -0.1374924088 -2.668309256e-17 0.4162911493
v -0.1366735077 -2.65828061e-17 0.414352215
v -0.1347234344 -2.634399101e-17 0.4135602457
v -0.1347234344 -0.008000000119 0.4135602457
v -0.1366735077 -0.008000000119 0.414352215
v -0.1374924088 -0.008000000119 0.4162911493
v -0.1367004395 -0.008000000119 0.4182412225
v -0.1347615242 -0.008000000119 0.4190601236
v -0.132811451 -0.008000000119 0.4182681543
v -0.1319925404 -0.008000000119 0.416329239
v -0.1327845097 -0.008000000119 0.4143791658
v -0.1347234344 -0.008000000119 0.4135602457
v -0.1374924088 -2.668309256e-17 0.4162911493
v -0.1374924088 -0.008000000119 0.4162911493
v -0.2123750305 -3.585356887e-17 0.4610773737
v -0.2112231445 -3.571250352e-17 0.4601108247
v -0.2112231445 -0.008000000119 0.4601108247
v -0.2123750305 -0.008000000119 0.4610773737
v -0.03033399105 0.008000000119 0.4660676843
v -0.03033399105 -1.355997124e-17 0.4660676843
v -0.03076977253 -1.361333908e-17 0.4697246439
v -0.0295210886 -1.34604194e-17 0.4731893236
v -0.02685256481 -1.313361949e-17 0.4757274896
v -0.02332973242 -1.270219695e-17 0.4768012125
v -0.0196991694 -1.225758121e-17 0.4761829454
v -0.01673028231 -1.18939974e-17 0.4740037424
v -0.01505225539 -1.168849837e-17 0.4707254106
v -0.01502070665 -1.168463476e-17 0.467042721
v -0.01502070665 0.008000000119 0.467042721
v -0.01505225539 0.008000000119 0.4707254106
v -0.01673028231 0.008000000119 0.4740037424
v -0.0196991694 0.008000000119 0.4761829454
v -0.02332973242 0.008000000119 0.4768012125
v -0.02685256481 0.008000000119 0.4757274896
v -0.0295210886 0.008000000119 0.4731893236
v -0.03076977253 0.008000000119 0.4697246439
v -0.1635723114 -2.987695949e-17 0.4109451944
v -0.1702925873 -3.069995593e-17 0.40613262
v -0.1779540634 -3.163821615e-17 0.4030302412
v -0.1861294365 -3.26394106e-17 0.4018110925
v -0.1943627357 -3.364769895e-17 0.4025431711
v -0.2021947289 -3.460684148e-17 0.4051856405
v -0.209188633 -3.546334771e-17 0.4095911295
v -0.2149543571 -3.616944528e-17 0.4155139238
v -0.2191703224 -3.668575211e-17 0.4226236803
v -0.2216013908 -3.698347213e-17 0.4305238611
v -0.222111969 -3.704599992e-17 0.4387738496
v -0.2206735802 -3.686984809e-17 0.4469134981
v -0.2173664474 -3.646484114e-17 0.4544888574
v -0.2123750305 -3.585356887e-17 0.4610773737
v -0.2123750305 -0.008000000119 0.4610773737
v -0.2063889122 -0.008000000119 0.4660455209
v -0.1994532776 -0.008000000119 0.46956868
v -0.1919107246 -0.008000000119 0.4714728433
v -0.184133873 -0.008000000119 0.4716639215
v -0.1765069199 -0.008000000119 0.4701324922
v -0.1694066048 -0.008000000119 0.4669542009
v -0.1694066048 0.008000000119 0.4669542009
v -0.1768266106 0.008000000119 0.4702330476
v -0.1848021317 0.008000000119 0.4717156297
v -0.1929047585 0.008000000119 0.4713223154
v -0.2006991768 0.008000000119 0.469074238
v -0.2077667236 0.008000000119 0.4650921327
v -0.213727684 0.008000000119 0.4595899469
v -0.2182618523 0.008000000119 0.4528632623
v -0.2211256599 0.008000000119 0.4452734071
v -0.2221652412 0.008000000119 0.4372281343
v -0.2213247681 0.008000000119 0.42915963
v -0.2186493874 0.008000000119 0.4215013391
v -0.2142828178 0.008000000119 0.4146646578
v -0.2084596252 0.008000000119 0.4090168649
v -0.2014926529 0.008000000119 0.4048613435
v -0.1937561417 0.008000000119 0.4024213392
v -0.1856657219 0.008000000119 0.4018279344
v -0.177656002 0.008000000119 0.4031129915
v -0.1701572418 0.008000000119 0.406207493
v -0.1635723114 0.008000000119 0.4109451944
v -0.01502070665 0.008000000119 0.467042721
v -0.01502070665 -1.168463476e-17 0.467042721
v -0.005949746966 -1.057376259e-17 0.4690178758
v 0.003330485821 -9.437261852e-18 0.4692645914
v 0.01249357343 -8.315107262e-18 0.467774151
v 0.02121721983 -7.246768697e-18 0.4645990068
v 0.02919458628 -6.269823069e-18 0.459850815
v 0.03614507914 -5.418633186e-18 0.4536966211
v 0.04182422638 -4.723138236e-18 0.446352852
v 0.04182422638 0.008000000119 0.446352852
v 0.03614507914 0.008000000119 0.4536966211
v 0.02919458628 0.008000000119 0.459850815
v 0.02121721983 0.008000000119 0.4645990068
v 0.01249357343 0.008000000119 0.467774151
v 0.003330485821 0.008000000119 0.4692645914
v -0.005949746966 0.008000000119 0.4690178758
v -0.009501182436 -0.008000000119 0.4633506281
v -0.01011960387 -0.008000000119 0.4637294466
v -0.01074601531 -0.008000000119 0.4640949136
v -0.01138012648 -0.008000000119 0.4644468385
v -0.01138012648 -1.123879228e-17 0.4644468385
v -0.01074601531 -1.116113606e-17 0.4640949136
v -0.01011960387 -1.108442278e-17 0.4637294466
v -0.009501182436 -1.1008688e-17 0.4633506281
v -0.1408550167 0.004840783477 0.4119763452
v -0.1434886074 0.008000000119 0.4141861993
v -0.1400180435 0.008000000119 0.4227971155
v -0.1382274532 0.008000000119 0.4319068033
v -0.1381806278 0.008000000119 0.4411906892
v -0.1398792458 0.008000000119 0.4503179819
v -0.1432627869 0.008000000119 0.4589634592
v -0.1482106876 0.008000000119 0.4668190843
v -0.1457616138 0.005876984 0.4668034822
v -0.1428179741 0.00428083688 0.4667847139
v -0.1397021675 0.003330391645 0.4667648584
v -0.1364141083 0.003000000119 0.4667438966
v -0.1319029808 0.003000000119 0.4572561342
v -0.1291481781 0.003000000119 0.4471181566
v -0.1282372475 0.003000000119 0.436652115
v -0.1291991615 0.003000000119 0.426190632
v -0.1320033264 0.003000000119 0.4160661966
v -0.1325347233 0.003054149151 0.4179497987
v -0.134154644 0.003383583128 0.418996647
v -0.13602005 0.003955066204 0.4187454111
v -0.1373038101 0.004281200767 0.4173112184
v -0.137331953 0.003954487741 0.4153843767
v -0.1361301041 0.003383096457 0.4139359361
v -0.1342306614 0.003054093719 0.4136082346
v -0.1325635719 0.003000000119 0.4146324236
v -0.1329210949 0.003000000119 0.4137712175
v -0.1332921982 0.003000000119 0.4129157526
v -0.1336767864 0.003000000119 0.4120662958
v -0.1373811722 0.003470255733 0.4120339281
v -0.1327101326 0.003594129384 0.4458280069
v -0.1327050304 0.003594129384 0.4277941591
v -0.1360198879 0.005317685604 0.4283420259
v -0.1380877209 0.005317685604 0.4201008112
v -0.1349068737 0.003594129384 0.4190188295
v -0.1353259945 0.005317685604 0.4368103296
v -0.1319661713 0.003594129384 0.4368112833
v -0.1360246754 0.005317685604 0.4452782518
v -0.1380971622 0.005317685604 0.4535183031
v -0.134916935 0.003594129384 0.4546020776
v -0.1414877892 0.005317685604 0.4613091547
v -0.138527298 0.003594129384 0.4628978616
v 0.01744002104 0.00150000006 0.4577558214
v 0.01656502128 0.00150000006 0.4562402612
v 0.01481502056 0.00150000006 0.4562402612
v 0.0139400208 0.00150000006 0.4577558214
v 0.01481502056 0.00150000006 0.4592713625
v 0.01656502128 0.00150000006 0.4592713625
v 0.01744002104 -7.709342138e-18 0.4577558214
v 0.01656502128 -7.816498704e-18 0.4592713625
v 0.01481502056 -8.030811981e-18 0.4592713625
v 0.0139400208 -8.137968547e-18 0.4577558214
v 0.01481502056 -8.030811981e-18 0.4562402612
v 0.01656502128 -7.816498704e-18 0.4562402612
v 0.01744002104 -7.709342138e-18 0.4577558214
v 0.01744002104 0.00150000006 0.4577558214
v 0.02650000095 0.00150000006 0.4198767549
v 0.02551730871 0.00150000006 0.4127271349
v 0.02264211416 0.00150000006 0.4061077768
v 0.01808765888 0.00150000006 0.4005096037
v 0.01219172358 0.00150000006 0.3963477976
v 0.005391584634 0.00150000006 0.3939310247
v -0.001808423996 0.00150000006 0.3934385282
v -0.008874309659 0.00150000006 0.3949068338
v -0.01528202891 0.00150000006 0.3982270509
v -0.02055634975 0.00150000006 0.4031529218
v -0.02430609941 0.00150000006 0.4093191225
v -0.02625317812 0.00150000006 0.4162683374
v -0.02625317812 0.00150000006 0.4234851724
v -0.02430609941 0.00150000006 0.4304343874
v -0.02055634975 0.00150000006 0.4366005785
v -0.01528202891 0.00150000006 0.4415264589
v -0.008874309659 0.00150000006 0.444846676
v -0.001808423996 0.00150000006 0.4463149721
v 0.005391584635 0.00150000006 0.4458224756
v 0.01219172359 0.00150000006 0.4434057123
v 0.01808765888 0.00150000006 0.4392438966
v 0.02264211416 0.00150000006 0.433645733
v 0.02551730871 0.00150000006 0.427026375
v -0.02523622513 -1.293567497e-17 0.4279627306
v -0.02523622513 -0.01470399022 0.4279627306
v -0.02647731543 -0.01470399022 0.4209730035
v -0.02581828117 -0.01470399022 0.4139046175
v -0.02330641747 -0.01470399022 0.4072648126
v -0.01912198663 -0.01470399022 0.4015301019
v -0.01356528163 -0.01470399022 0.3971120149
v -0.007035073638 -0.01470399022 0.3943276292
v -2.923577955e-13 -0.01470399022 0.3933767492
v 0.007035073638 -0.01470399022 0.3943276292
v 0.01356528163 -0.01470399022 0.3971120149
v 0.01912198663 -0.01470399022 0.4015301019
v 0.02330641747 -0.01470399022 0.4072648126
v 0.02581828117 -0.01470399022 0.4139046175
v 0.02647731543 -0.01470399022 0.4209730035
v 0.02523622513 -0.01470399022 0.4279627306
v 0.02523622513 -6.7545825e-18 0.4279627306
v 0.0224209547 -7.099353691e-18 0.4340029985
v 0.01818777204 -7.617769052e-18 0.4391499216
v 0.01280438542 -8.27704377e-18 0.4430779916
v 0.006611241699 -9.035485134e-18 0.4455388147
v 2.923134056e-13 -9.845128732e-18 0.4463767511
v -0.006611241698 -1.065477233e-17 0.4455388147
v -0.01280438542 -1.141321369e-17 0.4430779916
v -0.01818777204 -1.207248841e-17 0.4391499216
v -0.0224209547 -1.259090377e-17 0.4340029985
v 0.02581828117 -0.01470399022 0.4139046175
v 0.02650000095 0.00150000006 0.4198767549
v 0.02752659082 -0.01470399022 0.4322701341
v 0.02819411993 -0.01470399022 0.4331143457
v 0.02911663771 -0.01470399022 0.4336686403
v 0.03017541647 -0.01470399022 0.433861683
v 0.03017541647 -6.149706013e-18 0.433861683
v 0.02911663771 -6.279369015e-18 0.4336686403
v 0.02819411993 -6.39234486e-18 0.4331143457
v 0.02752659082 -6.474093598e-18 0.4322701341
v -0.09304857254 -2.124029239e-17 0.4162062914
v -0.09174953461 -2.108120612e-17 0.4154563028
v -0.09174953461 -2.108120612e-17 0.4139563066
v -0.09304857254 -2.124029239e-17 0.413206299
v -0.09434761047 -2.139937865e-17 0.4139563066
v -0.09434761047 -2.139937865e-17 0.4154563028
v -0.09304857254 -0.0002355000004 0.4159708101
v -0.09425118446 -0.0002355000004 0.4150970537
v -0.09379182816 -0.0002355000004 0.4136833078
v -0.09230531693 -0.0002355000004 0.4136833078
v -0.09184596062 -0.0002355000004 0.4150970537
v -0.09304857254 -2.124029239e-17 0.413206299
v -0.09379182816 -0.0002355000004 0.4136833078
v -0.03099066734 -0.01470399022 0.433861683
v -0.03250359297 -0.01414691329 0.433861683
v -0.03317260027 -0.01270399094 0.433861683
v -0.03549776316 -0.01270399094 0.4258691484
v -0.03592513323 -0.01270399094 0.4175562364
v -0.03443186283 -0.01270399094 0.4093673879
v -0.03109778643 -0.01270399094 0.4017403871
v -0.02610114813 -0.01270399094 0.3950830061
v -0.01970908523 -0.01270399094 0.3897511465
v -0.01226332784 -0.01270399094 0.3860298807
v -0.004161944986 -0.01270399094 0.3841181451
v 0.004161944985 -0.01270399094 0.3841181451
v 0.01226332784 -0.01270399094 0.3860298807
v 0.01970908523 -0.01270399094 0.3897511465
v 0.02610114813 -0.01270399094 0.3950830061
v 0.03109778643 -0.01270399094 0.4017403871
v 0.03443186283 -0.01270399094 0.4093673879
v 0.03592513323 -0.01270399094 0.4175562364
v 0.03549776316 -0.01270399094 0.4258691484
v 0.03317260027 -0.01270399094 0.433861683
v 0.03250359297 -0.01414691329 0.433861683
v 0.03099066734 -0.01470399022 0.433861683
v 0.03339305878 -0.01470399022 0.4262723428
v 0.03396490812 -0.01470399022 0.4183324129
v 0.03267486811 -0.01470399022 0.410477131
v 0.02959365845 -0.01470399022 0.4031371194
v 0.02489018202 -0.01470399022 0.3967147428
v 0.01882227421 -0.01470399022 0.3915620596
v 0.01172256708 -0.01470399022 0.3879615289
v 0.003980252146 -0.01470399022 0.3861105329
v -0.003980252147 -0.01470399022 0.3861105329
v -0.01172256708 -0.01470399022 0.3879615289
v -0.01882227421 -0.01470399022 0.3915620596
v -0.02489018202 -0.01470399022 0.3967147428
v -0.02959365845 -0.01470399022 0.4031371195
v -0.03267486811 -0.01470399022 0.410477131
v -0.03396490812 -0.01470399022 0.4183324129
v -0.03339305878 -0.01470399022 0.4262723428
v -0.03478202581 -0.01411820412 0.4265383608
v -0.03537766218 -0.01411820412 0.4182681734
v -0.03403396368 -0.01411820412 0.4100861532
v -0.03082459211 -0.01411820412 0.4024408418
v -0.02592547655 -0.01411820412 0.3957513219
v -0.01960517764 -0.01411820412 0.3903843195
v -0.01221016169 -0.01411820412 0.3866340334
v -0.004120016992 -0.01411820412 0.3847030145
v 0.004120016992 -0.01411820412 0.3847030145
v 0.01221016169 -0.01411820412 0.3866340334
v 0.01960517764 -0.01411820412 0.3903843195
v 0.02592547655 -0.01411820412 0.3957513219
v 0.03082459211 -0.01411820412 0.4024408418
v 0.03403396368 -0.01411820412 0.4100861532
v 0.03537766218 -0.01411820412 0.4182681734
v 0.03478202581 -0.01411820412 0.4265383608
v -0.1347424793 -0.008000000119 0.4150456888
v -0.1359450912 -0.008000000119 0.4159194452
v -0.1354857349 -0.008000000119 0.4173331911
v -0.1339992237 -0.008000000119 0.4173331911
v -0.1335398674 -0.008000000119 0.4159194452
v -0.1347234344 -0.008000000119 0.4135602457
v -0.1327845097 -0.008000000119 0.4143791658
v -0.1319925404 -0.008000000119 0.416329239
v -0.132811451 -0.008000000119 0.4182681543
v -0.1347615242 -0.008000000119 0.4190601236
v -0.1367004395 -0.008000000119 0.4182412225
v -0.1374924088 -0.008000000119 0.4162911493
v -0.1366735077 -0.008000000119 0.414352215
v -0.0413145113 -1.490469713e-17 0.4646376497
v -0.0413145113 -0.008000000119 0.4646376497
v -0.08072760582 -0.008000000119 0.4648888857
v -0.08072760582 -1.973140914e-17 0.4648888857
v -0.1595537949 -2.938483315e-17 0.4653913576
v -0.1595537949 -0.008000000119 0.4653913576
v -0.1698246574 -0.008000000119 0.4654568369
v -0.1698246574 -3.064265105e-17 0.4654568369
v -0.0413145113 -1.490469713e-17 0.4646376497
v -0.04326415062 -1.514345909e-17 0.4638446123
v -0.04408198357 -1.524361474e-17 0.4619052393
v -0.04328894138 -1.514649508e-17 0.4599556047
v -0.04134956837 -1.490899039e-17 0.4591377718
v -0.03939993143 -1.467022872e-17 0.4599308092
v -0.0385820961 -1.457007278e-17 0.4618701822
v -0.03937514067 -1.466719273e-17 0.4638198167
v -0.0413145113 -1.490469713e-17 0.4646376497
v -0.0413145113 -0.008000000119 0.4646376497
v -0.03937514067 -0.008000000119 0.4638198167
v -0.0385820961 -0.008000000119 0.4618701822
v -0.03939993143 -0.008000000119 0.4599308092
v -0.04134956837 -0.008000000119 0.4591377718
v -0.04328894138 -0.008000000119 0.4599556047
v -0.04408198357 -0.008000000119 0.4619052393
v -0.04326415062 -0.008000000119 0.4638446123
v -0.0413145113 -0.008000000119 0.4646376497
v -0.04328894138 -0.008000000119 0.4599556047
v -0.04328894138 -1.514649508e-17 0.4599556047
v -0.1482106876 0.008000000119 0.4668190843
v -0.1432627869 0.008000000119 0.4589634592
v -0.1398792458 0.008000000119 0.4503179819
v -0.1381806278 0.008000000119 0.4411906892
v -0.1382274532 0.008000000119 0.4319068033
v -0.1400180435 0.008000000119 0.4227971155
v -0.1434886074 0.008000000119 0.4141861993
v -0.1408550167 0.008000000119 0.4119763452
v -0.1484328175 0.008000000119 0.4117586404
v -0.1560059547 0.008000000119 0.411414879
v -0.1635723114 0.008000000119 0.4109451944
v -0.1701572418 0.008000000119 0.406207493
v -0.177656002 0.008000000119 0.4031129915
v -0.1856657219 0.008000000119 0.4018279344
v -0.1937561417 0.008000000119 0.4024213392
v -0.2014926529 0.008000000119 0.4048613435
v -0.2084596252 0.008000000119 0.4090168649
v -0.2142828178 0.008000000119 0.4146646578
v -0.2186493874 0.008000000119 0.4215013391
v -0.2213247681 0.008000000119 0.42915963
v -0.2221652412 0.008000000119 0.4372281343
v -0.2211256599 0.008000000119 0.4452734071
v -0.2182618523 0.008000000119 0.4528632623
v -0.213727684 0.008000000119 0.4595899469
v -0.2077667236 0.008000000119 0.4650921327
v -0.2006991768 0.008000000119 0.469074238
v -0.1929047585 0.008000000119 0.4713223154
v -0.1848021317 0.008000000119 0.4717156297
v -0.1768266106 0.008000000119 0.4702330476
v -0.1694066048 0.008000000119 0.4669542009
v -0.1568213272 0.008000000119 0.4626414186
v -0.1576267815 0.008000000119 0.4645859605
v -0.1595713234 0.008000000119 0.4653914148
v -0.1615158653 0.008000000119 0.4645859605
v -0.1623213196 0.008000000119 0.4626414186
v -0.1615158653 0.008000000119 0.4606968767
v -0.1595713234 0.008000000119 0.4598914224
v -0.1576267815 0.008000000119 0.4606968767
v -0.1880500031 0.008000000119 0.4198767549
v -0.1871279144 0.008000000119 0.4161357385
v -0.1845729256 0.008000000119 0.413251732
v -0.1809703255 0.008000000119 0.411885441
v -0.1771454239 0.008000000119 0.4123498804
v -0.1739744949 0.008000000119 0.4145386202
v -0.1721839142 0.008000000119 0.4179502565
v -0.1721839142 0.008000000119 0.4218032343
v -0.1739744949 0.008000000119 0.4252148897
v -0.1771454239 0.008000000119 0.4274036295
v -0.1809703255 0.008000000119 0.4278680498
v -0.1845729256 0.008000000119 0.4265017778
v -0.1871279144 0.008000000119 0.4236177713
v 0.01502070665 -8.0056227e-18 0.3727107889
v 0.01502070665 0.008000000119 0.3727107889
v 0.01511559963 0.008000000119 0.3687865144
v 0.01706577063 0.008000000119 0.3653797895
v 0.02040168762 0.008000000119 0.3633108408
v 0.0243201828 0.008000000119 0.3630777818
v 0.02787781954 0.008000000119 0.3647367365
v 0.03021805048 0.008000000119 0.3678882867
v 0.03077742577 0.008000000119 0.3717736417
v 0.02942127228 0.008000000119 0.3754573614
v 0.02647610187 0.008000000119 0.3780525285
v 0.02647610187 -6.602741391e-18 0.3780525285
v 0.02942127228 -6.24206204e-18 0.3754573614
v 0.03077742577 -6.075981137e-18 0.3717736417
v 0.03021805048 -6.144484853e-18 0.3678882867
v 0.02787781954 -6.431080486e-18 0.3647367365
v 0.0243201828 -6.86676533e-18 0.3630777818
v 0.02040168762 -7.346642588e-18 0.3633108408
v 0.01706577063 -7.755174595e-18 0.3653797895
v 0.01511559963 -7.994001662e-18 0.3687865144
v -0.05074721813 -1.605987056e-17 0.4048487074
v -0.0481408453 -1.574068194e-17 0.4043712312
v -0.04553729057 -1.542183845e-17 0.4038786108
v -0.04293664455 -1.510335116e-17 0.4033708555
v -0.04293664455 -0.008000000119 0.4033708555
v -0.06776836872 -0.008000000119 0.4075844366
v -0.09279497147 -0.008000000119 0.4104196054
v -0.1179399872 -0.008000000119 0.4118677026
v -0.1431266022 -0.008000000119 0.4119243318
v -0.1431266022 -2.737308225e-17 0.4119243318
v -0.1499464703 -2.820827522e-17 0.4117000276
v -0.1567622185 -2.904296364e-17 0.4113736231
v -0.1635723114 -2.987695949e-17 0.4109451944
v -0.1635723114 0.008000000119 0.4109451944
v -0.1560059547 0.008000000119 0.411414879
v -0.1484328175 0.008000000119 0.4117586404
v -0.1408550167 0.008000000119 0.4119763452
v -0.1408550167 0.004840783477 0.4119763452
v -0.1373811722 0.003470255733 0.4120339281
v -0.1336767864 0.003000000119 0.4120662958
v -0.1124231625 0.003000000119 0.4116693193
v -0.09121117592 0.003000000119 0.4102816087
v -0.07008698463 0.003000000119 0.4079061586
v -0.06362601757 0.003000000119 0.4069793874
v -0.05717898846 0.003000000119 0.4059601671
v -0.05074721813 0.003000000119 0.4048487074
v 0.02987697363 -6.18625472e-18 0.4528557855
v 0.02987697363 -0.008000000119 0.4528557855
v 0.02310140371 -0.008000000119 0.4579106218
v 0.01549219251 -0.008000000119 0.4615929681
v 0.00732392788 -0.008000000119 0.4637699205
v -0.001108630448 -0.008000000119 0.4643629343
v -0.009501182436 -0.008000000119 0.4633506281
v -0.009501182436 -1.1008688e-17 0.4633506281
v -0.001108630448 -9.980896805e-18 0.4643629343
v 0.00732392788 -8.948206249e-18 0.4637699205
v 0.01549219251 -7.947882336e-18 0.4615929681
v 0.02310140371 -7.016022721e-18 0.4579106218
v -0.04353394508 -0.008000000119 0.4050175554
v -0.04289242744 -0.008000000119 0.4046793157
v -0.0422437954 -0.008000000119 0.4043549234
v -0.04158834934 -0.008000000119 0.404044531
v -0.04158834934 -1.493823262e-17 0.404044531
v -0.0422437954 -1.501850161e-17 0.4043549234
v -0.04289242744 -1.509793613e-17 0.4046793157
v -0.04353394508 -1.517649938e-17 0.4050175554
v -0.1336767864 0.003000000119 0.4120662958
v -0.1332921982 0.003000000119 0.4129157526
v -0.1329210949 0.003000000119 0.4137712175
v -0.1325635719 0.003000000119 0.4146324236
v -0.1322870255 0.003000000119 0.415071953
v -0.1320980263 0.003000000119 0.4155556184
v -0.1320033264 0.003000000119 0.4160661966
v -0.1291991615 0.003000000119 0.426190632
v -0.1282372475 0.003000000119 0.436652115
v -0.1291481781 0.003000000119 0.4471181566
v -0.1319029808 0.003000000119 0.4572561342
v -0.1364141083 0.003000000119 0.4667438966
v -0.06670562744 0.003000000119 0.4662995416
v -0.0716507864 0.003000000119 0.458895424
v -0.07521496296 0.003000000119 0.4507362444
v -0.0772867775 0.003000000119 0.4420769579
v -0.07780149937 0.003000000119 0.4331881792
v -0.07674303532 0.003000000119 0.4243476183
v -0.07414446354 0.003000000119 0.4158315927
v -0.07008698463 0.003000000119 0.4079061586
v -0.09121117592 0.003000000119 0.4102816087
v -0.1124231625 0.003000000119 0.4116693193
v -0.1174082279 0.003000000119 0.4623901827
v -0.1182136917 0.003000000119 0.4643347246
v -0.1201582336 0.003000000119 0.4651401788
v -0.1221027756 0.003000000119 0.4643347246
v -0.1229082298 0.003000000119 0.4623901827
v -0.1221027756 0.003000000119 0.4604456407
v -0.1201582336 0.003000000119 0.4596401865
v -0.1182136917 0.003000000119 0.4604456407
v -0.09029857636 0.003000000119 0.4147062952
v -0.09110403061 0.003000000119 0.4166508371
v -0.09304857254 0.003000000119 0.4174562914
v -0.09499312401 0.003000000119 0.4166508371
v -0.09579857826 0.003000000119 0.4147062952
v -0.09499312401 0.003000000119 0.4127617532
v -0.09304857254 0.003000000119 0.411956299
v -0.09110403061 0.003000000119 0.4127617532
v -0.07799513817 0.003000000119 0.4621389467
v -0.07880059242 0.003000000119 0.4640834886
v -0.08074513435 0.003000000119 0.4648889429
v -0.08268967628 0.003000000119 0.4640834886
v -0.08349514008 0.003000000119 0.4621389467
v -0.08268967628 0.003000000119 0.4601944048
v -0.08074513435 0.003000000119 0.4593889505
v -0.07880059242 0.003000000119 0.4601944048
v -0.0139400208 0.00150000006 0.4577558214
v -0.01481502056 0.00150000006 0.4562402612
v -0.01656502128 0.00150000006 0.4562402612
v -0.01744002104 0.00150000006 0.4577558214
v -0.01656502128 0.00150000006 0.4592713625
v -0.01481502056 0.00150000006 0.4592713625
v -0.0139400208 -1.155228892e-17 0.4577558214
v -0.01481502056 -1.165944548e-17 0.4592713625
v -0.01656502128 -1.187375876e-17 0.4592713625
v -0.01744002104 -1.198091533e-17 0.4577558214
v -0.01656502128 -1.187375876e-17 0.4562402612
v -0.01481502056 -1.165944548e-17 0.4562402612
v -0.0139400208 -1.155228892e-17 0.4577558214
v -0.0139400208 0.00150000006 0.4577558214
v 0.02752659082 -0.01470399022 0.4322701341
v 0.02752659082 -6.474093598e-18 0.4322701341
v 0.02523622513 -6.7545825e-18 0.4279627306
v 0.02523622513 -0.01470399022 0.4279627306
v -0.09304857254 -0.0002355000004 0.4159708101
v -0.09184596062 -0.0002355000004 0.4150970537
v -0.09230531693 -0.0002355000004 0.4136833078
v -0.09379182816 -0.0002355000004 0.4136833078
v -0.09425118446 -0.0002355000004 0.4150970537
v -0.09304857254 -0.008000000119 0.4134417993
v -0.09184596062 -0.008000000119 0.4143155557
v -0.09230531693 -0.008000000119 0.4157293016
v -0.09379182816 -0.008000000119 0.4157293016
v -0.09425118446 -0.008000000119 0.4143155557
v -0.09230531693 -0.0002355000004 0.4136833078
v -0.09304857254 -0.008000000119 0.4134417993
v -0.1425968361 -2.730820462e-17 0.4134379083
v -0.1425968361 -0.008000000119 0.4134379083
v -0.13997262 -0.008000000119 0.4134937555
v -0.1373481178 -0.008000000119 0.4135345346
v -0.1347234344 -0.008000000119 0.4135602457
v -0.1347234344 -2.634399101e-17 0.4135602457
v -0.1373481178 -2.666542202e-17 0.4135345346
v -0.13997262 -2.698683084e-17 0.4134937555
v -0.08072760582 -1.973140914e-17 0.4648888857
v -0.08072760582 -0.008000000119 0.4648888857
v -0.1201407051 -0.008000000119 0.4651401216
v -0.1201407051 -2.455812173e-17 0.4651401216
v -0.1880500031 0.008000000119 0.4198767549
v -0.1871279144 0.008000000119 0.4236177713
v -0.1845729256 0.008000000119 0.4265017778
v -0.1809703255 0.008000000119 0.4278680498
v -0.1771454239 0.008000000119 0.4274036295
v -0.1739744949 0.008000000119 0.4252148897
v -0.1721839142 0.008000000119 0.4218032343
v -0.1721839142 0.008000000119 0.4179502565
v -0.1739744949 0.008000000119 0.4145386202
v -0.1771454239 0.008000000119 0.4123498804
v -0.1809703255 0.008000000119 0.411885441
v -0.1845729256 0.008000000119 0.413251732
v -0.1871279144 0.008000000119 0.4161357385
v -0.1880500031 -3.287461216e-17 0.4198767549
v -0.1871279144 -3.276168888e-17 0.4161357385
v -0.1845729256 -3.244879298e-17 0.413251732
v -0.1809703255 -3.200760172e-17 0.411885441
v -0.1771454239 -3.153918637e-17 0.4123498804
v -0.1739744949 -3.115085957e-17 0.4145386202
v -0.1721839142 -3.093157667e-17 0.4179502565
v -0.1721839142 -3.093157667e-17 0.4218032343
v -0.1739744949 -3.115085957e-17 0.4252148897
v -0.1771454239 -3.153918637e-17 0.4274036295
v -0.1809703255 -3.200760172e-17 0.4278680498
v -0.1845729256 -3.244879298e-17 0.4265017778
v -0.1871279144 -3.276168888e-17 0.4236177713
v -0.1880500031 0.008000000119 0.4198767549
v -0.1880500031 -3.287461216e-17 0.4198767549
v -0.04133203983 -1.490684376e-17 0.4633877069
v -0.04263107777 -1.506593003e-17 0.4626377184
v -0.04263107777 -1.506593003e-17 0.4611377031
v -0.04133203983 -1.490684376e-17 0.4603877145
v -0.0400330019 -1.47477575e-17 0.4611377031
v -0.0400330019 -1.47477575e-17 0.4626377184
v -0.0413145113 -1.490469713e-17 0.4646376497
v -0.03937514067 -1.466719273e-17 0.4638198167
v -0.0385820961 -1.457007278e-17 0.4618701822
v -0.03939993143 -1.467022872e-17 0.4599308092
v -0.04134956837 -1.490899039e-17 0.4591377718
v -0.04328894138 -1.514649508e-17 0.4599556047
v -0.04408198357 -1.524361474e-17 0.4619052393
v -0.04326415062 -1.514345909e-17 0.4638446123
v -0.04133203983 -0.008000000119 0.4606232149
v -0.04253465176 -0.008000000119 0.4614969522
v -0.04207529545 -0.008000000119 0.4629107172
v -0.04058878422 -0.008000000119 0.4629107172
v -0.04012942791 -0.008000000119 0.4614969522
v -0.0413145113 -0.008000000119 0.4646376497
v -0.04326415062 -0.008000000119 0.4638446123
v -0.04408198357 -0.008000000119 0.4619052393
v -0.04328894138 -0.008000000119 0.4599556047
v -0.04134956837 -0.008000000119 0.4591377718
v -0.03939993143 -0.008000000119 0.4599308092
v -0.0385820961 -0.008000000119 0.4618701822
v -0.03937514067 -0.008000000119 0.4638198167
v -0.05605156899 0.008000000119 0.4167383272
v -0.06042287827 0.005257943869 0.413987549
v -0.06516136169 0.003569898903 0.4110057336
v -0.07008698463 0.003000000119 0.4079061586
v -0.07414446354 0.003000000119 0.4158315927
v -0.07674303532 0.003000000119 0.4243476183
v -0.07780149937 0.003000000119 0.4331881792
v -0.0772867775 0.003000000119 0.4420769579
v -0.07521496296 0.003000000119 0.4507362444
v -0.0716507864 0.003000000119 0.458895424
v -0.06670562744 0.003000000119 0.4662995416
v -0.05989972115 0.003442315161 0.4662561494
v -0.05312186718 0.004629146159 0.466212948
v -0.03993401289 0.008000000119 0.4661288911
v -0.04646474361 0.008000000119 0.4626630861
v -0.05208520412 0.008000000119 0.4578596765
v -0.05652623653 0.008000000119 0.4519487077
v -0.0595751667 0.008000000119 0.4452132684
v -0.06108597279 0.008000000119 0.4379758722
v -0.06098631382 0.008000000119 0.4305831606
v -0.05928095341 0.008000000119 0.4233891374
v -0.07136891842 0.003569898903 0.4422360498
v -0.05166349888 0.005257943869 0.4652466852
v -0.06821529388 0.003569898903 0.4167509538
v -0.063093009 0.005257943869 0.4190107423
v -0.07039978504 0.003569898903 0.4228797228
v -0.06500296593 0.005257943869 0.4243692857
v -0.07166824341 0.003569898903 0.4292613298
v -0.06611200809 0.005257943869 0.4299488908
v -0.07199359894 0.003569898903 0.4357596475
v -0.06639647484 0.005257943869 0.43563052
v -0.06585030079 0.005257943869 0.4412929994
v -0.0673427248 0.003569898903 0.454573887
v -0.06233009815 0.005257943869 0.4520802957
v -0.06448513508 0.005257943869 0.4468155176
v -0.06980752468 0.003569898903 0.4485523683
v -0.06402709961 0.003569898903 0.4601721651
v -0.05943116665 0.005257943869 0.456974991
v -0.0599313736 0.003569898903 0.4652277452
v -0.05585016727 0.005257943869 0.4613952333
v -0.1526039314 -0.008000000119 0.4198767549
v -0.1502703476 -0.008000000119 0.4198767549
v -0.1502703476 -2.824793875e-17 0.4198767549
v -0.1526039314 -2.853372035e-17 0.4198767549
v 0.04716596603 0.008000000119 0.4348974496
v 0.04716596603 -4.068963799e-18 0.4348974496
v 0.04914113045 -3.827075922e-18 0.4258265001
v 0.04938783169 -3.796863733e-18 0.4165462572
v 0.04789739609 -3.979389452e-18 0.4073831827
v 0.04472224712 -4.368233053e-18 0.3986595327
v 0.0399740696 -4.949717095e-18 0.390682171
v 0.0338198638 -5.703389938e-18 0.3837316686
v 0.02647610187 -6.602741391e-18 0.3780525285
v 0.02647610187 0.008000000119 0.3780525285
v 0.0338198638 0.008000000119 0.3837316686
v 0.0399740696 0.008000000119 0.390682171
v 0.04472224712 0.008000000119 0.3986595327
v 0.04789739609 0.008000000119 0.4073831827
v 0.04938783169 0.008000000119 0.4165462572
v 0.04914113045 0.008000000119 0.4258265001
v -0.04182422638 0.008000000119 0.3934006483
v -0.04182422638 -1.496711923e-17 0.3934006483
v -0.04409413815 -1.524510325e-17 0.3906904966
v -0.04731043339 -1.563898581e-17 0.389223221
v -0.05084506035 -1.607185277e-17 0.3892853529
v -0.05400780201 -1.645917692e-17 0.390864752
v -0.05618106365 -1.672532471e-17 0.3936530096
v -0.05694046021 -1.681832397e-17 0.3971056539
v -0.05613771439 -1.672001596e-17 0.400548485
v -0.05392956734 -1.644959593e-17 0.4033092004
v -0.05074721813 -1.605987056e-17 0.4048487074
v -0.05074721813 0.003000000119 0.4048487074
v -0.04888315201 0.004077256322 0.4050549108
v -0.04716596603 0.004603567123 0.4048560411
v -0.04716596603 0.008000000119 0.4048560411
v -0.05109023571 0.008000000119 0.4047611505
v -0.05449696064 0.008000000119 0.4028109819
v -0.05656590939 0.008000000119 0.3994750673
v -0.05679896832 0.008000000119 0.3955565721
v -0.0551400137 0.008000000119 0.3919989282
v -0.05198846817 0.008000000119 0.3896587068
v -0.04810310841 0.008000000119 0.3890993292
v -0.04441939354 0.008000000119 0.3904554826
v 0.02987697363 -6.18625472e-18 0.4528557855
v 0.02789509058 -6.428965393e-18 0.4535644037
v 0.02599261284 -6.661951721e-18 0.4526640779
v 0.02528398514 -6.748733586e-18 0.4506822092
v 0.0261843133 -6.638475186e-18 0.4487797243
v 0.02816619635 -6.395764512e-18 0.448071087
v 0.0300686717 -6.162778477e-18 0.4489714319
v 0.0307772994 -6.075996612e-18 0.4509533006
v 0.02987697363 -6.18625472e-18 0.4528557855
v 0.02987697363 -0.008000000119 0.4528557855
v 0.0307772994 -0.008000000119 0.4509533006
v 0.0300686717 -0.008000000119 0.4489714319
v 0.02816619635 -0.008000000119 0.448071087
v 0.0261843133 -0.008000000119 0.4487797243
v 0.02528398514 -0.008000000119 0.4506822092
v 0.02599261284 -0.008000000119 0.4526640779
v 0.02789509058 -0.008000000119 0.4535644037
v 0.02987697363 -0.008000000119 0.4528557855
v 0.02528398514 -6.748733586e-18 0.4506822092
v 0.02528398514 -0.008000000119 0.4506822092
v 0.04301543236 -4.577257577e-18 0.4084784013
v 0.04301543236 -0.008000000119 0.4084784013
v 0.04436903477 -0.008000000119 0.4164651758
v 0.04425234795 -0.008000000119 0.4245650179
v 0.04266923904 -0.008000000119 0.4325094873
v 0.0396721673 -0.008000000119 0.440035351
v 0.03536045074 -0.008000000119 0.4468932039
v 0.02987697363 -0.008000000119 0.4528557855
v 0.02987697363 -6.18625472e-18 0.4528557855
v 0.03536045074 -5.51472245e-18 0.4468932039
v 0.0396721673 -4.986689462e-18 0.440035351
v 0.04266923904 -4.619654031e-18 0.4325094873
v 0.04425234795 -4.425779106e-18 0.4245650179
v 0.04436903477 -4.411489092e-18 0.4164651758
v -0.1526039314 -2.853372035e-17 0.4198767549
v -0.1431266022 -2.737308225e-17 0.4119243318
v -0.1431266022 -0.008000000119 0.4119243318
v -0.1526039314 -0.008000000119 0.4198767549
v 0.03962906122 0.00150000006 0.4355667764
v 0.03875406027 0.00150000006 0.4340512354
v 0.03700406075 0.00150000006 0.4340512354
v 0.03612905979 0.00150000006 0.4355667764
v 0.03700406075 0.00150000006 0.4370823175
v 0.03875406027 0.00150000006 0.4370823175
v 0.03962906122 -4.991968435e-18 0.4355667764
v 0.03875406027 -5.099125146e-18 0.4370823175
v 0.03700406075 -5.313438278e-18 0.4370823175
v 0.03612905979 -5.420594989e-18 0.4355667764
v 0.03700406075 -5.313438278e-18 0.4340512354
v 0.03875406027 -5.099125146e-18 0.4340512354
v 0.03962906122 -4.991968435e-18 0.4355667764
v 0.03962906122 0.00150000006 0.4355667764
v -0.04133203983 -1.490684376e-17 0.4633877069
v -0.0400330019 -1.47477575e-17 0.4626377184
v -0.0400330019 -1.47477575e-17 0.4611377031
v -0.04133203983 -1.490684376e-17 0.4603877145
v -0.04263107777 -1.506593003e-17 0.4611377031
v -0.04263107777 -1.506593003e-17 0.4626377184
v -0.04133203983 -0.0002355000004 0.4631522066
v -0.04253465176 -0.0002355000004 0.4622784692
v -0.04207529545 -0.0002355000004 0.4608647043
v -0.04058878422 -0.0002355000004 0.4608647043
v -0.04012942791 -0.0002355000004 0.4622784692
v -0.04133203983 -1.490684376e-17 0.4603877145
v -0.04207529545 -0.0002355000004 0.4608647043
v -0.1595537949 -2.938483315e-17 0.4653913576
v -0.1615034294 -2.962359452e-17 0.4645983202
v -0.1623212814 -2.972375251e-17 0.4626589471
v -0.1615282249 -2.96266311e-17 0.4607093126
v -0.1595888615 -2.938912757e-17 0.4598914797
v -0.1576392174 -2.915036503e-17 0.4606845171
v -0.1568213844 -2.905020938e-17 0.4626238901
v -0.1576144314 -2.914732962e-17 0.4645735246
v -0.1595537949 -2.938483315e-17 0.4653913576
v -0.1595537949 -0.008000000119 0.4653913576
v -0.1576144314 -0.008000000119 0.4645735246
v -0.1568213844 -0.008000000119 0.4626238901
v -0.1576392174 -0.008000000119 0.4606845171
v -0.1595888615 -0.008000000119 0.4598914797
v -0.1615282249 -0.008000000119 0.4607093126
v -0.1623212814 -0.008000000119 0.4626589471
v -0.1615034294 -0.008000000119 0.4645983202
v -0.1595537949 -0.008000000119 0.4653913576
v -0.1615282249 -0.008000000119 0.4607093126
v -0.1615282249 -2.96266311e-17 0.4607093126
v -0.1201407051 -2.455812173e-17 0.4651401216
v -0.1201407051 -0.008000000119 0.4651401216
v -0.1595537949 -0.008000000119 0.4653913576
v -0.1595537949 -2.938483315e-17 0.4653913576
v -0.08072760582 -1.973140914e-17 0.4648888857
v -0.08267724037 -1.997017051e-17 0.4640958482
v -0.08349508285 -2.007032733e-17 0.4621564752
v -0.0827020359 -1.997320709e-17 0.4602068407
v -0.08076266289 -1.973570239e-17 0.4593890077
v -0.07881302834 -1.949694102e-17 0.4601820451
v -0.07799519062 -1.939678479e-17 0.4621214182
v -0.07878823757 -1.949390503e-17 0.4640710527
v -0.08072760582 -1.973140914e-17 0.4648888857
v -0.08072760582 -0.008000000119 0.4648888857
v -0.07878823757 -0.008000000119 0.4640710527
v -0.07799519062 -0.008000000119 0.4621214182
v -0.07881302834 -0.008000000119 0.4601820451
v -0.08076266289 -0.008000000119 0.4593890077
v -0.0827020359 -0.008000000119 0.4602068407
v -0.08349508285 -0.008000000119 0.4621564752
v -0.08267724037 -0.008000000119 0.4640958482
v -0.08072760582 -0.008000000119 0.4648888857
v -0.0827020359 -0.008000000119 0.4602068407
v -0.0827020359 -1.997320709e-17 0.4602068407
v -0.0413145113 -1.490469713e-17 0.4646376497
v -0.04326415062 -1.514345909e-17 0.4638446123
v -0.04408198357 -1.524361474e-17 0.4619052393
v -0.04328894138 -1.514649508e-17 0.4599556047
v -0.04134956837 -1.490899039e-17 0.4591377718
v -0.03939993143 -1.467022872e-17 0.4599308092
v -0.0385820961 -1.457007278e-17 0.4618701822
v -0.03937514067 -1.466719273e-17 0.4638198167
v -0.03858203888 0.008000000119 0.4618877107
v -0.03938749552 0.008000000119 0.4599431688
v -0.04133203983 0.008000000119 0.4591377145
v -0.04327658176 0.008000000119 0.4599431688
v -0.04408204079 0.008000000119 0.4618877107
v -0.04327658176 0.008000000119 0.4638322527
v -0.04133203983 0.008000000119 0.4646377069
v -0.03938749552 0.008000000119 0.4638322527
v -0.03858203888 0.008000000119 0.4618877107
v -0.0385820961 -1.457007278e-17 0.4618701822
v -0.09029857636 0.003000000119 0.4147062952
v -0.09110403061 0.003000000119 0.4127617532
v -0.09304857254 0.003000000119 0.411956299
v -0.09499312401 0.003000000119 0.4127617532
v -0.09579857826 0.003000000119 0.4147062952
v -0.09499312401 0.003000000119 0.4166508371
v -0.09304857254 0.003000000119 0.4174562914
v -0.09110403061 0.003000000119 0.4166508371
v -0.09327881813 -2.126848934e-17 0.4119659502
v -0.0912736702 -2.102292954e-17 0.4126057703
v -0.09030822754 -2.090469691e-17 0.4144760591
v -0.09094804764 -2.098305228e-17 0.4164812166
v -0.09281832695 -2.121209543e-17 0.4174466402
v -0.09482348442 -2.14576564e-17 0.4168068201
v -0.09578891754 -2.157588786e-17 0.4149365503
v -0.09514909744 -2.149753249e-17 0.4129313928
v -0.09030822754 -2.090469691e-17 0.4144760591
v -0.09029857636 0.003000000119 0.4147062952
v -0.1434886074 0.008000000119 0.4141861993
v -0.1408550167 0.004840783477 0.4119763452
v -0.1408550167 0.008000000119 0.4119763452
v -0.1502703476 -0.008000000119 0.4198767549
v -0.1425968361 -0.008000000119 0.4134379083
v -0.1425968361 -2.730820462e-17 0.4134379083
v -0.1502703476 -2.824793875e-17 0.4198767549
v 0.01502070665 0.008000000119 0.3727107889
v 0.01502070665 -8.0056227e-18 0.3727107889
v 0.005949746966 -9.116494875e-18 0.3707356245
v -0.003330485821 -1.025299561e-17 0.3704889185
v -0.01249357343 -1.13751502e-17 0.3719793588
v -0.02121721983 -1.244348877e-17 0.375154503
v -0.02919458628 -1.34204344e-17 0.3799026853
v -0.03614507914 -1.427162428e-17 0.3860568887
v -0.04182422638 -1.496711923e-17 0.3934006483
v -0.04182422638 0.008000000119 0.3934006483
v -0.03614507914 0.008000000119 0.3860568887
v -0.02919458628 0.008000000119 0.3799026853
v -0.02121721983 0.008000000119 0.375154503
v -0.01249357343 0.008000000119 0.3719793588
v -0.003330485821 0.008000000119 0.3704889185
v 0.005949746966 0.008000000119 0.3707356245
v -0.04716596603 0.008000000119 0.4048560411
v -0.04716596603 0.004603567123 0.4048560411
v -0.04753106594 0.006377913952 0.406054743
v -0.04803930759 0.008000000119 0.4079404623
v -0.04777041435 0.008000000119 0.4069061166
v -0.04747925758 0.008000000119 0.4058778173
v 0.02803064346 -0.008000000119 0.4495532495
v 0.02682803154 -0.008000000119 0.4504270059
v 0.02728738785 -0.008000000119 0.4518407518
v 0.02877389669 -0.008000000119 0.4518407518
v 0.029233253 -0.008000000119 0.4504270059
v 0.02987697363 -0.008000000119 0.4528557855
v 0.02789509058 -0.008000000119 0.4535644037
v 0.02599261284 -0.008000000119 0.4526640779
v 0.02528398514 -0.008000000119 0.4506822092
v 0.0261843133 -0.008000000119 0.4487797243
v 0.02816619635 -0.008000000119 0.448071087
v 0.0300686717 -0.008000000119 0.4489714319
v 0.0307772994 -0.008000000119 0.4509533006
v 0.009625515937 -8.666343004e-18 0.3764302427
v 0.009625515937 -0.008000000119 0.3764302427
v 0.01734210491 -0.008000000119 0.378895033
v 0.02448401689 -0.008000000119 0.3827178651
v 0.0308145833 -0.008000000119 0.3877720529
v 0.03612402678 -0.008000000119 0.3938901216
v 0.04023640156 -0.008000000119 0.4008693296
v 0.04301543236 -0.008000000119 0.4084784013
v 0.04301543236 -4.577257577e-18 0.4084784013
v 0.04023640156 -4.917590695e-18 0.4008693296
v 0.03612402678 -5.421211356e-18 0.3938901216
v 0.0308145833 -6.071430652e-18 0.3877720529
v 0.02448401689 -6.84670144e-18 0.3827178651
v 0.01734210491 -7.721333405e-18 0.378895033
v -0.05214923382 -1.623156796e-17 0.4066223127
v -0.05214923382 -0.008000000119 0.4066223127
v -0.04927407265 -0.008000000119 0.4061057455
v -0.04640226841 -0.008000000119 0.40557082
v -0.04353394508 -0.008000000119 0.4050175554
v -0.04353394508 -1.517649938e-17 0.4050175554
v -0.04640226841 -1.552776768e-17 0.40557082
v -0.04927407265 -1.587946227e-17 0.4061057455
v 0.03962906122 0.00150000006 0.4041867334
v 0.03875406027 0.00150000006 0.4026711828
v 0.03700406075 0.00150000006 0.4026711828
v 0.03612905979 0.00150000006 0.4041867334
v 0.03700406075 0.00150000006 0.4057022745
v 0.03875406027 0.00150000006 0.4057022745
v 0.03962906122 -4.991968435e-18 0.4041867334
v 0.03875406027 -5.099125146e-18 0.4057022745
v 0.03700406075 -5.313438278e-18 0.4057022745
v 0.03612905979 -5.420594989e-18 0.4041867334
v 0.03700406075 -5.313438278e-18 0.4026711828
v 0.03875406027 -5.099125146e-18 0.4026711828
v 0.03962906122 -4.991968435e-18 0.4041867334
v 0.03962906122 0.00150000006 0.4041867334
v 0.01621511698 0.00150000006 0.4613173181
v 0.0167587018 0.00150000006 0.4611004907
v 0.01729938746 0.00150000006 0.4608765299
v 0.01783708215 0.00150000006 0.4606454736
v 0.01864272475 0.00150000006 0.4598153192
v 0.01914347649 0.00150000006 0.4587724954
v 0.0192876327 0.00150000006 0.4576246912
v 0.01936316013 0.00150000006 0.4571173746
v 0.01961633802 0.00150000006 0.456671303
v 0.02001318216 0.00150000006 0.456346367
v 0.02650869846 0.00150000006 0.451936825
v 0.03206008196 0.00150000006 0.4463854486
v 0.03646960974 0.00150000006 0.4398899347
v 0.03679455757 0.00150000006 0.4394930917
v 0.03724062681 0.00150000006 0.4392399103
v 0.0377479434 0.00150000006 0.4391643793
v 0.03889574289 0.00150000006 0.4390202219
v 0.03993856192 0.00150000006 0.4385194856
v 0.04076871872 0.00150000006 0.4377138406
v 0.04099977016 0.00150000006 0.43717614
v 0.04122373104 0.00150000006 0.4366354448
v 0.04144055843 0.00150000006 0.4360918695
v 0.0414232254 0.00150000006 0.434935177
v 0.04103992462 0.00150000006 0.4338437158
v 0.04033024311 0.00150000006 0.4329301721
v 0.04002491951 0.00150000006 0.4325180322
v 0.03988852739 0.00150000006 0.4320235902
v 0.03993936539 0.00150000006 0.4315132028
v 0.04141438484 0.00150000006 0.4238021738
v 0.04141438484 0.00150000006 0.4159513361
v 0.03993936539 0.00150000006 0.4082402975
v 0.03988852739 0.00150000006 0.4077299196
v 0.04002491951 0.00150000006 0.4072354776
v 0.04033024311 0.00150000006 0.4068233377
v 0.04103992462 0.00150000006 0.405909794
v 0.0414232254 0.00150000006 0.4048183233
v 0.04144055843 0.00150000006 0.4036616308
v 0.04122373104 0.00150000006 0.403118046
v 0.04099977016 0.00150000006 0.4025773603
v 0.04076871872 0.00150000006 0.4020396692
v 0.03993856192 0.00150000006 0.4012340242
v 0.03889574289 0.00150000006 0.4007332784
v 0.0377479434 0.00150000006 0.400589121
v 0.03724062681 0.00150000006 0.40051359
v 0.03679455757 0.00150000006 0.4002604181
v 0.03646960974 0.00150000006 0.3998635656
v 0.03206008196 0.00150000006 0.3933680517
v 0.02650869846 0.00150000006 0.3878166658
v 0.02001318216 0.00150000006 0.3834071428
v 0.01961633801 0.00150000006 0.3830821973
v 0.01936316013 0.00150000006 0.3826361257
v 0.0192876327 0.00150000006 0.3821288091
v 0.01914347649 0.00150000006 0.3809810049
v 0.01864272475 0.00150000006 0.3799381906
v 0.01783708215 0.00150000006 0.3791080362
v 0.01729938745 0.00150000006 0.37887698
v 0.0167587018 0.00150000006 0.3786530191
v 0.01621511698 0.00150000006 0.3784361917
v 0.01505843043 0.00150000006 0.3784535295
v 0.01396696091 0.00150000006 0.3788368303
v 0.01305341124 0.00150000006 0.379546507
v 0.01264127731 0.00150000006 0.3798518354
v 0.01214683533 0.00150000006 0.3799882299
v 0.01163645148 0.00150000006 0.3799373895
v 0.003925420045 0.00150000006 0.3784623701
v -0.003925420046 0.00150000006 0.3784623701
v -0.01163645148 0.00150000006 0.3799373895
v -0.01214683533 0.00150000006 0.3799882299
v -0.01264127731 0.00150000006 0.3798518354
v -0.01305341125 0.00150000006 0.379546507
v -0.01396696091 0.00150000006 0.3788368303
v -0.01505843043 0.00150000006 0.3784535295
v -0.01621511698 0.00150000006 0.3784361917
v -0.0167587018 0.00150000006 0.3786530191
v -0.01729938746 0.00150000006 0.37887698
v -0.01783708215 0.00150000006 0.3791080362
v -0.01864272475 0.00150000006 0.3799381906
v -0.01914347649 0.00150000006 0.3809810049
v -0.0192876327 0.00150000006 0.3821288091
v -0.01936316013 0.00150000006 0.3826361257
v -0.01961633802 0.00150000006 0.3830821973
v -0.02001318216 0.00150000006 0.3834071428
v -0.02650869846 0.00150000006 0.3878166658
v -0.03206008196 0.00150000006 0.3933680517
v -0.03646960974 0.00150000006 0.3998635656
v -0.03679455757 0.00150000006 0.4002604181
v -0.03724062681 0.00150000006 0.40051359
v -0.0377479434 0.00150000006 0.400589121
v -0.03889574289 0.00150000006 0.4007332784
v -0.03993856192 0.00150000006 0.4012340242
v -0.04076871872 0.00150000006 0.4020396692
v -0.04099977016 0.00150000006 0.4025773603
v -0.04122373104 0.00150000006 0.403118046
v -0.04144055843 0.00150000006 0.4036616308
v -0.0414232254 0.00150000006 0.4048183233
v -0.04103992462 0.00150000006 0.405909794
v -0.04033024311 0.00150000006 0.4068233377
v -0.04002491951 0.00150000006 0.4072354776
v -0.03988852739 0.00150000006 0.4077299196
v -0.03993936539 0.00150000006 0.4082402975
v -0.04141438484 0.00150000006 0.4159513361
v -0.04141438484 0.00150000006 0.4238021738
v -0.03993936539 0.00150000006 0.4315132028
v -0.03988852739 0.00150000006 0.4320235902
v -0.04002491951 0.00150000006 0.4325180322
v -0.04033024311 0.00150000006 0.4329301721
v -0.04103992462 0.00150000006 0.4338437158
v -0.0414232254 0.00150000006 0.434935177
v -0.04144055843 0.00150000006 0.4360918695
v -0.04122373104 0.00150000006 0.4366354448
v -0.04099977016 0.00150000006 0.43717614
v -0.04076871872 0.00150000006 0.4377138406
v -0.03993856192 0.00150000006 0.4385194856
v -0.03889574289 0.00150000006 0.4390202219
v -0.0377479434 0.00150000006 0.4391643793
v -0.03724062681 0.00150000006 0.4392399103
v -0.03679455757 0.00150000006 0.4394930917
v -0.03646960974 0.00150000006 0.4398899347
v -0.03206008196 0.00150000006 0.4463854486
v -0.02650869846 0.00150000006 0.451936825
v -0.02001318216 0.00150000006 0.456346367
v -0.01961633801 0.00150000006 0.456671303
v -0.01936316013 0.00150000006 0.4571173746
v -0.0192876327 0.00150000006 0.4576246912
v -0.01914347649 0.00150000006 0.4587724954
v -0.01864272475 0.00150000006 0.4598153192
v -0.01783708215 0.00150000006 0.4606454736
v -0.01729938745 0.00150000006 0.4608765299
v -0.0167587018 0.00150000006 0.4611004907
v -0.01621511698 0.00150000006 0.4613173181
v -0.01505843043 0.00150000006 0.4612999803
v -0.01396696091 0.00150000006 0.4609166795
v -0.01305341124 0.00150000006 0.4602069933
v -0.01264127731 0.00150000006 0.4599016649
v -0.01214683533 0.00150000006 0.4597652704
v -0.01163645148 0.00150000006 0.4598161203
v -0.01040827513 0.00150000006 0.4601536447
v -0.009170340895 0.00150000006 0.4604534036
v -0.007923809289 0.00150000006 0.46071513
v -0.007757491469 0.00150000006 0.4607897073
v -0.007641528844 0.00150000006 0.4609303362
v -0.007599999904 0.00150000006 0.4611078149
v -0.007599999904 0.00150000006 0.4619510919
v -0.00742185533 0.00150000006 0.4626847917
v -0.006927091479 0.00150000006 0.4632551271
v -0.006225882172 0.00150000006 0.4635350687
v -0.002081476748 0.00150000006 0.463927601
v 0.002081476748 0.00150000006 0.463927601
v 0.006225882173 0.00150000006 0.4635350687
v 0.00692709148 0.00150000006 0.4632551271
v 0.007421855331 0.00150000006 0.4626847917
v 0.007599999905 0.00150000006 0.4619510919
v 0.007599999905 0.00150000006 0.4611078149
v 0.007641528845 0.00150000006 0.4609303362
v 0.00775749147 0.00150000006 0.4607897073
v 0.00792380929 0.00150000006 0.46071513
v 0.009170340896 0.00150000006 0.4604534036
v 0.01040827513 0.00150000006 0.4601536447
v 0.01163645148 0.00150000006 0.4598161203
v 0.01214683533 0.00150000006 0.4597652704
v 0.01264127731 0.00150000006 0.4599016649
v 0.01305341125 0.00150000006 0.4602069933
v 0.01396696091 0.00150000006 0.4609166795
v 0.01505843043 0.00150000006 0.4612999803
v 0.01744002104 0.00150000006 0.3819976885
v 0.01656502128 0.00150000006 0.3835132391
v 0.01481502056 0.00150000006 0.3835132391
v 0.0139400208 0.00150000006 0.3819976885
v 0.01481502056 0.00150000006 0.3804821474
v 0.01656502128 0.00150000006 0.3804821474
v -0.03612905979 0.00150000006 0.4355667764
v -0.03700406075 0.00150000006 0.4370823175
v -0.03875406027 0.00150000006 0.4370823175
v -0.03962906122 0.00150000006 0.4355667764
v -0.03875406027 0.00150000006 0.4340512354
v -0.03700406075 0.00150000006 0.4340512354
v -0.03612905979 0.00150000006 0.4041867334
v -0.03700406075 0.00150000006 0.4057022745
v -0.03875406027 0.00150000006 0.4057022745
v -0.03962906122 0.00150000006 0.4041867334
v -0.03875406027 0.00150000006 0.4026711828
v -0.03700406075 0.00150000006 0.4026711828
v -0.0139400208 0.00150000006 0.4577558214
v -0.01481502056 0.00150000006 0.4592713625
v -0.01656502128 0.00150000006 0.4592713625
v -0.01744002104 0.00150000006 0.4577558214
v -0.01656502128 0.00150000006 0.4562402612
v -0.01481502056 0.00150000006 0.4562402612
v 0.03962906122 0.00150000006 0.4355667764
v 0.03875406027 0.00150000006 0.4370823175
v 0.03700406075 0.00150000006 0.4370823175
v 0.03612905979 0.00150000006 0.4355667764
v 0.03700406075 0.00150000006 0.4340512354
v 0.03875406027 0.00150000006 0.4340512354
v 0.01744002104 0.00150000006 0.4577558214
v 0.01656502128 0.00150000006 0.4592713625
v 0.01481502056 0.00150000006 0.4592713625
v 0.0139400208 0.00150000006 0.4577558214
v 0.01481502056 0.00150000006 0.4562402612
v 0.01656502128 0.00150000006 0.4562402612
v 0.03962906122 0.00150000006 0.4041867334
v 0.03875406027 0.00150000006 0.4057022745
v 0.03700406075 0.00150000006 0.4057022745
v 0.03612905979 0.00150000006 0.4041867334
v 0.03700406075 0.00150000006 0.4026711828
v 0.03875406027 0.00150000006 0.4026711828
v 0.02650000095 0.00150000006 0.4198767549
v 0.02551730871 0.00150000006 0.427026375
v 0.02264211416 0.00150000006 0.433645733
v 0.01808765888 0.00150000006 0.4392438966
v 0.01219172359 0.00150000006 0.4434057123
v 0.005391584635 0.00150000006 0.4458224756
v -0.001808423996 0.00150000006 0.4463149721
v -0.008874309659 0.00150000006 0.444846676
v -0.01528202891 0.00150000006 0.4415264589
v -0.02055634975 0.00150000006 0.4366005785
v -0.02430609941 0.00150000006 0.4304343874
v -0.02625317812 0.00150000006 0.4234851724
v -0.02625317812 0.00150000006 0.4162683374
v -0.02430609941 0.00150000006 0.4093191225
v -0.02055634975 0.00150000006 0.4031529218
v -0.01528202891 0.00150000006 0.3982270509
v -0.008874309659 0.00150000006 0.3949068338
v -0.001808423996 0.00150000006 0.3934385282
v 0.005391584634 0.00150000006 0.3939310247
v 0.01219172358 0.00150000006 0.3963477976
v 0.01808765888 0.00150000006 0.4005096037
v 0.02264211416 0.00150000006 0.4061077768
v 0.02551730871 0.00150000006 0.4127271349
v -0.0139400208 0.00150000006 0.3819976885
v -0.01481502056 0.00150000006 0.3835132391
v -0.01656502128 0.00150000006 0.3835132391
v -0.01744002104 0.00150000006 0.3819976885
v -0.01656502128 0.00150000006 0.3804821474
v -0.01481502056 0.00150000006 0.3804821474
v -0.04133203983 -0.0002355000004 0.4631522066
v -0.04012942791 -0.0002355000004 0.4622784692
v -0.04058878422 -0.0002355000004 0.4608647043
v -0.04207529545 -0.0002355000004 0.4608647043
v -0.04253465176 -0.0002355000004 0.4622784692
v -0.04133203983 -0.008000000119 0.4606232149
v -0.04012942791 -0.008000000119 0.4614969522
v -0.04058878422 -0.008000000119 0.4629107172
v -0.04207529545 -0.008000000119 0.4629107172
v -0.04253465176 -0.008000000119 0.4614969522
v -0.04058878422 -0.0002355000004 0.4608647043
v -0.04133203983 -0.008000000119 0.4606232149
v -0.1595713234 -0.008000000119 0.4613769228
v -0.1607739449 -0.008000000119 0.4622506601
v -0.160314579 -0.008000000119 0.4636644251
v -0.1588280773 -0.008000000119 0.4636644251
v -0.158368721 -0.008000000119 0.4622506601
v -0.1595537949 -0.008000000119 0.4653913576
v -0.1615034294 -0.008000000119 0.4645983202
v -0.1623212814 -0.008000000119 0.4626589471
v -0.1615282249 -0.008000000119 0.4607093126
v -0.1595888615 -0.008000000119 0.4598914797
v -0.1576392174 -0.008000000119 0.4606845171
v -0.1568213844 -0.008000000119 0.4626238901
v -0.1576144314 -0.008000000119 0.4645735246
v -0.08074513435 -1.973355577e-17 0.4636389429
v -0.08204417229 -1.989264203e-17 0.4628889543
v -0.08204417229 -1.989264203e-17 0.4613889391
v -0.08074513435 -1.973355577e-17 0.4606389505
v -0.07944609642 -1.95744695e-17 0.4613889391
v -0.07944609642 -1.95744695e-17 0.4628889543
v -0.08072760582 -1.973140914e-17 0.4648888857
v -0.07878823757 -1.949390503e-17 0.4640710527
v -0.07799519062 -1.939678479e-17 0.4621214182
v -0.07881302834 -1.949694102e-17 0.4601820451
v -0.08076266289 -1.973570239e-17 0.4593890077
v -0.0827020359 -1.997320709e-17 0.4602068407
v -0.08349508285 -2.007032733e-17 0.4621564752
v -0.08267724037 -1.997017051e-17 0.4640958482
v -0.08074513435 -0.008000000119 0.4608744508
v -0.08194774628 -0.008000000119 0.4617481882
v -0.08148838997 -0.008000000119 0.4631619531
v -0.08000187874 -0.008000000119 0.4631619531
v -0.0795425272 -0.008000000119 0.4617481882
v -0.08072760582 -0.008000000119 0.4648888857
v -0.08267724037 -0.008000000119 0.4640958482
v -0.08349508285 -0.008000000119 0.4621564752
v -0.0827020359 -0.008000000119 0.4602068407
v -0.08076266289 -0.008000000119 0.4593890077
v -0.07881302834 -0.008000000119 0.4601820451
v -0.07799519062 -0.008000000119 0.4621214182
v -0.07878823757 -0.008000000119 0.4640710527
v -0.09304857254 -2.124029239e-17 0.4162062914
v -0.09434761047 -2.139937865e-17 0.4154563028
v -0.09434761047 -2.139937865e-17 0.4139563066
v -0.09304857254 -2.124029239e-17 0.413206299
v -0.09174953461 -2.108120612e-17 0.4139563066
v -0.09174953461 -2.108120612e-17 0.4154563028
v -0.09327881813 -2.126848934e-17 0.4119659502
v -0.09514909744 -2.149753249e-17 0.4129313928
v -0.09578891754 -2.157588786e-17 0.4149365503
v -0.09482348442 -2.14576564e-17 0.4168068201
v -0.09281832695 -2.121209543e-17 0.4174466402
v -0.09094804764 -2.098305228e-17 0.4164812166
v -0.09030822754 -2.090469691e-17 0.4144760591
v -0.0912736702 -2.102292954e-17 0.4126057703
v -0.04716596603 0.004603567123 0.4048560411
v -0.04888315201 0.004077256322 0.4050549108
v -0.05074721813 0.003000000119 0.4048487074
v -0.05717898846 0.003000000119 0.4059601671
v -0.06362601757 0.003000000119 0.4069793874
v -0.07008698463 0.003000000119 0.4079061586
v -0.06516136169 0.003569898903 0.4110057336
v -0.06042287827 0.005257943869 0.413987549
v -0.05605156899 0.008000000119 0.4167383272
v -0.05493816853 0.008000000119 0.4150798685
v -0.05372870445 0.008000000119 0.4134901125
v -0.05242739677 0.008000000119 0.4119746095
v -0.05368012905 0.00699428916 0.4112089044
v -0.05436766148 0.006055942178 0.4098726064
v -0.05422250748 0.005268236995 0.4083032114
v -0.05322883606 0.004765512943 0.4070639497
v -0.05172986984 0.004882726967 0.4065811235
v -0.0504069376 0.005736719966 0.4068885404
v -0.04950033188 0.006868313551 0.4076428682
v -0.04899437428 0.008000000119 0.4087020189
v -0.04867908478 0.008000000119 0.4084443361
v -0.04836071491 0.008000000119 0.4081904775
v -0.04803930759 0.008000000119 0.4079404623
v -0.04753106594 0.006377913952 0.406054743
v -0.05718011856 0.00415119797 0.4077937585
v -0.05030889988 0.004435316622 0.4056859857
v -0.04797660828 0.005669867992 0.4057374746
v -0.05366343498 0.004297374785 0.4066551763
v -0.06103983402 0.003945892155 0.4092478735
v -0.05791072369 0.005139902234 0.4106248552
v -0.05490262508 0.006730492711 0.4118635446
v -0.0543128109 0.005361945033 0.408517893
v -0.04846889973 0.006944950223 0.4070743829
v -0.03206400633 -0.00200000003 0.3918734819
v -0.03086139441 -0.00200000003 0.3927472288
v -0.03132075071 -0.00200000003 0.3941609842
v -0.03280725956 -0.00200000003 0.3941609842
v -0.03326661587 -0.00200000003 0.3927472288
v -0.03206400633 -0.001240211725 0.3931379778
v -0.03206400633 -0.001240211725 0.3931379778
v -0.03206400633 -0.001240211725 0.3931379778
v -0.03206400633 -0.001240211725 0.3931379778
v -0.03206400633 -0.001240211725 0.3931379778
v -0.03206400633 -0.001240211725 0.3931379778
v -0.03206400633 -0.001240211725 0.3931379778
v -0.03132075071 -0.00200000003 0.3941609842
v -0.03206400633 -0.001240211725 0.3931379778
v 0.04076871872 0.008000000119 0.4377138406
v 0.04076871872 0.00150000006 0.4377138406
v 0.03993856192 0.00150000006 0.4385194856
v 0.03889574289 0.00150000006 0.4390202219
v 0.0377479434 0.00150000006 0.4391643793
v 0.0377479434 0.008000000119 0.4391643793
v 0.03889574289 0.008000000119 0.4390202219
v 0.03993856192 0.008000000119 0.4385194856
v 0.01621511698 0.008000000119 0.4613173181
v 0.01621511698 0.00150000006 0.4613173181
v 0.01505843043 0.00150000006 0.4612999803
v 0.01396696091 0.00150000006 0.4609166795
v 0.01305341125 0.00150000006 0.4602069933
v 0.01305341125 0.008000000119 0.4602069933
v 0.01396696091 0.008000000119 0.4609166795
v 0.01505843043 0.008000000119 0.4612999803
v 0.04301543236 -4.577257577e-18 0.4084784013
v 0.04273492813 -4.611609438e-18 0.4105643922
v 0.04106156826 -4.816536919e-18 0.411841057
v 0.03897558689 -5.071995959e-18 0.4115605432
v 0.03769891977 -5.228342589e-18 0.4098871881
v 0.037979424 -5.193990729e-18 0.4078012067
v 0.03965278387 -4.989063248e-18 0.4065245325
v 0.04173876762 -4.733603915e-18 0.4068050367
v 0.04301543236 -4.577257577e-18 0.4084784013
v 0.04301543236 -0.008000000119 0.4084784013
v 0.04173876762 -0.008000000119 0.4068050367
v 0.03965278387 -0.008000000119 0.4065245325
v 0.037979424 -0.008000000119 0.4078012067
v 0.03769891977 -0.008000000119 0.4098871881
v 0.03897558689 -0.008000000119 0.4115605432
v 0.04106156826 -0.008000000119 0.411841057
v 0.04273492813 -0.008000000119 0.4105643922
v 0.04301543236 -0.008000000119 0.4084784013
v 0.03897558689 -5.071995959e-18 0.4115605432
v 0.03897558689 -0.008000000119 0.4115605432
v -0.03417600632 -1.403048241e-17 0.3913767416
v -0.03417600632 -0.008000000119 0.3913767416
v -0.02844320774 -0.008000000119 0.3856534559
v -0.021767869 -0.008000000119 0.3810642511
v -0.01437119007 -0.008000000119 0.3777612096
v -0.00649828434 -0.008000000119 0.3758537752
v 0.001589959561 -0.008000000119 0.3754051668
v 0.009625515937 -0.008000000119 0.3764302427
v 0.009625515937 -8.666343004e-18 0.3764302427
v 0.001589959561 -9.650414844e-18 0.3754051668
v -0.00649828434 -1.064093904e-17 0.3758537752
v -0.01437119007 -1.160509192e-17 0.3777612096
v -0.021767869 -1.251092384e-17 0.3810642511
v -0.02844320774 -1.332841706e-17 0.3856534559
v 0.02803064346 -0.00200000003 0.4495532495
v 0.029233253 -0.00200000003 0.4504270059
v 0.02877389669 -0.00200000003 0.4518407518
v 0.02728738785 -0.00200000003 0.4518407518
v 0.02682803154 -0.00200000003 0.4504270059
v 0.02803064346 -0.001240211725 0.4508177454
v 0.02803064346 -0.001240211725 0.4508177454
v 0.02803064346 -0.001240211725 0.4508177454
v 0.02803064346 -0.001240211725 0.4508177454
v 0.02803064346 -0.001240211725 0.4508177454
v 0.02803064346 -0.001240211725 0.4508177454
v 0.02803064346 -0.001240211725 0.4508177454
v 0.02877389669 -0.00200000003 0.4518407518
v 0.02803064346 -0.001240211725 0.4508177454
v -0.0139400208 0.00150000006 0.3819976885
v -0.01481502056 0.00150000006 0.3804821474
v -0.01656502128 0.00150000006 0.3804821474
v -0.01744002104 0.00150000006 0.3819976885
v -0.01656502128 0.00150000006 0.3835132391
v -0.01481502056 0.00150000006 0.3835132391
v -0.0139400208 -1.155228892e-17 0.3819976885
v -0.01481502056 -1.165944548e-17 0.3835132391
v -0.01656502128 -1.187375876e-17 0.3835132391
v -0.01744002104 -1.198091533e-17 0.3819976885
v -0.01656502128 -1.187375876e-17 0.3804821474
v -0.01481502056 -1.165944548e-17 0.3804821474
v -0.0139400208 -1.155228892e-17 0.3819976885
v -0.0139400208 0.00150000006 0.3819976885
v -0.04076871872 0.008000000119 0.4020396692
v -0.04076871872 0.00150000006 0.4020396692
v -0.03993856192 0.00150000006 0.4012340242
v -0.03889574289 0.00150000006 0.4007332784
v -0.0377479434 0.00150000006 0.400589121
v -0.0377479434 0.008000000119 0.400589121
v -0.03889574289 0.008000000119 0.4007332784
v -0.03993856192 0.008000000119 0.4012340242
v -0.1201582336 -2.456026835e-17 0.4638901788
v -0.1188591957 -2.440118209e-17 0.4631401903
v -0.1188591957 -2.440118209e-17 0.461640175
v -0.1201582336 -2.456026835e-17 0.4608901865
v -0.1214572716 -2.471935462e-17 0.461640175
v -0.1214572716 -2.471935462e-17 0.4631401903
v -0.1201582336 -0.0002355000004 0.4636546785
v -0.1213608456 -0.0002355000004 0.4627809412
v -0.1209014893 -0.0002355000004 0.4613671762
v -0.119414978 -0.0002355000004 0.4613671762
v -0.1189556217 -0.0002355000004 0.4627809412
v -0.1201582336 -2.456026835e-17 0.4608901865
v -0.1209014893 -0.0002355000004 0.4613671762
v -0.1347424793 -2.634632333e-17 0.4178101808
v -0.1360415173 -2.65054096e-17 0.4170601923
v -0.1360415173 -2.65054096e-17 0.4155601961
v -0.1347424793 -2.634632333e-17 0.4148101885
v -0.1334434414 -2.618723707e-17 0.4155601961
v -0.1334434414 -2.618723707e-17 0.4170601923
v -0.1347234344 -2.634399101e-17 0.4135602457
v -0.1366735077 -2.65828061e-17 0.414352215
v -0.1374924088 -2.668309256e-17 0.4162911493
v -0.1367004395 -2.658610429e-17 0.4182412225
v -0.1347615242 -2.634865566e-17 0.4190601236
v -0.132811451 -2.610984056e-17 0.4182681543
v -0.1319925404 -2.600955294e-17 0.416329239
v -0.1327845097 -2.610654121e-17 0.4143791658
v -0.1201407051 -2.455812173e-17 0.4651401216
v -0.1220903397 -2.47968831e-17 0.4643470842
v -0.1229081726 -2.489703875e-17 0.4624077112
v -0.1221151352 -2.479991968e-17 0.4604580766
v -0.1201757622 -2.456241498e-17 0.4596402437
v -0.1182261276 -2.432365361e-17 0.4604332811
v -0.1174082851 -2.422349679e-17 0.4623726541
v -0.1182013321 -2.432061703e-17 0.4643222887
v -0.1201407051 -2.455812173e-17 0.4651401216
v -0.1201407051 -0.008000000119 0.4651401216
v -0.1182013321 -0.008000000119 0.4643222887
v -0.1174082851 -0.008000000119 0.4623726541
v -0.1182261276 -0.008000000119 0.4604332811
v -0.1201757622 -0.008000000119 0.4596402437
v -0.1221151352 -0.008000000119 0.4604580766
v -0.1229081726 -0.008000000119 0.4624077112
v -0.1220903397 -0.008000000119 0.4643470842
v -0.1201407051 -0.008000000119 0.4651401216
v -0.1221151352 -0.008000000119 0.4604580766
v -0.1221151352 -2.479991968e-17 0.4604580766
v -0.07799513817 0.003000000119 0.4621389467
v -0.07880059242 0.003000000119 0.4601944048
v -0.08074513435 0.003000000119 0.4593889505
v -0.08268967628 0.003000000119 0.4601944048
v -0.08349514008 0.003000000119 0.4621389467
v -0.08268967628 0.003000000119 0.4640834886
v -0.08074513435 0.003000000119 0.4648889429
v -0.07880059242 0.003000000119 0.4640834886
v -0.08072760582 -1.973140914e-17 0.4648888857
v -0.08267724037 -1.997017051e-17 0.4640958482
v -0.08349508285 -2.007032733e-17 0.4621564752
v -0.0827020359 -1.997320709e-17 0.4602068407
v -0.08076266289 -1.973570239e-17 0.4593890077
v -0.07881302834 -1.949694102e-17 0.4601820451
v -0.07799519062 -1.939678479e-17 0.4621214182
v -0.07878823757 -1.949390503e-17 0.4640710527
v -0.07799519062 -1.939678479e-17 0.4621214182
v -0.07799513817 0.003000000119 0.4621389467
v -0.1320033264 0.003000000119 0.4160661966
v -0.1320980263 0.003000000119 0.4155556184
v -0.1322870255 0.003000000119 0.415071953
v -0.1325635719 0.003000000119 0.4146324236
v -0.1342306614 0.003054093719 0.4136082346
v -0.1361301041 0.003383096457 0.4139359361
v -0.137331953 0.003954487741 0.4153843767
v -0.1373038101 0.004281200767 0.4173112184
v -0.13602005 0.003955066204 0.4187454111
v -0.134154644 0.003383583128 0.418996647
v -0.1325347233 0.003054149151 0.4179497987
v -0.1347234344 -2.634399101e-17 0.4135602457
v -0.1327845097 -2.610654121e-17 0.4143791658
v -0.1319925404 -2.600955294e-17 0.416329239
v -0.132811451 -2.610984056e-17 0.4182681543
v -0.1347615242 -2.634865566e-17 0.4190601236
v -0.1367004395 -2.658610429e-17 0.4182412225
v -0.1374924088 -2.668309256e-17 0.4162911493
v -0.1366735077 -2.65828061e-17 0.414352215
v -0.1319925404 -2.600955294e-17 0.416329239
v -0.1325347233 0.003054149151 0.4179497987
v -0.1595537949 -2.938483315e-17 0.4653913576
v -0.1615034294 -2.962359452e-17 0.4645983202
v -0.1623212814 -2.972375251e-17 0.4626589471
v -0.1615282249 -2.96266311e-17 0.4607093126
v -0.1595888615 -2.938912757e-17 0.4598914797
v -0.1576392174 -2.915036503e-17 0.4606845171
v -0.1568213844 -2.905020938e-17 0.4626238901
v -0.1576144314 -2.914732962e-17 0.4645735246
v -0.1568213272 0.008000000119 0.4626414186
v -0.1576267815 0.008000000119 0.4606968767
v -0.1595713234 0.008000000119 0.4598914224
v -0.1615158653 0.008000000119 0.4606968767
v -0.1623213196 0.008000000119 0.4626414186
v -0.1615158653 0.008000000119 0.4645859605
v -0.1595713234 0.008000000119 0.4653914148
v -0.1576267815 0.008000000119 0.4645859605
v -0.1568213272 0.008000000119 0.4626414186
v -0.1568213844 -2.905020938e-17 0.4626238901
v -0.05242739677 0.008000000119 0.4119746095
v -0.05056321144 0.008000000119 0.4118472559
v -0.04921073914 0.008000000119 0.4105579836
v -0.04899437428 0.008000000119 0.4087020189
v -0.04950033188 0.006868313551 0.4076428682
v -0.0504069376 0.005736719966 0.4068885404
v -0.05172986984 0.004882726967 0.4065811235
v -0.05322883606 0.004765512943 0.4070639497
v -0.05422250748 0.005268236995 0.4083032114
v -0.05436766148 0.006055942178 0.4098726064
v -0.05368012905 0.00699428916 0.4112089044
v -0.05214923382 -1.623156796e-17 0.4066223127
v -0.050094347 -1.59799169e-17 0.407077778
v -0.0489633894 -1.584141454e-17 0.4088528711
v -0.04941885948 -1.589719354e-17 0.4109077531
v -0.05119395256 -1.611457975e-17 0.4120387155
v -0.05324883461 -1.636623022e-17 0.4115832407
v -0.05437979221 -1.650473258e-17 0.4098081476
v -0.05392432213 -1.644895358e-17 0.4077532655
v -0.0489633894 -1.584141454e-17 0.4088528711
v -0.04899437428 0.008000000119 0.4087020189
v -0.01621511698 0.008000000119 0.4613173181
v -0.01621511698 0.00150000006 0.4613173181
v -0.0167587018 0.00150000006 0.4611004907
v -0.01729938745 0.00150000006 0.4608765299
v -0.01783708215 0.00150000006 0.4606454736
v -0.01783708215 0.008000000119 0.4606454736
v -0.01729938745 0.008000000119 0.4608765299
v -0.0167587018 0.008000000119 0.4611004907
v -0.03206400633 -0.008000000119 0.3918734819
v -0.03086139441 -0.008000000119 0.3927472288
v -0.03132075071 -0.008000000119 0.3941609842
v -0.03280725956 -0.008000000119 0.3941609842
v -0.03326661587 -0.008000000119 0.3927472288
v -0.03206400633 -0.00200000003 0.3918734819
v -0.03326661587 -0.00200000003 0.3927472288
v -0.03280725956 -0.00200000003 0.3941609842
v -0.03132075071 -0.00200000003 0.3941609842
v -0.03086139441 -0.00200000003 0.3927472288
v -0.03280725956 -0.00200000003 0.3941609842
v -0.03280725956 -0.008000000119 0.3941609842
v 0.03646960974 0.008000000119 0.4398899347
v 0.03679455757 0.008000000119 0.4394930917
v 0.03724062681 0.008000000119 0.4392399103
v 0.0377479434 0.008000000119 0.4391643793
v 0.0377479434 0.00150000006 0.4391643793
v 0.03724062681 0.00150000006 0.4392399103
v 0.03679455757 0.00150000006 0.4394930917
v 0.03646960974 0.00150000006 0.4398899347
v 0.04076871872 0.00150000006 0.4377138406
v 0.04076871872 0.008000000119 0.4377138406
v 0.04099977016 0.008000000119 0.43717614
v 0.04122373104 0.008000000119 0.4366354448
v 0.04144055843 0.008000000119 0.4360918695
v 0.04144055843 0.00150000006 0.4360918695
v 0.04122373104 0.00150000006 0.4366354448
v 0.04099977016 0.00150000006 0.43717614
v 0.04033024311 0.008000000119 0.4329301721
v 0.04002491951 0.008000000119 0.4325180322
v 0.03988852739 0.008000000119 0.4320235902
v 0.03993936539 0.008000000119 0.4315132028
v 0.03993936539 0.00150000006 0.4315132028
v 0.03988852739 0.00150000006 0.4320235902
v 0.04002491951 0.00150000006 0.4325180322
v 0.04033024311 0.00150000006 0.4329301721
v 0.01783708215 0.00150000006 0.4606454736
v 0.01783708215 0.008000000119 0.4606454736
v 0.01864272475 0.008000000119 0.4598153192
v 0.01914347649 0.008000000119 0.4587724954
v 0.0192876327 0.008000000119 0.4576246912
v 0.0192876327 0.00150000006 0.4576246912
v 0.01914347649 0.00150000006 0.4587724954
v 0.01864272475 0.00150000006 0.4598153192
v 0.04035717487 -0.008000000119 0.4079182893
v 0.03915456533 -0.008000000119 0.4087920457
v 0.03961392164 -0.008000000119 0.4102057916
v 0.04110043049 -0.008000000119 0.4102057916
v 0.0415597868 -0.008000000119 0.4087920457
v 0.04301543236 -0.008000000119 0.4084784013
v 0.04273492813 -0.008000000119 0.4105643922
v 0.04106156826 -0.008000000119 0.411841057
v 0.03897558689 -0.008000000119 0.4115605432
v 0.03769891977 -0.008000000119 0.4098871881
v 0.037979424 -0.008000000119 0.4078012067
v 0.03965278387 -0.008000000119 0.4065245325
v 0.04173876762 -0.008000000119 0.4068050367
v -0.03417600632 -0.008000000119 0.3913767416
v -0.03417600632 -1.403048241e-17 0.3913767416
v -0.03710906267 -1.438967821e-17 0.3953172857
v -0.03958992243 -1.469349591e-17 0.3995571024
v -0.04158834934 -1.493823262e-17 0.404044531
v -0.04158834934 -0.008000000119 0.404044531
v -0.03958992243 -0.008000000119 0.3995571024
v -0.03710906267 -0.008000000119 0.3953172857
v 0.04035717487 -0.00200000003 0.4079182893
v 0.0415597868 -0.00200000003 0.4087920457
v 0.04110043049 -0.00200000003 0.4102057916
v 0.03961392164 -0.00200000003 0.4102057916
v 0.03915456533 -0.00200000003 0.4087920457
v 0.04035717487 -0.001240211725 0.4091827947
v 0.04035717487 -0.001240211725 0.4091827947
v 0.04035717487 -0.001240211725 0.4091827947
v 0.04035717487 -0.001240211725 0.4091827947
v 0.04035717487 -0.001240211725 0.4091827947
v 0.04035717487 -0.001240211725 0.4091827947
v 0.04035717487 -0.001240211725 0.4091827947
v 0.04110043049 -0.00200000003 0.4102057916
v 0.04035717487 -0.001240211725 0.4091827947
v 0.009625515937 -8.666343004e-18 0.3764302427
v 0.01134980202 -8.455178861e-18 0.3776372415
v 0.01171557784 -8.410384242e-18 0.3797099764
v 0.01050857782 -8.558199113e-18 0.3814342577
v 0.008435845375 -8.812035629e-18 0.3818000299
v 0.006711559891 -9.023199699e-18 0.3805930311
v 0.006345784068 -9.067994318e-18 0.3785203058
v 0.007552784085 -8.920179447e-18 0.3767960149
v 0.009625515937 -8.666343004e-18 0.3764302427
v 0.009625515937 -0.008000000119 0.3764302427
v 0.007552784085 -0.008000000119 0.3767960149
v 0.006345784068 -0.008000000119 0.3785203058
v 0.006711559891 -0.008000000119 0.3805930311
v 0.008435845375 -0.008000000119 0.3818000299
v 0.01050857782 -0.008000000119 0.3814342577
v 0.01171557784 -0.008000000119 0.3797099764
v 0.01134980202 -0.008000000119 0.3776372415
v 0.009625515937 -0.008000000119 0.3764302427
v 0.01050857782 -8.558199113e-18 0.3814342577
v 0.01050857782 -0.008000000119 0.3814342577
v 0.02803064346 -0.008000000119 0.4495532495
v 0.029233253 -0.008000000119 0.4504270059
v 0.02877389669 -0.008000000119 0.4518407518
v 0.02728738785 -0.008000000119 0.4518407518
v 0.02682803154 -0.008000000119 0.4504270059
v 0.02803064346 -0.00200000003 0.4495532495
v 0.02682803154 -0.00200000003 0.4504270059
v 0.02728738785 -0.00200000003 0.4518407518
v 0.02877389669 -0.00200000003 0.4518407518
v 0.029233253 -0.00200000003 0.4504270059
v 0.02728738785 -0.00200000003 0.4518407518
v 0.02728738785 -0.008000000119 0.4518407518
v -0.03612905979 0.00150000006 0.4355667764
v -0.03700406075 0.00150000006 0.4340512354
v -0.03875406027 0.00150000006 0.4340512354
v -0.03962906122 0.00150000006 0.4355667764
v -0.03875406027 0.00150000006 0.4370823175
v -0.03700406075 0.00150000006 0.4370823175
v -0.03612905979 -1.426966248e-17 0.4355667764
v -0.03700406075 -1.437681919e-17 0.4370823175
v -0.03875406027 -1.459113232e-17 0.4370823175
v -0.03962906122 -1.469828903e-17 0.4355667764
v -0.03875406027 -1.459113232e-17 0.4340512354
v -0.03700406075 -1.437681919e-17 0.4340512354
v -0.03612905979 -1.426966248e-17 0.4355667764
v -0.03612905979 0.00150000006 0.4355667764
v -0.04144055843 0.00150000006 0.4036616308
v -0.04144055843 0.008000000119 0.4036616308
v -0.0414232254 0.008000000119 0.4048183233
v -0.04103992462 0.008000000119 0.405909794
v -0.04033024311 0.008000000119 0.4068233377
v -0.04033024311 0.00150000006 0.4068233377
v -0.04103992462 0.00150000006 0.405909794
v -0.0414232254 0.00150000006 0.4048183233
v -0.1201582336 -0.0002355000004 0.4636546785
v -0.1189556217 -0.0002355000004 0.4627809412
v -0.119414978 -0.0002355000004 0.4613671762
v -0.1209014893 -0.0002355000004 0.4613671762
v -0.1213608456 -0.0002355000004 0.4627809412
v -0.1201582336 -0.008000000119 0.4611256868
v -0.1189556217 -0.008000000119 0.4619994241
v -0.119414978 -0.008000000119 0.4634131891
v -0.1209014893 -0.008000000119 0.4634131891
v -0.1213608456 -0.008000000119 0.4619994241
v -0.119414978 -0.0002355000004 0.4613671762
v -0.1201582336 -0.008000000119 0.4611256868
v -0.1347424793 -0.0002355000004 0.4175746805
v -0.1335398674 -0.0002355000004 0.4167009432
v -0.1339992237 -0.0002355000004 0.4152871782
v -0.1354857349 -0.0002355000004 0.4152871782
v -0.1359450912 -0.0002355000004 0.4167009432
v -0.1347424793 -0.008000000119 0.4150456888
v -0.1335398674 -0.008000000119 0.4159194452
v -0.1339992237 -0.008000000119 0.4173331911
v -0.1354857349 -0.008000000119 0.4173331911
v -0.1359450912 -0.008000000119 0.4159194452
v -0.1339992237 -0.0002355000004 0.4152871782
v -0.1347424793 -0.008000000119 0.4150456888
v -0.05214923382 -1.623156796e-17 0.4066223127
v -0.050094347 -1.59799169e-17 0.407077778
v -0.0489633894 -1.584141454e-17 0.4088528711
v -0.04941885948 -1.589719354e-17 0.4109077531
v -0.05119395256 -1.611457975e-17 0.4120387155
v -0.05324883461 -1.636623022e-17 0.4115832407
v -0.05437979221 -1.650473258e-17 0.4098081476
v -0.05392432213 -1.644895358e-17 0.4077532655
v -0.05214923382 -1.623156796e-17 0.4066223127
v -0.05214923382 -0.008000000119 0.4066223127
v -0.05392432213 -0.008000000119 0.4077532655
v -0.05437979221 -0.008000000119 0.4098081476
v -0.05324883461 -0.008000000119 0.4115832407
v -0.05119395256 -0.008000000119 0.4120387155
v -0.04941885948 -0.008000000119 0.4109077531
v -0.0489633894 -0.008000000119 0.4088528711
v -0.050094347 -0.008000000119 0.407077778
v -0.05214923382 -0.008000000119 0.4066223127
v -0.05437979221 -1.650473258e-17 0.4098081476
v -0.05437979221 -0.008000000119 0.4098081476
v -0.1201582336 -0.008000000119 0.4611256868
v -0.1213608456 -0.008000000119 0.4619994241
v -0.1209014893 -0.008000000119 0.4634131891
v -0.119414978 -0.008000000119 0.4634131891
v -0.1189556217 -0.008000000119 0.4619994241
v -0.1201407051 -0.008000000119 0.4651401216
v -0.1220903397 -0.008000000119 0.4643470842
v -0.1229081726 -0.008000000119 0.4624077112
v -0.1221151352 -0.008000000119 0.4604580766
v -0.1201757622 -0.008000000119 0.4596402437
v -0.1182261276 -0.008000000119 0.4604332811
v -0.1174082851 -0.008000000119 0.4623726541
v -0.1182013321 -0.008000000119 0.4643222887
v -0.1201582336 -2.456026835e-17 0.4638901788
v -0.1214572716 -2.471935462e-17 0.4631401903
v -0.1214572716 -2.471935462e-17 0.461640175
v -0.1201582336 -2.456026835e-17 0.4608901865
v -0.1188591957 -2.440118209e-17 0.461640175
v -0.1188591957 -2.440118209e-17 0.4631401903
v -0.1201407051 -2.455812173e-17 0.4651401216
v -0.1182013321 -2.432061703e-17 0.4643222887
v -0.1174082851 -2.422349679e-17 0.4623726541
v -0.1182261276 -2.432365361e-17 0.4604332811
v -0.1201757622 -2.456241498e-17 0.4596402437
v -0.1221151352 -2.479991968e-17 0.4604580766
v -0.1229081726 -2.489703875e-17 0.4624077112
v -0.1220903397 -2.47968831e-17 0.4643470842
v -0.1595713234 -2.938697978e-17 0.4641414148
v -0.1608703613 -2.954606604e-17 0.4633914262
v -0.1608703613 -2.954606604e-17 0.461891411
v -0.1595713234 -2.938697978e-17 0.4611414224
v -0.1582722855 -2.922789351e-17 0.461891411
v -0.1582722855 -2.922789351e-17 0.4633914262
v -0.1595537949 -2.938483315e-17 0.4653913576
v -0.1576144314 -2.914732962e-17 0.4645735246
v -0.1568213844 -2.905020938e-17 0.4626238901
v -0.1576392174 -2.915036503e-17 0.4606845171
v -0.1595888615 -2.938912757e-17 0.4598914797
v -0.1615282249 -2.96266311e-17 0.4607093126
v -0.1623212814 -2.972375251e-17 0.4626589471
v -0.1615034294 -2.962359452e-17 0.4645983202
v -0.05167159081 -1.617307356e-17 0.4108305055
v -0.05297062874 -1.633215983e-17 0.4100805074
v -0.05297062874 -1.633215983e-17 0.4085805113
v -0.05167159081 -1.617307356e-17 0.4078305132
v -0.05037255287 -1.60139873e-17 0.4085805113
v -0.05037255287 -1.60139873e-17 0.4100805074
v -0.05214923382 -1.623156796e-17 0.4066223127
v -0.05392432213 -1.644895358e-17 0.4077532655
v -0.05437979221 -1.650473258e-17 0.4098081476
v -0.05324883461 -1.636623022e-17 0.4115832407
v -0.05119395256 -1.611457975e-17 0.4120387155
v -0.04941885948 -1.589719354e-17 0.4109077531
v -0.0489633894 -1.584141454e-17 0.4088528711
v -0.050094347 -1.59799169e-17 0.407077778
v -0.04076871872 0.008000000119 0.4377138406
v -0.04076871872 0.00150000006 0.4377138406
v -0.04099977016 0.00150000006 0.43717614
v -0.04122373104 0.00150000006 0.4366354448
v -0.04144055843 0.00150000006 0.4360918695
v -0.04144055843 0.008000000119 0.4360918695
v -0.04122373104 0.008000000119 0.4366354448
v -0.04099977016 0.008000000119 0.43717614
v -0.03417600632 -1.403048241e-17 0.3913767416
v -0.03231203318 -1.380221153e-17 0.3903991872
v -0.03030277014 -1.355614778e-17 0.3910259802
v -0.02932521343 -1.343643161e-17 0.3928899461
v -0.02995200634 -1.35131916e-17 0.3948992139
v -0.0318159771 -1.374146218e-17 0.3958767683
v -0.03382524252 -1.398752623e-17 0.3952499754
v -0.03480279684 -1.410724211e-17 0.3933860094
v -0.03417600632 -1.403048241e-17 0.3913767416
v -0.03417600632 -0.008000000119 0.3913767416
v -0.03480279684 -0.008000000119 0.3933860094
v -0.03382524252 -0.008000000119 0.3952499754
v -0.0318159771 -0.008000000119 0.3958767683
v -0.02995200634 -0.008000000119 0.3948992139
v -0.02932521343 -0.008000000119 0.3928899461
v -0.03030277014 -0.008000000119 0.3910259802
v -0.03231203318 -0.008000000119 0.3903991872
v -0.03417600632 -0.008000000119 0.3913767416
v -0.02932521343 -1.343643161e-17 0.3928899461
v -0.02932521343 -0.008000000119 0.3928899461
v 0.02001318216 0.008000000119 0.456346367
v 0.02650869846 0.008000000119 0.451936825
v 0.03206008196 0.008000000119 0.4463854486
v 0.03646960974 0.008000000119 0.4398899347
v 0.03646960974 0.00150000006 0.4398899347
v 0.03206008196 0.00150000006 0.4463854486
v 0.02650869846 0.00150000006 0.451936825
v 0.02001318216 0.00150000006 0.456346367
v 0.04144055843 0.00150000006 0.4360918695
v 0.04144055843 0.008000000119 0.4360918695
v 0.0414232254 0.008000000119 0.434935177
v 0.04103992462 0.008000000119 0.4338437158
v 0.04033024311 0.008000000119 0.4329301721
v 0.04033024311 0.00150000006 0.4329301721
v 0.04103992462 0.00150000006 0.4338437158
v 0.0414232254 0.00150000006 0.434935177
v 0.01783708215 0.008000000119 0.4606454736
v 0.01783708215 0.00150000006 0.4606454736
v 0.01729938746 0.00150000006 0.4608765299
v 0.0167587018 0.00150000006 0.4611004907
v 0.01621511698 0.00150000006 0.4613173181
v 0.01621511698 0.008000000119 0.4613173181
v 0.0167587018 0.008000000119 0.4611004907
v 0.01729938746 0.008000000119 0.4608765299
v 0.03993936539 0.008000000119 0.4315132028
v 0.04141438484 0.008000000119 0.4238021738
v 0.04141438484 0.008000000119 0.4159513361
v 0.03993936539 0.008000000119 0.4082402975
v 0.03993936539 0.00150000006 0.4082402975
v 0.04141438484 0.00150000006 0.4159513361
v 0.04141438484 0.00150000006 0.4238021738
v 0.03993936539 0.00150000006 0.4315132028
v 0.009030680656 -0.00200000003 0.3778506357
v 0.01023329139 -0.00200000003 0.3787243826
v 0.009773935079 -0.00200000003 0.380138138
v 0.008287426233 -0.00200000003 0.380138138
v 0.007828069925 -0.00200000003 0.3787243826
v 0.009030680656 -0.001240211725 0.3791151411
v 0.009030680656 -0.001240211725 0.3791151411
v 0.009030680656 -0.001240211725 0.3791151411
v 0.009030680656 -0.001240211725 0.3791151411
v 0.009030680656 -0.001240211725 0.3791151411
v 0.009030680656 -0.001240211725 0.3791151411
v 0.009030680656 -0.001240211725 0.3791151411
v 0.009773935079 -0.00200000003 0.380138138
v 0.009030680656 -0.001240211725 0.3791151411
v 0.04035717487 -0.008000000119 0.4079182893
v 0.0415597868 -0.008000000119 0.4087920457
v 0.04110043049 -0.008000000119 0.4102057916
v 0.03961392164 -0.008000000119 0.4102057916
v 0.03915456533 -0.008000000119 0.4087920457
v 0.04035717487 -0.00200000003 0.4079182893
v 0.03915456533 -0.00200000003 0.4087920457
v 0.03961392164 -0.00200000003 0.4102057916
v 0.04110043049 -0.00200000003 0.4102057916
v 0.0415597868 -0.00200000003 0.4087920457
v 0.03961392164 -0.00200000003 0.4102057916
v 0.03961392164 -0.008000000119 0.4102057916
v 0.009030680656 -0.008000000119 0.3778506357
v 0.007828069925 -0.008000000119 0.3787243826
v 0.008287426233 -0.008000000119 0.380138138
v 0.009773935079 -0.008000000119 0.380138138
v 0.01023329139 -0.008000000119 0.3787243826
v 0.009625515937 -0.008000000119 0.3764302427
v 0.01134980202 -0.008000000119 0.3776372415
v 0.01171557784 -0.008000000119 0.3797099764
v 0.01050857782 -0.008000000119 0.3814342577
v 0.008435845375 -0.008000000119 0.3818000299
v 0.006711559891 -0.008000000119 0.3805930311
v 0.006345784068 -0.008000000119 0.3785203058
v 0.007552784085 -0.008000000119 0.3767960149
v -0.09327881813 -0.008000000119 0.4119659502
v -0.09327881813 -2.126848934e-17 0.4119659502
v -0.10707551 -2.295809679e-17 0.4129152757
v -0.1208945942 -2.465044651e-17 0.4134468538
v -0.1347234344 -2.634399101e-17 0.4135602457
v -0.1347234344 -0.008000000119 0.4135602457
v -0.1208945942 -0.008000000119 0.4134468538
v -0.10707551 -0.008000000119 0.4129152757
v -0.02001318216 0.008000000119 0.456346367
v -0.01961633801 0.008000000119 0.456671303
v -0.01936316013 0.008000000119 0.4571173746
v -0.0192876327 0.008000000119 0.4576246912
v -0.0192876327 0.00150000006 0.4576246912
v -0.01936316013 0.00150000006 0.4571173746
v -0.01961633801 0.00150000006 0.456671303
v -0.02001318216 0.00150000006 0.456346367
v -0.01783708215 0.00150000006 0.3791080362
v -0.01783708215 0.008000000119 0.3791080362
v -0.01864272475 0.008000000119 0.3799381906
v -0.01914347649 0.008000000119 0.3809810049
v -0.0192876327 0.008000000119 0.3821288091
v -0.0192876327 0.00150000006 0.3821288091
v -0.01914347649 0.00150000006 0.3809810049
v -0.01864272475 0.00150000006 0.3799381906
v -0.1595713234 -2.938697978e-17 0.4641414148
v -0.1582722855 -2.922789351e-17 0.4633914262
v -0.1582722855 -2.922789351e-17 0.461891411
v -0.1595713234 -2.938697978e-17 0.4611414224
v -0.1608703613 -2.954606604e-17 0.461891411
v -0.1608703613 -2.954606604e-17 0.4633914262
v -0.1595713234 -0.0002355000004 0.4639059145
v -0.1607739449 -0.0002355000004 0.4630321771
v -0.160314579 -0.0002355000004 0.4616184122
v -0.1588280773 -0.0002355000004 0.4616184122
v -0.158368721 -0.0002355000004 0.4630321771
v -0.1595713234 -2.938697978e-17 0.4611414224
v -0.160314579 -0.0002355000004 0.4616184122
v -0.1174082279 0.003000000119 0.4623901827
v -0.1182136917 0.003000000119 0.4604456407
v -0.1201582336 0.003000000119 0.4596401865
v -0.1221027756 0.003000000119 0.4604456407
v -0.1229082298 0.003000000119 0.4623901827
v -0.1221027756 0.003000000119 0.4643347246
v -0.1201582336 0.003000000119 0.4651401788
v -0.1182136917 0.003000000119 0.4643347246
v -0.1201407051 -2.455812173e-17 0.4651401216
v -0.1220903397 -2.47968831e-17 0.4643470842
v -0.1229081726 -2.489703875e-17 0.4624077112
v -0.1221151352 -2.479991968e-17 0.4604580766
v -0.1201757622 -2.456241498e-17 0.4596402437
v -0.1182261276 -2.432365361e-17 0.4604332811
v -0.1174082851 -2.422349679e-17 0.4623726541
v -0.1182013321 -2.432061703e-17 0.4643222887
v -0.1174082851 -2.422349679e-17 0.4623726541
v -0.1174082279 0.003000000119 0.4623901827
v -0.05167159081 -0.008000000119 0.4080660135
v -0.05287420273 -0.008000000119 0.4089397604
v -0.05241484642 -0.008000000119 0.4103535158
v -0.05092833996 -0.008000000119 0.4103535158
v -0.05046897888 -0.008000000119 0.4089397604
v -0.05214923382 -0.008000000119 0.4066223127
v -0.050094347 -0.008000000119 0.407077778
v -0.0489633894 -0.008000000119 0.4088528711
v -0.04941885948 -0.008000000119 0.4109077531
v -0.05119395256 -0.008000000119 0.4120387155
v -0.05324883461 -0.008000000119 0.4115832407
v -0.05437979221 -0.008000000119 0.4098081476
v -0.05392432213 -0.008000000119 0.4077532655
v -0.04144055843 0.008000000119 0.4036616308
v -0.04144055843 0.00150000006 0.4036616308
v -0.04122373104 0.00150000006 0.403118046
v -0.04099977016 0.00150000006 0.4025773603
v -0.04076871872 0.00150000006 0.4020396692
v -0.04076871872 0.008000000119 0.4020396692
v -0.04099977016 0.008000000119 0.4025773603
v -0.04122373104 0.008000000119 0.403118046
v -0.03206400633 -0.008000000119 0.3918734819
v -0.03326661587 -0.008000000119 0.3927472288
v -0.03280725956 -0.008000000119 0.3941609842
v -0.03132075071 -0.008000000119 0.3941609842
v -0.03086139441 -0.008000000119 0.3927472288
v -0.03417600632 -0.008000000119 0.3913767416
v -0.03231203318 -0.008000000119 0.3903991872
v -0.03030277014 -0.008000000119 0.3910259802
v -0.02932521343 -0.008000000119 0.3928899461
v -0.02995200634 -0.008000000119 0.3948992139
v -0.0318159771 -0.008000000119 0.3958767683
v -0.03382524252 -0.008000000119 0.3952499754
v -0.03480279684 -0.008000000119 0.3933860094
v 0.0192876327 0.008000000119 0.4576246912
v 0.01936316013 0.008000000119 0.4571173746
v 0.01961633802 0.008000000119 0.456671303
v 0.02001318216 0.008000000119 0.456346367
v 0.02001318216 0.00150000006 0.456346367
v 0.01961633802 0.00150000006 0.456671303
v 0.01936316013 0.00150000006 0.4571173746
v 0.0192876327 0.00150000006 0.4576246912
v -0.01783708215 0.008000000119 0.4606454736
v -0.01783708215 0.00150000006 0.4606454736
v -0.01864272475 0.00150000006 0.4598153192
v -0.01914347649 0.00150000006 0.4587724954
v -0.0192876327 0.00150000006 0.4576246912
v -0.0192876327 0.008000000119 0.4576246912
v -0.01914347649 0.008000000119 0.4587724954
v -0.01864272475 0.008000000119 0.4598153192
v 0.03993936539 0.008000000119 0.4082402975
v 0.03988852739 0.008000000119 0.4077299196
v 0.04002491951 0.008000000119 0.4072354776
v 0.04033024311 0.008000000119 0.4068233377
v 0.04033024311 0.00150000006 0.4068233377
v 0.04002491951 0.00150000006 0.4072354776
v 0.03988852739 0.00150000006 0.4077299196
v 0.03993936539 0.00150000006 0.4082402975
v 0.009030680656 -0.008000000119 0.3778506357
v 0.01023329139 -0.008000000119 0.3787243826
v 0.009773935079 -0.008000000119 0.380138138
v 0.008287426233 -0.008000000119 0.380138138
v 0.007828069925 -0.008000000119 0.3787243826
v 0.009030680656 -0.00200000003 0.3778506357
v 0.007828069925 -0.00200000003 0.3787243826
v 0.008287426233 -0.00200000003 0.380138138
v 0.009773935079 -0.00200000003 0.380138138
v 0.01023329139 -0.00200000003 0.3787243826
v 0.008287426233 -0.00200000003 0.380138138
v 0.008287426233 -0.008000000119 0.380138138
v -0.05214923382 -0.008000000119 0.4066223127
v -0.05214923382 -1.623156796e-17 0.4066223127
v -0.06580311298 -1.79036859e-17 0.4088180334
v -0.07951715946 -1.958317221e-17 0.4105997926
v -0.09327881813 -2.126848934e-17 0.4119659502
v -0.09327881813 -0.008000000119 0.4119659502
v -0.07951715946 -0.008000000119 0.4105997926
v -0.06580311298 -0.008000000119 0.4088180334
v -0.01305341124 0.008000000119 0.4602069933
v -0.01264127731 0.008000000119 0.4599016649
v -0.01214683533 0.008000000119 0.4597652704
v -0.01163645148 0.008000000119 0.4598161203
v -0.01163645148 0.00150000006 0.4598161203
v -0.01214683533 0.00150000006 0.4597652704
v -0.01264127731 0.00150000006 0.4599016649
v -0.01305341124 0.00150000006 0.4602069933
v -0.1595713234 -0.0002355000004 0.4639059145
v -0.158368721 -0.0002355000004 0.4630321771
v -0.1588280773 -0.0002355000004 0.4616184122
v -0.160314579 -0.0002355000004 0.4616184122
v -0.1607739449 -0.0002355000004 0.4630321771
v -0.1595713234 -0.008000000119 0.4613769228
v -0.158368721 -0.008000000119 0.4622506601
v -0.1588280773 -0.008000000119 0.4636644251
v -0.160314579 -0.008000000119 0.4636644251
v -0.1607739449 -0.008000000119 0.4622506601
v -0.1588280773 -0.0002355000004 0.4616184122
v -0.1595713234 -0.008000000119 0.4613769228
v -0.09304857254 -0.008000000119 0.4134417993
v -0.09425118446 -0.008000000119 0.4143155557
v -0.09379182816 -0.008000000119 0.4157293016
v -0.09230531693 -0.008000000119 0.4157293016
v -0.09184596062 -0.008000000119 0.4143155557
v -0.09327881813 -0.008000000119 0.4119659502
v -0.0912736702 -0.008000000119 0.4126057703
v -0.09030822754 -0.008000000119 0.4144760591
v -0.09094804764 -0.008000000119 0.4164812166
v -0.09281832695 -0.008000000119 0.4174466402
v -0.09482348442 -0.008000000119 0.4168068201
v -0.09578891754 -0.008000000119 0.4149365503
v -0.09514909744 -0.008000000119 0.4129313928
v -0.09327881813 -2.126848934e-17 0.4119659502
v -0.0912736702 -2.102292954e-17 0.4126057703
v -0.09030822754 -2.090469691e-17 0.4144760591
v -0.09094804764 -2.098305228e-17 0.4164812166
v -0.09281832695 -2.121209543e-17 0.4174466402
v -0.09482348442 -2.14576564e-17 0.4168068201
v -0.09578891754 -2.157588786e-17 0.4149365503
v -0.09514909744 -2.149753249e-17 0.4129313928
v -0.09327881813 -2.126848934e-17 0.4119659502
v -0.09327881813 -0.008000000119 0.4119659502
v -0.09514909744 -0.008000000119 0.4129313928
v -0.09578891754 -0.008000000119 0.4149365503
v -0.09482348442 -0.008000000119 0.4168068201
v -0.09281832695 -0.008000000119 0.4174466402
v -0.09094804764 -0.008000000119 0.4164812166
v -0.09030822754 -0.008000000119 0.4144760591
v -0.0912736702 -0.008000000119 0.4126057703
v -0.09327881813 -0.008000000119 0.4119659502
v -0.09578891754 -2.157588786e-17 0.4149365503
v -0.09578891754 -0.008000000119 0.4149365503
v -0.01621511698 0.00150000006 0.3784361917
v -0.01621511698 0.008000000119 0.3784361917
v -0.0167587018 0.008000000119 0.3786530191
v -0.01729938746 0.008000000119 0.37887698
v -0.01783708215 0.008000000119 0.3791080362
v -0.01783708215 0.00150000006 0.3791080362
v -0.01729938746 0.00150000006 0.37887698
v -0.0167587018 0.00150000006 0.3786530191
v -0.01621511698 0.00150000006 0.4613173181
v -0.01621511698 0.008000000119 0.4613173181
v -0.01505843043 0.008000000119 0.4612999803
v -0.01396696091 0.008000000119 0.4609166795
v -0.01305341124 0.008000000119 0.4602069933
v -0.01305341124 0.00150000006 0.4602069933
v -0.01396696091 0.00150000006 0.4609166795
v -0.01505843043 0.00150000006 0.4612999803
v 0.04144055843 0.008000000119 0.4036616308
v 0.04144055843 0.00150000006 0.4036616308
v 0.0414232254 0.00150000006 0.4048183233
v 0.04103992462 0.00150000006 0.405909794
v 0.04033024311 0.00150000006 0.4068233377
v 0.04033024311 0.008000000119 0.4068233377
v 0.04103992462 0.008000000119 0.405909794
v 0.0414232254 0.008000000119 0.4048183233
v -0.01163645148 0.008000000119 0.4598161203
v -0.01040827513 0.008000000119 0.4601536447
v -0.009170340895 0.008000000119 0.4604534036
v -0.007923809289 0.008000000119 0.46071513
v -0.007923809289 0.00150000006 0.46071513
v -0.009170340895 0.00150000006 0.4604534036
v -0.01040827513 0.00150000006 0.4601536447
v -0.01163645148 0.00150000006 0.4598161203
v -0.08074513435 -1.973355577e-17 0.4636389429
v -0.07944609642 -1.95744695e-17 0.4628889543
v -0.07944609642 -1.95744695e-17 0.4613889391
v -0.08074513435 -1.973355577e-17 0.4606389505
v -0.08204417229 -1.989264203e-17 0.4613889391
v -0.08204417229 -1.989264203e-17 0.4628889543
v -0.08074513435 -0.0002355000004 0.4634034425
v -0.08194774628 -0.0002355000004 0.4625297052
v -0.08148838997 -0.0002355000004 0.4611159403
v -0.08000187874 -0.0002355000004 0.4611159403
v -0.0795425272 -0.0002355000004 0.4625297052
v -0.08074513435 -1.973355577e-17 0.4606389505
v -0.08148838997 -0.0002355000004 0.4611159403
v -0.08074513435 -0.0002355000004 0.4634034425
v -0.0795425272 -0.0002355000004 0.4625297052
v -0.08000187874 -0.0002355000004 0.4611159403
v -0.08148838997 -0.0002355000004 0.4611159403
v -0.08194774628 -0.0002355000004 0.4625297052
v -0.08074513435 -0.008000000119 0.4608744508
v -0.0795425272 -0.008000000119 0.4617481882
v -0.08000187874 -0.008000000119 0.4631619531
v -0.08148838997 -0.008000000119 0.4631619531
v -0.08194774628 -0.008000000119 0.4617481882
v -0.08000187874 -0.0002355000004 0.4611159403
v -0.08074513435 -0.008000000119 0.4608744508
v 0.01783708215 0.00150000006 0.3791080362
v 0.01783708215 0.008000000119 0.3791080362
v 0.01729938745 0.008000000119 0.37887698
v 0.0167587018 0.008000000119 0.3786530191
v 0.01621511698 0.008000000119 0.3784361917
v 0.01621511698 0.00150000006 0.3784361917
v 0.0167587018 0.00150000006 0.3786530191
v 0.01729938745 0.00150000006 0.37887698
v 0.04076871872 0.00150000006 0.4020396692
v 0.04076871872 0.008000000119 0.4020396692
v 0.03993856192 0.008000000119 0.4012340242
v 0.03889574289 0.008000000119 0.4007332784
v 0.0377479434 0.008000000119 0.400589121
v 0.0377479434 0.00150000006 0.400589121
v 0.03889574289 0.00150000006 0.4007332784
v 0.03993856192 0.00150000006 0.4012340242
v 0.0377479434 0.008000000119 0.400589121
v 0.03724062681 0.008000000119 0.40051359
v 0.03679455757 0.008000000119 0.4002604181
v 0.03646960974 0.008000000119 0.3998635656
v 0.03646960974 0.00150000006 0.3998635656
v 0.03679455757 0.00150000006 0.4002604181
v 0.03724062681 0.00150000006 0.40051359
v 0.0377479434 0.00150000006 0.400589121
v -0.007923809289 0.008000000119 0.46071513
v -0.007757491469 0.008000000119 0.4607897073
v -0.007641528844 0.008000000119 0.4609303362
v -0.007599999904 0.008000000119 0.4611078149
v -0.007599999904 0.00150000006 0.4611078149
v -0.007641528844 0.00150000006 0.4609303362
v -0.007757491469 0.00150000006 0.4607897073
v -0.007923809289 0.00150000006 0.46071513
v -0.1347424793 -2.634632333e-17 0.4178101808
v -0.1334434414 -2.618723707e-17 0.4170601923
v -0.1334434414 -2.618723707e-17 0.4155601961
v -0.1347424793 -2.634632333e-17 0.4148101885
v -0.1360415173 -2.65054096e-17 0.4155601961
v -0.1360415173 -2.65054096e-17 0.4170601923
v -0.1347424793 -0.0002355000004 0.4175746805
v -0.1359450912 -0.0002355000004 0.4167009432
v -0.1354857349 -0.0002355000004 0.4152871782
v -0.1339992237 -0.0002355000004 0.4152871782
v -0.1335398674 -0.0002355000004 0.4167009432
v -0.1347424793 -2.634632333e-17 0.4148101885
v -0.1354857349 -0.0002355000004 0.4152871782
v -0.05167159081 -1.617307356e-17 0.4108305055
v -0.05037255287 -1.60139873e-17 0.4100805074
v -0.05037255287 -1.60139873e-17 0.4085805113
v -0.05167159081 -1.617307356e-17 0.4078305132
v -0.05297062874 -1.633215983e-17 0.4085805113
v -0.05297062874 -1.633215983e-17 0.4100805074
v -0.05167159081 -0.0002355000004 0.4105950052
v -0.05287420273 -0.0002355000004 0.4097212583
v -0.05241484642 -0.0002355000004 0.4083075124
v -0.05092833996 -0.0002355000004 0.4083075124
v -0.05046897888 -0.0002355000004 0.4097212583
v -0.05167159081 -1.617307356e-17 0.4078305132
v -0.05241484642 -0.0002355000004 0.4083075124
v 0.04144055843 0.00150000006 0.4036616308
v 0.04144055843 0.008000000119 0.4036616308
v 0.04122373104 0.008000000119 0.403118046
v 0.04099977016 0.008000000119 0.4025773603
v 0.04076871872 0.008000000119 0.4020396692
v 0.04076871872 0.00150000006 0.4020396692
v 0.04099977016 0.00150000006 0.4025773603
v 0.04122373104 0.00150000006 0.403118046
v -0.04144055843 0.008000000119 0.4360918695
v -0.04144055843 0.00150000006 0.4360918695
v -0.0414232254 0.00150000006 0.434935177
v -0.04103992462 0.00150000006 0.4338437158
v -0.04033024311 0.00150000006 0.4329301721
v -0.04033024311 0.008000000119 0.4329301721
v -0.04103992462 0.008000000119 0.4338437158
v -0.0414232254 0.008000000119 0.434935177
v 0.03646960974 0.008000000119 0.3998635656
v 0.03206008196 0.008000000119 0.3933680517
v 0.02650869846 0.008000000119 0.3878166658
v 0.02001318216 0.008000000119 0.3834071428
v 0.02001318216 0.00150000006 0.3834071428
v 0.02650869846 0.00150000006 0.3878166658
v 0.03206008196 0.00150000006 0.3933680517
v 0.03646960974 0.00150000006 0.3998635656
v -0.007599999904 0.008000000119 0.4611078149
v -0.007599999904 0.008000000119 0.4619510919
v -0.007599999904 0.00150000006 0.4619510919
v -0.007599999904 0.00150000006 0.4611078149
v 0.01163645148 0.008000000119 0.4598161203
v 0.01214683533 0.008000000119 0.4597652704
v 0.01264127731 0.008000000119 0.4599016649
v 0.01305341125 0.008000000119 0.4602069933
v 0.01305341125 0.00150000006 0.4602069933
v 0.01264127731 0.00150000006 0.4599016649
v 0.01214683533 0.00150000006 0.4597652704
v 0.01163645148 0.00150000006 0.4598161203
v -0.05167159081 -0.0002355000004 0.4105950052
v -0.05046897888 -0.0002355000004 0.4097212583
v -0.05092833996 -0.0002355000004 0.4083075124
v -0.05241484642 -0.0002355000004 0.4083075124
v -0.05287420273 -0.0002355000004 0.4097212583
v -0.05167159081 -0.008000000119 0.4080660135
v -0.05046897888 -0.008000000119 0.4089397604
v -0.05092833996 -0.008000000119 0.4103535158
v -0.05241484642 -0.008000000119 0.4103535158
v -0.05287420273 -0.008000000119 0.4089397604
v -0.05092833996 -0.0002355000004 0.4083075124
v -0.05167159081 -0.008000000119 0.4080660135
v -0.04076871872 0.00150000006 0.4377138406
v -0.04076871872 0.008000000119 0.4377138406
v -0.03993856192 0.008000000119 0.4385194856
v -0.03889574289 0.008000000119 0.4390202219
v -0.0377479434 0.008000000119 0.4391643793
v -0.0377479434 0.00150000006 0.4391643793
v -0.03889574289 0.00150000006 0.4390202219
v -0.03993856192 0.00150000006 0.4385194856
v 0.02001318216 0.008000000119 0.3834071428
v 0.01961633801 0.008000000119 0.3830821973
v 0.01936316013 0.008000000119 0.3826361257
v 0.0192876327 0.008000000119 0.3821288091
v 0.0192876327 0.00150000006 0.3821288091
v 0.01936316013 0.00150000006 0.3826361257
v 0.01961633801 0.00150000006 0.3830821973
v 0.02001318216 0.00150000006 0.3834071428
v -0.007599999904 0.008000000119 0.4619510919
v -0.00742185533 0.008000000119 0.4626847917
v -0.006927091479 0.008000000119 0.4632551271
v -0.006225882172 0.008000000119 0.4635350687
v -0.006225882172 0.00150000006 0.4635350687
v -0.006927091479 0.00150000006 0.4632551271
v -0.00742185533 0.00150000006 0.4626847917
v -0.007599999904 0.00150000006 0.4619510919
v -0.03646960974 0.008000000119 0.3998635656
v -0.03679455757 0.008000000119 0.4002604181
v -0.03724062681 0.008000000119 0.40051359
v -0.0377479434 0.008000000119 0.400589121
v -0.0377479434 0.00150000006 0.400589121
v -0.03724062681 0.00150000006 0.40051359
v -0.03679455757 0.00150000006 0.4002604181
v -0.03646960974 0.00150000006 0.3998635656
v 0.00792380929 0.008000000119 0.46071513
v 0.009170340896 0.008000000119 0.4604534036
v 0.01040827513 0.008000000119 0.4601536447
v 0.01163645148 0.008000000119 0.4598161203
v 0.01163645148 0.00150000006 0.4598161203
v 0.01040827513 0.00150000006 0.4601536447
v 0.009170340896 0.00150000006 0.4604534036
v 0.00792380929 0.00150000006 0.46071513
v 0.01621511698 0.00150000006 0.3784361917
v 0.01621511698 0.008000000119 0.3784361917
v 0.01505843043 0.008000000119 0.3784535295
v 0.01396696091 0.008000000119 0.3788368303
v 0.01305341124 0.008000000119 0.379546507
v 0.01305341124 0.00150000006 0.379546507
v 0.01396696091 0.00150000006 0.3788368303
v 0.01505843043 0.00150000006 0.3784535295
v 0.01783708215 0.008000000119 0.3791080362
v 0.01783708215 0.00150000006 0.3791080362
v 0.01864272475 0.00150000006 0.3799381906
v 0.01914347649 0.00150000006 0.3809810049
v 0.0192876327 0.00150000006 0.3821288091
v 0.0192876327 0.008000000119 0.3821288091
v 0.01914347649 0.008000000119 0.3809810049
v 0.01864272475 0.008000000119 0.3799381906
v -0.006225882172 0.008000000119 0.4635350687
v -0.002081476748 0.008000000119 0.463927601
v 0.002081476748 0.008000000119 0.463927601
v 0.006225882173 0.008000000119 0.4635350687
v 0.006225882173 0.00150000006 0.4635350687
v 0.002081476748 0.00150000006 0.463927601
v -0.002081476748 0.00150000006 0.463927601
v -0.006225882172 0.00150000006 0.4635350687
v -0.03646960974 0.008000000119 0.4398899347
v -0.03206008196 0.008000000119 0.4463854486
v -0.02650869846 0.008000000119 0.451936825
v -0.02001318216 0.008000000119 0.456346367
v -0.02001318216 0.00150000006 0.456346367
v -0.02650869846 0.00150000006 0.451936825
v -0.03206008196 0.00150000006 0.4463854486
v -0.03646960974 0.00150000006 0.4398899347
v -0.04033024311 0.008000000119 0.4068233377
v -0.04002491951 0.008000000119 0.4072354776
v -0.03988852739 0.008000000119 0.4077299196
v -0.03993936539 0.008000000119 0.4082402975
v -0.03993936539 0.00150000006 0.4082402975
v -0.03988852739 0.00150000006 0.4077299196
v -0.04002491951 0.00150000006 0.4072354776
v -0.04033024311 0.00150000006 0.4068233377
v 0.007599999905 0.008000000119 0.4611078149
v 0.007641528845 0.008000000119 0.4609303362
v 0.00775749147 0.008000000119 0.4607897073
v 0.00792380929 0.008000000119 0.46071513
v 0.00792380929 0.00150000006 0.46071513
v 0.00775749147 0.00150000006 0.4607897073
v 0.007641528845 0.00150000006 0.4609303362
v 0.007599999905 0.00150000006 0.4611078149
v -0.01621511698 0.008000000119 0.3784361917
v -0.01621511698 0.00150000006 0.3784361917
v -0.01505843043 0.00150000006 0.3784535295
v -0.01396696091 0.00150000006 0.3788368303
v -0.01305341125 0.00150000006 0.379546507
v -0.01305341125 0.008000000119 0.379546507
v -0.01396696091 0.008000000119 0.3788368303
v -0.01505843043 0.008000000119 0.3784535295
v 0.01305341124 0.008000000119 0.379546507
v 0.01264127731 0.008000000119 0.3798518354
v 0.01214683533 0.008000000119 0.3799882299
v 0.01163645148 0.008000000119 0.3799373895
v 0.01163645148 0.00150000006 0.3799373895
v 0.01214683533 0.00150000006 0.3799882299
v 0.01264127731 0.00150000006 0.3798518354
v 0.01305341124 0.00150000006 0.379546507
v 0.006225882173 0.008000000119 0.4635350687
v 0.00692709148 0.008000000119 0.4632551271
v 0.007421855331 0.008000000119 0.4626847917
v 0.007599999905 0.008000000119 0.4619510919
v 0.007599999905 0.00150000006 0.4619510919
v 0.007421855331 0.00150000006 0.4626847917
v 0.00692709148 0.00150000006 0.4632551271
v 0.006225882173 0.00150000006 0.4635350687
v -0.0192876327 0.008000000119 0.3821288091
v -0.01936316013 0.008000000119 0.3826361257
v -0.01961633802 0.008000000119 0.3830821973
v -0.02001318216 0.008000000119 0.3834071428
v -0.02001318216 0.00150000006 0.3834071428
v -0.01961633802 0.00150000006 0.3830821973
v -0.01936316013 0.00150000006 0.3826361257
v -0.0192876327 0.00150000006 0.3821288091
v -0.03993936539 0.008000000119 0.4082402975
v -0.04141438484 0.008000000119 0.4159513361
v -0.04141438484 0.008000000119 0.4238021738
v -0.03993936539 0.008000000119 0.4315132028
v -0.03993936539 0.00150000006 0.4315132028
v -0.04141438484 0.00150000006 0.4238021738
v -0.04141438484 0.00150000006 0.4159513361
v -0.03993936539 0.00150000006 0.4082402975
v -0.02001318216 0.008000000119 0.3834071428
v -0.02650869846 0.008000000119 0.3878166658
v -0.03206008196 0.008000000119 0.3933680517
v -0.03646960974 0.008000000119 0.3998635656
v -0.03646960974 0.00150000006 0.3998635656
v -0.03206008196 0.00150000006 0.3933680517
v -0.02650869846 0.00150000006 0.3878166658
v -0.02001318216 0.00150000006 0.3834071428
v 0.007599999905 0.008000000119 0.4619510919
v 0.007599999905 0.008000000119 0.4611078149
v 0.007599999905 0.00150000006 0.4611078149
v 0.007599999905 0.00150000006 0.4619510919
v -0.0377479434 0.008000000119 0.4391643793
v -0.03724062681 0.008000000119 0.4392399103
v -0.03679455757 0.008000000119 0.4394930917
v -0.03646960974 0.008000000119 0.4398899347
v -0.03646960974 0.00150000006 0.4398899347
v -0.03679455757 0.00150000006 0.4394930917
v -0.03724062681 0.00150000006 0.4392399103
v -0.0377479434 0.00150000006 0.4391643793
v 0.01163645148 0.008000000119 0.3799373895
v 0.003925420045 0.008000000119 0.3784623701
v -0.003925420046 0.008000000119 0.3784623701
v -0.01163645148 0.008000000119 0.3799373895
v -0.01163645148 0.00150000006 0.3799373895
v -0.003925420046 0.00150000006 0.3784623701
v 0.003925420045 0.00150000006 0.3784623701
v 0.01163645148 0.00150000006 0.3799373895
v -0.03993936539 0.008000000119 0.4315132028
v -0.03988852739 0.008000000119 0.4320235902
v -0.04002491951 0.008000000119 0.4325180322
v -0.04033024311 0.008000000119 0.4329301721
v -0.04033024311 0.00150000006 0.4329301721
v -0.04002491951 0.00150000006 0.4325180322
v -0.03988852739 0.00150000006 0.4320235902
v -0.03993936539 0.00150000006 0.4315132028
v -0.01163645148 0.008000000119 0.3799373895
v -0.01214683533 0.008000000119 0.3799882299
v -0.01264127731 0.008000000119 0.3798518354
v -0.01305341125 0.008000000119 0.379546507
v -0.01305341125 0.00150000006 0.379546507
v -0.01264127731 0.00150000006 0.3798518354
v -0.01214683533 0.00150000006 0.3799882299
v -0.01163645148 0.00150000006 0.3799373895
f 2 3 1
f 1 3 7
f 1 7 8
f 3 4 7
f 7 4 5
f 7 5 6
f 9 10 16
f 16 10 11
f 16 11 15
f 15 11 12
f 15 12 14
f 14 12 13
f 17 18 24
f 24 18 19
f 24 19 23
f 23 19 20
f 23 20 22
f 22 20 21
f 26 104 25
f 25 104 105
f 25 105 106
f 27 31 26
f 26 31 32
f 26 32 109
f 109 32 33
f 109 33 220
f 220 33 82
f 220 82 219
f 219 82 83
f 219 83 84
f 27 28 31
f 31 28 29
f 31 29 30
f 33 34 82
f 82 34 81
f 81 34 35
f 81 35 76
f 76 35 36
f 76 36 367
f 367 36 366
f 366 36 37
f 366 37 365
f 365 37 38
f 365 38 361
f 361 38 360
f 360 38 90
f 360 90 91
f 90 38 44
f 44 38 39
f 44 39 43
f 43 39 42
f 42 39 41
f 41 39 40
f 90 44 89
f 89 44 45
f 89 45 88
f 88 45 359
f 88 359 87
f 87 359 86
f 86 359 360
f 86 360 91
f 45 46 359
f 359 46 358
f 358 46 47
f 358 47 357
f 357 47 354
f 357 354 355
f 48 352 47
f 47 352 353
f 47 353 354
f 49 95 48
f 48 95 96
f 48 96 351
f 351 96 350
f 350 96 97
f 350 97 349
f 349 97 92
f 349 92 347
f 347 92 93
f 347 93 94
f 50 346 49
f 49 346 347
f 49 347 94
f 346 50 345
f 345 50 51
f 345 51 344
f 344 51 73
f 344 73 68
f 51 52 73
f 73 52 72
f 72 52 71
f 71 52 339
f 71 339 70
f 70 339 340
f 70 340 343
f 343 340 341
f 343 341 342
f 339 52 338
f 338 52 53
f 338 53 337
f 337 53 54
f 337 54 336
f 336 54 333
f 336 333 335
f 335 333 334
f 55 98 54
f 54 98 99
f 54 99 331
f 331 99 100
f 331 100 330
f 330 100 101
f 330 101 102
f 56 102 55
f 55 102 103
f 55 103 98
f 57 326 56
f 56 326 327
f 56 327 329
f 329 327 328
f 58 324 57
f 57 324 325
f 57 325 326
f 59 62 58
f 58 62 63
f 58 63 318
f 318 63 64
f 318 64 317
f 317 64 65
f 317 65 316
f 316 65 66
f 316 66 315
f 315 66 314
f 314 66 313
f 313 66 309
f 313 309 310
f 60 308 59
f 59 308 309
f 59 309 66
f 308 60 307
f 307 60 61
f 307 61 297
f 297 61 296
f 296 61 106
f 296 106 107
f 61 25 106
f 66 67 59
f 59 67 62
f 68 69 344
f 344 69 343
f 343 69 70
f 79 74 371
f 371 74 75
f 371 75 369
f 369 75 368
f 368 75 367
f 367 75 76
f 81 76 80
f 80 76 77
f 80 77 374
f 374 77 373
f 373 77 78
f 373 78 372
f 372 78 79
f 372 79 371
f 85 379 84
f 84 379 215
f 84 215 219
f 219 215 218
f 218 215 217
f 217 215 216
f 379 85 375
f 375 85 80
f 375 80 374
f 94 95 49
f 296 107 229
f 229 107 108
f 229 108 220
f 220 108 109
f 109 104 26
f 111 264 110
f 110 264 265
f 110 265 122
f 122 265 266
f 122 266 121
f 121 266 267
f 121 267 120
f 120 267 268
f 120 268 269
f 264 111 263
f 263 111 112
f 263 112 113
f 114 247 113
f 113 247 261
f 113 261 262
f 115 277 114
f 114 277 238
f 114 238 247
f 247 238 239
f 247 239 246
f 246 239 240
f 246 240 245
f 245 240 241
f 245 241 244
f 244 241 242
f 244 242 243
f 277 115 276
f 276 115 116
f 276 116 117
f 118 272 117
f 117 272 273
f 117 273 276
f 276 273 274
f 276 274 275
f 118 119 272
f 272 119 271
f 271 119 120
f 271 120 270
f 270 120 269
f 124 210 123
f 123 210 212
f 123 212 129
f 129 212 213
f 129 213 128
f 128 213 214
f 128 214 215
f 210 124 209
f 209 124 125
f 209 125 205
f 205 125 204
f 204 125 126
f 204 126 203
f 203 126 127
f 203 127 130
f 130 127 128
f 130 128 381
f 381 128 380
f 380 128 379
f 379 128 215
f 130 131 203
f 203 131 202
f 202 131 201
f 201 131 132
f 201 132 200
f 200 132 199
f 199 132 133
f 199 133 198
f 198 133 134
f 198 134 197
f 197 134 135
f 197 135 196
f 196 135 136
f 196 136 383
f 383 136 382
f 382 136 388
f 388 136 137
f 388 137 387
f 387 137 187
f 387 187 189
f 189 187 188
f 137 138 187
f 187 138 186
f 186 138 185
f 185 138 139
f 185 139 184
f 184 139 140
f 184 140 183
f 183 140 141
f 183 141 182
f 182 141 142
f 182 142 181
f 181 142 143
f 181 143 180
f 180 143 144
f 180 144 391
f 391 144 390
f 390 144 171
f 390 171 389
f 389 171 172
f 389 172 395
f 395 172 173
f 395 173 394
f 394 173 176
f 394 176 177
f 144 145 171
f 171 145 170
f 170 145 146
f 170 146 169
f 169 146 147
f 169 147 168
f 168 147 148
f 168 148 167
f 167 148 166
f 166 148 149
f 166 149 165
f 165 149 150
f 165 150 164
f 164 150 151
f 164 151 400
f 400 151 399
f 399 151 152
f 399 152 398
f 398 152 153
f 398 153 156
f 156 153 154
f 156 154 155
f 156 157 398
f 398 157 397
f 397 157 158
f 397 158 396
f 396 158 402
f 402 158 159
f 402 159 401
f 401 159 160
f 401 160 163
f 163 160 161
f 163 161 162
f 163 164 401
f 401 164 400
f 173 174 176
f 176 174 175
f 394 177 393
f 393 177 178
f 393 178 392
f 392 178 391
f 391 178 179
f 391 179 180
f 189 190 387
f 387 190 386
f 386 190 191
f 386 191 385
f 385 191 384
f 384 191 192
f 384 192 195
f 195 192 193
f 195 193 194
f 195 196 384
f 384 196 383
f 209 205 208
f 208 205 206
f 208 206 207
f 210 211 212
f 220 221 229
f 229 221 228
f 228 221 222
f 228 222 227
f 227 222 223
f 227 223 226
f 226 223 224
f 226 224 225
f 296 229 238
f 238 229 230
f 238 230 237
f 237 230 231
f 237 231 236
f 236 231 232
f 236 232 235
f 235 232 233
f 235 233 234
f 261 247 260
f 260 247 248
f 260 248 258
f 258 248 252
f 258 252 257
f 257 252 256
f 256 252 253
f 256 253 255
f 255 253 254
f 248 249 252
f 252 249 250
f 252 250 251
f 258 259 260
f 262 263 113
f 278 283 277
f 277 283 284
f 277 284 285
f 278 279 283
f 283 279 282
f 282 279 280
f 282 280 281
f 286 296 285
f 285 296 238
f 285 238 277
f 287 290 286
f 286 290 295
f 286 295 296
f 287 288 290
f 290 288 289
f 290 291 295
f 295 291 294
f 294 291 293
f 293 291 292
f 298 301 297
f 297 301 306
f 297 306 307
f 298 299 301
f 301 299 300
f 301 302 306
f 306 302 305
f 305 302 304
f 304 302 303
f 311 312 310
f 310 312 313
f 58 318 323
f 323 318 319
f 323 319 322
f 322 319 321
f 321 319 320
f 323 324 58
f 56 329 102
f 102 329 330
f 331 332 54
f 54 332 333
f 347 348 349
f 351 352 48
f 355 356 357
f 362 363 361
f 361 363 364
f 361 364 365
f 369 370 371
f 375 376 379
f 379 376 377
f 379 377 378
f 404 405 403
f 403 405 406
f 483 407 411
f 411 407 408
f 411 408 409
f 409 410 411
f 411 412 483
f 483 412 415
f 483 415 416
f 412 413 415
f 415 413 414
f 483 416 482
f 482 416 417
f 482 417 481
f 481 417 418
f 481 418 480
f 480 418 419
f 480 419 479
f 479 419 420
f 479 420 478
f 478 420 421
f 478 421 477
f 477 421 422
f 477 422 476
f 476 422 423
f 476 423 475
f 475 423 424
f 475 424 425
f 475 425 474
f 474 425 426
f 474 426 473
f 473 426 427
f 473 427 472
f 472 427 428
f 472 428 471
f 471 428 429
f 471 429 470
f 470 429 430
f 470 430 469
f 469 430 431
f 469 431 468
f 468 431 432
f 468 432 433
f 468 433 467
f 467 433 434
f 467 434 466
f 466 434 435
f 466 435 465
f 465 435 436
f 465 436 464
f 464 436 437
f 464 437 463
f 463 437 438
f 463 438 439
f 463 439 462
f 462 439 440
f 462 440 441
f 441 442 462
f 462 442 443
f 462 443 444
f 444 445 462
f 462 445 446
f 462 446 461
f 461 446 447
f 461 447 448
f 461 448 460
f 460 448 449
f 460 449 450
f 460 450 459
f 459 450 451
f 459 451 452
f 459 452 458
f 458 452 453
f 458 453 454
f 454 455 458
f 458 455 457
f 457 455 456
f 485 486 484
f 484 486 487
f 489 501 488
f 488 501 503
f 502 495 494
f 494 495 496
f 494 496 493
f 493 496 497
f 493 497 492
f 492 497 498
f 492 498 491
f 491 498 499
f 491 499 490
f 490 499 500
f 490 500 489
f 489 500 501
f 505 506 504
f 504 506 511
f 504 511 518
f 518 511 512
f 518 512 513
f 507 509 506
f 506 509 510
f 506 510 511
f 507 508 509
f 518 513 517
f 517 513 514
f 517 514 515
f 515 516 517
f 520 532 519
f 519 532 534
f 533 526 525
f 525 526 527
f 525 527 524
f 524 527 528
f 524 528 523
f 523 528 529
f 523 529 522
f 522 529 530
f 522 530 521
f 521 530 531
f 521 531 520
f 520 531 532
f 536 537 535
f 535 537 539
f 535 539 542
f 542 539 541
f 541 539 540
f 537 538 539
f 543 544 564
f 564 544 545
f 564 545 546
f 547 562 546
f 546 562 563
f 546 563 564
f 548 559 547
f 547 559 560
f 547 560 561
f 559 548 558
f 558 548 549
f 558 549 550
f 558 550 557
f 557 550 551
f 557 551 556
f 556 551 552
f 556 552 555
f 555 552 553
f 555 553 554
f 561 562 547
f 566 680 565
f 565 680 681
f 565 681 688
f 688 681 687
f 687 681 682
f 687 682 686
f 686 682 683
f 686 683 684
f 567 678 566
f 566 678 679
f 566 679 680
f 568 676 567
f 567 676 677
f 567 677 678
f 569 660 568
f 568 660 661
f 568 661 662
f 570 655 569
f 569 655 656
f 569 656 657
f 571 650 570
f 570 650 651
f 570 651 655
f 655 651 654
f 654 651 653
f 653 651 652
f 650 571 649
f 649 571 572
f 649 572 648
f 648 572 644
f 648 644 645
f 573 827 572
f 572 827 821
f 572 821 643
f 643 821 642
f 642 821 822
f 642 822 805
f 805 822 804
f 804 822 581
f 804 581 803
f 803 581 802
f 802 581 801
f 801 581 797
f 801 797 800
f 800 797 798
f 800 798 799
f 573 574 827
f 827 574 826
f 826 574 575
f 826 575 576
f 826 576 825
f 825 576 577
f 825 577 824
f 824 577 578
f 824 578 579
f 824 579 823
f 823 579 580
f 823 580 581
f 581 582 797
f 797 582 796
f 796 582 583
f 796 583 795
f 795 583 584
f 795 584 794
f 794 584 791
f 794 791 793
f 793 791 792
f 585 788 584
f 584 788 789
f 584 789 790
f 586 783 585
f 585 783 784
f 585 784 785
f 587 778 586
f 586 778 779
f 586 779 783
f 783 779 782
f 782 779 780
f 782 780 781
f 778 587 777
f 777 587 588
f 777 588 776
f 776 588 773
f 776 773 774
f 589 832 588
f 588 832 833
f 588 833 771
f 771 833 834
f 771 834 770
f 770 834 769
f 769 834 768
f 768 834 597
f 768 597 767
f 767 597 766
f 766 597 765
f 765 597 761
f 765 761 764
f 764 761 763
f 763 761 762
f 589 590 832
f 832 590 831
f 831 590 591
f 831 591 592
f 831 592 830
f 830 592 593
f 830 593 594
f 830 594 829
f 829 594 595
f 829 595 596
f 829 596 828
f 828 596 597
f 828 597 834
f 597 598 761
f 761 598 760
f 760 598 599
f 760 599 759
f 759 599 600
f 759 600 758
f 758 600 754
f 758 754 755
f 601 752 600
f 600 752 753
f 600 753 754
f 602 747 601
f 601 747 748
f 601 748 749
f 603 742 602
f 602 742 743
f 602 743 747
f 747 743 746
f 746 743 745
f 745 743 744
f 742 603 741
f 741 603 604
f 741 604 740
f 740 604 736
f 740 736 737
f 605 838 604
f 604 838 839
f 604 839 735
f 735 839 734
f 734 839 733
f 733 839 732
f 732 839 613
f 732 613 731
f 731 613 730
f 730 613 614
f 730 614 729
f 729 614 615
f 729 615 616
f 838 605 837
f 837 605 606
f 837 606 607
f 837 607 836
f 836 607 608
f 836 608 609
f 836 609 835
f 835 609 610
f 835 610 841
f 841 610 611
f 841 611 612
f 841 612 840
f 840 612 613
f 840 613 839
f 617 620 616
f 616 620 725
f 616 725 728
f 728 725 726
f 728 726 727
f 617 618 620
f 620 618 619
f 725 620 724
f 724 620 621
f 724 621 623
f 623 621 622
f 623 624 724
f 724 624 723
f 723 624 625
f 723 625 626
f 723 626 718
f 718 626 627
f 718 627 717
f 717 627 628
f 717 628 716
f 716 628 629
f 716 629 715
f 715 629 714
f 714 629 713
f 713 629 630
f 713 630 712
f 712 630 631
f 712 631 812
f 812 631 811
f 811 631 632
f 811 632 810
f 810 632 809
f 809 632 633
f 809 633 808
f 808 633 807
f 807 633 634
f 807 634 806
f 806 634 705
f 806 705 813
f 813 705 706
f 813 706 812
f 812 706 711
f 812 711 712
f 635 814 634
f 634 814 815
f 634 815 700
f 700 815 816
f 700 816 699
f 699 816 698
f 698 816 697
f 697 816 817
f 697 817 696
f 696 817 565
f 696 565 695
f 695 565 694
f 694 565 693
f 693 565 688
f 693 688 692
f 692 688 689
f 692 689 691
f 691 689 690
f 635 636 814
f 814 636 820
f 820 636 637
f 820 637 638
f 820 638 819
f 819 638 639
f 819 639 640
f 819 640 818
f 818 640 641
f 818 641 565
f 643 644 572
f 646 647 645
f 645 647 648
f 657 658 569
f 569 658 659
f 569 659 660
f 568 662 667
f 667 662 663
f 667 663 666
f 666 663 664
f 666 664 665
f 568 667 674
f 674 667 668
f 674 668 673
f 673 668 669
f 673 669 672
f 672 669 671
f 671 669 670
f 674 675 568
f 568 675 676
f 684 685 686
f 634 700 704
f 704 700 701
f 704 701 702
f 702 703 704
f 704 705 634
f 706 707 711
f 711 707 710
f 710 707 708
f 710 708 709
f 723 718 722
f 722 718 719
f 722 719 721
f 721 719 720
f 728 729 616
f 735 736 604
f 738 739 737
f 737 739 740
f 749 750 601
f 601 750 751
f 601 751 752
f 755 756 758
f 758 756 757
f 771 772 588
f 588 772 773
f 774 775 776
f 785 786 585
f 585 786 787
f 585 787 788
f 790 791 584
f 817 818 565
f 822 823 581
f 843 855 842
f 842 855 857
f 856 849 848
f 848 849 850
f 848 850 847
f 847 850 851
f 847 851 846
f 846 851 852
f 846 852 845
f 845 852 853
f 845 853 844
f 844 853 854
f 844 854 843
f 843 854 855
f 859 869 858
f 858 869 870
f 871 864 863
f 863 864 865
f 863 865 862
f 862 865 866
f 862 866 861
f 861 866 867
f 861 867 860
f 860 867 868
f 860 868 859
f 859 868 869
f 879 872 878
f 878 872 873
f 878 873 874
f 875 876 874
f 874 876 877
f 874 877 878
f 917 880 918
f 918 880 881
f 918 881 882
f 882 883 918
f 918 883 919
f 918 919 917
f 917 919 916
f 916 919 920
f 916 920 915
f 915 920 921
f 915 921 914
f 914 921 922
f 914 922 913
f 913 922 923
f 913 923 912
f 912 923 924
f 912 924 911
f 911 924 925
f 911 925 910
f 910 925 926
f 910 926 909
f 909 926 927
f 909 927 908
f 908 927 928
f 908 928 907
f 907 928 929
f 907 929 906
f 906 929 930
f 906 930 905
f 905 930 931
f 905 931 904
f 904 931 932
f 904 932 903
f 903 932 933
f 903 933 902
f 902 933 934
f 902 934 901
f 901 934 900
f 900 934 899
f 899 934 898
f 898 934 933
f 898 933 897
f 897 933 932
f 897 932 896
f 896 932 931
f 896 931 895
f 895 931 930
f 895 930 894
f 894 930 929
f 894 929 893
f 893 929 928
f 893 928 892
f 892 928 927
f 892 927 891
f 891 927 926
f 891 926 890
f 890 926 925
f 890 925 889
f 889 925 924
f 889 924 888
f 888 924 923
f 888 923 887
f 887 923 922
f 887 922 886
f 886 922 921
f 886 921 885
f 885 921 920
f 885 920 884
f 884 920 919
f 884 919 883
f 975 935 972
f 972 935 936
f 972 936 971
f 971 936 970
f 970 936 937
f 970 937 969
f 969 937 938
f 969 938 968
f 968 938 939
f 968 939 967
f 967 939 940
f 967 940 966
f 966 940 941
f 966 941 965
f 965 941 942
f 965 942 943
f 965 943 964
f 964 943 944
f 964 944 963
f 963 944 945
f 963 945 946
f 963 946 962
f 962 946 947
f 962 947 961
f 961 947 948
f 961 948 960
f 960 948 949
f 960 949 959
f 959 949 950
f 959 950 958
f 958 950 951
f 958 951 957
f 957 951 956
f 956 951 952
f 956 952 953
f 954 955 953
f 953 955 956
f 972 973 975
f 975 973 974
f 977 978 976
f 976 978 979
f 993 980 992
f 992 980 981
f 992 981 991
f 991 981 982
f 991 982 990
f 990 982 983
f 990 983 989
f 989 983 984
f 989 984 988
f 988 984 985
f 988 985 987
f 987 985 986
f 994 995 1013
f 1013 995 996
f 1013 996 1012
f 1012 996 997
f 1012 997 1011
f 1011 997 998
f 1011 998 1010
f 1010 998 999
f 1010 999 1009
f 1009 999 1000
f 1009 1000 1008
f 1008 1000 1001
f 1008 1001 1007
f 1007 1001 1002
f 1007 1002 1006
f 1006 1002 1003
f 1006 1003 1005
f 1005 1003 1004
f 1057 1014 1056
f 1056 1014 1015
f 1056 1015 1055
f 1055 1015 1016
f 1055 1016 1054
f 1054 1016 1017
f 1054 1017 1053
f 1053 1017 1018
f 1053 1018 1052
f 1052 1018 1019
f 1052 1019 1051
f 1051 1019 1020
f 1051 1020 1050
f 1050 1020 1021
f 1050 1021 1049
f 1049 1021 1022
f 1049 1022 1048
f 1048 1022 1023
f 1048 1023 1047
f 1047 1023 1024
f 1047 1024 1046
f 1046 1024 1025
f 1046 1025 1045
f 1045 1025 1026
f 1045 1026 1044
f 1044 1026 1027
f 1044 1027 1043
f 1043 1027 1028
f 1043 1028 1042
f 1042 1028 1029
f 1042 1029 1041
f 1041 1029 1030
f 1041 1030 1040
f 1040 1030 1031
f 1040 1031 1039
f 1039 1031 1032
f 1039 1032 1038
f 1038 1032 1033
f 1038 1033 1037
f 1037 1033 1034
f 1037 1034 1036
f 1036 1034 1035
f 1059 1071 1058
f 1058 1071 1073
f 1072 1065 1064
f 1064 1065 1066
f 1064 1066 1063
f 1063 1066 1067
f 1063 1067 1062
f 1062 1067 1068
f 1062 1068 1061
f 1061 1068 1069
f 1061 1069 1060
f 1060 1069 1070
f 1060 1070 1059
f 1059 1070 1071
f 1075 1085 1074
f 1074 1085 1086
f 1087 1080 1079
f 1079 1080 1081
f 1079 1081 1078
f 1078 1081 1082
f 1078 1082 1077
f 1077 1082 1083
f 1077 1083 1076
f 1076 1083 1084
f 1076 1084 1075
f 1075 1084 1085
f 1089 1090 1088
f 1088 1090 1091
f 1127 1092 1126
f 1126 1092 1093
f 1126 1093 1125
f 1125 1093 1094
f 1125 1094 1124
f 1124 1094 1095
f 1124 1095 1123
f 1123 1095 1096
f 1123 1096 1122
f 1122 1096 1097
f 1122 1097 1121
f 1121 1097 1098
f 1121 1098 1120
f 1120 1098 1099
f 1120 1099 1119
f 1119 1099 1100
f 1119 1100 1118
f 1118 1100 1101
f 1118 1101 1117
f 1117 1101 1102
f 1117 1102 1116
f 1116 1102 1103
f 1116 1103 1115
f 1115 1103 1104
f 1115 1104 1114
f 1114 1104 1105
f 1114 1105 1113
f 1113 1105 1106
f 1113 1106 1112
f 1112 1106 1107
f 1112 1107 1111
f 1111 1107 1108
f 1111 1108 1110
f 1110 1108 1109
f 1145 1128 1144
f 1144 1128 1129
f 1144 1129 1143
f 1143 1129 1130
f 1143 1130 1142
f 1142 1130 1131
f 1142 1131 1141
f 1141 1131 1132
f 1141 1132 1140
f 1140 1132 1133
f 1140 1133 1146
f 1135 1138 1134
f 1134 1138 1147
f 1146 1139 1140
f 1136 1137 1135
f 1135 1137 1138
f 1148 1149 1151
f 1151 1149 1150
f 1152 1153 1169
f 1169 1153 1154
f 1169 1154 1168
f 1168 1154 1155
f 1168 1155 1167
f 1167 1155 1156
f 1167 1156 1166
f 1166 1156 1157
f 1166 1157 1165
f 1165 1157 1158
f 1165 1158 1164
f 1164 1158 1159
f 1164 1159 1163
f 1163 1159 1160
f 1163 1160 1162
f 1162 1160 1161
f 1210 1170 1209
f 1209 1170 1171
f 1209 1171 1208
f 1208 1171 1172
f 1208 1172 1207
f 1207 1172 1173
f 1207 1173 1206
f 1206 1173 1174
f 1206 1174 1205
f 1205 1174 1175
f 1205 1175 1204
f 1204 1175 1176
f 1204 1176 1203
f 1203 1176 1177
f 1203 1177 1202
f 1202 1177 1178
f 1202 1178 1201
f 1201 1178 1179
f 1201 1179 1200
f 1200 1179 1180
f 1200 1180 1199
f 1199 1180 1181
f 1199 1181 1198
f 1198 1181 1182
f 1198 1182 1197
f 1197 1182 1183
f 1197 1183 1196
f 1196 1183 1184
f 1196 1184 1185
f 1196 1185 1195
f 1195 1185 1186
f 1195 1186 1194
f 1194 1186 1187
f 1194 1187 1193
f 1193 1187 1188
f 1193 1188 1192
f 1192 1188 1189
f 1192 1189 1191
f 1191 1189 1190
f 1211 1212 1226
f 1226 1212 1213
f 1226 1213 1225
f 1225 1213 1214
f 1225 1214 1224
f 1224 1214 1215
f 1224 1215 1223
f 1223 1215 1216
f 1223 1216 1222
f 1222 1216 1217
f 1222 1217 1221
f 1221 1217 1218
f 1221 1218 1220
f 1220 1218 1219
f 1234 1227 1233
f 1233 1227 1228
f 1233 1228 1232
f 1232 1228 1229
f 1232 1229 1231
f 1231 1229 1230
f 1236 1267 1235
f 1235 1267 1255
f 1235 1255 1256
f 1236 1237 1267
f 1267 1237 1266
f 1267 1266 1254
f 1254 1266 1265
f 1254 1265 1268
f 1268 1265 1253
f 1268 1253 1254
f 1237 1238 1266
f 1266 1238 1269
f 1266 1269 1270
f 1270 1269 1264
f 1270 1264 1249
f 1249 1264 1248
f 1248 1264 1273
f 1248 1273 1247
f 1247 1273 1275
f 1247 1275 1246
f 1246 1275 1245
f 1245 1275 1244
f 1244 1275 1274
f 1244 1274 1243
f 1243 1274 1241
f 1243 1241 1242
f 1238 1239 1269
f 1269 1239 1271
f 1269 1271 1264
f 1264 1271 1273
f 1239 1240 1271
f 1271 1240 1272
f 1271 1272 1273
f 1273 1272 1275
f 1240 1241 1272
f 1272 1241 1274
f 1272 1274 1275
f 1270 1249 1265
f 1265 1249 1250
f 1265 1250 1253
f 1253 1250 1252
f 1252 1250 1251
f 1254 1255 1267
f 1235 1256 1263
f 1263 1256 1257
f 1263 1257 1258
f 1259 1260 1258
f 1258 1260 1261
f 1258 1261 1262
f 1262 1263 1258
f 1270 1265 1266
f 1277 1287 1276
f 1276 1287 1288
f 1289 1282 1281
f 1281 1282 1283
f 1281 1283 1280
f 1280 1283 1284
f 1280 1284 1279
f 1279 1284 1285
f 1279 1285 1278
f 1278 1285 1286
f 1278 1286 1277
f 1277 1286 1287
f 1291 1339 1290
f 1340 1326 1327
f 1340 1327 1312
f 1312 1327 1328
f 1312 1328 1329
f 1339 1291 1325
f 1325 1291 1292
f 1325 1292 1324
f 1324 1292 1293
f 1324 1293 1323
f 1323 1293 1294
f 1323 1294 1322
f 1322 1294 1295
f 1322 1295 1321
f 1321 1295 1296
f 1321 1296 1320
f 1320 1296 1297
f 1320 1297 1319
f 1319 1297 1298
f 1319 1298 1318
f 1318 1298 1299
f 1318 1299 1317
f 1317 1299 1300
f 1317 1300 1316
f 1316 1300 1301
f 1316 1301 1315
f 1315 1301 1302
f 1315 1302 1314
f 1314 1302 1313
f 1313 1302 1303
f 1313 1303 1338
f 1338 1303 1304
f 1338 1304 1337
f 1337 1304 1305
f 1337 1305 1336
f 1336 1305 1306
f 1336 1306 1335
f 1335 1306 1307
f 1335 1307 1334
f 1334 1307 1308
f 1334 1308 1333
f 1333 1308 1309
f 1333 1309 1332
f 1332 1309 1310
f 1332 1310 1331
f 1331 1310 1330
f 1330 1310 1311
f 1330 1311 1329
f 1329 1311 1312
f 1348 1341 1347
f 1347 1341 1342
f 1347 1342 1343
f 1344 1345 1343
f 1343 1345 1346
f 1343 1346 1347
f 1354 1349 1355
f 1355 1349 1350
f 1355 1350 1359
f 1359 1350 1351
f 1359 1351 1358
f 1358 1351 1360
f 1358 1360 1357
f 1361 1352 1353
f 1361 1353 1356
f 1356 1353 1354
f 1356 1354 1355
f 1362 1363 1399
f 1399 1363 1400
f 1399 1400 1398
f 1398 1400 1401
f 1398 1401 1397
f 1397 1401 1402
f 1397 1402 1396
f 1396 1402 1403
f 1396 1403 1395
f 1395 1403 1404
f 1395 1404 1394
f 1394 1404 1405
f 1394 1405 1393
f 1393 1405 1406
f 1393 1406 1392
f 1392 1406 1407
f 1392 1407 1391
f 1391 1407 1408
f 1391 1408 1409
f 1409 1408 1374
f 1409 1374 1375
f 1363 1364 1400
f 1400 1364 1365
f 1400 1365 1401
f 1401 1365 1366
f 1401 1366 1402
f 1402 1366 1367
f 1402 1367 1403
f 1403 1367 1368
f 1403 1368 1404
f 1404 1368 1369
f 1404 1369 1405
f 1405 1369 1370
f 1405 1370 1406
f 1406 1370 1371
f 1406 1371 1407
f 1407 1371 1372
f 1407 1372 1408
f 1408 1372 1373
f 1408 1373 1374
f 1409 1375 1410
f 1410 1375 1376
f 1410 1376 1411
f 1411 1376 1377
f 1411 1377 1412
f 1412 1377 1378
f 1412 1378 1413
f 1413 1378 1379
f 1413 1379 1414
f 1414 1379 1380
f 1414 1380 1415
f 1415 1380 1381
f 1415 1381 1382
f 1383 1384 1382
f 1382 1384 1415
f 1415 1384 1414
f 1414 1384 1385
f 1414 1385 1413
f 1413 1385 1386
f 1413 1386 1412
f 1412 1386 1387
f 1412 1387 1411
f 1411 1387 1388
f 1411 1388 1410
f 1410 1388 1389
f 1410 1389 1409
f 1409 1389 1390
f 1409 1390 1391
f 1417 1428 1416
f 1416 1428 1421
f 1416 1421 1422
f 1428 1417 1427
f 1427 1417 1418
f 1427 1418 1426
f 1426 1418 1425
f 1425 1418 1419
f 1425 1419 1424
f 1424 1419 1423
f 1423 1419 1420
f 1423 1420 1422
f 1422 1420 1416
f 1430 1431 1429
f 1429 1431 1432
f 1434 1435 1433
f 1433 1435 1436
f 1454 1437 1453
f 1453 1437 1438
f 1453 1438 1452
f 1452 1438 1439
f 1452 1439 1456
f 1441 1450 1440
f 1440 1450 1455
f 1456 1451 1452
f 1450 1441 1449
f 1449 1441 1442
f 1449 1442 1448
f 1448 1442 1443
f 1448 1443 1447
f 1447 1443 1444
f 1447 1444 1446
f 1446 1444 1445
f 1458 1487 1457
f 1457 1487 1488
f 1457 1488 1489
f 1487 1458 1494
f 1494 1458 1459
f 1494 1459 1493
f 1493 1459 1460
f 1493 1460 1503
f 1503 1460 1461
f 1503 1461 1502
f 1502 1461 1462
f 1502 1462 1466
f 1466 1462 1465
f 1465 1462 1463
f 1465 1463 1464
f 1502 1466 1501
f 1501 1466 1467
f 1501 1467 1500
f 1500 1467 1468
f 1500 1468 1499
f 1499 1468 1469
f 1499 1469 1498
f 1498 1469 1470
f 1498 1470 1497
f 1497 1470 1471
f 1497 1471 1496
f 1496 1471 1472
f 1496 1472 1473
f 1496 1473 1495
f 1495 1473 1474
f 1495 1474 1475
f 1495 1475 1507
f 1507 1475 1476
f 1507 1476 1477
f 1507 1477 1506
f 1506 1477 1478
f 1506 1478 1479
f 1479 1480 1506
f 1506 1480 1505
f 1505 1480 1481
f 1505 1481 1482
f 1482 1483 1505
f 1505 1483 1484
f 1505 1484 1485
f 1485 1486 1505
f 1505 1486 1492
f 1505 1492 1504
f 1504 1492 1493
f 1504 1493 1503
f 1457 1489 1486
f 1486 1489 1490
f 1486 1490 1491
f 1491 1492 1486
f 1508 1509 1527
f 1527 1509 1510
f 1527 1510 1526
f 1526 1510 1511
f 1526 1511 1525
f 1525 1511 1512
f 1525 1512 1524
f 1524 1512 1513
f 1524 1513 1523
f 1523 1513 1514
f 1523 1514 1522
f 1522 1514 1515
f 1522 1515 1521
f 1521 1515 1516
f 1521 1516 1520
f 1520 1516 1517
f 1520 1517 1519
f 1519 1517 1518
f 1529 1532 1528
f 1528 1532 1533
f 1528 1533 1552
f 1552 1533 1551
f 1551 1533 1550
f 1550 1533 1534
f 1550 1534 1549
f 1549 1534 1548
f 1548 1534 1535
f 1548 1535 1547
f 1547 1535 1536
f 1547 1536 1546
f 1546 1536 1545
f 1545 1536 1537
f 1545 1537 1543
f 1543 1537 1538
f 1543 1538 1542
f 1542 1538 1539
f 1542 1539 1541
f 1541 1539 1540
f 1529 1530 1532
f 1532 1530 1531
f 1543 1544 1545
f 1552 1553 1528
f 1554 1555 1565
f 1565 1555 1556
f 1565 1556 1564
f 1564 1556 1557
f 1564 1557 1563
f 1563 1557 1558
f 1563 1558 1562
f 1562 1558 1559
f 1562 1559 1561
f 1561 1559 1560
f 1573 1566 1572
f 1572 1566 1567
f 1572 1567 1571
f 1571 1567 1568
f 1571 1568 1570
f 1570 1568 1569
f 1574 1575 1595
f 1595 1575 1576
f 1595 1576 1578
f 1578 1576 1577
f 1578 1579 1595
f 1595 1579 1580
f 1595 1580 1581
f 1595 1581 1607
f 1607 1581 1582
f 1607 1582 1606
f 1606 1582 1590
f 1606 1590 1591
f 1590 1582 1589
f 1589 1582 1583
f 1589 1583 1603
f 1603 1583 1602
f 1602 1583 1584
f 1602 1584 1601
f 1601 1584 1600
f 1600 1584 1585
f 1600 1585 1599
f 1599 1585 1598
f 1598 1585 1586
f 1598 1586 1614
f 1614 1586 1613
f 1613 1586 1612
f 1612 1586 1587
f 1612 1587 1619
f 1619 1587 1588
f 1619 1588 1618
f 1618 1588 1617
f 1617 1588 1589
f 1617 1589 1603
f 1606 1591 1605
f 1605 1591 1592
f 1605 1592 1604
f 1604 1592 1611
f 1611 1592 1594
f 1611 1594 1610
f 1610 1594 1609
f 1609 1594 1595
f 1609 1595 1608
f 1608 1595 1607
f 1592 1593 1594
f 1597 1615 1596
f 1596 1615 1616
f 1596 1616 1603
f 1603 1616 1617
f 1615 1597 1614
f 1614 1597 1598
f 1621 1631 1620
f 1620 1631 1632
f 1633 1626 1625
f 1625 1626 1627
f 1625 1627 1624
f 1624 1627 1628
f 1624 1628 1623
f 1623 1628 1629
f 1623 1629 1622
f 1622 1629 1630
f 1622 1630 1621
f 1621 1630 1631
f 1635 1636 1634
f 1634 1636 1637
f 1639 1645 1638
f 1638 1645 1646
f 1638 1646 1642
f 1642 1646 1647
f 1642 1647 1641
f 1641 1647 1649
f 1641 1649 1640
f 1648 1643 1644
f 1648 1644 1639
f 1639 1644 1645
f 1650 1651 1657
f 1657 1651 1652
f 1657 1652 1656
f 1656 1652 1653
f 1656 1653 1655
f 1655 1653 1654
f 1659 1660 1658
f 1658 1660 1661
f 1663 1687 1662
f 1662 1687 1689
f 1688 1675 1674
f 1674 1675 1676
f 1674 1676 1673
f 1673 1676 1677
f 1673 1677 1672
f 1672 1677 1678
f 1672 1678 1671
f 1671 1678 1679
f 1671 1679 1670
f 1670 1679 1680
f 1670 1680 1669
f 1669 1680 1681
f 1669 1681 1668
f 1668 1681 1682
f 1668 1682 1667
f 1667 1682 1683
f 1667 1683 1666
f 1666 1683 1684
f 1666 1684 1665
f 1665 1684 1685
f 1665 1685 1664
f 1664 1685 1686
f 1664 1686 1663
f 1663 1686 1687
f 1691 1703 1690
f 1690 1703 1696
f 1690 1696 1697
f 1703 1691 1702
f 1702 1691 1692
f 1702 1692 1701
f 1701 1692 1693
f 1701 1693 1700
f 1700 1693 1699
f 1699 1693 1694
f 1699 1694 1698
f 1698 1694 1695
f 1698 1695 1697
f 1697 1695 1690
f 1705 1712 1704
f 1704 1712 1713
f 1704 1713 1714
f 1712 1705 1711
f 1711 1705 1706
f 1711 1706 1710
f 1710 1706 1709
f 1709 1706 1707
f 1709 1707 1716
f 1716 1707 1715
f 1715 1707 1708
f 1715 1708 1714
f 1714 1708 1704
f 1737 1717 1741
f 1741 1717 1718
f 1741 1718 1719
f 1741 1719 1740
f 1740 1719 1720
f 1740 1720 1721
f 1740 1721 1742
f 1742 1721 1722
f 1742 1722 1744
f 1744 1722 1723
f 1744 1723 1746
f 1746 1723 1724
f 1746 1724 1738
f 1738 1724 1725
f 1738 1725 1752
f 1752 1725 1749
f 1752 1749 1750
f 1750 1749 1754
f 1750 1754 1733
f 1733 1754 1732
f 1732 1754 1756
f 1732 1756 1739
f 1739 1756 1729
f 1739 1729 1730
f 1725 1726 1749
f 1749 1726 1753
f 1749 1753 1754
f 1754 1753 1756
f 1726 1727 1753
f 1753 1727 1755
f 1753 1755 1756
f 1756 1755 1729
f 1727 1728 1755
f 1755 1728 1729
f 1730 1731 1739
f 1739 1731 1732
f 1733 1734 1750
f 1750 1734 1751
f 1750 1751 1752
f 1752 1751 1738
f 1751 1734 1748
f 1748 1734 1735
f 1748 1735 1747
f 1747 1735 1736
f 1747 1736 1745
f 1745 1736 1743
f 1745 1743 1742
f 1742 1743 1740
f 1736 1737 1743
f 1743 1737 1741
f 1743 1741 1740
f 1747 1745 1744
f 1744 1745 1742
f 1748 1747 1746
f 1746 1747 1744
f 1751 1748 1738
f 1738 1748 1746
f 1757 1758 1760
f 1760 1758 1759
f 1761 1762 1776
f 1776 1762 1763
f 1776 1763 1775
f 1775 1763 1764
f 1775 1764 1774
f 1774 1764 1765
f 1774 1765 1773
f 1773 1765 1766
f 1773 1766 1772
f 1772 1766 1767
f 1772 1767 1771
f 1771 1767 1768
f 1771 1768 1770
f 1770 1768 1769
f 1778 1779 1777
f 1777 1779 1799
f 1799 1779 1780
f 1799 1780 1798
f 1798 1780 1781
f 1798 1781 1797
f 1797 1781 1782
f 1797 1782 1796
f 1796 1782 1783
f 1796 1783 1795
f 1795 1783 1784
f 1795 1784 1794
f 1794 1784 1785
f 1794 1785 1793
f 1793 1785 1786
f 1793 1786 1792
f 1792 1786 1787
f 1792 1787 1788
f 1788 1789 1792
f 1792 1789 1791
f 1791 1789 1790
f 1800 1801 1817
f 1817 1801 1816
f 1816 1801 1802
f 1816 1802 1815
f 1815 1802 1818
f 1815 1818 1814
f 1819 1803 1804
f 1819 1804 1813
f 1813 1804 1805
f 1813 1805 1812
f 1812 1805 1806
f 1812 1806 1811
f 1811 1806 1807
f 1811 1807 1810
f 1810 1807 1808
f 1810 1808 1809
f 1820 1821 1833
f 1833 1821 1822
f 1833 1822 1832
f 1832 1822 1823
f 1832 1823 1831
f 1831 1823 1824
f 1831 1824 1830
f 1830 1824 1825
f 1830 1825 1829
f 1829 1825 1826
f 1829 1826 1828
f 1828 1826 1827
f 1834 1835 1837
f 1837 1835 1836
f 1839 1849 1838
f 1838 1849 1850
f 1851 1844 1843
f 1843 1844 1845
f 1843 1845 1842
f 1842 1845 1846
f 1842 1846 1841
f 1841 1846 1847
f 1841 1847 1840
f 1840 1847 1848
f 1840 1848 1839
f 1839 1848 1849
f 1857 1852 1858
f 1858 1852 1853
f 1858 1853 1862
f 1862 1853 1854
f 1862 1854 1861
f 1861 1854 1863
f 1861 1863 1860
f 1864 1855 1856
f 1864 1856 1859
f 1859 1856 1857
f 1859 1857 1858
f 1882 1865 1881
f 1881 1865 1866
f 1881 1866 1880
f 1880 1866 1867
f 1880 1867 1884
f 1869 1878 1868
f 1868 1878 1883
f 1884 1879 1880
f 1878 1869 1877
f 1877 1869 1870
f 1877 1870 1876
f 1876 1870 1871
f 1876 1871 1875
f 1875 1871 1872
f 1875 1872 1874
f 1874 1872 1873
f 1886 1887 1885
f 1885 1887 1888
f 1906 1889 1905
f 1905 1889 1890
f 1905 1890 1904
f 1904 1890 1891
f 1904 1891 1908
f 1893 1902 1892
f 1892 1902 1907
f 1908 1903 1904
f 1902 1893 1901
f 1901 1893 1894
f 1901 1894 1900
f 1900 1894 1895
f 1900 1895 1899
f 1899 1895 1896
f 1899 1896 1898
f 1898 1896 1897
f 1910 1923 1909
f 1909 1923 1924
f 1909 1924 1916
f 1916 1924 1925
f 1916 1925 1915
f 1926 1917 1918
f 1926 1918 1914
f 1914 1918 1919
f 1914 1919 1913
f 1913 1919 1920
f 1913 1920 1912
f 1912 1920 1921
f 1912 1921 1911
f 1911 1921 1922
f 1911 1922 1910
f 1910 1922 1923
f 1928 1943 1927
f 1944 1937 1938
f 1944 1938 1934
f 1934 1938 1939
f 1934 1939 1933
f 1933 1939 1940
f 1933 1940 1932
f 1932 1940 1941
f 1932 1941 1931
f 1931 1941 1942
f 1931 1942 1930
f 1930 1942 1935
f 1930 1935 1929
f 1929 1935 1936
f 1929 1936 1928
f 1928 1936 1943
f 1945 1946 1947
f 1948 1949 1951
f 1951 1949 1950
f 1952 1953 1967
f 1967 1953 1954
f 1967 1954 1966
f 1966 1954 1955
f 1966 1955 1965
f 1965 1955 1956
f 1965 1956 1964
f 1964 1956 1957
f 1964 1957 1963
f 1963 1957 1958
f 1963 1958 1962
f 1962 1958 1959
f 1962 1959 1961
f 1961 1959 1960
f 1968 1969 1973
f 1973 1969 1970
f 1973 1970 1972
f 1972 1970 1971
f 1975 1983 1974
f 1974 1983 1984
f 1974 1984 1985
f 1983 1975 1982
f 1982 1975 1976
f 1982 1976 1981
f 1981 1976 1980
f 1980 1976 1977
f 1980 1977 1979
f 1979 1977 1986
f 1986 1977 1978
f 1986 1978 1985
f 1985 1978 1974
f 1987 1988 2000
f 2000 1988 1989
f 2000 1989 1999
f 1999 1989 1990
f 1999 1990 1998
f 1998 1990 1991
f 1998 1991 1997
f 1997 1991 1992
f 1997 1992 1996
f 1996 1992 1993
f 1996 1993 1995
f 1995 1993 1994
f 2001 2002 2008
f 2008 2002 2003
f 2008 2003 2007
f 2007 2003 2004
f 2007 2004 2006
f 2006 2004 2005
f 2010 2020 2009
f 2009 2020 2021
f 2022 2015 2014
f 2014 2015 2016
f 2014 2016 2013
f 2013 2016 2017
f 2013 2017 2012
f 2012 2017 2018
f 2012 2018 2011
f 2011 2018 2019
f 2011 2019 2010
f 2010 2019 2020
f 2024 2218 2023
f 2023 2218 2219
f 2023 2219 2186
f 2186 2219 2185
f 2185 2219 2184
f 2184 2219 2220
f 2184 2220 2183
f 2183 2220 2182
f 2182 2220 2181
f 2181 2220 2180
f 2180 2220 2221
f 2180 2221 2234
f 2234 2221 2233
f 2233 2221 2222
f 2233 2222 2032
f 2032 2222 2031
f 2031 2222 2030
f 2030 2222 2217
f 2030 2217 2029
f 2029 2217 2028
f 2028 2217 2027
f 2027 2217 2218
f 2027 2218 2026
f 2026 2218 2025
f 2025 2218 2024
f 2032 2033 2233
f 2233 2033 2232
f 2232 2033 2034
f 2232 2034 2231
f 2231 2034 2035
f 2231 2035 2214
f 2214 2035 2213
f 2213 2035 2036
f 2213 2036 2037
f 2037 2038 2213
f 2213 2038 2212
f 2212 2038 2039
f 2212 2039 2040
f 2040 2041 2212
f 2212 2041 2042
f 2212 2042 2211
f 2211 2042 2043
f 2211 2043 2044
f 2044 2045 2211
f 2211 2045 2046
f 2211 2046 2216
f 2216 2046 2047
f 2216 2047 2048
f 2048 2049 2216
f 2216 2049 2215
f 2215 2049 2050
f 2215 2050 2230
f 2230 2050 2051
f 2230 2051 2229
f 2229 2051 2052
f 2229 2052 2251
f 2251 2052 2053
f 2251 2053 2225
f 2225 2053 2054
f 2225 2054 2224
f 2224 2054 2055
f 2224 2055 2056
f 2056 2057 2224
f 2224 2057 2223
f 2223 2057 2058
f 2223 2058 2059
f 2059 2060 2223
f 2223 2060 2061
f 2223 2061 2228
f 2228 2061 2062
f 2228 2062 2063
f 2063 2064 2228
f 2228 2064 2065
f 2228 2065 2227
f 2227 2065 2066
f 2227 2066 2067
f 2067 2068 2227
f 2227 2068 2226
f 2226 2068 2250
f 2226 2250 2251
f 2068 2069 2250
f 2250 2069 2249
f 2249 2069 2070
f 2249 2070 2248
f 2248 2070 2071
f 2248 2071 2188
f 2188 2071 2072
f 2188 2072 2073
f 2188 2073 2187
f 2187 2073 2074
f 2187 2074 2075
f 2075 2076 2187
f 2187 2076 2192
f 2192 2076 2077
f 2192 2077 2078
f 2078 2079 2192
f 2192 2079 2080
f 2192 2080 2191
f 2191 2080 2081
f 2191 2081 2082
f 2082 2083 2191
f 2191 2083 2190
f 2190 2083 2084
f 2190 2084 2085
f 2085 2086 2190
f 2190 2086 2247
f 2190 2247 2189
f 2189 2247 2248
f 2189 2248 2188
f 2086 2087 2247
f 2247 2087 2246
f 2246 2087 2088
f 2246 2088 2089
f 2090 2252 2089
f 2089 2252 2245
f 2089 2245 2246
f 2090 2091 2252
f 2252 2091 2092
f 2252 2092 2257
f 2257 2092 2093
f 2257 2093 2094
f 2094 2095 2257
f 2257 2095 2256
f 2256 2095 2096
f 2256 2096 2097
f 2097 2098 2256
f 2256 2098 2099
f 2256 2099 2255
f 2255 2099 2100
f 2255 2100 2101
f 2101 2102 2255
f 2255 2102 2254
f 2254 2102 2103
f 2254 2103 2104
f 2254 2104 2244
f 2244 2104 2105
f 2244 2105 2243
f 2243 2105 2106
f 2243 2106 2107
f 2108 2204 2107
f 2107 2204 2199
f 2107 2199 2243
f 2243 2199 2242
f 2242 2199 2200
f 2242 2200 2241
f 2241 2200 2122
f 2241 2122 2123
f 2108 2109 2204
f 2204 2109 2110
f 2204 2110 2203
f 2203 2110 2111
f 2203 2111 2112
f 2112 2113 2203
f 2203 2113 2114
f 2203 2114 2202
f 2202 2114 2115
f 2202 2115 2116
f 2116 2117 2202
f 2202 2117 2118
f 2202 2118 2201
f 2201 2118 2119
f 2201 2119 2120
f 2120 2121 2201
f 2201 2121 2200
f 2200 2121 2122
f 2241 2123 2240
f 2240 2123 2124
f 2240 2124 2125
f 2240 2125 2198
f 2198 2125 2126
f 2198 2126 2197
f 2197 2126 2127
f 2197 2127 2128
f 2128 2129 2197
f 2197 2129 2196
f 2196 2129 2130
f 2196 2130 2131
f 2131 2132 2196
f 2196 2132 2133
f 2196 2133 2195
f 2195 2133 2134
f 2195 2134 2135
f 2135 2136 2195
f 2195 2136 2137
f 2195 2137 2194
f 2194 2137 2138
f 2194 2138 2139
f 2139 2140 2194
f 2194 2140 2193
f 2193 2140 2238
f 2193 2238 2239
f 2140 2141 2238
f 2238 2141 2142
f 2238 2142 2237
f 2237 2142 2143
f 2237 2143 2209
f 2209 2143 2144
f 2209 2144 2145
f 2209 2145 2208
f 2208 2145 2146
f 2208 2146 2147
f 2147 2148 2208
f 2208 2148 2207
f 2207 2148 2149
f 2207 2149 2150
f 2150 2151 2207
f 2207 2151 2152
f 2207 2152 2206
f 2206 2152 2153
f 2206 2153 2154
f 2154 2155 2206
f 2206 2155 2205
f 2205 2155 2156
f 2205 2156 2157
f 2157 2158 2205
f 2205 2158 2159
f 2205 2159 2210
f 2210 2159 2236
f 2210 2236 2237
f 2159 2160 2236
f 2236 2160 2161
f 2236 2161 2235
f 2235 2161 2162
f 2235 2162 2163
f 2235 2163 2169
f 2169 2163 2164
f 2169 2164 2168
f 2168 2164 2165
f 2168 2165 2167
f 2167 2165 2166
f 2169 2170 2235
f 2235 2170 2177
f 2235 2177 2234
f 2234 2177 2178
f 2234 2178 2179
f 2171 2175 2170
f 2170 2175 2176
f 2170 2176 2177
f 2175 2171 2174
f 2174 2171 2172
f 2174 2172 2173
f 2179 2180 2234
f 2240 2198 2239
f 2239 2198 2193
f 2209 2210 2237
f 2231 2214 2230
f 2230 2214 2215
f 2225 2226 2251
f 2254 2244 2253
f 2253 2244 2245
f 2253 2245 2252
f 2259 2265 2258
f 2258 2265 2266
f 2258 2266 2262
f 2262 2266 2267
f 2262 2267 2261
f 2261 2267 2269
f 2261 2269 2260
f 2268 2263 2264
f 2268 2264 2259
f 2259 2264 2265
f 2271 2278 2270
f 2270 2278 2279
f 2270 2279 2280
f 2278 2271 2277
f 2277 2271 2272
f 2277 2272 2276
f 2276 2272 2275
f 2275 2272 2273
f 2275 2273 2282
f 2282 2273 2281
f 2281 2273 2274
f 2281 2274 2280
f 2280 2274 2270
f 2284 2296 2283
f 2283 2296 2289
f 2283 2289 2290
f 2296 2284 2295
f 2295 2284 2285
f 2295 2285 2294
f 2294 2285 2286
f 2294 2286 2293
f 2293 2286 2292
f 2292 2286 2287
f 2292 2287 2291
f 2291 2287 2288
f 2291 2288 2290
f 2290 2288 2283
f 2298 2305 2297
f 2297 2305 2306
f 2297 2306 2307
f 2305 2298 2304
f 2304 2298 2299
f 2304 2299 2303
f 2303 2299 2302
f 2302 2299 2300
f 2302 2300 2309
f 2309 2300 2308
f 2308 2300 2301
f 2308 2301 2307
f 2307 2301 2297
f 2311 2319 2310
f 2310 2319 2320
f 2310 2320 2321
f 2319 2311 2318
f 2318 2311 2312
f 2318 2312 2317
f 2317 2312 2313
f 2317 2313 2316
f 2316 2313 2323
f 2323 2313 2314
f 2323 2314 2322
f 2322 2314 2315
f 2322 2315 2321
f 2321 2315 2310
f 2325 2349 2324
f 2324 2349 2350
f 2324 2350 2347
f 2347 2350 2341
f 2347 2341 2356
f 2356 2341 2342
f 2356 2342 2346
f 2346 2342 2345
f 2345 2342 2344
f 2344 2342 2343
f 2326 2327 2325
f 2325 2327 2349
f 2328 2348 2327
f 2327 2348 2351
f 2327 2351 2349
f 2349 2351 2340
f 2349 2340 2350
f 2350 2340 2341
f 2348 2328 2352
f 2352 2328 2329
f 2352 2329 2330
f 2330 2331 2352
f 2352 2331 2353
f 2352 2353 2348
f 2348 2353 2355
f 2348 2355 2338
f 2338 2355 2337
f 2337 2355 2353
f 2337 2353 2354
f 2354 2353 2331
f 2354 2331 2333
f 2333 2331 2332
f 2333 2334 2354
f 2354 2334 2336
f 2354 2336 2337
f 2334 2335 2336
f 2338 2339 2348
f 2348 2339 2351
f 2339 2340 2351
f 2346 2347 2356
f 2358 2366 2357
f 2369 2365 2358
f 2361 2368 2360
f 2360 2370 2359
f 2357 2364 2361
f 2371 2372 2378
f 2378 2372 2373
f 2378 2373 2374
f 2375 2376 2374
f 2374 2376 2377
f 2374 2377 2378
f 2379 2380 2386
f 2386 2380 2381
f 2386 2381 2382
f 2383 2384 2382
f 2382 2384 2385
f 2382 2385 2386
f 2387 2388 2404
f 2404 2388 2403
f 2403 2388 2389
f 2403 2389 2402
f 2402 2389 2405
f 2402 2405 2401
f 2406 2390 2391
f 2406 2391 2400
f 2400 2391 2392
f 2400 2392 2399
f 2399 2392 2393
f 2399 2393 2398
f 2398 2393 2394
f 2398 2394 2397
f 2397 2394 2395
f 2397 2395 2396
f 2407 2408 2420
f 2420 2408 2409
f 2420 2409 2419
f 2419 2409 2410
f 2419 2410 2418
f 2418 2410 2411
f 2418 2411 2417
f 2417 2411 2412
f 2417 2412 2416
f 2416 2412 2413
f 2416 2413 2415
f 2415 2413 2414
f 2422 2430 2421
f 2433 2429 2422
f 2425 2432 2424
f 2424 2434 2423
f 2421 2428 2425
f 2436 2446 2435
f 2435 2446 2447
f 2448 2441 2440
f 2440 2441 2442
f 2440 2442 2439
f 2439 2442 2443
f 2439 2443 2438
f 2438 2443 2444
f 2438 2444 2437
f 2437 2444 2445
f 2437 2445 2436
f 2436 2445 2446
f 2449 2450 2456
f 2456 2450 2451
f 2456 2451 2452
f 2453 2454 2452
f 2452 2454 2455
f 2452 2455 2456
f 2462 2457 2463
f 2463 2457 2458
f 2463 2458 2467
f 2467 2458 2459
f 2467 2459 2466
f 2466 2459 2468
f 2466 2468 2465
f 2469 2460 2461
f 2469 2461 2464
f 2464 2461 2462
f 2464 2462 2463
f 2471 2479 2470
f 2470 2479 2480
f 2470 2480 2481
f 2479 2471 2478
f 2478 2471 2472
f 2478 2472 2477
f 2477 2472 2473
f 2477 2473 2476
f 2476 2473 2483
f 2483 2473 2474
f 2483 2474 2482
f 2482 2474 2475
f 2482 2475 2481
f 2481 2475 2470
f 2501 2484 2500
f 2500 2484 2485
f 2500 2485 2499
f 2499 2485 2486
f 2499 2486 2503
f 2488 2497 2487
f 2487 2497 2502
f 2503 2498 2499
f 2497 2488 2496
f 2496 2488 2489
f 2496 2489 2495
f 2495 2489 2490
f 2495 2490 2494
f 2494 2490 2491
f 2494 2491 2493
f 2493 2491 2492
f 2505 2520 2504
f 2521 2518 2519
f 2521 2519 2511
f 2511 2519 2512
f 2511 2512 2510
f 2510 2512 2513
f 2510 2513 2509
f 2509 2513 2514
f 2509 2514 2508
f 2508 2514 2515
f 2508 2515 2507
f 2507 2515 2516
f 2507 2516 2506
f 2506 2516 2517
f 2506 2517 2505
f 2505 2517 2520
f 2532 2522 2541
f 2541 2522 2523
f 2541 2523 2524
f 2541 2524 2534
f 2534 2524 2525
f 2534 2525 2526
f 2534 2526 2533
f 2533 2526 2527
f 2533 2527 2540
f 2540 2527 2528
f 2540 2528 2539
f 2539 2528 2529
f 2539 2529 2538
f 2538 2529 2530
f 2538 2530 2537
f 2537 2530 2531
f 2537 2531 2536
f 2536 2531 2542
f 2536 2542 2535
f 2544 2557 2543
f 2543 2557 2558
f 2543 2558 2550
f 2550 2558 2559
f 2550 2559 2549
f 2560 2551 2552
f 2560 2552 2548
f 2548 2552 2553
f 2548 2553 2547
f 2547 2553 2554
f 2547 2554 2546
f 2546 2554 2555
f 2546 2555 2545
f 2545 2555 2556
f 2545 2556 2544
f 2544 2556 2557
f 2562 2576 2561
f 2561 2576 2577
f 2561 2577 2571
f 2571 2577 2578
f 2571 2578 2570
f 2570 2578 2569
f 2569 2578 2579
f 2569 2579 2568
f 2568 2579 2572
f 2568 2572 2567
f 2567 2572 2573
f 2567 2573 2566
f 2566 2573 2565
f 2565 2573 2580
f 2565 2580 2564
f 2581 2574 2563
f 2563 2574 2575
f 2563 2575 2562
f 2562 2575 2576
f 2582 2583 2589
f 2589 2583 2584
f 2589 2584 2588
f 2588 2584 2585
f 2588 2585 2587
f 2587 2585 2586
f 2591 2595 2590
f 2590 2595 2596
f 2590 2596 2594
f 2594 2596 2600
f 2594 2600 2593
f 2601 2597 2598
f 2601 2598 2592
f 2592 2598 2599
f 2592 2599 2591
f 2591 2599 2595
f 2609 2602 2608
f 2608 2602 2603
f 2608 2603 2607
f 2607 2603 2604
f 2607 2604 2606
f 2606 2604 2605
f 2610 2611 2617
f 2617 2611 2612
f 2617 2612 2616
f 2616 2612 2613
f 2616 2613 2615
f 2615 2613 2614
f 2625 2618 2624
f 2624 2618 2619
f 2624 2619 2623
f 2623 2619 2620
f 2623 2620 2622
f 2622 2620 2621
f 2626 2627 2633
f 2633 2627 2628
f 2633 2628 2629
f 2630 2631 2629
f 2629 2631 2632
f 2629 2632 2633
f 2635 2645 2634
f 2634 2645 2646
f 2634 2646 2638
f 2638 2646 2639
f 2638 2639 2640
f 2636 2643 2635
f 2635 2643 2644
f 2635 2644 2645
f 2637 2641 2636
f 2636 2641 2642
f 2636 2642 2643
f 2641 2637 2640
f 2640 2637 2638
f 2647 2648 2654
f 2654 2648 2649
f 2654 2649 2650
f 2651 2652 2650
f 2650 2652 2653
f 2650 2653 2654
f 2656 2664 2655
f 2667 2663 2656
f 2659 2666 2658
f 2658 2668 2657
f 2655 2662 2659
f 2669 2670 2686
f 2686 2670 2685
f 2685 2670 2671
f 2685 2671 2684
f 2684 2671 2687
f 2684 2687 2683
f 2688 2672 2673
f 2688 2673 2682
f 2682 2673 2674
f 2682 2674 2681
f 2681 2674 2675
f 2681 2675 2680
f 2680 2675 2676
f 2680 2676 2679
f 2679 2676 2677
f 2679 2677 2678
f 2690 2694 2689
f 2689 2694 2695
f 2689 2695 2693
f 2693 2695 2699
f 2693 2699 2692
f 2700 2696 2697
f 2700 2697 2691
f 2691 2697 2698
f 2691 2698 2690
f 2690 2698 2694
f 2702 2712 2701
f 2701 2712 2713
f 2714 2707 2706
f 2706 2707 2708
f 2706 2708 2705
f 2705 2708 2709
f 2705 2709 2704
f 2704 2709 2710
f 2704 2710 2703
f 2703 2710 2711
f 2703 2711 2702
f 2702 2711 2712
f 2715 2716 2722
f 2722 2716 2717
f 2722 2717 2718
f 2719 2720 2718
f 2718 2720 2721
f 2718 2721 2722
f 2724 2730 2723
f 2723 2730 2731
f 2723 2731 2727
f 2727 2731 2732
f 2727 2732 2726
f 2726 2732 2734
f 2726 2734 2725
f 2733 2728 2729
f 2733 2729 2724
f 2724 2729 2730
f 2736 2742 2735
f 2735 2742 2743
f 2735 2743 2739
f 2739 2743 2744
f 2739 2744 2738
f 2738 2744 2746
f 2738 2746 2737
f 2745 2740 2741
f 2745 2741 2736
f 2736 2741 2742
f 2764 2747 2763
f 2763 2747 2748
f 2763 2748 2762
f 2762 2748 2749
f 2762 2749 2761
f 2761 2749 2750
f 2761 2750 2760
f 2760 2750 2751
f 2760 2751 2759
f 2759 2751 2752
f 2759 2752 2765
f 2754 2757 2753
f 2753 2757 2766
f 2765 2758 2759
f 2755 2756 2754
f 2754 2756 2757
f 2768 2775 2767
f 2767 2775 2776
f 2767 2776 2777
f 2775 2768 2774
f 2774 2768 2769
f 2774 2769 2773
f 2773 2769 2772
f 2772 2769 2770
f 2772 2770 2779
f 2779 2770 2778
f 2778 2770 2771
f 2778 2771 2777
f 2777 2771 2767
f 2781 2793 2780
f 2780 2793 2786
f 2780 2786 2787
f 2793 2781 2792
f 2792 2781 2782
f 2792 2782 2791
f 2791 2782 2783
f 2791 2783 2790
f 2790 2783 2789
f 2789 2783 2784
f 2789 2784 2788
f 2788 2784 2785
f 2788 2785 2787
f 2787 2785 2780
f 2795 2807 2794
f 2794 2807 2800
f 2794 2800 2801
f 2807 2795 2806
f 2806 2795 2796
f 2806 2796 2805
f 2805 2796 2797
f 2805 2797 2804
f 2804 2797 2803
f 2803 2797 2798
f 2803 2798 2802
f 2802 2798 2799
f 2802 2799 2801
f 2801 2799 2794
f 2809 2817 2808
f 2808 2817 2818
f 2808 2818 2813
f 2813 2818 2819
f 2813 2819 2820
f 2817 2809 2816
f 2816 2809 2810
f 2816 2810 2815
f 2815 2810 2814
f 2814 2810 2811
f 2814 2811 2821
f 2821 2811 2812
f 2821 2812 2820
f 2820 2812 2813
f 2822 2823 2829
f 2829 2823 2824
f 2829 2824 2828
f 2828 2824 2825
f 2828 2825 2827
f 2827 2825 2826
f 2830 2831 2847
f 2847 2831 2846
f 2846 2831 2832
f 2846 2832 2845
f 2845 2832 2848
f 2845 2848 2844
f 2849 2833 2834
f 2849 2834 2843
f 2843 2834 2835
f 2843 2835 2842
f 2842 2835 2836
f 2842 2836 2841
f 2841 2836 2837
f 2841 2837 2840
f 2840 2837 2838
f 2840 2838 2839
f 2857 2850 2856
f 2856 2850 2851
f 2856 2851 2855
f 2855 2851 2852
f 2855 2852 2854
f 2854 2852 2853
f 2858 2859 2865
f 2865 2859 2860
f 2865 2860 2861
f 2862 2863 2861
f 2861 2863 2864
f 2861 2864 2865
f 2866 2867 2873
f 2873 2867 2868
f 2873 2868 2872
f 2872 2868 2869
f 2872 2869 2871
f 2871 2869 2870
f 2881 2874 2880
f 2880 2874 2875
f 2880 2875 2879
f 2879 2875 2876
f 2879 2876 2878
f 2878 2876 2877
f 2883 2891 2882
f 2894 2890 2883
f 2886 2893 2885
f 2885 2895 2884
f 2882 2889 2886
f 2897 2901 2896
f 2896 2901 2902
f 2896 2902 2900
f 2900 2902 2906
f 2900 2906 2899
f 2907 2903 2904
f 2907 2904 2898
f 2898 2904 2905
f 2898 2905 2897
f 2897 2905 2901
f 2909 2920 2908
f 2908 2920 2913
f 2908 2913 2914
f 2910 2918 2909
f 2909 2918 2919
f 2909 2919 2920
f 2918 2910 2917
f 2917 2910 2911
f 2917 2911 2916
f 2916 2911 2915
f 2915 2911 2912
f 2915 2912 2914
f 2914 2912 2908
f 2921 2922 2928
f 2928 2922 2923
f 2928 2923 2924
f 2925 2926 2924
f 2924 2926 2927
f 2924 2927 2928
f 2936 2929 2935
f 2935 2929 2930
f 2935 2930 2934
f 2934 2930 2931
f 2934 2931 2933
f 2933 2931 2932
f 2937 2938 2944
f 2944 2938 2939
f 2944 2939 2940
f 2941 2942 2940
f 2940 2942 2943
f 2940 2943 2944
f 2950 2945 2951
f 2951 2945 2946
f 2951 2946 2955
f 2955 2946 2947
f 2955 2947 2954
f 2954 2947 2956
f 2954 2956 2953
f 2957 2948 2949
f 2957 2949 2952
f 2952 2949 2950
f 2952 2950 2951
f 2959 2974 2958
f 2975 2972 2973
f 2975 2973 2965
f 2965 2973 2966
f 2965 2966 2964
f 2964 2966 2967
f 2964 2967 2963
f 2963 2967 2968
f 2963 2968 2962
f 2962 2968 2969
f 2962 2969 2961
f 2961 2969 2970
f 2961 2970 2960
f 2960 2970 2971
f 2960 2971 2959
f 2959 2971 2974
f 2977 2988 2976
f 2976 2988 2981
f 2976 2981 2982
f 2988 2977 2987
f 2987 2977 2978
f 2987 2978 2986
f 2986 2978 2985
f 2985 2978 2979
f 2985 2979 2984
f 2984 2979 2980
f 2984 2980 2983
f 2983 2980 2982
f 2982 2980 2976
f 2989 2990 2996
f 2996 2990 2991
f 2996 2991 2995
f 2995 2991 2992
f 2995 2992 2994
f 2994 2992 2993
f 2998 3002 2997
f 2997 3002 3003
f 2997 3003 3004
f 3002 2998 3009
f 3009 2998 2999
f 3009 2999 3008
f 3008 2999 3007
f 3007 2999 3000
f 3007 3000 3006
f 3006 3000 3001
f 3006 3001 3005
f 3005 3001 3004
f 3004 3001 2997
f 3017 3010 3016
f 3016 3010 3011
f 3016 3011 3015
f 3015 3011 3012
f 3015 3012 3014
f 3014 3012 3013
f 3018 3019 3025
f 3025 3019 3020
f 3025 3020 3021
f 3022 3023 3021
f 3021 3023 3024
f 3021 3024 3025
f 3033 3026 3032
f 3032 3026 3027
f 3032 3027 3031
f 3031 3027 3028
f 3031 3028 3030
f 3030 3028 3029
f 3035 3039 3034
f 3034 3039 3040
f 3034 3040 3038
f 3038 3040 3044
f 3038 3044 3037
f 3045 3041 3042
f 3045 3042 3036
f 3036 3042 3043
f 3036 3043 3035
f 3035 3043 3039
f 3046 3047 3053
f 3053 3047 3048
f 3053 3048 3049
f 3050 3051 3049
f 3049 3051 3052
f 3049 3052 3053
f 3061 3054 3060
f 3060 3054 3055
f 3060 3055 3059
f 3059 3055 3056
f 3059 3056 3058
f 3058 3056 3057
f 3063 3069 3062
f 3062 3069 3070
f 3062 3070 3066
f 3066 3070 3071
f 3066 3071 3065
f 3065 3071 3073
f 3065 3073 3064
f 3072 3067 3068
f 3072 3068 3063
f 3063 3068 3069
f 3075 3086 3074
f 3074 3086 3079
f 3074 3079 3080
f 3086 3075 3085
f 3085 3075 3076
f 3085 3076 3084
f 3084 3076 3083
f 3083 3076 3077
f 3083 3077 3082
f 3082 3077 3078
f 3082 3078 3081
f 3081 3078 3080
f 3080 3078 3074
f 3104 3087 3103
f 3103 3087 3088
f 3103 3088 3102
f 3102 3088 3089
f 3102 3089 3101
f 3101 3089 3090
f 3101 3090 3100
f 3100 3090 3091
f 3100 3091 3099
f 3099 3091 3092
f 3099 3092 3105
f 3094 3097 3093
f 3093 3097 3106
f 3105 3098 3099
f 3095 3096 3094
f 3094 3096 3097
f 3107 3108 3114
f 3114 3108 3109
f 3114 3109 3113
f 3113 3109 3110
f 3113 3110 3112
f 3112 3110 3111
f 3115 3116 3122
f 3122 3116 3117
f 3122 3117 3118
f 3119 3120 3118
f 3118 3120 3121
f 3118 3121 3122
f 3123 3124 3130
f 3130 3124 3125
f 3130 3125 3126
f 3127 3128 3126
f 3126 3128 3129
f 3126 3129 3130
f 3138 3131 3137
f 3137 3131 3132
f 3137 3132 3136
f 3136 3132 3133
f 3136 3133 3135
f 3135 3133 3134
f 3144 3139 3145
f 3145 3139 3140
f 3145 3140 3149
f 3149 3140 3141
f 3149 3141 3148
f 3148 3141 3150
f 3148 3150 3147
f 3151 3142 3143
f 3151 3143 3146
f 3146 3143 3144
f 3146 3144 3145
f 3153 3159 3152
f 3152 3159 3160
f 3152 3160 3156
f 3156 3160 3161
f 3156 3161 3155
f 3155 3161 3163
f 3155 3163 3154
f 3162 3157 3158
f 3162 3158 3153
f 3153 3158 3159
f 3164 3165 3171
f 3171 3165 3166
f 3171 3166 3170
f 3170 3166 3167
f 3170 3167 3169
f 3169 3167 3168
f 3172 3173 3179
f 3179 3173 3174
f 3179 3174 3175
f 3176 3177 3175
f 3175 3177 3178
f 3175 3178 3179
f 3187 3180 3186
f 3186 3180 3181
f 3186 3181 3185
f 3185 3181 3182
f 3185 3182 3184
f 3184 3182 3183
f 3195 3188 3194
f 3194 3188 3189
f 3194 3189 3193
f 3193 3189 3190
f 3193 3190 3192
f 3192 3190 3191
f 3201 3196 3202
f 3202 3196 3197
f 3202 3197 3206
f 3206 3197 3198
f 3206 3198 3205
f 3205 3198 3207
f 3205 3207 3204
f 3208 3199 3200
f 3208 3200 3203
f 3203 3200 3201
f 3203 3201 3202
f 3214 3209 3215
f 3215 3209 3210
f 3215 3210 3219
f 3219 3210 3211
f 3219 3211 3218
f 3218 3211 3220
f 3218 3220 3217
f 3221 3212 3213
f 3221 3213 3216
f 3216 3213 3214
f 3216 3214 3215
f 3222 3223 3229
f 3229 3223 3224
f 3229 3224 3228
f 3228 3224 3225
f 3228 3225 3227
f 3227 3225 3226
f 3230 3231 3237
f 3237 3231 3232
f 3237 3232 3233
f 3234 3235 3233
f 3233 3235 3236
f 3233 3236 3237
f 3245 3238 3244
f 3244 3238 3239
f 3244 3239 3243
f 3243 3239 3240
f 3243 3240 3242
f 3242 3240 3241
f 3246 3247 3249
f 3249 3247 3248
f 3257 3250 3256
f 3256 3250 3251
f 3256 3251 3255
f 3255 3251 3252
f 3255 3252 3254
f 3254 3252 3253
f 3259 3265 3258
f 3258 3265 3266
f 3258 3266 3262
f 3262 3266 3267
f 3262 3267 3261
f 3261 3267 3269
f 3261 3269 3260
f 3268 3263 3264
f 3268 3264 3259
f 3259 3264 3265
f 3270 3271 3277
f 3277 3271 3272
f 3277 3272 3273
f 3274 3275 3273
f 3273 3275 3276
f 3273 3276 3277
f 3285 3278 3284
f 3284 3278 3279
f 3284 3279 3283
f 3283 3279 3280
f 3283 3280 3282
f 3282 3280 3281
f 3293 3286 3292
f 3292 3286 3287
f 3292 3287 3288
f 3289 3290 3288
f 3288 3290 3291
f 3288 3291 3292
f 3301 3294 3300
f 3300 3294 3295
f 3300 3295 3299
f 3299 3295 3296
f 3299 3296 3298
f 3298 3296 3297
f 3309 3302 3308
f 3308 3302 3303
f 3308 3303 3307
f 3307 3303 3304
f 3307 3304 3306
f 3306 3304 3305
f 3310 3311 3317
f 3317 3311 3312
f 3317 3312 3313
f 3314 3315 3313
f 3313 3315 3316
f 3313 3316 3317
f 3318 3319 3325
f 3325 3319 3320
f 3325 3320 3321
f 3322 3323 3321
f 3321 3323 3324
f 3321 3324 3325
f 3333 3326 3332
f 3332 3326 3327
f 3332 3327 3328
f 3329 3330 3328
f 3328 3330 3331
f 3328 3331 3332
f 3341 3334 3340
f 3340 3334 3335
f 3340 3335 3339
f 3339 3335 3336
f 3339 3336 3338
f 3338 3336 3337
f 3349 3342 3348
f 3348 3342 3343
f 3348 3343 3347
f 3347 3343 3344
f 3347 3344 3346
f 3346 3344 3345
f 3357 3350 3356
f 3356 3350 3351
f 3356 3351 3355
f 3355 3351 3352
f 3355 3352 3354
f 3354 3352 3353
f 3358 3359 3365
f 3365 3359 3360
f 3365 3360 3361
f 3362 3363 3361
f 3361 3363 3364
f 3361 3364 3365
f 3373 3366 3372
f 3372 3366 3367
f 3372 3367 3371
f 3371 3367 3368
f 3371 3368 3370
f 3370 3368 3369
f 3381 3374 3380
f 3380 3374 3375
f 3380 3375 3376
f 3377 3378 3376
f 3376 3378 3379
f 3376 3379 3380
f 3389 3382 3388
f 3388 3382 3383
f 3388 3383 3387
f 3387 3383 3384
f 3387 3384 3386
f 3386 3384 3385
f 3397 3390 3396
f 3396 3390 3391
f 3396 3391 3395
f 3395 3391 3392
f 3395 3392 3394
f 3394 3392 3393
f 3405 3398 3404
f 3404 3398 3399
f 3404 3399 3403
f 3403 3399 3400
f 3403 3400 3402
f 3402 3400 3401
f 3406 3407 3409
f 3409 3407 3408
f 3417 3410 3416
f 3416 3410 3411
f 3416 3411 3415
f 3415 3411 3412
f 3415 3412 3414
f 3414 3412 3413
f 3425 3418 3424
f 3424 3418 3419
f 3424 3419 3423
f 3423 3419 3420
f 3423 3420 3422
f 3422 3420 3421
f 3433 3426 3432
f 3432 3426 3427
f 3432 3427 3431
f 3431 3427 3428
f 3431 3428 3430
f 3430 3428 3429
f 3441 3434 3440
f 3440 3434 3435
f 3440 3435 3439
f 3439 3435 3436
f 3439 3436 3438
f 3438 3436 3437
