v -0.06876580101 -0.0325999999 0.3783360509
v -0.06890703967 -0.03199638128 0.3780508066
v -0.06938001823 -0.03180000067 0.3774890153
v -0.0701473963 -0.03180000067 0.3770668891
v -0.07101865869 -0.03180000067 0.3769775855
v -0.0718557134 -0.03180000067 0.3772352764
v -0.07244968643 -0.0320152092 0.3777081929
v -0.07262898715 -0.0325999999 0.3779401071
v -0.07262898715 -0.05699999809 0.3779401071
v -0.07243282067 -0.05760361671 0.3776894342
v -0.0718557134 -0.0578000021 0.3772352764
v -0.07101865869 -0.0578000021 0.3769775855
v -0.0701473963 -0.0578000021 0.3770668891
v -0.06938001823 -0.0578000021 0.3774890153
v -0.06889432723 -0.05758479118 0.3780725886
v -0.06876580101 -0.05699999809 0.3783360509
v -0.07823933682 -0.0325999999 0.3768646006
v -0.07832894829 -0.03199628592 0.3765590241
v -0.07869713699 -0.03180000067 0.3759237715
v -0.07937955676 -0.03180000067 0.3753747972
v -0.08022207038 -0.03180000067 0.3751355665
v -0.08109116351 -0.03180000067 0.3752439882
v -0.08175573209 -0.0320127511 0.3756045999
v -0.08197507753 -0.0325999999 0.3758038316
v -0.08197507753 -0.05699999809 0.3758038316
v -0.08173825121 -0.05760371685 0.3755909529
v -0.08109116351 -0.0578000021 0.3752439882
v -0.08022207038 -0.0578000021 0.3751355665
v -0.07937955676 -0.0578000021 0.3753747972
v -0.07869713699 -0.0578000021 0.3759237715
v -0.07832125695 -0.05758725166 0.3765798238
v -0.07823933682 -0.05699999809 0.3768646006
v -0.08731343761 -0.0325999999 0.373770436
v -0.08734862764 -0.03199624777 0.3734538924
v -0.08760090189 -0.03180000067 0.3727644045
v -0.08817763528 -0.03180000067 0.3721052715
v -0.08896580828 -0.03180000067 0.3717233712
v -0.08984051829 -0.03180000067 0.3716792241
v -0.09055266547 -0.03200849295 0.3719163253
v -0.09080822185 -0.0325999999 0.3720770762
v -0.09080822185 -0.05699999809 0.3720770762
v -0.09053797887 -0.057603755 0.3719085339
v -0.08984051829 -0.0578000021 0.3716792241
v -0.08896580828 -0.0578000021 0.3717233712
v -0.08817763528 -0.0578000021 0.3721052715
v -0.08760090189 -0.0578000021 0.3727644045
v -0.08734564266 -0.05759150982 0.3734702574
v -0.08731343761 -0.05699999809 0.373770436
v -0.09571238198 -0.0325999999 0.3691475804
v -0.0956920777 -0.03199623346 0.3688297208
v -0.09582079385 -0.03180000067 0.3681069117
v -0.09627429328 -0.03180000067 0.3673576472
v -0.09698417893 -0.03180000067 0.3668446836
v -0.09783793645 -0.03180000067 0.3666493219
v -0.09857812143 -0.03200665474 0.3667583923
v -0.09886002775 -0.0325999999 0.3668730807
v -0.09886002775 -0.05699999809 0.3668730807
v -0.09856460785 -0.0576037693 0.366754015
v -0.09783793645 -0.0578000021 0.3666493219
v -0.09698417893 -0.0578000021 0.3668446836
v -0.09627429328 -0.0578000021 0.3673576472
v -0.09582079385 -0.0578000021 0.3681069117
v -0.09569198235 -0.05759334564 0.368843921
v -0.09571238198 -0.05699999809 0.3691475804
v -0.1031809765 -0.0325999999 0.3631364913
v -0.1031057882 -0.03199623346 0.362826986
v -0.1031070267 -0.03180000067 0.3620928094
v -0.1034235403 -0.03180000067 0.3612761775
v -0.1040335569 -0.03180000067 0.3606477336
v -0.104840422 -0.03180000067 0.3603070893
v -0.1055883029 -0.03200665474 0.3602859736
v -0.1058858399 -0.0325999999 0.3603499742
v -0.1058858399 -0.05699999809 0.3603499742
v -0.1055742362 -0.0576037693 0.3602840091
v -0.104840422 -0.0578000021 0.3603070893
v -0.1040335569 -0.0578000021 0.3606477336
v -0.1034235403 -0.0578000021 0.3612761775
v -0.1031070267 -0.0578000021 0.3620928094
v -0.1031081629 -0.05759334564 0.3628409859
v -0.1031809765 -0.05699999809 0.3631364913
v -0.1094922946 -0.0325999999 0.3559198264
v -0.1093645017 -0.03199624777 0.3556280881
v -0.109238234 -0.03180000067 0.3549048408
v -0.1094081296 -0.03180000067 0.3540456467
v -0.1098997569 -0.03180000067 0.3533208248
v -0.1106352107 -0.03180000067 0.3528452452
v -0.1113705028 -0.03200849295 0.3526944966
v -0.1116721882 -0.0325999999 0.3527059402
v -0.1116721882 -0.05699999809 0.3527059402
v -0.1113538803 -0.057603755 0.3526950879
v -0.1106352107 -0.0578000021 0.3528452452
v -0.1098997569 -0.0578000021 0.3533208248
v -0.1094081296 -0.0578000021 0.3540456467
v -0.109238234 -0.0578000021 0.3549048408
v -0.1093700998 -0.05759150982 0.3556437475
v -0.1094922946 -0.05699999809 0.3559198264
v -0.06938001823 -0.03180000067 0.3774890153
v -0.06890703967 -0.03199638128 0.3780508066
v -0.06876580101 -0.0325999999 0.3783360509
v -0.06686320184 -0.0325999999 0.3784303249
v -0.0649584854 -0.0325999999 0.3784586428
v -0.06305392619 -0.0325999999 0.3784209951
v -0.06291162798 -0.03200655699 0.3781518112
v -0.06241479129 -0.03180000067 0.3775925966
v -0.06473730307 -0.03180000067 0.3776576426
v -0.06706046795 -0.03180000067 0.3776230965
v -0.1144545719 -0.0325999999 0.3477168358
v -0.1142780845 -0.03199628353 0.3474517718
v -0.1140281157 -0.03180000067 0.3467613884
v -0.114046234 -0.03180000067 0.3458857532
v -0.114404528 -0.03180000067 0.3450865735
v -0.1150462258 -0.03180000067 0.3444905068
v -0.1157495506 -0.03201267719 0.3442132343
v -0.1160432631 -0.0325999999 0.3441732462
v -0.1160432631 -0.05699999809 0.3441732462
v -0.1157279594 -0.05760371685 0.3442178215
v -0.1150462258 -0.0578000021 0.3444905068
v -0.114404528 -0.0578000021 0.3450865735
v -0.114046234 -0.0578000021 0.3458857532
v -0.1140281157 -0.0578000021 0.3467613884
v -0.1142890327 -0.05758732319 0.3474709502
v -0.1144545719 -0.05699999809 0.3477168358
v -0.07262898715 -0.0325999999 0.3779401071
v -0.07244968643 -0.0320152092 0.3777081929
v -0.0718557134 -0.03180000067 0.3772352764
v -0.07415423957 -0.03180000067 0.3768960409
v -0.07643610964 -0.03180000067 0.3764586055
v -0.07869713699 -0.03180000067 0.3759237715
v -0.07832894829 -0.03199628592 0.3765590241
v -0.07823933682 -0.0325999999 0.3768646006
v -0.07638201392 -0.0325999999 0.3772878159
v -0.07451114873 -0.0325999999 0.3776464675
v -0.0718557134 -0.03180000067 0.3772352764
v -0.07101865869 -0.03180000067 0.3769775855
v -0.0701473963 -0.03180000067 0.3770668891
v -0.06938001823 -0.03180000067 0.3774890153
v -0.06706046795 -0.03180000067 0.3776230965
v -0.06473730307 -0.03180000067 0.3776576426
v -0.06241479129 -0.03180000067 0.3775925966
v -0.06163519998 -0.03180000067 0.3771934662
v -0.06076166757 -0.03180000067 0.3771301151
v -0.05993264375 -0.03180000067 0.3774125758
v -0.05762505184 -0.03180000067 0.3771418413
v -0.05533118313 -0.03180000067 0.3767724491
v -0.05305525286 -0.03180000067 0.3763050859
v -0.05235680947 -0.03180000067 0.3757766467
v -0.05150754781 -0.03180000067 0.3755625673
v -0.05064206953 -0.03180000067 0.375696789
v -0.04841655013 -0.03180000067 0.3750294498
v -0.04622167212 -0.03180000067 0.3742673439
v -0.04406147432 -0.03180000067 0.3734118732
v -0.04346540767 -0.03180000067 0.3727701754
v -0.0426662232 -0.03180000067 0.3724118813
v -0.04179058802 -0.03180000067 0.3723937631
v -0.03971475668 -0.03180000067 0.3713501132
v -0.03768556463 -0.03180000067 0.3702184487
v -0.03570673597 -0.03180000067 0.369000858
v -0.0352311516 -0.03180000067 0.3682654043
v -0.03450632727 -0.03180000067 0.3677737769
v -0.03364713793 -0.03180000067 0.3676038813
v -0.0317840755 -0.03180000067 0.3662156209
v -0.02998222213 -0.03180000067 0.3647487871
v -0.02824488946 -0.03180000067 0.3632060694
v -0.02790423797 -0.03180000067 0.3623992043
v -0.02727579652 -0.03180000067 0.3617891876
v -0.02645916226 -0.03180000067 0.3614726741
v -0.02486547414 -0.03180000067 0.359781984
v -0.02334570759 -0.03180000067 0.3580245461
v -0.02190265687 -0.03180000067 0.3562035838
v -0.0217072928 -0.03180000067 0.3553498263
v -0.02119432922 -0.03180000067 0.3546399406
v -0.02044506227 -0.03180000067 0.3541864412
v -0.01916917018 -0.03180000067 0.3522446862
v -0.01797766864 -0.03180000067 0.3502500404
v -0.01687274872 -0.03180000067 0.3482061657
v -0.01682860518 -0.03180000067 0.3473314556
v -0.01644670372 -0.03180000067 0.3465432826
v -0.01578757071 -0.03180000067 0.3459665588
v -0.0148682428 -0.03180000067 0.3438327523
v -0.01404121024 -0.03180000067 0.3416615043
v -0.01330799175 -0.03180000067 0.3394568109
v -0.01341641227 -0.03180000067 0.3385877177
v -0.01317717801 -0.03180000067 0.3377452041
v -0.01262820492 -0.03180000067 0.3370627844
v -0.01209337563 -0.03180000067 0.334801757
v -0.01165594029 -0.03180000067 0.3325198822
v -0.01131670238 -0.03180000067 0.3302213655
v -0.01157438967 -0.03180000067 0.3293843061
v -0.01148509204 -0.03180000067 0.3285130437
v -0.01106296106 -0.03180000067 0.3277456656
v -0.01092887992 -0.03180000067 0.3254261153
v -0.01089433257 -0.03180000067 0.3231029504
v -0.01095938219 -0.03180000067 0.3207804386
v -0.01135850902 -0.03180000067 0.3200008473
v -0.01142186127 -0.03180000067 0.3191273149
v -0.01113939698 -0.03180000067 0.3182982911
v -0.01141013868 -0.03180000067 0.3159906992
v -0.01177952967 -0.03180000067 0.3136968305
v -0.01224689047 -0.03180000067 0.3114209002
v -0.01277532853 -0.03180000067 0.3107224568
v -0.01298940427 -0.03180000067 0.3098731999
v -0.01285519097 -0.03180000067 0.3090077169
v -0.01352252901 -0.03180000067 0.3067821975
v -0.01428463373 -0.03180000067 0.3045873195
v -0.0151401056 -0.03180000067 0.3024271217
v -0.01578179981 -0.03180000067 0.301831055
v -0.01614009504 -0.03180000067 0.3010318706
v -0.01615820974 -0.03180000067 0.3001562354
v -0.01720186674 -0.03180000067 0.298080404
v -0.01833353008 -0.03180000067 0.296051212
v -0.01955111956 -0.03180000067 0.2940723833
v -0.02028656971 -0.03180000067 0.293596799
v -0.02077819947 -0.03180000067 0.292871977
v -0.02094809027 -0.03180000067 0.2920127877
v -0.02233635786 -0.03180000067 0.2901497229
v -0.02380319401 -0.03180000067 0.2883478695
v -0.0253459046 -0.03180000067 0.2866105368
v -0.02615276731 -0.03180000067 0.2862698877
v -0.02676279114 -0.03180000067 0.2856414463
v -0.02707929991 -0.03180000067 0.284824812
v -0.02876999239 -0.03180000067 0.2832311215
v -0.03052743268 -0.03180000067 0.2817113549
v -0.03234839257 -0.03180000067 0.2802683066
v -0.03320215009 -0.03180000067 0.2800729402
v -0.03391203336 -0.03180000067 0.2795599766
v -0.03436553994 -0.03180000067 0.2788107096
v -0.03630728775 -0.03180000067 0.2775348187
v -0.03830193364 -0.03180000067 0.276343316
v -0.04034581073 -0.03180000067 0.2752383973
v -0.04122052074 -0.03180000067 0.2751942525
v -0.04200869851 -0.03180000067 0.2748123523
v -0.04258542236 -0.03180000067 0.2741532193
v -0.04471922889 -0.03180000067 0.2732338902
v -0.04689047206 -0.03180000067 0.2724068576
v -0.04909516552 -0.03180000067 0.2716736403
v -0.04996425388 -0.03180000067 0.2717820596
v -0.05080677227 -0.03180000067 0.2715428266
v -0.05148919203 -0.03180000067 0.2709938523
v -0.05375021938 -0.03180000067 0.270459023
v -0.05603208946 -0.03180000067 0.2700215877
v -0.05833061086 -0.03180000067 0.2696823497
v -0.05916767033 -0.03180000067 0.2699400382
v -0.06003893273 -0.03180000067 0.2698507406
v -0.06080631079 -0.03180000067 0.2694286084
v -0.06312586107 -0.03180000067 0.2692945273
v -0.06544902595 -0.03180000067 0.2692599811
v -0.06777153774 -0.03180000067 0.2693250307
v -0.06855112904 -0.03180000067 0.2697241576
v -0.06942466145 -0.03180000067 0.2697875086
v -0.07025368527 -0.03180000067 0.2695050443
v -0.07256127718 -0.03180000067 0.269775786
v -0.0748551459 -0.03180000067 0.270145177
v -0.07713107617 -0.03180000067 0.2706125378
v -0.07782951955 -0.03180000067 0.2711409771
v -0.07867878121 -0.03180000067 0.271355054
v -0.07954425949 -0.03180000067 0.2712208395
v -0.08176977889 -0.03180000067 0.2718881764
v -0.08396465213 -0.03180000067 0.2726502823
v -0.08612484994 -0.03180000067 0.2735057553
v -0.08672092612 -0.03180000067 0.2741474484
v -0.08752010583 -0.03180000067 0.2745057424
v -0.08839574101 -0.03180000067 0.2745238583
v -0.09047156758 -0.03180000067 0.2755675153
v -0.09250076916 -0.03180000067 0.2766991774
v -0.09447959782 -0.03180000067 0.2779167681
v -0.09495517742 -0.03180000067 0.2786522195
v -0.09567999937 -0.03180000067 0.2791438468
v -0.09653919347 -0.03180000067 0.27931374
v -0.09840225591 -0.03180000067 0.2807020052
v -0.1002041117 -0.03180000067 0.2821688414
v -0.1019414419 -0.03180000067 0.2837115543
v -0.1022820863 -0.03180000067 0.2845184147
v -0.1029105301 -0.03180000067 0.2851284409
v -0.103727162 -0.03180000067 0.2854449473
v -0.1053208597 -0.03180000067 0.2871356398
v -0.1068406191 -0.03180000067 0.28889308
v -0.1082836745 -0.03180000067 0.2907140399
v -0.1084790362 -0.03180000067 0.2915677975
v -0.1089919998 -0.03180000067 0.2922776831
v -0.1097412644 -0.03180000067 0.2927311873
v -0.11101716 -0.03180000067 0.2946729375
v -0.1122086556 -0.03180000067 0.2966675834
v -0.1133135767 -0.03180000067 0.2987114581
v -0.1133577238 -0.03180000067 0.2995861729
v -0.1137396241 -0.03180000067 0.3003743459
v -0.1143987571 -0.03180000067 0.3009510697
v -0.1153180838 -0.03180000067 0.3030848762
v -0.116145114 -0.03180000067 0.3052561194
v -0.1168783408 -0.03180000067 0.3074608129
v -0.1167699191 -0.03180000067 0.3083299012
v -0.1170091498 -0.03180000067 0.3091724196
v -0.1175581241 -0.03180000067 0.3098548394
v -0.1180929486 -0.03180000067 0.3121158667
v -0.118530384 -0.03180000067 0.3143977368
v -0.118869629 -0.03180000067 0.316696263
v -0.1186119382 -0.03180000067 0.3175333177
v -0.1187012322 -0.03180000067 0.3184045801
v -0.119123368 -0.03180000067 0.3191719582
v -0.1192574491 -0.03180000067 0.3214915084
v -0.1192919953 -0.03180000067 0.3238146733
v -0.1192269492 -0.03180000067 0.3261371851
v -0.1188278188 -0.03180000067 0.3269167764
v -0.1187644678 -0.03180000067 0.3277903088
v -0.1190469285 -0.03180000067 0.3286193326
v -0.1187761939 -0.03180000067 0.3309269245
v -0.1184068017 -0.03180000067 0.333220798
v -0.1179394386 -0.03180000067 0.3354967235
v -0.1174109993 -0.03180000067 0.3361951669
v -0.11719692 -0.03180000067 0.3370444238
v -0.1173311416 -0.03180000067 0.3379099021
v -0.1166638024 -0.03180000067 0.3401354263
v -0.1159016965 -0.03180000067 0.342330309
v -0.1150462258 -0.03180000067 0.3444905068
v -0.114404528 -0.03180000067 0.3450865735
v -0.114046234 -0.03180000067 0.3458857532
v -0.1140281157 -0.03180000067 0.3467613884
v -0.1129844659 -0.03180000067 0.3488372245
v -0.1118528013 -0.03180000067 0.3508664165
v -0.1106352107 -0.03180000067 0.3528452452
v -0.1098997569 -0.03180000067 0.3533208248
v -0.1094081296 -0.03180000067 0.3540456467
v -0.109238234 -0.03180000067 0.3549048408
v -0.1078499736 -0.03180000067 0.3567679033
v -0.1063831398 -0.03180000067 0.358569759
v -0.104840422 -0.03180000067 0.3603070893
v -0.1040335569 -0.03180000067 0.3606477336
v -0.1034235403 -0.03180000067 0.3612761775
v -0.1031070267 -0.03180000067 0.3620928094
v -0.1014163366 -0.03180000067 0.363686507
v -0.09965889873 -0.03180000067 0.3652062664
v -0.09783793645 -0.03180000067 0.3666493219
v -0.09698417893 -0.03180000067 0.3668446836
v -0.09627429328 -0.03180000067 0.3673576472
v -0.09582079385 -0.03180000067 0.3681069117
v -0.09387903889 -0.03180000067 0.3693828074
v -0.091884393 -0.03180000067 0.3705743125
v -0.08984051829 -0.03180000067 0.3716792241
v -0.08896580828 -0.03180000067 0.3717233712
v -0.08817763528 -0.03180000067 0.3721052715
v -0.08760090189 -0.03180000067 0.3727644045
v -0.08546710491 -0.03180000067 0.3736837312
v -0.08329585697 -0.03180000067 0.3745107709
v -0.08109116351 -0.03180000067 0.3752439882
v -0.08022207038 -0.03180000067 0.3751355665
v -0.07937955676 -0.03180000067 0.3753747972
v -0.07869713699 -0.03180000067 0.3759237715
v -0.07643610964 -0.03180000067 0.3764586055
v -0.07415423957 -0.03180000067 0.3768960409
v -0.06834817408 -0.03180000067 0.2785766898
v -0.05894552759 -0.03180000067 0.2788807163
v -0.04981155842 -0.03180000067 0.2811330202
v -0.04134547446 -0.03180000067 0.2852351649
v -0.03391727481 -0.03180000067 0.291007864
v -0.02785161122 -0.03180000067 0.2981988269
v -0.02341358314 -0.03180000067 0.3064937747
v -0.02079715298 -0.03180000067 0.3155301725
v -0.02011667037 -0.03180000067 0.3249130939
v -0.02140187492 -0.03180000067 0.3342324543
v -0.02459660166 -0.03180000067 0.3430809537
v -0.02956122006 -0.03180000067 0.3510718679
v -0.03607875668 -0.03180000067 0.3578559618
v -0.04386436042 -0.03180000067 0.3631367385
v -0.05257776462 -0.03180000067 0.3666833998
v -0.06183815495 -0.03180000067 0.3683409363
v -0.07124080143 -0.03180000067 0.3680369075
v -0.08037476583 -0.03180000067 0.3657845988
v -0.08884085933 -0.03180000067 0.3616824588
v -0.09626905659 -0.03180000067 0.3559097598
v -0.1023347178 -0.03180000067 0.3487187968
v -0.1067727411 -0.03180000067 0.3404238538
v -0.1093891784 -0.03180000067 0.3313874513
v -0.1100696563 -0.03180000067 0.3220045346
v -0.1087844493 -0.03180000067 0.3126851742
v -0.1055897298 -0.03180000067 0.3038366748
v -0.1006251066 -0.03180000067 0.2958457558
v -0.09410756996 -0.03180000067 0.2890616596
v -0.08632196384 -0.03180000067 0.2837808853
v -0.07760856441 -0.03180000067 0.2802342263
v -0.06876580101 -0.0325999999 0.3783360509
v -0.06876580101 -0.05699999809 0.3783360509
v -0.06686320184 -0.05699999809 0.3784303249
v -0.0649584854 -0.05699999809 0.3784586428
v -0.06305392619 -0.05699999809 0.3784209951
v -0.06305392619 -0.0325999999 0.3784209951
v -0.0649584854 -0.0325999999 0.3784586428
v -0.06686320184 -0.0325999999 0.3784303249
v -0.08150393526 -0.0578000021 0.3494627184
v -0.08213740015 -0.0578000021 0.3527671893
v -0.08433824653 -0.0578000021 0.3553122179
v -0.08751674005 -0.0578000021 0.3564158615
v -0.09082122045 -0.0578000021 0.355782387
v -0.09336623955 -0.0578000021 0.3535815502
v -0.09446988311 -0.0578000021 0.3504030567
v -0.09383640869 -0.0578000021 0.3470985763
v -0.09163557185 -0.0578000021 0.3445535476
v -0.08845707832 -0.0578000021 0.3434499136
v -0.08515259793 -0.0578000021 0.3440833785
v -0.08260756929 -0.0578000021 0.3462842249
v -0.08150393526 -0.0528000021 0.3494627184
v -0.08260756929 -0.0528000021 0.3462842249
v -0.08515259793 -0.0528000021 0.3440833785
v -0.08845707832 -0.0528000021 0.3434499136
v -0.09163557185 -0.0528000021 0.3445535476
v -0.09383640869 -0.0528000021 0.3470985763
v -0.09446988311 -0.0528000021 0.3504030567
v -0.09336623955 -0.0528000021 0.3535815502
v -0.09082122045 -0.0528000021 0.355782387
v -0.08751674005 -0.0528000021 0.3564158615
v -0.08433824653 -0.0528000021 0.3553122179
v -0.08213740015 -0.0528000021 0.3527671893
v -0.08150393526 -0.0578000021 0.3494627184
v -0.08150393526 -0.0528000021 0.3494627184
v -0.1179170234 -0.0325999999 0.338776791
v -0.1176972774 -0.03199638128 0.3385464981
v -0.1173311416 -0.03180000067 0.3379099021
v -0.11719692 -0.03180000067 0.3370444238
v -0.1174109993 -0.03180000067 0.3361951669
v -0.1179394386 -0.03180000067 0.3354967235
v -0.1185869732 -0.03201520205 0.3351003277
v -0.1188662375 -0.0325999999 0.3350111491
v -0.1188662375 -0.05699999809 0.3350111491
v -0.1185635891 -0.05760361671 0.3351097595
v -0.1179394386 -0.0578000021 0.3354967235
v -0.1174109993 -0.0578000021 0.3361951669
v -0.11719692 -0.0578000021 0.3370444238
v -0.1173311416 -0.0578000021 0.3379099021
v -0.1177133945 -0.05758479595 0.3385658863
v -0.1179170234 -0.05699999809 0.338776791
v -0.08197507753 -0.0325999999 0.3758038316
v -0.08175573209 -0.0320127511 0.3756045999
v -0.08109116351 -0.03180000067 0.3752439882
v -0.08329585697 -0.03180000067 0.3745107709
v -0.08546710491 -0.03180000067 0.3736837312
v -0.08760090189 -0.03180000067 0.3727644045
v -0.08734862764 -0.03199624777 0.3734538924
v -0.08731343761 -0.0325999999 0.373770436
v -0.08555781986 -0.0325999999 0.3745097465
v -0.08377765442 -0.0325999999 0.3751878121
v -0.07262898715 -0.05699999809 0.3779401071
v -0.07262898715 -0.0325999999 0.3779401071
v -0.07451114873 -0.0325999999 0.3776464675
v -0.07638201392 -0.0325999999 0.3772878159
v -0.07823933682 -0.0325999999 0.3768646006
v -0.07823933682 -0.05699999809 0.3768646006
v -0.07638201392 -0.05699999809 0.3772878159
v -0.07451114873 -0.05699999809 0.3776464675
v -0.05305525286 -0.0578000021 0.3763050859
v -0.05344221684 -0.05760361671 0.3769292365
v -0.05354082253 -0.05699999809 0.3772318848
v -0.05540991039 -0.05699999809 0.3775996851
v -0.05729060913 -0.05699999809 0.3779025497
v -0.05918066806 -0.05699999809 0.3781400971
v -0.0593603208 -0.05759344578 0.3778942587
v -0.05993264375 -0.0578000021 0.3774125758
v -0.05762505184 -0.0578000021 0.3771418413
v -0.05533118313 -0.0578000021 0.3767724491
v -0.06938001823 -0.0578000021 0.3774890153
v -0.0701473963 -0.0578000021 0.3770668891
v -0.07101865869 -0.0578000021 0.3769775855
v -0.0718557134 -0.0578000021 0.3772352764
v -0.07415423957 -0.0578000021 0.3768960409
v -0.07643610964 -0.0578000021 0.3764586055
v -0.07869713699 -0.0578000021 0.3759237715
v -0.07937955676 -0.0578000021 0.3753747972
v -0.08022207038 -0.0578000021 0.3751355665
v -0.08109116351 -0.0578000021 0.3752439882
v -0.08329585697 -0.0578000021 0.3745107709
v -0.08546710491 -0.0578000021 0.3736837312
v -0.08760090189 -0.0578000021 0.3727644045
v -0.08817763528 -0.0578000021 0.3721052715
v -0.08896580828 -0.0578000021 0.3717233712
v -0.08984051829 -0.0578000021 0.3716792241
v -0.091884393 -0.0578000021 0.3705743125
v -0.09387903889 -0.0578000021 0.3693828074
v -0.09582079385 -0.0578000021 0.3681069117
v -0.09627429328 -0.0578000021 0.3673576472
v -0.09698417893 -0.0578000021 0.3668446836
v -0.09783793645 -0.0578000021 0.3666493219
v -0.09965889873 -0.0578000021 0.3652062664
v -0.1014163366 -0.0578000021 0.363686507
v -0.1031070267 -0.0578000021 0.3620928094
v -0.1034235403 -0.0578000021 0.3612761775
v -0.1040335569 -0.0578000021 0.3606477336
v -0.104840422 -0.0578000021 0.3603070893
v -0.1063831398 -0.0578000021 0.358569759
v -0.1078499736 -0.0578000021 0.3567679033
v -0.109238234 -0.0578000021 0.3549048408
v -0.1094081296 -0.0578000021 0.3540456467
v -0.1098997569 -0.0578000021 0.3533208248
v -0.1106352107 -0.0578000021 0.3528452452
v -0.1118528013 -0.0578000021 0.3508664165
v -0.1129844659 -0.0578000021 0.3488372245
v -0.1140281157 -0.0578000021 0.3467613884
v -0.114046234 -0.0578000021 0.3458857532
v -0.114404528 -0.0578000021 0.3450865735
v -0.1150462258 -0.0578000021 0.3444905068
v -0.1159016965 -0.0578000021 0.342330309
v -0.1166638024 -0.0578000021 0.3401354263
v -0.1173311416 -0.0578000021 0.3379099021
v -0.11719692 -0.0578000021 0.3370444238
v -0.1174109993 -0.0578000021 0.3361951669
v -0.1179394386 -0.0578000021 0.3354967235
v -0.1184068017 -0.0578000021 0.333220798
v -0.1187761939 -0.0578000021 0.3309269245
v -0.1190469285 -0.0578000021 0.3286193326
v -0.1187644678 -0.0578000021 0.3277903088
v -0.1188278188 -0.0578000021 0.3269167764
v -0.1192269492 -0.0578000021 0.3261371851
v -0.1192919953 -0.0578000021 0.3238146733
v -0.1192574491 -0.0578000021 0.3214915084
v -0.119123368 -0.0578000021 0.3191719582
v -0.1187012322 -0.0578000021 0.3184045801
v -0.1186119382 -0.0578000021 0.3175333177
v -0.118869629 -0.0578000021 0.316696263
v -0.118530384 -0.0578000021 0.3143977368
v -0.1180929486 -0.0578000021 0.3121158667
v -0.1175581241 -0.0578000021 0.3098548394
v -0.1170091498 -0.0578000021 0.3091724196
v -0.1167699191 -0.0578000021 0.3083299012
v -0.1168783408 -0.0578000021 0.3074608129
v -0.116145114 -0.0578000021 0.3052561194
v -0.1153180838 -0.0578000021 0.3030848762
v -0.1143987571 -0.0578000021 0.3009510697
v -0.1137396241 -0.0578000021 0.3003743459
v -0.1133577238 -0.0578000021 0.2995861729
v -0.1133135767 -0.0578000021 0.2987114581
v -0.1122086556 -0.0578000021 0.2966675834
v -0.11101716 -0.0578000021 0.2946729375
v -0.1097412644 -0.0578000021 0.2927311873
v -0.1089919998 -0.0578000021 0.2922776831
v -0.1084790362 -0.0578000021 0.2915677975
v -0.1082836745 -0.0578000021 0.2907140399
v -0.1068406191 -0.0578000021 0.28889308
v -0.1053208597 -0.0578000021 0.2871356398
v -0.103727162 -0.0578000021 0.2854449473
v -0.1029105301 -0.0578000021 0.2851284409
v -0.1022820863 -0.0578000021 0.2845184147
v -0.1019414419 -0.0578000021 0.2837115543
v -0.1002041117 -0.0578000021 0.2821688414
v -0.09840225591 -0.0578000021 0.2807020052
v -0.09653919347 -0.0578000021 0.27931374
v -0.09567999937 -0.0578000021 0.2791438468
v -0.09495517742 -0.0578000021 0.2786522195
v -0.09447959782 -0.0578000021 0.2779167681
v -0.09250076916 -0.0578000021 0.2766991774
v -0.09047156758 -0.0578000021 0.2755675153
v -0.08839574101 -0.0578000021 0.2745238583
v -0.08752010583 -0.0578000021 0.2745057424
v -0.08672092612 -0.0578000021 0.2741474484
v -0.08612484994 -0.0578000021 0.2735057553
v -0.08396465213 -0.0578000021 0.2726502823
v -0.08176977889 -0.0578000021 0.2718881764
v -0.07954425949 -0.0578000021 0.2712208395
v -0.07867878121 -0.0578000021 0.271355054
v -0.07782951955 -0.0578000021 0.2711409771
v -0.07713107617 -0.0578000021 0.2706125378
v -0.0748551459 -0.0578000021 0.270145177
v -0.07256127718 -0.0578000021 0.269775786
v -0.07025368527 -0.0578000021 0.2695050443
v -0.06942466145 -0.0578000021 0.2697875086
v -0.06855112904 -0.0578000021 0.2697241576
v -0.06777153774 -0.0578000021 0.2693250307
v -0.06544902595 -0.0578000021 0.2692599811
v -0.06312586107 -0.0578000021 0.2692945273
v -0.06080631079 -0.0578000021 0.2694286084
v -0.06003893273 -0.0578000021 0.2698507406
v -0.05916767033 -0.0578000021 0.2699400382
v -0.05833061086 -0.0578000021 0.2696823497
v -0.05603208946 -0.0578000021 0.2700215877
v -0.05375021938 -0.0578000021 0.270459023
v -0.05148919203 -0.0578000021 0.2709938523
v -0.05080677227 -0.0578000021 0.2715428266
v -0.04996425388 -0.0578000021 0.2717820596
v -0.04909516552 -0.0578000021 0.2716736403
v -0.04689047206 -0.0578000021 0.2724068576
v -0.04471922889 -0.0578000021 0.2732338902
v -0.04258542236 -0.0578000021 0.2741532193
v -0.04200869851 -0.0578000021 0.2748123523
v -0.04122052074 -0.0578000021 0.2751942525
v -0.04034581073 -0.0578000021 0.2752383973
v -0.03830193364 -0.0578000021 0.276343316
v -0.03630728775 -0.0578000021 0.2775348187
v -0.03436553994 -0.0578000021 0.2788107096
v -0.03391203336 -0.0578000021 0.2795599766
v -0.03320215009 -0.0578000021 0.2800729402
v -0.03234839257 -0.0578000021 0.2802683066
v -0.03052743268 -0.0578000021 0.2817113549
v -0.02876999239 -0.0578000021 0.2832311215
v -0.02707929991 -0.0578000021 0.284824812
v -0.02676279114 -0.0578000021 0.2856414463
v -0.02615276731 -0.0578000021 0.2862698877
v -0.0253459046 -0.0578000021 0.2866105368
v -0.02380319401 -0.0578000021 0.2883478695
v -0.02233635786 -0.0578000021 0.2901497229
v -0.02094809027 -0.0578000021 0.2920127877
v -0.02077819947 -0.0578000021 0.292871977
v -0.02028656971 -0.0578000021 0.293596799
v -0.01955111956 -0.0578000021 0.2940723833
v -0.01833353008 -0.0578000021 0.296051212
v -0.01720186674 -0.0578000021 0.298080404
v -0.01615820974 -0.0578000021 0.3001562354
v -0.01614009504 -0.0578000021 0.3010318706
v -0.01578179981 -0.0578000021 0.301831055
v -0.0151401056 -0.0578000021 0.3024271217
v -0.01428463373 -0.0578000021 0.3045873195
v -0.01352252901 -0.0578000021 0.3067821975
v -0.01285519097 -0.0578000021 0.3090077169
v -0.01298940427 -0.0578000021 0.3098731999
v -0.01277532853 -0.0578000021 0.3107224568
v -0.01224689047 -0.0578000021 0.3114209002
v -0.01177952967 -0.0578000021 0.3136968305
v -0.01141013868 -0.0578000021 0.3159906992
v -0.01113939698 -0.0578000021 0.3182982911
v -0.01142186127 -0.0578000021 0.3191273149
v -0.01135850902 -0.0578000021 0.3200008473
v -0.01095938219 -0.0578000021 0.3207804386
v -0.01089433257 -0.0578000021 0.3231029504
v -0.01092887992 -0.0578000021 0.3254261153
v -0.01106296106 -0.0578000021 0.3277456656
v -0.01148509204 -0.0578000021 0.3285130437
v -0.01157438967 -0.0578000021 0.3293843061
v -0.01131670238 -0.0578000021 0.3302213655
v -0.01165594029 -0.0578000021 0.3325198822
v -0.01209337563 -0.0578000021 0.334801757
v -0.01262820492 -0.0578000021 0.3370627844
v -0.01317717801 -0.0578000021 0.3377452041
v -0.01341641227 -0.0578000021 0.3385877177
v -0.01330799175 -0.0578000021 0.3394568109
v -0.01404121024 -0.0578000021 0.3416615043
v -0.0148682428 -0.0578000021 0.3438327523
v -0.01578757071 -0.0578000021 0.3459665588
v -0.01644670372 -0.0578000021 0.3465432826
v -0.01682860518 -0.0578000021 0.3473314556
v -0.01687274872 -0.0578000021 0.3482061657
v -0.01797766864 -0.0578000021 0.3502500404
v -0.01916917018 -0.0578000021 0.3522446862
v -0.02044506227 -0.0578000021 0.3541864412
v -0.02119432922 -0.0578000021 0.3546399406
v -0.0217072928 -0.0578000021 0.3553498263
v -0.02190265687 -0.0578000021 0.3562035838
v -0.02334570759 -0.0578000021 0.3580245461
v -0.02486547414 -0.0578000021 0.359781984
v -0.02645916226 -0.0578000021 0.3614726741
v -0.02727579652 -0.0578000021 0.3617891876
v -0.02790423797 -0.0578000021 0.3623992043
v -0.02824488946 -0.0578000021 0.3632060694
v -0.02998222213 -0.0578000021 0.3647487871
v -0.0317840755 -0.0578000021 0.3662156209
v -0.03364713793 -0.0578000021 0.3676038813
v -0.03450632727 -0.0578000021 0.3677737769
v -0.0352311516 -0.0578000021 0.3682654043
v -0.03570673597 -0.0578000021 0.369000858
v -0.03768556463 -0.0578000021 0.3702184487
v -0.03971475668 -0.0578000021 0.3713501132
v -0.04179058802 -0.0578000021 0.3723937631
v -0.0426662232 -0.0578000021 0.3724118813
v -0.04346540767 -0.0578000021 0.3727701754
v -0.04406147432 -0.0578000021 0.3734118732
v -0.04622167212 -0.0578000021 0.3742673439
v -0.04841655013 -0.0578000021 0.3750294498
v -0.05064206953 -0.0578000021 0.375696789
v -0.05150754781 -0.0578000021 0.3755625673
v -0.05235680947 -0.0578000021 0.3757766467
v -0.05305525286 -0.0578000021 0.3763050859
v -0.05533118313 -0.0578000021 0.3767724491
v -0.05762505184 -0.0578000021 0.3771418413
v -0.05993264375 -0.0578000021 0.3774125758
v -0.06076166757 -0.0578000021 0.3771301151
v -0.06163519998 -0.0578000021 0.3771934662
v -0.06241479129 -0.0578000021 0.3775925966
v -0.06473730307 -0.0578000021 0.3776576426
v -0.06706046795 -0.0578000021 0.3776230965
v -0.08150393526 -0.0578000021 0.3494627184
v -0.08260756929 -0.0578000021 0.3462842249
v -0.08515259793 -0.0578000021 0.3440833785
v -0.08845707832 -0.0578000021 0.3434499136
v -0.09163557185 -0.0578000021 0.3445535476
v -0.09383640869 -0.0578000021 0.3470985763
v -0.09446988311 -0.0578000021 0.3504030567
v -0.09336623955 -0.0578000021 0.3535815502
v -0.09082122045 -0.0578000021 0.355782387
v -0.08751674005 -0.0578000021 0.3564158615
v -0.08433824653 -0.0578000021 0.3553122179
v -0.08213740015 -0.0578000021 0.3527671893
v -0.09109707105 -0.0578000021 0.3070480411
v -0.08791856798 -0.0578000021 0.3059444023
v -0.08571773115 -0.0578000021 0.3033993785
v -0.08508426626 -0.0578000021 0.3000949028
v -0.08618790028 -0.0578000021 0.2969164045
v -0.08873292892 -0.0578000021 0.2947155677
v -0.09203740932 -0.0578000021 0.294082098
v -0.09521590285 -0.0578000021 0.2951857321
v -0.09741673968 -0.0578000021 0.2977307607
v -0.09805021411 -0.0578000021 0.3010352363
v -0.09694657055 -0.0578000021 0.3042137346
v -0.09440154191 -0.0578000021 0.3064145715
v -0.04868239376 -0.0578000021 0.2974549101
v -0.04757875497 -0.0578000021 0.3006334036
v -0.0450337311 -0.0578000021 0.3028342452
v -0.0417292507 -0.0578000021 0.3034677149
v -0.03855075717 -0.0578000021 0.3023640761
v -0.03634991796 -0.0578000021 0.2998190475
v -0.0357164483 -0.0578000021 0.2965145718
v -0.03682008471 -0.0578000021 0.2933360735
v -0.03936511096 -0.0578000021 0.2911352367
v -0.04266958897 -0.0578000021 0.290501767
v -0.04584808727 -0.0578000021 0.2916054058
v -0.0480489241 -0.0578000021 0.2941504297
v -0.03908926036 -0.0578000021 0.3398695826
v -0.04226775627 -0.0578000021 0.3409732166
v -0.04446859311 -0.0578000021 0.3435182453
v -0.04510206276 -0.0578000021 0.3468227257
v -0.04399842874 -0.0578000021 0.3500012192
v -0.0414534001 -0.0578000021 0.352202056
v -0.03814892448 -0.0578000021 0.3528355305
v -0.03497042856 -0.0578000021 0.3517318869
v -0.03276958934 -0.0578000021 0.3491868678
v -0.03213611969 -0.0578000021 0.3458823874
v -0.03323975609 -0.0578000021 0.3427038939
v -0.03578478235 -0.0578000021 0.3405030475
v -0.08778357086 -0.0578000021 0.3251044015
v -0.08875574349 -0.0578000021 0.3234111653
v -0.09068570322 -0.0578000021 0.3231155277
v -0.09212016523 -0.0578000021 0.3244401025
v -0.09197892948 -0.0578000021 0.3263874675
v -0.09036836623 -0.0578000021 0.3274912101
v -0.08850125212 -0.0578000021 0.3269201913
v -0.0667387541 -0.0578000021 0.3007684055
v -0.06504551795 -0.0578000021 0.2997962329
v -0.06474987552 -0.0578000021 0.2978662684
v -0.06607445511 -0.0578000021 0.2964318159
v -0.06802182016 -0.0578000021 0.2965730469
v -0.06912556273 -0.0578000021 0.2981836102
v -0.06855454397 -0.0578000021 0.3000507195
v -0.04240275816 -0.0578000021 0.3218132223
v -0.04143058554 -0.0578000021 0.3235064584
v -0.03950062104 -0.0578000021 0.3238021009
v -0.03806616618 -0.0578000021 0.3224775213
v -0.03820739716 -0.0578000021 0.320530161
v -0.03981796041 -0.0578000021 0.3194264137
v -0.04168507214 -0.0578000021 0.3199974324
v -0.06344757493 -0.0578000021 0.3461492182
v -0.06514081108 -0.0578000021 0.3471213908
v -0.0654364535 -0.0578000021 0.3490513601
v -0.06411187392 -0.0578000021 0.3504858126
v -0.06216450886 -0.0578000021 0.3503445768
v -0.0610607663 -0.0578000021 0.3487340136
v -0.06163178506 -0.0578000021 0.3468668995
v -0.06632283341 -0.0578000021 0.3065033458
v -0.07176164035 -0.0578000021 0.3078213094
v -0.07647781309 -0.0578000021 0.3108338439
v -0.07996028175 -0.0578000021 0.3152144883
v -0.08183166228 -0.0578000021 0.3204885328
v -0.08188917866 -0.0578000021 0.3260844552
v -0.0801265785 -0.0578000021 0.3313958473
v -0.07673487222 -0.0578000021 0.3358471376
v -0.07208161458 -0.0578000021 0.3389559619
v -0.06667104122 -0.0578000021 0.3403854243
v -0.06108948514 -0.0578000021 0.3399806375
v -0.05594179052 -0.0578000021 0.3377854409
v -0.05178578571 -0.0578000021 0.334037737
v -0.04907184413 -0.0578000021 0.3291436473
v -0.0480940608 -0.0578000021 0.3236335143
v -0.04895839474 -0.0578000021 0.3181044477
v -0.05157118188 -0.0578000021 0.3131556125
v -0.05564928204 -0.0578000021 0.3093232841
v -0.06075077756 -0.0578000021 0.3070227648
v -0.06876580101 -0.05699999809 0.3783360509
v -0.06889432723 -0.05758479118 0.3780725886
v -0.06938001823 -0.0578000021 0.3774890153
v -0.06706046795 -0.0578000021 0.3776230965
v -0.06473730307 -0.0578000021 0.3776576426
v -0.06241479129 -0.0578000021 0.3775925966
v -0.06290445156 -0.05760336876 0.3781403672
v -0.06305392619 -0.05699999809 0.3784209951
v -0.0649584854 -0.05699999809 0.3784586428
v -0.06686320184 -0.05699999809 0.3784303249
v -0.05918066806 -0.0325999999 0.3781400971
v -0.05936907551 -0.03199663162 0.3778839685
v -0.05993264375 -0.03180000067 0.3774125758
v -0.06076166757 -0.03180000067 0.3771301151
v -0.06163519998 -0.03180000067 0.3771934662
v -0.06241479129 -0.03180000067 0.3775925966
v -0.06291162798 -0.03200655699 0.3781518112
v -0.06305392619 -0.0325999999 0.3784209951
v -0.06305392619 -0.05699999809 0.3784209951
v -0.06290445156 -0.05760336876 0.3781403672
v -0.06241479129 -0.0578000021 0.3775925966
v -0.06163519998 -0.0578000021 0.3771934662
v -0.06076166757 -0.0578000021 0.3771301151
v -0.05993264375 -0.0578000021 0.3774125758
v -0.0593603208 -0.05759344578 0.3778942587
v -0.05918066806 -0.05699999809 0.3781400971
v -0.09109707105 -0.0578000021 0.3070480411
v -0.09440154191 -0.0578000021 0.3064145715
v -0.09694657055 -0.0578000021 0.3042137346
v -0.09805021411 -0.0578000021 0.3010352363
v -0.09741673968 -0.0578000021 0.2977307607
v -0.09521590285 -0.0578000021 0.2951857321
v -0.09203740932 -0.0578000021 0.294082098
v -0.08873292892 -0.0578000021 0.2947155677
v -0.08618790028 -0.0578000021 0.2969164045
v -0.08508426626 -0.0578000021 0.3000949028
v -0.08571773115 -0.0578000021 0.3033993785
v -0.08791856798 -0.0578000021 0.3059444023
v -0.09109707105 -0.0528000021 0.3070480411
v -0.08791856798 -0.0528000021 0.3059444023
v -0.08571773115 -0.0528000021 0.3033993785
v -0.08508426626 -0.0528000021 0.3000949028
v -0.08618790028 -0.0528000021 0.2969164045
v -0.08873292892 -0.0528000021 0.2947155677
v -0.09203740932 -0.0528000021 0.294082098
v -0.09521590285 -0.0528000021 0.2951857321
v -0.09741673968 -0.0528000021 0.2977307607
v -0.09805021411 -0.0528000021 0.3010352363
v -0.09694657055 -0.0528000021 0.3042137346
v -0.09440154191 -0.0528000021 0.3064145715
v -0.09109707105 -0.0578000021 0.3070480411
v -0.09109707105 -0.0528000021 0.3070480411
v -0.1197744402 -0.0325999999 0.3293713083
v -0.1195181685 -0.03199649572 0.3291827817
v -0.1190469285 -0.03180000067 0.3286193326
v -0.1187644678 -0.03180000067 0.3277903088
v -0.1188278188 -0.03180000067 0.3269167764
v -0.1192269492 -0.03180000067 0.3261371851
v -0.119777619 -0.03199911594 0.3256456938
v -0.1200553478 -0.0325999999 0.3254980502
v -0.1200553478 -0.05699999809 0.3254980502
v -0.1197745577 -0.05760350227 0.3256476297
v -0.1192269492 -0.0578000021 0.3261371851
v -0.1188278188 -0.0578000021 0.3269167764
v -0.1187644678 -0.0578000021 0.3277903088
v -0.1190469285 -0.0578000021 0.3286193326
v -0.1195209342 -0.05760088444 0.3291851325
v -0.1197744402 -0.05699999809 0.3293713083
v -0.09080822185 -0.0325999999 0.3720770762
v -0.09055266547 -0.03200849295 0.3719163253
v -0.08984051829 -0.03180000067 0.3716792241
v -0.091884393 -0.03180000067 0.3705743125
v -0.09387903889 -0.03180000067 0.3693828074
v -0.09582079385 -0.03180000067 0.3681069117
v -0.0956920777 -0.03199623346 0.3688297208
v -0.09571238198 -0.0325999999 0.3691475804
v -0.09411182265 -0.0325999999 0.3701805174
v -0.09247644457 -0.0325999999 0.371157407
v -0.08197507753 -0.05699999809 0.3758038316
v -0.08197507753 -0.0325999999 0.3758038316
v -0.08377765442 -0.0325999999 0.3751878121
v -0.08555781986 -0.0325999999 0.3745097465
v -0.08731343761 -0.0325999999 0.373770436
v -0.08731343761 -0.05699999809 0.373770436
v -0.08555781986 -0.05699999809 0.3745097465
v -0.08377765442 -0.05699999809 0.3751878121
v -0.0718557134 -0.0578000021 0.3772352764
v -0.07243282067 -0.05760361671 0.3776894342
v -0.07262898715 -0.05699999809 0.3779401071
v -0.07451114873 -0.05699999809 0.3776464675
v -0.07638201392 -0.05699999809 0.3772878159
v -0.07823933682 -0.05699999809 0.3768646006
v -0.07832125695 -0.05758725166 0.3765798238
v -0.07869713699 -0.0578000021 0.3759237715
v -0.07643610964 -0.0578000021 0.3764586055
v -0.07415423957 -0.0578000021 0.3768960409
v -0.04406147432 -0.0578000021 0.3734118732
v -0.04433415008 -0.05760371685 0.3740936068
v -0.0443787349 -0.05699999809 0.3744089105
v -0.04615555534 -0.05699999809 0.3750956864
v -0.04795509219 -0.05699999809 0.3757205211
v -0.04977519014 -0.05699999809 0.3762826708
v -0.04998608055 -0.05758479118 0.3760790514
v -0.05064206953 -0.0578000021 0.375696789
v -0.04841655013 -0.0578000021 0.3750294498
v -0.04622167212 -0.0578000021 0.3742673439
v -0.05354082253 -0.0325999999 0.3772318848
v -0.05345165349 -0.0320152092 0.3769526301
v -0.05305525286 -0.03180000067 0.3763050859
v -0.05533118313 -0.03180000067 0.3767724491
v -0.05762505184 -0.03180000067 0.3771418413
v -0.05993264375 -0.03180000067 0.3774125758
v -0.05936907551 -0.03199663162 0.3778839685
v -0.05918066806 -0.0325999999 0.3781400971
v -0.05729060913 -0.0325999999 0.3779025497
v -0.05540991039 -0.0325999999 0.3775996851
v -0.05354082253 -0.05699999809 0.3772318848
v -0.05354082253 -0.0325999999 0.3772318848
v -0.05540991039 -0.0325999999 0.3775996851
v -0.05729060913 -0.0325999999 0.3779025497
v -0.05918066806 -0.0325999999 0.3781400971
v -0.05918066806 -0.05699999809 0.3781400971
v -0.05729060913 -0.05699999809 0.3779025497
v -0.05540991039 -0.05699999809 0.3775996851
v -0.04868239376 -0.0578000021 0.2974549101
v -0.0480489241 -0.0578000021 0.2941504297
v -0.04584808727 -0.0578000021 0.2916054058
v -0.04266958897 -0.0578000021 0.290501767
v -0.03936511096 -0.0578000021 0.2911352367
v -0.03682008471 -0.0578000021 0.2933360735
v -0.0357164483 -0.0578000021 0.2965145718
v -0.03634991796 -0.0578000021 0.2998190475
v -0.03855075717 -0.0578000021 0.3023640761
v -0.0417292507 -0.0578000021 0.3034677149
v -0.0450337311 -0.0578000021 0.3028342452
v -0.04757875497 -0.0578000021 0.3006334036
v -0.04868239376 -0.0528000021 0.2974549101
v -0.04757875497 -0.0528000021 0.3006334036
v -0.0450337311 -0.0528000021 0.3028342452
v -0.0417292507 -0.0528000021 0.3034677149
v -0.03855075717 -0.0528000021 0.3023640761
v -0.03634991796 -0.0528000021 0.2998190475
v -0.0357164483 -0.0528000021 0.2965145718
v -0.03682008471 -0.0528000021 0.2933360735
v -0.03936511096 -0.0528000021 0.2911352367
v -0.04266958897 -0.0528000021 0.290501767
v -0.04584808727 -0.0528000021 0.2916054058
v -0.0480489241 -0.0528000021 0.2941504297
v -0.04868239376 -0.0578000021 0.2974549101
v -0.04868239376 -0.0528000021 0.2974549101
v -0.1199704035 -0.0325999999 0.3197861754
v -0.1196851497 -0.03199638128 0.3196449367
v -0.119123368 -0.03180000067 0.3191719582
v -0.1187012322 -0.03180000067 0.3184045801
v -0.1186119382 -0.03180000067 0.3175333177
v -0.118869629 -0.03180000067 0.316696263
v -0.119342536 -0.03201520205 0.3161022995
v -0.1195744597 -0.0325999999 0.3159229892
v -0.1195744597 -0.05699999809 0.3159229892
v -0.1193237868 -0.05760361671 0.3161191605
v -0.118869629 -0.0578000021 0.316696263
v -0.1186119382 -0.0578000021 0.3175333177
v -0.1187012322 -0.0578000021 0.3184045801
v -0.119123368 -0.0578000021 0.3191719582
v -0.1197069317 -0.05758479595 0.3196576444
v -0.1199704035 -0.05699999809 0.3197861754
v -0.09886002775 -0.0325999999 0.3668730807
v -0.09857812143 -0.03200665474 0.3667583923
v -0.09783793645 -0.03180000067 0.3666493219
v -0.09965889873 -0.03180000067 0.3652062664
v -0.1014163366 -0.03180000067 0.363686507
v -0.1031070267 -0.03180000067 0.3620928094
v -0.1031057882 -0.03199623346 0.362826986
v -0.1031809765 -0.0325999999 0.3631364913
v -0.1017840938 -0.0325999999 0.3644316693
v -0.1003432086 -0.0325999999 0.3656777046
v -0.09080822185 -0.05699999809 0.3720770762
v -0.09080822185 -0.0325999999 0.3720770762
v -0.09247644457 -0.0325999999 0.371157407
v -0.09411182265 -0.0325999999 0.3701805174
v -0.09571238198 -0.0325999999 0.3691475804
v -0.09571238198 -0.05699999809 0.3691475804
v -0.09411182265 -0.05699999809 0.3701805174
v -0.09247644457 -0.05699999809 0.371157407
v -0.08109116351 -0.0578000021 0.3752439882
v -0.08173825121 -0.05760371685 0.3755909529
v -0.08197507753 -0.05699999809 0.3758038316
v -0.08377765442 -0.05699999809 0.3751878121
v -0.08555781986 -0.05699999809 0.3745097465
v -0.08731343761 -0.05699999809 0.373770436
v -0.08734564266 -0.05759150982 0.3734702574
v -0.08760090189 -0.0578000021 0.3727644045
v -0.08546710491 -0.0578000021 0.3736837312
v -0.08329585697 -0.0578000021 0.3745107709
v -0.03570673597 -0.0578000021 0.369000858
v -0.0358568861 -0.057603755 0.3697195276
v -0.035846041 -0.05699999809 0.3700378355
v -0.03747660885 -0.05699999809 0.3710227303
v -0.03914030724 -0.05699999809 0.3719505571
v -0.04083513585 -0.05699999809 0.3728202193
v -0.04108094034 -0.05758725166 0.3726547277
v -0.04179058802 -0.0578000021 0.3723937631
v -0.03971475668 -0.0578000021 0.3713501132
v -0.03768556463 -0.0578000021 0.3702184487
v -0.0443787349 -0.0325999999 0.3744089105
v -0.04433876113 -0.0320127511 0.3741152933
v -0.04406147432 -0.03180000067 0.3734118732
v -0.04622167212 -0.03180000067 0.3742673439
v -0.04841655013 -0.03180000067 0.3750294498
v -0.05064206953 -0.03180000067 0.375696789
v -0.05000547826 -0.03199638128 0.3760629247
v -0.04977519014 -0.0325999999 0.3762826708
v -0.04795509219 -0.0325999999 0.3757205211
v -0.04615555534 -0.0325999999 0.3750956864
v -0.0443787349 -0.05699999809 0.3744089105
v -0.0443787349 -0.0325999999 0.3744089105
v -0.04615555534 -0.0325999999 0.3750956864
v -0.04795509219 -0.0325999999 0.3757205211
v -0.04977519014 -0.0325999999 0.3762826708
v -0.04977519014 -0.05699999809 0.3762826708
v -0.04795509219 -0.05699999809 0.3757205211
v -0.04615555534 -0.05699999809 0.3750956864
v -0.03908926036 -0.0578000021 0.3398695826
v -0.03578478235 -0.0578000021 0.3405030475
v -0.03323975609 -0.0578000021 0.3427038939
v -0.03213611969 -0.0578000021 0.3458823874
v -0.03276958934 -0.0578000021 0.3491868678
v -0.03497042856 -0.0578000021 0.3517318869
v -0.03814892448 -0.0578000021 0.3528355305
v -0.0414534001 -0.0578000021 0.352202056
v -0.04399842874 -0.0578000021 0.3500012192
v -0.04510206276 -0.0578000021 0.3468227257
v -0.04446859311 -0.0578000021 0.3435182453
v -0.04226775627 -0.0578000021 0.3409732166
v -0.03908926036 -0.0528000021 0.3398695826
v -0.04226775627 -0.0528000021 0.3409732166
v -0.04446859311 -0.0528000021 0.3435182453
v -0.04510206276 -0.0528000021 0.3468227257
v -0.04399842874 -0.0528000021 0.3500012192
v -0.0414534001 -0.0528000021 0.352202056
v -0.03814892448 -0.0528000021 0.3528355305
v -0.03497042856 -0.0528000021 0.3517318869
v -0.03276958934 -0.0528000021 0.3491868678
v -0.03213611969 -0.0528000021 0.3458823874
v -0.03323975609 -0.0528000021 0.3427038939
v -0.03578478235 -0.0528000021 0.3405030475
v -0.03908926036 -0.0578000021 0.3398695826
v -0.03908926036 -0.0528000021 0.3398695826
v -0.1184989532 -0.0325999999 0.3103126396
v -0.1181933767 -0.03199628353 0.3102230281
v -0.1175581241 -0.03180000067 0.3098548394
v -0.1170091498 -0.03180000067 0.3091724196
v -0.1167699191 -0.03180000067 0.3083299012
v -0.1168783408 -0.03180000067 0.3074608129
v -0.1172388953 -0.03201267719 0.3067963254
v -0.1174381843 -0.0325999999 0.3065768941
v -0.1174381843 -0.05699999809 0.3065768941
v -0.1172253055 -0.05760371685 0.3068137204
v -0.1168783408 -0.0578000021 0.3074608129
v -0.1167699191 -0.0578000021 0.3083299012
v -0.1170091498 -0.0578000021 0.3091724196
v -0.1175581241 -0.0578000021 0.3098548394
v -0.1182140906 -0.05758732319 0.3102306861
v -0.1184989532 -0.05699999809 0.3103126396
v -0.1058858399 -0.0325999999 0.3603499742
v -0.1055883029 -0.03200665474 0.3602859736
v -0.104840422 -0.03180000067 0.3603070893
v -0.1063831398 -0.03180000067 0.358569759
v -0.1078499736 -0.03180000067 0.3567679033
v -0.109238234 -0.03180000067 0.3549048408
v -0.1093645017 -0.03199624777 0.3556280881
v -0.1094922946 -0.0325999999 0.3559198264
v -0.1083415462 -0.0325999999 0.3574378872
v -0.1071389082 -0.0325999999 0.3589151976
v -0.09886002775 -0.05699999809 0.3668730807
v -0.09886002775 -0.0325999999 0.3668730807
v -0.1003432086 -0.0325999999 0.3656777046
v -0.1017840938 -0.0325999999 0.3644316693
v -0.1031809765 -0.0325999999 0.3631364913
v -0.1031809765 -0.05699999809 0.3631364913
v -0.1017840938 -0.05699999809 0.3644316693
v -0.1003432086 -0.05699999809 0.3656777046
v -0.08984051829 -0.0578000021 0.3716792241
v -0.09053797887 -0.057603755 0.3719085339
v -0.09080822185 -0.05699999809 0.3720770762
v -0.09247644457 -0.05699999809 0.371157407
v -0.09411182265 -0.05699999809 0.3701805174
v -0.09571238198 -0.05699999809 0.3691475804
v -0.09569198235 -0.05759334564 0.368843921
v -0.09582079385 -0.0578000021 0.3681069117
v -0.09387903889 -0.0578000021 0.3693828074
v -0.091884393 -0.0578000021 0.3705743125
v -0.02824488946 -0.0578000021 0.3632060694
v -0.02826796252 -0.0576037693 0.3639398836
v -0.02820200695 -0.05699999809 0.3642514873
v -0.02963678116 -0.05699999809 0.3655045556
v -0.03111408678 -0.05699999809 0.3667071935
v -0.03263215473 -0.05699999809 0.367857942
v -0.03290822654 -0.05759150982 0.3677357472
v -0.03364713793 -0.0578000021 0.3676038813
v -0.0317840755 -0.0578000021 0.3662156209
v -0.02998222213 -0.0578000021 0.3647487871
v -0.06834817408 -0.03180000067 0.2785766898
v -0.07760856441 -0.03180000067 0.2802342263
v -0.08632196384 -0.03180000067 0.2837808853
v -0.09410756996 -0.03180000067 0.2890616596
v -0.1006251066 -0.03180000067 0.2958457558
v -0.1055897298 -0.03180000067 0.3038366748
v -0.1087844493 -0.03180000067 0.3126851742
v -0.1100696563 -0.03180000067 0.3220045346
v -0.1093891784 -0.03180000067 0.3313874513
v -0.1067727411 -0.03180000067 0.3404238538
v -0.1023347178 -0.03180000067 0.3487187968
v -0.09626905659 -0.03180000067 0.3559097598
v -0.08884085933 -0.03180000067 0.3616824588
v -0.08037476583 -0.03180000067 0.3657845988
v -0.07124080143 -0.03180000067 0.3680369075
v -0.06183815495 -0.03180000067 0.3683409363
v -0.05257776462 -0.03180000067 0.3666833998
v -0.04386436042 -0.03180000067 0.3631367385
v -0.03607875668 -0.03180000067 0.3578559618
v -0.02956122006 -0.03180000067 0.3510718679
v -0.02459660166 -0.03180000067 0.3430809537
v -0.02140187492 -0.03180000067 0.3342324543
v -0.02011667037 -0.03180000067 0.3249130939
v -0.02079715298 -0.03180000067 0.3155301725
v -0.02341358314 -0.03180000067 0.3064937747
v -0.02785161122 -0.03180000067 0.2981988269
v -0.03391727481 -0.03180000067 0.291007864
v -0.04134547446 -0.03180000067 0.2852351649
v -0.04981155842 -0.03180000067 0.2811330202
v -0.05894552759 -0.03180000067 0.2788807163
v -0.06834817408 -0.0528000021 0.2785766898
v -0.05894552759 -0.0528000021 0.2788807163
v -0.04981155842 -0.0528000021 0.2811330202
v -0.04134547446 -0.0528000021 0.2852351649
v -0.03391727481 -0.0528000021 0.291007864
v -0.02785161122 -0.0528000021 0.2981988269
v -0.02341358314 -0.0528000021 0.3064937747
v -0.02079715298 -0.0528000021 0.3155301725
v -0.02011667037 -0.0528000021 0.3249130939
v -0.02140187492 -0.0528000021 0.3342324543
v -0.02459660166 -0.0528000021 0.3430809537
v -0.02956122006 -0.0528000021 0.3510718679
v -0.03607875668 -0.0528000021 0.3578559618
v -0.04386436042 -0.0528000021 0.3631367385
v -0.05257776462 -0.0528000021 0.3666833998
v -0.06183815495 -0.0528000021 0.3683409363
v -0.07124080143 -0.0528000021 0.3680369075
v -0.08037476583 -0.0528000021 0.3657845988
v -0.08884085933 -0.0528000021 0.3616824588
v -0.09626905659 -0.0528000021 0.3559097598
v -0.1023347178 -0.0528000021 0.3487187968
v -0.1067727411 -0.0528000021 0.3404238538
v -0.1093891784 -0.0528000021 0.3313874513
v -0.1100696563 -0.0528000021 0.3220045346
v -0.1087844493 -0.0528000021 0.3126851742
v -0.1055897298 -0.0528000021 0.3038366748
v -0.1006251066 -0.0528000021 0.2958457558
v -0.09410756996 -0.0528000021 0.2890616596
v -0.08632196384 -0.0528000021 0.2837808853
v -0.07760856441 -0.0528000021 0.2802342263
v -0.06834817408 -0.03180000067 0.2785766898
v -0.06834817408 -0.0528000021 0.2785766898
v -0.035846041 -0.0325999999 0.3700378355
v -0.03585747741 -0.03200849295 0.3697361502
v -0.03570673597 -0.03180000067 0.369000858
v -0.03768556463 -0.03180000067 0.3702184487
v -0.03971475668 -0.03180000067 0.3713501132
v -0.04179058802 -0.03180000067 0.3723937631
v -0.04110019978 -0.03199628592 0.3726437319
v -0.04083513585 -0.0325999999 0.3728202193
v -0.03914030724 -0.0325999999 0.3719505571
v -0.03747660885 -0.0325999999 0.3710227303
v -0.035846041 -0.05699999809 0.3700378355
v -0.035846041 -0.0325999999 0.3700378355
v -0.03747660885 -0.0325999999 0.3710227303
v -0.03914030724 -0.0325999999 0.3719505571
v -0.04083513585 -0.0325999999 0.3728202193
v -0.04083513585 -0.05699999809 0.3728202193
v -0.03914030724 -0.05699999809 0.3719505571
v -0.03747660885 -0.05699999809 0.3710227303
v -0.08778357086 -0.0578000021 0.3251044015
v -0.08850125212 -0.0578000021 0.3269201913
v -0.09036836623 -0.0578000021 0.3274912101
v -0.09197892948 -0.0578000021 0.3263874675
v -0.09212016523 -0.0578000021 0.3244401025
v -0.09068570322 -0.0578000021 0.3231155277
v -0.08875574349 -0.0578000021 0.3234111653
v -0.08778357086 -0.0528000021 0.3251044015
v -0.08875574349 -0.0528000021 0.3234111653
v -0.09068570322 -0.0528000021 0.3231155277
v -0.09212016523 -0.0528000021 0.3244401025
v -0.09197892948 -0.0528000021 0.3263874675
v -0.09036836623 -0.0528000021 0.3274912101
v -0.08850125212 -0.0528000021 0.3269201913
v -0.08778357086 -0.0578000021 0.3251044015
v -0.08778357086 -0.0528000021 0.3251044015
v -0.1154047887 -0.0325999999 0.3012385435
v -0.115088245 -0.03199624777 0.301203344
v -0.1143987571 -0.03180000067 0.3009510697
v -0.1137396241 -0.03180000067 0.3003743459
v -0.1133577238 -0.03180000067 0.2995861729
v -0.1133135767 -0.03180000067 0.2987114581
v -0.113550678 -0.03200849295 0.2979993062
v -0.1137114289 -0.0325999999 0.2977437545
v -0.1137114289 -0.05699999809 0.2977437545
v -0.1135428865 -0.057603755 0.2980139927
v -0.1133135767 -0.0578000021 0.2987114581
v -0.1133577238 -0.0578000021 0.2995861729
v -0.1137396241 -0.0578000021 0.3003743459
v -0.1143987571 -0.0578000021 0.3009510697
v -0.1151046005 -0.05759150982 0.301206329
v -0.1154047887 -0.05699999809 0.3012385435
v -0.1116721882 -0.0325999999 0.3527059402
v -0.1113705028 -0.03200849295 0.3526944966
v -0.1106352107 -0.03180000067 0.3528452452
v -0.1118528013 -0.03180000067 0.3508664165
v -0.1129844659 -0.03180000067 0.3488372245
v -0.1140281157 -0.03180000067 0.3467613884
v -0.1142780845 -0.03199628353 0.3474517718
v -0.1144545719 -0.0325999999 0.3477168358
v -0.1135849098 -0.0325999999 0.3494116691
v -0.1126570829 -0.0325999999 0.3510753652
v -0.1058858399 -0.05699999809 0.3603499742
v -0.1058858399 -0.0325999999 0.3603499742
v -0.1071389082 -0.0325999999 0.3589151976
v -0.1083415462 -0.0325999999 0.3574378872
v -0.1094922946 -0.0325999999 0.3559198264
v -0.1094922946 -0.05699999809 0.3559198264
v -0.1083415462 -0.05699999809 0.3574378872
v -0.1071389082 -0.05699999809 0.3589151976
v -0.09783793645 -0.0578000021 0.3666493219
v -0.09856460785 -0.0576037693 0.366754015
v -0.09886002775 -0.05699999809 0.3668730807
v -0.1003432086 -0.05699999809 0.3656777046
v -0.1017840938 -0.05699999809 0.3644316693
v -0.1031809765 -0.05699999809 0.3631364913
v -0.1031081629 -0.05759334564 0.3628409859
v -0.1031070267 -0.0578000021 0.3620928094
v -0.1014163366 -0.0578000021 0.363686507
v -0.09965889873 -0.0578000021 0.3652062664
v -0.02190265687 -0.0578000021 0.3562035838
v -0.02179795662 -0.0576037693 0.3569302552
v -0.02167889329 -0.05699999809 0.3572256751
v -0.0228742742 -0.05699999809 0.3587088559
v -0.02412030229 -0.05699999809 0.3601497507
v -0.02541548267 -0.05699999809 0.3615466238
v -0.02571098807 -0.05759334564 0.3614738103
v -0.02645916226 -0.0578000021 0.3614726741
v -0.02486547414 -0.0578000021 0.359781984
v -0.02334570759 -0.0578000021 0.3580245461
v -0.04977519014 -0.0325999999 0.3762826708
v -0.05000547826 -0.03199638128 0.3760629247
v -0.05064206953 -0.03180000067 0.375696789
v -0.05150754781 -0.03180000067 0.3755625673
v -0.05235680947 -0.03180000067 0.3757766467
v -0.05305525286 -0.03180000067 0.3763050859
v -0.05345165349 -0.0320152092 0.3769526301
v -0.05354082253 -0.0325999999 0.3772318848
v -0.05354082253 -0.05699999809 0.3772318848
v -0.05344221684 -0.05760361671 0.3769292365
v -0.05305525286 -0.0578000021 0.3763050859
v -0.05235680947 -0.0578000021 0.3757766467
v -0.05150754781 -0.0578000021 0.3755625673
v -0.05064206953 -0.0578000021 0.375696789
v -0.04998608055 -0.05758479118 0.3760790514
v -0.04977519014 -0.05699999809 0.3762826708
v -0.06632283341 -0.05130000114 0.3065033458
v -0.07176164035 -0.05130000114 0.3078213094
v -0.07647781309 -0.05130000114 0.3108338439
v -0.07996028175 -0.05130000114 0.3152144883
v -0.08183166228 -0.05130000114 0.3204885328
v -0.08188917866 -0.05130000114 0.3260844552
v -0.0801265785 -0.05130000114 0.3313958473
v -0.07673487222 -0.05130000114 0.3358471376
v -0.07208161458 -0.05130000114 0.3389559619
v -0.06667104122 -0.05130000114 0.3403854243
v -0.06108948514 -0.05130000114 0.3399806375
v -0.05594179052 -0.05130000114 0.3377854409
v -0.05178578571 -0.05130000114 0.334037737
v -0.04907184413 -0.05130000114 0.3291436473
v -0.0480940608 -0.05130000114 0.3236335143
v -0.04895839474 -0.05130000114 0.3181044477
v -0.05157118188 -0.05130000114 0.3131556125
v -0.05564928204 -0.05130000114 0.3093232841
v -0.06075077756 -0.05130000114 0.3070227648
v -0.06632283341 -0.0578000021 0.3065033458
v -0.06075077756 -0.0578000021 0.3070227648
v -0.05564928204 -0.0578000021 0.3093232841
v -0.05157118188 -0.0578000021 0.3131556125
v -0.04895839474 -0.0578000021 0.3181044477
v -0.0480940608 -0.0578000021 0.3236335143
v -0.04907184413 -0.0578000021 0.3291436473
v -0.05178578571 -0.0578000021 0.334037737
v -0.05594179052 -0.0578000021 0.3377854409
v -0.06108948514 -0.0578000021 0.3399806375
v -0.06667104122 -0.0578000021 0.3403854243
v -0.07208161458 -0.0578000021 0.3389559619
v -0.07673487222 -0.0578000021 0.3358471376
v -0.0801265785 -0.0578000021 0.3313958473
v -0.08188917866 -0.0578000021 0.3260844552
v -0.08183166228 -0.0578000021 0.3204885328
v -0.07996028175 -0.0578000021 0.3152144883
v -0.07647781309 -0.0578000021 0.3108338439
v -0.07176164035 -0.0578000021 0.3078213094
v -0.06632283341 -0.0578000021 0.3065033458
v -0.06632283341 -0.05130000114 0.3065033458
v -0.02820200695 -0.0325999999 0.3642514873
v -0.02826600513 -0.03200665474 0.3639539503
v -0.02824488946 -0.03180000067 0.3632060694
v -0.02998222213 -0.03180000067 0.3647487871
v -0.0317840755 -0.03180000067 0.3662156209
v -0.03364713793 -0.03180000067 0.3676038813
v -0.03292388586 -0.03199624777 0.3677301491
v -0.03263215473 -0.0325999999 0.367857942
v -0.03111408678 -0.0325999999 0.3667071935
v -0.02963678116 -0.0325999999 0.3655045556
v -0.02820200695 -0.05699999809 0.3642514873
v -0.02820200695 -0.0325999999 0.3642514873
v -0.02963678116 -0.0325999999 0.3655045556
v -0.03111408678 -0.0325999999 0.3667071935
v -0.03263215473 -0.0325999999 0.367857942
v -0.03263215473 -0.05699999809 0.367857942
v -0.03111408678 -0.05699999809 0.3667071935
v -0.02963678116 -0.05699999809 0.3655045556
v -0.0667387541 -0.0578000021 0.3007684055
v -0.06855454397 -0.0578000021 0.3000507195
v -0.06912556273 -0.0578000021 0.2981836102
v -0.06802182016 -0.0578000021 0.2965730469
v -0.06607445511 -0.0578000021 0.2964318159
v -0.06474987552 -0.0578000021 0.2978662684
v -0.06504551795 -0.0578000021 0.2997962329
v -0.0667387541 -0.0528000021 0.3007684055
v -0.06504551795 -0.0528000021 0.2997962329
v -0.06474987552 -0.0528000021 0.2978662684
v -0.06607445511 -0.0528000021 0.2964318159
v -0.06802182016 -0.0528000021 0.2965730469
v -0.06912556273 -0.0528000021 0.2981836102
v -0.06855454397 -0.0528000021 0.3000507195
v -0.0667387541 -0.0578000021 0.3007684055
v -0.0667387541 -0.0528000021 0.3007684055
v -0.110781933 -0.0325999999 0.2928395944
v -0.1104640639 -0.03199623346 0.2928598987
v -0.1097412644 -0.03180000067 0.2927311873
v -0.1089919998 -0.03180000067 0.2922776831
v -0.1084790362 -0.03180000067 0.2915677975
v -0.1082836745 -0.03180000067 0.2907140399
v -0.108392745 -0.03200665474 0.2899738573
v -0.1085074334 -0.0325999999 0.289691951
v -0.1085074334 -0.05699999809 0.289691951
v -0.1083883676 -0.0576037693 0.2899873709
v -0.1082836745 -0.0578000021 0.2907140399
v -0.1084790362 -0.0578000021 0.2915677975
v -0.1089919998 -0.0578000021 0.2922776831
v -0.1097412644 -0.0578000021 0.2927311873
v -0.1104782736 -0.05759334564 0.292859994
v -0.110781933 -0.05699999809 0.2928395944
v -0.1160432631 -0.0325999999 0.3441732462
v -0.1157495506 -0.03201267719 0.3442132343
v -0.1150462258 -0.03180000067 0.3444905068
v -0.1159016965 -0.03180000067 0.342330309
v -0.1166638024 -0.03180000067 0.3401354263
v -0.1173311416 -0.03180000067 0.3379099021
v -0.1176972774 -0.03199638128 0.3385464981
v -0.1179170234 -0.0325999999 0.338776791
v -0.1173548738 -0.0325999999 0.3405968794
v -0.116730039 -0.0325999999 0.3423964258
v -0.1116721882 -0.05699999809 0.3527059402
v -0.1116721882 -0.0325999999 0.3527059402
v -0.1126570829 -0.0325999999 0.3510753652
v -0.1135849098 -0.0325999999 0.3494116691
v -0.1144545719 -0.0325999999 0.3477168358
v -0.1144545719 -0.05699999809 0.3477168358
v -0.1135849098 -0.05699999809 0.3494116691
v -0.1126570829 -0.05699999809 0.3510753652
v -0.104840422 -0.0578000021 0.3603070893
v -0.1055742362 -0.0576037693 0.3602840091
v -0.1058858399 -0.05699999809 0.3603499742
v -0.1071389082 -0.05699999809 0.3589151976
v -0.1083415462 -0.05699999809 0.3574378872
v -0.1094922946 -0.05699999809 0.3559198264
v -0.1093700998 -0.05759150982 0.3556437475
v -0.109238234 -0.0578000021 0.3549048408
v -0.1078499736 -0.0578000021 0.3567679033
v -0.1063831398 -0.0578000021 0.358569759
v -0.01687274872 -0.0578000021 0.3482061657
v -0.01664344491 -0.057603755 0.3489036262
v -0.01647489895 -0.05699999809 0.3491738692
v -0.01739456936 -0.05699999809 0.3508420919
v -0.01837145898 -0.05699999809 0.35247747
v -0.01940439598 -0.05699999809 0.3540780293
v -0.01970805896 -0.05759334564 0.3540576297
v -0.02044506227 -0.0578000021 0.3541864412
v -0.01916917018 -0.0578000021 0.3522446862
v -0.01797766864 -0.0578000021 0.3502500404
v -0.06834817408 -0.0528000021 0.2785766898
v -0.07760856441 -0.0528000021 0.2802342263
v -0.08632196384 -0.0528000021 0.2837808853
v -0.09410756996 -0.0528000021 0.2890616596
v -0.1006251066 -0.0528000021 0.2958457558
v -0.1055897298 -0.0528000021 0.3038366748
v -0.1087844493 -0.0528000021 0.3126851742
v -0.1100696563 -0.0528000021 0.3220045346
v -0.1093891784 -0.0528000021 0.3313874513
v -0.1067727411 -0.0528000021 0.3404238538
v -0.1023347178 -0.0528000021 0.3487187968
v -0.09626905659 -0.0528000021 0.3559097598
v -0.08884085933 -0.0528000021 0.3616824588
v -0.08037476583 -0.0528000021 0.3657845988
v -0.07124080143 -0.0528000021 0.3680369075
v -0.06183815495 -0.0528000021 0.3683409363
v -0.05257776462 -0.0528000021 0.3666833998
v -0.04386436042 -0.0528000021 0.3631367385
v -0.03607875668 -0.0528000021 0.3578559618
v -0.02956122006 -0.0528000021 0.3510718679
v -0.02459660166 -0.0528000021 0.3430809537
v -0.02140187492 -0.0528000021 0.3342324543
v -0.02011667037 -0.0528000021 0.3249130939
v -0.02079715298 -0.0528000021 0.3155301725
v -0.02341358314 -0.0528000021 0.3064937747
v -0.02785161122 -0.0528000021 0.2981988269
v -0.03391727481 -0.0528000021 0.291007864
v -0.04134547446 -0.0528000021 0.2852351649
v -0.04981155842 -0.0528000021 0.2811330202
v -0.05894552759 -0.0528000021 0.2788807163
v -0.06641686819 -0.0528000021 0.3052067491
v -0.06071188438 -0.0528000021 0.3056910207
v -0.05543577096 -0.0528000021 0.3079145311
v -0.05110498987 -0.0528000021 0.3116596178
v -0.04814346778 -0.0528000021 0.316559697
v -0.04684110178 -0.0528000021 0.3221351082
v -0.0473253733 -0.0528000021 0.327840092
v -0.049548879 -0.0528000021 0.3331162054
v -0.05329397041 -0.0528000021 0.3374469865
v -0.05819404961 -0.0528000021 0.3404085086
v -0.06376946083 -0.0528000021 0.3417108746
v -0.06947444464 -0.0528000021 0.3412265983
v -0.07475055807 -0.0528000021 0.3390030974
v -0.07908133915 -0.0528000021 0.3352580012
v -0.08204286124 -0.0528000021 0.3303579268
v -0.08334522725 -0.0528000021 0.3247825156
v -0.08286095096 -0.0528000021 0.3190775317
v -0.08063745003 -0.0528000021 0.3138014183
v -0.07689235862 -0.0528000021 0.3094706372
v -0.07199227942 -0.0528000021 0.3065091151
v -0.06344757493 -0.0528000021 0.3461492182
v -0.06163178506 -0.0528000021 0.3468668995
v -0.0610607663 -0.0528000021 0.3487340136
v -0.06216450886 -0.0528000021 0.3503445768
v -0.06411187392 -0.0528000021 0.3504858126
v -0.0654364535 -0.0528000021 0.3490513601
v -0.06514081108 -0.0528000021 0.3471213908
v -0.04240275816 -0.0528000021 0.3218132223
v -0.04168507214 -0.0528000021 0.3199974324
v -0.03981796041 -0.0528000021 0.3194264137
v -0.03820739716 -0.0528000021 0.320530161
v -0.03806616618 -0.0528000021 0.3224775213
v -0.03950062104 -0.0528000021 0.3238021009
v -0.04143058554 -0.0528000021 0.3235064584
v -0.0667387541 -0.0528000021 0.3007684055
v -0.06855454397 -0.0528000021 0.3000507195
v -0.06912556273 -0.0528000021 0.2981836102
v -0.06802182016 -0.0528000021 0.2965730469
v -0.06607445511 -0.0528000021 0.2964318159
v -0.06474987552 -0.0528000021 0.2978662684
v -0.06504551795 -0.0528000021 0.2997962329
v -0.08778357086 -0.0528000021 0.3251044015
v -0.08850125212 -0.0528000021 0.3269201913
v -0.09036836623 -0.0528000021 0.3274912101
v -0.09197892948 -0.0528000021 0.3263874675
v -0.09212016523 -0.0528000021 0.3244401025
v -0.09068570322 -0.0528000021 0.3231155277
v -0.08875574349 -0.0528000021 0.3234111653
v -0.03908926036 -0.0528000021 0.3398695826
v -0.03578478235 -0.0528000021 0.3405030475
v -0.03323975609 -0.0528000021 0.3427038939
v -0.03213611969 -0.0528000021 0.3458823874
v -0.03276958934 -0.0528000021 0.3491868678
v -0.03497042856 -0.0528000021 0.3517318869
v -0.03814892448 -0.0528000021 0.3528355305
v -0.0414534001 -0.0528000021 0.352202056
v -0.04399842874 -0.0528000021 0.3500012192
v -0.04510206276 -0.0528000021 0.3468227257
v -0.04446859311 -0.0528000021 0.3435182453
v -0.04226775627 -0.0528000021 0.3409732166
v -0.04868239376 -0.0528000021 0.2974549101
v -0.0480489241 -0.0528000021 0.2941504297
v -0.04584808727 -0.0528000021 0.2916054058
v -0.04266958897 -0.0528000021 0.290501767
v -0.03936511096 -0.0528000021 0.2911352367
v -0.03682008471 -0.0528000021 0.2933360735
v -0.0357164483 -0.0528000021 0.2965145718
v -0.03634991796 -0.0528000021 0.2998190475
v -0.03855075717 -0.0528000021 0.3023640761
v -0.0417292507 -0.0528000021 0.3034677149
v -0.0450337311 -0.0528000021 0.3028342452
v -0.04757875497 -0.0528000021 0.3006334036
v -0.09109707105 -0.0528000021 0.3070480411
v -0.09440154191 -0.0528000021 0.3064145715
v -0.09694657055 -0.0528000021 0.3042137346
v -0.09805021411 -0.0528000021 0.3010352363
v -0.09741673968 -0.0528000021 0.2977307607
v -0.09521590285 -0.0528000021 0.2951857321
v -0.09203740932 -0.0528000021 0.294082098
v -0.08873292892 -0.0528000021 0.2947155677
v -0.08618790028 -0.0528000021 0.2969164045
v -0.08508426626 -0.0528000021 0.3000949028
v -0.08571773115 -0.0528000021 0.3033993785
v -0.08791856798 -0.0528000021 0.3059444023
v -0.08150393526 -0.0528000021 0.3494627184
v -0.08213740015 -0.0528000021 0.3527671893
v -0.08433824653 -0.0528000021 0.3553122179
v -0.08751674005 -0.0528000021 0.3564158615
v -0.09082122045 -0.0528000021 0.355782387
v -0.09336623955 -0.0528000021 0.3535815502
v -0.09446988311 -0.0528000021 0.3504030567
v -0.09383640869 -0.0528000021 0.3470985763
v -0.09163557185 -0.0528000021 0.3445535476
v -0.08845707832 -0.0528000021 0.3434499136
v -0.08515259793 -0.0528000021 0.3440833785
v -0.08260756929 -0.0528000021 0.3462842249
v -0.02167889329 -0.0325999999 0.3572256751
v -0.02179358644 -0.03200665474 0.3569437688
v -0.02190265687 -0.03180000067 0.3562035838
v -0.02334570759 -0.03180000067 0.3580245461
v -0.02486547414 -0.03180000067 0.359781984
v -0.02645916226 -0.03180000067 0.3614726741
v -0.02572499277 -0.03199623346 0.3614714356
v -0.02541548267 -0.0325999999 0.3615466238
v -0.02412030229 -0.0325999999 0.3601497507
v -0.0228742742 -0.0325999999 0.3587088559
v -0.02167889329 -0.05699999809 0.3572256751
v -0.02167889329 -0.0325999999 0.3572256751
v -0.0228742742 -0.0325999999 0.3587088559
v -0.02412030229 -0.0325999999 0.3601497507
v -0.02541548267 -0.0325999999 0.3615466238
v -0.02541548267 -0.05699999809 0.3615466238
v -0.02412030229 -0.05699999809 0.3601497507
v -0.0228742742 -0.05699999809 0.3587088559
v -0.04240275816 -0.0578000021 0.3218132223
v -0.04168507214 -0.0578000021 0.3199974324
v -0.03981796041 -0.0578000021 0.3194264137
v -0.03820739716 -0.0578000021 0.320530161
v -0.03806616618 -0.0578000021 0.3224775213
v -0.03950062104 -0.0578000021 0.3238021009
v -0.04143058554 -0.0578000021 0.3235064584
v -0.04240275816 -0.0528000021 0.3218132223
v -0.04143058554 -0.0528000021 0.3235064584
v -0.03950062104 -0.0528000021 0.3238021009
v -0.03806616618 -0.0528000021 0.3224775213
v -0.03820739716 -0.0528000021 0.320530161
v -0.03981796041 -0.0528000021 0.3194264137
v -0.04168507214 -0.0528000021 0.3199974324
v -0.04240275816 -0.0578000021 0.3218132223
v -0.04240275816 -0.0528000021 0.3218132223
v -0.104770844 -0.0325999999 0.2853709999
v -0.1044613386 -0.03199623346 0.2854461929
v -0.103727162 -0.03180000067 0.2854449473
v -0.1029105301 -0.03180000067 0.2851284409
v -0.1022820863 -0.03180000067 0.2845184147
v -0.1019414419 -0.03180000067 0.2837115543
v -0.1019203263 -0.03200665474 0.2829636782
v -0.1019843173 -0.0325999999 0.2826661341
v -0.1019843173 -0.05699999809 0.2826661341
v -0.1019183617 -0.0576037693 0.2829777449
v -0.1019414419 -0.0578000021 0.2837115543
v -0.1022820863 -0.0578000021 0.2845184147
v -0.1029105301 -0.0578000021 0.2851284409
v -0.103727162 -0.0578000021 0.2854449473
v -0.1044753386 -0.05759334564 0.2854438182
v -0.104770844 -0.05699999809 0.2853709999
v -0.1188662375 -0.0325999999 0.3350111491
v -0.1185869732 -0.03201520205 0.3351003277
v -0.1179394386 -0.03180000067 0.3354967235
v -0.1184068017 -0.03180000067 0.333220798
v -0.1187761939 -0.03180000067 0.3309269245
v -0.1190469285 -0.03180000067 0.3286193326
v -0.1195181685 -0.03199649572 0.3291827817
v -0.1197744402 -0.0325999999 0.3293713083
v -0.1195369024 -0.0325999999 0.3312613673
v -0.1192340378 -0.0325999999 0.3331420708
v -0.1160432631 -0.05699999809 0.3441732462
v -0.1160432631 -0.0325999999 0.3441732462
v -0.116730039 -0.0325999999 0.3423964258
v -0.1173548738 -0.0325999999 0.3405968794
v -0.1179170234 -0.0325999999 0.338776791
v -0.1179170234 -0.05699999809 0.338776791
v -0.1173548738 -0.05699999809 0.3405968794
v -0.116730039 -0.05699999809 0.3423964258
v -0.1106352107 -0.0578000021 0.3528452452
v -0.1113538803 -0.057603755 0.3526950879
v -0.1116721882 -0.05699999809 0.3527059402
v -0.1126570829 -0.05699999809 0.3510753652
v -0.1135849098 -0.05699999809 0.3494116691
v -0.1144545719 -0.05699999809 0.3477168358
v -0.1142890327 -0.05758732319 0.3474709502
v -0.1140281157 -0.0578000021 0.3467613884
v -0.1129844659 -0.0578000021 0.3488372245
v -0.1118528013 -0.0578000021 0.3508664165
v -0.01330799175 -0.0578000021 0.3394568109
v -0.0129610271 -0.05760371685 0.3401038986
v -0.01274814595 -0.05699999809 0.3403407249
v -0.01336416193 -0.05699999809 0.3421433018
v -0.01404222987 -0.05699999809 0.3439234672
v -0.01478153916 -0.05699999809 0.345679085
v -0.01508172371 -0.05759150982 0.3457112996
v -0.01578757071 -0.0578000021 0.3459665588
v -0.0148682428 -0.0578000021 0.3438327523
v -0.01404121024 -0.0578000021 0.3416615043
v -0.04083513585 -0.0325999999 0.3728202193
v -0.04110019978 -0.03199628592 0.3726437319
v -0.04179058802 -0.03180000067 0.3723937631
v -0.0426662232 -0.03180000067 0.3724118813
v -0.04346540767 -0.03180000067 0.3727701754
v -0.04406147432 -0.03180000067 0.3734118732
v -0.04433876113 -0.0320127511 0.3741152933
v -0.0443787349 -0.0325999999 0.3744089105
v -0.0443787349 -0.05699999809 0.3744089105
v -0.04433415008 -0.05760371685 0.3740936068
v -0.04406147432 -0.0578000021 0.3734118732
v -0.04346540767 -0.0578000021 0.3727701754
v -0.0426662232 -0.0578000021 0.3724118813
v -0.04179058802 -0.0578000021 0.3723937631
v -0.04108094034 -0.05758725166 0.3726547277
v -0.04083513585 -0.05699999809 0.3728202193
v -0.01647489895 -0.0325999999 0.3491738692
v -0.01663564865 -0.03200849295 0.3489183224
v -0.01687274872 -0.03180000067 0.3482061657
v -0.01797766864 -0.03180000067 0.3502500404
v -0.01916917018 -0.03180000067 0.3522446862
v -0.02044506227 -0.03180000067 0.3541864412
v -0.01972226036 -0.03199623346 0.3540577251
v -0.01940439598 -0.0325999999 0.3540780293
v -0.01837145898 -0.0325999999 0.35247747
v -0.01739456936 -0.0325999999 0.3508420919
v -0.01647489895 -0.05699999809 0.3491738692
v -0.01647489895 -0.0325999999 0.3491738692
v -0.01739456936 -0.0325999999 0.3508420919
v -0.01837145898 -0.0325999999 0.35247747
v -0.01940439598 -0.0325999999 0.3540780293
v -0.01940439598 -0.05699999809 0.3540780293
v -0.01837145898 -0.05699999809 0.35247747
v -0.01739456936 -0.05699999809 0.3508420919
v -0.06344757493 -0.0578000021 0.3461492182
v -0.06163178506 -0.0578000021 0.3468668995
v -0.0610607663 -0.0578000021 0.3487340136
v -0.06216450886 -0.0578000021 0.3503445768
v -0.06411187392 -0.0578000021 0.3504858126
v -0.0654364535 -0.0578000021 0.3490513601
v -0.06514081108 -0.0578000021 0.3471213908
v -0.06344757493 -0.0528000021 0.3461492182
v -0.06514081108 -0.0528000021 0.3471213908
v -0.0654364535 -0.0528000021 0.3490513601
v -0.06411187392 -0.0528000021 0.3504858126
v -0.06216450886 -0.0528000021 0.3503445768
v -0.0610607663 -0.0528000021 0.3487340136
v -0.06163178506 -0.0528000021 0.3468668995
v -0.06344757493 -0.0578000021 0.3461492182
v -0.06344757493 -0.0528000021 0.3461492182
v -0.09755417907 -0.0325999999 0.2790596818
v -0.09726244078 -0.03199624777 0.2791874723
v -0.09653919347 -0.03180000067 0.27931374
v -0.09567999937 -0.03180000067 0.2791438468
v -0.09495517742 -0.03180000067 0.2786522195
v -0.09447959782 -0.03180000067 0.2779167681
v -0.09432884923 -0.03200849295 0.2771814759
v -0.09434029279 -0.0325999999 0.2768797858
v -0.09434029279 -0.05699999809 0.2768797858
v -0.09432944054 -0.057603755 0.2771980937
v -0.09447959782 -0.0578000021 0.2779167681
v -0.09495517742 -0.0578000021 0.2786522195
v -0.09567999937 -0.0578000021 0.2791438468
v -0.09653919347 -0.0578000021 0.27931374
v -0.0972781001 -0.05759150982 0.2791818766
v -0.09755417907 -0.05699999809 0.2790596818
v -0.1200553478 -0.0325999999 0.3254980502
v -0.119777619 -0.03199911594 0.3256456938
v -0.1192269492 -0.03180000067 0.3261371851
v -0.1192919953 -0.03180000067 0.3238146733
v -0.1192574491 -0.03180000067 0.3214915084
v -0.119123368 -0.03180000067 0.3191719582
v -0.1196851497 -0.03199638128 0.3196449367
v -0.1199704035 -0.0325999999 0.3197861754
v -0.1200646775 -0.0325999999 0.3216887745
v -0.1200929955 -0.0325999999 0.323593491
v -0.1188662375 -0.05699999809 0.3350111491
v -0.1188662375 -0.0325999999 0.3350111491
v -0.1192340378 -0.0325999999 0.3331420708
v -0.1195369024 -0.0325999999 0.3312613673
v -0.1197744402 -0.0325999999 0.3293713083
v -0.1197744402 -0.05699999809 0.3293713083
v -0.1195369024 -0.05699999809 0.3312613673
v -0.1192340378 -0.05699999809 0.3331420708
v -0.1150462258 -0.0578000021 0.3444905068
v -0.1157279594 -0.05760371685 0.3442178215
v -0.1160432631 -0.05699999809 0.3441732462
v -0.116730039 -0.05699999809 0.3423964258
v -0.1173548738 -0.05699999809 0.3405968794
v -0.1179170234 -0.05699999809 0.338776791
v -0.1177133945 -0.05758479595 0.3385658863
v -0.1173311416 -0.0578000021 0.3379099021
v -0.1166638024 -0.0578000021 0.3401354263
v -0.1159016965 -0.0578000021 0.342330309
v -0.01131670238 -0.0578000021 0.3302213655
v -0.01086254223 -0.05760361671 0.3307984633
v -0.01061187047 -0.05699999809 0.3309946345
v -0.01090551367 -0.05699999809 0.3328767961
v -0.0112641581 -0.05699999809 0.334747666
v -0.01168737699 -0.05699999809 0.3366049842
v -0.01197223965 -0.05758732319 0.3366869329
v -0.01262820492 -0.0578000021 0.3370627844
v -0.01209337563 -0.0578000021 0.334801757
v -0.01165594029 -0.0578000021 0.3325198822
v -0.03263215473 -0.0325999999 0.367857942
v -0.03292388586 -0.03199624777 0.3677301491
v -0.03364713793 -0.03180000067 0.3676038813
v -0.03450632727 -0.03180000067 0.3677737769
v -0.0352311516 -0.03180000067 0.3682654043
v -0.03570673597 -0.03180000067 0.369000858
v -0.03585747741 -0.03200849295 0.3697361502
v -0.035846041 -0.0325999999 0.3700378355
v -0.035846041 -0.05699999809 0.3700378355
v -0.0358568861 -0.057603755 0.3697195276
v -0.03570673597 -0.0578000021 0.369000858
v -0.0352311516 -0.0578000021 0.3682654043
v -0.03450632727 -0.0578000021 0.3677737769
v -0.03364713793 -0.0578000021 0.3676038813
v -0.03290822654 -0.05759150982 0.3677357472
v -0.03263215473 -0.05699999809 0.367857942
v -0.01274814595 -0.0325999999 0.3403407249
v -0.0129474325 -0.03201267719 0.3401213032
v -0.01330799175 -0.03180000067 0.3394568109
v -0.01404121024 -0.03180000067 0.3416615043
v -0.0148682428 -0.03180000067 0.3438327523
v -0.01578757071 -0.03180000067 0.3459665588
v -0.01509808161 -0.03199624777 0.345714275
v -0.01478153916 -0.0325999999 0.345679085
v -0.01404222987 -0.0325999999 0.3439234672
v -0.01336416193 -0.0325999999 0.3421433018
v -0.01274814595 -0.05699999809 0.3403407249
v -0.01274814595 -0.0325999999 0.3403407249
v -0.01336416193 -0.0325999999 0.3421433018
v -0.01404222987 -0.0325999999 0.3439234672
v -0.01478153916 -0.0325999999 0.345679085
v -0.01478153916 -0.05699999809 0.345679085
v -0.01404222987 -0.05699999809 0.3439234672
v -0.01336416193 -0.05699999809 0.3421433018
v -0.06641686819 -0.05130000114 0.3052067491
v -0.06071188438 -0.05130000114 0.3056910207
v -0.05543577096 -0.05130000114 0.3079145311
v -0.05110498987 -0.05130000114 0.3116596178
v -0.04814346778 -0.05130000114 0.316559697
v -0.04684110178 -0.05130000114 0.3221351082
v -0.0473253733 -0.05130000114 0.327840092
v -0.049548879 -0.05130000114 0.3331162054
v -0.05329397041 -0.05130000114 0.3374469865
v -0.05819404961 -0.05130000114 0.3404085086
v -0.06376946083 -0.05130000114 0.3417108746
v -0.06947444464 -0.05130000114 0.3412265983
v -0.07475055807 -0.05130000114 0.3390030974
v -0.07908133915 -0.05130000114 0.3352580012
v -0.08204286124 -0.05130000114 0.3303579268
v -0.08334522725 -0.05130000114 0.3247825156
v -0.08286095096 -0.05130000114 0.3190775317
v -0.08063745003 -0.05130000114 0.3138014183
v -0.07689235862 -0.05130000114 0.3094706372
v -0.07199227942 -0.05130000114 0.3065091151
v -0.06641686819 -0.0528000021 0.3052067491
v -0.07199227942 -0.0528000021 0.3065091151
v -0.07689235862 -0.0528000021 0.3094706372
v -0.08063745003 -0.0528000021 0.3138014183
v -0.08286095096 -0.0528000021 0.3190775317
v -0.08334522725 -0.0528000021 0.3247825156
v -0.08204286124 -0.0528000021 0.3303579268
v -0.07908133915 -0.0528000021 0.3352580012
v -0.07475055807 -0.0528000021 0.3390030974
v -0.06947444464 -0.0528000021 0.3412265983
v -0.06376946083 -0.0528000021 0.3417108746
v -0.05819404961 -0.0528000021 0.3404085086
v -0.05329397041 -0.0528000021 0.3374469865
v -0.049548879 -0.0528000021 0.3331162054
v -0.0473253733 -0.0528000021 0.327840092
v -0.04684110178 -0.0528000021 0.3221351082
v -0.04814346778 -0.0528000021 0.316559697
v -0.05110498987 -0.0528000021 0.3116596178
v -0.05543577096 -0.0528000021 0.3079145311
v -0.06071188438 -0.0528000021 0.3056910207
v -0.06641686819 -0.0528000021 0.3052067491
v -0.06641686819 -0.05130000114 0.3052067491
v -0.08935118841 -0.0325999999 0.2740974092
v -0.08908612448 -0.03199628353 0.2742738895
v -0.08839574101 -0.03180000067 0.2745238583
v -0.08752010583 -0.03180000067 0.2745057424
v -0.08672092612 -0.03180000067 0.2741474484
v -0.08612484994 -0.03180000067 0.2735057553
v -0.08584758697 -0.03201267719 0.2728024234
v -0.08580759889 -0.0325999999 0.2725087156
v -0.08580759889 -0.05699999809 0.2725087156
v -0.08585217418 -0.05760371685 0.2728240194
v -0.08612484994 -0.0578000021 0.2735057553
v -0.08672092612 -0.0578000021 0.2741474484
v -0.08752010583 -0.0578000021 0.2745057424
v -0.08839574101 -0.0578000021 0.2745238583
v -0.08910530285 -0.05758732319 0.2742629484
v -0.08935118841 -0.05699999809 0.2740974092
v -0.1195744597 -0.0325999999 0.3159229892
v -0.119342536 -0.03201520205 0.3161022995
v -0.118869629 -0.03180000067 0.316696263
v -0.118530384 -0.03180000067 0.3143977368
v -0.1180929486 -0.03180000067 0.3121158667
v -0.1175581241 -0.03180000067 0.3098548394
v -0.1181933767 -0.03199628353 0.3102230281
v -0.1184989532 -0.0325999999 0.3103126396
v -0.1189221685 -0.0325999999 0.3121699625
v -0.1192808201 -0.0325999999 0.3140408277
v -0.1200553478 -0.05699999809 0.3254980502
v -0.1200553478 -0.0325999999 0.3254980502
v -0.1200929955 -0.0325999999 0.323593491
v -0.1200646775 -0.0325999999 0.3216887745
v -0.1199704035 -0.0325999999 0.3197861754
v -0.1199704035 -0.05699999809 0.3197861754
v -0.1200646775 -0.05699999809 0.3216887745
v -0.1200929955 -0.05699999809 0.323593491
v -0.1179394386 -0.0578000021 0.3354967235
v -0.1185635891 -0.05760361671 0.3351097595
v -0.1188662375 -0.05699999809 0.3350111491
v -0.1192340378 -0.05699999809 0.3331420708
v -0.1195369024 -0.05699999809 0.3312613673
v -0.1197744402 -0.05699999809 0.3293713083
v -0.1195209342 -0.05760088444 0.3291851325
v -0.1190469285 -0.0578000021 0.3286193326
v -0.1187761939 -0.0578000021 0.3309269245
v -0.1184068017 -0.0578000021 0.333220798
v -0.01095938219 -0.0578000021 0.3207804386
v -0.01041177372 -0.05760350227 0.3212699988
v -0.01013098127 -0.05699999809 0.3214195736
v -0.01009332878 -0.05699999809 0.3233241328
v -0.01012165387 -0.05699999809 0.3252288492
v -0.01021592196 -0.05699999809 0.3271314484
v -0.01047939617 -0.05758479595 0.3272599841
v -0.01106296106 -0.0578000021 0.3277456656
v -0.01092887992 -0.0578000021 0.3254261153
v -0.01089433257 -0.0578000021 0.3231029504
v -0.02541548267 -0.0325999999 0.3615466238
v -0.02572499277 -0.03199623346 0.3614714356
v -0.02645916226 -0.03180000067 0.3614726741
v -0.02727579652 -0.03180000067 0.3617891876
v -0.02790423797 -0.03180000067 0.3623992043
v -0.02824488946 -0.03180000067 0.3632060694
v -0.02826600513 -0.03200665474 0.3639539503
v -0.02820200695 -0.0325999999 0.3642514873
v -0.02820200695 -0.05699999809 0.3642514873
v -0.02826796252 -0.0576037693 0.3639398836
v -0.02824488946 -0.0578000021 0.3632060694
v -0.02790423797 -0.0578000021 0.3623992043
v -0.02727579652 -0.0578000021 0.3617891876
v -0.02645916226 -0.0578000021 0.3614726741
v -0.02571098807 -0.05759334564 0.3614738103
v -0.02541548267 -0.05699999809 0.3615466238
v -0.01061187047 -0.0325999999 0.3309946345
v -0.01084379421 -0.03201520205 0.3308153243
v -0.01131670238 -0.03180000067 0.3302213655
v -0.01165594029 -0.03180000067 0.3325198822
v -0.01209337563 -0.03180000067 0.334801757
v -0.01262820492 -0.03180000067 0.3370627844
v -0.01199294989 -0.03199628353 0.3366945909
v -0.01168737699 -0.0325999999 0.3366049842
v -0.0112641581 -0.0325999999 0.334747666
v -0.01090551367 -0.0325999999 0.3328767961
v -0.01061187047 -0.05699999809 0.3309946345
v -0.01061187047 -0.0325999999 0.3309946345
v -0.01090551367 -0.0325999999 0.3328767961
v -0.0112641581 -0.0325999999 0.334747666
v -0.01168737699 -0.0325999999 0.3366049842
v -0.01168737699 -0.05699999809 0.3366049842
v -0.0112641581 -0.05699999809 0.334747666
v -0.01090551367 -0.05699999809 0.3328767961
v -0.06632283341 -0.05130000114 0.3065033458
v -0.06075077756 -0.05130000114 0.3070227648
v -0.05564928204 -0.05130000114 0.3093232841
v -0.05157118188 -0.05130000114 0.3131556125
v -0.04895839474 -0.05130000114 0.3181044477
v -0.0480940608 -0.05130000114 0.3236335143
v -0.04907184413 -0.05130000114 0.3291436473
v -0.05178578571 -0.05130000114 0.334037737
v -0.05594179052 -0.05130000114 0.3377854409
v -0.06108948514 -0.05130000114 0.3399806375
v -0.06667104122 -0.05130000114 0.3403854243
v -0.07208161458 -0.05130000114 0.3389559619
v -0.07673487222 -0.05130000114 0.3358471376
v -0.0801265785 -0.05130000114 0.3313958473
v -0.08188917866 -0.05130000114 0.3260844552
v -0.08183166228 -0.05130000114 0.3204885328
v -0.07996028175 -0.05130000114 0.3152144883
v -0.07647781309 -0.05130000114 0.3108338439
v -0.07176164035 -0.05130000114 0.3078213094
v -0.06641686819 -0.05130000114 0.3052067491
v -0.07199227942 -0.05130000114 0.3065091151
v -0.07689235862 -0.05130000114 0.3094706372
v -0.08063745003 -0.05130000114 0.3138014183
v -0.08286095096 -0.05130000114 0.3190775317
v -0.08334522725 -0.05130000114 0.3247825156
v -0.08204286124 -0.05130000114 0.3303579268
v -0.07908133915 -0.05130000114 0.3352580012
v -0.07475055807 -0.05130000114 0.3390030974
v -0.06947444464 -0.05130000114 0.3412265983
v -0.06376946083 -0.05130000114 0.3417108746
v -0.05819404961 -0.05130000114 0.3404085086
v -0.05329397041 -0.05130000114 0.3374469865
v -0.049548879 -0.05130000114 0.3331162054
v -0.0473253733 -0.05130000114 0.327840092
v -0.04684110178 -0.05130000114 0.3221351082
v -0.04814346778 -0.05130000114 0.316559697
v -0.05110498987 -0.05130000114 0.3116596178
v -0.05543577096 -0.05130000114 0.3079145311
v -0.06071188438 -0.05130000114 0.3056910207
v -0.08041114365 -0.0325999999 0.2706349577
v -0.08018085076 -0.03199638128 0.2708547014
v -0.07954425949 -0.03180000067 0.2712208395
v -0.07867878121 -0.03180000067 0.271355054
v -0.07782951955 -0.03180000067 0.2711409771
v -0.07713107617 -0.03180000067 0.2706125378
v -0.0767346803 -0.03201520205 0.2699650032
v -0.07664550649 -0.0325999999 0.2696857389
v -0.07664550649 -0.05699999809 0.2696857389
v -0.07674411218 -0.05760361671 0.2699883873
v -0.07713107617 -0.0578000021 0.2706125378
v -0.07782951955 -0.0578000021 0.2711409771
v -0.07867878121 -0.0578000021 0.271355054
v -0.07954425949 -0.0578000021 0.2712208395
v -0.08020023893 -0.05758479595 0.2708385819
v -0.08041114365 -0.05699999809 0.2706349577
v -0.1174381843 -0.0325999999 0.3065768941
v -0.1172388953 -0.03201267719 0.3067963254
v -0.1168783408 -0.03180000067 0.3074608129
v -0.116145114 -0.03180000067 0.3052561194
v -0.1153180838 -0.03180000067 0.3030848762
v -0.1143987571 -0.03180000067 0.3009510697
v -0.115088245 -0.03199624777 0.301203344
v -0.1154047887 -0.0325999999 0.3012385435
v -0.1161440992 -0.0325999999 0.3029941565
v -0.1168221647 -0.0325999999 0.3047743172
v -0.1195744597 -0.05699999809 0.3159229892
v -0.1195744597 -0.0325999999 0.3159229892
v -0.1192808201 -0.0325999999 0.3140408277
v -0.1189221685 -0.0325999999 0.3121699625
v -0.1184989532 -0.0325999999 0.3103126396
v -0.1184989532 -0.05699999809 0.3103126396
v -0.1189221685 -0.05699999809 0.3121699625
v -0.1192808201 -0.05699999809 0.3140408277
v -0.1192269492 -0.0578000021 0.3261371851
v -0.1197745577 -0.05760350227 0.3256476297
v -0.1200553478 -0.05699999809 0.3254980502
v -0.1200929955 -0.05699999809 0.323593491
v -0.1200646775 -0.05699999809 0.3216887745
v -0.1199704035 -0.05699999809 0.3197861754
v -0.1197069317 -0.05758479595 0.3196576444
v -0.119123368 -0.0578000021 0.3191719582
v -0.1192574491 -0.0578000021 0.3214915084
v -0.1192919953 -0.0578000021 0.3238146733
v -0.01224689047 -0.0578000021 0.3114209002
v -0.01162273873 -0.05760361671 0.3118078642
v -0.01132009155 -0.05699999809 0.3119064699
v -0.01095228768 -0.05699999809 0.3137755578
v -0.01064943024 -0.05699999809 0.3156562565
v -0.01041188401 -0.05699999809 0.3175463202
v -0.01066539958 -0.05760088444 0.3177324913
v -0.01113939698 -0.0578000021 0.3182982911
v -0.01141013868 -0.0578000021 0.3159906992
v -0.01177952967 -0.0578000021 0.3136968305
v -0.01940439598 -0.0325999999 0.3540780293
v -0.01972226036 -0.03199623346 0.3540577251
v -0.02044506227 -0.03180000067 0.3541864412
v -0.02119432922 -0.03180000067 0.3546399406
v -0.0217072928 -0.03180000067 0.3553498263
v -0.02190265687 -0.03180000067 0.3562035838
v -0.02179358644 -0.03200665474 0.3569437688
v -0.02167889329 -0.0325999999 0.3572256751
v -0.02167889329 -0.05699999809 0.3572256751
v -0.02179795662 -0.0576037693 0.3569302552
v -0.02190265687 -0.0578000021 0.3562035838
v -0.0217072928 -0.0578000021 0.3553498263
v -0.02119432922 -0.0578000021 0.3546399406
v -0.02044506227 -0.0578000021 0.3541864412
v -0.01970805896 -0.05759334564 0.3540576297
v -0.01940439598 -0.05699999809 0.3540780293
v -0.01013098127 -0.0325999999 0.3214195736
v -0.01040870647 -0.03199911594 0.32127193
v -0.01095938219 -0.03180000067 0.3207804386
v -0.01089433257 -0.03180000067 0.3231029504
v -0.01092887992 -0.03180000067 0.3254261153
v -0.01106296106 -0.03180000067 0.3277456656
v -0.01050117573 -0.03199638128 0.3272726918
v -0.01021592196 -0.0325999999 0.3271314484
v -0.01012165387 -0.0325999999 0.3252288492
v -0.01009332878 -0.0325999999 0.3233241328
v -0.01013098127 -0.05699999809 0.3214195736
v -0.01013098127 -0.0325999999 0.3214195736
v -0.01009332878 -0.0325999999 0.3233241328
v -0.01012165387 -0.0325999999 0.3252288492
v -0.01021592196 -0.0325999999 0.3271314484
v -0.01021592196 -0.05699999809 0.3271314484
v -0.01012165387 -0.05699999809 0.3252288492
v -0.01009332878 -0.05699999809 0.3233241328
v -0.07100565619 -0.0325999999 0.2687775326
v -0.0708171343 -0.03199649572 0.2690338031
v -0.07025368527 -0.03180000067 0.2695050443
v -0.06942466145 -0.03180000067 0.2697875086
v -0.06855112904 -0.03180000067 0.2697241576
v -0.06777153774 -0.03180000067 0.2693250307
v -0.06728004641 -0.03199911594 0.268774355
v -0.06713240283 -0.0325999999 0.2684966298
v -0.06713240283 -0.05699999809 0.2684966298
v -0.0672819776 -0.05760350227 0.2687774211
v -0.06777153774 -0.0578000021 0.2693250307
v -0.06855112904 -0.0578000021 0.2697241576
v -0.06942466145 -0.0578000021 0.2697875086
v -0.07025368527 -0.0578000021 0.2695050443
v -0.07081948511 -0.05760088444 0.2690310469
v -0.07100565619 -0.05699999809 0.2687775326
v -0.1137114289 -0.0325999999 0.2977437545
v -0.113550678 -0.03200849295 0.2979993062
v -0.1133135767 -0.03180000067 0.2987114581
v -0.1122086556 -0.03180000067 0.2966675834
v -0.11101716 -0.03180000067 0.2946729375
v -0.1097412644 -0.03180000067 0.2927311873
v -0.1104640639 -0.03199623346 0.2928598987
v -0.110781933 -0.0325999999 0.2928395944
v -0.11181487 -0.0325999999 0.2944401585
v -0.1127917597 -0.0325999999 0.2960755318
v -0.1174381843 -0.05699999809 0.3065768941
v -0.1174381843 -0.0325999999 0.3065768941
v -0.1168221647 -0.0325999999 0.3047743172
v -0.1161440992 -0.0325999999 0.3029941565
v -0.1154047887 -0.0325999999 0.3012385435
v -0.1154047887 -0.05699999809 0.3012385435
v -0.1161440992 -0.05699999809 0.3029941565
v -0.1168221647 -0.05699999809 0.3047743172
v -0.118869629 -0.0578000021 0.316696263
v -0.1193237868 -0.05760361671 0.3161191605
v -0.1195744597 -0.05699999809 0.3159229892
v -0.1192808201 -0.05699999809 0.3140408277
v -0.1189221685 -0.05699999809 0.3121699625
v -0.1184989532 -0.05699999809 0.3103126396
v -0.1182140906 -0.05758732319 0.3102306861
v -0.1175581241 -0.0578000021 0.3098548394
v -0.1180929486 -0.0578000021 0.3121158667
v -0.118530384 -0.0578000021 0.3143977368
v -0.0151401056 -0.0578000021 0.3024271217
v -0.01445837199 -0.05760371685 0.3026997974
v -0.01414306827 -0.05699999809 0.3027443823
v -0.01345628879 -0.05699999809 0.3045212027
v -0.01283145288 -0.05699999809 0.3063207395
v -0.01226930917 -0.05699999809 0.3081408375
v -0.01247293331 -0.05758479595 0.3083517375
v -0.01285519097 -0.0578000021 0.3090077169
v -0.01352252901 -0.0578000021 0.3067821975
v -0.01428463373 -0.0578000021 0.3045873195
v -0.01478153916 -0.0325999999 0.345679085
v -0.01509808161 -0.03199624777 0.345714275
v -0.01578757071 -0.03180000067 0.3459665588
v -0.01644670372 -0.03180000067 0.3465432826
v -0.01682860518 -0.03180000067 0.3473314556
v -0.01687274872 -0.03180000067 0.3482061657
v -0.01663564865 -0.03200849295 0.3489183224
v -0.01647489895 -0.0325999999 0.3491738692
v -0.01647489895 -0.05699999809 0.3491738692
v -0.01664344491 -0.057603755 0.3489036262
v -0.01687274872 -0.0578000021 0.3482061657
v -0.01682860518 -0.0578000021 0.3473314556
v -0.01644670372 -0.0578000021 0.3465432826
v -0.01578757071 -0.0578000021 0.3459665588
v -0.01508172371 -0.05759150982 0.3457112996
v -0.01478153916 -0.05699999809 0.345679085
v -0.01132009155 -0.0325999999 0.3119064699
v -0.01159935465 -0.03201520205 0.3118172961
v -0.01224689047 -0.03180000067 0.3114209002
v -0.01177952967 -0.03180000067 0.3136968305
v -0.01141013868 -0.03180000067 0.3159906992
v -0.01113939698 -0.03180000067 0.3182982911
v -0.01066815571 -0.03199649572 0.3177348468
v -0.01041188401 -0.0325999999 0.3175463202
v -0.01064943024 -0.0325999999 0.3156562565
v -0.01095228768 -0.0325999999 0.3137755578
v -0.01132009155 -0.05699999809 0.3119064699
v -0.01132009155 -0.0325999999 0.3119064699
v -0.01095228768 -0.0325999999 0.3137755578
v -0.01064943024 -0.0325999999 0.3156562565
v -0.01041188401 -0.0325999999 0.3175463202
v -0.01041188401 -0.05699999809 0.3175463202
v -0.01064943024 -0.05699999809 0.3156562565
v -0.01095228768 -0.05699999809 0.3137755578
v -0.06142052802 -0.0325999999 0.2685815693
v -0.06127928458 -0.03199638128 0.2688668231
v -0.06080631079 -0.03180000067 0.2694286084
v -0.06003893273 -0.03180000067 0.2698507406
v -0.05916767033 -0.03180000067 0.2699400382
v -0.05833061086 -0.03180000067 0.2696823497
v -0.05773664736 -0.03201520205 0.2692094416
v -0.05755734188 -0.0325999999 0.268977519
v -0.05755734188 -0.05699999809 0.268977519
v -0.05775350835 -0.05760361671 0.2692281896
v -0.05833061086 -0.0578000021 0.2696823497
v -0.05916767033 -0.0578000021 0.2699400382
v -0.06003893273 -0.0578000021 0.2698507406
v -0.06080631079 -0.0578000021 0.2694286084
v -0.06129199226 -0.05758479595 0.2688450447
v -0.06142052802 -0.05699999809 0.2685815693
v -0.1085074334 -0.0325999999 0.289691951
v -0.108392745 -0.03200665474 0.2899738573
v -0.1082836745 -0.03180000067 0.2907140399
v -0.1068406191 -0.03180000067 0.28889308
v -0.1053208597 -0.03180000067 0.2871356398
v -0.103727162 -0.03180000067 0.2854449473
v -0.1044613386 -0.03199623346 0.2854461929
v -0.104770844 -0.0325999999 0.2853709999
v -0.106066022 -0.0325999999 0.2867678778
v -0.1073120572 -0.0325999999 0.2882087702
v -0.1137114289 -0.05699999809 0.2977437545
v -0.1137114289 -0.0325999999 0.2977437545
v -0.1127917597 -0.0325999999 0.2960755318
v -0.11181487 -0.0325999999 0.2944401585
v -0.110781933 -0.0325999999 0.2928395944
v -0.110781933 -0.05699999809 0.2928395944
v -0.11181487 -0.05699999809 0.2944401585
v -0.1127917597 -0.05699999809 0.2960755318
v -0.1168783408 -0.0578000021 0.3074608129
v -0.1172253055 -0.05760371685 0.3068137204
v -0.1174381843 -0.05699999809 0.3065768941
v -0.1168221647 -0.05699999809 0.3047743172
v -0.1161440992 -0.05699999809 0.3029941565
v -0.1154047887 -0.05699999809 0.3012385435
v -0.1151046005 -0.05759150982 0.301206329
v -0.1143987571 -0.0578000021 0.3009510697
v -0.1153180838 -0.0578000021 0.3030848762
v -0.116145114 -0.0578000021 0.3052561194
v -0.01955111956 -0.0578000021 0.2940723833
v -0.01883244516 -0.057603755 0.2942225358
v -0.01851413727 -0.05699999809 0.2942116884
v -0.01752925086 -0.05699999809 0.2958422586
v -0.01660142046 -0.05699999809 0.2975059546
v -0.01573176068 -0.05699999809 0.299200788
v -0.01589730109 -0.05758732319 0.2994466735
v -0.01615820974 -0.0578000021 0.3001562354
v -0.01720186674 -0.0578000021 0.298080404
v -0.01833353008 -0.0578000021 0.296051212
v -0.01168737699 -0.0325999999 0.3366049842
v -0.01199294989 -0.03199628353 0.3366945909
v -0.01262820492 -0.03180000067 0.3370627844
v -0.01317717801 -0.03180000067 0.3377452041
v -0.01341641227 -0.03180000067 0.3385877177
v -0.01330799175 -0.03180000067 0.3394568109
v -0.0129474325 -0.03201267719 0.3401213032
v -0.01274814595 -0.0325999999 0.3403407249
v -0.01274814595 -0.05699999809 0.3403407249
v -0.0129610271 -0.05760371685 0.3401038986
v -0.01330799175 -0.0578000021 0.3394568109
v -0.01341641227 -0.0578000021 0.3385877177
v -0.01317717801 -0.0578000021 0.3377452041
v -0.01262820492 -0.0578000021 0.3370627844
v -0.01197223965 -0.05758732319 0.3366869329
v -0.01168737699 -0.05699999809 0.3366049842
v -0.01414306827 -0.0325999999 0.3027443823
v -0.01443677485 -0.03201267719 0.3027043894
v -0.0151401056 -0.03180000067 0.3024271217
v -0.01428463373 -0.03180000067 0.3045873195
v -0.01352252901 -0.03180000067 0.3067821975
v -0.01285519097 -0.03180000067 0.3090077169
v -0.01248905163 -0.03199638128 0.3083711256
v -0.01226930917 -0.0325999999 0.3081408375
v -0.01283145288 -0.0325999999 0.3063207395
v -0.01345628879 -0.0325999999 0.3045212027
v -0.01414306827 -0.05699999809 0.3027443823
v -0.01414306827 -0.0325999999 0.3027443823
v -0.01345628879 -0.0325999999 0.3045212027
v -0.01283145288 -0.0325999999 0.3063207395
v -0.01226930917 -0.0325999999 0.3081408375
v -0.01226930917 -0.05699999809 0.3081408375
v -0.01283145288 -0.05699999809 0.3063207395
v -0.01345628879 -0.05699999809 0.3045212027
v -0.0519469922 -0.0325999999 0.2700530243
v -0.05185738073 -0.03199628353 0.2703585973
v -0.05148919203 -0.03180000067 0.2709938523
v -0.05080677227 -0.03180000067 0.2715428266
v -0.04996425388 -0.03180000067 0.2717820596
v -0.04909516552 -0.03180000067 0.2716736403
v -0.048430678 -0.03201267719 0.2713130811
v -0.04821124673 -0.0325999999 0.2711137945
v -0.04821124673 -0.05699999809 0.2711137945
v -0.04844807304 -0.05760371685 0.2713266757
v -0.04909516552 -0.0578000021 0.2716736403
v -0.04996425388 -0.0578000021 0.2717820596
v -0.05080677227 -0.0578000021 0.2715428266
v -0.05148919203 -0.0578000021 0.2709938523
v -0.0518650387 -0.05758732319 0.2703378882
v -0.0519469922 -0.05699999809 0.2700530243
v -0.1019843173 -0.0325999999 0.2826661341
v -0.1019203263 -0.03200665474 0.2829636782
v -0.1019414419 -0.03180000067 0.2837115543
v -0.1002041117 -0.03180000067 0.2821688414
v -0.09840225591 -0.03180000067 0.2807020052
v -0.09653919347 -0.03180000067 0.27931374
v -0.09726244078 -0.03199624777 0.2791874723
v -0.09755417907 -0.0325999999 0.2790596818
v -0.09907223986 -0.0325999999 0.2802104326
v -0.1005495502 -0.0325999999 0.2814130658
v -0.1085074334 -0.05699999809 0.289691951
v -0.1085074334 -0.0325999999 0.289691951
v -0.1073120572 -0.0325999999 0.2882087702
v -0.106066022 -0.0325999999 0.2867678778
v -0.104770844 -0.0325999999 0.2853709999
v -0.104770844 -0.05699999809 0.2853709999
v -0.106066022 -0.05699999809 0.2867678778
v -0.1073120572 -0.05699999809 0.2882087702
v -0.1133135767 -0.0578000021 0.2987114581
v -0.1135428865 -0.057603755 0.2980139927
v -0.1137114289 -0.05699999809 0.2977437545
v -0.1127917597 -0.05699999809 0.2960755318
v -0.11181487 -0.05699999809 0.2944401585
v -0.110781933 -0.05699999809 0.2928395944
v -0.1104782736 -0.05759334564 0.292859994
v -0.1097412644 -0.0578000021 0.2927311873
v -0.11101716 -0.0578000021 0.2946729375
v -0.1122086556 -0.0578000021 0.2966675834
v -0.0253459046 -0.0578000021 0.2866105368
v -0.02461209517 -0.0576037693 0.2866336123
v -0.02430048674 -0.05699999809 0.2865676543
v -0.02304741843 -0.05699999809 0.2880024285
v -0.02184478525 -0.05699999809 0.2894797341
v -0.02069403442 -0.05699999809 0.2909978021
v -0.0208162292 -0.05759150982 0.2912738763
v -0.02094809027 -0.0578000021 0.2920127877
v -0.02233635786 -0.0578000021 0.2901497229
v -0.02380319401 -0.0578000021 0.2883478695
v -0.01021592196 -0.0325999999 0.3271314484
v -0.01050117573 -0.03199638128 0.3272726918
v -0.01106296106 -0.03180000067 0.3277456656
v -0.01148509204 -0.03180000067 0.3285130437
v -0.01157438967 -0.03180000067 0.3293843061
v -0.01131670238 -0.03180000067 0.3302213655
v -0.01084379421 -0.03201520205 0.3308153243
v -0.01061187047 -0.0325999999 0.3309946345
v -0.01061187047 -0.05699999809 0.3309946345
v -0.01086254223 -0.05760361671 0.3307984633
v -0.01131670238 -0.0578000021 0.3302213655
v -0.01157438967 -0.0578000021 0.3293843061
v -0.01148509204 -0.0578000021 0.3285130437
v -0.01106296106 -0.0578000021 0.3277456656
v -0.01047939617 -0.05758479595 0.3272599841
v -0.01021592196 -0.05699999809 0.3271314484
v -0.01851413727 -0.0325999999 0.2942116884
v -0.01881582858 -0.03200849295 0.2942231272
v -0.01955111956 -0.03180000067 0.2940723833
v -0.01833353008 -0.03180000067 0.296051212
v -0.01720186674 -0.03180000067 0.298080404
v -0.01615820974 -0.03180000067 0.3001562354
v -0.01590824215 -0.03199628353 0.2994658519
v -0.01573176068 -0.0325999999 0.299200788
v -0.01660142046 -0.0325999999 0.2975059546
v -0.01752925086 -0.0325999999 0.2958422586
v -0.01851413727 -0.05699999809 0.2942116884
v -0.01851413727 -0.0325999999 0.2942116884
v -0.01752925086 -0.0325999999 0.2958422586
v -0.01660142046 -0.0325999999 0.2975059546
v -0.01573176068 -0.0325999999 0.299200788
v -0.01573176068 -0.05699999809 0.299200788
v -0.01660142046 -0.05699999809 0.2975059546
v -0.01752925086 -0.05699999809 0.2958422586
v -0.04287289618 -0.0325999999 0.2731471877
v -0.04283769662 -0.03199624777 0.273463729
v -0.04258542236 -0.03180000067 0.2741532193
v -0.04200869851 -0.03180000067 0.2748123523
v -0.04122052074 -0.03180000067 0.2751942525
v -0.04034581073 -0.03180000067 0.2752383973
v -0.03963365879 -0.03200849295 0.2750012984
v -0.03937810479 -0.0325999999 0.2748405475
v -0.03937810479 -0.05699999809 0.2748405475
v -0.03964834539 -0.057603755 0.2750090923
v -0.04034581073 -0.0578000021 0.2752383973
v -0.04122052074 -0.0578000021 0.2751942525
v -0.04200869851 -0.0578000021 0.2748123523
v -0.04258542236 -0.0578000021 0.2741532193
v -0.04284068159 -0.05759150982 0.2734473711
v -0.04287289618 -0.05699999809 0.2731471877
v -0.09434029279 -0.0325999999 0.2768797858
v -0.09432884923 -0.03200849295 0.2771814759
v -0.09447959782 -0.03180000067 0.2779167681
v -0.09250076916 -0.03180000067 0.2766991774
v -0.09047156758 -0.03180000067 0.2755675153
v -0.08839574101 -0.03180000067 0.2745238583
v -0.08908612448 -0.03199628353 0.2742738895
v -0.08935118841 -0.0325999999 0.2740974092
v -0.09104602178 -0.0325999999 0.274967069
v -0.09270971779 -0.0325999999 0.2758948982
v -0.1019843173 -0.05699999809 0.2826661341
v -0.1019843173 -0.0325999999 0.2826661341
v -0.1005495502 -0.0325999999 0.2814130658
v -0.09907223986 -0.0325999999 0.2802104326
v -0.09755417907 -0.0325999999 0.2790596818
v -0.09755417907 -0.05699999809 0.2790596818
v -0.09907223986 -0.05699999809 0.2802104326
v -0.1005495502 -0.05699999809 0.2814130658
v -0.1082836745 -0.0578000021 0.2907140399
v -0.1083883676 -0.0576037693 0.2899873709
v -0.1085074334 -0.05699999809 0.289691951
v -0.1073120572 -0.05699999809 0.2882087702
v -0.106066022 -0.05699999809 0.2867678778
v -0.104770844 -0.05699999809 0.2853709999
v -0.1044753386 -0.05759334564 0.2854438182
v -0.103727162 -0.0578000021 0.2854449473
v -0.1053208597 -0.0578000021 0.2871356398
v -0.1068406191 -0.0578000021 0.28889308
v -0.03234839257 -0.0578000021 0.2802683066
v -0.03162172356 -0.0576037693 0.2801636064
v -0.03132630127 -0.05699999809 0.2800445406
v -0.02984312285 -0.05699999809 0.2812399239
v -0.02840223043 -0.05699999809 0.282485952
v -0.02700535017 -0.05699999809 0.28378113
v -0.02707817087 -0.05759334564 0.2840766378
v -0.02707929991 -0.0578000021 0.284824812
v -0.02876999239 -0.0578000021 0.2832311215
v -0.03052743268 -0.0578000021 0.2817113549
v -0.01041188401 -0.0325999999 0.3175463202
v -0.01066815571 -0.03199649572 0.3177348468
v -0.01113939698 -0.03180000067 0.3182982911
v -0.01142186127 -0.03180000067 0.3191273149
v -0.01135850902 -0.03180000067 0.3200008473
v -0.01095938219 -0.03180000067 0.3207804386
v -0.01040870647 -0.03199911594 0.32127193
v -0.01013098127 -0.0325999999 0.3214195736
v -0.01013098127 -0.05699999809 0.3214195736
v -0.01041177372 -0.05760350227 0.3212699988
v -0.01095938219 -0.0578000021 0.3207804386
v -0.01135850902 -0.0578000021 0.3200008473
v -0.01142186127 -0.0578000021 0.3191273149
v -0.01113939698 -0.0578000021 0.3182982911
v -0.01066539958 -0.05760088444 0.3177324913
v -0.01041188401 -0.05699999809 0.3175463202
v -0.02430048674 -0.0325999999 0.2865676543
v -0.02459802847 -0.03200665474 0.2866316549
v -0.0253459046 -0.03180000067 0.2866105368
v -0.02380319401 -0.03180000067 0.2883478695
v -0.02233635786 -0.03180000067 0.2901497229
v -0.02094809027 -0.03180000067 0.2920127877
v -0.02082182252 -0.03199624777 0.2912895356
v -0.02069403442 -0.0325999999 0.2909978021
v -0.02184478525 -0.0325999999 0.2894797341
v -0.02304741843 -0.0325999999 0.2880024285
v -0.02430048674 -0.05699999809 0.2865676543
v -0.02430048674 -0.0325999999 0.2865676543
v -0.02304741843 -0.0325999999 0.2880024285
v -0.02184478525 -0.0325999999 0.2894797341
v -0.02069403442 -0.0325999999 0.2909978021
v -0.02069403442 -0.05699999809 0.2909978021
v -0.02184478525 -0.05699999809 0.2894797341
v -0.02304741843 -0.05699999809 0.2880024285
v -0.03447394704 -0.0325999999 0.2777700433
v -0.03449425371 -0.03199623346 0.2780879077
v -0.03436553994 -0.03180000067 0.2788107096
v -0.03391203336 -0.03180000067 0.2795599766
v -0.03320215009 -0.03180000067 0.2800729402
v -0.03234839257 -0.03180000067 0.2802683066
v -0.03160820998 -0.03200665474 0.2801592362
v -0.03132630127 -0.0325999999 0.2800445406
v -0.03132630127 -0.05699999809 0.2800445406
v -0.03162172356 -0.0576037693 0.2801636064
v -0.03234839257 -0.0578000021 0.2802683066
v -0.03320215009 -0.0578000021 0.2800729402
v -0.03391203336 -0.0578000021 0.2795599766
v -0.03436553994 -0.0578000021 0.2788107096
v -0.03449434667 -0.05759334564 0.2780737075
v -0.03447394704 -0.05699999809 0.2777700433
v -0.08580759889 -0.0325999999 0.2725087156
v -0.08584758697 -0.03201267719 0.2728024234
v -0.08612484994 -0.03180000067 0.2735057553
v -0.08396465213 -0.03180000067 0.2726502823
v -0.08176977889 -0.03180000067 0.2718881764
v -0.07954425949 -0.03180000067 0.2712208395
v -0.08018085076 -0.03199638128 0.2708547014
v -0.08041114365 -0.0325999999 0.2706349577
v -0.08223123207 -0.0325999999 0.2711971002
v -0.08403077846 -0.0325999999 0.2718219373
v -0.09434029279 -0.05699999809 0.2768797858
v -0.09434029279 -0.0325999999 0.2768797858
v -0.09270971779 -0.0325999999 0.2758948982
v -0.09104602178 -0.0325999999 0.274967069
v -0.08935118841 -0.0325999999 0.2740974092
v -0.08935118841 -0.05699999809 0.2740974092
v -0.09104602178 -0.05699999809 0.274967069
v -0.09270971779 -0.05699999809 0.2758948982
v -0.1019414419 -0.0578000021 0.2837115543
v -0.1019183617 -0.0576037693 0.2829777449
v -0.1019843173 -0.05699999809 0.2826661341
v -0.1005495502 -0.05699999809 0.2814130658
v -0.09907223986 -0.05699999809 0.2802104326
v -0.09755417907 -0.05699999809 0.2790596818
v -0.0972781001 -0.05759150982 0.2791818766
v -0.09653919347 -0.0578000021 0.27931374
v -0.09840225591 -0.0578000021 0.2807020052
v -0.1002041117 -0.0578000021 0.2821688414
v -0.04034581073 -0.0578000021 0.2752383973
v -0.03964834539 -0.057603755 0.2750090923
v -0.03937810479 -0.05699999809 0.2748405475
v -0.03770988445 -0.05699999809 0.2757602167
v -0.03607451114 -0.05699999809 0.2767371063
v -0.03447394704 -0.05699999809 0.2777700433
v -0.03449434667 -0.05759334564 0.2780737075
v -0.03436553994 -0.0578000021 0.2788107096
v -0.03630728775 -0.0578000021 0.2775348187
v -0.03830193364 -0.0578000021 0.276343316
v -0.01226930917 -0.0325999999 0.3081408375
v -0.01248905163 -0.03199638128 0.3083711256
v -0.01285519097 -0.03180000067 0.3090077169
v -0.01298940427 -0.03180000067 0.3098731999
v -0.01277532853 -0.03180000067 0.3107224568
v -0.01224689047 -0.03180000067 0.3114209002
v -0.01159935465 -0.03201520205 0.3118172961
v -0.01132009155 -0.0325999999 0.3119064699
v -0.01132009155 -0.05699999809 0.3119064699
v -0.01162273873 -0.05760361671 0.3118078642
v -0.01224689047 -0.0578000021 0.3114209002
v -0.01277532853 -0.0578000021 0.3107224568
v -0.01298940427 -0.0578000021 0.3098731999
v -0.01285519097 -0.0578000021 0.3090077169
v -0.01247293331 -0.05758479595 0.3083517375
v -0.01226930917 -0.05699999809 0.3081408375
v -0.03132630127 -0.0325999999 0.2800445406
v -0.03160820998 -0.03200665474 0.2801592362
v -0.03234839257 -0.03180000067 0.2802683066
v -0.03052743268 -0.03180000067 0.2817113549
v -0.02876999239 -0.03180000067 0.2832311215
v -0.02707929991 -0.03180000067 0.284824812
v -0.02708054555 -0.03199623346 0.2840906401
v -0.02700535017 -0.0325999999 0.28378113
v -0.02840223043 -0.0325999999 0.282485952
v -0.02984312285 -0.0325999999 0.2812399239
v -0.03132630127 -0.05699999809 0.2800445406
v -0.03132630127 -0.0325999999 0.2800445406
v -0.02984312285 -0.0325999999 0.2812399239
v -0.02840223043 -0.0325999999 0.282485952
v -0.02700535017 -0.0325999999 0.28378113
v -0.02700535017 -0.05699999809 0.28378113
v -0.02840223043 -0.05699999809 0.282485952
v -0.02984312285 -0.05699999809 0.2812399239
v -0.02700535017 -0.0325999999 0.28378113
v -0.02708054555 -0.03199623346 0.2840906401
v -0.02707929991 -0.03180000067 0.284824812
v -0.02676279114 -0.03180000067 0.2856414463
v -0.02615276731 -0.03180000067 0.2862698877
v -0.0253459046 -0.03180000067 0.2866105368
v -0.02459802847 -0.03200665474 0.2866316549
v -0.02430048674 -0.0325999999 0.2865676543
v -0.02430048674 -0.05699999809 0.2865676543
v -0.02461209517 -0.0576037693 0.2866336123
v -0.0253459046 -0.0578000021 0.2866105368
v -0.02615276731 -0.0578000021 0.2862698877
v -0.02676279114 -0.0578000021 0.2856414463
v -0.02707929991 -0.0578000021 0.284824812
v -0.02707817087 -0.05759334564 0.2840766378
v -0.02700535017 -0.05699999809 0.28378113
v -0.07664550649 -0.0325999999 0.2696857389
v -0.0767346803 -0.03201520205 0.2699650032
v -0.07713107617 -0.03180000067 0.2706125378
v -0.0748551459 -0.03180000067 0.270145177
v -0.07256127718 -0.03180000067 0.269775786
v -0.07025368527 -0.03180000067 0.2695050443
v -0.0708171343 -0.03199649572 0.2690338031
v -0.07100565619 -0.0325999999 0.2687775326
v -0.07289571989 -0.0325999999 0.2690150788
v -0.07477641863 -0.0325999999 0.269317935
v -0.08580759889 -0.05699999809 0.2725087156
v -0.08580759889 -0.0325999999 0.2725087156
v -0.08403077846 -0.0325999999 0.2718219373
v -0.08223123207 -0.0325999999 0.2711971002
v -0.08041114365 -0.0325999999 0.2706349577
v -0.08041114365 -0.05699999809 0.2706349577
v -0.08223123207 -0.05699999809 0.2711971002
v -0.08403077846 -0.05699999809 0.2718219373
v -0.09447959782 -0.0578000021 0.2779167681
v -0.09432944054 -0.057603755 0.2771980937
v -0.09434029279 -0.05699999809 0.2768797858
v -0.09270971779 -0.05699999809 0.2758948982
v -0.09104602178 -0.05699999809 0.274967069
v -0.08935118841 -0.05699999809 0.2740974092
v -0.08910530285 -0.05758732319 0.2742629484
v -0.08839574101 -0.0578000021 0.2745238583
v -0.09047156758 -0.0578000021 0.2755675153
v -0.09250076916 -0.0578000021 0.2766991774
v -0.04909516552 -0.0578000021 0.2716736403
v -0.04844807304 -0.05760371685 0.2713266757
v -0.04821124673 -0.05699999809 0.2711137945
v -0.04640866983 -0.05699999809 0.2717298093
v -0.04462850917 -0.05699999809 0.2724078796
v -0.04287289618 -0.05699999809 0.2731471877
v -0.04284068159 -0.05759150982 0.2734473711
v -0.04258542236 -0.0578000021 0.2741532193
v -0.04471922889 -0.0578000021 0.2732338902
v -0.04689047206 -0.0578000021 0.2724068576
v -0.01573176068 -0.0325999999 0.299200788
v -0.01590824215 -0.03199628353 0.2994658519
v -0.01615820974 -0.03180000067 0.3001562354
v -0.01614009504 -0.03180000067 0.3010318706
v -0.01578179981 -0.03180000067 0.301831055
v -0.0151401056 -0.03180000067 0.3024271217
v -0.01443677485 -0.03201267719 0.3027043894
v -0.01414306827 -0.0325999999 0.3027443823
v -0.01414306827 -0.05699999809 0.3027443823
v -0.01445837199 -0.05760371685 0.3026997974
v -0.0151401056 -0.0578000021 0.3024271217
v -0.01578179981 -0.0578000021 0.301831055
v -0.01614009504 -0.0578000021 0.3010318706
v -0.01615820974 -0.0578000021 0.3001562354
v -0.01589730109 -0.05758732319 0.2994466735
v -0.01573176068 -0.05699999809 0.299200788
v -0.03937810479 -0.0325999999 0.2748405475
v -0.03963365879 -0.03200849295 0.2750012984
v -0.04034581073 -0.03180000067 0.2752383973
v -0.03830193364 -0.03180000067 0.276343316
v -0.03630728775 -0.03180000067 0.2775348187
v -0.03436553994 -0.03180000067 0.2788107096
v -0.03449425371 -0.03199623346 0.2780879077
v -0.03447394704 -0.0325999999 0.2777700433
v -0.03607451114 -0.0325999999 0.2767371063
v -0.03770988445 -0.0325999999 0.2757602167
v -0.03937810479 -0.05699999809 0.2748405475
v -0.03937810479 -0.0325999999 0.2748405475
v -0.03770988445 -0.0325999999 0.2757602167
v -0.03607451114 -0.0325999999 0.2767371063
v -0.03447394704 -0.0325999999 0.2777700433
v -0.03447394704 -0.05699999809 0.2777700433
v -0.03607451114 -0.05699999809 0.2767371063
v -0.03770988445 -0.05699999809 0.2757602167
v -0.02069403442 -0.0325999999 0.2909978021
v -0.02082182252 -0.03199624777 0.2912895356
v -0.02094809027 -0.03180000067 0.2920127877
v -0.02077819947 -0.03180000067 0.292871977
v -0.02028656971 -0.03180000067 0.293596799
v -0.01955111956 -0.03180000067 0.2940723833
v -0.01881582858 -0.03200849295 0.2942231272
v -0.01851413727 -0.0325999999 0.2942116884
v -0.01851413727 -0.05699999809 0.2942116884
v -0.01883244516 -0.057603755 0.2942225358
v -0.01955111956 -0.0578000021 0.2940723833
v -0.02028656971 -0.0578000021 0.293596799
v -0.02077819947 -0.0578000021 0.292871977
v -0.02094809027 -0.0578000021 0.2920127877
v -0.0208162292 -0.05759150982 0.2912738763
v -0.02069403442 -0.05699999809 0.2909978021
v -0.06713240283 -0.0325999999 0.2684966298
v -0.06728004641 -0.03199911594 0.268774355
v -0.06777153774 -0.03180000067 0.2693250307
v -0.06544902595 -0.03180000067 0.2692599811
v -0.06312586107 -0.03180000067 0.2692945273
v -0.06080631079 -0.03180000067 0.2694286084
v -0.06127928458 -0.03199638128 0.2688668231
v -0.06142052802 -0.0325999999 0.2685815693
v -0.06332312719 -0.0325999999 0.2684873024
v -0.06522784363 -0.0325999999 0.2684589773
v -0.07664550649 -0.05699999809 0.2696857389
v -0.07664550649 -0.0325999999 0.2696857389
v -0.07477641863 -0.0325999999 0.269317935
v -0.07289571989 -0.0325999999 0.2690150788
v -0.07100565619 -0.0325999999 0.2687775326
v -0.07100565619 -0.05699999809 0.2687775326
v -0.07289571989 -0.05699999809 0.2690150788
v -0.07477641863 -0.05699999809 0.269317935
v -0.08612484994 -0.0578000021 0.2735057553
v -0.08585217418 -0.05760371685 0.2728240194
v -0.08580759889 -0.05699999809 0.2725087156
v -0.08403077846 -0.05699999809 0.2718219373
v -0.08223123207 -0.05699999809 0.2711971002
v -0.08041114365 -0.05699999809 0.2706349577
v -0.08020023893 -0.05758479595 0.2708385819
v -0.07954425949 -0.0578000021 0.2712208395
v -0.08176977889 -0.0578000021 0.2718881764
v -0.08396465213 -0.0578000021 0.2726502823
v -0.05833061086 -0.0578000021 0.2696823497
v -0.05775350835 -0.05760361671 0.2692281896
v -0.05755734188 -0.05699999809 0.268977519
v -0.0556751803 -0.05699999809 0.269271161
v -0.0538043151 -0.05699999809 0.2696298067
v -0.0519469922 -0.05699999809 0.2700530243
v -0.0518650387 -0.05758732319 0.2703378882
v -0.05148919203 -0.0578000021 0.2709938523
v -0.05375021938 -0.0578000021 0.270459023
v -0.05603208946 -0.0578000021 0.2700215877
v -0.04821124673 -0.0325999999 0.2711137945
v -0.048430678 -0.03201267719 0.2713130811
v -0.04909516552 -0.03180000067 0.2716736403
v -0.04689047206 -0.03180000067 0.2724068576
v -0.04471922889 -0.03180000067 0.2732338902
v -0.04258542236 -0.03180000067 0.2741532193
v -0.04283769662 -0.03199624777 0.273463729
v -0.04287289618 -0.0325999999 0.2731471877
v -0.04462850917 -0.0325999999 0.2724078796
v -0.04640866983 -0.0325999999 0.2717298093
v -0.04821124673 -0.05699999809 0.2711137945
v -0.04821124673 -0.0325999999 0.2711137945
v -0.04640866983 -0.0325999999 0.2717298093
v -0.04462850917 -0.0325999999 0.2724078796
v -0.04287289618 -0.0325999999 0.2731471877
v -0.04287289618 -0.05699999809 0.2731471877
v -0.04462850917 -0.05699999809 0.2724078796
v -0.04640866983 -0.05699999809 0.2717298093
v -0.05755734188 -0.0325999999 0.268977519
v -0.05773664736 -0.03201520205 0.2692094416
v -0.05833061086 -0.03180000067 0.2696823497
v -0.05603208946 -0.03180000067 0.2700215877
v -0.05375021938 -0.03180000067 0.270459023
v -0.05148919203 -0.03180000067 0.2709938523
v -0.05185738073 -0.03199628353 0.2703585973
v -0.0519469922 -0.0325999999 0.2700530243
v -0.0538043151 -0.0325999999 0.2696298067
v -0.0556751803 -0.0325999999 0.269271161
v -0.06713240283 -0.05699999809 0.2684966298
v -0.06713240283 -0.0325999999 0.2684966298
v -0.06522784363 -0.0325999999 0.2684589773
v -0.06332312719 -0.0325999999 0.2684873024
v -0.06142052802 -0.0325999999 0.2685815693
v -0.06142052802 -0.05699999809 0.2685815693
v -0.06332312719 -0.05699999809 0.2684873024
v -0.06522784363 -0.05699999809 0.2684589773
v -0.07713107617 -0.0578000021 0.2706125378
v -0.07674411218 -0.05760361671 0.2699883873
v -0.07664550649 -0.05699999809 0.2696857389
v -0.07477641863 -0.05699999809 0.269317935
v -0.07289571989 -0.05699999809 0.2690150788
v -0.07100565619 -0.05699999809 0.2687775326
v -0.07081948511 -0.05760088444 0.2690310469
v -0.07025368527 -0.0578000021 0.2695050443
v -0.07256127718 -0.0578000021 0.269775786
v -0.0748551459 -0.0578000021 0.270145177
v -0.06777153774 -0.0578000021 0.2693250307
v -0.0672819776 -0.05760350227 0.2687774211
v -0.06713240283 -0.05699999809 0.2684966298
v -0.06522784363 -0.05699999809 0.2684589773
v -0.06332312719 -0.05699999809 0.2684873024
v -0.06142052802 -0.05699999809 0.2685815693
v -0.06129199226 -0.05758479595 0.2688450447
v -0.06080631079 -0.0578000021 0.2694286084
v -0.06312586107 -0.0578000021 0.2692945273
v -0.06544902595 -0.0578000021 0.2692599811
v -0.05755734188 -0.05699999809 0.268977519
v -0.05755734188 -0.0325999999 0.268977519
v -0.0556751803 -0.0325999999 0.269271161
v -0.0538043151 -0.0325999999 0.2696298067
v -0.0519469922 -0.0325999999 0.2700530243
v -0.0519469922 -0.05699999809 0.2700530243
v -0.0538043151 -0.05699999809 0.2696298067
v -0.0556751803 -0.05699999809 0.269271161
f 16 1 15
f 15 1 2
f 15 2 14
f 14 2 3
f 14 3 4
f 5 12 4
f 4 12 13
f 4 13 14
f 5 6 12
f 12 6 11
f 11 6 10
f 10 6 7
f 10 7 9
f 9 7 8
f 32 17 31
f 31 17 18
f 31 18 30
f 30 18 19
f 30 19 20
f 21 28 20
f 20 28 29
f 20 29 30
f 21 22 28
f 28 22 27
f 27 22 26
f 26 22 23
f 26 23 25
f 25 23 24
f 48 33 47
f 47 33 34
f 47 34 46
f 46 34 35
f 46 35 36
f 37 44 36
f 36 44 45
f 36 45 46
f 37 38 44
f 44 38 43
f 43 38 42
f 42 38 39
f 42 39 41
f 41 39 40
f 64 49 63
f 63 49 50
f 63 50 62
f 62 50 51
f 62 51 52
f 53 60 52
f 52 60 61
f 52 61 62
f 53 54 60
f 60 54 59
f 59 54 58
f 58 54 55
f 58 55 57
f 57 55 56
f 80 65 79
f 79 65 66
f 79 66 78
f 78 66 67
f 78 67 68
f 69 76 68
f 68 76 77
f 68 77 78
f 69 70 76
f 76 70 75
f 75 70 74
f 74 70 71
f 74 71 73
f 73 71 72
f 96 81 95
f 95 81 82
f 95 82 94
f 94 82 83
f 94 83 84
f 85 92 84
f 84 92 93
f 84 93 94
f 85 86 92
f 92 86 91
f 91 86 90
f 90 86 87
f 90 87 89
f 89 87 88
f 97 98 106
f 106 98 103
f 106 103 105
f 105 103 104
f 99 100 98
f 98 100 103
f 100 101 103
f 103 101 102
f 122 107 121
f 121 107 108
f 121 108 120
f 120 108 109
f 120 109 110
f 111 118 110
f 110 118 119
f 110 119 120
f 111 112 118
f 118 112 117
f 117 112 116
f 116 112 113
f 116 113 115
f 115 113 114
f 123 124 132
f 132 124 131
f 131 124 129
f 131 129 130
f 125 126 124
f 124 126 127
f 124 127 129
f 129 127 128
f 133 134 348
f 348 134 365
f 348 365 347
f 347 365 345
f 347 345 346
f 134 135 365
f 365 135 137
f 365 137 364
f 364 137 138
f 364 138 140
f 140 138 139
f 135 136 137
f 140 141 364
f 364 141 143
f 364 143 144
f 141 142 143
f 145 146 144
f 144 146 363
f 144 363 364
f 146 147 363
f 363 147 149
f 363 149 150
f 147 148 149
f 151 152 150
f 150 152 363
f 363 152 362
f 362 152 153
f 362 153 155
f 155 153 154
f 155 156 362
f 362 156 158
f 362 158 361
f 361 158 159
f 361 159 161
f 161 159 160
f 156 157 158
f 161 162 361
f 361 162 164
f 361 164 165
f 162 163 164
f 166 167 165
f 165 167 360
f 165 360 361
f 167 168 360
f 360 168 170
f 360 170 171
f 168 169 170
f 172 173 171
f 171 173 360
f 360 173 359
f 359 173 174
f 359 174 176
f 176 174 175
f 176 177 359
f 359 177 179
f 359 179 180
f 177 178 179
f 181 182 180
f 180 182 358
f 180 358 359
f 182 183 358
f 358 183 185
f 358 185 186
f 183 184 185
f 187 188 186
f 186 188 358
f 358 188 357
f 357 188 189
f 357 189 191
f 191 189 190
f 191 192 357
f 357 192 194
f 357 194 195
f 192 193 194
f 196 197 195
f 195 197 356
f 195 356 357
f 197 198 356
f 356 198 200
f 356 200 201
f 198 199 200
f 202 203 201
f 201 203 355
f 201 355 356
f 203 204 355
f 355 204 206
f 355 206 207
f 204 205 206
f 208 209 207
f 207 209 355
f 355 209 354
f 354 209 210
f 354 210 212
f 212 210 211
f 212 213 354
f 354 213 215
f 354 215 216
f 213 214 215
f 217 218 216
f 216 218 353
f 216 353 354
f 218 219 353
f 353 219 221
f 353 221 222
f 219 220 221
f 223 224 222
f 222 224 353
f 353 224 352
f 352 224 225
f 352 225 227
f 227 225 226
f 227 228 352
f 352 228 230
f 352 230 231
f 228 229 230
f 232 233 231
f 231 233 351
f 231 351 352
f 233 234 351
f 351 234 236
f 351 236 237
f 234 235 236
f 238 239 237
f 237 239 350
f 237 350 351
f 239 240 350
f 350 240 242
f 350 242 243
f 240 241 242
f 244 245 243
f 243 245 350
f 350 245 349
f 349 245 246
f 349 246 248
f 248 246 247
f 248 249 349
f 349 249 251
f 349 251 252
f 249 250 251
f 253 254 252
f 252 254 378
f 252 378 349
f 254 255 378
f 378 255 257
f 378 257 258
f 255 256 257
f 259 260 258
f 258 260 378
f 378 260 377
f 377 260 261
f 377 261 263
f 263 261 262
f 263 264 377
f 377 264 266
f 377 266 376
f 376 266 267
f 376 267 269
f 269 267 268
f 264 265 266
f 269 270 376
f 376 270 272
f 376 272 273
f 270 271 272
f 274 275 273
f 273 275 375
f 273 375 376
f 275 276 375
f 375 276 278
f 375 278 279
f 276 277 278
f 280 281 279
f 279 281 375
f 375 281 374
f 374 281 282
f 374 282 284
f 284 282 283
f 284 285 374
f 374 285 287
f 374 287 288
f 285 286 287
f 289 290 288
f 288 290 373
f 288 373 374
f 290 291 373
f 373 291 293
f 373 293 294
f 291 292 293
f 295 296 294
f 294 296 373
f 373 296 372
f 372 296 297
f 372 297 299
f 299 297 298
f 299 300 372
f 372 300 302
f 372 302 303
f 300 301 302
f 304 305 303
f 303 305 371
f 303 371 372
f 305 306 371
f 371 306 308
f 371 308 309
f 306 307 308
f 310 311 309
f 309 311 370
f 309 370 371
f 311 312 370
f 370 312 314
f 370 314 315
f 312 313 314
f 316 317 315
f 315 317 370
f 370 317 369
f 369 317 318
f 369 318 320
f 320 318 319
f 320 321 369
f 369 321 323
f 369 323 324
f 321 322 323
f 325 326 324
f 324 326 368
f 324 368 369
f 326 327 368
f 368 327 329
f 368 329 330
f 327 328 329
f 331 332 330
f 330 332 368
f 368 332 367
f 367 332 333
f 367 333 335
f 335 333 334
f 335 336 367
f 367 336 338
f 367 338 339
f 336 337 338
f 340 341 339
f 339 341 366
f 339 366 367
f 341 342 366
f 366 342 344
f 366 344 345
f 342 343 344
f 365 366 345
f 379 380 386
f 386 380 381
f 386 381 385
f 385 381 382
f 385 382 384
f 384 382 383
f 388 410 387
f 387 410 412
f 411 399 398
f 398 399 400
f 398 400 397
f 397 400 401
f 397 401 396
f 396 401 402
f 396 402 395
f 395 402 403
f 395 403 394
f 394 403 404
f 394 404 393
f 393 404 405
f 393 405 392
f 392 405 406
f 392 406 391
f 391 406 407
f 391 407 390
f 390 407 408
f 390 408 389
f 389 408 409
f 389 409 388
f 388 409 410
f 428 413 427
f 427 413 414
f 427 414 426
f 426 414 415
f 426 415 416
f 417 424 416
f 416 424 425
f 416 425 426
f 417 418 424
f 424 418 423
f 423 418 422
f 422 418 419
f 422 419 421
f 421 419 420
f 429 430 438
f 438 430 437
f 437 430 435
f 437 435 436
f 431 432 430
f 430 432 433
f 430 433 435
f 435 433 434
f 439 440 446
f 446 440 441
f 446 441 445
f 445 441 442
f 445 442 444
f 444 442 443
f 447 448 456
f 456 448 453
f 456 453 455
f 455 453 454
f 449 450 448
f 448 450 453
f 450 451 453
f 453 451 452
f 457 458 672
f 672 458 745
f 672 745 671
f 671 745 669
f 671 669 670
f 458 459 745
f 745 459 684
f 745 684 744
f 744 684 673
f 744 673 757
f 757 673 674
f 757 674 756
f 756 674 675
f 756 675 755
f 755 675 676
f 755 676 726
f 726 676 677
f 726 677 725
f 725 677 500
f 725 500 501
f 460 461 459
f 459 461 684
f 461 462 684
f 684 462 683
f 683 462 464
f 683 464 465
f 462 463 464
f 466 467 465
f 465 467 683
f 467 468 683
f 683 468 470
f 683 470 682
f 682 470 471
f 682 471 473
f 473 471 472
f 468 469 470
f 473 474 682
f 682 474 476
f 682 476 681
f 681 476 477
f 681 477 479
f 479 477 478
f 474 475 476
f 681 479 680
f 680 479 480
f 680 480 482
f 482 480 481
f 482 483 680
f 680 483 679
f 679 483 485
f 679 485 486
f 483 484 485
f 487 488 486
f 486 488 679
f 488 489 679
f 679 489 678
f 678 489 491
f 678 491 492
f 489 490 491
f 493 494 492
f 492 494 678
f 494 495 678
f 678 495 497
f 678 497 677
f 677 497 498
f 677 498 500
f 500 498 499
f 495 496 497
f 502 503 501
f 501 503 725
f 503 504 725
f 725 504 506
f 725 506 507
f 504 505 506
f 508 509 507
f 507 509 724
f 507 724 725
f 509 510 724
f 724 510 512
f 724 512 513
f 510 511 512
f 514 515 513
f 513 515 696
f 513 696 724
f 724 696 723
f 723 696 685
f 723 685 722
f 722 685 753
f 722 753 721
f 721 753 754
f 721 754 727
f 727 754 755
f 727 755 726
f 515 516 696
f 696 516 695
f 695 516 518
f 695 518 519
f 516 517 518
f 520 521 519
f 519 521 695
f 521 522 695
f 695 522 524
f 695 524 694
f 694 524 525
f 694 525 527
f 527 525 526
f 522 523 524
f 527 528 694
f 694 528 530
f 694 530 693
f 693 530 531
f 693 531 533
f 533 531 532
f 528 529 530
f 533 534 693
f 693 534 692
f 692 534 536
f 692 536 537
f 534 535 536
f 538 539 537
f 537 539 691
f 537 691 692
f 539 540 691
f 691 540 542
f 691 542 543
f 540 541 542
f 544 545 543
f 543 545 690
f 543 690 691
f 545 546 690
f 690 546 548
f 690 548 549
f 546 547 548
f 550 551 549
f 549 551 690
f 690 551 689
f 689 551 552
f 689 552 554
f 554 552 553
f 689 554 732
f 732 554 555
f 732 555 557
f 557 555 556
f 557 558 732
f 732 558 560
f 732 560 561
f 558 559 560
f 562 563 561
f 561 563 731
f 561 731 732
f 563 564 731
f 731 564 566
f 731 566 567
f 564 565 566
f 568 569 567
f 567 569 708
f 567 708 731
f 731 708 730
f 730 708 697
f 730 697 767
f 767 697 698
f 767 698 766
f 766 698 699
f 766 699 765
f 765 699 700
f 765 700 764
f 764 700 741
f 764 741 735
f 569 570 708
f 708 570 707
f 707 570 572
f 707 572 573
f 570 571 572
f 574 575 573
f 573 575 707
f 575 576 707
f 707 576 578
f 707 578 706
f 706 578 579
f 706 579 581
f 581 579 580
f 576 577 578
f 581 582 706
f 706 582 584
f 706 584 705
f 705 584 585
f 705 585 587
f 587 585 586
f 582 583 584
f 705 587 704
f 704 587 588
f 704 588 590
f 590 588 589
f 590 591 704
f 704 591 703
f 703 591 593
f 703 593 594
f 591 592 593
f 595 596 594
f 594 596 703
f 596 597 703
f 703 597 702
f 702 597 599
f 702 599 600
f 597 598 599
f 601 602 600
f 600 602 702
f 602 603 702
f 702 603 605
f 702 605 701
f 701 605 606
f 701 606 608
f 608 606 607
f 603 604 605
f 701 608 739
f 739 608 609
f 739 609 611
f 611 609 610
f 611 612 739
f 739 612 614
f 739 614 615
f 612 613 614
f 616 617 615
f 615 617 738
f 615 738 739
f 617 618 738
f 738 618 620
f 738 620 621
f 618 619 620
f 622 623 621
f 621 623 720
f 621 720 738
f 738 720 737
f 737 720 709
f 737 709 762
f 762 709 710
f 762 710 761
f 761 710 711
f 761 711 760
f 760 711 712
f 760 712 747
f 747 712 713
f 747 713 746
f 746 713 662
f 746 662 663
f 623 624 720
f 720 624 719
f 719 624 626
f 719 626 627
f 624 625 626
f 628 629 627
f 627 629 719
f 629 630 719
f 719 630 632
f 719 632 718
f 718 632 633
f 718 633 635
f 635 633 634
f 630 631 632
f 635 636 718
f 718 636 638
f 718 638 717
f 717 638 639
f 717 639 641
f 641 639 640
f 636 637 638
f 641 642 717
f 717 642 716
f 716 642 644
f 716 644 645
f 642 643 644
f 646 647 645
f 645 647 715
f 645 715 716
f 647 648 715
f 715 648 650
f 715 650 651
f 648 649 650
f 652 653 651
f 651 653 714
f 651 714 715
f 653 654 714
f 714 654 656
f 714 656 657
f 654 655 656
f 658 659 657
f 657 659 714
f 714 659 713
f 713 659 660
f 713 660 662
f 662 660 661
f 664 665 663
f 663 665 746
f 665 666 746
f 746 666 668
f 746 668 745
f 745 668 669
f 666 667 668
f 753 685 752
f 752 685 686
f 752 686 751
f 751 686 687
f 751 687 750
f 750 687 688
f 750 688 733
f 733 688 689
f 733 689 732
f 741 700 740
f 740 700 701
f 740 701 739
f 734 728 749
f 749 728 729
f 749 729 767
f 767 729 730
f 733 734 750
f 750 734 749
f 764 735 763
f 763 735 736
f 763 736 762
f 762 736 737
f 743 758 742
f 742 758 759
f 742 759 748
f 748 759 760
f 748 760 747
f 758 743 757
f 757 743 744
f 768 769 777
f 777 769 776
f 776 769 774
f 776 774 775
f 770 771 769
f 769 771 772
f 769 772 774
f 774 772 773
f 793 778 792
f 792 778 779
f 792 779 791
f 791 779 780
f 791 780 781
f 782 789 781
f 781 789 790
f 781 790 791
f 782 783 789
f 789 783 788
f 788 783 787
f 787 783 784
f 787 784 786
f 786 784 785
f 795 817 794
f 794 817 819
f 818 806 805
f 805 806 807
f 805 807 804
f 804 807 808
f 804 808 803
f 803 808 809
f 803 809 802
f 802 809 810
f 802 810 801
f 801 810 811
f 801 811 800
f 800 811 812
f 800 812 799
f 799 812 813
f 799 813 798
f 798 813 814
f 798 814 797
f 797 814 815
f 797 815 796
f 796 815 816
f 796 816 795
f 795 816 817
f 835 820 834
f 834 820 821
f 834 821 833
f 833 821 822
f 833 822 823
f 824 831 823
f 823 831 832
f 823 832 833
f 824 825 831
f 831 825 830
f 830 825 829
f 829 825 826
f 829 826 828
f 828 826 827
f 836 837 845
f 845 837 844
f 844 837 842
f 844 842 843
f 838 839 837
f 837 839 840
f 837 840 842
f 842 840 841
f 846 847 853
f 853 847 848
f 853 848 852
f 852 848 849
f 852 849 851
f 851 849 850
f 854 855 863
f 863 855 860
f 863 860 862
f 862 860 861
f 856 857 855
f 855 857 860
f 857 858 860
f 860 858 859
f 864 865 873
f 873 865 870
f 873 870 872
f 872 870 871
f 866 867 865
f 865 867 870
f 867 868 870
f 870 868 869
f 874 875 883
f 883 875 882
f 882 875 880
f 882 880 881
f 876 877 875
f 875 877 878
f 875 878 880
f 880 878 879
f 884 885 891
f 891 885 886
f 891 886 890
f 890 886 887
f 890 887 889
f 889 887 888
f 893 915 892
f 892 915 917
f 916 904 903
f 903 904 905
f 903 905 902
f 902 905 906
f 902 906 901
f 901 906 907
f 901 907 900
f 900 907 908
f 900 908 899
f 899 908 909
f 899 909 898
f 898 909 910
f 898 910 897
f 897 910 911
f 897 911 896
f 896 911 912
f 896 912 895
f 895 912 913
f 895 913 894
f 894 913 914
f 894 914 893
f 893 914 915
f 933 918 932
f 932 918 919
f 932 919 931
f 931 919 920
f 931 920 921
f 922 929 921
f 921 929 930
f 921 930 931
f 922 923 929
f 929 923 928
f 928 923 927
f 927 923 924
f 927 924 926
f 926 924 925
f 934 935 943
f 943 935 942
f 942 935 940
f 942 940 941
f 936 937 935
f 935 937 938
f 935 938 940
f 940 938 939
f 944 945 951
f 951 945 946
f 951 946 950
f 950 946 947
f 950 947 949
f 949 947 948
f 952 953 961
f 961 953 958
f 961 958 960
f 960 958 959
f 954 955 953
f 953 955 958
f 955 956 958
f 958 956 957
f 962 963 971
f 971 963 968
f 971 968 970
f 970 968 969
f 964 965 963
f 963 965 968
f 965 966 968
f 968 966 967
f 972 973 981
f 981 973 980
f 980 973 978
f 980 978 979
f 974 975 973
f 973 975 976
f 973 976 978
f 978 976 977
f 982 983 989
f 989 983 984
f 989 984 988
f 988 984 985
f 988 985 987
f 987 985 986
f 991 1013 990
f 990 1013 1015
f 1014 1002 1001
f 1001 1002 1003
f 1001 1003 1000
f 1000 1003 1004
f 1000 1004 999
f 999 1004 1005
f 999 1005 998
f 998 1005 1006
f 998 1006 997
f 997 1006 1007
f 997 1007 996
f 996 1007 1008
f 996 1008 995
f 995 1008 1009
f 995 1009 994
f 994 1009 1010
f 994 1010 993
f 993 1010 1011
f 993 1011 992
f 992 1011 1012
f 992 1012 991
f 991 1012 1013
f 1031 1016 1030
f 1030 1016 1017
f 1030 1017 1029
f 1029 1017 1018
f 1029 1018 1019
f 1020 1027 1019
f 1019 1027 1028
f 1019 1028 1029
f 1020 1021 1027
f 1027 1021 1026
f 1026 1021 1025
f 1025 1021 1022
f 1025 1022 1024
f 1024 1022 1023
f 1032 1033 1041
f 1041 1033 1040
f 1040 1033 1038
f 1040 1038 1039
f 1034 1035 1033
f 1033 1035 1036
f 1033 1036 1038
f 1038 1036 1037
f 1042 1043 1049
f 1049 1043 1044
f 1049 1044 1048
f 1048 1044 1045
f 1048 1045 1047
f 1047 1045 1046
f 1050 1051 1059
f 1059 1051 1056
f 1059 1056 1058
f 1058 1056 1057
f 1052 1053 1051
f 1051 1053 1056
f 1053 1054 1056
f 1056 1054 1055
f 1060 1061 1069
f 1069 1061 1066
f 1069 1066 1068
f 1068 1066 1067
f 1062 1063 1061
f 1061 1063 1066
f 1063 1064 1066
f 1066 1064 1065
f 1071 1129 1070
f 1070 1129 1131
f 1130 1100 1099
f 1099 1100 1101
f 1099 1101 1098
f 1098 1101 1102
f 1098 1102 1097
f 1097 1102 1103
f 1097 1103 1096
f 1096 1103 1104
f 1096 1104 1095
f 1095 1104 1105
f 1095 1105 1094
f 1094 1105 1106
f 1094 1106 1093
f 1093 1106 1107
f 1093 1107 1092
f 1092 1107 1108
f 1092 1108 1091
f 1091 1108 1109
f 1091 1109 1090
f 1090 1109 1110
f 1090 1110 1089
f 1089 1110 1111
f 1089 1111 1088
f 1088 1111 1112
f 1088 1112 1087
f 1087 1112 1113
f 1087 1113 1086
f 1086 1113 1114
f 1086 1114 1085
f 1085 1114 1115
f 1085 1115 1084
f 1084 1115 1116
f 1084 1116 1083
f 1083 1116 1117
f 1083 1117 1082
f 1082 1117 1118
f 1082 1118 1081
f 1081 1118 1119
f 1081 1119 1080
f 1080 1119 1120
f 1080 1120 1079
f 1079 1120 1121
f 1079 1121 1078
f 1078 1121 1122
f 1078 1122 1077
f 1077 1122 1123
f 1077 1123 1076
f 1076 1123 1124
f 1076 1124 1075
f 1075 1124 1125
f 1075 1125 1074
f 1074 1125 1126
f 1074 1126 1073
f 1073 1126 1127
f 1073 1127 1072
f 1072 1127 1128
f 1072 1128 1071
f 1071 1128 1129
f 1132 1133 1141
f 1141 1133 1140
f 1140 1133 1138
f 1140 1138 1139
f 1134 1135 1133
f 1133 1135 1136
f 1133 1136 1138
f 1138 1136 1137
f 1142 1143 1149
f 1149 1143 1144
f 1149 1144 1148
f 1148 1144 1145
f 1148 1145 1147
f 1147 1145 1146
f 1151 1163 1150
f 1150 1163 1165
f 1164 1157 1156
f 1156 1157 1158
f 1156 1158 1155
f 1155 1158 1159
f 1155 1159 1154
f 1154 1159 1160
f 1154 1160 1153
f 1153 1160 1161
f 1153 1161 1152
f 1152 1161 1162
f 1152 1162 1151
f 1151 1162 1163
f 1181 1166 1180
f 1180 1166 1167
f 1180 1167 1179
f 1179 1167 1168
f 1179 1168 1169
f 1170 1177 1169
f 1169 1177 1178
f 1169 1178 1179
f 1170 1171 1177
f 1177 1171 1176
f 1176 1171 1175
f 1175 1171 1172
f 1175 1172 1174
f 1174 1172 1173
f 1182 1183 1191
f 1191 1183 1190
f 1190 1183 1188
f 1190 1188 1189
f 1184 1185 1183
f 1183 1185 1186
f 1183 1186 1188
f 1188 1186 1187
f 1192 1193 1199
f 1199 1193 1194
f 1199 1194 1198
f 1198 1194 1195
f 1198 1195 1197
f 1197 1195 1196
f 1200 1201 1209
f 1209 1201 1206
f 1209 1206 1208
f 1208 1206 1207
f 1202 1203 1201
f 1201 1203 1206
f 1203 1204 1206
f 1206 1204 1205
f 1210 1211 1219
f 1219 1211 1216
f 1219 1216 1218
f 1218 1216 1217
f 1212 1213 1211
f 1211 1213 1216
f 1213 1214 1216
f 1216 1214 1215
f 1235 1220 1234
f 1234 1220 1221
f 1234 1221 1233
f 1233 1221 1222
f 1233 1222 1223
f 1224 1231 1223
f 1223 1231 1232
f 1223 1232 1233
f 1224 1225 1231
f 1231 1225 1230
f 1230 1225 1229
f 1229 1225 1226
f 1229 1226 1228
f 1228 1226 1227
f 1237 1273 1236
f 1236 1273 1274
f 1275 1255 1254
f 1254 1255 1256
f 1254 1256 1253
f 1253 1256 1257
f 1253 1257 1252
f 1252 1257 1258
f 1252 1258 1251
f 1251 1258 1259
f 1251 1259 1250
f 1250 1259 1260
f 1250 1260 1249
f 1249 1260 1261
f 1249 1261 1248
f 1248 1261 1262
f 1248 1262 1247
f 1247 1262 1263
f 1247 1263 1246
f 1246 1263 1264
f 1246 1264 1245
f 1245 1264 1265
f 1245 1265 1244
f 1244 1265 1266
f 1244 1266 1243
f 1243 1266 1267
f 1243 1267 1242
f 1242 1267 1268
f 1242 1268 1241
f 1241 1268 1269
f 1241 1269 1240
f 1240 1269 1270
f 1240 1270 1239
f 1239 1270 1271
f 1239 1271 1238
f 1238 1271 1272
f 1238 1272 1237
f 1237 1272 1273
f 1276 1277 1285
f 1285 1277 1284
f 1284 1277 1282
f 1284 1282 1283
f 1278 1279 1277
f 1277 1279 1280
f 1277 1280 1282
f 1282 1280 1281
f 1286 1287 1293
f 1293 1287 1288
f 1293 1288 1292
f 1292 1288 1289
f 1292 1289 1291
f 1291 1289 1290
f 1295 1307 1294
f 1294 1307 1309
f 1308 1301 1300
f 1300 1301 1302
f 1300 1302 1299
f 1299 1302 1303
f 1299 1303 1298
f 1298 1303 1304
f 1298 1304 1297
f 1297 1304 1305
f 1297 1305 1296
f 1296 1305 1306
f 1296 1306 1295
f 1295 1306 1307
f 1325 1310 1324
f 1324 1310 1311
f 1324 1311 1323
f 1323 1311 1312
f 1323 1312 1313
f 1314 1321 1313
f 1313 1321 1322
f 1313 1322 1323
f 1314 1315 1321
f 1321 1315 1320
f 1320 1315 1319
f 1319 1315 1316
f 1319 1316 1318
f 1318 1316 1317
f 1326 1327 1335
f 1335 1327 1334
f 1334 1327 1332
f 1334 1332 1333
f 1328 1329 1327
f 1327 1329 1330
f 1327 1330 1332
f 1332 1330 1331
f 1336 1337 1343
f 1343 1337 1338
f 1343 1338 1342
f 1342 1338 1339
f 1342 1339 1341
f 1341 1339 1340
f 1344 1345 1353
f 1353 1345 1350
f 1353 1350 1352
f 1352 1350 1351
f 1346 1347 1345
f 1345 1347 1350
f 1347 1348 1350
f 1350 1348 1349
f 1354 1355 1363
f 1363 1355 1360
f 1363 1360 1362
f 1362 1360 1361
f 1356 1357 1355
f 1355 1357 1360
f 1357 1358 1360
f 1360 1358 1359
f 1365 1431 1364
f 1364 1431 1432
f 1364 1432 1393
f 1393 1432 1433
f 1393 1433 1392
f 1392 1433 1455
f 1392 1455 1456
f 1431 1365 1430
f 1430 1365 1366
f 1430 1366 1474
f 1474 1366 1473
f 1473 1366 1367
f 1473 1367 1472
f 1472 1367 1471
f 1471 1367 1368
f 1471 1368 1470
f 1470 1368 1469
f 1469 1368 1369
f 1469 1369 1468
f 1468 1369 1370
f 1468 1370 1467
f 1467 1370 1439
f 1467 1439 1440
f 1370 1371 1439
f 1439 1371 1372
f 1439 1372 1438
f 1438 1372 1373
f 1438 1373 1486
f 1486 1373 1485
f 1485 1373 1374
f 1485 1374 1484
f 1484 1374 1375
f 1484 1375 1483
f 1483 1375 1482
f 1482 1375 1376
f 1482 1376 1481
f 1481 1376 1480
f 1480 1376 1377
f 1480 1377 1479
f 1479 1377 1419
f 1479 1419 1478
f 1478 1419 1405
f 1478 1405 1406
f 1377 1378 1419
f 1419 1378 1418
f 1418 1378 1379
f 1418 1379 1417
f 1417 1379 1380
f 1417 1380 1416
f 1416 1380 1381
f 1416 1381 1450
f 1450 1381 1449
f 1449 1381 1382
f 1449 1382 1448
f 1448 1382 1447
f 1447 1382 1383
f 1447 1383 1446
f 1446 1383 1445
f 1445 1383 1384
f 1445 1384 1444
f 1444 1384 1385
f 1444 1385 1443
f 1443 1385 1425
f 1443 1425 1426
f 1385 1386 1425
f 1425 1386 1387
f 1425 1387 1424
f 1424 1387 1388
f 1424 1388 1462
f 1462 1388 1461
f 1461 1388 1389
f 1461 1389 1460
f 1460 1389 1390
f 1460 1390 1459
f 1459 1390 1458
f 1458 1390 1391
f 1458 1391 1457
f 1457 1391 1456
f 1456 1391 1392
f 1395 1434 1394
f 1394 1434 1428
f 1394 1428 1429
f 1396 1454 1395
f 1395 1454 1433
f 1395 1433 1434
f 1454 1396 1465
f 1465 1396 1397
f 1465 1397 1464
f 1464 1397 1463
f 1463 1397 1398
f 1463 1398 1423
f 1423 1398 1422
f 1422 1398 1399
f 1422 1399 1421
f 1421 1399 1427
f 1427 1399 1400
f 1427 1400 1426
f 1426 1400 1442
f 1426 1442 1443
f 1400 1401 1442
f 1442 1401 1453
f 1453 1401 1452
f 1452 1401 1402
f 1452 1402 1451
f 1451 1402 1403
f 1451 1403 1416
f 1416 1403 1415
f 1415 1403 1404
f 1415 1404 1414
f 1414 1404 1420
f 1420 1404 1405
f 1420 1405 1419
f 1478 1406 1489
f 1489 1406 1407
f 1489 1407 1488
f 1488 1407 1487
f 1487 1407 1408
f 1487 1408 1437
f 1437 1408 1436
f 1436 1408 1409
f 1436 1409 1435
f 1435 1409 1441
f 1441 1409 1410
f 1441 1410 1440
f 1440 1410 1466
f 1440 1466 1467
f 1410 1411 1466
f 1466 1411 1477
f 1477 1411 1476
f 1476 1411 1412
f 1476 1412 1475
f 1475 1412 1413
f 1475 1413 1430
f 1430 1413 1429
f 1429 1413 1394
f 1463 1423 1462
f 1462 1423 1424
f 1487 1437 1486
f 1486 1437 1438
f 1450 1451 1416
f 1454 1455 1433
f 1474 1475 1430
f 1490 1491 1499
f 1499 1491 1498
f 1498 1491 1496
f 1498 1496 1497
f 1492 1493 1491
f 1491 1493 1494
f 1491 1494 1496
f 1496 1494 1495
f 1500 1501 1507
f 1507 1501 1502
f 1507 1502 1506
f 1506 1502 1503
f 1506 1503 1505
f 1505 1503 1504
f 1509 1521 1508
f 1508 1521 1523
f 1522 1515 1514
f 1514 1515 1516
f 1514 1516 1513
f 1513 1516 1517
f 1513 1517 1512
f 1512 1517 1518
f 1512 1518 1511
f 1511 1518 1519
f 1511 1519 1510
f 1510 1519 1520
f 1510 1520 1509
f 1509 1520 1521
f 1539 1524 1538
f 1538 1524 1525
f 1538 1525 1537
f 1537 1525 1526
f 1537 1526 1527
f 1528 1535 1527
f 1527 1535 1536
f 1527 1536 1537
f 1528 1529 1535
f 1535 1529 1534
f 1534 1529 1533
f 1533 1529 1530
f 1533 1530 1532
f 1532 1530 1531
f 1540 1541 1549
f 1549 1541 1548
f 1548 1541 1546
f 1548 1546 1547
f 1542 1543 1541
f 1541 1543 1544
f 1541 1544 1546
f 1546 1544 1545
f 1550 1551 1557
f 1557 1551 1552
f 1557 1552 1556
f 1556 1552 1553
f 1556 1553 1555
f 1555 1553 1554
f 1558 1559 1567
f 1567 1559 1564
f 1567 1564 1566
f 1566 1564 1565
f 1560 1561 1559
f 1559 1561 1564
f 1561 1562 1564
f 1564 1562 1563
f 1568 1569 1577
f 1577 1569 1574
f 1577 1574 1576
f 1576 1574 1575
f 1570 1571 1569
f 1569 1571 1574
f 1571 1572 1574
f 1574 1572 1573
f 1593 1578 1592
f 1592 1578 1579
f 1592 1579 1591
f 1591 1579 1580
f 1591 1580 1581
f 1582 1589 1581
f 1581 1589 1590
f 1581 1590 1591
f 1582 1583 1589
f 1589 1583 1588
f 1588 1583 1587
f 1587 1583 1584
f 1587 1584 1586
f 1586 1584 1585
f 1594 1595 1603
f 1603 1595 1602
f 1602 1595 1600
f 1602 1600 1601
f 1596 1597 1595
f 1595 1597 1598
f 1595 1598 1600
f 1600 1598 1599
f 1604 1605 1611
f 1611 1605 1606
f 1611 1606 1610
f 1610 1606 1607
f 1610 1607 1609
f 1609 1607 1608
f 1613 1625 1612
f 1612 1625 1627
f 1626 1619 1618
f 1618 1619 1620
f 1618 1620 1617
f 1617 1620 1621
f 1617 1621 1616
f 1616 1621 1622
f 1616 1622 1615
f 1615 1622 1623
f 1615 1623 1614
f 1614 1623 1624
f 1614 1624 1613
f 1613 1624 1625
f 1643 1628 1642
f 1642 1628 1629
f 1642 1629 1641
f 1641 1629 1630
f 1641 1630 1631
f 1632 1639 1631
f 1631 1639 1640
f 1631 1640 1641
f 1632 1633 1639
f 1639 1633 1638
f 1638 1633 1637
f 1637 1633 1634
f 1637 1634 1636
f 1636 1634 1635
f 1644 1645 1653
f 1653 1645 1652
f 1652 1645 1650
f 1652 1650 1651
f 1646 1647 1645
f 1645 1647 1648
f 1645 1648 1650
f 1650 1648 1649
f 1654 1655 1661
f 1661 1655 1656
f 1661 1656 1660
f 1660 1656 1657
f 1660 1657 1659
f 1659 1657 1658
f 1662 1663 1671
f 1671 1663 1668
f 1671 1668 1670
f 1670 1668 1669
f 1664 1665 1663
f 1663 1665 1668
f 1665 1666 1668
f 1668 1666 1667
f 1672 1673 1681
f 1681 1673 1678
f 1681 1678 1680
f 1680 1678 1679
f 1674 1675 1673
f 1673 1675 1678
f 1675 1676 1678
f 1678 1676 1677
f 1697 1682 1696
f 1696 1682 1683
f 1696 1683 1695
f 1695 1683 1684
f 1695 1684 1685
f 1686 1693 1685
f 1685 1693 1694
f 1685 1694 1695
f 1686 1687 1693
f 1693 1687 1692
f 1692 1687 1691
f 1691 1687 1688
f 1691 1688 1690
f 1690 1688 1689
f 1698 1699 1707
f 1707 1699 1706
f 1706 1699 1704
f 1706 1704 1705
f 1700 1701 1699
f 1699 1701 1702
f 1699 1702 1704
f 1704 1702 1703
f 1708 1709 1715
f 1715 1709 1710
f 1715 1710 1714
f 1714 1710 1711
f 1714 1711 1713
f 1713 1711 1712
f 1717 1755 1716
f 1716 1755 1756
f 1757 1736 1735
f 1735 1736 1737
f 1735 1737 1738
f 1717 1718 1755
f 1755 1718 1754
f 1754 1718 1719
f 1754 1719 1753
f 1753 1719 1720
f 1753 1720 1752
f 1752 1720 1721
f 1752 1721 1751
f 1751 1721 1722
f 1751 1722 1750
f 1750 1722 1723
f 1750 1723 1749
f 1749 1723 1724
f 1749 1724 1748
f 1748 1724 1725
f 1748 1725 1747
f 1747 1725 1726
f 1747 1726 1746
f 1746 1726 1727
f 1746 1727 1745
f 1745 1727 1728
f 1745 1728 1744
f 1744 1728 1729
f 1744 1729 1743
f 1743 1729 1730
f 1743 1730 1742
f 1742 1730 1731
f 1742 1731 1741
f 1741 1731 1732
f 1741 1732 1740
f 1740 1732 1733
f 1740 1733 1739
f 1739 1733 1734
f 1739 1734 1738
f 1738 1734 1735
f 1773 1758 1772
f 1772 1758 1759
f 1772 1759 1771
f 1771 1759 1760
f 1771 1760 1761
f 1762 1769 1761
f 1761 1769 1770
f 1761 1770 1771
f 1762 1763 1769
f 1769 1763 1768
f 1768 1763 1767
f 1767 1763 1764
f 1767 1764 1766
f 1766 1764 1765
f 1774 1775 1783
f 1783 1775 1782
f 1782 1775 1780
f 1782 1780 1781
f 1776 1777 1775
f 1775 1777 1778
f 1775 1778 1780
f 1780 1778 1779
f 1784 1785 1791
f 1791 1785 1786
f 1791 1786 1790
f 1790 1786 1787
f 1790 1787 1789
f 1789 1787 1788
f 1792 1793 1801
f 1801 1793 1798
f 1801 1798 1800
f 1800 1798 1799
f 1794 1795 1793
f 1793 1795 1798
f 1795 1796 1798
f 1798 1796 1797
f 1802 1803 1811
f 1811 1803 1808
f 1811 1808 1810
f 1810 1808 1809
f 1804 1805 1803
f 1803 1805 1808
f 1805 1806 1808
f 1808 1806 1807
f 1827 1812 1826
f 1826 1812 1813
f 1826 1813 1825
f 1825 1813 1814
f 1825 1814 1815
f 1816 1823 1815
f 1815 1823 1824
f 1815 1824 1825
f 1816 1817 1823
f 1823 1817 1822
f 1822 1817 1821
f 1821 1817 1818
f 1821 1818 1820
f 1820 1818 1819
f 1828 1829 1837
f 1837 1829 1836
f 1836 1829 1834
f 1836 1834 1835
f 1830 1831 1829
f 1829 1831 1832
f 1829 1832 1834
f 1834 1832 1833
f 1838 1839 1845
f 1845 1839 1840
f 1845 1840 1844
f 1844 1840 1841
f 1844 1841 1843
f 1843 1841 1842
f 1847 1884 1846
f 1846 1884 1865
f 1846 1865 1866
f 1884 1847 1883
f 1883 1847 1848
f 1883 1848 1882
f 1882 1848 1849
f 1882 1849 1881
f 1881 1849 1850
f 1881 1850 1880
f 1880 1850 1851
f 1880 1851 1879
f 1879 1851 1852
f 1879 1852 1878
f 1878 1852 1853
f 1878 1853 1877
f 1877 1853 1854
f 1877 1854 1876
f 1876 1854 1855
f 1876 1855 1875
f 1875 1855 1856
f 1875 1856 1874
f 1874 1856 1857
f 1874 1857 1873
f 1873 1857 1858
f 1873 1858 1872
f 1872 1858 1859
f 1872 1859 1871
f 1871 1859 1860
f 1871 1860 1870
f 1870 1860 1861
f 1870 1861 1869
f 1869 1861 1862
f 1869 1862 1868
f 1868 1862 1863
f 1868 1863 1867
f 1867 1863 1864
f 1867 1864 1866
f 1866 1864 1846
f 1900 1885 1899
f 1899 1885 1886
f 1899 1886 1898
f 1898 1886 1887
f 1898 1887 1888
f 1889 1896 1888
f 1888 1896 1897
f 1888 1897 1898
f 1889 1890 1896
f 1896 1890 1895
f 1895 1890 1894
f 1894 1890 1891
f 1894 1891 1893
f 1893 1891 1892
f 1901 1902 1910
f 1910 1902 1909
f 1909 1902 1907
f 1909 1907 1908
f 1903 1904 1902
f 1902 1904 1905
f 1902 1905 1907
f 1907 1905 1906
f 1911 1912 1918
f 1918 1912 1913
f 1918 1913 1917
f 1917 1913 1914
f 1917 1914 1916
f 1916 1914 1915
f 1919 1920 1928
f 1928 1920 1925
f 1928 1925 1927
f 1927 1925 1926
f 1921 1922 1920
f 1920 1922 1925
f 1922 1923 1925
f 1925 1923 1924
f 1929 1930 1938
f 1938 1930 1935
f 1938 1935 1937
f 1937 1935 1936
f 1931 1932 1930
f 1930 1932 1935
f 1932 1933 1935
f 1935 1933 1934
f 1954 1939 1953
f 1953 1939 1940
f 1953 1940 1952
f 1952 1940 1941
f 1952 1941 1942
f 1943 1950 1942
f 1942 1950 1951
f 1942 1951 1952
f 1943 1944 1950
f 1950 1944 1949
f 1949 1944 1948
f 1948 1944 1945
f 1948 1945 1947
f 1947 1945 1946
f 1955 1956 1964
f 1964 1956 1963
f 1963 1956 1961
f 1963 1961 1962
f 1957 1958 1956
f 1956 1958 1959
f 1956 1959 1961
f 1961 1959 1960
f 1965 1966 1972
f 1972 1966 1967
f 1972 1967 1971
f 1971 1967 1968
f 1971 1968 1970
f 1970 1968 1969
f 1988 1973 1987
f 1987 1973 1974
f 1987 1974 1986
f 1986 1974 1975
f 1986 1975 1976
f 1977 1984 1976
f 1976 1984 1985
f 1976 1985 1986
f 1977 1978 1984
f 1984 1978 1983
f 1983 1978 1982
f 1982 1978 1979
f 1982 1979 1981
f 1981 1979 1980
f 1989 1990 1998
f 1998 1990 1997
f 1997 1990 1995
f 1997 1995 1996
f 1991 1992 1990
f 1990 1992 1993
f 1990 1993 1995
f 1995 1993 1994
f 1999 2000 2006
f 2006 2000 2001
f 2006 2001 2005
f 2005 2001 2002
f 2005 2002 2004
f 2004 2002 2003
f 2007 2008 2016
f 2016 2008 2013
f 2016 2013 2015
f 2015 2013 2014
f 2009 2010 2008
f 2008 2010 2013
f 2010 2011 2013
f 2013 2011 2012
f 2017 2018 2026
f 2026 2018 2023
f 2026 2023 2025
f 2025 2023 2024
f 2019 2020 2018
f 2018 2020 2023
f 2020 2021 2023
f 2023 2021 2022
f 2042 2027 2041
f 2041 2027 2028
f 2041 2028 2040
f 2040 2028 2029
f 2040 2029 2030
f 2031 2038 2030
f 2030 2038 2039
f 2030 2039 2040
f 2031 2032 2038
f 2038 2032 2037
f 2037 2032 2036
f 2036 2032 2033
f 2036 2033 2035
f 2035 2033 2034
f 2043 2044 2052
f 2052 2044 2051
f 2051 2044 2049
f 2051 2049 2050
f 2045 2046 2044
f 2044 2046 2047
f 2044 2047 2049
f 2049 2047 2048
f 2053 2054 2060
f 2060 2054 2055
f 2060 2055 2059
f 2059 2055 2056
f 2059 2056 2058
f 2058 2056 2057
f 2076 2061 2075
f 2075 2061 2062
f 2075 2062 2074
f 2074 2062 2063
f 2074 2063 2064
f 2065 2072 2064
f 2064 2072 2073
f 2064 2073 2074
f 2065 2066 2072
f 2072 2066 2071
f 2071 2066 2070
f 2070 2066 2067
f 2070 2067 2069
f 2069 2067 2068
f 2077 2078 2086
f 2086 2078 2085
f 2085 2078 2083
f 2085 2083 2084
f 2079 2080 2078
f 2078 2080 2081
f 2078 2081 2083
f 2083 2081 2082
f 2087 2088 2094
f 2094 2088 2089
f 2094 2089 2093
f 2093 2089 2090
f 2093 2090 2092
f 2092 2090 2091
f 2095 2096 2104
f 2104 2096 2101
f 2104 2101 2103
f 2103 2101 2102
f 2097 2098 2096
f 2096 2098 2101
f 2098 2099 2101
f 2101 2099 2100
f 2105 2106 2114
f 2114 2106 2111
f 2114 2111 2113
f 2113 2111 2112
f 2107 2108 2106
f 2106 2108 2111
f 2108 2109 2111
f 2111 2109 2110
f 2130 2115 2129
f 2129 2115 2116
f 2129 2116 2128
f 2128 2116 2117
f 2128 2117 2118
f 2119 2126 2118
f 2118 2126 2127
f 2118 2127 2128
f 2119 2120 2126
f 2126 2120 2125
f 2125 2120 2124
f 2124 2120 2121
f 2124 2121 2123
f 2123 2121 2122
f 2131 2132 2140
f 2140 2132 2139
f 2139 2132 2137
f 2139 2137 2138
f 2133 2134 2132
f 2132 2134 2135
f 2132 2135 2137
f 2137 2135 2136
f 2141 2142 2148
f 2148 2142 2143
f 2148 2143 2147
f 2147 2143 2144
f 2147 2144 2146
f 2146 2144 2145
f 2164 2149 2163
f 2163 2149 2150
f 2163 2150 2162
f 2162 2150 2151
f 2162 2151 2152
f 2153 2160 2152
f 2152 2160 2161
f 2152 2161 2162
f 2153 2154 2160
f 2160 2154 2159
f 2159 2154 2158
f 2158 2154 2155
f 2158 2155 2157
f 2157 2155 2156
f 2165 2166 2174
f 2174 2166 2173
f 2173 2166 2171
f 2173 2171 2172
f 2167 2168 2166
f 2166 2168 2169
f 2166 2169 2171
f 2171 2169 2170
f 2175 2176 2182
f 2182 2176 2177
f 2182 2177 2181
f 2181 2177 2178
f 2181 2178 2180
f 2180 2178 2179
f 2183 2184 2192
f 2192 2184 2189
f 2192 2189 2191
f 2191 2189 2190
f 2185 2186 2184
f 2184 2186 2189
f 2186 2187 2189
f 2189 2187 2188
f 2193 2194 2202
f 2202 2194 2199
f 2202 2199 2201
f 2201 2199 2200
f 2195 2196 2194
f 2194 2196 2199
f 2196 2197 2199
f 2199 2197 2198
f 2218 2203 2217
f 2217 2203 2204
f 2217 2204 2216
f 2216 2204 2205
f 2216 2205 2206
f 2207 2214 2206
f 2206 2214 2215
f 2206 2215 2216
f 2207 2208 2214
f 2214 2208 2213
f 2213 2208 2212
f 2212 2208 2209
f 2212 2209 2211
f 2211 2209 2210
f 2219 2220 2228
f 2228 2220 2227
f 2227 2220 2225
f 2227 2225 2226
f 2221 2222 2220
f 2220 2222 2223
f 2220 2223 2225
f 2225 2223 2224
f 2229 2230 2236
f 2236 2230 2231
f 2236 2231 2235
f 2235 2231 2232
f 2235 2232 2234
f 2234 2232 2233
f 2252 2237 2251
f 2251 2237 2238
f 2251 2238 2250
f 2250 2238 2239
f 2250 2239 2240
f 2241 2248 2240
f 2240 2248 2249
f 2240 2249 2250
f 2241 2242 2248
f 2248 2242 2247
f 2247 2242 2246
f 2246 2242 2243
f 2246 2243 2245
f 2245 2243 2244
f 2253 2254 2262
f 2262 2254 2261
f 2261 2254 2259
f 2261 2259 2260
f 2255 2256 2254
f 2254 2256 2257
f 2254 2257 2259
f 2259 2257 2258
f 2263 2264 2270
f 2270 2264 2265
f 2270 2265 2269
f 2269 2265 2266
f 2269 2266 2268
f 2268 2266 2267
f 2271 2272 2280
f 2280 2272 2277
f 2280 2277 2279
f 2279 2277 2278
f 2273 2274 2272
f 2272 2274 2277
f 2274 2275 2277
f 2277 2275 2276
f 2281 2282 2290
f 2290 2282 2287
f 2290 2287 2289
f 2289 2287 2288
f 2283 2284 2282
f 2282 2284 2287
f 2284 2285 2287
f 2287 2285 2286
f 2306 2291 2305
f 2305 2291 2292
f 2305 2292 2304
f 2304 2292 2293
f 2304 2293 2294
f 2295 2302 2294
f 2294 2302 2303
f 2294 2303 2304
f 2295 2296 2302
f 2302 2296 2301
f 2301 2296 2300
f 2300 2296 2297
f 2300 2297 2299
f 2299 2297 2298
f 2307 2308 2316
f 2316 2308 2315
f 2315 2308 2313
f 2315 2313 2314
f 2309 2310 2308
f 2308 2310 2311
f 2308 2311 2313
f 2313 2311 2312
f 2317 2318 2324
f 2324 2318 2319
f 2324 2319 2323
f 2323 2319 2320
f 2323 2320 2322
f 2322 2320 2321
f 2340 2325 2339
f 2339 2325 2326
f 2339 2326 2338
f 2338 2326 2327
f 2338 2327 2328
f 2329 2336 2328
f 2328 2336 2337
f 2328 2337 2338
f 2329 2330 2336
f 2336 2330 2335
f 2335 2330 2334
f 2334 2330 2331
f 2334 2331 2333
f 2333 2331 2332
f 2341 2342 2350
f 2350 2342 2349
f 2349 2342 2347
f 2349 2347 2348
f 2343 2344 2342
f 2342 2344 2345
f 2342 2345 2347
f 2347 2345 2346
f 2351 2352 2358
f 2358 2352 2353
f 2358 2353 2357
f 2357 2353 2354
f 2357 2354 2356
f 2356 2354 2355
f 2359 2360 2368
f 2368 2360 2365
f 2368 2365 2367
f 2367 2365 2366
f 2361 2362 2360
f 2360 2362 2365
f 2362 2363 2365
f 2365 2363 2364
f 2369 2370 2378
f 2378 2370 2375
f 2378 2375 2377
f 2377 2375 2376
f 2371 2372 2370
f 2370 2372 2375
f 2372 2373 2375
f 2375 2373 2374
f 2394 2379 2393
f 2393 2379 2380
f 2393 2380 2392
f 2392 2380 2381
f 2392 2381 2382
f 2383 2390 2382
f 2382 2390 2391
f 2382 2391 2392
f 2383 2384 2390
f 2390 2384 2389
f 2389 2384 2388
f 2388 2384 2385
f 2388 2385 2387
f 2387 2385 2386
f 2395 2396 2404
f 2404 2396 2403
f 2403 2396 2401
f 2403 2401 2402
f 2397 2398 2396
f 2396 2398 2399
f 2396 2399 2401
f 2401 2399 2400
f 2405 2406 2412
f 2412 2406 2407
f 2412 2407 2411
f 2411 2407 2408
f 2411 2408 2410
f 2410 2408 2409
f 2428 2413 2427
f 2427 2413 2414
f 2427 2414 2426
f 2426 2414 2415
f 2426 2415 2416
f 2417 2424 2416
f 2416 2424 2425
f 2416 2425 2426
f 2417 2418 2424
f 2424 2418 2423
f 2423 2418 2422
f 2422 2418 2419
f 2422 2419 2421
f 2421 2419 2420
f 2429 2430 2438
f 2438 2430 2437
f 2437 2430 2435
f 2437 2435 2436
f 2431 2432 2430
f 2430 2432 2433
f 2430 2433 2435
f 2435 2433 2434
f 2439 2440 2446
f 2446 2440 2441
f 2446 2441 2445
f 2445 2441 2442
f 2445 2442 2444
f 2444 2442 2443
f 2447 2448 2456
f 2456 2448 2453
f 2456 2453 2455
f 2455 2453 2454
f 2449 2450 2448
f 2448 2450 2453
f 2450 2451 2453
f 2453 2451 2452
f 2457 2458 2466
f 2466 2458 2463
f 2466 2463 2465
f 2465 2463 2464
f 2459 2460 2458
f 2458 2460 2463
f 2460 2461 2463
f 2463 2461 2462
f 2482 2467 2481
f 2481 2467 2468
f 2481 2468 2480
f 2480 2468 2469
f 2480 2469 2470
f 2471 2478 2470
f 2470 2478 2479
f 2470 2479 2480
f 2471 2472 2478
f 2478 2472 2477
f 2477 2472 2476
f 2476 2472 2473
f 2476 2473 2475
f 2475 2473 2474
f 2483 2484 2492
f 2492 2484 2491
f 2491 2484 2489
f 2491 2489 2490
f 2485 2486 2484
f 2484 2486 2487
f 2484 2487 2489
f 2489 2487 2488
f 2493 2494 2500
f 2500 2494 2495
f 2500 2495 2499
f 2499 2495 2496
f 2499 2496 2498
f 2498 2496 2497
f 2516 2501 2515
f 2515 2501 2502
f 2515 2502 2514
f 2514 2502 2503
f 2514 2503 2504
f 2505 2512 2504
f 2504 2512 2513
f 2504 2513 2514
f 2505 2506 2512
f 2512 2506 2511
f 2511 2506 2510
f 2510 2506 2507
f 2510 2507 2509
f 2509 2507 2508
f 2517 2518 2526
f 2526 2518 2525
f 2525 2518 2523
f 2525 2523 2524
f 2519 2520 2518
f 2518 2520 2521
f 2518 2521 2523
f 2523 2521 2522
f 2527 2528 2534
f 2534 2528 2529
f 2534 2529 2533
f 2533 2529 2530
f 2533 2530 2532
f 2532 2530 2531
f 2535 2536 2544
f 2544 2536 2541
f 2544 2541 2543
f 2543 2541 2542
f 2537 2538 2536
f 2536 2538 2541
f 2538 2539 2541
f 2541 2539 2540
f 2545 2546 2554
f 2554 2546 2551
f 2554 2551 2553
f 2553 2551 2552
f 2547 2548 2546
f 2546 2548 2551
f 2548 2549 2551
f 2551 2549 2550
f 2555 2556 2564
f 2564 2556 2563
f 2563 2556 2561
f 2563 2561 2562
f 2557 2558 2556
f 2556 2558 2559
f 2556 2559 2561
f 2561 2559 2560
f 2565 2566 2572
f 2572 2566 2567
f 2572 2567 2571
f 2571 2567 2568
f 2571 2568 2570
f 2570 2568 2569
f 2573 2574 2582
f 2582 2574 2581
f 2581 2574 2579
f 2581 2579 2580
f 2575 2576 2574
f 2574 2576 2577
f 2574 2577 2579
f 2579 2577 2578
f 2583 2584 2590
f 2590 2584 2585
f 2590 2585 2589
f 2589 2585 2586
f 2589 2586 2588
f 2588 2586 2587
f 2591 2592 2600
f 2600 2592 2597
f 2600 2597 2599
f 2599 2597 2598
f 2593 2594 2592
f 2592 2594 2597
f 2594 2595 2597
f 2597 2595 2596
f 2601 2602 2610
f 2610 2602 2607
f 2610 2607 2609
f 2609 2607 2608
f 2603 2604 2602
f 2602 2604 2607
f 2604 2605 2607
f 2607 2605 2606
f 2611 2612 2618
f 2618 2612 2613
f 2618 2613 2617
f 2617 2613 2614
f 2617 2614 2616
f 2616 2614 2615
