v -0.09000102366 -0.0149000001 0.3347707022
v -0.09013382264 -0.0149000001 0.3346731887
v -0.09029543223 -0.0149000001 0.3346414978
v -0.09049003917 -0.0149000001 0.3347297124
v -0.0906211983 -0.0149000001 0.3348990942
v -0.09063894632 -0.0149000001 0.3349842287
v -0.09063244242 -0.0149000001 0.3350710703
v -0.09060545358 -0.0149000001 0.3351538493
v -0.09056019233 -0.0149000001 0.3352282169
v -0.09056019233 -0.01480000019 0.3352282169
v -0.09063755393 -0.01480000019 0.3349673296
v -0.09049648602 -0.01480000019 0.3347350053
v -0.09024189296 -0.01480000019 0.3346427377
v -0.09000102366 -0.01480000019 0.3347707022
v -0.09058735082 -0.0149000001 0.3340046908
v -0.09084460415 -0.0149000001 0.3338215849
v -0.09113907989 -0.0149000001 0.333925945
v -0.09133126478 -0.0149000001 0.3341787446
v -0.09126610075 -0.0149000001 0.334484426
v -0.09126610075 -0.01480000019 0.334484426
v -0.09133126478 -0.01480000019 0.3341787446
v -0.09113907989 -0.01480000019 0.333925945
v -0.09084460415 -0.01480000019 0.3338215849
v -0.09058735082 -0.01480000019 0.3340046908
v -0.06449158584 -0.0149000001 0.3188643701
v -0.06549737045 -0.0149000001 0.3197336186
v -0.06604841032 -0.0149000001 0.3209176186
v -0.06578304193 -0.0149000001 0.321503218
v -0.06515030313 -0.0149000001 0.3216589875
v -0.06395455669 -0.0149000001 0.3210999124
v -0.06395455669 -0.01480000019 0.3210999124
v -0.06515030313 -0.01480000019 0.3216589875
v -0.06578304193 -0.01480000019 0.321503218
v -0.06604841032 -0.01480000019 0.3209176186
v -0.06549737045 -0.01480000019 0.3197336186
v -0.06449158584 -0.01480000019 0.3188643701
v -0.065066255 -0.0149000001 0.3184759518
v -0.0634395523 -0.0149000001 0.3177092148
v -0.0625487635 -0.0149000001 0.3178430312
v -0.06189938867 -0.0149000001 0.3184631352
v -0.06213101058 -0.0149000001 0.3201889325
v -0.06341561691 -0.0149000001 0.3214722611
v -0.06341561691 -0.01480000019 0.3214722611
v -0.06213101058 -0.01480000019 0.3201889325
v -0.06189938867 -0.01480000019 0.3184631352
v -0.0625487635 -0.01480000019 0.3178430312
v -0.0634395523 -0.01480000019 0.3177092148
v -0.065066255 -0.01480000019 0.3184759518
v -0.1051840743 -0.01480000019 0.3415894278
v -0.1081057259 -0.01480000019 0.3327280907
v -0.1090931631 -0.01480000019 0.3234499346
v -0.1081019835 -0.01480000019 0.314172173
v -0.1051767532 -0.01480000019 0.3053120192
v -0.1004490131 -0.01480000019 0.2972679039
v -0.09413137602 -0.01480000019 0.2904015552
v -0.08650792297 -0.01480000019 0.2850217487
v -0.07792148602 -0.01480000019 0.2813704023
v -0.06875817002 -0.01480000019 0.2796117166
v -0.05943004825 -0.01480000019 0.2798247767
v -0.05035658482 -0.01480000019 0.2819999974
v -0.04194580909 -0.01480000019 0.2860395667
v -0.03457593607 -0.01480000019 0.2917618282
v -0.02857838144 -0.01480000019 0.2989094608
v -0.02422284849 -0.01480000019 0.3071610449
v -0.02170519744 -0.01480000019 0.3161455149
v -0.02113864541 -0.01480000019 0.3254588561
v -0.02254866669 -0.01480000019 0.3346822528
v -0.0258718579 -0.01480000019 0.3434009569
v -0.03095877758 -0.01480000019 0.3512228798
v -0.03758067442 -0.01480000019 0.3577962973
v -0.04543976785 -0.01480000019 0.3628255995
v -0.05418265439 -0.01480000019 0.3660846326
v -0.06341616486 -0.01480000019 0.3674268462
v -0.07272509319 -0.01480000019 0.366791864
v -0.08169082409 -0.01480000019 0.3642082682
v -0.08991017287 -0.01480000019 0.3597922172
v -0.09019218463 -0.01529999971 0.3602050909
v -0.08219165628 -0.01529999971 0.3645427686
v -0.07347597885 -0.01529999971 0.3671621077
v -0.06440969415 -0.01529999971 0.3679535588
v -0.05537199257 -0.01529999971 0.3668840194
v -0.04674087732 -0.01529999971 0.363998216
v -0.03887735008 -0.01529999971 0.3594168547
v -0.03211029772 -0.01529999971 0.3533315471
v -0.02672275452 -0.01529999971 0.3459968188
v -0.02294005281 -0.01529999971 0.3377194282
v -0.02092040537 -0.01529999971 0.3288455924
v -0.02074828457 -0.01529999971 0.3197464525
v -0.02243088654 -0.01529999971 0.3108025867
v -0.02589784031 -0.01529999971 0.3023880641
v -0.03100413555 -0.01529999971 0.2948548244
v -0.03753620698 -0.01529999971 0.2885179475
v -0.04522084646 -0.01529999971 0.283642472
v -0.05373664703 -0.01529999971 0.2804323154
v -0.06272743301 -0.01529999971 0.2790217414
v -0.07181716597 -0.01529999971 0.2794697473
v -0.0806256636 -0.01529999971 0.2817575965
v -0.08878452611 -0.01529999971 0.2857896004
v -0.09595248563 -0.01529999971 0.2913971165
v -0.1018297542 -0.01529999971 0.2983456154
v -0.1061705218 -0.01529999971 0.3063444748
v -0.1087932273 -0.01529999971 0.3150591366
v -0.1095881784 -0.01529999971 0.3241251209
v -0.1085221199 -0.01529999971 0.3331632325
v -0.1056396449 -0.01529999971 0.3417954588
v -0.06000045179 -0.01539999962 0.2887706771
v -0.06072494154 -0.01539999962 0.2901623966
v -0.06222132413 -0.01539999962 0.2906342029
v -0.06361304363 -0.01539999962 0.2899097155
v -0.0640848523 -0.01539999962 0.2884133305
v -0.0640848523 -0.01480000019 0.2884133305
v -0.06361304363 -0.01480000019 0.2899097155
v -0.06222132413 -0.01480000019 0.2906342029
v -0.06072494154 -0.01480000019 0.2901623966
v -0.06000045179 -0.01480000019 0.2887706771
v -0.09040112654 -0.0149000001 0.3338327342
v -0.09101170656 -0.0149000001 0.3335896224
v -0.09154439165 -0.0149000001 0.3340259561
v -0.09143088648 -0.0149000001 0.334680606
v -0.09080414152 -0.0149000001 0.3348319362
v -0.09085039496 -0.0149000001 0.3349639818
v -0.09086451912 -0.0149000001 0.3351029417
v -0.09083478379 -0.0149000001 0.3352392409
v -0.09076956222 -0.0149000001 0.335363047
v -0.09038341037 -0.0149000001 0.3355964785
v -0.08995237791 -0.0149000001 0.3354385985
v -0.08970220939 -0.0149000001 0.3350565475
v -0.0898280078 -0.0149000001 0.3346203843
v -0.09004355698 -0.0149000001 0.3344541108
v -0.0903136852 -0.0149000001 0.3344365151
v -0.09026724099 -0.0149000001 0.3342826493
v -0.09026751728 -0.0149000001 0.3341222794
v -0.09031558219 -0.0149000001 0.3339688141
v -0.09056019233 -0.0149000001 0.3352282169
v -0.09060545358 -0.0149000001 0.3351538493
v -0.09063244242 -0.0149000001 0.3350710703
v -0.09063894632 -0.0149000001 0.3349842287
v -0.0906211983 -0.0149000001 0.3348990942
v -0.09049003917 -0.0149000001 0.3347297124
v -0.09029543223 -0.0149000001 0.3346414978
v -0.09013382264 -0.0149000001 0.3346731887
v -0.09000102366 -0.0149000001 0.3347707022
v -0.08992265116 -0.0149000001 0.3350295295
v -0.0900768607 -0.0149000001 0.3352556263
v -0.09032757232 -0.0149000001 0.3353631718
v -0.09126610075 -0.0149000001 0.334484426
v -0.09133126478 -0.0149000001 0.3341787446
v -0.09113907989 -0.0149000001 0.333925945
v -0.09084460415 -0.0149000001 0.3338215849
v -0.09058735082 -0.0149000001 0.3340046908
v -0.09053980076 -0.0149000001 0.3340839889
v -0.0905143855 -0.0149000001 0.3341727856
v -0.09051369901 -0.0149000001 0.334265168
v -0.09053488028 -0.0149000001 0.3343552425
v -0.09065951629 -0.0149000001 0.334534514
v -0.09085152926 -0.0149000001 0.3346378538
v -0.09108693422 -0.0149000001 0.3346351259
v -0.06884093418 -0.01610000014 0.3662951781
v -0.07087759919 -0.01610000014 0.3652349558
v -0.07156804602 -0.01610000014 0.363045118
v -0.07050782363 -0.01610000014 0.361008453
v -0.06831799068 -0.01610000014 0.3603180062
v -0.06628132567 -0.01610000014 0.3613782381
v -0.06559087885 -0.01610000014 0.3635680663
v -0.066651106 -0.01610000014 0.3656047313
v -0.07043076187 -0.01480000019 0.3609459398
v -0.07156155615 -0.01480000019 0.3629792859
v -0.07089872303 -0.01480000019 0.3652094926
v -0.06884093418 -0.01480000019 0.3662951781
v -0.06662588128 -0.01480000019 0.3655833309
v -0.06558584333 -0.01480000019 0.3635021007
v -0.06634636136 -0.01480000019 0.3613032792
v -0.06634636136 -0.01539999962 0.3613032792
v -0.06758454389 -0.01539999962 0.3604763747
v -0.06906779332 -0.01539999962 0.3603466056
v -0.07043076187 -0.01539999962 0.3609459398
v -0.06831799068 -0.01610000014 0.3603180062
v -0.06758454389 -0.01539999962 0.3604763747
v -0.09056019233 -0.01480000019 0.3352282169
v -0.09056019233 -0.0149000001 0.3352282169
v -0.09032757232 -0.0149000001 0.3353631718
v -0.0900768607 -0.0149000001 0.3352556263
v -0.08992265116 -0.0149000001 0.3350295295
v -0.09000102366 -0.0149000001 0.3347707022
v -0.09000102366 -0.01480000019 0.3347707022
v -0.08992265116 -0.01480000019 0.3350295295
v -0.0900768607 -0.01480000019 0.3352556263
v -0.09032757232 -0.01480000019 0.3353631718
v -0.09126610075 -0.01480000019 0.334484426
v -0.09126610075 -0.0149000001 0.334484426
v -0.09108693422 -0.0149000001 0.3346351259
v -0.09085152926 -0.0149000001 0.3346378538
v -0.09065951629 -0.0149000001 0.334534514
v -0.09053488028 -0.0149000001 0.3343552425
v -0.09051369901 -0.0149000001 0.334265168
v -0.0905143855 -0.0149000001 0.3341727856
v -0.09053980076 -0.0149000001 0.3340839889
v -0.09058735082 -0.0149000001 0.3340046908
v -0.09058735082 -0.01480000019 0.3340046908
v -0.0905210996 -0.01480000019 0.3343085984
v -0.09070067693 -0.01480000019 0.3345680451
v -0.0910051376 -0.01480000019 0.3346514911
v -0.1079295308 -0.01610000014 0.3197110422
v -0.1068693084 -0.01610000014 0.3176743772
v -0.1046794707 -0.01610000014 0.3169839304
v -0.1026428057 -0.01610000014 0.3180441528
v -0.1019523589 -0.01610000014 0.3202339857
v -0.1030125908 -0.01610000014 0.3222706507
v -0.105202419 -0.01610000014 0.3229610975
v -0.107239084 -0.01610000014 0.3219008704
v -0.1025802925 -0.01480000019 0.3181212145
v -0.1046136386 -0.01480000019 0.3169904202
v -0.1068438453 -0.01480000019 0.3176532534
v -0.1079295308 -0.01480000019 0.3197110422
v -0.1072176836 -0.01480000019 0.3219260951
v -0.1051364533 -0.01480000019 0.3229661378
v -0.1029376319 -0.01480000019 0.322205615
v -0.1029376319 -0.01539999962 0.322205615
v -0.1021107273 -0.01539999962 0.3209674325
v -0.1019809582 -0.01539999962 0.3194841831
v -0.1025802925 -0.01539999962 0.3181212145
v -0.1046794707 -0.01610000014 0.3169839304
v -0.1046136386 -0.01480000019 0.3169904202
v -0.06341561691 -0.0149000001 0.3214722611
v -0.06213101058 -0.0149000001 0.3201889325
v -0.06189938867 -0.0149000001 0.3184631352
v -0.0625487635 -0.0149000001 0.3178430312
v -0.0634395523 -0.0149000001 0.3177092148
v -0.065066255 -0.0149000001 0.3184759518
v -0.06632663326 -0.0149000001 0.3197781204
v -0.06653978251 -0.0149000001 0.321511075
v -0.06591809765 -0.0149000001 0.3221504956
v -0.06502991715 -0.0149000001 0.3222792528
v -0.06395455669 -0.0149000001 0.3210999124
v -0.06515030313 -0.0149000001 0.3216589875
v -0.06578304193 -0.0149000001 0.321503218
v -0.06604841032 -0.0149000001 0.3209176186
v -0.06549737045 -0.0149000001 0.3197336186
v -0.06449158584 -0.0149000001 0.3188643701
v -0.06327769581 -0.0149000001 0.3183439664
v -0.06263968794 -0.0149000001 0.3184835759
v -0.06235212276 -0.0149000001 0.319057264
v -0.06295873318 -0.0149000001 0.3202144561
v -0.09000102366 -0.01480000019 0.3347707022
v -0.09024189296 -0.01480000019 0.3346427377
v -0.09049648602 -0.01480000019 0.3347350053
v -0.09063755393 -0.01480000019 0.3349673296
v -0.09056019233 -0.01480000019 0.3352282169
v -0.09032757232 -0.01480000019 0.3353631718
v -0.0900768607 -0.01480000019 0.3352556263
v -0.08992265116 -0.01480000019 0.3350295295
v -0.09058735082 -0.01480000019 0.3340046908
v -0.09084460415 -0.01480000019 0.3338215849
v -0.09113907989 -0.01480000019 0.333925945
v -0.09133126478 -0.01480000019 0.3341787446
v -0.09126610075 -0.01480000019 0.334484426
v -0.0910051376 -0.01480000019 0.3346514911
v -0.09070067693 -0.01480000019 0.3345680451
v -0.0905210996 -0.01480000019 0.3343085984
v -0.06134539008 -0.01610000014 0.280622448
v -0.05930872983 -0.01610000014 0.2816826728
v -0.05861828301 -0.01610000014 0.2838725033
v -0.05967850539 -0.01610000014 0.2859091683
v -0.06186833834 -0.01610000014 0.2865996151
v -0.06390500335 -0.01610000014 0.2855393904
v -0.06459545017 -0.01610000014 0.2833495574
v -0.06353522302 -0.01610000014 0.2813128948
v -0.06383996766 -0.01539999962 0.2856143421
v -0.06260178514 -0.01539999962 0.2864412491
v -0.0611185357 -0.01539999962 0.2865710182
v -0.05975556716 -0.01539999962 0.2859716887
v -0.05975556716 -0.01480000019 0.2859716887
v -0.05862477288 -0.01480000019 0.2839383426
v -0.05928760599 -0.01480000019 0.2817081287
v -0.06134539008 -0.01480000019 0.280622448
v -0.06356044774 -0.01480000019 0.2813342952
v -0.06460048569 -0.01480000019 0.2834155231
v -0.06383996766 -0.01480000019 0.2856143421
v -0.06134539008 -0.01480000019 0.280622448
v -0.06134539008 -0.01610000014 0.280622448
v -0.06395455669 -0.01480000019 0.3210999124
v -0.06395455669 -0.0149000001 0.3210999124
v -0.06295873318 -0.0149000001 0.3202144561
v -0.06235212276 -0.0149000001 0.319057264
v -0.06263968794 -0.0149000001 0.3184835759
v -0.06327769581 -0.0149000001 0.3183439664
v -0.06449158584 -0.0149000001 0.3188643701
v -0.06449158584 -0.01480000019 0.3188643701
v -0.06327769581 -0.01480000019 0.3183439664
v -0.06263968794 -0.01480000019 0.3184835759
v -0.06235212276 -0.01480000019 0.319057264
v -0.06295873318 -0.01480000019 0.3202144561
v -0.08666454045 -0.01480000019 0.3313906574
v -0.08692945249 -0.01480000019 0.3316129393
v -0.0870261648 -0.01480000019 0.3317226975
v -0.08708023837 -0.01480000019 0.331858348
v -0.08706129865 -0.01480000019 0.3320019333
v -0.08698306896 -0.01480000019 0.3321254819
v -0.08685666915 -0.01480000019 0.3322305771
v -0.08669700506 -0.01480000019 0.3322657393
v -0.08654013509 -0.01480000019 0.332217436
v -0.08640429355 -0.01480000019 0.3321235184
v -0.08619615383 -0.01480000019 0.3319488628
v -0.09177581189 -0.01480000019 0.3349539762
v -0.09164519632 -0.01480000019 0.3347637756
v -0.09164519632 -0.0149000001 0.3347637756
v -0.09177581189 -0.0149000001 0.3349539762
v -0.02225679824 -0.01610000014 0.3272065863
v -0.02331702301 -0.01610000014 0.3292432465
v -0.02550685595 -0.01610000014 0.3299336934
v -0.02754351858 -0.01610000014 0.328873471
v -0.0282339654 -0.01610000014 0.326683638
v -0.02717374063 -0.01610000014 0.324646973
v -0.02498391007 -0.01610000014 0.3239565262
v -0.02294724506 -0.01610000014 0.3250167534
v -0.02760603895 -0.01480000019 0.3287964092
v -0.02557269285 -0.01480000019 0.3299272035
v -0.02334248138 -0.01480000019 0.3292643704
v -0.02225679824 -0.01480000019 0.3272065863
v -0.02296864785 -0.01480000019 0.3249915286
v -0.02504987572 -0.01480000019 0.3239514907
v -0.02724869478 -0.01480000019 0.3247120087
v -0.02724869478 -0.01539999962 0.3247120087
v -0.02807560173 -0.01539999962 0.3259501912
v -0.02820537079 -0.01539999962 0.3274334455
v -0.02760603895 -0.01539999962 0.3287964092
v -0.02296864785 -0.01480000019 0.3249915286
v -0.02498391007 -0.01610000014 0.3239565262
v -0.1019779605 -0.01480000019 0.3393965642
v -0.1008051118 -0.01480000019 0.3388496531
v -0.09951594458 -0.01480000019 0.3389624465
v -0.09845587966 -0.01480000019 0.3397047121
v -0.08688572678 -0.01480000019 0.3534935279
v -0.08633882523 -0.01480000019 0.3546663766
v -0.08645160901 -0.01480000019 0.3559555438
v -0.08719387467 -0.01480000019 0.3570156087
v -0.08993380409 -0.01480000019 0.3593146743
v -0.09003104099 -0.01480000019 0.3594679582
v -0.09002207677 -0.01480000019 0.3596492708
v -0.08991017287 -0.01480000019 0.3597922172
v -0.08169082409 -0.01480000019 0.3642082682
v -0.07272509319 -0.01480000019 0.366791864
v -0.06341616486 -0.01480000019 0.3674268462
v -0.05418265439 -0.01480000019 0.3660846326
v -0.04543976785 -0.01480000019 0.3628255995
v -0.03758067442 -0.01480000019 0.3577962973
v -0.03095877758 -0.01480000019 0.3512228798
v -0.0258718579 -0.01480000019 0.3434009569
v -0.02254866669 -0.01480000019 0.3346822528
v -0.02113864541 -0.01480000019 0.3254588561
v -0.02170519744 -0.01480000019 0.3161455149
v -0.02422284849 -0.01480000019 0.3071610449
v -0.02857838144 -0.01480000019 0.2989094608
v -0.03457593607 -0.01480000019 0.2917618282
v -0.04194580909 -0.01480000019 0.2860395667
v -0.05035658482 -0.01480000019 0.2819999974
v -0.05943004825 -0.01480000019 0.2798247767
v -0.06875817002 -0.01480000019 0.2796117166
v -0.07792148602 -0.01480000019 0.2813704023
v -0.08650792297 -0.01480000019 0.2850217487
v -0.09413137602 -0.01480000019 0.2904015552
v -0.1004490131 -0.01480000019 0.2972679039
v -0.1051767532 -0.01480000019 0.3053120192
v -0.1081019835 -0.01480000019 0.314172173
v -0.1090931631 -0.01480000019 0.3234499346
v -0.1081057259 -0.01480000019 0.3327280907
v -0.1051840743 -0.01480000019 0.3415894278
v -0.1050627291 -0.01480000019 0.3417244492
v -0.1048857367 -0.01480000019 0.3417647709
v -0.1047178899 -0.01480000019 0.3416956203
v -0.06846370142 -0.01480000019 0.3107461151
v -0.0677696187 -0.01480000019 0.3115732953
v -0.06723878604 -0.01480000019 0.3124483687
v -0.06717612187 -0.01480000019 0.3134594257
v -0.06766392786 -0.01480000019 0.3143563889
v -0.06839206901 -0.01480000019 0.3150805841
v -0.06922306844 -0.01480000019 0.3156566591
v -0.07018502116 -0.01480000019 0.3159471896
v -0.07115844566 -0.01480000019 0.3157113633
v -0.07192983353 -0.01480000019 0.3150641175
v -0.07262391625 -0.01480000019 0.3142369373
v -0.07108935205 -0.01480000019 0.3076169763
v -0.07039526934 -0.01480000019 0.3084441565
v -0.06986443191 -0.01480000019 0.3093192299
v -0.06980177251 -0.01480000019 0.3103302822
v -0.0702895785 -0.01480000019 0.3112272502
v -0.07101771965 -0.01480000019 0.3119514453
v -0.07184871908 -0.01480000019 0.3125275204
v -0.0728106718 -0.01480000019 0.3128180508
v -0.07378409629 -0.01480000019 0.3125822245
v -0.07455548417 -0.01480000019 0.3119349787
v -0.07524956688 -0.01480000019 0.3111077985
v -0.02895419614 -0.01480000019 0.3180818616
v -0.02882976437 -0.01480000019 0.3188022483
v -0.03418572732 -0.01480000019 0.3197277417
v -0.03432128836 -0.01480000019 0.3189446843
v -0.03073402153 -0.01480000019 0.3165510395
v -0.03073958616 -0.01480000019 0.3165197018
v -0.03462343792 -0.01480000019 0.317190767
v -0.03474787208 -0.01480000019 0.3164703755
v -0.02939190675 -0.01480000019 0.3155448821
v -0.02925752349 -0.01480000019 0.3163278394
v -0.03284361253 -0.01480000019 0.3187215891
v -0.03283805028 -0.01480000019 0.318752922
v -0.05902036717 -0.01480000019 0.325063587
v -0.05816824136 -0.01480000019 0.3257872556
v -0.05788185009 -0.01480000019 0.3268648652
v -0.05839776103 -0.01480000019 0.3278602476
v -0.05933854275 -0.01480000019 0.3284765865
v -0.06044748 -0.01480000019 0.3284691364
v -0.06133642248 -0.01480000019 0.3277907958
v -0.06166893347 -0.01480000019 0.326727601
v -0.06121807738 -0.01480000019 0.3257053869
v -0.06072897656 -0.01480000019 0.3260412337
v -0.06105959292 -0.01480000019 0.3267901202
v -0.0607587052 -0.01480000019 0.3275329376
v -0.06003908704 -0.01480000019 0.327896203
v -0.05925100839 -0.01480000019 0.3276958994
v -0.05866628581 -0.01480000019 0.3271227421
v -0.05855937752 -0.01480000019 0.3263233105
v -0.05904387154 -0.01480000019 0.3256698329
v -0.05982014296 -0.01480000019 0.325444464
v -0.06011852778 -0.01480000019 0.3249900472
v -0.05949360353 -0.01480000019 0.3246763467
v -0.05887425825 -0.01480000019 0.3243515692
v -0.05825595247 -0.01480000019 0.3240248177
v -0.05763838578 -0.01480000019 0.3236966785
v -0.05602566867 -0.01480000019 0.3256186498
v -0.05646358225 -0.01480000019 0.3259861045
v -0.05777008949 -0.01480000019 0.324429062
v -0.05807669608 -0.01480000019 0.3245993257
v -0.05838655946 -0.01480000019 0.3247635622
v -0.05870044256 -0.01480000019 0.3249199547
v -0.05728259136 -0.01480000019 0.3277769031
v -0.0549553734 -0.01480000019 0.3305503829
v -0.05534463522 -0.01480000019 0.3308770061
v -0.05767184841 -0.01480000019 0.3281035311
v -0.04058098559 -0.01480000019 0.296271753
v -0.04011518321 -0.01480000019 0.2967111593
v -0.04274807719 -0.01480000019 0.3018388469
v -0.04330716307 -0.01480000019 0.3013129804
v -0.04246970556 -0.01480000019 0.2997691071
v -0.04349459381 -0.01480000019 0.2988038295
v -0.04498411075 -0.01480000019 0.2997318331
v -0.04554319662 -0.01480000019 0.2992059618
v -0.04980615749 -0.01480000019 0.2902122023
v -0.04688301961 -0.01480000019 0.2917208463
v -0.04716037289 -0.01480000019 0.2922601486
v -0.04829558285 -0.01480000019 0.2916743808
v -0.05052267744 -0.01480000019 0.2959880747
v -0.05117540016 -0.01480000019 0.295650964
v -0.0489483008 -0.01480000019 0.2913372701
v -0.05008351076 -0.01480000019 0.2907515023
v -0.05401572807 -0.01480000019 0.2900432539
v -0.05405524425 -0.01480000019 0.290430541
v -0.05388792747 -0.01480000019 0.2907813218
v -0.0536225681 -0.01480000019 0.2910711868
v -0.0533327994 -0.01480000019 0.2913369191
v -0.05293240949 -0.01480000019 0.2917475576
v -0.05260899075 -0.01480000019 0.292220471
v -0.05242983445 -0.01480000019 0.2927623681
v -0.05249608719 -0.01480000019 0.2933274391
v -0.05282124345 -0.01480000019 0.2938987228
v -0.05335650813 -0.01480000019 0.2942760908
v -0.05400445848 -0.01480000019 0.2943791485
v -0.05464878922 -0.01480000019 0.2942413176
v -0.05521882368 -0.01480000019 0.2939425304
v -0.05563740956 -0.01480000019 0.2934571667
v -0.05580844996 -0.01480000019 0.2928391997
v -0.05570694452 -0.01480000019 0.2922053212
v -0.05563168018 -0.01480000019 0.2919959708
v -0.05494384301 -0.01480000019 0.2922436126
v -0.05500818773 -0.01480000019 0.2924230701
v -0.05508342853 -0.01480000019 0.2927988367
v -0.0550043219 -0.01480000019 0.2931718666
v -0.05477449169 -0.01480000019 0.2934782778
v -0.05444483067 -0.01480000019 0.293673052
v -0.05407337467 -0.01480000019 0.2937564658
v -0.05370024948 -0.01480000019 0.2936955601
v -0.0533959936 -0.01480000019 0.2934686862
v -0.05320576361 -0.01480000019 0.2931395879
v -0.05318439105 -0.01480000019 0.292735044
v -0.05334821734 -0.01480000019 0.2923610556
v -0.0535962913 -0.01480000019 0.2920352562
v -0.05388582631 -0.01480000019 0.2917453196
v -0.05428432324 -0.01480000019 0.2913696189
v -0.05461882851 -0.01480000019 0.2909369077
v -0.05480178526 -0.01480000019 0.2904245077
v -0.05473632888 -0.01480000019 0.2898852908
v -0.05443397983 -0.01480000019 0.2893680351
v -0.05394256993 -0.01480000019 0.2890271689
v -0.053355731 -0.01480000019 0.2889048874
v -0.05276477735 -0.01480000019 0.2890077684
v -0.05221796962 -0.01480000019 0.2892975386
v -0.05184313832 -0.01480000019 0.2897840657
v -0.05172631428 -0.01480000019 0.2903914945
v -0.05182747158 -0.01480000019 0.2910011568
v -0.05251530398 -0.01480000019 0.2907535198
v -0.05243165661 -0.01480000019 0.2904146103
v -0.05248667348 -0.01480000019 0.2900698045
v -0.05267828521 -0.01480000019 0.2897797727
v -0.05298083332 -0.01480000019 0.289605822
v -0.05329015746 -0.01480000019 0.2895391024
v -0.0536017754 -0.01480000019 0.2895877988
v -0.0538594919 -0.01480000019 0.2897687366
v -0.03032156876 -0.01480000019 0.3121616493
v -0.03010174806 -0.01480000019 0.3128630962
v -0.03531673534 -0.01480000019 0.3144961876
v -0.03553655604 -0.01480000019 0.3137947407
v -0.03473310313 -0.01480000019 0.3102954059
v -0.0314172685 -0.01480000019 0.3091463343
v -0.03112082711 -0.01480000019 0.3097856685
v -0.03644433072 -0.01480000019 0.3114792655
v -0.03671382375 -0.01480000019 0.310898053
v -0.03323639661 -0.01480000019 0.3086478503
v -0.03326334496 -0.01480000019 0.3085897285
v -0.03722703927 -0.01480000019 0.3097936448
v -0.0374965323 -0.01480000019 0.3092124323
v -0.03276591147 -0.01480000019 0.306240162
v -0.03246947008 -0.01480000019 0.306879501
v -0.03548886094 -0.01480000019 0.3086679021
v -0.03546191259 -0.01480000019 0.3087260238
v -0.03209217888 -0.01480000019 0.3076931957
v -0.0317945597 -0.01480000019 0.3083326348
v -0.03476005386 -0.01480000019 0.3102372841
v -0.085471063 -0.01480000019 0.3521416398
v -0.08579274735 -0.01480000019 0.3524115577
v -0.08613305686 -0.01480000019 0.352617999
v -0.08652628543 -0.01480000019 0.3526424505
v -0.08687505334 -0.01480000019 0.3524526592
v -0.08715669194 -0.01480000019 0.3521694937
v -0.08738067132 -0.01480000019 0.3518463217
v -0.08749370968 -0.01480000019 0.3514722141
v -0.08740198462 -0.01480000019 0.3510936723
v -0.08715028083 -0.01480000019 0.3507936945
v -0.08682860601 -0.01480000019 0.3505237766
v -0.08823313908 -0.01480000019 0.3449064131
v -0.08752429469 -0.01480000019 0.3464236816
v -0.08775136488 -0.01480000019 0.3466142158
v -0.08865172523 -0.01480000019 0.3445804942
v -0.0884624969 -0.01480000019 0.3444217173
v -0.08661602347 -0.01480000019 0.3456615543
v -0.08684308413 -0.01480000019 0.3458520885
v -0.08821421815 -0.01480000019 0.3448905345
v -0.09481111118 -0.01480000019 0.3414717149
v -0.09557746592 -0.01480000019 0.3421147571
v -0.09572829873 -0.01480000019 0.3419349987
v -0.09474433427 -0.01480000019 0.3411093569
v -0.09338679126 -0.01480000019 0.3427272201
v -0.09360440098 -0.01480000019 0.3429098102
v -0.09362826588 -0.01480000019 0.3397375556
v -0.09482037007 -0.01480000019 0.3407378434
v -0.09491564194 -0.01480000019 0.3406243083
v -0.09372352821 -0.01480000019 0.3396240205
v -0.09170045416 -0.01480000019 0.3413122088
v -0.09191806389 -0.01480000019 0.3414948084
v -0.0932756069 -0.01480000019 0.3398769453
v -0.09305799718 -0.01480000019 0.3396943552
v -0.09242288956 -0.01480000019 0.3404512494
v -0.09188360501 -0.01480000019 0.3399987319
v -0.09251871263 -0.01480000019 0.3392418376
v -0.0923011029 -0.01480000019 0.3390592475
v -0.09094355989 -0.01480000019 0.3406771012
v -0.09116116962 -0.01480000019 0.3408597008
v -0.09173276266 -0.01480000019 0.3401784903
v -0.09227204721 -0.01480000019 0.3406310078
v -0.08804979304 -0.01480000019 0.3382489561
v -0.08826739323 -0.01480000019 0.3384315462
v -0.08962493624 -0.01480000019 0.336813683
v -0.08938841513 -0.01480000019 0.3366152143
v -0.08788363279 -0.01480000019 0.3373517682
v -0.08787417233 -0.01480000019 0.3373438241
v -0.08885858151 -0.01480000019 0.3361706408
v -0.08864098132 -0.01480000019 0.3359880507
v -0.08728343831 -0.01480000019 0.3376059044
v -0.08751996896 -0.01480000019 0.3378043827
v -0.08902474176 -0.01480000019 0.3370678287
v -0.08903421176 -0.01480000019 0.3370757728
v -0.09088735147 -0.01480000019 0.3467627355
v -0.09098503663 -0.01480000019 0.3469354934
v -0.09097228636 -0.01480000019 0.3471350117
v -0.09087868354 -0.01480000019 0.3473139593
v -0.09075684239 -0.01480000019 0.3474754833
v -0.09097445212 -0.01480000019 0.3476580734
v -0.09114421524 -0.01480000019 0.3474077527
v -0.09124685871 -0.01480000019 0.3471244254
v -0.09121253545 -0.01480000019 0.3468264976
v -0.09103819382 -0.01480000019 0.3465829676
v -0.090445485 -0.01480000019 0.3464519529
v -0.08992810776 -0.01480000019 0.3467971458
v -0.08990521962 -0.01480000019 0.3468219986
v -0.08988274156 -0.01480000019 0.3468472424
v -0.08986053053 -0.01480000019 0.3468727246
v -0.08983845301 -0.01480000019 0.3468983308
v -0.08961498859 -0.01480000019 0.3472062631
v -0.08946213428 -0.01480000019 0.3475536106
v -0.08945689927 -0.01480000019 0.3479308174
v -0.08965835398 -0.01480000019 0.3482466168
v -0.08990605204 -0.01480000019 0.3483735504
v -0.09018455354 -0.01480000019 0.3483704409
v -0.09043446368 -0.01480000019 0.3482465772
v -0.0906315592 -0.01480000019 0.3480475069
v -0.09042340994 -0.01480000019 0.3478728514
v -0.09029756331 -0.01480000019 0.3480043061
v -0.090148714 -0.01480000019 0.3481083331
v -0.08997218894 -0.01480000019 0.3481424654
v -0.08980919633 -0.01480000019 0.3480668489
v -0.08969098798 -0.01480000019 0.3478282112
v -0.08974541371 -0.01480000019 0.3475619929
v -0.08988238954 -0.01480000019 0.3473249092
v -0.09004964456 -0.01480000019 0.3471077859
v -0.09022060943 -0.01480000019 0.3469221529
v -0.09041646524 -0.01480000019 0.3467635565
v -0.090653539 -0.01480000019 0.3466847158
v -0.08967046125 -0.01480000019 0.3457416481
v -0.08976814641 -0.01480000019 0.345914406
v -0.08975539614 -0.01480000019 0.3461139242
v -0.08966179332 -0.01480000019 0.3462928719
v -0.08953996171 -0.01480000019 0.3464543959
v -0.0897575619 -0.01480000019 0.346636986
v -0.08992733456 -0.01480000019 0.3463866653
v -0.09002996849 -0.01480000019 0.346103338
v -0.08999564523 -0.01480000019 0.3458054197
v -0.0898213036 -0.01480000019 0.3455618802
v -0.08950809763 -0.01480000019 0.3454179904
v -0.0891638308 -0.01480000019 0.3454502443
v -0.0888659414 -0.01480000019 0.3456287154
v -0.08862157233 -0.01480000019 0.3458772433
v -0.08839809837 -0.01480000019 0.3461851756
v -0.08824525359 -0.01480000019 0.3465325232
v -0.08824000905 -0.01480000019 0.34690973
v -0.08844146376 -0.01480000019 0.3472255293
v -0.08868917135 -0.01480000019 0.347352463
v -0.08896767286 -0.01480000019 0.3473493535
v -0.089217583 -0.01480000019 0.3472254898
v -0.08941466898 -0.01480000019 0.3470264195
v -0.08920652925 -0.01480000019 0.346851764
v -0.08908067309 -0.01480000019 0.3469832186
v -0.08893183332 -0.01480000019 0.3470872457
v -0.08875529872 -0.01480000019 0.3471213876
v -0.08859230611 -0.01480000019 0.347045771
v -0.08847409776 -0.01480000019 0.3468071237
v -0.08852852349 -0.01480000019 0.3465409055
v -0.08866550885 -0.01480000019 0.3463038218
v -0.08883276387 -0.01480000019 0.3460866985
v -0.08900371921 -0.01480000019 0.345901075
v -0.08919957502 -0.01480000019 0.3457424691
v -0.08943664878 -0.01480000019 0.3456636284
v -0.08501106705 -0.01480000019 0.35175566
v -0.08522867678 -0.01480000019 0.3519382501
v -0.08658621979 -0.01480000019 0.3503203965
v -0.08634968914 -0.01480000019 0.3501219182
v -0.0848449068 -0.01480000019 0.3508584721
v -0.08483544634 -0.01480000019 0.350850528
v -0.08581986505 -0.01480000019 0.3496773448
v -0.08560225533 -0.01480000019 0.3494947547
v -0.08424471231 -0.01480000019 0.3511126179
v -0.08448124297 -0.01480000019 0.3513110866
v -0.0859860253 -0.01480000019 0.3505745327
v -0.08599548577 -0.01480000019 0.3505824768
v -0.08420407379 -0.01480000019 0.3497080845
v -0.08468659555 -0.01480000019 0.3501129661
v -0.08538520821 -0.01480000019 0.3492803786
v -0.0852243708 -0.01480000019 0.3491454244
v -0.08508483891 -0.01480000019 0.3492540673
v -0.0850765799 -0.01480000019 0.349145892
v -0.08503841367 -0.01480000019 0.3490441159
v -0.08497913312 -0.01480000019 0.3489529257
v -0.08490268645 -0.01480000019 0.3488755066
v -0.08459364807 -0.01480000019 0.3487513769
v -0.084261512 -0.01480000019 0.3488001865
v -0.08397669748 -0.01480000019 0.34898046
v -0.08374079703 -0.01480000019 0.3492226174
v -0.08351773313 -0.01480000019 0.3495247132
v -0.08335706822 -0.01480000019 0.3498632298
v -0.08333606896 -0.01480000019 0.3502345143
v -0.08353231661 -0.01480000019 0.3505470902
v -0.08377097383 -0.01480000019 0.3506724884
v -0.08403998626 -0.01480000019 0.350664048
v -0.08428312532 -0.01480000019 0.3505454486
v -0.08448018272 -0.01480000019 0.3503589572
v -0.08427203345 -0.01480000019 0.3501843017
v -0.08415152739 -0.01480000019 0.3503093954
v -0.08400814262 -0.01480000019 0.3504066513
v -0.08383922789 -0.01480000019 0.3504380943
v -0.08368314942 -0.01480000019 0.3503673224
v -0.08357234159 -0.01480000019 0.3501312595
v -0.08364406698 -0.01480000019 0.3498736243
v -0.08378592563 -0.01480000019 0.3496445324
v -0.08395198857 -0.01480000019 0.3494320726
v -0.08412054065 -0.01480000019 0.3492487474
v -0.08431333517 -0.01480000019 0.3490916293
v -0.08454688987 -0.01480000019 0.3490122832
v -0.08478023502 -0.01480000019 0.3490790781
v -0.08485755909 -0.01480000019 0.3491680367
v -0.08489616402 -0.01480000019 0.3492791206
v -0.0848921111 -0.01480000019 0.3493874199
v -0.08485604331 -0.01480000019 0.349489835
v -0.08480169358 -0.01480000019 0.3495840105
v -0.08473553734 -0.01480000019 0.3496703562
v -0.08464820957 -0.01480000019 0.3497744309
v -0.0843549066 -0.01480000019 0.3495283262
v -0.08720066915 -0.01480000019 0.332308072
v -0.0873036657 -0.01480000019 0.3321521556
v -0.08735206436 -0.01480000019 0.3319724452
v -0.08732887068 -0.01480000019 0.3317872035
v -0.08724570045 -0.01480000019 0.3316203393
v -0.08821652108 -0.01480000019 0.3311935015
v -0.08798945089 -0.01480000019 0.3310029769
v -0.08706137392 -0.01480000019 0.3314173023
v -0.0868153828 -0.01480000019 0.3312108895
v -0.08740285449 -0.01480000019 0.3305107675
v -0.08718524476 -0.01480000019 0.3303281726
v -0.08582771129 -0.01480000019 0.3319460311
v -0.08630076305 -0.01480000019 0.3323429781
v -0.08651591222 -0.01480000019 0.3324825003
v -0.08676403932 -0.01480000019 0.3325436494
v -0.08700911443 -0.01480000019 0.332477979
v -0.09351052295 -0.01480000019 0.3384249089
v -0.09369975129 -0.01480000019 0.3385836859
v -0.09554622471 -0.01480000019 0.3373438392
v -0.09531915452 -0.01480000019 0.337153305
v -0.09476594781 -0.01480000019 0.3375436068
v -0.09434964928 -0.01480000019 0.3371942957
v -0.09463795349 -0.01480000019 0.336581712
v -0.0944108833 -0.01480000019 0.3363911778
v -0.09581373952 -0.01480000019 0.3371330005
v -0.09700584371 -0.01480000019 0.3381332883
v -0.09710111558 -0.01480000019 0.3380197532
v -0.09590900185 -0.01480000019 0.3370194654
v -0.08645749797 -0.01480000019 0.3369451144
v -0.0866467263 -0.01480000019 0.3371038913
v -0.08849319973 -0.01480000019 0.3358640543
v -0.08826613908 -0.01480000019 0.3356735201
v -0.08771292283 -0.01480000019 0.3360638122
v -0.0872966243 -0.01480000019 0.3357145107
v -0.08758492851 -0.01480000019 0.3351019175
v -0.08735785832 -0.01480000019 0.3349113928
v -0.08661153126 -0.01480000019 0.3345592308
v -0.08670921642 -0.01480000019 0.3347319888
v -0.08669646614 -0.01480000019 0.334931507
v -0.08660285379 -0.01480000019 0.3351104546
v -0.08648102218 -0.01480000019 0.3352719786
v -0.0866986319 -0.01480000019 0.3354545687
v -0.08686839503 -0.01480000019 0.335204248
v -0.0869710385 -0.01480000019 0.3349209207
v -0.08693671524 -0.01480000019 0.3346229929
v -0.08676236407 -0.01480000019 0.3343794629
v -0.0864491581 -0.01480000019 0.3342355731
v -0.08610489126 -0.01480000019 0.334267827
v -0.08580700187 -0.01480000019 0.3344462981
v -0.0855626328 -0.01480000019 0.3346948261
v -0.08533915884 -0.01480000019 0.3350027584
v -0.08518631406 -0.01480000019 0.3353501059
v -0.08518107905 -0.01480000019 0.3357273127
v -0.08538253377 -0.01480000019 0.3360431121
v -0.08563023182 -0.01480000019 0.3361700457
v -0.08590873333 -0.01480000019 0.3361669362
v -0.08615864346 -0.01480000019 0.3360430726
v -0.08635573899 -0.01480000019 0.3358440022
v -0.08614758972 -0.01480000019 0.3356693467
v -0.08602173355 -0.01480000019 0.3358008014
v -0.08587289379 -0.01480000019 0.3359048284
v -0.08569636873 -0.01480000019 0.3359389607
v -0.08553336658 -0.01480000019 0.3358633442
v -0.08541515823 -0.01480000019 0.3356247065
v -0.08546958396 -0.01480000019 0.3353584882
v -0.08560656932 -0.01480000019 0.3351214045
v -0.08577382434 -0.01480000019 0.3349042812
v -0.08594478921 -0.01480000019 0.3347186577
v -0.08614064503 -0.01480000019 0.3345600518
v -0.08637771879 -0.01480000019 0.3344812111
v -0.09687715907 -0.01480000019 0.340508195
v -0.09696321842 -0.01480000019 0.3403816328
v -0.09700763077 -0.01480000019 0.3402358731
v -0.09698996846 -0.01480000019 0.34008401
v -0.09693284312 -0.01480000019 0.339942256
v -0.09708900737 -0.01480000019 0.3399905498
v -0.09725257206 -0.01480000019 0.3399926762
v -0.09740570344 -0.01480000019 0.3399373914
v -0.09752781171 -0.01480000019 0.3398288345
v -0.09767167308 -0.01480000019 0.3395997807
v -0.09769669703 -0.01480000019 0.3393338009
v -0.09757963308 -0.01480000019 0.3390904711
v -0.09739340875 -0.01480000019 0.3388938047
v -0.09692034745 -0.01480000019 0.3384968577
v -0.09556280443 -0.01480000019 0.3401147209
v -0.09605478666 -0.01480000019 0.3405275465
v -0.09624842092 -0.01480000019 0.3406539271
v -0.09647272521 -0.01480000019 0.340704481
v -0.09669657155 -0.01480000019 0.340650846
v -0.09044366863 -0.01480000019 0.3330784254
v -0.09026391029 -0.01480000019 0.332927583
v -0.08996223512 -0.01480000019 0.3332871092
v -0.08923372224 -0.01480000019 0.3326758148
v -0.08909875853 -0.01480000019 0.3328366618
v -0.08893627458 -0.01480000019 0.334586664
v -0.08907819106 -0.01480000019 0.334705749
v -0.09000702975 -0.01480000019 0.333598789
v -0.09023409994 -0.01480000019 0.3337893232
v -0.09036906365 -0.01480000019 0.3336284762
v -0.09014199346 -0.01480000019 0.3334379516
v -0.08761455508 -0.01480000019 0.3327682192
v -0.08773692087 -0.01480000019 0.3326795082
v -0.08788736297 -0.01480000019 0.3326673009
v -0.08803645094 -0.01480000019 0.3326998304
v -0.08818234411 -0.01480000019 0.3327448436
v -0.08839851356 -0.01480000019 0.3327990501
v -0.08862055758 -0.01480000019 0.3328149284
v -0.08883766146 -0.01480000019 0.3327696571
v -0.08901450106 -0.01480000019 0.332636972
v -0.08914289384 -0.01480000019 0.3324160532
v -0.08916511401 -0.01480000019 0.3321624234
v -0.08907282653 -0.01480000019 0.3319246726
v -0.08890053539 -0.01480000019 0.331735216
v -0.08868870502 -0.01480000019 0.3316022455
v -0.08844393489 -0.01480000019 0.3315564505
v -0.08820305594 -0.01480000019 0.331620061
v -0.08801008976 -0.01480000019 0.3317780566
v -0.08795451927 -0.01480000019 0.3318442798
v -0.08817211946 -0.01480000019 0.3320268795
v -0.0882197554 -0.01480000019 0.3319701071
v -0.0883312016 -0.01480000019 0.3318711728
v -0.08847205922 -0.01480000019 0.3318247858
v -0.08861993599 -0.01480000019 0.3318420757
v -0.08874969304 -0.01480000019 0.3319149743
v -0.08885043939 -0.01480000019 0.3320233687
v -0.08890325411 -0.01480000019 0.3321606119
v -0.08888621221 -0.01480000019 0.3323072584
v -0.08881276998 -0.01480000019 0.332435461
v -0.08868110585 -0.01480000019 0.3325212729
v -0.08852359703 -0.01480000019 0.3325395455
v -0.08836559224 -0.01480000019 0.332520253
v -0.08821170728 -0.01480000019 0.3324792739
v -0.08800763041 -0.01480000019 0.3324189829
v -0.08779692555 -0.01480000019 0.3323909739
v -0.0875891486 -0.01480000019 0.3324300272
v -0.08742076808 -0.01480000019 0.3325572477
v -0.08730614632 -0.01480000019 0.3327599323
v -0.08728793155 -0.01480000019 0.3329915703
v -0.08736116459 -0.01480000019 0.3332126604
v -0.08751123509 -0.01480000019 0.333390921
v -0.0877153693 -0.01480000019 0.3335181312
v -0.08795203318 -0.01480000019 0.333549049
v -0.08817892169 -0.01480000019 0.3334696266
v -0.08836383887 -0.01480000019 0.3333163326
v -0.08814622915 -0.01480000019 0.333133733
v -0.08804890685 -0.01480000019 0.3332281278
v -0.08792233528 -0.01480000019 0.3332769657
v -0.08778757155 -0.01480000019 0.3332691077
v -0.087670012 -0.01480000019 0.3332017022
v -0.08758740457 -0.01480000019 0.3331106169
v -0.08754304898 -0.01480000019 0.332996424
v -0.08755325308 -0.01480000019 0.3328744681
v -0.09139561171 -0.01480000019 0.3356184399
v -0.09209623886 -0.01480000019 0.336061182
v -0.09272330734 -0.01480000019 0.3354947651
v -0.09245622949 -0.01480000019 0.3347177785
v -0.09164519632 -0.01480000019 0.3347637756
v -0.09177581189 -0.01480000019 0.3349539762
v -0.09231129993 -0.01480000019 0.3349063011
v -0.09246926746 -0.01480000019 0.3354255669
v -0.09205625085 -0.01480000019 0.3358059406
v -0.09158339003 -0.01480000019 0.3355309972
v -0.09156233281 -0.01480000019 0.335477601
v -0.09154909571 -0.01480000019 0.335421792
v -0.09154261063 -0.01480000019 0.3353647909
v -0.09154373586 -0.01480000019 0.3353074178
v -0.09136701027 -0.01480000019 0.335191375
v -0.0912859387 -0.01480000019 0.3353547968
v -0.09120195843 -0.01480000019 0.3355167785
v -0.09107525368 -0.01480000019 0.335757057
v -0.09094837727 -0.01480000019 0.3359972401
v -0.09092715809 -0.01480000019 0.3360368272
v -0.09090603427 -0.01480000019 0.3360764714
v -0.09088500582 -0.01480000019 0.3361161634
v -0.09086403459 -0.01480000019 0.3361558744
v -0.0916114684 -0.01480000019 0.3367830475
v -0.09175436666 -0.01480000019 0.3366127496
v -0.09114884934 -0.01480000019 0.3361046616
v -0.09121506274 -0.01480000019 0.3359854236
v -0.09127893963 -0.01480000019 0.3358649172
v -0.09133975523 -0.01480000019 0.3357428563
v -0.0903136852 -0.01480000019 0.3344365151
v -0.08972605078 -0.01480000019 0.3347886031
v -0.08995705092 -0.01480000019 0.3354422606
v -0.09064526055 -0.01480000019 0.3355000616
v -0.09080414152 -0.01480000019 0.3348319362
v -0.09117454869 -0.01480000019 0.3348692814
v -0.09146708788 -0.01480000019 0.3346339522
v -0.0915886805 -0.01480000019 0.3341495617
v -0.09129301214 -0.01480000019 0.3337431063
v -0.09082329862 -0.01480000019 0.3335679171
v -0.09040112654 -0.01480000019 0.3338327342
v -0.09031558219 -0.01480000019 0.3339688141
v -0.09026751728 -0.01480000019 0.3341222794
v -0.09026724099 -0.01480000019 0.3342826493
v -0.03622312892 -0.01480000019 0.3050129297
v -0.03365619945 -0.01480000019 0.3046668267
v -0.03325197851 -0.01480000019 0.3052811844
v -0.03659198746 -0.01480000019 0.3056759234
v -0.03865266308 -0.01480000019 0.3070297225
v -0.03905678149 -0.01480000019 0.3064141918
v -0.03699610588 -0.01480000019 0.3050603879
v -0.03530838572 -0.01480000019 0.3021517319
v -0.03490426492 -0.01480000019 0.3027672674
v -0.03624098165 -0.01480000019 0.3049864509
v -0.03820492218 -0.01480000019 0.2986846677
v -0.03751083947 -0.01480000019 0.2995118479
v -0.0369800068 -0.01480000019 0.3003869213
v -0.03691734264 -0.01480000019 0.3013979783
v -0.03740514863 -0.01480000019 0.3022949415
v -0.03813329216 -0.01480000019 0.3030191366
v -0.03896429159 -0.01480000019 0.3035952117
v -0.03992624193 -0.01480000019 0.3038857421
v -0.04089966881 -0.01480000019 0.3036499206
v -0.04167105668 -0.01480000019 0.30300267
v -0.04236513939 -0.01480000019 0.3021754946
v -0.04765811808 -0.01480000019 0.2969682424
v -0.04558279656 -0.01480000019 0.2984169488
v -0.04593016854 -0.01480000019 0.2989157199
v -0.04861044785 -0.01480000019 0.2970450925
v -0.04547663278 -0.01480000019 0.2925520856
v -0.0429271116 -0.01480000019 0.2943305878
v -0.04327448357 -0.01480000019 0.2948293588
v -0.0452190422 -0.01480000019 0.293472768
v -0.04619163032 -0.01480000019 0.2948660034
v -0.04440474248 -0.01480000019 0.2961126973
v -0.04475211446 -0.01480000019 0.2966114636
v -0.0465390023 -0.01480000019 0.2953647745
v -0.06339571547 -0.01480000019 0.3251853111
v -0.0638039969 -0.01480000019 0.3246987362
v -0.06044662921 -0.01480000019 0.3218815834
v -0.06077348193 -0.01480000019 0.3218402124
v -0.06109629104 -0.01480000019 0.3217740268
v -0.06141484672 -0.01480000019 0.3216899885
v -0.06172851956 -0.01480000019 0.3215890892
v -0.06126627294 -0.01480000019 0.3212012164
v -0.06082156049 -0.01480000019 0.3213074469
v -0.06036942838 -0.01480000019 0.3213755258
v -0.05991294268 -0.01480000019 0.321401209
v -0.05945614219 -0.01480000019 0.3213821316
v -0.05921117238 -0.01480000019 0.3216740755
v -0.065066255 -0.01480000019 0.3184759518
v -0.0634395523 -0.01480000019 0.3177092148
v -0.0625487635 -0.01480000019 0.3178430312
v -0.06189938867 -0.01480000019 0.3184631352
v -0.06213101058 -0.01480000019 0.3201889325
v -0.06341561691 -0.01480000019 0.3214722611
v -0.06502991715 -0.01480000019 0.3222792528
v -0.06591809765 -0.01480000019 0.3221504956
v -0.06653978251 -0.01480000019 0.321511075
v -0.06632663326 -0.01480000019 0.3197781204
v -0.06725329062 -0.01480000019 0.3174258954
v -0.06795692817 -0.01480000019 0.3160374111
v -0.06713664197 -0.01480000019 0.3147226199
v -0.06560248946 -0.01480000019 0.3144484269
v -0.06446252151 -0.01480000019 0.3155152614
v -0.0646474941 -0.01480000019 0.3170467286
v -0.06600383974 -0.01480000019 0.3178564147
v -0.06916911446 -0.01480000019 0.3184530421
v -0.06961822736 -0.01480000019 0.3179178107
v -0.06902293414 -0.01480000019 0.3178148579
v -0.06842969129 -0.01480000019 0.3177007899
v -0.06783944773 -0.01480000019 0.3175720306
v -0.05551876356 -0.01480000019 0.3345727322
v -0.05592704499 -0.01480000019 0.3340861573
v -0.05256968207 -0.01480000019 0.3312689997
v -0.05289653003 -0.01480000019 0.3312276288
v -0.05321933913 -0.01480000019 0.3311614432
v -0.05353789481 -0.01480000019 0.3310774049
v -0.05385156766 -0.01480000019 0.3309765056
v -0.05338932103 -0.01480000019 0.3305886375
v -0.05294460858 -0.01480000019 0.3306948585
v -0.05249247648 -0.01480000019 0.3307629421
v -0.05203599077 -0.01480000019 0.3307886254
v -0.05157919028 -0.01480000019 0.3307695432
v -0.05133422047 -0.01480000019 0.3310614919
v -0.03004768317 -0.01480000019 0.3244671241
v -0.02724869478 -0.01480000019 0.3247120087
v -0.02504987572 -0.01480000019 0.3239514907
v -0.02296864785 -0.01480000019 0.3249915286
v -0.02225679824 -0.01480000019 0.3272065863
v -0.02334248138 -0.01480000019 0.3292643704
v -0.02557269285 -0.01480000019 0.3299272035
v -0.02760603895 -0.01480000019 0.3287964092
v -0.03040502734 -0.01480000019 0.3285515246
v -0.03179674922 -0.01480000019 0.3278270348
v -0.03226855312 -0.01480000019 0.3263306523
v -0.03154406814 -0.01480000019 0.3249389328
v -0.0640848523 -0.01480000019 0.2884133305
v -0.06383996766 -0.01480000019 0.2856143421
v -0.06460048569 -0.01480000019 0.2834155231
v -0.06356044774 -0.01480000019 0.2813342952
v -0.06134539008 -0.01480000019 0.280622448
v -0.05928760599 -0.01480000019 0.2817081287
v -0.05862477288 -0.01480000019 0.2839383426
v -0.05975556716 -0.01480000019 0.2859716887
v -0.06000045179 -0.01480000019 0.2887706771
v -0.06072494154 -0.01480000019 0.2901623966
v -0.06222132413 -0.01480000019 0.2906342029
v -0.06361304363 -0.01480000019 0.2899097155
v -0.1001386459 -0.01480000019 0.3224504997
v -0.1029376319 -0.01480000019 0.322205615
v -0.1051364533 -0.01480000019 0.3229661378
v -0.1072176836 -0.01480000019 0.3219260951
v -0.1079295308 -0.01480000019 0.3197110422
v -0.1068438453 -0.01480000019 0.3176532534
v -0.1046136386 -0.01480000019 0.3169904202
v -0.1025802925 -0.01480000019 0.3181212145
v -0.09978129692 -0.01480000019 0.3183660992
v -0.09838958219 -0.01480000019 0.3190905889
v -0.09791777352 -0.01480000019 0.3205869715
v -0.09864226327 -0.01480000019 0.3219786958
v -0.06610147673 -0.01480000019 0.3585042932
v -0.06634636136 -0.01480000019 0.3613032792
v -0.06558584333 -0.01480000019 0.3635021007
v -0.06662588128 -0.01480000019 0.3655833309
v -0.06884093418 -0.01480000019 0.3662951781
v -0.07089872303 -0.01480000019 0.3652094926
v -0.07156155615 -0.01480000019 0.3629792859
v -0.07043076187 -0.01480000019 0.3609459398
v -0.07018587723 -0.01480000019 0.3581469443
v -0.06946138749 -0.01480000019 0.3567552295
v -0.0679650049 -0.01480000019 0.3562834209
v -0.0665732854 -0.01480000019 0.3570079106
v -0.06341561691 -0.01480000019 0.3214722611
v -0.06341561691 -0.0149000001 0.3214722611
v -0.06502991715 -0.0149000001 0.3222792528
v -0.06591809765 -0.0149000001 0.3221504956
v -0.06653978251 -0.0149000001 0.321511075
v -0.06632663326 -0.0149000001 0.3197781204
v -0.065066255 -0.0149000001 0.3184759518
v -0.065066255 -0.01480000019 0.3184759518
v -0.06632663326 -0.01480000019 0.3197781204
v -0.06653978251 -0.01480000019 0.321511075
v -0.06591809765 -0.01480000019 0.3221504956
v -0.06502991715 -0.01480000019 0.3222792528
v -0.06449158584 -0.01480000019 0.3188643701
v -0.06549737045 -0.01480000019 0.3197336186
v -0.06604841032 -0.01480000019 0.3209176186
v -0.06578304193 -0.01480000019 0.321503218
v -0.06515030313 -0.01480000019 0.3216589875
v -0.06395455669 -0.01480000019 0.3210999124
v -0.06295873318 -0.01480000019 0.3202144561
v -0.06235212276 -0.01480000019 0.319057264
v -0.06263968794 -0.01480000019 0.3184835759
v -0.06327769581 -0.01480000019 0.3183439664
v -0.06044662921 -0.01480000019 0.3218815834
v -0.0638039969 -0.01480000019 0.3246987362
v -0.0638039969 -0.0149000001 0.3246987362
v -0.06044662921 -0.0149000001 0.3218815834
v -0.08920009835 -0.01480000019 0.3341953805
v -0.08929744733 -0.01480000019 0.3330033732
v -0.08982727142 -0.01480000019 0.3334479466
v -0.09154373586 -0.01480000019 0.3353074178
v -0.09154261063 -0.01480000019 0.3353647909
v -0.09154909571 -0.01480000019 0.335421792
v -0.09156233281 -0.01480000019 0.335477601
v -0.09158339003 -0.01480000019 0.3355309972
v -0.09205625085 -0.01480000019 0.3358059406
v -0.09246926746 -0.01480000019 0.3354255669
v -0.09231129993 -0.01480000019 0.3349063011
v -0.09177581189 -0.01480000019 0.3349539762
v -0.09177581189 -0.0149000001 0.3349539762
v -0.09231129993 -0.0149000001 0.3349063011
v -0.09246926746 -0.0149000001 0.3354255669
v -0.09205625085 -0.0149000001 0.3358059406
v -0.09158339003 -0.0149000001 0.3355309972
v -0.09156233281 -0.0149000001 0.335477601
v -0.09154909571 -0.0149000001 0.335421792
v -0.09154261063 -0.0149000001 0.3353647909
v -0.09154373586 -0.0149000001 0.3353074178
v -0.06134539008 -0.01610000014 0.280622448
v -0.06977436439 -0.01610000014 0.2807143817
v -0.07802344046 -0.01610000014 0.2824489601
v -0.08577561683 -0.01610000014 0.2857595244
v -0.09273297496 -0.01610000014 0.2905188549
v -0.09862815193 -0.01610000014 0.2965440444
v -0.1032345925 -0.01610000014 0.3036035532
v -0.1063752846 -0.01610000014 0.3114260947
v -0.1079295308 -0.01610000014 0.3197110422
v -0.107925634 -0.01610000014 0.3272508343
v -0.1066048367 -0.01610000014 0.3346740467
v -0.1040077269 -0.01610000014 0.3417524319
v -0.1040077269 -0.02609999895 0.3417524319
v -0.1002911644 -0.02609999895 0.3481590413
v -0.09553030821 -0.02609999895 0.353832811
v -0.08986643529 -0.02609999895 0.3586054364
v -0.08986643529 -0.01610000014 0.3586054364
v -0.08334657118 -0.01610000014 0.3623922596
v -0.07626550577 -0.01610000014 0.3649820414
v -0.06884093418 -0.01610000014 0.3662951781
v -0.06041196464 -0.01610000014 0.3662032397
v -0.05216288856 -0.01610000014 0.3644686636
v -0.04441071219 -0.01610000014 0.3611581017
v -0.03745335406 -0.01610000014 0.3563987737
v -0.03155817947 -0.01610000014 0.3503735841
v -0.02695173417 -0.01610000014 0.3433140657
v -0.02381104204 -0.01610000014 0.3354915291
v -0.02225679824 -0.01610000014 0.3272065863
v -0.02234873434 -0.01610000014 0.318777612
v -0.02408331278 -0.01610000014 0.3105285359
v -0.02739387704 -0.01610000014 0.3027763596
v -0.03215320512 -0.01610000014 0.2958190014
v -0.03817839705 -0.01610000014 0.2899238268
v -0.04523790587 -0.01610000014 0.2853173815
v -0.05306044255 -0.01610000014 0.2821766894
v -0.06134539008 -0.02970000029 0.280622448
v -0.05252110663 -0.02970000029 0.2823377302
v -0.04424628579 -0.02970000029 0.2858502011
v -0.03688257013 -0.02970000029 0.291006352
v -0.03075179095 -0.02970000029 0.2975808266
v -0.02612189687 -0.02970000029 0.3052862943
v -0.02319523551 -0.02970000029 0.3137859885
v -0.02209971303 -0.02970000029 0.3227084339
v -0.02288321034 -0.02970000029 0.3316636727
v -0.02551148509 -0.02970000029 0.3402603173
v -0.02986966892 -0.02970000029 0.3481226582
v -0.03576729101 -0.02970000029 0.3549070774
v -0.04294659176 -0.02970000029 0.3603170494
v -0.05109380473 -0.02970000029 0.3641161398
v -0.05985285865 -0.02970000029 0.366138305
v -0.06884093418 -0.02970000029 0.3662951781
v -0.07766521763 -0.02970000029 0.3645798936
v -0.08594004801 -0.02970000029 0.3610674202
v -0.0933037589 -0.02970000029 0.3559112718
v -0.09943453807 -0.02970000029 0.3493368019
v -0.1040644322 -0.02970000029 0.3416313247
v -0.1069910911 -0.02970000029 0.3331316304
v -0.1080866184 -0.02970000029 0.3242091899
v -0.1073031211 -0.02970000029 0.315253951
v -0.1046748463 -0.02970000029 0.3066573065
v -0.1003166553 -0.02970000029 0.2987949656
v -0.09441903563 -0.02970000029 0.2920105511
v -0.08723973727 -0.02970000029 0.2866005791
v -0.07909252429 -0.02970000029 0.2828014887
v -0.07033347038 -0.02970000029 0.2807793188
v -0.06884093418 -0.02970000029 0.3662951781
v -0.06884093418 -0.01610000014 0.3662951781
v -0.05975556716 -0.01539999962 0.2859716887
v -0.0611185357 -0.01539999962 0.2865710182
v -0.06260178514 -0.01539999962 0.2864412491
v -0.06383996766 -0.01539999962 0.2856143421
v -0.0640848523 -0.01539999962 0.2884133305
v -0.06361304363 -0.01539999962 0.2899097155
v -0.06222132413 -0.01539999962 0.2906342029
v -0.06072494154 -0.01539999962 0.2901623966
v -0.06000045179 -0.01539999962 0.2887706771
v -0.0621298077 -0.01539999962 0.2895881987
v -0.06301702387 -0.01539999962 0.2888169536
v -0.06255768951 -0.01539999962 0.2877348345
v -0.06138659193 -0.01539999962 0.2878372945
v -0.06112214959 -0.01539999962 0.2889827365
v -0.09019218463 -0.01529999971 0.3602050909
v -0.08991017287 -0.01480000019 0.3597922172
v -0.09002207677 -0.01480000019 0.3596492708
v -0.09003104099 -0.01480000019 0.3594679582
v -0.08993380409 -0.01480000019 0.3593146743
v -0.0902552012 -0.01529999971 0.3589316495
v -0.09051450596 -0.01529999971 0.3593404225
v -0.09049057912 -0.01529999971 0.3598239163
v -0.1051840743 -0.01480000019 0.3415894278
v -0.1056396449 -0.01529999971 0.3417954588
v -0.1053160829 -0.01529999971 0.3421555096
v -0.1048440906 -0.01529999971 0.3422630276
v -0.1043964928 -0.01529999971 0.342078645
v -0.1047178899 -0.01480000019 0.3416956203
v -0.1048857367 -0.01480000019 0.3417647709
v -0.1050627291 -0.01480000019 0.3417244492
v -0.06121465778 -0.02970000029 0.279128155
v -0.05208254744 -0.02970000029 0.2809032736
v -0.04351906867 -0.02970000029 0.2845382732
v -0.03589847876 -0.02970000029 0.2898742875
v -0.02955383615 -0.02970000029 0.2966781044
v -0.0247624354 -0.02970000029 0.3046523703
v -0.02173367896 -0.02970000029 0.3134485668
v -0.02059994091 -0.02970000029 0.3226822581
v -0.0214107687 -0.02970000029 0.331949892
v -0.02413072783 -0.02970000029 0.3408464193
v -0.02864094214 -0.02970000029 0.3489830272
v -0.03474429365 -0.02970000029 0.3560041098
v -0.04217403675 -0.02970000029 0.3616027945
v -0.05060545444 -0.02970000029 0.3655344165
v -0.0596700562 -0.02970000029 0.3676271244
v -0.06897167125 -0.02970000029 0.3677894711
v -0.07810378159 -0.02970000029 0.3660143525
v -0.08666726512 -0.02970000029 0.3623793506
v -0.09428784788 -0.02970000029 0.3570433387
v -0.1006324881 -0.02970000029 0.3502395193
v -0.105423896 -0.02970000029 0.3422652582
v -0.1084526453 -0.02970000029 0.3334690569
v -0.1095863857 -0.02970000029 0.3242353656
v -0.1087755556 -0.02970000029 0.3149677365
v -0.1060556036 -0.02970000029 0.3060712044
v -0.1015453869 -0.02970000029 0.2979345966
v -0.0954420306 -0.02970000029 0.2909135187
v -0.0880122875 -0.02970000029 0.2853148269
v -0.07958087458 -0.02970000029 0.2813832097
v -0.07051627282 -0.02970000029 0.2792904993
v -0.06134539008 -0.02970000029 0.280622448
v -0.07033347038 -0.02970000029 0.2807793188
v -0.07909252429 -0.02970000029 0.2828014887
v -0.08723973727 -0.02970000029 0.2866005791
v -0.09441903563 -0.02970000029 0.2920105511
v -0.1003166553 -0.02970000029 0.2987949656
v -0.1046748463 -0.02970000029 0.3066573065
v -0.1073031211 -0.02970000029 0.315253951
v -0.1080866184 -0.02970000029 0.3242091899
v -0.1069910911 -0.02970000029 0.3331316304
v -0.1040644322 -0.02970000029 0.3416313247
v -0.09943453807 -0.02970000029 0.3493368019
v -0.0933037589 -0.02970000029 0.3559112718
v -0.08594004801 -0.02970000029 0.3610674202
v -0.07766521763 -0.02970000029 0.3645798936
v -0.06884093418 -0.02970000029 0.3662951781
v -0.05985285865 -0.02970000029 0.366138305
v -0.05109380473 -0.02970000029 0.3641161398
v -0.04294659176 -0.02970000029 0.3603170494
v -0.03576729101 -0.02970000029 0.3549070774
v -0.02986966892 -0.02970000029 0.3481226582
v -0.02551148509 -0.02970000029 0.3402603173
v -0.02288321034 -0.02970000029 0.3316636727
v -0.02209971303 -0.02970000029 0.3227084339
v -0.02319523551 -0.02970000029 0.3137859885
v -0.02612189687 -0.02970000029 0.3052862943
v -0.03075179095 -0.02970000029 0.2975808266
v -0.03688257013 -0.02970000029 0.291006352
v -0.04424628579 -0.02970000029 0.2858502011
v -0.05252110663 -0.02970000029 0.2823377302
v -0.04124937975 -0.01480000019 0.2974021087
v -0.04296131763 -0.01480000019 0.298472009
v -0.04217002198 -0.01480000019 0.299218704
v -0.04120332689 -0.01480000019 0.2974452911
v -0.06172851956 -0.01480000019 0.3215890892
v -0.06141484672 -0.01480000019 0.3216899885
v -0.06109629104 -0.01480000019 0.3217740268
v -0.06077348193 -0.01480000019 0.3218402124
v -0.06044662921 -0.01480000019 0.3218815834
v -0.06044662921 -0.0149000001 0.3218815834
v -0.06077348193 -0.0149000001 0.3218402124
v -0.06109629104 -0.0149000001 0.3217740268
v -0.06141484672 -0.0149000001 0.3216899885
v -0.06172851956 -0.0149000001 0.3215890892
v -0.09391323046 -0.01480000019 0.3381179109
v -0.09424611879 -0.01480000019 0.3374137554
v -0.09456780314 -0.01480000019 0.3376836733
v -0.09393215139 -0.01480000019 0.33813378
v -0.09136701027 -0.01480000019 0.335191375
v -0.09154373586 -0.01480000019 0.3353074178
v -0.09154373586 -0.0149000001 0.3353074178
v -0.09136701027 -0.0149000001 0.335191375
v -0.09040112654 -0.01480000019 0.3338327342
v -0.09082329862 -0.01480000019 0.3335679171
v -0.09129301214 -0.01480000019 0.3337431063
v -0.0915886805 -0.01480000019 0.3341495617
v -0.09146708788 -0.01480000019 0.3346339522
v -0.09117454869 -0.01480000019 0.3348692814
v -0.09080414152 -0.01480000019 0.3348319362
v -0.09080414152 -0.0149000001 0.3348319362
v -0.09143088648 -0.0149000001 0.334680606
v -0.09154439165 -0.0149000001 0.3340259561
v -0.09101170656 -0.0149000001 0.3335896224
v -0.09040112654 -0.0149000001 0.3338327342
v -0.1056396449 -0.01529999971 0.3417954588
v -0.1085221199 -0.01529999971 0.3331632325
v -0.1095881784 -0.01529999971 0.3241251209
v -0.1087932273 -0.01529999971 0.3150591366
v -0.1061705218 -0.01529999971 0.3063444748
v -0.1018297542 -0.01529999971 0.2983456154
v -0.09595248563 -0.01529999971 0.2913971165
v -0.08878452611 -0.01529999971 0.2857896004
v -0.0806256636 -0.01529999971 0.2817575965
v -0.07181716597 -0.01529999971 0.2794697473
v -0.06272743301 -0.01529999971 0.2790217414
v -0.05373664703 -0.01529999971 0.2804323154
v -0.04522084646 -0.01529999971 0.283642472
v -0.03753620698 -0.01529999971 0.2885179475
v -0.03100413555 -0.01529999971 0.2948548244
v -0.02589784031 -0.01529999971 0.3023880641
v -0.02243088654 -0.01529999971 0.3108025867
v -0.02074828457 -0.01529999971 0.3197464525
v -0.02092040537 -0.01529999971 0.3288455924
v -0.02294005281 -0.01529999971 0.3377194282
v -0.02672275452 -0.01529999971 0.3459968188
v -0.03211029772 -0.01529999971 0.3533315471
v -0.03887735008 -0.01529999971 0.3594168547
v -0.04674087732 -0.01529999971 0.363998216
v -0.05537199257 -0.01529999971 0.3668840194
v -0.06440969415 -0.01529999971 0.3679535588
v -0.07347597885 -0.01529999971 0.3671621077
v -0.08219165628 -0.01529999971 0.3645427686
v -0.09019218463 -0.01529999971 0.3602050909
v -0.09019218463 -0.02609999895 0.3602050909
v -0.09643738813 -0.02609999895 0.355046627
v -0.1016440385 -0.02609999895 0.3488415454
v -0.1056396449 -0.02609999895 0.3417954588
v -0.06121465778 -0.02970000029 0.279128155
v -0.07051627282 -0.02970000029 0.2792904993
v -0.07958087458 -0.02970000029 0.2813832097
v -0.0880122875 -0.02970000029 0.2853148269
v -0.0954420306 -0.02970000029 0.2909135187
v -0.1015453869 -0.02970000029 0.2979345966
v -0.1060556036 -0.02970000029 0.3060712044
v -0.1087755556 -0.02970000029 0.3149677365
v -0.1095863857 -0.02970000029 0.3242353656
v -0.1084526453 -0.02970000029 0.3334690569
v -0.105423896 -0.02970000029 0.3422652582
v -0.1006324881 -0.02970000029 0.3502395193
v -0.09428784788 -0.02970000029 0.3570433387
v -0.08666726512 -0.02970000029 0.3623793506
v -0.07810378159 -0.02970000029 0.3660143525
v -0.06897167125 -0.02970000029 0.3677894711
v -0.0596700562 -0.02970000029 0.3676271244
v -0.05060545444 -0.02970000029 0.3655344165
v -0.04217403675 -0.02970000029 0.3616027945
v -0.03474429365 -0.02970000029 0.3560041098
v -0.02864094214 -0.02970000029 0.3489830272
v -0.02413072783 -0.02970000029 0.3408464193
v -0.0214107687 -0.02970000029 0.331949892
v -0.02059994091 -0.02970000029 0.3226822581
v -0.02173367896 -0.02970000029 0.3134485668
v -0.0247624354 -0.02970000029 0.3046523703
v -0.02955383615 -0.02970000029 0.2966781044
v -0.03589847876 -0.02970000029 0.2898742875
v -0.04351906867 -0.02970000029 0.2845382732
v -0.05208254744 -0.02970000029 0.2809032736
v -0.06440969415 -0.01529999971 0.3679535588
v -0.06897167125 -0.02970000029 0.3677894711
v -0.1016565634 -0.01610000014 0.3397795795
v -0.1040077269 -0.01610000014 0.3417524319
v -0.1066048367 -0.01610000014 0.3346740467
v -0.107925634 -0.01610000014 0.3272508343
v -0.1079295308 -0.01610000014 0.3197110422
v -0.107239084 -0.01610000014 0.3219008704
v -0.105202419 -0.01610000014 0.3229610975
v -0.1030125908 -0.01610000014 0.3222706507
v -0.1019523589 -0.01610000014 0.3202339857
v -0.1026428057 -0.01610000014 0.3180441528
v -0.1046794707 -0.01610000014 0.3169839304
v -0.1068693084 -0.01610000014 0.3176743772
v -0.1079295308 -0.01610000014 0.3197110422
v -0.1063752846 -0.01610000014 0.3114260947
v -0.1032345925 -0.01610000014 0.3036035532
v -0.09862815193 -0.01610000014 0.2965440444
v -0.09273297496 -0.01610000014 0.2905188549
v -0.08577561683 -0.01610000014 0.2857595244
v -0.07802344046 -0.01610000014 0.2824489601
v -0.06977436439 -0.01610000014 0.2807143817
v -0.06134539008 -0.01610000014 0.280622448
v -0.06353522302 -0.01610000014 0.2813128948
v -0.06459545017 -0.01610000014 0.2833495574
v -0.06390500335 -0.01610000014 0.2855393904
v -0.06186833834 -0.01610000014 0.2865996151
v -0.05967850539 -0.01610000014 0.2859091683
v -0.05861828301 -0.01610000014 0.2838725033
v -0.05930872983 -0.01610000014 0.2816826728
v -0.06134539008 -0.01610000014 0.280622448
v -0.05306044255 -0.01610000014 0.2821766894
v -0.04523790587 -0.01610000014 0.2853173815
v -0.03817839705 -0.01610000014 0.2899238268
v -0.03215320512 -0.01610000014 0.2958190014
v -0.02739387704 -0.01610000014 0.3027763596
v -0.02408331278 -0.01610000014 0.3105285359
v -0.02234873434 -0.01610000014 0.318777612
v -0.02225679824 -0.01610000014 0.3272065863
v -0.02294724506 -0.01610000014 0.3250167534
v -0.02498391007 -0.01610000014 0.3239565262
v -0.02717374063 -0.01610000014 0.324646973
v -0.0282339654 -0.01610000014 0.326683638
v -0.02754351858 -0.01610000014 0.328873471
v -0.02550685595 -0.01610000014 0.3299336934
v -0.02331702301 -0.01610000014 0.3292432465
v -0.02225679824 -0.01610000014 0.3272065863
v -0.02381104204 -0.01610000014 0.3354915291
v -0.02695173417 -0.01610000014 0.3433140657
v -0.03155817947 -0.01610000014 0.3503735841
v -0.03745335406 -0.01610000014 0.3563987737
v -0.04441071219 -0.01610000014 0.3611581017
v -0.05216288856 -0.01610000014 0.3644686636
v -0.06041196464 -0.01610000014 0.3662032397
v -0.06884093418 -0.01610000014 0.3662951781
v -0.066651106 -0.01610000014 0.3656047313
v -0.06559087885 -0.01610000014 0.3635680663
v -0.06628132567 -0.01610000014 0.3613782381
v -0.06831799068 -0.01610000014 0.3603180062
v -0.07050782363 -0.01610000014 0.361008453
v -0.07156804602 -0.01610000014 0.363045118
v -0.07087759919 -0.01610000014 0.3652349558
v -0.06884093418 -0.01610000014 0.3662951781
v -0.07626550577 -0.01610000014 0.3649820414
v -0.08334657118 -0.01610000014 0.3623922596
v -0.08986643529 -0.01610000014 0.3586054364
v -0.08751527178 -0.01610000014 0.356632584
v -0.08692145544 -0.01610000014 0.3557845397
v -0.0868312265 -0.01610000014 0.3547531983
v -0.08726875156 -0.01610000014 0.353814925
v -0.09883890444 -0.01610000014 0.3400260997
v -0.09968694874 -0.01610000014 0.3394322929
v -0.1007182901 -0.01610000014 0.3393420544
v -0.06823083264 -0.01610000014 0.3593218172
v -0.06722317453 -0.01610000014 0.3587163503
v -0.06748761687 -0.01610000014 0.3575709107
v -0.06865871444 -0.01610000014 0.3574684554
v -0.06911804881 -0.01610000014 0.3585505697
v -0.1000471294 -0.01610000014 0.3214044955
v -0.09903946655 -0.01610000014 0.3207990333
v -0.09930390889 -0.01610000014 0.3196535937
v -0.1004750112 -0.01610000014 0.3195511336
v -0.1009343408 -0.01610000014 0.320633248
v -0.0621298077 -0.01610000014 0.2895881987
v -0.06112214959 -0.01610000014 0.2889827365
v -0.06138659193 -0.01610000014 0.2878372945
v -0.06255768951 -0.01610000014 0.2877348345
v -0.06301702387 -0.01610000014 0.2888169536
v -0.0303135133 -0.01610000014 0.3275055205
v -0.02930585041 -0.01610000014 0.3269000582
v -0.02957029514 -0.01610000014 0.3257546139
v -0.03074139272 -0.01610000014 0.3256521586
v -0.0312007247 -0.01610000014 0.3267342729
v -0.06383996766 -0.01480000019 0.2856143421
v -0.0640848523 -0.01480000019 0.2884133305
v -0.0640848523 -0.01539999962 0.2884133305
v -0.06383996766 -0.01539999962 0.2856143421
v -0.05975556716 -0.01539999962 0.2859716887
v -0.06000045179 -0.01539999962 0.2887706771
v -0.06000045179 -0.01480000019 0.2887706771
v -0.05975556716 -0.01480000019 0.2859716887
v -0.1056396449 -0.02609999895 0.3417954588
v -0.1016440385 -0.02609999895 0.3488415454
v -0.09643738813 -0.02609999895 0.355046627
v -0.09019218463 -0.02609999895 0.3602050909
v -0.09049057912 -0.02609999895 0.3598239163
v -0.09051450596 -0.02609999895 0.3593404225
v -0.0902552012 -0.02609999895 0.3589316495
v -0.08986643529 -0.02609999895 0.3586054364
v -0.09553030821 -0.02609999895 0.353832811
v -0.1002911644 -0.02609999895 0.3481590413
v -0.1040077269 -0.02609999895 0.3417524319
v -0.1043964928 -0.02609999895 0.342078645
v -0.1048440906 -0.02609999895 0.3422630276
v -0.1053160829 -0.02609999895 0.3421555096
v -0.0902552012 -0.01529999971 0.3589316495
v -0.08993380409 -0.01480000019 0.3593146743
v -0.08719387467 -0.01480000019 0.3570156087
v -0.08751527178 -0.01529999971 0.356632584
v -0.04143336651 -0.01480000019 0.3023471862
v -0.04120881006 -0.01480000019 0.302614802
v -0.04063347823 -0.01480000019 0.3030807635
v -0.03990559839 -0.01480000019 0.3031704244
v -0.0392237422 -0.01480000019 0.3028766987
v -0.03862323178 -0.01480000019 0.3024352439
v -0.03808089059 -0.01480000019 0.3019157356
v -0.03766718319 -0.01480000019 0.3012921573
v -0.03761598389 -0.01480000019 0.3005544044
v -0.03797308609 -0.01480000019 0.2998997159
v -0.03819764254 -0.01480000019 0.2996321002
v -0.06126627294 -0.01480000019 0.3212012164
v -0.06172851956 -0.01480000019 0.3215890892
v -0.06172851956 -0.0149000001 0.3215890892
v -0.06126627294 -0.0149000001 0.3212012164
v -0.09698711482 -0.01480000019 0.3388592157
v -0.09720472455 -0.01480000019 0.3390418153
v -0.09732716701 -0.01480000019 0.3391660789
v -0.09740792442 -0.01480000019 0.3393197824
v -0.09739347656 -0.01480000019 0.3394909384
v -0.09730075106 -0.01480000019 0.3396383098
v -0.09718218091 -0.01480000019 0.3397391325
v -0.09703089961 -0.01480000019 0.3397688206
v -0.09688070536 -0.01480000019 0.3397263633
v -0.09674884067 -0.01480000019 0.3396427549
v -0.09650284955 -0.01480000019 0.3394363516
v -0.09086403459 -0.01480000019 0.3361558744
v -0.09088500582 -0.01480000019 0.3361161634
v -0.09090603427 -0.01480000019 0.3360764714
v -0.09092715809 -0.01480000019 0.3360368272
v -0.09094837727 -0.01480000019 0.3359972401
v -0.09107525368 -0.01480000019 0.335757057
v -0.09120195843 -0.01480000019 0.3355167785
v -0.0912859387 -0.01480000019 0.3353547968
v -0.09136701027 -0.01480000019 0.335191375
v -0.09136701027 -0.0149000001 0.335191375
v -0.0912859387 -0.0149000001 0.3353547968
v -0.09120195843 -0.0149000001 0.3355167785
v -0.09107525368 -0.0149000001 0.335757057
v -0.09094837727 -0.0149000001 0.3359972401
v -0.09092715809 -0.0149000001 0.3360368272
v -0.09090603427 -0.0149000001 0.3360764714
v -0.09088500582 -0.0149000001 0.3361161634
v -0.09086403459 -0.0149000001 0.3361558744
v -0.09080414152 -0.01480000019 0.3348319362
v -0.09064526055 -0.01480000019 0.3355000616
v -0.08995705092 -0.01480000019 0.3354422606
v -0.08972605078 -0.01480000019 0.3347886031
v -0.0903136852 -0.01480000019 0.3344365151
v -0.0903136852 -0.0149000001 0.3344365151
v -0.09004355698 -0.0149000001 0.3344541108
v -0.0898280078 -0.0149000001 0.3346203843
v -0.08970220939 -0.0149000001 0.3350565475
v -0.08995237791 -0.0149000001 0.3354385985
v -0.09038341037 -0.0149000001 0.3355964785
v -0.09076956222 -0.0149000001 0.335363047
v -0.09083478379 -0.0149000001 0.3352392409
v -0.09086451912 -0.0149000001 0.3351029417
v -0.09085039496 -0.0149000001 0.3349639818
v -0.09080414152 -0.0149000001 0.3348319362
v -0.0903136852 -0.01480000019 0.3344365151
v -0.09026724099 -0.01480000019 0.3342826493
v -0.09026751728 -0.01480000019 0.3341222794
v -0.09031558219 -0.01480000019 0.3339688141
v -0.09040112654 -0.01480000019 0.3338327342
v -0.09040112654 -0.0149000001 0.3338327342
v -0.09031558219 -0.0149000001 0.3339688141
v -0.09026751728 -0.0149000001 0.3341222794
v -0.09026724099 -0.0149000001 0.3342826493
v -0.0903136852 -0.0149000001 0.3344365151
v -0.0303135133 -0.01610000014 0.3275055205
v -0.0312007247 -0.01610000014 0.3267342729
v -0.03074139272 -0.01610000014 0.3256521586
v -0.02957029514 -0.01610000014 0.3257546139
v -0.02930585041 -0.01610000014 0.3269000582
v -0.0303135133 -0.01539999962 0.3275055205
v -0.02930585041 -0.01539999962 0.3269000582
v -0.02957029514 -0.01539999962 0.3257546139
v -0.03074139272 -0.01539999962 0.3256521586
v -0.0312007247 -0.01539999962 0.3267342729
v -0.02957029514 -0.01539999962 0.3257546139
v -0.02957029514 -0.01610000014 0.3257546139
v -0.02724869478 -0.01480000019 0.3247120087
v -0.03004768317 -0.01480000019 0.3244671241
v -0.03004768317 -0.01539999962 0.3244671241
v -0.02724869478 -0.01539999962 0.3247120087
v -0.1016565634 -0.01610000014 0.3397795795
v -0.1016565634 -0.01529999971 0.3397795795
v -0.1043964928 -0.01529999971 0.342078645
v -0.1043964928 -0.02609999895 0.342078645
v -0.1040077269 -0.02609999895 0.3417524319
v -0.1040077269 -0.01610000014 0.3417524319
v -0.09019218463 -0.02609999895 0.3602050909
v -0.09019218463 -0.01529999971 0.3602050909
v -0.09049057912 -0.01529999971 0.3598239163
v -0.09051450596 -0.01529999971 0.3593404225
v -0.0902552012 -0.01529999971 0.3589316495
v -0.0902552012 -0.02609999895 0.3589316495
v -0.09051450596 -0.02609999895 0.3593404225
v -0.09049057912 -0.02609999895 0.3598239163
v -0.1043964928 -0.02609999895 0.342078645
v -0.1043964928 -0.01529999971 0.342078645
v -0.1048440906 -0.01529999971 0.3422630276
v -0.1053160829 -0.01529999971 0.3421555096
v -0.1056396449 -0.01529999971 0.3417954588
v -0.1056396449 -0.02609999895 0.3417954588
v -0.1053160829 -0.02609999895 0.3421555096
v -0.1048440906 -0.02609999895 0.3422630276
v -0.1047178899 -0.01480000019 0.3416956203
v -0.1043964928 -0.01529999971 0.342078645
v -0.1016565634 -0.01529999971 0.3397795795
v -0.1019779605 -0.01480000019 0.3393965642
v -0.1019779605 -0.01480000019 0.3393965642
v -0.1016565634 -0.01529999971 0.3397795795
v -0.1007182901 -0.01529999971 0.3393420544
v -0.09968694874 -0.01529999971 0.3394322929
v -0.09883890444 -0.01529999971 0.3400260997
v -0.09845587966 -0.01480000019 0.3397047121
v -0.09951594458 -0.01480000019 0.3389624465
v -0.1008051118 -0.01480000019 0.3388496531
v -0.08715669194 -0.01480000019 0.3521694937
v -0.08687505334 -0.01480000019 0.3524526592
v -0.08652628543 -0.01480000019 0.3526424505
v -0.08613305686 -0.01480000019 0.352617999
v -0.08579274735 -0.01480000019 0.3524115577
v -0.08579274735 -0.0149000001 0.3524115577
v -0.08613305686 -0.0149000001 0.352617999
v -0.08652628543 -0.0149000001 0.3526424505
v -0.08687505334 -0.0149000001 0.3524526592
v -0.08715669194 -0.0149000001 0.3521694937
v -0.05945614219 -0.01480000019 0.3213821316
v -0.05991294268 -0.01480000019 0.321401209
v -0.06036942838 -0.01480000019 0.3213755258
v -0.06082156049 -0.01480000019 0.3213074469
v -0.06126627294 -0.01480000019 0.3212012164
v -0.06126627294 -0.0149000001 0.3212012164
v -0.06082156049 -0.0149000001 0.3213074469
v -0.06036942838 -0.0149000001 0.3213755258
v -0.05991294268 -0.0149000001 0.321401209
v -0.05945614219 -0.0149000001 0.3213821316
v -0.08686020548 -0.01480000019 0.3366381164
v -0.0871930938 -0.01480000019 0.3359339609
v -0.08751477816 -0.01480000019 0.3362038883
v -0.08687912641 -0.01480000019 0.3366539951
v -0.0916114684 -0.01480000019 0.3367830475
v -0.09086403459 -0.01480000019 0.3361558744
v -0.09086403459 -0.0149000001 0.3361558744
v -0.0916114684 -0.0149000001 0.3367830475
v -0.06823083264 -0.01610000014 0.3593218172
v -0.06911804881 -0.01610000014 0.3585505697
v -0.06865871444 -0.01610000014 0.3574684554
v -0.06748761687 -0.01610000014 0.3575709107
v -0.06722317453 -0.01610000014 0.3587163503
v -0.06823083264 -0.01539999962 0.3593218172
v -0.06722317453 -0.01539999962 0.3587163503
v -0.06748761687 -0.01539999962 0.3575709107
v -0.06865871444 -0.01539999962 0.3574684554
v -0.06911804881 -0.01539999962 0.3585505697
v -0.06748761687 -0.01539999962 0.3575709107
v -0.06748761687 -0.01610000014 0.3575709107
v -0.06634636136 -0.01480000019 0.3613032792
v -0.06610147673 -0.01480000019 0.3585042932
v -0.06610147673 -0.01539999962 0.3585042932
v -0.06634636136 -0.01539999962 0.3613032792
v -0.07043076187 -0.01539999962 0.3609459398
v -0.07018587723 -0.01539999962 0.3581469443
v -0.07018587723 -0.01480000019 0.3581469443
v -0.07043076187 -0.01480000019 0.3609459398
v -0.02760603895 -0.01539999962 0.3287964092
v -0.03040502734 -0.01539999962 0.3285515246
v -0.03040502734 -0.01480000019 0.3285515246
v -0.02760603895 -0.01480000019 0.3287964092
v -0.0902552012 -0.02609999895 0.3589316495
v -0.0902552012 -0.01529999971 0.3589316495
v -0.08751527178 -0.01529999971 0.356632584
v -0.08751527178 -0.01610000014 0.356632584
v -0.08986643529 -0.01610000014 0.3586054364
v -0.08986643529 -0.02609999895 0.3586054364
v -0.08751527178 -0.01529999971 0.356632584
v -0.08719387467 -0.01480000019 0.3570156087
v -0.08645160901 -0.01480000019 0.3559555438
v -0.08633882523 -0.01480000019 0.3546663766
v -0.08688572678 -0.01480000019 0.3534935279
v -0.08726875156 -0.01529999971 0.353814925
v -0.0868312265 -0.01529999971 0.3547531983
v -0.08692145544 -0.01529999971 0.3557845397
v -0.0677696187 -0.01480000019 0.3115732953
v -0.06846370142 -0.01480000019 0.3107461151
v -0.06846370142 -0.0149000001 0.3107461151
v -0.0677696187 -0.0149000001 0.3115732953
v -0.08726875156 -0.01529999971 0.353814925
v -0.08688572678 -0.01480000019 0.3534935279
v -0.09845587966 -0.01480000019 0.3397047121
v -0.09883890444 -0.01529999971 0.3400260997
v -0.08715028083 -0.01480000019 0.3507936945
v -0.08740198462 -0.01480000019 0.3510936723
v -0.08749370968 -0.01480000019 0.3514722141
v -0.08738067132 -0.01480000019 0.3518463217
v -0.08715669194 -0.01480000019 0.3521694937
v -0.08715669194 -0.0149000001 0.3521694937
v -0.08738067132 -0.0149000001 0.3518463217
v -0.08749370968 -0.0149000001 0.3514722141
v -0.08740198462 -0.0149000001 0.3510936723
v -0.08715028083 -0.0149000001 0.3507936945
v -0.05921117238 -0.01480000019 0.3216740755
v -0.05945614219 -0.01480000019 0.3213821316
v -0.05945614219 -0.0149000001 0.3213821316
v -0.05921117238 -0.0149000001 0.3216740755
v -0.08692945249 -0.01480000019 0.3316129393
v -0.08666454045 -0.01480000019 0.3313906574
v -0.08666454045 -0.0149000001 0.3313906574
v -0.08692945249 -0.0149000001 0.3316129393
v -0.09175436666 -0.01480000019 0.3366127496
v -0.0916114684 -0.01480000019 0.3367830475
v -0.0916114684 -0.0149000001 0.3367830475
v -0.09175436666 -0.0149000001 0.3366127496
v -0.1000471294 -0.01610000014 0.3214044955
v -0.1009343408 -0.01610000014 0.320633248
v -0.1004750112 -0.01610000014 0.3195511336
v -0.09930390889 -0.01610000014 0.3196535937
v -0.09903946655 -0.01610000014 0.3207990333
v -0.1000471294 -0.01539999962 0.3214044955
v -0.09903946655 -0.01539999962 0.3207990333
v -0.09930390889 -0.01539999962 0.3196535937
v -0.1004750112 -0.01539999962 0.3195511336
v -0.1009343408 -0.01539999962 0.320633248
v -0.09930390889 -0.01539999962 0.3196535937
v -0.09930390889 -0.01610000014 0.3196535937
v -0.1029376319 -0.01480000019 0.322205615
v -0.1001386459 -0.01480000019 0.3224504997
v -0.1001386459 -0.01539999962 0.3224504997
v -0.1029376319 -0.01539999962 0.322205615
v -0.1025802925 -0.01539999962 0.3181212145
v -0.09978129692 -0.01539999962 0.3183660992
v -0.09978129692 -0.01480000019 0.3183660992
v -0.1025802925 -0.01480000019 0.3181212145
v -0.07043076187 -0.01539999962 0.3609459398
v -0.06906779332 -0.01539999962 0.3603466056
v -0.06758454389 -0.01539999962 0.3604763747
v -0.06634636136 -0.01539999962 0.3613032792
v -0.06610147673 -0.01539999962 0.3585042932
v -0.0665732854 -0.01539999962 0.3570079106
v -0.0679650049 -0.01539999962 0.3562834209
v -0.06946138749 -0.01539999962 0.3567552295
v -0.07018587723 -0.01539999962 0.3581469443
v -0.06823083264 -0.01539999962 0.3593218172
v -0.06911804881 -0.01539999962 0.3585505697
v -0.06865871444 -0.01539999962 0.3574684554
v -0.06748761687 -0.01539999962 0.3575709107
v -0.06722317453 -0.01539999962 0.3587163503
v -0.02760603895 -0.01539999962 0.3287964092
v -0.02820537079 -0.01539999962 0.3274334455
v -0.02807560173 -0.01539999962 0.3259501912
v -0.02724869478 -0.01539999962 0.3247120087
v -0.03004768317 -0.01539999962 0.3244671241
v -0.03154406814 -0.01539999962 0.3249389328
v -0.03226855312 -0.01539999962 0.3263306523
v -0.03179674922 -0.01539999962 0.3278270348
v -0.03040502734 -0.01539999962 0.3285515246
v -0.0303135133 -0.01539999962 0.3275055205
v -0.0312007247 -0.01539999962 0.3267342729
v -0.03074139272 -0.01539999962 0.3256521586
v -0.02957029514 -0.01539999962 0.3257546139
v -0.02930585041 -0.01539999962 0.3269000582
v -0.0621298077 -0.01610000014 0.2895881987
v -0.06301702387 -0.01610000014 0.2888169536
v -0.06255768951 -0.01610000014 0.2877348345
v -0.06138659193 -0.01610000014 0.2878372945
v -0.06112214959 -0.01610000014 0.2889827365
v -0.0621298077 -0.01539999962 0.2895881987
v -0.06112214959 -0.01539999962 0.2889827365
v -0.06138659193 -0.01539999962 0.2878372945
v -0.06255768951 -0.01539999962 0.2877348345
v -0.06301702387 -0.01539999962 0.2888169536
v -0.06138659193 -0.01539999962 0.2878372945
v -0.06138659193 -0.01610000014 0.2878372945
v -0.09883890444 -0.01610000014 0.3400260997
v -0.09883890444 -0.01529999971 0.3400260997
v -0.09968694874 -0.01529999971 0.3394322929
v -0.1007182901 -0.01529999971 0.3393420544
v -0.1016565634 -0.01529999971 0.3397795795
v -0.1016565634 -0.01610000014 0.3397795795
v -0.1007182901 -0.01610000014 0.3393420544
v -0.09968694874 -0.01610000014 0.3394322929
v -0.07039526934 -0.01480000019 0.3084441565
v -0.07108935205 -0.01480000019 0.3076169763
v -0.07108935205 -0.0149000001 0.3076169763
v -0.07039526934 -0.0149000001 0.3084441565
v -0.06839206901 -0.01480000019 0.3150805841
v -0.06766392786 -0.01480000019 0.3143563889
v -0.06717612187 -0.01480000019 0.3134594257
v -0.06723878604 -0.01480000019 0.3124483687
v -0.0677696187 -0.01480000019 0.3115732953
v -0.0677696187 -0.0149000001 0.3115732953
v -0.06723878604 -0.0149000001 0.3124483687
v -0.06717612187 -0.0149000001 0.3134594257
v -0.06766392786 -0.0149000001 0.3143563889
v -0.06839206901 -0.0149000001 0.3150805841
v -0.06846370142 -0.01480000019 0.3107461151
v -0.07262391625 -0.01480000019 0.3142369373
v -0.07262391625 -0.0149000001 0.3142369373
v -0.06846370142 -0.0149000001 0.3107461151
v -0.06839206901 -0.0149000001 0.3150805841
v -0.06766392786 -0.0149000001 0.3143563889
v -0.06717612187 -0.0149000001 0.3134594257
v -0.06723878604 -0.0149000001 0.3124483687
v -0.0677696187 -0.0149000001 0.3115732953
v -0.06846370142 -0.0149000001 0.3107461151
v -0.07262391625 -0.0149000001 0.3142369373
v -0.07192983353 -0.0149000001 0.3150641175
v -0.07115844566 -0.0149000001 0.3157113633
v -0.07018502116 -0.0149000001 0.3159471896
v -0.06922306844 -0.0149000001 0.3156566591
v -0.07146758691 -0.0149000001 0.3146762494
v -0.07169214336 -0.0149000001 0.3144086337
v -0.06845642178 -0.0149000001 0.3116935477
v -0.06823186532 -0.0149000001 0.3119611634
v -0.06787476312 -0.0149000001 0.3126158519
v -0.06792596243 -0.0149000001 0.3133535999
v -0.06833966744 -0.0149000001 0.313977183
v -0.06888200863 -0.0149000001 0.3144966914
v -0.06948251905 -0.0149000001 0.3149381462
v -0.07016437762 -0.0149000001 0.3152318719
v -0.07089225985 -0.0149000001 0.3151422109
v -0.05256968207 -0.01480000019 0.3312689997
v -0.05592704499 -0.01480000019 0.3340861573
v -0.05592704499 -0.0149000001 0.3340861573
v -0.05256968207 -0.0149000001 0.3312689997
v -0.06916911446 -0.01480000019 0.3184530421
v -0.06600383974 -0.01480000019 0.3178564147
v -0.0646474941 -0.01480000019 0.3170467286
v -0.06446252151 -0.01480000019 0.3155152614
v -0.06560248946 -0.01480000019 0.3144484269
v -0.06713664197 -0.01480000019 0.3147226199
v -0.06795692817 -0.01480000019 0.3160374111
v -0.06725329062 -0.01480000019 0.3174258954
v -0.06725329062 -0.0149000001 0.3174258954
v -0.06795692817 -0.0149000001 0.3160374111
v -0.06713664197 -0.0149000001 0.3147226199
v -0.06560248946 -0.0149000001 0.3144484269
v -0.06446252151 -0.0149000001 0.3155152614
v -0.0646474941 -0.0149000001 0.3170467286
v -0.06600383974 -0.0149000001 0.3178564147
v -0.06916911446 -0.0149000001 0.3184530421
v -0.08682860601 -0.01480000019 0.3505237766
v -0.08715028083 -0.01480000019 0.3507936945
v -0.08715028083 -0.0149000001 0.3507936945
v -0.08682860601 -0.0149000001 0.3505237766
v -0.06339571547 -0.01480000019 0.3251853111
v -0.05921117238 -0.01480000019 0.3216740755
v -0.05921117238 -0.0149000001 0.3216740755
v -0.06339571547 -0.0149000001 0.3251853111
v -0.08929744733 -0.01480000019 0.3330033732
v -0.08920009835 -0.01480000019 0.3341953805
v -0.08920009835 -0.0149000001 0.3341953805
v -0.08929744733 -0.0149000001 0.3330033732
v -0.08698306896 -0.01480000019 0.3321254819
v -0.08706129865 -0.01480000019 0.3320019333
v -0.08708023837 -0.01480000019 0.331858348
v -0.0870261648 -0.01480000019 0.3317226975
v -0.08692945249 -0.01480000019 0.3316129393
v -0.08692945249 -0.0149000001 0.3316129393
v -0.08698861855 -0.0149000001 0.3316711038
v -0.08703600675 -0.0149000001 0.3317392342
v -0.08707569884 -0.0149000001 0.331836528
v -0.08707978075 -0.0149000001 0.3319409648
v -0.08704331242 -0.0149000001 0.3320393173
v -0.08698306896 -0.0149000001 0.3321254819
v -0.08666454045 -0.01480000019 0.3313906574
v -0.08619615383 -0.01480000019 0.3319488628
v -0.08619615383 -0.0149000001 0.3319488628
v -0.08666454045 -0.0149000001 0.3313906574
v -0.09114884934 -0.01480000019 0.3361046616
v -0.09175436666 -0.01480000019 0.3366127496
v -0.09175436666 -0.0149000001 0.3366127496
v -0.09114884934 -0.0149000001 0.3361046616
v -0.09164519632 -0.01480000019 0.3347637756
v -0.09245622949 -0.01480000019 0.3347177785
v -0.09272330734 -0.01480000019 0.3354947651
v -0.09209623886 -0.01480000019 0.336061182
v -0.09139561171 -0.01480000019 0.3356184399
v -0.09139561171 -0.0149000001 0.3356184399
v -0.09209623886 -0.0149000001 0.336061182
v -0.09272330734 -0.0149000001 0.3354947651
v -0.09245622949 -0.0149000001 0.3347177785
v -0.09164519632 -0.0149000001 0.3347637756
v -0.1025802925 -0.01539999962 0.3181212145
v -0.1019809582 -0.01539999962 0.3194841831
v -0.1021107273 -0.01539999962 0.3209674325
v -0.1029376319 -0.01539999962 0.322205615
v -0.1001386459 -0.01539999962 0.3224504997
v -0.09864226327 -0.01539999962 0.3219786958
v -0.09791777352 -0.01539999962 0.3205869715
v -0.09838958219 -0.01539999962 0.3190905889
v -0.09978129692 -0.01539999962 0.3183660992
v -0.1000471294 -0.01539999962 0.3214044955
v -0.1009343408 -0.01539999962 0.320633248
v -0.1004750112 -0.01539999962 0.3195511336
v -0.09930390889 -0.01539999962 0.3196535937
v -0.09903946655 -0.01539999962 0.3207990333
v -0.06610147673 -0.01480000019 0.3585042932
v -0.0665732854 -0.01480000019 0.3570079106
v -0.0679650049 -0.01480000019 0.3562834209
v -0.06946138749 -0.01480000019 0.3567552295
v -0.07018587723 -0.01480000019 0.3581469443
v -0.07018587723 -0.01539999962 0.3581469443
v -0.06946138749 -0.01539999962 0.3567552295
v -0.0679650049 -0.01539999962 0.3562834209
v -0.0665732854 -0.01539999962 0.3570079106
v -0.06610147673 -0.01539999962 0.3585042932
v -0.08751527178 -0.01610000014 0.356632584
v -0.08751527178 -0.01529999971 0.356632584
v -0.08692145544 -0.01529999971 0.3557845397
v -0.0868312265 -0.01529999971 0.3547531983
v -0.08726875156 -0.01529999971 0.353814925
v -0.08726875156 -0.01610000014 0.353814925
v -0.0868312265 -0.01610000014 0.3547531983
v -0.08692145544 -0.01610000014 0.3557845397
v -0.03004768317 -0.01480000019 0.3244671241
v -0.03154406814 -0.01480000019 0.3249389328
v -0.03226855312 -0.01480000019 0.3263306523
v -0.03179674922 -0.01480000019 0.3278270348
v -0.03040502734 -0.01480000019 0.3285515246
v -0.03040502734 -0.01539999962 0.3285515246
v -0.03179674922 -0.01539999962 0.3278270348
v -0.03226855312 -0.01539999962 0.3263306523
v -0.03154406814 -0.01539999962 0.3249389328
v -0.03004768317 -0.01539999962 0.3244671241
v -0.08726875156 -0.01610000014 0.353814925
v -0.08726875156 -0.01529999971 0.353814925
v -0.09883890444 -0.01529999971 0.3400260997
v -0.09883890444 -0.01610000014 0.3400260997
v -0.02882976437 -0.01480000019 0.3188022483
v -0.02895419614 -0.01480000019 0.3180818616
v -0.02895419614 -0.0149000001 0.3180818616
v -0.02882976437 -0.0149000001 0.3188022483
v -0.07101771965 -0.01480000019 0.3119514453
v -0.0702895785 -0.01480000019 0.3112272502
v -0.06980177251 -0.01480000019 0.3103302822
v -0.06986443191 -0.01480000019 0.3093192299
v -0.07039526934 -0.01480000019 0.3084441565
v -0.07039526934 -0.0149000001 0.3084441565
v -0.06986443191 -0.0149000001 0.3093192299
v -0.06980177251 -0.0149000001 0.3103302822
v -0.0702895785 -0.0149000001 0.3112272502
v -0.07101771965 -0.0149000001 0.3119514453
v -0.07108935205 -0.01480000019 0.3076169763
v -0.07524956688 -0.01480000019 0.3111077985
v -0.07524956688 -0.0149000001 0.3111077985
v -0.07108935205 -0.0149000001 0.3076169763
v -0.07101771965 -0.0149000001 0.3119514453
v -0.0702895785 -0.0149000001 0.3112272502
v -0.06980177251 -0.0149000001 0.3103302822
v -0.06986443191 -0.0149000001 0.3093192299
v -0.07039526934 -0.0149000001 0.3084441565
v -0.07108935205 -0.0149000001 0.3076169763
v -0.07524956688 -0.0149000001 0.3111077985
v -0.07455548417 -0.0149000001 0.3119349787
v -0.07378409629 -0.0149000001 0.3125822245
v -0.0728106718 -0.0149000001 0.3128180508
v -0.07184871908 -0.0149000001 0.3125275204
v -0.07409323754 -0.0149000001 0.3115471106
v -0.074317794 -0.0149000001 0.3112794901
v -0.07108207241 -0.0149000001 0.3085644089
v -0.07085751596 -0.0149000001 0.3088320246
v -0.07050041376 -0.0149000001 0.3094867131
v -0.07055161306 -0.0149000001 0.3102244611
v -0.07096531807 -0.0149000001 0.3108480442
v -0.07150765926 -0.0149000001 0.3113675526
v -0.07210816968 -0.0149000001 0.3118090074
v -0.07279002826 -0.0149000001 0.3121027283
v -0.07351790572 -0.0149000001 0.3120130674
v -0.07192983353 -0.01480000019 0.3150641175
v -0.07115844566 -0.01480000019 0.3157113633
v -0.07018502116 -0.01480000019 0.3159471896
v -0.06922306844 -0.01480000019 0.3156566591
v -0.06839206901 -0.01480000019 0.3150805841
v -0.06839206901 -0.0149000001 0.3150805841
v -0.06922306844 -0.0149000001 0.3156566591
v -0.07018502116 -0.0149000001 0.3159471896
v -0.07115844566 -0.0149000001 0.3157113633
v -0.07192983353 -0.0149000001 0.3150641175
v -0.07262391625 -0.01480000019 0.3142369373
v -0.07192983353 -0.01480000019 0.3150641175
v -0.07192983353 -0.0149000001 0.3150641175
v -0.07262391625 -0.0149000001 0.3142369373
v -0.06888200863 -0.01480000019 0.3144966914
v -0.06948251905 -0.01480000019 0.3149381462
v -0.07016437762 -0.01480000019 0.3152318719
v -0.07089225985 -0.01480000019 0.3151422109
v -0.07146758691 -0.01480000019 0.3146762494
v -0.07146758691 -0.0149000001 0.3146762494
v -0.07089225985 -0.0149000001 0.3151422109
v -0.07016437762 -0.0149000001 0.3152318719
v -0.06948251905 -0.0149000001 0.3149381462
v -0.06888200863 -0.0149000001 0.3144966914
v -0.05385156766 -0.01480000019 0.3309765056
v -0.05353789481 -0.01480000019 0.3310774049
v -0.05321933913 -0.01480000019 0.3311614432
v -0.05289653003 -0.01480000019 0.3312276288
v -0.05256968207 -0.01480000019 0.3312689997
v -0.05256968207 -0.0149000001 0.3312689997
v -0.05289653003 -0.0149000001 0.3312276288
v -0.05321933913 -0.0149000001 0.3311614432
v -0.05353789481 -0.0149000001 0.3310774049
v -0.05385156766 -0.0149000001 0.3309765056
v -0.05592704499 -0.01480000019 0.3340861573
v -0.05551876356 -0.01480000019 0.3345727322
v -0.05551876356 -0.0149000001 0.3345727322
v -0.05592704499 -0.0149000001 0.3340861573
v -0.06961822736 -0.01480000019 0.3179178107
v -0.06916911446 -0.01480000019 0.3184530421
v -0.06916911446 -0.0149000001 0.3184530421
v -0.06961822736 -0.0149000001 0.3179178107
v -0.06725329062 -0.01480000019 0.3174258954
v -0.06783944773 -0.01480000019 0.3175720306
v -0.06842969129 -0.01480000019 0.3177007899
v -0.06902293414 -0.01480000019 0.3178148579
v -0.06961822736 -0.01480000019 0.3179178107
v -0.06961822736 -0.0149000001 0.3179178107
v -0.06902293414 -0.0149000001 0.3178148579
v -0.06842969129 -0.0149000001 0.3177007899
v -0.06783944773 -0.0149000001 0.3175720306
v -0.06725329062 -0.0149000001 0.3174258954
v -0.06961822736 -0.0149000001 0.3179178107
v -0.06916911446 -0.0149000001 0.3184530421
v -0.06600383974 -0.0149000001 0.3178564147
v -0.0646474941 -0.0149000001 0.3170467286
v -0.06446252151 -0.0149000001 0.3155152614
v -0.06560248946 -0.0149000001 0.3144484269
v -0.06713664197 -0.0149000001 0.3147226199
v -0.06795692817 -0.0149000001 0.3160374111
v -0.06725329062 -0.0149000001 0.3174258954
v -0.06783944773 -0.0149000001 0.3175720306
v -0.06842969129 -0.0149000001 0.3177007899
v -0.06902293414 -0.0149000001 0.3178148579
v -0.06700621883 -0.0149000001 0.315496975
v -0.06660072552 -0.0149000001 0.3151932639
v -0.06611667832 -0.0149000001 0.3150448015
v -0.0656213734 -0.0149000001 0.3151219975
v -0.06523093015 -0.0149000001 0.3154387325
v -0.0650303256 -0.0149000001 0.3159212396
v -0.06510739294 -0.0149000001 0.3164397236
v -0.06544230022 -0.0149000001 0.3168446293
v -0.06589618292 -0.0149000001 0.3171163207
v -0.06658165071 -0.0149000001 0.3171548289
v -0.06714370753 -0.0149000001 0.3167698725
v -0.06729744821 -0.0149000001 0.3161115795
v -0.085471063 -0.01480000019 0.3521416398
v -0.08682860601 -0.01480000019 0.3505237766
v -0.08682860601 -0.0149000001 0.3505237766
v -0.085471063 -0.0149000001 0.3521416398
v -0.04296131763 -0.01480000019 0.298472009
v -0.04124937975 -0.01480000019 0.2974021087
v -0.04124937975 -0.0149000001 0.2974021087
v -0.04296131763 -0.0149000001 0.298472009
v -0.0638039969 -0.01480000019 0.3246987362
v -0.06339571547 -0.01480000019 0.3251853111
v -0.06339571547 -0.0149000001 0.3251853111
v -0.0638039969 -0.0149000001 0.3246987362
v -0.09424611879 -0.01480000019 0.3374137554
v -0.09391323046 -0.01480000019 0.3381179109
v -0.09391323046 -0.0149000001 0.3381179109
v -0.09424611879 -0.0149000001 0.3374137554
v -0.08982727142 -0.01480000019 0.3334479466
v -0.08929744733 -0.01480000019 0.3330033732
v -0.08929744733 -0.0149000001 0.3330033732
v -0.08982727142 -0.0149000001 0.3334479466
v -0.08920009835 -0.01480000019 0.3341953805
v -0.08982727142 -0.01480000019 0.3334479466
v -0.08982727142 -0.0149000001 0.3334479466
v -0.08920009835 -0.0149000001 0.3341953805
v -0.08640429355 -0.01480000019 0.3321235184
v -0.08654013509 -0.01480000019 0.332217436
v -0.08669700506 -0.01480000019 0.3322657393
v -0.08685666915 -0.01480000019 0.3322305771
v -0.08698306896 -0.01480000019 0.3321254819
v -0.08698306896 -0.0149000001 0.3321254819
v -0.08685666915 -0.0149000001 0.3322305771
v -0.08669700506 -0.0149000001 0.3322657393
v -0.08654013509 -0.0149000001 0.332217436
v -0.08640429355 -0.0149000001 0.3321235184
v -0.08619615383 -0.01480000019 0.3319488628
v -0.08640429355 -0.01480000019 0.3321235184
v -0.08640429355 -0.0149000001 0.3321235184
v -0.08619615383 -0.0149000001 0.3319488628
v -0.09139561171 -0.01480000019 0.3356184399
v -0.09133975523 -0.01480000019 0.3357428563
v -0.09127893963 -0.01480000019 0.3358649172
v -0.09121506274 -0.01480000019 0.3359854236
v -0.09114884934 -0.01480000019 0.3361046616
v -0.09114884934 -0.0149000001 0.3361046616
v -0.09121506274 -0.0149000001 0.3359854236
v -0.09127893963 -0.0149000001 0.3358649172
v -0.09133975523 -0.0149000001 0.3357428563
v -0.09139561171 -0.0149000001 0.3356184399
v -0.09177581189 -0.0149000001 0.3349539762
v -0.09164519632 -0.0149000001 0.3347637756
v -0.09245622949 -0.0149000001 0.3347177785
v -0.09272330734 -0.0149000001 0.3354947651
v -0.09209623886 -0.0149000001 0.336061182
v -0.09139561171 -0.0149000001 0.3356184399
v -0.09133975523 -0.0149000001 0.3357428563
v -0.09127893963 -0.0149000001 0.3358649172
v -0.09121506274 -0.0149000001 0.3359854236
v -0.09114884934 -0.0149000001 0.3361046616
v -0.09175436666 -0.0149000001 0.3366127496
v -0.0916114684 -0.0149000001 0.3367830475
v -0.09086403459 -0.0149000001 0.3361558744
v -0.09088500582 -0.0149000001 0.3361161634
v -0.09090603427 -0.0149000001 0.3360764714
v -0.09092715809 -0.0149000001 0.3360368272
v -0.09094837727 -0.0149000001 0.3359972401
v -0.09107525368 -0.0149000001 0.335757057
v -0.09120195843 -0.0149000001 0.3355167785
v -0.0912859387 -0.0149000001 0.3353547968
v -0.09136701027 -0.0149000001 0.335191375
v -0.09154373586 -0.0149000001 0.3353074178
v -0.09154261063 -0.0149000001 0.3353647909
v -0.09154909571 -0.0149000001 0.335421792
v -0.09156233281 -0.0149000001 0.335477601
v -0.09158339003 -0.0149000001 0.3355309972
v -0.09205625085 -0.0149000001 0.3358059406
v -0.09246926746 -0.0149000001 0.3354255669
v -0.09231129993 -0.0149000001 0.3349063011
v -0.1001386459 -0.01480000019 0.3224504997
v -0.09864226327 -0.01480000019 0.3219786958
v -0.09791777352 -0.01480000019 0.3205869715
v -0.09838958219 -0.01480000019 0.3190905889
v -0.09978129692 -0.01480000019 0.3183660992
v -0.09978129692 -0.01539999962 0.3183660992
v -0.09838958219 -0.01539999962 0.3190905889
v -0.09791777352 -0.01539999962 0.3205869715
v -0.09864226327 -0.01539999962 0.3219786958
v -0.1001386459 -0.01539999962 0.3224504997
v -0.06121807738 -0.01480000019 0.3257053869
v -0.06166893347 -0.01480000019 0.326727601
v -0.06133642248 -0.01480000019 0.3277907958
v -0.06044748 -0.01480000019 0.3284691364
v -0.05933854275 -0.01480000019 0.3284765865
v -0.05839776103 -0.01480000019 0.3278602476
v -0.05788185009 -0.01480000019 0.3268648652
v -0.05816824136 -0.01480000019 0.3257872556
v -0.05902036717 -0.01480000019 0.325063587
v -0.05902036717 -0.0149000001 0.325063587
v -0.05816824136 -0.0149000001 0.3257872556
v -0.05788185009 -0.0149000001 0.3268648652
v -0.05839776103 -0.0149000001 0.3278602476
v -0.05933854275 -0.0149000001 0.3284765865
v -0.06044748 -0.0149000001 0.3284691364
v -0.06133642248 -0.0149000001 0.3277907958
v -0.06166893347 -0.0149000001 0.326727601
v -0.06121807738 -0.0149000001 0.3257053869
v -0.03418572732 -0.01480000019 0.3197277417
v -0.02882976437 -0.01480000019 0.3188022483
v -0.02882976437 -0.0149000001 0.3188022483
v -0.03418572732 -0.0149000001 0.3197277417
v -0.02895419614 -0.01480000019 0.3180818616
v -0.03283805028 -0.01480000019 0.318752922
v -0.03283805028 -0.0149000001 0.318752922
v -0.02895419614 -0.0149000001 0.3180818616
v -0.03418572732 -0.0149000001 0.3197277417
v -0.02882976437 -0.0149000001 0.3188022483
v -0.02895419614 -0.0149000001 0.3180818616
v -0.03283805028 -0.0149000001 0.318752922
v -0.03284361253 -0.0149000001 0.3187215891
v -0.02925752349 -0.0149000001 0.3163278394
v -0.02939190675 -0.0149000001 0.3155448821
v -0.03474787208 -0.0149000001 0.3164703755
v -0.03462343792 -0.0149000001 0.317190767
v -0.03073958616 -0.0149000001 0.3165197018
v -0.03073402153 -0.0149000001 0.3165510395
v -0.03432128836 -0.0149000001 0.3189446843
v -0.07455548417 -0.01480000019 0.3119349787
v -0.07378409629 -0.01480000019 0.3125822245
v -0.0728106718 -0.01480000019 0.3128180508
v -0.07184871908 -0.01480000019 0.3125275204
v -0.07101771965 -0.01480000019 0.3119514453
v -0.07101771965 -0.0149000001 0.3119514453
v -0.07184871908 -0.0149000001 0.3125275204
v -0.0728106718 -0.0149000001 0.3128180508
v -0.07378409629 -0.0149000001 0.3125822245
v -0.07455548417 -0.0149000001 0.3119349787
v -0.07524956688 -0.01480000019 0.3111077985
v -0.07455548417 -0.01480000019 0.3119349787
v -0.07455548417 -0.0149000001 0.3119349787
v -0.07524956688 -0.0149000001 0.3111077985
v -0.07150765926 -0.01480000019 0.3113675526
v -0.07210816968 -0.01480000019 0.3118090074
v -0.07279002826 -0.01480000019 0.3121027283
v -0.07351790572 -0.01480000019 0.3120130674
v -0.07409323754 -0.01480000019 0.3115471106
v -0.07409323754 -0.0149000001 0.3115471106
v -0.07351790572 -0.0149000001 0.3120130674
v -0.07279002826 -0.0149000001 0.3121027283
v -0.07210816968 -0.0149000001 0.3118090074
v -0.07150765926 -0.0149000001 0.3113675526
v -0.07146758691 -0.01480000019 0.3146762494
v -0.07169214336 -0.01480000019 0.3144086337
v -0.07169214336 -0.0149000001 0.3144086337
v -0.07146758691 -0.0149000001 0.3146762494
v -0.05338932103 -0.01480000019 0.3305886375
v -0.05385156766 -0.01480000019 0.3309765056
v -0.05385156766 -0.0149000001 0.3309765056
v -0.05338932103 -0.0149000001 0.3305886375
v -0.05551876356 -0.01480000019 0.3345727322
v -0.05133422047 -0.01480000019 0.3310614919
v -0.05133422047 -0.0149000001 0.3310614919
v -0.05551876356 -0.0149000001 0.3345727322
v -0.05256968207 -0.0149000001 0.3312689997
v -0.05592704499 -0.0149000001 0.3340861573
v -0.05551876356 -0.0149000001 0.3345727322
v -0.05133422047 -0.0149000001 0.3310614919
v -0.05157919028 -0.0149000001 0.3307695432
v -0.05203599077 -0.0149000001 0.3307886254
v -0.05249247648 -0.0149000001 0.3307629421
v -0.05294460858 -0.0149000001 0.3306948585
v -0.05338932103 -0.0149000001 0.3305886375
v -0.05385156766 -0.0149000001 0.3309765056
v -0.05353789481 -0.0149000001 0.3310774049
v -0.05321933913 -0.0149000001 0.3311614432
v -0.05289653003 -0.0149000001 0.3312276288
v -0.06700621883 -0.01480000019 0.315496975
v -0.06660072552 -0.01480000019 0.3151932639
v -0.06611667832 -0.01480000019 0.3150448015
v -0.0656213734 -0.01480000019 0.3151219975
v -0.06523093015 -0.01480000019 0.3154387325
v -0.06523093015 -0.0149000001 0.3154387325
v -0.0656213734 -0.0149000001 0.3151219975
v -0.06611667832 -0.0149000001 0.3150448015
v -0.06660072552 -0.0149000001 0.3151932639
v -0.06700621883 -0.0149000001 0.315496975
v -0.08579274735 -0.01480000019 0.3524115577
v -0.085471063 -0.01480000019 0.3521416398
v -0.085471063 -0.0149000001 0.3521416398
v -0.08579274735 -0.0149000001 0.3524115577
v -0.04120881006 -0.01480000019 0.302614802
v -0.04143336651 -0.01480000019 0.3023471862
v -0.04143336651 -0.0149000001 0.3023471862
v -0.04120881006 -0.0149000001 0.302614802
v -0.04217002198 -0.01480000019 0.299218704
v -0.04296131763 -0.01480000019 0.298472009
v -0.04296131763 -0.0149000001 0.298472009
v -0.04217002198 -0.0149000001 0.299218704
v -0.04124937975 -0.01480000019 0.2974021087
v -0.04120332689 -0.01480000019 0.2974452911
v -0.04120332689 -0.0149000001 0.2974452911
v -0.04124937975 -0.0149000001 0.2974021087
v -0.06044662921 -0.0149000001 0.3218815834
v -0.0638039969 -0.0149000001 0.3246987362
v -0.06339571547 -0.0149000001 0.3251853111
v -0.05921117238 -0.0149000001 0.3216740755
v -0.05945614219 -0.0149000001 0.3213821316
v -0.05991294268 -0.0149000001 0.321401209
v -0.06036942838 -0.0149000001 0.3213755258
v -0.06082156049 -0.0149000001 0.3213074469
v -0.06126627294 -0.0149000001 0.3212012164
v -0.06172851956 -0.0149000001 0.3215890892
v -0.06141484672 -0.0149000001 0.3216899885
v -0.06109629104 -0.0149000001 0.3217740268
v -0.06077348193 -0.0149000001 0.3218402124
v -0.09720472455 -0.01480000019 0.3390418153
v -0.09698711482 -0.01480000019 0.3388592157
v -0.09698711482 -0.0149000001 0.3388592157
v -0.09720472455 -0.0149000001 0.3390418153
v -0.09456780314 -0.01480000019 0.3376836733
v -0.09424611879 -0.01480000019 0.3374137554
v -0.09424611879 -0.0149000001 0.3374137554
v -0.09456780314 -0.0149000001 0.3376836733
v -0.09391323046 -0.01480000019 0.3381179109
v -0.09393215139 -0.01480000019 0.33813378
v -0.09393215139 -0.0149000001 0.33813378
v -0.09391323046 -0.0149000001 0.3381179109
v -0.09554622471 -0.01480000019 0.3373438392
v -0.09369975129 -0.01480000019 0.3385836859
v -0.09369975129 -0.0149000001 0.3385836859
v -0.09554622471 -0.0149000001 0.3373438392
v -0.08996223512 -0.01480000019 0.3332871092
v -0.09026391029 -0.01480000019 0.332927583
v -0.09026391029 -0.0149000001 0.332927583
v -0.08996223512 -0.0149000001 0.3332871092
v -0.08821652108 -0.0149000001 0.3311935015
v -0.08724570045 -0.0149000001 0.3316203393
v -0.08732887068 -0.0149000001 0.3317872035
v -0.08735206436 -0.0149000001 0.3319724452
v -0.0873036657 -0.0149000001 0.3321521556
v -0.08720066915 -0.0149000001 0.332308072
v -0.08700911443 -0.0149000001 0.332477979
v -0.08676403932 -0.0149000001 0.3325436494
v -0.08651591222 -0.0149000001 0.3324825003
v -0.08630076305 -0.0149000001 0.3323429781
v -0.08582771129 -0.0149000001 0.3319460311
v -0.08718524476 -0.0149000001 0.3303281726
v -0.08740285449 -0.0149000001 0.3305107675
v -0.0868153828 -0.0149000001 0.3312108895
v -0.08706137392 -0.0149000001 0.3314173023
v -0.08798945089 -0.0149000001 0.3310029769
v -0.08692945249 -0.0149000001 0.3316129393
v -0.08666454045 -0.0149000001 0.3313906574
v -0.08619615383 -0.0149000001 0.3319488628
v -0.08640429355 -0.0149000001 0.3321235184
v -0.08654013509 -0.0149000001 0.332217436
v -0.08669700506 -0.0149000001 0.3322657393
v -0.08685666915 -0.0149000001 0.3322305771
v -0.08698306896 -0.0149000001 0.3321254819
v -0.08704331242 -0.0149000001 0.3320393173
v -0.08707978075 -0.0149000001 0.3319409648
v -0.08707569884 -0.0149000001 0.331836528
v -0.08703600675 -0.0149000001 0.3317392342
v -0.08698861855 -0.0149000001 0.3316711038
v -0.08901450106 -0.01480000019 0.332636972
v -0.08883766146 -0.01480000019 0.3327696571
v -0.08862055758 -0.01480000019 0.3328149284
v -0.08839851356 -0.01480000019 0.3327990501
v -0.08818234411 -0.01480000019 0.3327448436
v -0.08818234411 -0.0149000001 0.3327448436
v -0.08839851356 -0.0149000001 0.3327990501
v -0.08862055758 -0.0149000001 0.3328149284
v -0.08883766146 -0.0149000001 0.3327696571
v -0.08901450106 -0.0149000001 0.332636972
v -0.0549553734 -0.01480000019 0.3305503829
v -0.05728259136 -0.01480000019 0.3277769031
v -0.05728259136 -0.0149000001 0.3277769031
v -0.0549553734 -0.0149000001 0.3305503829
v -0.06072897656 -0.01480000019 0.3260412337
v -0.06121807738 -0.01480000019 0.3257053869
v -0.06121807738 -0.0149000001 0.3257053869
v -0.06072897656 -0.0149000001 0.3260412337
v -0.05902036717 -0.01480000019 0.325063587
v -0.05870044256 -0.01480000019 0.3249199547
v -0.05838655946 -0.01480000019 0.3247635622
v -0.05807669608 -0.01480000019 0.3245993257
v -0.05777008949 -0.01480000019 0.324429062
v -0.05777008949 -0.0149000001 0.324429062
v -0.05807669608 -0.0149000001 0.3245993257
v -0.05838655946 -0.0149000001 0.3247635622
v -0.05870044256 -0.0149000001 0.3249199547
v -0.05902036717 -0.0149000001 0.325063587
v -0.06072897656 -0.0149000001 0.3260412337
v -0.06121807738 -0.0149000001 0.3257053869
v -0.06166893347 -0.0149000001 0.326727601
v -0.06133642248 -0.0149000001 0.3277907958
v -0.06044748 -0.0149000001 0.3284691364
v -0.05933854275 -0.0149000001 0.3284765865
v -0.05839776103 -0.0149000001 0.3278602476
v -0.05788185009 -0.0149000001 0.3268648652
v -0.05816824136 -0.0149000001 0.3257872556
v -0.05902036717 -0.0149000001 0.325063587
v -0.05870044256 -0.0149000001 0.3249199547
v -0.05838655946 -0.0149000001 0.3247635622
v -0.05807669608 -0.0149000001 0.3245993257
v -0.05777008949 -0.0149000001 0.324429062
v -0.05646358225 -0.0149000001 0.3259861045
v -0.05602566867 -0.0149000001 0.3256186498
v -0.05763838578 -0.0149000001 0.3236966785
v -0.05825595247 -0.0149000001 0.3240248177
v -0.05887425825 -0.0149000001 0.3243515692
v -0.05949360353 -0.0149000001 0.3246763467
v -0.06011852778 -0.0149000001 0.3249900472
v -0.05982014296 -0.0149000001 0.325444464
v -0.05904387154 -0.0149000001 0.3256698329
v -0.05855937752 -0.0149000001 0.3263233105
v -0.05866628581 -0.0149000001 0.3271227421
v -0.05925100839 -0.0149000001 0.3276958994
v -0.06003908704 -0.0149000001 0.327896203
v -0.0607587052 -0.0149000001 0.3275329376
v -0.06105959292 -0.0149000001 0.3267901202
v -0.03432128836 -0.01480000019 0.3189446843
v -0.03418572732 -0.01480000019 0.3197277417
v -0.03418572732 -0.0149000001 0.3197277417
v -0.03432128836 -0.0149000001 0.3189446843
v -0.03283805028 -0.01480000019 0.318752922
v -0.03284361253 -0.01480000019 0.3187215891
v -0.03284361253 -0.0149000001 0.3187215891
v -0.03283805028 -0.0149000001 0.318752922
v -0.07409323754 -0.01480000019 0.3115471106
v -0.074317794 -0.01480000019 0.3112794901
v -0.074317794 -0.0149000001 0.3112794901
v -0.07409323754 -0.0149000001 0.3115471106
v -0.07169214336 -0.01480000019 0.3144086337
v -0.06845642178 -0.01480000019 0.3116935477
v -0.06845642178 -0.0149000001 0.3116935477
v -0.07169214336 -0.0149000001 0.3144086337
v -0.05157919028 -0.01480000019 0.3307695432
v -0.05203599077 -0.01480000019 0.3307886254
v -0.05249247648 -0.01480000019 0.3307629421
v -0.05294460858 -0.01480000019 0.3306948585
v -0.05338932103 -0.01480000019 0.3305886375
v -0.05338932103 -0.0149000001 0.3305886375
v -0.05294460858 -0.0149000001 0.3306948585
v -0.05249247648 -0.0149000001 0.3307629421
v -0.05203599077 -0.0149000001 0.3307886254
v -0.05157919028 -0.0149000001 0.3307695432
v -0.05133422047 -0.01480000019 0.3310614919
v -0.05157919028 -0.01480000019 0.3307695432
v -0.05157919028 -0.0149000001 0.3307695432
v -0.05133422047 -0.0149000001 0.3310614919
v -0.06523093015 -0.01480000019 0.3154387325
v -0.0650303256 -0.01480000019 0.3159212396
v -0.06510739294 -0.01480000019 0.3164397236
v -0.06544230022 -0.01480000019 0.3168446293
v -0.06589618292 -0.01480000019 0.3171163207
v -0.06589618292 -0.0149000001 0.3171163207
v -0.06544230022 -0.0149000001 0.3168446293
v -0.06510739294 -0.0149000001 0.3164397236
v -0.0650303256 -0.0149000001 0.3159212396
v -0.06523093015 -0.0149000001 0.3154387325
v -0.08715669194 -0.0149000001 0.3521694937
v -0.08687505334 -0.0149000001 0.3524526592
v -0.08652628543 -0.0149000001 0.3526424505
v -0.08613305686 -0.0149000001 0.352617999
v -0.08579274735 -0.0149000001 0.3524115577
v -0.085471063 -0.0149000001 0.3521416398
v -0.08682860601 -0.0149000001 0.3505237766
v -0.08715028083 -0.0149000001 0.3507936945
v -0.08740198462 -0.0149000001 0.3510936723
v -0.08749370968 -0.0149000001 0.3514722141
v -0.08738067132 -0.0149000001 0.3518463217
v -0.08699944802 -0.0149000001 0.3509734624
v -0.08689537339 -0.0149000001 0.3508861346
v -0.08583950554 -0.0149000001 0.3521444716
v -0.08594358017 -0.0149000001 0.3522317994
v -0.08619817331 -0.0149000001 0.352370673
v -0.08648507665 -0.0149000001 0.3523507597
v -0.08672760529 -0.0149000001 0.3521898935
v -0.08692962175 -0.0149000001 0.3519789595
v -0.0871013304 -0.0149000001 0.3517453757
v -0.08721583761 -0.0149000001 0.3514802064
v -0.08718090402 -0.0149000001 0.3511971559
v -0.03862323178 -0.01480000019 0.3024352439
v -0.0392237422 -0.01480000019 0.3028766987
v -0.03990559839 -0.01480000019 0.3031704244
v -0.04063347823 -0.01480000019 0.3030807635
v -0.04120881006 -0.01480000019 0.302614802
v -0.04120881006 -0.0149000001 0.302614802
v -0.04063347823 -0.0149000001 0.3030807635
v -0.03990559839 -0.0149000001 0.3031704244
v -0.0392237422 -0.0149000001 0.3028766987
v -0.03862323178 -0.0149000001 0.3024352439
v -0.04143336651 -0.01480000019 0.3023471862
v -0.03819764254 -0.01480000019 0.2996321002
v -0.03819764254 -0.0149000001 0.2996321002
v -0.04143336651 -0.0149000001 0.3023471862
v -0.04120332689 -0.01480000019 0.2974452911
v -0.04217002198 -0.01480000019 0.299218704
v -0.04217002198 -0.0149000001 0.299218704
v -0.04120332689 -0.0149000001 0.2974452911
v -0.04593016854 -0.01480000019 0.2989157199
v -0.04558279656 -0.01480000019 0.2984169488
v -0.04558279656 -0.0149000001 0.2984169488
v -0.04593016854 -0.0149000001 0.2989157199
v -0.0871930938 -0.01480000019 0.3359339609
v -0.08686020548 -0.01480000019 0.3366381164
v -0.08686020548 -0.0149000001 0.3366381164
v -0.0871930938 -0.0149000001 0.3359339609
v -0.09730075106 -0.01480000019 0.3396383098
v -0.09739347656 -0.01480000019 0.3394909384
v -0.09740792442 -0.01480000019 0.3393197824
v -0.09732716701 -0.01480000019 0.3391660789
v -0.09720472455 -0.01480000019 0.3390418153
v -0.09720472455 -0.0149000001 0.3390418153
v -0.09732716701 -0.0149000001 0.3391660789
v -0.09740792442 -0.0149000001 0.3393197824
v -0.09739347656 -0.0149000001 0.3394909384
v -0.09730075106 -0.0149000001 0.3396383098
v -0.09698711482 -0.01480000019 0.3388592157
v -0.09650284955 -0.01480000019 0.3394363516
v -0.09650284955 -0.0149000001 0.3394363516
v -0.09698711482 -0.0149000001 0.3388592157
v -0.09393215139 -0.01480000019 0.33813378
v -0.09456780314 -0.01480000019 0.3376836733
v -0.09456780314 -0.0149000001 0.3376836733
v -0.09393215139 -0.0149000001 0.33813378
v -0.09531915452 -0.01480000019 0.337153305
v -0.09554622471 -0.01480000019 0.3373438392
v -0.09554622471 -0.0149000001 0.3373438392
v -0.09531915452 -0.0149000001 0.337153305
v -0.08996223512 -0.0149000001 0.3332871092
v -0.09026391029 -0.0149000001 0.332927583
v -0.09044366863 -0.0149000001 0.3330784254
v -0.09014199346 -0.0149000001 0.3334379516
v -0.09036906365 -0.0149000001 0.3336284762
v -0.09023409994 -0.0149000001 0.3337893232
v -0.09000702975 -0.0149000001 0.333598789
v -0.08907819106 -0.0149000001 0.334705749
v -0.08893627458 -0.0149000001 0.334586664
v -0.08909875853 -0.0149000001 0.3328366618
v -0.08923372224 -0.0149000001 0.3326758148
v -0.08929744733 -0.0149000001 0.3330033732
v -0.08920009835 -0.0149000001 0.3341953805
v -0.08982727142 -0.0149000001 0.3334479466
v -0.08923372224 -0.01480000019 0.3326758148
v -0.08996223512 -0.01480000019 0.3332871092
v -0.08996223512 -0.0149000001 0.3332871092
v -0.08923372224 -0.0149000001 0.3326758148
v -0.08890053539 -0.01480000019 0.331735216
v -0.08907282653 -0.01480000019 0.3319246726
v -0.08916511401 -0.01480000019 0.3321624234
v -0.08914289384 -0.01480000019 0.3324160532
v -0.08901450106 -0.01480000019 0.332636972
v -0.08901450106 -0.0149000001 0.332636972
v -0.08914289384 -0.0149000001 0.3324160532
v -0.08916511401 -0.0149000001 0.3321624234
v -0.08907282653 -0.0149000001 0.3319246726
v -0.08890053539 -0.0149000001 0.331735216
v -0.03365619945 -0.01480000019 0.3046668267
v -0.03622312892 -0.01480000019 0.3050129297
v -0.03622312892 -0.0149000001 0.3050129297
v -0.03365619945 -0.0149000001 0.3046668267
v -0.04011518321 -0.01480000019 0.2967111593
v -0.04058098559 -0.01480000019 0.296271753
v -0.04058098559 -0.0149000001 0.296271753
v -0.04011518321 -0.0149000001 0.2967111593
v -0.05534463522 -0.01480000019 0.3308770061
v -0.0549553734 -0.01480000019 0.3305503829
v -0.0549553734 -0.0149000001 0.3305503829
v -0.05534463522 -0.0149000001 0.3308770061
v -0.05728259136 -0.01480000019 0.3277769031
v -0.05767184841 -0.01480000019 0.3281035311
v -0.05767184841 -0.0149000001 0.3281035311
v -0.05728259136 -0.0149000001 0.3277769031
v -0.05534463522 -0.0149000001 0.3308770061
v -0.0549553734 -0.0149000001 0.3305503829
v -0.05728259136 -0.0149000001 0.3277769031
v -0.05767184841 -0.0149000001 0.3281035311
v -0.05982014296 -0.01480000019 0.325444464
v -0.05904387154 -0.01480000019 0.3256698329
v -0.05855937752 -0.01480000019 0.3263233105
v -0.05866628581 -0.01480000019 0.3271227421
v -0.05925100839 -0.01480000019 0.3276958994
v -0.06003908704 -0.01480000019 0.327896203
v -0.0607587052 -0.01480000019 0.3275329376
v -0.06105959292 -0.01480000019 0.3267901202
v -0.06072897656 -0.01480000019 0.3260412337
v -0.06072897656 -0.0149000001 0.3260412337
v -0.06105959292 -0.0149000001 0.3267901202
v -0.0607587052 -0.0149000001 0.3275329376
v -0.06003908704 -0.0149000001 0.327896203
v -0.05925100839 -0.0149000001 0.3276958994
v -0.05866628581 -0.0149000001 0.3271227421
v -0.05855937752 -0.0149000001 0.3263233105
v -0.05904387154 -0.0149000001 0.3256698329
v -0.05982014296 -0.0149000001 0.325444464
v -0.05777008949 -0.01480000019 0.324429062
v -0.05646358225 -0.01480000019 0.3259861045
v -0.05646358225 -0.0149000001 0.3259861045
v -0.05777008949 -0.0149000001 0.324429062
v -0.03073402153 -0.01480000019 0.3165510395
v -0.03432128836 -0.01480000019 0.3189446843
v -0.03432128836 -0.0149000001 0.3189446843
v -0.03073402153 -0.0149000001 0.3165510395
v -0.03284361253 -0.01480000019 0.3187215891
v -0.02925752349 -0.01480000019 0.3163278394
v -0.02925752349 -0.0149000001 0.3163278394
v -0.03284361253 -0.0149000001 0.3187215891
v -0.074317794 -0.01480000019 0.3112794901
v -0.07108207241 -0.01480000019 0.3085644089
v -0.07108207241 -0.0149000001 0.3085644089
v -0.074317794 -0.0149000001 0.3112794901
v -0.06845642178 -0.01480000019 0.3116935477
v -0.06823186532 -0.01480000019 0.3119611634
v -0.06823186532 -0.0149000001 0.3119611634
v -0.06845642178 -0.0149000001 0.3116935477
v -0.06589618292 -0.01480000019 0.3171163207
v -0.06658165071 -0.01480000019 0.3171548289
v -0.06714370753 -0.01480000019 0.3167698725
v -0.06729744821 -0.01480000019 0.3161115795
v -0.06700621883 -0.01480000019 0.315496975
v -0.06700621883 -0.0149000001 0.315496975
v -0.06729744821 -0.0149000001 0.3161115795
v -0.06714370753 -0.0149000001 0.3167698725
v -0.06658165071 -0.0149000001 0.3171548289
v -0.06589618292 -0.0149000001 0.3171163207
v -0.08692962175 -0.01480000019 0.3519789595
v -0.0871013304 -0.01480000019 0.3517453757
v -0.08721583761 -0.01480000019 0.3514802064
v -0.08718090402 -0.01480000019 0.3511971559
v -0.08699944802 -0.01480000019 0.3509734624
v -0.08699944802 -0.0149000001 0.3509734624
v -0.08718090402 -0.0149000001 0.3511971559
v -0.08721583761 -0.0149000001 0.3514802064
v -0.0871013304 -0.0149000001 0.3517453757
v -0.08692962175 -0.0149000001 0.3519789595
v -0.03797308609 -0.01480000019 0.2998997159
v -0.03761598389 -0.01480000019 0.3005544044
v -0.03766718319 -0.01480000019 0.3012921573
v -0.03808089059 -0.01480000019 0.3019157356
v -0.03862323178 -0.01480000019 0.3024352439
v -0.03862323178 -0.0149000001 0.3024352439
v -0.03808089059 -0.0149000001 0.3019157356
v -0.03766718319 -0.0149000001 0.3012921573
v -0.03761598389 -0.0149000001 0.3005544044
v -0.03797308609 -0.0149000001 0.2998997159
v -0.03819764254 -0.01480000019 0.2996321002
v -0.03797308609 -0.01480000019 0.2998997159
v -0.03797308609 -0.0149000001 0.2998997159
v -0.03819764254 -0.0149000001 0.2996321002
v -0.04716037289 -0.01480000019 0.2922601486
v -0.04688301961 -0.01480000019 0.2917208463
v -0.04688301961 -0.0149000001 0.2917208463
v -0.04716037289 -0.0149000001 0.2922601486
v -0.04274807719 -0.0149000001 0.3018388469
v -0.04011518321 -0.0149000001 0.2967111593
v -0.04058098559 -0.0149000001 0.296271753
v -0.04554319662 -0.0149000001 0.2992059618
v -0.04498411075 -0.0149000001 0.2997318331
v -0.04349459381 -0.0149000001 0.2988038295
v -0.04246970556 -0.0149000001 0.2997691071
v -0.04330716307 -0.0149000001 0.3013129804
v -0.04217002198 -0.0149000001 0.299218704
v -0.04296131763 -0.0149000001 0.298472009
v -0.04124937975 -0.0149000001 0.2974021087
v -0.04120332689 -0.0149000001 0.2974452911
v -0.04861044785 -0.01480000019 0.2970450925
v -0.04593016854 -0.01480000019 0.2989157199
v -0.04593016854 -0.0149000001 0.2989157199
v -0.04861044785 -0.0149000001 0.2970450925
v -0.08751477816 -0.01480000019 0.3362038883
v -0.0871930938 -0.01480000019 0.3359339609
v -0.0871930938 -0.0149000001 0.3359339609
v -0.08751477816 -0.0149000001 0.3362038883
v -0.08686020548 -0.01480000019 0.3366381164
v -0.08687912641 -0.01480000019 0.3366539951
v -0.08687912641 -0.0149000001 0.3366539951
v -0.08686020548 -0.0149000001 0.3366381164
v -0.09674884067 -0.01480000019 0.3396427549
v -0.09688070536 -0.01480000019 0.3397263633
v -0.09703089961 -0.01480000019 0.3397688206
v -0.09718218091 -0.01480000019 0.3397391325
v -0.09730075106 -0.01480000019 0.3396383098
v -0.09730075106 -0.0149000001 0.3396383098
v -0.09715736633 -0.0149000001 0.3397509962
v -0.09697678811 -0.0149000001 0.3397591981
v -0.09691505674 -0.0149000001 0.3397403536
v -0.09685586213 -0.0149000001 0.3397145473
v -0.09680040591 -0.0149000001 0.3396816075
v -0.09674884067 -0.0149000001 0.3396427549
v -0.09650284955 -0.01480000019 0.3394363516
v -0.09674884067 -0.01480000019 0.3396427549
v -0.09674884067 -0.0149000001 0.3396427549
v -0.09650284955 -0.0149000001 0.3394363516
v -0.09710111558 -0.01480000019 0.3380197532
v -0.09700584371 -0.01480000019 0.3381332883
v -0.09700584371 -0.0149000001 0.3381332883
v -0.09710111558 -0.0149000001 0.3380197532
v -0.09554622471 -0.0149000001 0.3373438392
v -0.09369975129 -0.0149000001 0.3385836859
v -0.09351052295 -0.0149000001 0.3384249089
v -0.0944108833 -0.0149000001 0.3363911778
v -0.09463795349 -0.0149000001 0.336581712
v -0.09434964928 -0.0149000001 0.3371942957
v -0.09476594781 -0.0149000001 0.3375436068
v -0.09531915452 -0.0149000001 0.337153305
v -0.09456780314 -0.0149000001 0.3376836733
v -0.09424611879 -0.0149000001 0.3374137554
v -0.09391323046 -0.0149000001 0.3381179109
v -0.09393215139 -0.0149000001 0.33813378
v -0.09476594781 -0.01480000019 0.3375436068
v -0.09531915452 -0.01480000019 0.337153305
v -0.09531915452 -0.0149000001 0.337153305
v -0.09476594781 -0.0149000001 0.3375436068
v -0.08909875853 -0.01480000019 0.3328366618
v -0.08923372224 -0.01480000019 0.3326758148
v -0.08923372224 -0.0149000001 0.3326758148
v -0.08909875853 -0.0149000001 0.3328366618
v -0.08801008976 -0.01480000019 0.3317780566
v -0.08820305594 -0.01480000019 0.331620061
v -0.08844393489 -0.01480000019 0.3315564505
v -0.08868870502 -0.01480000019 0.3316022455
v -0.08890053539 -0.01480000019 0.331735216
v -0.08890053539 -0.0149000001 0.331735216
v -0.08868870502 -0.0149000001 0.3316022455
v -0.08844393489 -0.0149000001 0.3315564505
v -0.08820305594 -0.0149000001 0.331620061
v -0.08801008976 -0.0149000001 0.3317780566
v -0.03751083947 -0.01480000019 0.2995118479
v -0.03820492218 -0.01480000019 0.2986846677
v -0.03820492218 -0.0149000001 0.2986846677
v -0.03751083947 -0.0149000001 0.2995118479
v -0.03325197851 -0.01480000019 0.3052811844
v -0.03365619945 -0.01480000019 0.3046668267
v -0.03365619945 -0.0149000001 0.3046668267
v -0.03325197851 -0.0149000001 0.3052811844
v -0.03622312892 -0.01480000019 0.3050129297
v -0.03624098165 -0.01480000019 0.3049864509
v -0.03624098165 -0.0149000001 0.3049864509
v -0.03622312892 -0.0149000001 0.3050129297
v -0.03325197851 -0.0149000001 0.3052811844
v -0.03365619945 -0.0149000001 0.3046668267
v -0.03622312892 -0.0149000001 0.3050129297
v -0.03624098165 -0.0149000001 0.3049864509
v -0.03490426492 -0.0149000001 0.3027672674
v -0.03530838572 -0.0149000001 0.3021517319
v -0.03699610588 -0.0149000001 0.3050603879
v -0.03905678149 -0.0149000001 0.3064141918
v -0.03865266308 -0.0149000001 0.3070297225
v -0.03659198746 -0.0149000001 0.3056759234
v -0.04688301961 -0.01480000019 0.2917208463
v -0.04980615749 -0.01480000019 0.2902122023
v -0.04980615749 -0.0149000001 0.2902122023
v -0.04688301961 -0.0149000001 0.2917208463
v -0.04274807719 -0.01480000019 0.3018388469
v -0.04011518321 -0.01480000019 0.2967111593
v -0.04011518321 -0.0149000001 0.2967111593
v -0.04274807719 -0.0149000001 0.3018388469
v -0.04058098559 -0.01480000019 0.296271753
v -0.04554319662 -0.01480000019 0.2992059618
v -0.04554319662 -0.0149000001 0.2992059618
v -0.04058098559 -0.0149000001 0.296271753
v -0.05767184841 -0.01480000019 0.3281035311
v -0.05534463522 -0.01480000019 0.3308770061
v -0.05534463522 -0.0149000001 0.3308770061
v -0.05767184841 -0.0149000001 0.3281035311
v -0.06011852778 -0.01480000019 0.3249900472
v -0.05982014296 -0.01480000019 0.325444464
v -0.05982014296 -0.0149000001 0.325444464
v -0.06011852778 -0.0149000001 0.3249900472
v -0.05646358225 -0.01480000019 0.3259861045
v -0.05602566867 -0.01480000019 0.3256186498
v -0.05602566867 -0.0149000001 0.3256186498
v -0.05646358225 -0.0149000001 0.3259861045
v -0.03073958616 -0.01480000019 0.3165197018
v -0.03073402153 -0.01480000019 0.3165510395
v -0.03073402153 -0.0149000001 0.3165510395
v -0.03073958616 -0.0149000001 0.3165197018
v -0.02925752349 -0.01480000019 0.3163278394
v -0.02939190675 -0.01480000019 0.3155448821
v -0.02939190675 -0.0149000001 0.3155448821
v -0.02925752349 -0.0149000001 0.3163278394
v -0.07108207241 -0.01480000019 0.3085644089
v -0.07085751596 -0.01480000019 0.3088320246
v -0.07085751596 -0.0149000001 0.3088320246
v -0.07108207241 -0.0149000001 0.3085644089
v -0.06823186532 -0.01480000019 0.3119611634
v -0.06787476312 -0.01480000019 0.3126158519
v -0.06792596243 -0.01480000019 0.3133535999
v -0.06833966744 -0.01480000019 0.313977183
v -0.06888200863 -0.01480000019 0.3144966914
v -0.06888200863 -0.0149000001 0.3144966914
v -0.06833966744 -0.0149000001 0.313977183
v -0.06792596243 -0.0149000001 0.3133535999
v -0.06787476312 -0.0149000001 0.3126158519
v -0.06823186532 -0.0149000001 0.3119611634
v -0.08699944802 -0.01480000019 0.3509734624
v -0.08689537339 -0.01480000019 0.3508861346
v -0.08689537339 -0.0149000001 0.3508861346
v -0.08699944802 -0.0149000001 0.3509734624
v -0.03813329216 -0.0149000001 0.3030191366
v -0.03740514863 -0.0149000001 0.3022949415
v -0.03691734264 -0.0149000001 0.3013979783
v -0.0369800068 -0.0149000001 0.3003869213
v -0.03751083947 -0.0149000001 0.2995118479
v -0.03820492218 -0.0149000001 0.2986846677
v -0.04236513939 -0.0149000001 0.3021754946
v -0.04167105668 -0.0149000001 0.30300267
v -0.04089966881 -0.0149000001 0.3036499206
v -0.03992624193 -0.0149000001 0.3038857421
v -0.03896429159 -0.0149000001 0.3035952117
v -0.04120881006 -0.0149000001 0.302614802
v -0.04143336651 -0.0149000001 0.3023471862
v -0.03819764254 -0.0149000001 0.2996321002
v -0.03797308609 -0.0149000001 0.2998997159
v -0.03761598389 -0.0149000001 0.3005544044
v -0.03766718319 -0.0149000001 0.3012921573
v -0.03808089059 -0.0149000001 0.3019157356
v -0.03862323178 -0.0149000001 0.3024352439
v -0.0392237422 -0.0149000001 0.3028766987
v -0.03990559839 -0.0149000001 0.3031704244
v -0.04063347823 -0.0149000001 0.3030807635
v -0.04829558285 -0.01480000019 0.2916743808
v -0.04716037289 -0.01480000019 0.2922601486
v -0.04716037289 -0.0149000001 0.2922601486
v -0.04829558285 -0.0149000001 0.2916743808
v -0.04547663278 -0.01480000019 0.2925520856
v -0.04861044785 -0.01480000019 0.2970450925
v -0.04861044785 -0.0149000001 0.2970450925
v -0.04547663278 -0.0149000001 0.2925520856
v -0.08687912641 -0.01480000019 0.3366539951
v -0.08751477816 -0.01480000019 0.3362038883
v -0.08751477816 -0.0149000001 0.3362038883
v -0.08687912641 -0.0149000001 0.3366539951
v -0.0963520072 -0.01480000019 0.3396161099
v -0.09662638924 -0.01480000019 0.339846336
v -0.0967144231 -0.01480000019 0.3399499049
v -0.0967576057 -0.01480000019 0.3400785554
v -0.09673363056 -0.01480000019 0.3402114595
v -0.09665954934 -0.01480000019 0.3403255954
v -0.09656552674 -0.01480000019 0.3404094426
v -0.09644595512 -0.01480000019 0.3404456062
v -0.09632244471 -0.01480000019 0.3404217931
v -0.09621508948 -0.01480000019 0.3403557228
v -0.09593125651 -0.01480000019 0.3401175526
v -0.09752781171 -0.0149000001 0.3398288345
v -0.09740570344 -0.0149000001 0.3399373914
v -0.09725257206 -0.0149000001 0.3399926762
v -0.09708900737 -0.0149000001 0.3399905498
v -0.09693284312 -0.0149000001 0.339942256
v -0.09698996846 -0.0149000001 0.34008401
v -0.09700763077 -0.0149000001 0.3402358731
v -0.09696321842 -0.0149000001 0.3403816328
v -0.09687715907 -0.0149000001 0.340508195
v -0.09669657155 -0.0149000001 0.340650846
v -0.09647272521 -0.0149000001 0.340704481
v -0.09624842092 -0.0149000001 0.3406539271
v -0.09605478666 -0.0149000001 0.3405275465
v -0.09556280443 -0.0149000001 0.3401147209
v -0.09692034745 -0.0149000001 0.3384968577
v -0.09739340875 -0.0149000001 0.3388938047
v -0.09757963308 -0.0149000001 0.3390904711
v -0.09769669703 -0.0149000001 0.3393338009
v -0.09767167308 -0.0149000001 0.3395997807
v -0.09720472455 -0.0149000001 0.3390418153
v -0.09698711482 -0.0149000001 0.3388592157
v -0.09650284955 -0.0149000001 0.3394363516
v -0.09674884067 -0.0149000001 0.3396427549
v -0.09680040591 -0.0149000001 0.3396816075
v -0.09685586213 -0.0149000001 0.3397145473
v -0.09691505674 -0.0149000001 0.3397403536
v -0.09697678811 -0.0149000001 0.3397591981
v -0.09715736633 -0.0149000001 0.3397509962
v -0.09730075106 -0.0149000001 0.3396383098
v -0.09739347656 -0.0149000001 0.3394909384
v -0.09740792442 -0.0149000001 0.3393197824
v -0.09732716701 -0.0149000001 0.3391660789
v -0.09662638924 -0.0149000001 0.339846336
v -0.0963520072 -0.0149000001 0.3396161099
v -0.09593125651 -0.0149000001 0.3401175526
v -0.09621508948 -0.0149000001 0.3403557228
v -0.09632244471 -0.0149000001 0.3404217931
v -0.09644595512 -0.0149000001 0.3404456062
v -0.09656552674 -0.0149000001 0.3404094426
v -0.09665954934 -0.0149000001 0.3403255954
v -0.0967099223 -0.0149000001 0.3402560725
v -0.09674613317 -0.0149000001 0.3401783575
v -0.09675856894 -0.0149000001 0.3400936807
v -0.09674165061 -0.0149000001 0.3400097002
v -0.09669532095 -0.0149000001 0.3399200644
v -0.09590900185 -0.01480000019 0.3370194654
v -0.09710111558 -0.01480000019 0.3380197532
v -0.09710111558 -0.0149000001 0.3380197532
v -0.09590900185 -0.0149000001 0.3370194654
v -0.09434964928 -0.01480000019 0.3371942957
v -0.09476594781 -0.01480000019 0.3375436068
v -0.09476594781 -0.0149000001 0.3375436068
v -0.09434964928 -0.0149000001 0.3371942957
v -0.08893627458 -0.01480000019 0.334586664
v -0.08909875853 -0.01480000019 0.3328366618
v -0.08909875853 -0.0149000001 0.3328366618
v -0.08893627458 -0.0149000001 0.334586664
v -0.08795451927 -0.01480000019 0.3318442798
v -0.08801008976 -0.01480000019 0.3317780566
v -0.08801008976 -0.0149000001 0.3317780566
v -0.08795451927 -0.0149000001 0.3318442798
v -0.04558279656 -0.01480000019 0.2984169488
v -0.04765811808 -0.01480000019 0.2969682424
v -0.04765811808 -0.0149000001 0.2969682424
v -0.04558279656 -0.0149000001 0.2984169488
v -0.03813329216 -0.01480000019 0.3030191366
v -0.03740514863 -0.01480000019 0.3022949415
v -0.03691734264 -0.01480000019 0.3013979783
v -0.0369800068 -0.01480000019 0.3003869213
v -0.03751083947 -0.01480000019 0.2995118479
v -0.03751083947 -0.0149000001 0.2995118479
v -0.0369800068 -0.0149000001 0.3003869213
v -0.03691734264 -0.0149000001 0.3013979783
v -0.03740514863 -0.0149000001 0.3022949415
v -0.03813329216 -0.0149000001 0.3030191366
v -0.03820492218 -0.01480000019 0.2986846677
v -0.04236513939 -0.01480000019 0.3021754946
v -0.04236513939 -0.0149000001 0.3021754946
v -0.03820492218 -0.0149000001 0.2986846677
v -0.03659198746 -0.01480000019 0.3056759234
v -0.03325197851 -0.01480000019 0.3052811844
v -0.03325197851 -0.0149000001 0.3052811844
v -0.03659198746 -0.0149000001 0.3056759234
v -0.03624098165 -0.01480000019 0.3049864509
v -0.03490426492 -0.01480000019 0.3027672674
v -0.03490426492 -0.0149000001 0.3027672674
v -0.03624098165 -0.0149000001 0.3049864509
v -0.07169214336 -0.01480000019 0.3144086337
v -0.07146758691 -0.01480000019 0.3146762494
v -0.07089225985 -0.01480000019 0.3151422109
v -0.07016437762 -0.01480000019 0.3152318719
v -0.06948251905 -0.01480000019 0.3149381462
v -0.06888200863 -0.01480000019 0.3144966914
v -0.06833966744 -0.01480000019 0.313977183
v -0.06792596243 -0.01480000019 0.3133535999
v -0.06787476312 -0.01480000019 0.3126158519
v -0.06823186532 -0.01480000019 0.3119611634
v -0.06845642178 -0.01480000019 0.3116935477
v -0.0533327994 -0.01480000019 0.2913369191
v -0.0536225681 -0.01480000019 0.2910711868
v -0.05388792747 -0.01480000019 0.2907813218
v -0.05405524425 -0.01480000019 0.290430541
v -0.05401572807 -0.01480000019 0.2900432539
v -0.05401572807 -0.0149000001 0.2900432539
v -0.05405524425 -0.0149000001 0.290430541
v -0.05388792747 -0.0149000001 0.2907813218
v -0.0536225681 -0.0149000001 0.2910711868
v -0.0533327994 -0.0149000001 0.2913369191
v -0.04980615749 -0.01480000019 0.2902122023
v -0.05008351076 -0.01480000019 0.2907515023
v -0.05008351076 -0.0149000001 0.2907515023
v -0.04980615749 -0.0149000001 0.2902122023
v -0.04716037289 -0.0149000001 0.2922601486
v -0.04688301961 -0.0149000001 0.2917208463
v -0.04980615749 -0.0149000001 0.2902122023
v -0.05008351076 -0.0149000001 0.2907515023
v -0.0489483008 -0.0149000001 0.2913372701
v -0.05117540016 -0.0149000001 0.295650964
v -0.05052267744 -0.0149000001 0.2959880747
v -0.04829558285 -0.0149000001 0.2916743808
v -0.04330716307 -0.01480000019 0.3013129804
v -0.04274807719 -0.01480000019 0.3018388469
v -0.04274807719 -0.0149000001 0.3018388469
v -0.04330716307 -0.0149000001 0.3013129804
v -0.04554319662 -0.01480000019 0.2992059618
v -0.04498411075 -0.01480000019 0.2997318331
v -0.04498411075 -0.0149000001 0.2997318331
v -0.04554319662 -0.0149000001 0.2992059618
v -0.05763838578 -0.01480000019 0.3236966785
v -0.05825595247 -0.01480000019 0.3240248177
v -0.05887425825 -0.01480000019 0.3243515692
v -0.05949360353 -0.01480000019 0.3246763467
v -0.06011852778 -0.01480000019 0.3249900472
v -0.06011852778 -0.0149000001 0.3249900472
v -0.05949360353 -0.0149000001 0.3246763467
v -0.05887425825 -0.0149000001 0.3243515692
v -0.05825595247 -0.0149000001 0.3240248177
v -0.05763838578 -0.0149000001 0.3236966785
v -0.05602566867 -0.01480000019 0.3256186498
v -0.05763838578 -0.01480000019 0.3236966785
v -0.05763838578 -0.0149000001 0.3236966785
v -0.05602566867 -0.0149000001 0.3256186498
v -0.03462343792 -0.01480000019 0.317190767
v -0.03073958616 -0.01480000019 0.3165197018
v -0.03073958616 -0.0149000001 0.3165197018
v -0.03462343792 -0.0149000001 0.317190767
v -0.02939190675 -0.01480000019 0.3155448821
v -0.03474787208 -0.01480000019 0.3164703755
v -0.03474787208 -0.0149000001 0.3164703755
v -0.02939190675 -0.0149000001 0.3155448821
v -0.07085751596 -0.01480000019 0.3088320246
v -0.07050041376 -0.01480000019 0.3094867131
v -0.07055161306 -0.01480000019 0.3102244611
v -0.07096531807 -0.01480000019 0.3108480442
v -0.07150765926 -0.01480000019 0.3113675526
v -0.07150765926 -0.0149000001 0.3113675526
v -0.07096531807 -0.0149000001 0.3108480442
v -0.07055161306 -0.0149000001 0.3102244611
v -0.07050041376 -0.0149000001 0.3094867131
v -0.07085751596 -0.0149000001 0.3088320246
v -0.08689537339 -0.01480000019 0.3508861346
v -0.08583950554 -0.01480000019 0.3521444716
v -0.08583950554 -0.0149000001 0.3521444716
v -0.08689537339 -0.0149000001 0.3508861346
v -0.05052267744 -0.01480000019 0.2959880747
v -0.04829558285 -0.01480000019 0.2916743808
v -0.04829558285 -0.0149000001 0.2916743808
v -0.05052267744 -0.0149000001 0.2959880747
v -0.0429271116 -0.01480000019 0.2943305878
v -0.04547663278 -0.01480000019 0.2925520856
v -0.04547663278 -0.0149000001 0.2925520856
v -0.0429271116 -0.0149000001 0.2943305878
v -0.0866986319 -0.01480000019 0.3354545687
v -0.08648102218 -0.01480000019 0.3352719786
v -0.08648102218 -0.0149000001 0.3352719786
v -0.0866986319 -0.0149000001 0.3354545687
v -0.08849319973 -0.0149000001 0.3358640543
v -0.0866467263 -0.0149000001 0.3371038913
v -0.08645749797 -0.0149000001 0.3369451144
v -0.08735785832 -0.0149000001 0.3349113928
v -0.08758492851 -0.0149000001 0.3351019175
v -0.0872966243 -0.0149000001 0.3357145107
v -0.08771292283 -0.0149000001 0.3360638122
v -0.08826613908 -0.0149000001 0.3356735201
v -0.08751477816 -0.0149000001 0.3362038883
v -0.0871930938 -0.0149000001 0.3359339609
v -0.08686020548 -0.0149000001 0.3366381164
v -0.08687912641 -0.0149000001 0.3366539951
v -0.08849319973 -0.01480000019 0.3358640543
v -0.0866467263 -0.01480000019 0.3371038913
v -0.0866467263 -0.0149000001 0.3371038913
v -0.08849319973 -0.0149000001 0.3358640543
v -0.09665954934 -0.01480000019 0.3403255954
v -0.09673363056 -0.01480000019 0.3402114595
v -0.0967576057 -0.01480000019 0.3400785554
v -0.0967144231 -0.01480000019 0.3399499049
v -0.09662638924 -0.01480000019 0.339846336
v -0.09662638924 -0.0149000001 0.339846336
v -0.09669532095 -0.0149000001 0.3399200644
v -0.09674165061 -0.0149000001 0.3400097002
v -0.09675856894 -0.0149000001 0.3400936807
v -0.09674613317 -0.0149000001 0.3401783575
v -0.0967099223 -0.0149000001 0.3402560725
v -0.09665954934 -0.0149000001 0.3403255954
v -0.09581373952 -0.01480000019 0.3371330005
v -0.09590900185 -0.01480000019 0.3370194654
v -0.09590900185 -0.0149000001 0.3370194654
v -0.09581373952 -0.0149000001 0.3371330005
v -0.09463795349 -0.01480000019 0.336581712
v -0.09434964928 -0.01480000019 0.3371942957
v -0.09434964928 -0.0149000001 0.3371942957
v -0.09463795349 -0.0149000001 0.336581712
v -0.08907819106 -0.01480000019 0.334705749
v -0.08893627458 -0.01480000019 0.334586664
v -0.08893627458 -0.0149000001 0.334586664
v -0.08907819106 -0.0149000001 0.334705749
v -0.08817211946 -0.01480000019 0.3320268795
v -0.08795451927 -0.01480000019 0.3318442798
v -0.08795451927 -0.0149000001 0.3318442798
v -0.08817211946 -0.0149000001 0.3320268795
v -0.04765811808 -0.01480000019 0.2969682424
v -0.0465390023 -0.01480000019 0.2953647745
v -0.0465390023 -0.0149000001 0.2953647745
v -0.04765811808 -0.0149000001 0.2969682424
v -0.04593016854 -0.0149000001 0.2989157199
v -0.04558279656 -0.0149000001 0.2984169488
v -0.04765811808 -0.0149000001 0.2969682424
v -0.0465390023 -0.0149000001 0.2953647745
v -0.04475211446 -0.0149000001 0.2966114636
v -0.04440474248 -0.0149000001 0.2961126973
v -0.04619163032 -0.0149000001 0.2948660034
v -0.0452190422 -0.0149000001 0.293472768
v -0.04327448357 -0.0149000001 0.2948293588
v -0.0429271116 -0.0149000001 0.2943305878
v -0.04547663278 -0.0149000001 0.2925520856
v -0.04861044785 -0.0149000001 0.2970450925
v -0.04167105668 -0.01480000019 0.30300267
v -0.04089966881 -0.01480000019 0.3036499206
v -0.03992624193 -0.01480000019 0.3038857421
v -0.03896429159 -0.01480000019 0.3035952117
v -0.03813329216 -0.01480000019 0.3030191366
v -0.03813329216 -0.0149000001 0.3030191366
v -0.03896429159 -0.0149000001 0.3035952117
v -0.03992624193 -0.0149000001 0.3038857421
v -0.04089966881 -0.0149000001 0.3036499206
v -0.04167105668 -0.0149000001 0.30300267
v -0.04236513939 -0.01480000019 0.3021754946
v -0.04167105668 -0.01480000019 0.30300267
v -0.04167105668 -0.0149000001 0.30300267
v -0.04236513939 -0.0149000001 0.3021754946
v -0.03865266308 -0.01480000019 0.3070297225
v -0.03659198746 -0.01480000019 0.3056759234
v -0.03659198746 -0.0149000001 0.3056759234
v -0.03865266308 -0.0149000001 0.3070297225
v -0.03490426492 -0.01480000019 0.3027672674
v -0.03530838572 -0.01480000019 0.3021517319
v -0.03530838572 -0.0149000001 0.3021517319
v -0.03490426492 -0.0149000001 0.3027672674
v -0.06589618292 -0.01480000019 0.3171163207
v -0.06544230022 -0.01480000019 0.3168446293
v -0.06510739294 -0.01480000019 0.3164397236
v -0.0650303256 -0.01480000019 0.3159212396
v -0.06523093015 -0.01480000019 0.3154387325
v -0.0656213734 -0.01480000019 0.3151219975
v -0.06611667832 -0.01480000019 0.3150448015
v -0.06660072552 -0.01480000019 0.3151932639
v -0.06700621883 -0.01480000019 0.315496975
v -0.06729744821 -0.01480000019 0.3161115795
v -0.06714370753 -0.01480000019 0.3167698725
v -0.06658165071 -0.01480000019 0.3171548289
v -0.03010174806 -0.01480000019 0.3128630962
v -0.03032156876 -0.01480000019 0.3121616493
v -0.03032156876 -0.0149000001 0.3121616493
v -0.03010174806 -0.0149000001 0.3128630962
v -0.05249608719 -0.01480000019 0.2933274391
v -0.05242983445 -0.01480000019 0.2927623681
v -0.05260899075 -0.01480000019 0.292220471
v -0.05293240949 -0.01480000019 0.2917475576
v -0.0533327994 -0.01480000019 0.2913369191
v -0.0533327994 -0.0149000001 0.2913369191
v -0.05293240949 -0.0149000001 0.2917475576
v -0.05260899075 -0.0149000001 0.292220471
v -0.05242983445 -0.0149000001 0.2927623681
v -0.05249608719 -0.0149000001 0.2933274391
v -0.05401572807 -0.01480000019 0.2900432539
v -0.0538594919 -0.01480000019 0.2897687366
v -0.0536017754 -0.01480000019 0.2895877988
v -0.05329015746 -0.01480000019 0.2895391024
v -0.05298083332 -0.01480000019 0.289605822
v -0.05298083332 -0.0149000001 0.289605822
v -0.05329015746 -0.0149000001 0.2895391024
v -0.0536017754 -0.0149000001 0.2895877988
v -0.0538594919 -0.0149000001 0.2897687366
v -0.05401572807 -0.0149000001 0.2900432539
v -0.05249608719 -0.0149000001 0.2933274391
v -0.05242983445 -0.0149000001 0.2927623681
v -0.05260899075 -0.0149000001 0.292220471
v -0.05293240949 -0.0149000001 0.2917475576
v -0.0533327994 -0.0149000001 0.2913369191
v -0.0536225681 -0.0149000001 0.2910711868
v -0.05388792747 -0.0149000001 0.2907813218
v -0.05405524425 -0.0149000001 0.290430541
v -0.05401572807 -0.0149000001 0.2900432539
v -0.0538594919 -0.0149000001 0.2897687366
v -0.0536017754 -0.0149000001 0.2895877988
v -0.05329015746 -0.0149000001 0.2895391024
v -0.05298083332 -0.0149000001 0.289605822
v -0.05267828521 -0.0149000001 0.2897797727
v -0.05248667348 -0.0149000001 0.2900698045
v -0.05243165661 -0.0149000001 0.2904146103
v -0.05251530398 -0.0149000001 0.2907535198
v -0.05182747158 -0.0149000001 0.2910011568
v -0.05172631428 -0.0149000001 0.2903914945
v -0.05184313832 -0.0149000001 0.2897840657
v -0.05221796962 -0.0149000001 0.2892975386
v -0.05276477735 -0.0149000001 0.2890077684
v -0.053355731 -0.0149000001 0.2889048874
v -0.05394256993 -0.0149000001 0.2890271689
v -0.05443397983 -0.0149000001 0.2893680351
v -0.05473632888 -0.0149000001 0.2898852908
v -0.05480178526 -0.0149000001 0.2904245077
v -0.05461882851 -0.0149000001 0.2909369077
v -0.05428432324 -0.0149000001 0.2913696189
v -0.05388582631 -0.0149000001 0.2917453196
v -0.0535962913 -0.0149000001 0.2920352562
v -0.05334821734 -0.0149000001 0.2923610556
v -0.05318439105 -0.0149000001 0.292735044
v -0.05320576361 -0.0149000001 0.2931395879
v -0.0533959936 -0.0149000001 0.2934686862
v -0.05370024948 -0.0149000001 0.2936955601
v -0.05407337467 -0.0149000001 0.2937564658
v -0.05444483067 -0.0149000001 0.293673052
v -0.05477449169 -0.0149000001 0.2934782778
v -0.0550043219 -0.0149000001 0.2931718666
v -0.05508342853 -0.0149000001 0.2927988367
v -0.05500818773 -0.0149000001 0.2924230701
v -0.05494384301 -0.0149000001 0.2922436126
v -0.05563168018 -0.0149000001 0.2919959708
v -0.05570694452 -0.0149000001 0.2922053212
v -0.05580844996 -0.0149000001 0.2928391997
v -0.05563740956 -0.0149000001 0.2934571667
v -0.05521882368 -0.0149000001 0.2939425304
v -0.05464878922 -0.0149000001 0.2942413176
v -0.05400445848 -0.0149000001 0.2943791485
v -0.05335650813 -0.0149000001 0.2942760908
v -0.05282124345 -0.0149000001 0.2938987228
v -0.05008351076 -0.01480000019 0.2907515023
v -0.0489483008 -0.01480000019 0.2913372701
v -0.0489483008 -0.0149000001 0.2913372701
v -0.05008351076 -0.0149000001 0.2907515023
v -0.04246970556 -0.01480000019 0.2997691071
v -0.04330716307 -0.01480000019 0.3013129804
v -0.04330716307 -0.0149000001 0.3013129804
v -0.04246970556 -0.0149000001 0.2997691071
v -0.04498411075 -0.01480000019 0.2997318331
v -0.04349459381 -0.01480000019 0.2988038295
v -0.04349459381 -0.0149000001 0.2988038295
v -0.04498411075 -0.0149000001 0.2997318331
v -0.03474787208 -0.01480000019 0.3164703755
v -0.03462343792 -0.01480000019 0.317190767
v -0.03462343792 -0.0149000001 0.317190767
v -0.03474787208 -0.0149000001 0.3164703755
v -0.074317794 -0.01480000019 0.3112794901
v -0.07409323754 -0.01480000019 0.3115471106
v -0.07351790572 -0.01480000019 0.3120130674
v -0.07279002826 -0.01480000019 0.3121027283
v -0.07210816968 -0.01480000019 0.3118090074
v -0.07150765926 -0.01480000019 0.3113675526
v -0.07096531807 -0.01480000019 0.3108480442
v -0.07055161306 -0.01480000019 0.3102244611
v -0.07050041376 -0.01480000019 0.3094867131
v -0.07085751596 -0.01480000019 0.3088320246
v -0.07108207241 -0.01480000019 0.3085644089
v -0.08583950554 -0.01480000019 0.3521444716
v -0.08594358017 -0.01480000019 0.3522317994
v -0.08594358017 -0.0149000001 0.3522317994
v -0.08583950554 -0.0149000001 0.3521444716
v -0.08752429469 -0.01480000019 0.3464236816
v -0.08823313908 -0.01480000019 0.3449064131
v -0.08823313908 -0.0149000001 0.3449064131
v -0.08752429469 -0.0149000001 0.3464236816
v -0.05117540016 -0.01480000019 0.295650964
v -0.05052267744 -0.01480000019 0.2959880747
v -0.05052267744 -0.0149000001 0.2959880747
v -0.05117540016 -0.0149000001 0.295650964
v -0.04327448357 -0.01480000019 0.2948293588
v -0.0429271116 -0.01480000019 0.2943305878
v -0.0429271116 -0.0149000001 0.2943305878
v -0.04327448357 -0.0149000001 0.2948293588
v -0.08676236407 -0.01480000019 0.3343794629
v -0.08693671524 -0.01480000019 0.3346229929
v -0.0869710385 -0.01480000019 0.3349209207
v -0.08686839503 -0.01480000019 0.335204248
v -0.0866986319 -0.01480000019 0.3354545687
v -0.0866986319 -0.0149000001 0.3354545687
v -0.08686839503 -0.0149000001 0.335204248
v -0.0869710385 -0.0149000001 0.3349209207
v -0.08693671524 -0.0149000001 0.3346229929
v -0.08676236407 -0.0149000001 0.3343794629
v -0.08826613908 -0.01480000019 0.3356735201
v -0.08849319973 -0.01480000019 0.3358640543
v -0.08849319973 -0.0149000001 0.3358640543
v -0.08826613908 -0.0149000001 0.3356735201
v -0.09662638924 -0.01480000019 0.339846336
v -0.0963520072 -0.01480000019 0.3396161099
v -0.0963520072 -0.0149000001 0.3396161099
v -0.09662638924 -0.0149000001 0.339846336
v -0.09700584371 -0.01480000019 0.3381332883
v -0.09581373952 -0.01480000019 0.3371330005
v -0.09581373952 -0.0149000001 0.3371330005
v -0.09700584371 -0.0149000001 0.3381332883
v -0.0944108833 -0.01480000019 0.3363911778
v -0.09463795349 -0.01480000019 0.336581712
v -0.09463795349 -0.0149000001 0.336581712
v -0.0944108833 -0.0149000001 0.3363911778
v -0.09000702975 -0.01480000019 0.333598789
v -0.08907819106 -0.01480000019 0.334705749
v -0.08907819106 -0.0149000001 0.334705749
v -0.09000702975 -0.0149000001 0.333598789
v -0.08821652108 -0.01480000019 0.3311935015
v -0.08724570045 -0.01480000019 0.3316203393
v -0.08724570045 -0.0149000001 0.3316203393
v -0.08821652108 -0.0149000001 0.3311935015
v -0.0882197554 -0.01480000019 0.3319701071
v -0.08817211946 -0.01480000019 0.3320268795
v -0.08817211946 -0.0149000001 0.3320268795
v -0.0882197554 -0.0149000001 0.3319701071
v -0.0465390023 -0.01480000019 0.2953647745
v -0.04475211446 -0.01480000019 0.2966114636
v -0.04475211446 -0.0149000001 0.2966114636
v -0.0465390023 -0.0149000001 0.2953647745
v -0.03905678149 -0.01480000019 0.3064141918
v -0.03865266308 -0.01480000019 0.3070297225
v -0.03865266308 -0.0149000001 0.3070297225
v -0.03905678149 -0.0149000001 0.3064141918
v -0.03530838572 -0.01480000019 0.3021517319
v -0.03699610588 -0.01480000019 0.3050603879
v -0.03699610588 -0.0149000001 0.3050603879
v -0.03530838572 -0.0149000001 0.3021517319
v -0.0314172685 -0.01480000019 0.3091463343
v -0.03473310313 -0.01480000019 0.3102954059
v -0.03473310313 -0.0149000001 0.3102954059
v -0.0314172685 -0.0149000001 0.3091463343
v -0.03531673534 -0.01480000019 0.3144961876
v -0.03010174806 -0.01480000019 0.3128630962
v -0.03010174806 -0.0149000001 0.3128630962
v -0.03531673534 -0.0149000001 0.3144961876
v -0.03032156876 -0.01480000019 0.3121616493
v -0.03553655604 -0.01480000019 0.3137947407
v -0.03553655604 -0.0149000001 0.3137947407
v -0.03032156876 -0.0149000001 0.3121616493
v -0.03531673534 -0.0149000001 0.3144961876
v -0.03010174806 -0.0149000001 0.3128630962
v -0.03032156876 -0.0149000001 0.3121616493
v -0.03553655604 -0.0149000001 0.3137947407
v -0.05464878922 -0.01480000019 0.2942413176
v -0.05400445848 -0.01480000019 0.2943791485
v -0.05335650813 -0.01480000019 0.2942760908
v -0.05282124345 -0.01480000019 0.2938987228
v -0.05249608719 -0.01480000019 0.2933274391
v -0.05249608719 -0.0149000001 0.2933274391
v -0.05282124345 -0.0149000001 0.2938987228
v -0.05335650813 -0.0149000001 0.2942760908
v -0.05400445848 -0.0149000001 0.2943791485
v -0.05464878922 -0.0149000001 0.2942413176
v -0.05298083332 -0.01480000019 0.289605822
v -0.05267828521 -0.01480000019 0.2897797727
v -0.05248667348 -0.01480000019 0.2900698045
v -0.05243165661 -0.01480000019 0.2904146103
v -0.05251530398 -0.01480000019 0.2907535198
v -0.05251530398 -0.0149000001 0.2907535198
v -0.05243165661 -0.0149000001 0.2904146103
v -0.05248667348 -0.0149000001 0.2900698045
v -0.05267828521 -0.0149000001 0.2897797727
v -0.05298083332 -0.0149000001 0.289605822
v -0.0489483008 -0.01480000019 0.2913372701
v -0.05117540016 -0.01480000019 0.295650964
v -0.05117540016 -0.0149000001 0.295650964
v -0.0489483008 -0.0149000001 0.2913372701
v -0.04349459381 -0.01480000019 0.2988038295
v -0.04246970556 -0.01480000019 0.2997691071
v -0.04246970556 -0.0149000001 0.2997691071
v -0.04349459381 -0.0149000001 0.2988038295
v -0.08594358017 -0.01480000019 0.3522317994
v -0.08619817331 -0.01480000019 0.352370673
v -0.08648507665 -0.01480000019 0.3523507597
v -0.08672760529 -0.01480000019 0.3521898935
v -0.08692962175 -0.01480000019 0.3519789595
v -0.08692962175 -0.0149000001 0.3519789595
v -0.08672760529 -0.0149000001 0.3521898935
v -0.08648507665 -0.0149000001 0.3523507597
v -0.08619817331 -0.0149000001 0.352370673
v -0.08594358017 -0.0149000001 0.3522317994
v -0.09557746592 -0.01480000019 0.3421147571
v -0.09481111118 -0.01480000019 0.3414717149
v -0.09481111118 -0.0149000001 0.3414717149
v -0.09557746592 -0.0149000001 0.3421147571
v -0.08775136488 -0.01480000019 0.3466142158
v -0.08752429469 -0.01480000019 0.3464236816
v -0.08752429469 -0.0149000001 0.3464236816
v -0.08775136488 -0.0149000001 0.3466142158
v -0.08823313908 -0.01480000019 0.3449064131
v -0.08821421815 -0.01480000019 0.3448905345
v -0.08821421815 -0.0149000001 0.3448905345
v -0.08823313908 -0.0149000001 0.3449064131
v -0.08775136488 -0.0149000001 0.3466142158
v -0.08752429469 -0.0149000001 0.3464236816
v -0.08823313908 -0.0149000001 0.3449064131
v -0.08821421815 -0.0149000001 0.3448905345
v -0.08684308413 -0.0149000001 0.3458520885
v -0.08661602347 -0.0149000001 0.3456615543
v -0.0884624969 -0.0149000001 0.3444217173
v -0.08865172523 -0.0149000001 0.3445804942
v -0.0452190422 -0.01480000019 0.293472768
v -0.04327448357 -0.01480000019 0.2948293588
v -0.04327448357 -0.0149000001 0.2948293588
v -0.0452190422 -0.0149000001 0.293472768
v -0.0855626328 -0.01480000019 0.3346948261
v -0.08580700187 -0.01480000019 0.3344462981
v -0.08610489126 -0.01480000019 0.334267827
v -0.0864491581 -0.01480000019 0.3342355731
v -0.08676236407 -0.01480000019 0.3343794629
v -0.08676236407 -0.0149000001 0.3343794629
v -0.0864491581 -0.0149000001 0.3342355731
v -0.08610489126 -0.0149000001 0.334267827
v -0.08580700187 -0.0149000001 0.3344462981
v -0.0855626328 -0.0149000001 0.3346948261
v -0.08771292283 -0.01480000019 0.3360638122
v -0.08826613908 -0.01480000019 0.3356735201
v -0.08826613908 -0.0149000001 0.3356735201
v -0.08771292283 -0.0149000001 0.3360638122
v -0.0963520072 -0.01480000019 0.3396161099
v -0.09593125651 -0.01480000019 0.3401175526
v -0.09593125651 -0.0149000001 0.3401175526
v -0.0963520072 -0.0149000001 0.3396161099
v -0.09710111558 -0.0149000001 0.3380197532
v -0.09700584371 -0.0149000001 0.3381332883
v -0.09581373952 -0.0149000001 0.3371330005
v -0.09590900185 -0.0149000001 0.3370194654
v -0.09351052295 -0.01480000019 0.3384249089
v -0.0944108833 -0.01480000019 0.3363911778
v -0.0944108833 -0.0149000001 0.3363911778
v -0.09351052295 -0.0149000001 0.3384249089
v -0.09369975129 -0.01480000019 0.3385836859
v -0.09351052295 -0.01480000019 0.3384249089
v -0.09351052295 -0.0149000001 0.3384249089
v -0.09369975129 -0.0149000001 0.3385836859
v -0.09023409994 -0.01480000019 0.3337893232
v -0.09000702975 -0.01480000019 0.333598789
v -0.09000702975 -0.0149000001 0.333598789
v -0.09023409994 -0.0149000001 0.3337893232
v -0.09026391029 -0.01480000019 0.332927583
v -0.09044366863 -0.01480000019 0.3330784254
v -0.09044366863 -0.0149000001 0.3330784254
v -0.09026391029 -0.0149000001 0.332927583
v -0.08724570045 -0.01480000019 0.3316203393
v -0.08732887068 -0.01480000019 0.3317872035
v -0.08735206436 -0.01480000019 0.3319724452
v -0.0873036657 -0.01480000019 0.3321521556
v -0.08720066915 -0.01480000019 0.332308072
v -0.08720066915 -0.0149000001 0.332308072
v -0.0873036657 -0.0149000001 0.3321521556
v -0.08735206436 -0.0149000001 0.3319724452
v -0.08732887068 -0.0149000001 0.3317872035
v -0.08724570045 -0.0149000001 0.3316203393
v -0.08798945089 -0.01480000019 0.3310029769
v -0.08821652108 -0.01480000019 0.3311935015
v -0.08821652108 -0.0149000001 0.3311935015
v -0.08798945089 -0.0149000001 0.3310029769
v -0.08874969304 -0.01480000019 0.3319149743
v -0.08861993599 -0.01480000019 0.3318420757
v -0.08847205922 -0.01480000019 0.3318247858
v -0.0883312016 -0.01480000019 0.3318711728
v -0.0882197554 -0.01480000019 0.3319701071
v -0.0882197554 -0.0149000001 0.3319701071
v -0.0883312016 -0.0149000001 0.3318711728
v -0.08847205922 -0.0149000001 0.3318247858
v -0.08861993599 -0.0149000001 0.3318420757
v -0.08874969304 -0.0149000001 0.3319149743
v -0.08818234411 -0.01480000019 0.3327448436
v -0.08803645094 -0.01480000019 0.3326998304
v -0.08788736297 -0.01480000019 0.3326673009
v -0.08773692087 -0.01480000019 0.3326795082
v -0.08761455508 -0.01480000019 0.3327682192
v -0.08761455508 -0.0149000001 0.3327682192
v -0.08773692087 -0.0149000001 0.3326795082
v -0.08788736297 -0.0149000001 0.3326673009
v -0.08803645094 -0.0149000001 0.3326998304
v -0.08818234411 -0.0149000001 0.3327448436
v -0.04475211446 -0.01480000019 0.2966114636
v -0.04440474248 -0.01480000019 0.2961126973
v -0.04440474248 -0.0149000001 0.2961126973
v -0.04475211446 -0.0149000001 0.2966114636
v -0.03699610588 -0.01480000019 0.3050603879
v -0.03905678149 -0.01480000019 0.3064141918
v -0.03905678149 -0.0149000001 0.3064141918
v -0.03699610588 -0.0149000001 0.3050603879
v -0.03112082711 -0.01480000019 0.3097856685
v -0.0314172685 -0.01480000019 0.3091463343
v -0.0314172685 -0.0149000001 0.3091463343
v -0.03112082711 -0.0149000001 0.3097856685
v -0.03473310313 -0.01480000019 0.3102954059
v -0.03476005386 -0.01480000019 0.3102372841
v -0.03476005386 -0.0149000001 0.3102372841
v -0.03473310313 -0.0149000001 0.3102954059
v -0.03112082711 -0.0149000001 0.3097856685
v -0.0314172685 -0.0149000001 0.3091463343
v -0.03473310313 -0.0149000001 0.3102954059
v -0.03476005386 -0.0149000001 0.3102372841
v -0.0317945597 -0.0149000001 0.3083326348
v -0.03209217888 -0.0149000001 0.3076931957
v -0.03546191259 -0.0149000001 0.3087260238
v -0.03548886094 -0.0149000001 0.3086679021
v -0.03246947008 -0.0149000001 0.306879501
v -0.03276591147 -0.0149000001 0.306240162
v -0.0374965323 -0.0149000001 0.3092124323
v -0.03722703927 -0.0149000001 0.3097936448
v -0.03326334496 -0.0149000001 0.3085897285
v -0.03323639661 -0.0149000001 0.3086478503
v -0.03671382375 -0.0149000001 0.310898053
v -0.03644433072 -0.0149000001 0.3114792655
v -0.03553655604 -0.01480000019 0.3137947407
v -0.03531673534 -0.01480000019 0.3144961876
v -0.03531673534 -0.0149000001 0.3144961876
v -0.03553655604 -0.0149000001 0.3137947407
v -0.05570694452 -0.01480000019 0.2922053212
v -0.05580844996 -0.01480000019 0.2928391997
v -0.05563740956 -0.01480000019 0.2934571667
v -0.05521882368 -0.01480000019 0.2939425304
v -0.05464878922 -0.01480000019 0.2942413176
v -0.05464878922 -0.0149000001 0.2942413176
v -0.05521882368 -0.0149000001 0.2939425304
v -0.05563740956 -0.0149000001 0.2934571667
v -0.05580844996 -0.0149000001 0.2928391997
v -0.05570694452 -0.0149000001 0.2922053212
v -0.05251530398 -0.01480000019 0.2907535198
v -0.05182747158 -0.01480000019 0.2910011568
v -0.05182747158 -0.0149000001 0.2910011568
v -0.05251530398 -0.0149000001 0.2907535198
v -0.08689537339 -0.01480000019 0.3508861346
v -0.08699944802 -0.01480000019 0.3509734624
v -0.08718090402 -0.01480000019 0.3511971559
v -0.08721583761 -0.01480000019 0.3514802064
v -0.0871013304 -0.01480000019 0.3517453757
v -0.08692962175 -0.01480000019 0.3519789595
v -0.08672760529 -0.01480000019 0.3521898935
v -0.08648507665 -0.01480000019 0.3523507597
v -0.08619817331 -0.01480000019 0.352370673
v -0.08594358017 -0.01480000019 0.3522317994
v -0.08583950554 -0.01480000019 0.3521444716
v -0.09482037007 -0.01480000019 0.3407378434
v -0.09362826588 -0.01480000019 0.3397375556
v -0.09362826588 -0.0149000001 0.3397375556
v -0.09482037007 -0.0149000001 0.3407378434
v -0.09572829873 -0.01480000019 0.3419349987
v -0.09557746592 -0.01480000019 0.3421147571
v -0.09557746592 -0.0149000001 0.3421147571
v -0.09572829873 -0.0149000001 0.3419349987
v -0.09481111118 -0.01480000019 0.3414717149
v -0.09360440098 -0.01480000019 0.3429098102
v -0.09360440098 -0.0149000001 0.3429098102
v -0.09481111118 -0.0149000001 0.3414717149
v -0.09572829873 -0.0149000001 0.3419349987
v -0.09557746592 -0.0149000001 0.3421147571
v -0.09481111118 -0.0149000001 0.3414717149
v -0.09360440098 -0.0149000001 0.3429098102
v -0.09338679126 -0.0149000001 0.3427272201
v -0.09474433427 -0.0149000001 0.3411093569
v -0.08865172523 -0.01480000019 0.3445804942
v -0.08775136488 -0.01480000019 0.3466142158
v -0.08775136488 -0.0149000001 0.3466142158
v -0.08865172523 -0.0149000001 0.3445804942
v -0.08821421815 -0.01480000019 0.3448905345
v -0.08684308413 -0.01480000019 0.3458520885
v -0.08684308413 -0.0149000001 0.3458520885
v -0.08821421815 -0.0149000001 0.3448905345
v -0.04619163032 -0.01480000019 0.2948660034
v -0.0452190422 -0.01480000019 0.293472768
v -0.0452190422 -0.0149000001 0.293472768
v -0.04619163032 -0.0149000001 0.2948660034
v -0.08538253377 -0.01480000019 0.3360431121
v -0.08518107905 -0.01480000019 0.3357273127
v -0.08518631406 -0.01480000019 0.3353501059
v -0.08533915884 -0.01480000019 0.3350027584
v -0.0855626328 -0.01480000019 0.3346948261
v -0.0855626328 -0.0149000001 0.3346948261
v -0.08533915884 -0.0149000001 0.3350027584
v -0.08518631406 -0.0149000001 0.3353501059
v -0.08518107905 -0.0149000001 0.3357273127
v -0.08538253377 -0.0149000001 0.3360431121
v -0.0872966243 -0.01480000019 0.3357145107
v -0.08771292283 -0.01480000019 0.3360638122
v -0.08771292283 -0.0149000001 0.3360638122
v -0.0872966243 -0.0149000001 0.3357145107
v -0.09593125651 -0.01480000019 0.3401175526
v -0.09621508948 -0.01480000019 0.3403557228
v -0.09621508948 -0.0149000001 0.3403557228
v -0.09593125651 -0.0149000001 0.3401175526
v -0.09752781171 -0.01480000019 0.3398288345
v -0.09740570344 -0.01480000019 0.3399373914
v -0.09725257206 -0.01480000019 0.3399926762
v -0.09708900737 -0.01480000019 0.3399905498
v -0.09693284312 -0.01480000019 0.339942256
v -0.09693284312 -0.0149000001 0.339942256
v -0.09708900737 -0.0149000001 0.3399905498
v -0.09725257206 -0.0149000001 0.3399926762
v -0.09740570344 -0.0149000001 0.3399373914
v -0.09752781171 -0.0149000001 0.3398288345
v -0.09036906365 -0.01480000019 0.3336284762
v -0.09023409994 -0.01480000019 0.3337893232
v -0.09023409994 -0.0149000001 0.3337893232
v -0.09036906365 -0.0149000001 0.3336284762
v -0.08720066915 -0.01480000019 0.332308072
v -0.08700911443 -0.01480000019 0.332477979
v -0.08676403932 -0.01480000019 0.3325436494
v -0.08651591222 -0.01480000019 0.3324825003
v -0.08630076305 -0.01480000019 0.3323429781
v -0.08630076305 -0.0149000001 0.3323429781
v -0.08651591222 -0.0149000001 0.3324825003
v -0.08676403932 -0.0149000001 0.3325436494
v -0.08700911443 -0.0149000001 0.332477979
v -0.08720066915 -0.0149000001 0.332308072
v -0.08706137392 -0.01480000019 0.3314173023
v -0.08798945089 -0.01480000019 0.3310029769
v -0.08798945089 -0.0149000001 0.3310029769
v -0.08706137392 -0.0149000001 0.3314173023
v -0.08881276998 -0.01480000019 0.332435461
v -0.08888621221 -0.01480000019 0.3323072584
v -0.08890325411 -0.01480000019 0.3321606119
v -0.08885043939 -0.01480000019 0.3320233687
v -0.08874969304 -0.01480000019 0.3319149743
v -0.08874969304 -0.0149000001 0.3319149743
v -0.08885043939 -0.0149000001 0.3320233687
v -0.08890325411 -0.0149000001 0.3321606119
v -0.08888621221 -0.0149000001 0.3323072584
v -0.08881276998 -0.0149000001 0.332435461
v -0.08901450106 -0.0149000001 0.332636972
v -0.08883766146 -0.0149000001 0.3327696571
v -0.08862055758 -0.0149000001 0.3328149284
v -0.08839851356 -0.0149000001 0.3327990501
v -0.08818234411 -0.0149000001 0.3327448436
v -0.08803645094 -0.0149000001 0.3326998304
v -0.08788736297 -0.0149000001 0.3326673009
v -0.08773692087 -0.0149000001 0.3326795082
v -0.08761455508 -0.0149000001 0.3327682192
v -0.08755325308 -0.0149000001 0.3328744681
v -0.08754304898 -0.0149000001 0.332996424
v -0.08758740457 -0.0149000001 0.3331106169
v -0.087670012 -0.0149000001 0.3332017022
v -0.08778757155 -0.0149000001 0.3332691077
v -0.08792233528 -0.0149000001 0.3332769657
v -0.08804890685 -0.0149000001 0.3332281278
v -0.08814622915 -0.0149000001 0.333133733
v -0.08836383887 -0.0149000001 0.3333163326
v -0.08817892169 -0.0149000001 0.3334696266
v -0.08795203318 -0.0149000001 0.333549049
v -0.0877153693 -0.0149000001 0.3335181312
v -0.08751123509 -0.0149000001 0.333390921
v -0.08736116459 -0.0149000001 0.3332126604
v -0.08728793155 -0.0149000001 0.3329915703
v -0.08730614632 -0.0149000001 0.3327599323
v -0.08742076808 -0.0149000001 0.3325572477
v -0.0875891486 -0.0149000001 0.3324300272
v -0.08779692555 -0.0149000001 0.3323909739
v -0.08800763041 -0.0149000001 0.3324189829
v -0.08821170728 -0.0149000001 0.3324792739
v -0.08836559224 -0.0149000001 0.332520253
v -0.08852359703 -0.0149000001 0.3325395455
v -0.08868110585 -0.0149000001 0.3325212729
v -0.08881276998 -0.0149000001 0.332435461
v -0.08888621221 -0.0149000001 0.3323072584
v -0.08890325411 -0.0149000001 0.3321606119
v -0.08885043939 -0.0149000001 0.3320233687
v -0.08874969304 -0.0149000001 0.3319149743
v -0.08861993599 -0.0149000001 0.3318420757
v -0.08847205922 -0.0149000001 0.3318247858
v -0.0883312016 -0.0149000001 0.3318711728
v -0.0882197554 -0.0149000001 0.3319701071
v -0.08817211946 -0.0149000001 0.3320268795
v -0.08795451927 -0.0149000001 0.3318442798
v -0.08801008976 -0.0149000001 0.3317780566
v -0.08820305594 -0.0149000001 0.331620061
v -0.08844393489 -0.0149000001 0.3315564505
v -0.08868870502 -0.0149000001 0.3316022455
v -0.08890053539 -0.0149000001 0.331735216
v -0.08907282653 -0.0149000001 0.3319246726
v -0.08916511401 -0.0149000001 0.3321624234
v -0.08914289384 -0.0149000001 0.3324160532
v -0.04440474248 -0.01480000019 0.2961126973
v -0.04619163032 -0.01480000019 0.2948660034
v -0.04619163032 -0.0149000001 0.2948660034
v -0.04440474248 -0.0149000001 0.2961126973
v -0.03644433072 -0.01480000019 0.3114792655
v -0.03112082711 -0.01480000019 0.3097856685
v -0.03112082711 -0.0149000001 0.3097856685
v -0.03644433072 -0.0149000001 0.3114792655
v -0.03476005386 -0.01480000019 0.3102372841
v -0.0317945597 -0.01480000019 0.3083326348
v -0.0317945597 -0.0149000001 0.3083326348
v -0.03476005386 -0.0149000001 0.3102372841
v -0.05563168018 -0.01480000019 0.2919959708
v -0.05570694452 -0.01480000019 0.2922053212
v -0.05570694452 -0.0149000001 0.2922053212
v -0.05563168018 -0.0149000001 0.2919959708
v -0.05182747158 -0.01480000019 0.2910011568
v -0.05172631428 -0.01480000019 0.2903914945
v -0.05184313832 -0.01480000019 0.2897840657
v -0.05221796962 -0.01480000019 0.2892975386
v -0.05276477735 -0.01480000019 0.2890077684
v -0.05276477735 -0.0149000001 0.2890077684
v -0.05221796962 -0.0149000001 0.2892975386
v -0.05184313832 -0.0149000001 0.2897840657
v -0.05172631428 -0.0149000001 0.2903914945
v -0.05182747158 -0.0149000001 0.2910011568
v -0.09191806389 -0.01480000019 0.3414948084
v -0.09170045416 -0.01480000019 0.3413122088
v -0.09170045416 -0.0149000001 0.3413122088
v -0.09191806389 -0.0149000001 0.3414948084
v -0.09491564194 -0.01480000019 0.3406243083
v -0.09482037007 -0.01480000019 0.3407378434
v -0.09482037007 -0.0149000001 0.3407378434
v -0.09491564194 -0.0149000001 0.3406243083
v -0.09362826588 -0.01480000019 0.3397375556
v -0.09372352821 -0.01480000019 0.3396240205
v -0.09372352821 -0.0149000001 0.3396240205
v -0.09362826588 -0.0149000001 0.3397375556
v -0.09491564194 -0.0149000001 0.3406243083
v -0.09482037007 -0.0149000001 0.3407378434
v -0.09362826588 -0.0149000001 0.3397375556
v -0.09372352821 -0.0149000001 0.3396240205
v -0.09474433427 -0.01480000019 0.3411093569
v -0.09572829873 -0.01480000019 0.3419349987
v -0.09572829873 -0.0149000001 0.3419349987
v -0.09474433427 -0.0149000001 0.3411093569
v -0.09360440098 -0.01480000019 0.3429098102
v -0.09338679126 -0.01480000019 0.3427272201
v -0.09338679126 -0.0149000001 0.3427272201
v -0.09360440098 -0.0149000001 0.3429098102
v -0.0884624969 -0.01480000019 0.3444217173
v -0.08865172523 -0.01480000019 0.3445804942
v -0.08865172523 -0.0149000001 0.3445804942
v -0.0884624969 -0.0149000001 0.3444217173
v -0.08684308413 -0.01480000019 0.3458520885
v -0.08661602347 -0.01480000019 0.3456615543
v -0.08661602347 -0.0149000001 0.3456615543
v -0.08684308413 -0.0149000001 0.3458520885
v -0.08635573899 -0.01480000019 0.3358440022
v -0.08615864346 -0.01480000019 0.3360430726
v -0.08590873333 -0.01480000019 0.3361669362
v -0.08563023182 -0.01480000019 0.3361700457
v -0.08538253377 -0.01480000019 0.3360431121
v -0.08538253377 -0.0149000001 0.3360431121
v -0.08563023182 -0.0149000001 0.3361700457
v -0.08590873333 -0.0149000001 0.3361669362
v -0.08615864346 -0.0149000001 0.3360430726
v -0.08635573899 -0.0149000001 0.3358440022
v -0.08758492851 -0.01480000019 0.3351019175
v -0.0872966243 -0.01480000019 0.3357145107
v -0.0872966243 -0.0149000001 0.3357145107
v -0.08758492851 -0.0149000001 0.3351019175
v -0.09621508948 -0.01480000019 0.3403557228
v -0.09632244471 -0.01480000019 0.3404217931
v -0.09644595512 -0.01480000019 0.3404456062
v -0.09656552674 -0.01480000019 0.3404094426
v -0.09665954934 -0.01480000019 0.3403255954
v -0.09665954934 -0.0149000001 0.3403255954
v -0.09656552674 -0.0149000001 0.3404094426
v -0.09644595512 -0.0149000001 0.3404456062
v -0.09632244471 -0.0149000001 0.3404217931
v -0.09621508948 -0.0149000001 0.3403557228
v -0.09739340875 -0.01480000019 0.3388938047
v -0.09757963308 -0.01480000019 0.3390904711
v -0.09769669703 -0.01480000019 0.3393338009
v -0.09767167308 -0.01480000019 0.3395997807
v -0.09752781171 -0.01480000019 0.3398288345
v -0.09752781171 -0.0149000001 0.3398288345
v -0.09767167308 -0.0149000001 0.3395997807
v -0.09769669703 -0.0149000001 0.3393338009
v -0.09757963308 -0.0149000001 0.3390904711
v -0.09739340875 -0.0149000001 0.3388938047
v -0.09044366863 -0.01480000019 0.3330784254
v -0.09014199346 -0.01480000019 0.3334379516
v -0.09014199346 -0.0149000001 0.3334379516
v -0.09044366863 -0.0149000001 0.3330784254
v -0.09014199346 -0.01480000019 0.3334379516
v -0.09036906365 -0.01480000019 0.3336284762
v -0.09036906365 -0.0149000001 0.3336284762
v -0.09014199346 -0.0149000001 0.3334379516
v -0.08630076305 -0.01480000019 0.3323429781
v -0.08582771129 -0.01480000019 0.3319460311
v -0.08582771129 -0.0149000001 0.3319460311
v -0.08630076305 -0.0149000001 0.3323429781
v -0.0868153828 -0.01480000019 0.3312108895
v -0.08706137392 -0.01480000019 0.3314173023
v -0.08706137392 -0.0149000001 0.3314173023
v -0.0868153828 -0.0149000001 0.3312108895
v -0.08821170728 -0.01480000019 0.3324792739
v -0.08836559224 -0.01480000019 0.332520253
v -0.08852359703 -0.01480000019 0.3325395455
v -0.08868110585 -0.01480000019 0.3325212729
v -0.08881276998 -0.01480000019 0.332435461
v -0.08881276998 -0.0149000001 0.332435461
v -0.08868110585 -0.0149000001 0.3325212729
v -0.08852359703 -0.0149000001 0.3325395455
v -0.08836559224 -0.0149000001 0.332520253
v -0.08821170728 -0.0149000001 0.3324792739
v -0.08761455508 -0.01480000019 0.3327682192
v -0.08755325308 -0.01480000019 0.3328744681
v -0.08754304898 -0.01480000019 0.332996424
v -0.08758740457 -0.01480000019 0.3331106169
v -0.087670012 -0.01480000019 0.3332017022
v -0.087670012 -0.0149000001 0.3332017022
v -0.08758740457 -0.0149000001 0.3331106169
v -0.08754304898 -0.0149000001 0.332996424
v -0.08755325308 -0.0149000001 0.3328744681
v -0.08761455508 -0.0149000001 0.3327682192
v -0.03671382375 -0.01480000019 0.310898053
v -0.03644433072 -0.01480000019 0.3114792655
v -0.03644433072 -0.0149000001 0.3114792655
v -0.03671382375 -0.0149000001 0.310898053
v -0.0317945597 -0.01480000019 0.3083326348
v -0.03209217888 -0.01480000019 0.3076931957
v -0.03209217888 -0.0149000001 0.3076931957
v -0.0317945597 -0.0149000001 0.3083326348
v -0.05494384301 -0.01480000019 0.2922436126
v -0.05563168018 -0.01480000019 0.2919959708
v -0.05563168018 -0.0149000001 0.2919959708
v -0.05494384301 -0.0149000001 0.2922436126
v -0.05276477735 -0.01480000019 0.2890077684
v -0.053355731 -0.01480000019 0.2889048874
v -0.05394256993 -0.01480000019 0.2890271689
v -0.05443397983 -0.01480000019 0.2893680351
v -0.05473632888 -0.01480000019 0.2898852908
v -0.05473632888 -0.0149000001 0.2898852908
v -0.05443397983 -0.0149000001 0.2893680351
v -0.05394256993 -0.0149000001 0.2890271689
v -0.053355731 -0.0149000001 0.2889048874
v -0.05276477735 -0.0149000001 0.2890077684
v -0.08826739323 -0.01480000019 0.3384315462
v -0.08804979304 -0.01480000019 0.3382489561
v -0.08804979304 -0.0149000001 0.3382489561
v -0.08826739323 -0.0149000001 0.3384315462
v -0.0932756069 -0.01480000019 0.3398769453
v -0.09191806389 -0.01480000019 0.3414948084
v -0.09191806389 -0.0149000001 0.3414948084
v -0.0932756069 -0.0149000001 0.3398769453
v -0.09170045416 -0.01480000019 0.3413122088
v -0.09227204721 -0.01480000019 0.3406310078
v -0.09227204721 -0.0149000001 0.3406310078
v -0.09170045416 -0.0149000001 0.3413122088
v -0.0932756069 -0.0149000001 0.3398769453
v -0.09191806389 -0.0149000001 0.3414948084
v -0.09170045416 -0.0149000001 0.3413122088
v -0.09227204721 -0.0149000001 0.3406310078
v -0.09173276266 -0.0149000001 0.3401784903
v -0.09116116962 -0.0149000001 0.3408597008
v -0.09094355989 -0.0149000001 0.3406771012
v -0.0923011029 -0.0149000001 0.3390592475
v -0.09251871263 -0.0149000001 0.3392418376
v -0.09188360501 -0.0149000001 0.3399987319
v -0.09242288956 -0.0149000001 0.3404512494
v -0.09305799718 -0.0149000001 0.3396943552
v -0.09372352821 -0.01480000019 0.3396240205
v -0.09491564194 -0.01480000019 0.3406243083
v -0.09491564194 -0.0149000001 0.3406243083
v -0.09372352821 -0.0149000001 0.3396240205
v -0.09338679126 -0.01480000019 0.3427272201
v -0.09474433427 -0.01480000019 0.3411093569
v -0.09474433427 -0.0149000001 0.3411093569
v -0.09338679126 -0.0149000001 0.3427272201
v -0.08661602347 -0.01480000019 0.3456615543
v -0.0884624969 -0.01480000019 0.3444217173
v -0.0884624969 -0.0149000001 0.3444217173
v -0.08661602347 -0.0149000001 0.3456615543
v -0.08614758972 -0.01480000019 0.3356693467
v -0.08635573899 -0.01480000019 0.3358440022
v -0.08635573899 -0.0149000001 0.3358440022
v -0.08614758972 -0.0149000001 0.3356693467
v -0.08735785832 -0.01480000019 0.3349113928
v -0.08758492851 -0.01480000019 0.3351019175
v -0.08758492851 -0.0149000001 0.3351019175
v -0.08735785832 -0.0149000001 0.3349113928
v -0.09693284312 -0.01480000019 0.339942256
v -0.09698996846 -0.01480000019 0.34008401
v -0.09700763077 -0.01480000019 0.3402358731
v -0.09696321842 -0.01480000019 0.3403816328
v -0.09687715907 -0.01480000019 0.340508195
v -0.09687715907 -0.0149000001 0.340508195
v -0.09696321842 -0.0149000001 0.3403816328
v -0.09700763077 -0.0149000001 0.3402358731
v -0.09698996846 -0.0149000001 0.34008401
v -0.09693284312 -0.0149000001 0.339942256
v -0.09692034745 -0.01480000019 0.3384968577
v -0.09739340875 -0.01480000019 0.3388938047
v -0.09739340875 -0.0149000001 0.3388938047
v -0.09692034745 -0.0149000001 0.3384968577
v -0.08582771129 -0.01480000019 0.3319460311
v -0.08718524476 -0.01480000019 0.3303281726
v -0.08718524476 -0.0149000001 0.3303281726
v -0.08582771129 -0.0149000001 0.3319460311
v -0.08740285449 -0.01480000019 0.3305107675
v -0.0868153828 -0.01480000019 0.3312108895
v -0.0868153828 -0.0149000001 0.3312108895
v -0.08740285449 -0.0149000001 0.3305107675
v -0.08742076808 -0.01480000019 0.3325572477
v -0.0875891486 -0.01480000019 0.3324300272
v -0.08779692555 -0.01480000019 0.3323909739
v -0.08800763041 -0.01480000019 0.3324189829
v -0.08821170728 -0.01480000019 0.3324792739
v -0.08821170728 -0.0149000001 0.3324792739
v -0.08800763041 -0.0149000001 0.3324189829
v -0.08779692555 -0.0149000001 0.3323909739
v -0.0875891486 -0.0149000001 0.3324300272
v -0.08742076808 -0.0149000001 0.3325572477
v -0.087670012 -0.01480000019 0.3332017022
v -0.08778757155 -0.01480000019 0.3332691077
v -0.08792233528 -0.01480000019 0.3332769657
v -0.08804890685 -0.01480000019 0.3332281278
v -0.08814622915 -0.01480000019 0.333133733
v -0.08814622915 -0.0149000001 0.333133733
v -0.08804890685 -0.0149000001 0.3332281278
v -0.08792233528 -0.0149000001 0.3332769657
v -0.08778757155 -0.0149000001 0.3332691077
v -0.087670012 -0.0149000001 0.3332017022
v -0.03323639661 -0.01480000019 0.3086478503
v -0.03671382375 -0.01480000019 0.310898053
v -0.03671382375 -0.0149000001 0.310898053
v -0.03323639661 -0.0149000001 0.3086478503
v -0.03209217888 -0.01480000019 0.3076931957
v -0.03546191259 -0.01480000019 0.3087260238
v -0.03546191259 -0.0149000001 0.3087260238
v -0.03209217888 -0.0149000001 0.3076931957
v -0.05500818773 -0.01480000019 0.2924230701
v -0.05494384301 -0.01480000019 0.2922436126
v -0.05494384301 -0.0149000001 0.2922436126
v -0.05500818773 -0.0149000001 0.2924230701
v -0.05473632888 -0.01480000019 0.2898852908
v -0.05480178526 -0.01480000019 0.2904245077
v -0.05461882851 -0.01480000019 0.2909369077
v -0.05428432324 -0.01480000019 0.2913696189
v -0.05388582631 -0.01480000019 0.2917453196
v -0.05388582631 -0.0149000001 0.2917453196
v -0.05428432324 -0.0149000001 0.2913696189
v -0.05461882851 -0.0149000001 0.2909369077
v -0.05480178526 -0.0149000001 0.2904245077
v -0.05473632888 -0.0149000001 0.2898852908
v -0.09075684239 -0.01480000019 0.3474754833
v -0.09087868354 -0.01480000019 0.3473139593
v -0.09097228636 -0.01480000019 0.3471350117
v -0.09098503663 -0.01480000019 0.3469354934
v -0.09088735147 -0.01480000019 0.3467627355
v -0.09088735147 -0.0149000001 0.3467627355
v -0.09098503663 -0.0149000001 0.3469354934
v -0.09097228636 -0.0149000001 0.3471350117
v -0.09087868354 -0.0149000001 0.3473139593
v -0.09075684239 -0.0149000001 0.3474754833
v -0.08962493624 -0.01480000019 0.336813683
v -0.08826739323 -0.01480000019 0.3384315462
v -0.08826739323 -0.0149000001 0.3384315462
v -0.08962493624 -0.0149000001 0.336813683
v -0.08804979304 -0.01480000019 0.3382489561
v -0.08903421176 -0.01480000019 0.3370757728
v -0.08903421176 -0.0149000001 0.3370757728
v -0.08804979304 -0.0149000001 0.3382489561
v -0.08962493624 -0.0149000001 0.336813683
v -0.08826739323 -0.0149000001 0.3384315462
v -0.08804979304 -0.0149000001 0.3382489561
v -0.08903421176 -0.0149000001 0.3370757728
v -0.08902474176 -0.0149000001 0.3370678287
v -0.08751996896 -0.0149000001 0.3378043827
v -0.08728343831 -0.0149000001 0.3376059044
v -0.08864098132 -0.0149000001 0.3359880507
v -0.08885858151 -0.0149000001 0.3361706408
v -0.08787417233 -0.0149000001 0.3373438241
v -0.08788363279 -0.0149000001 0.3373517682
v -0.08938841513 -0.0149000001 0.3366152143
v -0.09305799718 -0.01480000019 0.3396943552
v -0.0932756069 -0.01480000019 0.3398769453
v -0.0932756069 -0.0149000001 0.3398769453
v -0.09305799718 -0.0149000001 0.3396943552
v -0.09227204721 -0.01480000019 0.3406310078
v -0.09173276266 -0.01480000019 0.3401784903
v -0.09173276266 -0.0149000001 0.3401784903
v -0.09227204721 -0.0149000001 0.3406310078
v -0.08553336658 -0.01480000019 0.3358633442
v -0.08569636873 -0.01480000019 0.3359389607
v -0.08587289379 -0.01480000019 0.3359048284
v -0.08602173355 -0.01480000019 0.3358008014
v -0.08614758972 -0.01480000019 0.3356693467
v -0.08614758972 -0.0149000001 0.3356693467
v -0.08602173355 -0.0149000001 0.3358008014
v -0.08587289379 -0.0149000001 0.3359048284
v -0.08569636873 -0.0149000001 0.3359389607
v -0.08553336658 -0.0149000001 0.3358633442
v -0.08648102218 -0.01480000019 0.3352719786
v -0.08660285379 -0.01480000019 0.3351104546
v -0.08669646614 -0.01480000019 0.334931507
v -0.08670921642 -0.01480000019 0.3347319888
v -0.08661153126 -0.01480000019 0.3345592308
v -0.08661153126 -0.0149000001 0.3345592308
v -0.08670921642 -0.0149000001 0.3347319888
v -0.08669646614 -0.0149000001 0.334931507
v -0.08660285379 -0.0149000001 0.3351104546
v -0.08648102218 -0.0149000001 0.3352719786
v -0.0866467263 -0.01480000019 0.3371038913
v -0.08645749797 -0.01480000019 0.3369451144
v -0.08645749797 -0.0149000001 0.3369451144
v -0.0866467263 -0.0149000001 0.3371038913
v -0.08645749797 -0.01480000019 0.3369451144
v -0.08735785832 -0.01480000019 0.3349113928
v -0.08735785832 -0.0149000001 0.3349113928
v -0.08645749797 -0.0149000001 0.3369451144
v -0.09687715907 -0.01480000019 0.340508195
v -0.09669657155 -0.01480000019 0.340650846
v -0.09647272521 -0.01480000019 0.340704481
v -0.09624842092 -0.01480000019 0.3406539271
v -0.09605478666 -0.01480000019 0.3405275465
v -0.09605478666 -0.0149000001 0.3405275465
v -0.09624842092 -0.0149000001 0.3406539271
v -0.09647272521 -0.0149000001 0.340704481
v -0.09669657155 -0.0149000001 0.340650846
v -0.09687715907 -0.0149000001 0.340508195
v -0.09556280443 -0.01480000019 0.3401147209
v -0.09692034745 -0.01480000019 0.3384968577
v -0.09692034745 -0.0149000001 0.3384968577
v -0.09556280443 -0.0149000001 0.3401147209
v -0.08718524476 -0.01480000019 0.3303281726
v -0.08740285449 -0.01480000019 0.3305107675
v -0.08740285449 -0.0149000001 0.3305107675
v -0.08718524476 -0.0149000001 0.3303281726
v -0.08751123509 -0.01480000019 0.333390921
v -0.08736116459 -0.01480000019 0.3332126604
v -0.08728793155 -0.01480000019 0.3329915703
v -0.08730614632 -0.01480000019 0.3327599323
v -0.08742076808 -0.01480000019 0.3325572477
v -0.08742076808 -0.0149000001 0.3325572477
v -0.08730614632 -0.0149000001 0.3327599323
v -0.08728793155 -0.0149000001 0.3329915703
v -0.08736116459 -0.0149000001 0.3332126604
v -0.08751123509 -0.0149000001 0.333390921
v -0.08814622915 -0.01480000019 0.333133733
v -0.08836383887 -0.01480000019 0.3333163326
v -0.08836383887 -0.0149000001 0.3333163326
v -0.08814622915 -0.0149000001 0.333133733
v -0.03326334496 -0.01480000019 0.3085897285
v -0.03323639661 -0.01480000019 0.3086478503
v -0.03323639661 -0.0149000001 0.3086478503
v -0.03326334496 -0.0149000001 0.3085897285
v -0.03546191259 -0.01480000019 0.3087260238
v -0.03548886094 -0.01480000019 0.3086679021
v -0.03548886094 -0.0149000001 0.3086679021
v -0.03546191259 -0.0149000001 0.3087260238
v -0.05444483067 -0.01480000019 0.293673052
v -0.05477449169 -0.01480000019 0.2934782778
v -0.0550043219 -0.01480000019 0.2931718666
v -0.05508342853 -0.01480000019 0.2927988367
v -0.05500818773 -0.01480000019 0.2924230701
v -0.05500818773 -0.0149000001 0.2924230701
v -0.05508342853 -0.0149000001 0.2927988367
v -0.0550043219 -0.0149000001 0.2931718666
v -0.05477449169 -0.0149000001 0.2934782778
v -0.05444483067 -0.0149000001 0.293673052
v -0.05388582631 -0.01480000019 0.2917453196
v -0.0535962913 -0.01480000019 0.2920352562
v -0.05334821734 -0.01480000019 0.2923610556
v -0.05318439105 -0.01480000019 0.292735044
v -0.05320576361 -0.01480000019 0.2931395879
v -0.05320576361 -0.0149000001 0.2931395879
v -0.05318439105 -0.0149000001 0.292735044
v -0.05334821734 -0.0149000001 0.2923610556
v -0.0535962913 -0.0149000001 0.2920352562
v -0.05388582631 -0.0149000001 0.2917453196
v -0.08953996171 -0.01480000019 0.3464543959
v -0.08966179332 -0.01480000019 0.3462928719
v -0.08975539614 -0.01480000019 0.3461139242
v -0.08976814641 -0.01480000019 0.345914406
v -0.08967046125 -0.01480000019 0.3457416481
v -0.08967046125 -0.0149000001 0.3457416481
v -0.08976814641 -0.0149000001 0.345914406
v -0.08975539614 -0.0149000001 0.3461139242
v -0.08966179332 -0.0149000001 0.3462928719
v -0.08953996171 -0.0149000001 0.3464543959
v -0.09097445212 -0.01480000019 0.3476580734
v -0.09075684239 -0.01480000019 0.3474754833
v -0.09075684239 -0.0149000001 0.3474754833
v -0.09097445212 -0.0149000001 0.3476580734
v -0.09088735147 -0.01480000019 0.3467627355
v -0.090653539 -0.01480000019 0.3466847158
v -0.09041646524 -0.01480000019 0.3467635565
v -0.09022060943 -0.01480000019 0.3469221529
v -0.09004964456 -0.01480000019 0.3471077859
v -0.09004964456 -0.0149000001 0.3471077859
v -0.09022060943 -0.0149000001 0.3469221529
v -0.09041646524 -0.0149000001 0.3467635565
v -0.090653539 -0.0149000001 0.3466847158
v -0.09088735147 -0.0149000001 0.3467627355
v -0.09097445212 -0.0149000001 0.3476580734
v -0.09075684239 -0.0149000001 0.3474754833
v -0.09087868354 -0.0149000001 0.3473139593
v -0.09097228636 -0.0149000001 0.3471350117
v -0.09098503663 -0.0149000001 0.3469354934
v -0.09088735147 -0.0149000001 0.3467627355
v -0.090653539 -0.0149000001 0.3466847158
v -0.09041646524 -0.0149000001 0.3467635565
v -0.09022060943 -0.0149000001 0.3469221529
v -0.09004964456 -0.0149000001 0.3471077859
v -0.08988238954 -0.0149000001 0.3473249092
v -0.08974541371 -0.0149000001 0.3475619929
v -0.08969098798 -0.0149000001 0.3478282112
v -0.08980919633 -0.0149000001 0.3480668489
v -0.08997218894 -0.0149000001 0.3481424654
v -0.090148714 -0.0149000001 0.3481083331
v -0.09029756331 -0.0149000001 0.3480043061
v -0.09042340994 -0.0149000001 0.3478728514
v -0.0906315592 -0.0149000001 0.3480475069
v -0.09043446368 -0.0149000001 0.3482465772
v -0.09018455354 -0.0149000001 0.3483704409
v -0.08990605204 -0.0149000001 0.3483735504
v -0.08965835398 -0.0149000001 0.3482466168
v -0.08945689927 -0.0149000001 0.3479308174
v -0.08946213428 -0.0149000001 0.3475536106
v -0.08961498859 -0.0149000001 0.3472062631
v -0.08983845301 -0.0149000001 0.3468983308
v -0.09008283162 -0.0149000001 0.3466498028
v -0.09038072102 -0.0149000001 0.3464713317
v -0.09072498785 -0.0149000001 0.3464390778
v -0.09103819382 -0.0149000001 0.3465829676
v -0.09121253545 -0.0149000001 0.3468264976
v -0.09124685871 -0.0149000001 0.3471244254
v -0.09114421524 -0.0149000001 0.3474077527
v -0.08938841513 -0.01480000019 0.3366152143
v -0.08962493624 -0.01480000019 0.336813683
v -0.08962493624 -0.0149000001 0.336813683
v -0.08938841513 -0.0149000001 0.3366152143
v -0.08903421176 -0.01480000019 0.3370757728
v -0.08902474176 -0.01480000019 0.3370678287
v -0.08902474176 -0.0149000001 0.3370678287
v -0.08903421176 -0.0149000001 0.3370757728
v -0.09242288956 -0.01480000019 0.3404512494
v -0.09305799718 -0.01480000019 0.3396943552
v -0.09305799718 -0.0149000001 0.3396943552
v -0.09242288956 -0.0149000001 0.3404512494
v -0.09173276266 -0.01480000019 0.3401784903
v -0.09116116962 -0.01480000019 0.3408597008
v -0.09116116962 -0.0149000001 0.3408597008
v -0.09173276266 -0.0149000001 0.3401784903
v -0.08577382434 -0.01480000019 0.3349042812
v -0.08560656932 -0.01480000019 0.3351214045
v -0.08546958396 -0.01480000019 0.3353584882
v -0.08541515823 -0.01480000019 0.3356247065
v -0.08553336658 -0.01480000019 0.3358633442
v -0.08553336658 -0.0149000001 0.3358633442
v -0.08541515823 -0.0149000001 0.3356247065
v -0.08546958396 -0.0149000001 0.3353584882
v -0.08560656932 -0.0149000001 0.3351214045
v -0.08577382434 -0.0149000001 0.3349042812
v -0.0866986319 -0.0149000001 0.3354545687
v -0.08648102218 -0.0149000001 0.3352719786
v -0.08660285379 -0.0149000001 0.3351104546
v -0.08669646614 -0.0149000001 0.334931507
v -0.08670921642 -0.0149000001 0.3347319888
v -0.08661153126 -0.0149000001 0.3345592308
v -0.08637771879 -0.0149000001 0.3344812111
v -0.08614064503 -0.0149000001 0.3345600518
v -0.08594478921 -0.0149000001 0.3347186577
v -0.08577382434 -0.0149000001 0.3349042812
v -0.08560656932 -0.0149000001 0.3351214045
v -0.08546958396 -0.0149000001 0.3353584882
v -0.08541515823 -0.0149000001 0.3356247065
v -0.08553336658 -0.0149000001 0.3358633442
v -0.08569636873 -0.0149000001 0.3359389607
v -0.08587289379 -0.0149000001 0.3359048284
v -0.08602173355 -0.0149000001 0.3358008014
v -0.08614758972 -0.0149000001 0.3356693467
v -0.08635573899 -0.0149000001 0.3358440022
v -0.08615864346 -0.0149000001 0.3360430726
v -0.08590873333 -0.0149000001 0.3361669362
v -0.08563023182 -0.0149000001 0.3361700457
v -0.08538253377 -0.0149000001 0.3360431121
v -0.08518107905 -0.0149000001 0.3357273127
v -0.08518631406 -0.0149000001 0.3353501059
v -0.08533915884 -0.0149000001 0.3350027584
v -0.0855626328 -0.0149000001 0.3346948261
v -0.08580700187 -0.0149000001 0.3344462981
v -0.08610489126 -0.0149000001 0.334267827
v -0.0864491581 -0.0149000001 0.3342355731
v -0.08676236407 -0.0149000001 0.3343794629
v -0.08693671524 -0.0149000001 0.3346229929
v -0.0869710385 -0.0149000001 0.3349209207
v -0.08686839503 -0.0149000001 0.335204248
v -0.09605478666 -0.01480000019 0.3405275465
v -0.09556280443 -0.01480000019 0.3401147209
v -0.09556280443 -0.0149000001 0.3401147209
v -0.09605478666 -0.0149000001 0.3405275465
v -0.08836383887 -0.01480000019 0.3333163326
v -0.08817892169 -0.01480000019 0.3334696266
v -0.08795203318 -0.01480000019 0.333549049
v -0.0877153693 -0.01480000019 0.3335181312
v -0.08751123509 -0.01480000019 0.333390921
v -0.08751123509 -0.0149000001 0.333390921
v -0.0877153693 -0.0149000001 0.3335181312
v -0.08795203318 -0.0149000001 0.333549049
v -0.08817892169 -0.0149000001 0.3334696266
v -0.08836383887 -0.0149000001 0.3333163326
v -0.03722703927 -0.01480000019 0.3097936448
v -0.03326334496 -0.01480000019 0.3085897285
v -0.03326334496 -0.0149000001 0.3085897285
v -0.03722703927 -0.0149000001 0.3097936448
v -0.03548886094 -0.01480000019 0.3086679021
v -0.03246947008 -0.01480000019 0.306879501
v -0.03246947008 -0.0149000001 0.306879501
v -0.03548886094 -0.0149000001 0.3086679021
v -0.05320576361 -0.01480000019 0.2931395879
v -0.0533959936 -0.01480000019 0.2934686862
v -0.05370024948 -0.01480000019 0.2936955601
v -0.05407337467 -0.01480000019 0.2937564658
v -0.05444483067 -0.01480000019 0.293673052
v -0.05444483067 -0.0149000001 0.293673052
v -0.05407337467 -0.0149000001 0.2937564658
v -0.05370024948 -0.0149000001 0.2936955601
v -0.0533959936 -0.0149000001 0.2934686862
v -0.05320576361 -0.0149000001 0.2931395879
v -0.08522867678 -0.01480000019 0.3519382501
v -0.08501106705 -0.01480000019 0.35175566
v -0.08501106705 -0.0149000001 0.35175566
v -0.08522867678 -0.0149000001 0.3519382501
v -0.0897575619 -0.01480000019 0.346636986
v -0.08953996171 -0.01480000019 0.3464543959
v -0.08953996171 -0.0149000001 0.3464543959
v -0.0897575619 -0.0149000001 0.346636986
v -0.08967046125 -0.01480000019 0.3457416481
v -0.08943664878 -0.01480000019 0.3456636284
v -0.08919957502 -0.01480000019 0.3457424691
v -0.08900371921 -0.01480000019 0.345901075
v -0.08883276387 -0.01480000019 0.3460866985
v -0.08883276387 -0.0149000001 0.3460866985
v -0.08900371921 -0.0149000001 0.345901075
v -0.08919957502 -0.0149000001 0.3457424691
v -0.08943664878 -0.0149000001 0.3456636284
v -0.08967046125 -0.0149000001 0.3457416481
v -0.0897575619 -0.0149000001 0.346636986
v -0.08953996171 -0.0149000001 0.3464543959
v -0.08966179332 -0.0149000001 0.3462928719
v -0.08975539614 -0.0149000001 0.3461139242
v -0.08976814641 -0.0149000001 0.345914406
v -0.08967046125 -0.0149000001 0.3457416481
v -0.08943664878 -0.0149000001 0.3456636284
v -0.08919957502 -0.0149000001 0.3457424691
v -0.08900371921 -0.0149000001 0.345901075
v -0.08883276387 -0.0149000001 0.3460866985
v -0.08866550885 -0.0149000001 0.3463038218
v -0.08852852349 -0.0149000001 0.3465409055
v -0.08847409776 -0.0149000001 0.3468071237
v -0.08859230611 -0.0149000001 0.347045771
v -0.08875529872 -0.0149000001 0.3471213876
v -0.08893183332 -0.0149000001 0.3470872457
v -0.08908067309 -0.0149000001 0.3469832186
v -0.08920652925 -0.0149000001 0.346851764
v -0.08941466898 -0.0149000001 0.3470264195
v -0.089217583 -0.0149000001 0.3472254898
v -0.08896767286 -0.0149000001 0.3473493535
v -0.08868917135 -0.0149000001 0.347352463
v -0.08844146376 -0.0149000001 0.3472255293
v -0.08824000905 -0.0149000001 0.34690973
v -0.08824525359 -0.0149000001 0.3465325232
v -0.08839809837 -0.0149000001 0.3461851756
v -0.08862157233 -0.0149000001 0.3458772433
v -0.0888659414 -0.0149000001 0.3456287154
v -0.0891638308 -0.0149000001 0.3454502443
v -0.08950809763 -0.0149000001 0.3454179904
v -0.0898213036 -0.0149000001 0.3455618802
v -0.08999564523 -0.0149000001 0.3458054197
v -0.09002996849 -0.0149000001 0.346103338
v -0.08992733456 -0.0149000001 0.3463866653
v -0.09103819382 -0.01480000019 0.3465829676
v -0.09121253545 -0.01480000019 0.3468264976
v -0.09124685871 -0.01480000019 0.3471244254
v -0.09114421524 -0.01480000019 0.3474077527
v -0.09097445212 -0.01480000019 0.3476580734
v -0.09097445212 -0.0149000001 0.3476580734
v -0.09114421524 -0.0149000001 0.3474077527
v -0.09124685871 -0.0149000001 0.3471244254
v -0.09121253545 -0.0149000001 0.3468264976
v -0.09103819382 -0.0149000001 0.3465829676
v -0.09004964456 -0.01480000019 0.3471077859
v -0.08988238954 -0.01480000019 0.3473249092
v -0.08974541371 -0.01480000019 0.3475619929
v -0.08969098798 -0.01480000019 0.3478282112
v -0.08980919633 -0.01480000019 0.3480668489
v -0.08980919633 -0.0149000001 0.3480668489
v -0.08969098798 -0.0149000001 0.3478282112
v -0.08974541371 -0.0149000001 0.3475619929
v -0.08988238954 -0.0149000001 0.3473249092
v -0.09004964456 -0.0149000001 0.3471077859
v -0.08788363279 -0.01480000019 0.3373517682
v -0.08938841513 -0.01480000019 0.3366152143
v -0.08938841513 -0.0149000001 0.3366152143
v -0.08788363279 -0.0149000001 0.3373517682
v -0.08902474176 -0.01480000019 0.3370678287
v -0.08751996896 -0.01480000019 0.3378043827
v -0.08751996896 -0.0149000001 0.3378043827
v -0.08902474176 -0.0149000001 0.3370678287
v -0.09188360501 -0.01480000019 0.3399987319
v -0.09242288956 -0.01480000019 0.3404512494
v -0.09242288956 -0.0149000001 0.3404512494
v -0.09188360501 -0.0149000001 0.3399987319
v -0.09116116962 -0.01480000019 0.3408597008
v -0.09094355989 -0.01480000019 0.3406771012
v -0.09094355989 -0.0149000001 0.3406771012
v -0.09116116962 -0.0149000001 0.3408597008
v -0.08661153126 -0.01480000019 0.3345592308
v -0.08637771879 -0.01480000019 0.3344812111
v -0.08614064503 -0.01480000019 0.3345600518
v -0.08594478921 -0.01480000019 0.3347186577
v -0.08577382434 -0.01480000019 0.3349042812
v -0.08577382434 -0.0149000001 0.3349042812
v -0.08594478921 -0.0149000001 0.3347186577
v -0.08614064503 -0.0149000001 0.3345600518
v -0.08637771879 -0.0149000001 0.3344812111
v -0.08661153126 -0.0149000001 0.3345592308
v -0.0374965323 -0.01480000019 0.3092124323
v -0.03722703927 -0.01480000019 0.3097936448
v -0.03722703927 -0.0149000001 0.3097936448
v -0.0374965323 -0.0149000001 0.3092124323
v -0.03246947008 -0.01480000019 0.306879501
v -0.03276591147 -0.01480000019 0.306240162
v -0.03276591147 -0.0149000001 0.306240162
v -0.03246947008 -0.0149000001 0.306879501
v -0.08468659555 -0.01480000019 0.3501129661
v -0.08420407379 -0.01480000019 0.3497080845
v -0.08420407379 -0.0149000001 0.3497080845
v -0.08468659555 -0.0149000001 0.3501129661
v -0.08658621979 -0.01480000019 0.3503203965
v -0.08522867678 -0.01480000019 0.3519382501
v -0.08522867678 -0.0149000001 0.3519382501
v -0.08658621979 -0.0149000001 0.3503203965
v -0.08501106705 -0.01480000019 0.35175566
v -0.08599548577 -0.01480000019 0.3505824768
v -0.08599548577 -0.0149000001 0.3505824768
v -0.08501106705 -0.0149000001 0.35175566
v -0.08658621979 -0.0149000001 0.3503203965
v -0.08522867678 -0.0149000001 0.3519382501
v -0.08501106705 -0.0149000001 0.35175566
v -0.08599548577 -0.0149000001 0.3505824768
v -0.0859860253 -0.0149000001 0.3505745327
v -0.08448124297 -0.0149000001 0.3513110866
v -0.08424471231 -0.0149000001 0.3511126179
v -0.08560225533 -0.0149000001 0.3494947547
v -0.08581986505 -0.0149000001 0.3496773448
v -0.08483544634 -0.0149000001 0.350850528
v -0.0848449068 -0.0149000001 0.3508584721
v -0.08634968914 -0.0149000001 0.3501219182
v -0.0898213036 -0.01480000019 0.3455618802
v -0.08999564523 -0.01480000019 0.3458054197
v -0.09002996849 -0.01480000019 0.346103338
v -0.08992733456 -0.01480000019 0.3463866653
v -0.0897575619 -0.01480000019 0.346636986
v -0.0897575619 -0.0149000001 0.346636986
v -0.08992733456 -0.0149000001 0.3463866653
v -0.09002996849 -0.0149000001 0.346103338
v -0.08999564523 -0.0149000001 0.3458054197
v -0.0898213036 -0.0149000001 0.3455618802
v -0.08883276387 -0.01480000019 0.3460866985
v -0.08866550885 -0.01480000019 0.3463038218
v -0.08852852349 -0.01480000019 0.3465409055
v -0.08847409776 -0.01480000019 0.3468071237
v -0.08859230611 -0.01480000019 0.347045771
v -0.08859230611 -0.0149000001 0.347045771
v -0.08847409776 -0.0149000001 0.3468071237
v -0.08852852349 -0.0149000001 0.3465409055
v -0.08866550885 -0.0149000001 0.3463038218
v -0.08883276387 -0.0149000001 0.3460866985
v -0.08983845301 -0.01480000019 0.3468983308
v -0.08986053053 -0.01480000019 0.3468727246
v -0.08988274156 -0.01480000019 0.3468472424
v -0.08990521962 -0.01480000019 0.3468219986
v -0.08992810776 -0.01480000019 0.3467971458
v -0.090445485 -0.01480000019 0.3464519529
v -0.09103819382 -0.01480000019 0.3465829676
v -0.09103819382 -0.0149000001 0.3465829676
v -0.09072498785 -0.0149000001 0.3464390778
v -0.09038072102 -0.0149000001 0.3464713317
v -0.09008283162 -0.0149000001 0.3466498028
v -0.08983845301 -0.0149000001 0.3468983308
v -0.08980919633 -0.01480000019 0.3480668489
v -0.08997218894 -0.01480000019 0.3481424654
v -0.090148714 -0.01480000019 0.3481083331
v -0.09029756331 -0.01480000019 0.3480043061
v -0.09042340994 -0.01480000019 0.3478728514
v -0.09042340994 -0.0149000001 0.3478728514
v -0.09029756331 -0.0149000001 0.3480043061
v -0.090148714 -0.0149000001 0.3481083331
v -0.08997218894 -0.0149000001 0.3481424654
v -0.08980919633 -0.0149000001 0.3480668489
v -0.08787417233 -0.01480000019 0.3373438241
v -0.08788363279 -0.01480000019 0.3373517682
v -0.08788363279 -0.0149000001 0.3373517682
v -0.08787417233 -0.0149000001 0.3373438241
v -0.08751996896 -0.01480000019 0.3378043827
v -0.08728343831 -0.01480000019 0.3376059044
v -0.08728343831 -0.0149000001 0.3376059044
v -0.08751996896 -0.0149000001 0.3378043827
v -0.09251871263 -0.01480000019 0.3392418376
v -0.09188360501 -0.01480000019 0.3399987319
v -0.09188360501 -0.0149000001 0.3399987319
v -0.09251871263 -0.0149000001 0.3392418376
v -0.09094355989 -0.01480000019 0.3406771012
v -0.0923011029 -0.01480000019 0.3390592475
v -0.0923011029 -0.0149000001 0.3390592475
v -0.09094355989 -0.0149000001 0.3406771012
v -0.03276591147 -0.01480000019 0.306240162
v -0.0374965323 -0.01480000019 0.3092124323
v -0.0374965323 -0.0149000001 0.3092124323
v -0.03276591147 -0.0149000001 0.306240162
v -0.08538520821 -0.01480000019 0.3492803786
v -0.08468659555 -0.01480000019 0.3501129661
v -0.08468659555 -0.0149000001 0.3501129661
v -0.08538520821 -0.0149000001 0.3492803786
v -0.08420407379 -0.01480000019 0.3497080845
v -0.0843549066 -0.01480000019 0.3495283262
v -0.0843549066 -0.0149000001 0.3495283262
v -0.08420407379 -0.0149000001 0.3497080845
v -0.08538520821 -0.0149000001 0.3492803786
v -0.08468659555 -0.0149000001 0.3501129661
v -0.08420407379 -0.0149000001 0.3497080845
v -0.0843549066 -0.0149000001 0.3495283262
v -0.08464820957 -0.0149000001 0.3497744309
v -0.08473553734 -0.0149000001 0.3496703562
v -0.08480169358 -0.0149000001 0.3495840105
v -0.08485604331 -0.0149000001 0.349489835
v -0.0848921111 -0.0149000001 0.3493874199
v -0.08489616402 -0.0149000001 0.3492791206
v -0.08485755909 -0.0149000001 0.3491680367
v -0.08478023502 -0.0149000001 0.3490790781
v -0.08454688987 -0.0149000001 0.3490122832
v -0.08431333517 -0.0149000001 0.3490916293
v -0.08412054065 -0.0149000001 0.3492487474
v -0.08395198857 -0.0149000001 0.3494320726
v -0.08378592563 -0.0149000001 0.3496445324
v -0.08364406698 -0.0149000001 0.3498736243
v -0.08357234159 -0.0149000001 0.3501312595
v -0.08368314942 -0.0149000001 0.3503673224
v -0.08383922789 -0.0149000001 0.3504380943
v -0.08400814262 -0.0149000001 0.3504066513
v -0.08415152739 -0.0149000001 0.3503093954
v -0.08427203345 -0.0149000001 0.3501843017
v -0.08448018272 -0.0149000001 0.3503589572
v -0.08428312532 -0.0149000001 0.3505454486
v -0.08403998626 -0.0149000001 0.350664048
v -0.08377097383 -0.0149000001 0.3506724884
v -0.08353231661 -0.0149000001 0.3505470902
v -0.08333606896 -0.0149000001 0.3502345143
v -0.08335706822 -0.0149000001 0.3498632298
v -0.08351773313 -0.0149000001 0.3495247132
v -0.08374079703 -0.0149000001 0.3492226174
v -0.08397669748 -0.0149000001 0.34898046
v -0.084261512 -0.0149000001 0.3488001865
v -0.08459364807 -0.0149000001 0.3487513769
v -0.08490268645 -0.0149000001 0.3488755066
v -0.08497913312 -0.0149000001 0.3489529257
v -0.08503841367 -0.0149000001 0.3490441159
v -0.0850765799 -0.0149000001 0.349145892
v -0.08508483891 -0.0149000001 0.3492540673
v -0.0852243708 -0.0149000001 0.3491454244
v -0.08634968914 -0.01480000019 0.3501219182
v -0.08658621979 -0.01480000019 0.3503203965
v -0.08658621979 -0.0149000001 0.3503203965
v -0.08634968914 -0.0149000001 0.3501219182
v -0.08599548577 -0.01480000019 0.3505824768
v -0.0859860253 -0.01480000019 0.3505745327
v -0.0859860253 -0.0149000001 0.3505745327
v -0.08599548577 -0.0149000001 0.3505824768
v -0.08862157233 -0.01480000019 0.3458772433
v -0.0888659414 -0.01480000019 0.3456287154
v -0.0891638308 -0.01480000019 0.3454502443
v -0.08950809763 -0.01480000019 0.3454179904
v -0.0898213036 -0.01480000019 0.3455618802
v -0.0898213036 -0.0149000001 0.3455618802
v -0.08950809763 -0.0149000001 0.3454179904
v -0.0891638308 -0.0149000001 0.3454502443
v -0.0888659414 -0.0149000001 0.3456287154
v -0.08862157233 -0.0149000001 0.3458772433
v -0.08859230611 -0.01480000019 0.347045771
v -0.08875529872 -0.01480000019 0.3471213876
v -0.08893183332 -0.01480000019 0.3470872457
v -0.08908067309 -0.01480000019 0.3469832186
v -0.08920652925 -0.01480000019 0.346851764
v -0.08920652925 -0.0149000001 0.346851764
v -0.08908067309 -0.0149000001 0.3469832186
v -0.08893183332 -0.0149000001 0.3470872457
v -0.08875529872 -0.0149000001 0.3471213876
v -0.08859230611 -0.0149000001 0.347045771
v -0.08965835398 -0.01480000019 0.3482466168
v -0.08945689927 -0.01480000019 0.3479308174
v -0.08946213428 -0.01480000019 0.3475536106
v -0.08961498859 -0.01480000019 0.3472062631
v -0.08983845301 -0.01480000019 0.3468983308
v -0.08983845301 -0.0149000001 0.3468983308
v -0.08961498859 -0.0149000001 0.3472062631
v -0.08946213428 -0.0149000001 0.3475536106
v -0.08945689927 -0.0149000001 0.3479308174
v -0.08965835398 -0.0149000001 0.3482466168
v -0.09042340994 -0.01480000019 0.3478728514
v -0.0906315592 -0.01480000019 0.3480475069
v -0.0906315592 -0.0149000001 0.3480475069
v -0.09042340994 -0.0149000001 0.3478728514
v -0.08885858151 -0.01480000019 0.3361706408
v -0.08787417233 -0.01480000019 0.3373438241
v -0.08787417233 -0.0149000001 0.3373438241
v -0.08885858151 -0.0149000001 0.3361706408
v -0.08728343831 -0.01480000019 0.3376059044
v -0.08864098132 -0.01480000019 0.3359880507
v -0.08864098132 -0.0149000001 0.3359880507
v -0.08728343831 -0.0149000001 0.3376059044
v -0.0923011029 -0.01480000019 0.3390592475
v -0.09251871263 -0.01480000019 0.3392418376
v -0.09251871263 -0.0149000001 0.3392418376
v -0.0923011029 -0.0149000001 0.3390592475
v -0.0852243708 -0.01480000019 0.3491454244
v -0.08538520821 -0.01480000019 0.3492803786
v -0.08538520821 -0.0149000001 0.3492803786
v -0.0852243708 -0.0149000001 0.3491454244
v -0.0843549066 -0.01480000019 0.3495283262
v -0.08464820957 -0.01480000019 0.3497744309
v -0.08464820957 -0.0149000001 0.3497744309
v -0.0843549066 -0.0149000001 0.3495283262
v -0.0848449068 -0.01480000019 0.3508584721
v -0.08634968914 -0.01480000019 0.3501219182
v -0.08634968914 -0.0149000001 0.3501219182
v -0.0848449068 -0.0149000001 0.3508584721
v -0.0859860253 -0.01480000019 0.3505745327
v -0.08448124297 -0.01480000019 0.3513110866
v -0.08448124297 -0.0149000001 0.3513110866
v -0.0859860253 -0.0149000001 0.3505745327
v -0.08844146376 -0.01480000019 0.3472255293
v -0.08824000905 -0.01480000019 0.34690973
v -0.08824525359 -0.01480000019 0.3465325232
v -0.08839809837 -0.01480000019 0.3461851756
v -0.08862157233 -0.01480000019 0.3458772433
v -0.08862157233 -0.0149000001 0.3458772433
v -0.08839809837 -0.0149000001 0.3461851756
v -0.08824525359 -0.0149000001 0.3465325232
v -0.08824000905 -0.0149000001 0.34690973
v -0.08844146376 -0.0149000001 0.3472255293
v -0.08920652925 -0.01480000019 0.346851764
v -0.08941466898 -0.01480000019 0.3470264195
v -0.08941466898 -0.0149000001 0.3470264195
v -0.08920652925 -0.0149000001 0.346851764
v -0.0906315592 -0.01480000019 0.3480475069
v -0.09043446368 -0.01480000019 0.3482465772
v -0.09018455354 -0.01480000019 0.3483704409
v -0.08990605204 -0.01480000019 0.3483735504
v -0.08965835398 -0.01480000019 0.3482466168
v -0.08965835398 -0.0149000001 0.3482466168
v -0.08990605204 -0.0149000001 0.3483735504
v -0.09018455354 -0.0149000001 0.3483704409
v -0.09043446368 -0.0149000001 0.3482465772
v -0.0906315592 -0.0149000001 0.3480475069
v -0.08864098132 -0.01480000019 0.3359880507
v -0.08885858151 -0.01480000019 0.3361706408
v -0.08885858151 -0.0149000001 0.3361706408
v -0.08864098132 -0.0149000001 0.3359880507
v -0.08508483891 -0.01480000019 0.3492540673
v -0.0852243708 -0.01480000019 0.3491454244
v -0.0852243708 -0.0149000001 0.3491454244
v -0.08508483891 -0.0149000001 0.3492540673
v -0.08464820957 -0.01480000019 0.3497744309
v -0.08473553734 -0.01480000019 0.3496703562
v -0.08473553734 -0.0149000001 0.3496703562
v -0.08464820957 -0.0149000001 0.3497744309
v -0.08483544634 -0.01480000019 0.350850528
v -0.0848449068 -0.01480000019 0.3508584721
v -0.0848449068 -0.0149000001 0.3508584721
v -0.08483544634 -0.0149000001 0.350850528
v -0.08448124297 -0.01480000019 0.3513110866
v -0.08424471231 -0.01480000019 0.3511126179
v -0.08424471231 -0.0149000001 0.3511126179
v -0.08448124297 -0.0149000001 0.3513110866
v -0.08941466898 -0.01480000019 0.3470264195
v -0.089217583 -0.01480000019 0.3472254898
v -0.08896767286 -0.01480000019 0.3473493535
v -0.08868917135 -0.01480000019 0.347352463
v -0.08844146376 -0.01480000019 0.3472255293
v -0.08844146376 -0.0149000001 0.3472255293
v -0.08868917135 -0.0149000001 0.347352463
v -0.08896767286 -0.0149000001 0.3473493535
v -0.089217583 -0.0149000001 0.3472254898
v -0.08941466898 -0.0149000001 0.3470264195
v -0.08490268645 -0.01480000019 0.3488755066
v -0.08497913312 -0.01480000019 0.3489529257
v -0.08503841367 -0.01480000019 0.3490441159
v -0.0850765799 -0.01480000019 0.349145892
v -0.08508483891 -0.01480000019 0.3492540673
v -0.08508483891 -0.0149000001 0.3492540673
v -0.0850765799 -0.0149000001 0.349145892
v -0.08503841367 -0.0149000001 0.3490441159
v -0.08497913312 -0.0149000001 0.3489529257
v -0.08490268645 -0.0149000001 0.3488755066
v -0.08473553734 -0.01480000019 0.3496703562
v -0.08480169358 -0.01480000019 0.3495840105
v -0.08485604331 -0.01480000019 0.349489835
v -0.0848921111 -0.01480000019 0.3493874199
v -0.08489616402 -0.01480000019 0.3492791206
v -0.08485755909 -0.01480000019 0.3491680367
v -0.08478023502 -0.01480000019 0.3490790781
v -0.08478023502 -0.0149000001 0.3490790781
v -0.08485755909 -0.0149000001 0.3491680367
v -0.08489616402 -0.0149000001 0.3492791206
v -0.0848921111 -0.0149000001 0.3493874199
v -0.08485604331 -0.0149000001 0.349489835
v -0.08480169358 -0.0149000001 0.3495840105
v -0.08473553734 -0.0149000001 0.3496703562
v -0.08581986505 -0.01480000019 0.3496773448
v -0.08483544634 -0.01480000019 0.350850528
v -0.08483544634 -0.0149000001 0.350850528
v -0.08581986505 -0.0149000001 0.3496773448
v -0.08424471231 -0.01480000019 0.3511126179
v -0.08560225533 -0.01480000019 0.3494947547
v -0.08560225533 -0.0149000001 0.3494947547
v -0.08424471231 -0.0149000001 0.3511126179
v -0.08374079703 -0.01480000019 0.3492226174
v -0.08397669748 -0.01480000019 0.34898046
v -0.084261512 -0.01480000019 0.3488001865
v -0.08459364807 -0.01480000019 0.3487513769
v -0.08490268645 -0.01480000019 0.3488755066
v -0.08490268645 -0.0149000001 0.3488755066
v -0.08459364807 -0.0149000001 0.3487513769
v -0.084261512 -0.0149000001 0.3488001865
v -0.08397669748 -0.0149000001 0.34898046
v -0.08374079703 -0.0149000001 0.3492226174
v -0.08478023502 -0.01480000019 0.3490790781
v -0.08454688987 -0.01480000019 0.3490122832
v -0.08431333517 -0.01480000019 0.3490916293
v -0.08412054065 -0.01480000019 0.3492487474
v -0.08395198857 -0.01480000019 0.3494320726
v -0.08395198857 -0.0149000001 0.3494320726
v -0.08412054065 -0.0149000001 0.3492487474
v -0.08431333517 -0.0149000001 0.3490916293
v -0.08454688987 -0.0149000001 0.3490122832
v -0.08478023502 -0.0149000001 0.3490790781
v -0.08560225533 -0.01480000019 0.3494947547
v -0.08581986505 -0.01480000019 0.3496773448
v -0.08581986505 -0.0149000001 0.3496773448
v -0.08560225533 -0.0149000001 0.3494947547
v -0.08353231661 -0.01480000019 0.3505470902
v -0.08333606896 -0.01480000019 0.3502345143
v -0.08335706822 -0.01480000019 0.3498632298
v -0.08351773313 -0.01480000019 0.3495247132
v -0.08374079703 -0.01480000019 0.3492226174
v -0.08374079703 -0.0149000001 0.3492226174
v -0.08351773313 -0.0149000001 0.3495247132
v -0.08335706822 -0.0149000001 0.3498632298
v -0.08333606896 -0.0149000001 0.3502345143
v -0.08353231661 -0.0149000001 0.3505470902
v -0.08395198857 -0.01480000019 0.3494320726
v -0.08378592563 -0.01480000019 0.3496445324
v -0.08364406698 -0.01480000019 0.3498736243
v -0.08357234159 -0.01480000019 0.3501312595
v -0.08368314942 -0.01480000019 0.3503673224
v -0.08368314942 -0.0149000001 0.3503673224
v -0.08357234159 -0.0149000001 0.3501312595
v -0.08364406698 -0.0149000001 0.3498736243
v -0.08378592563 -0.0149000001 0.3496445324
v -0.08395198857 -0.0149000001 0.3494320726
v -0.08448018272 -0.01480000019 0.3503589572
v -0.08428312532 -0.01480000019 0.3505454486
v -0.08403998626 -0.01480000019 0.350664048
v -0.08377097383 -0.01480000019 0.3506724884
v -0.08353231661 -0.01480000019 0.3505470902
v -0.08353231661 -0.0149000001 0.3505470902
v -0.08377097383 -0.0149000001 0.3506724884
v -0.08403998626 -0.0149000001 0.350664048
v -0.08428312532 -0.0149000001 0.3505454486
v -0.08448018272 -0.0149000001 0.3503589572
v -0.08368314942 -0.01480000019 0.3503673224
v -0.08383922789 -0.01480000019 0.3504380943
v -0.08400814262 -0.01480000019 0.3504066513
v -0.08415152739 -0.01480000019 0.3503093954
v -0.08427203345 -0.01480000019 0.3501843017
v -0.08427203345 -0.0149000001 0.3501843017
v -0.08415152739 -0.0149000001 0.3503093954
v -0.08400814262 -0.0149000001 0.3504066513
v -0.08383922789 -0.0149000001 0.3504380943
v -0.08368314942 -0.0149000001 0.3503673224
v -0.08427203345 -0.01480000019 0.3501843017
v -0.08448018272 -0.01480000019 0.3503589572
v -0.08448018272 -0.0149000001 0.3503589572
v -0.08427203345 -0.0149000001 0.3501843017
f 1 2 14
f 14 2 13
f 13 2 3
f 13 3 12
f 12 3 4
f 12 4 5
f 12 5 11
f 11 5 6
f 11 6 7
f 11 7 10
f 10 7 8
f 10 8 9
f 15 16 24
f 24 16 23
f 23 16 17
f 23 17 22
f 22 17 18
f 22 18 21
f 21 18 19
f 21 19 20
f 25 26 36
f 36 26 35
f 35 26 27
f 35 27 34
f 34 27 28
f 34 28 33
f 33 28 29
f 33 29 32
f 32 29 30
f 32 30 31
f 37 38 48
f 48 38 47
f 47 38 39
f 47 39 46
f 46 39 40
f 46 40 45
f 45 40 41
f 45 41 44
f 44 41 42
f 44 42 43
f 105 49 104
f 104 49 50
f 104 50 103
f 103 50 51
f 103 51 102
f 102 51 52
f 102 52 101
f 101 52 53
f 101 53 100
f 100 53 54
f 100 54 99
f 99 54 55
f 99 55 98
f 98 55 56
f 98 56 97
f 97 56 57
f 97 57 96
f 96 57 58
f 96 58 95
f 95 58 59
f 95 59 94
f 94 59 60
f 94 60 93
f 93 60 61
f 93 61 92
f 92 61 62
f 92 62 91
f 91 62 63
f 91 63 90
f 90 63 64
f 90 64 89
f 89 64 65
f 89 65 88
f 88 65 66
f 88 66 87
f 87 66 67
f 87 67 86
f 86 67 68
f 86 68 85
f 85 68 69
f 85 69 84
f 84 69 70
f 84 70 83
f 83 70 71
f 83 71 82
f 82 71 72
f 82 72 81
f 81 72 73
f 81 73 80
f 80 73 74
f 80 74 79
f 79 74 75
f 79 75 78
f 78 75 76
f 78 76 77
f 115 106 114
f 114 106 107
f 114 107 113
f 113 107 108
f 113 108 112
f 112 108 109
f 112 109 111
f 111 109 110
f 117 149 116
f 116 149 150
f 116 150 133
f 133 150 151
f 133 151 132
f 132 151 152
f 132 152 131
f 131 152 153
f 131 153 130
f 130 153 154
f 130 154 139
f 139 154 155
f 139 155 138
f 138 155 120
f 138 120 137
f 137 120 121
f 137 121 136
f 136 121 122
f 136 122 123
f 149 117 148
f 148 117 118
f 148 118 147
f 147 118 119
f 147 119 146
f 146 119 157
f 157 119 120
f 157 120 156
f 156 120 155
f 136 123 135
f 135 123 124
f 135 124 134
f 134 124 125
f 134 125 145
f 145 125 126
f 145 126 144
f 144 126 143
f 143 126 127
f 143 127 128
f 129 141 128
f 128 141 142
f 128 142 143
f 141 129 140
f 140 129 130
f 140 130 139
f 165 158 169
f 169 158 159
f 169 159 168
f 168 159 160
f 168 160 167
f 167 160 161
f 167 161 166
f 166 161 176
f 176 161 175
f 175 161 177
f 175 177 174
f 178 162 163
f 178 163 173
f 173 163 172
f 172 163 171
f 171 163 164
f 171 164 170
f 170 164 165
f 170 165 169
f 180 181 179
f 179 181 188
f 188 181 182
f 188 182 187
f 187 182 183
f 187 183 186
f 186 183 184
f 186 184 185
f 190 191 189
f 189 191 202
f 202 191 192
f 202 192 201
f 201 192 193
f 201 193 194
f 201 194 200
f 200 194 195
f 200 195 196
f 200 196 199
f 199 196 197
f 199 197 198
f 210 203 214
f 214 203 204
f 214 204 213
f 213 204 222
f 213 222 212
f 223 205 206
f 223 206 211
f 211 206 221
f 221 206 220
f 220 206 207
f 220 207 219
f 219 207 208
f 219 208 218
f 218 208 217
f 217 208 216
f 216 208 209
f 216 209 215
f 215 209 210
f 215 210 214
f 225 243 224
f 224 243 234
f 224 234 233
f 233 234 235
f 233 235 232
f 232 235 236
f 232 236 231
f 231 236 237
f 231 237 230
f 230 237 238
f 230 238 229
f 229 238 239
f 229 239 228
f 228 239 240
f 228 240 227
f 227 240 241
f 227 241 226
f 226 241 242
f 226 242 225
f 225 242 243
f 251 244 250
f 250 244 245
f 250 245 246
f 247 248 246
f 246 248 249
f 246 249 250
f 259 252 258
f 258 252 253
f 258 253 254
f 255 256 254
f 254 256 257
f 254 257 258
f 267 280 275
f 279 260 261
f 279 261 274
f 274 261 262
f 274 262 273
f 273 262 263
f 273 263 272
f 272 263 271
f 271 263 270
f 270 263 264
f 270 264 269
f 269 264 265
f 269 265 268
f 268 265 278
f 278 265 277
f 277 265 266
f 277 266 276
f 276 266 267
f 276 267 275
f 282 283 281
f 281 283 292
f 292 283 284
f 292 284 291
f 291 284 285
f 291 285 290
f 290 285 286
f 290 286 289
f 289 286 287
f 289 287 288
f 303 293 302
f 302 293 294
f 302 294 301
f 301 294 295
f 301 295 300
f 300 295 299
f 299 295 298
f 298 295 297
f 297 295 296
f 304 305 307
f 307 305 306
f 315 308 319
f 319 308 309
f 319 309 318
f 318 309 310
f 318 310 317
f 317 310 311
f 317 311 316
f 316 311 326
f 326 311 325
f 325 311 312
f 325 312 324
f 324 312 313
f 324 313 323
f 323 313 322
f 322 313 321
f 321 313 328
f 321 328 320
f 327 314 315
f 327 315 319
f 330 366 329
f 329 366 367
f 329 367 370
f 370 367 368
f 370 368 369
f 331 729 330
f 330 729 730
f 330 730 366
f 366 730 1003
f 366 1003 1004
f 332 784 331
f 331 784 785
f 331 785 729
f 729 785 728
f 728 785 786
f 728 786 721
f 721 786 787
f 721 787 720
f 720 787 554
f 720 554 558
f 558 554 551
f 558 551 557
f 557 551 548
f 557 548 549
f 333 584 332
f 332 584 585
f 332 585 546
f 546 585 586
f 546 586 550
f 550 586 587
f 550 587 588
f 334 528 333
f 333 528 529
f 333 529 530
f 335 657 334
f 334 657 658
f 334 658 649
f 649 658 659
f 649 659 660
f 336 341 335
f 335 341 1023
f 335 1023 677
f 677 1023 676
f 676 1023 1024
f 676 1024 675
f 675 1024 1025
f 675 1025 674
f 674 1025 967
f 674 967 410
f 410 967 409
f 409 967 436
f 409 436 437
f 341 336 340
f 340 336 337
f 340 337 339
f 339 337 338
f 342 1021 341
f 341 1021 1022
f 341 1022 1023
f 343 1019 342
f 342 1019 1020
f 342 1020 1021
f 344 1017 343
f 343 1017 1018
f 343 1018 1019
f 345 1026 344
f 344 1026 1015
f 344 1015 1016
f 1026 345 966
f 966 345 346
f 966 346 347
f 966 347 978
f 978 347 348
f 978 348 988
f 988 348 987
f 987 348 985
f 987 985 986
f 348 349 985
f 985 349 984
f 984 349 983
f 983 349 350
f 983 350 982
f 982 350 351
f 982 351 981
f 981 351 394
f 981 394 980
f 980 394 979
f 979 394 395
f 979 395 990
f 990 395 989
f 989 395 978
f 989 978 988
f 352 507 351
f 351 507 401
f 351 401 402
f 353 519 352
f 352 519 520
f 352 520 523
f 523 520 522
f 522 520 521
f 354 909 353
f 353 909 910
f 353 910 905
f 905 910 911
f 905 911 912
f 355 924 354
f 354 924 438
f 354 438 439
f 356 446 355
f 355 446 447
f 355 447 923
f 923 447 448
f 923 448 922
f 922 448 450
f 922 450 958
f 958 450 451
f 958 451 957
f 957 451 373
f 957 373 374
f 357 996 356
f 356 996 997
f 356 997 492
f 492 997 491
f 491 997 490
f 490 997 998
f 490 998 999
f 996 357 995
f 995 357 358
f 995 358 994
f 994 358 993
f 993 358 359
f 993 359 991
f 991 359 1002
f 1002 359 382
f 1002 382 1001
f 1001 382 467
f 1001 467 468
f 359 360 382
f 382 360 392
f 392 360 361
f 392 361 362
f 392 362 1012
f 1012 362 363
f 1012 363 1011
f 1011 363 1010
f 1010 363 1009
f 1009 363 364
f 1009 364 1008
f 1008 364 1007
f 1007 364 365
f 1007 365 1006
f 1006 365 1005
f 1005 365 366
f 1005 366 1004
f 372 466 371
f 371 466 467
f 371 467 383
f 383 467 382
f 466 372 451
f 451 372 373
f 957 374 956
f 956 374 375
f 956 375 376
f 956 376 955
f 955 376 377
f 955 377 964
f 964 377 963
f 963 377 378
f 963 378 962
f 962 378 379
f 962 379 380
f 962 380 713
f 713 380 381
f 713 381 391
f 391 381 390
f 390 381 389
f 389 381 388
f 388 381 387
f 387 381 371
f 387 371 386
f 386 371 385
f 385 371 384
f 384 371 383
f 391 392 713
f 713 392 1013
f 713 1013 1014
f 394 351 393
f 393 351 402
f 393 402 403
f 978 395 977
f 977 395 396
f 977 396 428
f 428 396 399
f 428 399 400
f 396 397 399
f 399 397 398
f 401 507 400
f 400 507 508
f 400 508 428
f 428 508 509
f 428 509 513
f 513 509 512
f 512 509 506
f 512 506 352
f 352 506 507
f 403 404 393
f 405 406 433
f 433 406 432
f 432 406 431
f 431 406 430
f 430 406 429
f 429 406 407
f 429 407 434
f 434 407 437
f 437 407 408
f 437 408 409
f 674 410 755
f 755 410 411
f 755 411 754
f 754 411 931
f 754 931 932
f 411 412 931
f 931 412 413
f 931 413 423
f 423 413 414
f 423 414 422
f 422 414 418
f 422 418 421
f 421 418 419
f 421 419 420
f 415 416 414
f 414 416 417
f 414 417 418
f 931 423 943
f 943 423 424
f 943 424 425
f 425 426 943
f 943 426 427
f 943 427 517
f 517 427 514
f 517 514 515
f 514 427 513
f 513 427 428
f 429 435 428
f 428 435 973
f 428 973 974
f 434 435 429
f 973 435 972
f 972 435 436
f 972 436 967
f 354 439 908
f 908 439 440
f 908 440 918
f 918 440 917
f 917 440 947
f 917 947 942
f 942 947 941
f 941 947 940
f 940 947 939
f 939 947 948
f 939 948 938
f 938 948 937
f 937 948 949
f 937 949 932
f 932 949 950
f 932 950 951
f 440 441 947
f 947 441 444
f 947 444 946
f 946 444 921
f 946 921 958
f 958 921 922
f 441 442 444
f 444 442 443
f 444 445 921
f 921 445 920
f 920 445 438
f 920 438 929
f 929 438 928
f 928 438 925
f 928 925 926
f 448 449 450
f 452 462 451
f 451 462 463
f 451 463 464
f 462 452 461
f 461 452 453
f 461 453 497
f 497 453 496
f 496 453 446
f 496 446 495
f 495 446 494
f 494 446 356
f 494 356 493
f 493 356 492
f 455 456 454
f 454 456 505
f 505 456 504
f 504 456 503
f 503 456 502
f 502 456 501
f 501 456 500
f 500 456 499
f 499 456 498
f 498 456 457
f 498 457 458
f 458 459 498
f 498 459 497
f 497 459 460
f 497 460 461
f 464 465 451
f 451 465 466
f 1001 468 1000
f 1000 468 469
f 1000 469 470
f 470 471 1000
f 1000 471 999
f 999 471 488
f 999 488 489
f 488 471 487
f 487 471 472
f 487 472 486
f 486 472 485
f 485 472 484
f 484 472 473
f 484 473 483
f 483 473 474
f 483 474 475
f 475 476 483
f 483 476 477
f 483 477 478
f 478 479 483
f 483 479 480
f 483 480 482
f 482 480 481
f 489 490 999
f 510 511 525
f 525 511 524
f 524 511 352
f 524 352 523
f 511 512 352
f 515 516 517
f 517 518 943
f 943 518 902
f 943 902 903
f 902 518 901
f 901 518 519
f 901 519 900
f 900 519 353
f 900 353 899
f 899 353 906
f 899 906 898
f 898 906 907
f 527 334 526
f 526 334 650
f 526 650 651
f 527 528 334
f 530 531 333
f 333 531 532
f 333 532 601
f 601 532 600
f 600 532 533
f 600 533 599
f 599 533 534
f 599 534 598
f 598 534 535
f 598 535 536
f 526 651 536
f 536 651 633
f 536 633 597
f 597 633 634
f 597 634 596
f 596 634 635
f 596 635 595
f 595 635 636
f 595 636 594
f 594 636 620
f 594 620 593
f 593 620 592
f 592 620 591
f 591 620 590
f 590 620 621
f 590 621 589
f 589 621 622
f 589 622 623
f 537 538 544
f 544 538 543
f 543 538 669
f 543 669 542
f 542 669 670
f 542 670 671
f 539 663 538
f 538 663 664
f 538 664 668
f 668 664 667
f 667 664 666
f 666 664 665
f 540 629 539
f 539 629 630
f 539 630 631
f 541 564 540
f 540 564 555
f 540 555 556
f 542 567 541
f 541 567 568
f 541 568 563
f 563 568 569
f 563 569 562
f 562 569 878
f 562 878 719
f 719 878 879
f 719 879 856
f 856 879 881
f 856 881 882
f 545 546 550
f 546 547 332
f 332 547 773
f 332 773 774
f 548 788 547
f 547 788 789
f 547 789 790
f 550 588 549
f 549 588 623
f 549 623 624
f 551 552 548
f 548 552 553
f 548 553 788
f 788 553 787
f 787 553 554
f 557 549 556
f 556 549 624
f 556 624 625
f 559 561 558
f 558 561 719
f 558 719 720
f 559 560 561
f 561 562 719
f 563 564 541
f 564 565 555
f 555 565 566
f 570 886 569
f 569 886 877
f 569 877 878
f 886 570 573
f 573 570 571
f 573 571 572
f 573 574 886
f 886 574 798
f 886 798 885
f 885 798 799
f 885 799 896
f 896 799 800
f 896 800 895
f 895 800 894
f 894 800 801
f 894 801 893
f 893 801 792
f 893 792 892
f 892 792 1014
f 892 1014 858
f 858 1014 1003
f 858 1003 726
f 726 1003 730
f 726 730 725
f 725 730 722
f 725 722 723
f 798 574 733
f 733 574 575
f 733 575 732
f 732 575 542
f 732 542 731
f 731 542 756
f 731 756 757
f 575 576 542
f 542 576 567
f 576 577 567
f 567 577 578
f 579 580 614
f 614 580 613
f 613 580 581
f 613 581 582
f 613 582 612
f 612 582 583
f 612 583 611
f 611 583 603
f 611 603 610
f 610 603 609
f 609 603 604
f 609 604 605
f 603 583 602
f 602 583 584
f 602 584 333
f 588 589 623
f 597 598 536
f 601 602 333
f 605 606 609
f 609 606 607
f 609 607 608
f 615 616 648
f 648 616 647
f 647 616 617
f 647 617 618
f 647 618 646
f 646 618 619
f 646 619 645
f 645 619 637
f 645 637 644
f 644 637 643
f 643 637 638
f 643 638 639
f 637 619 636
f 636 619 620
f 556 625 540
f 540 625 626
f 540 626 627
f 627 628 540
f 540 628 629
f 631 632 539
f 539 632 655
f 539 655 656
f 633 651 632
f 632 651 652
f 632 652 655
f 655 652 653
f 655 653 654
f 639 640 643
f 643 640 641
f 643 641 642
f 649 650 334
f 657 662 656
f 656 662 663
f 656 663 539
f 662 682 661
f 661 682 688
f 661 688 689
f 668 669 538
f 671 672 542
f 542 672 756
f 756 672 755
f 755 672 673
f 755 673 674
f 335 677 657
f 657 677 678
f 657 678 679
f 679 680 657
f 657 680 681
f 657 681 662
f 662 681 682
f 682 683 688
f 688 683 684
f 688 684 685
f 685 686 688
f 688 686 687
f 689 690 661
f 661 690 702
f 702 690 691
f 702 691 692
f 692 693 702
f 702 693 694
f 702 694 695
f 695 696 702
f 702 696 697
f 702 697 698
f 698 699 702
f 702 699 700
f 702 700 701
f 704 837 703
f 703 837 838
f 703 838 718
f 718 838 839
f 718 839 717
f 717 839 840
f 717 840 749
f 749 840 841
f 749 841 748
f 748 841 842
f 748 842 843
f 704 705 837
f 837 705 836
f 836 705 820
f 836 820 821
f 705 706 820
f 820 706 819
f 819 706 707
f 819 707 708
f 709 1014 708
f 708 1014 815
f 708 815 816
f 1014 709 712
f 712 709 710
f 712 710 711
f 712 713 1014
f 713 714 962
f 962 714 961
f 961 714 952
f 961 952 953
f 715 751 714
f 714 751 752
f 714 752 753
f 751 715 750
f 750 715 716
f 750 716 749
f 749 716 717
f 728 721 727
f 727 721 722
f 727 722 730
f 723 724 725
f 719 856 726
f 726 856 857
f 726 857 858
f 733 734 798
f 798 734 797
f 797 734 737
f 797 737 844
f 844 737 738
f 844 738 843
f 843 738 747
f 843 747 748
f 734 735 737
f 737 735 736
f 731 744 738
f 738 744 745
f 738 745 746
f 739 740 772
f 772 740 771
f 771 740 741
f 771 741 742
f 771 742 770
f 770 742 743
f 770 743 769
f 769 743 761
f 769 761 768
f 768 761 767
f 767 761 762
f 767 762 763
f 761 743 760
f 760 743 744
f 760 744 731
f 746 747 738
f 753 754 714
f 714 754 932
f 714 932 951
f 757 758 731
f 731 758 759
f 731 759 760
f 763 764 767
f 767 764 765
f 767 765 766
f 775 779 774
f 774 779 780
f 774 780 332
f 332 780 781
f 332 781 782
f 779 775 778
f 778 775 776
f 778 776 777
f 782 783 332
f 332 783 784
f 790 791 547
f 547 791 773
f 792 793 1014
f 1014 793 814
f 1014 814 815
f 794 795 793
f 793 795 812
f 793 812 813
f 812 795 811
f 811 795 796
f 811 796 810
f 810 796 846
f 810 846 809
f 809 846 808
f 808 846 847
f 808 847 807
f 807 847 806
f 806 847 805
f 805 847 848
f 805 848 849
f 796 797 846
f 846 797 845
f 845 797 844
f 801 802 792
f 854 803 852
f 852 803 804
f 852 804 805
f 813 814 793
f 816 817 708
f 708 817 818
f 708 818 819
f 822 833 821
f 821 833 834
f 821 834 835
f 833 822 832
f 832 822 823
f 832 823 824
f 824 825 832
f 832 825 826
f 832 826 827
f 828 829 827
f 827 829 830
f 827 830 831
f 831 832 827
f 835 836 821
f 849 850 805
f 805 850 851
f 805 851 852
f 852 853 854
f 855 856 883
f 883 856 882
f 892 858 891
f 891 858 859
f 891 859 890
f 890 859 889
f 889 859 869
f 889 869 870
f 859 860 869
f 869 860 868
f 868 860 862
f 868 862 864
f 864 862 863
f 860 861 862
f 864 865 868
f 868 865 866
f 868 866 867
f 871 887 870
f 870 887 888
f 870 888 889
f 871 872 887
f 887 872 873
f 887 873 874
f 874 875 887
f 887 875 876
f 887 876 877
f 879 880 881
f 884 885 897
f 897 885 896
f 886 887 877
f 904 914 903
f 903 914 915
f 903 915 916
f 905 912 904
f 904 912 913
f 904 913 914
f 905 906 353
f 908 909 354
f 916 917 903
f 903 917 942
f 903 942 943
f 930 919 929
f 929 919 920
f 923 924 355
f 924 925 438
f 926 927 928
f 933 934 932
f 932 934 935
f 932 935 936
f 936 937 932
f 945 959 944
f 944 959 960
f 944 960 953
f 953 960 961
f 959 945 958
f 958 945 946
f 951 952 714
f 954 955 965
f 965 955 964
f 1026 966 1025
f 1025 966 967
f 968 969 967
f 967 969 970
f 967 970 971
f 971 972 967
f 974 975 428
f 428 975 976
f 428 976 977
f 991 992 993
f 1012 1013 392
f 1016 1017 344
f 1028 1029 1027
f 1027 1029 1038
f 1038 1029 1030
f 1038 1030 1037
f 1037 1030 1031
f 1037 1031 1036
f 1036 1031 1032
f 1036 1032 1035
f 1035 1032 1033
f 1035 1033 1034
f 1040 1044 1039
f 1039 1044 1045
f 1039 1045 1048
f 1048 1045 1046
f 1048 1046 1047
f 1044 1040 1043
f 1043 1040 1041
f 1043 1041 1042
f 1049 1050 1052
f 1052 1050 1051
f 1053 1054 1055
f 1056 1057 1073
f 1073 1057 1072
f 1072 1057 1058
f 1072 1058 1071
f 1071 1058 1059
f 1071 1059 1070
f 1070 1059 1060
f 1070 1060 1069
f 1069 1060 1061
f 1069 1061 1068
f 1068 1061 1062
f 1068 1062 1067
f 1067 1062 1063
f 1067 1063 1066
f 1066 1063 1064
f 1066 1064 1065
f 1108 1074 1109
f 1109 1074 1075
f 1109 1075 1138
f 1138 1075 1076
f 1138 1076 1137
f 1137 1076 1077
f 1137 1077 1136
f 1136 1077 1078
f 1136 1078 1135
f 1135 1078 1079
f 1135 1079 1134
f 1134 1079 1080
f 1134 1080 1133
f 1133 1080 1081
f 1133 1081 1132
f 1132 1081 1082
f 1132 1082 1131
f 1131 1082 1083
f 1131 1083 1130
f 1130 1083 1084
f 1130 1084 1129
f 1129 1084 1085
f 1129 1085 1086
f 1086 1087 1129
f 1129 1087 1128
f 1128 1087 1088
f 1128 1088 1127
f 1127 1088 1089
f 1127 1089 1126
f 1126 1089 1090
f 1126 1090 1091
f 1126 1091 1125
f 1125 1091 1092
f 1125 1092 1124
f 1124 1092 1140
f 1139 1093 1094
f 1139 1094 1123
f 1123 1094 1095
f 1123 1095 1122
f 1122 1095 1096
f 1122 1096 1121
f 1121 1096 1097
f 1121 1097 1120
f 1120 1097 1098
f 1120 1098 1119
f 1119 1098 1099
f 1119 1099 1118
f 1118 1099 1100
f 1118 1100 1117
f 1117 1100 1101
f 1117 1101 1116
f 1116 1101 1102
f 1116 1102 1115
f 1115 1102 1103
f 1115 1103 1114
f 1114 1103 1104
f 1114 1104 1113
f 1113 1104 1105
f 1113 1105 1112
f 1112 1105 1106
f 1112 1106 1111
f 1111 1106 1107
f 1111 1107 1110
f 1110 1107 1108
f 1110 1108 1109
f 1141 1142 1149
f 1149 1142 1153
f 1149 1153 1154
f 1142 1143 1153
f 1153 1143 1152
f 1152 1143 1145
f 1152 1145 1151
f 1151 1145 1146
f 1151 1146 1150
f 1150 1146 1147
f 1150 1147 1148
f 1143 1144 1145
f 1150 1148 1154
f 1154 1148 1149
f 1155 1156 1162
f 1162 1156 1157
f 1162 1157 1158
f 1159 1160 1158
f 1158 1160 1161
f 1158 1161 1162
f 1163 1164 1170
f 1170 1164 1165
f 1170 1165 1166
f 1167 1168 1166
f 1166 1168 1169
f 1166 1169 1170
f 1172 1230 1171
f 1171 1230 1201
f 1171 1201 1202
f 1230 1172 1229
f 1229 1172 1173
f 1229 1173 1228
f 1228 1173 1174
f 1228 1174 1227
f 1227 1174 1175
f 1227 1175 1226
f 1226 1175 1176
f 1226 1176 1225
f 1225 1176 1177
f 1225 1177 1224
f 1224 1177 1178
f 1224 1178 1179
f 1224 1179 1223
f 1223 1179 1180
f 1223 1180 1222
f 1222 1180 1181
f 1222 1181 1221
f 1221 1181 1182
f 1221 1182 1220
f 1220 1182 1183
f 1220 1183 1219
f 1219 1183 1184
f 1219 1184 1218
f 1218 1184 1185
f 1218 1185 1217
f 1217 1185 1186
f 1217 1186 1216
f 1216 1186 1215
f 1215 1186 1187
f 1215 1187 1214
f 1214 1187 1188
f 1214 1188 1213
f 1213 1188 1189
f 1213 1189 1212
f 1212 1189 1190
f 1212 1190 1211
f 1211 1190 1191
f 1211 1191 1210
f 1210 1191 1192
f 1210 1192 1209
f 1209 1192 1193
f 1209 1193 1194
f 1209 1194 1208
f 1208 1194 1195
f 1208 1195 1207
f 1207 1195 1196
f 1207 1196 1206
f 1206 1196 1197
f 1206 1197 1205
f 1205 1197 1198
f 1205 1198 1204
f 1204 1198 1199
f 1204 1199 1203
f 1203 1199 1200
f 1203 1200 1202
f 1202 1200 1171
f 1232 1233 1231
f 1231 1233 1234
f 1235 1236 1244
f 1244 1236 1243
f 1243 1236 1237
f 1243 1237 1242
f 1242 1237 1238
f 1242 1238 1241
f 1241 1238 1239
f 1241 1239 1240
f 1245 1246 1248
f 1248 1246 1247
f 1249 1250 1252
f 1252 1250 1251
f 1253 1254 1264
f 1264 1254 1263
f 1263 1254 1255
f 1263 1255 1262
f 1262 1255 1256
f 1262 1256 1261
f 1261 1256 1257
f 1261 1257 1258
f 1259 1260 1258
f 1258 1260 1261
f 1297 1265 1307
f 1307 1265 1266
f 1307 1266 1306
f 1306 1266 1267
f 1306 1267 1305
f 1305 1267 1268
f 1305 1268 1269
f 1305 1269 1304
f 1304 1269 1270
f 1304 1270 1303
f 1303 1270 1271
f 1303 1271 1302
f 1302 1271 1272
f 1302 1272 1301
f 1301 1272 1273
f 1301 1273 1300
f 1300 1273 1274
f 1300 1274 1299
f 1299 1274 1275
f 1299 1275 1298
f 1298 1275 1276
f 1298 1276 1327
f 1327 1276 1277
f 1327 1277 1326
f 1326 1277 1278
f 1326 1278 1325
f 1325 1278 1279
f 1325 1279 1324
f 1324 1279 1280
f 1324 1280 1323
f 1323 1280 1281
f 1323 1281 1322
f 1322 1281 1282
f 1322 1282 1321
f 1321 1282 1283
f 1321 1283 1320
f 1320 1283 1284
f 1320 1284 1319
f 1319 1284 1285
f 1319 1285 1318
f 1318 1285 1286
f 1318 1286 1317
f 1317 1286 1287
f 1317 1287 1316
f 1316 1287 1288
f 1316 1288 1315
f 1315 1288 1289
f 1315 1289 1314
f 1314 1289 1328
f 1314 1328 1313
f 1329 1290 1291
f 1329 1291 1312
f 1312 1291 1292
f 1312 1292 1311
f 1311 1292 1293
f 1311 1293 1294
f 1311 1294 1310
f 1310 1294 1295
f 1310 1295 1309
f 1309 1295 1296
f 1309 1296 1308
f 1308 1296 1297
f 1308 1297 1307
f 1331 1332 1330
f 1330 1332 1400
f 1400 1332 1399
f 1399 1332 1406
f 1399 1406 1407
f 1406 1332 1337
f 1337 1332 1333
f 1337 1333 1336
f 1336 1333 1335
f 1335 1333 1334
f 1406 1337 1410
f 1410 1337 1338
f 1410 1338 1409
f 1409 1338 1339
f 1409 1339 1408
f 1408 1339 1344
f 1408 1344 1345
f 1344 1339 1343
f 1343 1339 1340
f 1343 1340 1341
f 1341 1342 1343
f 1345 1346 1408
f 1408 1346 1411
f 1408 1411 1407
f 1407 1411 1420
f 1407 1420 1404
f 1404 1420 1403
f 1403 1420 1378
f 1403 1378 1379
f 1346 1347 1411
f 1411 1347 1415
f 1415 1347 1348
f 1415 1348 1353
f 1353 1348 1349
f 1353 1349 1352
f 1352 1349 1351
f 1351 1349 1350
f 1415 1353 1414
f 1414 1353 1354
f 1414 1354 1413
f 1413 1354 1355
f 1413 1355 1412
f 1412 1355 1360
f 1412 1360 1361
f 1360 1355 1359
f 1359 1355 1356
f 1359 1356 1357
f 1357 1358 1359
f 1412 1361 1411
f 1411 1361 1362
f 1411 1362 1419
f 1419 1362 1363
f 1419 1363 1364
f 1419 1364 1369
f 1369 1364 1365
f 1369 1365 1368
f 1368 1365 1367
f 1367 1365 1366
f 1419 1369 1418
f 1418 1369 1370
f 1418 1370 1417
f 1417 1370 1371
f 1417 1371 1416
f 1416 1371 1376
f 1416 1376 1420
f 1420 1376 1377
f 1420 1377 1378
f 1376 1371 1375
f 1375 1371 1372
f 1375 1372 1373
f 1373 1374 1375
f 1379 1380 1403
f 1403 1380 1402
f 1402 1380 1385
f 1402 1385 1386
f 1380 1381 1385
f 1385 1381 1384
f 1384 1381 1383
f 1383 1381 1382
f 1387 1405 1386
f 1386 1405 1401
f 1386 1401 1402
f 1388 1391 1387
f 1387 1391 1392
f 1387 1392 1396
f 1396 1392 1395
f 1395 1392 1394
f 1394 1392 1393
f 1388 1389 1391
f 1391 1389 1390
f 1397 1404 1396
f 1396 1404 1405
f 1396 1405 1387
f 1404 1397 1407
f 1407 1397 1398
f 1407 1398 1399
f 1419 1420 1411
f 1421 1422 1424
f 1424 1422 1423
f 1425 1426 1428
f 1428 1426 1427
f 1429 1430 1442
f 1442 1430 1441
f 1441 1430 1440
f 1440 1430 1438
f 1440 1438 1439
f 1430 1431 1438
f 1438 1431 1437
f 1437 1431 1435
f 1437 1435 1436
f 1432 1433 1431
f 1431 1433 1434
f 1431 1434 1435
f 1444 1445 1443
f 1443 1445 1446
f 1448 1451 1447
f 1447 1451 1452
f 1447 1452 1457
f 1457 1452 1453
f 1457 1453 1456
f 1456 1453 1454
f 1456 1454 1455
f 1449 1450 1448
f 1448 1450 1451
f 1458 1459 1461
f 1461 1459 1460
f 1462 1463 1472
f 1472 1463 1471
f 1471 1463 1470
f 1470 1463 1469
f 1469 1463 1468
f 1468 1463 1467
f 1467 1463 1464
f 1467 1464 1466
f 1466 1464 1465
f 1473 1474 1490
f 1490 1474 1489
f 1489 1474 1475
f 1489 1475 1488
f 1488 1475 1476
f 1488 1476 1487
f 1487 1476 1477
f 1487 1477 1486
f 1486 1477 1478
f 1486 1478 1485
f 1485 1478 1479
f 1485 1479 1484
f 1484 1479 1480
f 1484 1480 1481
f 1482 1483 1481
f 1481 1483 1484
f 1492 1503 1491
f 1491 1503 1504
f 1491 1504 1505
f 1493 1501 1492
f 1492 1501 1502
f 1492 1502 1503
f 1494 1499 1493
f 1493 1499 1500
f 1493 1500 1501
f 1495 1497 1494
f 1494 1497 1498
f 1494 1498 1499
f 1495 1496 1497
f 1505 1506 1491
f 1507 1508 1516
f 1516 1508 1515
f 1515 1508 1509
f 1515 1509 1514
f 1514 1509 1510
f 1514 1510 1513
f 1513 1510 1511
f 1513 1511 1512
f 1518 1522 1517
f 1517 1522 1523
f 1517 1523 1521
f 1521 1523 1527
f 1521 1527 1520
f 1528 1524 1525
f 1528 1525 1519
f 1519 1525 1526
f 1519 1526 1518
f 1518 1526 1522
f 1529 1530 1532
f 1532 1530 1531
f 1533 1534 1538
f 1538 1534 1535
f 1538 1535 1536
f 1536 1537 1538
f 1539 1540 1546
f 1546 1540 1541
f 1546 1541 1542
f 1543 1544 1542
f 1542 1544 1545
f 1542 1545 1546
f 1547 1548 1554
f 1554 1548 1549
f 1554 1549 1550
f 1551 1552 1550
f 1550 1552 1553
f 1550 1553 1554
f 1556 1557 1555
f 1555 1557 1558
f 1559 1560 1566
f 1566 1560 1561
f 1566 1561 1562
f 1563 1564 1562
f 1562 1564 1565
f 1562 1565 1566
f 1567 1568 1576
f 1576 1568 1575
f 1575 1568 1569
f 1575 1569 1574
f 1574 1569 1570
f 1574 1570 1573
f 1573 1570 1571
f 1573 1571 1572
f 1577 1578 1586
f 1586 1578 1585
f 1585 1578 1579
f 1585 1579 1584
f 1584 1579 1580
f 1584 1580 1583
f 1583 1580 1581
f 1583 1581 1582
f 1587 1588 1590
f 1590 1588 1589
f 1591 1592 1594
f 1594 1592 1593
f 1596 1600 1595
f 1595 1600 1601
f 1595 1601 1599
f 1599 1601 1605
f 1599 1605 1598
f 1606 1602 1603
f 1606 1603 1597
f 1597 1603 1604
f 1597 1604 1596
f 1596 1604 1600
f 1607 1608 1610
f 1610 1608 1609
f 1611 1612 1614
f 1614 1612 1613
f 1616 1617 1615
f 1615 1617 1618
f 1624 1619 1623
f 1623 1619 1620
f 1623 1620 1621
f 1621 1622 1623
f 1625 1626 1632
f 1632 1626 1627
f 1632 1627 1628
f 1629 1630 1628
f 1628 1630 1631
f 1628 1631 1632
f 1633 1634 1636
f 1636 1634 1635
f 1638 1639 1637
f 1637 1639 1640
f 1641 1642 1650
f 1650 1642 1649
f 1649 1642 1643
f 1649 1643 1648
f 1648 1643 1644
f 1648 1644 1647
f 1647 1644 1645
f 1647 1645 1646
f 1651 1652 1654
f 1654 1652 1653
f 1655 1656 1658
f 1658 1656 1657
f 1659 1660 1662
f 1662 1660 1661
f 1664 1668 1663
f 1663 1668 1669
f 1663 1669 1667
f 1667 1669 1673
f 1667 1673 1666
f 1674 1670 1671
f 1674 1671 1665
f 1665 1671 1672
f 1665 1672 1664
f 1664 1672 1668
f 1675 1676 1678
f 1678 1676 1677
f 1679 1680 1682
f 1682 1680 1681
f 1691 1683 1693
f 1693 1683 1684
f 1693 1684 1692
f 1692 1684 1685
f 1692 1685 1696
f 1696 1685 1686
f 1696 1686 1687
f 1696 1687 1695
f 1695 1687 1688
f 1695 1688 1689
f 1695 1689 1694
f 1694 1689 1690
f 1694 1690 1691
f 1694 1691 1693
f 1697 1698 1705
f 1705 1698 1706
f 1705 1706 1704
f 1704 1706 1707
f 1704 1707 1703
f 1703 1707 1708
f 1703 1708 1702
f 1702 1708 1701
f 1701 1708 1709
f 1701 1709 1700
f 1700 1709 1699
f 1699 1709 1710
f 1699 1710 1698
f 1698 1710 1706
f 1712 1716 1711
f 1711 1716 1717
f 1711 1717 1715
f 1715 1717 1721
f 1715 1721 1714
f 1722 1718 1719
f 1722 1719 1713
f 1713 1719 1720
f 1713 1720 1712
f 1712 1720 1716
f 1723 1724 1730
f 1730 1724 1725
f 1730 1725 1726
f 1727 1728 1726
f 1726 1728 1729
f 1726 1729 1730
f 1731 1732 1734
f 1734 1732 1733
f 1735 1736 1744
f 1744 1736 1743
f 1743 1736 1737
f 1743 1737 1742
f 1742 1737 1738
f 1742 1738 1741
f 1741 1738 1739
f 1741 1739 1740
f 1745 1746 1748
f 1748 1746 1747
f 1750 1766 1749
f 1749 1766 1767
f 1749 1767 1768
f 1766 1750 1765
f 1765 1750 1751
f 1765 1751 1764
f 1764 1751 1752
f 1764 1752 1753
f 1754 1762 1753
f 1753 1762 1763
f 1753 1763 1764
f 1754 1755 1762
f 1762 1755 1761
f 1761 1755 1756
f 1761 1756 1760
f 1760 1756 1770
f 1770 1756 1757
f 1770 1757 1758
f 1770 1758 1769
f 1769 1758 1759
f 1769 1759 1768
f 1768 1759 1749
f 1771 1772 1774
f 1774 1772 1773
f 1775 1776 1790
f 1790 1776 1789
f 1789 1776 1777
f 1789 1777 1788
f 1788 1777 1778
f 1788 1778 1787
f 1787 1778 1779
f 1787 1779 1786
f 1786 1779 1780
f 1786 1780 1785
f 1785 1780 1781
f 1785 1781 1784
f 1784 1781 1782
f 1784 1782 1783
f 1791 1792 1794
f 1794 1792 1793
f 1795 1796 1798
f 1798 1796 1797
f 1799 1800 1802
f 1802 1800 1801
f 1814 1803 1813
f 1813 1803 1804
f 1813 1804 1812
f 1812 1804 1805
f 1812 1805 1811
f 1811 1805 1806
f 1811 1806 1810
f 1810 1806 1809
f 1809 1806 1807
f 1809 1807 1808
f 1815 1816 1818
f 1818 1816 1817
f 1819 1820 1822
f 1822 1820 1821
f 1823 1824 1832
f 1832 1824 1831
f 1831 1824 1825
f 1831 1825 1830
f 1830 1825 1826
f 1830 1826 1829
f 1829 1826 1827
f 1829 1827 1828
f 1841 1833 1844
f 1844 1833 1834
f 1844 1834 1843
f 1843 1834 1835
f 1843 1835 1842
f 1842 1835 1837
f 1842 1837 1838
f 1835 1836 1837
f 1842 1838 1846
f 1846 1838 1839
f 1846 1839 1845
f 1845 1839 1840
f 1845 1840 1841
f 1845 1841 1844
f 1856 1847 1855
f 1855 1847 1848
f 1855 1848 1854
f 1854 1848 1849
f 1854 1849 1853
f 1853 1849 1850
f 1853 1850 1852
f 1852 1850 1851
f 1857 1858 1864
f 1864 1858 1859
f 1864 1859 1860
f 1861 1862 1860
f 1860 1862 1863
f 1860 1863 1864
f 1874 1865 1873
f 1873 1865 1866
f 1873 1866 1872
f 1872 1866 1867
f 1872 1867 1871
f 1871 1867 1868
f 1871 1868 1870
f 1870 1868 1869
f 1876 1877 1875
f 1875 1877 1878
f 1879 1880 1882
f 1882 1880 1881
f 1883 1884 1892
f 1892 1884 1891
f 1891 1884 1885
f 1891 1885 1890
f 1890 1885 1886
f 1890 1886 1889
f 1889 1886 1887
f 1889 1887 1888
f 1893 1894 1896
f 1896 1894 1895
f 1898 1914 1897
f 1897 1914 1915
f 1897 1915 1916
f 1914 1898 1913
f 1913 1898 1899
f 1913 1899 1912
f 1912 1899 1900
f 1912 1900 1901
f 1902 1910 1901
f 1901 1910 1911
f 1901 1911 1912
f 1902 1903 1910
f 1910 1903 1909
f 1909 1903 1904
f 1909 1904 1908
f 1908 1904 1918
f 1918 1904 1905
f 1918 1905 1906
f 1918 1906 1917
f 1917 1906 1907
f 1917 1907 1916
f 1916 1907 1897
f 1919 1920 1928
f 1928 1920 1927
f 1927 1920 1921
f 1927 1921 1926
f 1926 1921 1922
f 1926 1922 1925
f 1925 1922 1923
f 1925 1923 1924
f 1929 1930 1932
f 1932 1930 1931
f 1933 1934 1942
f 1942 1934 1941
f 1941 1934 1935
f 1941 1935 1940
f 1940 1935 1936
f 1940 1936 1939
f 1939 1936 1937
f 1939 1937 1938
f 1943 1944 1952
f 1952 1944 1951
f 1951 1944 1945
f 1951 1945 1950
f 1950 1945 1946
f 1950 1946 1949
f 1949 1946 1947
f 1949 1947 1948
f 1953 1954 1956
f 1956 1954 1955
f 1957 1958 1960
f 1960 1958 1959
f 1961 1962 1970
f 1970 1962 1969
f 1969 1962 1963
f 1969 1963 1968
f 1968 1963 1964
f 1968 1964 1967
f 1967 1964 1965
f 1967 1965 1966
f 1971 1972 1982
f 1982 1972 1981
f 1981 1972 1980
f 1980 1972 1973
f 1980 1973 1979
f 1979 1973 1992
f 1979 1992 1993
f 1992 1973 1991
f 1991 1973 1974
f 1991 1974 1990
f 1990 1974 1989
f 1989 1974 1975
f 1989 1975 1988
f 1988 1975 1987
f 1987 1975 1976
f 1987 1976 1986
f 1986 1976 1985
f 1985 1976 1977
f 1985 1977 1984
f 1984 1977 1983
f 1983 1977 1978
f 1983 1978 1994
f 1994 1978 1993
f 1993 1978 1979
f 1995 1996 1998
f 1998 1996 1997
f 1999 2000 2002
f 2002 2000 2001
f 2003 2004 2006
f 2006 2004 2005
f 2007 2008 2010
f 2010 2008 2009
f 2011 2012 2014
f 2014 2012 2013
f 2015 2016 2018
f 2018 2016 2017
f 2019 2020 2028
f 2028 2020 2027
f 2027 2020 2021
f 2027 2021 2026
f 2026 2021 2022
f 2026 2022 2025
f 2025 2022 2023
f 2025 2023 2024
f 2029 2030 2032
f 2032 2030 2031
f 2033 2034 2042
f 2042 2034 2041
f 2041 2034 2035
f 2041 2035 2040
f 2040 2035 2036
f 2040 2036 2039
f 2039 2036 2037
f 2039 2037 2038
f 2043 2044 2071
f 2071 2044 2045
f 2071 2045 2046
f 2071 2046 2070
f 2070 2046 2047
f 2070 2047 2069
f 2069 2047 2068
f 2068 2047 2048
f 2068 2048 2067
f 2067 2048 2066
f 2066 2048 2062
f 2066 2062 2065
f 2065 2062 2064
f 2064 2062 2063
f 2062 2048 2061
f 2061 2048 2049
f 2061 2049 2060
f 2060 2049 2050
f 2060 2050 2051
f 2060 2051 2059
f 2059 2051 2052
f 2059 2052 2058
f 2058 2052 2057
f 2057 2052 2056
f 2056 2052 2055
f 2055 2052 2054
f 2054 2052 2053
f 2081 2072 2080
f 2080 2072 2073
f 2080 2073 2079
f 2079 2073 2074
f 2079 2074 2078
f 2078 2074 2075
f 2078 2075 2077
f 2077 2075 2076
f 2082 2083 2099
f 2099 2083 2098
f 2098 2083 2084
f 2098 2084 2097
f 2097 2084 2085
f 2097 2085 2096
f 2096 2085 2086
f 2096 2086 2095
f 2095 2086 2087
f 2095 2087 2094
f 2094 2087 2088
f 2094 2088 2093
f 2093 2088 2089
f 2093 2089 2092
f 2092 2089 2090
f 2092 2090 2091
f 2100 2101 2103
f 2103 2101 2102
f 2104 2105 2107
f 2107 2105 2106
f 2119 2108 2111
f 2111 2108 2109
f 2111 2109 2110
f 2111 2112 2119
f 2119 2112 2118
f 2118 2112 2113
f 2118 2113 2117
f 2117 2113 2114
f 2117 2114 2115
f 2115 2116 2117
f 2120 2121 2129
f 2129 2121 2128
f 2128 2121 2122
f 2128 2122 2127
f 2127 2122 2123
f 2127 2123 2126
f 2126 2123 2124
f 2126 2124 2125
f 2130 2131 2133
f 2133 2131 2132
f 2134 2135 2143
f 2143 2135 2142
f 2142 2135 2136
f 2142 2136 2141
f 2141 2136 2137
f 2141 2137 2140
f 2140 2137 2138
f 2140 2138 2139
f 2144 2145 2147
f 2147 2145 2146
f 2148 2149 2151
f 2151 2149 2150
f 2152 2153 2155
f 2155 2153 2154
f 2157 2158 2156
f 2156 2158 2159
f 2156 2159 2161
f 2161 2159 2160
f 2161 2162 2156
f 2156 2162 2168
f 2168 2162 2163
f 2168 2163 2167
f 2167 2163 2164
f 2167 2164 2166
f 2166 2164 2165
f 2169 2170 2178
f 2178 2170 2177
f 2177 2170 2171
f 2177 2171 2176
f 2176 2171 2172
f 2176 2172 2175
f 2175 2172 2173
f 2175 2173 2174
f 2179 2180 2182
f 2182 2180 2181
f 2183 2184 2186
f 2186 2184 2185
f 2187 2188 2190
f 2190 2188 2189
f 2191 2192 2194
f 2194 2192 2193
f 2196 2197 2195
f 2195 2197 2198
f 2195 2198 2200
f 2200 2198 2199
f 2200 2201 2195
f 2195 2201 2207
f 2207 2201 2202
f 2207 2202 2206
f 2206 2202 2203
f 2206 2203 2205
f 2205 2203 2204
f 2208 2209 2211
f 2211 2209 2210
f 2212 2213 2215
f 2215 2213 2214
f 2216 2217 2219
f 2219 2217 2218
f 2220 2221 2223
f 2223 2221 2222
f 2224 2225 2227
f 2227 2225 2226
f 2228 2229 2243
f 2243 2229 2242
f 2242 2229 2256
f 2242 2256 2244
f 2256 2229 2255
f 2255 2229 2230
f 2255 2230 2254
f 2254 2230 2253
f 2253 2230 2231
f 2253 2231 2252
f 2252 2231 2232
f 2252 2232 2251
f 2251 2232 2233
f 2251 2233 2250
f 2250 2233 2234
f 2250 2234 2235
f 2250 2235 2249
f 2249 2235 2236
f 2249 2236 2248
f 2248 2236 2237
f 2248 2237 2247
f 2247 2237 2246
f 2246 2237 2238
f 2246 2238 2245
f 2245 2238 2241
f 2245 2241 2242
f 2238 2239 2241
f 2241 2239 2240
f 2244 2245 2242
f 2257 2258 2266
f 2266 2258 2265
f 2265 2258 2259
f 2265 2259 2264
f 2264 2259 2260
f 2264 2260 2263
f 2263 2260 2261
f 2263 2261 2262
f 2267 2268 2270
f 2270 2268 2269
f 2271 2272 2274
f 2274 2272 2273
f 2275 2276 2284
f 2284 2276 2283
f 2283 2276 2277
f 2283 2277 2282
f 2282 2277 2278
f 2282 2278 2281
f 2281 2278 2279
f 2281 2279 2280
f 2285 2286 2313
f 2313 2286 2287
f 2313 2287 2288
f 2313 2288 2312
f 2312 2288 2289
f 2312 2289 2311
f 2311 2289 2290
f 2311 2290 2310
f 2310 2290 2291
f 2310 2291 2309
f 2309 2291 2292
f 2309 2292 2308
f 2308 2292 2293
f 2308 2293 2307
f 2307 2293 2294
f 2307 2294 2306
f 2306 2294 2304
f 2306 2304 2305
f 2304 2294 2303
f 2303 2294 2295
f 2303 2295 2296
f 2303 2296 2302
f 2302 2296 2297
f 2302 2297 2298
f 2299 2300 2298
f 2298 2300 2301
f 2298 2301 2302
f 2314 2315 2317
f 2317 2315 2316
f 2318 2319 2321
f 2321 2319 2320
f 2322 2323 2325
f 2325 2323 2324
f 2326 2327 2329
f 2329 2327 2328
f 2330 2331 2339
f 2339 2331 2338
f 2338 2331 2332
f 2338 2332 2337
f 2337 2332 2333
f 2337 2333 2336
f 2336 2333 2334
f 2336 2334 2335
f 2340 2341 2343
f 2343 2341 2342
f 2344 2345 2353
f 2353 2345 2352
f 2352 2345 2346
f 2352 2346 2351
f 2351 2346 2347
f 2351 2347 2350
f 2350 2347 2348
f 2350 2348 2349
f 2355 2371 2354
f 2354 2371 2372
f 2354 2372 2373
f 2371 2355 2370
f 2370 2355 2356
f 2370 2356 2369
f 2369 2356 2357
f 2369 2357 2358
f 2359 2367 2358
f 2358 2367 2368
f 2358 2368 2369
f 2359 2360 2367
f 2367 2360 2366
f 2366 2360 2361
f 2366 2361 2365
f 2365 2361 2375
f 2375 2361 2362
f 2375 2362 2363
f 2375 2363 2374
f 2374 2363 2364
f 2374 2364 2373
f 2373 2364 2354
f 2376 2377 2385
f 2385 2377 2384
f 2384 2377 2378
f 2384 2378 2383
f 2383 2378 2379
f 2383 2379 2382
f 2382 2379 2380
f 2382 2380 2381
f 2386 2387 2389
f 2389 2387 2388
f 2390 2391 2393
f 2393 2391 2392
f 2394 2395 2397
f 2397 2395 2396
f 2398 2399 2401
f 2401 2399 2400
f 2402 2403 2411
f 2411 2403 2410
f 2410 2403 2404
f 2410 2404 2409
f 2409 2404 2405
f 2409 2405 2408
f 2408 2405 2406
f 2408 2406 2407
f 2412 2413 2415
f 2415 2413 2414
f 2416 2417 2419
f 2419 2417 2418
f 2420 2421 2423
f 2423 2421 2422
f 2425 2427 2424
f 2424 2427 2430
f 2424 2430 2437
f 2437 2430 2436
f 2436 2430 2431
f 2436 2431 2432
f 2425 2426 2427
f 2428 2429 2427
f 2427 2429 2430
f 2432 2433 2436
f 2436 2433 2435
f 2435 2433 2434
f 2435 2434 2424
f 2424 2437 2435
f 2438 2439 2441
f 2441 2439 2440
f 2442 2443 2451
f 2451 2443 2450
f 2450 2443 2444
f 2450 2444 2449
f 2449 2444 2445
f 2449 2445 2448
f 2448 2445 2446
f 2448 2446 2447
f 2452 2453 2455
f 2455 2453 2454
f 2456 2457 2459
f 2459 2457 2458
f 2460 2461 2463
f 2463 2461 2462
f 2464 2465 2467
f 2467 2465 2466
f 2469 2470 2468
f 2468 2470 2471
f 2472 2473 2489
f 2489 2473 2488
f 2488 2473 2474
f 2488 2474 2487
f 2487 2474 2475
f 2487 2475 2486
f 2486 2475 2476
f 2486 2476 2485
f 2485 2476 2477
f 2485 2477 2484
f 2484 2477 2478
f 2484 2478 2483
f 2483 2478 2479
f 2483 2479 2482
f 2482 2479 2480
f 2482 2480 2481
f 2490 2491 2493
f 2493 2491 2492
f 2494 2495 2497
f 2497 2495 2496
f 2498 2499 2501
f 2501 2499 2500
f 2502 2503 2505
f 2505 2503 2504
f 2506 2507 2509
f 2509 2507 2508
f 2510 2511 2519
f 2519 2511 2518
f 2518 2511 2512
f 2518 2512 2517
f 2517 2512 2513
f 2517 2513 2516
f 2516 2513 2514
f 2516 2514 2515
f 2520 2521 2529
f 2529 2521 2528
f 2528 2521 2522
f 2528 2522 2527
f 2527 2522 2523
f 2527 2523 2526
f 2526 2523 2524
f 2526 2524 2525
f 2530 2531 2539
f 2539 2531 2538
f 2538 2531 2532
f 2538 2532 2537
f 2537 2532 2533
f 2537 2533 2536
f 2536 2533 2534
f 2536 2534 2535
f 2540 2541 2543
f 2543 2541 2542
f 2544 2545 2547
f 2547 2545 2546
f 2549 2556 2548
f 2548 2556 2554
f 2548 2554 2555
f 2556 2549 2559
f 2559 2549 2550
f 2559 2550 2558
f 2558 2550 2557
f 2557 2550 2551
f 2557 2551 2553
f 2553 2551 2552
f 2553 2554 2557
f 2557 2554 2556
f 2560 2561 2563
f 2563 2561 2562
f 2564 2565 2567
f 2567 2565 2566
f 2568 2569 2571
f 2571 2569 2570
f 2583 2572 2582
f 2582 2572 2573
f 2582 2573 2581
f 2581 2573 2580
f 2580 2573 2579
f 2579 2573 2574
f 2579 2574 2578
f 2578 2574 2575
f 2578 2575 2577
f 2577 2575 2576
f 2584 2585 2587
f 2587 2585 2586
f 2588 2589 2591
f 2591 2589 2590
f 2593 2600 2592
f 2592 2600 2598
f 2592 2598 2599
f 2594 2602 2593
f 2593 2602 2603
f 2593 2603 2600
f 2602 2594 2601
f 2601 2594 2595
f 2601 2595 2597
f 2597 2595 2596
f 2601 2597 2600
f 2600 2597 2598
f 2604 2605 2607
f 2607 2605 2606
f 2608 2609 2611
f 2611 2609 2610
f 2612 2613 2621
f 2621 2613 2620
f 2620 2613 2614
f 2620 2614 2619
f 2619 2614 2615
f 2619 2615 2618
f 2618 2615 2616
f 2618 2616 2617
f 2622 2623 2625
f 2625 2623 2624
f 2626 2627 2629
f 2629 2627 2628
f 2630 2631 2633
f 2633 2631 2632
f 2635 2636 2634
f 2634 2636 2643
f 2643 2636 2640
f 2643 2640 2641
f 2636 2637 2640
f 2640 2637 2639
f 2639 2637 2638
f 2641 2642 2643
f 2644 2645 2647
f 2647 2645 2646
f 2648 2649 2651
f 2651 2649 2650
f 2652 2653 2655
f 2655 2653 2654
f 2656 2657 2659
f 2659 2657 2658
f 2660 2661 2663
f 2663 2661 2662
f 2664 2665 2667
f 2667 2665 2666
f 2668 2669 2671
f 2671 2669 2670
f 2672 2673 2675
f 2675 2673 2674
f 2676 2677 2679
f 2679 2677 2678
f 2680 2681 2689
f 2689 2681 2688
f 2688 2681 2682
f 2688 2682 2687
f 2687 2682 2683
f 2687 2683 2686
f 2686 2683 2684
f 2686 2684 2685
f 2690 2691 2693
f 2693 2691 2692
f 2695 2711 2694
f 2694 2711 2712
f 2694 2712 2713
f 2711 2695 2710
f 2710 2695 2696
f 2710 2696 2709
f 2709 2696 2697
f 2709 2697 2698
f 2699 2707 2698
f 2698 2707 2708
f 2698 2708 2709
f 2699 2700 2707
f 2707 2700 2706
f 2706 2700 2701
f 2706 2701 2705
f 2705 2701 2715
f 2715 2701 2702
f 2715 2702 2703
f 2715 2703 2714
f 2714 2703 2704
f 2714 2704 2713
f 2713 2704 2694
f 2716 2717 2719
f 2719 2717 2718
f 2720 2721 2723
f 2723 2721 2722
f 2724 2725 2727
f 2727 2725 2726
f 2738 2728 2737
f 2737 2728 2729
f 2737 2729 2736
f 2736 2729 2735
f 2735 2729 2734
f 2734 2729 2733
f 2733 2729 2730
f 2733 2730 2732
f 2732 2730 2731
f 2740 2767 2739
f 2739 2767 2768
f 2739 2768 2757
f 2757 2768 2756
f 2756 2768 2769
f 2756 2769 2755
f 2755 2769 2770
f 2755 2770 2754
f 2754 2770 2758
f 2754 2758 2759
f 2767 2740 2766
f 2766 2740 2741
f 2766 2741 2742
f 2766 2742 2765
f 2765 2742 2743
f 2765 2743 2764
f 2764 2743 2763
f 2763 2743 2783
f 2763 2783 2762
f 2762 2783 2771
f 2762 2771 2761
f 2761 2771 2772
f 2761 2772 2760
f 2760 2772 2752
f 2760 2752 2753
f 2744 2781 2743
f 2743 2781 2782
f 2743 2782 2783
f 2781 2744 2780
f 2780 2744 2745
f 2780 2745 2746
f 2780 2746 2779
f 2779 2746 2747
f 2779 2747 2778
f 2778 2747 2777
f 2777 2747 2748
f 2777 2748 2749
f 2777 2749 2776
f 2776 2749 2750
f 2776 2750 2775
f 2775 2750 2751
f 2775 2751 2774
f 2774 2751 2773
f 2773 2751 2752
f 2773 2752 2772
f 2760 2753 2759
f 2759 2753 2754
f 2784 2785 2787
f 2787 2785 2786
f 2788 2789 2791
f 2791 2789 2790
f 2792 2793 2795
f 2795 2793 2794
f 2796 2797 2799
f 2799 2797 2798
f 2800 2801 2803
f 2803 2801 2802
f 2804 2805 2813
f 2813 2805 2812
f 2812 2805 2806
f 2812 2806 2811
f 2811 2806 2807
f 2811 2807 2810
f 2810 2807 2808
f 2810 2808 2809
f 2814 2815 2817
f 2817 2815 2816
f 2818 2819 2821
f 2821 2819 2820
f 2822 2823 2825
f 2825 2823 2824
f 2827 2830 2826
f 2826 2830 2831
f 2826 2831 2836
f 2836 2831 2832
f 2836 2832 2835
f 2835 2832 2833
f 2835 2833 2834
f 2828 2829 2827
f 2827 2829 2830
f 2837 2838 2846
f 2846 2838 2845
f 2845 2838 2839
f 2845 2839 2844
f 2844 2839 2840
f 2844 2840 2843
f 2843 2840 2841
f 2843 2841 2842
f 2847 2848 2850
f 2850 2848 2849
f 2851 2852 2858
f 2858 2852 2853
f 2858 2853 2855
f 2855 2853 2854
f 2856 2857 2855
f 2855 2857 2858
f 2859 2860 2862
f 2862 2860 2861
f 2863 2864 2866
f 2866 2864 2865
f 2867 2868 2876
f 2876 2868 2875
f 2875 2868 2869
f 2875 2869 2874
f 2874 2869 2870
f 2874 2870 2873
f 2873 2870 2871
f 2873 2871 2872
f 2877 2878 2880
f 2880 2878 2879
f 2881 2882 2884
f 2884 2882 2883
f 2885 2886 2888
f 2888 2886 2887
f 2889 2890 2898
f 2898 2890 2897
f 2897 2890 2891
f 2897 2891 2896
f 2896 2891 2892
f 2896 2892 2895
f 2895 2892 2893
f 2895 2893 2894
f 2899 2900 2902
f 2902 2900 2901
f 2903 2904 2906
f 2906 2904 2905
f 2907 2908 2910
f 2910 2908 2909
f 2911 2912 2914
f 2914 2912 2913
f 2916 2923 2915
f 2915 2923 2921
f 2915 2921 2922
f 2917 2925 2916
f 2916 2925 2926
f 2916 2926 2923
f 2925 2917 2924
f 2924 2917 2918
f 2924 2918 2920
f 2920 2918 2919
f 2924 2920 2923
f 2923 2920 2921
f 2927 2928 2930
f 2930 2928 2929
f 2942 2931 2941
f 2941 2931 2932
f 2941 2932 2940
f 2940 2932 2933
f 2940 2933 2939
f 2939 2933 2938
f 2938 2933 2934
f 2938 2934 2937
f 2937 2934 2935
f 2937 2935 2936
f 2943 2944 2946
f 2946 2944 2945
f 2947 2948 2950
f 2950 2948 2949
f 2951 2952 2954
f 2954 2952 2953
f 2955 2956 2958
f 2958 2956 2957
f 2959 2960 2962
f 2962 2960 2961
f 2964 2965 2963
f 2963 2965 2974
f 2974 2965 2966
f 2974 2966 2973
f 2973 2966 2969
f 2973 2969 2970
f 2966 2967 2969
f 2969 2967 2968
f 2971 2972 2970
f 2970 2972 2973
f 2975 2976 2984
f 2984 2976 2983
f 2983 2976 2977
f 2983 2977 2982
f 2982 2977 2978
f 2982 2978 2981
f 2981 2978 2979
f 2981 2979 2980
f 2985 2986 2988
f 2988 2986 2987
f 2989 2990 2992
f 2992 2990 2991
f 2993 2994 2996
f 2996 2994 2995
f 2998 3005 2997
f 2997 3005 3006
f 2997 3006 3008
f 3008 3006 3007
f 2999 3000 2998
f 2998 3000 3001
f 2998 3001 3002
f 3002 3003 2998
f 2998 3003 3004
f 2998 3004 3005
f 3009 3010 3012
f 3012 3010 3011
f 3013 3014 3022
f 3022 3014 3021
f 3021 3014 3015
f 3021 3015 3020
f 3020 3015 3016
f 3020 3016 3019
f 3019 3016 3017
f 3019 3017 3018
f 3023 3024 3032
f 3032 3024 3031
f 3031 3024 3025
f 3031 3025 3030
f 3030 3025 3026
f 3030 3026 3029
f 3029 3026 3027
f 3029 3027 3028
f 3084 3033 3066
f 3066 3033 3034
f 3066 3034 3065
f 3065 3034 3035
f 3065 3035 3064
f 3064 3035 3036
f 3064 3036 3063
f 3063 3036 3037
f 3063 3037 3062
f 3062 3037 3038
f 3062 3038 3061
f 3061 3038 3039
f 3061 3039 3040
f 3041 3058 3040
f 3040 3058 3059
f 3040 3059 3060
f 3058 3041 3057
f 3057 3041 3042
f 3057 3042 3056
f 3056 3042 3043
f 3056 3043 3055
f 3055 3043 3044
f 3055 3044 3054
f 3054 3044 3045
f 3054 3045 3046
f 3054 3046 3053
f 3053 3046 3047
f 3053 3047 3052
f 3052 3047 3048
f 3052 3048 3051
f 3051 3048 3050
f 3050 3048 3049
f 3060 3061 3040
f 3066 3067 3084
f 3084 3067 3083
f 3083 3067 3068
f 3083 3068 3082
f 3082 3068 3069
f 3082 3069 3081
f 3081 3069 3070
f 3081 3070 3071
f 3081 3071 3080
f 3080 3071 3072
f 3080 3072 3079
f 3079 3072 3073
f 3079 3073 3078
f 3078 3073 3077
f 3077 3073 3074
f 3077 3074 3076
f 3076 3074 3075
f 3085 3086 3088
f 3088 3086 3087
f 3089 3090 3092
f 3092 3090 3091
f 3093 3094 3096
f 3096 3094 3095
f 3097 3098 3100
f 3100 3098 3099
f 3102 3105 3101
f 3101 3105 3106
f 3101 3106 3111
f 3111 3106 3107
f 3111 3107 3110
f 3110 3107 3108
f 3110 3108 3109
f 3103 3104 3102
f 3102 3104 3105
f 3112 3113 3115
f 3115 3113 3114
f 3116 3117 3119
f 3119 3117 3118
f 3120 3121 3123
f 3123 3121 3122
f 3124 3125 3127
f 3127 3125 3126
f 3128 3129 3137
f 3137 3129 3136
f 3136 3129 3130
f 3136 3130 3135
f 3135 3130 3131
f 3135 3131 3134
f 3134 3131 3132
f 3134 3132 3133
f 3138 3139 3141
f 3141 3139 3140
f 3142 3143 3145
f 3145 3143 3144
f 3146 3147 3149
f 3149 3147 3148
f 3150 3151 3153
f 3153 3151 3152
f 3154 3155 3157
f 3157 3155 3156
f 3158 3159 3161
f 3161 3159 3160
f 3162 3163 3165
f 3165 3163 3164
f 3166 3167 3169
f 3169 3167 3168
f 3170 3171 3173
f 3173 3171 3172
f 3174 3175 3177
f 3177 3175 3176
f 3178 3179 3181
f 3181 3179 3180
f 3182 3183 3185
f 3185 3183 3184
f 3186 3187 3189
f 3189 3187 3188
f 3190 3191 3193
f 3193 3191 3192
f 3194 3195 3203
f 3203 3195 3202
f 3202 3195 3196
f 3202 3196 3201
f 3201 3196 3197
f 3201 3197 3200
f 3200 3197 3198
f 3200 3198 3199
f 3204 3205 3213
f 3213 3205 3212
f 3212 3205 3206
f 3212 3206 3211
f 3211 3206 3207
f 3211 3207 3210
f 3210 3207 3208
f 3210 3208 3209
f 3214 3215 3217
f 3217 3215 3216
f 3218 3219 3221
f 3221 3219 3220
f 3222 3223 3231
f 3231 3223 3230
f 3230 3223 3224
f 3230 3224 3229
f 3229 3224 3225
f 3229 3225 3228
f 3228 3225 3226
f 3228 3226 3227
f 3232 3233 3235
f 3235 3233 3234
f 3236 3237 3239
f 3239 3237 3238
f 3240 3241 3243
f 3243 3241 3242
f 3245 3246 3244
f 3244 3246 3251
f 3251 3246 3250
f 3250 3246 3247
f 3250 3247 3249
f 3249 3247 3248
f 3252 3253 3255
f 3255 3253 3254
f 3256 3257 3265
f 3265 3257 3264
f 3264 3257 3258
f 3264 3258 3263
f 3263 3258 3259
f 3263 3259 3262
f 3262 3259 3260
f 3262 3260 3261
f 3266 3267 3269
f 3269 3267 3268
f 3270 3271 3273
f 3273 3271 3272
f 3274 3275 3277
f 3277 3275 3276
f 3278 3279 3281
f 3281 3279 3280
f 3282 3283 3285
f 3285 3283 3284
f 3286 3287 3289
f 3289 3287 3288
f 3290 3291 3293
f 3293 3291 3292
f 3294 3295 3303
f 3303 3295 3302
f 3302 3295 3296
f 3302 3296 3301
f 3301 3296 3297
f 3301 3297 3300
f 3300 3297 3298
f 3300 3298 3299
f 3304 3305 3307
f 3307 3305 3306
f 3308 3309 3317
f 3317 3309 3316
f 3316 3309 3310
f 3316 3310 3315
f 3315 3310 3311
f 3315 3311 3314
f 3314 3311 3312
f 3314 3312 3313
f 3318 3319 3327
f 3327 3319 3326
f 3326 3319 3320
f 3326 3320 3325
f 3325 3320 3321
f 3325 3321 3324
f 3324 3321 3322
f 3324 3322 3323
f 3328 3329 3331
f 3331 3329 3330
f 3332 3333 3335
f 3335 3333 3334
f 3336 3337 3339
f 3339 3337 3338
f 3340 3341 3343
f 3343 3341 3342
f 3345 3346 3344
f 3344 3346 3359
f 3359 3346 3358
f 3358 3346 3347
f 3358 3347 3357
f 3357 3347 3348
f 3357 3348 3356
f 3356 3348 3349
f 3356 3349 3350
f 3351 3354 3350
f 3350 3354 3355
f 3350 3355 3356
f 3352 3353 3351
f 3351 3353 3354
f 3360 3361 3363
f 3363 3361 3362
f 3364 3365 3373
f 3373 3365 3372
f 3372 3365 3366
f 3372 3366 3371
f 3371 3366 3367
f 3371 3367 3370
f 3370 3367 3368
f 3370 3368 3369
f 3374 3375 3377
f 3377 3375 3376
f 3379 3382 3378
f 3378 3382 3383
f 3378 3383 3388
f 3388 3383 3384
f 3388 3384 3387
f 3387 3384 3385
f 3387 3385 3386
f 3380 3381 3379
f 3379 3381 3382
f 3389 3390 3392
f 3392 3390 3391
f 3393 3394 3396
f 3396 3394 3395
f 3397 3398 3400
f 3400 3398 3399
f 3402 3403 3401
f 3401 3403 3406
f 3406 3403 3405
f 3405 3403 3404
f 3407 3408 3410
f 3410 3408 3409
f 3411 3412 3414
f 3414 3412 3413
f 3415 3416 3418
f 3418 3416 3417
f 3419 3420 3428
f 3428 3420 3427
f 3427 3420 3421
f 3427 3421 3426
f 3426 3421 3422
f 3426 3422 3425
f 3425 3422 3423
f 3425 3423 3424
f 3429 3430 3432
f 3432 3430 3431
f 3433 3434 3436
f 3436 3434 3435
f 3437 3438 3446
f 3446 3438 3445
f 3445 3438 3439
f 3445 3439 3444
f 3444 3439 3440
f 3444 3440 3443
f 3443 3440 3441
f 3443 3441 3442
f 3447 3448 3450
f 3450 3448 3449
f 3451 3452 3460
f 3460 3452 3459
f 3459 3452 3453
f 3459 3453 3458
f 3458 3453 3454
f 3458 3454 3457
f 3457 3454 3455
f 3457 3455 3456
f 3461 3462 3464
f 3464 3462 3463
f 3465 3466 3474
f 3474 3466 3473
f 3473 3466 3467
f 3473 3467 3472
f 3472 3467 3468
f 3472 3468 3471
f 3471 3468 3469
f 3471 3469 3470
f 3526 3475 3508
f 3508 3475 3476
f 3508 3476 3507
f 3507 3476 3477
f 3507 3477 3506
f 3506 3477 3478
f 3506 3478 3505
f 3505 3478 3479
f 3505 3479 3504
f 3504 3479 3480
f 3504 3480 3503
f 3503 3480 3481
f 3503 3481 3502
f 3502 3481 3482
f 3502 3482 3501
f 3501 3482 3483
f 3501 3483 3500
f 3500 3483 3499
f 3499 3483 3484
f 3499 3484 3498
f 3498 3484 3485
f 3498 3485 3497
f 3497 3485 3486
f 3497 3486 3496
f 3496 3486 3487
f 3496 3487 3488
f 3489 3494 3488
f 3488 3494 3495
f 3488 3495 3496
f 3494 3489 3493
f 3493 3489 3490
f 3493 3490 3492
f 3492 3490 3491
f 3508 3509 3526
f 3526 3509 3525
f 3525 3509 3510
f 3525 3510 3524
f 3524 3510 3511
f 3524 3511 3523
f 3523 3511 3512
f 3523 3512 3513
f 3523 3513 3522
f 3522 3513 3514
f 3522 3514 3521
f 3521 3514 3520
f 3520 3514 3515
f 3520 3515 3519
f 3519 3515 3516
f 3519 3516 3518
f 3518 3516 3517
f 3527 3528 3530
f 3530 3528 3529
f 3531 3532 3534
f 3534 3532 3533
f 3535 3536 3538
f 3538 3536 3537
f 3539 3540 3542
f 3542 3540 3541
f 3543 3544 3552
f 3552 3544 3551
f 3551 3544 3545
f 3551 3545 3550
f 3550 3545 3546
f 3550 3546 3549
f 3549 3546 3547
f 3549 3547 3548
f 3553 3554 3556
f 3556 3554 3555
f 3557 3558 3560
f 3560 3558 3559
f 3561 3562 3564
f 3564 3562 3563
f 3565 3566 3568
f 3568 3566 3567
f 3569 3570 3572
f 3572 3570 3571
f 3573 3574 3576
f 3576 3574 3575
f 3577 3578 3580
f 3580 3578 3579
f 3581 3582 3584
f 3584 3582 3583
f 3585 3586 3594
f 3594 3586 3593
f 3593 3586 3587
f 3593 3587 3592
f 3592 3587 3588
f 3592 3588 3591
f 3591 3588 3589
f 3591 3589 3590
f 3595 3596 3598
f 3598 3596 3597
f 3599 3600 3608
f 3608 3600 3607
f 3607 3600 3601
f 3607 3601 3606
f 3606 3601 3602
f 3606 3602 3605
f 3605 3602 3603
f 3605 3603 3604
f 3609 3610 3618
f 3618 3610 3617
f 3617 3610 3611
f 3617 3611 3616
f 3616 3611 3612
f 3616 3612 3615
f 3615 3612 3613
f 3615 3613 3614
f 3619 3620 3622
f 3622 3620 3621
f 3623 3624 3626
f 3626 3624 3625
f 3627 3628 3630
f 3630 3628 3629
f 3631 3632 3634
f 3634 3632 3633
f 3635 3636 3644
f 3644 3636 3643
f 3643 3636 3637
f 3643 3637 3642
f 3642 3637 3638
f 3642 3638 3641
f 3641 3638 3639
f 3641 3639 3640
f 3645 3646 3654
f 3654 3646 3653
f 3653 3646 3647
f 3653 3647 3652
f 3652 3647 3648
f 3652 3648 3651
f 3651 3648 3649
f 3651 3649 3650
f 3655 3656 3658
f 3658 3656 3657
f 3659 3660 3662
f 3662 3660 3661
f 3663 3664 3666
f 3666 3664 3665
f 3667 3668 3676
f 3676 3668 3675
f 3675 3668 3669
f 3675 3669 3674
f 3674 3669 3670
f 3674 3670 3673
f 3673 3670 3671
f 3673 3671 3672
f 3677 3678 3680
f 3680 3678 3679
f 3681 3682 3684
f 3684 3682 3683
f 3685 3686 3688
f 3688 3686 3687
f 3700 3689 3699
f 3699 3689 3690
f 3699 3690 3692
f 3692 3690 3691
f 3699 3692 3698
f 3698 3692 3693
f 3698 3693 3695
f 3695 3693 3694
f 3695 3696 3698
f 3698 3696 3697
f 3701 3702 3704
f 3704 3702 3703
f 3705 3706 3708
f 3708 3706 3707
f 3709 3710 3712
f 3712 3710 3711
f 3713 3714 3716
f 3716 3714 3715
f 3717 3718 3720
f 3720 3718 3719
f 3721 3722 3730
f 3730 3722 3729
f 3729 3722 3723
f 3729 3723 3728
f 3728 3723 3724
f 3728 3724 3727
f 3727 3724 3725
f 3727 3725 3726
f 3731 3732 3734
f 3734 3732 3733
f 3735 3736 3738
f 3738 3736 3737
f 3739 3740 3742
f 3742 3740 3741
f 3743 3744 3752
f 3752 3744 3751
f 3751 3744 3745
f 3751 3745 3750
f 3750 3745 3746
f 3750 3746 3749
f 3749 3746 3747
f 3749 3747 3748
f 3753 3754 3762
f 3762 3754 3761
f 3761 3754 3755
f 3761 3755 3760
f 3760 3755 3756
f 3760 3756 3759
f 3759 3756 3757
f 3759 3757 3758
f 3763 3764 3766
f 3766 3764 3765
f 3767 3768 3770
f 3770 3768 3769
f 3771 3772 3774
f 3774 3772 3773
f 3775 3776 3784
f 3784 3776 3783
f 3783 3776 3777
f 3783 3777 3782
f 3782 3777 3778
f 3782 3778 3781
f 3781 3778 3779
f 3781 3779 3780
f 3785 3786 3794
f 3794 3786 3793
f 3793 3786 3787
f 3793 3787 3792
f 3792 3787 3788
f 3792 3788 3791
f 3791 3788 3789
f 3791 3789 3790
f 3795 3796 3798
f 3798 3796 3797
f 3799 3800 3802
f 3802 3800 3801
f 3814 3803 3806
f 3806 3803 3804
f 3806 3804 3805
f 3806 3807 3814
f 3814 3807 3813
f 3813 3807 3808
f 3813 3808 3812
f 3812 3808 3809
f 3812 3809 3810
f 3810 3811 3812
f 3815 3816 3818
f 3818 3816 3817
f 3819 3820 3822
f 3822 3820 3821
f 3823 3824 3832
f 3832 3824 3831
f 3831 3824 3825
f 3831 3825 3830
f 3830 3825 3826
f 3830 3826 3829
f 3829 3826 3827
f 3829 3827 3828
f 3833 3834 3842
f 3842 3834 3841
f 3841 3834 3835
f 3841 3835 3840
f 3840 3835 3836
f 3840 3836 3839
f 3839 3836 3837
f 3839 3837 3838
f 3843 3844 3846
f 3846 3844 3845
f 3847 3848 3850
f 3850 3848 3849
f 3851 3852 3860
f 3860 3852 3859
f 3859 3852 3853
f 3859 3853 3858
f 3858 3853 3854
f 3858 3854 3857
f 3857 3854 3855
f 3857 3855 3856
f 3861 3862 3864
f 3864 3862 3863
f 3865 3866 3868
f 3868 3866 3867
f 3869 3870 3878
f 3878 3870 3877
f 3877 3870 3871
f 3877 3871 3876
f 3876 3871 3872
f 3876 3872 3875
f 3875 3872 3873
f 3875 3873 3874
f 3879 3880 3882
f 3882 3880 3881
f 3883 3884 3886
f 3886 3884 3885
f 3887 3888 3890
f 3890 3888 3889
f 3891 3892 3900
f 3900 3892 3899
f 3899 3892 3893
f 3899 3893 3898
f 3898 3893 3894
f 3898 3894 3897
f 3897 3894 3895
f 3897 3895 3896
f 3901 3902 3910
f 3910 3902 3909
f 3909 3902 3903
f 3909 3903 3908
f 3908 3903 3904
f 3908 3904 3907
f 3907 3904 3905
f 3907 3905 3906
f 3911 3912 3920
f 3920 3912 3919
f 3919 3912 3913
f 3919 3913 3918
f 3918 3913 3914
f 3918 3914 3917
f 3917 3914 3915
f 3917 3915 3916
f 3921 3922 3924
f 3924 3922 3923
f 3925 3926 3934
f 3934 3926 3933
f 3933 3926 3927
f 3933 3927 3932
f 3932 3927 3928
f 3932 3928 3931
f 3931 3928 3929
f 3931 3929 3930
f 3936 3937 3935
f 3935 3937 3968
f 3968 3937 3938
f 3968 3938 3967
f 3967 3938 3939
f 3967 3939 3966
f 3966 3939 3940
f 3966 3940 3965
f 3965 3940 3964
f 3964 3940 3941
f 3964 3941 3963
f 3963 3941 3942
f 3963 3942 3962
f 3962 3942 3943
f 3962 3943 3961
f 3961 3943 3944
f 3961 3944 3945
f 3961 3945 3960
f 3960 3945 3946
f 3960 3946 3959
f 3959 3946 3947
f 3959 3947 3958
f 3958 3947 3948
f 3958 3948 3957
f 3957 3948 3956
f 3956 3948 3949
f 3956 3949 3955
f 3955 3949 3950
f 3955 3950 3954
f 3954 3950 3951
f 3954 3951 3953
f 3953 3951 3952
f 3969 3970 3972
f 3972 3970 3971
f 3973 3974 3976
f 3976 3974 3975
f 3977 3978 3980
f 3980 3978 3979
f 3981 3982 3984
f 3984 3982 3983
f 3985 3986 3994
f 3994 3986 3993
f 3993 3986 3987
f 3993 3987 3992
f 3992 3987 3988
f 3992 3988 3991
f 3991 3988 3989
f 3991 3989 3990
f 3996 3997 3995
f 3995 3997 4028
f 4028 3997 3998
f 4028 3998 4027
f 4027 3998 3999
f 4027 3999 4026
f 4026 3999 4000
f 4026 4000 4025
f 4025 4000 4024
f 4024 4000 4001
f 4024 4001 4023
f 4023 4001 4002
f 4023 4002 4022
f 4022 4002 4003
f 4022 4003 4021
f 4021 4003 4004
f 4021 4004 4005
f 4021 4005 4020
f 4020 4005 4006
f 4020 4006 4019
f 4019 4006 4007
f 4019 4007 4018
f 4018 4007 4008
f 4018 4008 4017
f 4017 4008 4016
f 4016 4008 4009
f 4016 4009 4015
f 4015 4009 4010
f 4015 4010 4014
f 4014 4010 4011
f 4014 4011 4013
f 4013 4011 4012
f 4029 4030 4032
f 4032 4030 4031
f 4033 4034 4042
f 4042 4034 4041
f 4041 4034 4035
f 4041 4035 4040
f 4040 4035 4036
f 4040 4036 4039
f 4039 4036 4037
f 4039 4037 4038
f 4043 4044 4046
f 4046 4044 4045
f 4047 4048 4050
f 4050 4048 4049
f 4051 4052 4060
f 4060 4052 4059
f 4059 4052 4053
f 4059 4053 4058
f 4058 4053 4054
f 4058 4054 4057
f 4057 4054 4055
f 4057 4055 4056
f 4061 4062 4064
f 4064 4062 4063
f 4065 4066 4068
f 4068 4066 4067
f 4069 4070 4078
f 4078 4070 4077
f 4077 4070 4071
f 4077 4071 4076
f 4076 4071 4072
f 4076 4072 4075
f 4075 4072 4073
f 4075 4073 4074
f 4080 4081 4079
f 4079 4081 4112
f 4112 4081 4082
f 4112 4082 4111
f 4111 4082 4083
f 4111 4083 4110
f 4110 4083 4084
f 4110 4084 4109
f 4109 4084 4108
f 4108 4084 4085
f 4108 4085 4107
f 4107 4085 4086
f 4107 4086 4106
f 4106 4086 4087
f 4106 4087 4105
f 4105 4087 4088
f 4105 4088 4089
f 4105 4089 4104
f 4104 4089 4090
f 4104 4090 4103
f 4103 4090 4091
f 4103 4091 4102
f 4102 4091 4092
f 4102 4092 4101
f 4101 4092 4100
f 4100 4092 4093
f 4100 4093 4099
f 4099 4093 4094
f 4099 4094 4098
f 4098 4094 4095
f 4098 4095 4097
f 4097 4095 4096
f 4113 4114 4122
f 4122 4114 4121
f 4121 4114 4115
f 4121 4115 4120
f 4120 4115 4116
f 4120 4116 4119
f 4119 4116 4117
f 4119 4117 4118
f 4123 4124 4132
f 4132 4124 4131
f 4131 4124 4125
f 4131 4125 4130
f 4130 4125 4126
f 4130 4126 4129
f 4129 4126 4127
f 4129 4127 4128
f 4133 4134 4136
f 4136 4134 4135
f 4137 4138 4140
f 4140 4138 4139
f 4141 4142 4144
f 4144 4142 4143
f 4145 4146 4148
f 4148 4146 4147
f 4149 4150 4158
f 4158 4150 4157
f 4157 4150 4151
f 4157 4151 4156
f 4156 4151 4152
f 4156 4152 4155
f 4155 4152 4153
f 4155 4153 4154
f 4159 4160 4162
f 4162 4160 4161
f 4163 4164 4166
f 4166 4164 4165
f 4167 4168 4170
f 4170 4168 4169
f 4171 4172 4174
f 4174 4172 4173
f 4175 4176 4178
f 4178 4176 4177
f 4190 4179 4182
f 4182 4179 4180
f 4182 4180 4181
f 4182 4183 4190
f 4190 4183 4189
f 4189 4183 4184
f 4189 4184 4188
f 4188 4184 4185
f 4188 4185 4186
f 4186 4187 4188
f 4191 4192 4200
f 4200 4192 4199
f 4199 4192 4193
f 4199 4193 4198
f 4198 4193 4194
f 4198 4194 4197
f 4197 4194 4195
f 4197 4195 4196
f 4201 4202 4210
f 4210 4202 4209
f 4209 4202 4203
f 4209 4203 4208
f 4208 4203 4204
f 4208 4204 4207
f 4207 4204 4205
f 4207 4205 4206
f 4211 4212 4222
f 4222 4212 4213
f 4222 4213 4214
f 4214 4215 4222
f 4222 4215 4221
f 4221 4215 4216
f 4221 4216 4220
f 4220 4216 4219
f 4219 4216 4217
f 4219 4217 4218
f 4223 4224 4232
f 4232 4224 4231
f 4231 4224 4225
f 4231 4225 4230
f 4230 4225 4226
f 4230 4226 4229
f 4229 4226 4227
f 4229 4227 4228
f 4233 4234 4236
f 4236 4234 4235
f 4237 4238 4240
f 4240 4238 4239
f 4241 4242 4244
f 4244 4242 4243
f 4245 4246 4248
f 4248 4246 4247
f 4249 4250 4252
f 4252 4250 4251
f 4253 4254 4256
f 4256 4254 4255
f 4257 4258 4260
f 4260 4258 4259
f 4262 4267 4261
f 4261 4267 4268
f 4261 4268 4269
f 4263 4265 4262
f 4262 4265 4266
f 4262 4266 4267
f 4263 4264 4265
f 4261 4269 4301
f 4301 4269 4270
f 4301 4270 4300
f 4300 4270 4271
f 4300 4271 4299
f 4299 4271 4272
f 4299 4272 4298
f 4298 4272 4297
f 4297 4272 4273
f 4297 4273 4296
f 4296 4273 4295
f 4295 4273 4274
f 4295 4274 4294
f 4294 4274 4275
f 4294 4275 4293
f 4293 4275 4276
f 4293 4276 4292
f 4292 4276 4277
f 4292 4277 4278
f 4292 4278 4291
f 4291 4278 4279
f 4291 4279 4290
f 4290 4279 4280
f 4290 4280 4289
f 4289 4280 4281
f 4289 4281 4288
f 4288 4281 4287
f 4287 4281 4282
f 4287 4282 4286
f 4286 4282 4283
f 4286 4283 4285
f 4285 4283 4284
f 4301 4302 4261
f 4303 4304 4306
f 4306 4304 4305
f 4307 4308 4310
f 4310 4308 4309
f 4311 4312 4320
f 4320 4312 4319
f 4319 4312 4313
f 4319 4313 4318
f 4318 4313 4314
f 4318 4314 4317
f 4317 4314 4315
f 4317 4315 4316
f 4321 4322 4330
f 4330 4322 4329
f 4329 4322 4323
f 4329 4323 4328
f 4328 4323 4324
f 4328 4324 4327
f 4327 4324 4325
f 4327 4325 4326
f 4331 4332 4340
f 4340 4332 4339
f 4339 4332 4333
f 4339 4333 4338
f 4338 4333 4334
f 4338 4334 4337
f 4337 4334 4335
f 4337 4335 4336
f 4341 4342 4344
f 4344 4342 4343
f 4345 4346 4348
f 4348 4346 4347
f 4349 4350 4352
f 4352 4350 4351
f 4353 4354 4356
f 4356 4354 4355
f 4357 4358 4360
f 4360 4358 4359
f 4361 4362 4364
f 4364 4362 4363
f 4365 4366 4368
f 4368 4366 4367
f 4369 4370 4372
f 4372 4370 4371
f 4373 4374 4382
f 4382 4374 4381
f 4381 4374 4375
f 4381 4375 4380
f 4380 4375 4376
f 4380 4376 4379
f 4379 4376 4377
f 4379 4377 4378
f 4383 4384 4386
f 4386 4384 4385
f 4387 4388 4396
f 4396 4388 4395
f 4395 4388 4389
f 4395 4389 4394
f 4394 4389 4390
f 4394 4390 4393
f 4393 4390 4391
f 4393 4391 4392
f 4397 4398 4400
f 4400 4398 4399
f 4401 4402 4404
f 4404 4402 4403
f 4405 4406 4408
f 4408 4406 4407
f 4409 4410 4412
f 4412 4410 4411
f 4413 4414 4416
f 4416 4414 4415
f 4417 4418 4426
f 4426 4418 4425
f 4425 4418 4419
f 4425 4419 4424
f 4424 4419 4420
f 4424 4420 4423
f 4423 4420 4421
f 4423 4421 4422
f 4427 4428 4436
f 4436 4428 4435
f 4435 4428 4429
f 4435 4429 4434
f 4434 4429 4430
f 4434 4430 4433
f 4433 4430 4431
f 4433 4431 4432
f 4437 4438 4450
f 4450 4438 4449
f 4449 4438 4439
f 4449 4439 4448
f 4448 4439 4440
f 4448 4440 4447
f 4447 4440 4441
f 4447 4441 4446
f 4446 4441 4442
f 4446 4442 4445
f 4445 4442 4443
f 4445 4443 4444
f 4451 4452 4454
f 4454 4452 4453
f 4455 4456 4458
f 4458 4456 4457
f 4459 4460 4468
f 4468 4460 4467
f 4467 4460 4461
f 4467 4461 4466
f 4466 4461 4462
f 4466 4462 4465
f 4465 4462 4463
f 4465 4463 4464
f 4469 4470 4478
f 4478 4470 4477
f 4477 4470 4471
f 4477 4471 4476
f 4476 4471 4472
f 4476 4472 4475
f 4475 4472 4473
f 4475 4473 4474
f 4479 4480 4482
f 4482 4480 4481
f 4483 4484 4492
f 4492 4484 4491
f 4491 4484 4485
f 4491 4485 4490
f 4490 4485 4486
f 4490 4486 4489
f 4489 4486 4487
f 4489 4487 4488
f 4493 4494 4502
f 4502 4494 4501
f 4501 4494 4495
f 4501 4495 4500
f 4500 4495 4496
f 4500 4496 4499
f 4499 4496 4497
f 4499 4497 4498
f 4503 4504 4512
f 4512 4504 4511
f 4511 4504 4505
f 4511 4505 4510
f 4510 4505 4506
f 4510 4506 4509
f 4509 4506 4507
f 4509 4507 4508
f 4513 4514 4522
f 4522 4514 4521
f 4521 4514 4515
f 4521 4515 4520
f 4520 4515 4516
f 4520 4516 4519
f 4519 4516 4517
f 4519 4517 4518
f 4523 4524 4526
f 4526 4524 4525
