v -0.2478350067 0.085 -0.03999999724
v -0.2471027756 0.085 -0.03823222834
v -0.2453350067 0.085 -0.03749999724
v -0.2435672379 0.085 -0.03823222834
v -0.2428350067 0.085 -0.03999999724
v -0.2435672379 0.085 -0.04176776604
v -0.2453350067 0.085 -0.04249999724
v -0.2471027756 0.085 -0.04176776604
v -0.2533349991 0.085 -0.03999999724
v -0.2524186516 0.085 -0.04371778214
v -0.2498795128 0.085 -0.04658386904
v -0.2462992859 0.085 -0.04794167244
v -0.2424981689 0.085 -0.04748013214
v -0.2393469048 0.085 -0.04530498224
v -0.2375674629 0.085 -0.04191452704
v -0.2375674629 0.085 -0.03808547694
v -0.2393469048 0.085 -0.03469502174
v -0.2424981689 0.085 -0.03251987184
v -0.2462992859 0.085 -0.03205833154
v -0.2498795128 0.085 -0.03341612534
v -0.2524186516 0.085 -0.03628221234
v -0.2478350067 0.09 -0.03999999724
v -0.2471027756 0.09 -0.04176776604
v -0.2453350067 0.09 -0.04249999724
v -0.2435672379 0.09 -0.04176776604
v -0.2428350067 0.09 -0.03999999724
v -0.2435672379 0.09 -0.03823222834
v -0.2453350067 0.09 -0.03749999724
v -0.2471027756 0.09 -0.03823222834
v -0.2533349991 0.09 -0.03999999724
v -0.2524186516 0.09 -0.03628221234
v -0.2498795128 0.09 -0.03341612534
v -0.2462992859 0.09 -0.03205833154
v -0.2424981689 0.09 -0.03251987184
v -0.2393469048 0.09 -0.03469502174
v -0.2375674629 0.09 -0.03808547694
v -0.2375674629 0.09 -0.04191452704
v -0.2393469048 0.09 -0.04530498224
v -0.2424981689 0.09 -0.04748013214
v -0.2462992859 0.09 -0.04794167244
v -0.2498795128 0.09 -0.04658386904
v -0.2524186516 0.09 -0.04371778214
v -0.2478350067 0.09 -0.03999999724
v -0.2471027756 0.09 -0.03823222834
v -0.2453350067 0.09 -0.03749999724
v -0.2435672379 0.09 -0.03823222834
v -0.2428350067 0.09 -0.03999999724
v -0.2435672379 0.09 -0.04176776604
v -0.2453350067 0.09 -0.04249999724
v -0.2471027756 0.09 -0.04176776604
v -0.2478350067 0.085 -0.03999999724
v -0.2471027756 0.085 -0.04176776604
v -0.2453350067 0.085 -0.04249999724
v -0.2435672379 0.085 -0.04176776604
v -0.2428350067 0.085 -0.03999999724
v -0.2435672379 0.085 -0.03823222834
v -0.2453350067 0.085 -0.03749999724
v -0.2471027756 0.085 -0.03823222834
v -0.2478350067 0.09 -0.03999999724
v -0.2478350067 0.085 -0.03999999724
v -0.2533349991 0.09 -0.03999999724
v -0.2524186516 0.09 -0.04371778214
v -0.2498795128 0.09 -0.04658386904
v -0.2462992859 0.09 -0.04794167244
v -0.2424981689 0.09 -0.04748013214
v -0.2393469048 0.09 -0.04530498224
v -0.2375674629 0.09 -0.04191452704
v -0.2375674629 0.09 -0.03808547694
v -0.2393469048 0.09 -0.03469502174
v -0.2424981689 0.09 -0.03251987184
v -0.2462992859 0.09 -0.03205833154
v -0.2498795128 0.09 -0.03341612534
v -0.2524186516 0.09 -0.03628221234
v -0.2533349991 0.085 -0.03999999724
v -0.2524186516 0.085 -0.03628221234
v -0.2498795128 0.085 -0.03341612534
v -0.2462992859 0.085 -0.03205833154
v -0.2424981689 0.085 -0.03251987184
v -0.2393469048 0.085 -0.03469502174
v -0.2375674629 0.085 -0.03808547694
v -0.2375674629 0.085 -0.04191452704
v -0.2393469048 0.085 -0.04530498224
v -0.2424981689 0.085 -0.04748013214
v -0.2462992859 0.085 -0.04794167244
v -0.2498795128 0.085 -0.04658386904
v -0.2524186516 0.085 -0.04371778214
v -0.2533349991 0.085 -0.03999999724
v -0.2533349991 0.09 -0.03999999724
v -0.2533349991 0.09600000381 -0.03999999724
v -0.2524186516 0.09600000381 -0.04371778214
v -0.2498795128 0.09600000381 -0.04658386904
v -0.2462992859 0.09600000381 -0.04794167244
v -0.2424981689 0.09600000381 -0.04748013214
v -0.2393469048 0.09600000381 -0.04530498224
v -0.2375674629 0.09600000381 -0.04191452704
v -0.2375674629 0.09600000381 -0.03808547694
v -0.2393469048 0.09600000381 -0.03469502174
v -0.2424981689 0.09600000381 -0.03251987184
v -0.2462992859 0.09600000381 -0.03205833154
v -0.2498795128 0.09600000381 -0.03341612534
v -0.2524186516 0.09600000381 -0.03628221234
v -0.2533349991 0.09100000381 -0.03999999724
v -0.2524186516 0.09100000381 -0.03628221234
v -0.2498795128 0.09100000381 -0.03341612534
v -0.2462992859 0.09100000381 -0.03205833154
v -0.2424981689 0.09100000381 -0.03251987184
v -0.2393469048 0.09100000381 -0.03469502174
v -0.2375674629 0.09100000381 -0.03808547694
v -0.2375674629 0.09100000381 -0.04191452704
v -0.2393469048 0.09100000381 -0.04530498224
v -0.2424981689 0.09100000381 -0.04748013214
v -0.2462992859 0.09100000381 -0.04794167244
v -0.2498795128 0.09100000381 -0.04658386904
v -0.2524186516 0.09100000381 -0.04371778214
v -0.2533349991 0.09100000381 -0.03999999724
v -0.2533349991 0.09600000381 -0.03999999724
v -0.2478350067 0.09600000381 -0.03999999724
v -0.2471027756 0.09600000381 -0.03823222834
v -0.2453350067 0.09600000381 -0.03749999724
v -0.2435672379 0.09600000381 -0.03823222834
v -0.2428350067 0.09600000381 -0.03999999724
v -0.2435672379 0.09600000381 -0.04176776604
v -0.2453350067 0.09600000381 -0.04249999724
v -0.2471027756 0.09600000381 -0.04176776604
v -0.2478350067 0.09100000381 -0.03999999724
v -0.2471027756 0.09100000381 -0.04176776604
v -0.2453350067 0.09100000381 -0.04249999724
v -0.2435672379 0.09100000381 -0.04176776604
v -0.2428350067 0.09100000381 -0.03999999724
v -0.2435672379 0.09100000381 -0.03823222834
v -0.2453350067 0.09100000381 -0.03749999724
v -0.2471027756 0.09100000381 -0.03823222834
v -0.2478350067 0.09600000381 -0.03999999724
v -0.2478350067 0.09100000381 -0.03999999724
v -0.2478350067 0.09600000381 -0.03999999724
v -0.2471027756 0.09600000381 -0.04176776604
v -0.2453350067 0.09600000381 -0.04249999724
v -0.2435672379 0.09600000381 -0.04176776604
v -0.2428350067 0.09600000381 -0.03999999724
v -0.2435672379 0.09600000381 -0.03823222834
v -0.2453350067 0.09600000381 -0.03749999724
v -0.2471027756 0.09600000381 -0.03823222834
v -0.2533349991 0.09600000381 -0.03999999724
v -0.2524186516 0.09600000381 -0.03628221234
v -0.2498795128 0.09600000381 -0.03341612534
v -0.2462992859 0.09600000381 -0.03205833154
v -0.2424981689 0.09600000381 -0.03251987184
v -0.2393469048 0.09600000381 -0.03469502174
v -0.2375674629 0.09600000381 -0.03808547694
v -0.2375674629 0.09600000381 -0.04191452704
v -0.2393469048 0.09600000381 -0.04530498224
v -0.2424981689 0.09600000381 -0.04748013214
v -0.2462992859 0.09600000381 -0.04794167244
v -0.2498795128 0.09600000381 -0.04658386904
v -0.2524186516 0.09600000381 -0.04371778214
v -0.2478350067 0.09100000381 -0.03999999724
v -0.2471027756 0.09100000381 -0.03823222834
v -0.2453350067 0.09100000381 -0.03749999724
v -0.2435672379 0.09100000381 -0.03823222834
v -0.2428350067 0.09100000381 -0.03999999724
v -0.2435672379 0.09100000381 -0.04176776604
v -0.2453350067 0.09100000381 -0.04249999724
v -0.2471027756 0.09100000381 -0.04176776604
v -0.2533349991 0.09100000381 -0.03999999724
v -0.2524186516 0.09100000381 -0.04371778214
v -0.2498795128 0.09100000381 -0.04658386904
v -0.2462992859 0.09100000381 -0.04794167244
v -0.2424981689 0.09100000381 -0.04748013214
v -0.2393469048 0.09100000381 -0.04530498224
v -0.2375674629 0.09100000381 -0.04191452704
v -0.2375674629 0.09100000381 -0.03808547694
v -0.2393469048 0.09100000381 -0.03469502174
v -0.2424981689 0.09100000381 -0.03251987184
v -0.2462992859 0.09100000381 -0.03205833154
v -0.2498795128 0.09100000381 -0.03341612534
v -0.2524186516 0.09100000381 -0.03628221234
v -0.2478350067 0.09 -0.03999999724
v -0.2471027756 0.09 -0.03823222834
v -0.2453350067 0.09 -0.03749999724
v -0.2435672379 0.09 -0.03823222834
v -0.2428350067 0.09 -0.03999999724
v -0.2435672379 0.09 -0.04176776604
v -0.2453350067 0.09 -0.04249999724
v -0.2471027756 0.09 -0.04176776604
v -0.2503350067 0.09 -0.03999999724
v -0.2493800926 0.09 -0.04293892584
v -0.2468800926 0.09 -0.04475528444
v -0.2437899208 0.09 -0.04475528444
v -0.2412899208 0.09 -0.04293892584
v -0.2403350067 0.09 -0.03999999724
v -0.2412899208 0.09 -0.03706107814
v -0.2437899208 0.09 -0.03524471954
v -0.2468800926 0.09 -0.03524471954
v -0.2493800926 0.09 -0.03706107814
v -0.2478350067 0.09100000381 -0.03999999724
v -0.2471027756 0.09100000381 -0.03823222834
v -0.2453350067 0.09100000381 -0.03749999724
v -0.2435672379 0.09100000381 -0.03823222834
v -0.2428350067 0.09100000381 -0.03999999724
v -0.2435672379 0.09100000381 -0.04176776604
v -0.2453350067 0.09100000381 -0.04249999724
v -0.2471027756 0.09100000381 -0.04176776604
v -0.2478350067 0.09 -0.03999999724
v -0.2471027756 0.09 -0.04176776604
v -0.2453350067 0.09 -0.04249999724
v -0.2435672379 0.09 -0.04176776604
v -0.2428350067 0.09 -0.03999999724
v -0.2435672379 0.09 -0.03823222834
v -0.2453350067 0.09 -0.03749999724
v -0.2471027756 0.09 -0.03823222834
v -0.2478350067 0.09100000381 -0.03999999724
v -0.2478350067 0.09 -0.03999999724
v -0.2478350067 0.09100000381 -0.03999999724
v -0.2471027756 0.09100000381 -0.04176776604
v -0.2453350067 0.09100000381 -0.04249999724
v -0.2435672379 0.09100000381 -0.04176776604
v -0.2428350067 0.09100000381 -0.03999999724
v -0.2435672379 0.09100000381 -0.03823222834
v -0.2453350067 0.09100000381 -0.03749999724
v -0.2471027756 0.09100000381 -0.03823222834
v -0.2503350067 0.09100000381 -0.03999999724
v -0.2493800926 0.09100000381 -0.03706107814
v -0.2468800926 0.09100000381 -0.03524471954
v -0.2437899208 0.09100000381 -0.03524471954
v -0.2412899208 0.09100000381 -0.03706107814
v -0.2403350067 0.09100000381 -0.03999999724
v -0.2412899208 0.09100000381 -0.04293892584
v -0.2437899208 0.09100000381 -0.04475528444
v -0.2468800926 0.09100000381 -0.04475528444
v -0.2493800926 0.09100000381 -0.04293892584
v -0.2503350067 0.09100000381 -0.03999999724
v -0.2493800926 0.09100000381 -0.04293892584
v -0.2468800926 0.09100000381 -0.04475528444
v -0.2437899208 0.09100000381 -0.04475528444
v -0.2412899208 0.09100000381 -0.04293892584
v -0.2403350067 0.09100000381 -0.03999999724
v -0.2412899208 0.09100000381 -0.03706107814
v -0.2437899208 0.09100000381 -0.03524471954
v -0.2468800926 0.09100000381 -0.03524471954
v -0.2493800926 0.09100000381 -0.03706107814
v -0.2503350067 0.09 -0.03999999724
v -0.2493800926 0.09 -0.03706107814
v -0.2468800926 0.09 -0.03524471954
v -0.2437899208 0.09 -0.03524471954
v -0.2412899208 0.09 -0.03706107814
v -0.2403350067 0.09 -0.03999999724
v -0.2412899208 0.09 -0.04293892584
v -0.2437899208 0.09 -0.04475528444
v -0.2468800926 0.09 -0.04475528444
v -0.2493800926 0.09 -0.04293892584
v -0.2503350067 0.09 -0.03999999724
v -0.2503350067 0.09100000381 -0.03999999724
v -0.2478350067 0.085 -0.03999999724
v -0.2471027756 0.085 -0.04176776604
v -0.2453350067 0.085 -0.04249999724
v -0.2435672379 0.085 -0.04176776604
v -0.2428350067 0.085 -0.03999999724
v -0.2435672379 0.085 -0.03823222834
v -0.2453350067 0.085 -0.03749999724
v -0.2471027756 0.085 -0.03823222834
v -0.2503350067 0.085 -0.03999999724
v -0.2493800926 0.085 -0.03706107814
v -0.2468800926 0.085 -0.03524471954
v -0.2437899208 0.085 -0.03524471954
v -0.2412899208 0.085 -0.03706107814
v -0.2403350067 0.085 -0.03999999724
v -0.2412899208 0.085 -0.04293892584
v -0.2437899208 0.085 -0.04475528444
v -0.2468800926 0.085 -0.04475528444
v -0.2493800926 0.085 -0.04293892584
v -0.2478350067 0.085 -0.03999999724
v -0.2471027756 0.085 -0.03823222834
v -0.2453350067 0.085 -0.03749999724
v -0.2435672379 0.085 -0.03823222834
v -0.2428350067 0.085 -0.03999999724
v -0.2435672379 0.085 -0.04176776604
v -0.2453350067 0.085 -0.04249999724
v -0.2471027756 0.085 -0.04176776604
v -0.2478350067 0.08399999619 -0.03999999724
v -0.2471027756 0.08399999619 -0.04176776604
v -0.2453350067 0.08399999619 -0.04249999724
v -0.2435672379 0.08399999619 -0.04176776604
v -0.2428350067 0.08399999619 -0.03999999724
v -0.2435672379 0.08399999619 -0.03823222834
v -0.2453350067 0.08399999619 -0.03749999724
v -0.2471027756 0.08399999619 -0.03823222834
v -0.2478350067 0.085 -0.03999999724
v -0.2478350067 0.08399999619 -0.03999999724
v -0.2478350067 0.08399999619 -0.03999999724
v -0.2471027756 0.08399999619 -0.03823222834
v -0.2453350067 0.08399999619 -0.03749999724
v -0.2435672379 0.08399999619 -0.03823222834
v -0.2428350067 0.08399999619 -0.03999999724
v -0.2435672379 0.08399999619 -0.04176776604
v -0.2453350067 0.08399999619 -0.04249999724
v -0.2471027756 0.08399999619 -0.04176776604
v -0.2503350067 0.08399999619 -0.03999999724
v -0.2493800926 0.08399999619 -0.04293892584
v -0.2468800926 0.08399999619 -0.04475528444
v -0.2437899208 0.08399999619 -0.04475528444
v -0.2412899208 0.08399999619 -0.04293892584
v -0.2403350067 0.08399999619 -0.03999999724
v -0.2412899208 0.08399999619 -0.03706107814
v -0.2437899208 0.08399999619 -0.03524471954
v -0.2468800926 0.08399999619 -0.03524471954
v -0.2493800926 0.08399999619 -0.03706107814
v -0.2503350067 0.085 -0.03999999724
v -0.2493800926 0.085 -0.04293892584
v -0.2468800926 0.085 -0.04475528444
v -0.2437899208 0.085 -0.04475528444
v -0.2412899208 0.085 -0.04293892584
v -0.2403350067 0.085 -0.03999999724
v -0.2412899208 0.085 -0.03706107814
v -0.2437899208 0.085 -0.03524471954
v -0.2468800926 0.085 -0.03524471954
v -0.2493800926 0.085 -0.03706107814
v -0.2503350067 0.08399999619 -0.03999999724
v -0.2493800926 0.08399999619 -0.03706107814
v -0.2468800926 0.08399999619 -0.03524471954
v -0.2437899208 0.08399999619 -0.03524471954
v -0.2412899208 0.08399999619 -0.03706107814
v -0.2403350067 0.08399999619 -0.03999999724
v -0.2412899208 0.08399999619 -0.04293892584
v -0.2437899208 0.08399999619 -0.04475528444
v -0.2468800926 0.08399999619 -0.04475528444
v -0.2493800926 0.08399999619 -0.04293892584
v -0.2503350067 0.08399999619 -0.03999999724
v -0.2503350067 0.085 -0.03999999724
v -0.2478350067 0.09600000381 -0.03999999724
v -0.2471027756 0.09600000381 -0.03823222834
v -0.2453350067 0.09600000381 -0.03749999724
v -0.2435672379 0.09600000381 -0.03823222834
v -0.2428350067 0.09600000381 -0.03999999724
v -0.2435672379 0.09600000381 -0.04176776604
v -0.2453350067 0.09600000381 -0.04249999724
v -0.2471027756 0.09600000381 -0.04176776604
v -0.2503350067 0.09600000381 -0.03999999724
v -0.2493800926 0.09600000381 -0.04293892584
v -0.2468800926 0.09600000381 -0.04475528444
v -0.2437899208 0.09600000381 -0.04475528444
v -0.2412899208 0.09600000381 -0.04293892584
v -0.2403350067 0.09600000381 -0.03999999724
v -0.2412899208 0.09600000381 -0.03706107814
v -0.2437899208 0.09600000381 -0.03524471954
v -0.2468800926 0.09600000381 -0.03524471954
v -0.2493800926 0.09600000381 -0.03706107814
v -0.2503350067 0.09699999809 -0.03999999724
v -0.2493800926 0.09699999809 -0.04293892584
v -0.2468800926 0.09699999809 -0.04475528444
v -0.2437899208 0.09699999809 -0.04475528444
v -0.2412899208 0.09699999809 -0.04293892584
v -0.2403350067 0.09699999809 -0.03999999724
v -0.2412899208 0.09699999809 -0.03706107814
v -0.2437899208 0.09699999809 -0.03524471954
v -0.2468800926 0.09699999809 -0.03524471954
v -0.2493800926 0.09699999809 -0.03706107814
v -0.2503350067 0.09600000381 -0.03999999724
v -0.2493800926 0.09600000381 -0.03706107814
v -0.2468800926 0.09600000381 -0.03524471954
v -0.2437899208 0.09600000381 -0.03524471954
v -0.2412899208 0.09600000381 -0.03706107814
v -0.2403350067 0.09600000381 -0.03999999724
v -0.2412899208 0.09600000381 -0.04293892584
v -0.2437899208 0.09600000381 -0.04475528444
v -0.2468800926 0.09600000381 -0.04475528444
v -0.2493800926 0.09600000381 -0.04293892584
v -0.2503350067 0.09600000381 -0.03999999724
v -0.2503350067 0.09699999809 -0.03999999724
v -0.2478350067 0.09699999809 -0.03999999724
v -0.2471027756 0.09699999809 -0.03823222834
v -0.2453350067 0.09699999809 -0.03749999724
v -0.2435672379 0.09699999809 -0.03823222834
v -0.2428350067 0.09699999809 -0.03999999724
v -0.2435672379 0.09699999809 -0.04176776604
v -0.2453350067 0.09699999809 -0.04249999724
v -0.2471027756 0.09699999809 -0.04176776604
v -0.2478350067 0.09600000381 -0.03999999724
v -0.2471027756 0.09600000381 -0.04176776604
v -0.2453350067 0.09600000381 -0.04249999724
v -0.2435672379 0.09600000381 -0.04176776604
v -0.2428350067 0.09600000381 -0.03999999724
v -0.2435672379 0.09600000381 -0.03823222834
v -0.2453350067 0.09600000381 -0.03749999724
v -0.2471027756 0.09600000381 -0.03823222834
v -0.2478350067 0.09699999809 -0.03999999724
v -0.2478350067 0.09600000381 -0.03999999724
v -0.2478350067 0.09699999809 -0.03999999724
v -0.2471027756 0.09699999809 -0.04176776604
v -0.2453350067 0.09699999809 -0.04249999724
v -0.2435672379 0.09699999809 -0.04176776604
v -0.2428350067 0.09699999809 -0.03999999724
v -0.2435672379 0.09699999809 -0.03823222834
v -0.2453350067 0.09699999809 -0.03749999724
v -0.2471027756 0.09699999809 -0.03823222834
v -0.2503350067 0.09699999809 -0.03999999724
v -0.2493800926 0.09699999809 -0.03706107814
v -0.2468800926 0.09699999809 -0.03524471954
v -0.2437899208 0.09699999809 -0.03524471954
v -0.2412899208 0.09699999809 -0.03706107814
v -0.2403350067 0.09699999809 -0.03999999724
v -0.2412899208 0.09699999809 -0.04293892584
v -0.2437899208 0.09699999809 -0.04475528444
v -0.2468800926 0.09699999809 -0.04475528444
v -0.2493800926 0.09699999809 -0.04293892584
v -0.2480850029 0.07300000191 -0.03999999724
v -0.2472795486 0.07300000191 -0.03805545534
v -0.2453350067 0.07300000191 -0.03725000104
v -0.2433904648 0.07300000191 -0.03805545534
v -0.2425849915 0.07300000191 -0.03999999724
v -0.2433904648 0.07300000191 -0.04194453914
v -0.2453350067 0.07300000191 -0.04275000294
v -0.2472795486 0.07300000191 -0.04194453914
v -0.2480850029 0.07199999809 -0.03999999724
v -0.2472795486 0.07199999809 -0.04194453914
v -0.2453350067 0.07199999809 -0.04275000294
v -0.2433904648 0.07199999809 -0.04194453914
v -0.2425849915 0.07199999809 -0.03999999724
v -0.2433904648 0.07199999809 -0.03805545534
v -0.2453350067 0.07199999809 -0.03725000104
v -0.2472795486 0.07199999809 -0.03805545534
v -0.2480850029 0.07300000191 -0.03999999724
v -0.2480850029 0.07199999809 -0.03999999724
v -0.2480850029 0.07300000191 -0.03999999724
v -0.2472795486 0.07300000191 -0.04194453914
v -0.2453350067 0.07300000191 -0.04275000294
v -0.2433904648 0.07300000191 -0.04194453914
v -0.2425849915 0.07300000191 -0.03999999724
v -0.2433904648 0.07300000191 -0.03805545534
v -0.2453350067 0.07300000191 -0.03725000104
v -0.2472795486 0.07300000191 -0.03805545534
v -0.2503350067 0.07300000191 -0.03999999724
v -0.2493800926 0.07300000191 -0.03706107814
v -0.2468800926 0.07300000191 -0.03524471954
v -0.2437899208 0.07300000191 -0.03524471954
v -0.2412899208 0.07300000191 -0.03706107814
v -0.2403350067 0.07300000191 -0.03999999724
v -0.2412899208 0.07300000191 -0.04293892584
v -0.2437899208 0.07300000191 -0.04475528444
v -0.2468800926 0.07300000191 -0.04475528444
v -0.2493800926 0.07300000191 -0.04293892584
v -0.2503350067 0.07300000191 -0.03999999724
v -0.2493800926 0.07300000191 -0.04293892584
v -0.2468800926 0.07300000191 -0.04475528444
v -0.2437899208 0.07300000191 -0.04475528444
v -0.2412899208 0.07300000191 -0.04293892584
v -0.2403350067 0.07300000191 -0.03999999724
v -0.2412899208 0.07300000191 -0.03706107814
v -0.2437899208 0.07300000191 -0.03524471954
v -0.2468800926 0.07300000191 -0.03524471954
v -0.2493800926 0.07300000191 -0.03706107814
v -0.2503350067 0.07199999809 -0.03999999724
v -0.2493800926 0.07199999809 -0.03706107814
v -0.2468800926 0.07199999809 -0.03524471954
v -0.2437899208 0.07199999809 -0.03524471954
v -0.2412899208 0.07199999809 -0.03706107814
v -0.2403350067 0.07199999809 -0.03999999724
v -0.2412899208 0.07199999809 -0.04293892584
v -0.2437899208 0.07199999809 -0.04475528444
v -0.2468800926 0.07199999809 -0.04475528444
v -0.2493800926 0.07199999809 -0.04293892584
v -0.2503350067 0.07199999809 -0.03999999724
v -0.2503350067 0.07300000191 -0.03999999724
v -0.2480850029 0.07199999809 -0.03999999724
v -0.2472795486 0.07199999809 -0.03805545534
v -0.2453350067 0.07199999809 -0.03725000104
v -0.2433904648 0.07199999809 -0.03805545534
v -0.2425849915 0.07199999809 -0.03999999724
v -0.2433904648 0.07199999809 -0.04194453914
v -0.2453350067 0.07199999809 -0.04275000294
v -0.2472795486 0.07199999809 -0.04194453914
v -0.2503350067 0.07199999809 -0.03999999724
v -0.2493800926 0.07199999809 -0.04293892584
v -0.2468800926 0.07199999809 -0.04475528444
v -0.2437899208 0.07199999809 -0.04475528444
v -0.2412899208 0.07199999809 -0.04293892584
v -0.2403350067 0.07199999809 -0.03999999724
v -0.2412899208 0.07199999809 -0.03706107814
v -0.2437899208 0.07199999809 -0.03524471954
v -0.2468800926 0.07199999809 -0.03524471954
v -0.2493800926 0.07199999809 -0.03706107814
v -0.2430256081 0.06699999809 -0.03999999724
v -0.2441802979 0.06699999809 -0.03799999914
v -0.2441802979 0.06949999809 -0.03799999914
v -0.2430256081 0.06949999809 -0.03999999724
v -0.2464896965 0.06699999809 -0.04199999534
v -0.2441802979 0.06699999809 -0.04199999534
v -0.2441802979 0.06949999809 -0.04199999534
v -0.2464896965 0.06949999809 -0.04199999534
v -0.2430256081 0.06949999809 -0.03999999724
v -0.2441802979 0.06949999809 -0.03799999914
v -0.2464896965 0.06949999809 -0.03799999914
v -0.2476444054 0.06949999809 -0.03999999724
v -0.2464896965 0.06949999809 -0.04199999534
v -0.2441802979 0.06949999809 -0.04199999534
v -0.2441802979 0.06699999809 -0.04199999534
v -0.2430256081 0.06699999809 -0.03999999724
v -0.2430256081 0.06949999809 -0.03999999724
v -0.2441802979 0.06949999809 -0.04199999534
v -0.2476444054 0.06699999809 -0.03999999724
v -0.2464896965 0.06699999809 -0.04199999534
v -0.2464896965 0.06949999809 -0.04199999534
v -0.2476444054 0.06949999809 -0.03999999724
v -0.2441802979 0.06699999809 -0.03799999914
v -0.2464896965 0.06699999809 -0.03799999914
v -0.2464896965 0.06949999809 -0.03799999914
v -0.2441802979 0.06949999809 -0.03799999914
v -0.2464896965 0.06699999809 -0.03799999914
v -0.2476444054 0.06699999809 -0.03999999724
v -0.2476444054 0.06949999809 -0.03999999724
v -0.2464896965 0.06949999809 -0.03799999914
v -0.2478350067 0.1069999981 -0.03999999724
v -0.2471027756 0.1069999981 -0.03823222834
v -0.2453350067 0.1069999981 -0.03749999724
v -0.2435672379 0.1069999981 -0.03823222834
v -0.2428350067 0.1069999981 -0.03999999724
v -0.2435672379 0.1069999981 -0.04176776604
v -0.2453350067 0.1069999981 -0.04249999724
v -0.2471027756 0.1069999981 -0.04176776604
v -0.2478350067 0.1069999981 -0.03999999724
v -0.2471027756 0.1069999981 -0.04176776604
v -0.2453350067 0.1069999981 -0.04249999724
v -0.2435672379 0.1069999981 -0.04176776604
v -0.2428350067 0.1069999981 -0.03999999724
v -0.2435672379 0.1069999981 -0.03823222834
v -0.2453350067 0.1069999981 -0.03749999724
v -0.2471027756 0.1069999981 -0.03823222834
v -0.2478350067 0.07199999809 -0.03999999724
v -0.2471027756 0.07199999809 -0.03823222834
v -0.2453350067 0.07199999809 -0.03749999724
v -0.2435672379 0.07199999809 -0.03823222834
v -0.2428350067 0.07199999809 -0.03999999724
v -0.2435672379 0.07199999809 -0.04176776604
v -0.2453350067 0.07199999809 -0.04249999724
v -0.2471027756 0.07199999809 -0.04176776604
v -0.2478350067 0.07199999809 -0.03999999724
v -0.2478350067 0.1069999981 -0.03999999724
v -0.2495849991 0.07199999809 -0.03999999724
v -0.2487733269 0.07199999809 -0.03750191414
v -0.2466483307 0.07199999809 -0.03595801074
v -0.2440216827 0.07199999809 -0.03595801074
v -0.2418966866 0.07199999809 -0.03750191414
v -0.2410849953 0.07199999809 -0.03999999724
v -0.2418966866 0.07199999809 -0.04249808984
v -0.2440216827 0.07199999809 -0.04404199324
v -0.2466483307 0.07199999809 -0.04404199324
v -0.2487733269 0.07199999809 -0.04249808984
v -0.2478350067 0.07199999809 -0.03999999724
v -0.2471027756 0.07199999809 -0.04176776604
v -0.2453350067 0.07199999809 -0.04249999724
v -0.2435672379 0.07199999809 -0.04176776604
v -0.2428350067 0.07199999809 -0.03999999724
v -0.2435672379 0.07199999809 -0.03823222834
v -0.2453350067 0.07199999809 -0.03749999724
v -0.2471027756 0.07199999809 -0.03823222834
v -0.2495849991 0.07199999809 -0.03999999724
v -0.2487733269 0.07199999809 -0.04249808984
v -0.2466483307 0.07199999809 -0.04404199324
v -0.2440216827 0.07199999809 -0.04404199324
v -0.2418966866 0.07199999809 -0.04249808984
v -0.2410849953 0.07199999809 -0.03999999724
v -0.2418966866 0.07199999809 -0.03750191414
v -0.2440216827 0.07199999809 -0.03595801074
v -0.2466483307 0.07199999809 -0.03595801074
v -0.2487733269 0.07199999809 -0.03750191414
v -0.2495849991 0.06699999809 -0.03999999724
v -0.2487733269 0.06699999809 -0.03750191414
v -0.2466483307 0.06699999809 -0.03595801074
v -0.2440216827 0.06699999809 -0.03595801074
v -0.2418966866 0.06699999809 -0.03750191414
v -0.2410849953 0.06699999809 -0.03999999724
v -0.2418966866 0.06699999809 -0.04249808984
v -0.2440216827 0.06699999809 -0.04404199324
v -0.2466483307 0.06699999809 -0.04404199324
v -0.2487733269 0.06699999809 -0.04249808984
v -0.2495849991 0.06699999809 -0.03999999724
v -0.2495849991 0.07199999809 -0.03999999724
v -0.2464896965 0.06699999809 -0.03799999914
v -0.2441802979 0.06699999809 -0.03799999914
v -0.2430256081 0.06699999809 -0.03999999724
v -0.2441802979 0.06699999809 -0.04199999534
v -0.2464896965 0.06699999809 -0.04199999534
v -0.2476444054 0.06699999809 -0.03999999724
v -0.2495849991 0.06699999809 -0.03999999724
v -0.2487733269 0.06699999809 -0.04249808984
v -0.2466483307 0.06699999809 -0.04404199324
v -0.2440216827 0.06699999809 -0.04404199324
v -0.2418966866 0.06699999809 -0.04249808984
v -0.2410849953 0.06699999809 -0.03999999724
v -0.2418966866 0.06699999809 -0.03750191414
v -0.2440216827 0.06699999809 -0.03595801074
v -0.2466483307 0.06699999809 -0.03595801074
v -0.2487733269 0.06699999809 -0.03750191414
v -0.2430256081 0.09699999809 -0.03600000104
v -0.2407161903 0.09699999809 -0.03999999724
v -0.2407161903 0.1019999981 -0.03999999724
v -0.2430256081 0.1019999981 -0.03600000104
v -0.2478350067 0.1019999981 -0.03999999724
v -0.2471027756 0.1019999981 -0.03823222834
v -0.2453350067 0.1019999981 -0.03749999724
v -0.2435672379 0.1019999981 -0.03823222834
v -0.2428350067 0.1019999981 -0.03999999724
v -0.2435672379 0.1019999981 -0.04176776604
v -0.2453350067 0.1019999981 -0.04249999724
v -0.2471027756 0.1019999981 -0.04176776604
v -0.2478350067 0.09699999809 -0.03999999724
v -0.2471027756 0.09699999809 -0.04176776604
v -0.2453350067 0.09699999809 -0.04249999724
v -0.2435672379 0.09699999809 -0.04176776604
v -0.2428350067 0.09699999809 -0.03999999724
v -0.2435672379 0.09699999809 -0.03823222834
v -0.2453350067 0.09699999809 -0.03749999724
v -0.2471027756 0.09699999809 -0.03823222834
v -0.2478350067 0.1019999981 -0.03999999724
v -0.2478350067 0.09699999809 -0.03999999724
v -0.2478350067 0.09699999809 -0.03999999724
v -0.2471027756 0.09699999809 -0.03823222834
v -0.2453350067 0.09699999809 -0.03749999724
v -0.2435672379 0.09699999809 -0.03823222834
v -0.2428350067 0.09699999809 -0.03999999724
v -0.2435672379 0.09699999809 -0.04176776604
v -0.2453350067 0.09699999809 -0.04249999724
v -0.2471027756 0.09699999809 -0.04176776604
v -0.2407161903 0.09699999809 -0.03999999724
v -0.2430256081 0.09699999809 -0.03600000104
v -0.2476444054 0.09699999809 -0.03600000104
v -0.249953804 0.09699999809 -0.03999999724
v -0.2476444054 0.09699999809 -0.04400000294
v -0.2430256081 0.09699999809 -0.04400000294
v -0.2478350067 0.1019999981 -0.03999999724
v -0.2471027756 0.1019999981 -0.04176776604
v -0.2453350067 0.1019999981 -0.04249999724
v -0.2435672379 0.1019999981 -0.04176776604
v -0.2428350067 0.1019999981 -0.03999999724
v -0.2435672379 0.1019999981 -0.03823222834
v -0.2453350067 0.1019999981 -0.03749999724
v -0.2471027756 0.1019999981 -0.03823222834
v -0.2430256081 0.1019999981 -0.03600000104
v -0.2407161903 0.1019999981 -0.03999999724
v -0.2430256081 0.1019999981 -0.04400000294
v -0.2476444054 0.1019999981 -0.04400000294
v -0.249953804 0.1019999981 -0.03999999724
v -0.2476444054 0.1019999981 -0.03600000104
v -0.2476444054 0.09699999809 -0.04400000294
v -0.249953804 0.09699999809 -0.03999999724
v -0.249953804 0.1019999981 -0.03999999724
v -0.2476444054 0.1019999981 -0.04400000294
v -0.2476444054 0.09699999809 -0.03600000104
v -0.2430256081 0.09699999809 -0.03600000104
v -0.2430256081 0.1019999981 -0.03600000104
v -0.2476444054 0.1019999981 -0.03600000104
v -0.2430256081 0.09699999809 -0.04400000294
v -0.2476444054 0.09699999809 -0.04400000294
v -0.2476444054 0.1019999981 -0.04400000294
v -0.2430256081 0.1019999981 -0.04400000294
v -0.2407161903 0.09699999809 -0.03999999724
v -0.2430256081 0.09699999809 -0.04400000294
v -0.2430256081 0.1019999981 -0.04400000294
v -0.2407161903 0.1019999981 -0.03999999724
v -0.249953804 0.09699999809 -0.03999999724
v -0.2476444054 0.09699999809 -0.03600000104
v -0.2476444054 0.1019999981 -0.03600000104
v -0.249953804 0.1019999981 -0.03999999724
v -0.2533349991 0.09 0.04000000276
v -0.2524186516 0.09 0.03628221786
v -0.2498795128 0.09 0.03341612136
v -0.2462992859 0.09 0.03205833716
v -0.2424981689 0.09 0.03251987736
v -0.2393469048 0.09 0.03469501776
v -0.2375674629 0.09 0.03808548256
v -0.2375674629 0.09 0.04191452306
v -0.2393469048 0.09 0.04530498786
v -0.2424981689 0.09 0.04748012816
v -0.2462992859 0.09 0.04794166846
v -0.2498795128 0.09 0.04658386506
v -0.2524186516 0.09 0.04371778766
v -0.2533349991 0.085 0.04000000276
v -0.2524186516 0.085 0.04371778766
v -0.2498795128 0.085 0.04658386506
v -0.2462992859 0.085 0.04794166846
v -0.2424981689 0.085 0.04748012816
v -0.2393469048 0.085 0.04530498786
v -0.2375674629 0.085 0.04191452306
v -0.2375674629 0.085 0.03808548256
v -0.2393469048 0.085 0.03469501776
v -0.2424981689 0.085 0.03251987736
v -0.2462992859 0.085 0.03205833716
v -0.2498795128 0.085 0.03341612136
v -0.2524186516 0.085 0.03628221786
v -0.2533349991 0.085 0.04000000276
v -0.2533349991 0.09 0.04000000276
v -0.2478350067 0.085 0.04000000276
v -0.2471027756 0.085 0.04176777166
v -0.2453350067 0.085 0.04250000276
v -0.2435672379 0.085 0.04176777166
v -0.2428350067 0.085 0.04000000276
v -0.2435672379 0.085 0.03823223396
v -0.2453350067 0.085 0.03750000276
v -0.2471027756 0.085 0.03823223396
v -0.2533349991 0.085 0.04000000276
v -0.2524186516 0.085 0.03628221786
v -0.2498795128 0.085 0.03341612136
v -0.2462992859 0.085 0.03205833716
v -0.2424981689 0.085 0.03251987736
v -0.2393469048 0.085 0.03469501776
v -0.2375674629 0.085 0.03808548256
v -0.2375674629 0.085 0.04191452306
v -0.2393469048 0.085 0.04530498786
v -0.2424981689 0.085 0.04748012816
v -0.2462992859 0.085 0.04794166846
v -0.2498795128 0.085 0.04658386506
v -0.2524186516 0.085 0.04371778766
v -0.2478350067 0.09 0.04000000276
v -0.2471027756 0.09 0.03823223396
v -0.2453350067 0.09 0.03750000276
v -0.2435672379 0.09 0.03823223396
v -0.2428350067 0.09 0.04000000276
v -0.2435672379 0.09 0.04176777166
v -0.2453350067 0.09 0.04250000276
v -0.2471027756 0.09 0.04176777166
v -0.2533349991 0.09 0.04000000276
v -0.2524186516 0.09 0.04371778766
v -0.2498795128 0.09 0.04658386506
v -0.2462992859 0.09 0.04794166846
v -0.2424981689 0.09 0.04748012816
v -0.2393469048 0.09 0.04530498786
v -0.2375674629 0.09 0.04191452306
v -0.2375674629 0.09 0.03808548256
v -0.2393469048 0.09 0.03469501776
v -0.2424981689 0.09 0.03251987736
v -0.2462992859 0.09 0.03205833716
v -0.2498795128 0.09 0.03341612136
v -0.2524186516 0.09 0.03628221786
v -0.2478350067 0.09 0.04000000276
v -0.2471027756 0.09 0.04176777166
v -0.2453350067 0.09 0.04250000276
v -0.2435672379 0.09 0.04176777166
v -0.2428350067 0.09 0.04000000276
v -0.2435672379 0.09 0.03823223396
v -0.2453350067 0.09 0.03750000276
v -0.2471027756 0.09 0.03823223396
v -0.2478350067 0.085 0.04000000276
v -0.2471027756 0.085 0.03823223396
v -0.2453350067 0.085 0.03750000276
v -0.2435672379 0.085 0.03823223396
v -0.2428350067 0.085 0.04000000276
v -0.2435672379 0.085 0.04176777166
v -0.2453350067 0.085 0.04250000276
v -0.2471027756 0.085 0.04176777166
v -0.2478350067 0.09 0.04000000276
v -0.2478350067 0.085 0.04000000276
v -0.2533349991 0.09600000381 0.04000000276
v -0.2524186516 0.09600000381 0.03628221786
v -0.2498795128 0.09600000381 0.03341612136
v -0.2462992859 0.09600000381 0.03205833716
v -0.2424981689 0.09600000381 0.03251987736
v -0.2393469048 0.09600000381 0.03469501776
v -0.2375674629 0.09600000381 0.03808548256
v -0.2375674629 0.09600000381 0.04191452306
v -0.2393469048 0.09600000381 0.04530498786
v -0.2424981689 0.09600000381 0.04748012816
v -0.2462992859 0.09600000381 0.04794166846
v -0.2498795128 0.09600000381 0.04658386506
v -0.2524186516 0.09600000381 0.04371778766
v -0.2533349991 0.09100000381 0.04000000276
v -0.2524186516 0.09100000381 0.04371778766
v -0.2498795128 0.09100000381 0.04658386506
v -0.2462992859 0.09100000381 0.04794166846
v -0.2424981689 0.09100000381 0.04748012816
v -0.2393469048 0.09100000381 0.04530498786
v -0.2375674629 0.09100000381 0.04191452306
v -0.2375674629 0.09100000381 0.03808548256
v -0.2393469048 0.09100000381 0.03469501776
v -0.2424981689 0.09100000381 0.03251987736
v -0.2462992859 0.09100000381 0.03205833716
v -0.2498795128 0.09100000381 0.03341612136
v -0.2524186516 0.09100000381 0.03628221786
v -0.2533349991 0.09100000381 0.04000000276
v -0.2533349991 0.09600000381 0.04000000276
v -0.2478350067 0.09600000381 0.04000000276
v -0.2471027756 0.09600000381 0.04176777166
v -0.2453350067 0.09600000381 0.04250000276
v -0.2435672379 0.09600000381 0.04176777166
v -0.2428350067 0.09600000381 0.04000000276
v -0.2435672379 0.09600000381 0.03823223396
v -0.2453350067 0.09600000381 0.03750000276
v -0.2471027756 0.09600000381 0.03823223396
v -0.2478350067 0.09100000381 0.04000000276
v -0.2471027756 0.09100000381 0.03823223396
v -0.2453350067 0.09100000381 0.03750000276
v -0.2435672379 0.09100000381 0.03823223396
v -0.2428350067 0.09100000381 0.04000000276
v -0.2435672379 0.09100000381 0.04176777166
v -0.2453350067 0.09100000381 0.04250000276
v -0.2471027756 0.09100000381 0.04176777166
v -0.2478350067 0.09600000381 0.04000000276
v -0.2478350067 0.09100000381 0.04000000276
v -0.2478350067 0.09600000381 0.04000000276
v -0.2471027756 0.09600000381 0.03823223396
v -0.2453350067 0.09600000381 0.03750000276
v -0.2435672379 0.09600000381 0.03823223396
v -0.2428350067 0.09600000381 0.04000000276
v -0.2435672379 0.09600000381 0.04176777166
v -0.2453350067 0.09600000381 0.04250000276
v -0.2471027756 0.09600000381 0.04176777166
v -0.2533349991 0.09600000381 0.04000000276
v -0.2524186516 0.09600000381 0.04371778766
v -0.2498795128 0.09600000381 0.04658386506
v -0.2462992859 0.09600000381 0.04794166846
v -0.2424981689 0.09600000381 0.04748012816
v -0.2393469048 0.09600000381 0.04530498786
v -0.2375674629 0.09600000381 0.04191452306
v -0.2375674629 0.09600000381 0.03808548256
v -0.2393469048 0.09600000381 0.03469501776
v -0.2424981689 0.09600000381 0.03251987736
v -0.2462992859 0.09600000381 0.03205833716
v -0.2498795128 0.09600000381 0.03341612136
v -0.2524186516 0.09600000381 0.03628221786
v -0.2478350067 0.09100000381 0.04000000276
v -0.2471027756 0.09100000381 0.04176777166
v -0.2453350067 0.09100000381 0.04250000276
v -0.2435672379 0.09100000381 0.04176777166
v -0.2428350067 0.09100000381 0.04000000276
v -0.2435672379 0.09100000381 0.03823223396
v -0.2453350067 0.09100000381 0.03750000276
v -0.2471027756 0.09100000381 0.03823223396
v -0.2533349991 0.09100000381 0.04000000276
v -0.2524186516 0.09100000381 0.03628221786
v -0.2498795128 0.09100000381 0.03341612136
v -0.2462992859 0.09100000381 0.03205833716
v -0.2424981689 0.09100000381 0.03251987736
v -0.2393469048 0.09100000381 0.03469501776
v -0.2375674629 0.09100000381 0.03808548256
v -0.2375674629 0.09100000381 0.04191452306
v -0.2393469048 0.09100000381 0.04530498786
v -0.2424981689 0.09100000381 0.04748012816
v -0.2462992859 0.09100000381 0.04794166846
v -0.2498795128 0.09100000381 0.04658386506
v -0.2524186516 0.09100000381 0.04371778766
v -0.2478350067 0.09100000381 0.04000000276
v -0.2471027756 0.09100000381 0.04176777166
v -0.2453350067 0.09100000381 0.04250000276
v -0.2435672379 0.09100000381 0.04176777166
v -0.2428350067 0.09100000381 0.04000000276
v -0.2435672379 0.09100000381 0.03823223396
v -0.2453350067 0.09100000381 0.03750000276
v -0.2471027756 0.09100000381 0.03823223396
v -0.2478350067 0.09 0.04000000276
v -0.2471027756 0.09 0.03823223396
v -0.2453350067 0.09 0.03750000276
v -0.2435672379 0.09 0.03823223396
v -0.2428350067 0.09 0.04000000276
v -0.2435672379 0.09 0.04176777166
v -0.2453350067 0.09 0.04250000276
v -0.2471027756 0.09 0.04176777166
v -0.2478350067 0.09100000381 0.04000000276
v -0.2478350067 0.09 0.04000000276
v -0.2478350067 0.09 0.04000000276
v -0.2471027756 0.09 0.04176777166
v -0.2453350067 0.09 0.04250000276
v -0.2435672379 0.09 0.04176777166
v -0.2428350067 0.09 0.04000000276
v -0.2435672379 0.09 0.03823223396
v -0.2453350067 0.09 0.03750000276
v -0.2471027756 0.09 0.03823223396
v -0.2503350067 0.09 0.04000000276
v -0.2493800926 0.09 0.03706106466
v -0.2468800926 0.09 0.03524471556
v -0.2437899208 0.09 0.03524471556
v -0.2412899208 0.09 0.03706106466
v -0.2403350067 0.09 0.04000000276
v -0.2412899208 0.09 0.04293892186
v -0.2437899208 0.09 0.04475528996
v -0.2468800926 0.09 0.04475528996
v -0.2493800926 0.09 0.04293892186
v -0.2478350067 0.09100000381 0.04000000276
v -0.2471027756 0.09100000381 0.03823223396
v -0.2453350067 0.09100000381 0.03750000276
v -0.2435672379 0.09100000381 0.03823223396
v -0.2428350067 0.09100000381 0.04000000276
v -0.2435672379 0.09100000381 0.04176777166
v -0.2453350067 0.09100000381 0.04250000276
v -0.2471027756 0.09100000381 0.04176777166
v -0.2503350067 0.09100000381 0.04000000276
v -0.2493800926 0.09100000381 0.04293892186
v -0.2468800926 0.09100000381 0.04475528996
v -0.2437899208 0.09100000381 0.04475528996
v -0.2412899208 0.09100000381 0.04293892186
v -0.2403350067 0.09100000381 0.04000000276
v -0.2412899208 0.09100000381 0.03706106466
v -0.2437899208 0.09100000381 0.03524471556
v -0.2468800926 0.09100000381 0.03524471556
v -0.2493800926 0.09100000381 0.03706106466
v -0.2503350067 0.09100000381 0.04000000276
v -0.2493800926 0.09100000381 0.03706106466
v -0.2468800926 0.09100000381 0.03524471556
v -0.2437899208 0.09100000381 0.03524471556
v -0.2412899208 0.09100000381 0.03706106466
v -0.2403350067 0.09100000381 0.04000000276
v -0.2412899208 0.09100000381 0.04293892186
v -0.2437899208 0.09100000381 0.04475528996
v -0.2468800926 0.09100000381 0.04475528996
v -0.2493800926 0.09100000381 0.04293892186
v -0.2503350067 0.09 0.04000000276
v -0.2493800926 0.09 0.04293892186
v -0.2468800926 0.09 0.04475528996
v -0.2437899208 0.09 0.04475528996
v -0.2412899208 0.09 0.04293892186
v -0.2403350067 0.09 0.04000000276
v -0.2412899208 0.09 0.03706106466
v -0.2437899208 0.09 0.03524471556
v -0.2468800926 0.09 0.03524471556
v -0.2493800926 0.09 0.03706106466
v -0.2503350067 0.09 0.04000000276
v -0.2503350067 0.09100000381 0.04000000276
v -0.2503350067 0.085 0.04000000276
v -0.2493800926 0.085 0.03706106466
v -0.2468800926 0.085 0.03524471556
v -0.2437899208 0.085 0.03524471556
v -0.2412899208 0.085 0.03706106466
v -0.2403350067 0.085 0.04000000276
v -0.2412899208 0.085 0.04293892186
v -0.2437899208 0.085 0.04475528996
v -0.2468800926 0.085 0.04475528996
v -0.2493800926 0.085 0.04293892186
v -0.2503350067 0.08399999619 0.04000000276
v -0.2493800926 0.08399999619 0.04293892186
v -0.2468800926 0.08399999619 0.04475528996
v -0.2437899208 0.08399999619 0.04475528996
v -0.2412899208 0.08399999619 0.04293892186
v -0.2403350067 0.08399999619 0.04000000276
v -0.2412899208 0.08399999619 0.03706106466
v -0.2437899208 0.08399999619 0.03524471556
v -0.2468800926 0.08399999619 0.03524471556
v -0.2493800926 0.08399999619 0.03706106466
v -0.2503350067 0.08399999619 0.04000000276
v -0.2503350067 0.085 0.04000000276
v -0.2478350067 0.08399999619 0.04000000276
v -0.2471027756 0.08399999619 0.04176777166
v -0.2453350067 0.08399999619 0.04250000276
v -0.2435672379 0.08399999619 0.04176777166
v -0.2428350067 0.08399999619 0.04000000276
v -0.2435672379 0.08399999619 0.03823223396
v -0.2453350067 0.08399999619 0.03750000276
v -0.2471027756 0.08399999619 0.03823223396
v -0.2503350067 0.08399999619 0.04000000276
v -0.2493800926 0.08399999619 0.03706106466
v -0.2468800926 0.08399999619 0.03524471556
v -0.2437899208 0.08399999619 0.03524471556
v -0.2412899208 0.08399999619 0.03706106466
v -0.2403350067 0.08399999619 0.04000000276
v -0.2412899208 0.08399999619 0.04293892186
v -0.2437899208 0.08399999619 0.04475528996
v -0.2468800926 0.08399999619 0.04475528996
v -0.2493800926 0.08399999619 0.04293892186
v -0.2478350067 0.085 0.04000000276
v -0.2471027756 0.085 0.03823223396
v -0.2453350067 0.085 0.03750000276
v -0.2435672379 0.085 0.03823223396
v -0.2428350067 0.085 0.04000000276
v -0.2435672379 0.085 0.04176777166
v -0.2453350067 0.085 0.04250000276
v -0.2471027756 0.085 0.04176777166
v -0.2503350067 0.085 0.04000000276
v -0.2493800926 0.085 0.04293892186
v -0.2468800926 0.085 0.04475528996
v -0.2437899208 0.085 0.04475528996
v -0.2412899208 0.085 0.04293892186
v -0.2403350067 0.085 0.04000000276
v -0.2412899208 0.085 0.03706106466
v -0.2437899208 0.085 0.03524471556
v -0.2468800926 0.085 0.03524471556
v -0.2493800926 0.085 0.03706106466
v -0.2478350067 0.085 0.04000000276
v -0.2471027756 0.085 0.04176777166
v -0.2453350067 0.085 0.04250000276
v -0.2435672379 0.085 0.04176777166
v -0.2428350067 0.085 0.04000000276
v -0.2435672379 0.085 0.03823223396
v -0.2453350067 0.085 0.03750000276
v -0.2471027756 0.085 0.03823223396
v -0.2478350067 0.08399999619 0.04000000276
v -0.2471027756 0.08399999619 0.03823223396
v -0.2453350067 0.08399999619 0.03750000276
v -0.2435672379 0.08399999619 0.03823223396
v -0.2428350067 0.08399999619 0.04000000276
v -0.2435672379 0.08399999619 0.04176777166
v -0.2453350067 0.08399999619 0.04250000276
v -0.2471027756 0.08399999619 0.04176777166
v -0.2478350067 0.085 0.04000000276
v -0.2478350067 0.08399999619 0.04000000276
v -0.2478350067 0.09600000381 0.04000000276
v -0.2471027756 0.09600000381 0.04176777166
v -0.2453350067 0.09600000381 0.04250000276
v -0.2435672379 0.09600000381 0.04176777166
v -0.2428350067 0.09600000381 0.04000000276
v -0.2435672379 0.09600000381 0.03823223396
v -0.2453350067 0.09600000381 0.03750000276
v -0.2471027756 0.09600000381 0.03823223396
v -0.2503350067 0.09600000381 0.04000000276
v -0.2493800926 0.09600000381 0.03706106466
v -0.2468800926 0.09600000381 0.03524471556
v -0.2437899208 0.09600000381 0.03524471556
v -0.2412899208 0.09600000381 0.03706106466
v -0.2403350067 0.09600000381 0.04000000276
v -0.2412899208 0.09600000381 0.04293892186
v -0.2437899208 0.09600000381 0.04475528996
v -0.2468800926 0.09600000381 0.04475528996
v -0.2493800926 0.09600000381 0.04293892186
v -0.2503350067 0.09699999809 0.04000000276
v -0.2493800926 0.09699999809 0.03706106466
v -0.2468800926 0.09699999809 0.03524471556
v -0.2437899208 0.09699999809 0.03524471556
v -0.2412899208 0.09699999809 0.03706106466
v -0.2403350067 0.09699999809 0.04000000276
v -0.2412899208 0.09699999809 0.04293892186
v -0.2437899208 0.09699999809 0.04475528996
v -0.2468800926 0.09699999809 0.04475528996
v -0.2493800926 0.09699999809 0.04293892186
v -0.2503350067 0.09600000381 0.04000000276
v -0.2493800926 0.09600000381 0.04293892186
v -0.2468800926 0.09600000381 0.04475528996
v -0.2437899208 0.09600000381 0.04475528996
v -0.2412899208 0.09600000381 0.04293892186
v -0.2403350067 0.09600000381 0.04000000276
v -0.2412899208 0.09600000381 0.03706106466
v -0.2437899208 0.09600000381 0.03524471556
v -0.2468800926 0.09600000381 0.03524471556
v -0.2493800926 0.09600000381 0.03706106466
v -0.2503350067 0.09600000381 0.04000000276
v -0.2503350067 0.09699999809 0.04000000276
v -0.2478350067 0.09699999809 0.04000000276
v -0.2471027756 0.09699999809 0.03823223396
v -0.2453350067 0.09699999809 0.03750000276
v -0.2435672379 0.09699999809 0.03823223396
v -0.2428350067 0.09699999809 0.04000000276
v -0.2435672379 0.09699999809 0.04176777166
v -0.2453350067 0.09699999809 0.04250000276
v -0.2471027756 0.09699999809 0.04176777166
v -0.2503350067 0.09699999809 0.04000000276
v -0.2493800926 0.09699999809 0.04293892186
v -0.2468800926 0.09699999809 0.04475528996
v -0.2437899208 0.09699999809 0.04475528996
v -0.2412899208 0.09699999809 0.04293892186
v -0.2403350067 0.09699999809 0.04000000276
v -0.2412899208 0.09699999809 0.03706106466
v -0.2437899208 0.09699999809 0.03524471556
v -0.2468800926 0.09699999809 0.03524471556
v -0.2493800926 0.09699999809 0.03706106466
v -0.2478350067 0.09699999809 0.04000000276
v -0.2471027756 0.09699999809 0.04176777166
v -0.2453350067 0.09699999809 0.04250000276
v -0.2435672379 0.09699999809 0.04176777166
v -0.2428350067 0.09699999809 0.04000000276
v -0.2435672379 0.09699999809 0.03823223396
v -0.2453350067 0.09699999809 0.03750000276
v -0.2471027756 0.09699999809 0.03823223396
v -0.2478350067 0.09600000381 0.04000000276
v -0.2471027756 0.09600000381 0.03823223396
v -0.2453350067 0.09600000381 0.03750000276
v -0.2435672379 0.09600000381 0.03823223396
v -0.2428350067 0.09600000381 0.04000000276
v -0.2435672379 0.09600000381 0.04176777166
v -0.2453350067 0.09600000381 0.04250000276
v -0.2471027756 0.09600000381 0.04176777166
v -0.2478350067 0.09699999809 0.04000000276
v -0.2478350067 0.09600000381 0.04000000276
v -0.2480850029 0.07300000191 0.04000000276
v -0.2472795486 0.07300000191 0.03805546086
v -0.2453350067 0.07300000191 0.03725000656
v -0.2433904648 0.07300000191 0.03805546086
v -0.2425849915 0.07300000191 0.04000000276
v -0.2433904648 0.07300000191 0.04194454466
v -0.2453350067 0.07300000191 0.04274999896
v -0.2472795486 0.07300000191 0.04194454466
v -0.2503350067 0.07300000191 0.04000000276
v -0.2493800926 0.07300000191 0.04293892186
v -0.2468800926 0.07300000191 0.04475528996
v -0.2437899208 0.07300000191 0.04475528996
v -0.2412899208 0.07300000191 0.04293892186
v -0.2403350067 0.07300000191 0.04000000276
v -0.2412899208 0.07300000191 0.03706106466
v -0.2437899208 0.07300000191 0.03524471556
v -0.2468800926 0.07300000191 0.03524471556
v -0.2493800926 0.07300000191 0.03706106466
v -0.2480850029 0.07199999809 0.04000000276
v -0.2472795486 0.07199999809 0.04194454466
v -0.2453350067 0.07199999809 0.04274999896
v -0.2433904648 0.07199999809 0.04194454466
v -0.2425849915 0.07199999809 0.04000000276
v -0.2433904648 0.07199999809 0.03805546086
v -0.2453350067 0.07199999809 0.03725000656
v -0.2472795486 0.07199999809 0.03805546086
v -0.2503350067 0.07199999809 0.04000000276
v -0.2493800926 0.07199999809 0.03706106466
v -0.2468800926 0.07199999809 0.03524471556
v -0.2437899208 0.07199999809 0.03524471556
v -0.2412899208 0.07199999809 0.03706106466
v -0.2403350067 0.07199999809 0.04000000276
v -0.2412899208 0.07199999809 0.04293892186
v -0.2437899208 0.07199999809 0.04475528996
v -0.2468800926 0.07199999809 0.04475528996
v -0.2493800926 0.07199999809 0.04293892186
v -0.2480850029 0.07300000191 0.04000000276
v -0.2472795486 0.07300000191 0.04194454466
v -0.2453350067 0.07300000191 0.04274999896
v -0.2433904648 0.07300000191 0.04194454466
v -0.2425849915 0.07300000191 0.04000000276
v -0.2433904648 0.07300000191 0.03805546086
v -0.2453350067 0.07300000191 0.03725000656
v -0.2472795486 0.07300000191 0.03805546086
v -0.2480850029 0.07199999809 0.04000000276
v -0.2472795486 0.07199999809 0.03805546086
v -0.2453350067 0.07199999809 0.03725000656
v -0.2433904648 0.07199999809 0.03805546086
v -0.2425849915 0.07199999809 0.04000000276
v -0.2433904648 0.07199999809 0.04194454466
v -0.2453350067 0.07199999809 0.04274999896
v -0.2472795486 0.07199999809 0.04194454466
v -0.2480850029 0.07300000191 0.04000000276
v -0.2480850029 0.07199999809 0.04000000276
v -0.2503350067 0.07300000191 0.04000000276
v -0.2493800926 0.07300000191 0.03706106466
v -0.2468800926 0.07300000191 0.03524471556
v -0.2437899208 0.07300000191 0.03524471556
v -0.2412899208 0.07300000191 0.03706106466
v -0.2403350067 0.07300000191 0.04000000276
v -0.2412899208 0.07300000191 0.04293892186
v -0.2437899208 0.07300000191 0.04475528996
v -0.2468800926 0.07300000191 0.04475528996
v -0.2493800926 0.07300000191 0.04293892186
v -0.2503350067 0.07199999809 0.04000000276
v -0.2493800926 0.07199999809 0.04293892186
v -0.2468800926 0.07199999809 0.04475528996
v -0.2437899208 0.07199999809 0.04475528996
v -0.2412899208 0.07199999809 0.04293892186
v -0.2403350067 0.07199999809 0.04000000276
v -0.2412899208 0.07199999809 0.03706106466
v -0.2437899208 0.07199999809 0.03524471556
v -0.2468800926 0.07199999809 0.03524471556
v -0.2493800926 0.07199999809 0.03706106466
v -0.2503350067 0.07199999809 0.04000000276
v -0.2503350067 0.07300000191 0.04000000276
v -0.2495849991 0.07199999809 0.04000000276
v -0.2487733269 0.07199999809 0.03750191016
v -0.2466483307 0.07199999809 0.03595800676
v -0.2440216827 0.07199999809 0.03595800676
v -0.2418966866 0.07199999809 0.03750191016
v -0.2410849953 0.07199999809 0.04000000276
v -0.2418966866 0.07199999809 0.04249809546
v -0.2440216827 0.07199999809 0.04404199876
v -0.2466483307 0.07199999809 0.04404199876
v -0.2487733269 0.07199999809 0.04249809546
v -0.2495849991 0.06699999809 0.04000000276
v -0.2487733269 0.06699999809 0.04249809546
v -0.2466483307 0.06699999809 0.04404199876
v -0.2440216827 0.06699999809 0.04404199876
v -0.2418966866 0.06699999809 0.04249809546
v -0.2410849953 0.06699999809 0.04000000276
v -0.2418966866 0.06699999809 0.03750191016
v -0.2440216827 0.06699999809 0.03595800676
v -0.2466483307 0.06699999809 0.03595800676
v -0.2487733269 0.06699999809 0.03750191016
v -0.2495849991 0.06699999809 0.04000000276
v -0.2495849991 0.07199999809 0.04000000276
v -0.2478350067 0.1069999981 0.04000000276
v -0.2471027756 0.1069999981 0.03823223396
v -0.2453350067 0.1069999981 0.03750000276
v -0.2435672379 0.1069999981 0.03823223396
v -0.2428350067 0.1069999981 0.04000000276
v -0.2435672379 0.1069999981 0.04176777166
v -0.2453350067 0.1069999981 0.04250000276
v -0.2471027756 0.1069999981 0.04176777166
v -0.2478350067 0.07199999809 0.04000000276
v -0.2471027756 0.07199999809 0.04176777166
v -0.2453350067 0.07199999809 0.04250000276
v -0.2435672379 0.07199999809 0.04176777166
v -0.2428350067 0.07199999809 0.04000000276
v -0.2435672379 0.07199999809 0.03823223396
v -0.2453350067 0.07199999809 0.03750000276
v -0.2471027756 0.07199999809 0.03823223396
v -0.2478350067 0.07199999809 0.04000000276
v -0.2478350067 0.1069999981 0.04000000276
v -0.2495849991 0.07199999809 0.04000000276
v -0.2487733269 0.07199999809 0.04249809546
v -0.2466483307 0.07199999809 0.04404199876
v -0.2440216827 0.07199999809 0.04404199876
v -0.2418966866 0.07199999809 0.04249809546
v -0.2410849953 0.07199999809 0.04000000276
v -0.2418966866 0.07199999809 0.03750191016
v -0.2440216827 0.07199999809 0.03595800676
v -0.2466483307 0.07199999809 0.03595800676
v -0.2487733269 0.07199999809 0.03750191016
v -0.2478350067 0.07199999809 0.04000000276
v -0.2471027756 0.07199999809 0.03823223396
v -0.2453350067 0.07199999809 0.03750000276
v -0.2435672379 0.07199999809 0.03823223396
v -0.2428350067 0.07199999809 0.04000000276
v -0.2435672379 0.07199999809 0.04176777166
v -0.2453350067 0.07199999809 0.04250000276
v -0.2471027756 0.07199999809 0.04176777166
v -0.2464896965 0.06699999809 0.04199999136
v -0.2441802979 0.06699999809 0.04199999136
v -0.2430256081 0.06699999809 0.04000000276
v -0.2441802979 0.06699999809 0.03799999516
v -0.2464896965 0.06699999809 0.03799999516
v -0.2476444054 0.06699999809 0.04000000276
v -0.2495849991 0.06699999809 0.04000000276
v -0.2487733269 0.06699999809 0.03750191016
v -0.2466483307 0.06699999809 0.03595800676
v -0.2440216827 0.06699999809 0.03595800676
v -0.2418966866 0.06699999809 0.03750191016
v -0.2410849953 0.06699999809 0.04000000276
v -0.2418966866 0.06699999809 0.04249809546
v -0.2440216827 0.06699999809 0.04404199876
v -0.2466483307 0.06699999809 0.04404199876
v -0.2487733269 0.06699999809 0.04249809546
v -0.2478350067 0.1069999981 0.04000000276
v -0.2471027756 0.1069999981 0.04176777166
v -0.2453350067 0.1069999981 0.04250000276
v -0.2435672379 0.1069999981 0.04176777166
v -0.2428350067 0.1069999981 0.04000000276
v -0.2435672379 0.1069999981 0.03823223396
v -0.2453350067 0.1069999981 0.03750000276
v -0.2471027756 0.1069999981 0.03823223396
v -0.2441802979 0.06699999809 0.04199999136
v -0.2464896965 0.06699999809 0.04199999136
v -0.2464896965 0.06949999809 0.04199999136
v -0.2441802979 0.06949999809 0.04199999136
v -0.2464896965 0.06699999809 0.04199999136
v -0.2476444054 0.06699999809 0.04000000276
v -0.2476444054 0.06949999809 0.04000000276
v -0.2464896965 0.06949999809 0.04199999136
v -0.2441802979 0.06699999809 0.03799999516
v -0.2430256081 0.06699999809 0.04000000276
v -0.2430256081 0.06949999809 0.04000000276
v -0.2441802979 0.06949999809 0.03799999516
v -0.2430256081 0.06949999809 0.04000000276
v -0.2441802979 0.06949999809 0.04199999136
v -0.2464896965 0.06949999809 0.04199999136
v -0.2476444054 0.06949999809 0.04000000276
v -0.2464896965 0.06949999809 0.03799999516
v -0.2441802979 0.06949999809 0.03799999516
v -0.2476444054 0.06699999809 0.04000000276
v -0.2464896965 0.06699999809 0.03799999516
v -0.2464896965 0.06949999809 0.03799999516
v -0.2476444054 0.06949999809 0.04000000276
v -0.2464896965 0.06699999809 0.03799999516
v -0.2441802979 0.06699999809 0.03799999516
v -0.2441802979 0.06949999809 0.03799999516
v -0.2464896965 0.06949999809 0.03799999516
v -0.2430256081 0.06699999809 0.04000000276
v -0.2441802979 0.06699999809 0.04199999136
v -0.2441802979 0.06949999809 0.04199999136
v -0.2430256081 0.06949999809 0.04000000276
v -0.2407161903 0.09699999809 0.04000000276
v -0.2430256081 0.09699999809 0.03600000656
v -0.2430256081 0.1019999981 0.03600000656
v -0.2407161903 0.1019999981 0.04000000276
v -0.2476444054 0.09699999809 0.03600000656
v -0.249953804 0.09699999809 0.04000000276
v -0.249953804 0.1019999981 0.04000000276
v -0.2476444054 0.1019999981 0.03600000656
v -0.249953804 0.09699999809 0.04000000276
v -0.2476444054 0.09699999809 0.04399999896
v -0.2476444054 0.1019999981 0.04399999896
v -0.249953804 0.1019999981 0.04000000276
v -0.2476444054 0.09699999809 0.04399999896
v -0.2430256081 0.09699999809 0.04399999896
v -0.2430256081 0.1019999981 0.04399999896
v -0.2476444054 0.1019999981 0.04399999896
v -0.2430256081 0.09699999809 0.03600000656
v -0.2476444054 0.09699999809 0.03600000656
v -0.2476444054 0.1019999981 0.03600000656
v -0.2430256081 0.1019999981 0.03600000656
v -0.2478350067 0.1019999981 0.04000000276
v -0.2471027756 0.1019999981 0.03823223396
v -0.2453350067 0.1019999981 0.03750000276
v -0.2435672379 0.1019999981 0.03823223396
v -0.2428350067 0.1019999981 0.04000000276
v -0.2435672379 0.1019999981 0.04176777166
v -0.2453350067 0.1019999981 0.04250000276
v -0.2471027756 0.1019999981 0.04176777166
v -0.2430256081 0.1019999981 0.04399999896
v -0.2407161903 0.1019999981 0.04000000276
v -0.2430256081 0.1019999981 0.03600000656
v -0.2476444054 0.1019999981 0.03600000656
v -0.249953804 0.1019999981 0.04000000276
v -0.2476444054 0.1019999981 0.04399999896
v -0.2478350067 0.09699999809 0.04000000276
v -0.2471027756 0.09699999809 0.04176777166
v -0.2453350067 0.09699999809 0.04250000276
v -0.2435672379 0.09699999809 0.04176777166
v -0.2428350067 0.09699999809 0.04000000276
v -0.2435672379 0.09699999809 0.03823223396
v -0.2453350067 0.09699999809 0.03750000276
v -0.2471027756 0.09699999809 0.03823223396
v -0.2407161903 0.09699999809 0.04000000276
v -0.2430256081 0.09699999809 0.04399999896
v -0.2476444054 0.09699999809 0.04399999896
v -0.249953804 0.09699999809 0.04000000276
v -0.2476444054 0.09699999809 0.03600000656
v -0.2430256081 0.09699999809 0.03600000656
v -0.2430256081 0.09699999809 0.04399999896
v -0.2407161903 0.09699999809 0.04000000276
v -0.2407161903 0.1019999981 0.04000000276
v -0.2430256081 0.1019999981 0.04399999896
v -0.2478350067 0.1019999981 0.04000000276
v -0.2471027756 0.1019999981 0.04176777166
v -0.2453350067 0.1019999981 0.04250000276
v -0.2435672379 0.1019999981 0.04176777166
v -0.2428350067 0.1019999981 0.04000000276
v -0.2435672379 0.1019999981 0.03823223396
v -0.2453350067 0.1019999981 0.03750000276
v -0.2471027756 0.1019999981 0.03823223396
v -0.2478350067 0.09699999809 0.04000000276
v -0.2471027756 0.09699999809 0.03823223396
v -0.2453350067 0.09699999809 0.03750000276
v -0.2435672379 0.09699999809 0.03823223396
v -0.2428350067 0.09699999809 0.04000000276
v -0.2435672379 0.09699999809 0.04176777166
v -0.2453350067 0.09699999809 0.04250000276
v -0.2471027756 0.09699999809 0.04176777166
v -0.2478350067 0.1019999981 0.04000000276
v -0.2478350067 0.09699999809 0.04000000276
v -0.2065470505 0.09 -0.04085556704
v -0.2048322105 0.09 -0.04170440394
v -0.2030194283 0.09 -0.04109204964
v -0.2021706009 0.09 -0.03937721924
v -0.2027829552 0.09 -0.03756442744
v -0.204497776 0.09 -0.03671560014
v -0.2063105774 0.09 -0.03732795434
v -0.2071594048 0.09 -0.03904278474
v -0.210687542 0.09 -0.04447581964
v -0.2124448586 0.09 -0.04107383454
v -0.2124198914 0.09 -0.03724487024
v -0.2106183624 0.09 -0.03386608804
v -0.2074530029 0.09 -0.03171152794
v -0.2036489487 0.09 -0.03127478324
v -0.2000776482 0.09 -0.03265590394
v -0.1975572586 0.09 -0.03553847984
v -0.1966651726 0.09 -0.03926216804
v -0.1976057434 0.09 -0.04297389704
v -0.200163517 0.09 -0.04582336144
v -0.2037525177 0.09 -0.04715779024
v -0.2075505447 0.09 -0.04667147354
v -0.2065470505 0.085 -0.04085556704
v -0.2071594048 0.085 -0.03904278474
v -0.2063105774 0.085 -0.03732795434
v -0.204497776 0.085 -0.03671560014
v -0.2027829552 0.085 -0.03756442744
v -0.2021706009 0.085 -0.03937721924
v -0.2030194283 0.085 -0.04109204964
v -0.2048322105 0.085 -0.04170440394
v -0.210687542 0.085 -0.04447581964
v -0.2075505447 0.085 -0.04667147354
v -0.2037525177 0.085 -0.04715779024
v -0.200163517 0.085 -0.04582336144
v -0.1976057434 0.085 -0.04297389704
v -0.1966651726 0.085 -0.03926216804
v -0.1975572586 0.085 -0.03553847984
v -0.2000776482 0.085 -0.03265590394
v -0.2036489487 0.085 -0.03127478324
v -0.2074530029 0.085 -0.03171152794
v -0.2106183624 0.085 -0.03386608804
v -0.2124198914 0.085 -0.03724487024
v -0.2124448586 0.085 -0.04107383454
v -0.2065470505 0.09 -0.04085556704
v -0.2071594048 0.09 -0.03904278474
v -0.2063105774 0.09 -0.03732795434
v -0.204497776 0.09 -0.03671560014
v -0.2027829552 0.09 -0.03756442744
v -0.2021706009 0.09 -0.03937721924
v -0.2030194283 0.09 -0.04109204964
v -0.2048322105 0.09 -0.04170440394
v -0.2065470505 0.085 -0.04085556704
v -0.2048322105 0.085 -0.04170440394
v -0.2030194283 0.085 -0.04109204964
v -0.2021706009 0.085 -0.03937721924
v -0.2027829552 0.085 -0.03756442744
v -0.204497776 0.085 -0.03671560014
v -0.2063105774 0.085 -0.03732795434
v -0.2071594048 0.085 -0.03904278474
v -0.2065470505 0.09 -0.04085556704
v -0.2065470505 0.085 -0.04085556704
v -0.210687542 0.09 -0.04447581964
v -0.2075505447 0.09 -0.04667147354
v -0.2037525177 0.09 -0.04715779024
v -0.200163517 0.09 -0.04582336144
v -0.1976057434 0.09 -0.04297389704
v -0.1966651726 0.09 -0.03926216804
v -0.1975572586 0.09 -0.03553847984
v -0.2000776482 0.09 -0.03265590394
v -0.2036489487 0.09 -0.03127478324
v -0.2074530029 0.09 -0.03171152794
v -0.2106183624 0.09 -0.03386608804
v -0.2124198914 0.09 -0.03724487024
v -0.2124448586 0.09 -0.04107383454
v -0.210687542 0.085 -0.04447581964
v -0.2124448586 0.085 -0.04107383454
v -0.2124198914 0.085 -0.03724487024
v -0.2106183624 0.085 -0.03386608804
v -0.2074530029 0.085 -0.03171152794
v -0.2036489487 0.085 -0.03127478324
v -0.2000776482 0.085 -0.03265590394
v -0.1975572586 0.085 -0.03553847984
v -0.1966651726 0.085 -0.03926216804
v -0.1976057434 0.085 -0.04297389704
v -0.200163517 0.085 -0.04582336144
v -0.2037525177 0.085 -0.04715779024
v -0.2075505447 0.085 -0.04667147354
v -0.210687542 0.085 -0.04447581964
v -0.210687542 0.09 -0.04447581964
v -0.2065470505 0.09600000381 -0.04085556704
v -0.2071594048 0.09600000381 -0.03904278474
v -0.2063105774 0.09600000381 -0.03732795434
v -0.204497776 0.09600000381 -0.03671560014
v -0.2027829552 0.09600000381 -0.03756442744
v -0.2021706009 0.09600000381 -0.03937721924
v -0.2030194283 0.09600000381 -0.04109204964
v -0.2048322105 0.09600000381 -0.04170440394
v -0.2065470505 0.09100000381 -0.04085556704
v -0.2048322105 0.09100000381 -0.04170440394
v -0.2030194283 0.09100000381 -0.04109204964
v -0.2021706009 0.09100000381 -0.03937721924
v -0.2027829552 0.09100000381 -0.03756442744
v -0.204497776 0.09100000381 -0.03671560014
v -0.2063105774 0.09100000381 -0.03732795434
v -0.2071594048 0.09100000381 -0.03904278474
v -0.2065470505 0.09600000381 -0.04085556704
v -0.2065470505 0.09100000381 -0.04085556704
v -0.2065470505 0.09100000381 -0.04085556704
v -0.2071594048 0.09100000381 -0.03904278474
v -0.2063105774 0.09100000381 -0.03732795434
v -0.204497776 0.09100000381 -0.03671560014
v -0.2027829552 0.09100000381 -0.03756442744
v -0.2021706009 0.09100000381 -0.03937721924
v -0.2030194283 0.09100000381 -0.04109204964
v -0.2048322105 0.09100000381 -0.04170440394
v -0.210687542 0.09100000381 -0.04447581964
v -0.2075505447 0.09100000381 -0.04667147354
v -0.2037525177 0.09100000381 -0.04715779024
v -0.200163517 0.09100000381 -0.04582336144
v -0.1976057434 0.09100000381 -0.04297389704
v -0.1966651726 0.09100000381 -0.03926216804
v -0.1975572586 0.09100000381 -0.03553847984
v -0.2000776482 0.09100000381 -0.03265590394
v -0.2036489487 0.09100000381 -0.03127478324
v -0.2074530029 0.09100000381 -0.03171152794
v -0.2106183624 0.09100000381 -0.03386608804
v -0.2124198914 0.09100000381 -0.03724487024
v -0.2124448586 0.09100000381 -0.04107383454
v -0.2065470505 0.09600000381 -0.04085556704
v -0.2048322105 0.09600000381 -0.04170440394
v -0.2030194283 0.09600000381 -0.04109204964
v -0.2021706009 0.09600000381 -0.03937721924
v -0.2027829552 0.09600000381 -0.03756442744
v -0.204497776 0.09600000381 -0.03671560014
v -0.2063105774 0.09600000381 -0.03732795434
v -0.2071594048 0.09600000381 -0.03904278474
v -0.210687542 0.09600000381 -0.04447581964
v -0.2124448586 0.09600000381 -0.04107383454
v -0.2124198914 0.09600000381 -0.03724487024
v -0.2106183624 0.09600000381 -0.03386608804
v -0.2074530029 0.09600000381 -0.03171152794
v -0.2036489487 0.09600000381 -0.03127478324
v -0.2000776482 0.09600000381 -0.03265590394
v -0.1975572586 0.09600000381 -0.03553847984
v -0.1966651726 0.09600000381 -0.03926216804
v -0.1976057434 0.09600000381 -0.04297389704
v -0.200163517 0.09600000381 -0.04582336144
v -0.2037525177 0.09600000381 -0.04715779024
v -0.2075505447 0.09600000381 -0.04667147354
v -0.210687542 0.09600000381 -0.04447581964
v -0.2075505447 0.09600000381 -0.04667147354
v -0.2037525177 0.09600000381 -0.04715779024
v -0.200163517 0.09600000381 -0.04582336144
v -0.1976057434 0.09600000381 -0.04297389704
v -0.1966651726 0.09600000381 -0.03926216804
v -0.1975572586 0.09600000381 -0.03553847984
v -0.2000776482 0.09600000381 -0.03265590394
v -0.2036489487 0.09600000381 -0.03127478324
v -0.2074530029 0.09600000381 -0.03171152794
v -0.2106183624 0.09600000381 -0.03386608804
v -0.2124198914 0.09600000381 -0.03724487024
v -0.2124448586 0.09600000381 -0.04107383454
v -0.210687542 0.09100000381 -0.04447581964
v -0.2124448586 0.09100000381 -0.04107383454
v -0.2124198914 0.09100000381 -0.03724487024
v -0.2106183624 0.09100000381 -0.03386608804
v -0.2074530029 0.09100000381 -0.03171152794
v -0.2036489487 0.09100000381 -0.03127478324
v -0.2000776482 0.09100000381 -0.03265590394
v -0.1975572586 0.09100000381 -0.03553847984
v -0.1966651726 0.09100000381 -0.03926216804
v -0.1976057434 0.09100000381 -0.04297389704
v -0.200163517 0.09100000381 -0.04582336144
v -0.2037525177 0.09100000381 -0.04715779024
v -0.2075505447 0.09100000381 -0.04667147354
v -0.210687542 0.09100000381 -0.04447581964
v -0.210687542 0.09600000381 -0.04447581964
v -0.2065470505 0.09100000381 -0.04085556704
v -0.2048322105 0.09100000381 -0.04170440394
v -0.2030194283 0.09100000381 -0.04109204964
v -0.2021706009 0.09100000381 -0.03937721924
v -0.2027829552 0.09100000381 -0.03756442744
v -0.204497776 0.09100000381 -0.03671560014
v -0.2063105774 0.09100000381 -0.03732795434
v -0.2071594048 0.09100000381 -0.03904278474
v -0.2084290886 0.09100000381 -0.04250114164
v -0.2096446991 0.09100000381 -0.03966010774
v -0.2089582253 0.09100000381 -0.03664715494
v -0.2066318893 0.09100000381 -0.03461312014
v -0.2035542679 0.09100000381 -0.03433493334
v -0.200900898 0.09100000381 -0.03591886244
v -0.1996853065 0.09100000381 -0.03875988684
v -0.2003717804 0.09100000381 -0.04177284914
v -0.2026981163 0.09100000381 -0.04380688394
v -0.2057757378 0.09100000381 -0.04408507074
v -0.2065470505 0.09 -0.04085556704
v -0.2071594048 0.09 -0.03904278474
v -0.2063105774 0.09 -0.03732795434
v -0.204497776 0.09 -0.03671560014
v -0.2027829552 0.09 -0.03756442744
v -0.2021706009 0.09 -0.03937721924
v -0.2030194283 0.09 -0.04109204964
v -0.2048322105 0.09 -0.04170440394
v -0.2084290886 0.09 -0.04250114164
v -0.2057757378 0.09 -0.04408507074
v -0.2026981163 0.09 -0.04380688394
v -0.2003717804 0.09 -0.04177284914
v -0.1996853065 0.09 -0.03875988684
v -0.200900898 0.09 -0.03591886244
v -0.2035542679 0.09 -0.03433493334
v -0.2066318893 0.09 -0.03461312014
v -0.2089582253 0.09 -0.03664715494
v -0.2096446991 0.09 -0.03966010774
v -0.2084290886 0.09100000381 -0.04250114164
v -0.2057757378 0.09100000381 -0.04408507074
v -0.2026981163 0.09100000381 -0.04380688394
v -0.2003717804 0.09100000381 -0.04177284914
v -0.1996853065 0.09100000381 -0.03875988684
v -0.200900898 0.09100000381 -0.03591886244
v -0.2035542679 0.09100000381 -0.03433493334
v -0.2066318893 0.09100000381 -0.03461312014
v -0.2089582253 0.09100000381 -0.03664715494
v -0.2096446991 0.09100000381 -0.03966010774
v -0.2084290886 0.09 -0.04250114164
v -0.2096446991 0.09 -0.03966010774
v -0.2089582253 0.09 -0.03664715494
v -0.2066318893 0.09 -0.03461312014
v -0.2035542679 0.09 -0.03433493334
v -0.200900898 0.09 -0.03591886244
v -0.1996853065 0.09 -0.03875988684
v -0.2003717804 0.09 -0.04177284914
v -0.2026981163 0.09 -0.04380688394
v -0.2057757378 0.09 -0.04408507074
v -0.2084290886 0.09 -0.04250114164
v -0.2084290886 0.09100000381 -0.04250114164
v -0.2065470505 0.09100000381 -0.04085556704
v -0.2071594048 0.09100000381 -0.03904278474
v -0.2063105774 0.09100000381 -0.03732795434
v -0.204497776 0.09100000381 -0.03671560014
v -0.2027829552 0.09100000381 -0.03756442744
v -0.2021706009 0.09100000381 -0.03937721924
v -0.2030194283 0.09100000381 -0.04109204964
v -0.2048322105 0.09100000381 -0.04170440394
v -0.2065470505 0.09 -0.04085556704
v -0.2048322105 0.09 -0.04170440394
v -0.2030194283 0.09 -0.04109204964
v -0.2021706009 0.09 -0.03937721924
v -0.2027829552 0.09 -0.03756442744
v -0.204497776 0.09 -0.03671560014
v -0.2063105774 0.09 -0.03732795434
v -0.2071594048 0.09 -0.03904278474
v -0.2065470505 0.09100000381 -0.04085556704
v -0.2065470505 0.09 -0.04085556704
v -0.2065470505 0.08399999619 -0.04085556704
v -0.2071594048 0.08399999619 -0.03904278474
v -0.2063105774 0.08399999619 -0.03732795434
v -0.204497776 0.08399999619 -0.03671560014
v -0.2027829552 0.08399999619 -0.03756442744
v -0.2021706009 0.08399999619 -0.03937721924
v -0.2030194283 0.08399999619 -0.04109204964
v -0.2048322105 0.08399999619 -0.04170440394
v -0.2084290886 0.08399999619 -0.04250114164
v -0.2057757378 0.08399999619 -0.04408507074
v -0.2026981163 0.08399999619 -0.04380688394
v -0.2003717804 0.08399999619 -0.04177284914
v -0.1996853065 0.08399999619 -0.03875988684
v -0.200900898 0.08399999619 -0.03591886244
v -0.2035542679 0.08399999619 -0.03433493334
v -0.2066318893 0.08399999619 -0.03461312014
v -0.2089582253 0.08399999619 -0.03664715494
v -0.2096446991 0.08399999619 -0.03966010774
v -0.2065470505 0.085 -0.04085556704
v -0.2071594048 0.085 -0.03904278474
v -0.2063105774 0.085 -0.03732795434
v -0.204497776 0.085 -0.03671560014
v -0.2027829552 0.085 -0.03756442744
v -0.2021706009 0.085 -0.03937721924
v -0.2030194283 0.085 -0.04109204964
v -0.2048322105 0.085 -0.04170440394
v -0.2065470505 0.08399999619 -0.04085556704
v -0.2048322105 0.08399999619 -0.04170440394
v -0.2030194283 0.08399999619 -0.04109204964
v -0.2021706009 0.08399999619 -0.03937721924
v -0.2027829552 0.08399999619 -0.03756442744
v -0.204497776 0.08399999619 -0.03671560014
v -0.2063105774 0.08399999619 -0.03732795434
v -0.2071594048 0.08399999619 -0.03904278474
v -0.2065470505 0.085 -0.04085556704
v -0.2065470505 0.08399999619 -0.04085556704
v -0.2065470505 0.085 -0.04085556704
v -0.2048322105 0.085 -0.04170440394
v -0.2030194283 0.085 -0.04109204964
v -0.2021706009 0.085 -0.03937721924
v -0.2027829552 0.085 -0.03756442744
v -0.204497776 0.085 -0.03671560014
v -0.2063105774 0.085 -0.03732795434
v -0.2071594048 0.085 -0.03904278474
v -0.2084290886 0.085 -0.04250114164
v -0.2096446991 0.085 -0.03966010774
v -0.2089582253 0.085 -0.03664715494
v -0.2066318893 0.085 -0.03461312014
v -0.2035542679 0.085 -0.03433493334
v -0.200900898 0.085 -0.03591886244
v -0.1996853065 0.085 -0.03875988684
v -0.2003717804 0.085 -0.04177284914
v -0.2026981163 0.085 -0.04380688394
v -0.2057757378 0.085 -0.04408507074
v -0.2084290886 0.085 -0.04250114164
v -0.2057757378 0.085 -0.04408507074
v -0.2026981163 0.085 -0.04380688394
v -0.2003717804 0.085 -0.04177284914
v -0.1996853065 0.085 -0.03875988684
v -0.200900898 0.085 -0.03591886244
v -0.2035542679 0.085 -0.03433493334
v -0.2066318893 0.085 -0.03461312014
v -0.2089582253 0.085 -0.03664715494
v -0.2096446991 0.085 -0.03966010774
v -0.2084290886 0.08399999619 -0.04250114164
v -0.2096446991 0.08399999619 -0.03966010774
v -0.2089582253 0.08399999619 -0.03664715494
v -0.2066318893 0.08399999619 -0.03461312014
v -0.2035542679 0.08399999619 -0.03433493334
v -0.200900898 0.08399999619 -0.03591886244
v -0.1996853065 0.08399999619 -0.03875988684
v -0.2003717804 0.08399999619 -0.04177284914
v -0.2026981163 0.08399999619 -0.04380688394
v -0.2057757378 0.08399999619 -0.04408507074
v -0.2084290886 0.08399999619 -0.04250114164
v -0.2084290886 0.085 -0.04250114164
v -0.2065470505 0.09699999809 -0.04085556704
v -0.2071594048 0.09699999809 -0.03904278474
v -0.2063105774 0.09699999809 -0.03732795434
v -0.204497776 0.09699999809 -0.03671560014
v -0.2027829552 0.09699999809 -0.03756442744
v -0.2021706009 0.09699999809 -0.03937721924
v -0.2030194283 0.09699999809 -0.04109204964
v -0.2048322105 0.09699999809 -0.04170440394
v -0.2065470505 0.09600000381 -0.04085556704
v -0.2048322105 0.09600000381 -0.04170440394
v -0.2030194283 0.09600000381 -0.04109204964
v -0.2021706009 0.09600000381 -0.03937721924
v -0.2027829552 0.09600000381 -0.03756442744
v -0.204497776 0.09600000381 -0.03671560014
v -0.2063105774 0.09600000381 -0.03732795434
v -0.2071594048 0.09600000381 -0.03904278474
v -0.2065470505 0.09699999809 -0.04085556704
v -0.2065470505 0.09600000381 -0.04085556704
v -0.2065470505 0.09600000381 -0.04085556704
v -0.2071594048 0.09600000381 -0.03904278474
v -0.2063105774 0.09600000381 -0.03732795434
v -0.204497776 0.09600000381 -0.03671560014
v -0.2027829552 0.09600000381 -0.03756442744
v -0.2021706009 0.09600000381 -0.03937721924
v -0.2030194283 0.09600000381 -0.04109204964
v -0.2048322105 0.09600000381 -0.04170440394
v -0.2084290886 0.09600000381 -0.04250114164
v -0.2057757378 0.09600000381 -0.04408507074
v -0.2026981163 0.09600000381 -0.04380688394
v -0.2003717804 0.09600000381 -0.04177284914
v -0.1996853065 0.09600000381 -0.03875988684
v -0.200900898 0.09600000381 -0.03591886244
v -0.2035542679 0.09600000381 -0.03433493334
v -0.2066318893 0.09600000381 -0.03461312014
v -0.2089582253 0.09600000381 -0.03664715494
v -0.2096446991 0.09600000381 -0.03966010774
v -0.2065470505 0.09699999809 -0.04085556704
v -0.2048322105 0.09699999809 -0.04170440394
v -0.2030194283 0.09699999809 -0.04109204964
v -0.2021706009 0.09699999809 -0.03937721924
v -0.2027829552 0.09699999809 -0.03756442744
v -0.204497776 0.09699999809 -0.03671560014
v -0.2063105774 0.09699999809 -0.03732795434
v -0.2071594048 0.09699999809 -0.03904278474
v -0.2084290886 0.09699999809 -0.04250114164
v -0.2096446991 0.09699999809 -0.03966010774
v -0.2089582253 0.09699999809 -0.03664715494
v -0.2066318893 0.09699999809 -0.03461312014
v -0.2035542679 0.09699999809 -0.03433493334
v -0.200900898 0.09699999809 -0.03591886244
v -0.1996853065 0.09699999809 -0.03875988684
v -0.2003717804 0.09699999809 -0.04177284914
v -0.2026981163 0.09699999809 -0.04380688394
v -0.2057757378 0.09699999809 -0.04408507074
v -0.2084290886 0.09699999809 -0.04250114164
v -0.2057757378 0.09699999809 -0.04408507074
v -0.2026981163 0.09699999809 -0.04380688394
v -0.2003717804 0.09699999809 -0.04177284914
v -0.1996853065 0.09699999809 -0.03875988684
v -0.200900898 0.09699999809 -0.03591886244
v -0.2035542679 0.09699999809 -0.03433493334
v -0.2066318893 0.09699999809 -0.03461312014
v -0.2089582253 0.09699999809 -0.03664715494
v -0.2096446991 0.09699999809 -0.03966010774
v -0.2084290886 0.09600000381 -0.04250114164
v -0.2096446991 0.09600000381 -0.03966010774
v -0.2089582253 0.09600000381 -0.03664715494
v -0.2066318893 0.09600000381 -0.03461312014
v -0.2035542679 0.09600000381 -0.03433493334
v -0.200900898 0.09600000381 -0.03591886244
v -0.1996853065 0.09600000381 -0.03875988684
v -0.2003717804 0.09600000381 -0.04177284914
v -0.2026981163 0.09600000381 -0.04380688394
v -0.2057757378 0.09600000381 -0.04408507074
v -0.2084290886 0.09600000381 -0.04250114164
v -0.2084290886 0.09699999809 -0.04250114164
v -0.2067352486 0.07300000191 -0.04102012354
v -0.204848938 0.07300000191 -0.04195383744
v -0.2028548813 0.07300000191 -0.04128024774
v -0.2019211578 0.07300000191 -0.03939393724
v -0.2025947571 0.07300000191 -0.03739987094
v -0.2044810677 0.07300000191 -0.03646615704
v -0.2064751244 0.07300000191 -0.03713974674
v -0.2074088478 0.07300000191 -0.03902606684
v -0.2084290886 0.07300000191 -0.04250114164
v -0.2096446991 0.07300000191 -0.03966010774
v -0.2089582253 0.07300000191 -0.03664715494
v -0.2066318893 0.07300000191 -0.03461312014
v -0.2035542679 0.07300000191 -0.03433493334
v -0.200900898 0.07300000191 -0.03591886244
v -0.1996853065 0.07300000191 -0.03875988684
v -0.2003717804 0.07300000191 -0.04177284914
v -0.2026981163 0.07300000191 -0.04380688394
v -0.2057757378 0.07300000191 -0.04408507074
v -0.2084290886 0.07300000191 -0.04250114164
v -0.2057757378 0.07300000191 -0.04408507074
v -0.2026981163 0.07300000191 -0.04380688394
v -0.2003717804 0.07300000191 -0.04177284914
v -0.1996853065 0.07300000191 -0.03875988684
v -0.200900898 0.07300000191 -0.03591886244
v -0.2035542679 0.07300000191 -0.03433493334
v -0.2066318893 0.07300000191 -0.03461312014
v -0.2089582253 0.07300000191 -0.03664715494
v -0.2096446991 0.07300000191 -0.03966010774
v -0.2084290886 0.07199999809 -0.04250114164
v -0.2096446991 0.07199999809 -0.03966010774
v -0.2089582253 0.07199999809 -0.03664715494
v -0.2066318893 0.07199999809 -0.03461312014
v -0.2035542679 0.07199999809 -0.03433493334
v -0.200900898 0.07199999809 -0.03591886244
v -0.1996853065 0.07199999809 -0.03875988684
v -0.2003717804 0.07199999809 -0.04177284914
v -0.2026981163 0.07199999809 -0.04380688394
v -0.2057757378 0.07199999809 -0.04408507074
v -0.2084290886 0.07199999809 -0.04250114164
v -0.2084290886 0.07300000191 -0.04250114164
v -0.2067352486 0.07199999809 -0.04102012354
v -0.2074088478 0.07199999809 -0.03902606684
v -0.2064751244 0.07199999809 -0.03713974674
v -0.2044810677 0.07199999809 -0.03646615704
v -0.2025947571 0.07199999809 -0.03739987094
v -0.2019211578 0.07199999809 -0.03939393724
v -0.2028548813 0.07199999809 -0.04128024774
v -0.204848938 0.07199999809 -0.04195383744
v -0.2084290886 0.07199999809 -0.04250114164
v -0.2057757378 0.07199999809 -0.04408507074
v -0.2026981163 0.07199999809 -0.04380688394
v -0.2003717804 0.07199999809 -0.04177284914
v -0.1996853065 0.07199999809 -0.03875988684
v -0.200900898 0.07199999809 -0.03591886244
v -0.2035542679 0.07199999809 -0.03433493334
v -0.2066318893 0.07199999809 -0.03461312014
v -0.2089582253 0.07199999809 -0.03664715494
v -0.2096446991 0.07199999809 -0.03966010774
v -0.2067352486 0.07300000191 -0.04102012354
v -0.2074088478 0.07300000191 -0.03902606684
v -0.2064751244 0.07300000191 -0.03713974674
v -0.2044810677 0.07300000191 -0.03646615704
v -0.2025947571 0.07300000191 -0.03739987094
v -0.2019211578 0.07300000191 -0.03939393724
v -0.2028548813 0.07300000191 -0.04128024774
v -0.204848938 0.07300000191 -0.04195383744
v -0.2067352486 0.07199999809 -0.04102012354
v -0.204848938 0.07199999809 -0.04195383744
v -0.2028548813 0.07199999809 -0.04128024774
v -0.2019211578 0.07199999809 -0.03939393724
v -0.2025947571 0.07199999809 -0.03739987094
v -0.2044810677 0.07199999809 -0.03646615704
v -0.2064751244 0.07199999809 -0.03713974674
v -0.2074088478 0.07199999809 -0.03902606684
v -0.2067352486 0.07300000191 -0.04102012354
v -0.2067352486 0.07199999809 -0.04102012354
v -0.2065470505 0.1069999981 -0.04085556704
v -0.2071594048 0.1069999981 -0.03904278474
v -0.2063105774 0.1069999981 -0.03732795434
v -0.204497776 0.1069999981 -0.03671560014
v -0.2027829552 0.1069999981 -0.03756442744
v -0.2021706009 0.1069999981 -0.03937721924
v -0.2030194283 0.1069999981 -0.04109204964
v -0.2048322105 0.1069999981 -0.04170440394
v -0.202926445 0.06699999809 -0.03768988334
v -0.2051121712 0.06699999809 -0.03694431024
v -0.2051121712 0.06949999809 -0.03694431024
v -0.202926445 0.06949999809 -0.03768988334
v -0.2065470505 0.1069999981 -0.04085556704
v -0.2048322105 0.1069999981 -0.04170440394
v -0.2030194283 0.1069999981 -0.04109204964
v -0.2021706009 0.1069999981 -0.03937721924
v -0.2027829552 0.1069999981 -0.03756442744
v -0.204497776 0.1069999981 -0.03671560014
v -0.2063105774 0.1069999981 -0.03732795434
v -0.2071594048 0.1069999981 -0.03904278474
v -0.2065470505 0.07199999809 -0.04085556704
v -0.2071594048 0.07199999809 -0.03904278474
v -0.2063105774 0.07199999809 -0.03732795434
v -0.204497776 0.07199999809 -0.03671560014
v -0.2027829552 0.07199999809 -0.03756442744
v -0.2021706009 0.07199999809 -0.03937721924
v -0.2030194283 0.07199999809 -0.04109204964
v -0.2048322105 0.07199999809 -0.04170440394
v -0.2065470505 0.07199999809 -0.04085556704
v -0.2065470505 0.1069999981 -0.04085556704
v -0.2078644753 0.07199999809 -0.04200747214
v -0.2088977432 0.07199999809 -0.03959259714
v -0.2083142471 0.07199999809 -0.03703158104
v -0.2063368607 0.07199999809 -0.03530264574
v -0.2037208748 0.07199999809 -0.03506619174
v -0.2014655113 0.07199999809 -0.03641253194
v -0.2004322624 0.07199999809 -0.03882740694
v -0.2010157585 0.07199999809 -0.04138842304
v -0.202993145 0.07199999809 -0.04311734874
v -0.2056091309 0.07199999809 -0.04335380274
v -0.2065470505 0.07199999809 -0.04085556704
v -0.2048322105 0.07199999809 -0.04170440394
v -0.2030194283 0.07199999809 -0.04109204964
v -0.2021706009 0.07199999809 -0.03937721924
v -0.2027829552 0.07199999809 -0.03756442744
v -0.204497776 0.07199999809 -0.03671560014
v -0.2063105774 0.07199999809 -0.03732795434
v -0.2071594048 0.07199999809 -0.03904278474
v -0.2078644753 0.07199999809 -0.04200747214
v -0.2056091309 0.07199999809 -0.04335380274
v -0.202993145 0.07199999809 -0.04311734874
v -0.2010157585 0.07199999809 -0.04138842304
v -0.2004322624 0.07199999809 -0.03882740694
v -0.2014655113 0.07199999809 -0.03641253194
v -0.2037208748 0.07199999809 -0.03506619174
v -0.2063368607 0.07199999809 -0.03530264574
v -0.2083142471 0.07199999809 -0.03703158104
v -0.2088977432 0.07199999809 -0.03959259714
v -0.2078644753 0.06699999809 -0.04200747214
v -0.2088977432 0.06699999809 -0.03959259714
v -0.2083142471 0.06699999809 -0.03703158104
v -0.2063368607 0.06699999809 -0.03530264574
v -0.2037208748 0.06699999809 -0.03506619174
v -0.2014655113 0.06699999809 -0.03641253194
v -0.2004322624 0.06699999809 -0.03882740694
v -0.2010157585 0.06699999809 -0.04138842304
v -0.202993145 0.06699999809 -0.04311734874
v -0.2056091309 0.06699999809 -0.04335380274
v -0.2078644753 0.06699999809 -0.04200747214
v -0.2078644753 0.07199999809 -0.04200747214
v -0.2068507385 0.06699999809 -0.03846441944
v -0.2051121712 0.06699999809 -0.03694431024
v -0.202926445 0.06699999809 -0.03768988334
v -0.2024792671 0.06699999809 -0.03995558464
v -0.2042178154 0.06699999809 -0.04147569374
v -0.2064035606 0.06699999809 -0.04073011124
v -0.2078644753 0.06699999809 -0.04200747214
v -0.2056091309 0.06699999809 -0.04335380274
v -0.202993145 0.06699999809 -0.04311734874
v -0.2010157585 0.06699999809 -0.04138842304
v -0.2004322624 0.06699999809 -0.03882740694
v -0.2014655113 0.06699999809 -0.03641253194
v -0.2037208748 0.06699999809 -0.03506619174
v -0.2063368607 0.06699999809 -0.03530264574
v -0.2083142471 0.06699999809 -0.03703158104
v -0.2088977432 0.06699999809 -0.03959259714
v -0.2051121712 0.06699999809 -0.03694431024
v -0.2068507385 0.06699999809 -0.03846441944
v -0.2068507385 0.06949999809 -0.03846441944
v -0.2051121712 0.06949999809 -0.03694431024
v -0.2064035606 0.06699999809 -0.04073011124
v -0.2042178154 0.06699999809 -0.04147569374
v -0.2042178154 0.06949999809 -0.04147569374
v -0.2064035606 0.06949999809 -0.04073011124
v -0.2068507385 0.06699999809 -0.03846441944
v -0.2064035606 0.06699999809 -0.04073011124
v -0.2064035606 0.06949999809 -0.04073011124
v -0.2068507385 0.06949999809 -0.03846441944
v -0.2024792671 0.06699999809 -0.03995558464
v -0.202926445 0.06699999809 -0.03768988334
v -0.202926445 0.06949999809 -0.03768988334
v -0.2024792671 0.06949999809 -0.03995558464
v -0.2042178154 0.06699999809 -0.04147569374
v -0.2024792671 0.06699999809 -0.03995558464
v -0.2024792671 0.06949999809 -0.03995558464
v -0.2042178154 0.06949999809 -0.04147569374
v -0.202926445 0.06949999809 -0.03768988334
v -0.2051121712 0.06949999809 -0.03694431024
v -0.2068507385 0.06949999809 -0.03846441944
v -0.2064035606 0.06949999809 -0.04073011124
v -0.2042178154 0.06949999809 -0.04147569374
v -0.2024792671 0.06949999809 -0.03995558464
v -0.2065470505 0.1019999981 -0.04085556704
v -0.2048322105 0.1019999981 -0.04170440394
v -0.2030194283 0.1019999981 -0.04109204964
v -0.2021706009 0.1019999981 -0.03937721924
v -0.2027829552 0.1019999981 -0.03756442744
v -0.204497776 0.1019999981 -0.03671560014
v -0.2063105774 0.1019999981 -0.03732795434
v -0.2071594048 0.1019999981 -0.03904278474
v -0.2055593491 0.1019999981 -0.03467860894
v -0.2011878777 0.1019999981 -0.03616977414
v -0.2002935219 0.1019999981 -0.04070116724
v -0.2037706566 0.1019999981 -0.04374138554
v -0.208142128 0.1019999981 -0.04225022034
v -0.2090364647 0.1019999981 -0.03771883684
v -0.2002935219 0.09699999809 -0.04070116724
v -0.2037706566 0.09699999809 -0.04374138554
v -0.2037706566 0.1019999981 -0.04374138554
v -0.2002935219 0.1019999981 -0.04070116724
v -0.2011878777 0.09699999809 -0.03616977414
v -0.2002935219 0.09699999809 -0.04070116724
v -0.2002935219 0.1019999981 -0.04070116724
v -0.2011878777 0.1019999981 -0.03616977414
v -0.2090364647 0.09699999809 -0.03771883684
v -0.2055593491 0.09699999809 -0.03467860894
v -0.2055593491 0.1019999981 -0.03467860894
v -0.2090364647 0.1019999981 -0.03771883684
v -0.2055593491 0.09699999809 -0.03467860894
v -0.2011878777 0.09699999809 -0.03616977414
v -0.2011878777 0.1019999981 -0.03616977414
v -0.2055593491 0.1019999981 -0.03467860894
v -0.2037706566 0.09699999809 -0.04374138554
v -0.208142128 0.09699999809 -0.04225022034
v -0.208142128 0.1019999981 -0.04225022034
v -0.2037706566 0.1019999981 -0.04374138554
v -0.2065470505 0.09699999809 -0.04085556704
v -0.2071594048 0.09699999809 -0.03904278474
v -0.2063105774 0.09699999809 -0.03732795434
v -0.204497776 0.09699999809 -0.03671560014
v -0.2027829552 0.09699999809 -0.03756442744
v -0.2021706009 0.09699999809 -0.03937721924
v -0.2030194283 0.09699999809 -0.04109204964
v -0.2048322105 0.09699999809 -0.04170440394
v -0.2011878777 0.09699999809 -0.03616977414
v -0.2055593491 0.09699999809 -0.03467860894
v -0.2090364647 0.09699999809 -0.03771883684
v -0.208142128 0.09699999809 -0.04225022034
v -0.2037706566 0.09699999809 -0.04374138554
v -0.2002935219 0.09699999809 -0.04070116724
v -0.208142128 0.09699999809 -0.04225022034
v -0.2090364647 0.09699999809 -0.03771883684
v -0.2090364647 0.1019999981 -0.03771883684
v -0.208142128 0.1019999981 -0.04225022034
v -0.2065470505 0.1019999981 -0.04085556704
v -0.2071594048 0.1019999981 -0.03904278474
v -0.2063105774 0.1019999981 -0.03732795434
v -0.204497776 0.1019999981 -0.03671560014
v -0.2027829552 0.1019999981 -0.03756442744
v -0.2021706009 0.1019999981 -0.03937721924
v -0.2030194283 0.1019999981 -0.04109204964
v -0.2048322105 0.1019999981 -0.04170440394
v -0.2065470505 0.09699999809 -0.04085556704
v -0.2048322105 0.09699999809 -0.04170440394
v -0.2030194283 0.09699999809 -0.04109204964
v -0.2021706009 0.09699999809 -0.03937721924
v -0.2027829552 0.09699999809 -0.03756442744
v -0.204497776 0.09699999809 -0.03671560014
v -0.2063105774 0.09699999809 -0.03732795434
v -0.2071594048 0.09699999809 -0.03904278474
v -0.2065470505 0.1019999981 -0.04085556704
v -0.2065470505 0.09699999809 -0.04085556704
v -0.2065470505 0.09 0.03914442336
v -0.2071594048 0.09 0.04095720566
v -0.2063105774 0.09 0.04267204566
v -0.204497776 0.09 0.04328439986
v -0.2027829552 0.09 0.04243557256
v -0.2021706009 0.09 0.04062279026
v -0.2030194283 0.09 0.03890795036
v -0.2048322105 0.09 0.03829559606
v -0.2065470505 0.085 0.03914442336
v -0.2048322105 0.085 0.03829559606
v -0.2030194283 0.085 0.03890795036
v -0.2021706009 0.085 0.04062279026
v -0.2027829552 0.085 0.04243557256
v -0.204497776 0.085 0.04328439986
v -0.2063105774 0.085 0.04267204566
v -0.2071594048 0.085 0.04095720566
v -0.2065470505 0.09 0.03914442336
v -0.2065470505 0.085 0.03914442336
v -0.2065470505 0.085 0.03914442336
v -0.2071594048 0.085 0.04095720566
v -0.2063105774 0.085 0.04267204566
v -0.204497776 0.085 0.04328439986
v -0.2027829552 0.085 0.04243557256
v -0.2021706009 0.085 0.04062279026
v -0.2030194283 0.085 0.03890795036
v -0.2048322105 0.085 0.03829559606
v -0.210687542 0.085 0.03552418036
v -0.2075505447 0.085 0.03332853596
v -0.2037525177 0.085 0.03284221926
v -0.200163517 0.085 0.03417663856
v -0.1976057434 0.085 0.03702610296
v -0.1966651726 0.085 0.04073784156
v -0.1975572586 0.085 0.04446152016
v -0.2000776482 0.085 0.04734409606
v -0.2036489487 0.085 0.04872520726
v -0.2074530029 0.085 0.04828846256
v -0.2106183624 0.085 0.04613392156
v -0.2124198914 0.085 0.04275512976
v -0.2124448586 0.085 0.03892616546
v -0.2065470505 0.09 0.03914442336
v -0.2048322105 0.09 0.03829559606
v -0.2030194283 0.09 0.03890795036
v -0.2021706009 0.09 0.04062279026
v -0.2027829552 0.09 0.04243557256
v -0.204497776 0.09 0.04328439986
v -0.2063105774 0.09 0.04267204566
v -0.2071594048 0.09 0.04095720566
v -0.210687542 0.09 0.03552418036
v -0.2124448586 0.09 0.03892616546
v -0.2124198914 0.09 0.04275512976
v -0.2106183624 0.09 0.04613392156
v -0.2074530029 0.09 0.04828846256
v -0.2036489487 0.09 0.04872520726
v -0.2000776482 0.09 0.04734409606
v -0.1975572586 0.09 0.04446152016
v -0.1966651726 0.09 0.04073784156
v -0.1976057434 0.09 0.03702610296
v -0.200163517 0.09 0.03417663856
v -0.2037525177 0.09 0.03284221926
v -0.2075505447 0.09 0.03332853596
v -0.210687542 0.09 0.03552418036
v -0.2075505447 0.09 0.03332853596
v -0.2037525177 0.09 0.03284221926
v -0.200163517 0.09 0.03417663856
v -0.1976057434 0.09 0.03702610296
v -0.1966651726 0.09 0.04073784156
v -0.1975572586 0.09 0.04446152016
v -0.2000776482 0.09 0.04734409606
v -0.2036489487 0.09 0.04872520726
v -0.2074530029 0.09 0.04828846256
v -0.2106183624 0.09 0.04613392156
v -0.2124198914 0.09 0.04275512976
v -0.2124448586 0.09 0.03892616546
v -0.210687542 0.085 0.03552418036
v -0.2124448586 0.085 0.03892616546
v -0.2124198914 0.085 0.04275512976
v -0.2106183624 0.085 0.04613392156
v -0.2074530029 0.085 0.04828846256
v -0.2036489487 0.085 0.04872520726
v -0.2000776482 0.085 0.04734409606
v -0.1975572586 0.085 0.04446152016
v -0.1966651726 0.085 0.04073784156
v -0.1976057434 0.085 0.03702610296
v -0.200163517 0.085 0.03417663856
v -0.2037525177 0.085 0.03284221926
v -0.2075505447 0.085 0.03332853596
v -0.210687542 0.085 0.03552418036
v -0.210687542 0.09 0.03552418036
v -0.2065470505 0.09600000381 0.03914442336
v -0.2071594048 0.09600000381 0.04095720566
v -0.2063105774 0.09600000381 0.04267204566
v -0.204497776 0.09600000381 0.04328439986
v -0.2027829552 0.09600000381 0.04243557256
v -0.2021706009 0.09600000381 0.04062279026
v -0.2030194283 0.09600000381 0.03890795036
v -0.2048322105 0.09600000381 0.03829559606
v -0.2065470505 0.09100000381 0.03914442336
v -0.2048322105 0.09100000381 0.03829559606
v -0.2030194283 0.09100000381 0.03890795036
v -0.2021706009 0.09100000381 0.04062279026
v -0.2027829552 0.09100000381 0.04243557256
v -0.204497776 0.09100000381 0.04328439986
v -0.2063105774 0.09100000381 0.04267204566
v -0.2071594048 0.09100000381 0.04095720566
v -0.2065470505 0.09600000381 0.03914442336
v -0.2065470505 0.09100000381 0.03914442336
v -0.2065470505 0.09100000381 0.03914442336
v -0.2071594048 0.09100000381 0.04095720566
v -0.2063105774 0.09100000381 0.04267204566
v -0.204497776 0.09100000381 0.04328439986
v -0.2027829552 0.09100000381 0.04243557256
v -0.2021706009 0.09100000381 0.04062279026
v -0.2030194283 0.09100000381 0.03890795036
v -0.2048322105 0.09100000381 0.03829559606
v -0.210687542 0.09100000381 0.03552418036
v -0.2075505447 0.09100000381 0.03332853596
v -0.2037525177 0.09100000381 0.03284221926
v -0.200163517 0.09100000381 0.03417663856
v -0.1976057434 0.09100000381 0.03702610296
v -0.1966651726 0.09100000381 0.04073784156
v -0.1975572586 0.09100000381 0.04446152016
v -0.2000776482 0.09100000381 0.04734409606
v -0.2036489487 0.09100000381 0.04872520726
v -0.2074530029 0.09100000381 0.04828846256
v -0.2106183624 0.09100000381 0.04613392156
v -0.2124198914 0.09100000381 0.04275512976
v -0.2124448586 0.09100000381 0.03892616546
v -0.2065470505 0.09600000381 0.03914442336
v -0.2048322105 0.09600000381 0.03829559606
v -0.2030194283 0.09600000381 0.03890795036
v -0.2021706009 0.09600000381 0.04062279026
v -0.2027829552 0.09600000381 0.04243557256
v -0.204497776 0.09600000381 0.04328439986
v -0.2063105774 0.09600000381 0.04267204566
v -0.2071594048 0.09600000381 0.04095720566
v -0.210687542 0.09600000381 0.03552418036
v -0.2124448586 0.09600000381 0.03892616546
v -0.2124198914 0.09600000381 0.04275512976
v -0.2106183624 0.09600000381 0.04613392156
v -0.2074530029 0.09600000381 0.04828846256
v -0.2036489487 0.09600000381 0.04872520726
v -0.2000776482 0.09600000381 0.04734409606
v -0.1975572586 0.09600000381 0.04446152016
v -0.1966651726 0.09600000381 0.04073784156
v -0.1976057434 0.09600000381 0.03702610296
v -0.200163517 0.09600000381 0.03417663856
v -0.2037525177 0.09600000381 0.03284221926
v -0.2075505447 0.09600000381 0.03332853596
v -0.210687542 0.09600000381 0.03552418036
v -0.2075505447 0.09600000381 0.03332853596
v -0.2037525177 0.09600000381 0.03284221926
v -0.200163517 0.09600000381 0.03417663856
v -0.1976057434 0.09600000381 0.03702610296
v -0.1966651726 0.09600000381 0.04073784156
v -0.1975572586 0.09600000381 0.04446152016
v -0.2000776482 0.09600000381 0.04734409606
v -0.2036489487 0.09600000381 0.04872520726
v -0.2074530029 0.09600000381 0.04828846256
v -0.2106183624 0.09600000381 0.04613392156
v -0.2124198914 0.09600000381 0.04275512976
v -0.2124448586 0.09600000381 0.03892616546
v -0.210687542 0.09100000381 0.03552418036
v -0.2124448586 0.09100000381 0.03892616546
v -0.2124198914 0.09100000381 0.04275512976
v -0.2106183624 0.09100000381 0.04613392156
v -0.2074530029 0.09100000381 0.04828846256
v -0.2036489487 0.09100000381 0.04872520726
v -0.2000776482 0.09100000381 0.04734409606
v -0.1975572586 0.09100000381 0.04446152016
v -0.1966651726 0.09100000381 0.04073784156
v -0.1976057434 0.09100000381 0.03702610296
v -0.200163517 0.09100000381 0.03417663856
v -0.2037525177 0.09100000381 0.03284221926
v -0.2075505447 0.09100000381 0.03332853596
v -0.210687542 0.09100000381 0.03552418036
v -0.210687542 0.09600000381 0.03552418036
v -0.2065470505 0.09 0.03914442336
v -0.2071594048 0.09 0.04095720566
v -0.2063105774 0.09 0.04267204566
v -0.204497776 0.09 0.04328439986
v -0.2027829552 0.09 0.04243557256
v -0.2021706009 0.09 0.04062279026
v -0.2030194283 0.09 0.03890795036
v -0.2048322105 0.09 0.03829559606
v -0.2084290886 0.09 0.03749885836
v -0.2057757378 0.09 0.03591493886
v -0.2026981163 0.09 0.03619310656
v -0.2003717804 0.09 0.03822716036
v -0.1996853065 0.09 0.04124010366
v -0.200900898 0.09 0.04408113756
v -0.2035542679 0.09 0.04566505706
v -0.2066318893 0.09 0.04538688936
v -0.2089582253 0.09 0.04335285466
v -0.2096446991 0.09 0.04033989226
v -0.2084290886 0.09100000381 0.03749885836
v -0.2057757378 0.09100000381 0.03591493886
v -0.2026981163 0.09100000381 0.03619310656
v -0.2003717804 0.09100000381 0.03822716036
v -0.1996853065 0.09100000381 0.04124010366
v -0.200900898 0.09100000381 0.04408113756
v -0.2035542679 0.09100000381 0.04566505706
v -0.2066318893 0.09100000381 0.04538688936
v -0.2089582253 0.09100000381 0.04335285466
v -0.2096446991 0.09100000381 0.04033989226
v -0.2084290886 0.09 0.03749885836
v -0.2096446991 0.09 0.04033989226
v -0.2089582253 0.09 0.04335285466
v -0.2066318893 0.09 0.04538688936
v -0.2035542679 0.09 0.04566505706
v -0.200900898 0.09 0.04408113756
v -0.1996853065 0.09 0.04124010366
v -0.2003717804 0.09 0.03822716036
v -0.2026981163 0.09 0.03619310656
v -0.2057757378 0.09 0.03591493886
v -0.2084290886 0.09 0.03749885836
v -0.2084290886 0.09100000381 0.03749885836
v -0.2065470505 0.09100000381 0.03914442336
v -0.2071594048 0.09100000381 0.04095720566
v -0.2063105774 0.09100000381 0.04267204566
v -0.204497776 0.09100000381 0.04328439986
v -0.2027829552 0.09100000381 0.04243557256
v -0.2021706009 0.09100000381 0.04062279026
v -0.2030194283 0.09100000381 0.03890795036
v -0.2048322105 0.09100000381 0.03829559606
v -0.2065470505 0.09 0.03914442336
v -0.2048322105 0.09 0.03829559606
v -0.2030194283 0.09 0.03890795036
v -0.2021706009 0.09 0.04062279026
v -0.2027829552 0.09 0.04243557256
v -0.204497776 0.09 0.04328439986
v -0.2063105774 0.09 0.04267204566
v -0.2071594048 0.09 0.04095720566
v -0.2065470505 0.09100000381 0.03914442336
v -0.2065470505 0.09 0.03914442336
v -0.2065470505 0.09100000381 0.03914442336
v -0.2048322105 0.09100000381 0.03829559606
v -0.2030194283 0.09100000381 0.03890795036
v -0.2021706009 0.09100000381 0.04062279026
v -0.2027829552 0.09100000381 0.04243557256
v -0.204497776 0.09100000381 0.04328439986
v -0.2063105774 0.09100000381 0.04267204566
v -0.2071594048 0.09100000381 0.04095720566
v -0.2084290886 0.09100000381 0.03749885836
v -0.2096446991 0.09100000381 0.04033989226
v -0.2089582253 0.09100000381 0.04335285466
v -0.2066318893 0.09100000381 0.04538688936
v -0.2035542679 0.09100000381 0.04566505706
v -0.200900898 0.09100000381 0.04408113756
v -0.1996853065 0.09100000381 0.04124010366
v -0.2003717804 0.09100000381 0.03822716036
v -0.2026981163 0.09100000381 0.03619310656
v -0.2057757378 0.09100000381 0.03591493886
v -0.2065470505 0.085 0.03914442336
v -0.2048322105 0.085 0.03829559606
v -0.2030194283 0.085 0.03890795036
v -0.2021706009 0.085 0.04062279026
v -0.2027829552 0.085 0.04243557256
v -0.204497776 0.085 0.04328439986
v -0.2063105774 0.085 0.04267204566
v -0.2071594048 0.085 0.04095720566
v -0.2084290886 0.085 0.03749885836
v -0.2096446991 0.085 0.04033989226
v -0.2089582253 0.085 0.04335285466
v -0.2066318893 0.085 0.04538688936
v -0.2035542679 0.085 0.04566505706
v -0.200900898 0.085 0.04408113756
v -0.1996853065 0.085 0.04124010366
v -0.2003717804 0.085 0.03822716036
v -0.2026981163 0.085 0.03619310656
v -0.2057757378 0.085 0.03591493886
v -0.2065470505 0.08399999619 0.03914442336
v -0.2071594048 0.08399999619 0.04095720566
v -0.2063105774 0.08399999619 0.04267204566
v -0.204497776 0.08399999619 0.04328439986
v -0.2027829552 0.08399999619 0.04243557256
v -0.2021706009 0.08399999619 0.04062279026
v -0.2030194283 0.08399999619 0.03890795036
v -0.2048322105 0.08399999619 0.03829559606
v -0.2084290886 0.08399999619 0.03749885836
v -0.2057757378 0.08399999619 0.03591493886
v -0.2026981163 0.08399999619 0.03619310656
v -0.2003717804 0.08399999619 0.03822716036
v -0.1996853065 0.08399999619 0.04124010366
v -0.200900898 0.08399999619 0.04408113756
v -0.2035542679 0.08399999619 0.04566505706
v -0.2066318893 0.08399999619 0.04538688936
v -0.2089582253 0.08399999619 0.04335285466
v -0.2096446991 0.08399999619 0.04033989226
v -0.2084290886 0.085 0.03749885836
v -0.2057757378 0.085 0.03591493886
v -0.2026981163 0.085 0.03619310656
v -0.2003717804 0.085 0.03822716036
v -0.1996853065 0.085 0.04124010366
v -0.200900898 0.085 0.04408113756
v -0.2035542679 0.085 0.04566505706
v -0.2066318893 0.085 0.04538688936
v -0.2089582253 0.085 0.04335285466
v -0.2096446991 0.085 0.04033989226
v -0.2084290886 0.08399999619 0.03749885836
v -0.2096446991 0.08399999619 0.04033989226
v -0.2089582253 0.08399999619 0.04335285466
v -0.2066318893 0.08399999619 0.04538688936
v -0.2035542679 0.08399999619 0.04566505706
v -0.200900898 0.08399999619 0.04408113756
v -0.1996853065 0.08399999619 0.04124010366
v -0.2003717804 0.08399999619 0.03822716036
v -0.2026981163 0.08399999619 0.03619310656
v -0.2057757378 0.08399999619 0.03591493886
v -0.2084290886 0.08399999619 0.03749885836
v -0.2084290886 0.085 0.03749885836
v -0.2065470505 0.085 0.03914442336
v -0.2071594048 0.085 0.04095720566
v -0.2063105774 0.085 0.04267204566
v -0.204497776 0.085 0.04328439986
v -0.2027829552 0.085 0.04243557256
v -0.2021706009 0.085 0.04062279026
v -0.2030194283 0.085 0.03890795036
v -0.2048322105 0.085 0.03829559606
v -0.2065470505 0.08399999619 0.03914442336
v -0.2048322105 0.08399999619 0.03829559606
v -0.2030194283 0.08399999619 0.03890795036
v -0.2021706009 0.08399999619 0.04062279026
v -0.2027829552 0.08399999619 0.04243557256
v -0.204497776 0.08399999619 0.04328439986
v -0.2063105774 0.08399999619 0.04267204566
v -0.2071594048 0.08399999619 0.04095720566
v -0.2065470505 0.085 0.03914442336
v -0.2065470505 0.08399999619 0.03914442336
v -0.2065470505 0.09699999809 0.03914442336
v -0.2071594048 0.09699999809 0.04095720566
v -0.2063105774 0.09699999809 0.04267204566
v -0.204497776 0.09699999809 0.04328439986
v -0.2027829552 0.09699999809 0.04243557256
v -0.2021706009 0.09699999809 0.04062279026
v -0.2030194283 0.09699999809 0.03890795036
v -0.2048322105 0.09699999809 0.03829559606
v -0.2065470505 0.09600000381 0.03914442336
v -0.2048322105 0.09600000381 0.03829559606
v -0.2030194283 0.09600000381 0.03890795036
v -0.2021706009 0.09600000381 0.04062279026
v -0.2027829552 0.09600000381 0.04243557256
v -0.204497776 0.09600000381 0.04328439986
v -0.2063105774 0.09600000381 0.04267204566
v -0.2071594048 0.09600000381 0.04095720566
v -0.2065470505 0.09699999809 0.03914442336
v -0.2065470505 0.09600000381 0.03914442336
v -0.2065470505 0.09600000381 0.03914442336
v -0.2071594048 0.09600000381 0.04095720566
v -0.2063105774 0.09600000381 0.04267204566
v -0.204497776 0.09600000381 0.04328439986
v -0.2027829552 0.09600000381 0.04243557256
v -0.2021706009 0.09600000381 0.04062279026
v -0.2030194283 0.09600000381 0.03890795036
v -0.2048322105 0.09600000381 0.03829559606
v -0.2084290886 0.09600000381 0.03749885836
v -0.2057757378 0.09600000381 0.03591493886
v -0.2026981163 0.09600000381 0.03619310656
v -0.2003717804 0.09600000381 0.03822716036
v -0.1996853065 0.09600000381 0.04124010366
v -0.200900898 0.09600000381 0.04408113756
v -0.2035542679 0.09600000381 0.04566505706
v -0.2066318893 0.09600000381 0.04538688936
v -0.2089582253 0.09600000381 0.04335285466
v -0.2096446991 0.09600000381 0.04033989226
v -0.2065470505 0.09699999809 0.03914442336
v -0.2048322105 0.09699999809 0.03829559606
v -0.2030194283 0.09699999809 0.03890795036
v -0.2021706009 0.09699999809 0.04062279026
v -0.2027829552 0.09699999809 0.04243557256
v -0.204497776 0.09699999809 0.04328439986
v -0.2063105774 0.09699999809 0.04267204566
v -0.2071594048 0.09699999809 0.04095720566
v -0.2084290886 0.09699999809 0.03749885836
v -0.2096446991 0.09699999809 0.04033989226
v -0.2089582253 0.09699999809 0.04335285466
v -0.2066318893 0.09699999809 0.04538688936
v -0.2035542679 0.09699999809 0.04566505706
v -0.200900898 0.09699999809 0.04408113756
v -0.1996853065 0.09699999809 0.04124010366
v -0.2003717804 0.09699999809 0.03822716036
v -0.2026981163 0.09699999809 0.03619310656
v -0.2057757378 0.09699999809 0.03591493886
v -0.2084290886 0.09699999809 0.03749885836
v -0.2057757378 0.09699999809 0.03591493886
v -0.2026981163 0.09699999809 0.03619310656
v -0.2003717804 0.09699999809 0.03822716036
v -0.1996853065 0.09699999809 0.04124010366
v -0.200900898 0.09699999809 0.04408113756
v -0.2035542679 0.09699999809 0.04566505706
v -0.2066318893 0.09699999809 0.04538688936
v -0.2089582253 0.09699999809 0.04335285466
v -0.2096446991 0.09699999809 0.04033989226
v -0.2084290886 0.09600000381 0.03749885836
v -0.2096446991 0.09600000381 0.04033989226
v -0.2089582253 0.09600000381 0.04335285466
v -0.2066318893 0.09600000381 0.04538688936
v -0.2035542679 0.09600000381 0.04566505706
v -0.200900898 0.09600000381 0.04408113756
v -0.1996853065 0.09600000381 0.04124010366
v -0.2003717804 0.09600000381 0.03822716036
v -0.2026981163 0.09600000381 0.03619310656
v -0.2057757378 0.09600000381 0.03591493886
v -0.2084290886 0.09600000381 0.03749885836
v -0.2084290886 0.09699999809 0.03749885836
v -0.2084290886 0.07300000191 0.03749885836
v -0.2057757378 0.07300000191 0.03591493886
v -0.2026981163 0.07300000191 0.03619310656
v -0.2003717804 0.07300000191 0.03822716036
v -0.1996853065 0.07300000191 0.04124010366
v -0.200900898 0.07300000191 0.04408113756
v -0.2035542679 0.07300000191 0.04566505706
v -0.2066318893 0.07300000191 0.04538688936
v -0.2089582253 0.07300000191 0.04335285466
v -0.2096446991 0.07300000191 0.04033989226
v -0.2084290886 0.07199999809 0.03749885836
v -0.2096446991 0.07199999809 0.04033989226
v -0.2089582253 0.07199999809 0.04335285466
v -0.2066318893 0.07199999809 0.04538688936
v -0.2035542679 0.07199999809 0.04566505706
v -0.200900898 0.07199999809 0.04408113756
v -0.1996853065 0.07199999809 0.04124010366
v -0.2003717804 0.07199999809 0.03822716036
v -0.2026981163 0.07199999809 0.03619310656
v -0.2057757378 0.07199999809 0.03591493886
v -0.2084290886 0.07199999809 0.03749885836
v -0.2084290886 0.07300000191 0.03749885836
v -0.2067352486 0.07199999809 0.03897987646
v -0.2074088478 0.07199999809 0.04097393316
v -0.2064751244 0.07199999809 0.04286024376
v -0.2044810677 0.07199999809 0.04353384296
v -0.2025947571 0.07199999809 0.04260011946
v -0.2019211578 0.07199999809 0.04060606276
v -0.2028548813 0.07199999809 0.03871975226
v -0.204848938 0.07199999809 0.03804615296
v -0.2084290886 0.07199999809 0.03749885836
v -0.2057757378 0.07199999809 0.03591493886
v -0.2026981163 0.07199999809 0.03619310656
v -0.2003717804 0.07199999809 0.03822716036
v -0.1996853065 0.07199999809 0.04124010366
v -0.200900898 0.07199999809 0.04408113756
v -0.2035542679 0.07199999809 0.04566505706
v -0.2066318893 0.07199999809 0.04538688936
v -0.2089582253 0.07199999809 0.04335285466
v -0.2096446991 0.07199999809 0.04033989226
v -0.2067352486 0.07300000191 0.03897987646
v -0.2074088478 0.07300000191 0.04097393316
v -0.2064751244 0.07300000191 0.04286024376
v -0.2044810677 0.07300000191 0.04353384296
v -0.2025947571 0.07300000191 0.04260011946
v -0.2019211578 0.07300000191 0.04060606276
v -0.2028548813 0.07300000191 0.03871975226
v -0.204848938 0.07300000191 0.03804615296
v -0.2067352486 0.07199999809 0.03897987646
v -0.204848938 0.07199999809 0.03804615296
v -0.2028548813 0.07199999809 0.03871975226
v -0.2019211578 0.07199999809 0.04060606276
v -0.2025947571 0.07199999809 0.04260011946
v -0.2044810677 0.07199999809 0.04353384296
v -0.2064751244 0.07199999809 0.04286024376
v -0.2074088478 0.07199999809 0.04097393316
v -0.2067352486 0.07300000191 0.03897987646
v -0.2067352486 0.07199999809 0.03897987646
v -0.2067352486 0.07300000191 0.03897987646
v -0.204848938 0.07300000191 0.03804615296
v -0.2028548813 0.07300000191 0.03871975226
v -0.2019211578 0.07300000191 0.04060606276
v -0.2025947571 0.07300000191 0.04260011946
v -0.2044810677 0.07300000191 0.04353384296
v -0.2064751244 0.07300000191 0.04286024376
v -0.2074088478 0.07300000191 0.04097393316
v -0.2084290886 0.07300000191 0.03749885836
v -0.2096446991 0.07300000191 0.04033989226
v -0.2089582253 0.07300000191 0.04335285466
v -0.2066318893 0.07300000191 0.04538688936
v -0.2035542679 0.07300000191 0.04566505706
v -0.200900898 0.07300000191 0.04408113756
v -0.1996853065 0.07300000191 0.04124010366
v -0.2003717804 0.07300000191 0.03822716036
v -0.2026981163 0.07300000191 0.03619310656
v -0.2057757378 0.07300000191 0.03591493886
v -0.2078644753 0.07199999809 0.03799253746
v -0.2088977432 0.07199999809 0.04040741246
v -0.2083142471 0.07199999809 0.04296842856
v -0.2063368607 0.07199999809 0.04469734466
v -0.2037208748 0.07199999809 0.04493379866
v -0.2014655113 0.07199999809 0.04358747756
v -0.2004322624 0.07199999809 0.04117258346
v -0.2010157585 0.07199999809 0.03861158646
v -0.202993145 0.07199999809 0.03688265126
v -0.2056091309 0.07199999809 0.03664619726
v -0.2065470505 0.07199999809 0.03914442336
v -0.2048322105 0.07199999809 0.03829559606
v -0.2030194283 0.07199999809 0.03890795036
v -0.2021706009 0.07199999809 0.04062279026
v -0.2027829552 0.07199999809 0.04243557256
v -0.204497776 0.07199999809 0.04328439986
v -0.2063105774 0.07199999809 0.04267204566
v -0.2071594048 0.07199999809 0.04095720566
v -0.2068507385 0.06699999809 0.04153559006
v -0.2051121712 0.06699999809 0.04305568976
v -0.202926445 0.06699999809 0.04231010716
v -0.2024792671 0.06699999809 0.04004442496
v -0.2042178154 0.06699999809 0.03852430626
v -0.2064035606 0.06699999809 0.03926988876
v -0.2078644753 0.06699999809 0.03799253746
v -0.2056091309 0.06699999809 0.03664619726
v -0.202993145 0.06699999809 0.03688265126
v -0.2010157585 0.06699999809 0.03861158646
v -0.2004322624 0.06699999809 0.04117258346
v -0.2014655113 0.06699999809 0.04358747756
v -0.2037208748 0.06699999809 0.04493379866
v -0.2063368607 0.06699999809 0.04469734466
v -0.2083142471 0.06699999809 0.04296842856
v -0.2088977432 0.06699999809 0.04040741246
v -0.2051121712 0.06699999809 0.04305568976
v -0.2068507385 0.06699999809 0.04153559006
v -0.2068507385 0.06949999809 0.04153559006
v -0.2051121712 0.06949999809 0.04305568976
v -0.2068507385 0.06699999809 0.04153559006
v -0.2064035606 0.06699999809 0.03926988876
v -0.2064035606 0.06949999809 0.03926988876
v -0.2068507385 0.06949999809 0.04153559006
v -0.202926445 0.06949999809 0.04231010716
v -0.2051121712 0.06949999809 0.04305568976
v -0.2068507385 0.06949999809 0.04153559006
v -0.2064035606 0.06949999809 0.03926988876
v -0.2042178154 0.06949999809 0.03852430626
v -0.2024792671 0.06949999809 0.04004442496
v -0.202926445 0.06699999809 0.04231010716
v -0.2051121712 0.06699999809 0.04305568976
v -0.2051121712 0.06949999809 0.04305568976
v -0.202926445 0.06949999809 0.04231010716
v -0.2024792671 0.06699999809 0.04004442496
v -0.202926445 0.06699999809 0.04231010716
v -0.202926445 0.06949999809 0.04231010716
v -0.2024792671 0.06949999809 0.04004442496
v -0.2042178154 0.06699999809 0.03852430626
v -0.2024792671 0.06699999809 0.04004442496
v -0.2024792671 0.06949999809 0.04004442496
v -0.2042178154 0.06949999809 0.03852430626
v -0.2064035606 0.06699999809 0.03926988876
v -0.2042178154 0.06699999809 0.03852430626
v -0.2042178154 0.06949999809 0.03852430626
v -0.2064035606 0.06949999809 0.03926988876
v -0.2065470505 0.1069999981 0.03914442336
v -0.2048322105 0.1069999981 0.03829559606
v -0.2030194283 0.1069999981 0.03890795036
v -0.2021706009 0.1069999981 0.04062279026
v -0.2027829552 0.1069999981 0.04243557256
v -0.204497776 0.1069999981 0.04328439986
v -0.2063105774 0.1069999981 0.04267204566
v -0.2071594048 0.1069999981 0.04095720566
v -0.2065470505 0.07199999809 0.03914442336
v -0.2071594048 0.07199999809 0.04095720566
v -0.2063105774 0.07199999809 0.04267204566
v -0.204497776 0.07199999809 0.04328439986
v -0.2027829552 0.07199999809 0.04243557256
v -0.2021706009 0.07199999809 0.04062279026
v -0.2030194283 0.07199999809 0.03890795036
v -0.2048322105 0.07199999809 0.03829559606
v -0.2065470505 0.07199999809 0.03914442336
v -0.2065470505 0.1069999981 0.03914442336
v -0.2065470505 0.1069999981 0.03914442336
v -0.2071594048 0.1069999981 0.04095720566
v -0.2063105774 0.1069999981 0.04267204566
v -0.204497776 0.1069999981 0.04328439986
v -0.2027829552 0.1069999981 0.04243557256
v -0.2021706009 0.1069999981 0.04062279026
v -0.2030194283 0.1069999981 0.03890795036
v -0.2048322105 0.1069999981 0.03829559606
v -0.2078644753 0.07199999809 0.03799253746
v -0.2056091309 0.07199999809 0.03664619726
v -0.202993145 0.07199999809 0.03688265126
v -0.2010157585 0.07199999809 0.03861158646
v -0.2004322624 0.07199999809 0.04117258346
v -0.2014655113 0.07199999809 0.04358747756
v -0.2037208748 0.07199999809 0.04493379866
v -0.2063368607 0.07199999809 0.04469734466
v -0.2083142471 0.07199999809 0.04296842856
v -0.2088977432 0.07199999809 0.04040741246
v -0.2078644753 0.06699999809 0.03799253746
v -0.2088977432 0.06699999809 0.04040741246
v -0.2083142471 0.06699999809 0.04296842856
v -0.2063368607 0.06699999809 0.04469734466
v -0.2037208748 0.06699999809 0.04493379866
v -0.2014655113 0.06699999809 0.04358747756
v -0.2004322624 0.06699999809 0.04117258346
v -0.2010157585 0.06699999809 0.03861158646
v -0.202993145 0.06699999809 0.03688265126
v -0.2056091309 0.06699999809 0.03664619726
v -0.2078644753 0.06699999809 0.03799253746
v -0.2078644753 0.07199999809 0.03799253746
v -0.2065470505 0.09699999809 0.03914442336
v -0.2071594048 0.09699999809 0.04095720566
v -0.2063105774 0.09699999809 0.04267204566
v -0.204497776 0.09699999809 0.04328439986
v -0.2027829552 0.09699999809 0.04243557256
v -0.2021706009 0.09699999809 0.04062279026
v -0.2030194283 0.09699999809 0.03890795036
v -0.2048322105 0.09699999809 0.03829559606
v -0.2011878777 0.09699999809 0.04383022586
v -0.2055593491 0.09699999809 0.04532139106
v -0.2090364647 0.09699999809 0.04228115356
v -0.208142128 0.09699999809 0.03774977006
v -0.2037706566 0.09699999809 0.03625860496
v -0.2002935219 0.09699999809 0.03929884236
v -0.2065470505 0.1019999981 0.03914442336
v -0.2048322105 0.1019999981 0.03829559606
v -0.2030194283 0.1019999981 0.03890795036
v -0.2021706009 0.1019999981 0.04062279026
v -0.2027829552 0.1019999981 0.04243557256
v -0.204497776 0.1019999981 0.04328439986
v -0.2063105774 0.1019999981 0.04267204566
v -0.2071594048 0.1019999981 0.04095720566
v -0.2055593491 0.1019999981 0.04532139106
v -0.2011878777 0.1019999981 0.04383022586
v -0.2002935219 0.1019999981 0.03929884236
v -0.2037706566 0.1019999981 0.03625860496
v -0.208142128 0.1019999981 0.03774977006
v -0.2090364647 0.1019999981 0.04228115356
v -0.2065470505 0.1019999981 0.03914442336
v -0.2071594048 0.1019999981 0.04095720566
v -0.2063105774 0.1019999981 0.04267204566
v -0.204497776 0.1019999981 0.04328439986
v -0.2027829552 0.1019999981 0.04243557256
v -0.2021706009 0.1019999981 0.04062279026
v -0.2030194283 0.1019999981 0.03890795036
v -0.2048322105 0.1019999981 0.03829559606
v -0.2065470505 0.09699999809 0.03914442336
v -0.2048322105 0.09699999809 0.03829559606
v -0.2030194283 0.09699999809 0.03890795036
v -0.2021706009 0.09699999809 0.04062279026
v -0.2027829552 0.09699999809 0.04243557256
v -0.204497776 0.09699999809 0.04328439986
v -0.2063105774 0.09699999809 0.04267204566
v -0.2071594048 0.09699999809 0.04095720566
v -0.2065470505 0.1019999981 0.03914442336
v -0.2065470505 0.09699999809 0.03914442336
v -0.208142128 0.09699999809 0.03774977006
v -0.2090364647 0.09699999809 0.04228115356
v -0.2090364647 0.1019999981 0.04228115356
v -0.208142128 0.1019999981 0.03774977006
v -0.2011878777 0.09699999809 0.04383022586
v -0.2002935219 0.09699999809 0.03929884236
v -0.2002935219 0.1019999981 0.03929884236
v -0.2011878777 0.1019999981 0.04383022586
v -0.2090364647 0.09699999809 0.04228115356
v -0.2055593491 0.09699999809 0.04532139106
v -0.2055593491 0.1019999981 0.04532139106
v -0.2090364647 0.1019999981 0.04228115356
v -0.2037706566 0.09699999809 0.03625860496
v -0.208142128 0.09699999809 0.03774977006
v -0.208142128 0.1019999981 0.03774977006
v -0.2037706566 0.1019999981 0.03625860496
v -0.2002935219 0.09699999809 0.03929884236
v -0.2037706566 0.09699999809 0.03625860496
v -0.2037706566 0.1019999981 0.03625860496
v -0.2002935219 0.1019999981 0.03929884236
v -0.2055593491 0.09699999809 0.04532139106
v -0.2011878777 0.09699999809 0.04383022586
v -0.2011878777 0.1019999981 0.04383022586
v -0.2055593491 0.1019999981 0.04532139106
v 0.2021649933 0.085 -0.03999999724
v 0.2028972244 0.085 -0.03823222834
v 0.2046649933 0.085 -0.03749999724
v 0.2064327621 0.085 -0.03823222834
v 0.2071649933 0.085 -0.03999999724
v 0.2064327621 0.085 -0.04176776604
v 0.2046649933 0.085 -0.04249999724
v 0.2028972244 0.085 -0.04176776604
v 0.1966650009 0.085 -0.03999999724
v 0.1975813484 0.085 -0.04371778214
v 0.2001204872 0.085 -0.04658386904
v 0.2037007141 0.085 -0.04794167244
v 0.2075018311 0.085 -0.04748013214
v 0.2106530952 0.085 -0.04530498224
v 0.2124325371 0.085 -0.04191452704
v 0.2124325371 0.085 -0.03808547694
v 0.2106530952 0.085 -0.03469502174
v 0.2075018311 0.085 -0.03251987184
v 0.2037007141 0.085 -0.03205833154
v 0.2001204872 0.085 -0.03341612534
v 0.1975813484 0.085 -0.03628221234
v 0.1966650009 0.09 -0.03999999724
v 0.1975813484 0.09 -0.04371778214
v 0.2001204872 0.09 -0.04658386904
v 0.2037007141 0.09 -0.04794167244
v 0.2075018311 0.09 -0.04748013214
v 0.2106530952 0.09 -0.04530498224
v 0.2124325371 0.09 -0.04191452704
v 0.2124325371 0.09 -0.03808547694
v 0.2106530952 0.09 -0.03469502174
v 0.2075018311 0.09 -0.03251987184
v 0.2037007141 0.09 -0.03205833154
v 0.2001204872 0.09 -0.03341612534
v 0.1975813484 0.09 -0.03628221234
v 0.1966650009 0.085 -0.03999999724
v 0.1975813484 0.085 -0.03628221234
v 0.2001204872 0.085 -0.03341612534
v 0.2037007141 0.085 -0.03205833154
v 0.2075018311 0.085 -0.03251987184
v 0.2106530952 0.085 -0.03469502174
v 0.2124325371 0.085 -0.03808547694
v 0.2124325371 0.085 -0.04191452704
v 0.2106530952 0.085 -0.04530498224
v 0.2075018311 0.085 -0.04748013214
v 0.2037007141 0.085 -0.04794167244
v 0.2001204872 0.085 -0.04658386904
v 0.1975813484 0.085 -0.04371778214
v 0.1966650009 0.085 -0.03999999724
v 0.1966650009 0.09 -0.03999999724
v 0.2021649933 0.09 -0.03999999724
v 0.2028972244 0.09 -0.03823222834
v 0.2046649933 0.09 -0.03749999724
v 0.2064327621 0.09 -0.03823222834
v 0.2071649933 0.09 -0.03999999724
v 0.2064327621 0.09 -0.04176776604
v 0.2046649933 0.09 -0.04249999724
v 0.2028972244 0.09 -0.04176776604
v 0.2021649933 0.085 -0.03999999724
v 0.2028972244 0.085 -0.04176776604
v 0.2046649933 0.085 -0.04249999724
v 0.2064327621 0.085 -0.04176776604
v 0.2071649933 0.085 -0.03999999724
v 0.2064327621 0.085 -0.03823222834
v 0.2046649933 0.085 -0.03749999724
v 0.2028972244 0.085 -0.03823222834
v 0.2021649933 0.09 -0.03999999724
v 0.2021649933 0.085 -0.03999999724
v 0.2021649933 0.09 -0.03999999724
v 0.2028972244 0.09 -0.04176776604
v 0.2046649933 0.09 -0.04249999724
v 0.2064327621 0.09 -0.04176776604
v 0.2071649933 0.09 -0.03999999724
v 0.2064327621 0.09 -0.03823222834
v 0.2046649933 0.09 -0.03749999724
v 0.2028972244 0.09 -0.03823222834
v 0.1966650009 0.09 -0.03999999724
v 0.1975813484 0.09 -0.03628221234
v 0.2001204872 0.09 -0.03341612534
v 0.2037007141 0.09 -0.03205833154
v 0.2075018311 0.09 -0.03251987184
v 0.2106530952 0.09 -0.03469502174
v 0.2124325371 0.09 -0.03808547694
v 0.2124325371 0.09 -0.04191452704
v 0.2106530952 0.09 -0.04530498224
v 0.2075018311 0.09 -0.04748013214
v 0.2037007141 0.09 -0.04794167244
v 0.2001204872 0.09 -0.04658386904
v 0.1975813484 0.09 -0.04371778214
v 0.2021649933 0.09100000381 -0.03999999724
v 0.2028972244 0.09100000381 -0.03823222834
v 0.2046649933 0.09100000381 -0.03749999724
v 0.2064327621 0.09100000381 -0.03823222834
v 0.2071649933 0.09100000381 -0.03999999724
v 0.2064327621 0.09100000381 -0.04176776604
v 0.2046649933 0.09100000381 -0.04249999724
v 0.2028972244 0.09100000381 -0.04176776604
v 0.1966650009 0.09100000381 -0.03999999724
v 0.1975813484 0.09100000381 -0.04371778214
v 0.2001204872 0.09100000381 -0.04658386904
v 0.2037007141 0.09100000381 -0.04794167244
v 0.2075018311 0.09100000381 -0.04748013214
v 0.2106530952 0.09100000381 -0.04530498224
v 0.2124325371 0.09100000381 -0.04191452704
v 0.2124325371 0.09100000381 -0.03808547694
v 0.2106530952 0.09100000381 -0.03469502174
v 0.2075018311 0.09100000381 -0.03251987184
v 0.2037007141 0.09100000381 -0.03205833154
v 0.2001204872 0.09100000381 -0.03341612534
v 0.1975813484 0.09100000381 -0.03628221234
v 0.2021649933 0.09600000381 -0.03999999724
v 0.2028972244 0.09600000381 -0.03823222834
v 0.2046649933 0.09600000381 -0.03749999724
v 0.2064327621 0.09600000381 -0.03823222834
v 0.2071649933 0.09600000381 -0.03999999724
v 0.2064327621 0.09600000381 -0.04176776604
v 0.2046649933 0.09600000381 -0.04249999724
v 0.2028972244 0.09600000381 -0.04176776604
v 0.2021649933 0.09100000381 -0.03999999724
v 0.2028972244 0.09100000381 -0.04176776604
v 0.2046649933 0.09100000381 -0.04249999724
v 0.2064327621 0.09100000381 -0.04176776604
v 0.2071649933 0.09100000381 -0.03999999724
v 0.2064327621 0.09100000381 -0.03823222834
v 0.2046649933 0.09100000381 -0.03749999724
v 0.2028972244 0.09100000381 -0.03823222834
v 0.2021649933 0.09600000381 -0.03999999724
v 0.2021649933 0.09100000381 -0.03999999724
v 0.2021649933 0.09600000381 -0.03999999724
v 0.2028972244 0.09600000381 -0.04176776604
v 0.2046649933 0.09600000381 -0.04249999724
v 0.2064327621 0.09600000381 -0.04176776604
v 0.2071649933 0.09600000381 -0.03999999724
v 0.2064327621 0.09600000381 -0.03823222834
v 0.2046649933 0.09600000381 -0.03749999724
v 0.2028972244 0.09600000381 -0.03823222834
v 0.1966650009 0.09600000381 -0.03999999724
v 0.1975813484 0.09600000381 -0.03628221234
v 0.2001204872 0.09600000381 -0.03341612534
v 0.2037007141 0.09600000381 -0.03205833154
v 0.2075018311 0.09600000381 -0.03251987184
v 0.2106530952 0.09600000381 -0.03469502174
v 0.2124325371 0.09600000381 -0.03808547694
v 0.2124325371 0.09600000381 -0.04191452704
v 0.2106530952 0.09600000381 -0.04530498224
v 0.2075018311 0.09600000381 -0.04748013214
v 0.2037007141 0.09600000381 -0.04794167244
v 0.2001204872 0.09600000381 -0.04658386904
v 0.1975813484 0.09600000381 -0.04371778214
v 0.1966650009 0.09600000381 -0.03999999724
v 0.1975813484 0.09600000381 -0.04371778214
v 0.2001204872 0.09600000381 -0.04658386904
v 0.2037007141 0.09600000381 -0.04794167244
v 0.2075018311 0.09600000381 -0.04748013214
v 0.2106530952 0.09600000381 -0.04530498224
v 0.2124325371 0.09600000381 -0.04191452704
v 0.2124325371 0.09600000381 -0.03808547694
v 0.2106530952 0.09600000381 -0.03469502174
v 0.2075018311 0.09600000381 -0.03251987184
v 0.2037007141 0.09600000381 -0.03205833154
v 0.2001204872 0.09600000381 -0.03341612534
v 0.1975813484 0.09600000381 -0.03628221234
v 0.1966650009 0.09100000381 -0.03999999724
v 0.1975813484 0.09100000381 -0.03628221234
v 0.2001204872 0.09100000381 -0.03341612534
v 0.2037007141 0.09100000381 -0.03205833154
v 0.2075018311 0.09100000381 -0.03251987184
v 0.2106530952 0.09100000381 -0.03469502174
v 0.2124325371 0.09100000381 -0.03808547694
v 0.2124325371 0.09100000381 -0.04191452704
v 0.2106530952 0.09100000381 -0.04530498224
v 0.2075018311 0.09100000381 -0.04748013214
v 0.2037007141 0.09100000381 -0.04794167244
v 0.2001204872 0.09100000381 -0.04658386904
v 0.1975813484 0.09100000381 -0.04371778214
v 0.1966650009 0.09100000381 -0.03999999724
v 0.1966650009 0.09600000381 -0.03999999724
v 0.2021649933 0.09100000381 -0.03999999724
v 0.2028972244 0.09100000381 -0.03823222834
v 0.2046649933 0.09100000381 -0.03749999724
v 0.2064327621 0.09100000381 -0.03823222834
v 0.2071649933 0.09100000381 -0.03999999724
v 0.2064327621 0.09100000381 -0.04176776604
v 0.2046649933 0.09100000381 -0.04249999724
v 0.2028972244 0.09100000381 -0.04176776604
v 0.2021649933 0.09 -0.03999999724
v 0.2028972244 0.09 -0.04176776604
v 0.2046649933 0.09 -0.04249999724
v 0.2064327621 0.09 -0.04176776604
v 0.2071649933 0.09 -0.03999999724
v 0.2064327621 0.09 -0.03823222834
v 0.2046649933 0.09 -0.03749999724
v 0.2028972244 0.09 -0.03823222834
v 0.2021649933 0.09100000381 -0.03999999724
v 0.2021649933 0.09 -0.03999999724
v 0.2021649933 0.09 -0.03999999724
v 0.2028972244 0.09 -0.03823222834
v 0.2046649933 0.09 -0.03749999724
v 0.2064327621 0.09 -0.03823222834
v 0.2071649933 0.09 -0.03999999724
v 0.2064327621 0.09 -0.04176776604
v 0.2046649933 0.09 -0.04249999724
v 0.2028972244 0.09 -0.04176776604
v 0.1996649933 0.09 -0.03999999724
v 0.2006199074 0.09 -0.04293892584
v 0.2031199074 0.09 -0.04475528444
v 0.2062100792 0.09 -0.04475528444
v 0.2087100792 0.09 -0.04293892584
v 0.2096649933 0.09 -0.03999999724
v 0.2087100792 0.09 -0.03706107814
v 0.2062100792 0.09 -0.03524471954
v 0.2031199074 0.09 -0.03524471954
v 0.2006199074 0.09 -0.03706107814
v 0.2021649933 0.09100000381 -0.03999999724
v 0.2028972244 0.09100000381 -0.04176776604
v 0.2046649933 0.09100000381 -0.04249999724
v 0.2064327621 0.09100000381 -0.04176776604
v 0.2071649933 0.09100000381 -0.03999999724
v 0.2064327621 0.09100000381 -0.03823222834
v 0.2046649933 0.09100000381 -0.03749999724
v 0.2028972244 0.09100000381 -0.03823222834
v 0.1996649933 0.09100000381 -0.03999999724
v 0.2006199074 0.09100000381 -0.03706107814
v 0.2031199074 0.09100000381 -0.03524471954
v 0.2062100792 0.09100000381 -0.03524471954
v 0.2087100792 0.09100000381 -0.03706107814
v 0.2096649933 0.09100000381 -0.03999999724
v 0.2087100792 0.09100000381 -0.04293892584
v 0.2062100792 0.09100000381 -0.04475528444
v 0.2031199074 0.09100000381 -0.04475528444
v 0.2006199074 0.09100000381 -0.04293892584
v 0.1996649933 0.09100000381 -0.03999999724
v 0.2006199074 0.09100000381 -0.04293892584
v 0.2031199074 0.09100000381 -0.04475528444
v 0.2062100792 0.09100000381 -0.04475528444
v 0.2087100792 0.09100000381 -0.04293892584
v 0.2096649933 0.09100000381 -0.03999999724
v 0.2087100792 0.09100000381 -0.03706107814
v 0.2062100792 0.09100000381 -0.03524471954
v 0.2031199074 0.09100000381 -0.03524471954
v 0.2006199074 0.09100000381 -0.03706107814
v 0.1996649933 0.09 -0.03999999724
v 0.2006199074 0.09 -0.03706107814
v 0.2031199074 0.09 -0.03524471954
v 0.2062100792 0.09 -0.03524471954
v 0.2087100792 0.09 -0.03706107814
v 0.2096649933 0.09 -0.03999999724
v 0.2087100792 0.09 -0.04293892584
v 0.2062100792 0.09 -0.04475528444
v 0.2031199074 0.09 -0.04475528444
v 0.2006199074 0.09 -0.04293892584
v 0.1996649933 0.09 -0.03999999724
v 0.1996649933 0.09100000381 -0.03999999724
v 0.2021649933 0.085 -0.03999999724
v 0.2028972244 0.085 -0.03823222834
v 0.2046649933 0.085 -0.03749999724
v 0.2064327621 0.085 -0.03823222834
v 0.2071649933 0.085 -0.03999999724
v 0.2064327621 0.085 -0.04176776604
v 0.2046649933 0.085 -0.04249999724
v 0.2028972244 0.085 -0.04176776604
v 0.2021649933 0.08399999619 -0.03999999724
v 0.2028972244 0.08399999619 -0.04176776604
v 0.2046649933 0.08399999619 -0.04249999724
v 0.2064327621 0.08399999619 -0.04176776604
v 0.2071649933 0.08399999619 -0.03999999724
v 0.2064327621 0.08399999619 -0.03823222834
v 0.2046649933 0.08399999619 -0.03749999724
v 0.2028972244 0.08399999619 -0.03823222834
v 0.2021649933 0.085 -0.03999999724
v 0.2021649933 0.08399999619 -0.03999999724
v 0.2021649933 0.08399999619 -0.03999999724
v 0.2028972244 0.08399999619 -0.03823222834
v 0.2046649933 0.08399999619 -0.03749999724
v 0.2064327621 0.08399999619 -0.03823222834
v 0.2071649933 0.08399999619 -0.03999999724
v 0.2064327621 0.08399999619 -0.04176776604
v 0.2046649933 0.08399999619 -0.04249999724
v 0.2028972244 0.08399999619 -0.04176776604
v 0.1996649933 0.08399999619 -0.03999999724
v 0.2006199074 0.08399999619 -0.04293892584
v 0.2031199074 0.08399999619 -0.04475528444
v 0.2062100792 0.08399999619 -0.04475528444
v 0.2087100792 0.08399999619 -0.04293892584
v 0.2096649933 0.08399999619 -0.03999999724
v 0.2087100792 0.08399999619 -0.03706107814
v 0.2062100792 0.08399999619 -0.03524471954
v 0.2031199074 0.08399999619 -0.03524471954
v 0.2006199074 0.08399999619 -0.03706107814
v 0.2021649933 0.085 -0.03999999724
v 0.2028972244 0.085 -0.04176776604
v 0.2046649933 0.085 -0.04249999724
v 0.2064327621 0.085 -0.04176776604
v 0.2071649933 0.085 -0.03999999724
v 0.2064327621 0.085 -0.03823222834
v 0.2046649933 0.085 -0.03749999724
v 0.2028972244 0.085 -0.03823222834
v 0.1996649933 0.085 -0.03999999724
v 0.2006199074 0.085 -0.03706107814
v 0.2031199074 0.085 -0.03524471954
v 0.2062100792 0.085 -0.03524471954
v 0.2087100792 0.085 -0.03706107814
v 0.2096649933 0.085 -0.03999999724
v 0.2087100792 0.085 -0.04293892584
v 0.2062100792 0.085 -0.04475528444
v 0.2031199074 0.085 -0.04475528444
v 0.2006199074 0.085 -0.04293892584
v 0.1996649933 0.085 -0.03999999724
v 0.2006199074 0.085 -0.04293892584
v 0.2031199074 0.085 -0.04475528444
v 0.2062100792 0.085 -0.04475528444
v 0.2087100792 0.085 -0.04293892584
v 0.2096649933 0.085 -0.03999999724
v 0.2087100792 0.085 -0.03706107814
v 0.2062100792 0.085 -0.03524471954
v 0.2031199074 0.085 -0.03524471954
v 0.2006199074 0.085 -0.03706107814
v 0.1996649933 0.08399999619 -0.03999999724
v 0.2006199074 0.08399999619 -0.03706107814
v 0.2031199074 0.08399999619 -0.03524471954
v 0.2062100792 0.08399999619 -0.03524471954
v 0.2087100792 0.08399999619 -0.03706107814
v 0.2096649933 0.08399999619 -0.03999999724
v 0.2087100792 0.08399999619 -0.04293892584
v 0.2062100792 0.08399999619 -0.04475528444
v 0.2031199074 0.08399999619 -0.04475528444
v 0.2006199074 0.08399999619 -0.04293892584
v 0.1996649933 0.08399999619 -0.03999999724
v 0.1996649933 0.085 -0.03999999724
v 0.2021649933 0.09600000381 -0.03999999724
v 0.2028972244 0.09600000381 -0.03823222834
v 0.2046649933 0.09600000381 -0.03749999724
v 0.2064327621 0.09600000381 -0.03823222834
v 0.2071649933 0.09600000381 -0.03999999724
v 0.2064327621 0.09600000381 -0.04176776604
v 0.2046649933 0.09600000381 -0.04249999724
v 0.2028972244 0.09600000381 -0.04176776604
v 0.1996649933 0.09600000381 -0.03999999724
v 0.2006199074 0.09600000381 -0.04293892584
v 0.2031199074 0.09600000381 -0.04475528444
v 0.2062100792 0.09600000381 -0.04475528444
v 0.2087100792 0.09600000381 -0.04293892584
v 0.2096649933 0.09600000381 -0.03999999724
v 0.2087100792 0.09600000381 -0.03706107814
v 0.2062100792 0.09600000381 -0.03524471954
v 0.2031199074 0.09600000381 -0.03524471954
v 0.2006199074 0.09600000381 -0.03706107814
v 0.1996649933 0.09699999809 -0.03999999724
v 0.2006199074 0.09699999809 -0.04293892584
v 0.2031199074 0.09699999809 -0.04475528444
v 0.2062100792 0.09699999809 -0.04475528444
v 0.2087100792 0.09699999809 -0.04293892584
v 0.2096649933 0.09699999809 -0.03999999724
v 0.2087100792 0.09699999809 -0.03706107814
v 0.2062100792 0.09699999809 -0.03524471954
v 0.2031199074 0.09699999809 -0.03524471954
v 0.2006199074 0.09699999809 -0.03706107814
v 0.1996649933 0.09600000381 -0.03999999724
v 0.2006199074 0.09600000381 -0.03706107814
v 0.2031199074 0.09600000381 -0.03524471954
v 0.2062100792 0.09600000381 -0.03524471954
v 0.2087100792 0.09600000381 -0.03706107814
v 0.2096649933 0.09600000381 -0.03999999724
v 0.2087100792 0.09600000381 -0.04293892584
v 0.2062100792 0.09600000381 -0.04475528444
v 0.2031199074 0.09600000381 -0.04475528444
v 0.2006199074 0.09600000381 -0.04293892584
v 0.1996649933 0.09600000381 -0.03999999724
v 0.1996649933 0.09699999809 -0.03999999724
v 0.2021649933 0.09699999809 -0.03999999724
v 0.2028972244 0.09699999809 -0.04176776604
v 0.2046649933 0.09699999809 -0.04249999724
v 0.2064327621 0.09699999809 -0.04176776604
v 0.2071649933 0.09699999809 -0.03999999724
v 0.2064327621 0.09699999809 -0.03823222834
v 0.2046649933 0.09699999809 -0.03749999724
v 0.2028972244 0.09699999809 -0.03823222834
v 0.1996649933 0.09699999809 -0.03999999724
v 0.2006199074 0.09699999809 -0.03706107814
v 0.2031199074 0.09699999809 -0.03524471954
v 0.2062100792 0.09699999809 -0.03524471954
v 0.2087100792 0.09699999809 -0.03706107814
v 0.2096649933 0.09699999809 -0.03999999724
v 0.2087100792 0.09699999809 -0.04293892584
v 0.2062100792 0.09699999809 -0.04475528444
v 0.2031199074 0.09699999809 -0.04475528444
v 0.2006199074 0.09699999809 -0.04293892584
v 0.2021649933 0.09699999809 -0.03999999724
v 0.2028972244 0.09699999809 -0.03823222834
v 0.2046649933 0.09699999809 -0.03749999724
v 0.2064327621 0.09699999809 -0.03823222834
v 0.2071649933 0.09699999809 -0.03999999724
v 0.2064327621 0.09699999809 -0.04176776604
v 0.2046649933 0.09699999809 -0.04249999724
v 0.2028972244 0.09699999809 -0.04176776604
v 0.2021649933 0.09600000381 -0.03999999724
v 0.2028972244 0.09600000381 -0.04176776604
v 0.2046649933 0.09600000381 -0.04249999724
v 0.2064327621 0.09600000381 -0.04176776604
v 0.2071649933 0.09600000381 -0.03999999724
v 0.2064327621 0.09600000381 -0.03823222834
v 0.2046649933 0.09600000381 -0.03749999724
v 0.2028972244 0.09600000381 -0.03823222834
v 0.2021649933 0.09699999809 -0.03999999724
v 0.2021649933 0.09600000381 -0.03999999724
v 0.2019149971 0.07300000191 -0.03999999724
v 0.2027204514 0.07300000191 -0.03805545534
v 0.2046649933 0.07300000191 -0.03725000104
v 0.2066095352 0.07300000191 -0.03805545534
v 0.2074150085 0.07300000191 -0.03999999724
v 0.2066095352 0.07300000191 -0.04194453914
v 0.2046649933 0.07300000191 -0.04275000294
v 0.2027204514 0.07300000191 -0.04194453914
v 0.2019149971 0.07199999809 -0.03999999724
v 0.2027204514 0.07199999809 -0.04194453914
v 0.2046649933 0.07199999809 -0.04275000294
v 0.2066095352 0.07199999809 -0.04194453914
v 0.2074150085 0.07199999809 -0.03999999724
v 0.2066095352 0.07199999809 -0.03805545534
v 0.2046649933 0.07199999809 -0.03725000104
v 0.2027204514 0.07199999809 -0.03805545534
v 0.2019149971 0.07300000191 -0.03999999724
v 0.2019149971 0.07199999809 -0.03999999724
v 0.2019149971 0.07199999809 -0.03999999724
v 0.2027204514 0.07199999809 -0.03805545534
v 0.2046649933 0.07199999809 -0.03725000104
v 0.2066095352 0.07199999809 -0.03805545534
v 0.2074150085 0.07199999809 -0.03999999724
v 0.2066095352 0.07199999809 -0.04194453914
v 0.2046649933 0.07199999809 -0.04275000294
v 0.2027204514 0.07199999809 -0.04194453914
v 0.1996649933 0.07199999809 -0.03999999724
v 0.2006199074 0.07199999809 -0.04293892584
v 0.2031199074 0.07199999809 -0.04475528444
v 0.2062100792 0.07199999809 -0.04475528444
v 0.2087100792 0.07199999809 -0.04293892584
v 0.2096649933 0.07199999809 -0.03999999724
v 0.2087100792 0.07199999809 -0.03706107814
v 0.2062100792 0.07199999809 -0.03524471954
v 0.2031199074 0.07199999809 -0.03524471954
v 0.2006199074 0.07199999809 -0.03706107814
v 0.2019149971 0.07300000191 -0.03999999724
v 0.2027204514 0.07300000191 -0.04194453914
v 0.2046649933 0.07300000191 -0.04275000294
v 0.2066095352 0.07300000191 -0.04194453914
v 0.2074150085 0.07300000191 -0.03999999724
v 0.2066095352 0.07300000191 -0.03805545534
v 0.2046649933 0.07300000191 -0.03725000104
v 0.2027204514 0.07300000191 -0.03805545534
v 0.1996649933 0.07300000191 -0.03999999724
v 0.2006199074 0.07300000191 -0.03706107814
v 0.2031199074 0.07300000191 -0.03524471954
v 0.2062100792 0.07300000191 -0.03524471954
v 0.2087100792 0.07300000191 -0.03706107814
v 0.2096649933 0.07300000191 -0.03999999724
v 0.2087100792 0.07300000191 -0.04293892584
v 0.2062100792 0.07300000191 -0.04475528444
v 0.2031199074 0.07300000191 -0.04475528444
v 0.2006199074 0.07300000191 -0.04293892584
v 0.1996649933 0.07300000191 -0.03999999724
v 0.2006199074 0.07300000191 -0.04293892584
v 0.2031199074 0.07300000191 -0.04475528444
v 0.2062100792 0.07300000191 -0.04475528444
v 0.2087100792 0.07300000191 -0.04293892584
v 0.2096649933 0.07300000191 -0.03999999724
v 0.2087100792 0.07300000191 -0.03706107814
v 0.2062100792 0.07300000191 -0.03524471954
v 0.2031199074 0.07300000191 -0.03524471954
v 0.2006199074 0.07300000191 -0.03706107814
v 0.1996649933 0.07199999809 -0.03999999724
v 0.2006199074 0.07199999809 -0.03706107814
v 0.2031199074 0.07199999809 -0.03524471954
v 0.2062100792 0.07199999809 -0.03524471954
v 0.2087100792 0.07199999809 -0.03706107814
v 0.2096649933 0.07199999809 -0.03999999724
v 0.2087100792 0.07199999809 -0.04293892584
v 0.2062100792 0.07199999809 -0.04475528444
v 0.2031199074 0.07199999809 -0.04475528444
v 0.2006199074 0.07199999809 -0.04293892584
v 0.1996649933 0.07199999809 -0.03999999724
v 0.1996649933 0.07300000191 -0.03999999724
v 0.2035103035 0.06699999809 -0.03799999914
v 0.2058197021 0.06699999809 -0.03799999914
v 0.2069743919 0.06699999809 -0.03999999724
v 0.2058197021 0.06699999809 -0.04199999534
v 0.2035103035 0.06699999809 -0.04199999534
v 0.2023555946 0.06699999809 -0.03999999724
v 0.2004150009 0.06699999809 -0.03999999724
v 0.2012266731 0.06699999809 -0.04249808984
v 0.2033516693 0.06699999809 -0.04404199324
v 0.2059783173 0.06699999809 -0.04404199324
v 0.2081033134 0.06699999809 -0.04249808984
v 0.2089150047 0.06699999809 -0.03999999724
v 0.2081033134 0.06699999809 -0.03750191414
v 0.2059783173 0.06699999809 -0.03595801074
v 0.2033516693 0.06699999809 -0.03595801074
v 0.2012266731 0.06699999809 -0.03750191414
v 0.2004150009 0.07199999809 -0.03999999724
v 0.2012266731 0.07199999809 -0.04249808984
v 0.2033516693 0.07199999809 -0.04404199324
v 0.2059783173 0.07199999809 -0.04404199324
v 0.2081033134 0.07199999809 -0.04249808984
v 0.2089150047 0.07199999809 -0.03999999724
v 0.2081033134 0.07199999809 -0.03750191414
v 0.2059783173 0.07199999809 -0.03595801074
v 0.2033516693 0.07199999809 -0.03595801074
v 0.2012266731 0.07199999809 -0.03750191414
v 0.2004150009 0.06699999809 -0.03999999724
v 0.2012266731 0.06699999809 -0.03750191414
v 0.2033516693 0.06699999809 -0.03595801074
v 0.2059783173 0.06699999809 -0.03595801074
v 0.2081033134 0.06699999809 -0.03750191414
v 0.2089150047 0.06699999809 -0.03999999724
v 0.2081033134 0.06699999809 -0.04249808984
v 0.2059783173 0.06699999809 -0.04404199324
v 0.2033516693 0.06699999809 -0.04404199324
v 0.2012266731 0.06699999809 -0.04249808984
v 0.2004150009 0.06699999809 -0.03999999724
v 0.2004150009 0.07199999809 -0.03999999724
v 0.2058197021 0.06699999809 -0.03799999914
v 0.2035103035 0.06699999809 -0.03799999914
v 0.2035103035 0.06949999809 -0.03799999914
v 0.2058197021 0.06949999809 -0.03799999914
v 0.2035103035 0.06699999809 -0.03799999914
v 0.2023555946 0.06699999809 -0.03999999724
v 0.2023555946 0.06949999809 -0.03999999724
v 0.2035103035 0.06949999809 -0.03799999914
v 0.2058197021 0.06699999809 -0.04199999534
v 0.2069743919 0.06699999809 -0.03999999724
v 0.2069743919 0.06949999809 -0.03999999724
v 0.2058197021 0.06949999809 -0.04199999534
v 0.2069743919 0.06949999809 -0.03999999724
v 0.2058197021 0.06949999809 -0.03799999914
v 0.2035103035 0.06949999809 -0.03799999914
v 0.2023555946 0.06949999809 -0.03999999724
v 0.2035103035 0.06949999809 -0.04199999534
v 0.2058197021 0.06949999809 -0.04199999534
v 0.2023555946 0.06699999809 -0.03999999724
v 0.2035103035 0.06699999809 -0.04199999534
v 0.2035103035 0.06949999809 -0.04199999534
v 0.2023555946 0.06949999809 -0.03999999724
v 0.2035103035 0.06699999809 -0.04199999534
v 0.2058197021 0.06699999809 -0.04199999534
v 0.2058197021 0.06949999809 -0.04199999534
v 0.2035103035 0.06949999809 -0.04199999534
v 0.2069743919 0.06699999809 -0.03999999724
v 0.2058197021 0.06699999809 -0.03799999914
v 0.2058197021 0.06949999809 -0.03799999914
v 0.2069743919 0.06949999809 -0.03999999724
v 0.2004150009 0.07199999809 -0.03999999724
v 0.2012266731 0.07199999809 -0.03750191414
v 0.2033516693 0.07199999809 -0.03595801074
v 0.2059783173 0.07199999809 -0.03595801074
v 0.2081033134 0.07199999809 -0.03750191414
v 0.2089150047 0.07199999809 -0.03999999724
v 0.2081033134 0.07199999809 -0.04249808984
v 0.2059783173 0.07199999809 -0.04404199324
v 0.2033516693 0.07199999809 -0.04404199324
v 0.2012266731 0.07199999809 -0.04249808984
v 0.2021649933 0.07199999809 -0.03999999724
v 0.2028972244 0.07199999809 -0.04176776604
v 0.2046649933 0.07199999809 -0.04249999724
v 0.2064327621 0.07199999809 -0.04176776604
v 0.2071649933 0.07199999809 -0.03999999724
v 0.2064327621 0.07199999809 -0.03823222834
v 0.2046649933 0.07199999809 -0.03749999724
v 0.2028972244 0.07199999809 -0.03823222834
v 0.2021649933 0.1069999981 -0.03999999724
v 0.2028972244 0.1069999981 -0.03823222834
v 0.2046649933 0.1069999981 -0.03749999724
v 0.2064327621 0.1069999981 -0.03823222834
v 0.2071649933 0.1069999981 -0.03999999724
v 0.2064327621 0.1069999981 -0.04176776604
v 0.2046649933 0.1069999981 -0.04249999724
v 0.2028972244 0.1069999981 -0.04176776604
v 0.2021649933 0.1069999981 -0.03999999724
v 0.2028972244 0.1069999981 -0.04176776604
v 0.2046649933 0.1069999981 -0.04249999724
v 0.2064327621 0.1069999981 -0.04176776604
v 0.2071649933 0.1069999981 -0.03999999724
v 0.2064327621 0.1069999981 -0.03823222834
v 0.2046649933 0.1069999981 -0.03749999724
v 0.2028972244 0.1069999981 -0.03823222834
v 0.2021649933 0.07199999809 -0.03999999724
v 0.2028972244 0.07199999809 -0.03823222834
v 0.2046649933 0.07199999809 -0.03749999724
v 0.2064327621 0.07199999809 -0.03823222834
v 0.2071649933 0.07199999809 -0.03999999724
v 0.2064327621 0.07199999809 -0.04176776604
v 0.2046649933 0.07199999809 -0.04249999724
v 0.2028972244 0.07199999809 -0.04176776604
v 0.2021649933 0.07199999809 -0.03999999724
v 0.2021649933 0.1069999981 -0.03999999724
v 0.2021649933 0.1019999981 -0.03999999724
v 0.2028972244 0.1019999981 -0.03823222834
v 0.2046649933 0.1019999981 -0.03749999724
v 0.2064327621 0.1019999981 -0.03823222834
v 0.2071649933 0.1019999981 -0.03999999724
v 0.2064327621 0.1019999981 -0.04176776604
v 0.2046649933 0.1019999981 -0.04249999724
v 0.2028972244 0.1019999981 -0.04176776604
v 0.2021649933 0.09699999809 -0.03999999724
v 0.2028972244 0.09699999809 -0.04176776604
v 0.2046649933 0.09699999809 -0.04249999724
v 0.2064327621 0.09699999809 -0.04176776604
v 0.2071649933 0.09699999809 -0.03999999724
v 0.2064327621 0.09699999809 -0.03823222834
v 0.2046649933 0.09699999809 -0.03749999724
v 0.2028972244 0.09699999809 -0.03823222834
v 0.2021649933 0.1019999981 -0.03999999724
v 0.2021649933 0.09699999809 -0.03999999724
v 0.200046196 0.09699999809 -0.03999999724
v 0.2023555946 0.09699999809 -0.03600000104
v 0.2023555946 0.1019999981 -0.03600000104
v 0.200046196 0.1019999981 -0.03999999724
v 0.2092838097 0.09699999809 -0.03999999724
v 0.2069743919 0.09699999809 -0.04400000294
v 0.2069743919 0.1019999981 -0.04400000294
v 0.2092838097 0.1019999981 -0.03999999724
v 0.2069743919 0.09699999809 -0.03600000104
v 0.2092838097 0.09699999809 -0.03999999724
v 0.2092838097 0.1019999981 -0.03999999724
v 0.2069743919 0.1019999981 -0.03600000104
v 0.2069743919 0.09699999809 -0.04400000294
v 0.2023555946 0.09699999809 -0.04400000294
v 0.2023555946 0.1019999981 -0.04400000294
v 0.2069743919 0.1019999981 -0.04400000294
v 0.2021649933 0.09699999809 -0.03999999724
v 0.2028972244 0.09699999809 -0.03823222834
v 0.2046649933 0.09699999809 -0.03749999724
v 0.2064327621 0.09699999809 -0.03823222834
v 0.2071649933 0.09699999809 -0.03999999724
v 0.2064327621 0.09699999809 -0.04176776604
v 0.2046649933 0.09699999809 -0.04249999724
v 0.2028972244 0.09699999809 -0.04176776604
v 0.2092838097 0.09699999809 -0.03999999724
v 0.2069743919 0.09699999809 -0.03600000104
v 0.2023555946 0.09699999809 -0.03600000104
v 0.200046196 0.09699999809 -0.03999999724
v 0.2023555946 0.09699999809 -0.04400000294
v 0.2069743919 0.09699999809 -0.04400000294
v 0.2021649933 0.1019999981 -0.03999999724
v 0.2028972244 0.1019999981 -0.04176776604
v 0.2046649933 0.1019999981 -0.04249999724
v 0.2064327621 0.1019999981 -0.04176776604
v 0.2071649933 0.1019999981 -0.03999999724
v 0.2064327621 0.1019999981 -0.03823222834
v 0.2046649933 0.1019999981 -0.03749999724
v 0.2028972244 0.1019999981 -0.03823222834
v 0.2069743919 0.1019999981 -0.03600000104
v 0.2092838097 0.1019999981 -0.03999999724
v 0.2069743919 0.1019999981 -0.04400000294
v 0.2023555946 0.1019999981 -0.04400000294
v 0.200046196 0.1019999981 -0.03999999724
v 0.2023555946 0.1019999981 -0.03600000104
v 0.2023555946 0.09699999809 -0.03600000104
v 0.2069743919 0.09699999809 -0.03600000104
v 0.2069743919 0.1019999981 -0.03600000104
v 0.2023555946 0.1019999981 -0.03600000104
v 0.2023555946 0.09699999809 -0.04400000294
v 0.200046196 0.09699999809 -0.03999999724
v 0.200046196 0.1019999981 -0.03999999724
v 0.2023555946 0.1019999981 -0.04400000294
v 0.2021649933 0.09 0.04000000276
v 0.2028972244 0.09 0.03823223396
v 0.2046649933 0.09 0.03750000276
v 0.2064327621 0.09 0.03823223396
v 0.2071649933 0.09 0.04000000276
v 0.2064327621 0.09 0.04176777166
v 0.2046649933 0.09 0.04250000276
v 0.2028972244 0.09 0.04176777166
v 0.1966650009 0.09 0.04000000276
v 0.1975813484 0.09 0.04371778766
v 0.2001204872 0.09 0.04658386506
v 0.2037007141 0.09 0.04794166846
v 0.2075018311 0.09 0.04748012816
v 0.2106530952 0.09 0.04530498786
v 0.2124325371 0.09 0.04191452306
v 0.2124325371 0.09 0.03808548256
v 0.2106530952 0.09 0.03469501776
v 0.2075018311 0.09 0.03251987736
v 0.2037007141 0.09 0.03205833716
v 0.2001204872 0.09 0.03341612136
v 0.1975813484 0.09 0.03628221786
v 0.2021649933 0.085 0.04000000276
v 0.2028972244 0.085 0.04176777166
v 0.2046649933 0.085 0.04250000276
v 0.2064327621 0.085 0.04176777166
v 0.2071649933 0.085 0.04000000276
v 0.2064327621 0.085 0.03823223396
v 0.2046649933 0.085 0.03750000276
v 0.2028972244 0.085 0.03823223396
v 0.1966650009 0.085 0.04000000276
v 0.1975813484 0.085 0.03628221786
v 0.2001204872 0.085 0.03341612136
v 0.2037007141 0.085 0.03205833716
v 0.2075018311 0.085 0.03251987736
v 0.2106530952 0.085 0.03469501776
v 0.2124325371 0.085 0.03808548256
v 0.2124325371 0.085 0.04191452306
v 0.2106530952 0.085 0.04530498786
v 0.2075018311 0.085 0.04748012816
v 0.2037007141 0.085 0.04794166846
v 0.2001204872 0.085 0.04658386506
v 0.1975813484 0.085 0.04371778766
v 0.1966650009 0.09 0.04000000276
v 0.1975813484 0.09 0.03628221786
v 0.2001204872 0.09 0.03341612136
v 0.2037007141 0.09 0.03205833716
v 0.2075018311 0.09 0.03251987736
v 0.2106530952 0.09 0.03469501776
v 0.2124325371 0.09 0.03808548256
v 0.2124325371 0.09 0.04191452306
v 0.2106530952 0.09 0.04530498786
v 0.2075018311 0.09 0.04748012816
v 0.2037007141 0.09 0.04794166846
v 0.2001204872 0.09 0.04658386506
v 0.1975813484 0.09 0.04371778766
v 0.1966650009 0.085 0.04000000276
v 0.1975813484 0.085 0.04371778766
v 0.2001204872 0.085 0.04658386506
v 0.2037007141 0.085 0.04794166846
v 0.2075018311 0.085 0.04748012816
v 0.2106530952 0.085 0.04530498786
v 0.2124325371 0.085 0.04191452306
v 0.2124325371 0.085 0.03808548256
v 0.2106530952 0.085 0.03469501776
v 0.2075018311 0.085 0.03251987736
v 0.2037007141 0.085 0.03205833716
v 0.2001204872 0.085 0.03341612136
v 0.1975813484 0.085 0.03628221786
v 0.1966650009 0.085 0.04000000276
v 0.1966650009 0.09 0.04000000276
v 0.2021649933 0.09 0.04000000276
v 0.2028972244 0.09 0.04176777166
v 0.2046649933 0.09 0.04250000276
v 0.2064327621 0.09 0.04176777166
v 0.2071649933 0.09 0.04000000276
v 0.2064327621 0.09 0.03823223396
v 0.2046649933 0.09 0.03750000276
v 0.2028972244 0.09 0.03823223396
v 0.2021649933 0.085 0.04000000276
v 0.2028972244 0.085 0.03823223396
v 0.2046649933 0.085 0.03750000276
v 0.2064327621 0.085 0.03823223396
v 0.2071649933 0.085 0.04000000276
v 0.2064327621 0.085 0.04176777166
v 0.2046649933 0.085 0.04250000276
v 0.2028972244 0.085 0.04176777166
v 0.2021649933 0.09 0.04000000276
v 0.2021649933 0.085 0.04000000276
v 0.2021649933 0.09100000381 0.04000000276
v 0.2028972244 0.09100000381 0.04176777166
v 0.2046649933 0.09100000381 0.04250000276
v 0.2064327621 0.09100000381 0.04176777166
v 0.2071649933 0.09100000381 0.04000000276
v 0.2064327621 0.09100000381 0.03823223396
v 0.2046649933 0.09100000381 0.03750000276
v 0.2028972244 0.09100000381 0.03823223396
v 0.1966650009 0.09100000381 0.04000000276
v 0.1975813484 0.09100000381 0.03628221786
v 0.2001204872 0.09100000381 0.03341612136
v 0.2037007141 0.09100000381 0.03205833716
v 0.2075018311 0.09100000381 0.03251987736
v 0.2106530952 0.09100000381 0.03469501776
v 0.2124325371 0.09100000381 0.03808548256
v 0.2124325371 0.09100000381 0.04191452306
v 0.2106530952 0.09100000381 0.04530498786
v 0.2075018311 0.09100000381 0.04748012816
v 0.2037007141 0.09100000381 0.04794166846
v 0.2001204872 0.09100000381 0.04658386506
v 0.1975813484 0.09100000381 0.04371778766
v 0.2021649933 0.09600000381 0.04000000276
v 0.2028972244 0.09600000381 0.04176777166
v 0.2046649933 0.09600000381 0.04250000276
v 0.2064327621 0.09600000381 0.04176777166
v 0.2071649933 0.09600000381 0.04000000276
v 0.2064327621 0.09600000381 0.03823223396
v 0.2046649933 0.09600000381 0.03750000276
v 0.2028972244 0.09600000381 0.03823223396
v 0.2021649933 0.09100000381 0.04000000276
v 0.2028972244 0.09100000381 0.03823223396
v 0.2046649933 0.09100000381 0.03750000276
v 0.2064327621 0.09100000381 0.03823223396
v 0.2071649933 0.09100000381 0.04000000276
v 0.2064327621 0.09100000381 0.04176777166
v 0.2046649933 0.09100000381 0.04250000276
v 0.2028972244 0.09100000381 0.04176777166
v 0.2021649933 0.09600000381 0.04000000276
v 0.2021649933 0.09100000381 0.04000000276
v 0.2021649933 0.09600000381 0.04000000276
v 0.2028972244 0.09600000381 0.03823223396
v 0.2046649933 0.09600000381 0.03750000276
v 0.2064327621 0.09600000381 0.03823223396
v 0.2071649933 0.09600000381 0.04000000276
v 0.2064327621 0.09600000381 0.04176777166
v 0.2046649933 0.09600000381 0.04250000276
v 0.2028972244 0.09600000381 0.04176777166
v 0.1966650009 0.09600000381 0.04000000276
v 0.1975813484 0.09600000381 0.04371778766
v 0.2001204872 0.09600000381 0.04658386506
v 0.2037007141 0.09600000381 0.04794166846
v 0.2075018311 0.09600000381 0.04748012816
v 0.2106530952 0.09600000381 0.04530498786
v 0.2124325371 0.09600000381 0.04191452306
v 0.2124325371 0.09600000381 0.03808548256
v 0.2106530952 0.09600000381 0.03469501776
v 0.2075018311 0.09600000381 0.03251987736
v 0.2037007141 0.09600000381 0.03205833716
v 0.2001204872 0.09600000381 0.03341612136
v 0.1975813484 0.09600000381 0.03628221786
v 0.1966650009 0.09600000381 0.04000000276
v 0.1975813484 0.09600000381 0.03628221786
v 0.2001204872 0.09600000381 0.03341612136
v 0.2037007141 0.09600000381 0.03205833716
v 0.2075018311 0.09600000381 0.03251987736
v 0.2106530952 0.09600000381 0.03469501776
v 0.2124325371 0.09600000381 0.03808548256
v 0.2124325371 0.09600000381 0.04191452306
v 0.2106530952 0.09600000381 0.04530498786
v 0.2075018311 0.09600000381 0.04748012816
v 0.2037007141 0.09600000381 0.04794166846
v 0.2001204872 0.09600000381 0.04658386506
v 0.1975813484 0.09600000381 0.04371778766
v 0.1966650009 0.09100000381 0.04000000276
v 0.1975813484 0.09100000381 0.04371778766
v 0.2001204872 0.09100000381 0.04658386506
v 0.2037007141 0.09100000381 0.04794166846
v 0.2075018311 0.09100000381 0.04748012816
v 0.2106530952 0.09100000381 0.04530498786
v 0.2124325371 0.09100000381 0.04191452306
v 0.2124325371 0.09100000381 0.03808548256
v 0.2106530952 0.09100000381 0.03469501776
v 0.2075018311 0.09100000381 0.03251987736
v 0.2037007141 0.09100000381 0.03205833716
v 0.2001204872 0.09100000381 0.03341612136
v 0.1975813484 0.09100000381 0.03628221786
v 0.1966650009 0.09100000381 0.04000000276
v 0.1966650009 0.09600000381 0.04000000276
v 0.2021649933 0.09100000381 0.04000000276
v 0.2028972244 0.09100000381 0.04176777166
v 0.2046649933 0.09100000381 0.04250000276
v 0.2064327621 0.09100000381 0.04176777166
v 0.2071649933 0.09100000381 0.04000000276
v 0.2064327621 0.09100000381 0.03823223396
v 0.2046649933 0.09100000381 0.03750000276
v 0.2028972244 0.09100000381 0.03823223396
v 0.2021649933 0.09 0.04000000276
v 0.2028972244 0.09 0.03823223396
v 0.2046649933 0.09 0.03750000276
v 0.2064327621 0.09 0.03823223396
v 0.2071649933 0.09 0.04000000276
v 0.2064327621 0.09 0.04176777166
v 0.2046649933 0.09 0.04250000276
v 0.2028972244 0.09 0.04176777166
v 0.2021649933 0.09100000381 0.04000000276
v 0.2021649933 0.09 0.04000000276
v 0.2021649933 0.09 0.04000000276
v 0.2028972244 0.09 0.04176777166
v 0.2046649933 0.09 0.04250000276
v 0.2064327621 0.09 0.04176777166
v 0.2071649933 0.09 0.04000000276
v 0.2064327621 0.09 0.03823223396
v 0.2046649933 0.09 0.03750000276
v 0.2028972244 0.09 0.03823223396
v 0.1996649933 0.09 0.04000000276
v 0.2006199074 0.09 0.03706106466
v 0.2031199074 0.09 0.03524471556
v 0.2062100792 0.09 0.03524471556
v 0.2087100792 0.09 0.03706106466
v 0.2096649933 0.09 0.04000000276
v 0.2087100792 0.09 0.04293892186
v 0.2062100792 0.09 0.04475528996
v 0.2031199074 0.09 0.04475528996
v 0.2006199074 0.09 0.04293892186
v 0.2021649933 0.09100000381 0.04000000276
v 0.2028972244 0.09100000381 0.03823223396
v 0.2046649933 0.09100000381 0.03750000276
v 0.2064327621 0.09100000381 0.03823223396
v 0.2071649933 0.09100000381 0.04000000276
v 0.2064327621 0.09100000381 0.04176777166
v 0.2046649933 0.09100000381 0.04250000276
v 0.2028972244 0.09100000381 0.04176777166
v 0.1996649933 0.09100000381 0.04000000276
v 0.2006199074 0.09100000381 0.04293892186
v 0.2031199074 0.09100000381 0.04475528996
v 0.2062100792 0.09100000381 0.04475528996
v 0.2087100792 0.09100000381 0.04293892186
v 0.2096649933 0.09100000381 0.04000000276
v 0.2087100792 0.09100000381 0.03706106466
v 0.2062100792 0.09100000381 0.03524471556
v 0.2031199074 0.09100000381 0.03524471556
v 0.2006199074 0.09100000381 0.03706106466
v 0.1996649933 0.09100000381 0.04000000276
v 0.2006199074 0.09100000381 0.03706106466
v 0.2031199074 0.09100000381 0.03524471556
v 0.2062100792 0.09100000381 0.03524471556
v 0.2087100792 0.09100000381 0.03706106466
v 0.2096649933 0.09100000381 0.04000000276
v 0.2087100792 0.09100000381 0.04293892186
v 0.2062100792 0.09100000381 0.04475528996
v 0.2031199074 0.09100000381 0.04475528996
v 0.2006199074 0.09100000381 0.04293892186
v 0.1996649933 0.09 0.04000000276
v 0.2006199074 0.09 0.04293892186
v 0.2031199074 0.09 0.04475528996
v 0.2062100792 0.09 0.04475528996
v 0.2087100792 0.09 0.04293892186
v 0.2096649933 0.09 0.04000000276
v 0.2087100792 0.09 0.03706106466
v 0.2062100792 0.09 0.03524471556
v 0.2031199074 0.09 0.03524471556
v 0.2006199074 0.09 0.03706106466
v 0.1996649933 0.09 0.04000000276
v 0.1996649933 0.09100000381 0.04000000276
v 0.2021649933 0.085 0.04000000276
v 0.2028972244 0.085 0.03823223396
v 0.2046649933 0.085 0.03750000276
v 0.2064327621 0.085 0.03823223396
v 0.2071649933 0.085 0.04000000276
v 0.2064327621 0.085 0.04176777166
v 0.2046649933 0.085 0.04250000276
v 0.2028972244 0.085 0.04176777166
v 0.1996649933 0.085 0.04000000276
v 0.2006199074 0.085 0.04293892186
v 0.2031199074 0.085 0.04475528996
v 0.2062100792 0.085 0.04475528996
v 0.2087100792 0.085 0.04293892186
v 0.2096649933 0.085 0.04000000276
v 0.2087100792 0.085 0.03706106466
v 0.2062100792 0.085 0.03524471556
v 0.2031199074 0.085 0.03524471556
v 0.2006199074 0.085 0.03706106466
v 0.2021649933 0.085 0.04000000276
v 0.2028972244 0.085 0.04176777166
v 0.2046649933 0.085 0.04250000276
v 0.2064327621 0.085 0.04176777166
v 0.2071649933 0.085 0.04000000276
v 0.2064327621 0.085 0.03823223396
v 0.2046649933 0.085 0.03750000276
v 0.2028972244 0.085 0.03823223396
v 0.2021649933 0.08399999619 0.04000000276
v 0.2028972244 0.08399999619 0.03823223396
v 0.2046649933 0.08399999619 0.03750000276
v 0.2064327621 0.08399999619 0.03823223396
v 0.2071649933 0.08399999619 0.04000000276
v 0.2064327621 0.08399999619 0.04176777166
v 0.2046649933 0.08399999619 0.04250000276
v 0.2028972244 0.08399999619 0.04176777166
v 0.2021649933 0.085 0.04000000276
v 0.2021649933 0.08399999619 0.04000000276
v 0.2021649933 0.08399999619 0.04000000276
v 0.2028972244 0.08399999619 0.04176777166
v 0.2046649933 0.08399999619 0.04250000276
v 0.2064327621 0.08399999619 0.04176777166
v 0.2071649933 0.08399999619 0.04000000276
v 0.2064327621 0.08399999619 0.03823223396
v 0.2046649933 0.08399999619 0.03750000276
v 0.2028972244 0.08399999619 0.03823223396
v 0.1996649933 0.08399999619 0.04000000276
v 0.2006199074 0.08399999619 0.03706106466
v 0.2031199074 0.08399999619 0.03524471556
v 0.2062100792 0.08399999619 0.03524471556
v 0.2087100792 0.08399999619 0.03706106466
v 0.2096649933 0.08399999619 0.04000000276
v 0.2087100792 0.08399999619 0.04293892186
v 0.2062100792 0.08399999619 0.04475528996
v 0.2031199074 0.08399999619 0.04475528996
v 0.2006199074 0.08399999619 0.04293892186
v 0.1996649933 0.085 0.04000000276
v 0.2006199074 0.085 0.03706106466
v 0.2031199074 0.085 0.03524471556
v 0.2062100792 0.085 0.03524471556
v 0.2087100792 0.085 0.03706106466
v 0.2096649933 0.085 0.04000000276
v 0.2087100792 0.085 0.04293892186
v 0.2062100792 0.085 0.04475528996
v 0.2031199074 0.085 0.04475528996
v 0.2006199074 0.085 0.04293892186
v 0.1996649933 0.08399999619 0.04000000276
v 0.2006199074 0.08399999619 0.04293892186
v 0.2031199074 0.08399999619 0.04475528996
v 0.2062100792 0.08399999619 0.04475528996
v 0.2087100792 0.08399999619 0.04293892186
v 0.2096649933 0.08399999619 0.04000000276
v 0.2087100792 0.08399999619 0.03706106466
v 0.2062100792 0.08399999619 0.03524471556
v 0.2031199074 0.08399999619 0.03524471556
v 0.2006199074 0.08399999619 0.03706106466
v 0.1996649933 0.08399999619 0.04000000276
v 0.1996649933 0.085 0.04000000276
v 0.2021649933 0.09600000381 0.04000000276
v 0.2028972244 0.09600000381 0.04176777166
v 0.2046649933 0.09600000381 0.04250000276
v 0.2064327621 0.09600000381 0.04176777166
v 0.2071649933 0.09600000381 0.04000000276
v 0.2064327621 0.09600000381 0.03823223396
v 0.2046649933 0.09600000381 0.03750000276
v 0.2028972244 0.09600000381 0.03823223396
v 0.1996649933 0.09600000381 0.04000000276
v 0.2006199074 0.09600000381 0.03706106466
v 0.2031199074 0.09600000381 0.03524471556
v 0.2062100792 0.09600000381 0.03524471556
v 0.2087100792 0.09600000381 0.03706106466
v 0.2096649933 0.09600000381 0.04000000276
v 0.2087100792 0.09600000381 0.04293892186
v 0.2062100792 0.09600000381 0.04475528996
v 0.2031199074 0.09600000381 0.04475528996
v 0.2006199074 0.09600000381 0.04293892186
v 0.1996649933 0.09699999809 0.04000000276
v 0.2006199074 0.09699999809 0.03706106466
v 0.2031199074 0.09699999809 0.03524471556
v 0.2062100792 0.09699999809 0.03524471556
v 0.2087100792 0.09699999809 0.03706106466
v 0.2096649933 0.09699999809 0.04000000276
v 0.2087100792 0.09699999809 0.04293892186
v 0.2062100792 0.09699999809 0.04475528996
v 0.2031199074 0.09699999809 0.04475528996
v 0.2006199074 0.09699999809 0.04293892186
v 0.1996649933 0.09600000381 0.04000000276
v 0.2006199074 0.09600000381 0.04293892186
v 0.2031199074 0.09600000381 0.04475528996
v 0.2062100792 0.09600000381 0.04475528996
v 0.2087100792 0.09600000381 0.04293892186
v 0.2096649933 0.09600000381 0.04000000276
v 0.2087100792 0.09600000381 0.03706106466
v 0.2062100792 0.09600000381 0.03524471556
v 0.2031199074 0.09600000381 0.03524471556
v 0.2006199074 0.09600000381 0.03706106466
v 0.1996649933 0.09600000381 0.04000000276
v 0.1996649933 0.09699999809 0.04000000276
v 0.2021649933 0.09699999809 0.04000000276
v 0.2028972244 0.09699999809 0.03823223396
v 0.2046649933 0.09699999809 0.03750000276
v 0.2064327621 0.09699999809 0.03823223396
v 0.2071649933 0.09699999809 0.04000000276
v 0.2064327621 0.09699999809 0.04176777166
v 0.2046649933 0.09699999809 0.04250000276
v 0.2028972244 0.09699999809 0.04176777166
v 0.1996649933 0.09699999809 0.04000000276
v 0.2006199074 0.09699999809 0.04293892186
v 0.2031199074 0.09699999809 0.04475528996
v 0.2062100792 0.09699999809 0.04475528996
v 0.2087100792 0.09699999809 0.04293892186
v 0.2096649933 0.09699999809 0.04000000276
v 0.2087100792 0.09699999809 0.03706106466
v 0.2062100792 0.09699999809 0.03524471556
v 0.2031199074 0.09699999809 0.03524471556
v 0.2006199074 0.09699999809 0.03706106466
v 0.2021649933 0.09699999809 0.04000000276
v 0.2028972244 0.09699999809 0.04176777166
v 0.2046649933 0.09699999809 0.04250000276
v 0.2064327621 0.09699999809 0.04176777166
v 0.2071649933 0.09699999809 0.04000000276
v 0.2064327621 0.09699999809 0.03823223396
v 0.2046649933 0.09699999809 0.03750000276
v 0.2028972244 0.09699999809 0.03823223396
v 0.2021649933 0.09600000381 0.04000000276
v 0.2028972244 0.09600000381 0.03823223396
v 0.2046649933 0.09600000381 0.03750000276
v 0.2064327621 0.09600000381 0.03823223396
v 0.2071649933 0.09600000381 0.04000000276
v 0.2064327621 0.09600000381 0.04176777166
v 0.2046649933 0.09600000381 0.04250000276
v 0.2028972244 0.09600000381 0.04176777166
v 0.2021649933 0.09699999809 0.04000000276
v 0.2021649933 0.09600000381 0.04000000276
v 0.2019149971 0.07300000191 0.04000000276
v 0.2027204514 0.07300000191 0.04194454466
v 0.2046649933 0.07300000191 0.04274999896
v 0.2066095352 0.07300000191 0.04194454466
v 0.2074150085 0.07300000191 0.04000000276
v 0.2066095352 0.07300000191 0.03805546086
v 0.2046649933 0.07300000191 0.03725000656
v 0.2027204514 0.07300000191 0.03805546086
v 0.2019149971 0.07199999809 0.04000000276
v 0.2027204514 0.07199999809 0.03805546086
v 0.2046649933 0.07199999809 0.03725000656
v 0.2066095352 0.07199999809 0.03805546086
v 0.2074150085 0.07199999809 0.04000000276
v 0.2066095352 0.07199999809 0.04194454466
v 0.2046649933 0.07199999809 0.04274999896
v 0.2027204514 0.07199999809 0.04194454466
v 0.2019149971 0.07300000191 0.04000000276
v 0.2019149971 0.07199999809 0.04000000276
v 0.2019149971 0.07199999809 0.04000000276
v 0.2027204514 0.07199999809 0.04194454466
v 0.2046649933 0.07199999809 0.04274999896
v 0.2066095352 0.07199999809 0.04194454466
v 0.2074150085 0.07199999809 0.04000000276
v 0.2066095352 0.07199999809 0.03805546086
v 0.2046649933 0.07199999809 0.03725000656
v 0.2027204514 0.07199999809 0.03805546086
v 0.1996649933 0.07199999809 0.04000000276
v 0.2006199074 0.07199999809 0.03706106466
v 0.2031199074 0.07199999809 0.03524471556
v 0.2062100792 0.07199999809 0.03524471556
v 0.2087100792 0.07199999809 0.03706106466
v 0.2096649933 0.07199999809 0.04000000276
v 0.2087100792 0.07199999809 0.04293892186
v 0.2062100792 0.07199999809 0.04475528996
v 0.2031199074 0.07199999809 0.04475528996
v 0.2006199074 0.07199999809 0.04293892186
v 0.2019149971 0.07300000191 0.04000000276
v 0.2027204514 0.07300000191 0.03805546086
v 0.2046649933 0.07300000191 0.03725000656
v 0.2066095352 0.07300000191 0.03805546086
v 0.2074150085 0.07300000191 0.04000000276
v 0.2066095352 0.07300000191 0.04194454466
v 0.2046649933 0.07300000191 0.04274999896
v 0.2027204514 0.07300000191 0.04194454466
v 0.1996649933 0.07300000191 0.04000000276
v 0.2006199074 0.07300000191 0.04293892186
v 0.2031199074 0.07300000191 0.04475528996
v 0.2062100792 0.07300000191 0.04475528996
v 0.2087100792 0.07300000191 0.04293892186
v 0.2096649933 0.07300000191 0.04000000276
v 0.2087100792 0.07300000191 0.03706106466
v 0.2062100792 0.07300000191 0.03524471556
v 0.2031199074 0.07300000191 0.03524471556
v 0.2006199074 0.07300000191 0.03706106466
v 0.1996649933 0.07300000191 0.04000000276
v 0.2006199074 0.07300000191 0.03706106466
v 0.2031199074 0.07300000191 0.03524471556
v 0.2062100792 0.07300000191 0.03524471556
v 0.2087100792 0.07300000191 0.03706106466
v 0.2096649933 0.07300000191 0.04000000276
v 0.2087100792 0.07300000191 0.04293892186
v 0.2062100792 0.07300000191 0.04475528996
v 0.2031199074 0.07300000191 0.04475528996
v 0.2006199074 0.07300000191 0.04293892186
v 0.1996649933 0.07199999809 0.04000000276
v 0.2006199074 0.07199999809 0.04293892186
v 0.2031199074 0.07199999809 0.04475528996
v 0.2062100792 0.07199999809 0.04475528996
v 0.2087100792 0.07199999809 0.04293892186
v 0.2096649933 0.07199999809 0.04000000276
v 0.2087100792 0.07199999809 0.03706106466
v 0.2062100792 0.07199999809 0.03524471556
v 0.2031199074 0.07199999809 0.03524471556
v 0.2006199074 0.07199999809 0.03706106466
v 0.1996649933 0.07199999809 0.04000000276
v 0.1996649933 0.07300000191 0.04000000276
v 0.2069743919 0.06699999809 0.04000000276
v 0.2058197021 0.06699999809 0.04199999136
v 0.2058197021 0.06949999809 0.04199999136
v 0.2069743919 0.06949999809 0.04000000276
v 0.2035103035 0.06699999809 0.04199999136
v 0.2023555946 0.06699999809 0.04000000276
v 0.2023555946 0.06949999809 0.04000000276
v 0.2035103035 0.06949999809 0.04199999136
v 0.2058197021 0.06699999809 0.04199999136
v 0.2035103035 0.06699999809 0.04199999136
v 0.2035103035 0.06949999809 0.04199999136
v 0.2058197021 0.06949999809 0.04199999136
v 0.2035103035 0.06699999809 0.03799999516
v 0.2058197021 0.06699999809 0.03799999516
v 0.2058197021 0.06949999809 0.03799999516
v 0.2035103035 0.06949999809 0.03799999516
v 0.2069743919 0.06949999809 0.04000000276
v 0.2058197021 0.06949999809 0.04199999136
v 0.2035103035 0.06949999809 0.04199999136
v 0.2023555946 0.06949999809 0.04000000276
v 0.2035103035 0.06949999809 0.03799999516
v 0.2058197021 0.06949999809 0.03799999516
v 0.2023555946 0.06699999809 0.04000000276
v 0.2035103035 0.06699999809 0.03799999516
v 0.2035103035 0.06949999809 0.03799999516
v 0.2023555946 0.06949999809 0.04000000276
v 0.2058197021 0.06699999809 0.03799999516
v 0.2069743919 0.06699999809 0.04000000276
v 0.2069743919 0.06949999809 0.04000000276
v 0.2058197021 0.06949999809 0.03799999516
v 0.2035103035 0.06699999809 0.04199999136
v 0.2058197021 0.06699999809 0.04199999136
v 0.2069743919 0.06699999809 0.04000000276
v 0.2058197021 0.06699999809 0.03799999516
v 0.2035103035 0.06699999809 0.03799999516
v 0.2023555946 0.06699999809 0.04000000276
v 0.2004150009 0.06699999809 0.04000000276
v 0.2012266731 0.06699999809 0.03750191016
v 0.2033516693 0.06699999809 0.03595800676
v 0.2059783173 0.06699999809 0.03595800676
v 0.2081033134 0.06699999809 0.03750191016
v 0.2089150047 0.06699999809 0.04000000276
v 0.2081033134 0.06699999809 0.04249809546
v 0.2059783173 0.06699999809 0.04404199876
v 0.2033516693 0.06699999809 0.04404199876
v 0.2012266731 0.06699999809 0.04249809546
v 0.2004150009 0.07199999809 0.04000000276
v 0.2012266731 0.07199999809 0.04249809546
v 0.2033516693 0.07199999809 0.04404199876
v 0.2059783173 0.07199999809 0.04404199876
v 0.2081033134 0.07199999809 0.04249809546
v 0.2089150047 0.07199999809 0.04000000276
v 0.2081033134 0.07199999809 0.03750191016
v 0.2059783173 0.07199999809 0.03595800676
v 0.2033516693 0.07199999809 0.03595800676
v 0.2012266731 0.07199999809 0.03750191016
v 0.2021649933 0.07199999809 0.04000000276
v 0.2028972244 0.07199999809 0.03823223396
v 0.2046649933 0.07199999809 0.03750000276
v 0.2064327621 0.07199999809 0.03823223396
v 0.2071649933 0.07199999809 0.04000000276
v 0.2064327621 0.07199999809 0.04176777166
v 0.2046649933 0.07199999809 0.04250000276
v 0.2028972244 0.07199999809 0.04176777166
v 0.2021649933 0.1069999981 0.04000000276
v 0.2028972244 0.1069999981 0.04176777166
v 0.2046649933 0.1069999981 0.04250000276
v 0.2064327621 0.1069999981 0.04176777166
v 0.2071649933 0.1069999981 0.04000000276
v 0.2064327621 0.1069999981 0.03823223396
v 0.2046649933 0.1069999981 0.03750000276
v 0.2028972244 0.1069999981 0.03823223396
v 0.2004150009 0.07199999809 0.04000000276
v 0.2012266731 0.07199999809 0.03750191016
v 0.2033516693 0.07199999809 0.03595800676
v 0.2059783173 0.07199999809 0.03595800676
v 0.2081033134 0.07199999809 0.03750191016
v 0.2089150047 0.07199999809 0.04000000276
v 0.2081033134 0.07199999809 0.04249809546
v 0.2059783173 0.07199999809 0.04404199876
v 0.2033516693 0.07199999809 0.04404199876
v 0.2012266731 0.07199999809 0.04249809546
v 0.2004150009 0.06699999809 0.04000000276
v 0.2012266731 0.06699999809 0.04249809546
v 0.2033516693 0.06699999809 0.04404199876
v 0.2059783173 0.06699999809 0.04404199876
v 0.2081033134 0.06699999809 0.04249809546
v 0.2089150047 0.06699999809 0.04000000276
v 0.2081033134 0.06699999809 0.03750191016
v 0.2059783173 0.06699999809 0.03595800676
v 0.2033516693 0.06699999809 0.03595800676
v 0.2012266731 0.06699999809 0.03750191016
v 0.2004150009 0.06699999809 0.04000000276
v 0.2004150009 0.07199999809 0.04000000276
v 0.2021649933 0.1069999981 0.04000000276
v 0.2028972244 0.1069999981 0.03823223396
v 0.2046649933 0.1069999981 0.03750000276
v 0.2064327621 0.1069999981 0.03823223396
v 0.2071649933 0.1069999981 0.04000000276
v 0.2064327621 0.1069999981 0.04176777166
v 0.2046649933 0.1069999981 0.04250000276
v 0.2028972244 0.1069999981 0.04176777166
v 0.2021649933 0.07199999809 0.04000000276
v 0.2028972244 0.07199999809 0.04176777166
v 0.2046649933 0.07199999809 0.04250000276
v 0.2064327621 0.07199999809 0.04176777166
v 0.2071649933 0.07199999809 0.04000000276
v 0.2064327621 0.07199999809 0.03823223396
v 0.2046649933 0.07199999809 0.03750000276
v 0.2028972244 0.07199999809 0.03823223396
v 0.2021649933 0.07199999809 0.04000000276
v 0.2021649933 0.1069999981 0.04000000276
v 0.2021649933 0.1019999981 0.04000000276
v 0.2028972244 0.1019999981 0.04176777166
v 0.2046649933 0.1019999981 0.04250000276
v 0.2064327621 0.1019999981 0.04176777166
v 0.2071649933 0.1019999981 0.04000000276
v 0.2064327621 0.1019999981 0.03823223396
v 0.2046649933 0.1019999981 0.03750000276
v 0.2028972244 0.1019999981 0.03823223396
v 0.2021649933 0.09699999809 0.04000000276
v 0.2028972244 0.09699999809 0.03823223396
v 0.2046649933 0.09699999809 0.03750000276
v 0.2064327621 0.09699999809 0.03823223396
v 0.2071649933 0.09699999809 0.04000000276
v 0.2064327621 0.09699999809 0.04176777166
v 0.2046649933 0.09699999809 0.04250000276
v 0.2028972244 0.09699999809 0.04176777166
v 0.2021649933 0.1019999981 0.04000000276
v 0.2021649933 0.09699999809 0.04000000276
v 0.2069743919 0.09699999809 0.04399999896
v 0.2092838097 0.09699999809 0.04000000276
v 0.2092838097 0.1019999981 0.04000000276
v 0.2069743919 0.1019999981 0.04399999896
v 0.200046196 0.09699999809 0.04000000276
v 0.2023555946 0.09699999809 0.04399999896
v 0.2023555946 0.1019999981 0.04399999896
v 0.200046196 0.1019999981 0.04000000276
v 0.2021649933 0.09699999809 0.04000000276
v 0.2028972244 0.09699999809 0.04176777166
v 0.2046649933 0.09699999809 0.04250000276
v 0.2064327621 0.09699999809 0.04176777166
v 0.2071649933 0.09699999809 0.04000000276
v 0.2064327621 0.09699999809 0.03823223396
v 0.2046649933 0.09699999809 0.03750000276
v 0.2028972244 0.09699999809 0.03823223396
v 0.2092838097 0.09699999809 0.04000000276
v 0.2069743919 0.09699999809 0.04399999896
v 0.2023555946 0.09699999809 0.04399999896
v 0.200046196 0.09699999809 0.04000000276
v 0.2023555946 0.09699999809 0.03600000656
v 0.2069743919 0.09699999809 0.03600000656
v 0.2021649933 0.1019999981 0.04000000276
v 0.2028972244 0.1019999981 0.03823223396
v 0.2046649933 0.1019999981 0.03750000276
v 0.2064327621 0.1019999981 0.03823223396
v 0.2071649933 0.1019999981 0.04000000276
v 0.2064327621 0.1019999981 0.04176777166
v 0.2046649933 0.1019999981 0.04250000276
v 0.2028972244 0.1019999981 0.04176777166
v 0.2069743919 0.1019999981 0.04399999896
v 0.2092838097 0.1019999981 0.04000000276
v 0.2069743919 0.1019999981 0.03600000656
v 0.2023555946 0.1019999981 0.03600000656
v 0.200046196 0.1019999981 0.04000000276
v 0.2023555946 0.1019999981 0.04399999896
v 0.2092838097 0.09699999809 0.04000000276
v 0.2069743919 0.09699999809 0.03600000656
v 0.2069743919 0.1019999981 0.03600000656
v 0.2092838097 0.1019999981 0.04000000276
v 0.2023555946 0.09699999809 0.03600000656
v 0.200046196 0.09699999809 0.04000000276
v 0.200046196 0.1019999981 0.04000000276
v 0.2023555946 0.1019999981 0.03600000656
v 0.2023555946 0.09699999809 0.04399999896
v 0.2069743919 0.09699999809 0.04399999896
v 0.2069743919 0.1019999981 0.04399999896
v 0.2023555946 0.1019999981 0.04399999896
v 0.2069743919 0.09699999809 0.03600000656
v 0.2023555946 0.09699999809 0.03600000656
v 0.2023555946 0.1019999981 0.03600000656
v 0.2069743919 0.1019999981 0.03600000656
v 0.2434529495 0.085 -0.04085556704
v 0.2428405952 0.085 -0.03904278474
v 0.2436894226 0.085 -0.03732795434
v 0.245502224 0.085 -0.03671560014
v 0.2472170448 0.085 -0.03756442744
v 0.2478293991 0.085 -0.03937721924
v 0.2469805717 0.085 -0.04109204964
v 0.2451677895 0.085 -0.04170440394
v 0.239312458 0.085 -0.04447581964
v 0.2424494553 0.085 -0.04667147354
v 0.2462474823 0.085 -0.04715779024
v 0.249836483 0.085 -0.04582336144
v 0.2523942566 0.085 -0.04297389704
v 0.2533348274 0.085 -0.03926216804
v 0.2524427414 0.085 -0.03553847984
v 0.2499223518 0.085 -0.03265590394
v 0.2463510513 0.085 -0.03127478324
v 0.2425469971 0.085 -0.03171152794
v 0.2393816376 0.085 -0.03386608804
v 0.2375801086 0.085 -0.03724487024
v 0.2375551414 0.085 -0.04107383454
v 0.2434529495 0.09 -0.04085556704
v 0.2428405952 0.09 -0.03904278474
v 0.2436894226 0.09 -0.03732795434
v 0.245502224 0.09 -0.03671560014
v 0.2472170448 0.09 -0.03756442744
v 0.2478293991 0.09 -0.03937721924
v 0.2469805717 0.09 -0.04109204964
v 0.2451677895 0.09 -0.04170440394
v 0.2434529495 0.085 -0.04085556704
v 0.2451677895 0.085 -0.04170440394
v 0.2469805717 0.085 -0.04109204964
v 0.2478293991 0.085 -0.03937721924
v 0.2472170448 0.085 -0.03756442744
v 0.245502224 0.085 -0.03671560014
v 0.2436894226 0.085 -0.03732795434
v 0.2428405952 0.085 -0.03904278474
v 0.2434529495 0.09 -0.04085556704
v 0.2434529495 0.085 -0.04085556704
v 0.2434529495 0.09 -0.04085556704
v 0.2451677895 0.09 -0.04170440394
v 0.2469805717 0.09 -0.04109204964
v 0.2478293991 0.09 -0.03937721924
v 0.2472170448 0.09 -0.03756442744
v 0.245502224 0.09 -0.03671560014
v 0.2436894226 0.09 -0.03732795434
v 0.2428405952 0.09 -0.03904278474
v 0.239312458 0.09 -0.04447581964
v 0.2375551414 0.09 -0.04107383454
v 0.2375801086 0.09 -0.03724487024
v 0.2393816376 0.09 -0.03386608804
v 0.2425469971 0.09 -0.03171152794
v 0.2463510513 0.09 -0.03127478324
v 0.2499223518 0.09 -0.03265590394
v 0.2524427414 0.09 -0.03553847984
v 0.2533348274 0.09 -0.03926216804
v 0.2523942566 0.09 -0.04297389704
v 0.249836483 0.09 -0.04582336144
v 0.2462474823 0.09 -0.04715779024
v 0.2424494553 0.09 -0.04667147354
v 0.239312458 0.09 -0.04447581964
v 0.2424494553 0.09 -0.04667147354
v 0.2462474823 0.09 -0.04715779024
v 0.249836483 0.09 -0.04582336144
v 0.2523942566 0.09 -0.04297389704
v 0.2533348274 0.09 -0.03926216804
v 0.2524427414 0.09 -0.03553847984
v 0.2499223518 0.09 -0.03265590394
v 0.2463510513 0.09 -0.03127478324
v 0.2425469971 0.09 -0.03171152794
v 0.2393816376 0.09 -0.03386608804
v 0.2375801086 0.09 -0.03724487024
v 0.2375551414 0.09 -0.04107383454
v 0.239312458 0.085 -0.04447581964
v 0.2375551414 0.085 -0.04107383454
v 0.2375801086 0.085 -0.03724487024
v 0.2393816376 0.085 -0.03386608804
v 0.2425469971 0.085 -0.03171152794
v 0.2463510513 0.085 -0.03127478324
v 0.2499223518 0.085 -0.03265590394
v 0.2524427414 0.085 -0.03553847984
v 0.2533348274 0.085 -0.03926216804
v 0.2523942566 0.085 -0.04297389704
v 0.249836483 0.085 -0.04582336144
v 0.2462474823 0.085 -0.04715779024
v 0.2424494553 0.085 -0.04667147354
v 0.239312458 0.085 -0.04447581964
v 0.239312458 0.09 -0.04447581964
v 0.2434529495 0.09100000381 -0.04085556704
v 0.2428405952 0.09100000381 -0.03904278474
v 0.2436894226 0.09100000381 -0.03732795434
v 0.245502224 0.09100000381 -0.03671560014
v 0.2472170448 0.09100000381 -0.03756442744
v 0.2478293991 0.09100000381 -0.03937721924
v 0.2469805717 0.09100000381 -0.04109204964
v 0.2451677895 0.09100000381 -0.04170440394
v 0.239312458 0.09100000381 -0.04447581964
v 0.2424494553 0.09100000381 -0.04667147354
v 0.2462474823 0.09100000381 -0.04715779024
v 0.249836483 0.09100000381 -0.04582336144
v 0.2523942566 0.09100000381 -0.04297389704
v 0.2533348274 0.09100000381 -0.03926216804
v 0.2524427414 0.09100000381 -0.03553847984
v 0.2499223518 0.09100000381 -0.03265590394
v 0.2463510513 0.09100000381 -0.03127478324
v 0.2425469971 0.09100000381 -0.03171152794
v 0.2393816376 0.09100000381 -0.03386608804
v 0.2375801086 0.09100000381 -0.03724487024
v 0.2375551414 0.09100000381 -0.04107383454
v 0.2434529495 0.09600000381 -0.04085556704
v 0.2428405952 0.09600000381 -0.03904278474
v 0.2436894226 0.09600000381 -0.03732795434
v 0.245502224 0.09600000381 -0.03671560014
v 0.2472170448 0.09600000381 -0.03756442744
v 0.2478293991 0.09600000381 -0.03937721924
v 0.2469805717 0.09600000381 -0.04109204964
v 0.2451677895 0.09600000381 -0.04170440394
v 0.2434529495 0.09100000381 -0.04085556704
v 0.2451677895 0.09100000381 -0.04170440394
v 0.2469805717 0.09100000381 -0.04109204964
v 0.2478293991 0.09100000381 -0.03937721924
v 0.2472170448 0.09100000381 -0.03756442744
v 0.245502224 0.09100000381 -0.03671560014
v 0.2436894226 0.09100000381 -0.03732795434
v 0.2428405952 0.09100000381 -0.03904278474
v 0.2434529495 0.09600000381 -0.04085556704
v 0.2434529495 0.09100000381 -0.04085556704
v 0.2434529495 0.09600000381 -0.04085556704
v 0.2451677895 0.09600000381 -0.04170440394
v 0.2469805717 0.09600000381 -0.04109204964
v 0.2478293991 0.09600000381 -0.03937721924
v 0.2472170448 0.09600000381 -0.03756442744
v 0.245502224 0.09600000381 -0.03671560014
v 0.2436894226 0.09600000381 -0.03732795434
v 0.2428405952 0.09600000381 -0.03904278474
v 0.239312458 0.09600000381 -0.04447581964
v 0.2375551414 0.09600000381 -0.04107383454
v 0.2375801086 0.09600000381 -0.03724487024
v 0.2393816376 0.09600000381 -0.03386608804
v 0.2425469971 0.09600000381 -0.03171152794
v 0.2463510513 0.09600000381 -0.03127478324
v 0.2499223518 0.09600000381 -0.03265590394
v 0.2524427414 0.09600000381 -0.03553847984
v 0.2533348274 0.09600000381 -0.03926216804
v 0.2523942566 0.09600000381 -0.04297389704
v 0.249836483 0.09600000381 -0.04582336144
v 0.2462474823 0.09600000381 -0.04715779024
v 0.2424494553 0.09600000381 -0.04667147354
v 0.239312458 0.09600000381 -0.04447581964
v 0.2424494553 0.09600000381 -0.04667147354
v 0.2462474823 0.09600000381 -0.04715779024
v 0.249836483 0.09600000381 -0.04582336144
v 0.2523942566 0.09600000381 -0.04297389704
v 0.2533348274 0.09600000381 -0.03926216804
v 0.2524427414 0.09600000381 -0.03553847984
v 0.2499223518 0.09600000381 -0.03265590394
v 0.2463510513 0.09600000381 -0.03127478324
v 0.2425469971 0.09600000381 -0.03171152794
v 0.2393816376 0.09600000381 -0.03386608804
v 0.2375801086 0.09600000381 -0.03724487024
v 0.2375551414 0.09600000381 -0.04107383454
v 0.239312458 0.09100000381 -0.04447581964
v 0.2375551414 0.09100000381 -0.04107383454
v 0.2375801086 0.09100000381 -0.03724487024
v 0.2393816376 0.09100000381 -0.03386608804
v 0.2425469971 0.09100000381 -0.03171152794
v 0.2463510513 0.09100000381 -0.03127478324
v 0.2499223518 0.09100000381 -0.03265590394
v 0.2524427414 0.09100000381 -0.03553847984
v 0.2533348274 0.09100000381 -0.03926216804
v 0.2523942566 0.09100000381 -0.04297389704
v 0.249836483 0.09100000381 -0.04582336144
v 0.2462474823 0.09100000381 -0.04715779024
v 0.2424494553 0.09100000381 -0.04667147354
v 0.239312458 0.09100000381 -0.04447581964
v 0.239312458 0.09600000381 -0.04447581964
v 0.2434529495 0.09100000381 -0.04085556704
v 0.2428405952 0.09100000381 -0.03904278474
v 0.2436894226 0.09100000381 -0.03732795434
v 0.245502224 0.09100000381 -0.03671560014
v 0.2472170448 0.09100000381 -0.03756442744
v 0.2478293991 0.09100000381 -0.03937721924
v 0.2469805717 0.09100000381 -0.04109204964
v 0.2451677895 0.09100000381 -0.04170440394
v 0.2434529495 0.09 -0.04085556704
v 0.2451677895 0.09 -0.04170440394
v 0.2469805717 0.09 -0.04109204964
v 0.2478293991 0.09 -0.03937721924
v 0.2472170448 0.09 -0.03756442744
v 0.245502224 0.09 -0.03671560014
v 0.2436894226 0.09 -0.03732795434
v 0.2428405952 0.09 -0.03904278474
v 0.2434529495 0.09100000381 -0.04085556704
v 0.2434529495 0.09 -0.04085556704
v 0.2434529495 0.09 -0.04085556704
v 0.2428405952 0.09 -0.03904278474
v 0.2436894226 0.09 -0.03732795434
v 0.245502224 0.09 -0.03671560014
v 0.2472170448 0.09 -0.03756442744
v 0.2478293991 0.09 -0.03937721924
v 0.2469805717 0.09 -0.04109204964
v 0.2451677895 0.09 -0.04170440394
v 0.2415709114 0.09 -0.04250114164
v 0.2442242622 0.09 -0.04408507074
v 0.2473018837 0.09 -0.04380688394
v 0.2496282196 0.09 -0.04177284914
v 0.2503146935 0.09 -0.03875988684
v 0.249099102 0.09 -0.03591886244
v 0.2464457321 0.09 -0.03433493334
v 0.2433681107 0.09 -0.03461312014
v 0.2410417747 0.09 -0.03664715494
v 0.2403553009 0.09 -0.03966010774
v 0.2434529495 0.09100000381 -0.04085556704
v 0.2451677895 0.09100000381 -0.04170440394
v 0.2469805717 0.09100000381 -0.04109204964
v 0.2478293991 0.09100000381 -0.03937721924
v 0.2472170448 0.09100000381 -0.03756442744
v 0.245502224 0.09100000381 -0.03671560014
v 0.2436894226 0.09100000381 -0.03732795434
v 0.2428405952 0.09100000381 -0.03904278474
v 0.2415709114 0.09100000381 -0.04250114164
v 0.2403553009 0.09100000381 -0.03966010774
v 0.2410417747 0.09100000381 -0.03664715494
v 0.2433681107 0.09100000381 -0.03461312014
v 0.2464457321 0.09100000381 -0.03433493334
v 0.249099102 0.09100000381 -0.03591886244
v 0.2503146935 0.09100000381 -0.03875988684
v 0.2496282196 0.09100000381 -0.04177284914
v 0.2473018837 0.09100000381 -0.04380688394
v 0.2442242622 0.09100000381 -0.04408507074
v 0.2415709114 0.09100000381 -0.04250114164
v 0.2442242622 0.09100000381 -0.04408507074
v 0.2473018837 0.09100000381 -0.04380688394
v 0.2496282196 0.09100000381 -0.04177284914
v 0.2503146935 0.09100000381 -0.03875988684
v 0.249099102 0.09100000381 -0.03591886244
v 0.2464457321 0.09100000381 -0.03433493334
v 0.2433681107 0.09100000381 -0.03461312014
v 0.2410417747 0.09100000381 -0.03664715494
v 0.2403553009 0.09100000381 -0.03966010774
v 0.2415709114 0.09 -0.04250114164
v 0.2403553009 0.09 -0.03966010774
v 0.2410417747 0.09 -0.03664715494
v 0.2433681107 0.09 -0.03461312014
v 0.2464457321 0.09 -0.03433493334
v 0.249099102 0.09 -0.03591886244
v 0.2503146935 0.09 -0.03875988684
v 0.2496282196 0.09 -0.04177284914
v 0.2473018837 0.09 -0.04380688394
v 0.2442242622 0.09 -0.04408507074
v 0.2415709114 0.09 -0.04250114164
v 0.2415709114 0.09100000381 -0.04250114164
v 0.2434529495 0.085 -0.04085556704
v 0.2451677895 0.085 -0.04170440394
v 0.2469805717 0.085 -0.04109204964
v 0.2478293991 0.085 -0.03937721924
v 0.2472170448 0.085 -0.03756442744
v 0.245502224 0.085 -0.03671560014
v 0.2436894226 0.085 -0.03732795434
v 0.2428405952 0.085 -0.03904278474
v 0.2415709114 0.085 -0.04250114164
v 0.2403553009 0.085 -0.03966010774
v 0.2410417747 0.085 -0.03664715494
v 0.2433681107 0.085 -0.03461312014
v 0.2464457321 0.085 -0.03433493334
v 0.249099102 0.085 -0.03591886244
v 0.2503146935 0.085 -0.03875988684
v 0.2496282196 0.085 -0.04177284914
v 0.2473018837 0.085 -0.04380688394
v 0.2442242622 0.085 -0.04408507074
v 0.2434529495 0.085 -0.04085556704
v 0.2428405952 0.085 -0.03904278474
v 0.2436894226 0.085 -0.03732795434
v 0.245502224 0.085 -0.03671560014
v 0.2472170448 0.085 -0.03756442744
v 0.2478293991 0.085 -0.03937721924
v 0.2469805717 0.085 -0.04109204964
v 0.2451677895 0.085 -0.04170440394
v 0.2434529495 0.08399999619 -0.04085556704
v 0.2451677895 0.08399999619 -0.04170440394
v 0.2469805717 0.08399999619 -0.04109204964
v 0.2478293991 0.08399999619 -0.03937721924
v 0.2472170448 0.08399999619 -0.03756442744
v 0.245502224 0.08399999619 -0.03671560014
v 0.2436894226 0.08399999619 -0.03732795434
v 0.2428405952 0.08399999619 -0.03904278474
v 0.2434529495 0.085 -0.04085556704
v 0.2434529495 0.08399999619 -0.04085556704
v 0.2415709114 0.085 -0.04250114164
v 0.2442242622 0.085 -0.04408507074
v 0.2473018837 0.085 -0.04380688394
v 0.2496282196 0.085 -0.04177284914
v 0.2503146935 0.085 -0.03875988684
v 0.249099102 0.085 -0.03591886244
v 0.2464457321 0.085 -0.03433493334
v 0.2433681107 0.085 -0.03461312014
v 0.2410417747 0.085 -0.03664715494
v 0.2403553009 0.085 -0.03966010774
v 0.2415709114 0.08399999619 -0.04250114164
v 0.2403553009 0.08399999619 -0.03966010774
v 0.2410417747 0.08399999619 -0.03664715494
v 0.2433681107 0.08399999619 -0.03461312014
v 0.2464457321 0.08399999619 -0.03433493334
v 0.249099102 0.08399999619 -0.03591886244
v 0.2503146935 0.08399999619 -0.03875988684
v 0.2496282196 0.08399999619 -0.04177284914
v 0.2473018837 0.08399999619 -0.04380688394
v 0.2442242622 0.08399999619 -0.04408507074
v 0.2415709114 0.08399999619 -0.04250114164
v 0.2415709114 0.085 -0.04250114164
v 0.2434529495 0.08399999619 -0.04085556704
v 0.2428405952 0.08399999619 -0.03904278474
v 0.2436894226 0.08399999619 -0.03732795434
v 0.245502224 0.08399999619 -0.03671560014
v 0.2472170448 0.08399999619 -0.03756442744
v 0.2478293991 0.08399999619 -0.03937721924
v 0.2469805717 0.08399999619 -0.04109204964
v 0.2451677895 0.08399999619 -0.04170440394
v 0.2415709114 0.08399999619 -0.04250114164
v 0.2442242622 0.08399999619 -0.04408507074
v 0.2473018837 0.08399999619 -0.04380688394
v 0.2496282196 0.08399999619 -0.04177284914
v 0.2503146935 0.08399999619 -0.03875988684
v 0.249099102 0.08399999619 -0.03591886244
v 0.2464457321 0.08399999619 -0.03433493334
v 0.2433681107 0.08399999619 -0.03461312014
v 0.2410417747 0.08399999619 -0.03664715494
v 0.2403553009 0.08399999619 -0.03966010774
v 0.2434529495 0.09699999809 -0.04085556704
v 0.2428405952 0.09699999809 -0.03904278474
v 0.2436894226 0.09699999809 -0.03732795434
v 0.245502224 0.09699999809 -0.03671560014
v 0.2472170448 0.09699999809 -0.03756442744
v 0.2478293991 0.09699999809 -0.03937721924
v 0.2469805717 0.09699999809 -0.04109204964
v 0.2451677895 0.09699999809 -0.04170440394
v 0.2434529495 0.09600000381 -0.04085556704
v 0.2451677895 0.09600000381 -0.04170440394
v 0.2469805717 0.09600000381 -0.04109204964
v 0.2478293991 0.09600000381 -0.03937721924
v 0.2472170448 0.09600000381 -0.03756442744
v 0.245502224 0.09600000381 -0.03671560014
v 0.2436894226 0.09600000381 -0.03732795434
v 0.2428405952 0.09600000381 -0.03904278474
v 0.2434529495 0.09699999809 -0.04085556704
v 0.2434529495 0.09600000381 -0.04085556704
v 0.2415709114 0.09699999809 -0.04250114164
v 0.2442242622 0.09699999809 -0.04408507074
v 0.2473018837 0.09699999809 -0.04380688394
v 0.2496282196 0.09699999809 -0.04177284914
v 0.2503146935 0.09699999809 -0.03875988684
v 0.249099102 0.09699999809 -0.03591886244
v 0.2464457321 0.09699999809 -0.03433493334
v 0.2433681107 0.09699999809 -0.03461312014
v 0.2410417747 0.09699999809 -0.03664715494
v 0.2403553009 0.09699999809 -0.03966010774
v 0.2415709114 0.09600000381 -0.04250114164
v 0.2403553009 0.09600000381 -0.03966010774
v 0.2410417747 0.09600000381 -0.03664715494
v 0.2433681107 0.09600000381 -0.03461312014
v 0.2464457321 0.09600000381 -0.03433493334
v 0.249099102 0.09600000381 -0.03591886244
v 0.2503146935 0.09600000381 -0.03875988684
v 0.2496282196 0.09600000381 -0.04177284914
v 0.2473018837 0.09600000381 -0.04380688394
v 0.2442242622 0.09600000381 -0.04408507074
v 0.2415709114 0.09600000381 -0.04250114164
v 0.2415709114 0.09699999809 -0.04250114164
v 0.2434529495 0.09699999809 -0.04085556704
v 0.2451677895 0.09699999809 -0.04170440394
v 0.2469805717 0.09699999809 -0.04109204964
v 0.2478293991 0.09699999809 -0.03937721924
v 0.2472170448 0.09699999809 -0.03756442744
v 0.245502224 0.09699999809 -0.03671560014
v 0.2436894226 0.09699999809 -0.03732795434
v 0.2428405952 0.09699999809 -0.03904278474
v 0.2415709114 0.09699999809 -0.04250114164
v 0.2403553009 0.09699999809 -0.03966010774
v 0.2410417747 0.09699999809 -0.03664715494
v 0.2433681107 0.09699999809 -0.03461312014
v 0.2464457321 0.09699999809 -0.03433493334
v 0.249099102 0.09699999809 -0.03591886244
v 0.2503146935 0.09699999809 -0.03875988684
v 0.2496282196 0.09699999809 -0.04177284914
v 0.2473018837 0.09699999809 -0.04380688394
v 0.2442242622 0.09699999809 -0.04408507074
v 0.2434529495 0.09600000381 -0.04085556704
v 0.2428405952 0.09600000381 -0.03904278474
v 0.2436894226 0.09600000381 -0.03732795434
v 0.245502224 0.09600000381 -0.03671560014
v 0.2472170448 0.09600000381 -0.03756442744
v 0.2478293991 0.09600000381 -0.03937721924
v 0.2469805717 0.09600000381 -0.04109204964
v 0.2451677895 0.09600000381 -0.04170440394
v 0.2415709114 0.09600000381 -0.04250114164
v 0.2442242622 0.09600000381 -0.04408507074
v 0.2473018837 0.09600000381 -0.04380688394
v 0.2496282196 0.09600000381 -0.04177284914
v 0.2503146935 0.09600000381 -0.03875988684
v 0.249099102 0.09600000381 -0.03591886244
v 0.2464457321 0.09600000381 -0.03433493334
v 0.2433681107 0.09600000381 -0.03461312014
v 0.2410417747 0.09600000381 -0.03664715494
v 0.2403553009 0.09600000381 -0.03966010774
v 0.2432647514 0.07199999809 -0.04102012354
v 0.2425911522 0.07199999809 -0.03902606684
v 0.2435248756 0.07199999809 -0.03713974674
v 0.2455189323 0.07199999809 -0.03646615704
v 0.2474052429 0.07199999809 -0.03739987094
v 0.2480788422 0.07199999809 -0.03939393724
v 0.2471451187 0.07199999809 -0.04128024774
v 0.245151062 0.07199999809 -0.04195383744
v 0.2415709114 0.07199999809 -0.04250114164
v 0.2442242622 0.07199999809 -0.04408507074
v 0.2473018837 0.07199999809 -0.04380688394
v 0.2496282196 0.07199999809 -0.04177284914
v 0.2503146935 0.07199999809 -0.03875988684
v 0.249099102 0.07199999809 -0.03591886244
v 0.2464457321 0.07199999809 -0.03433493334
v 0.2433681107 0.07199999809 -0.03461312014
v 0.2410417747 0.07199999809 -0.03664715494
v 0.2403553009 0.07199999809 -0.03966010774
v 0.2432647514 0.07300000191 -0.04102012354
v 0.2425911522 0.07300000191 -0.03902606684
v 0.2435248756 0.07300000191 -0.03713974674
v 0.2455189323 0.07300000191 -0.03646615704
v 0.2474052429 0.07300000191 -0.03739987094
v 0.2480788422 0.07300000191 -0.03939393724
v 0.2471451187 0.07300000191 -0.04128024774
v 0.245151062 0.07300000191 -0.04195383744
v 0.2432647514 0.07199999809 -0.04102012354
v 0.245151062 0.07199999809 -0.04195383744
v 0.2471451187 0.07199999809 -0.04128024774
v 0.2480788422 0.07199999809 -0.03939393724
v 0.2474052429 0.07199999809 -0.03739987094
v 0.2455189323 0.07199999809 -0.03646615704
v 0.2435248756 0.07199999809 -0.03713974674
v 0.2425911522 0.07199999809 -0.03902606684
v 0.2432647514 0.07300000191 -0.04102012354
v 0.2432647514 0.07199999809 -0.04102012354
v 0.2415709114 0.07300000191 -0.04250114164
v 0.2442242622 0.07300000191 -0.04408507074
v 0.2473018837 0.07300000191 -0.04380688394
v 0.2496282196 0.07300000191 -0.04177284914
v 0.2503146935 0.07300000191 -0.03875988684
v 0.249099102 0.07300000191 -0.03591886244
v 0.2464457321 0.07300000191 -0.03433493334
v 0.2433681107 0.07300000191 -0.03461312014
v 0.2410417747 0.07300000191 -0.03664715494
v 0.2403553009 0.07300000191 -0.03966010774
v 0.2415709114 0.07199999809 -0.04250114164
v 0.2403553009 0.07199999809 -0.03966010774
v 0.2410417747 0.07199999809 -0.03664715494
v 0.2433681107 0.07199999809 -0.03461312014
v 0.2464457321 0.07199999809 -0.03433493334
v 0.249099102 0.07199999809 -0.03591886244
v 0.2503146935 0.07199999809 -0.03875988684
v 0.2496282196 0.07199999809 -0.04177284914
v 0.2473018837 0.07199999809 -0.04380688394
v 0.2442242622 0.07199999809 -0.04408507074
v 0.2415709114 0.07199999809 -0.04250114164
v 0.2415709114 0.07300000191 -0.04250114164
v 0.2432647514 0.07300000191 -0.04102012354
v 0.245151062 0.07300000191 -0.04195383744
v 0.2471451187 0.07300000191 -0.04128024774
v 0.2480788422 0.07300000191 -0.03939393724
v 0.2474052429 0.07300000191 -0.03739987094
v 0.2455189323 0.07300000191 -0.03646615704
v 0.2435248756 0.07300000191 -0.03713974674
v 0.2425911522 0.07300000191 -0.03902606684
v 0.2415709114 0.07300000191 -0.04250114164
v 0.2403553009 0.07300000191 -0.03966010774
v 0.2410417747 0.07300000191 -0.03664715494
v 0.2433681107 0.07300000191 -0.03461312014
v 0.2464457321 0.07300000191 -0.03433493334
v 0.249099102 0.07300000191 -0.03591886244
v 0.2503146935 0.07300000191 -0.03875988684
v 0.2496282196 0.07300000191 -0.04177284914
v 0.2473018837 0.07300000191 -0.04380688394
v 0.2442242622 0.07300000191 -0.04408507074
v 0.2421355247 0.07199999809 -0.04200747214
v 0.2411022568 0.07199999809 -0.03959259714
v 0.2416857529 0.07199999809 -0.03703158104
v 0.2436631393 0.07199999809 -0.03530264574
v 0.2462791252 0.07199999809 -0.03506619174
v 0.2485344887 0.07199999809 -0.03641253194
v 0.2495677376 0.07199999809 -0.03882740694
v 0.2489842415 0.07199999809 -0.04138842304
v 0.247006855 0.07199999809 -0.04311734874
v 0.2443908691 0.07199999809 -0.04335380274
v 0.2434529495 0.07199999809 -0.04085556704
v 0.2451677895 0.07199999809 -0.04170440394
v 0.2469805717 0.07199999809 -0.04109204964
v 0.2478293991 0.07199999809 -0.03937721924
v 0.2472170448 0.07199999809 -0.03756442744
v 0.245502224 0.07199999809 -0.03671560014
v 0.2436894226 0.07199999809 -0.03732795434
v 0.2428405952 0.07199999809 -0.03904278474
v 0.2434529495 0.1069999981 -0.04085556704
v 0.2428405952 0.1069999981 -0.03904278474
v 0.2436894226 0.1069999981 -0.03732795434
v 0.245502224 0.1069999981 -0.03671560014
v 0.2472170448 0.1069999981 -0.03756442744
v 0.2478293991 0.1069999981 -0.03937721924
v 0.2469805717 0.1069999981 -0.04109204964
v 0.2451677895 0.1069999981 -0.04170440394
v 0.2434529495 0.1069999981 -0.04085556704
v 0.2451677895 0.1069999981 -0.04170440394
v 0.2469805717 0.1069999981 -0.04109204964
v 0.2478293991 0.1069999981 -0.03937721924
v 0.2472170448 0.1069999981 -0.03756442744
v 0.245502224 0.1069999981 -0.03671560014
v 0.2436894226 0.1069999981 -0.03732795434
v 0.2428405952 0.1069999981 -0.03904278474
v 0.2434529495 0.07199999809 -0.04085556704
v 0.2428405952 0.07199999809 -0.03904278474
v 0.2436894226 0.07199999809 -0.03732795434
v 0.245502224 0.07199999809 -0.03671560014
v 0.2472170448 0.07199999809 -0.03756442744
v 0.2478293991 0.07199999809 -0.03937721924
v 0.2469805717 0.07199999809 -0.04109204964
v 0.2451677895 0.07199999809 -0.04170440394
v 0.2434529495 0.07199999809 -0.04085556704
v 0.2434529495 0.1069999981 -0.04085556704
v 0.2431492615 0.06699999809 -0.03846441944
v 0.2448878288 0.06699999809 -0.03694431024
v 0.247073555 0.06699999809 -0.03768988334
v 0.2475207329 0.06699999809 -0.03995558464
v 0.2457821846 0.06699999809 -0.04147569374
v 0.2435964394 0.06699999809 -0.04073011124
v 0.2421355247 0.06699999809 -0.04200747214
v 0.2443908691 0.06699999809 -0.04335380274
v 0.247006855 0.06699999809 -0.04311734874
v 0.2489842415 0.06699999809 -0.04138842304
v 0.2495677376 0.06699999809 -0.03882740694
v 0.2485344887 0.06699999809 -0.03641253194
v 0.2462791252 0.06699999809 -0.03506619174
v 0.2436631393 0.06699999809 -0.03530264574
v 0.2416857529 0.06699999809 -0.03703158104
v 0.2411022568 0.06699999809 -0.03959259714
v 0.2421355247 0.07199999809 -0.04200747214
v 0.2443908691 0.07199999809 -0.04335380274
v 0.247006855 0.07199999809 -0.04311734874
v 0.2489842415 0.07199999809 -0.04138842304
v 0.2495677376 0.07199999809 -0.03882740694
v 0.2485344887 0.07199999809 -0.03641253194
v 0.2462791252 0.07199999809 -0.03506619174
v 0.2436631393 0.07199999809 -0.03530264574
v 0.2416857529 0.07199999809 -0.03703158104
v 0.2411022568 0.07199999809 -0.03959259714
v 0.2421355247 0.06699999809 -0.04200747214
v 0.2411022568 0.06699999809 -0.03959259714
v 0.2416857529 0.06699999809 -0.03703158104
v 0.2436631393 0.06699999809 -0.03530264574
v 0.2462791252 0.06699999809 -0.03506619174
v 0.2485344887 0.06699999809 -0.03641253194
v 0.2495677376 0.06699999809 -0.03882740694
v 0.2489842415 0.06699999809 -0.04138842304
v 0.247006855 0.06699999809 -0.04311734874
v 0.2443908691 0.06699999809 -0.04335380274
v 0.2421355247 0.06699999809 -0.04200747214
v 0.2421355247 0.07199999809 -0.04200747214
v 0.2431492615 0.06699999809 -0.03846441944
v 0.2435964394 0.06699999809 -0.04073011124
v 0.2435964394 0.06949999809 -0.04073011124
v 0.2431492615 0.06949999809 -0.03846441944
v 0.2475207329 0.06699999809 -0.03995558464
v 0.247073555 0.06699999809 -0.03768988334
v 0.247073555 0.06949999809 -0.03768988334
v 0.2475207329 0.06949999809 -0.03995558464
v 0.247073555 0.06699999809 -0.03768988334
v 0.2448878288 0.06699999809 -0.03694431024
v 0.2448878288 0.06949999809 -0.03694431024
v 0.247073555 0.06949999809 -0.03768988334
v 0.247073555 0.06949999809 -0.03768988334
v 0.2448878288 0.06949999809 -0.03694431024
v 0.2431492615 0.06949999809 -0.03846441944
v 0.2435964394 0.06949999809 -0.04073011124
v 0.2457821846 0.06949999809 -0.04147569374
v 0.2475207329 0.06949999809 -0.03995558464
v 0.2448878288 0.06699999809 -0.03694431024
v 0.2431492615 0.06699999809 -0.03846441944
v 0.2431492615 0.06949999809 -0.03846441944
v 0.2448878288 0.06949999809 -0.03694431024
v 0.2435964394 0.06699999809 -0.04073011124
v 0.2457821846 0.06699999809 -0.04147569374
v 0.2457821846 0.06949999809 -0.04147569374
v 0.2435964394 0.06949999809 -0.04073011124
v 0.2457821846 0.06699999809 -0.04147569374
v 0.2475207329 0.06699999809 -0.03995558464
v 0.2475207329 0.06949999809 -0.03995558464
v 0.2457821846 0.06949999809 -0.04147569374
v 0.2434529495 0.1019999981 -0.04085556704
v 0.2428405952 0.1019999981 -0.03904278474
v 0.2436894226 0.1019999981 -0.03732795434
v 0.245502224 0.1019999981 -0.03671560014
v 0.2472170448 0.1019999981 -0.03756442744
v 0.2478293991 0.1019999981 -0.03937721924
v 0.2469805717 0.1019999981 -0.04109204964
v 0.2451677895 0.1019999981 -0.04170440394
v 0.2434529495 0.09699999809 -0.04085556704
v 0.2451677895 0.09699999809 -0.04170440394
v 0.2469805717 0.09699999809 -0.04109204964
v 0.2478293991 0.09699999809 -0.03937721924
v 0.2472170448 0.09699999809 -0.03756442744
v 0.245502224 0.09699999809 -0.03671560014
v 0.2436894226 0.09699999809 -0.03732795434
v 0.2428405952 0.09699999809 -0.03904278474
v 0.2434529495 0.1019999981 -0.04085556704
v 0.2434529495 0.09699999809 -0.04085556704
v 0.2497064781 0.09699999809 -0.04070116724
v 0.2462293434 0.09699999809 -0.04374138554
v 0.2462293434 0.1019999981 -0.04374138554
v 0.2497064781 0.1019999981 -0.04070116724
v 0.2462293434 0.09699999809 -0.04374138554
v 0.241857872 0.09699999809 -0.04225022034
v 0.241857872 0.1019999981 -0.04225022034
v 0.2462293434 0.1019999981 -0.04374138554
v 0.2488121223 0.09699999809 -0.03616977414
v 0.2497064781 0.09699999809 -0.04070116724
v 0.2497064781 0.1019999981 -0.04070116724
v 0.2488121223 0.1019999981 -0.03616977414
v 0.2444406509 0.09699999809 -0.03467860894
v 0.2488121223 0.09699999809 -0.03616977414
v 0.2488121223 0.1019999981 -0.03616977414
v 0.2444406509 0.1019999981 -0.03467860894
v 0.2434529495 0.1019999981 -0.04085556704
v 0.2451677895 0.1019999981 -0.04170440394
v 0.2469805717 0.1019999981 -0.04109204964
v 0.2478293991 0.1019999981 -0.03937721924
v 0.2472170448 0.1019999981 -0.03756442744
v 0.245502224 0.1019999981 -0.03671560014
v 0.2436894226 0.1019999981 -0.03732795434
v 0.2428405952 0.1019999981 -0.03904278474
v 0.2444406509 0.1019999981 -0.03467860894
v 0.2488121223 0.1019999981 -0.03616977414
v 0.2497064781 0.1019999981 -0.04070116724
v 0.2462293434 0.1019999981 -0.04374138554
v 0.241857872 0.1019999981 -0.04225022034
v 0.2409635353 0.1019999981 -0.03771883684
v 0.2409635353 0.09699999809 -0.03771883684
v 0.2444406509 0.09699999809 -0.03467860894
v 0.2444406509 0.1019999981 -0.03467860894
v 0.2409635353 0.1019999981 -0.03771883684
v 0.241857872 0.09699999809 -0.04225022034
v 0.2409635353 0.09699999809 -0.03771883684
v 0.2409635353 0.1019999981 -0.03771883684
v 0.241857872 0.1019999981 -0.04225022034
v 0.2434529495 0.09699999809 -0.04085556704
v 0.2428405952 0.09699999809 -0.03904278474
v 0.2436894226 0.09699999809 -0.03732795434
v 0.245502224 0.09699999809 -0.03671560014
v 0.2472170448 0.09699999809 -0.03756442744
v 0.2478293991 0.09699999809 -0.03937721924
v 0.2469805717 0.09699999809 -0.04109204964
v 0.2451677895 0.09699999809 -0.04170440394
v 0.2488121223 0.09699999809 -0.03616977414
v 0.2444406509 0.09699999809 -0.03467860894
v 0.2409635353 0.09699999809 -0.03771883684
v 0.241857872 0.09699999809 -0.04225022034
v 0.2462293434 0.09699999809 -0.04374138554
v 0.2497064781 0.09699999809 -0.04070116724
v 0.2434529495 0.09 0.03914442336
v 0.2428405952 0.09 0.04095720566
v 0.2436894226 0.09 0.04267204566
v 0.245502224 0.09 0.04328439986
v 0.2472170448 0.09 0.04243557256
v 0.2478293991 0.09 0.04062279026
v 0.2469805717 0.09 0.03890795036
v 0.2451677895 0.09 0.03829559606
v 0.2434529495 0.085 0.03914442336
v 0.2451677895 0.085 0.03829559606
v 0.2469805717 0.085 0.03890795036
v 0.2478293991 0.085 0.04062279026
v 0.2472170448 0.085 0.04243557256
v 0.245502224 0.085 0.04328439986
v 0.2436894226 0.085 0.04267204566
v 0.2428405952 0.085 0.04095720566
v 0.2434529495 0.09 0.03914442336
v 0.2434529495 0.085 0.03914442336
v 0.2434529495 0.085 0.03914442336
v 0.2428405952 0.085 0.04095720566
v 0.2436894226 0.085 0.04267204566
v 0.245502224 0.085 0.04328439986
v 0.2472170448 0.085 0.04243557256
v 0.2478293991 0.085 0.04062279026
v 0.2469805717 0.085 0.03890795036
v 0.2451677895 0.085 0.03829559606
v 0.239312458 0.085 0.03552418036
v 0.2424494553 0.085 0.03332853596
v 0.2462474823 0.085 0.03284221926
v 0.249836483 0.085 0.03417663856
v 0.2523942566 0.085 0.03702610296
v 0.2533348274 0.085 0.04073784156
v 0.2524427414 0.085 0.04446152016
v 0.2499223518 0.085 0.04734409606
v 0.2463510513 0.085 0.04872520726
v 0.2425469971 0.085 0.04828846256
v 0.2393816376 0.085 0.04613392156
v 0.2375801086 0.085 0.04275512976
v 0.2375551414 0.085 0.03892616546
v 0.239312458 0.09 0.03552418036
v 0.2424494553 0.09 0.03332853596
v 0.2462474823 0.09 0.03284221926
v 0.249836483 0.09 0.03417663856
v 0.2523942566 0.09 0.03702610296
v 0.2533348274 0.09 0.04073784156
v 0.2524427414 0.09 0.04446152016
v 0.2499223518 0.09 0.04734409606
v 0.2463510513 0.09 0.04872520726
v 0.2425469971 0.09 0.04828846256
v 0.2393816376 0.09 0.04613392156
v 0.2375801086 0.09 0.04275512976
v 0.2375551414 0.09 0.03892616546
v 0.239312458 0.085 0.03552418036
v 0.2375551414 0.085 0.03892616546
v 0.2375801086 0.085 0.04275512976
v 0.2393816376 0.085 0.04613392156
v 0.2425469971 0.085 0.04828846256
v 0.2463510513 0.085 0.04872520726
v 0.2499223518 0.085 0.04734409606
v 0.2524427414 0.085 0.04446152016
v 0.2533348274 0.085 0.04073784156
v 0.2523942566 0.085 0.03702610296
v 0.249836483 0.085 0.03417663856
v 0.2462474823 0.085 0.03284221926
v 0.2424494553 0.085 0.03332853596
v 0.239312458 0.085 0.03552418036
v 0.239312458 0.09 0.03552418036
v 0.2434529495 0.09 0.03914442336
v 0.2451677895 0.09 0.03829559606
v 0.2469805717 0.09 0.03890795036
v 0.2478293991 0.09 0.04062279026
v 0.2472170448 0.09 0.04243557256
v 0.245502224 0.09 0.04328439986
v 0.2436894226 0.09 0.04267204566
v 0.2428405952 0.09 0.04095720566
v 0.239312458 0.09 0.03552418036
v 0.2375551414 0.09 0.03892616546
v 0.2375801086 0.09 0.04275512976
v 0.2393816376 0.09 0.04613392156
v 0.2425469971 0.09 0.04828846256
v 0.2463510513 0.09 0.04872520726
v 0.2499223518 0.09 0.04734409606
v 0.2524427414 0.09 0.04446152016
v 0.2533348274 0.09 0.04073784156
v 0.2523942566 0.09 0.03702610296
v 0.249836483 0.09 0.03417663856
v 0.2462474823 0.09 0.03284221926
v 0.2424494553 0.09 0.03332853596
v 0.2434529495 0.09600000381 0.03914442336
v 0.2428405952 0.09600000381 0.04095720566
v 0.2436894226 0.09600000381 0.04267204566
v 0.245502224 0.09600000381 0.04328439986
v 0.2472170448 0.09600000381 0.04243557256
v 0.2478293991 0.09600000381 0.04062279026
v 0.2469805717 0.09600000381 0.03890795036
v 0.2451677895 0.09600000381 0.03829559606
v 0.2434529495 0.09100000381 0.03914442336
v 0.2451677895 0.09100000381 0.03829559606
v 0.2469805717 0.09100000381 0.03890795036
v 0.2478293991 0.09100000381 0.04062279026
v 0.2472170448 0.09100000381 0.04243557256
v 0.245502224 0.09100000381 0.04328439986
v 0.2436894226 0.09100000381 0.04267204566
v 0.2428405952 0.09100000381 0.04095720566
v 0.2434529495 0.09600000381 0.03914442336
v 0.2434529495 0.09100000381 0.03914442336
v 0.239312458 0.09600000381 0.03552418036
v 0.2424494553 0.09600000381 0.03332853596
v 0.2462474823 0.09600000381 0.03284221926
v 0.249836483 0.09600000381 0.03417663856
v 0.2523942566 0.09600000381 0.03702610296
v 0.2533348274 0.09600000381 0.04073784156
v 0.2524427414 0.09600000381 0.04446152016
v 0.2499223518 0.09600000381 0.04734409606
v 0.2463510513 0.09600000381 0.04872520726
v 0.2425469971 0.09600000381 0.04828846256
v 0.2393816376 0.09600000381 0.04613392156
v 0.2375801086 0.09600000381 0.04275512976
v 0.2375551414 0.09600000381 0.03892616546
v 0.239312458 0.09100000381 0.03552418036
v 0.2375551414 0.09100000381 0.03892616546
v 0.2375801086 0.09100000381 0.04275512976
v 0.2393816376 0.09100000381 0.04613392156
v 0.2425469971 0.09100000381 0.04828846256
v 0.2463510513 0.09100000381 0.04872520726
v 0.2499223518 0.09100000381 0.04734409606
v 0.2524427414 0.09100000381 0.04446152016
v 0.2533348274 0.09100000381 0.04073784156
v 0.2523942566 0.09100000381 0.03702610296
v 0.249836483 0.09100000381 0.03417663856
v 0.2462474823 0.09100000381 0.03284221926
v 0.2424494553 0.09100000381 0.03332853596
v 0.239312458 0.09100000381 0.03552418036
v 0.239312458 0.09600000381 0.03552418036
v 0.2434529495 0.09600000381 0.03914442336
v 0.2451677895 0.09600000381 0.03829559606
v 0.2469805717 0.09600000381 0.03890795036
v 0.2478293991 0.09600000381 0.04062279026
v 0.2472170448 0.09600000381 0.04243557256
v 0.245502224 0.09600000381 0.04328439986
v 0.2436894226 0.09600000381 0.04267204566
v 0.2428405952 0.09600000381 0.04095720566
v 0.239312458 0.09600000381 0.03552418036
v 0.2375551414 0.09600000381 0.03892616546
v 0.2375801086 0.09600000381 0.04275512976
v 0.2393816376 0.09600000381 0.04613392156
v 0.2425469971 0.09600000381 0.04828846256
v 0.2463510513 0.09600000381 0.04872520726
v 0.2499223518 0.09600000381 0.04734409606
v 0.2524427414 0.09600000381 0.04446152016
v 0.2533348274 0.09600000381 0.04073784156
v 0.2523942566 0.09600000381 0.03702610296
v 0.249836483 0.09600000381 0.03417663856
v 0.2462474823 0.09600000381 0.03284221926
v 0.2424494553 0.09600000381 0.03332853596
v 0.2434529495 0.09100000381 0.03914442336
v 0.2428405952 0.09100000381 0.04095720566
v 0.2436894226 0.09100000381 0.04267204566
v 0.245502224 0.09100000381 0.04328439986
v 0.2472170448 0.09100000381 0.04243557256
v 0.2478293991 0.09100000381 0.04062279026
v 0.2469805717 0.09100000381 0.03890795036
v 0.2451677895 0.09100000381 0.03829559606
v 0.239312458 0.09100000381 0.03552418036
v 0.2424494553 0.09100000381 0.03332853596
v 0.2462474823 0.09100000381 0.03284221926
v 0.249836483 0.09100000381 0.03417663856
v 0.2523942566 0.09100000381 0.03702610296
v 0.2533348274 0.09100000381 0.04073784156
v 0.2524427414 0.09100000381 0.04446152016
v 0.2499223518 0.09100000381 0.04734409606
v 0.2463510513 0.09100000381 0.04872520726
v 0.2425469971 0.09100000381 0.04828846256
v 0.2393816376 0.09100000381 0.04613392156
v 0.2375801086 0.09100000381 0.04275512976
v 0.2375551414 0.09100000381 0.03892616546
v 0.2434529495 0.09 0.03914442336
v 0.2428405952 0.09 0.04095720566
v 0.2436894226 0.09 0.04267204566
v 0.245502224 0.09 0.04328439986
v 0.2472170448 0.09 0.04243557256
v 0.2478293991 0.09 0.04062279026
v 0.2469805717 0.09 0.03890795036
v 0.2451677895 0.09 0.03829559606
v 0.2415709114 0.09 0.03749885836
v 0.2442242622 0.09 0.03591493886
v 0.2473018837 0.09 0.03619310656
v 0.2496282196 0.09 0.03822716036
v 0.2503146935 0.09 0.04124010366
v 0.249099102 0.09 0.04408113756
v 0.2464457321 0.09 0.04566505706
v 0.2433681107 0.09 0.04538688936
v 0.2410417747 0.09 0.04335285466
v 0.2403553009 0.09 0.04033989226
v 0.2434529495 0.09100000381 0.03914442336
v 0.2428405952 0.09100000381 0.04095720566
v 0.2436894226 0.09100000381 0.04267204566
v 0.245502224 0.09100000381 0.04328439986
v 0.2472170448 0.09100000381 0.04243557256
v 0.2478293991 0.09100000381 0.04062279026
v 0.2469805717 0.09100000381 0.03890795036
v 0.2451677895 0.09100000381 0.03829559606
v 0.2434529495 0.09 0.03914442336
v 0.2451677895 0.09 0.03829559606
v 0.2469805717 0.09 0.03890795036
v 0.2478293991 0.09 0.04062279026
v 0.2472170448 0.09 0.04243557256
v 0.245502224 0.09 0.04328439986
v 0.2436894226 0.09 0.04267204566
v 0.2428405952 0.09 0.04095720566
v 0.2434529495 0.09100000381 0.03914442336
v 0.2434529495 0.09 0.03914442336
v 0.2434529495 0.09100000381 0.03914442336
v 0.2451677895 0.09100000381 0.03829559606
v 0.2469805717 0.09100000381 0.03890795036
v 0.2478293991 0.09100000381 0.04062279026
v 0.2472170448 0.09100000381 0.04243557256
v 0.245502224 0.09100000381 0.04328439986
v 0.2436894226 0.09100000381 0.04267204566
v 0.2428405952 0.09100000381 0.04095720566
v 0.2415709114 0.09100000381 0.03749885836
v 0.2403553009 0.09100000381 0.04033989226
v 0.2410417747 0.09100000381 0.04335285466
v 0.2433681107 0.09100000381 0.04538688936
v 0.2464457321 0.09100000381 0.04566505706
v 0.249099102 0.09100000381 0.04408113756
v 0.2503146935 0.09100000381 0.04124010366
v 0.2496282196 0.09100000381 0.03822716036
v 0.2473018837 0.09100000381 0.03619310656
v 0.2442242622 0.09100000381 0.03591493886
v 0.2415709114 0.09100000381 0.03749885836
v 0.2442242622 0.09100000381 0.03591493886
v 0.2473018837 0.09100000381 0.03619310656
v 0.2496282196 0.09100000381 0.03822716036
v 0.2503146935 0.09100000381 0.04124010366
v 0.249099102 0.09100000381 0.04408113756
v 0.2464457321 0.09100000381 0.04566505706
v 0.2433681107 0.09100000381 0.04538688936
v 0.2410417747 0.09100000381 0.04335285466
v 0.2403553009 0.09100000381 0.04033989226
v 0.2415709114 0.09 0.03749885836
v 0.2403553009 0.09 0.04033989226
v 0.2410417747 0.09 0.04335285466
v 0.2433681107 0.09 0.04538688936
v 0.2464457321 0.09 0.04566505706
v 0.249099102 0.09 0.04408113756
v 0.2503146935 0.09 0.04124010366
v 0.2496282196 0.09 0.03822716036
v 0.2473018837 0.09 0.03619310656
v 0.2442242622 0.09 0.03591493886
v 0.2415709114 0.09 0.03749885836
v 0.2415709114 0.09100000381 0.03749885836
v 0.2434529495 0.085 0.03914442336
v 0.2428405952 0.085 0.04095720566
v 0.2436894226 0.085 0.04267204566
v 0.245502224 0.085 0.04328439986
v 0.2472170448 0.085 0.04243557256
v 0.2478293991 0.085 0.04062279026
v 0.2469805717 0.085 0.03890795036
v 0.2451677895 0.085 0.03829559606
v 0.2434529495 0.08399999619 0.03914442336
v 0.2451677895 0.08399999619 0.03829559606
v 0.2469805717 0.08399999619 0.03890795036
v 0.2478293991 0.08399999619 0.04062279026
v 0.2472170448 0.08399999619 0.04243557256
v 0.245502224 0.08399999619 0.04328439986
v 0.2436894226 0.08399999619 0.04267204566
v 0.2428405952 0.08399999619 0.04095720566
v 0.2434529495 0.085 0.03914442336
v 0.2434529495 0.08399999619 0.03914442336
v 0.2434529495 0.08399999619 0.03914442336
v 0.2428405952 0.08399999619 0.04095720566
v 0.2436894226 0.08399999619 0.04267204566
v 0.245502224 0.08399999619 0.04328439986
v 0.2472170448 0.08399999619 0.04243557256
v 0.2478293991 0.08399999619 0.04062279026
v 0.2469805717 0.08399999619 0.03890795036
v 0.2451677895 0.08399999619 0.03829559606
v 0.2415709114 0.08399999619 0.03749885836
v 0.2442242622 0.08399999619 0.03591493886
v 0.2473018837 0.08399999619 0.03619310656
v 0.2496282196 0.08399999619 0.03822716036
v 0.2503146935 0.08399999619 0.04124010366
v 0.249099102 0.08399999619 0.04408113756
v 0.2464457321 0.08399999619 0.04566505706
v 0.2433681107 0.08399999619 0.04538688936
v 0.2410417747 0.08399999619 0.04335285466
v 0.2403553009 0.08399999619 0.04033989226
v 0.2434529495 0.085 0.03914442336
v 0.2451677895 0.085 0.03829559606
v 0.2469805717 0.085 0.03890795036
v 0.2478293991 0.085 0.04062279026
v 0.2472170448 0.085 0.04243557256
v 0.245502224 0.085 0.04328439986
v 0.2436894226 0.085 0.04267204566
v 0.2428405952 0.085 0.04095720566
v 0.2415709114 0.085 0.03749885836
v 0.2403553009 0.085 0.04033989226
v 0.2410417747 0.085 0.04335285466
v 0.2433681107 0.085 0.04538688936
v 0.2464457321 0.085 0.04566505706
v 0.249099102 0.085 0.04408113756
v 0.2503146935 0.085 0.04124010366
v 0.2496282196 0.085 0.03822716036
v 0.2473018837 0.085 0.03619310656
v 0.2442242622 0.085 0.03591493886
v 0.2415709114 0.085 0.03749885836
v 0.2442242622 0.085 0.03591493886
v 0.2473018837 0.085 0.03619310656
v 0.2496282196 0.085 0.03822716036
v 0.2503146935 0.085 0.04124010366
v 0.249099102 0.085 0.04408113756
v 0.2464457321 0.085 0.04566505706
v 0.2433681107 0.085 0.04538688936
v 0.2410417747 0.085 0.04335285466
v 0.2403553009 0.085 0.04033989226
v 0.2415709114 0.08399999619 0.03749885836
v 0.2403553009 0.08399999619 0.04033989226
v 0.2410417747 0.08399999619 0.04335285466
v 0.2433681107 0.08399999619 0.04538688936
v 0.2464457321 0.08399999619 0.04566505706
v 0.249099102 0.08399999619 0.04408113756
v 0.2503146935 0.08399999619 0.04124010366
v 0.2496282196 0.08399999619 0.03822716036
v 0.2473018837 0.08399999619 0.03619310656
v 0.2442242622 0.08399999619 0.03591493886
v 0.2415709114 0.08399999619 0.03749885836
v 0.2415709114 0.085 0.03749885836
v 0.2434529495 0.09699999809 0.03914442336
v 0.2428405952 0.09699999809 0.04095720566
v 0.2436894226 0.09699999809 0.04267204566
v 0.245502224 0.09699999809 0.04328439986
v 0.2472170448 0.09699999809 0.04243557256
v 0.2478293991 0.09699999809 0.04062279026
v 0.2469805717 0.09699999809 0.03890795036
v 0.2451677895 0.09699999809 0.03829559606
v 0.2434529495 0.09600000381 0.03914442336
v 0.2451677895 0.09600000381 0.03829559606
v 0.2469805717 0.09600000381 0.03890795036
v 0.2478293991 0.09600000381 0.04062279026
v 0.2472170448 0.09600000381 0.04243557256
v 0.245502224 0.09600000381 0.04328439986
v 0.2436894226 0.09600000381 0.04267204566
v 0.2428405952 0.09600000381 0.04095720566
v 0.2434529495 0.09699999809 0.03914442336
v 0.2434529495 0.09600000381 0.03914442336
v 0.2434529495 0.09600000381 0.03914442336
v 0.2428405952 0.09600000381 0.04095720566
v 0.2436894226 0.09600000381 0.04267204566
v 0.245502224 0.09600000381 0.04328439986
v 0.2472170448 0.09600000381 0.04243557256
v 0.2478293991 0.09600000381 0.04062279026
v 0.2469805717 0.09600000381 0.03890795036
v 0.2451677895 0.09600000381 0.03829559606
v 0.2415709114 0.09600000381 0.03749885836
v 0.2442242622 0.09600000381 0.03591493886
v 0.2473018837 0.09600000381 0.03619310656
v 0.2496282196 0.09600000381 0.03822716036
v 0.2503146935 0.09600000381 0.04124010366
v 0.249099102 0.09600000381 0.04408113756
v 0.2464457321 0.09600000381 0.04566505706
v 0.2433681107 0.09600000381 0.04538688936
v 0.2410417747 0.09600000381 0.04335285466
v 0.2403553009 0.09600000381 0.04033989226
v 0.2415709114 0.09699999809 0.03749885836
v 0.2442242622 0.09699999809 0.03591493886
v 0.2473018837 0.09699999809 0.03619310656
v 0.2496282196 0.09699999809 0.03822716036
v 0.2503146935 0.09699999809 0.04124010366
v 0.249099102 0.09699999809 0.04408113756
v 0.2464457321 0.09699999809 0.04566505706
v 0.2433681107 0.09699999809 0.04538688936
v 0.2410417747 0.09699999809 0.04335285466
v 0.2403553009 0.09699999809 0.04033989226
v 0.2415709114 0.09600000381 0.03749885836
v 0.2403553009 0.09600000381 0.04033989226
v 0.2410417747 0.09600000381 0.04335285466
v 0.2433681107 0.09600000381 0.04538688936
v 0.2464457321 0.09600000381 0.04566505706
v 0.249099102 0.09600000381 0.04408113756
v 0.2503146935 0.09600000381 0.04124010366
v 0.2496282196 0.09600000381 0.03822716036
v 0.2473018837 0.09600000381 0.03619310656
v 0.2442242622 0.09600000381 0.03591493886
v 0.2415709114 0.09600000381 0.03749885836
v 0.2415709114 0.09699999809 0.03749885836
v 0.2434529495 0.09699999809 0.03914442336
v 0.2451677895 0.09699999809 0.03829559606
v 0.2469805717 0.09699999809 0.03890795036
v 0.2478293991 0.09699999809 0.04062279026
v 0.2472170448 0.09699999809 0.04243557256
v 0.245502224 0.09699999809 0.04328439986
v 0.2436894226 0.09699999809 0.04267204566
v 0.2428405952 0.09699999809 0.04095720566
v 0.2415709114 0.09699999809 0.03749885836
v 0.2403553009 0.09699999809 0.04033989226
v 0.2410417747 0.09699999809 0.04335285466
v 0.2433681107 0.09699999809 0.04538688936
v 0.2464457321 0.09699999809 0.04566505706
v 0.249099102 0.09699999809 0.04408113756
v 0.2503146935 0.09699999809 0.04124010366
v 0.2496282196 0.09699999809 0.03822716036
v 0.2473018837 0.09699999809 0.03619310656
v 0.2442242622 0.09699999809 0.03591493886
v 0.2432647514 0.07300000191 0.03897987646
v 0.245151062 0.07300000191 0.03804615296
v 0.2471451187 0.07300000191 0.03871975226
v 0.2480788422 0.07300000191 0.04060606276
v 0.2474052429 0.07300000191 0.04260011946
v 0.2455189323 0.07300000191 0.04353384296
v 0.2435248756 0.07300000191 0.04286024376
v 0.2425911522 0.07300000191 0.04097393316
v 0.2415709114 0.07300000191 0.03749885836
v 0.2403553009 0.07300000191 0.04033989226
v 0.2410417747 0.07300000191 0.04335285466
v 0.2433681107 0.07300000191 0.04538688936
v 0.2464457321 0.07300000191 0.04566505706
v 0.249099102 0.07300000191 0.04408113756
v 0.2503146935 0.07300000191 0.04124010366
v 0.2496282196 0.07300000191 0.03822716036
v 0.2473018837 0.07300000191 0.03619310656
v 0.2442242622 0.07300000191 0.03591493886
v 0.2432647514 0.07199999809 0.03897987646
v 0.2425911522 0.07199999809 0.04097393316
v 0.2435248756 0.07199999809 0.04286024376
v 0.2455189323 0.07199999809 0.04353384296
v 0.2474052429 0.07199999809 0.04260011946
v 0.2480788422 0.07199999809 0.04060606276
v 0.2471451187 0.07199999809 0.03871975226
v 0.245151062 0.07199999809 0.03804615296
v 0.2415709114 0.07199999809 0.03749885836
v 0.2442242622 0.07199999809 0.03591493886
v 0.2473018837 0.07199999809 0.03619310656
v 0.2496282196 0.07199999809 0.03822716036
v 0.2503146935 0.07199999809 0.04124010366
v 0.249099102 0.07199999809 0.04408113756
v 0.2464457321 0.07199999809 0.04566505706
v 0.2433681107 0.07199999809 0.04538688936
v 0.2410417747 0.07199999809 0.04335285466
v 0.2403553009 0.07199999809 0.04033989226
v 0.2415709114 0.07300000191 0.03749885836
v 0.2442242622 0.07300000191 0.03591493886
v 0.2473018837 0.07300000191 0.03619310656
v 0.2496282196 0.07300000191 0.03822716036
v 0.2503146935 0.07300000191 0.04124010366
v 0.249099102 0.07300000191 0.04408113756
v 0.2464457321 0.07300000191 0.04566505706
v 0.2433681107 0.07300000191 0.04538688936
v 0.2410417747 0.07300000191 0.04335285466
v 0.2403553009 0.07300000191 0.04033989226
v 0.2415709114 0.07199999809 0.03749885836
v 0.2403553009 0.07199999809 0.04033989226
v 0.2410417747 0.07199999809 0.04335285466
v 0.2433681107 0.07199999809 0.04538688936
v 0.2464457321 0.07199999809 0.04566505706
v 0.249099102 0.07199999809 0.04408113756
v 0.2503146935 0.07199999809 0.04124010366
v 0.2496282196 0.07199999809 0.03822716036
v 0.2473018837 0.07199999809 0.03619310656
v 0.2442242622 0.07199999809 0.03591493886
v 0.2415709114 0.07199999809 0.03749885836
v 0.2415709114 0.07300000191 0.03749885836
v 0.2432647514 0.07300000191 0.03897987646
v 0.2425911522 0.07300000191 0.04097393316
v 0.2435248756 0.07300000191 0.04286024376
v 0.2455189323 0.07300000191 0.04353384296
v 0.2474052429 0.07300000191 0.04260011946
v 0.2480788422 0.07300000191 0.04060606276
v 0.2471451187 0.07300000191 0.03871975226
v 0.245151062 0.07300000191 0.03804615296
v 0.2432647514 0.07199999809 0.03897987646
v 0.245151062 0.07199999809 0.03804615296
v 0.2471451187 0.07199999809 0.03871975226
v 0.2480788422 0.07199999809 0.04060606276
v 0.2474052429 0.07199999809 0.04260011946
v 0.2455189323 0.07199999809 0.04353384296
v 0.2435248756 0.07199999809 0.04286024376
v 0.2425911522 0.07199999809 0.04097393316
v 0.2432647514 0.07300000191 0.03897987646
v 0.2432647514 0.07199999809 0.03897987646
v 0.2434529495 0.1069999981 0.03914442336
v 0.2428405952 0.1069999981 0.04095720566
v 0.2436894226 0.1069999981 0.04267204566
v 0.245502224 0.1069999981 0.04328439986
v 0.2472170448 0.1069999981 0.04243557256
v 0.2478293991 0.1069999981 0.04062279026
v 0.2469805717 0.1069999981 0.03890795036
v 0.2451677895 0.1069999981 0.03829559606
v 0.2421355247 0.07199999809 0.03799253746
v 0.2411022568 0.07199999809 0.04040741246
v 0.2416857529 0.07199999809 0.04296842856
v 0.2436631393 0.07199999809 0.04469734466
v 0.2462791252 0.07199999809 0.04493379866
v 0.2485344887 0.07199999809 0.04358747756
v 0.2495677376 0.07199999809 0.04117258346
v 0.2489842415 0.07199999809 0.03861158646
v 0.247006855 0.07199999809 0.03688265126
v 0.2443908691 0.07199999809 0.03664619726
v 0.2434529495 0.07199999809 0.03914442336
v 0.2451677895 0.07199999809 0.03829559606
v 0.2469805717 0.07199999809 0.03890795036
v 0.2478293991 0.07199999809 0.04062279026
v 0.2472170448 0.07199999809 0.04243557256
v 0.245502224 0.07199999809 0.04328439986
v 0.2436894226 0.07199999809 0.04267204566
v 0.2428405952 0.07199999809 0.04095720566
v 0.2434529495 0.1069999981 0.03914442336
v 0.2451677895 0.1069999981 0.03829559606
v 0.2469805717 0.1069999981 0.03890795036
v 0.2478293991 0.1069999981 0.04062279026
v 0.2472170448 0.1069999981 0.04243557256
v 0.245502224 0.1069999981 0.04328439986
v 0.2436894226 0.1069999981 0.04267204566
v 0.2428405952 0.1069999981 0.04095720566
v 0.2434529495 0.07199999809 0.03914442336
v 0.2428405952 0.07199999809 0.04095720566
v 0.2436894226 0.07199999809 0.04267204566
v 0.245502224 0.07199999809 0.04328439986
v 0.2472170448 0.07199999809 0.04243557256
v 0.2478293991 0.07199999809 0.04062279026
v 0.2469805717 0.07199999809 0.03890795036
v 0.2451677895 0.07199999809 0.03829559606
v 0.2434529495 0.07199999809 0.03914442336
v 0.2434529495 0.1069999981 0.03914442336
v 0.2421355247 0.07199999809 0.03799253746
v 0.2443908691 0.07199999809 0.03664619726
v 0.247006855 0.07199999809 0.03688265126
v 0.2489842415 0.07199999809 0.03861158646
v 0.2495677376 0.07199999809 0.04117258346
v 0.2485344887 0.07199999809 0.04358747756
v 0.2462791252 0.07199999809 0.04493379866
v 0.2436631393 0.07199999809 0.04469734466
v 0.2416857529 0.07199999809 0.04296842856
v 0.2411022568 0.07199999809 0.04040741246
v 0.2421355247 0.06699999809 0.03799253746
v 0.2411022568 0.06699999809 0.04040741246
v 0.2416857529 0.06699999809 0.04296842856
v 0.2436631393 0.06699999809 0.04469734466
v 0.2462791252 0.06699999809 0.04493379866
v 0.2485344887 0.06699999809 0.04358747756
v 0.2495677376 0.06699999809 0.04117258346
v 0.2489842415 0.06699999809 0.03861158646
v 0.247006855 0.06699999809 0.03688265126
v 0.2443908691 0.06699999809 0.03664619726
v 0.2421355247 0.06699999809 0.03799253746
v 0.2421355247 0.07199999809 0.03799253746
v 0.2431492615 0.06699999809 0.04153559006
v 0.2448878288 0.06699999809 0.04305568976
v 0.247073555 0.06699999809 0.04231010716
v 0.2475207329 0.06699999809 0.04004442496
v 0.2457821846 0.06699999809 0.03852430626
v 0.2435964394 0.06699999809 0.03926988876
v 0.2421355247 0.06699999809 0.03799253746
v 0.2443908691 0.06699999809 0.03664619726
v 0.247006855 0.06699999809 0.03688265126
v 0.2489842415 0.06699999809 0.03861158646
v 0.2495677376 0.06699999809 0.04117258346
v 0.2485344887 0.06699999809 0.04358747756
v 0.2462791252 0.06699999809 0.04493379866
v 0.2436631393 0.06699999809 0.04469734466
v 0.2416857529 0.06699999809 0.04296842856
v 0.2411022568 0.06699999809 0.04040741246
v 0.2431492615 0.06699999809 0.04153559006
v 0.2435964394 0.06699999809 0.03926988876
v 0.2435964394 0.06949999809 0.03926988876
v 0.2431492615 0.06949999809 0.04153559006
v 0.2475207329 0.06699999809 0.04004442496
v 0.247073555 0.06699999809 0.04231010716
v 0.247073555 0.06949999809 0.04231010716
v 0.2475207329 0.06949999809 0.04004442496
v 0.247073555 0.06699999809 0.04231010716
v 0.2448878288 0.06699999809 0.04305568976
v 0.2448878288 0.06949999809 0.04305568976
v 0.247073555 0.06949999809 0.04231010716
v 0.2448878288 0.06699999809 0.04305568976
v 0.2431492615 0.06699999809 0.04153559006
v 0.2431492615 0.06949999809 0.04153559006
v 0.2448878288 0.06949999809 0.04305568976
v 0.2435964394 0.06699999809 0.03926988876
v 0.2457821846 0.06699999809 0.03852430626
v 0.2457821846 0.06949999809 0.03852430626
v 0.2435964394 0.06949999809 0.03926988876
v 0.247073555 0.06949999809 0.04231010716
v 0.2448878288 0.06949999809 0.04305568976
v 0.2431492615 0.06949999809 0.04153559006
v 0.2435964394 0.06949999809 0.03926988876
v 0.2457821846 0.06949999809 0.03852430626
v 0.2475207329 0.06949999809 0.04004442496
v 0.2457821846 0.06699999809 0.03852430626
v 0.2475207329 0.06699999809 0.04004442496
v 0.2475207329 0.06949999809 0.04004442496
v 0.2457821846 0.06949999809 0.03852430626
v 0.2434529495 0.1019999981 0.03914442336
v 0.2451677895 0.1019999981 0.03829559606
v 0.2469805717 0.1019999981 0.03890795036
v 0.2478293991 0.1019999981 0.04062279026
v 0.2472170448 0.1019999981 0.04243557256
v 0.245502224 0.1019999981 0.04328439986
v 0.2436894226 0.1019999981 0.04267204566
v 0.2428405952 0.1019999981 0.04095720566
v 0.2444406509 0.1019999981 0.04532139106
v 0.2488121223 0.1019999981 0.04383022586
v 0.2497064781 0.1019999981 0.03929884236
v 0.2462293434 0.1019999981 0.03625860496
v 0.241857872 0.1019999981 0.03774977006
v 0.2409635353 0.1019999981 0.04228115356
v 0.2409635353 0.09699999809 0.04228115356
v 0.2444406509 0.09699999809 0.04532139106
v 0.2444406509 0.1019999981 0.04532139106
v 0.2409635353 0.1019999981 0.04228115356
v 0.2434529495 0.09699999809 0.03914442336
v 0.2428405952 0.09699999809 0.04095720566
v 0.2436894226 0.09699999809 0.04267204566
v 0.245502224 0.09699999809 0.04328439986
v 0.2472170448 0.09699999809 0.04243557256
v 0.2478293991 0.09699999809 0.04062279026
v 0.2469805717 0.09699999809 0.03890795036
v 0.2451677895 0.09699999809 0.03829559606
v 0.2488121223 0.09699999809 0.04383022586
v 0.2444406509 0.09699999809 0.04532139106
v 0.2409635353 0.09699999809 0.04228115356
v 0.241857872 0.09699999809 0.03774977006
v 0.2462293434 0.09699999809 0.03625860496
v 0.2497064781 0.09699999809 0.03929884236
v 0.2488121223 0.09699999809 0.04383022586
v 0.2497064781 0.09699999809 0.03929884236
v 0.2497064781 0.1019999981 0.03929884236
v 0.2488121223 0.1019999981 0.04383022586
v 0.2497064781 0.09699999809 0.03929884236
v 0.2462293434 0.09699999809 0.03625860496
v 0.2462293434 0.1019999981 0.03625860496
v 0.2497064781 0.1019999981 0.03929884236
v 0.241857872 0.09699999809 0.03774977006
v 0.2409635353 0.09699999809 0.04228115356
v 0.2409635353 0.1019999981 0.04228115356
v 0.241857872 0.1019999981 0.03774977006
v 0.2462293434 0.09699999809 0.03625860496
v 0.241857872 0.09699999809 0.03774977006
v 0.241857872 0.1019999981 0.03774977006
v 0.2462293434 0.1019999981 0.03625860496
v 0.2444406509 0.09699999809 0.04532139106
v 0.2488121223 0.09699999809 0.04383022586
v 0.2488121223 0.1019999981 0.04383022586
v 0.2444406509 0.1019999981 0.04532139106
v 0.2434529495 0.1019999981 0.03914442336
v 0.2428405952 0.1019999981 0.04095720566
v 0.2436894226 0.1019999981 0.04267204566
v 0.245502224 0.1019999981 0.04328439986
v 0.2472170448 0.1019999981 0.04243557256
v 0.2478293991 0.1019999981 0.04062279026
v 0.2469805717 0.1019999981 0.03890795036
v 0.2451677895 0.1019999981 0.03829559606
v 0.2434529495 0.09699999809 0.03914442336
v 0.2451677895 0.09699999809 0.03829559606
v 0.2469805717 0.09699999809 0.03890795036
v 0.2478293991 0.09699999809 0.04062279026
v 0.2472170448 0.09699999809 0.04243557256
v 0.245502224 0.09699999809 0.04328439986
v 0.2436894226 0.09699999809 0.04267204566
v 0.2428405952 0.09699999809 0.04095720566
v 0.2434529495 0.1019999981 0.03914442336
v 0.2434529495 0.09699999809 0.03914442336
v -0.2276499939 0.07099999905 2.755596473e-09
v -0.2268738365 0.07099999905 0.001873839256
v -0.225 0.07099999905 0.002649996656
v -0.2231261635 0.07099999905 0.001873839256
v -0.2223500061 0.07099999905 2.755596473e-09
v -0.2231261635 0.07099999905 -0.001873833744
v -0.225 0.07099999905 -0.002649991144
v -0.2268738365 0.07099999905 -0.001873833744
v -0.23 0.07099999905 2.755596473e-09
v -0.2290450859 0.07099999905 -0.002938935344
v -0.2265450859 0.07099999905 -0.004755284444
v -0.2234549141 0.07099999905 -0.004755284444
v -0.2209549141 0.07099999905 -0.002938935344
v -0.22 0.07099999905 2.755596473e-09
v -0.2209549141 0.07099999905 0.002938921856
v -0.2234549141 0.07099999905 0.004755289956
v -0.2265450859 0.07099999905 0.004755289956
v -0.2290450859 0.07099999905 0.002938921856
v -0.2276499939 0.07300000191 2.755596473e-09
v -0.2268738365 0.07300000191 -0.001873833744
v -0.225 0.07300000191 -0.002649991144
v -0.2231261635 0.07300000191 -0.001873833744
v -0.2223500061 0.07300000191 2.755596473e-09
v -0.2231261635 0.07300000191 0.001873839256
v -0.225 0.07300000191 0.002649996656
v -0.2268738365 0.07300000191 0.001873839256
v -0.23 0.07300000191 2.755596473e-09
v -0.2290450859 0.07300000191 0.002938921856
v -0.2265450859 0.07300000191 0.004755289956
v -0.2234549141 0.07300000191 0.004755289956
v -0.2209549141 0.07300000191 0.002938921856
v -0.22 0.07300000191 2.755596473e-09
v -0.2209549141 0.07300000191 -0.002938935344
v -0.2234549141 0.07300000191 -0.004755284444
v -0.2265450859 0.07300000191 -0.004755284444
v -0.2290450859 0.07300000191 -0.002938935344
v -0.2276499939 0.07300000191 2.755596473e-09
v -0.2268738365 0.07300000191 0.001873839256
v -0.225 0.07300000191 0.002649996656
v -0.2231261635 0.07300000191 0.001873839256
v -0.2223500061 0.07300000191 2.755596473e-09
v -0.2231261635 0.07300000191 -0.001873833744
v -0.225 0.07300000191 -0.002649991144
v -0.2268738365 0.07300000191 -0.001873833744
v -0.2276499939 0.07099999905 2.755596473e-09
v -0.2268738365 0.07099999905 -0.001873833744
v -0.225 0.07099999905 -0.002649991144
v -0.2231261635 0.07099999905 -0.001873833744
v -0.2223500061 0.07099999905 2.755596473e-09
v -0.2231261635 0.07099999905 0.001873839256
v -0.225 0.07099999905 0.002649996656
v -0.2268738365 0.07099999905 0.001873839256
v -0.2276499939 0.07300000191 2.755596473e-09
v -0.2276499939 0.07099999905 2.755596473e-09
v -0.23 0.07300000191 2.755596473e-09
v -0.2290450859 0.07300000191 -0.002938935344
v -0.2265450859 0.07300000191 -0.004755284444
v -0.2234549141 0.07300000191 -0.004755284444
v -0.2209549141 0.07300000191 -0.002938935344
v -0.22 0.07300000191 2.755596473e-09
v -0.2209549141 0.07300000191 0.002938921856
v -0.2234549141 0.07300000191 0.004755289956
v -0.2265450859 0.07300000191 0.004755289956
v -0.2290450859 0.07300000191 0.002938921856
v -0.23 0.07099999905 2.755596473e-09
v -0.2290450859 0.07099999905 0.002938921856
v -0.2265450859 0.07099999905 0.004755289956
v -0.2234549141 0.07099999905 0.004755289956
v -0.2209549141 0.07099999905 0.002938921856
v -0.22 0.07099999905 2.755596473e-09
v -0.2209549141 0.07099999905 -0.002938935344
v -0.2234549141 0.07099999905 -0.004755284444
v -0.2265450859 0.07099999905 -0.004755284444
v -0.2290450859 0.07099999905 -0.002938935344
v -0.23 0.07099999905 2.755596473e-09
v -0.23 0.07300000191 2.755596473e-09
v -0.2275 0.08569999695 2.755596473e-09
v -0.2267677689 0.08569999695 0.001767771656
v -0.225 0.08569999695 0.002500002756
v -0.2232322311 0.08569999695 0.001767771656
v -0.2225 0.08569999695 2.755596473e-09
v -0.2232322311 0.08569999695 -0.001767766044
v -0.225 0.08569999695 -0.002499997244
v -0.2267677689 0.08569999695 -0.001767766044
v -0.2275 0.08229999542 2.755596473e-09
v -0.2267677689 0.08229999542 -0.001767766044
v -0.225 0.08229999542 -0.002499997244
v -0.2232322311 0.08229999542 -0.001767766044
v -0.2225 0.08229999542 2.755596473e-09
v -0.2232322311 0.08229999542 0.001767771656
v -0.225 0.08229999542 0.002500002756
v -0.2267677689 0.08229999542 0.001767771656
v -0.2275 0.08569999695 2.755596473e-09
v -0.2275 0.08229999542 2.755596473e-09
v -0.2285000038 0.08569999695 0.005000002756
v -0.23 0.08229999542 0.005000002756
v -0.22 0.08229999542 0.005000002756
v -0.2214999962 0.08569999695 0.005000002756
v -0.2275 0.08229999542 2.755596473e-09
v -0.2267677689 0.08229999542 0.001767771656
v -0.225 0.08229999542 0.002500002756
v -0.2232322311 0.08229999542 0.001767771656
v -0.2225 0.08229999542 2.755596473e-09
v -0.2232322311 0.08229999542 -0.001767766044
v -0.225 0.08229999542 -0.002499997244
v -0.2267677689 0.08229999542 -0.001767766044
v -0.23 0.08229999542 -0.004999997244
v -0.22 0.08229999542 -0.004999997244
v -0.22 0.08229999542 0.005000002756
v -0.23 0.08229999542 0.005000002756
v -0.2285000038 0.08569999695 -0.004999997244
v -0.23 0.08229999542 -0.004999997244
v -0.23 0.08229999542 0.005000002756
v -0.2285000038 0.08569999695 0.005000002756
v -0.22 0.08229999542 -0.004999997244
v -0.2214999962 0.08569999695 -0.004999997244
v -0.2214999962 0.08569999695 0.005000002756
v -0.22 0.08229999542 0.005000002756
v -0.23 0.08229999542 -0.004999997244
v -0.2285000038 0.08569999695 -0.004999997244
v -0.2214999962 0.08569999695 -0.004999997244
v -0.22 0.08229999542 -0.004999997244
v -0.2275 0.08569999695 2.755596473e-09
v -0.2267677689 0.08569999695 -0.001767766044
v -0.225 0.08569999695 -0.002499997244
v -0.2232322311 0.08569999695 -0.001767766044
v -0.2225 0.08569999695 2.755596473e-09
v -0.2232322311 0.08569999695 0.001767771656
v -0.225 0.08569999695 0.002500002756
v -0.2267677689 0.08569999695 0.001767771656
v -0.2214999962 0.08569999695 -0.004999997244
v -0.2285000038 0.08569999695 -0.004999997244
v -0.2285000038 0.08569999695 0.005000002756
v -0.2214999962 0.08569999695 0.005000002756
v 0.2223500061 0.07300000191 2.755596473e-09
v 0.2231261635 0.07300000191 0.001873839256
v 0.225 0.07300000191 0.002649996656
v 0.2268738365 0.07300000191 0.001873839256
v 0.2276499939 0.07300000191 2.755596473e-09
v 0.2268738365 0.07300000191 -0.001873833744
v 0.225 0.07300000191 -0.002649991144
v 0.2231261635 0.07300000191 -0.001873833744
v 0.2223500061 0.07099999905 2.755596473e-09
v 0.2231261635 0.07099999905 -0.001873833744
v 0.225 0.07099999905 -0.002649991144
v 0.2268738365 0.07099999905 -0.001873833744
v 0.2276499939 0.07099999905 2.755596473e-09
v 0.2268738365 0.07099999905 0.001873839256
v 0.225 0.07099999905 0.002649996656
v 0.2231261635 0.07099999905 0.001873839256
v 0.2223500061 0.07300000191 2.755596473e-09
v 0.2223500061 0.07099999905 2.755596473e-09
v 0.22 0.07300000191 2.755596473e-09
v 0.2209549141 0.07300000191 -0.002938935344
v 0.2234549141 0.07300000191 -0.004755284444
v 0.2265450859 0.07300000191 -0.004755284444
v 0.2290450859 0.07300000191 -0.002938935344
v 0.23 0.07300000191 2.755596473e-09
v 0.2290450859 0.07300000191 0.002938921856
v 0.2265450859 0.07300000191 0.004755289956
v 0.2234549141 0.07300000191 0.004755289956
v 0.2209549141 0.07300000191 0.002938921856
v 0.22 0.07099999905 2.755596473e-09
v 0.2209549141 0.07099999905 0.002938921856
v 0.2234549141 0.07099999905 0.004755289956
v 0.2265450859 0.07099999905 0.004755289956
v 0.2290450859 0.07099999905 0.002938921856
v 0.23 0.07099999905 2.755596473e-09
v 0.2290450859 0.07099999905 -0.002938935344
v 0.2265450859 0.07099999905 -0.004755284444
v 0.2234549141 0.07099999905 -0.004755284444
v 0.2209549141 0.07099999905 -0.002938935344
v 0.22 0.07099999905 2.755596473e-09
v 0.22 0.07300000191 2.755596473e-09
v 0.2223500061 0.07300000191 2.755596473e-09
v 0.2231261635 0.07300000191 -0.001873833744
v 0.225 0.07300000191 -0.002649991144
v 0.2268738365 0.07300000191 -0.001873833744
v 0.2276499939 0.07300000191 2.755596473e-09
v 0.2268738365 0.07300000191 0.001873839256
v 0.225 0.07300000191 0.002649996656
v 0.2231261635 0.07300000191 0.001873839256
v 0.22 0.07300000191 2.755596473e-09
v 0.2209549141 0.07300000191 0.002938921856
v 0.2234549141 0.07300000191 0.004755289956
v 0.2265450859 0.07300000191 0.004755289956
v 0.2290450859 0.07300000191 0.002938921856
v 0.23 0.07300000191 2.755596473e-09
v 0.2290450859 0.07300000191 -0.002938935344
v 0.2265450859 0.07300000191 -0.004755284444
v 0.2234549141 0.07300000191 -0.004755284444
v 0.2209549141 0.07300000191 -0.002938935344
v 0.2223500061 0.07099999905 2.755596473e-09
v 0.2231261635 0.07099999905 0.001873839256
v 0.225 0.07099999905 0.002649996656
v 0.2268738365 0.07099999905 0.001873839256
v 0.2276499939 0.07099999905 2.755596473e-09
v 0.2268738365 0.07099999905 -0.001873833744
v 0.225 0.07099999905 -0.002649991144
v 0.2231261635 0.07099999905 -0.001873833744
v 0.22 0.07099999905 2.755596473e-09
v 0.2209549141 0.07099999905 -0.002938935344
v 0.2234549141 0.07099999905 -0.004755284444
v 0.2265450859 0.07099999905 -0.004755284444
v 0.2290450859 0.07099999905 -0.002938935344
v 0.23 0.07099999905 2.755596473e-09
v 0.2290450859 0.07099999905 0.002938921856
v 0.2265450859 0.07099999905 0.004755289956
v 0.2234549141 0.07099999905 0.004755289956
v 0.2209549141 0.07099999905 0.002938921856
v 0.23 0.08229999542 -0.004999997244
v 0.2285000038 0.08569999695 -0.004999997244
v 0.2285000038 0.08569999695 0.005000002756
v 0.23 0.08229999542 0.005000002756
v 0.2225 0.08229999542 2.755596473e-09
v 0.2232322311 0.08229999542 0.001767771656
v 0.225 0.08229999542 0.002500002756
v 0.2267677689 0.08229999542 0.001767771656
v 0.2275 0.08229999542 2.755596473e-09
v 0.2267677689 0.08229999542 -0.001767766044
v 0.225 0.08229999542 -0.002499997244
v 0.2232322311 0.08229999542 -0.001767766044
v 0.22 0.08229999542 -0.004999997244
v 0.23 0.08229999542 -0.004999997244
v 0.23 0.08229999542 0.005000002756
v 0.22 0.08229999542 0.005000002756
v 0.2214999962 0.08569999695 0.005000002756
v 0.22 0.08229999542 0.005000002756
v 0.23 0.08229999542 0.005000002756
v 0.2285000038 0.08569999695 0.005000002756
v 0.2214999962 0.08569999695 -0.004999997244
v 0.22 0.08229999542 -0.004999997244
v 0.22 0.08229999542 0.005000002756
v 0.2214999962 0.08569999695 0.005000002756
v 0.22 0.08229999542 -0.004999997244
v 0.2214999962 0.08569999695 -0.004999997244
v 0.2285000038 0.08569999695 -0.004999997244
v 0.23 0.08229999542 -0.004999997244
v 0.2225 0.08569999695 2.755596473e-09
v 0.2232322311 0.08569999695 -0.001767766044
v 0.225 0.08569999695 -0.002499997244
v 0.2267677689 0.08569999695 -0.001767766044
v 0.2275 0.08569999695 2.755596473e-09
v 0.2267677689 0.08569999695 0.001767771656
v 0.225 0.08569999695 0.002500002756
v 0.2232322311 0.08569999695 0.001767771656
v 0.2285000038 0.08569999695 -0.004999997244
v 0.2214999962 0.08569999695 -0.004999997244
v 0.2214999962 0.08569999695 0.005000002756
v 0.2285000038 0.08569999695 0.005000002756
v 0.2225 0.08569999695 2.755596473e-09
v 0.2232322311 0.08569999695 0.001767771656
v 0.225 0.08569999695 0.002500002756
v 0.2267677689 0.08569999695 0.001767771656
v 0.2275 0.08569999695 2.755596473e-09
v 0.2267677689 0.08569999695 -0.001767766044
v 0.225 0.08569999695 -0.002499997244
v 0.2232322311 0.08569999695 -0.001767766044
v 0.2225 0.08229999542 2.755596473e-09
v 0.2232322311 0.08229999542 -0.001767766044
v 0.225 0.08229999542 -0.002499997244
v 0.2267677689 0.08229999542 -0.001767766044
v 0.2275 0.08229999542 2.755596473e-09
v 0.2267677689 0.08229999542 0.001767771656
v 0.225 0.08229999542 0.002500002756
v 0.2232322311 0.08229999542 0.001767771656
v 0.2225 0.08569999695 2.755596473e-09
v 0.2225 0.08229999542 2.755596473e-09
v -0.06925000191 0.06599999905 -0.06499999724
v -0.06843832016 0.06599999905 -0.06749808984
v -0.06631332397 0.06599999905 -0.06904199324
v -0.06368667603 0.06599999905 -0.06904199324
v -0.06156167984 0.06599999905 -0.06749808984
v -0.06074999809 0.06599999905 -0.06499999724
v -0.06156167984 0.06599999905 -0.06250191414
v -0.06368667603 0.06599999905 -0.06095801074
v -0.06631332397 0.06599999905 -0.06095801074
v -0.06843832016 0.06599999905 -0.06250191414
v -0.06925000191 0.06099999905 -0.06499999724
v -0.06843832016 0.06099999905 -0.06250191414
v -0.06631332397 0.06099999905 -0.06095801074
v -0.06368667603 0.06099999905 -0.06095801074
v -0.06156167984 0.06099999905 -0.06250191414
v -0.06074999809 0.06099999905 -0.06499999724
v -0.06156167984 0.06099999905 -0.06749808984
v -0.06368667603 0.06099999905 -0.06904199324
v -0.06631332397 0.06099999905 -0.06904199324
v -0.06843832016 0.06099999905 -0.06749808984
v -0.06925000191 0.06099999905 -0.06499999724
v -0.06925000191 0.06599999905 -0.06499999724
v -0.06925000191 0.06599999905 -0.06499999724
v -0.06843832016 0.06599999905 -0.06250191414
v -0.06631332397 0.06599999905 -0.06095801074
v -0.06368667603 0.06599999905 -0.06095801074
v -0.06156167984 0.06599999905 -0.06250191414
v -0.06074999809 0.06599999905 -0.06499999724
v -0.06156167984 0.06599999905 -0.06749808984
v -0.06368667603 0.06599999905 -0.06904199324
v -0.06631332397 0.06599999905 -0.06904199324
v -0.06843832016 0.06599999905 -0.06749808984
v -0.0675 0.06599999905 -0.06499999724
v -0.06676776886 0.06599999905 -0.06676776604
v -0.065 0.06599999905 -0.06749999724
v -0.06323223114 0.06599999905 -0.06676776604
v -0.0625 0.06599999905 -0.06499999724
v -0.06323223114 0.06599999905 -0.06323222834
v -0.065 0.06599999905 -0.06249999724
v -0.06676776886 0.06599999905 -0.06323222834
v -0.06925000191 0.06099999905 -0.06499999724
v -0.06843832016 0.06099999905 -0.06749808984
v -0.06631332397 0.06099999905 -0.06904199324
v -0.06368667603 0.06099999905 -0.06904199324
v -0.06156167984 0.06099999905 -0.06749808984
v -0.06074999809 0.06099999905 -0.06499999724
v -0.06156167984 0.06099999905 -0.06250191414
v -0.06368667603 0.06099999905 -0.06095801074
v -0.06631332397 0.06099999905 -0.06095801074
v -0.06843832016 0.06099999905 -0.06250191414
v -0.0675 0.09100000381 -0.06499999724
v -0.06676776886 0.09100000381 -0.06676776604
v -0.065 0.09100000381 -0.06749999724
v -0.06323223114 0.09100000381 -0.06676776604
v -0.0625 0.09100000381 -0.06499999724
v -0.06323223114 0.09100000381 -0.06323222834
v -0.065 0.09100000381 -0.06249999724
v -0.06676776886 0.09100000381 -0.06323222834
v -0.0675 0.06599999905 -0.06499999724
v -0.06676776886 0.06599999905 -0.06323222834
v -0.065 0.06599999905 -0.06249999724
v -0.06323223114 0.06599999905 -0.06323222834
v -0.0625 0.06599999905 -0.06499999724
v -0.06323223114 0.06599999905 -0.06676776604
v -0.065 0.06599999905 -0.06749999724
v -0.06676776886 0.06599999905 -0.06676776604
v -0.0675 0.06599999905 -0.06499999724
v -0.0675 0.09100000381 -0.06499999724
v -0.0675 0.09100000381 -0.06499999724
v -0.06676776886 0.09100000381 -0.06323222834
v -0.065 0.09100000381 -0.06249999724
v -0.06323223114 0.09100000381 -0.06323222834
v -0.0625 0.09100000381 -0.06499999724
v -0.06323223114 0.09100000381 -0.06676776604
v -0.065 0.09100000381 -0.06749999724
v -0.06676776886 0.09100000381 -0.06676776604
v -0.06775000095 0.06699999809 -0.06499999724
v -0.06694454193 0.06699999809 -0.06694453914
v -0.065 0.06699999809 -0.06775000294
v -0.06305545807 0.06699999809 -0.06694453914
v -0.06224999905 0.06699999809 -0.06499999724
v -0.06305545807 0.06699999809 -0.06305545534
v -0.065 0.06699999809 -0.06225000104
v -0.06694454193 0.06699999809 -0.06305545534
v -0.07 0.06699999809 -0.06499999724
v -0.06904508591 0.06699999809 -0.06206107814
v -0.06654508591 0.06699999809 -0.06024471954
v -0.06345491409 0.06699999809 -0.06024471954
v -0.06095491409 0.06699999809 -0.06206107814
v -0.06 0.06699999809 -0.06499999724
v -0.06095491409 0.06699999809 -0.06793892584
v -0.06345491409 0.06699999809 -0.06975528444
v -0.06654508591 0.06699999809 -0.06975528444
v -0.06904508591 0.06699999809 -0.06793892584
v -0.06775000095 0.06699999809 -0.06499999724
v -0.06694454193 0.06699999809 -0.06305545534
v -0.065 0.06699999809 -0.06225000104
v -0.06305545807 0.06699999809 -0.06305545534
v -0.06224999905 0.06699999809 -0.06499999724
v -0.06305545807 0.06699999809 -0.06694453914
v -0.065 0.06699999809 -0.06775000294
v -0.06694454193 0.06699999809 -0.06694453914
v -0.06775000095 0.06599999905 -0.06499999724
v -0.06694454193 0.06599999905 -0.06694453914
v -0.065 0.06599999905 -0.06775000294
v -0.06305545807 0.06599999905 -0.06694453914
v -0.06224999905 0.06599999905 -0.06499999724
v -0.06305545807 0.06599999905 -0.06305545534
v -0.065 0.06599999905 -0.06225000104
v -0.06694454193 0.06599999905 -0.06305545534
v -0.06775000095 0.06699999809 -0.06499999724
v -0.06775000095 0.06599999905 -0.06499999724
v -0.07 0.06699999809 -0.06499999724
v -0.06904508591 0.06699999809 -0.06793892584
v -0.06654508591 0.06699999809 -0.06975528444
v -0.06345491409 0.06699999809 -0.06975528444
v -0.06095491409 0.06699999809 -0.06793892584
v -0.06 0.06699999809 -0.06499999724
v -0.06095491409 0.06699999809 -0.06206107814
v -0.06345491409 0.06699999809 -0.06024471954
v -0.06654508591 0.06699999809 -0.06024471954
v -0.06904508591 0.06699999809 -0.06206107814
v -0.07 0.06599999905 -0.06499999724
v -0.06904508591 0.06599999905 -0.06206107814
v -0.06654508591 0.06599999905 -0.06024471954
v -0.06345491409 0.06599999905 -0.06024471954
v -0.06095491409 0.06599999905 -0.06206107814
v -0.06 0.06599999905 -0.06499999724
v -0.06095491409 0.06599999905 -0.06793892584
v -0.06345491409 0.06599999905 -0.06975528444
v -0.06654508591 0.06599999905 -0.06975528444
v -0.06904508591 0.06599999905 -0.06793892584
v -0.07 0.06599999905 -0.06499999724
v -0.07 0.06699999809 -0.06499999724
v -0.06775000095 0.06599999905 -0.06499999724
v -0.06694454193 0.06599999905 -0.06305545534
v -0.065 0.06599999905 -0.06225000104
v -0.06305545807 0.06599999905 -0.06305545534
v -0.06224999905 0.06599999905 -0.06499999724
v -0.06305545807 0.06599999905 -0.06694453914
v -0.065 0.06599999905 -0.06775000294
v -0.06694454193 0.06599999905 -0.06694453914
v -0.07 0.06599999905 -0.06499999724
v -0.06904508591 0.06599999905 -0.06793892584
v -0.06654508591 0.06599999905 -0.06975528444
v -0.06345491409 0.06599999905 -0.06975528444
v -0.06095491409 0.06599999905 -0.06793892584
v -0.06 0.06599999905 -0.06499999724
v -0.06095491409 0.06599999905 -0.06206107814
v -0.06345491409 0.06599999905 -0.06024471954
v -0.06654508591 0.06599999905 -0.06024471954
v -0.06904508591 0.06599999905 -0.06206107814
v -0.06775000095 0.07900000095 -0.06499999724
v -0.06694454193 0.07900000095 -0.06305545534
v -0.065 0.07900000095 -0.06225000104
v -0.06305545807 0.07900000095 -0.06305545534
v -0.06224999905 0.07900000095 -0.06499999724
v -0.06305545807 0.07900000095 -0.06694453914
v -0.065 0.07900000095 -0.06775000294
v -0.06694454193 0.07900000095 -0.06694453914
v -0.06775000095 0.07800000191 -0.06499999724
v -0.06694454193 0.07800000191 -0.06694453914
v -0.065 0.07800000191 -0.06775000294
v -0.06305545807 0.07800000191 -0.06694453914
v -0.06224999905 0.07800000191 -0.06499999724
v -0.06305545807 0.07800000191 -0.06305545534
v -0.065 0.07800000191 -0.06225000104
v -0.06694454193 0.07800000191 -0.06305545534
v -0.06775000095 0.07900000095 -0.06499999724
v -0.06775000095 0.07800000191 -0.06499999724
v -0.07 0.07900000095 -0.06499999724
v -0.06904508591 0.07900000095 -0.06793892584
v -0.06654508591 0.07900000095 -0.06975528444
v -0.06345491409 0.07900000095 -0.06975528444
v -0.06095491409 0.07900000095 -0.06793892584
v -0.06 0.07900000095 -0.06499999724
v -0.06095491409 0.07900000095 -0.06206107814
v -0.06345491409 0.07900000095 -0.06024471954
v -0.06654508591 0.07900000095 -0.06024471954
v -0.06904508591 0.07900000095 -0.06206107814
v -0.07 0.07800000191 -0.06499999724
v -0.06904508591 0.07800000191 -0.06206107814
v -0.06654508591 0.07800000191 -0.06024471954
v -0.06345491409 0.07800000191 -0.06024471954
v -0.06095491409 0.07800000191 -0.06206107814
v -0.06 0.07800000191 -0.06499999724
v -0.06095491409 0.07800000191 -0.06793892584
v -0.06345491409 0.07800000191 -0.06975528444
v -0.06654508591 0.07800000191 -0.06975528444
v -0.06904508591 0.07800000191 -0.06793892584
v -0.07 0.07800000191 -0.06499999724
v -0.07 0.07900000095 -0.06499999724
v -0.06775000095 0.07900000095 -0.06499999724
v -0.06694454193 0.07900000095 -0.06694453914
v -0.065 0.07900000095 -0.06775000294
v -0.06305545807 0.07900000095 -0.06694453914
v -0.06224999905 0.07900000095 -0.06499999724
v -0.06305545807 0.07900000095 -0.06305545534
v -0.065 0.07900000095 -0.06225000104
v -0.06694454193 0.07900000095 -0.06305545534
v -0.07 0.07900000095 -0.06499999724
v -0.06904508591 0.07900000095 -0.06206107814
v -0.06654508591 0.07900000095 -0.06024471954
v -0.06345491409 0.07900000095 -0.06024471954
v -0.06095491409 0.07900000095 -0.06206107814
v -0.06 0.07900000095 -0.06499999724
v -0.06095491409 0.07900000095 -0.06793892584
v -0.06345491409 0.07900000095 -0.06975528444
v -0.06654508591 0.07900000095 -0.06975528444
v -0.06904508591 0.07900000095 -0.06793892584
v -0.06775000095 0.07800000191 -0.06499999724
v -0.06694454193 0.07800000191 -0.06305545534
v -0.065 0.07800000191 -0.06225000104
v -0.06305545807 0.07800000191 -0.06305545534
v -0.06224999905 0.07800000191 -0.06499999724
v -0.06305545807 0.07800000191 -0.06694453914
v -0.065 0.07800000191 -0.06775000294
v -0.06694454193 0.07800000191 -0.06694453914
v -0.07 0.07800000191 -0.06499999724
v -0.06904508591 0.07800000191 -0.06793892584
v -0.06654508591 0.07800000191 -0.06975528444
v -0.06345491409 0.07800000191 -0.06975528444
v -0.06095491409 0.07800000191 -0.06793892584
v -0.06 0.07800000191 -0.06499999724
v -0.06095491409 0.07800000191 -0.06206107814
v -0.06345491409 0.07800000191 -0.06024471954
v -0.06654508591 0.07800000191 -0.06024471954
v -0.06904508591 0.07800000191 -0.06206107814
v -0.0675 0.08399999619 -0.06499999724
v -0.06676776886 0.08399999619 -0.06323222834
v -0.065 0.08399999619 -0.06249999724
v -0.06323223114 0.08399999619 -0.06323222834
v -0.0625 0.08399999619 -0.06499999724
v -0.06323223114 0.08399999619 -0.06676776604
v -0.065 0.08399999619 -0.06749999724
v -0.06676776886 0.08399999619 -0.06676776604
v -0.0675 0.07900000095 -0.06499999724
v -0.06676776886 0.07900000095 -0.06676776604
v -0.065 0.07900000095 -0.06749999724
v -0.06323223114 0.07900000095 -0.06676776604
v -0.0625 0.07900000095 -0.06499999724
v -0.06323223114 0.07900000095 -0.06323222834
v -0.065 0.07900000095 -0.06249999724
v -0.06676776886 0.07900000095 -0.06323222834
v -0.0675 0.08399999619 -0.06499999724
v -0.0675 0.07900000095 -0.06499999724
v -0.06038119793 0.07900000095 -0.06499999724
v -0.06269059658 0.07900000095 -0.06900000294
v -0.06269059658 0.08399999619 -0.06900000294
v -0.06038119793 0.08399999619 -0.06499999724
v -0.06730940342 0.07900000095 -0.06900000294
v -0.06961880207 0.07900000095 -0.06499999724
v -0.06961880207 0.08399999619 -0.06499999724
v -0.06730940342 0.08399999619 -0.06900000294
v -0.06730940342 0.07900000095 -0.06100000104
v -0.06269059658 0.07900000095 -0.06100000104
v -0.06269059658 0.08399999619 -0.06100000104
v -0.06730940342 0.08399999619 -0.06100000104
v -0.06961880207 0.07900000095 -0.06499999724
v -0.06730940342 0.07900000095 -0.06100000104
v -0.06730940342 0.08399999619 -0.06100000104
v -0.06961880207 0.08399999619 -0.06499999724
v -0.06269059658 0.07900000095 -0.06900000294
v -0.06730940342 0.07900000095 -0.06900000294
v -0.06730940342 0.08399999619 -0.06900000294
v -0.06269059658 0.08399999619 -0.06900000294
v -0.06269059658 0.07900000095 -0.06100000104
v -0.06038119793 0.07900000095 -0.06499999724
v -0.06038119793 0.08399999619 -0.06499999724
v -0.06269059658 0.08399999619 -0.06100000104
v -0.0675 0.07900000095 -0.06499999724
v -0.06676776886 0.07900000095 -0.06323222834
v -0.065 0.07900000095 -0.06249999724
v -0.06323223114 0.07900000095 -0.06323222834
v -0.0625 0.07900000095 -0.06499999724
v -0.06323223114 0.07900000095 -0.06676776604
v -0.065 0.07900000095 -0.06749999724
v -0.06676776886 0.07900000095 -0.06676776604
v -0.06038119793 0.07900000095 -0.06499999724
v -0.06269059658 0.07900000095 -0.06100000104
v -0.06730940342 0.07900000095 -0.06100000104
v -0.06961880207 0.07900000095 -0.06499999724
v -0.06730940342 0.07900000095 -0.06900000294
v -0.06269059658 0.07900000095 -0.06900000294
v -0.0675 0.08399999619 -0.06499999724
v -0.06676776886 0.08399999619 -0.06676776604
v -0.065 0.08399999619 -0.06749999724
v -0.06323223114 0.08399999619 -0.06676776604
v -0.0625 0.08399999619 -0.06499999724
v -0.06323223114 0.08399999619 -0.06323222834
v -0.065 0.08399999619 -0.06249999724
v -0.06676776886 0.08399999619 -0.06323222834
v -0.06269059658 0.08399999619 -0.06100000104
v -0.06038119793 0.08399999619 -0.06499999724
v -0.06269059658 0.08399999619 -0.06900000294
v -0.06730940342 0.08399999619 -0.06900000294
v -0.06961880207 0.08399999619 -0.06499999724
v -0.06730940342 0.08399999619 -0.06100000104
v -0.06925000191 0.06599999905 0.06500000276
v -0.06843832016 0.06599999905 0.06749809546
v -0.06631332397 0.06599999905 0.06904199876
v -0.06368667603 0.06599999905 0.06904199876
v -0.06156167984 0.06599999905 0.06749809546
v -0.06074999809 0.06599999905 0.06500000276
v -0.06156167984 0.06599999905 0.06250191016
v -0.06368667603 0.06599999905 0.06095800676
v -0.06631332397 0.06599999905 0.06095800676
v -0.06843832016 0.06599999905 0.06250191016
v -0.0675 0.06599999905 0.06500000276
v -0.06676776886 0.06599999905 0.06323223396
v -0.065 0.06599999905 0.06250000276
v -0.06323223114 0.06599999905 0.06323223396
v -0.0625 0.06599999905 0.06500000276
v -0.06323223114 0.06599999905 0.06676777166
v -0.065 0.06599999905 0.06750000276
v -0.06676776886 0.06599999905 0.06676777166
v -0.06925000191 0.06599999905 0.06500000276
v -0.06843832016 0.06599999905 0.06250191016
v -0.06631332397 0.06599999905 0.06095800676
v -0.06368667603 0.06599999905 0.06095800676
v -0.06156167984 0.06599999905 0.06250191016
v -0.06074999809 0.06599999905 0.06500000276
v -0.06156167984 0.06599999905 0.06749809546
v -0.06368667603 0.06599999905 0.06904199876
v -0.06631332397 0.06599999905 0.06904199876
v -0.06843832016 0.06599999905 0.06749809546
v -0.06925000191 0.06099999905 0.06500000276
v -0.06843832016 0.06099999905 0.06749809546
v -0.06631332397 0.06099999905 0.06904199876
v -0.06368667603 0.06099999905 0.06904199876
v -0.06156167984 0.06099999905 0.06749809546
v -0.06074999809 0.06099999905 0.06500000276
v -0.06156167984 0.06099999905 0.06250191016
v -0.06368667603 0.06099999905 0.06095800676
v -0.06631332397 0.06099999905 0.06095800676
v -0.06843832016 0.06099999905 0.06250191016
v -0.06925000191 0.06099999905 0.06500000276
v -0.06925000191 0.06599999905 0.06500000276
v -0.06925000191 0.06099999905 0.06500000276
v -0.06843832016 0.06099999905 0.06250191016
v -0.06631332397 0.06099999905 0.06095800676
v -0.06368667603 0.06099999905 0.06095800676
v -0.06156167984 0.06099999905 0.06250191016
v -0.06074999809 0.06099999905 0.06500000276
v -0.06156167984 0.06099999905 0.06749809546
v -0.06368667603 0.06099999905 0.06904199876
v -0.06631332397 0.06099999905 0.06904199876
v -0.06843832016 0.06099999905 0.06749809546
v -0.0675 0.09100000381 0.06500000276
v -0.06676776886 0.09100000381 0.06323223396
v -0.065 0.09100000381 0.06250000276
v -0.06323223114 0.09100000381 0.06323223396
v -0.0625 0.09100000381 0.06500000276
v -0.06323223114 0.09100000381 0.06676777166
v -0.065 0.09100000381 0.06750000276
v -0.06676776886 0.09100000381 0.06676777166
v -0.0675 0.06599999905 0.06500000276
v -0.06676776886 0.06599999905 0.06676777166
v -0.065 0.06599999905 0.06750000276
v -0.06323223114 0.06599999905 0.06676777166
v -0.0625 0.06599999905 0.06500000276
v -0.06323223114 0.06599999905 0.06323223396
v -0.065 0.06599999905 0.06250000276
v -0.06676776886 0.06599999905 0.06323223396
v -0.0675 0.06599999905 0.06500000276
v -0.0675 0.09100000381 0.06500000276
v -0.0675 0.09100000381 0.06500000276
v -0.06676776886 0.09100000381 0.06676777166
v -0.065 0.09100000381 0.06750000276
v -0.06323223114 0.09100000381 0.06676777166
v -0.0625 0.09100000381 0.06500000276
v -0.06323223114 0.09100000381 0.06323223396
v -0.065 0.09100000381 0.06250000276
v -0.06676776886 0.09100000381 0.06323223396
v -0.06775000095 0.06599999905 0.06500000276
v -0.06694454193 0.06599999905 0.06694454466
v -0.065 0.06599999905 0.06774999896
v -0.06305545807 0.06599999905 0.06694454466
v -0.06224999905 0.06599999905 0.06500000276
v -0.06305545807 0.06599999905 0.06305546086
v -0.065 0.06599999905 0.06225000656
v -0.06694454193 0.06599999905 0.06305546086
v -0.07 0.06599999905 0.06500000276
v -0.06904508591 0.06599999905 0.06206106466
v -0.06654508591 0.06599999905 0.06024471556
v -0.06345491409 0.06599999905 0.06024471556
v -0.06095491409 0.06599999905 0.06206106466
v -0.06 0.06599999905 0.06500000276
v -0.06095491409 0.06599999905 0.06793892186
v -0.06345491409 0.06599999905 0.06975528996
v -0.06654508591 0.06599999905 0.06975528996
v -0.06904508591 0.06599999905 0.06793892186
v -0.06775000095 0.06699999809 0.06500000276
v -0.06694454193 0.06699999809 0.06305546086
v -0.065 0.06699999809 0.06225000656
v -0.06305545807 0.06699999809 0.06305546086
v -0.06224999905 0.06699999809 0.06500000276
v -0.06305545807 0.06699999809 0.06694454466
v -0.065 0.06699999809 0.06774999896
v -0.06694454193 0.06699999809 0.06694454466
v -0.07 0.06699999809 0.06500000276
v -0.06904508591 0.06699999809 0.06793892186
v -0.06654508591 0.06699999809 0.06975528996
v -0.06345491409 0.06699999809 0.06975528996
v -0.06095491409 0.06699999809 0.06793892186
v -0.06 0.06699999809 0.06500000276
v -0.06095491409 0.06699999809 0.06206106466
v -0.06345491409 0.06699999809 0.06024471556
v -0.06654508591 0.06699999809 0.06024471556
v -0.06904508591 0.06699999809 0.06206106466
v -0.06775000095 0.06699999809 0.06500000276
v -0.06694454193 0.06699999809 0.06694454466
v -0.065 0.06699999809 0.06774999896
v -0.06305545807 0.06699999809 0.06694454466
v -0.06224999905 0.06699999809 0.06500000276
v -0.06305545807 0.06699999809 0.06305546086
v -0.065 0.06699999809 0.06225000656
v -0.06694454193 0.06699999809 0.06305546086
v -0.06775000095 0.06599999905 0.06500000276
v -0.06694454193 0.06599999905 0.06305546086
v -0.065 0.06599999905 0.06225000656
v -0.06305545807 0.06599999905 0.06305546086
v -0.06224999905 0.06599999905 0.06500000276
v -0.06305545807 0.06599999905 0.06694454466
v -0.065 0.06599999905 0.06774999896
v -0.06694454193 0.06599999905 0.06694454466
v -0.06775000095 0.06699999809 0.06500000276
v -0.06775000095 0.06599999905 0.06500000276
v -0.07 0.06699999809 0.06500000276
v -0.06904508591 0.06699999809 0.06206106466
v -0.06654508591 0.06699999809 0.06024471556
v -0.06345491409 0.06699999809 0.06024471556
v -0.06095491409 0.06699999809 0.06206106466
v -0.06 0.06699999809 0.06500000276
v -0.06095491409 0.06699999809 0.06793892186
v -0.06345491409 0.06699999809 0.06975528996
v -0.06654508591 0.06699999809 0.06975528996
v -0.06904508591 0.06699999809 0.06793892186
v -0.07 0.06599999905 0.06500000276
v -0.06904508591 0.06599999905 0.06793892186
v -0.06654508591 0.06599999905 0.06975528996
v -0.06345491409 0.06599999905 0.06975528996
v -0.06095491409 0.06599999905 0.06793892186
v -0.06 0.06599999905 0.06500000276
v -0.06095491409 0.06599999905 0.06206106466
v -0.06345491409 0.06599999905 0.06024471556
v -0.06654508591 0.06599999905 0.06024471556
v -0.06904508591 0.06599999905 0.06206106466
v -0.07 0.06599999905 0.06500000276
v -0.07 0.06699999809 0.06500000276
v -0.06775000095 0.07900000095 0.06500000276
v -0.06694454193 0.07900000095 0.06305546086
v -0.065 0.07900000095 0.06225000656
v -0.06305545807 0.07900000095 0.06305546086
v -0.06224999905 0.07900000095 0.06500000276
v -0.06305545807 0.07900000095 0.06694454466
v -0.065 0.07900000095 0.06774999896
v -0.06694454193 0.07900000095 0.06694454466
v -0.07 0.07900000095 0.06500000276
v -0.06904508591 0.07900000095 0.06793892186
v -0.06654508591 0.07900000095 0.06975528996
v -0.06345491409 0.07900000095 0.06975528996
v -0.06095491409 0.07900000095 0.06793892186
v -0.06 0.07900000095 0.06500000276
v -0.06095491409 0.07900000095 0.06206106466
v -0.06345491409 0.07900000095 0.06024471556
v -0.06654508591 0.07900000095 0.06024471556
v -0.06904508591 0.07900000095 0.06206106466
v -0.07 0.07900000095 0.06500000276
v -0.06904508591 0.07900000095 0.06206106466
v -0.06654508591 0.07900000095 0.06024471556
v -0.06345491409 0.07900000095 0.06024471556
v -0.06095491409 0.07900000095 0.06206106466
v -0.06 0.07900000095 0.06500000276
v -0.06095491409 0.07900000095 0.06793892186
v -0.06345491409 0.07900000095 0.06975528996
v -0.06654508591 0.07900000095 0.06975528996
v -0.06904508591 0.07900000095 0.06793892186
v -0.07 0.07800000191 0.06500000276
v -0.06904508591 0.07800000191 0.06793892186
v -0.06654508591 0.07800000191 0.06975528996
v -0.06345491409 0.07800000191 0.06975528996
v -0.06095491409 0.07800000191 0.06793892186
v -0.06 0.07800000191 0.06500000276
v -0.06095491409 0.07800000191 0.06206106466
v -0.06345491409 0.07800000191 0.06024471556
v -0.06654508591 0.07800000191 0.06024471556
v -0.06904508591 0.07800000191 0.06206106466
v -0.07 0.07800000191 0.06500000276
v -0.07 0.07900000095 0.06500000276
v -0.06775000095 0.07900000095 0.06500000276
v -0.06694454193 0.07900000095 0.06694454466
v -0.065 0.07900000095 0.06774999896
v -0.06305545807 0.07900000095 0.06694454466
v -0.06224999905 0.07900000095 0.06500000276
v -0.06305545807 0.07900000095 0.06305546086
v -0.065 0.07900000095 0.06225000656
v -0.06694454193 0.07900000095 0.06305546086
v -0.06775000095 0.07800000191 0.06500000276
v -0.06694454193 0.07800000191 0.06305546086
v -0.065 0.07800000191 0.06225000656
v -0.06305545807 0.07800000191 0.06305546086
v -0.06224999905 0.07800000191 0.06500000276
v -0.06305545807 0.07800000191 0.06694454466
v -0.065 0.07800000191 0.06774999896
v -0.06694454193 0.07800000191 0.06694454466
v -0.06775000095 0.07900000095 0.06500000276
v -0.06775000095 0.07800000191 0.06500000276
v -0.06775000095 0.07800000191 0.06500000276
v -0.06694454193 0.07800000191 0.06694454466
v -0.065 0.07800000191 0.06774999896
v -0.06305545807 0.07800000191 0.06694454466
v -0.06224999905 0.07800000191 0.06500000276
v -0.06305545807 0.07800000191 0.06305546086
v -0.065 0.07800000191 0.06225000656
v -0.06694454193 0.07800000191 0.06305546086
v -0.07 0.07800000191 0.06500000276
v -0.06904508591 0.07800000191 0.06206106466
v -0.06654508591 0.07800000191 0.06024471556
v -0.06345491409 0.07800000191 0.06024471556
v -0.06095491409 0.07800000191 0.06206106466
v -0.06 0.07800000191 0.06500000276
v -0.06095491409 0.07800000191 0.06793892186
v -0.06345491409 0.07800000191 0.06975528996
v -0.06654508591 0.07800000191 0.06975528996
v -0.06904508591 0.07800000191 0.06793892186
v -0.0675 0.08399999619 0.06500000276
v -0.06676776886 0.08399999619 0.06676777166
v -0.065 0.08399999619 0.06750000276
v -0.06323223114 0.08399999619 0.06676777166
v -0.0625 0.08399999619 0.06500000276
v -0.06323223114 0.08399999619 0.06323223396
v -0.065 0.08399999619 0.06250000276
v -0.06676776886 0.08399999619 0.06323223396
v -0.0675 0.07900000095 0.06500000276
v -0.06676776886 0.07900000095 0.06323223396
v -0.065 0.07900000095 0.06250000276
v -0.06323223114 0.07900000095 0.06323223396
v -0.0625 0.07900000095 0.06500000276
v -0.06323223114 0.07900000095 0.06676777166
v -0.065 0.07900000095 0.06750000276
v -0.06676776886 0.07900000095 0.06676777166
v -0.0675 0.08399999619 0.06500000276
v -0.0675 0.07900000095 0.06500000276
v -0.06730940342 0.07900000095 0.06100000656
v -0.06961880207 0.07900000095 0.06500000276
v -0.06961880207 0.08399999619 0.06500000276
v -0.06730940342 0.08399999619 0.06100000656
v -0.06730940342 0.07900000095 0.06899999896
v -0.06269059658 0.07900000095 0.06899999896
v -0.06269059658 0.08399999619 0.06899999896
v -0.06730940342 0.08399999619 0.06899999896
v -0.06961880207 0.07900000095 0.06500000276
v -0.06730940342 0.07900000095 0.06899999896
v -0.06730940342 0.08399999619 0.06899999896
v -0.06961880207 0.08399999619 0.06500000276
v -0.06269059658 0.07900000095 0.06100000656
v -0.06730940342 0.07900000095 0.06100000656
v -0.06730940342 0.08399999619 0.06100000656
v -0.06269059658 0.08399999619 0.06100000656
v -0.06038119793 0.07900000095 0.06500000276
v -0.06269059658 0.07900000095 0.06100000656
v -0.06269059658 0.08399999619 0.06100000656
v -0.06038119793 0.08399999619 0.06500000276
v -0.06269059658 0.07900000095 0.06899999896
v -0.06038119793 0.07900000095 0.06500000276
v -0.06038119793 0.08399999619 0.06500000276
v -0.06269059658 0.08399999619 0.06899999896
v -0.0675 0.07900000095 0.06500000276
v -0.06676776886 0.07900000095 0.06676777166
v -0.065 0.07900000095 0.06750000276
v -0.06323223114 0.07900000095 0.06676777166
v -0.0625 0.07900000095 0.06500000276
v -0.06323223114 0.07900000095 0.06323223396
v -0.065 0.07900000095 0.06250000276
v -0.06676776886 0.07900000095 0.06323223396
v -0.06038119793 0.07900000095 0.06500000276
v -0.06269059658 0.07900000095 0.06899999896
v -0.06730940342 0.07900000095 0.06899999896
v -0.06961880207 0.07900000095 0.06500000276
v -0.06730940342 0.07900000095 0.06100000656
v -0.06269059658 0.07900000095 0.06100000656
v -0.0675 0.08399999619 0.06500000276
v -0.06676776886 0.08399999619 0.06323223396
v -0.065 0.08399999619 0.06250000276
v -0.06323223114 0.08399999619 0.06323223396
v -0.0625 0.08399999619 0.06500000276
v -0.06323223114 0.08399999619 0.06676777166
v -0.065 0.08399999619 0.06750000276
v -0.06676776886 0.08399999619 0.06676777166
v -0.06269059658 0.08399999619 0.06899999896
v -0.06038119793 0.08399999619 0.06500000276
v -0.06269059658 0.08399999619 0.06100000656
v -0.06730940342 0.08399999619 0.06100000656
v -0.06961880207 0.08399999619 0.06500000276
v -0.06730940342 0.08399999619 0.06899999896
v 0.0625 0.09100000381 -0.06499999724
v 0.06323223114 0.09100000381 -0.06676776604
v 0.065 0.09100000381 -0.06749999724
v 0.06676776886 0.09100000381 -0.06676776604
v 0.0675 0.09100000381 -0.06499999724
v 0.06676776886 0.09100000381 -0.06323222834
v 0.065 0.09100000381 -0.06249999724
v 0.06323223114 0.09100000381 -0.06323222834
v 0.0625 0.06599999905 -0.06499999724
v 0.06323223114 0.06599999905 -0.06323222834
v 0.065 0.06599999905 -0.06249999724
v 0.06676776886 0.06599999905 -0.06323222834
v 0.0675 0.06599999905 -0.06499999724
v 0.06676776886 0.06599999905 -0.06676776604
v 0.065 0.06599999905 -0.06749999724
v 0.06323223114 0.06599999905 -0.06676776604
v 0.0625 0.06599999905 -0.06499999724
v 0.0625 0.09100000381 -0.06499999724
v 0.0625 0.09100000381 -0.06499999724
v 0.06323223114 0.09100000381 -0.06323222834
v 0.065 0.09100000381 -0.06249999724
v 0.06676776886 0.09100000381 -0.06323222834
v 0.0675 0.09100000381 -0.06499999724
v 0.06676776886 0.09100000381 -0.06676776604
v 0.065 0.09100000381 -0.06749999724
v 0.06323223114 0.09100000381 -0.06676776604
v 0.06074999809 0.06099999905 -0.06499999724
v 0.06156167984 0.06099999905 -0.06749808984
v 0.06368667603 0.06099999905 -0.06904199324
v 0.06631332397 0.06099999905 -0.06904199324
v 0.06843832016 0.06099999905 -0.06749808984
v 0.06925000191 0.06099999905 -0.06499999724
v 0.06843832016 0.06099999905 -0.06250191414
v 0.06631332397 0.06099999905 -0.06095801074
v 0.06368667603 0.06099999905 -0.06095801074
v 0.06156167984 0.06099999905 -0.06250191414
v 0.06074999809 0.06599999905 -0.06499999724
v 0.06156167984 0.06599999905 -0.06749808984
v 0.06368667603 0.06599999905 -0.06904199324
v 0.06631332397 0.06599999905 -0.06904199324
v 0.06843832016 0.06599999905 -0.06749808984
v 0.06925000191 0.06599999905 -0.06499999724
v 0.06843832016 0.06599999905 -0.06250191414
v 0.06631332397 0.06599999905 -0.06095801074
v 0.06368667603 0.06599999905 -0.06095801074
v 0.06156167984 0.06599999905 -0.06250191414
v 0.06074999809 0.06099999905 -0.06499999724
v 0.06156167984 0.06099999905 -0.06250191414
v 0.06368667603 0.06099999905 -0.06095801074
v 0.06631332397 0.06099999905 -0.06095801074
v 0.06843832016 0.06099999905 -0.06250191414
v 0.06925000191 0.06099999905 -0.06499999724
v 0.06843832016 0.06099999905 -0.06749808984
v 0.06631332397 0.06099999905 -0.06904199324
v 0.06368667603 0.06099999905 -0.06904199324
v 0.06156167984 0.06099999905 -0.06749808984
v 0.06074999809 0.06099999905 -0.06499999724
v 0.06074999809 0.06599999905 -0.06499999724
v 0.06074999809 0.06599999905 -0.06499999724
v 0.06156167984 0.06599999905 -0.06250191414
v 0.06368667603 0.06599999905 -0.06095801074
v 0.06631332397 0.06599999905 -0.06095801074
v 0.06843832016 0.06599999905 -0.06250191414
v 0.06925000191 0.06599999905 -0.06499999724
v 0.06843832016 0.06599999905 -0.06749808984
v 0.06631332397 0.06599999905 -0.06904199324
v 0.06368667603 0.06599999905 -0.06904199324
v 0.06156167984 0.06599999905 -0.06749808984
v 0.0625 0.06599999905 -0.06499999724
v 0.06323223114 0.06599999905 -0.06676776604
v 0.065 0.06599999905 -0.06749999724
v 0.06676776886 0.06599999905 -0.06676776604
v 0.0675 0.06599999905 -0.06499999724
v 0.06676776886 0.06599999905 -0.06323222834
v 0.065 0.06599999905 -0.06249999724
v 0.06323223114 0.06599999905 -0.06323222834
v 0.06 0.06699999809 -0.06499999724
v 0.06095491409 0.06699999809 -0.06793892584
v 0.06345491409 0.06699999809 -0.06975528444
v 0.06654508591 0.06699999809 -0.06975528444
v 0.06904508591 0.06699999809 -0.06793892584
v 0.07 0.06699999809 -0.06499999724
v 0.06904508591 0.06699999809 -0.06206107814
v 0.06654508591 0.06699999809 -0.06024471954
v 0.06345491409 0.06699999809 -0.06024471954
v 0.06095491409 0.06699999809 -0.06206107814
v 0.06 0.06599999905 -0.06499999724
v 0.06095491409 0.06599999905 -0.06206107814
v 0.06345491409 0.06599999905 -0.06024471954
v 0.06654508591 0.06599999905 -0.06024471954
v 0.06904508591 0.06599999905 -0.06206107814
v 0.07 0.06599999905 -0.06499999724
v 0.06904508591 0.06599999905 -0.06793892584
v 0.06654508591 0.06599999905 -0.06975528444
v 0.06345491409 0.06599999905 -0.06975528444
v 0.06095491409 0.06599999905 -0.06793892584
v 0.06 0.06599999905 -0.06499999724
v 0.06 0.06699999809 -0.06499999724
v 0.06224999905 0.06599999905 -0.06499999724
v 0.06305545807 0.06599999905 -0.06305545534
v 0.065 0.06599999905 -0.06225000104
v 0.06694454193 0.06599999905 -0.06305545534
v 0.06775000095 0.06599999905 -0.06499999724
v 0.06694454193 0.06599999905 -0.06694453914
v 0.065 0.06599999905 -0.06775000294
v 0.06305545807 0.06599999905 -0.06694453914
v 0.06 0.06599999905 -0.06499999724
v 0.06095491409 0.06599999905 -0.06793892584
v 0.06345491409 0.06599999905 -0.06975528444
v 0.06654508591 0.06599999905 -0.06975528444
v 0.06904508591 0.06599999905 -0.06793892584
v 0.07 0.06599999905 -0.06499999724
v 0.06904508591 0.06599999905 -0.06206107814
v 0.06654508591 0.06599999905 -0.06024471954
v 0.06345491409 0.06599999905 -0.06024471954
v 0.06095491409 0.06599999905 -0.06206107814
v 0.06224999905 0.06699999809 -0.06499999724
v 0.06305545807 0.06699999809 -0.06305545534
v 0.065 0.06699999809 -0.06225000104
v 0.06694454193 0.06699999809 -0.06305545534
v 0.06775000095 0.06699999809 -0.06499999724
v 0.06694454193 0.06699999809 -0.06694453914
v 0.065 0.06699999809 -0.06775000294
v 0.06305545807 0.06699999809 -0.06694453914
v 0.06224999905 0.06599999905 -0.06499999724
v 0.06305545807 0.06599999905 -0.06694453914
v 0.065 0.06599999905 -0.06775000294
v 0.06694454193 0.06599999905 -0.06694453914
v 0.06775000095 0.06599999905 -0.06499999724
v 0.06694454193 0.06599999905 -0.06305545534
v 0.065 0.06599999905 -0.06225000104
v 0.06305545807 0.06599999905 -0.06305545534
v 0.06224999905 0.06699999809 -0.06499999724
v 0.06224999905 0.06599999905 -0.06499999724
v 0.06224999905 0.06699999809 -0.06499999724
v 0.06305545807 0.06699999809 -0.06694453914
v 0.065 0.06699999809 -0.06775000294
v 0.06694454193 0.06699999809 -0.06694453914
v 0.06775000095 0.06699999809 -0.06499999724
v 0.06694454193 0.06699999809 -0.06305545534
v 0.065 0.06699999809 -0.06225000104
v 0.06305545807 0.06699999809 -0.06305545534
v 0.06 0.06699999809 -0.06499999724
v 0.06095491409 0.06699999809 -0.06206107814
v 0.06345491409 0.06699999809 -0.06024471954
v 0.06654508591 0.06699999809 -0.06024471954
v 0.06904508591 0.06699999809 -0.06206107814
v 0.07 0.06699999809 -0.06499999724
v 0.06904508591 0.06699999809 -0.06793892584
v 0.06654508591 0.06699999809 -0.06975528444
v 0.06345491409 0.06699999809 -0.06975528444
v 0.06095491409 0.06699999809 -0.06793892584
v 0.06224999905 0.07900000095 -0.06499999724
v 0.06305545807 0.07900000095 -0.06305545534
v 0.065 0.07900000095 -0.06225000104
v 0.06694454193 0.07900000095 -0.06305545534
v 0.06775000095 0.07900000095 -0.06499999724
v 0.06694454193 0.07900000095 -0.06694453914
v 0.065 0.07900000095 -0.06775000294
v 0.06305545807 0.07900000095 -0.06694453914
v 0.06224999905 0.07800000191 -0.06499999724
v 0.06305545807 0.07800000191 -0.06694453914
v 0.065 0.07800000191 -0.06775000294
v 0.06694454193 0.07800000191 -0.06694453914
v 0.06775000095 0.07800000191 -0.06499999724
v 0.06694454193 0.07800000191 -0.06305545534
v 0.065 0.07800000191 -0.06225000104
v 0.06305545807 0.07800000191 -0.06305545534
v 0.06224999905 0.07900000095 -0.06499999724
v 0.06224999905 0.07800000191 -0.06499999724
v 0.06224999905 0.07800000191 -0.06499999724
v 0.06305545807 0.07800000191 -0.06305545534
v 0.065 0.07800000191 -0.06225000104
v 0.06694454193 0.07800000191 -0.06305545534
v 0.06775000095 0.07800000191 -0.06499999724
v 0.06694454193 0.07800000191 -0.06694453914
v 0.065 0.07800000191 -0.06775000294
v 0.06305545807 0.07800000191 -0.06694453914
v 0.06 0.07800000191 -0.06499999724
v 0.06095491409 0.07800000191 -0.06793892584
v 0.06345491409 0.07800000191 -0.06975528444
v 0.06654508591 0.07800000191 -0.06975528444
v 0.06904508591 0.07800000191 -0.06793892584
v 0.07 0.07800000191 -0.06499999724
v 0.06904508591 0.07800000191 -0.06206107814
v 0.06654508591 0.07800000191 -0.06024471954
v 0.06345491409 0.07800000191 -0.06024471954
v 0.06095491409 0.07800000191 -0.06206107814
v 0.06224999905 0.07900000095 -0.06499999724
v 0.06305545807 0.07900000095 -0.06694453914
v 0.065 0.07900000095 -0.06775000294
v 0.06694454193 0.07900000095 -0.06694453914
v 0.06775000095 0.07900000095 -0.06499999724
v 0.06694454193 0.07900000095 -0.06305545534
v 0.065 0.07900000095 -0.06225000104
v 0.06305545807 0.07900000095 -0.06305545534
v 0.06 0.07900000095 -0.06499999724
v 0.06095491409 0.07900000095 -0.06206107814
v 0.06345491409 0.07900000095 -0.06024471954
v 0.06654508591 0.07900000095 -0.06024471954
v 0.06904508591 0.07900000095 -0.06206107814
v 0.07 0.07900000095 -0.06499999724
v 0.06904508591 0.07900000095 -0.06793892584
v 0.06654508591 0.07900000095 -0.06975528444
v 0.06345491409 0.07900000095 -0.06975528444
v 0.06095491409 0.07900000095 -0.06793892584
v 0.06 0.07900000095 -0.06499999724
v 0.06095491409 0.07900000095 -0.06793892584
v 0.06345491409 0.07900000095 -0.06975528444
v 0.06654508591 0.07900000095 -0.06975528444
v 0.06904508591 0.07900000095 -0.06793892584
v 0.07 0.07900000095 -0.06499999724
v 0.06904508591 0.07900000095 -0.06206107814
v 0.06654508591 0.07900000095 -0.06024471954
v 0.06345491409 0.07900000095 -0.06024471954
v 0.06095491409 0.07900000095 -0.06206107814
v 0.06 0.07800000191 -0.06499999724
v 0.06095491409 0.07800000191 -0.06206107814
v 0.06345491409 0.07800000191 -0.06024471954
v 0.06654508591 0.07800000191 -0.06024471954
v 0.06904508591 0.07800000191 -0.06206107814
v 0.07 0.07800000191 -0.06499999724
v 0.06904508591 0.07800000191 -0.06793892584
v 0.06654508591 0.07800000191 -0.06975528444
v 0.06345491409 0.07800000191 -0.06975528444
v 0.06095491409 0.07800000191 -0.06793892584
v 0.06 0.07800000191 -0.06499999724
v 0.06 0.07900000095 -0.06499999724
v 0.0625 0.08399999619 -0.06499999724
v 0.06323223114 0.08399999619 -0.06323222834
v 0.065 0.08399999619 -0.06249999724
v 0.06676776886 0.08399999619 -0.06323222834
v 0.0675 0.08399999619 -0.06499999724
v 0.06676776886 0.08399999619 -0.06676776604
v 0.065 0.08399999619 -0.06749999724
v 0.06323223114 0.08399999619 -0.06676776604
v 0.0625 0.07900000095 -0.06499999724
v 0.06323223114 0.07900000095 -0.06676776604
v 0.065 0.07900000095 -0.06749999724
v 0.06676776886 0.07900000095 -0.06676776604
v 0.0675 0.07900000095 -0.06499999724
v 0.06676776886 0.07900000095 -0.06323222834
v 0.065 0.07900000095 -0.06249999724
v 0.06323223114 0.07900000095 -0.06323222834
v 0.0625 0.08399999619 -0.06499999724
v 0.0625 0.07900000095 -0.06499999724
v 0.06038119793 0.07900000095 -0.06499999724
v 0.06269059658 0.07900000095 -0.06100000104
v 0.06269059658 0.08399999619 -0.06100000104
v 0.06038119793 0.08399999619 -0.06499999724
v 0.06269059658 0.07900000095 -0.06100000104
v 0.06730940342 0.07900000095 -0.06100000104
v 0.06730940342 0.08399999619 -0.06100000104
v 0.06269059658 0.08399999619 -0.06100000104
v 0.06730940342 0.07900000095 -0.06100000104
v 0.06961880207 0.07900000095 -0.06499999724
v 0.06961880207 0.08399999619 -0.06499999724
v 0.06730940342 0.08399999619 -0.06100000104
v 0.06269059658 0.07900000095 -0.06900000294
v 0.06038119793 0.07900000095 -0.06499999724
v 0.06038119793 0.08399999619 -0.06499999724
v 0.06269059658 0.08399999619 -0.06900000294
v 0.0625 0.08399999619 -0.06499999724
v 0.06323223114 0.08399999619 -0.06676776604
v 0.065 0.08399999619 -0.06749999724
v 0.06676776886 0.08399999619 -0.06676776604
v 0.0675 0.08399999619 -0.06499999724
v 0.06676776886 0.08399999619 -0.06323222834
v 0.065 0.08399999619 -0.06249999724
v 0.06323223114 0.08399999619 -0.06323222834
v 0.06730940342 0.08399999619 -0.06100000104
v 0.06961880207 0.08399999619 -0.06499999724
v 0.06730940342 0.08399999619 -0.06900000294
v 0.06269059658 0.08399999619 -0.06900000294
v 0.06038119793 0.08399999619 -0.06499999724
v 0.06269059658 0.08399999619 -0.06100000104
v 0.06730940342 0.07900000095 -0.06900000294
v 0.06269059658 0.07900000095 -0.06900000294
v 0.06269059658 0.08399999619 -0.06900000294
v 0.06730940342 0.08399999619 -0.06900000294
v 0.0625 0.07900000095 -0.06499999724
v 0.06323223114 0.07900000095 -0.06323222834
v 0.065 0.07900000095 -0.06249999724
v 0.06676776886 0.07900000095 -0.06323222834
v 0.0675 0.07900000095 -0.06499999724
v 0.06676776886 0.07900000095 -0.06676776604
v 0.065 0.07900000095 -0.06749999724
v 0.06323223114 0.07900000095 -0.06676776604
v 0.06961880207 0.07900000095 -0.06499999724
v 0.06730940342 0.07900000095 -0.06100000104
v 0.06269059658 0.07900000095 -0.06100000104
v 0.06038119793 0.07900000095 -0.06499999724
v 0.06269059658 0.07900000095 -0.06900000294
v 0.06730940342 0.07900000095 -0.06900000294
v 0.06961880207 0.07900000095 -0.06499999724
v 0.06730940342 0.07900000095 -0.06900000294
v 0.06730940342 0.08399999619 -0.06900000294
v 0.06961880207 0.08399999619 -0.06499999724
v 0.0625 0.09100000381 0.06500000276
v 0.06323223114 0.09100000381 0.06676777166
v 0.065 0.09100000381 0.06750000276
v 0.06676776886 0.09100000381 0.06676777166
v 0.0675 0.09100000381 0.06500000276
v 0.06676776886 0.09100000381 0.06323223396
v 0.065 0.09100000381 0.06250000276
v 0.06323223114 0.09100000381 0.06323223396
v 0.06074999809 0.06099999905 0.06500000276
v 0.06156167984 0.06099999905 0.06250191016
v 0.06368667603 0.06099999905 0.06095800676
v 0.06631332397 0.06099999905 0.06095800676
v 0.06843832016 0.06099999905 0.06250191016
v 0.06925000191 0.06099999905 0.06500000276
v 0.06843832016 0.06099999905 0.06749809546
v 0.06631332397 0.06099999905 0.06904199876
v 0.06368667603 0.06099999905 0.06904199876
v 0.06156167984 0.06099999905 0.06749809546
v 0.06074999809 0.06599999905 0.06500000276
v 0.06156167984 0.06599999905 0.06250191016
v 0.06368667603 0.06599999905 0.06095800676
v 0.06631332397 0.06599999905 0.06095800676
v 0.06843832016 0.06599999905 0.06250191016
v 0.06925000191 0.06599999905 0.06500000276
v 0.06843832016 0.06599999905 0.06749809546
v 0.06631332397 0.06599999905 0.06904199876
v 0.06368667603 0.06599999905 0.06904199876
v 0.06156167984 0.06599999905 0.06749809546
v 0.06074999809 0.06099999905 0.06500000276
v 0.06156167984 0.06099999905 0.06749809546
v 0.06368667603 0.06099999905 0.06904199876
v 0.06631332397 0.06099999905 0.06904199876
v 0.06843832016 0.06099999905 0.06749809546
v 0.06925000191 0.06099999905 0.06500000276
v 0.06843832016 0.06099999905 0.06250191016
v 0.06631332397 0.06099999905 0.06095800676
v 0.06368667603 0.06099999905 0.06095800676
v 0.06156167984 0.06099999905 0.06250191016
v 0.06074999809 0.06099999905 0.06500000276
v 0.06074999809 0.06599999905 0.06500000276
v 0.06074999809 0.06599999905 0.06500000276
v 0.06156167984 0.06599999905 0.06749809546
v 0.06368667603 0.06599999905 0.06904199876
v 0.06631332397 0.06599999905 0.06904199876
v 0.06843832016 0.06599999905 0.06749809546
v 0.06925000191 0.06599999905 0.06500000276
v 0.06843832016 0.06599999905 0.06250191016
v 0.06631332397 0.06599999905 0.06095800676
v 0.06368667603 0.06599999905 0.06095800676
v 0.06156167984 0.06599999905 0.06250191016
v 0.0625 0.06599999905 0.06500000276
v 0.06323223114 0.06599999905 0.06323223396
v 0.065 0.06599999905 0.06250000276
v 0.06676776886 0.06599999905 0.06323223396
v 0.0675 0.06599999905 0.06500000276
v 0.06676776886 0.06599999905 0.06676777166
v 0.065 0.06599999905 0.06750000276
v 0.06323223114 0.06599999905 0.06676777166
v 0.0625 0.09100000381 0.06500000276
v 0.06323223114 0.09100000381 0.06323223396
v 0.065 0.09100000381 0.06250000276
v 0.06676776886 0.09100000381 0.06323223396
v 0.0675 0.09100000381 0.06500000276
v 0.06676776886 0.09100000381 0.06676777166
v 0.065 0.09100000381 0.06750000276
v 0.06323223114 0.09100000381 0.06676777166
v 0.0625 0.06599999905 0.06500000276
v 0.06323223114 0.06599999905 0.06676777166
v 0.065 0.06599999905 0.06750000276
v 0.06676776886 0.06599999905 0.06676777166
v 0.0675 0.06599999905 0.06500000276
v 0.06676776886 0.06599999905 0.06323223396
v 0.065 0.06599999905 0.06250000276
v 0.06323223114 0.06599999905 0.06323223396
v 0.0625 0.06599999905 0.06500000276
v 0.0625 0.09100000381 0.06500000276
v 0.06224999905 0.06699999809 0.06500000276
v 0.06305545807 0.06699999809 0.06694454466
v 0.065 0.06699999809 0.06774999896
v 0.06694454193 0.06699999809 0.06694454466
v 0.06775000095 0.06699999809 0.06500000276
v 0.06694454193 0.06699999809 0.06305546086
v 0.065 0.06699999809 0.06225000656
v 0.06305545807 0.06699999809 0.06305546086
v 0.06224999905 0.06599999905 0.06500000276
v 0.06305545807 0.06599999905 0.06305546086
v 0.065 0.06599999905 0.06225000656
v 0.06694454193 0.06599999905 0.06305546086
v 0.06775000095 0.06599999905 0.06500000276
v 0.06694454193 0.06599999905 0.06694454466
v 0.065 0.06599999905 0.06774999896
v 0.06305545807 0.06599999905 0.06694454466
v 0.06224999905 0.06699999809 0.06500000276
v 0.06224999905 0.06599999905 0.06500000276
v 0.06224999905 0.06599999905 0.06500000276
v 0.06305545807 0.06599999905 0.06694454466
v 0.065 0.06599999905 0.06774999896
v 0.06694454193 0.06599999905 0.06694454466
v 0.06775000095 0.06599999905 0.06500000276
v 0.06694454193 0.06599999905 0.06305546086
v 0.065 0.06599999905 0.06225000656
v 0.06305545807 0.06599999905 0.06305546086
v 0.06 0.06599999905 0.06500000276
v 0.06095491409 0.06599999905 0.06206106466
v 0.06345491409 0.06599999905 0.06024471556
v 0.06654508591 0.06599999905 0.06024471556
v 0.06904508591 0.06599999905 0.06206106466
v 0.07 0.06599999905 0.06500000276
v 0.06904508591 0.06599999905 0.06793892186
v 0.06654508591 0.06599999905 0.06975528996
v 0.06345491409 0.06599999905 0.06975528996
v 0.06095491409 0.06599999905 0.06793892186
v 0.06224999905 0.06699999809 0.06500000276
v 0.06305545807 0.06699999809 0.06305546086
v 0.065 0.06699999809 0.06225000656
v 0.06694454193 0.06699999809 0.06305546086
v 0.06775000095 0.06699999809 0.06500000276
v 0.06694454193 0.06699999809 0.06694454466
v 0.065 0.06699999809 0.06774999896
v 0.06305545807 0.06699999809 0.06694454466
v 0.06 0.06699999809 0.06500000276
v 0.06095491409 0.06699999809 0.06793892186
v 0.06345491409 0.06699999809 0.06975528996
v 0.06654508591 0.06699999809 0.06975528996
v 0.06904508591 0.06699999809 0.06793892186
v 0.07 0.06699999809 0.06500000276
v 0.06904508591 0.06699999809 0.06206106466
v 0.06654508591 0.06699999809 0.06024471556
v 0.06345491409 0.06699999809 0.06024471556
v 0.06095491409 0.06699999809 0.06206106466
v 0.06 0.06699999809 0.06500000276
v 0.06095491409 0.06699999809 0.06206106466
v 0.06345491409 0.06699999809 0.06024471556
v 0.06654508591 0.06699999809 0.06024471556
v 0.06904508591 0.06699999809 0.06206106466
v 0.07 0.06699999809 0.06500000276
v 0.06904508591 0.06699999809 0.06793892186
v 0.06654508591 0.06699999809 0.06975528996
v 0.06345491409 0.06699999809 0.06975528996
v 0.06095491409 0.06699999809 0.06793892186
v 0.06 0.06599999905 0.06500000276
v 0.06095491409 0.06599999905 0.06793892186
v 0.06345491409 0.06599999905 0.06975528996
v 0.06654508591 0.06599999905 0.06975528996
v 0.06904508591 0.06599999905 0.06793892186
v 0.07 0.06599999905 0.06500000276
v 0.06904508591 0.06599999905 0.06206106466
v 0.06654508591 0.06599999905 0.06024471556
v 0.06345491409 0.06599999905 0.06024471556
v 0.06095491409 0.06599999905 0.06206106466
v 0.06 0.06599999905 0.06500000276
v 0.06 0.06699999809 0.06500000276
v 0.06 0.07900000095 0.06500000276
v 0.06095491409 0.07900000095 0.06206106466
v 0.06345491409 0.07900000095 0.06024471556
v 0.06654508591 0.07900000095 0.06024471556
v 0.06904508591 0.07900000095 0.06206106466
v 0.07 0.07900000095 0.06500000276
v 0.06904508591 0.07900000095 0.06793892186
v 0.06654508591 0.07900000095 0.06975528996
v 0.06345491409 0.07900000095 0.06975528996
v 0.06095491409 0.07900000095 0.06793892186
v 0.06 0.07800000191 0.06500000276
v 0.06095491409 0.07800000191 0.06793892186
v 0.06345491409 0.07800000191 0.06975528996
v 0.06654508591 0.07800000191 0.06975528996
v 0.06904508591 0.07800000191 0.06793892186
v 0.07 0.07800000191 0.06500000276
v 0.06904508591 0.07800000191 0.06206106466
v 0.06654508591 0.07800000191 0.06024471556
v 0.06345491409 0.07800000191 0.06024471556
v 0.06095491409 0.07800000191 0.06206106466
v 0.06 0.07800000191 0.06500000276
v 0.06 0.07900000095 0.06500000276
v 0.06224999905 0.07800000191 0.06500000276
v 0.06305545807 0.07800000191 0.06694454466
v 0.065 0.07800000191 0.06774999896
v 0.06694454193 0.07800000191 0.06694454466
v 0.06775000095 0.07800000191 0.06500000276
v 0.06694454193 0.07800000191 0.06305546086
v 0.065 0.07800000191 0.06225000656
v 0.06305545807 0.07800000191 0.06305546086
v 0.06 0.07800000191 0.06500000276
v 0.06095491409 0.07800000191 0.06206106466
v 0.06345491409 0.07800000191 0.06024471556
v 0.06654508591 0.07800000191 0.06024471556
v 0.06904508591 0.07800000191 0.06206106466
v 0.07 0.07800000191 0.06500000276
v 0.06904508591 0.07800000191 0.06793892186
v 0.06654508591 0.07800000191 0.06975528996
v 0.06345491409 0.07800000191 0.06975528996
v 0.06095491409 0.07800000191 0.06793892186
v 0.06224999905 0.07900000095 0.06500000276
v 0.06305545807 0.07900000095 0.06694454466
v 0.065 0.07900000095 0.06774999896
v 0.06694454193 0.07900000095 0.06694454466
v 0.06775000095 0.07900000095 0.06500000276
v 0.06694454193 0.07900000095 0.06305546086
v 0.065 0.07900000095 0.06225000656
v 0.06305545807 0.07900000095 0.06305546086
v 0.06224999905 0.07800000191 0.06500000276
v 0.06305545807 0.07800000191 0.06305546086
v 0.065 0.07800000191 0.06225000656
v 0.06694454193 0.07800000191 0.06305546086
v 0.06775000095 0.07800000191 0.06500000276
v 0.06694454193 0.07800000191 0.06694454466
v 0.065 0.07800000191 0.06774999896
v 0.06305545807 0.07800000191 0.06694454466
v 0.06224999905 0.07900000095 0.06500000276
v 0.06224999905 0.07800000191 0.06500000276
v 0.06224999905 0.07900000095 0.06500000276
v 0.06305545807 0.07900000095 0.06305546086
v 0.065 0.07900000095 0.06225000656
v 0.06694454193 0.07900000095 0.06305546086
v 0.06775000095 0.07900000095 0.06500000276
v 0.06694454193 0.07900000095 0.06694454466
v 0.065 0.07900000095 0.06774999896
v 0.06305545807 0.07900000095 0.06694454466
v 0.06 0.07900000095 0.06500000276
v 0.06095491409 0.07900000095 0.06793892186
v 0.06345491409 0.07900000095 0.06975528996
v 0.06654508591 0.07900000095 0.06975528996
v 0.06904508591 0.07900000095 0.06793892186
v 0.07 0.07900000095 0.06500000276
v 0.06904508591 0.07900000095 0.06206106466
v 0.06654508591 0.07900000095 0.06024471556
v 0.06345491409 0.07900000095 0.06024471556
v 0.06095491409 0.07900000095 0.06206106466
v 0.0625 0.08399999619 0.06500000276
v 0.06323223114 0.08399999619 0.06676777166
v 0.065 0.08399999619 0.06750000276
v 0.06676776886 0.08399999619 0.06676777166
v 0.0675 0.08399999619 0.06500000276
v 0.06676776886 0.08399999619 0.06323223396
v 0.065 0.08399999619 0.06250000276
v 0.06323223114 0.08399999619 0.06323223396
v 0.0625 0.07900000095 0.06500000276
v 0.06323223114 0.07900000095 0.06323223396
v 0.065 0.07900000095 0.06250000276
v 0.06676776886 0.07900000095 0.06323223396
v 0.0675 0.07900000095 0.06500000276
v 0.06676776886 0.07900000095 0.06676777166
v 0.065 0.07900000095 0.06750000276
v 0.06323223114 0.07900000095 0.06676777166
v 0.0625 0.08399999619 0.06500000276
v 0.0625 0.07900000095 0.06500000276
v 0.0625 0.08399999619 0.06500000276
v 0.06323223114 0.08399999619 0.06323223396
v 0.065 0.08399999619 0.06250000276
v 0.06676776886 0.08399999619 0.06323223396
v 0.0675 0.08399999619 0.06500000276
v 0.06676776886 0.08399999619 0.06676777166
v 0.065 0.08399999619 0.06750000276
v 0.06323223114 0.08399999619 0.06676777166
v 0.06730940342 0.08399999619 0.06899999896
v 0.06961880207 0.08399999619 0.06500000276
v 0.06730940342 0.08399999619 0.06100000656
v 0.06269059658 0.08399999619 0.06100000656
v 0.06038119793 0.08399999619 0.06500000276
v 0.06269059658 0.08399999619 0.06899999896
v 0.06269059658 0.07900000095 0.06100000656
v 0.06038119793 0.07900000095 0.06500000276
v 0.06038119793 0.08399999619 0.06500000276
v 0.06269059658 0.08399999619 0.06100000656
v 0.06730940342 0.07900000095 0.06899999896
v 0.06961880207 0.07900000095 0.06500000276
v 0.06961880207 0.08399999619 0.06500000276
v 0.06730940342 0.08399999619 0.06899999896
v 0.06038119793 0.07900000095 0.06500000276
v 0.06269059658 0.07900000095 0.06899999896
v 0.06269059658 0.08399999619 0.06899999896
v 0.06038119793 0.08399999619 0.06500000276
v 0.0625 0.07900000095 0.06500000276
v 0.06323223114 0.07900000095 0.06676777166
v 0.065 0.07900000095 0.06750000276
v 0.06676776886 0.07900000095 0.06676777166
v 0.0675 0.07900000095 0.06500000276
v 0.06676776886 0.07900000095 0.06323223396
v 0.065 0.07900000095 0.06250000276
v 0.06323223114 0.07900000095 0.06323223396
v 0.06961880207 0.07900000095 0.06500000276
v 0.06730940342 0.07900000095 0.06899999896
v 0.06269059658 0.07900000095 0.06899999896
v 0.06038119793 0.07900000095 0.06500000276
v 0.06269059658 0.07900000095 0.06100000656
v 0.06730940342 0.07900000095 0.06100000656
v 0.06269059658 0.07900000095 0.06899999896
v 0.06730940342 0.07900000095 0.06899999896
v 0.06730940342 0.08399999619 0.06899999896
v 0.06269059658 0.08399999619 0.06899999896
v 0.06961880207 0.07900000095 0.06500000276
v 0.06730940342 0.07900000095 0.06100000656
v 0.06730940342 0.08399999619 0.06100000656
v 0.06961880207 0.08399999619 0.06500000276
v 0.06730940342 0.07900000095 0.06100000656
v 0.06269059658 0.07900000095 0.06100000656
v 0.06269059658 0.08399999619 0.06100000656
v 0.06730940342 0.08399999619 0.06100000656
f 2 21 1
f 1 21 9
f 1 9 10
f 21 2 20
f 20 2 3
f 20 3 19
f 19 3 18
f 18 3 4
f 18 4 17
f 17 4 16
f 16 4 5
f 16 5 15
f 15 5 6
f 15 6 14
f 14 6 13
f 13 6 7
f 13 7 12
f 12 7 11
f 11 7 8
f 11 8 10
f 10 8 1
f 23 42 22
f 22 42 30
f 22 30 31
f 42 23 41
f 41 23 24
f 41 24 40
f 40 24 39
f 39 24 25
f 39 25 38
f 38 25 37
f 37 25 26
f 37 26 36
f 36 26 27
f 36 27 35
f 35 27 34
f 34 27 28
f 34 28 33
f 33 28 32
f 32 28 29
f 32 29 31
f 31 29 22
f 44 58 43
f 43 58 60
f 59 51 50
f 50 51 52
f 50 52 53
f 44 45 58
f 58 45 57
f 57 45 46
f 57 46 56
f 56 46 47
f 56 47 55
f 55 47 48
f 55 48 54
f 54 48 49
f 54 49 53
f 53 49 50
f 62 86 61
f 61 86 87
f 88 74 73
f 73 74 75
f 73 75 72
f 72 75 76
f 72 76 71
f 71 76 77
f 71 77 70
f 70 77 78
f 70 78 69
f 69 78 79
f 69 79 68
f 68 79 80
f 68 80 67
f 67 80 81
f 67 81 66
f 66 81 82
f 66 82 65
f 65 82 83
f 65 83 64
f 64 83 84
f 64 84 63
f 63 84 85
f 63 85 62
f 62 85 86
f 90 114 89
f 89 114 115
f 116 102 101
f 101 102 103
f 101 103 100
f 100 103 104
f 100 104 99
f 99 104 105
f 99 105 98
f 98 105 106
f 98 106 97
f 97 106 107
f 97 107 96
f 96 107 108
f 96 108 95
f 95 108 109
f 95 109 94
f 94 109 110
f 94 110 93
f 93 110 111
f 93 111 92
f 92 111 112
f 92 112 91
f 91 112 113
f 91 113 90
f 90 113 114
f 118 132 117
f 117 132 134
f 133 125 124
f 124 125 126
f 124 126 127
f 118 119 132
f 132 119 131
f 131 119 120
f 131 120 130
f 130 120 121
f 130 121 129
f 129 121 122
f 129 122 128
f 128 122 123
f 128 123 127
f 127 123 124
f 136 155 135
f 135 155 143
f 135 143 144
f 155 136 154
f 154 136 137
f 154 137 153
f 153 137 152
f 152 137 138
f 152 138 151
f 151 138 150
f 150 138 139
f 150 139 149
f 149 139 140
f 149 140 148
f 148 140 147
f 147 140 141
f 147 141 146
f 146 141 145
f 145 141 142
f 145 142 144
f 144 142 135
f 157 176 156
f 156 176 164
f 156 164 165
f 176 157 175
f 175 157 158
f 175 158 174
f 174 158 173
f 173 158 159
f 173 159 172
f 172 159 171
f 171 159 160
f 171 160 170
f 170 160 161
f 170 161 169
f 169 161 168
f 168 161 162
f 168 162 167
f 167 162 166
f 166 162 163
f 166 163 165
f 165 163 156
f 178 194 177
f 177 194 185
f 177 185 186
f 194 178 193
f 193 178 179
f 193 179 192
f 192 179 180
f 192 180 191
f 191 180 181
f 191 181 190
f 190 181 189
f 189 181 182
f 189 182 188
f 188 182 183
f 188 183 187
f 187 183 184
f 187 184 186
f 186 184 177
f 196 210 195
f 195 210 212
f 211 203 202
f 202 203 204
f 202 204 205
f 196 197 210
f 210 197 209
f 209 197 198
f 209 198 208
f 208 198 199
f 208 199 207
f 207 199 200
f 207 200 206
f 206 200 201
f 206 201 205
f 205 201 202
f 214 230 213
f 213 230 221
f 213 221 222
f 230 214 229
f 229 214 215
f 229 215 228
f 228 215 216
f 228 216 227
f 227 216 217
f 227 217 226
f 226 217 225
f 225 217 218
f 225 218 224
f 224 218 219
f 224 219 223
f 223 219 220
f 223 220 222
f 222 220 213
f 232 250 231
f 231 250 251
f 252 241 240
f 240 241 242
f 240 242 239
f 239 242 243
f 239 243 238
f 238 243 244
f 238 244 237
f 237 244 245
f 237 245 236
f 236 245 246
f 236 246 235
f 235 246 247
f 235 247 234
f 234 247 248
f 234 248 233
f 233 248 249
f 233 249 232
f 232 249 250
f 254 270 253
f 253 270 261
f 253 261 262
f 270 254 269
f 269 254 255
f 269 255 268
f 268 255 256
f 268 256 267
f 267 256 257
f 267 257 266
f 266 257 265
f 265 257 258
f 265 258 264
f 264 258 259
f 264 259 263
f 263 259 260
f 263 260 262
f 262 260 253
f 272 286 271
f 271 286 288
f 287 279 278
f 278 279 280
f 278 280 281
f 272 273 286
f 286 273 285
f 285 273 274
f 285 274 284
f 284 274 275
f 284 275 283
f 283 275 276
f 283 276 282
f 282 276 277
f 282 277 281
f 281 277 278
f 290 306 289
f 289 306 297
f 289 297 298
f 306 290 305
f 305 290 291
f 305 291 304
f 304 291 292
f 304 292 303
f 303 292 293
f 303 293 302
f 302 293 301
f 301 293 294
f 301 294 300
f 300 294 295
f 300 295 299
f 299 295 296
f 299 296 298
f 298 296 289
f 308 326 307
f 307 326 327
f 328 317 316
f 316 317 318
f 316 318 315
f 315 318 319
f 315 319 314
f 314 319 320
f 314 320 313
f 313 320 321
f 313 321 312
f 312 321 322
f 312 322 311
f 311 322 323
f 311 323 310
f 310 323 324
f 310 324 309
f 309 324 325
f 309 325 308
f 308 325 326
f 330 346 329
f 329 346 337
f 329 337 338
f 346 330 345
f 345 330 331
f 345 331 344
f 344 331 332
f 344 332 343
f 343 332 333
f 343 333 342
f 342 333 341
f 341 333 334
f 341 334 340
f 340 334 335
f 340 335 339
f 339 335 336
f 339 336 338
f 338 336 329
f 348 366 347
f 347 366 367
f 368 357 356
f 356 357 358
f 356 358 355
f 355 358 359
f 355 359 354
f 354 359 360
f 354 360 353
f 353 360 361
f 353 361 352
f 352 361 362
f 352 362 351
f 351 362 363
f 351 363 350
f 350 363 364
f 350 364 349
f 349 364 365
f 349 365 348
f 348 365 366
f 370 384 369
f 369 384 386
f 385 377 376
f 376 377 378
f 376 378 379
f 370 371 384
f 384 371 383
f 383 371 372
f 383 372 382
f 382 372 373
f 382 373 381
f 381 373 374
f 381 374 380
f 380 374 375
f 380 375 379
f 379 375 376
f 388 404 387
f 387 404 395
f 387 395 396
f 404 388 403
f 403 388 389
f 403 389 402
f 402 389 390
f 402 390 401
f 401 390 391
f 401 391 400
f 400 391 399
f 399 391 392
f 399 392 398
f 398 392 393
f 398 393 397
f 397 393 394
f 397 394 396
f 396 394 387
f 406 420 405
f 405 420 422
f 421 413 412
f 412 413 414
f 412 414 411
f 411 414 415
f 411 415 410
f 410 415 416
f 410 416 409
f 409 416 417
f 409 417 408
f 408 417 418
f 408 418 407
f 407 418 419
f 407 419 406
f 406 419 420
f 424 440 423
f 423 440 431
f 423 431 432
f 440 424 439
f 439 424 425
f 439 425 438
f 438 425 426
f 438 426 437
f 437 426 427
f 437 427 436
f 436 427 435
f 435 427 428
f 435 428 434
f 434 428 429
f 434 429 433
f 433 429 430
f 433 430 432
f 432 430 423
f 442 460 441
f 441 460 461
f 462 451 450
f 450 451 452
f 450 452 449
f 449 452 453
f 449 453 448
f 448 453 454
f 448 454 447
f 447 454 455
f 447 455 446
f 446 455 456
f 446 456 445
f 445 456 457
f 445 457 444
f 444 457 458
f 444 458 443
f 443 458 459
f 443 459 442
f 442 459 460
f 464 480 463
f 463 480 471
f 463 471 472
f 480 464 479
f 479 464 465
f 479 465 478
f 478 465 466
f 478 466 477
f 477 466 467
f 477 467 476
f 476 467 475
f 475 467 468
f 475 468 474
f 474 468 469
f 474 469 473
f 473 469 470
f 473 470 472
f 472 470 463
f 481 482 484
f 484 482 483
f 485 486 488
f 488 486 487
f 490 492 489
f 489 492 493
f 489 493 494
f 490 491 492
f 495 496 498
f 498 496 497
f 499 500 502
f 502 500 501
f 503 504 506
f 506 504 505
f 507 508 510
f 510 508 509
f 512 514 511
f 511 514 515
f 511 515 518
f 518 515 516
f 518 516 517
f 512 513 514
f 520 534 519
f 519 534 535
f 536 527 526
f 526 527 528
f 526 528 529
f 520 521 534
f 534 521 533
f 533 521 522
f 533 522 532
f 532 522 523
f 532 523 531
f 531 523 524
f 531 524 530
f 530 524 525
f 530 525 529
f 529 525 526
f 546 537 547
f 547 537 538
f 547 538 554
f 554 538 539
f 554 539 553
f 553 539 540
f 553 540 552
f 552 540 541
f 552 541 551
f 551 541 542
f 551 542 543
f 551 543 550
f 550 543 544
f 550 544 549
f 549 544 545
f 549 545 548
f 548 545 546
f 548 546 547
f 556 574 555
f 555 574 575
f 576 565 564
f 564 565 566
f 564 566 563
f 563 566 567
f 563 567 562
f 562 567 568
f 562 568 561
f 561 568 569
f 561 569 560
f 560 569 570
f 560 570 559
f 559 570 571
f 559 571 558
f 558 571 572
f 558 572 557
f 557 572 573
f 557 573 556
f 556 573 574
f 578 591 577
f 577 591 592
f 577 592 582
f 582 592 583
f 582 583 584
f 579 589 578
f 578 589 590
f 578 590 591
f 580 587 579
f 579 587 588
f 579 588 589
f 587 580 586
f 586 580 581
f 586 581 585
f 585 581 584
f 584 581 582
f 593 594 596
f 596 594 595
f 598 612 597
f 597 612 614
f 613 605 604
f 604 605 606
f 604 606 607
f 598 599 612
f 612 599 611
f 611 599 600
f 611 600 610
f 610 600 601
f 610 601 609
f 609 601 602
f 609 602 608
f 608 602 603
f 608 603 607
f 607 603 604
f 622 615 626
f 626 615 616
f 626 616 625
f 625 616 617
f 625 617 624
f 624 617 618
f 624 618 623
f 623 618 619
f 623 619 620
f 623 620 628
f 628 620 621
f 628 621 627
f 627 621 622
f 627 622 626
f 636 629 641
f 641 629 630
f 641 630 640
f 640 630 631
f 640 631 639
f 639 631 632
f 639 632 638
f 638 632 633
f 638 633 634
f 638 634 637
f 637 634 635
f 637 635 642
f 642 635 636
f 642 636 641
f 643 644 646
f 646 644 645
f 647 648 650
f 650 648 649
f 651 652 654
f 654 652 653
f 655 656 658
f 658 656 657
f 659 660 662
f 662 660 661
f 664 688 663
f 663 688 689
f 690 676 675
f 675 676 677
f 675 677 674
f 674 677 678
f 674 678 673
f 673 678 679
f 673 679 672
f 672 679 680
f 672 680 671
f 671 680 681
f 671 681 670
f 670 681 682
f 670 682 669
f 669 682 683
f 669 683 668
f 668 683 684
f 668 684 667
f 667 684 685
f 667 685 666
f 666 685 686
f 666 686 665
f 665 686 687
f 665 687 664
f 664 687 688
f 692 711 691
f 691 711 699
f 691 699 700
f 711 692 710
f 710 692 693
f 710 693 709
f 709 693 708
f 708 693 694
f 708 694 707
f 707 694 706
f 706 694 695
f 706 695 705
f 705 695 696
f 705 696 704
f 704 696 703
f 703 696 697
f 703 697 702
f 702 697 701
f 701 697 698
f 701 698 700
f 700 698 691
f 713 732 712
f 712 732 720
f 712 720 721
f 732 713 731
f 731 713 714
f 731 714 730
f 730 714 729
f 729 714 715
f 729 715 728
f 728 715 727
f 727 715 716
f 727 716 726
f 726 716 717
f 726 717 725
f 725 717 724
f 724 717 718
f 724 718 723
f 723 718 722
f 722 718 719
f 722 719 721
f 721 719 712
f 734 748 733
f 733 748 750
f 749 741 740
f 740 741 742
f 740 742 743
f 734 735 748
f 748 735 747
f 747 735 736
f 747 736 746
f 746 736 737
f 746 737 745
f 745 737 738
f 745 738 744
f 744 738 739
f 744 739 743
f 743 739 740
f 752 776 751
f 751 776 777
f 778 764 763
f 763 764 765
f 763 765 762
f 762 765 766
f 762 766 761
f 761 766 767
f 761 767 760
f 760 767 768
f 760 768 759
f 759 768 769
f 759 769 758
f 758 769 770
f 758 770 757
f 757 770 771
f 757 771 756
f 756 771 772
f 756 772 755
f 755 772 773
f 755 773 754
f 754 773 774
f 754 774 753
f 753 774 775
f 753 775 752
f 752 775 776
f 780 794 779
f 779 794 796
f 795 787 786
f 786 787 788
f 786 788 789
f 780 781 794
f 794 781 793
f 793 781 782
f 793 782 792
f 792 782 783
f 792 783 791
f 791 783 784
f 791 784 790
f 790 784 785
f 790 785 789
f 789 785 786
f 798 817 797
f 797 817 805
f 797 805 806
f 817 798 816
f 816 798 799
f 816 799 815
f 815 799 814
f 814 799 800
f 814 800 813
f 813 800 812
f 812 800 801
f 812 801 811
f 811 801 802
f 811 802 810
f 810 802 809
f 809 802 803
f 809 803 808
f 808 803 807
f 807 803 804
f 807 804 806
f 806 804 797
f 819 838 818
f 818 838 826
f 818 826 827
f 838 819 837
f 837 819 820
f 837 820 836
f 836 820 835
f 835 820 821
f 835 821 834
f 834 821 833
f 833 821 822
f 833 822 832
f 832 822 823
f 832 823 831
f 831 823 830
f 830 823 824
f 830 824 829
f 829 824 828
f 828 824 825
f 828 825 827
f 827 825 818
f 840 854 839
f 839 854 856
f 855 847 846
f 846 847 848
f 846 848 849
f 840 841 854
f 854 841 853
f 853 841 842
f 853 842 852
f 852 842 843
f 852 843 851
f 851 843 844
f 851 844 850
f 850 844 845
f 850 845 849
f 849 845 846
f 858 874 857
f 857 874 865
f 857 865 866
f 874 858 873
f 873 858 859
f 873 859 872
f 872 859 860
f 872 860 871
f 871 860 861
f 871 861 870
f 870 861 869
f 869 861 862
f 869 862 868
f 868 862 863
f 868 863 867
f 867 863 864
f 867 864 866
f 866 864 857
f 876 892 875
f 875 892 883
f 875 883 884
f 892 876 891
f 891 876 877
f 891 877 890
f 890 877 878
f 890 878 889
f 889 878 879
f 889 879 888
f 888 879 887
f 887 879 880
f 887 880 886
f 886 880 881
f 886 881 885
f 885 881 882
f 885 882 884
f 884 882 875
f 894 912 893
f 893 912 913
f 914 903 902
f 902 903 904
f 902 904 901
f 901 904 905
f 901 905 900
f 900 905 906
f 900 906 899
f 899 906 907
f 899 907 898
f 898 907 908
f 898 908 897
f 897 908 909
f 897 909 896
f 896 909 910
f 896 910 895
f 895 910 911
f 895 911 894
f 894 911 912
f 916 934 915
f 915 934 935
f 936 925 924
f 924 925 926
f 924 926 923
f 923 926 927
f 923 927 922
f 922 927 928
f 922 928 921
f 921 928 929
f 921 929 920
f 920 929 930
f 920 930 919
f 919 930 931
f 919 931 918
f 918 931 932
f 918 932 917
f 917 932 933
f 917 933 916
f 916 933 934
f 938 954 937
f 937 954 945
f 937 945 946
f 954 938 953
f 953 938 939
f 953 939 952
f 952 939 940
f 952 940 951
f 951 940 941
f 951 941 950
f 950 941 949
f 949 941 942
f 949 942 948
f 948 942 943
f 948 943 947
f 947 943 944
f 947 944 946
f 946 944 937
f 956 972 955
f 955 972 963
f 955 963 964
f 972 956 971
f 971 956 957
f 971 957 970
f 970 957 958
f 970 958 969
f 969 958 959
f 969 959 968
f 968 959 967
f 967 959 960
f 967 960 966
f 966 960 961
f 966 961 965
f 965 961 962
f 965 962 964
f 964 962 955
f 974 988 973
f 973 988 990
f 989 981 980
f 980 981 982
f 980 982 983
f 974 975 988
f 988 975 987
f 987 975 976
f 987 976 986
f 986 976 977
f 986 977 985
f 985 977 978
f 985 978 984
f 984 978 979
f 984 979 983
f 983 979 980
f 992 1008 991
f 991 1008 999
f 991 999 1000
f 1008 992 1007
f 1007 992 993
f 1007 993 1006
f 1006 993 994
f 1006 994 1005
f 1005 994 995
f 1005 995 1004
f 1004 995 1003
f 1003 995 996
f 1003 996 1002
f 1002 996 997
f 1002 997 1001
f 1001 997 998
f 1001 998 1000
f 1000 998 991
f 1010 1028 1009
f 1009 1028 1029
f 1030 1019 1018
f 1018 1019 1020
f 1018 1020 1017
f 1017 1020 1021
f 1017 1021 1016
f 1016 1021 1022
f 1016 1022 1015
f 1015 1022 1023
f 1015 1023 1014
f 1014 1023 1024
f 1014 1024 1013
f 1013 1024 1025
f 1013 1025 1012
f 1012 1025 1026
f 1012 1026 1011
f 1011 1026 1027
f 1011 1027 1010
f 1010 1027 1028
f 1032 1048 1031
f 1031 1048 1039
f 1031 1039 1040
f 1048 1032 1047
f 1047 1032 1033
f 1047 1033 1046
f 1046 1033 1034
f 1046 1034 1045
f 1045 1034 1035
f 1045 1035 1044
f 1044 1035 1043
f 1043 1035 1036
f 1043 1036 1042
f 1042 1036 1037
f 1042 1037 1041
f 1041 1037 1038
f 1041 1038 1040
f 1040 1038 1031
f 1050 1064 1049
f 1049 1064 1066
f 1065 1057 1056
f 1056 1057 1058
f 1056 1058 1059
f 1050 1051 1064
f 1064 1051 1063
f 1063 1051 1052
f 1063 1052 1062
f 1062 1052 1053
f 1062 1053 1061
f 1061 1053 1054
f 1061 1054 1060
f 1060 1054 1055
f 1060 1055 1059
f 1059 1055 1056
f 1068 1084 1067
f 1067 1084 1075
f 1067 1075 1076
f 1084 1068 1083
f 1083 1068 1069
f 1083 1069 1082
f 1082 1069 1070
f 1082 1070 1081
f 1081 1070 1071
f 1081 1071 1080
f 1080 1071 1079
f 1079 1071 1072
f 1079 1072 1078
f 1078 1072 1073
f 1078 1073 1077
f 1077 1073 1074
f 1077 1074 1076
f 1076 1074 1067
f 1086 1102 1085
f 1085 1102 1093
f 1085 1093 1094
f 1102 1086 1101
f 1101 1086 1087
f 1101 1087 1100
f 1100 1087 1088
f 1100 1088 1099
f 1099 1088 1089
f 1099 1089 1098
f 1098 1089 1097
f 1097 1089 1090
f 1097 1090 1096
f 1096 1090 1091
f 1096 1091 1095
f 1095 1091 1092
f 1095 1092 1094
f 1094 1092 1085
f 1104 1118 1103
f 1103 1118 1120
f 1119 1111 1110
f 1110 1111 1112
f 1110 1112 1109
f 1109 1112 1113
f 1109 1113 1108
f 1108 1113 1114
f 1108 1114 1107
f 1107 1114 1115
f 1107 1115 1106
f 1106 1115 1116
f 1106 1116 1105
f 1105 1116 1117
f 1105 1117 1104
f 1104 1117 1118
f 1122 1140 1121
f 1121 1140 1141
f 1142 1131 1130
f 1130 1131 1132
f 1130 1132 1129
f 1129 1132 1133
f 1129 1133 1128
f 1128 1133 1134
f 1128 1134 1127
f 1127 1134 1135
f 1127 1135 1126
f 1126 1135 1136
f 1126 1136 1125
f 1125 1136 1137
f 1125 1137 1124
f 1124 1137 1138
f 1124 1138 1123
f 1123 1138 1139
f 1123 1139 1122
f 1122 1139 1140
f 1144 1162 1143
f 1143 1162 1163
f 1164 1153 1152
f 1152 1153 1154
f 1152 1154 1151
f 1151 1154 1155
f 1151 1155 1150
f 1150 1155 1156
f 1150 1156 1149
f 1149 1156 1157
f 1149 1157 1148
f 1148 1157 1158
f 1148 1158 1147
f 1147 1158 1159
f 1147 1159 1146
f 1146 1159 1160
f 1146 1160 1145
f 1145 1160 1161
f 1145 1161 1144
f 1144 1161 1162
f 1166 1180 1165
f 1165 1180 1181
f 1182 1173 1172
f 1172 1173 1174
f 1172 1174 1175
f 1166 1167 1180
f 1180 1167 1179
f 1179 1167 1168
f 1179 1168 1178
f 1178 1168 1169
f 1178 1169 1177
f 1177 1169 1170
f 1177 1170 1176
f 1176 1170 1171
f 1176 1171 1175
f 1175 1171 1172
f 1192 1183 1193
f 1193 1183 1184
f 1193 1184 1200
f 1200 1184 1185
f 1200 1185 1199
f 1199 1185 1186
f 1199 1186 1198
f 1198 1186 1187
f 1198 1187 1197
f 1197 1187 1188
f 1197 1188 1189
f 1197 1189 1196
f 1196 1189 1190
f 1196 1190 1195
f 1195 1190 1191
f 1195 1191 1194
f 1194 1191 1192
f 1194 1192 1193
f 1202 1215 1201
f 1201 1215 1216
f 1201 1216 1206
f 1206 1216 1207
f 1206 1207 1208
f 1203 1213 1202
f 1202 1213 1214
f 1202 1214 1215
f 1204 1211 1203
f 1203 1211 1212
f 1203 1212 1213
f 1211 1204 1210
f 1210 1204 1205
f 1210 1205 1209
f 1209 1205 1208
f 1208 1205 1206
f 1218 1220 1217
f 1217 1220 1221
f 1217 1221 1224
f 1224 1221 1222
f 1224 1222 1223
f 1218 1219 1220
f 1225 1226 1228
f 1228 1226 1227
f 1229 1230 1232
f 1232 1230 1231
f 1233 1234 1236
f 1236 1234 1235
f 1238 1240 1237
f 1237 1240 1241
f 1237 1241 1242
f 1238 1239 1240
f 1243 1244 1246
f 1246 1244 1245
f 1247 1248 1250
f 1250 1248 1249
f 1251 1252 1254
f 1254 1252 1253
f 1255 1256 1258
f 1258 1256 1257
f 1259 1260 1262
f 1262 1260 1261
f 1263 1264 1266
f 1266 1264 1265
f 1267 1268 1270
f 1270 1268 1269
f 1271 1272 1274
f 1274 1272 1273
f 1282 1275 1287
f 1287 1275 1276
f 1287 1276 1286
f 1286 1276 1277
f 1286 1277 1285
f 1285 1277 1278
f 1285 1278 1284
f 1284 1278 1279
f 1284 1279 1280
f 1284 1280 1283
f 1283 1280 1281
f 1283 1281 1288
f 1288 1281 1282
f 1288 1282 1287
f 1296 1289 1300
f 1300 1289 1290
f 1300 1290 1299
f 1299 1290 1291
f 1299 1291 1298
f 1298 1291 1292
f 1298 1292 1297
f 1297 1292 1293
f 1297 1293 1294
f 1297 1294 1302
f 1302 1294 1295
f 1302 1295 1301
f 1301 1295 1296
f 1301 1296 1300
f 1303 1304 1306
f 1306 1304 1305
f 1308 1322 1307
f 1307 1322 1324
f 1323 1315 1314
f 1314 1315 1316
f 1314 1316 1317
f 1308 1309 1322
f 1322 1309 1321
f 1321 1309 1310
f 1321 1310 1320
f 1320 1310 1311
f 1320 1311 1319
f 1319 1311 1312
f 1319 1312 1318
f 1318 1312 1313
f 1318 1313 1317
f 1317 1313 1314
f 1326 1345 1325
f 1325 1345 1333
f 1325 1333 1334
f 1345 1326 1344
f 1344 1326 1327
f 1344 1327 1343
f 1343 1327 1342
f 1342 1327 1328
f 1342 1328 1341
f 1341 1328 1340
f 1340 1328 1329
f 1340 1329 1339
f 1339 1329 1330
f 1339 1330 1338
f 1338 1330 1337
f 1337 1330 1331
f 1337 1331 1336
f 1336 1331 1335
f 1335 1331 1332
f 1335 1332 1334
f 1334 1332 1325
f 1347 1366 1346
f 1346 1366 1354
f 1346 1354 1355
f 1366 1347 1365
f 1365 1347 1348
f 1365 1348 1364
f 1364 1348 1363
f 1363 1348 1349
f 1363 1349 1362
f 1362 1349 1361
f 1361 1349 1350
f 1361 1350 1360
f 1360 1350 1351
f 1360 1351 1359
f 1359 1351 1358
f 1358 1351 1352
f 1358 1352 1357
f 1357 1352 1356
f 1356 1352 1353
f 1356 1353 1355
f 1355 1353 1346
f 1368 1382 1367
f 1367 1382 1384
f 1383 1375 1374
f 1374 1375 1376
f 1374 1376 1377
f 1368 1369 1382
f 1382 1369 1381
f 1381 1369 1370
f 1381 1370 1380
f 1380 1370 1371
f 1380 1371 1379
f 1379 1371 1372
f 1379 1372 1378
f 1378 1372 1373
f 1378 1373 1377
f 1377 1373 1374
f 1386 1410 1385
f 1385 1410 1411
f 1412 1398 1397
f 1397 1398 1399
f 1397 1399 1396
f 1396 1399 1400
f 1396 1400 1395
f 1395 1400 1401
f 1395 1401 1394
f 1394 1401 1402
f 1394 1402 1393
f 1393 1402 1403
f 1393 1403 1392
f 1392 1403 1404
f 1392 1404 1391
f 1391 1404 1405
f 1391 1405 1390
f 1390 1405 1406
f 1390 1406 1389
f 1389 1406 1407
f 1389 1407 1388
f 1388 1407 1408
f 1388 1408 1387
f 1387 1408 1409
f 1387 1409 1386
f 1386 1409 1410
f 1414 1428 1413
f 1413 1428 1430
f 1429 1421 1420
f 1420 1421 1422
f 1420 1422 1423
f 1414 1415 1428
f 1428 1415 1427
f 1427 1415 1416
f 1427 1416 1426
f 1426 1416 1417
f 1426 1417 1425
f 1425 1417 1418
f 1425 1418 1424
f 1424 1418 1419
f 1424 1419 1423
f 1423 1419 1420
f 1432 1451 1431
f 1431 1451 1439
f 1431 1439 1440
f 1451 1432 1450
f 1450 1432 1433
f 1450 1433 1449
f 1449 1433 1448
f 1448 1433 1434
f 1448 1434 1447
f 1447 1434 1446
f 1446 1434 1435
f 1446 1435 1445
f 1445 1435 1436
f 1445 1436 1444
f 1444 1436 1443
f 1443 1436 1437
f 1443 1437 1442
f 1442 1437 1441
f 1441 1437 1438
f 1441 1438 1440
f 1440 1438 1431
f 1453 1472 1452
f 1452 1472 1460
f 1452 1460 1461
f 1472 1453 1471
f 1471 1453 1454
f 1471 1454 1470
f 1470 1454 1469
f 1469 1454 1455
f 1469 1455 1468
f 1468 1455 1467
f 1467 1455 1456
f 1467 1456 1466
f 1466 1456 1457
f 1466 1457 1465
f 1465 1457 1464
f 1464 1457 1458
f 1464 1458 1463
f 1463 1458 1462
f 1462 1458 1459
f 1462 1459 1461
f 1461 1459 1452
f 1474 1498 1473
f 1473 1498 1499
f 1500 1486 1485
f 1485 1486 1487
f 1485 1487 1484
f 1484 1487 1488
f 1484 1488 1483
f 1483 1488 1489
f 1483 1489 1482
f 1482 1489 1490
f 1482 1490 1481
f 1481 1490 1491
f 1481 1491 1480
f 1480 1491 1492
f 1480 1492 1479
f 1479 1492 1493
f 1479 1493 1478
f 1478 1493 1494
f 1478 1494 1477
f 1477 1494 1495
f 1477 1495 1476
f 1476 1495 1496
f 1476 1496 1475
f 1475 1496 1497
f 1475 1497 1474
f 1474 1497 1498
f 1502 1518 1501
f 1501 1518 1509
f 1501 1509 1510
f 1518 1502 1517
f 1517 1502 1503
f 1517 1503 1516
f 1516 1503 1504
f 1516 1504 1515
f 1515 1504 1505
f 1515 1505 1514
f 1514 1505 1513
f 1513 1505 1506
f 1513 1506 1512
f 1512 1506 1507
f 1512 1507 1511
f 1511 1507 1508
f 1511 1508 1510
f 1510 1508 1501
f 1520 1536 1519
f 1519 1536 1527
f 1519 1527 1528
f 1536 1520 1535
f 1535 1520 1521
f 1535 1521 1534
f 1534 1521 1522
f 1534 1522 1533
f 1533 1522 1523
f 1533 1523 1532
f 1532 1523 1531
f 1531 1523 1524
f 1531 1524 1530
f 1530 1524 1525
f 1530 1525 1529
f 1529 1525 1526
f 1529 1526 1528
f 1528 1526 1519
f 1538 1556 1537
f 1537 1556 1557
f 1558 1547 1546
f 1546 1547 1548
f 1546 1548 1545
f 1545 1548 1549
f 1545 1549 1544
f 1544 1549 1550
f 1544 1550 1543
f 1543 1550 1551
f 1543 1551 1542
f 1542 1551 1552
f 1542 1552 1541
f 1541 1552 1553
f 1541 1553 1540
f 1540 1553 1554
f 1540 1554 1539
f 1539 1554 1555
f 1539 1555 1538
f 1538 1555 1556
f 1560 1574 1559
f 1559 1574 1576
f 1575 1567 1566
f 1566 1567 1568
f 1566 1568 1569
f 1560 1561 1574
f 1574 1561 1573
f 1573 1561 1562
f 1573 1562 1572
f 1572 1562 1563
f 1572 1563 1571
f 1571 1563 1564
f 1571 1564 1570
f 1570 1564 1565
f 1570 1565 1569
f 1569 1565 1566
f 1578 1594 1577
f 1577 1594 1585
f 1577 1585 1586
f 1594 1578 1593
f 1593 1578 1579
f 1593 1579 1592
f 1592 1579 1580
f 1592 1580 1591
f 1591 1580 1581
f 1591 1581 1590
f 1590 1581 1589
f 1589 1581 1582
f 1589 1582 1588
f 1588 1582 1583
f 1588 1583 1587
f 1587 1583 1584
f 1587 1584 1586
f 1586 1584 1577
f 1596 1610 1595
f 1595 1610 1612
f 1611 1603 1602
f 1602 1603 1604
f 1602 1604 1605
f 1596 1597 1610
f 1610 1597 1609
f 1609 1597 1598
f 1609 1598 1608
f 1608 1598 1599
f 1608 1599 1607
f 1607 1599 1600
f 1607 1600 1606
f 1606 1600 1601
f 1606 1601 1605
f 1605 1601 1602
f 1614 1630 1613
f 1613 1630 1621
f 1613 1621 1622
f 1630 1614 1629
f 1629 1614 1615
f 1629 1615 1628
f 1628 1615 1616
f 1628 1616 1627
f 1627 1616 1617
f 1627 1617 1626
f 1626 1617 1625
f 1625 1617 1618
f 1625 1618 1624
f 1624 1618 1619
f 1624 1619 1623
f 1623 1619 1620
f 1623 1620 1622
f 1622 1620 1613
f 1632 1650 1631
f 1631 1650 1651
f 1652 1641 1640
f 1640 1641 1642
f 1640 1642 1639
f 1639 1642 1643
f 1639 1643 1638
f 1638 1643 1644
f 1638 1644 1637
f 1637 1644 1645
f 1637 1645 1636
f 1636 1645 1646
f 1636 1646 1635
f 1635 1646 1647
f 1635 1647 1634
f 1634 1647 1648
f 1634 1648 1633
f 1633 1648 1649
f 1633 1649 1632
f 1632 1649 1650
f 1654 1668 1653
f 1653 1668 1670
f 1669 1661 1660
f 1660 1661 1662
f 1660 1662 1663
f 1654 1655 1668
f 1668 1655 1667
f 1667 1655 1656
f 1667 1656 1666
f 1666 1656 1657
f 1666 1657 1665
f 1665 1657 1658
f 1665 1658 1664
f 1664 1658 1659
f 1664 1659 1663
f 1663 1659 1660
f 1672 1688 1671
f 1671 1688 1679
f 1671 1679 1680
f 1688 1672 1687
f 1687 1672 1673
f 1687 1673 1686
f 1686 1673 1674
f 1686 1674 1685
f 1685 1674 1675
f 1685 1675 1684
f 1684 1675 1683
f 1683 1675 1676
f 1683 1676 1682
f 1682 1676 1677
f 1682 1677 1681
f 1681 1677 1678
f 1681 1678 1680
f 1680 1678 1671
f 1690 1706 1689
f 1689 1706 1697
f 1689 1697 1698
f 1706 1690 1705
f 1705 1690 1691
f 1705 1691 1704
f 1704 1691 1692
f 1704 1692 1703
f 1703 1692 1693
f 1703 1693 1702
f 1702 1693 1701
f 1701 1693 1694
f 1701 1694 1700
f 1700 1694 1695
f 1700 1695 1699
f 1699 1695 1696
f 1699 1696 1698
f 1698 1696 1689
f 1708 1726 1707
f 1707 1726 1727
f 1728 1717 1716
f 1716 1717 1718
f 1716 1718 1715
f 1715 1718 1719
f 1715 1719 1714
f 1714 1719 1720
f 1714 1720 1713
f 1713 1720 1721
f 1713 1721 1712
f 1712 1721 1722
f 1712 1722 1711
f 1711 1722 1723
f 1711 1723 1710
f 1710 1723 1724
f 1710 1724 1709
f 1709 1724 1725
f 1709 1725 1708
f 1708 1725 1726
f 1730 1746 1729
f 1729 1746 1737
f 1729 1737 1738
f 1746 1730 1745
f 1745 1730 1731
f 1745 1731 1744
f 1744 1731 1732
f 1744 1732 1743
f 1743 1732 1733
f 1743 1733 1742
f 1742 1733 1741
f 1741 1733 1734
f 1741 1734 1740
f 1740 1734 1735
f 1740 1735 1739
f 1739 1735 1736
f 1739 1736 1738
f 1738 1736 1729
f 1748 1766 1747
f 1747 1766 1767
f 1768 1757 1756
f 1756 1757 1758
f 1756 1758 1755
f 1755 1758 1759
f 1755 1759 1754
f 1754 1759 1760
f 1754 1760 1753
f 1753 1760 1761
f 1753 1761 1752
f 1752 1761 1762
f 1752 1762 1751
f 1751 1762 1763
f 1751 1763 1750
f 1750 1763 1764
f 1750 1764 1749
f 1749 1764 1765
f 1749 1765 1748
f 1748 1765 1766
f 1770 1786 1769
f 1769 1786 1777
f 1769 1777 1778
f 1786 1770 1785
f 1785 1770 1771
f 1785 1771 1784
f 1784 1771 1772
f 1784 1772 1783
f 1783 1772 1773
f 1783 1773 1782
f 1782 1773 1781
f 1781 1773 1774
f 1781 1774 1780
f 1780 1774 1775
f 1780 1775 1779
f 1779 1775 1776
f 1779 1776 1778
f 1778 1776 1769
f 1788 1802 1787
f 1787 1802 1804
f 1803 1795 1794
f 1794 1795 1796
f 1794 1796 1793
f 1793 1796 1797
f 1793 1797 1792
f 1792 1797 1798
f 1792 1798 1791
f 1791 1798 1799
f 1791 1799 1790
f 1790 1799 1800
f 1790 1800 1789
f 1789 1800 1801
f 1789 1801 1788
f 1788 1801 1802
f 1806 1808 1805
f 1805 1808 1809
f 1805 1809 1812
f 1812 1809 1810
f 1812 1810 1811
f 1806 1807 1808
f 1813 1814 1816
f 1816 1814 1815
f 1818 1832 1817
f 1817 1832 1833
f 1834 1825 1824
f 1824 1825 1826
f 1824 1826 1827
f 1818 1819 1832
f 1832 1819 1831
f 1831 1819 1820
f 1831 1820 1830
f 1830 1820 1821
f 1830 1821 1829
f 1829 1821 1822
f 1829 1822 1828
f 1828 1822 1823
f 1828 1823 1827
f 1827 1823 1824
f 1844 1835 1845
f 1845 1835 1836
f 1845 1836 1852
f 1852 1836 1837
f 1852 1837 1851
f 1851 1837 1838
f 1851 1838 1850
f 1850 1838 1839
f 1850 1839 1849
f 1849 1839 1840
f 1849 1840 1841
f 1849 1841 1848
f 1848 1841 1842
f 1848 1842 1847
f 1847 1842 1843
f 1847 1843 1846
f 1846 1843 1844
f 1846 1844 1845
f 1854 1872 1853
f 1853 1872 1873
f 1874 1863 1862
f 1862 1863 1864
f 1862 1864 1861
f 1861 1864 1865
f 1861 1865 1860
f 1860 1865 1866
f 1860 1866 1859
f 1859 1866 1867
f 1859 1867 1858
f 1858 1867 1868
f 1858 1868 1857
f 1857 1868 1869
f 1857 1869 1856
f 1856 1869 1870
f 1856 1870 1855
f 1855 1870 1871
f 1855 1871 1854
f 1854 1871 1872
f 1876 1889 1875
f 1875 1889 1890
f 1875 1890 1880
f 1880 1890 1881
f 1880 1881 1882
f 1877 1887 1876
f 1876 1887 1888
f 1876 1888 1889
f 1878 1885 1877
f 1877 1885 1886
f 1877 1886 1887
f 1885 1878 1884
f 1884 1878 1879
f 1884 1879 1883
f 1883 1879 1882
f 1882 1879 1880
f 1891 1892 1894
f 1894 1892 1893
f 1895 1896 1898
f 1898 1896 1897
f 1899 1900 1902
f 1902 1900 1901
f 1903 1904 1906
f 1906 1904 1905
f 1907 1908 1910
f 1910 1908 1909
f 1912 1914 1911
f 1911 1914 1915
f 1911 1915 1916
f 1912 1913 1914
f 1924 1917 1929
f 1929 1917 1918
f 1929 1918 1928
f 1928 1918 1919
f 1928 1919 1927
f 1927 1919 1920
f 1927 1920 1926
f 1926 1920 1921
f 1926 1921 1922
f 1926 1922 1925
f 1925 1922 1923
f 1925 1923 1930
f 1930 1923 1924
f 1930 1924 1929
f 1931 1932 1934
f 1934 1932 1933
f 1935 1936 1938
f 1938 1936 1937
f 1939 1940 1942
f 1942 1940 1941
f 1943 1944 1946
f 1946 1944 1945
f 1947 1948 1950
f 1950 1948 1949
f 1958 1951 1962
f 1962 1951 1952
f 1962 1952 1961
f 1961 1952 1953
f 1961 1953 1960
f 1960 1953 1954
f 1960 1954 1959
f 1959 1954 1955
f 1959 1955 1956
f 1959 1956 1964
f 1964 1956 1957
f 1964 1957 1963
f 1963 1957 1958
f 1963 1958 1962
f 1965 1966 1968
f 1968 1966 1967
f 1970 1984 1969
f 1969 1984 1986
f 1985 1977 1976
f 1976 1977 1978
f 1976 1978 1979
f 1970 1971 1984
f 1984 1971 1983
f 1983 1971 1972
f 1983 1972 1982
f 1982 1972 1973
f 1982 1973 1981
f 1981 1973 1974
f 1981 1974 1980
f 1980 1974 1975
f 1980 1975 1979
f 1979 1975 1976
f 1988 2002 1987
f 1987 2002 2004
f 2003 1995 1994
f 1994 1995 1996
f 1994 1996 1997
f 1988 1989 2002
f 2002 1989 2001
f 2001 1989 1990
f 2001 1990 2000
f 2000 1990 1991
f 2000 1991 1999
f 1999 1991 1992
f 1999 1992 1998
f 1998 1992 1993
f 1998 1993 1997
f 1997 1993 1994
f 2006 2025 2005
f 2005 2025 2013
f 2005 2013 2014
f 2025 2006 2024
f 2024 2006 2007
f 2024 2007 2023
f 2023 2007 2022
f 2022 2007 2008
f 2022 2008 2021
f 2021 2008 2020
f 2020 2008 2009
f 2020 2009 2019
f 2019 2009 2010
f 2019 2010 2018
f 2018 2010 2017
f 2017 2010 2011
f 2017 2011 2016
f 2016 2011 2015
f 2015 2011 2012
f 2015 2012 2014
f 2014 2012 2005
f 2027 2046 2026
f 2026 2046 2034
f 2026 2034 2035
f 2046 2027 2045
f 2045 2027 2028
f 2045 2028 2044
f 2044 2028 2043
f 2043 2028 2029
f 2043 2029 2042
f 2042 2029 2041
f 2041 2029 2030
f 2041 2030 2040
f 2040 2030 2031
f 2040 2031 2039
f 2039 2031 2038
f 2038 2031 2032
f 2038 2032 2037
f 2037 2032 2036
f 2036 2032 2033
f 2036 2033 2035
f 2035 2033 2026
f 2048 2072 2047
f 2047 2072 2073
f 2074 2060 2059
f 2059 2060 2061
f 2059 2061 2058
f 2058 2061 2062
f 2058 2062 2057
f 2057 2062 2063
f 2057 2063 2056
f 2056 2063 2064
f 2056 2064 2055
f 2055 2064 2065
f 2055 2065 2054
f 2054 2065 2066
f 2054 2066 2053
f 2053 2066 2067
f 2053 2067 2052
f 2052 2067 2068
f 2052 2068 2051
f 2051 2068 2069
f 2051 2069 2050
f 2050 2069 2070
f 2050 2070 2049
f 2049 2070 2071
f 2049 2071 2048
f 2048 2071 2072
f 2076 2090 2075
f 2075 2090 2092
f 2091 2083 2082
f 2082 2083 2084
f 2082 2084 2085
f 2076 2077 2090
f 2090 2077 2089
f 2089 2077 2078
f 2089 2078 2088
f 2088 2078 2079
f 2088 2079 2087
f 2087 2079 2080
f 2087 2080 2086
f 2086 2080 2081
f 2086 2081 2085
f 2085 2081 2082
f 2094 2113 2093
f 2093 2113 2101
f 2093 2101 2102
f 2113 2094 2112
f 2112 2094 2095
f 2112 2095 2111
f 2111 2095 2110
f 2110 2095 2096
f 2110 2096 2109
f 2109 2096 2108
f 2108 2096 2097
f 2108 2097 2107
f 2107 2097 2098
f 2107 2098 2106
f 2106 2098 2105
f 2105 2098 2099
f 2105 2099 2104
f 2104 2099 2103
f 2103 2099 2100
f 2103 2100 2102
f 2102 2100 2093
f 2115 2134 2114
f 2114 2134 2122
f 2114 2122 2123
f 2134 2115 2133
f 2133 2115 2116
f 2133 2116 2132
f 2132 2116 2131
f 2131 2116 2117
f 2131 2117 2130
f 2130 2117 2129
f 2129 2117 2118
f 2129 2118 2128
f 2128 2118 2119
f 2128 2119 2127
f 2127 2119 2126
f 2126 2119 2120
f 2126 2120 2125
f 2125 2120 2124
f 2124 2120 2121
f 2124 2121 2123
f 2123 2121 2114
f 2136 2160 2135
f 2135 2160 2161
f 2162 2148 2147
f 2147 2148 2149
f 2147 2149 2146
f 2146 2149 2150
f 2146 2150 2145
f 2145 2150 2151
f 2145 2151 2144
f 2144 2151 2152
f 2144 2152 2143
f 2143 2152 2153
f 2143 2153 2142
f 2142 2153 2154
f 2142 2154 2141
f 2141 2154 2155
f 2141 2155 2140
f 2140 2155 2156
f 2140 2156 2139
f 2139 2156 2157
f 2139 2157 2138
f 2138 2157 2158
f 2138 2158 2137
f 2137 2158 2159
f 2137 2159 2136
f 2136 2159 2160
f 2164 2180 2163
f 2163 2180 2171
f 2163 2171 2172
f 2180 2164 2179
f 2179 2164 2165
f 2179 2165 2178
f 2178 2165 2166
f 2178 2166 2177
f 2177 2166 2167
f 2177 2167 2176
f 2176 2167 2175
f 2175 2167 2168
f 2175 2168 2174
f 2174 2168 2169
f 2174 2169 2173
f 2173 2169 2170
f 2173 2170 2172
f 2172 2170 2163
f 2182 2200 2181
f 2181 2200 2201
f 2202 2191 2190
f 2190 2191 2192
f 2190 2192 2189
f 2189 2192 2193
f 2189 2193 2188
f 2188 2193 2194
f 2188 2194 2187
f 2187 2194 2195
f 2187 2195 2186
f 2186 2195 2196
f 2186 2196 2185
f 2185 2196 2197
f 2185 2197 2184
f 2184 2197 2198
f 2184 2198 2183
f 2183 2198 2199
f 2183 2199 2182
f 2182 2199 2200
f 2204 2218 2203
f 2203 2218 2220
f 2219 2211 2210
f 2210 2211 2212
f 2210 2212 2213
f 2204 2205 2218
f 2218 2205 2217
f 2217 2205 2206
f 2217 2206 2216
f 2216 2206 2207
f 2216 2207 2215
f 2215 2207 2208
f 2215 2208 2214
f 2214 2208 2209
f 2214 2209 2213
f 2213 2209 2210
f 2222 2238 2221
f 2221 2238 2229
f 2221 2229 2230
f 2238 2222 2237
f 2237 2222 2223
f 2237 2223 2236
f 2236 2223 2224
f 2236 2224 2235
f 2235 2224 2225
f 2235 2225 2234
f 2234 2225 2233
f 2233 2225 2226
f 2233 2226 2232
f 2232 2226 2227
f 2232 2227 2231
f 2231 2227 2228
f 2231 2228 2230
f 2230 2228 2221
f 2240 2256 2239
f 2239 2256 2247
f 2239 2247 2248
f 2256 2240 2255
f 2255 2240 2241
f 2255 2241 2254
f 2254 2241 2242
f 2254 2242 2253
f 2253 2242 2243
f 2253 2243 2252
f 2252 2243 2251
f 2251 2243 2244
f 2251 2244 2250
f 2250 2244 2245
f 2250 2245 2249
f 2249 2245 2246
f 2249 2246 2248
f 2248 2246 2239
f 2258 2274 2257
f 2257 2274 2265
f 2257 2265 2266
f 2274 2258 2273
f 2273 2258 2259
f 2273 2259 2272
f 2272 2259 2260
f 2272 2260 2271
f 2271 2260 2261
f 2271 2261 2270
f 2270 2261 2269
f 2269 2261 2262
f 2269 2262 2268
f 2268 2262 2263
f 2268 2263 2267
f 2267 2263 2264
f 2267 2264 2266
f 2266 2264 2257
f 2276 2294 2275
f 2275 2294 2295
f 2296 2285 2284
f 2284 2285 2286
f 2284 2286 2283
f 2283 2286 2287
f 2283 2287 2282
f 2282 2287 2288
f 2282 2288 2281
f 2281 2288 2289
f 2281 2289 2280
f 2280 2289 2290
f 2280 2290 2279
f 2279 2290 2291
f 2279 2291 2278
f 2278 2291 2292
f 2278 2292 2277
f 2277 2292 2293
f 2277 2293 2276
f 2276 2293 2294
f 2298 2312 2297
f 2297 2312 2314
f 2313 2305 2304
f 2304 2305 2306
f 2304 2306 2307
f 2298 2299 2312
f 2312 2299 2311
f 2311 2299 2300
f 2311 2300 2310
f 2310 2300 2301
f 2310 2301 2309
f 2309 2301 2302
f 2309 2302 2308
f 2308 2302 2303
f 2308 2303 2307
f 2307 2303 2304
f 2316 2330 2315
f 2315 2330 2332
f 2331 2323 2322
f 2322 2323 2324
f 2322 2324 2325
f 2316 2317 2330
f 2330 2317 2329
f 2329 2317 2318
f 2329 2318 2328
f 2328 2318 2319
f 2328 2319 2327
f 2327 2319 2320
f 2327 2320 2326
f 2326 2320 2321
f 2326 2321 2325
f 2325 2321 2322
f 2334 2350 2333
f 2333 2350 2341
f 2333 2341 2342
f 2350 2334 2349
f 2349 2334 2335
f 2349 2335 2348
f 2348 2335 2336
f 2348 2336 2347
f 2347 2336 2337
f 2347 2337 2346
f 2346 2337 2345
f 2345 2337 2338
f 2345 2338 2344
f 2344 2338 2339
f 2344 2339 2343
f 2343 2339 2340
f 2343 2340 2342
f 2342 2340 2333
f 2352 2368 2351
f 2351 2368 2359
f 2351 2359 2360
f 2368 2352 2367
f 2367 2352 2353
f 2367 2353 2366
f 2366 2353 2354
f 2366 2354 2365
f 2365 2354 2355
f 2365 2355 2364
f 2364 2355 2363
f 2363 2355 2356
f 2363 2356 2362
f 2362 2356 2357
f 2362 2357 2361
f 2361 2357 2358
f 2361 2358 2360
f 2360 2358 2351
f 2370 2388 2369
f 2369 2388 2389
f 2390 2379 2378
f 2378 2379 2380
f 2378 2380 2377
f 2377 2380 2381
f 2377 2381 2376
f 2376 2381 2382
f 2376 2382 2375
f 2375 2382 2383
f 2375 2383 2374
f 2374 2383 2384
f 2374 2384 2373
f 2373 2384 2385
f 2373 2385 2372
f 2372 2385 2386
f 2372 2386 2371
f 2371 2386 2387
f 2371 2387 2370
f 2370 2387 2388
f 2392 2410 2391
f 2391 2410 2411
f 2412 2401 2400
f 2400 2401 2402
f 2400 2402 2399
f 2399 2402 2403
f 2399 2403 2398
f 2398 2403 2404
f 2398 2404 2397
f 2397 2404 2405
f 2397 2405 2396
f 2396 2405 2406
f 2396 2406 2395
f 2395 2406 2407
f 2395 2407 2394
f 2394 2407 2408
f 2394 2408 2393
f 2393 2408 2409
f 2393 2409 2392
f 2392 2409 2410
f 2414 2430 2413
f 2413 2430 2421
f 2413 2421 2422
f 2430 2414 2429
f 2429 2414 2415
f 2429 2415 2428
f 2428 2415 2416
f 2428 2416 2427
f 2427 2416 2417
f 2427 2417 2426
f 2426 2417 2425
f 2425 2417 2418
f 2425 2418 2424
f 2424 2418 2419
f 2424 2419 2423
f 2423 2419 2420
f 2423 2420 2422
f 2422 2420 2413
f 2432 2446 2431
f 2431 2446 2448
f 2447 2439 2438
f 2438 2439 2440
f 2438 2440 2437
f 2437 2440 2441
f 2437 2441 2436
f 2436 2441 2442
f 2436 2442 2435
f 2435 2442 2443
f 2435 2443 2434
f 2434 2443 2444
f 2434 2444 2433
f 2433 2444 2445
f 2433 2445 2432
f 2432 2445 2446
f 2450 2466 2449
f 2449 2466 2457
f 2449 2457 2458
f 2466 2450 2465
f 2465 2450 2451
f 2465 2451 2464
f 2464 2451 2452
f 2464 2452 2463
f 2463 2452 2453
f 2463 2453 2462
f 2462 2453 2461
f 2461 2453 2454
f 2461 2454 2460
f 2460 2454 2455
f 2460 2455 2459
f 2459 2455 2456
f 2459 2456 2458
f 2458 2456 2449
f 2476 2467 2477
f 2477 2467 2468
f 2477 2468 2484
f 2484 2468 2469
f 2484 2469 2483
f 2483 2469 2470
f 2483 2470 2482
f 2482 2470 2471
f 2482 2471 2481
f 2481 2471 2472
f 2481 2472 2473
f 2481 2473 2480
f 2480 2473 2474
f 2480 2474 2479
f 2479 2474 2475
f 2479 2475 2478
f 2478 2475 2476
f 2478 2476 2477
f 2486 2499 2485
f 2485 2499 2500
f 2485 2500 2490
f 2490 2500 2491
f 2490 2491 2492
f 2487 2497 2486
f 2486 2497 2498
f 2486 2498 2499
f 2488 2495 2487
f 2487 2495 2496
f 2487 2496 2497
f 2495 2488 2494
f 2494 2488 2489
f 2494 2489 2493
f 2493 2489 2492
f 2492 2489 2490
f 2501 2502 2504
f 2504 2502 2503
f 2505 2506 2508
f 2508 2506 2507
f 2510 2512 2509
f 2509 2512 2513
f 2509 2513 2514
f 2510 2511 2512
f 2515 2516 2518
f 2518 2516 2517
f 2519 2520 2522
f 2522 2520 2521
f 2523 2524 2526
f 2526 2524 2525
f 2527 2528 2530
f 2530 2528 2529
f 2532 2546 2531
f 2531 2546 2547
f 2548 2539 2538
f 2538 2539 2540
f 2538 2540 2541
f 2532 2533 2546
f 2546 2533 2545
f 2545 2533 2534
f 2545 2534 2544
f 2544 2534 2535
f 2544 2535 2543
f 2543 2535 2536
f 2543 2536 2542
f 2542 2536 2537
f 2542 2537 2541
f 2541 2537 2538
f 2550 2552 2549
f 2549 2552 2553
f 2549 2553 2556
f 2556 2553 2554
f 2556 2554 2555
f 2550 2551 2552
f 2558 2576 2557
f 2557 2576 2577
f 2578 2567 2566
f 2566 2567 2568
f 2566 2568 2565
f 2565 2568 2569
f 2565 2569 2564
f 2564 2569 2570
f 2564 2570 2563
f 2563 2570 2571
f 2563 2571 2562
f 2562 2571 2572
f 2562 2572 2561
f 2561 2572 2573
f 2561 2573 2560
f 2560 2573 2574
f 2560 2574 2559
f 2559 2574 2575
f 2559 2575 2558
f 2558 2575 2576
f 2586 2579 2590
f 2590 2579 2580
f 2590 2580 2589
f 2589 2580 2581
f 2589 2581 2588
f 2588 2581 2582
f 2588 2582 2587
f 2587 2582 2583
f 2587 2583 2584
f 2587 2584 2592
f 2592 2584 2585
f 2592 2585 2591
f 2591 2585 2586
f 2591 2586 2590
f 2600 2593 2605
f 2605 2593 2594
f 2605 2594 2604
f 2604 2594 2595
f 2604 2595 2603
f 2603 2595 2596
f 2603 2596 2602
f 2602 2596 2597
f 2602 2597 2598
f 2602 2598 2601
f 2601 2598 2599
f 2601 2599 2606
f 2606 2599 2600
f 2606 2600 2605
f 2608 2622 2607
f 2607 2622 2624
f 2623 2615 2614
f 2614 2615 2616
f 2614 2616 2617
f 2608 2609 2622
f 2622 2609 2621
f 2621 2609 2610
f 2621 2610 2620
f 2620 2610 2611
f 2620 2611 2619
f 2619 2611 2612
f 2619 2612 2618
f 2618 2612 2613
f 2618 2613 2617
f 2617 2613 2614
f 2625 2626 2628
f 2628 2626 2627
f 2629 2630 2632
f 2632 2630 2631
f 2633 2634 2636
f 2636 2634 2635
f 2637 2638 2640
f 2640 2638 2639
f 2641 2642 2644
f 2644 2642 2643
f 2645 2646 2648
f 2648 2646 2647
f 2650 2669 2649
f 2649 2669 2657
f 2649 2657 2658
f 2669 2650 2668
f 2668 2650 2651
f 2668 2651 2667
f 2667 2651 2666
f 2666 2651 2652
f 2666 2652 2665
f 2665 2652 2664
f 2664 2652 2653
f 2664 2653 2663
f 2663 2653 2654
f 2663 2654 2662
f 2662 2654 2661
f 2661 2654 2655
f 2661 2655 2660
f 2660 2655 2659
f 2659 2655 2656
f 2659 2656 2658
f 2658 2656 2649
f 2671 2695 2670
f 2670 2695 2696
f 2697 2683 2682
f 2682 2683 2684
f 2682 2684 2681
f 2681 2684 2685
f 2681 2685 2680
f 2680 2685 2686
f 2680 2686 2679
f 2679 2686 2687
f 2679 2687 2678
f 2678 2687 2688
f 2678 2688 2677
f 2677 2688 2689
f 2677 2689 2676
f 2676 2689 2690
f 2676 2690 2675
f 2675 2690 2691
f 2675 2691 2674
f 2674 2691 2692
f 2674 2692 2673
f 2673 2692 2693
f 2673 2693 2672
f 2672 2693 2694
f 2672 2694 2671
f 2671 2694 2695
f 2699 2713 2698
f 2698 2713 2715
f 2714 2706 2705
f 2705 2706 2707
f 2705 2707 2708
f 2699 2700 2713
f 2713 2700 2712
f 2712 2700 2701
f 2712 2701 2711
f 2711 2701 2702
f 2711 2702 2710
f 2710 2702 2703
f 2710 2703 2709
f 2709 2703 2704
f 2709 2704 2708
f 2708 2704 2705
f 2717 2736 2716
f 2716 2736 2724
f 2716 2724 2725
f 2736 2717 2735
f 2735 2717 2718
f 2735 2718 2734
f 2734 2718 2733
f 2733 2718 2719
f 2733 2719 2732
f 2732 2719 2731
f 2731 2719 2720
f 2731 2720 2730
f 2730 2720 2721
f 2730 2721 2729
f 2729 2721 2728
f 2728 2721 2722
f 2728 2722 2727
f 2727 2722 2726
f 2726 2722 2723
f 2726 2723 2725
f 2725 2723 2716
f 2738 2757 2737
f 2737 2757 2745
f 2737 2745 2746
f 2757 2738 2756
f 2756 2738 2739
f 2756 2739 2755
f 2755 2739 2754
f 2754 2739 2740
f 2754 2740 2753
f 2753 2740 2752
f 2752 2740 2741
f 2752 2741 2751
f 2751 2741 2742
f 2751 2742 2750
f 2750 2742 2749
f 2749 2742 2743
f 2749 2743 2748
f 2748 2743 2747
f 2747 2743 2744
f 2747 2744 2746
f 2746 2744 2737
f 2759 2773 2758
f 2758 2773 2775
f 2774 2766 2765
f 2765 2766 2767
f 2765 2767 2768
f 2759 2760 2773
f 2773 2760 2772
f 2772 2760 2761
f 2772 2761 2771
f 2771 2761 2762
f 2771 2762 2770
f 2770 2762 2763
f 2770 2763 2769
f 2769 2763 2764
f 2769 2764 2768
f 2768 2764 2765
f 2777 2796 2776
f 2776 2796 2784
f 2776 2784 2785
f 2796 2777 2795
f 2795 2777 2778
f 2795 2778 2794
f 2794 2778 2793
f 2793 2778 2779
f 2793 2779 2792
f 2792 2779 2791
f 2791 2779 2780
f 2791 2780 2790
f 2790 2780 2781
f 2790 2781 2789
f 2789 2781 2788
f 2788 2781 2782
f 2788 2782 2787
f 2787 2782 2786
f 2786 2782 2783
f 2786 2783 2785
f 2785 2783 2776
f 2798 2822 2797
f 2797 2822 2823
f 2824 2810 2809
f 2809 2810 2811
f 2809 2811 2808
f 2808 2811 2812
f 2808 2812 2807
f 2807 2812 2813
f 2807 2813 2806
f 2806 2813 2814
f 2806 2814 2805
f 2805 2814 2815
f 2805 2815 2804
f 2804 2815 2816
f 2804 2816 2803
f 2803 2816 2817
f 2803 2817 2802
f 2802 2817 2818
f 2802 2818 2801
f 2801 2818 2819
f 2801 2819 2800
f 2800 2819 2820
f 2800 2820 2799
f 2799 2820 2821
f 2799 2821 2798
f 2798 2821 2822
f 2826 2840 2825
f 2825 2840 2842
f 2841 2833 2832
f 2832 2833 2834
f 2832 2834 2835
f 2826 2827 2840
f 2840 2827 2839
f 2839 2827 2828
f 2839 2828 2838
f 2838 2828 2829
f 2838 2829 2837
f 2837 2829 2830
f 2837 2830 2836
f 2836 2830 2831
f 2836 2831 2835
f 2835 2831 2832
f 2844 2860 2843
f 2843 2860 2851
f 2843 2851 2852
f 2860 2844 2859
f 2859 2844 2845
f 2859 2845 2858
f 2858 2845 2846
f 2858 2846 2857
f 2857 2846 2847
f 2857 2847 2856
f 2856 2847 2855
f 2855 2847 2848
f 2855 2848 2854
f 2854 2848 2849
f 2854 2849 2853
f 2853 2849 2850
f 2853 2850 2852
f 2852 2850 2843
f 2862 2878 2861
f 2861 2878 2869
f 2861 2869 2870
f 2878 2862 2877
f 2877 2862 2863
f 2877 2863 2876
f 2876 2863 2864
f 2876 2864 2875
f 2875 2864 2865
f 2875 2865 2874
f 2874 2865 2873
f 2873 2865 2866
f 2873 2866 2872
f 2872 2866 2867
f 2872 2867 2871
f 2871 2867 2868
f 2871 2868 2870
f 2870 2868 2861
f 2880 2898 2879
f 2879 2898 2899
f 2900 2889 2888
f 2888 2889 2890
f 2888 2890 2887
f 2887 2890 2891
f 2887 2891 2886
f 2886 2891 2892
f 2886 2892 2885
f 2885 2892 2893
f 2885 2893 2884
f 2884 2893 2894
f 2884 2894 2883
f 2883 2894 2895
f 2883 2895 2882
f 2882 2895 2896
f 2882 2896 2881
f 2881 2896 2897
f 2881 2897 2880
f 2880 2897 2898
f 2902 2916 2901
f 2901 2916 2918
f 2917 2909 2908
f 2908 2909 2910
f 2908 2910 2911
f 2902 2903 2916
f 2916 2903 2915
f 2915 2903 2904
f 2915 2904 2914
f 2914 2904 2905
f 2914 2905 2913
f 2913 2905 2906
f 2913 2906 2912
f 2912 2906 2907
f 2912 2907 2911
f 2911 2907 2908
f 2920 2936 2919
f 2919 2936 2927
f 2919 2927 2928
f 2936 2920 2935
f 2935 2920 2921
f 2935 2921 2934
f 2934 2921 2922
f 2934 2922 2933
f 2933 2922 2923
f 2933 2923 2932
f 2932 2923 2931
f 2931 2923 2924
f 2931 2924 2930
f 2930 2924 2925
f 2930 2925 2929
f 2929 2925 2926
f 2929 2926 2928
f 2928 2926 2919
f 2938 2954 2937
f 2937 2954 2945
f 2937 2945 2946
f 2954 2938 2953
f 2953 2938 2939
f 2953 2939 2952
f 2952 2939 2940
f 2952 2940 2951
f 2951 2940 2941
f 2951 2941 2950
f 2950 2941 2949
f 2949 2941 2942
f 2949 2942 2948
f 2948 2942 2943
f 2948 2943 2947
f 2947 2943 2944
f 2947 2944 2946
f 2946 2944 2937
f 2956 2974 2955
f 2955 2974 2975
f 2976 2965 2964
f 2964 2965 2966
f 2964 2966 2963
f 2963 2966 2967
f 2963 2967 2962
f 2962 2967 2968
f 2962 2968 2961
f 2961 2968 2969
f 2961 2969 2960
f 2960 2969 2970
f 2960 2970 2959
f 2959 2970 2971
f 2959 2971 2958
f 2958 2971 2972
f 2958 2972 2957
f 2957 2972 2973
f 2957 2973 2956
f 2956 2973 2974
f 2978 2994 2977
f 2977 2994 2985
f 2977 2985 2986
f 2994 2978 2993
f 2993 2978 2979
f 2993 2979 2992
f 2992 2979 2980
f 2992 2980 2991
f 2991 2980 2981
f 2991 2981 2990
f 2990 2981 2989
f 2989 2981 2982
f 2989 2982 2988
f 2988 2982 2983
f 2988 2983 2987
f 2987 2983 2984
f 2987 2984 2986
f 2986 2984 2977
f 2996 3014 2995
f 2995 3014 3015
f 3016 3005 3004
f 3004 3005 3006
f 3004 3006 3003
f 3003 3006 3007
f 3003 3007 3002
f 3002 3007 3008
f 3002 3008 3001
f 3001 3008 3009
f 3001 3009 3000
f 3000 3009 3010
f 3000 3010 2999
f 2999 3010 3011
f 2999 3011 2998
f 2998 3011 3012
f 2998 3012 2997
f 2997 3012 3013
f 2997 3013 2996
f 2996 3013 3014
f 3018 3034 3017
f 3017 3034 3025
f 3017 3025 3026
f 3034 3018 3033
f 3033 3018 3019
f 3033 3019 3032
f 3032 3019 3020
f 3032 3020 3031
f 3031 3020 3021
f 3031 3021 3030
f 3030 3021 3029
f 3029 3021 3022
f 3029 3022 3028
f 3028 3022 3023
f 3028 3023 3027
f 3027 3023 3024
f 3027 3024 3026
f 3026 3024 3017
f 3036 3050 3035
f 3035 3050 3052
f 3051 3043 3042
f 3042 3043 3044
f 3042 3044 3045
f 3036 3037 3050
f 3050 3037 3049
f 3049 3037 3038
f 3049 3038 3048
f 3048 3038 3039
f 3048 3039 3047
f 3047 3039 3040
f 3047 3040 3046
f 3046 3040 3041
f 3046 3041 3045
f 3045 3041 3042
f 3054 3068 3053
f 3053 3068 3070
f 3069 3061 3060
f 3060 3061 3062
f 3060 3062 3059
f 3059 3062 3063
f 3059 3063 3058
f 3058 3063 3064
f 3058 3064 3057
f 3057 3064 3065
f 3057 3065 3056
f 3056 3065 3066
f 3056 3066 3055
f 3055 3066 3067
f 3055 3067 3054
f 3054 3067 3068
f 3072 3088 3071
f 3071 3088 3079
f 3071 3079 3080
f 3088 3072 3087
f 3087 3072 3073
f 3087 3073 3086
f 3086 3073 3074
f 3086 3074 3085
f 3085 3074 3075
f 3085 3075 3084
f 3084 3075 3083
f 3083 3075 3076
f 3083 3076 3082
f 3082 3076 3077
f 3082 3077 3081
f 3081 3077 3078
f 3081 3078 3080
f 3080 3078 3071
f 3090 3106 3089
f 3089 3106 3097
f 3089 3097 3098
f 3106 3090 3105
f 3105 3090 3091
f 3105 3091 3104
f 3104 3091 3092
f 3104 3092 3103
f 3103 3092 3093
f 3103 3093 3102
f 3102 3093 3101
f 3101 3093 3094
f 3101 3094 3100
f 3100 3094 3095
f 3100 3095 3099
f 3099 3095 3096
f 3099 3096 3098
f 3098 3096 3089
f 3108 3126 3107
f 3107 3126 3127
f 3128 3117 3116
f 3116 3117 3118
f 3116 3118 3115
f 3115 3118 3119
f 3115 3119 3114
f 3114 3119 3120
f 3114 3120 3113
f 3113 3120 3121
f 3113 3121 3112
f 3112 3121 3122
f 3112 3122 3111
f 3111 3122 3123
f 3111 3123 3110
f 3110 3123 3124
f 3110 3124 3109
f 3109 3124 3125
f 3109 3125 3108
f 3108 3125 3126
f 3130 3143 3129
f 3129 3143 3144
f 3129 3144 3134
f 3134 3144 3135
f 3134 3135 3136
f 3131 3141 3130
f 3130 3141 3142
f 3130 3142 3143
f 3132 3139 3131
f 3131 3139 3140
f 3131 3140 3141
f 3139 3132 3138
f 3138 3132 3133
f 3138 3133 3137
f 3137 3133 3136
f 3136 3133 3134
f 3146 3164 3145
f 3145 3164 3165
f 3166 3155 3154
f 3154 3155 3156
f 3154 3156 3153
f 3153 3156 3157
f 3153 3157 3152
f 3152 3157 3158
f 3152 3158 3151
f 3151 3158 3159
f 3151 3159 3150
f 3150 3159 3160
f 3150 3160 3149
f 3149 3160 3161
f 3149 3161 3148
f 3148 3161 3162
f 3148 3162 3147
f 3147 3162 3163
f 3147 3163 3146
f 3146 3163 3164
f 3167 3168 3170
f 3170 3168 3169
f 3171 3172 3174
f 3174 3172 3173
f 3175 3176 3178
f 3178 3176 3177
f 3180 3182 3179
f 3179 3182 3183
f 3179 3183 3184
f 3180 3181 3182
f 3185 3186 3188
f 3188 3186 3187
f 3189 3190 3192
f 3192 3190 3191
f 3193 3194 3196
f 3196 3194 3195
f 3206 3197 3207
f 3207 3197 3198
f 3207 3198 3214
f 3214 3198 3199
f 3214 3199 3213
f 3213 3199 3200
f 3213 3200 3212
f 3212 3200 3201
f 3212 3201 3211
f 3211 3201 3202
f 3211 3202 3203
f 3211 3203 3210
f 3210 3203 3204
f 3210 3204 3209
f 3209 3204 3205
f 3209 3205 3208
f 3208 3205 3206
f 3208 3206 3207
f 3216 3218 3215
f 3215 3218 3219
f 3215 3219 3222
f 3222 3219 3220
f 3222 3220 3221
f 3216 3217 3218
f 3224 3238 3223
f 3223 3238 3239
f 3240 3231 3230
f 3230 3231 3232
f 3230 3232 3233
f 3224 3225 3238
f 3238 3225 3237
f 3237 3225 3226
f 3237 3226 3236
f 3236 3226 3227
f 3236 3227 3235
f 3235 3227 3228
f 3235 3228 3234
f 3234 3228 3229
f 3234 3229 3233
f 3233 3229 3230
f 3242 3256 3241
f 3241 3256 3258
f 3257 3249 3248
f 3248 3249 3250
f 3248 3250 3251
f 3242 3243 3256
f 3256 3243 3255
f 3255 3243 3244
f 3255 3244 3254
f 3254 3244 3245
f 3254 3245 3253
f 3253 3245 3246
f 3253 3246 3252
f 3252 3246 3247
f 3252 3247 3251
f 3251 3247 3248
f 3259 3260 3262
f 3262 3260 3261
f 3263 3264 3266
f 3266 3264 3265
f 3267 3268 3270
f 3270 3268 3269
f 3271 3272 3274
f 3274 3272 3273
f 3282 3275 3286
f 3286 3275 3276
f 3286 3276 3285
f 3285 3276 3277
f 3285 3277 3284
f 3284 3277 3278
f 3284 3278 3283
f 3283 3278 3279
f 3283 3279 3280
f 3283 3280 3288
f 3288 3280 3281
f 3288 3281 3287
f 3287 3281 3282
f 3287 3282 3286
f 3296 3289 3301
f 3301 3289 3290
f 3301 3290 3300
f 3300 3290 3291
f 3300 3291 3299
f 3299 3291 3292
f 3299 3292 3298
f 3298 3292 3293
f 3298 3293 3294
f 3298 3294 3297
f 3297 3294 3295
f 3297 3295 3302
f 3302 3295 3296
f 3302 3296 3301
f 3303 3304 3306
f 3306 3304 3305
f 3307 3308 3310
f 3310 3308 3309
f 3312 3331 3311
f 3311 3331 3319
f 3311 3319 3320
f 3331 3312 3330
f 3330 3312 3313
f 3330 3313 3329
f 3329 3313 3328
f 3328 3313 3314
f 3328 3314 3327
f 3327 3314 3326
f 3326 3314 3315
f 3326 3315 3325
f 3325 3315 3316
f 3325 3316 3324
f 3324 3316 3323
f 3323 3316 3317
f 3323 3317 3322
f 3322 3317 3321
f 3321 3317 3318
f 3321 3318 3320
f 3320 3318 3311
f 3333 3352 3332
f 3332 3352 3340
f 3332 3340 3341
f 3352 3333 3351
f 3351 3333 3334
f 3351 3334 3350
f 3350 3334 3349
f 3349 3334 3335
f 3349 3335 3348
f 3348 3335 3347
f 3347 3335 3336
f 3347 3336 3346
f 3346 3336 3337
f 3346 3337 3345
f 3345 3337 3344
f 3344 3337 3338
f 3344 3338 3343
f 3343 3338 3342
f 3342 3338 3339
f 3342 3339 3341
f 3341 3339 3332
f 3354 3378 3353
f 3353 3378 3379
f 3380 3366 3365
f 3365 3366 3367
f 3365 3367 3364
f 3364 3367 3368
f 3364 3368 3363
f 3363 3368 3369
f 3363 3369 3362
f 3362 3369 3370
f 3362 3370 3361
f 3361 3370 3371
f 3361 3371 3360
f 3360 3371 3372
f 3360 3372 3359
f 3359 3372 3373
f 3359 3373 3358
f 3358 3373 3374
f 3358 3374 3357
f 3357 3374 3375
f 3357 3375 3356
f 3356 3375 3376
f 3356 3376 3355
f 3355 3376 3377
f 3355 3377 3354
f 3354 3377 3378
f 3382 3396 3381
f 3381 3396 3398
f 3397 3389 3388
f 3388 3389 3390
f 3388 3390 3391
f 3382 3383 3396
f 3396 3383 3395
f 3395 3383 3384
f 3395 3384 3394
f 3394 3384 3385
f 3394 3385 3393
f 3393 3385 3386
f 3393 3386 3392
f 3392 3386 3387
f 3392 3387 3391
f 3391 3387 3388
f 3400 3419 3399
f 3399 3419 3407
f 3399 3407 3408
f 3419 3400 3418
f 3418 3400 3401
f 3418 3401 3417
f 3417 3401 3416
f 3416 3401 3402
f 3416 3402 3415
f 3415 3402 3414
f 3414 3402 3403
f 3414 3403 3413
f 3413 3403 3404
f 3413 3404 3412
f 3412 3404 3411
f 3411 3404 3405
f 3411 3405 3410
f 3410 3405 3409
f 3409 3405 3406
f 3409 3406 3408
f 3408 3406 3399
f 3421 3435 3420
f 3420 3435 3437
f 3436 3428 3427
f 3427 3428 3429
f 3427 3429 3430
f 3421 3422 3435
f 3435 3422 3434
f 3434 3422 3423
f 3434 3423 3433
f 3433 3423 3424
f 3433 3424 3432
f 3432 3424 3425
f 3432 3425 3431
f 3431 3425 3426
f 3431 3426 3430
f 3430 3426 3427
f 3439 3458 3438
f 3438 3458 3446
f 3438 3446 3447
f 3458 3439 3457
f 3457 3439 3440
f 3457 3440 3456
f 3456 3440 3455
f 3455 3440 3441
f 3455 3441 3454
f 3454 3441 3453
f 3453 3441 3442
f 3453 3442 3452
f 3452 3442 3443
f 3452 3443 3451
f 3451 3443 3450
f 3450 3443 3444
f 3450 3444 3449
f 3449 3444 3448
f 3448 3444 3445
f 3448 3445 3447
f 3447 3445 3438
f 3460 3484 3459
f 3459 3484 3485
f 3486 3472 3471
f 3471 3472 3473
f 3471 3473 3470
f 3470 3473 3474
f 3470 3474 3469
f 3469 3474 3475
f 3469 3475 3468
f 3468 3475 3476
f 3468 3476 3467
f 3467 3476 3477
f 3467 3477 3466
f 3466 3477 3478
f 3466 3478 3465
f 3465 3478 3479
f 3465 3479 3464
f 3464 3479 3480
f 3464 3480 3463
f 3463 3480 3481
f 3463 3481 3462
f 3462 3481 3482
f 3462 3482 3461
f 3461 3482 3483
f 3461 3483 3460
f 3460 3483 3484
f 3488 3502 3487
f 3487 3502 3504
f 3503 3495 3494
f 3494 3495 3496
f 3494 3496 3497
f 3488 3489 3502
f 3502 3489 3501
f 3501 3489 3490
f 3501 3490 3500
f 3500 3490 3491
f 3500 3491 3499
f 3499 3491 3492
f 3499 3492 3498
f 3498 3492 3493
f 3498 3493 3497
f 3497 3493 3494
f 3506 3522 3505
f 3505 3522 3513
f 3505 3513 3514
f 3522 3506 3521
f 3521 3506 3507
f 3521 3507 3520
f 3520 3507 3508
f 3520 3508 3519
f 3519 3508 3509
f 3519 3509 3518
f 3518 3509 3517
f 3517 3509 3510
f 3517 3510 3516
f 3516 3510 3511
f 3516 3511 3515
f 3515 3511 3512
f 3515 3512 3514
f 3514 3512 3505
f 3524 3540 3523
f 3523 3540 3531
f 3523 3531 3532
f 3540 3524 3539
f 3539 3524 3525
f 3539 3525 3538
f 3538 3525 3526
f 3538 3526 3537
f 3537 3526 3527
f 3537 3527 3536
f 3536 3527 3535
f 3535 3527 3528
f 3535 3528 3534
f 3534 3528 3529
f 3534 3529 3533
f 3533 3529 3530
f 3533 3530 3532
f 3532 3530 3523
f 3542 3560 3541
f 3541 3560 3561
f 3562 3551 3550
f 3550 3551 3552
f 3550 3552 3549
f 3549 3552 3553
f 3549 3553 3548
f 3548 3553 3554
f 3548 3554 3547
f 3547 3554 3555
f 3547 3555 3546
f 3546 3555 3556
f 3546 3556 3545
f 3545 3556 3557
f 3545 3557 3544
f 3544 3557 3558
f 3544 3558 3543
f 3543 3558 3559
f 3543 3559 3542
f 3542 3559 3560
f 3564 3580 3563
f 3563 3580 3571
f 3563 3571 3572
f 3580 3564 3579
f 3579 3564 3565
f 3579 3565 3578
f 3578 3565 3566
f 3578 3566 3577
f 3577 3566 3567
f 3577 3567 3576
f 3576 3567 3575
f 3575 3567 3568
f 3575 3568 3574
f 3574 3568 3569
f 3574 3569 3573
f 3573 3569 3570
f 3573 3570 3572
f 3572 3570 3563
f 3582 3596 3581
f 3581 3596 3598
f 3597 3589 3588
f 3588 3589 3590
f 3588 3590 3591
f 3582 3583 3596
f 3596 3583 3595
f 3595 3583 3584
f 3595 3584 3594
f 3594 3584 3585
f 3594 3585 3593
f 3593 3585 3586
f 3593 3586 3592
f 3592 3586 3587
f 3592 3587 3591
f 3591 3587 3588
f 3600 3616 3599
f 3599 3616 3607
f 3599 3607 3608
f 3616 3600 3615
f 3615 3600 3601
f 3615 3601 3614
f 3614 3601 3602
f 3614 3602 3613
f 3613 3602 3603
f 3613 3603 3612
f 3612 3603 3611
f 3611 3603 3604
f 3611 3604 3610
f 3610 3604 3605
f 3610 3605 3609
f 3609 3605 3606
f 3609 3606 3608
f 3608 3606 3599
f 3618 3636 3617
f 3617 3636 3637
f 3638 3627 3626
f 3626 3627 3628
f 3626 3628 3625
f 3625 3628 3629
f 3625 3629 3624
f 3624 3629 3630
f 3624 3630 3623
f 3623 3630 3631
f 3623 3631 3622
f 3622 3631 3632
f 3622 3632 3621
f 3621 3632 3633
f 3621 3633 3620
f 3620 3633 3634
f 3620 3634 3619
f 3619 3634 3635
f 3619 3635 3618
f 3618 3635 3636
f 3640 3656 3639
f 3639 3656 3647
f 3639 3647 3648
f 3656 3640 3655
f 3655 3640 3641
f 3655 3641 3654
f 3654 3641 3642
f 3654 3642 3653
f 3653 3642 3643
f 3653 3643 3652
f 3652 3643 3651
f 3651 3643 3644
f 3651 3644 3650
f 3650 3644 3645
f 3650 3645 3649
f 3649 3645 3646
f 3649 3646 3648
f 3648 3646 3639
f 3658 3676 3657
f 3657 3676 3677
f 3678 3667 3666
f 3666 3667 3668
f 3666 3668 3665
f 3665 3668 3669
f 3665 3669 3664
f 3664 3669 3670
f 3664 3670 3663
f 3663 3670 3671
f 3663 3671 3662
f 3662 3671 3672
f 3662 3672 3661
f 3661 3672 3673
f 3661 3673 3660
f 3660 3673 3674
f 3660 3674 3659
f 3659 3674 3675
f 3659 3675 3658
f 3658 3675 3676
f 3680 3696 3679
f 3679 3696 3687
f 3679 3687 3688
f 3696 3680 3695
f 3695 3680 3681
f 3695 3681 3694
f 3694 3681 3682
f 3694 3682 3693
f 3693 3682 3683
f 3693 3683 3692
f 3692 3683 3691
f 3691 3683 3684
f 3691 3684 3690
f 3690 3684 3685
f 3690 3685 3689
f 3689 3685 3686
f 3689 3686 3688
f 3688 3686 3679
f 3698 3712 3697
f 3697 3712 3714
f 3713 3705 3704
f 3704 3705 3706
f 3704 3706 3707
f 3698 3699 3712
f 3712 3699 3711
f 3711 3699 3700
f 3711 3700 3710
f 3710 3700 3701
f 3710 3701 3709
f 3709 3701 3702
f 3709 3702 3708
f 3708 3702 3703
f 3708 3703 3707
f 3707 3703 3704
f 3716 3730 3715
f 3715 3730 3732
f 3731 3723 3722
f 3722 3723 3724
f 3722 3724 3721
f 3721 3724 3725
f 3721 3725 3720
f 3720 3725 3726
f 3720 3726 3719
f 3719 3726 3727
f 3719 3727 3718
f 3718 3727 3728
f 3718 3728 3717
f 3717 3728 3729
f 3717 3729 3716
f 3716 3729 3730
f 3734 3750 3733
f 3733 3750 3741
f 3733 3741 3742
f 3750 3734 3749
f 3749 3734 3735
f 3749 3735 3748
f 3748 3735 3736
f 3748 3736 3747
f 3747 3736 3737
f 3747 3737 3746
f 3746 3737 3745
f 3745 3737 3738
f 3745 3738 3744
f 3744 3738 3739
f 3744 3739 3743
f 3743 3739 3740
f 3743 3740 3742
f 3742 3740 3733
f 3752 3768 3751
f 3751 3768 3759
f 3751 3759 3760
f 3768 3752 3767
f 3767 3752 3753
f 3767 3753 3766
f 3766 3753 3754
f 3766 3754 3765
f 3765 3754 3755
f 3765 3755 3764
f 3764 3755 3763
f 3763 3755 3756
f 3763 3756 3762
f 3762 3756 3757
f 3762 3757 3761
f 3761 3757 3758
f 3761 3758 3760
f 3760 3758 3751
f 3770 3788 3769
f 3769 3788 3789
f 3790 3779 3778
f 3778 3779 3780
f 3778 3780 3777
f 3777 3780 3781
f 3777 3781 3776
f 3776 3781 3782
f 3776 3782 3775
f 3775 3782 3783
f 3775 3783 3774
f 3774 3783 3784
f 3774 3784 3773
f 3773 3784 3785
f 3773 3785 3772
f 3772 3785 3786
f 3772 3786 3771
f 3771 3786 3787
f 3771 3787 3770
f 3770 3787 3788
f 3791 3792 3794
f 3794 3792 3793
f 3795 3796 3798
f 3798 3796 3797
f 3799 3800 3802
f 3802 3800 3801
f 3803 3804 3806
f 3806 3804 3805
f 3808 3810 3807
f 3807 3810 3811
f 3807 3811 3812
f 3808 3809 3810
f 3813 3814 3816
f 3816 3814 3815
f 3817 3818 3820
f 3820 3818 3819
f 3822 3835 3821
f 3821 3835 3836
f 3821 3836 3826
f 3826 3836 3827
f 3826 3827 3828
f 3823 3833 3822
f 3822 3833 3834
f 3822 3834 3835
f 3824 3831 3823
f 3823 3831 3832
f 3823 3832 3833
f 3831 3824 3830
f 3830 3824 3825
f 3830 3825 3829
f 3829 3825 3828
f 3828 3825 3826
f 3846 3837 3847
f 3847 3837 3838
f 3847 3838 3854
f 3854 3838 3839
f 3854 3839 3853
f 3853 3839 3840
f 3853 3840 3852
f 3852 3840 3841
f 3852 3841 3851
f 3851 3841 3842
f 3851 3842 3843
f 3851 3843 3850
f 3850 3843 3844
f 3850 3844 3849
f 3849 3844 3845
f 3849 3845 3848
f 3848 3845 3846
f 3848 3846 3847
f 3856 3858 3855
f 3855 3858 3859
f 3855 3859 3862
f 3862 3859 3860
f 3862 3860 3861
f 3856 3857 3858
f 3864 3882 3863
f 3863 3882 3883
f 3884 3873 3872
f 3872 3873 3874
f 3872 3874 3871
f 3871 3874 3875
f 3871 3875 3870
f 3870 3875 3876
f 3870 3876 3869
f 3869 3876 3877
f 3869 3877 3868
f 3868 3877 3878
f 3868 3878 3867
f 3867 3878 3879
f 3867 3879 3866
f 3866 3879 3880
f 3866 3880 3865
f 3865 3880 3881
f 3865 3881 3864
f 3864 3881 3882
f 3886 3900 3885
f 3885 3900 3901
f 3902 3893 3892
f 3892 3893 3894
f 3892 3894 3895
f 3886 3887 3900
f 3900 3887 3899
f 3899 3887 3888
f 3899 3888 3898
f 3898 3888 3889
f 3898 3889 3897
f 3897 3889 3890
f 3897 3890 3896
f 3896 3890 3891
f 3896 3891 3895
f 3895 3891 3892
f 3904 3918 3903
f 3903 3918 3920
f 3919 3911 3910
f 3910 3911 3912
f 3910 3912 3913
f 3904 3905 3918
f 3918 3905 3917
f 3917 3905 3906
f 3917 3906 3916
f 3916 3906 3907
f 3916 3907 3915
f 3915 3907 3908
f 3915 3908 3914
f 3914 3908 3909
f 3914 3909 3913
f 3913 3909 3910
f 3921 3922 3924
f 3924 3922 3923
f 3925 3926 3928
f 3928 3926 3927
f 3936 3929 3940
f 3940 3929 3930
f 3940 3930 3939
f 3939 3930 3931
f 3939 3931 3938
f 3938 3931 3932
f 3938 3932 3937
f 3937 3932 3933
f 3937 3933 3934
f 3937 3934 3942
f 3942 3934 3935
f 3942 3935 3941
f 3941 3935 3936
f 3941 3936 3940
f 3950 3943 3955
f 3955 3943 3944
f 3955 3944 3954
f 3954 3944 3945
f 3954 3945 3953
f 3953 3945 3946
f 3953 3946 3952
f 3952 3946 3947
f 3952 3947 3948
f 3952 3948 3951
f 3951 3948 3949
f 3951 3949 3956
f 3956 3949 3950
f 3956 3950 3955
f 3957 3958 3960
f 3960 3958 3959
f 3961 3962 3964
f 3964 3962 3963
f 3965 3966 3968
f 3968 3966 3967
f 3969 3970 3972
f 3972 3970 3971
f 3974 3993 3973
f 3973 3993 3981
f 3973 3981 3982
f 3993 3974 3992
f 3992 3974 3975
f 3992 3975 3991
f 3991 3975 3990
f 3990 3975 3976
f 3990 3976 3989
f 3989 3976 3988
f 3988 3976 3977
f 3988 3977 3987
f 3987 3977 3978
f 3987 3978 3986
f 3986 3978 3985
f 3985 3978 3979
f 3985 3979 3984
f 3984 3979 3983
f 3983 3979 3980
f 3983 3980 3982
f 3982 3980 3973
f 3995 4009 3994
f 3994 4009 4011
f 4010 4002 4001
f 4001 4002 4003
f 4001 4003 4004
f 3995 3996 4009
f 4009 3996 4008
f 4008 3996 3997
f 4008 3997 4007
f 4007 3997 3998
f 4007 3998 4006
f 4006 3998 3999
f 4006 3999 4005
f 4005 3999 4000
f 4005 4000 4004
f 4004 4000 4001
f 4013 4032 4012
f 4012 4032 4020
f 4012 4020 4021
f 4032 4013 4031
f 4031 4013 4014
f 4031 4014 4030
f 4030 4014 4029
f 4029 4014 4015
f 4029 4015 4028
f 4028 4015 4027
f 4027 4015 4016
f 4027 4016 4026
f 4026 4016 4017
f 4026 4017 4025
f 4025 4017 4024
f 4024 4017 4018
f 4024 4018 4023
f 4023 4018 4022
f 4022 4018 4019
f 4022 4019 4021
f 4021 4019 4012
f 4034 4058 4033
f 4033 4058 4059
f 4060 4046 4045
f 4045 4046 4047
f 4045 4047 4044
f 4044 4047 4048
f 4044 4048 4043
f 4043 4048 4049
f 4043 4049 4042
f 4042 4049 4050
f 4042 4050 4041
f 4041 4050 4051
f 4041 4051 4040
f 4040 4051 4052
f 4040 4052 4039
f 4039 4052 4053
f 4039 4053 4038
f 4038 4053 4054
f 4038 4054 4037
f 4037 4054 4055
f 4037 4055 4036
f 4036 4055 4056
f 4036 4056 4035
f 4035 4056 4057
f 4035 4057 4034
f 4034 4057 4058
f 4062 4081 4061
f 4061 4081 4069
f 4061 4069 4070
f 4081 4062 4080
f 4080 4062 4063
f 4080 4063 4079
f 4079 4063 4078
f 4078 4063 4064
f 4078 4064 4077
f 4077 4064 4076
f 4076 4064 4065
f 4076 4065 4075
f 4075 4065 4066
f 4075 4066 4074
f 4074 4066 4073
f 4073 4066 4067
f 4073 4067 4072
f 4072 4067 4071
f 4071 4067 4068
f 4071 4068 4070
f 4070 4068 4061
f 4083 4097 4082
f 4082 4097 4099
f 4098 4090 4089
f 4089 4090 4091
f 4089 4091 4092
f 4083 4084 4097
f 4097 4084 4096
f 4096 4084 4085
f 4096 4085 4095
f 4095 4085 4086
f 4095 4086 4094
f 4094 4086 4087
f 4094 4087 4093
f 4093 4087 4088
f 4093 4088 4092
f 4092 4088 4089
f 4101 4120 4100
f 4100 4120 4108
f 4100 4108 4109
f 4120 4101 4119
f 4119 4101 4102
f 4119 4102 4118
f 4118 4102 4117
f 4117 4102 4103
f 4117 4103 4116
f 4116 4103 4115
f 4115 4103 4104
f 4115 4104 4114
f 4114 4104 4105
f 4114 4105 4113
f 4113 4105 4112
f 4112 4105 4106
f 4112 4106 4111
f 4111 4106 4110
f 4110 4106 4107
f 4110 4107 4109
f 4109 4107 4100
f 4122 4146 4121
f 4121 4146 4147
f 4148 4134 4133
f 4133 4134 4135
f 4133 4135 4132
f 4132 4135 4136
f 4132 4136 4131
f 4131 4136 4137
f 4131 4137 4130
f 4130 4137 4138
f 4130 4138 4129
f 4129 4138 4139
f 4129 4139 4128
f 4128 4139 4140
f 4128 4140 4127
f 4127 4140 4141
f 4127 4141 4126
f 4126 4141 4142
f 4126 4142 4125
f 4125 4142 4143
f 4125 4143 4124
f 4124 4143 4144
f 4124 4144 4123
f 4123 4144 4145
f 4123 4145 4122
f 4122 4145 4146
f 4150 4164 4149
f 4149 4164 4166
f 4165 4157 4156
f 4156 4157 4158
f 4156 4158 4159
f 4150 4151 4164
f 4164 4151 4163
f 4163 4151 4152
f 4163 4152 4162
f 4162 4152 4153
f 4162 4153 4161
f 4161 4153 4154
f 4161 4154 4160
f 4160 4154 4155
f 4160 4155 4159
f 4159 4155 4156
f 4168 4184 4167
f 4167 4184 4175
f 4167 4175 4176
f 4184 4168 4183
f 4183 4168 4169
f 4183 4169 4182
f 4182 4169 4170
f 4182 4170 4181
f 4181 4170 4171
f 4181 4171 4180
f 4180 4171 4179
f 4179 4171 4172
f 4179 4172 4178
f 4178 4172 4173
f 4178 4173 4177
f 4177 4173 4174
f 4177 4174 4176
f 4176 4174 4167
f 4186 4202 4185
f 4185 4202 4193
f 4185 4193 4194
f 4202 4186 4201
f 4201 4186 4187
f 4201 4187 4200
f 4200 4187 4188
f 4200 4188 4199
f 4199 4188 4189
f 4199 4189 4198
f 4198 4189 4197
f 4197 4189 4190
f 4197 4190 4196
f 4196 4190 4191
f 4196 4191 4195
f 4195 4191 4192
f 4195 4192 4194
f 4194 4192 4185
f 4204 4222 4203
f 4203 4222 4223
f 4224 4213 4212
f 4212 4213 4214
f 4212 4214 4211
f 4211 4214 4215
f 4211 4215 4210
f 4210 4215 4216
f 4210 4216 4209
f 4209 4216 4217
f 4209 4217 4208
f 4208 4217 4218
f 4208 4218 4207
f 4207 4218 4219
f 4207 4219 4206
f 4206 4219 4220
f 4206 4220 4205
f 4205 4220 4221
f 4205 4221 4204
f 4204 4221 4222
f 4226 4242 4225
f 4225 4242 4233
f 4225 4233 4234
f 4242 4226 4241
f 4241 4226 4227
f 4241 4227 4240
f 4240 4227 4228
f 4240 4228 4239
f 4239 4228 4229
f 4239 4229 4238
f 4238 4229 4237
f 4237 4229 4230
f 4237 4230 4236
f 4236 4230 4231
f 4236 4231 4235
f 4235 4231 4232
f 4235 4232 4234
f 4234 4232 4225
f 4244 4258 4243
f 4243 4258 4260
f 4259 4251 4250
f 4250 4251 4252
f 4250 4252 4253
f 4244 4245 4258
f 4258 4245 4257
f 4257 4245 4246
f 4257 4246 4256
f 4256 4246 4247
f 4256 4247 4255
f 4255 4247 4248
f 4255 4248 4254
f 4254 4248 4249
f 4254 4249 4253
f 4253 4249 4250
f 4262 4280 4261
f 4261 4280 4281
f 4282 4271 4270
f 4270 4271 4272
f 4270 4272 4269
f 4269 4272 4273
f 4269 4273 4268
f 4268 4273 4274
f 4268 4274 4267
f 4267 4274 4275
f 4267 4275 4266
f 4266 4275 4276
f 4266 4276 4265
f 4265 4276 4277
f 4265 4277 4264
f 4264 4277 4278
f 4264 4278 4263
f 4263 4278 4279
f 4263 4279 4262
f 4262 4279 4280
f 4284 4300 4283
f 4283 4300 4291
f 4283 4291 4292
f 4300 4284 4299
f 4299 4284 4285
f 4299 4285 4298
f 4298 4285 4286
f 4298 4286 4297
f 4297 4286 4287
f 4297 4287 4296
f 4296 4287 4295
f 4295 4287 4288
f 4295 4288 4294
f 4294 4288 4289
f 4294 4289 4293
f 4293 4289 4290
f 4293 4290 4292
f 4292 4290 4283
f 4302 4316 4301
f 4301 4316 4318
f 4317 4309 4308
f 4308 4309 4310
f 4308 4310 4311
f 4302 4303 4316
f 4316 4303 4315
f 4315 4303 4304
f 4315 4304 4314
f 4314 4304 4305
f 4314 4305 4313
f 4313 4305 4306
f 4313 4306 4312
f 4312 4306 4307
f 4312 4307 4311
f 4311 4307 4308
f 4320 4338 4319
f 4319 4338 4339
f 4340 4329 4328
f 4328 4329 4330
f 4328 4330 4327
f 4327 4330 4331
f 4327 4331 4326
f 4326 4331 4332
f 4326 4332 4325
f 4325 4332 4333
f 4325 4333 4324
f 4324 4333 4334
f 4324 4334 4323
f 4323 4334 4335
f 4323 4335 4322
f 4322 4335 4336
f 4322 4336 4321
f 4321 4336 4337
f 4321 4337 4320
f 4320 4337 4338
f 4342 4358 4341
f 4341 4358 4349
f 4341 4349 4350
f 4358 4342 4357
f 4357 4342 4343
f 4357 4343 4356
f 4356 4343 4344
f 4356 4344 4355
f 4355 4344 4345
f 4355 4345 4354
f 4354 4345 4353
f 4353 4345 4346
f 4353 4346 4352
f 4352 4346 4347
f 4352 4347 4351
f 4351 4347 4348
f 4351 4348 4350
f 4350 4348 4341
f 4360 4376 4359
f 4359 4376 4367
f 4359 4367 4368
f 4376 4360 4375
f 4375 4360 4361
f 4375 4361 4374
f 4374 4361 4362
f 4374 4362 4373
f 4373 4362 4363
f 4373 4363 4372
f 4372 4363 4371
f 4371 4363 4364
f 4371 4364 4370
f 4370 4364 4365
f 4370 4365 4369
f 4369 4365 4366
f 4369 4366 4368
f 4368 4366 4359
f 4378 4394 4377
f 4377 4394 4385
f 4377 4385 4386
f 4394 4378 4393
f 4393 4378 4379
f 4393 4379 4392
f 4392 4379 4380
f 4392 4380 4391
f 4391 4380 4381
f 4391 4381 4390
f 4390 4381 4389
f 4389 4381 4382
f 4389 4382 4388
f 4388 4382 4383
f 4388 4383 4387
f 4387 4383 4384
f 4387 4384 4386
f 4386 4384 4377
f 4396 4410 4395
f 4395 4410 4412
f 4411 4403 4402
f 4402 4403 4404
f 4402 4404 4401
f 4401 4404 4405
f 4401 4405 4400
f 4400 4405 4406
f 4400 4406 4399
f 4399 4406 4407
f 4399 4407 4398
f 4398 4407 4408
f 4398 4408 4397
f 4397 4408 4409
f 4397 4409 4396
f 4396 4409 4410
f 4414 4432 4413
f 4413 4432 4433
f 4434 4423 4422
f 4422 4423 4424
f 4422 4424 4421
f 4421 4424 4425
f 4421 4425 4420
f 4420 4425 4426
f 4420 4426 4419
f 4419 4426 4427
f 4419 4427 4418
f 4418 4427 4428
f 4418 4428 4417
f 4417 4428 4429
f 4417 4429 4416
f 4416 4429 4430
f 4416 4430 4415
f 4415 4430 4431
f 4415 4431 4414
f 4414 4431 4432
f 4436 4452 4435
f 4435 4452 4443
f 4435 4443 4444
f 4452 4436 4451
f 4451 4436 4437
f 4451 4437 4450
f 4450 4437 4438
f 4450 4438 4449
f 4449 4438 4439
f 4449 4439 4448
f 4448 4439 4447
f 4447 4439 4440
f 4447 4440 4446
f 4446 4440 4441
f 4446 4441 4445
f 4445 4441 4442
f 4445 4442 4444
f 4444 4442 4435
f 4462 4453 4463
f 4463 4453 4454
f 4463 4454 4470
f 4470 4454 4455
f 4470 4455 4469
f 4469 4455 4456
f 4469 4456 4468
f 4468 4456 4457
f 4468 4457 4467
f 4467 4457 4458
f 4467 4458 4459
f 4467 4459 4466
f 4466 4459 4460
f 4466 4460 4465
f 4465 4460 4461
f 4465 4461 4464
f 4464 4461 4462
f 4464 4462 4463
f 4472 4474 4471
f 4471 4474 4475
f 4471 4475 4478
f 4478 4475 4476
f 4478 4476 4477
f 4472 4473 4474
f 4480 4494 4479
f 4479 4494 4495
f 4496 4487 4486
f 4486 4487 4488
f 4486 4488 4489
f 4480 4481 4494
f 4494 4481 4493
f 4493 4481 4482
f 4493 4482 4492
f 4492 4482 4483
f 4492 4483 4491
f 4491 4483 4484
f 4491 4484 4490
f 4490 4484 4485
f 4490 4485 4489
f 4489 4485 4486
f 4498 4511 4497
f 4497 4511 4512
f 4497 4512 4502
f 4502 4512 4503
f 4502 4503 4504
f 4499 4509 4498
f 4498 4509 4510
f 4498 4510 4511
f 4500 4507 4499
f 4499 4507 4508
f 4499 4508 4509
f 4507 4500 4506
f 4506 4500 4501
f 4506 4501 4505
f 4505 4501 4504
f 4504 4501 4502
f 4514 4532 4513
f 4513 4532 4533
f 4534 4523 4522
f 4522 4523 4524
f 4522 4524 4521
f 4521 4524 4525
f 4521 4525 4520
f 4520 4525 4526
f 4520 4526 4519
f 4519 4526 4527
f 4519 4527 4518
f 4518 4527 4528
f 4518 4528 4517
f 4517 4528 4529
f 4517 4529 4516
f 4516 4529 4530
f 4516 4530 4515
f 4515 4530 4531
f 4515 4531 4514
f 4514 4531 4532
f 4535 4536 4538
f 4538 4536 4537
f 4539 4540 4542
f 4542 4540 4541
f 4543 4544 4546
f 4546 4544 4545
f 4548 4550 4547
f 4547 4550 4551
f 4547 4551 4552
f 4548 4549 4550
f 4553 4554 4556
f 4556 4554 4555
f 4557 4558 4560
f 4560 4558 4559
f 4561 4562 4564
f 4564 4562 4563
f 4566 4580 4565
f 4565 4580 4582
f 4581 4573 4572
f 4572 4573 4574
f 4572 4574 4575
f 4566 4567 4580
f 4580 4567 4579
f 4579 4567 4568
f 4579 4568 4578
f 4578 4568 4569
f 4578 4569 4577
f 4577 4569 4570
f 4577 4570 4576
f 4576 4570 4571
f 4576 4571 4575
f 4575 4571 4572
f 4583 4584 4586
f 4586 4584 4585
f 4587 4588 4590
f 4590 4588 4589
f 4591 4592 4594
f 4594 4592 4593
f 4595 4596 4598
f 4598 4596 4597
f 4606 4599 4611
f 4611 4599 4600
f 4611 4600 4610
f 4610 4600 4601
f 4610 4601 4609
f 4609 4601 4602
f 4609 4602 4608
f 4608 4602 4603
f 4608 4603 4604
f 4608 4604 4607
f 4607 4604 4605
f 4607 4605 4612
f 4612 4605 4606
f 4612 4606 4611
f 4613 4614 4616
f 4616 4614 4615
f 4617 4618 4620
f 4620 4618 4619
f 4628 4621 4632
f 4632 4621 4622
f 4632 4622 4631
f 4631 4622 4623
f 4631 4623 4630
f 4630 4623 4624
f 4630 4624 4629
f 4629 4624 4625
f 4629 4625 4626
f 4629 4626 4634
f 4634 4626 4627
f 4634 4627 4633
f 4633 4627 4628
f 4633 4628 4632
f 4636 4650 4635
f 4635 4650 4652
f 4651 4643 4642
f 4642 4643 4644
f 4642 4644 4645
f 4636 4637 4650
f 4650 4637 4649
f 4649 4637 4638
f 4649 4638 4648
f 4648 4638 4639
f 4648 4639 4647
f 4647 4639 4640
f 4647 4640 4646
f 4646 4640 4641
f 4646 4641 4645
f 4645 4641 4642
f 4654 4673 4653
f 4653 4673 4661
f 4653 4661 4662
f 4673 4654 4672
f 4672 4654 4655
f 4672 4655 4671
f 4671 4655 4670
f 4670 4655 4656
f 4670 4656 4669
f 4669 4656 4668
f 4668 4656 4657
f 4668 4657 4667
f 4667 4657 4658
f 4667 4658 4666
f 4666 4658 4665
f 4665 4658 4659
f 4665 4659 4664
f 4664 4659 4663
f 4663 4659 4660
f 4663 4660 4662
f 4662 4660 4653
f 4675 4699 4674
f 4674 4699 4700
f 4701 4687 4686
f 4686 4687 4688
f 4686 4688 4685
f 4685 4688 4689
f 4685 4689 4684
f 4684 4689 4690
f 4684 4690 4683
f 4683 4690 4691
f 4683 4691 4682
f 4682 4691 4692
f 4682 4692 4681
f 4681 4692 4693
f 4681 4693 4680
f 4680 4693 4694
f 4680 4694 4679
f 4679 4694 4695
f 4679 4695 4678
f 4678 4695 4696
f 4678 4696 4677
f 4677 4696 4697
f 4677 4697 4676
f 4676 4697 4698
f 4676 4698 4675
f 4675 4698 4699
f 4703 4722 4702
f 4702 4722 4710
f 4702 4710 4711
f 4722 4703 4721
f 4721 4703 4704
f 4721 4704 4720
f 4720 4704 4719
f 4719 4704 4705
f 4719 4705 4718
f 4718 4705 4717
f 4717 4705 4706
f 4717 4706 4716
f 4716 4706 4707
f 4716 4707 4715
f 4715 4707 4714
f 4714 4707 4708
f 4714 4708 4713
f 4713 4708 4712
f 4712 4708 4709
f 4712 4709 4711
f 4711 4709 4702
f 4724 4738 4723
f 4723 4738 4740
f 4739 4731 4730
f 4730 4731 4732
f 4730 4732 4733
f 4724 4725 4738
f 4738 4725 4737
f 4737 4725 4726
f 4737 4726 4736
f 4736 4726 4727
f 4736 4727 4735
f 4735 4727 4728
f 4735 4728 4734
f 4734 4728 4729
f 4734 4729 4733
f 4733 4729 4730
f 4742 4766 4741
f 4741 4766 4767
f 4768 4754 4753
f 4753 4754 4755
f 4753 4755 4752
f 4752 4755 4756
f 4752 4756 4751
f 4751 4756 4757
f 4751 4757 4750
f 4750 4757 4758
f 4750 4758 4749
f 4749 4758 4759
f 4749 4759 4748
f 4748 4759 4760
f 4748 4760 4747
f 4747 4760 4761
f 4747 4761 4746
f 4746 4761 4762
f 4746 4762 4745
f 4745 4762 4763
f 4745 4763 4744
f 4744 4763 4764
f 4744 4764 4743
f 4743 4764 4765
f 4743 4765 4742
f 4742 4765 4766
f 4770 4789 4769
f 4769 4789 4777
f 4769 4777 4778
f 4789 4770 4788
f 4788 4770 4771
f 4788 4771 4787
f 4787 4771 4786
f 4786 4771 4772
f 4786 4772 4785
f 4785 4772 4784
f 4784 4772 4773
f 4784 4773 4783
f 4783 4773 4774
f 4783 4774 4782
f 4782 4774 4781
f 4781 4774 4775
f 4781 4775 4780
f 4780 4775 4779
f 4779 4775 4776
f 4779 4776 4778
f 4778 4776 4769
f 4791 4810 4790
f 4790 4810 4798
f 4790 4798 4799
f 4810 4791 4809
f 4809 4791 4792
f 4809 4792 4808
f 4808 4792 4807
f 4807 4792 4793
f 4807 4793 4806
f 4806 4793 4805
f 4805 4793 4794
f 4805 4794 4804
f 4804 4794 4795
f 4804 4795 4803
f 4803 4795 4802
f 4802 4795 4796
f 4802 4796 4801
f 4801 4796 4800
f 4800 4796 4797
f 4800 4797 4799
f 4799 4797 4790
f 4812 4828 4811
f 4811 4828 4819
f 4811 4819 4820
f 4828 4812 4827
f 4827 4812 4813
f 4827 4813 4826
f 4826 4813 4814
f 4826 4814 4825
f 4825 4814 4815
f 4825 4815 4824
f 4824 4815 4823
f 4823 4815 4816
f 4823 4816 4822
f 4822 4816 4817
f 4822 4817 4821
f 4821 4817 4818
f 4821 4818 4820
f 4820 4818 4811
f 4830 4844 4829
f 4829 4844 4846
f 4845 4837 4836
f 4836 4837 4838
f 4836 4838 4839
f 4830 4831 4844
f 4844 4831 4843
f 4843 4831 4832
f 4843 4832 4842
f 4842 4832 4833
f 4842 4833 4841
f 4841 4833 4834
f 4841 4834 4840
f 4840 4834 4835
f 4840 4835 4839
f 4839 4835 4836
f 4848 4864 4847
f 4847 4864 4855
f 4847 4855 4856
f 4864 4848 4863
f 4863 4848 4849
f 4863 4849 4862
f 4862 4849 4850
f 4862 4850 4861
f 4861 4850 4851
f 4861 4851 4860
f 4860 4851 4859
f 4859 4851 4852
f 4859 4852 4858
f 4858 4852 4853
f 4858 4853 4857
f 4857 4853 4854
f 4857 4854 4856
f 4856 4854 4847
f 4866 4884 4865
f 4865 4884 4885
f 4886 4875 4874
f 4874 4875 4876
f 4874 4876 4873
f 4873 4876 4877
f 4873 4877 4872
f 4872 4877 4878
f 4872 4878 4871
f 4871 4878 4879
f 4871 4879 4870
f 4870 4879 4880
f 4870 4880 4869
f 4869 4880 4881
f 4869 4881 4868
f 4868 4881 4882
f 4868 4882 4867
f 4867 4882 4883
f 4867 4883 4866
f 4866 4883 4884
f 4888 4902 4887
f 4887 4902 4904
f 4903 4895 4894
f 4894 4895 4896
f 4894 4896 4897
f 4888 4889 4902
f 4902 4889 4901
f 4901 4889 4890
f 4901 4890 4900
f 4900 4890 4891
f 4900 4891 4899
f 4899 4891 4892
f 4899 4892 4898
f 4898 4892 4893
f 4898 4893 4897
f 4897 4893 4894
f 4906 4922 4905
f 4905 4922 4913
f 4905 4913 4914
f 4922 4906 4921
f 4921 4906 4907
f 4921 4907 4920
f 4920 4907 4908
f 4920 4908 4919
f 4919 4908 4909
f 4919 4909 4918
f 4918 4909 4917
f 4917 4909 4910
f 4917 4910 4916
f 4916 4910 4911
f 4916 4911 4915
f 4915 4911 4912
f 4915 4912 4914
f 4914 4912 4905
f 4924 4940 4923
f 4923 4940 4931
f 4923 4931 4932
f 4940 4924 4939
f 4939 4924 4925
f 4939 4925 4938
f 4938 4925 4926
f 4938 4926 4937
f 4937 4926 4927
f 4937 4927 4936
f 4936 4927 4935
f 4935 4927 4928
f 4935 4928 4934
f 4934 4928 4929
f 4934 4929 4933
f 4933 4929 4930
f 4933 4930 4932
f 4932 4930 4923
f 4942 4960 4941
f 4941 4960 4961
f 4962 4951 4950
f 4950 4951 4952
f 4950 4952 4949
f 4949 4952 4953
f 4949 4953 4948
f 4948 4953 4954
f 4948 4954 4947
f 4947 4954 4955
f 4947 4955 4946
f 4946 4955 4956
f 4946 4956 4945
f 4945 4956 4957
f 4945 4957 4944
f 4944 4957 4958
f 4944 4958 4943
f 4943 4958 4959
f 4943 4959 4942
f 4942 4959 4960
f 4964 4978 4963
f 4963 4978 4980
f 4979 4971 4970
f 4970 4971 4972
f 4970 4972 4973
f 4964 4965 4978
f 4978 4965 4977
f 4977 4965 4966
f 4977 4966 4976
f 4976 4966 4967
f 4976 4967 4975
f 4975 4967 4968
f 4975 4968 4974
f 4974 4968 4969
f 4974 4969 4973
f 4973 4969 4970
f 4982 4998 4981
f 4981 4998 4989
f 4981 4989 4990
f 4998 4982 4997
f 4997 4982 4983
f 4997 4983 4996
f 4996 4983 4984
f 4996 4984 4995
f 4995 4984 4985
f 4995 4985 4994
f 4994 4985 4993
f 4993 4985 4986
f 4993 4986 4992
f 4992 4986 4987
f 4992 4987 4991
f 4991 4987 4988
f 4991 4988 4990
f 4990 4988 4981
f 5000 5018 4999
f 4999 5018 5019
f 5020 5009 5008
f 5008 5009 5010
f 5008 5010 5007
f 5007 5010 5011
f 5007 5011 5006
f 5006 5011 5012
f 5006 5012 5005
f 5005 5012 5013
f 5005 5013 5004
f 5004 5013 5014
f 5004 5014 5003
f 5003 5014 5015
f 5003 5015 5002
f 5002 5015 5016
f 5002 5016 5001
f 5001 5016 5017
f 5001 5017 5000
f 5000 5017 5018
f 5022 5038 5021
f 5021 5038 5029
f 5021 5029 5030
f 5038 5022 5037
f 5037 5022 5023
f 5037 5023 5036
f 5036 5023 5024
f 5036 5024 5035
f 5035 5024 5025
f 5035 5025 5034
f 5034 5025 5033
f 5033 5025 5026
f 5033 5026 5032
f 5032 5026 5027
f 5032 5027 5031
f 5031 5027 5028
f 5031 5028 5030
f 5030 5028 5021
f 5040 5056 5039
f 5039 5056 5047
f 5039 5047 5048
f 5056 5040 5055
f 5055 5040 5041
f 5055 5041 5054
f 5054 5041 5042
f 5054 5042 5053
f 5053 5042 5043
f 5053 5043 5052
f 5052 5043 5051
f 5051 5043 5044
f 5051 5044 5050
f 5050 5044 5045
f 5050 5045 5049
f 5049 5045 5046
f 5049 5046 5048
f 5048 5046 5039
f 5058 5074 5057
f 5057 5074 5065
f 5057 5065 5066
f 5074 5058 5073
f 5073 5058 5059
f 5073 5059 5072
f 5072 5059 5060
f 5072 5060 5071
f 5071 5060 5061
f 5071 5061 5070
f 5070 5061 5069
f 5069 5061 5062
f 5069 5062 5068
f 5068 5062 5063
f 5068 5063 5067
f 5067 5063 5064
f 5067 5064 5066
f 5066 5064 5057
f 5076 5094 5075
f 5075 5094 5095
f 5096 5085 5084
f 5084 5085 5086
f 5084 5086 5083
f 5083 5086 5087
f 5083 5087 5082
f 5082 5087 5088
f 5082 5088 5081
f 5081 5088 5089
f 5081 5089 5080
f 5080 5089 5090
f 5080 5090 5079
f 5079 5090 5091
f 5079 5091 5078
f 5078 5091 5092
f 5078 5092 5077
f 5077 5092 5093
f 5077 5093 5076
f 5076 5093 5094
f 5098 5112 5097
f 5097 5112 5114
f 5113 5105 5104
f 5104 5105 5106
f 5104 5106 5103
f 5103 5106 5107
f 5103 5107 5102
f 5102 5107 5108
f 5102 5108 5101
f 5101 5108 5109
f 5101 5109 5100
f 5100 5109 5110
f 5100 5110 5099
f 5099 5110 5111
f 5099 5111 5098
f 5098 5111 5112
f 5116 5118 5115
f 5115 5118 5119
f 5115 5119 5122
f 5122 5119 5120
f 5122 5120 5121
f 5116 5117 5118
f 5132 5123 5133
f 5133 5123 5124
f 5133 5124 5140
f 5140 5124 5125
f 5140 5125 5139
f 5139 5125 5126
f 5139 5126 5138
f 5138 5126 5127
f 5138 5127 5137
f 5137 5127 5128
f 5137 5128 5129
f 5137 5129 5136
f 5136 5129 5130
f 5136 5130 5135
f 5135 5130 5131
f 5135 5131 5134
f 5134 5131 5132
f 5134 5132 5133
f 5142 5156 5141
f 5141 5156 5157
f 5158 5149 5148
f 5148 5149 5150
f 5148 5150 5151
f 5142 5143 5156
f 5156 5143 5155
f 5155 5143 5144
f 5155 5144 5154
f 5154 5144 5145
f 5154 5145 5153
f 5153 5145 5146
f 5153 5146 5152
f 5152 5146 5147
f 5152 5147 5151
f 5151 5147 5148
f 5160 5178 5159
f 5159 5178 5179
f 5180 5169 5168
f 5168 5169 5170
f 5168 5170 5167
f 5167 5170 5171
f 5167 5171 5166
f 5166 5171 5172
f 5166 5172 5165
f 5165 5172 5173
f 5165 5173 5164
f 5164 5173 5174
f 5164 5174 5163
f 5163 5174 5175
f 5163 5175 5162
f 5162 5175 5176
f 5162 5176 5161
f 5161 5176 5177
f 5161 5177 5160
f 5160 5177 5178
f 5182 5195 5181
f 5181 5195 5196
f 5181 5196 5186
f 5186 5196 5187
f 5186 5187 5188
f 5183 5193 5182
f 5182 5193 5194
f 5182 5194 5195
f 5184 5191 5183
f 5183 5191 5192
f 5183 5192 5193
f 5191 5184 5190
f 5190 5184 5185
f 5190 5185 5189
f 5189 5185 5188
f 5188 5185 5186
f 5197 5198 5200
f 5200 5198 5199
f 5201 5202 5204
f 5204 5202 5203
f 5205 5206 5208
f 5208 5206 5207
f 5209 5210 5212
f 5212 5210 5211
f 5213 5214 5216
f 5216 5214 5215
f 5218 5220 5217
f 5217 5220 5221
f 5217 5221 5222
f 5218 5219 5220
f 5223 5224 5226
f 5226 5224 5225
f 5234 5227 5239
f 5239 5227 5228
f 5239 5228 5238
f 5238 5228 5229
f 5238 5229 5237
f 5237 5229 5230
f 5237 5230 5236
f 5236 5230 5231
f 5236 5231 5232
f 5236 5232 5235
f 5235 5232 5233
f 5235 5233 5240
f 5240 5233 5234
f 5240 5234 5239
f 5241 5242 5244
f 5244 5242 5243
f 5252 5245 5256
f 5256 5245 5246
f 5256 5246 5255
f 5255 5246 5247
f 5255 5247 5254
f 5254 5247 5248
f 5254 5248 5253
f 5253 5248 5249
f 5253 5249 5250
f 5253 5250 5258
f 5258 5250 5251
f 5258 5251 5257
f 5257 5251 5252
f 5257 5252 5256
f 5259 5260 5262
f 5262 5260 5261
f 5263 5264 5266
f 5266 5264 5265
f 5267 5268 5270
f 5270 5268 5269
f 5271 5272 5274
f 5274 5272 5273
f 5275 5276 5278
f 5278 5276 5277
f 5280 5294 5279
f 5279 5294 5296
f 5295 5287 5286
f 5286 5287 5288
f 5286 5288 5289
f 5280 5281 5294
f 5294 5281 5293
f 5293 5281 5282
f 5293 5282 5292
f 5292 5282 5283
f 5292 5283 5291
f 5291 5283 5284
f 5291 5284 5290
f 5290 5284 5285
f 5290 5285 5289
f 5289 5285 5286
f 5298 5314 5297
f 5297 5314 5305
f 5297 5305 5306
f 5314 5298 5313
f 5313 5298 5299
f 5313 5299 5312
f 5312 5299 5300
f 5312 5300 5311
f 5311 5300 5301
f 5311 5301 5310
f 5310 5301 5309
f 5309 5301 5302
f 5309 5302 5308
f 5308 5302 5303
f 5308 5303 5307
f 5307 5303 5304
f 5307 5304 5306
f 5306 5304 5297
f 5316 5332 5315
f 5315 5332 5323
f 5315 5323 5324
f 5332 5316 5331
f 5331 5316 5317
f 5331 5317 5330
f 5330 5317 5318
f 5330 5318 5329
f 5329 5318 5319
f 5329 5319 5328
f 5328 5319 5327
f 5327 5319 5320
f 5327 5320 5326
f 5326 5320 5321
f 5326 5321 5325
f 5325 5321 5322
f 5325 5322 5324
f 5324 5322 5315
f 5334 5348 5333
f 5333 5348 5350
f 5349 5341 5340
f 5340 5341 5342
f 5340 5342 5339
f 5339 5342 5343
f 5339 5343 5338
f 5338 5343 5344
f 5338 5344 5337
f 5337 5344 5345
f 5337 5345 5336
f 5336 5345 5346
f 5336 5346 5335
f 5335 5346 5347
f 5335 5347 5334
f 5334 5347 5348
f 5352 5370 5351
f 5351 5370 5371
f 5372 5361 5360
f 5360 5361 5362
f 5360 5362 5359
f 5359 5362 5363
f 5359 5363 5358
f 5358 5363 5364
f 5358 5364 5357
f 5357 5364 5365
f 5357 5365 5356
f 5356 5365 5366
f 5356 5366 5355
f 5355 5366 5367
f 5355 5367 5354
f 5354 5367 5368
f 5354 5368 5353
f 5353 5368 5369
f 5353 5369 5352
f 5352 5369 5370
f 5374 5388 5373
f 5373 5388 5390
f 5389 5381 5380
f 5380 5381 5382
f 5380 5382 5383
f 5374 5375 5388
f 5388 5375 5387
f 5387 5375 5376
f 5387 5376 5386
f 5386 5376 5377
f 5386 5377 5385
f 5385 5377 5378
f 5385 5378 5384
f 5384 5378 5379
f 5384 5379 5383
f 5383 5379 5380
f 5392 5393 5391
f 5391 5393 5394
f 5396 5406 5395
f 5395 5406 5403
f 5395 5403 5402
f 5402 5403 5401
f 5401 5403 5404
f 5401 5404 5400
f 5400 5404 5399
f 5399 5404 5405
f 5399 5405 5398
f 5398 5405 5397
f 5397 5405 5406
f 5397 5406 5396
f 5407 5408 5410
f 5410 5408 5409
f 5411 5412 5414
f 5414 5412 5413
f 5416 5417 5415
f 5415 5417 5418
f 5420 5428 5419
f 5419 5428 5429
f 5419 5429 5426
f 5426 5429 5425
f 5425 5429 5430
f 5425 5430 5424
f 5424 5430 5423
f 5423 5430 5427
f 5423 5427 5422
f 5422 5427 5421
f 5421 5427 5428
f 5421 5428 5420
f 5432 5446 5431
f 5431 5446 5448
f 5447 5439 5438
f 5438 5439 5440
f 5438 5440 5437
f 5437 5440 5441
f 5437 5441 5436
f 5436 5441 5442
f 5436 5442 5435
f 5435 5442 5443
f 5435 5443 5434
f 5434 5443 5444
f 5434 5444 5433
f 5433 5444 5445
f 5433 5445 5432
f 5432 5445 5446
f 5450 5468 5449
f 5449 5468 5469
f 5470 5459 5458
f 5458 5459 5460
f 5458 5460 5457
f 5457 5460 5461
f 5457 5461 5456
f 5456 5461 5462
f 5456 5462 5455
f 5455 5462 5463
f 5455 5463 5454
f 5454 5463 5464
f 5454 5464 5453
f 5453 5464 5465
f 5453 5465 5452
f 5452 5465 5466
f 5452 5466 5451
f 5451 5466 5467
f 5451 5467 5450
f 5450 5467 5468
f 5472 5488 5471
f 5471 5488 5479
f 5471 5479 5480
f 5488 5472 5487
f 5487 5472 5473
f 5487 5473 5486
f 5486 5473 5474
f 5486 5474 5485
f 5485 5474 5475
f 5485 5475 5484
f 5484 5475 5483
f 5483 5475 5476
f 5483 5476 5482
f 5482 5476 5477
f 5482 5477 5481
f 5481 5477 5478
f 5481 5478 5480
f 5480 5478 5471
f 5490 5506 5489
f 5489 5506 5497
f 5489 5497 5498
f 5506 5490 5505
f 5505 5490 5491
f 5505 5491 5504
f 5504 5491 5492
f 5504 5492 5503
f 5503 5492 5493
f 5503 5493 5502
f 5502 5493 5501
f 5501 5493 5494
f 5501 5494 5500
f 5500 5494 5495
f 5500 5495 5499
f 5499 5495 5496
f 5499 5496 5498
f 5498 5496 5489
f 5507 5508 5510
f 5510 5508 5509
f 5512 5522 5511
f 5511 5522 5519
f 5511 5519 5518
f 5518 5519 5517
f 5517 5519 5520
f 5517 5520 5516
f 5516 5520 5515
f 5515 5520 5521
f 5515 5521 5514
f 5514 5521 5513
f 5513 5521 5522
f 5513 5522 5512
f 5524 5525 5523
f 5523 5525 5526
f 5527 5528 5530
f 5530 5528 5529
f 5532 5533 5531
f 5531 5533 5534
f 5536 5544 5535
f 5535 5544 5545
f 5535 5545 5542
f 5542 5545 5541
f 5541 5545 5546
f 5541 5546 5540
f 5540 5546 5539
f 5539 5546 5543
f 5539 5543 5538
f 5538 5543 5537
f 5537 5543 5544
f 5537 5544 5536
f 5548 5562 5547
f 5547 5562 5564
f 5563 5555 5554
f 5554 5555 5556
f 5554 5556 5557
f 5548 5549 5562
f 5562 5549 5561
f 5561 5549 5550
f 5561 5550 5560
f 5560 5550 5551
f 5560 5551 5559
f 5559 5551 5552
f 5559 5552 5558
f 5558 5552 5553
f 5558 5553 5557
f 5557 5553 5554
f 5566 5584 5565
f 5565 5584 5585
f 5586 5575 5574
f 5574 5575 5576
f 5574 5576 5573
f 5573 5576 5577
f 5573 5577 5572
f 5572 5577 5578
f 5572 5578 5571
f 5571 5578 5579
f 5571 5579 5570
f 5570 5579 5580
f 5570 5580 5569
f 5569 5580 5581
f 5569 5581 5568
f 5568 5581 5582
f 5568 5582 5567
f 5567 5582 5583
f 5567 5583 5566
f 5566 5583 5584
f 5596 5587 5597
f 5597 5587 5588
f 5597 5588 5604
f 5604 5588 5589
f 5604 5589 5603
f 5603 5589 5590
f 5603 5590 5602
f 5602 5590 5591
f 5602 5591 5601
f 5601 5591 5592
f 5601 5592 5593
f 5601 5593 5600
f 5600 5593 5594
f 5600 5594 5599
f 5599 5594 5595
f 5599 5595 5598
f 5598 5595 5596
f 5598 5596 5597
f 5606 5609 5605
f 5605 5609 5610
f 5605 5610 5614
f 5614 5610 5611
f 5614 5611 5613
f 5613 5611 5612
f 5607 5608 5606
f 5606 5608 5609
f 5616 5630 5615
f 5615 5630 5631
f 5632 5623 5622
f 5622 5623 5624
f 5622 5624 5625
f 5616 5617 5630
f 5630 5617 5629
f 5629 5617 5618
f 5629 5618 5628
f 5628 5618 5619
f 5628 5619 5627
f 5627 5619 5620
f 5627 5620 5626
f 5626 5620 5621
f 5626 5621 5625
f 5625 5621 5622
f 5634 5636 5633
f 5633 5636 5637
f 5633 5637 5640
f 5640 5637 5638
f 5640 5638 5639
f 5634 5635 5636
f 5642 5658 5641
f 5641 5658 5649
f 5641 5649 5650
f 5658 5642 5657
f 5657 5642 5643
f 5657 5643 5656
f 5656 5643 5644
f 5656 5644 5655
f 5655 5644 5645
f 5655 5645 5654
f 5654 5645 5653
f 5653 5645 5646
f 5653 5646 5652
f 5652 5646 5647
f 5652 5647 5651
f 5651 5647 5648
f 5651 5648 5650
f 5650 5648 5641
f 5660 5674 5659
f 5659 5674 5676
f 5675 5667 5666
f 5666 5667 5668
f 5666 5668 5665
f 5665 5668 5669
f 5665 5669 5664
f 5664 5669 5670
f 5664 5670 5663
f 5663 5670 5671
f 5663 5671 5662
f 5662 5671 5672
f 5662 5672 5661
f 5661 5672 5673
f 5661 5673 5660
f 5660 5673 5674
f 5678 5696 5677
f 5677 5696 5697
f 5698 5687 5686
f 5686 5687 5688
f 5686 5688 5685
f 5685 5688 5689
f 5685 5689 5684
f 5684 5689 5690
f 5684 5690 5683
f 5683 5690 5691
f 5683 5691 5682
f 5682 5691 5692
f 5682 5692 5681
f 5681 5692 5693
f 5681 5693 5680
f 5680 5693 5694
f 5680 5694 5679
f 5679 5694 5695
f 5679 5695 5678
f 5678 5695 5696
f 5700 5716 5699
f 5699 5716 5707
f 5699 5707 5708
f 5716 5700 5715
f 5715 5700 5701
f 5715 5701 5714
f 5714 5701 5702
f 5714 5702 5713
f 5713 5702 5703
f 5713 5703 5712
f 5712 5703 5711
f 5711 5703 5704
f 5711 5704 5710
f 5710 5704 5705
f 5710 5705 5709
f 5709 5705 5706
f 5709 5706 5708
f 5708 5706 5699
f 5718 5732 5717
f 5717 5732 5734
f 5733 5725 5724
f 5724 5725 5726
f 5724 5726 5723
f 5723 5726 5727
f 5723 5727 5722
f 5722 5727 5728
f 5722 5728 5721
f 5721 5728 5729
f 5721 5729 5720
f 5720 5729 5730
f 5720 5730 5719
f 5719 5730 5731
f 5719 5731 5718
f 5718 5731 5732
f 5736 5754 5735
f 5735 5754 5755
f 5756 5745 5744
f 5744 5745 5746
f 5744 5746 5743
f 5743 5746 5747
f 5743 5747 5742
f 5742 5747 5748
f 5742 5748 5741
f 5741 5748 5749
f 5741 5749 5740
f 5740 5749 5750
f 5740 5750 5739
f 5739 5750 5751
f 5739 5751 5738
f 5738 5751 5752
f 5738 5752 5737
f 5737 5752 5753
f 5737 5753 5736
f 5736 5753 5754
f 5758 5774 5757
f 5757 5774 5765
f 5757 5765 5766
f 5774 5758 5773
f 5773 5758 5759
f 5773 5759 5772
f 5772 5759 5760
f 5772 5760 5771
f 5771 5760 5761
f 5771 5761 5770
f 5770 5761 5769
f 5769 5761 5762
f 5769 5762 5768
f 5768 5762 5763
f 5768 5763 5767
f 5767 5763 5764
f 5767 5764 5766
f 5766 5764 5757
f 5776 5792 5775
f 5775 5792 5783
f 5775 5783 5784
f 5792 5776 5791
f 5791 5776 5777
f 5791 5777 5790
f 5790 5777 5778
f 5790 5778 5789
f 5789 5778 5779
f 5789 5779 5788
f 5788 5779 5787
f 5787 5779 5780
f 5787 5780 5786
f 5786 5780 5781
f 5786 5781 5785
f 5785 5781 5782
f 5785 5782 5784
f 5784 5782 5775
f 5794 5808 5793
f 5793 5808 5810
f 5809 5801 5800
f 5800 5801 5802
f 5800 5802 5803
f 5794 5795 5808
f 5808 5795 5807
f 5807 5795 5796
f 5807 5796 5806
f 5806 5796 5797
f 5806 5797 5805
f 5805 5797 5798
f 5805 5798 5804
f 5804 5798 5799
f 5804 5799 5803
f 5803 5799 5800
f 5811 5812 5814
f 5814 5812 5813
f 5815 5816 5818
f 5818 5816 5817
f 5819 5820 5822
f 5822 5820 5821
f 5823 5824 5826
f 5826 5824 5825
f 5827 5828 5830
f 5830 5828 5829
f 5831 5832 5834
f 5834 5832 5833
f 5842 5835 5846
f 5846 5835 5836
f 5846 5836 5845
f 5845 5836 5837
f 5845 5837 5844
f 5844 5837 5838
f 5844 5838 5843
f 5843 5838 5839
f 5843 5839 5840
f 5843 5840 5848
f 5848 5840 5841
f 5848 5841 5847
f 5847 5841 5842
f 5847 5842 5846
f 5856 5849 5861
f 5861 5849 5850
f 5861 5850 5860
f 5860 5850 5851
f 5860 5851 5859
f 5859 5851 5852
f 5859 5852 5858
f 5858 5852 5853
f 5858 5853 5854
f 5858 5854 5857
f 5857 5854 5855
f 5857 5855 5862
f 5862 5855 5856
f 5862 5856 5861
f 5872 5863 5873
f 5873 5863 5864
f 5873 5864 5880
f 5880 5864 5865
f 5880 5865 5879
f 5879 5865 5866
f 5879 5866 5878
f 5878 5866 5867
f 5878 5867 5877
f 5877 5867 5868
f 5877 5868 5869
f 5877 5869 5876
f 5876 5869 5870
f 5876 5870 5875
f 5875 5870 5871
f 5875 5871 5874
f 5874 5871 5872
f 5874 5872 5873
f 5882 5900 5881
f 5881 5900 5901
f 5902 5891 5890
f 5890 5891 5892
f 5890 5892 5889
f 5889 5892 5893
f 5889 5893 5888
f 5888 5893 5894
f 5888 5894 5887
f 5887 5894 5895
f 5887 5895 5886
f 5886 5895 5896
f 5886 5896 5885
f 5885 5896 5897
f 5885 5897 5884
f 5884 5897 5898
f 5884 5898 5883
f 5883 5898 5899
f 5883 5899 5882
f 5882 5899 5900
f 5904 5907 5903
f 5903 5907 5908
f 5903 5908 5912
f 5912 5908 5909
f 5912 5909 5911
f 5911 5909 5910
f 5905 5906 5904
f 5904 5906 5907
f 5914 5928 5913
f 5913 5928 5929
f 5930 5921 5920
f 5920 5921 5922
f 5920 5922 5923
f 5914 5915 5928
f 5928 5915 5927
f 5927 5915 5916
f 5927 5916 5926
f 5926 5916 5917
f 5926 5917 5925
f 5925 5917 5918
f 5925 5918 5924
f 5924 5918 5919
f 5924 5919 5923
f 5923 5919 5920
f 5932 5934 5931
f 5931 5934 5935
f 5931 5935 5938
f 5938 5935 5936
f 5938 5936 5937
f 5932 5933 5934
f 5940 5956 5939
f 5939 5956 5947
f 5939 5947 5948
f 5956 5940 5955
f 5955 5940 5941
f 5955 5941 5954
f 5954 5941 5942
f 5954 5942 5953
f 5953 5942 5943
f 5953 5943 5952
f 5952 5943 5951
f 5951 5943 5944
f 5951 5944 5950
f 5950 5944 5945
f 5950 5945 5949
f 5949 5945 5946
f 5949 5946 5948
f 5948 5946 5939
f 5958 5974 5957
f 5957 5974 5965
f 5957 5965 5966
f 5974 5958 5973
f 5973 5958 5959
f 5973 5959 5972
f 5972 5959 5960
f 5972 5960 5971
f 5971 5960 5961
f 5971 5961 5970
f 5970 5961 5969
f 5969 5961 5962
f 5969 5962 5968
f 5968 5962 5963
f 5968 5963 5967
f 5967 5963 5964
f 5967 5964 5966
f 5966 5964 5957
f 5976 5990 5975
f 5975 5990 5992
f 5991 5983 5982
f 5982 5983 5984
f 5982 5984 5981
f 5981 5984 5985
f 5981 5985 5980
f 5980 5985 5986
f 5980 5986 5979
f 5979 5986 5987
f 5979 5987 5978
f 5978 5987 5988
f 5978 5988 5977
f 5977 5988 5989
f 5977 5989 5976
f 5976 5989 5990
f 5994 6012 5993
f 5993 6012 6013
f 6014 6003 6002
f 6002 6003 6004
f 6002 6004 6001
f 6001 6004 6005
f 6001 6005 6000
f 6000 6005 6006
f 6000 6006 5999
f 5999 6006 6007
f 5999 6007 5998
f 5998 6007 6008
f 5998 6008 5997
f 5997 6008 6009
f 5997 6009 5996
f 5996 6009 6010
f 5996 6010 5995
f 5995 6010 6011
f 5995 6011 5994
f 5994 6011 6012
f 6016 6032 6015
f 6015 6032 6023
f 6015 6023 6024
f 6032 6016 6031
f 6031 6016 6017
f 6031 6017 6030
f 6030 6017 6018
f 6030 6018 6029
f 6029 6018 6019
f 6029 6019 6028
f 6028 6019 6027
f 6027 6019 6020
f 6027 6020 6026
f 6026 6020 6021
f 6026 6021 6025
f 6025 6021 6022
f 6025 6022 6024
f 6024 6022 6015
f 6034 6052 6033
f 6033 6052 6053
f 6054 6043 6042
f 6042 6043 6044
f 6042 6044 6041
f 6041 6044 6045
f 6041 6045 6040
f 6040 6045 6046
f 6040 6046 6039
f 6039 6046 6047
f 6039 6047 6038
f 6038 6047 6048
f 6038 6048 6037
f 6037 6048 6049
f 6037 6049 6036
f 6036 6049 6050
f 6036 6050 6035
f 6035 6050 6051
f 6035 6051 6034
f 6034 6051 6052
f 6056 6070 6055
f 6055 6070 6072
f 6071 6063 6062
f 6062 6063 6064
f 6062 6064 6061
f 6061 6064 6065
f 6061 6065 6060
f 6060 6065 6066
f 6060 6066 6059
f 6059 6066 6067
f 6059 6067 6058
f 6058 6067 6068
f 6058 6068 6057
f 6057 6068 6069
f 6057 6069 6056
f 6056 6069 6070
f 6074 6090 6073
f 6073 6090 6081
f 6073 6081 6082
f 6090 6074 6089
f 6089 6074 6075
f 6089 6075 6088
f 6088 6075 6076
f 6088 6076 6087
f 6087 6076 6077
f 6087 6077 6086
f 6086 6077 6085
f 6085 6077 6078
f 6085 6078 6084
f 6084 6078 6079
f 6084 6079 6083
f 6083 6079 6080
f 6083 6080 6082
f 6082 6080 6073
f 6092 6106 6091
f 6091 6106 6108
f 6107 6099 6098
f 6098 6099 6100
f 6098 6100 6101
f 6092 6093 6106
f 6106 6093 6105
f 6105 6093 6094
f 6105 6094 6104
f 6104 6094 6095
f 6104 6095 6103
f 6103 6095 6096
f 6103 6096 6102
f 6102 6096 6097
f 6102 6097 6101
f 6101 6097 6098
f 6109 6110 6112
f 6112 6110 6111
f 6113 6114 6116
f 6116 6114 6115
f 6117 6118 6120
f 6120 6118 6119
f 6121 6122 6124
f 6124 6122 6123
f 6125 6126 6128
f 6128 6126 6127
f 6129 6130 6132
f 6132 6130 6131
f 6140 6133 6144
f 6144 6133 6134
f 6144 6134 6143
f 6143 6134 6135
f 6143 6135 6142
f 6142 6135 6136
f 6142 6136 6141
f 6141 6136 6137
f 6141 6137 6138
f 6141 6138 6146
f 6146 6138 6139
f 6146 6139 6145
f 6145 6139 6140
f 6145 6140 6144
f 6154 6147 6159
f 6159 6147 6148
f 6159 6148 6158
f 6158 6148 6149
f 6158 6149 6157
f 6157 6149 6150
f 6157 6150 6156
f 6156 6150 6151
f 6156 6151 6152
f 6156 6152 6155
f 6155 6152 6153
f 6155 6153 6160
f 6160 6153 6154
f 6160 6154 6159
f 6162 6176 6161
f 6161 6176 6177
f 6178 6169 6168
f 6168 6169 6170
f 6168 6170 6171
f 6162 6163 6176
f 6176 6163 6175
f 6175 6163 6164
f 6175 6164 6174
f 6174 6164 6165
f 6174 6165 6173
f 6173 6165 6166
f 6173 6166 6172
f 6172 6166 6167
f 6172 6167 6171
f 6171 6167 6168
f 6180 6182 6179
f 6179 6182 6183
f 6179 6183 6186
f 6186 6183 6184
f 6186 6184 6185
f 6180 6181 6182
f 6188 6191 6187
f 6187 6191 6192
f 6187 6192 6196
f 6196 6192 6193
f 6196 6193 6195
f 6195 6193 6194
f 6189 6190 6188
f 6188 6190 6191
f 6198 6216 6197
f 6197 6216 6217
f 6218 6207 6206
f 6206 6207 6208
f 6206 6208 6205
f 6205 6208 6209
f 6205 6209 6204
f 6204 6209 6210
f 6204 6210 6203
f 6203 6210 6211
f 6203 6211 6202
f 6202 6211 6212
f 6202 6212 6201
f 6201 6212 6213
f 6201 6213 6200
f 6200 6213 6214
f 6200 6214 6199
f 6199 6214 6215
f 6199 6215 6198
f 6198 6215 6216
f 6228 6219 6229
f 6229 6219 6220
f 6229 6220 6236
f 6236 6220 6221
f 6236 6221 6235
f 6235 6221 6222
f 6235 6222 6234
f 6234 6222 6223
f 6234 6223 6233
f 6233 6223 6224
f 6233 6224 6225
f 6233 6225 6232
f 6232 6225 6226
f 6232 6226 6231
f 6231 6226 6227
f 6231 6227 6230
f 6230 6227 6228
f 6230 6228 6229
f 6238 6256 6237
f 6237 6256 6257
f 6258 6247 6246
f 6246 6247 6248
f 6246 6248 6245
f 6245 6248 6249
f 6245 6249 6244
f 6244 6249 6250
f 6244 6250 6243
f 6243 6250 6251
f 6243 6251 6242
f 6242 6251 6252
f 6242 6252 6241
f 6241 6252 6253
f 6241 6253 6240
f 6240 6253 6254
f 6240 6254 6239
f 6239 6254 6255
f 6239 6255 6238
f 6238 6255 6256
f 6260 6276 6259
f 6259 6276 6267
f 6259 6267 6268
f 6276 6260 6275
f 6275 6260 6261
f 6275 6261 6274
f 6274 6261 6262
f 6274 6262 6273
f 6273 6262 6263
f 6273 6263 6272
f 6272 6263 6271
f 6271 6263 6264
f 6271 6264 6270
f 6270 6264 6265
f 6270 6265 6269
f 6269 6265 6266
f 6269 6266 6268
f 6268 6266 6259
f 6278 6292 6277
f 6277 6292 6294
f 6293 6285 6284
f 6284 6285 6286
f 6284 6286 6283
f 6283 6286 6287
f 6283 6287 6282
f 6282 6287 6288
f 6282 6288 6281
f 6281 6288 6289
f 6281 6289 6280
f 6280 6289 6290
f 6280 6290 6279
f 6279 6290 6291
f 6279 6291 6278
f 6278 6291 6292
f 6296 6312 6295
f 6295 6312 6303
f 6295 6303 6304
f 6312 6296 6311
f 6311 6296 6297
f 6311 6297 6310
f 6310 6297 6298
f 6310 6298 6309
f 6309 6298 6299
f 6309 6299 6308
f 6308 6299 6307
f 6307 6299 6300
f 6307 6300 6306
f 6306 6300 6301
f 6306 6301 6305
f 6305 6301 6302
f 6305 6302 6304
f 6304 6302 6295
f 6314 6328 6313
f 6313 6328 6330
f 6329 6321 6320
f 6320 6321 6322
f 6320 6322 6319
f 6319 6322 6323
f 6319 6323 6318
f 6318 6323 6324
f 6318 6324 6317
f 6317 6324 6325
f 6317 6325 6316
f 6316 6325 6326
f 6316 6326 6315
f 6315 6326 6327
f 6315 6327 6314
f 6314 6327 6328
f 6332 6348 6331
f 6331 6348 6339
f 6331 6339 6340
f 6348 6332 6347
f 6347 6332 6333
f 6347 6333 6346
f 6346 6333 6334
f 6346 6334 6345
f 6345 6334 6335
f 6345 6335 6344
f 6344 6335 6343
f 6343 6335 6336
f 6343 6336 6342
f 6342 6336 6337
f 6342 6337 6341
f 6341 6337 6338
f 6341 6338 6340
f 6340 6338 6331
f 6350 6366 6349
f 6349 6366 6357
f 6349 6357 6358
f 6366 6350 6365
f 6365 6350 6351
f 6365 6351 6364
f 6364 6351 6352
f 6364 6352 6363
f 6363 6352 6353
f 6363 6353 6362
f 6362 6353 6361
f 6361 6353 6354
f 6361 6354 6360
f 6360 6354 6355
f 6360 6355 6359
f 6359 6355 6356
f 6359 6356 6358
f 6358 6356 6349
f 6368 6386 6367
f 6367 6386 6387
f 6388 6377 6376
f 6376 6377 6378
f 6376 6378 6375
f 6375 6378 6379
f 6375 6379 6374
f 6374 6379 6380
f 6374 6380 6373
f 6373 6380 6381
f 6373 6381 6372
f 6372 6381 6382
f 6372 6382 6371
f 6371 6382 6383
f 6371 6383 6370
f 6370 6383 6384
f 6370 6384 6369
f 6369 6384 6385
f 6369 6385 6368
f 6368 6385 6386
f 6390 6404 6389
f 6389 6404 6406
f 6405 6397 6396
f 6396 6397 6398
f 6396 6398 6399
f 6390 6391 6404
f 6404 6391 6403
f 6403 6391 6392
f 6403 6392 6402
f 6402 6392 6393
f 6402 6393 6401
f 6401 6393 6394
f 6401 6394 6400
f 6400 6394 6395
f 6400 6395 6399
f 6399 6395 6396
f 6407 6408 6410
f 6410 6408 6409
f 6411 6412 6414
f 6414 6412 6413
f 6415 6416 6418
f 6418 6416 6417
f 6419 6420 6422
f 6422 6420 6421
f 6430 6423 6435
f 6435 6423 6424
f 6435 6424 6434
f 6434 6424 6425
f 6434 6425 6433
f 6433 6425 6426
f 6433 6426 6432
f 6432 6426 6427
f 6432 6427 6428
f 6432 6428 6431
f 6431 6428 6429
f 6431 6429 6436
f 6436 6429 6430
f 6436 6430 6435
f 6437 6438 6440
f 6440 6438 6439
f 6448 6441 6452
f 6452 6441 6442
f 6452 6442 6451
f 6451 6442 6443
f 6451 6443 6450
f 6450 6443 6444
f 6450 6444 6449
f 6449 6444 6445
f 6449 6445 6446
f 6449 6446 6454
f 6454 6446 6447
f 6454 6447 6453
f 6453 6447 6448
f 6453 6448 6452
f 6455 6456 6458
f 6458 6456 6457
f 6460 6462 6459
f 6459 6462 6463
f 6459 6463 6466
f 6466 6463 6464
f 6466 6464 6465
f 6460 6461 6462
f 6468 6471 6467
f 6467 6471 6472
f 6467 6472 6476
f 6476 6472 6473
f 6476 6473 6475
f 6475 6473 6474
f 6469 6470 6468
f 6468 6470 6471
f 6478 6496 6477
f 6477 6496 6497
f 6498 6487 6486
f 6486 6487 6488
f 6486 6488 6485
f 6485 6488 6489
f 6485 6489 6484
f 6484 6489 6490
f 6484 6490 6483
f 6483 6490 6491
f 6483 6491 6482
f 6482 6491 6492
f 6482 6492 6481
f 6481 6492 6493
f 6481 6493 6480
f 6480 6493 6494
f 6480 6494 6479
f 6479 6494 6495
f 6479 6495 6478
f 6478 6495 6496
f 6508 6499 6509
f 6509 6499 6500
f 6509 6500 6516
f 6516 6500 6501
f 6516 6501 6515
f 6515 6501 6502
f 6515 6502 6514
f 6514 6502 6503
f 6514 6503 6513
f 6513 6503 6504
f 6513 6504 6505
f 6513 6505 6512
f 6512 6505 6506
f 6512 6506 6511
f 6511 6506 6507
f 6511 6507 6510
f 6510 6507 6508
f 6510 6508 6509
f 6518 6532 6517
f 6517 6532 6533
f 6534 6525 6524
f 6524 6525 6526
f 6524 6526 6527
f 6518 6519 6532
f 6532 6519 6531
f 6531 6519 6520
f 6531 6520 6530
f 6530 6520 6521
f 6530 6521 6529
f 6529 6521 6522
f 6529 6522 6528
f 6528 6522 6523
f 6528 6523 6527
f 6527 6523 6524
f 6536 6550 6535
f 6535 6550 6552
f 6551 6543 6542
f 6542 6543 6544
f 6542 6544 6541
f 6541 6544 6545
f 6541 6545 6540
f 6540 6545 6546
f 6540 6546 6539
f 6539 6546 6547
f 6539 6547 6538
f 6538 6547 6548
f 6538 6548 6537
f 6537 6548 6549
f 6537 6549 6536
f 6536 6549 6550
f 6554 6570 6553
f 6553 6570 6561
f 6553 6561 6562
f 6570 6554 6569
f 6569 6554 6555
f 6569 6555 6568
f 6568 6555 6556
f 6568 6556 6567
f 6567 6556 6557
f 6567 6557 6566
f 6566 6557 6565
f 6565 6557 6558
f 6565 6558 6564
f 6564 6558 6559
f 6564 6559 6563
f 6563 6559 6560
f 6563 6560 6562
f 6562 6560 6553
f 6572 6588 6571
f 6571 6588 6579
f 6571 6579 6580
f 6588 6572 6587
f 6587 6572 6573
f 6587 6573 6586
f 6586 6573 6574
f 6586 6574 6585
f 6585 6574 6575
f 6585 6575 6584
f 6584 6575 6583
f 6583 6575 6576
f 6583 6576 6582
f 6582 6576 6577
f 6582 6577 6581
f 6581 6577 6578
f 6581 6578 6580
f 6580 6578 6571
f 6590 6608 6589
f 6589 6608 6609
f 6610 6599 6598
f 6598 6599 6600
f 6598 6600 6597
f 6597 6600 6601
f 6597 6601 6596
f 6596 6601 6602
f 6596 6602 6595
f 6595 6602 6603
f 6595 6603 6594
f 6594 6603 6604
f 6594 6604 6593
f 6593 6604 6605
f 6593 6605 6592
f 6592 6605 6606
f 6592 6606 6591
f 6591 6606 6607
f 6591 6607 6590
f 6590 6607 6608
f 6612 6630 6611
f 6611 6630 6631
f 6632 6621 6620
f 6620 6621 6622
f 6620 6622 6619
f 6619 6622 6623
f 6619 6623 6618
f 6618 6623 6624
f 6618 6624 6617
f 6617 6624 6625
f 6617 6625 6616
f 6616 6625 6626
f 6616 6626 6615
f 6615 6626 6627
f 6615 6627 6614
f 6614 6627 6628
f 6614 6628 6613
f 6613 6628 6629
f 6613 6629 6612
f 6612 6629 6630
f 6634 6650 6633
f 6633 6650 6641
f 6633 6641 6642
f 6650 6634 6649
f 6649 6634 6635
f 6649 6635 6648
f 6648 6635 6636
f 6648 6636 6647
f 6647 6636 6637
f 6647 6637 6646
f 6646 6637 6645
f 6645 6637 6638
f 6645 6638 6644
f 6644 6638 6639
f 6644 6639 6643
f 6643 6639 6640
f 6643 6640 6642
f 6642 6640 6633
f 6652 6666 6651
f 6651 6666 6668
f 6667 6659 6658
f 6658 6659 6660
f 6658 6660 6657
f 6657 6660 6661
f 6657 6661 6656
f 6656 6661 6662
f 6656 6662 6655
f 6655 6662 6663
f 6655 6663 6654
f 6654 6663 6664
f 6654 6664 6653
f 6653 6664 6665
f 6653 6665 6652
f 6652 6665 6666
f 6670 6686 6669
f 6669 6686 6677
f 6669 6677 6678
f 6686 6670 6685
f 6685 6670 6671
f 6685 6671 6684
f 6684 6671 6672
f 6684 6672 6683
f 6683 6672 6673
f 6683 6673 6682
f 6682 6673 6681
f 6681 6673 6674
f 6681 6674 6680
f 6680 6674 6675
f 6680 6675 6679
f 6679 6675 6676
f 6679 6676 6678
f 6678 6676 6669
f 6688 6702 6687
f 6687 6702 6704
f 6703 6695 6694
f 6694 6695 6696
f 6694 6696 6697
f 6688 6689 6702
f 6702 6689 6701
f 6701 6689 6690
f 6701 6690 6700
f 6700 6690 6691
f 6700 6691 6699
f 6699 6691 6692
f 6699 6692 6698
f 6698 6692 6693
f 6698 6693 6697
f 6697 6693 6694
f 6712 6705 6717
f 6717 6705 6706
f 6717 6706 6716
f 6716 6706 6707
f 6716 6707 6715
f 6715 6707 6708
f 6715 6708 6714
f 6714 6708 6709
f 6714 6709 6710
f 6714 6710 6713
f 6713 6710 6711
f 6713 6711 6718
f 6718 6711 6712
f 6718 6712 6717
f 6719 6720 6722
f 6722 6720 6721
f 6723 6724 6726
f 6726 6724 6725
f 6727 6728 6730
f 6730 6728 6729
f 6738 6731 6742
f 6742 6731 6732
f 6742 6732 6741
f 6741 6732 6733
f 6741 6733 6740
f 6740 6733 6734
f 6740 6734 6739
f 6739 6734 6735
f 6739 6735 6736
f 6739 6736 6744
f 6744 6736 6737
f 6744 6737 6743
f 6743 6737 6738
f 6743 6738 6742
f 6745 6746 6748
f 6748 6746 6747
f 6749 6750 6752
f 6752 6750 6751
f 6753 6754 6756
f 6756 6754 6755
