v -0.006004999876 0.07800000191 0.008692133856
v -0.004525115192 0.07800000191 0.009546549756
v -0.004525115192 0.07800000191 0.01125538146
v -0.006004999876 0.07800000191 0.01210979736
v -0.007484884858 0.07800000191 0.01125538146
v -0.007484884858 0.07800000191 0.009546549756
v -0.006004999876 0.07800000191 0.008692133856
v -0.007484884858 0.07800000191 0.009546549756
v -0.007484884858 0.07800000191 0.01125538146
v -0.006004999876 0.07800000191 0.01210979736
v -0.004525115192 0.07800000191 0.01125538146
v -0.004525115192 0.07800000191 0.009546549756
v -0.006004999876 0.07880000114 0.008400957956
v -0.004441336989 0.07880000114 0.009153979256
v -0.004055144191 0.07880000114 0.01084600726
v -0.005137232542 0.07880000114 0.01220289506
v -0.00687276721 0.07880000114 0.01220289506
v -0.007954855561 0.07880000114 0.01084600726
v -0.007568662763 0.07880000114 0.009153979256
v -0.006004999876 0.07800000191 0.008692133856
v -0.006004999876 0.07880000114 0.008400957956
v -0.006004999876 0.07880000114 0.008400957956
v -0.007568662763 0.07880000114 0.009153979256
v -0.007954855561 0.07880000114 0.01084600726
v -0.00687276721 0.07880000114 0.01220289506
v -0.005137232542 0.07880000114 0.01220289506
v -0.004055144191 0.07880000114 0.01084600726
v -0.004441336989 0.07880000114 0.009153979256
v -0.006004999876 0.09270000458 0.01240097326
v -0.007568662763 0.09270000458 0.01164795196
v -0.007954855561 0.09270000458 0.009955923956
v -0.00687276721 0.09270000458 0.008599036156
v -0.005137232542 0.09270000458 0.008599036156
v -0.004055144191 0.09270000458 0.009955923956
v -0.004441336989 0.09270000458 0.01164795196
v -0.00687276721 0.09270000458 0.008599036156
v -0.006004999876 0.07880000114 0.008400957956
v -0.006004999876 0.09350000381 0.01210979736
v -0.007484884858 0.09350000381 0.01125538146
v -0.007484884858 0.09350000381 0.009546549756
v -0.006004999876 0.09350000381 0.008692133856
v -0.004525115192 0.09350000381 0.009546549756
v -0.004525115192 0.09350000381 0.01125538146
v -0.006004999876 0.09270000458 0.01240097326
v -0.004441336989 0.09270000458 0.01164795196
v -0.004055144191 0.09270000458 0.009955923956
v -0.005137232542 0.09270000458 0.008599036156
v -0.00687276721 0.09270000458 0.008599036156
v -0.007954855561 0.09270000458 0.009955923956
v -0.007568662763 0.09270000458 0.01164795196
v -0.005137232542 0.09270000458 0.008599036156
v -0.006004999876 0.09350000381 0.008692133856
v -0.006004999876 0.09350000381 0.01210979736
v -0.004525115192 0.09350000381 0.01125538146
v -0.004525115192 0.09350000381 0.009546549756
v -0.006004999876 0.09350000381 0.008692133856
v -0.007484884858 0.09350000381 0.009546549756
v -0.007484884858 0.09350000381 0.01125538146
v -0.008000000119 0.1089999962 -0.03201561654
v -0.002690512836 0.1089999962 -0.03289013584
v 0.002690512836 0.1089999962 -0.03289013584
v 0.008000000119 0.1089999962 -0.03201561654
v 0.008500000238 0.1085000038 -0.03188651764
v 0.008500000238 0.1080000019 -0.03188651764
v 0.01464743257 0.1080000019 -0.02957114894
v 0.02021445751 0.1080000019 -0.02608401024
v 0.02498047829 0.1080000019 -0.02156329834
v 0.02875664473 0.1080000019 -0.01618812284
v 0.02875664473 0.1119999981 -0.01618812284
v 0.02919325829 0.1119999981 -0.01538679794
v 0.0296075511 0.1119999981 -0.01457370484
v 0.02999919891 0.1119999981 -0.01374947274
v 0.02999919891 0.1080000019 -0.01374947274
v 0.03224107265 0.1080000019 -0.007036568744
v 0.03299999952 0.1080000019 2.755596473e-09
v 0.03224107265 0.1080000019 0.007036555156
v 0.02999919891 0.1080000019 0.01374946876
v 0.02999919891 0.1119999981 0.01374946876
v 0.0296075511 0.1119999981 0.01457371036
v 0.02919325829 0.1119999981 0.01538679396
v 0.02875664473 0.1119999981 0.01618812836
v 0.02875664473 0.1080000019 0.01618812836
v 0.02498047829 0.1080000019 0.02156328476
v 0.02021445751 0.1080000019 0.02608400626
v 0.01464743257 0.1080000019 0.02957115456
v 0.008500000238 0.1080000019 0.03188652316
v 0.008500000238 0.1085000038 0.03188652316
v 0.008000000119 0.1089999962 0.03201561256
v 0.002690512836 0.1089999962 0.03289013186
v -0.002690512836 0.1089999962 0.03289013186
v -0.008000000119 0.1089999962 0.03201561256
v -0.008500000238 0.1085000038 0.03188652316
v -0.008500000238 0.1080000019 0.03188652316
v -0.01464743257 0.1080000019 0.02957115456
v -0.02021445751 0.1080000019 0.02608400626
v -0.02498047829 0.1080000019 0.02156328476
v -0.02875664473 0.1080000019 0.01618812836
v -0.02875664473 0.1119999981 0.01618812836
v -0.02919325829 0.1119999981 0.01538679396
v -0.0296075511 0.1119999981 0.01457371036
v -0.02999919891 0.1119999981 0.01374946876
v -0.02999919891 0.1080000019 0.01374946876
v -0.03224107265 0.1080000019 0.007036555156
v -0.03299999952 0.1080000019 2.755596473e-09
v -0.03224107265 0.1080000019 -0.007036568744
v -0.02999919891 0.1080000019 -0.01374947274
v -0.02999919891 0.1119999981 -0.01374947274
v -0.0296075511 0.1119999981 -0.01457370484
v -0.02919325829 0.1119999981 -0.01538679794
v -0.02875664473 0.1119999981 -0.01618812284
v -0.02875664473 0.1080000019 -0.01618812284
v -0.02498047829 0.1080000019 -0.02156329834
v -0.02021445751 0.1080000019 -0.02608401024
v -0.01464743257 0.1080000019 -0.02957114894
v -0.008500000238 0.1080000019 -0.03188651764
v -0.008500000238 0.1085000038 -0.03188651764
v -1.040950011e-18 0.1060000038 -0.03299999914
v -0.007897416949 0.1060000038 -0.03204107964
v -0.01533586502 0.1060000038 -0.02922004424
v -0.02188304663 0.1060000038 -0.02470085824
v -0.02715846777 0.1060000038 -0.01874613484
v -0.03085553646 0.1060000038 -0.01170196254
v -0.03275939226 0.1060000038 -0.003977715544
v -0.03275939226 0.1060000038 0.003977702056
v -0.03085553646 0.1060000038 0.01170196806
v -0.02715846777 0.1060000038 0.01874613086
v -0.02188304663 0.1060000038 0.02470085426
v -0.01533586502 0.1060000038 0.02922004976
v -0.007897416949 0.1060000038 0.03204107566
v 3.061611978e-19 0.1060000038 0.03299999516
v 0.007897416949 0.1060000038 0.03204107566
v 0.01533586502 0.1060000038 0.02922004976
v 0.02188304663 0.1060000038 0.02470085426
v 0.02715846777 0.1060000038 0.01874613086
v 0.03085553646 0.1060000038 0.01170196806
v 0.03275939226 0.1060000038 0.003977702056
v 0.03275939226 0.1060000038 -0.003977715544
v 0.03085553646 0.1060000038 -0.01170196254
v 0.02715846777 0.1060000038 -0.01874613484
v 0.02188304663 0.1060000038 -0.02470085824
v 0.01533586502 0.1060000038 -0.02922004424
v 0.007897416949 0.1060000038 -0.03204107964
v -0.002690512836 0.1089999962 -0.03289013584
v -1.040950011e-18 0.1060000038 -0.03299999914
v -0.04123105526 0.1060000038 0.006999991356
v -0.04078736305 0.1060000038 0.007103827356
v -0.04043580055 0.1060000038 0.007393725356
v -0.04024936676 0.1060000038 0.007809527356
v -0.03999141455 0.1060000038 0.009038069656
v -0.0396959734 0.1060000038 0.01025816246
v -0.03936331749 0.1060000038 0.01146862306
v -0.03929069042 0.1060000038 0.01219774526
v -0.03948553801 0.1060000038 0.01290407456
v -0.03992171288 0.1060000038 0.01349285406
v -0.04087883949 0.1060000038 0.01565359396
v -0.03997446537 0.1060000038 0.01783693596
v -0.03776979685 0.1060000038 0.01868803306
v -0.03704505682 0.1060000038 0.01879593176
v -0.03640781641 0.1060000038 0.01915760316
v -0.0359436059 0.1060000038 0.01972452446
v -0.03159767628 0.1060000038 0.02612636846
v -0.02612636328 0.1060000038 0.03159767426
v -0.01972453117 0.1060000038 0.03594360626
v -0.01915760994 0.1060000038 0.03640781676
v -0.01879592776 0.1060000038 0.03704506196
v -0.01868803024 0.1060000038 0.03776979726
v -0.01783694386 0.1060000038 0.03997446336
v -0.01565359235 0.1060000038 0.04087883276
v -0.01349284649 0.1060000038 0.03992170616
v -0.01290408254 0.1060000038 0.03948553366
v -0.01219773769 0.1060000038 0.03929069796
v -0.01146861792 0.1060000038 0.03936331076
v -0.003868803382 0.1060000038 0.04081705376
v 0.003868803382 0.1060000038 0.04081705376
v 0.01146861792 0.1060000038 0.03936331076
v 0.01219773769 0.1060000038 0.03929069796
v 0.01290408254 0.1060000038 0.03948553366
v 0.01349284649 0.1060000038 0.03992170616
v 0.01565359235 0.1060000038 0.04087883276
v 0.01783694386 0.1060000038 0.03997446336
v 0.01868803024 0.1060000038 0.03776979726
v 0.01879592776 0.1060000038 0.03704506196
v 0.01915760994 0.1060000038 0.03640781676
v 0.01972453117 0.1060000038 0.03594360626
v 0.02612636328 0.1060000038 0.03159767426
v 0.03159767628 0.1060000038 0.02612636846
v 0.0359436059 0.1060000038 0.01972452446
v 0.03640781641 0.1060000038 0.01915760316
v 0.03704505682 0.1060000038 0.01879593176
v 0.03776979685 0.1060000038 0.01868803306
v 0.03997446537 0.1060000038 0.01783693596
v 0.04087883949 0.1060000038 0.01565359396
v 0.03992171288 0.1060000038 0.01349285406
v 0.03948553801 0.1060000038 0.01290407456
v 0.03929069042 0.1060000038 0.01219774526
v 0.03936331749 0.1060000038 0.01146862306
v 0.04081706047 0.1060000038 0.003868811556
v 0.04081706047 0.1060000038 -0.003868805944
v 0.03936331749 0.1060000038 -0.01146861754
v 0.03929069042 0.1060000038 -0.01219773964
v 0.03948553801 0.1060000038 -0.01290407854
v 0.03992171288 0.1060000038 -0.01349284844
v 0.04087883949 0.1060000038 -0.01565358834
v 0.03997446537 0.1060000038 -0.01783693994
v 0.03776979685 0.1060000038 -0.01868802744
v 0.03704505682 0.1060000038 -0.01879592614
v 0.03640781641 0.1060000038 -0.01915760714
v 0.0359436059 0.1060000038 -0.01972452844
v 0.03159767628 0.1060000038 -0.02612636284
v 0.02612636328 0.1060000038 -0.03159767824
v 0.01972453117 0.1060000038 -0.03594361024
v 0.01915760994 0.1060000038 -0.03640782074
v 0.01879592776 0.1060000038 -0.03704505644
v 0.01868803024 0.1060000038 -0.03776979164
v 0.01783694386 0.1060000038 -0.03997446734
v 0.01565359235 0.1060000038 -0.04087883674
v 0.01349284649 0.1060000038 -0.03992171014
v 0.01290408254 0.1060000038 -0.03948553764
v 0.01219773769 0.1060000038 -0.03929069244
v 0.01146861792 0.1060000038 -0.03936331474
v 0.003868803382 0.1060000038 -0.04081705774
v -0.003868803382 0.1060000038 -0.04081705774
v -0.01146861792 0.1060000038 -0.03936331474
v -0.01219773769 0.1060000038 -0.03929069244
v -0.01290408254 0.1060000038 -0.03948553764
v -0.01349284649 0.1060000038 -0.03992171014
v -0.01565359235 0.1060000038 -0.04087883674
v -0.01783694386 0.1060000038 -0.03997446734
v -0.01868803024 0.1060000038 -0.03776979164
v -0.01879592776 0.1060000038 -0.03704505644
v -0.01915760994 0.1060000038 -0.03640782074
v -0.01972453117 0.1060000038 -0.03594361024
v -0.02612636328 0.1060000038 -0.03159767824
v -0.03159767628 0.1060000038 -0.02612636284
v -0.0359436059 0.1060000038 -0.01972452844
v -0.03640781641 0.1060000038 -0.01915760714
v -0.03704505682 0.1060000038 -0.01879592614
v -0.03776979685 0.1060000038 -0.01868802744
v -0.03997446537 0.1060000038 -0.01783693994
v -0.04087883949 0.1060000038 -0.01565358834
v -0.03992171288 0.1060000038 -0.01349284844
v -0.03948553801 0.1060000038 -0.01290407854
v -0.03929069042 0.1060000038 -0.01219773964
v -0.03936331749 0.1060000038 -0.01146861754
v -0.0396959734 0.1060000038 -0.01025815684
v -0.03999141455 0.1060000038 -0.009038083144
v -0.04024936676 0.1060000038 -0.007809521744
v -0.04043580055 0.1060000038 -0.007393719744
v -0.04078736305 0.1060000038 -0.007103821844
v -0.04123105526 0.1060000038 -0.007000004844
v -0.04207433701 0.1060000038 -0.007000004844
v -0.04253290653 0.1060000038 -0.006888653844
v -0.04288936138 0.1060000038 -0.006579434444
v -0.04306432247 0.1060000038 -0.006141182944
v -0.04345151901 0.1060000038 -0.002053162644
v -0.04345151901 0.1060000038 0.002053149156
v -0.04306432247 0.1060000038 0.006141169456
v -0.04288936138 0.1060000038 0.006579440056
v -0.04253290653 0.1060000038 0.006888659356
v -0.04207433701 0.1060000038 0.006999991356
v 0.03901043177 0.1060000038 -0.01455864624
v 0.03746495008 0.1060000038 -0.01414454184
v 0.03633358002 0.1060000038 -0.01527591424
v 0.03674768925 0.1060000038 -0.01682139114
v 0.03829317093 0.1060000038 -0.01723550514
v 0.039424541 0.1060000038 -0.01610413274
v 0.01729002118 0.1060000038 -0.03787906364
v 0.01649002075 0.1060000038 -0.03649342264
v 0.01489002109 0.1060000038 -0.03649342264
v 0.01409002066 0.1060000038 -0.03787906364
v 0.01489002109 0.1060000038 -0.03926470474
v 0.01649002075 0.1060000038 -0.03926470474
v -0.01455865026 0.1060000038 -0.03901043614
v -0.01414453983 0.1060000038 -0.03746494974
v -0.0152759099 0.1060000038 -0.03633357724
v -0.01682139158 0.1060000038 -0.03674769124
v -0.017235502 0.1060000038 -0.03829316814
v -0.01610413074 0.1060000038 -0.03942454064
v -0.0378790617 0.1060000038 -0.01729001724
v -0.0364934206 0.1060000038 -0.01649001794
v -0.0364934206 0.1060000038 -0.01489001954
v -0.0378790617 0.1060000038 -0.01409002024
v -0.03926470041 0.1060000038 -0.01489001954
v -0.03926470041 0.1060000038 -0.01649001794
v -0.03901043177 0.1060000038 0.01455864226
v -0.03746495008 0.1060000038 0.01414453786
v -0.03633358002 0.1060000038 0.01527590076
v -0.03674768925 0.1060000038 0.01682138716
v -0.03829317093 0.1060000038 0.01723551076
v -0.039424541 0.1060000038 0.01610412876
v -0.01729002118 0.1060000038 0.03787906926
v -0.01649002075 0.1060000038 0.03649341856
v -0.01489002109 0.1060000038 0.03649341856
v -0.01409002066 0.1060000038 0.03787906926
v -0.01489002109 0.1060000038 0.03926470076
v -0.01649002075 0.1060000038 0.03926470076
v 0.01455865026 0.1060000038 0.03901043216
v 0.01414453983 0.1060000038 0.03746494566
v 0.0152759099 0.1060000038 0.03633358276
v 0.01682139158 0.1060000038 0.03674768726
v 0.017235502 0.1060000038 0.03829317366
v 0.01610413074 0.1060000038 0.03942453666
v 0.0378790617 0.1060000038 0.01729002276
v 0.0364934206 0.1060000038 0.01649002356
v 0.0364934206 0.1060000038 0.01489002506
v 0.0378790617 0.1060000038 0.01409002586
v 0.03926470041 0.1060000038 0.01489002506
v 0.03926470041 0.1060000038 0.01649002356
v -1.040950011e-18 0.1060000038 -0.03299999914
v 0.007897416949 0.1060000038 -0.03204107964
v 0.01533586502 0.1060000038 -0.02922004424
v 0.02188304663 0.1060000038 -0.02470085824
v 0.02715846777 0.1060000038 -0.01874613484
v 0.03085553646 0.1060000038 -0.01170196254
v 0.03275939226 0.1060000038 -0.003977715544
v 0.03275939226 0.1060000038 0.003977702056
v 0.03085553646 0.1060000038 0.01170196806
v 0.02715846777 0.1060000038 0.01874613086
v 0.02188304663 0.1060000038 0.02470085426
v 0.01533586502 0.1060000038 0.02922004976
v 0.007897416949 0.1060000038 0.03204107566
v 3.061611978e-19 0.1060000038 0.03299999516
v -0.007897416949 0.1060000038 0.03204107566
v -0.01533586502 0.1060000038 0.02922004976
v -0.02188304663 0.1060000038 0.02470085426
v -0.02715846777 0.1060000038 0.01874613086
v -0.03085553646 0.1060000038 0.01170196806
v -0.03275939226 0.1060000038 0.003977702056
v -0.03275939226 0.1060000038 -0.003977715544
v -0.03085553646 0.1060000038 -0.01170196254
v -0.02715846777 0.1060000038 -0.01874613484
v -0.02188304663 0.1060000038 -0.02470085824
v -0.01533586502 0.1060000038 -0.02922004424
v -0.007897416949 0.1060000038 -0.03204107964
v -0.008000000119 0.1089999962 0.03201561256
v -0.002690512836 0.1089999962 0.03289013186
v 0.002690512836 0.1089999962 0.03289013186
v 0.008000000119 0.1089999962 0.03201561256
v 0.008000000119 0.1089999962 0.03020864766
v 0.002693342268 0.1089999962 0.03113371176
v -0.002693342268 0.1089999962 0.03113371176
v -0.008000000119 0.1089999962 0.03020864766
v 0.008500000238 0.1085000038 0.03188652316
v 0.008500000238 0.1085000038 0.03007179536
v 0.008000000119 0.1089999962 0.03020864766
v 0.008000000119 0.1089999962 0.03201561256
v 0.008500000238 0.1080000019 0.03188652316
v 0.008500000238 0.1080000019 0.03007179536
v 0.008500000238 0.1085000038 0.03007179536
v 0.008500000238 0.1085000038 0.03188652316
v 0.02667486429 0.1080000019 0.01627926146
v 0.02183759928 0.1080000019 0.02235355656
v 0.01565200448 0.1080000019 0.02704769416
v 0.008500000238 0.1080000019 0.03007179536
v 0.008500000238 0.1080000019 0.03188652316
v 0.01464743257 0.1080000019 0.02957115456
v 0.02021445751 0.1080000019 0.02608400626
v 0.02498047829 0.1080000019 0.02156328476
v 0.02875664473 0.1080000019 0.01618812836
v 0.02808255196 0.1080000019 0.01642895026
v 0.0273674202 0.1080000019 0.01646024986
v 0.008000000119 0.1089999962 -0.03201561654
v 0.002690512836 0.1089999962 -0.03289013584
v -0.002690512836 0.1089999962 -0.03289013584
v -0.008000000119 0.1089999962 -0.03201561654
v -0.008000000119 0.1089999962 -0.03020865164
v -0.002693342268 0.1089999962 -0.03113371574
v 0.002693342268 0.1089999962 -0.03113371574
v 0.008000000119 0.1089999962 -0.03020865164
v 0.02999919891 0.1080000019 -0.01374947274
v 0.02979780674 0.1080000019 -0.01306256974
v 0.02940278769 0.1080000019 -0.01246561724
v 0.02884928465 0.1080000019 -0.01201171594
v 0.03064394474 0.1080000019 -0.006124627244
v 0.03125 0.1080000019 2.755596473e-09
v 0.03064394474 0.1080000019 0.006124632756
v 0.02884928465 0.1080000019 0.01201172156
v 0.02940278769 0.1080000019 0.01246561326
v 0.02979780674 0.1080000019 0.01306257526
v 0.02999919891 0.1080000019 0.01374946876
v 0.03224107265 0.1080000019 0.007036555156
v 0.03299999952 0.1080000019 2.755596473e-09
v 0.03224107265 0.1080000019 -0.007036568744
v -0.04123105526 0.1060000038 0.006999991356
v -0.04123105526 0.1039999962 0.006999991356
v -0.04078736305 0.1039999962 0.007103827356
v -0.04043580055 0.1039999962 0.007393725356
v -0.04024936676 0.1039999962 0.007809527356
v -0.04024936676 0.1060000038 0.007809527356
v -0.04043580055 0.1060000038 0.007393725356
v -0.04078736305 0.1060000038 0.007103827356
v 0.008500000238 0.1085000038 -0.03007178984
v 0.008500000238 0.1085000038 -0.03188651764
v 0.008000000119 0.1089999962 -0.03201561654
v 0.008000000119 0.1089999962 -0.03020865164
v -0.008500000238 0.1085000038 -0.03188651764
v -0.008500000238 0.1085000038 -0.03007178984
v -0.008000000119 0.1089999962 -0.03020865164
v -0.008000000119 0.1089999962 -0.03201561654
v -0.04123105526 0.1060000038 0.006999991356
v -0.04207433701 0.1060000038 0.006999991356
v -0.04207433701 0.1039999962 0.006999991356
v -0.04123105526 0.1039999962 0.006999991356
v 0.008500000238 0.1080000019 -0.03188651764
v 0.008500000238 0.1080000019 -0.03007178984
v 0.01565200448 0.1080000019 -0.02704768854
v 0.02183759928 0.1080000019 -0.02235356054
v 0.02667486429 0.1080000019 -0.01627925594
v 0.0273674202 0.1080000019 -0.01646025384
v 0.02808255196 0.1080000019 -0.01642894464
v 0.02875664473 0.1080000019 -0.01618812284
v 0.02498047829 0.1080000019 -0.02156329834
v 0.02021445751 0.1080000019 -0.02608401024
v 0.01464743257 0.1080000019 -0.02957114894
v 0.03901043177 0.1039999962 -0.01455864624
v 0.03746495008 0.1039999962 -0.01414454184
v 0.03633358002 0.1039999962 -0.01527591424
v 0.03674768925 0.1039999962 -0.01682139114
v 0.03829317093 0.1039999962 -0.01723550514
v 0.039424541 0.1039999962 -0.01610413274
v 0.03901043177 0.1060000038 -0.01455864624
v 0.039424541 0.1060000038 -0.01610413274
v 0.03829317093 0.1060000038 -0.01723550514
v 0.03674768925 0.1060000038 -0.01682139114
v 0.03633358002 0.1060000038 -0.01527591424
v 0.03746495008 0.1060000038 -0.01414454184
v 0.03901043177 0.1039999962 -0.01455864624
v 0.03901043177 0.1060000038 -0.01455864624
v -0.03936331749 0.1060000038 0.01146862306
v -0.0396959734 0.1060000038 0.01025816246
v -0.03999141455 0.1060000038 0.009038069656
v -0.04024936676 0.1060000038 0.007809527356
v -0.04024936676 0.1039999962 0.007809527356
v -0.03999141455 0.1039999962 0.009038069656
v -0.0396959734 0.1039999962 0.01025816246
v -0.03936331749 0.1039999962 0.01146862306
v 0.008500000238 0.1080000019 -0.03188651764
v 0.008500000238 0.1085000038 -0.03188651764
v 0.008500000238 0.1085000038 -0.03007178984
v 0.008500000238 0.1080000019 -0.03007178984
v -0.008500000238 0.1080000019 -0.03007178984
v -0.008500000238 0.1085000038 -0.03007178984
v -0.008500000238 0.1085000038 -0.03188651764
v -0.008500000238 0.1080000019 -0.03188651764
v -0.04123105526 0.1039999962 0.006999991356
v -0.04207433701 0.1039999962 0.006999991356
v -0.04253290653 0.1039999962 0.006888659356
v -0.04288936138 0.1039999962 0.006579440056
v -0.04306432247 0.1039999962 0.006141169456
v -0.04345151901 0.1039999962 0.002053149156
v -0.04345151901 0.1039999962 -0.002053162644
v -0.04306432247 0.1039999962 -0.006141182944
v -0.04288936138 0.1039999962 -0.006579434444
v -0.04253290653 0.1039999962 -0.006888653844
v -0.04207433701 0.1039999962 -0.007000004844
v -0.04123105526 0.1039999962 -0.007000004844
v -0.04078736305 0.1039999962 -0.007103821844
v -0.04043580055 0.1039999962 -0.007393719744
v -0.04024936676 0.1039999962 -0.007809521744
v -0.03999141455 0.1039999962 -0.009038083144
v -0.0396959734 0.1039999962 -0.01025815684
v -0.03936331749 0.1039999962 -0.01146861754
v -0.03929069042 0.1039999962 -0.01219773964
v -0.03948553801 0.1039999962 -0.01290407854
v -0.03992171288 0.1039999962 -0.01349284844
v -0.04087883949 0.1039999962 -0.01565358834
v -0.03997446537 0.1039999962 -0.01783693994
v -0.03776979685 0.1039999962 -0.01868802744
v -0.03704505682 0.1039999962 -0.01879592614
v -0.03640781641 0.1039999962 -0.01915760714
v -0.0359436059 0.1039999962 -0.01972452844
v -0.03159767628 0.1039999962 -0.02612636284
v -0.02612636328 0.1039999962 -0.03159767824
v -0.01972453117 0.1039999962 -0.03594361024
v -0.01915760994 0.1039999962 -0.03640782074
v -0.01879592776 0.1039999962 -0.03704505644
v -0.01868803024 0.1039999962 -0.03776979164
v -0.01783694386 0.1039999962 -0.03997446734
v -0.01565359235 0.1039999962 -0.04087883674
v -0.01349284649 0.1039999962 -0.03992171014
v -0.01290408254 0.1039999962 -0.03948553764
v -0.01219773769 0.1039999962 -0.03929069244
v -0.01146861792 0.1039999962 -0.03936331474
v -0.003868803382 0.1039999962 -0.04081705774
v 0.003868803382 0.1039999962 -0.04081705774
v 0.01146861792 0.1039999962 -0.03936331474
v 0.01219773769 0.1039999962 -0.03929069244
v 0.01290408254 0.1039999962 -0.03948553764
v 0.01349284649 0.1039999962 -0.03992171014
v 0.01565359235 0.1039999962 -0.04087883674
v 0.01783694386 0.1039999962 -0.03997446734
v 0.01868803024 0.1039999962 -0.03776979164
v 0.01879592776 0.1039999962 -0.03704505644
v 0.01915760994 0.1039999962 -0.03640782074
v 0.01972453117 0.1039999962 -0.03594361024
v 0.02612636328 0.1039999962 -0.03159767824
v 0.03159767628 0.1039999962 -0.02612636284
v 0.0359436059 0.1039999962 -0.01972452844
v 0.03640781641 0.1039999962 -0.01915760714
v 0.03704505682 0.1039999962 -0.01879592614
v 0.03776979685 0.1039999962 -0.01868802744
v 0.03997446537 0.1039999962 -0.01783693994
v 0.04087883949 0.1039999962 -0.01565358834
v 0.03992171288 0.1039999962 -0.01349284844
v 0.03948553801 0.1039999962 -0.01290407854
v 0.03929069042 0.1039999962 -0.01219773964
v 0.03936331749 0.1039999962 -0.01146861754
v 0.04081706047 0.1039999962 -0.003868805944
v 0.04081706047 0.1039999962 0.003868811556
v 0.03936331749 0.1039999962 0.01146862306
v 0.03929069042 0.1039999962 0.01219774526
v 0.03948553801 0.1039999962 0.01290407456
v 0.03992171288 0.1039999962 0.01349285406
v 0.04087883949 0.1039999962 0.01565359396
v 0.03997446537 0.1039999962 0.01783693596
v 0.03776979685 0.1039999962 0.01868803306
v 0.03704505682 0.1039999962 0.01879593176
v 0.03640781641 0.1039999962 0.01915760316
v 0.0359436059 0.1039999962 0.01972452446
v 0.03159767628 0.1039999962 0.02612636846
v 0.02612636328 0.1039999962 0.03159767426
v 0.01972453117 0.1039999962 0.03594360626
v 0.01915760994 0.1039999962 0.03640781676
v 0.01879592776 0.1039999962 0.03704506196
v 0.01868803024 0.1039999962 0.03776979726
v 0.01783694386 0.1039999962 0.03997446336
v 0.01565359235 0.1039999962 0.04087883276
v 0.01349284649 0.1039999962 0.03992170616
v 0.01290408254 0.1039999962 0.03948553366
v 0.01219773769 0.1039999962 0.03929069796
v 0.01146861792 0.1039999962 0.03936331076
v 0.003868803382 0.1039999962 0.04081705376
v -0.003868803382 0.1039999962 0.04081705376
v -0.01146861792 0.1039999962 0.03936331076
v -0.01219773769 0.1039999962 0.03929069796
v -0.01290408254 0.1039999962 0.03948553366
v -0.01349284649 0.1039999962 0.03992170616
v -0.01565359235 0.1039999962 0.04087883276
v -0.01783694386 0.1039999962 0.03997446336
v -0.01868803024 0.1039999962 0.03776979726
v -0.01879592776 0.1039999962 0.03704506196
v -0.01915760994 0.1039999962 0.03640781676
v -0.01972453117 0.1039999962 0.03594360626
v -0.02612636328 0.1039999962 0.03159767426
v -0.03159767628 0.1039999962 0.02612636846
v -0.0359436059 0.1039999962 0.01972452446
v -0.03640781641 0.1039999962 0.01915760316
v -0.03704505682 0.1039999962 0.01879593176
v -0.03776979685 0.1039999962 0.01868803306
v -0.03997446537 0.1039999962 0.01783693596
v -0.04087883949 0.1039999962 0.01565359396
v -0.03992171288 0.1039999962 0.01349285406
v -0.03948553801 0.1039999962 0.01290407456
v -0.03929069042 0.1039999962 0.01219774526
v -0.03936331749 0.1039999962 0.01146862306
v -0.0396959734 0.1039999962 0.01025816246
v -0.03999141455 0.1039999962 0.009038069656
v -0.04024936676 0.1039999962 0.007809527356
v -0.04043580055 0.1039999962 0.007393725356
v -0.04078736305 0.1039999962 0.007103827356
v 0.0378790617 0.1039999962 0.01729002276
v 0.03926470041 0.1039999962 0.01649002356
v 0.03926470041 0.1039999962 0.01489002506
v 0.0378790617 0.1039999962 0.01409002586
v 0.0364934206 0.1039999962 0.01489002506
v 0.0364934206 0.1039999962 0.01649002356
v 0.01455865026 0.1039999962 0.03901043216
v 0.01610413074 0.1039999962 0.03942453666
v 0.017235502 0.1039999962 0.03829317366
v 0.01682139158 0.1039999962 0.03674768726
v 0.0152759099 0.1039999962 0.03633358276
v 0.01414453983 0.1039999962 0.03746494566
v -0.01729002118 0.1039999962 0.03787906926
v -0.01649002075 0.1039999962 0.03926470076
v -0.01489002109 0.1039999962 0.03926470076
v -0.01409002066 0.1039999962 0.03787906926
v -0.01489002109 0.1039999962 0.03649341856
v -0.01649002075 0.1039999962 0.03649341856
v -0.03901043177 0.1039999962 0.01455864226
v -0.039424541 0.1039999962 0.01610412876
v -0.03829317093 0.1039999962 0.01723551076
v -0.03674768925 0.1039999962 0.01682138716
v -0.03633358002 0.1039999962 0.01527590076
v -0.03746495008 0.1039999962 0.01414453786
v -0.0378790617 0.1039999962 -0.01729001724
v -0.03926470041 0.1039999962 -0.01649001794
v -0.03926470041 0.1039999962 -0.01489001954
v -0.0378790617 0.1039999962 -0.01409002024
v -0.0364934206 0.1039999962 -0.01489001954
v -0.0364934206 0.1039999962 -0.01649001794
v -0.01455865026 0.1039999962 -0.03901043614
v -0.01610413074 0.1039999962 -0.03942454064
v -0.017235502 0.1039999962 -0.03829316814
v -0.01682139158 0.1039999962 -0.03674769124
v -0.0152759099 0.1039999962 -0.03633357724
v -0.01414453983 0.1039999962 -0.03746494974
v 0.01729002118 0.1039999962 -0.03787906364
v 0.01649002075 0.1039999962 -0.03926470474
v 0.01489002109 0.1039999962 -0.03926470474
v 0.01409002066 0.1039999962 -0.03787906364
v 0.01489002109 0.1039999962 -0.03649342264
v 0.01649002075 0.1039999962 -0.03649342264
v 0.03901043177 0.1039999962 -0.01455864624
v 0.039424541 0.1039999962 -0.01610413274
v 0.03829317093 0.1039999962 -0.01723550514
v 0.03674768925 0.1039999962 -0.01682139114
v 0.03633358002 0.1039999962 -0.01527591424
v 0.03746495008 0.1039999962 -0.01414454184
v -0.04157505035 0.1039999962 0.005634291556
v -0.04058410645 0.1039999962 0.006499998956
v -0.03814292669 0.1039999962 0.006499998956
v -0.03814211607 0.1039999962 0.006528475656
v -0.03813968182 0.1039999962 0.006556876056
v -0.03813563585 0.1039999962 0.006585085756
v -0.03577875137 0.1039999962 0.01475029266
v -0.03169645071 0.1039999962 0.02220417296
v -0.02608559847 0.1039999962 0.02858726776
v -0.01921678066 0.1039999962 0.03359175006
v -0.01142124057 0.1039999962 0.03697628296
v -0.003074914813 0.1039999962 0.03857765476
v 0.005419697165 0.1039999962 0.03831861776
v 0.01365294695 0.1039999962 0.03621170326
v 0.02122778654 0.1039999962 0.03235847746
v 0.0277789259 0.1039999962 0.02694477356
v 0.03299043894 0.1039999962 0.02023168846
v 0.03661099672 0.1039999962 0.01254291816
v 0.03846600533 0.1039999962 0.004249289456
v 0.03846600533 0.1039999962 -0.004249283844
v 0.03661099672 0.1039999962 -0.01254292214
v 0.03299043894 0.1039999962 -0.02023168284
v 0.0277789259 0.1039999962 -0.02694477754
v 0.02122778654 0.1039999962 -0.03235848154
v 0.01365294695 0.1039999962 -0.03621169764
v 0.005419697165 0.1039999962 -0.03831862174
v -0.003074914813 0.1039999962 -0.03857764924
v -0.01142124057 0.1039999962 -0.03697627744
v -0.01921678066 0.1039999962 -0.03359174454
v -0.02608559847 0.1039999962 -0.02858726224
v -0.03169645071 0.1039999962 -0.02220416744
v -0.03577875137 0.1039999962 -0.01475028714
v -0.03813563585 0.1039999962 -0.006585080244
v -0.03813968182 0.1039999962 -0.006556870544
v -0.03814211607 0.1039999962 -0.006528489244
v -0.03814292669 0.1039999962 -0.006499993444
v -0.04058410645 0.1039999962 -0.006499993444
v -0.04157505035 0.1039999962 -0.005634286044
v -0.04191280842 0.1039999962 -0.001882989044
v -0.04191280842 0.1039999962 0.001883318856
v -0.008500000238 0.1085000038 0.03007179536
v -0.008500000238 0.1085000038 0.03188652316
v -0.008000000119 0.1089999962 0.03201561256
v -0.008000000119 0.1089999962 0.03020864766
v 0.01729002118 0.1039999962 -0.03787906364
v 0.01649002075 0.1039999962 -0.03649342264
v 0.01489002109 0.1039999962 -0.03649342264
v 0.01409002066 0.1039999962 -0.03787906364
v 0.01489002109 0.1039999962 -0.03926470474
v 0.01649002075 0.1039999962 -0.03926470474
v 0.01729002118 0.1060000038 -0.03787906364
v 0.01649002075 0.1060000038 -0.03926470474
v 0.01489002109 0.1060000038 -0.03926470474
v 0.01409002066 0.1060000038 -0.03787906364
v 0.01489002109 0.1060000038 -0.03649342264
v 0.01649002075 0.1060000038 -0.03649342264
v 0.01729002118 0.1039999962 -0.03787906364
v 0.01729002118 0.1060000038 -0.03787906364
v -0.03992171288 0.1039999962 0.01349285406
v -0.03992171288 0.1060000038 0.01349285406
v -0.03948553801 0.1060000038 0.01290407456
v -0.03929069042 0.1060000038 0.01219774526
v -0.03936331749 0.1060000038 0.01146862306
v -0.03936331749 0.1039999962 0.01146862306
v -0.03929069042 0.1039999962 0.01219774526
v -0.03948553801 0.1039999962 0.01290407456
v -0.04207433701 0.1039999962 0.006999991356
v -0.04207433701 0.1060000038 0.006999991356
v -0.04253290653 0.1060000038 0.006888659356
v -0.04288936138 0.1060000038 0.006579440056
v -0.04306432247 0.1060000038 0.006141169456
v -0.04306432247 0.1039999962 0.006141169456
v -0.04288936138 0.1039999962 0.006579440056
v -0.04253290653 0.1039999962 0.006888659356
v -0.02875664473 0.1080000019 -0.01618812284
v -0.02808255196 0.1080000019 -0.01642894464
v -0.0273674202 0.1080000019 -0.01646025384
v -0.02667486429 0.1080000019 -0.01627925594
v -0.02183759928 0.1080000019 -0.02235356054
v -0.01565200448 0.1080000019 -0.02704768854
v -0.008500000238 0.1080000019 -0.03007178984
v -0.008500000238 0.1080000019 -0.03188651764
v -0.01464743257 0.1080000019 -0.02957114894
v -0.02021445751 0.1080000019 -0.02608401024
v -0.02498047829 0.1080000019 -0.02156329834
v -0.04058410645 0.1039999962 0.006499998956
v -0.04058410645 0.1040669918 0.006250002756
v -0.04058410645 0.1042500019 0.006066992656
v -0.04058410645 0.1044999981 0.006000006556
v -0.03764292717 0.1044999981 0.006000006556
v -0.03799648046 0.1041464424 0.006146452856
v -0.03814292669 0.1039999962 0.006499998956
v -0.008500000238 0.1080000019 -0.03007178984
v -0.01565200448 0.1080000019 -0.02704768854
v -0.02183759928 0.1080000019 -0.02235356054
v -0.02667486429 0.1080000019 -0.01627925594
v -0.02667486429 0.1060000038 -0.01627925594
v -0.02232025385 0.1060000038 -0.02187164024
v -0.01681742072 0.1060000038 -0.02633888924
v -0.01044944525 0.1060000038 -0.02945117674
v -0.003543918729 0.1060000038 -0.03104840004
v 0.003543918729 0.1060000038 -0.03104840004
v 0.01044944525 0.1060000038 -0.02945117674
v 0.01681742072 0.1060000038 -0.02633888924
v 0.02232025385 0.1060000038 -0.02187164024
v 0.02667486429 0.1060000038 -0.01627925594
v 0.02667486429 0.1080000019 -0.01627925594
v 0.02183759928 0.1080000019 -0.02235356054
v 0.01565200448 0.1080000019 -0.02704768854
v 0.008500000238 0.1080000019 -0.03007178984
v 0.008500000238 0.1085000038 -0.03007178984
v 0.008000000119 0.1089999962 -0.03020865164
v 0.002693342268 0.1089999962 -0.03113371574
v -0.002693342268 0.1089999962 -0.03113371574
v -0.008000000119 0.1089999962 -0.03020865164
v -0.008500000238 0.1085000038 -0.03007178984
v -0.008000000119 0.1089999962 0.03020864766
v -0.002693342268 0.1089999962 0.03113371176
v 0.002693342268 0.1089999962 0.03113371176
v 0.008000000119 0.1089999962 0.03020864766
v 0.008500000238 0.1085000038 0.03007179536
v 0.008500000238 0.1080000019 0.03007179536
v 0.01565200448 0.1080000019 0.02704769416
v 0.02183759928 0.1080000019 0.02235355656
v 0.02667486429 0.1080000019 0.01627926146
v 0.02667486429 0.1060000038 0.01627926146
v 0.02232025385 0.1060000038 0.02187164586
v 0.01681742072 0.1060000038 0.02633888526
v 0.01044944525 0.1060000038 0.02945118226
v 0.003543918729 0.1060000038 0.03104839606
v -0.003543918729 0.1060000038 0.03104839606
v -0.01044944525 0.1060000038 0.02945118226
v -0.01681742072 0.1060000038 0.02633888526
v -0.02232025385 0.1060000038 0.02187164586
v -0.02667486429 0.1060000038 0.01627926146
v -0.02667486429 0.1080000019 0.01627926146
v -0.02183759928 0.1080000019 0.02235355656
v -0.01565200448 0.1080000019 0.02704769416
v -0.008500000238 0.1080000019 0.03007179536
v -0.008500000238 0.1085000038 0.03007179536
v 0.02884928465 0.1060000038 -0.01201171594
v 0.03064394474 0.1060000038 -0.006124627244
v 0.03125 0.1060000038 2.755596473e-09
v 0.03064394474 0.1060000038 0.006124632756
v 0.02884928465 0.1060000038 0.01201172156
v 0.02884928465 0.1080000019 0.01201172156
v 0.03064394474 0.1080000019 0.006124632756
v 0.03125 0.1080000019 2.755596473e-09
v 0.03064394474 0.1080000019 -0.006124627244
v 0.02884928465 0.1080000019 -0.01201171594
v -0.01455865026 0.1039999962 -0.03901043614
v -0.01414453983 0.1039999962 -0.03746494974
v -0.0152759099 0.1039999962 -0.03633357724
v -0.01682139158 0.1039999962 -0.03674769124
v -0.017235502 0.1039999962 -0.03829316814
v -0.01610413074 0.1039999962 -0.03942454064
v -0.01455865026 0.1060000038 -0.03901043614
v -0.01610413074 0.1060000038 -0.03942454064
v -0.017235502 0.1060000038 -0.03829316814
v -0.01682139158 0.1060000038 -0.03674769124
v -0.0152759099 0.1060000038 -0.03633357724
v -0.01414453983 0.1060000038 -0.03746494974
v -0.01455865026 0.1039999962 -0.03901043614
v -0.01455865026 0.1060000038 -0.03901043614
v -0.03776979685 0.1060000038 0.01868803306
v -0.03997446537 0.1060000038 0.01783693596
v -0.04087883949 0.1060000038 0.01565359396
v -0.03992171288 0.1060000038 0.01349285406
v -0.03992171288 0.1039999962 0.01349285406
v -0.04087883949 0.1039999962 0.01565359396
v -0.03997446537 0.1039999962 0.01783693596
v -0.03776979685 0.1039999962 0.01868803306
v -0.04306432247 0.1060000038 -0.006141182944
v -0.04306432247 0.1039999962 -0.006141182944
v -0.04345151901 0.1039999962 -0.002053162644
v -0.04345151901 0.1039999962 0.002053149156
v -0.04306432247 0.1039999962 0.006141169456
v -0.04306432247 0.1060000038 0.006141169456
v -0.04345151901 0.1060000038 0.002053149156
v -0.04345151901 0.1060000038 -0.002053162644
v 0.02667486429 0.1080000019 -0.01627925594
v 0.02667486429 0.1060000038 -0.01627925594
v 0.02536434889 0.1060000038 -0.01489017204
v 0.0254827857 0.1060000038 -0.01298412994
v 0.02695518732 0.1060000038 -0.01176796634
v 0.02884928465 0.1060000038 -0.01201171594
v 0.02884928465 0.1080000019 -0.01201171594
v 0.02940278769 0.1080000019 -0.01246561724
v 0.02979780674 0.1080000019 -0.01306256974
v 0.02999919891 0.1080000019 -0.01374947274
v 0.02999919891 0.1119999981 -0.01374947274
v 0.02895714283 0.1119999981 -0.01207989414
v 0.02701671839 0.1119999981 -0.01175107674
v 0.0254827857 0.1119999981 -0.01298412994
v 0.02538685083 0.1119999981 -0.01494987214
v 0.02679342508 0.1119999981 -0.01632643424
v 0.02875664473 0.1119999981 -0.01618812284
v 0.02875664473 0.1080000019 -0.01618812284
v 0.02808255196 0.1080000019 -0.01642894464
v 0.0273674202 0.1080000019 -0.01646025384
v -0.02875664473 0.1080000019 -0.01618812284
v -0.02875664473 0.1119999981 -0.01618812284
v -0.02679342508 0.1119999981 -0.01632643424
v -0.02538685083 0.1119999981 -0.01494987214
v -0.0254827857 0.1119999981 -0.01298412994
v -0.02701671839 0.1119999981 -0.01175107674
v -0.02895714283 0.1119999981 -0.01207989414
v -0.02999919891 0.1119999981 -0.01374947274
v -0.02999919891 0.1080000019 -0.01374947274
v -0.02979780674 0.1080000019 -0.01306256974
v -0.02940278769 0.1080000019 -0.01246561724
v -0.02884928465 0.1080000019 -0.01201171594
v -0.02884928465 0.1060000038 -0.01201171594
v -0.02695518732 0.1060000038 -0.01176796634
v -0.0254827857 0.1060000038 -0.01298412994
v -0.02536434889 0.1060000038 -0.01489017204
v -0.02667486429 0.1060000038 -0.01627925594
v -0.02667486429 0.1080000019 -0.01627925594
v -0.0273674202 0.1080000019 -0.01646025384
v -0.02808255196 0.1080000019 -0.01642894464
v -0.04058410645 0.1044999981 0.006000006556
v -0.04058410645 0.1042500019 0.006066992656
v -0.04058410645 0.1040669918 0.006250002756
v -0.04058410645 0.1039999962 0.006499998956
v -0.04157505035 0.1039999962 0.005634291556
v -0.04132731438 0.1040669918 0.005600722256
v -0.0411459589 0.1042500019 0.005576136456
v -0.0410795784 0.1044999981 0.005567152856
v -0.04099295616 0.1044999981 0.005787833156
v -0.04081441879 0.1044999981 0.005943797056
v -0.008500000238 0.1080000019 0.03007179536
v -0.008500000238 0.1080000019 0.03188652316
v -0.008500000238 0.1085000038 0.03188652316
v -0.008500000238 0.1085000038 0.03007179536
v -0.0378790617 0.1039999962 -0.01729001724
v -0.0364934206 0.1039999962 -0.01649001794
v -0.0364934206 0.1039999962 -0.01489001954
v -0.0378790617 0.1039999962 -0.01409002024
v -0.03926470041 0.1039999962 -0.01489001954
v -0.03926470041 0.1039999962 -0.01649001794
v -0.0378790617 0.1060000038 -0.01729001724
v -0.03926470041 0.1060000038 -0.01649001794
v -0.03926470041 0.1060000038 -0.01489001954
v -0.0378790617 0.1060000038 -0.01409002024
v -0.0364934206 0.1060000038 -0.01489001954
v -0.0364934206 0.1060000038 -0.01649001794
v -0.0378790617 0.1039999962 -0.01729001724
v -0.0378790617 0.1060000038 -0.01729001724
v -0.03776979685 0.1060000038 0.01868803306
v -0.03776979685 0.1039999962 0.01868803306
v -0.03704505682 0.1039999962 0.01879593176
v -0.03640781641 0.1039999962 0.01915760316
v -0.0359436059 0.1039999962 0.01972452446
v -0.0359436059 0.1060000038 0.01972452446
v -0.03640781641 0.1060000038 0.01915760316
v -0.03704505682 0.1060000038 0.01879593176
v -0.04306432247 0.1039999962 -0.006141182944
v -0.04306432247 0.1060000038 -0.006141182944
v -0.04288936138 0.1060000038 -0.006579434444
v -0.04253290653 0.1060000038 -0.006888653844
v -0.04207433701 0.1060000038 -0.007000004844
v -0.04207433701 0.1039999962 -0.007000004844
v -0.04253290653 0.1039999962 -0.006888653844
v -0.04288936138 0.1039999962 -0.006579434444
v 0.02875664473 0.1119999981 -0.01618812284
v 0.02679342508 0.1119999981 -0.01632643424
v 0.02538685083 0.1119999981 -0.01494987214
v 0.0254827857 0.1119999981 -0.01298412994
v 0.02701671839 0.1119999981 -0.01175107674
v 0.02895714283 0.1119999981 -0.01207989414
v 0.02999919891 0.1119999981 -0.01374947274
v 0.0296075511 0.1119999981 -0.01457370484
v 0.02919325829 0.1119999981 -0.01538679794
v 0.02762120247 0.1119999981 -0.01307370864
v 0.02667014599 0.1119999981 -0.01376468384
v 0.02703341722 0.1119999981 -0.01488272394
v 0.02820898771 0.1119999981 -0.01488272394
v 0.02857225895 0.1119999981 -0.01376468384
v -0.02816859245 0.1055000019 -0.006000001044
v -0.02802214384 0.1058535576 -0.006146447244
v -0.02766859055 0.1060000038 -0.006499993444
v -0.03056652546 0.1060000038 -0.006499993444
v -0.03080509424 0.1055000019 -0.006000001044
v -0.02999919891 0.1119999981 -0.01374947274
v -0.02895714283 0.1119999981 -0.01207989414
v -0.02701671839 0.1119999981 -0.01175107674
v -0.0254827857 0.1119999981 -0.01298412994
v -0.02538685083 0.1119999981 -0.01494987214
v -0.02679342508 0.1119999981 -0.01632643424
v -0.02875664473 0.1119999981 -0.01618812284
v -0.02919325829 0.1119999981 -0.01538679794
v -0.0296075511 0.1119999981 -0.01457370484
v -0.02762120247 0.1119999981 -0.01507370674
v -0.02667014599 0.1119999981 -0.01438272194
v -0.02703341722 0.1119999981 -0.01326469144
v -0.02820898771 0.1119999981 -0.01326469144
v -0.02857225895 0.1119999981 -0.01438272194
v -0.02999919891 0.1080000019 0.01374946876
v -0.02979780674 0.1080000019 0.01306257526
v -0.02940278769 0.1080000019 0.01246561326
v -0.02884928465 0.1080000019 0.01201172156
v -0.03064394474 0.1080000019 0.006124632756
v -0.03125 0.1080000019 2.755596473e-09
v -0.03064394474 0.1080000019 -0.006124627244
v -0.02884928465 0.1080000019 -0.01201171594
v -0.02940278769 0.1080000019 -0.01246561724
v -0.02979780674 0.1080000019 -0.01306256974
v -0.02999919891 0.1080000019 -0.01374947274
v -0.03224107265 0.1080000019 -0.007036568744
v -0.03299999952 0.1080000019 2.755596473e-09
v -0.03224107265 0.1080000019 0.007036555156
v -0.0410795784 0.1044999981 0.005567152856
v -0.0411459589 0.1042500019 0.005576136456
v -0.04132731438 0.1040669918 0.005600722256
v -0.04157505035 0.1039999962 0.005634291556
v -0.04191280842 0.1039999962 0.001883318856
v -0.04191280842 0.1039999962 -0.001882989044
v -0.04157505035 0.1039999962 -0.005634286044
v -0.04132731438 0.1040669918 -0.005600716644
v -0.0411459589 0.1042500019 -0.005576150044
v -0.0410795784 0.1044999981 -0.005567147344
v -0.04141331196 0.1044999981 -0.001860711144
v -0.04141331196 0.1044999981 0.001860716756
v 0.02884928465 0.1080000019 0.01201172156
v 0.02884928465 0.1060000038 0.01201172156
v 0.02695518732 0.1060000038 0.01176796236
v 0.0254827857 0.1060000038 0.01298412596
v 0.02536434889 0.1060000038 0.01489015856
v 0.02667486429 0.1060000038 0.01627926146
v 0.02667486429 0.1080000019 0.01627926146
v 0.0273674202 0.1080000019 0.01646024986
v 0.02808255196 0.1080000019 0.01642895026
v 0.02875664473 0.1080000019 0.01618812836
v 0.02875664473 0.1119999981 0.01618812836
v 0.02679342508 0.1119999981 0.01632643026
v 0.02538685083 0.1119999981 0.01494987766
v 0.0254827857 0.1119999981 0.01298412596
v 0.02701671839 0.1119999981 0.01175108236
v 0.02895714283 0.1119999981 0.01207989016
v 0.02999919891 0.1119999981 0.01374946876
v 0.02999919891 0.1080000019 0.01374946876
v 0.02979780674 0.1080000019 0.01306257526
v 0.02940278769 0.1080000019 0.01246561326
v -0.02875664473 0.1080000019 0.01618812836
v -0.02498047829 0.1080000019 0.02156328476
v -0.02021445751 0.1080000019 0.02608400626
v -0.01464743257 0.1080000019 0.02957115456
v -0.008500000238 0.1080000019 0.03188652316
v -0.008500000238 0.1080000019 0.03007179536
v -0.01565200448 0.1080000019 0.02704769416
v -0.02183759928 0.1080000019 0.02235355656
v -0.02667486429 0.1080000019 0.01627926146
v -0.0273674202 0.1080000019 0.01646024986
v -0.02808255196 0.1080000019 0.01642895026
v 0.02884928465 0.1060000038 0.01201172156
v 0.03064394474 0.1060000038 0.006124632756
v 0.03125 0.1060000038 2.755596473e-09
v 0.03064394474 0.1060000038 -0.006124627244
v 0.02884928465 0.1060000038 -0.01201171594
v 0.02695518732 0.1060000038 -0.01176796634
v 0.0254827857 0.1060000038 -0.01298412994
v 0.02536434889 0.1060000038 -0.01489017204
v 0.02667486429 0.1060000038 -0.01627925594
v 0.02232025385 0.1060000038 -0.02187164024
v 0.01681742072 0.1060000038 -0.02633888924
v 0.01044944525 0.1060000038 -0.02945117674
v 0.003543918729 0.1060000038 -0.03104840004
v -0.003543918729 0.1060000038 -0.03104840004
v -0.01044944525 0.1060000038 -0.02945117674
v -0.01681742072 0.1060000038 -0.02633888924
v -0.02232025385 0.1060000038 -0.02187164024
v -0.02667486429 0.1060000038 -0.01627925594
v -0.02536434889 0.1060000038 -0.01489017204
v -0.0254827857 0.1060000038 -0.01298412994
v -0.02695518732 0.1060000038 -0.01176796634
v -0.02884928465 0.1060000038 -0.01201171594
v -0.02953470469 0.1060000038 -0.01021095954
v -0.03010784388 0.1060000038 -0.008371388544
v -0.03056652546 0.1060000038 -0.006499993444
v -0.02766859055 0.1060000038 -0.006499993444
v -0.02766859055 0.1060000038 0.006499998956
v -0.03056652546 0.1060000038 0.006499998956
v -0.03010784388 0.1060000038 0.008371394056
v -0.02953470469 0.1060000038 0.01021095556
v -0.02884928465 0.1060000038 0.01201172156
v -0.02695518732 0.1060000038 0.01176796236
v -0.0254827857 0.1060000038 0.01298412596
v -0.02536434889 0.1060000038 0.01489015856
v -0.02667486429 0.1060000038 0.01627926146
v -0.02232025385 0.1060000038 0.02187164586
v -0.01681742072 0.1060000038 0.02633888526
v -0.01044944525 0.1060000038 0.02945118226
v -0.003543918729 0.1060000038 0.03104839606
v 0.003543918729 0.1060000038 0.03104839606
v 0.01044944525 0.1060000038 0.02945118226
v 0.01681742072 0.1060000038 0.02633888526
v 0.02232025385 0.1060000038 0.02187164586
v 0.02667486429 0.1060000038 0.01627926146
v 0.02536434889 0.1060000038 0.01489015856
v 0.0254827857 0.1060000038 0.01298412596
v 0.02695518732 0.1060000038 0.01176796236
v -0.0275999999 0.1060000038 0.005650008156
v -0.02718583822 0.1060000038 0.003516943856
v -0.02600353718 0.1060000038 0.001693861856
v -0.02422491074 0.1060000038 0.0004456929556
v -0.02210842609 0.1060000038 -4.61932444e-05
v -0.01996165514 0.1060000038 0.0002896908556
v -0.01809656382 0.1060000038 0.001404555256
v -0.01678418756 0.1060000038 0.003136351456
v -0.01621524215 0.1060000038 0.005233424056
v -0.01647240639 0.1060000038 0.007391035956
v -0.01751830935 0.1060000038 0.009295657056
v -0.01920095921 0.1060000038 0.01067047396
v -0.02127583504 0.1060000038 0.01131573006
v -0.02344141245 0.1060000038 0.01113762176
v -0.02538299322 0.1060000038 0.01016207016
v -0.02681842566 0.1060000038 0.008530810256
v -0.02753911018 0.1060000038 0.006480925456
v -0.0275847578 0.1060000038 0.006066573056
v -0.0275999999 0.1060000038 -0.006650006344
v -0.02669514418 0.1060000038 -0.009731652344
v -0.02426786661 0.1060000038 -0.01183490474
v -0.0210888052 0.1060000038 -0.01229198174
v -0.01816729426 0.1060000038 -0.01095777234
v -0.01643089056 0.1060000038 -0.008255879444
v -0.01643089056 0.1060000038 -0.005044133244
v -0.01816729426 0.1060000038 -0.002342221344
v -0.0210888052 0.1060000038 -0.001008011944
v -0.02426786661 0.1060000038 -0.001465088944
v -0.02669514418 0.1060000038 -0.003568341344
v -0.01799999952 0.1060000038 -0.01799999914
v -0.02012131929 0.1060000038 -0.01887867654
v -0.02099999905 0.1060000038 -0.02100000104
v -0.02012131929 0.1060000038 -0.02312131604
v -0.01799999952 0.1060000038 -0.02400000294
v -0.01587867975 0.1060000038 -0.02312131604
v -0.015 0.1060000038 -0.02100000104
v -0.01587867975 0.1060000038 -0.01887867654
v 0.01799999952 0.1060000038 -0.01799999914
v 0.01587867975 0.1060000038 -0.01887867654
v 0.015 0.1060000038 -0.02100000104
v 0.01587867975 0.1060000038 -0.02312131604
v 0.01799999952 0.1060000038 -0.02400000294
v 0.02012131929 0.1060000038 -0.02312131604
v 0.02099999905 0.1060000038 -0.02100000104
v 0.02012131929 0.1060000038 -0.01887867654
v -0.01799999952 0.1060000038 0.02399999896
v -0.02012131929 0.1060000038 0.02312132156
v -0.02099999905 0.1060000038 0.02100000656
v -0.02012131929 0.1060000038 0.01887867256
v -0.01799999952 0.1060000038 0.01799999516
v -0.01587867975 0.1060000038 0.01887867256
v -0.015 0.1060000038 0.02100000656
v -0.01587867975 0.1060000038 0.02312132156
v 0.01799999952 0.1060000038 0.02399999896
v 0.01587867975 0.1060000038 0.02312132156
v 0.015 0.1060000038 0.02100000656
v 0.01587867975 0.1060000038 0.01887867256
v 0.01799999952 0.1060000038 0.01799999516
v 0.02012131929 0.1060000038 0.01887867256
v 0.02099999905 0.1060000038 0.02100000656
v 0.02012131929 0.1060000038 0.02312132156
v 0.01704238892 0.1060000038 -0.005909211244
v 0.02020760536 0.1060000038 -0.006483876344
v 0.02326073647 0.1060000038 -0.005470349444
v 0.02545393705 0.1060000038 -0.003116910044
v 0.02625 0.1060000038 2.755596473e-09
v 0.02545393705 0.1060000038 0.003116915656
v 0.02326073647 0.1060000038 0.005470354956
v 0.02020760536 0.1060000038 0.006483862756
v 0.01704238892 0.1060000038 0.005909216756
v 0.01558184147 0.1060000038 0.005643961856
v 0.01417292714 0.1060000038 0.006111414856
v 0.01316060185 0.1060000038 0.007197115856
v 0.00987052381 0.1060000038 0.01129480636
v 0.005368974805 0.1060000038 0.01400621696
v 0.0002084576897 0.1060000038 0.01499855316
v -0.004977644682 0.1060000038 0.01415001196
v -0.009552809596 0.1060000038 0.01156477256
v -0.0129554975 0.1060000038 0.007560103356
v -0.01476807594 0.1060000038 0.002627528056
v -0.01476807594 0.1060000038 -0.002627522544
v -0.0129554975 0.1060000038 -0.007560097744
v -0.009552809596 0.1060000038 -0.01156476694
v -0.004977644682 0.1060000038 -0.01415001594
v 0.0002084576897 0.1060000038 -0.01499854764
v 0.005368974805 0.1060000038 -0.01400622094
v 0.00987052381 0.1060000038 -0.01129481034
v 0.01316060185 0.1060000038 -0.007197129344
v 0.01417292714 0.1060000038 -0.006111428344
v 0.01558184147 0.1060000038 -0.005643975344
v 0.008997402787 0.1060000038 0.01929498946
v 0.01027623057 0.1060000038 0.02203745166
v 0.01053269386 0.1060000038 0.02368881506
v 0.009865874648 0.1060000038 0.02522115986
v 0.008482691646 0.1060000038 0.02615900316
v 0.002869208455 0.1060000038 0.02734991356
v -0.002869208455 0.1060000038 0.02734991356
v -0.008482691646 0.1060000038 0.02615900316
v -0.009865874648 0.1060000038 0.02522115986
v -0.01053269386 0.1060000038 0.02368881506
v -0.01027623057 0.1060000038 0.02203745166
v -0.008997402787 0.1060000038 0.01929498946
v -0.008111968637 0.1060000038 0.01818832676
v -0.006817321777 0.1060000038 0.01761163986
v -0.005402412415 0.1060000038 0.01769361776
v -0.001824463457 0.1060000038 0.01840980806
v 0.001824463457 0.1060000038 0.01840980806
v 0.005402412415 0.1060000038 0.01769361776
v 0.006817321777 0.1060000038 0.01761163986
v 0.008111968637 0.1060000038 0.01818832676
v -0.008482691646 0.1060000038 -0.02615901674
v -0.002869208455 0.1060000038 -0.02734990794
v 0.002869208455 0.1060000038 -0.02734990794
v 0.008482691646 0.1060000038 -0.02615901674
v 0.009865874648 0.1060000038 -0.02522116384
v 0.01053269386 0.1060000038 -0.02368880944
v 0.01027623057 0.1060000038 -0.02203744614
v 0.008997402787 0.1060000038 -0.01929499344
v 0.008111968637 0.1060000038 -0.01818833074
v 0.006817321777 0.1060000038 -0.01761163434
v 0.005402412415 0.1060000038 -0.01769361214
v 0.001824463457 0.1060000038 -0.01840981204
v -0.001824463457 0.1060000038 -0.01840981204
v -0.005402412415 0.1060000038 -0.01769361214
v -0.006817321777 0.1060000038 -0.01761163434
v -0.008111968637 0.1060000038 -0.01818833074
v -0.008997402787 0.1060000038 -0.01929499344
v -0.01027623057 0.1060000038 -0.02203744614
v -0.01053269386 0.1060000038 -0.02368880944
v -0.009865874648 0.1060000038 -0.02522116384
v -0.03901043177 0.1039999962 0.01455864226
v -0.03746495008 0.1039999962 0.01414453786
v -0.03633358002 0.1039999962 0.01527590076
v -0.03674768925 0.1039999962 0.01682138716
v -0.03829317093 0.1039999962 0.01723551076
v -0.039424541 0.1039999962 0.01610412876
v -0.03901043177 0.1060000038 0.01455864226
v -0.039424541 0.1060000038 0.01610412876
v -0.03829317093 0.1060000038 0.01723551076
v -0.03674768925 0.1060000038 0.01682138716
v -0.03633358002 0.1060000038 0.01527590076
v -0.03746495008 0.1060000038 0.01414453786
v -0.03901043177 0.1039999962 0.01455864226
v -0.03901043177 0.1060000038 0.01455864226
v -0.01972453117 0.1060000038 0.03594360626
v -0.02612636328 0.1060000038 0.03159767426
v -0.03159767628 0.1060000038 0.02612636846
v -0.0359436059 0.1060000038 0.01972452446
v -0.0359436059 0.1039999962 0.01972452446
v -0.03159767628 0.1039999962 0.02612636846
v -0.02612636328 0.1039999962 0.03159767426
v -0.01972453117 0.1039999962 0.03594360626
v -0.04123105526 0.1039999962 -0.007000004844
v -0.04207433701 0.1039999962 -0.007000004844
v -0.04207433701 0.1060000038 -0.007000004844
v -0.04123105526 0.1060000038 -0.007000004844
v -0.02816859245 0.105 -0.006000001044
v -0.02816859245 0.105 0.006000006556
v -0.02816859245 0.1055000019 0.006000006556
v -0.02816859245 0.1055000019 -0.006000001044
v -0.02766859055 0.1060000038 -0.006499993444
v -0.02802214384 0.1058535576 -0.006146447244
v -0.02816859245 0.1055000019 -0.006000001044
v -0.02816859245 0.1055000019 0.006000006556
v -0.02766859055 0.1060000038 0.006499998956
v -0.02762120247 0.1118000031 -0.01327370364
v -0.02838204861 0.1118000031 -0.01382649144
v -0.02809143066 0.1118000031 -0.01472092354
v -0.02715097427 0.1118000031 -0.01472092354
v -0.02686035633 0.1118000031 -0.01382649144
v -0.02762120247 0.1119999981 -0.01507370674
v -0.02857225895 0.1119999981 -0.01438272194
v -0.02820898771 0.1119999981 -0.01326469144
v -0.02703341722 0.1119999981 -0.01326469144
v -0.02667014599 0.1119999981 -0.01438272194
v -0.02667014599 0.1119999981 -0.01438272194
v -0.02715097427 0.1118000031 -0.01472092354
v -0.02875664473 0.1080000019 0.01618812836
v -0.02808255196 0.1080000019 0.01642895026
v -0.0273674202 0.1080000019 0.01646024986
v -0.02667486429 0.1080000019 0.01627926146
v -0.02667486429 0.1060000038 0.01627926146
v -0.02536434889 0.1060000038 0.01489015856
v -0.0254827857 0.1060000038 0.01298412596
v -0.02695518732 0.1060000038 0.01176796236
v -0.02884928465 0.1060000038 0.01201172156
v -0.02884928465 0.1080000019 0.01201172156
v -0.02940278769 0.1080000019 0.01246561326
v -0.02979780674 0.1080000019 0.01306257526
v -0.02999919891 0.1080000019 0.01374946876
v -0.02999919891 0.1119999981 0.01374946876
v -0.02895714283 0.1119999981 0.01207989016
v -0.02701671839 0.1119999981 0.01175108236
v -0.0254827857 0.1119999981 0.01298412596
v -0.02538685083 0.1119999981 0.01494987766
v -0.02679342508 0.1119999981 0.01632643026
v -0.02875664473 0.1119999981 0.01618812836
v -0.0410795784 0.1044999981 -0.005567147344
v -0.0411459589 0.1042500019 -0.005576150044
v -0.04132731438 0.1040669918 -0.005600716644
v -0.04157505035 0.1039999962 -0.005634286044
v -0.04058410645 0.1039999962 -0.006499993444
v -0.04058410645 0.1040669918 -0.006249997244
v -0.04058410645 0.1042500019 -0.006066987144
v -0.04058410645 0.1044999981 -0.006000001044
v -0.04081441879 0.1044999981 -0.005943791444
v -0.04099295616 0.1044999981 -0.005787827544
v -0.03764292717 0.1027999973 0.006000006556
v -0.0379171896 0.1027999973 0.006081927256
v -0.03810156584 0.1027999973 0.006300871756
v -0.03813563585 0.1027999973 0.006585085756
v -0.03813563585 0.1039999962 0.006585085756
v -0.03813968182 0.1039999962 0.006556876056
v -0.03814211607 0.1039999962 0.006528475656
v -0.03814292669 0.1039999962 0.006499998956
v -0.03799648046 0.1041464424 0.006146452856
v -0.03764292717 0.1044999981 0.006000006556
v -0.0410795784 0.105 0.005567152856
v -0.04099295616 0.105 0.005787833156
v -0.04081441879 0.105 0.005943797056
v -0.04058410645 0.105 0.006000006556
v -0.04058410645 0.1044999981 0.006000006556
v -0.04081441879 0.1044999981 0.005943797056
v -0.04099295616 0.1044999981 0.005787833156
v -0.0410795784 0.1044999981 0.005567152856
v -0.03571976662 0.1025 -0.006464383244
v -0.0354245615 0.1027999973 -0.006410958344
v -0.03551640749 0.1027999973 -0.006200215444
v -0.03569284201 0.1027999973 -0.006052853644
v -0.03591656923 0.1027999973 -0.006000001044
v -0.03591656923 0.1025 -0.006300007944
v -0.03582707882 0.1025 -0.006321141344
v -0.03575650454 0.1025 -0.006380078444
v 0.01349284649 0.1039999962 0.03992170616
v 0.01349284649 0.1060000038 0.03992170616
v 0.01290408254 0.1060000038 0.03948553366
v 0.01219773769 0.1060000038 0.03929069796
v 0.01146861792 0.1060000038 0.03936331076
v 0.01146861792 0.1039999962 0.03936331076
v 0.01219773769 0.1039999962 0.03929069796
v 0.01290408254 0.1039999962 0.03948553366
v -0.03776979685 0.1039999962 -0.01868802744
v -0.03776979685 0.1060000038 -0.01868802744
v -0.03704505682 0.1060000038 -0.01879592614
v -0.03640781641 0.1060000038 -0.01915760714
v -0.0359436059 0.1060000038 -0.01972452844
v -0.0359436059 0.1039999962 -0.01972452844
v -0.03640781641 0.1039999962 -0.01915760714
v -0.03704505682 0.1039999962 -0.01879592614
v -0.02842120171 0.1118000031 0.01407369896
v -0.02786841631 0.1118000031 0.01331285756
v -0.02697398901 0.1118000031 0.01360348026
v -0.02697398901 0.1118000031 0.01454393666
v -0.02786841631 0.1118000031 0.01483455936
v -0.02762120247 0.1119999981 0.01507370276
v -0.02667014599 0.1119999981 0.01438272756
v -0.02703341722 0.1119999981 0.01326469696
v -0.02820898771 0.1119999981 0.01326469696
v -0.02857225895 0.1119999981 0.01438272756
v -0.02697398901 0.1118000031 0.01454393666
v -0.02667014599 0.1119999981 0.01438272756
v 0.01799999952 0.1144999981 -0.02350000104
v 0.01976776719 0.1144999981 -0.02276776994
v 0.02049999952 0.1144999981 -0.02100000104
v 0.01976776719 0.1144999981 -0.01923223214
v 0.01799999952 0.1144999981 -0.01850000104
v 0.01623223305 0.1144999981 -0.01923223214
v 0.01549999952 0.1144999981 -0.02100000104
v 0.01623223305 0.1144999981 -0.02276776994
v 0.015 0.1139999962 -0.02100000104
v 0.01587867975 0.1139999962 -0.01887867654
v 0.01799999952 0.1139999962 -0.01799999914
v 0.02012131929 0.1139999962 -0.01887867654
v 0.02099999905 0.1139999962 -0.02100000104
v 0.02012131929 0.1139999962 -0.02312131604
v 0.01799999952 0.1139999962 -0.02400000294
v 0.01587867975 0.1139999962 -0.02312131604
v 0.02049999952 0.1144999981 -0.02100000104
v 0.02099999905 0.1139999962 -0.02100000104
v 0.015 0.1139999962 -0.02100000104
v 0.01587867975 0.1139999962 -0.02312131604
v 0.01799999952 0.1139999962 -0.02400000294
v 0.02012131929 0.1139999962 -0.02312131604
v 0.02099999905 0.1139999962 -0.02100000104
v 0.02012131929 0.1139999962 -0.01887867654
v 0.01799999952 0.1139999962 -0.01799999914
v 0.01587867975 0.1139999962 -0.01887867654
v 0.01799999952 0.1060000038 -0.01799999914
v 0.02012131929 0.1060000038 -0.01887867654
v 0.02099999905 0.1060000038 -0.02100000104
v 0.02012131929 0.1060000038 -0.02312131604
v 0.01799999952 0.1060000038 -0.02400000294
v 0.01587867975 0.1060000038 -0.02312131604
v 0.015 0.1060000038 -0.02100000104
v 0.01587867975 0.1060000038 -0.01887867654
v 0.01799999952 0.1060000038 -0.02400000294
v 0.01799999952 0.1139999962 -0.02400000294
v -0.03591656923 0.1044999981 -0.006000001044
v -0.02946859121 0.1044999981 -0.006000001044
v -0.02940160513 0.1047500038 -0.006000001044
v -0.02921859026 0.1049330139 -0.006000001044
v -0.02896859169 0.105 -0.006000001044
v -0.02816859245 0.105 -0.006000001044
v -0.02816859245 0.1055000019 -0.006000001044
v -0.03080509424 0.1055000019 -0.006000001044
v -0.03168694496 0.105 -0.006000001044
v -0.04058410645 0.105 -0.006000001044
v -0.04058410645 0.1044999981 -0.006000001044
v -0.03764292717 0.1044999981 -0.006000001044
v -0.03764292717 0.1027999973 -0.006000001044
v -0.03591656923 0.1027999973 -0.006000001044
v -0.0410795784 0.105 -0.005567147344
v -0.04141331196 0.105 -0.001860711144
v -0.04141331196 0.105 0.001860716756
v -0.0410795784 0.105 0.005567152856
v -0.0410795784 0.1044999981 0.005567152856
v -0.04141331196 0.1044999981 0.001860716756
v -0.04141331196 0.1044999981 -0.001860711144
v -0.0410795784 0.1044999981 -0.005567147344
v -0.03571976662 0.1025 -0.006464383244
v -0.03333580732 0.1025 -0.01436711034
v -0.02922808647 0.1025 -0.02152693474
v -0.02360901356 0.1025 -0.02757362084
v -0.01676914096 0.1025 -0.03219449724
v -0.009062153101 0.1025 -0.03515063964
v -0.0008865709603 0.1025 -0.03628917414
v 0.007334854603 0.1025 -0.03555123054
v 0.01517700315 0.1025 -0.03297496514
v 0.02223436356 0.1025 -0.02869360644
v 0.02814200878 0.1025 -0.02292853074
v 0.03259445906 0.1025 -0.01597783764
v 0.0353614831 0.1025 -0.008200947844
v 0.03630000114 0.1025 2.755596473e-09
v 0.0353614831 0.1025 0.008200953356
v 0.03259445906 0.1025 0.01597784316
v 0.02814200878 0.1025 0.02292852676
v 0.02223436356 0.1025 0.02869360246
v 0.01517700315 0.1025 0.03297497076
v 0.007334854603 0.1025 0.03555122656
v -0.0008865709603 0.1025 0.03628917976
v -0.009062153101 0.1025 0.03515064516
v -0.01676914096 0.1025 0.03219450276
v -0.02360901356 0.1025 0.02757362646
v -0.02922808647 0.1025 0.02152693076
v -0.03333580732 0.1025 0.01436710636
v -0.03571976662 0.1025 0.006464388756
v -0.0354245615 0.1027999973 0.006410963956
v -0.03306030512 0.1027999973 0.01424837386
v -0.02898653269 0.1027999973 0.02134903236
v -0.02341389656 0.1027999973 0.02734573646
v -0.01663055301 0.1027999973 0.03192842766
v -0.008987259269 0.1027999973 0.03486013686
v -0.0008792439103 0.1027999973 0.03598926826
v 0.007274236083 0.1027999973 0.03525741856
v 0.01505157351 0.1027999973 0.03270244876
v 0.02205060959 0.1027999973 0.02845646186
v 0.02790942907 0.1027999973 0.02273903166
v 0.03232508183 0.1027999973 0.01584579746
v 0.03506923914 0.1027999973 0.008133166256
v 0.03599999905 0.1027999973 2.755596473e-09
v 0.03506923914 0.1027999973 -0.008133179744
v 0.03232508183 0.1027999973 -0.01584579194
v 0.02790942907 0.1027999973 -0.02273903564
v 0.02205060959 0.1027999973 -0.02845646584
v 0.01505157351 0.1027999973 -0.03270245274
v 0.007274236083 0.1027999973 -0.03525741304
v -0.0008792439103 0.1027999973 -0.03598926264
v -0.008987259269 0.1027999973 -0.03486014084
v -0.01663055301 0.1027999973 -0.03192843164
v -0.02341389656 0.1027999973 -0.02734574044
v -0.02898653269 0.1027999973 -0.02134902674
v -0.03306030512 0.1027999973 -0.01424837784
v -0.0354245615 0.1027999973 -0.006410958344
v 0.02682120323 0.1118000031 0.01407369896
v 0.02737398863 0.1118000031 0.01331285756
v 0.02826841593 0.1118000031 0.01360348026
v 0.02826841593 0.1118000031 0.01454393666
v 0.02737398863 0.1118000031 0.01483455936
v 0.02762120247 0.1119999981 0.01507370276
v 0.02857225895 0.1119999981 0.01438272756
v 0.02820898771 0.1119999981 0.01326469696
v 0.02703341722 0.1119999981 0.01326469696
v 0.02667014599 0.1119999981 0.01438272756
v 0.02826841593 0.1118000031 0.01454393666
v 0.02857225895 0.1119999981 0.01438272756
v 0.01868803024 0.1060000038 0.03776979726
v 0.01783694386 0.1060000038 0.03997446336
v 0.01565359235 0.1060000038 0.04087883276
v 0.01349284649 0.1060000038 0.03992170616
v 0.01349284649 0.1039999962 0.03992170616
v 0.01565359235 0.1039999962 0.04087883276
v 0.01783694386 0.1039999962 0.03997446336
v 0.01868803024 0.1039999962 0.03776979726
v -0.0359436059 0.1060000038 -0.01972452844
v -0.03159767628 0.1060000038 -0.02612636284
v -0.02612636328 0.1060000038 -0.03159767824
v -0.01972453117 0.1060000038 -0.03594361024
v -0.01972453117 0.1039999962 -0.03594361024
v -0.02612636328 0.1039999962 -0.03159767824
v -0.03159767628 0.1039999962 -0.02612636284
v -0.0359436059 0.1039999962 -0.01972452844
v -0.0274000001 0.1042000008 0.005650008156
v -0.02652689457 0.1042000008 0.008623526456
v -0.02418478251 0.1042000008 0.01065298356
v -0.02111726761 0.1042000008 0.01109401976
v -0.01829826593 0.1042000008 0.009806616656
v -0.01662278891 0.1042000008 0.007199538156
v -0.01662278891 0.1042000008 0.004100478056
v -0.01829826593 0.1042000008 0.001493380456
v -0.02111726761 0.1042000008 0.0002059773556
v -0.02418478251 0.1042000008 0.0006470326556
v -0.02652689457 0.1042000008 0.002676470656
v -0.01620000005 0.1039999962 0.005650008156
v -0.0166338861 0.1039999962 0.007831290156
v -0.01786949158 0.1039999962 0.009680502756
v -0.01971870422 0.1039999962 0.01091612136
v -0.02190000057 0.1039999962 0.01135000506
v -0.02408129454 0.1039999962 0.01091612136
v -0.02593050957 0.1039999962 0.009680502756
v -0.02716611385 0.1039999962 0.007831290156
v -0.0275999999 0.1039999962 0.005650008156
v -0.02716611385 0.1039999962 0.003468706956
v -0.02593050957 0.1039999962 0.001619494356
v -0.02408129454 0.1039999962 0.0003838948556
v -0.02190000057 0.1039999962 -5.00079444e-05
v -0.01971870422 0.1039999962 0.0003838948556
v -0.01786949158 0.1039999962 0.001619494356
v -0.0166338861 0.1039999962 0.003468706956
v -0.0275999999 0.1039999962 0.005650008156
v -0.0274000001 0.1042000008 0.005650008156
v -0.01799999952 0.1144999981 0.01850000656
v -0.01623223305 0.1144999981 0.01923223776
v -0.01549999952 0.1144999981 0.02100000656
v -0.01623223305 0.1144999981 0.02276777546
v -0.01799999952 0.1144999981 0.02350000656
v -0.01976776719 0.1144999981 0.02276777546
v -0.02049999952 0.1144999981 0.02100000656
v -0.01976776719 0.1144999981 0.01923223776
v -0.02099999905 0.1139999962 0.02100000656
v -0.02012131929 0.1139999962 0.02312132156
v -0.01799999952 0.1139999962 0.02399999896
v -0.01587867975 0.1139999962 0.02312132156
v -0.015 0.1139999962 0.02100000656
v -0.01587867975 0.1139999962 0.01887867256
v -0.01799999952 0.1139999962 0.01799999516
v -0.02012131929 0.1139999962 0.01887867256
v -0.01549999952 0.1144999981 0.02100000656
v -0.015 0.1139999962 0.02100000656
v -0.02099999905 0.1139999962 0.02100000656
v -0.02012131929 0.1139999962 0.01887867256
v -0.01799999952 0.1139999962 0.01799999516
v -0.01587867975 0.1139999962 0.01887867256
v -0.015 0.1139999962 0.02100000656
v -0.01587867975 0.1139999962 0.02312132156
v -0.01799999952 0.1139999962 0.02399999896
v -0.02012131929 0.1139999962 0.02312132156
v -0.01799999952 0.1060000038 0.02399999896
v -0.01587867975 0.1060000038 0.02312132156
v -0.015 0.1060000038 0.02100000656
v -0.01587867975 0.1060000038 0.01887867256
v -0.01799999952 0.1060000038 0.01799999516
v -0.02012131929 0.1060000038 0.01887867256
v -0.02099999905 0.1060000038 0.02100000656
v -0.02012131929 0.1060000038 0.02312132156
v -0.01799999952 0.1060000038 0.01799999516
v -0.01799999952 0.1139999962 0.01799999516
v -0.03056652546 0.1060000038 0.006499998956
v -0.03080509424 0.1055000019 0.006000006556
v -0.03168694496 0.105 0.006000006556
v -0.03218727589 0.105 0.002010424556
v -0.03218727589 0.105 -0.002010418944
v -0.03168694496 0.105 -0.006000001044
v -0.03080509424 0.1055000019 -0.006000001044
v -0.03056652546 0.1060000038 -0.006499993444
v -0.03117381096 0.1060000038 -0.002180821544
v -0.03117381096 0.1060000038 0.002180827056
v -0.04058410645 0.105 -0.006000001044
v -0.04081441879 0.105 -0.005943791444
v -0.04099295616 0.105 -0.005787827544
v -0.0410795784 0.105 -0.005567147344
v -0.0410795784 0.1044999981 -0.005567147344
v -0.04099295616 0.1044999981 -0.005787827544
v -0.04081441879 0.1044999981 -0.005943791444
v -0.04058410645 0.1044999981 -0.006000001044
v -0.04058410645 0.105 -0.006000001044
v -0.03168694496 0.105 -0.006000001044
v -0.03218727589 0.105 -0.002010418944
v -0.03218727589 0.105 0.002010424556
v -0.03168694496 0.105 0.006000006556
v -0.04058410645 0.105 0.006000006556
v -0.04081441879 0.105 0.005943797056
v -0.04099295616 0.105 0.005787833156
v -0.0410795784 0.105 0.005567152856
v -0.04141331196 0.105 0.001860716756
v -0.04141331196 0.105 -0.001860711144
v -0.0410795784 0.105 -0.005567147344
v -0.04099295616 0.105 -0.005787827544
v -0.04081441879 0.105 -0.005943791444
v -0.03764292717 0.1025 0.006299994356
v -0.03764292717 0.1027999973 0.006000006556
v -0.03591656923 0.1027999973 0.006000006556
v -0.03591656923 0.1025 0.006299994356
v -0.03591656923 0.1025 0.006299994356
v -0.03591656923 0.1027999973 0.006000006556
v -0.03569284201 0.1027999973 0.006052840156
v -0.03551640749 0.1027999973 0.006200220956
v -0.0354245615 0.1027999973 0.006410963956
v -0.03571976662 0.1025 0.006464388756
v -0.03575650454 0.1025 0.006380083956
v -0.03582707882 0.1025 0.006321146856
v 0.01868803024 0.1060000038 0.03776979726
v 0.01868803024 0.1039999962 0.03776979726
v 0.01879592776 0.1039999962 0.03704506196
v 0.01915760994 0.1039999962 0.03640781676
v 0.01972453117 0.1039999962 0.03594360626
v 0.01972453117 0.1060000038 0.03594360626
v 0.01915760994 0.1060000038 0.03640781676
v 0.01879592776 0.1060000038 0.03704506196
v -0.01868803024 0.1060000038 -0.03776979164
v -0.01868803024 0.1039999962 -0.03776979164
v -0.01879592776 0.1039999962 -0.03704505644
v -0.01915760994 0.1039999962 -0.03640782074
v -0.01972453117 0.1039999962 -0.03594361024
v -0.01972453117 0.1060000038 -0.03594361024
v -0.01915760994 0.1060000038 -0.03640782074
v -0.01879592776 0.1060000038 -0.03704505644
v -0.0274000001 0.1042000008 -0.006650006344
v -0.02652689457 0.1042000008 -0.003676468944
v -0.02418478251 0.1042000008 -0.001647030944
v -0.02111726761 0.1042000008 -0.001205975644
v -0.01829826593 0.1042000008 -0.002493378744
v -0.01662278891 0.1042000008 -0.005100476344
v -0.01662278891 0.1042000008 -0.008199536444
v -0.01829826593 0.1042000008 -0.01080662454
v -0.02111726761 0.1042000008 -0.01209401804
v -0.02418478251 0.1042000008 -0.01165297234
v -0.02652689457 0.1042000008 -0.009623524744
v -0.01620000005 0.1039999962 -0.006650006344
v -0.0166338861 0.1039999962 -0.004468705244
v -0.01786949158 0.1039999962 -0.002619492644
v -0.01971870422 0.1039999962 -0.001383893144
v -0.02190000057 0.1039999962 -0.0009500094444
v -0.02408129454 0.1039999962 -0.001383893144
v -0.02593050957 0.1039999962 -0.002619492644
v -0.02716611385 0.1039999962 -0.004468705244
v -0.0275999999 0.1039999962 -0.006650006344
v -0.02716611385 0.1039999962 -0.008831288444
v -0.02593050957 0.1039999962 -0.01068051064
v -0.02408129454 0.1039999962 -0.01191611014
v -0.02190000057 0.1039999962 -0.01235000334
v -0.01971870422 0.1039999962 -0.01191611014
v -0.01786949158 0.1039999962 -0.01068051064
v -0.0166338861 0.1039999962 -0.008831288444
v -0.0275999999 0.1039999962 -0.006650006344
v -0.0274000001 0.1042000008 -0.006650006344
v 0.01799999952 0.1144999981 0.01850000656
v 0.01976776719 0.1144999981 0.01923223776
v 0.02049999952 0.1144999981 0.02100000656
v 0.01976776719 0.1144999981 0.02276777546
v 0.01799999952 0.1144999981 0.02350000656
v 0.01623223305 0.1144999981 0.02276777546
v 0.01549999952 0.1144999981 0.02100000656
v 0.01623223305 0.1144999981 0.01923223776
v 0.015 0.1139999962 0.02100000656
v 0.01587867975 0.1139999962 0.02312132156
v 0.01799999952 0.1139999962 0.02399999896
v 0.02012131929 0.1139999962 0.02312132156
v 0.02099999905 0.1139999962 0.02100000656
v 0.02012131929 0.1139999962 0.01887867256
v 0.01799999952 0.1139999962 0.01799999516
v 0.01587867975 0.1139999962 0.01887867256
v 0.02049999952 0.1144999981 0.02100000656
v 0.02099999905 0.1139999962 0.02100000656
v 0.015 0.1139999962 0.02100000656
v 0.01587867975 0.1139999962 0.01887867256
v 0.01799999952 0.1139999962 0.01799999516
v 0.02012131929 0.1139999962 0.01887867256
v 0.02099999905 0.1139999962 0.02100000656
v 0.02012131929 0.1139999962 0.02312132156
v 0.01799999952 0.1139999962 0.02399999896
v 0.01587867975 0.1139999962 0.02312132156
v 0.01799999952 0.1060000038 0.02399999896
v 0.02012131929 0.1060000038 0.02312132156
v 0.02099999905 0.1060000038 0.02100000656
v 0.02012131929 0.1060000038 0.01887867256
v 0.01799999952 0.1060000038 0.01799999516
v 0.01587867975 0.1060000038 0.01887867256
v 0.015 0.1060000038 0.02100000656
v 0.01587867975 0.1060000038 0.02312132156
v 0.01799999952 0.1060000038 0.01799999516
v 0.01799999952 0.1139999962 0.01799999516
v -0.03764292717 0.1025 -0.006300007944
v -0.03764292717 0.1027999973 -0.006000001044
v -0.0379171896 0.1027999973 -0.006081940744
v -0.03810156584 0.1027999973 -0.006300885244
v -0.03813563585 0.1027999973 -0.006585080244
v -0.03784001112 0.1025 -0.006534039544
v -0.03782638311 0.1025 -0.006420342544
v -0.03775263309 0.1025 -0.006332776144
v -0.03784001112 0.1025 0.006534026056
v -0.03813563585 0.1027999973 0.006585085756
v -0.03810156584 0.1027999973 0.006300871756
v -0.0379171896 0.1027999973 0.006081927256
v -0.03764292717 0.1027999973 0.006000006556
v -0.03764292717 0.1025 0.006299994356
v -0.03775263309 0.1025 0.006332781656
v -0.03782638311 0.1025 0.006420348056
v -0.03591656923 0.1025 -0.006300007944
v -0.03591656923 0.1027999973 -0.006000001044
v -0.03764292717 0.1027999973 -0.006000001044
v -0.03764292717 0.1025 -0.006300007944
v -0.0354245615 0.104007988 0.006410963956
v -0.0354245615 0.1027999973 0.006410963956
v -0.03551640749 0.1027999973 0.006200220956
v -0.03569284201 0.1027999973 0.006052840156
v -0.03591656923 0.1027999973 0.006000006556
v -0.03591656923 0.1044999981 0.006000006556
v 0.02762120247 0.1075 0.01327369966
v 0.02838204861 0.1075 0.01382648746
v 0.02809143066 0.1075 0.01472091956
v 0.02715097427 0.1075 0.01472091956
v 0.02686035633 0.1075 0.01382648746
v 0.02682120323 0.1118000031 0.01407369896
v 0.02737398863 0.1118000031 0.01483455936
v 0.02826841593 0.1118000031 0.01454393666
v 0.02826841593 0.1118000031 0.01360348026
v 0.02737398863 0.1118000031 0.01331285756
v 0.02826841593 0.1118000031 0.01360348026
v 0.02762120247 0.1075 0.01327369966
v 0.0359436059 0.1060000038 0.01972452446
v 0.03159767628 0.1060000038 0.02612636846
v 0.02612636328 0.1060000038 0.03159767426
v 0.01972453117 0.1060000038 0.03594360626
v 0.01972453117 0.1039999962 0.03594360626
v 0.02612636328 0.1039999962 0.03159767426
v 0.03159767628 0.1039999962 0.02612636846
v 0.0359436059 0.1039999962 0.01972452446
v -0.01868803024 0.1060000038 -0.03776979164
v -0.01783694386 0.1060000038 -0.03997446734
v -0.01565359235 0.1060000038 -0.04087883674
v -0.01349284649 0.1060000038 -0.03992171014
v -0.01349284649 0.1039999962 -0.03992171014
v -0.01565359235 0.1039999962 -0.04087883674
v -0.01783694386 0.1039999962 -0.03997446734
v -0.01868803024 0.1039999962 -0.03776979164
v -0.01799999952 0.1144999981 -0.02350000104
v -0.01976776719 0.1144999981 -0.02276776994
v -0.02049999952 0.1144999981 -0.02100000104
v -0.01976776719 0.1144999981 -0.01923223214
v -0.01799999952 0.1144999981 -0.01850000104
v -0.01623223305 0.1144999981 -0.01923223214
v -0.01549999952 0.1144999981 -0.02100000104
v -0.01623223305 0.1144999981 -0.02276776994
v -0.01799999952 0.1144999981 -0.02275000294
v -0.01648445606 0.1144999981 -0.02187499724
v -0.01648445606 0.1144999981 -0.02012499534
v -0.01799999952 0.1144999981 -0.01924999914
v -0.01951554418 0.1144999981 -0.02012499534
v -0.01951554418 0.1144999981 -0.02187499724
v 0.02762120247 0.1075 -0.01487370214
v 0.02838204861 0.1075 -0.01432091434
v 0.02809143066 0.1075 -0.01342649184
v 0.02715097427 0.1075 -0.01342649184
v 0.02686035633 0.1075 -0.01432091434
v 0.02682120323 0.1118000031 -0.01407370294
v 0.02737398863 0.1118000031 -0.01331286154
v 0.02826841593 0.1118000031 -0.01360347474
v 0.02826841593 0.1118000031 -0.01454393114
v 0.02737398863 0.1118000031 -0.01483455384
v 0.02737398863 0.1118000031 -0.01331286154
v 0.02715097427 0.1075 -0.01342649184
v 0.01498791099 0.1078999996 -0.0006020899444
v 0.01616974592 0.1078999996 -0.003197152244
v 0.01861509323 0.1078999996 -0.004663903344
v 0.0214609623 0.1078999996 -0.004484707944
v 0.02370301247 0.1078999996 -0.002722813644
v 0.02454999924 0.1078999996 2.755596473e-09
v 0.02370301247 0.1078999996 0.002722800156
v 0.0214609623 0.1078999996 0.004484713456
v 0.01861509323 0.1078999996 0.004663908856
v 0.01616974592 0.1078999996 0.003197157756
v 0.01498791099 0.1078999996 0.0006020955556
v 0.01471983075 0.1078999996 0.002885573256
v 0.0141059196 0.1078999996 0.005101282956
v 0.01316060185 0.1078999996 0.007197115856
v 0.01417292714 0.1078999996 0.006111414856
v 0.01558184147 0.1078999996 0.005643961856
v 0.01704238892 0.1078999996 0.005909216756
v 0.02020760536 0.1078999996 0.006483862756
v 0.02326073647 0.1078999996 0.005470354956
v 0.02545393705 0.1078999996 0.003116915656
v 0.02625 0.1078999996 2.755596473e-09
v 0.02545393705 0.1078999996 -0.003116910044
v 0.02326073647 0.1078999996 -0.005470349444
v 0.02020760536 0.1078999996 -0.006483876344
v 0.01704238892 0.1078999996 -0.005909211244
v 0.01558184147 0.1078999996 -0.005643975344
v 0.01417292714 0.1078999996 -0.006111428344
v 0.01316060185 0.1078999996 -0.007197129344
v 0.0141059196 0.1078999996 -0.005101277444
v 0.01471983075 0.1078999996 -0.002885586844
v -0.02946859121 0.1044999981 -0.006000001044
v -0.02932214499 0.1041464424 -0.006146447244
v -0.02896859169 0.1039999962 -0.006499993444
v -0.02896859169 0.1039999962 0.006499998956
v -0.02946859121 0.1044999981 0.006000006556
v -0.02940160513 0.1047500038 0.006000006556
v -0.02921859026 0.1049330139 0.006000006556
v -0.02896859169 0.105 0.006000006556
v -0.02896859169 0.105 -0.006000001044
v -0.02921859026 0.1049330139 -0.006000001044
v -0.02940160513 0.1047500038 -0.006000001044
v 0.01704238892 0.1060000038 -0.005909211244
v 0.01704238892 0.1078999996 -0.005909211244
v 0.02020760536 0.1078999996 -0.006483876344
v 0.02326073647 0.1078999996 -0.005470349444
v 0.02545393705 0.1078999996 -0.003116910044
v 0.02625 0.1078999996 2.755596473e-09
v 0.02545393705 0.1078999996 0.003116915656
v 0.02326073647 0.1078999996 0.005470354956
v 0.02020760536 0.1078999996 0.006483862756
v 0.01704238892 0.1078999996 0.005909216756
v 0.01704238892 0.1060000038 0.005909216756
v 0.02020760536 0.1060000038 0.006483862756
v 0.02326073647 0.1060000038 0.005470354956
v 0.02545393705 0.1060000038 0.003116915656
v 0.02625 0.1060000038 2.755596473e-09
v 0.02545393705 0.1060000038 -0.003116910044
v 0.02326073647 0.1060000038 -0.005470349444
v 0.02020760536 0.1060000038 -0.006483876344
v -0.0354245615 0.104007988 -0.006410958344
v -0.035419209 0.1040035629 -0.006440465044
v -0.03541379213 0.1040008926 -0.006470181544
v -0.03540833235 0.1039999962 -0.006499993444
v -0.02896859169 0.1039999962 -0.006499993444
v -0.02932214499 0.1041464424 -0.006146447244
v -0.02946859121 0.1044999981 -0.006000001044
v -0.03591656923 0.1044999981 -0.006000001044
v -0.03784001112 0.1025 -0.006534039544
v -0.03813563585 0.1027999973 -0.006585080244
v -0.03577875137 0.1027999973 -0.01475028714
v -0.03169645071 0.1027999973 -0.02220416744
v -0.02608559847 0.1027999973 -0.02858726224
v -0.01921678066 0.1027999973 -0.03359174454
v -0.01142124057 0.1027999973 -0.03697627744
v -0.003074914813 0.1027999973 -0.03857764924
v 0.005419697165 0.1027999973 -0.03831862174
v 0.01365294695 0.1027999973 -0.03621169764
v 0.02122778654 0.1027999973 -0.03235848154
v 0.0277789259 0.1027999973 -0.02694477754
v 0.03299043894 0.1027999973 -0.02023168284
v 0.03661099672 0.1027999973 -0.01254292214
v 0.03846600533 0.1027999973 -0.004249283844
v 0.03846600533 0.1027999973 0.004249289456
v 0.03661099672 0.1027999973 0.01254291816
v 0.03299043894 0.1027999973 0.02023168846
v 0.0277789259 0.1027999973 0.02694477356
v 0.02122778654 0.1027999973 0.03235847746
v 0.01365294695 0.1027999973 0.03621170326
v 0.005419697165 0.1027999973 0.03831861776
v -0.003074914813 0.1027999973 0.03857765476
v -0.01142124057 0.1027999973 0.03697628296
v -0.01921678066 0.1027999973 0.03359175006
v -0.02608559847 0.1027999973 0.02858726776
v -0.03169645071 0.1027999973 0.02220417296
v -0.03577875137 0.1027999973 0.01475029266
v -0.03813563585 0.1027999973 0.006585085756
v -0.03784001112 0.1025 0.006534026056
v -0.03550139666 0.1025 0.01463594716
v -0.03145074129 0.1025 0.02203203476
v -0.02588338614 0.1025 0.02836565296
v -0.01906781316 0.1025 0.03333133976
v -0.01133270383 0.1025 0.03668964666
v -0.00305107832 0.1025 0.03827860156
v 0.005377684236 0.1025 0.03802158636
v 0.01354710937 0.1025 0.03593097966
v 0.02106323004 0.1025 0.03210764206
v 0.02756358624 0.1025 0.02673589986
v 0.03273469687 0.1025 0.02007484716
v 0.0363271904 0.1025 0.01244568146
v 0.03816781998 0.1025 0.004216349556
v 0.03816781998 0.1025 -0.004216343944
v 0.0363271904 0.1025 -0.01244568544
v 0.03273469687 0.1025 -0.02007485114
v 0.02756358624 0.1025 -0.02673590384
v 0.02106323004 0.1025 -0.03210763654
v 0.01354710937 0.1025 -0.03593098364
v 0.005377684236 0.1025 -0.03802158074
v -0.00305107832 0.1025 -0.03827859604
v -0.01133270383 0.1025 -0.03668964104
v -0.01906781316 0.1025 -0.03333134374
v -0.02588338614 0.1025 -0.02836565694
v -0.03145074129 0.1025 -0.02203203874
v -0.03550139666 0.1025 -0.01463594154
v -0.03764292717 0.1025 -0.006300007944
v -0.03775263309 0.1025 -0.006332776144
v -0.03782638311 0.1025 -0.006420342544
v -0.03784001112 0.1025 -0.006534039544
v -0.03550139666 0.1025 -0.01463594154
v -0.03145074129 0.1025 -0.02203203874
v -0.02588338614 0.1025 -0.02836565694
v -0.01906781316 0.1025 -0.03333134374
v -0.01133270383 0.1025 -0.03668964104
v -0.00305107832 0.1025 -0.03827859604
v 0.005377684236 0.1025 -0.03802158074
v 0.01354710937 0.1025 -0.03593098364
v 0.02106323004 0.1025 -0.03210763654
v 0.02756358624 0.1025 -0.02673590384
v 0.03273469687 0.1025 -0.02007485114
v 0.0363271904 0.1025 -0.01244568544
v 0.03816781998 0.1025 -0.004216343944
v 0.03816781998 0.1025 0.004216349556
v 0.0363271904 0.1025 0.01244568146
v 0.03273469687 0.1025 0.02007484716
v 0.02756358624 0.1025 0.02673589986
v 0.02106323004 0.1025 0.03210764206
v 0.01354710937 0.1025 0.03593097966
v 0.005377684236 0.1025 0.03802158636
v -0.00305107832 0.1025 0.03827860156
v -0.01133270383 0.1025 0.03668964666
v -0.01906781316 0.1025 0.03333133976
v -0.02588338614 0.1025 0.02836565296
v -0.03145074129 0.1025 0.02203203476
v -0.03550139666 0.1025 0.01463594716
v -0.03784001112 0.1025 0.006534026056
v -0.03782638311 0.1025 0.006420348056
v -0.03775263309 0.1025 0.006332781656
v -0.03764292717 0.1025 0.006299994356
v -0.03591656923 0.1025 0.006299994356
v -0.03582707882 0.1025 0.006321146856
v -0.03575650454 0.1025 0.006380083956
v -0.03571976662 0.1025 0.006464388756
v -0.03333580732 0.1025 0.01436710636
v -0.02922808647 0.1025 0.02152693076
v -0.02360901356 0.1025 0.02757362646
v -0.01676914096 0.1025 0.03219450276
v -0.009062153101 0.1025 0.03515064516
v -0.0008865709603 0.1025 0.03628917976
v 0.007334854603 0.1025 0.03555122656
v 0.01517700315 0.1025 0.03297497076
v 0.02223436356 0.1025 0.02869360246
v 0.02814200878 0.1025 0.02292852676
v 0.03259445906 0.1025 0.01597784316
v 0.0353614831 0.1025 0.008200953356
v 0.03630000114 0.1025 2.755596473e-09
v 0.0353614831 0.1025 -0.008200947844
v 0.03259445906 0.1025 -0.01597783764
v 0.02814200878 0.1025 -0.02292853074
v 0.02223436356 0.1025 -0.02869360644
v 0.01517700315 0.1025 -0.03297496514
v 0.007334854603 0.1025 -0.03555123054
v -0.0008865709603 0.1025 -0.03628917414
v -0.009062153101 0.1025 -0.03515063964
v -0.01676914096 0.1025 -0.03219449724
v -0.02360901356 0.1025 -0.02757362084
v -0.02922808647 0.1025 -0.02152693474
v -0.03333580732 0.1025 -0.01436711034
v -0.03571976662 0.1025 -0.006464383244
v -0.03575650454 0.1025 -0.006380078444
v -0.03582707882 0.1025 -0.006321141344
v -0.03591656923 0.1025 -0.006300007944
v -0.0354245615 0.104007988 0.006410963956
v -0.03591656923 0.1044999981 0.006000006556
v -0.02946859121 0.1044999981 0.006000006556
v -0.02896859169 0.1039999962 0.006499998956
v -0.03540833235 0.1039999962 0.006499998956
v -0.03541379213 0.1040008926 0.006470187056
v -0.035419209 0.1040035629 0.006440470656
v -0.03591656923 0.1044999981 -0.006000001044
v -0.03591656923 0.1027999973 -0.006000001044
v -0.03569284201 0.1027999973 -0.006052853644
v -0.03551640749 0.1027999973 -0.006200215444
v -0.0354245615 0.1027999973 -0.006410958344
v -0.0354245615 0.104007988 -0.006410958344
v 0.03776979685 0.1039999962 0.01868803306
v 0.03776979685 0.1060000038 0.01868803306
v 0.03704505682 0.1060000038 0.01879593176
v 0.03640781641 0.1060000038 0.01915760316
v 0.0359436059 0.1060000038 0.01972452446
v 0.0359436059 0.1039999962 0.01972452446
v 0.03640781641 0.1039999962 0.01915760316
v 0.03704505682 0.1039999962 0.01879593176
v -0.01349284649 0.1039999962 -0.03992171014
v -0.01349284649 0.1060000038 -0.03992171014
v -0.01290408254 0.1060000038 -0.03948553764
v -0.01219773769 0.1060000038 -0.03929069244
v -0.01146861792 0.1060000038 -0.03936331474
v -0.01146861792 0.1039999962 -0.03936331474
v -0.01219773769 0.1039999962 -0.03929069244
v -0.01290408254 0.1039999962 -0.03948553764
v 0.01799999952 0.1144999981 -0.02350000104
v 0.01623223305 0.1144999981 -0.02276776994
v 0.01549999952 0.1144999981 -0.02100000104
v 0.01623223305 0.1144999981 -0.01923223214
v 0.01799999952 0.1144999981 -0.01850000104
v 0.01976776719 0.1144999981 -0.01923223214
v 0.02049999952 0.1144999981 -0.02100000104
v 0.01976776719 0.1144999981 -0.02276776994
v 0.01799999952 0.1144999981 -0.02275000294
v 0.01951554418 0.1144999981 -0.02187499724
v 0.01951554418 0.1144999981 -0.02012499534
v 0.01799999952 0.1144999981 -0.01924999914
v 0.01648445606 0.1144999981 -0.02012499534
v 0.01648445606 0.1144999981 -0.02187499724
v -0.02762120247 0.1075 0.01327369966
v -0.02686035633 0.1075 0.01382648746
v -0.02715097427 0.1075 0.01472091956
v -0.02809143066 0.1075 0.01472091956
v -0.02838204861 0.1075 0.01382648746
v -0.02842120171 0.1118000031 0.01407369896
v -0.02786841631 0.1118000031 0.01483455936
v -0.02697398901 0.1118000031 0.01454393666
v -0.02697398901 0.1118000031 0.01360348026
v -0.02786841631 0.1118000031 0.01331285756
v -0.02697398901 0.1118000031 0.01360348026
v -0.02762120247 0.1075 0.01327369966
v 0.008906645775 0.1085999966 0.008041861456
v 0.005058905482 0.1085999966 0.01088152206
v 0.0004077574983 0.1085999966 0.01199306766
v -0.004308146536 0.1085999966 0.01119999206
v -0.008339871168 0.1085999966 0.008628237656
v -0.01104713678 0.1085999966 0.004686224856
v -0.01200000048 0.1085999966 2.755596473e-09
v -0.01104713678 0.1085999966 -0.004686238344
v -0.008339871168 0.1085999966 -0.008628232044
v -0.004308146536 0.1085999966 -0.01119999604
v 0.0004077574983 0.1085999966 -0.01199307164
v 0.005058905482 0.1085999966 -0.01088151654
v 0.008906645775 0.1085999966 -0.008041874944
v 0.009534858465 0.1085999966 -0.008826138544
v 0.01021966696 0.1085999966 -0.009561526344
v 0.01095727801 0.1085999966 -0.01024392804
v 0.006895110607 0.1085999966 -0.01332131104
v 0.00203704685 0.1085999966 -0.01486103734
v -0.003056151271 0.1085999966 -0.01468536104
v -0.007796580791 0.1085999966 -0.01281457624
v -0.01163705826 0.1085999966 -0.009464614044
v -0.01413428187 0.1085999966 -0.005022160644
v -0.015 0.1085999966 2.755596473e-09
v -0.01413428187 0.1085999966 0.005022166156
v -0.01163705826 0.1085999966 0.009464610056
v -0.007796580791 0.1085999966 0.01281458176
v -0.003056151271 0.1085999966 0.01468536656
v 0.00203704685 0.1085999966 0.01486103336
v 0.006895110607 0.1085999966 0.01332130706
v 0.01095727801 0.1085999966 0.01024393356
v 0.01021966696 0.1085999966 0.009561522356
v 0.009534858465 0.1085999966 0.008826144156
v 0.01704238892 0.1078999996 0.005909216756
v 0.01558184147 0.1078999996 0.005643961856
v 0.01417292714 0.1078999996 0.006111414856
v 0.01316060185 0.1078999996 0.007197115856
v 0.01316060185 0.1060000038 0.007197115856
v 0.01417292714 0.1060000038 0.006111414856
v 0.01558184147 0.1060000038 0.005643961856
v 0.01704238892 0.1060000038 0.005909216756
v -0.0354245615 0.104007988 0.006410963956
v -0.035419209 0.1040035629 0.006440470656
v -0.03541379213 0.1040008926 0.006470187056
v -0.03540833235 0.1039999962 0.006499998956
v -0.03302714825 0.1039999962 0.01432506836
v -0.02894105196 0.1039999962 0.02141063966
v -0.02336096764 0.1039999962 0.02739095966
v -0.01657495499 0.1039999962 0.03195732396
v -0.008933314681 0.1039999962 0.03487400336
v -0.0008305224776 0.1039999962 0.03599041266
v 0.007315142751 0.1039999962 0.03524894996
v 0.01508318782 0.1039999962 0.03268787666
v 0.02207261562 0.1039999962 0.02843941016
v 0.02792261839 0.1039999962 0.02272283836
v 0.03233120918 0.1039999962 0.01583328526
v 0.03507081032 0.1039999962 0.008126395156
v 0.03599999905 0.1039999962 2.755596473e-09
v 0.03507081032 0.1039999962 -0.008126389544
v 0.03233120918 0.1039999962 -0.01583328924
v 0.02792261839 0.1039999962 -0.02272284234
v 0.02207261562 0.1039999962 -0.02843940454
v 0.01508318782 0.1039999962 -0.03268788064
v 0.007315142751 0.1039999962 -0.03524895394
v -0.0008305224776 0.1039999962 -0.03599041664
v -0.008933314681 0.1039999962 -0.03487399774
v -0.01657495499 0.1039999962 -0.03195732794
v -0.02336096764 0.1039999962 -0.02739097314
v -0.02894105196 0.1039999962 -0.02141064364
v -0.03302714825 0.1039999962 -0.01432506284
v -0.03540833235 0.1039999962 -0.006499993444
v -0.03541379213 0.1040008926 -0.006470181544
v -0.035419209 0.1040035629 -0.006440465044
v -0.0354245615 0.104007988 -0.006410958344
v -0.0354245615 0.1027999973 -0.006410958344
v -0.03306030512 0.1027999973 -0.01424837784
v -0.02898653269 0.1027999973 -0.02134902674
v -0.02341389656 0.1027999973 -0.02734574044
v -0.01663055301 0.1027999973 -0.03192843164
v -0.008987259269 0.1027999973 -0.03486014084
v -0.0008792439103 0.1027999973 -0.03598926264
v 0.007274236083 0.1027999973 -0.03525741304
v 0.01505157351 0.1027999973 -0.03270245274
v 0.02205060959 0.1027999973 -0.02845646584
v 0.02790942907 0.1027999973 -0.02273903564
v 0.03232508183 0.1027999973 -0.01584579194
v 0.03506923914 0.1027999973 -0.008133179744
v 0.03599999905 0.1027999973 2.755596473e-09
v 0.03506923914 0.1027999973 0.008133166256
v 0.03232508183 0.1027999973 0.01584579746
v 0.02790942907 0.1027999973 0.02273903166
v 0.02205060959 0.1027999973 0.02845646186
v 0.01505157351 0.1027999973 0.03270244876
v 0.007274236083 0.1027999973 0.03525741856
v -0.0008792439103 0.1027999973 0.03598926826
v -0.008987259269 0.1027999973 0.03486013686
v -0.01663055301 0.1027999973 0.03192842766
v -0.02341389656 0.1027999973 0.02734573646
v -0.02898653269 0.1027999973 0.02134903236
v -0.03306030512 0.1027999973 0.01424837386
v -0.0354245615 0.1027999973 0.006410963956
v 0.02762120247 0.1075 0.01327369966
v 0.02686035633 0.1075 0.01382648746
v 0.02715097427 0.1075 0.01472091956
v 0.02809143066 0.1075 0.01472091956
v 0.02838204861 0.1075 0.01382648746
v 0.02762120247 0.10701931 0.01407369896
v 0.02762120247 0.1075 0.01327369966
v 0.02762120247 0.10701931 0.01407369896
v 0.02762120247 0.10701931 0.01407369896
v 0.02762120247 0.10701931 0.01407369896
v 0.02762120247 0.10701931 0.01407369896
v 0.02762120247 0.10701931 0.01407369896
v 0.02762120247 0.10701931 0.01407369896
v 0.03992171288 0.1060000038 0.01349285406
v 0.04087883949 0.1060000038 0.01565359396
v 0.03997446537 0.1060000038 0.01783693596
v 0.03776979685 0.1060000038 0.01868803306
v 0.03776979685 0.1039999962 0.01868803306
v 0.03997446537 0.1039999962 0.01783693596
v 0.04087883949 0.1039999962 0.01565359396
v 0.03992171288 0.1039999962 0.01349285406
v -0.01146861792 0.1060000038 -0.03936331474
v -0.003868803382 0.1060000038 -0.04081705774
v 0.003868803382 0.1060000038 -0.04081705774
v 0.01146861792 0.1060000038 -0.03936331474
v 0.01146861792 0.1039999962 -0.03936331474
v 0.003868803382 0.1039999962 -0.04081705774
v -0.003868803382 0.1039999962 -0.04081705774
v -0.01146861792 0.1039999962 -0.03936331474
v -0.01799999952 0.1144999981 0.01850000656
v -0.01976776719 0.1144999981 0.01923223776
v -0.02049999952 0.1144999981 0.02100000656
v -0.01976776719 0.1144999981 0.02276777546
v -0.01799999952 0.1144999981 0.02350000656
v -0.01623223305 0.1144999981 0.02276777546
v -0.01549999952 0.1144999981 0.02100000656
v -0.01623223305 0.1144999981 0.01923223776
v -0.01799999952 0.1144999981 0.01924999516
v -0.01648445606 0.1144999981 0.02012499136
v -0.01648445606 0.1144999981 0.02187500276
v -0.01799999952 0.1144999981 0.02274999896
v -0.01951554418 0.1144999981 0.02187500276
v -0.01951554418 0.1144999981 0.02012499136
v -0.01799999952 0.1139999962 -0.01975000104
v -0.01918882012 0.1139999962 -0.02061372484
v -0.01873473167 0.1139999962 -0.02201126774
v -0.01726526856 0.1139999962 -0.02201126774
v -0.01681117892 0.1139999962 -0.02061372484
v -0.01799999952 0.1144999981 -0.02275000294
v -0.01951554418 0.1144999981 -0.02187499724
v -0.01951554418 0.1144999981 -0.02012499534
v -0.01799999952 0.1144999981 -0.01924999914
v -0.01648445606 0.1144999981 -0.02012499534
v -0.01648445606 0.1144999981 -0.02187499724
v -0.01648445606 0.1144999981 -0.02187499724
v -0.01726526856 0.1139999962 -0.02201126774
v 0.01095727801 0.1081000042 0.01024393356
v 0.01021966696 0.1081000042 0.009561522356
v 0.009534858465 0.1081000042 0.008826144156
v 0.008906645775 0.1081000042 0.008041861456
v 0.008906645775 0.1085999966 0.008041861456
v 0.009534858465 0.1085999966 0.008826144156
v 0.01021966696 0.1085999966 0.009561522356
v 0.01095727801 0.1085999966 0.01024393356
v 0.01316060185 0.1060000038 -0.007197129344
v 0.00987052381 0.1060000038 -0.01129481034
v 0.005368974805 0.1060000038 -0.01400622094
v 0.0002084576897 0.1060000038 -0.01499854764
v -0.004977644682 0.1060000038 -0.01415001594
v -0.009552809596 0.1060000038 -0.01156476694
v -0.0129554975 0.1060000038 -0.007560097744
v -0.01476807594 0.1060000038 -0.002627522544
v -0.01476807594 0.1060000038 0.002627528056
v -0.0129554975 0.1060000038 0.007560103356
v -0.009552809596 0.1060000038 0.01156477256
v -0.004977644682 0.1060000038 0.01415001196
v 0.0002084576897 0.1060000038 0.01499855316
v 0.005368974805 0.1060000038 0.01400621696
v 0.00987052381 0.1060000038 0.01129480636
v 0.01316060185 0.1060000038 0.007197115856
v 0.01316060185 0.1078999996 0.007197115856
v 0.0141059196 0.1078999996 0.005101282956
v 0.01471983075 0.1078999996 0.002885573256
v 0.01498791099 0.1078999996 0.0006020955556
v 0.015 0.1078499985 2.755596473e-09
v 0.01498791099 0.1078999996 -0.0006020899444
v 0.01471983075 0.1078999996 -0.002885586844
v 0.0141059196 0.1078999996 -0.005101277444
v 0.01316060185 0.1078999996 -0.007197129344
v 0.01095727801 0.1085999966 0.01024393356
v 0.006895110607 0.1085999966 0.01332130706
v 0.00203704685 0.1085999966 0.01486103336
v -0.003056151271 0.1085999966 0.01468536656
v -0.007796580791 0.1085999966 0.01281458176
v -0.01163705826 0.1085999966 0.009464610056
v -0.01413428187 0.1085999966 0.005022166156
v -0.015 0.1085999966 2.755596473e-09
v -0.01413428187 0.1085999966 -0.005022160644
v -0.01163705826 0.1085999966 -0.009464614044
v -0.007796580791 0.1085999966 -0.01281457624
v -0.003056151271 0.1085999966 -0.01468536104
v 0.00203704685 0.1085999966 -0.01486103734
v 0.006895110607 0.1085999966 -0.01332131104
v 0.01095727801 0.1085999966 -0.01024392804
v 0.01095727801 0.1081000042 -0.01024392804
v 0.01316060185 0.1081000042 -0.007197129344
v 0.01445538998 0.1081000042 -0.004005200444
v 0.01498791099 0.1081000042 -0.0006020899444
v 0.01498791099 0.1081000042 0.0006020955556
v 0.01445538998 0.1081000042 0.004005206056
v 0.01316060185 0.1081000042 0.007197115856
v 0.01095727801 0.1081000042 0.01024393356
v -0.01476807594 0.1060000038 -0.002627522544
v -0.015 0.1085999966 2.755596473e-09
v 0.02762120247 0.1075 -0.01487370214
v 0.02686035633 0.1075 -0.01432091434
v 0.02715097427 0.1075 -0.01342649184
v 0.02809143066 0.1075 -0.01342649184
v 0.02838204861 0.1075 -0.01432091434
v 0.02762120247 0.10701931 -0.01407370294
v 0.02762120247 0.1075 -0.01487370214
v 0.02762120247 0.10701931 -0.01407370294
v 0.02762120247 0.10701931 -0.01407370294
v 0.02762120247 0.10701931 -0.01407370294
v 0.02762120247 0.10701931 -0.01407370294
v 0.02762120247 0.10701931 -0.01407370294
v 0.02762120247 0.10701931 -0.01407370294
v 0.03992171288 0.1060000038 0.01349285406
v 0.03992171288 0.1039999962 0.01349285406
v 0.03948553801 0.1039999962 0.01290407456
v 0.03929069042 0.1039999962 0.01219774526
v 0.03936331749 0.1039999962 0.01146862306
v 0.03936331749 0.1060000038 0.01146862306
v 0.03929069042 0.1060000038 0.01219774526
v 0.03948553801 0.1060000038 0.01290407456
v 0.01349284649 0.1060000038 -0.03992171014
v 0.01349284649 0.1039999962 -0.03992171014
v 0.01290408254 0.1039999962 -0.03948553764
v 0.01219773769 0.1039999962 -0.03929069244
v 0.01146861792 0.1039999962 -0.03936331474
v 0.01146861792 0.1060000038 -0.03936331474
v 0.01219773769 0.1060000038 -0.03929069244
v 0.01290408254 0.1060000038 -0.03948553764
v 0.01799999952 0.1144999981 0.01850000656
v 0.01623223305 0.1144999981 0.01923223776
v 0.01549999952 0.1144999981 0.02100000656
v 0.01623223305 0.1144999981 0.02276777546
v 0.01799999952 0.1144999981 0.02350000656
v 0.01976776719 0.1144999981 0.02276777546
v 0.02049999952 0.1144999981 0.02100000656
v 0.01976776719 0.1144999981 0.01923223776
v 0.01799999952 0.1144999981 0.01924999516
v 0.01951554418 0.1144999981 0.02012499136
v 0.01951554418 0.1144999981 0.02187500276
v 0.01799999952 0.1144999981 0.02274999896
v 0.01648445606 0.1144999981 0.02187500276
v 0.01648445606 0.1144999981 0.02012499136
v 0.01799999952 0.1139999962 -0.01975000104
v 0.01681117892 0.1139999962 -0.02061372484
v 0.01726526856 0.1139999962 -0.02201126774
v 0.01873473167 0.1139999962 -0.02201126774
v 0.01918882012 0.1139999962 -0.02061372484
v 0.01799999952 0.1144999981 -0.02275000294
v 0.01648445606 0.1144999981 -0.02187499724
v 0.01648445606 0.1144999981 -0.02012499534
v 0.01799999952 0.1144999981 -0.01924999914
v 0.01951554418 0.1144999981 -0.02012499534
v 0.01951554418 0.1144999981 -0.02187499724
v 0.01951554418 0.1144999981 -0.02187499724
v 0.01873473167 0.1139999962 -0.02201126774
v -0.01729002118 0.1039999962 0.03787906926
v -0.01649002075 0.1039999962 0.03649341856
v -0.01489002109 0.1039999962 0.03649341856
v -0.01409002066 0.1039999962 0.03787906926
v -0.01489002109 0.1039999962 0.03926470076
v -0.01649002075 0.1039999962 0.03926470076
v -0.01729002118 0.1060000038 0.03787906926
v -0.01649002075 0.1060000038 0.03926470076
v -0.01489002109 0.1060000038 0.03926470076
v -0.01409002066 0.1060000038 0.03787906926
v -0.01489002109 0.1060000038 0.03649341856
v -0.01649002075 0.1060000038 0.03649341856
v -0.01729002118 0.1039999962 0.03787906926
v -0.01729002118 0.1060000038 0.03787906926
v -0.01868803024 0.1039999962 0.03776979726
v -0.01868803024 0.1060000038 0.03776979726
v -0.01879592776 0.1060000038 0.03704506196
v -0.01915760994 0.1060000038 0.03640781676
v -0.01972453117 0.1060000038 0.03594360626
v -0.01972453117 0.1039999962 0.03594360626
v -0.01915760994 0.1039999962 0.03640781676
v -0.01879592776 0.1039999962 0.03704506196
v -0.04123105526 0.1039999962 -0.007000004844
v -0.04123105526 0.1060000038 -0.007000004844
v -0.04078736305 0.1060000038 -0.007103821844
v -0.04043580055 0.1060000038 -0.007393719744
v -0.04024936676 0.1060000038 -0.007809521744
v -0.04024936676 0.1039999962 -0.007809521744
v -0.04043580055 0.1039999962 -0.007393719744
v -0.04078736305 0.1039999962 -0.007103821844
v -0.02875664473 0.1119999981 0.01618812836
v -0.02679342508 0.1119999981 0.01632643026
v -0.02538685083 0.1119999981 0.01494987766
v -0.0254827857 0.1119999981 0.01298412596
v -0.02701671839 0.1119999981 0.01175108236
v -0.02895714283 0.1119999981 0.01207989016
v -0.02999919891 0.1119999981 0.01374946876
v -0.0296075511 0.1119999981 0.01457371036
v -0.02919325829 0.1119999981 0.01538679396
v -0.02762120247 0.1119999981 0.01507370276
v -0.02857225895 0.1119999981 0.01438272756
v -0.02820898771 0.1119999981 0.01326469696
v -0.02703341722 0.1119999981 0.01326469696
v -0.02667014599 0.1119999981 0.01438272756
v -0.02766859055 0.1060000038 0.006499998956
v -0.02816859245 0.1055000019 0.006000006556
v -0.03080509424 0.1055000019 0.006000006556
v -0.03056652546 0.1060000038 0.006499998956
v -0.02762120247 0.1075 -0.01327370364
v -0.02838204861 0.1075 -0.01382649144
v -0.02809143066 0.1075 -0.01472092354
v -0.02715097427 0.1075 -0.01472092354
v -0.02686035633 0.1075 -0.01382649144
v -0.02762120247 0.1118000031 -0.01327370364
v -0.02686035633 0.1118000031 -0.01382649144
v -0.02715097427 0.1118000031 -0.01472092354
v -0.02809143066 0.1118000031 -0.01472092354
v -0.02838204861 0.1118000031 -0.01382649144
v -0.02762120247 0.1118000031 -0.01327370364
v -0.02762120247 0.1075 -0.01327370364
v -0.04058410645 0.1044999981 -0.006000001044
v -0.04058410645 0.1042500019 -0.006066987144
v -0.04058410645 0.1040669918 -0.006249997244
v -0.04058410645 0.1039999962 -0.006499993444
v -0.03814292669 0.1039999962 -0.006499993444
v -0.03764292717 0.1044999981 -0.006000001044
v 0.02999919891 0.1119999981 0.01374946876
v 0.02895714283 0.1119999981 0.01207989016
v 0.02701671839 0.1119999981 0.01175108236
v 0.0254827857 0.1119999981 0.01298412596
v 0.02538685083 0.1119999981 0.01494987766
v 0.02679342508 0.1119999981 0.01632643026
v 0.02875664473 0.1119999981 0.01618812836
v 0.02919325829 0.1119999981 0.01538679396
v 0.0296075511 0.1119999981 0.01457371036
v 0.02762120247 0.1119999981 0.01507370276
v 0.02667014599 0.1119999981 0.01438272756
v 0.02703341722 0.1119999981 0.01326469696
v 0.02820898771 0.1119999981 0.01326469696
v 0.02857225895 0.1119999981 0.01438272756
v 0.01455865026 0.1039999962 0.03901043216
v 0.01414453983 0.1039999962 0.03746494566
v 0.0152759099 0.1039999962 0.03633358276
v 0.01682139158 0.1039999962 0.03674768726
v 0.017235502 0.1039999962 0.03829317366
v 0.01610413074 0.1039999962 0.03942453666
v 0.01455865026 0.1060000038 0.03901043216
v 0.01610413074 0.1060000038 0.03942453666
v 0.017235502 0.1060000038 0.03829317366
v 0.01682139158 0.1060000038 0.03674768726
v 0.0152759099 0.1060000038 0.03633358276
v 0.01414453983 0.1060000038 0.03746494566
v 0.01455865026 0.1039999962 0.03901043216
v 0.01455865026 0.1060000038 0.03901043216
v -0.01349284649 0.1060000038 0.03992170616
v -0.01565359235 0.1060000038 0.04087883276
v -0.01783694386 0.1060000038 0.03997446336
v -0.01868803024 0.1060000038 0.03776979726
v -0.01868803024 0.1039999962 0.03776979726
v -0.01783694386 0.1039999962 0.03997446336
v -0.01565359235 0.1039999962 0.04087883276
v -0.01349284649 0.1039999962 0.03992170616
v -0.03936331749 0.1039999962 -0.01146861754
v -0.0396959734 0.1039999962 -0.01025815684
v -0.03999141455 0.1039999962 -0.009038083144
v -0.04024936676 0.1039999962 -0.007809521744
v -0.04024936676 0.1060000038 -0.007809521744
v -0.03999141455 0.1060000038 -0.009038083144
v -0.0396959734 0.1060000038 -0.01025815684
v -0.03936331749 0.1060000038 -0.01146861754
v 0.0378790617 0.1039999962 0.01729002276
v 0.0364934206 0.1039999962 0.01649002356
v 0.0364934206 0.1039999962 0.01489002506
v 0.0378790617 0.1039999962 0.01409002586
v 0.03926470041 0.1039999962 0.01489002506
v 0.03926470041 0.1039999962 0.01649002356
v 0.0378790617 0.1060000038 0.01729002276
v 0.03926470041 0.1060000038 0.01649002356
v 0.03926470041 0.1060000038 0.01489002506
v 0.0378790617 0.1060000038 0.01409002586
v 0.0364934206 0.1060000038 0.01489002506
v 0.0364934206 0.1060000038 0.01649002356
v 0.0378790617 0.1039999962 0.01729002276
v 0.0378790617 0.1060000038 0.01729002276
v -0.0274000001 0.1042000008 0.005650008156
v -0.02652689457 0.1042000008 0.002676470656
v -0.02418478251 0.1042000008 0.0006470326556
v -0.02111726761 0.1042000008 0.0002059773556
v -0.01829826593 0.1042000008 0.001493380456
v -0.01662278891 0.1042000008 0.004100478056
v -0.01662278891 0.1042000008 0.007199538156
v -0.01829826593 0.1042000008 0.009806616656
v -0.02111726761 0.1042000008 0.01109401976
v -0.02418478251 0.1042000008 0.01065298356
v -0.02652689457 0.1042000008 0.008623526456
v -0.0274000001 0.1057999992 0.005650008156
v -0.02652689457 0.1057999992 0.008623526456
v -0.02418478251 0.1057999992 0.01065298356
v -0.02111726761 0.1057999992 0.01109401976
v -0.01829826593 0.1057999992 0.009806616656
v -0.01662278891 0.1057999992 0.007199538156
v -0.01662278891 0.1057999992 0.004100478056
v -0.01829826593 0.1057999992 0.001493380456
v -0.02111726761 0.1057999992 0.0002059773556
v -0.02418478251 0.1057999992 0.0006470326556
v -0.02652689457 0.1057999992 0.002676470656
v -0.0274000001 0.1057999992 0.005650008156
v -0.0274000001 0.1042000008 0.005650008156
v -0.0274000001 0.1057999992 0.005650008156
v -0.02652689457 0.1057999992 0.002676470656
v -0.02418478251 0.1057999992 0.0006470326556
v -0.02111726761 0.1057999992 0.0002059773556
v -0.01829826593 0.1057999992 0.001493380456
v -0.01662278891 0.1057999992 0.004100478056
v -0.01662278891 0.1057999992 0.007199538156
v -0.01829826593 0.1057999992 0.009806616656
v -0.02111726761 0.1057999992 0.01109401976
v -0.02418478251 0.1057999992 0.01065298356
v -0.02652689457 0.1057999992 0.008623526456
v -0.0275999999 0.1060000038 0.005650008156
v -0.0275847578 0.1060000038 0.006066573056
v -0.02753911018 0.1060000038 0.006480925456
v -0.02681842566 0.1060000038 0.008530810256
v -0.02538299322 0.1060000038 0.01016207016
v -0.02344141245 0.1060000038 0.01113762176
v -0.02127583504 0.1060000038 0.01131573006
v -0.01920095921 0.1060000038 0.01067047396
v -0.01751830935 0.1060000038 0.009295657056
v -0.01647240639 0.1060000038 0.007391035956
v -0.01621524215 0.1060000038 0.005233424056
v -0.01678418756 0.1060000038 0.003136351456
v -0.01809656382 0.1060000038 0.001404555256
v -0.01996165514 0.1060000038 0.0002896908556
v -0.02210842609 0.1060000038 -4.61932444e-05
v -0.02422491074 0.1060000038 0.0004456929556
v -0.02600353718 0.1060000038 0.001693861856
v -0.02718583822 0.1060000038 0.003516943856
v -0.01621524215 0.1060000038 0.005233424056
v -0.01662278891 0.1057999992 0.004100478056
v -0.02762120247 0.1075 -0.01327370364
v -0.02686035633 0.1075 -0.01382649144
v -0.02715097427 0.1075 -0.01472092354
v -0.02809143066 0.1075 -0.01472092354
v -0.02838204861 0.1075 -0.01382649144
v -0.02762120247 0.10701931 -0.01407370294
v -0.02762120247 0.1075 -0.01327370364
v -0.02762120247 0.10701931 -0.01407370294
v -0.02762120247 0.10701931 -0.01407370294
v -0.02762120247 0.10701931 -0.01407370294
v -0.02762120247 0.10701931 -0.01407370294
v -0.02762120247 0.10701931 -0.01407370294
v -0.02762120247 0.10701931 -0.01407370294
v -0.03813563585 0.1027999973 -0.006585080244
v -0.03810156584 0.1027999973 -0.006300885244
v -0.0379171896 0.1027999973 -0.006081940744
v -0.03764292717 0.1027999973 -0.006000001044
v -0.03764292717 0.1044999981 -0.006000001044
v -0.03814292669 0.1039999962 -0.006499993444
v -0.03814211607 0.1039999962 -0.006528489244
v -0.03813968182 0.1039999962 -0.006556870544
v -0.03813563585 0.1039999962 -0.006585080244
v -0.01349284649 0.1060000038 0.03992170616
v -0.01349284649 0.1039999962 0.03992170616
v -0.01290408254 0.1039999962 0.03948553366
v -0.01219773769 0.1039999962 0.03929069796
v -0.01146861792 0.1039999962 0.03936331076
v -0.01146861792 0.1060000038 0.03936331076
v -0.01219773769 0.1060000038 0.03929069796
v -0.01290408254 0.1060000038 0.03948553366
v -0.03992171288 0.1060000038 -0.01349284844
v -0.03992171288 0.1039999962 -0.01349284844
v -0.03948553801 0.1039999962 -0.01290407854
v -0.03929069042 0.1039999962 -0.01219773964
v -0.03936331749 0.1039999962 -0.01146861754
v -0.03936331749 0.1060000038 -0.01146861754
v -0.03929069042 0.1060000038 -0.01219773964
v -0.03948553801 0.1060000038 -0.01290407854
v 0.02682120323 0.1118000031 -0.01407370294
v 0.02737398863 0.1118000031 -0.01483455384
v 0.02826841593 0.1118000031 -0.01454393114
v 0.02826841593 0.1118000031 -0.01360347474
v 0.02737398863 0.1118000031 -0.01331286154
v 0.02762120247 0.1119999981 -0.01307370864
v 0.02857225895 0.1119999981 -0.01376468384
v 0.02820898771 0.1119999981 -0.01488272394
v 0.02703341722 0.1119999981 -0.01488272394
v 0.02667014599 0.1119999981 -0.01376468384
v 0.02826841593 0.1118000031 -0.01360347474
v 0.02857225895 0.1119999981 -0.01376468384
v -0.0274000001 0.1042000008 -0.006650006344
v -0.02652689457 0.1042000008 -0.009623524744
v -0.02418478251 0.1042000008 -0.01165297234
v -0.02111726761 0.1042000008 -0.01209401804
v -0.01829826593 0.1042000008 -0.01080662454
v -0.01662278891 0.1042000008 -0.008199536444
v -0.01662278891 0.1042000008 -0.005100476344
v -0.01829826593 0.1042000008 -0.002493378744
v -0.02111726761 0.1042000008 -0.001205975644
v -0.02418478251 0.1042000008 -0.001647030944
v -0.02652689457 0.1042000008 -0.003676468944
v -0.0274000001 0.1057999992 -0.006650006344
v -0.02652689457 0.1057999992 -0.003676468944
v -0.02418478251 0.1057999992 -0.001647030944
v -0.02111726761 0.1057999992 -0.001205975644
v -0.01829826593 0.1057999992 -0.002493378744
v -0.01662278891 0.1057999992 -0.005100476344
v -0.01662278891 0.1057999992 -0.008199536444
v -0.01829826593 0.1057999992 -0.01080662454
v -0.02111726761 0.1057999992 -0.01209401804
v -0.02418478251 0.1057999992 -0.01165297234
v -0.02652689457 0.1057999992 -0.009623524744
v -0.0274000001 0.1057999992 -0.006650006344
v -0.0274000001 0.1042000008 -0.006650006344
v -0.0274000001 0.1057999992 -0.006650006344
v -0.02652689457 0.1057999992 -0.009623524744
v -0.02418478251 0.1057999992 -0.01165297234
v -0.02111726761 0.1057999992 -0.01209401804
v -0.01829826593 0.1057999992 -0.01080662454
v -0.01662278891 0.1057999992 -0.008199536444
v -0.01662278891 0.1057999992 -0.005100476344
v -0.01829826593 0.1057999992 -0.002493378744
v -0.02111726761 0.1057999992 -0.001205975644
v -0.02418478251 0.1057999992 -0.001647030944
v -0.02652689457 0.1057999992 -0.003676468944
v -0.0275999999 0.1060000038 -0.006650006344
v -0.02669514418 0.1060000038 -0.003568341344
v -0.02426786661 0.1060000038 -0.001465088944
v -0.0210888052 0.1060000038 -0.001008011944
v -0.01816729426 0.1060000038 -0.002342221344
v -0.01643089056 0.1060000038 -0.005044133244
v -0.01643089056 0.1060000038 -0.008255879444
v -0.01816729426 0.1060000038 -0.01095777234
v -0.0210888052 0.1060000038 -0.01229198174
v -0.02426786661 0.1060000038 -0.01183490474
v -0.02669514418 0.1060000038 -0.009731652344
v -0.01662278891 0.1057999992 -0.005100476344
v -0.01643089056 0.1060000038 -0.005044133244
v -0.02884928465 0.1060000038 0.01201172156
v -0.02953470469 0.1060000038 0.01021095556
v -0.03010784388 0.1060000038 0.008371394056
v -0.03056652546 0.1060000038 0.006499998956
v -0.03117381096 0.1060000038 0.002180827056
v -0.03117381096 0.1060000038 -0.002180821544
v -0.03056652546 0.1060000038 -0.006499993444
v -0.03010784388 0.1060000038 -0.008371388544
v -0.02953470469 0.1060000038 -0.01021095954
v -0.02884928465 0.1060000038 -0.01201171594
v -0.02884928465 0.1080000019 -0.01201171594
v -0.03064394474 0.1080000019 -0.006124627244
v -0.03125 0.1080000019 2.755596473e-09
v -0.03064394474 0.1080000019 0.006124632756
v -0.02884928465 0.1080000019 0.01201172156
v -0.03813563585 0.1039999962 0.006585085756
v -0.03813563585 0.1027999973 0.006585085756
v -0.03577875137 0.1027999973 0.01475029266
v -0.03169645071 0.1027999973 0.02220417296
v -0.02608559847 0.1027999973 0.02858726776
v -0.01921678066 0.1027999973 0.03359175006
v -0.01142124057 0.1027999973 0.03697628296
v -0.003074914813 0.1027999973 0.03857765476
v 0.005419697165 0.1027999973 0.03831861776
v 0.01365294695 0.1027999973 0.03621170326
v 0.02122778654 0.1027999973 0.03235847746
v 0.0277789259 0.1027999973 0.02694477356
v 0.03299043894 0.1027999973 0.02023168846
v 0.03661099672 0.1027999973 0.01254291816
v 0.03846600533 0.1027999973 0.004249289456
v 0.03846600533 0.1027999973 -0.004249283844
v 0.03661099672 0.1027999973 -0.01254292214
v 0.03299043894 0.1027999973 -0.02023168284
v 0.0277789259 0.1027999973 -0.02694477754
v 0.02122778654 0.1027999973 -0.03235848154
v 0.01365294695 0.1027999973 -0.03621169764
v 0.005419697165 0.1027999973 -0.03831862174
v -0.003074914813 0.1027999973 -0.03857764924
v -0.01142124057 0.1027999973 -0.03697627744
v -0.01921678066 0.1027999973 -0.03359174454
v -0.02608559847 0.1027999973 -0.02858726224
v -0.03169645071 0.1027999973 -0.02220416744
v -0.03577875137 0.1027999973 -0.01475028714
v -0.03813563585 0.1027999973 -0.006585080244
v -0.03813563585 0.1039999962 -0.006585080244
v -0.03577875137 0.1039999962 -0.01475028714
v -0.03169645071 0.1039999962 -0.02220416744
v -0.02608559847 0.1039999962 -0.02858726224
v -0.01921678066 0.1039999962 -0.03359174454
v -0.01142124057 0.1039999962 -0.03697627744
v -0.003074914813 0.1039999962 -0.03857764924
v 0.005419697165 0.1039999962 -0.03831862174
v 0.01365294695 0.1039999962 -0.03621169764
v 0.02122778654 0.1039999962 -0.03235848154
v 0.0277789259 0.1039999962 -0.02694477754
v 0.03299043894 0.1039999962 -0.02023168284
v 0.03661099672 0.1039999962 -0.01254292214
v 0.03846600533 0.1039999962 -0.004249283844
v 0.03846600533 0.1039999962 0.004249289456
v 0.03661099672 0.1039999962 0.01254291816
v 0.03299043894 0.1039999962 0.02023168846
v 0.0277789259 0.1039999962 0.02694477356
v 0.02122778654 0.1039999962 0.03235847746
v 0.01365294695 0.1039999962 0.03621170326
v 0.005419697165 0.1039999962 0.03831861776
v -0.003074914813 0.1039999962 0.03857765476
v -0.01142124057 0.1039999962 0.03697628296
v -0.01921678066 0.1039999962 0.03359175006
v -0.02608559847 0.1039999962 0.02858726776
v -0.03169645071 0.1039999962 0.02220417296
v -0.03577875137 0.1039999962 0.01475029266
v -0.03764292717 0.1044999981 0.006000006556
v -0.04058410645 0.1044999981 0.006000006556
v -0.04058410645 0.105 0.006000006556
v -0.03168694496 0.105 0.006000006556
v -0.03080509424 0.1055000019 0.006000006556
v -0.02816859245 0.1055000019 0.006000006556
v -0.02816859245 0.105 0.006000006556
v -0.02896859169 0.105 0.006000006556
v -0.02921859026 0.1049330139 0.006000006556
v -0.02940160513 0.1047500038 0.006000006556
v -0.02946859121 0.1044999981 0.006000006556
v -0.03591656923 0.1044999981 0.006000006556
v -0.03591656923 0.1027999973 0.006000006556
v -0.03764292717 0.1027999973 0.006000006556
v 0.01146861792 0.1060000038 0.03936331076
v 0.003868803382 0.1060000038 0.04081705376
v -0.003868803382 0.1060000038 0.04081705376
v -0.01146861792 0.1060000038 0.03936331076
v -0.01146861792 0.1039999962 0.03936331076
v -0.003868803382 0.1039999962 0.04081705376
v 0.003868803382 0.1039999962 0.04081705376
v 0.01146861792 0.1039999962 0.03936331076
v -0.03992171288 0.1060000038 -0.01349284844
v -0.04087883949 0.1060000038 -0.01565358834
v -0.03997446537 0.1060000038 -0.01783693994
v -0.03776979685 0.1060000038 -0.01868802744
v -0.03776979685 0.1039999962 -0.01868802744
v -0.03997446537 0.1039999962 -0.01783693994
v -0.04087883949 0.1039999962 -0.01565358834
v -0.03992171288 0.1039999962 -0.01349284844
v -0.02816859245 0.105 -0.006000001044
v -0.02896859169 0.105 -0.006000001044
v -0.02896859169 0.105 0.006000006556
v -0.02816859245 0.105 0.006000006556
v -0.01799999952 0.1144999981 -0.02350000104
v -0.01623223305 0.1144999981 -0.02276776994
v -0.01549999952 0.1144999981 -0.02100000104
v -0.01623223305 0.1144999981 -0.01923223214
v -0.01799999952 0.1144999981 -0.01850000104
v -0.01976776719 0.1144999981 -0.01923223214
v -0.02049999952 0.1144999981 -0.02100000104
v -0.01976776719 0.1144999981 -0.02276776994
v -0.02099999905 0.1139999962 -0.02100000104
v -0.02012131929 0.1139999962 -0.01887867654
v -0.01799999952 0.1139999962 -0.01799999914
v -0.01587867975 0.1139999962 -0.01887867654
v -0.015 0.1139999962 -0.02100000104
v -0.01587867975 0.1139999962 -0.02312131604
v -0.01799999952 0.1139999962 -0.02400000294
v -0.02012131929 0.1139999962 -0.02312131604
v -0.01549999952 0.1144999981 -0.02100000104
v -0.015 0.1139999962 -0.02100000104
v -0.02099999905 0.1139999962 -0.02100000104
v -0.02012131929 0.1139999962 -0.02312131604
v -0.01799999952 0.1139999962 -0.02400000294
v -0.01587867975 0.1139999962 -0.02312131604
v -0.015 0.1139999962 -0.02100000104
v -0.01587867975 0.1139999962 -0.01887867654
v -0.01799999952 0.1139999962 -0.01799999914
v -0.02012131929 0.1139999962 -0.01887867654
v -0.01799999952 0.1060000038 -0.01799999914
v -0.01587867975 0.1060000038 -0.01887867654
v -0.015 0.1060000038 -0.02100000104
v -0.01587867975 0.1060000038 -0.02312131604
v -0.01799999952 0.1060000038 -0.02400000294
v -0.02012131929 0.1060000038 -0.02312131604
v -0.02099999905 0.1060000038 -0.02100000104
v -0.02012131929 0.1060000038 -0.01887867654
v -0.01799999952 0.1060000038 -0.02400000294
v -0.01799999952 0.1139999962 -0.02400000294
v 0.008906645775 0.1081000042 0.008041861456
v 0.009534858465 0.1081000042 0.008826144156
v 0.01021966696 0.1081000042 0.009561522356
v 0.01095727801 0.1081000042 0.01024393356
v 0.01316060185 0.1081000042 0.007197115856
v 0.01445538998 0.1081000042 0.004005206056
v 0.01498791099 0.1081000042 0.0006020955556
v 0.01498791099 0.1081000042 -0.0006020899444
v 0.01445538998 0.1081000042 -0.004005200444
v 0.01316060185 0.1081000042 -0.007197129344
v 0.01095727801 0.1081000042 -0.01024392804
v 0.01021966696 0.1081000042 -0.009561526344
v 0.009534858465 0.1081000042 -0.008826138544
v 0.008906645775 0.1081000042 -0.008041874944
v 0.01119999409 0.1081000042 -0.004308144644
v 0.01200000048 0.1081000042 2.755596473e-09
v 0.01119999409 0.1081000042 0.004308150156
v -0.03540833235 0.1039999962 0.006499998956
v -0.02896859169 0.1039999962 0.006499998956
v -0.02896859169 0.1039999962 -0.006499993444
v -0.03540833235 0.1039999962 -0.006499993444
v -0.03302714825 0.1039999962 -0.01432506284
v -0.02894105196 0.1039999962 -0.02141064364
v -0.02336096764 0.1039999962 -0.02739097314
v -0.01657495499 0.1039999962 -0.03195732794
v -0.008933314681 0.1039999962 -0.03487399774
v -0.0008305224776 0.1039999962 -0.03599041664
v 0.007315142751 0.1039999962 -0.03524895394
v 0.01508318782 0.1039999962 -0.03268788064
v 0.02207261562 0.1039999962 -0.02843940454
v 0.02792261839 0.1039999962 -0.02272284234
v 0.03233120918 0.1039999962 -0.01583328924
v 0.03507081032 0.1039999962 -0.008126389544
v 0.03599999905 0.1039999962 2.755596473e-09
v 0.03507081032 0.1039999962 0.008126395156
v 0.03233120918 0.1039999962 0.01583328526
v 0.02792261839 0.1039999962 0.02272283836
v 0.02207261562 0.1039999962 0.02843941016
v 0.01508318782 0.1039999962 0.03268787666
v 0.007315142751 0.1039999962 0.03524894996
v -0.0008305224776 0.1039999962 0.03599041266
v -0.008933314681 0.1039999962 0.03487400336
v -0.01657495499 0.1039999962 0.03195732396
v -0.02336096764 0.1039999962 0.02739095966
v -0.02894105196 0.1039999962 0.02141063966
v -0.03302714825 0.1039999962 0.01432506836
v -4.286260022e-19 0.1039999962 0.01500000276
v 0.00513030231 0.1039999962 0.01409538546
v 0.009641814232 0.1039999962 0.01149067206
v 0.01299038053 0.1039999962 0.007500002756
v 0.01477211595 0.1039999962 0.002604716256
v 0.01477211595 0.1039999962 -0.002604729744
v 0.01299038053 0.1039999962 -0.007499997244
v 0.009641814232 0.1039999962 -0.01149066644
v 0.00513030231 0.1039999962 -0.01409538944
v -5.939536627e-18 0.1039999962 -0.01499999724
v -0.00513030231 0.1039999962 -0.01409538944
v -0.009641814232 0.1039999962 -0.01149066644
v -0.01299038053 0.1039999962 -0.007499997244
v -0.01477211595 0.1039999962 -0.002604729744
v -0.01477211595 0.1039999962 0.002604716256
v -0.01299038053 0.1039999962 0.007500002756
v -0.009641814232 0.1039999962 0.01149067206
v -0.00513030231 0.1039999962 0.01409538546
v 0.01600000024 0.1039999962 2.755596473e-09
v 0.01687733293 0.1039999962 0.002410452756
v 0.01909881949 0.1039999962 0.003693030256
v 0.02162499905 0.1039999962 0.003247588056
v 0.0232738471 0.1039999962 0.001282580256
v 0.0232738471 0.1039999962 -0.001282574744
v 0.02162499905 0.1039999962 -0.003247601644
v 0.01909881949 0.1039999962 -0.003693024744
v 0.01687733293 0.1039999962 -0.002410447244
v -0.008997402787 0.1039999962 -0.01929499344
v -0.008111968637 0.1039999962 -0.01818833074
v -0.006817321777 0.1039999962 -0.01761163434
v -0.005402412415 0.1039999962 -0.01769361214
v -0.001824463457 0.1039999962 -0.01840981204
v 0.001824463457 0.1039999962 -0.01840981204
v 0.005402412415 0.1039999962 -0.01769361214
v 0.006817321777 0.1039999962 -0.01761163434
v 0.008111968637 0.1039999962 -0.01818833074
v 0.008997402787 0.1039999962 -0.01929499344
v 0.01027623057 0.1039999962 -0.02203744614
v 0.01053269386 0.1039999962 -0.02368880944
v 0.009865874648 0.1039999962 -0.02522116384
v 0.008482691646 0.1039999962 -0.02615901674
v 0.002869208455 0.1039999962 -0.02734990794
v -0.002869208455 0.1039999962 -0.02734990794
v -0.008482691646 0.1039999962 -0.02615901674
v -0.009865874648 0.1039999962 -0.02522116384
v -0.01053269386 0.1039999962 -0.02368880944
v -0.01027623057 0.1039999962 -0.02203744614
v -0.005402412415 0.1039999962 0.01769361776
v -0.006817321777 0.1039999962 0.01761163986
v -0.008111968637 0.1039999962 0.01818832676
v -0.008997402787 0.1039999962 0.01929498946
v -0.01027623057 0.1039999962 0.02203745166
v -0.01053269386 0.1039999962 0.02368881506
v -0.009865874648 0.1039999962 0.02522115986
v -0.008482691646 0.1039999962 0.02615900316
v -0.002869208455 0.1039999962 0.02734991356
v 0.002869208455 0.1039999962 0.02734991356
v 0.008482691646 0.1039999962 0.02615900316
v 0.009865874648 0.1039999962 0.02522115986
v 0.01053269386 0.1039999962 0.02368881506
v 0.01027623057 0.1039999962 0.02203745166
v 0.008997402787 0.1039999962 0.01929498946
v 0.008111968637 0.1039999962 0.01818832676
v 0.006817321777 0.1039999962 0.01761163986
v 0.005402412415 0.1039999962 0.01769361776
v 0.001824463457 0.1039999962 0.01840980806
v -0.001824463457 0.1039999962 0.01840980806
v -0.0275999999 0.1039999962 0.005650008156
v -0.02716611385 0.1039999962 0.007831290156
v -0.02593050957 0.1039999962 0.009680502756
v -0.02408129454 0.1039999962 0.01091612136
v -0.02190000057 0.1039999962 0.01135000506
v -0.01971870422 0.1039999962 0.01091612136
v -0.01786949158 0.1039999962 0.009680502756
v -0.0166338861 0.1039999962 0.007831290156
v -0.01620000005 0.1039999962 0.005650008156
v -0.0166338861 0.1039999962 0.003468706956
v -0.01786949158 0.1039999962 0.001619494356
v -0.01971870422 0.1039999962 0.0003838948556
v -0.02190000057 0.1039999962 -5.00079444e-05
v -0.02408129454 0.1039999962 0.0003838948556
v -0.02593050957 0.1039999962 0.001619494356
v -0.02716611385 0.1039999962 0.003468706956
v -0.0275999999 0.1039999962 -0.006650006344
v -0.02716611385 0.1039999962 -0.004468705244
v -0.02593050957 0.1039999962 -0.002619492644
v -0.02408129454 0.1039999962 -0.001383893144
v -0.02190000057 0.1039999962 -0.0009500094444
v -0.01971870422 0.1039999962 -0.001383893144
v -0.01786949158 0.1039999962 -0.002619492644
v -0.0166338861 0.1039999962 -0.004468705244
v -0.01620000005 0.1039999962 -0.006650006344
v -0.0166338861 0.1039999962 -0.008831288444
v -0.01786949158 0.1039999962 -0.01068051064
v -0.01971870422 0.1039999962 -0.01191611014
v -0.02190000057 0.1039999962 -0.01235000334
v -0.02408129454 0.1039999962 -0.01191611014
v -0.02593050957 0.1039999962 -0.01068051064
v -0.02716611385 0.1039999962 -0.008831288444
v 0.01704238892 0.1078999996 -0.005909211244
v 0.01704238892 0.1060000038 -0.005909211244
v 0.01558184147 0.1060000038 -0.005643975344
v 0.01417292714 0.1060000038 -0.006111428344
v 0.01316060185 0.1060000038 -0.007197129344
v 0.01316060185 0.1078999996 -0.007197129344
v 0.01417292714 0.1078999996 -0.006111428344
v 0.01558184147 0.1078999996 -0.005643975344
v -0.02762120247 0.1075 0.01327369966
v -0.02838204861 0.1075 0.01382648746
v -0.02809143066 0.1075 0.01472091956
v -0.02715097427 0.1075 0.01472091956
v -0.02686035633 0.1075 0.01382648746
v -0.02762120247 0.10701931 0.01407369896
v -0.02762120247 0.10701931 0.01407369896
v -0.02762120247 0.10701931 0.01407369896
v -0.02762120247 0.10701931 0.01407369896
v -0.02762120247 0.10701931 0.01407369896
v -0.02762120247 0.10701931 0.01407369896
v -0.02809143066 0.1075 0.01472091956
v -0.02762120247 0.10701931 0.01407369896
v 0.03936331749 0.1060000038 -0.01146861754
v 0.04081706047 0.1060000038 -0.003868805944
v 0.04081706047 0.1060000038 0.003868811556
v 0.03936331749 0.1060000038 0.01146862306
v 0.03936331749 0.1039999962 0.01146862306
v 0.04081706047 0.1039999962 0.003868811556
v 0.04081706047 0.1039999962 -0.003868805944
v 0.03936331749 0.1039999962 -0.01146861754
v 0.01349284649 0.1060000038 -0.03992171014
v 0.01565359235 0.1060000038 -0.04087883674
v 0.01783694386 0.1060000038 -0.03997446734
v 0.01868803024 0.1060000038 -0.03776979164
v 0.01868803024 0.1039999962 -0.03776979164
v 0.01783694386 0.1039999962 -0.03997446734
v 0.01565359235 0.1039999962 -0.04087883674
v 0.01349284649 0.1039999962 -0.03992171014
v 0.02424999952 0.1076000023 -9.254440353e-08
v 0.02339063406 0.1076000023 0.002644961256
v 0.02114067078 0.1076000023 0.004279730756
v 0.01835951805 0.1076000023 0.004279787956
v 0.01610948205 0.1076000023 0.002645113856
v 0.01524999976 0.1076000023 9.815559648e-08
v 0.01610936522 0.1076000023 -0.002644955744
v 0.01835932851 0.1076000023 -0.004279725144
v 0.02114048243 0.1076000023 -0.004279782344
v 0.02339051723 0.1076000023 -0.002645108344
v 0.01498791099 0.1078999996 0.0006020955556
v 0.01616974592 0.1078999996 0.003197157756
v 0.01861509323 0.1078999996 0.004663908856
v 0.0214609623 0.1078999996 0.004484713456
v 0.02370301247 0.1078999996 0.002722800156
v 0.02454999924 0.1078999996 2.755596473e-09
v 0.02370301247 0.1078999996 -0.002722813644
v 0.0214609623 0.1078999996 -0.004484707944
v 0.01861509323 0.1078999996 -0.004663903344
v 0.01616974592 0.1078999996 -0.003197152244
v 0.01498791099 0.1078999996 -0.0006020899444
v 0.015 0.1078499985 2.755596473e-09
v 0.02424999952 0.1076000023 -9.254440353e-08
v 0.02454999924 0.1078999996 2.755596473e-09
v -0.01799999952 0.1139999962 0.02225000656
v -0.01918882012 0.1139999962 0.02138626376
v -0.01873473167 0.1139999962 0.01998873036
v -0.01726526856 0.1139999962 0.01998873036
v -0.01681117892 0.1139999962 0.02138626376
v -0.01799999952 0.1144999981 0.01924999516
v -0.01951554418 0.1144999981 0.02012499136
v -0.01951554418 0.1144999981 0.02187500276
v -0.01799999952 0.1144999981 0.02274999896
v -0.01648445606 0.1144999981 0.02187500276
v -0.01648445606 0.1144999981 0.02012499136
v -0.01648445606 0.1144999981 0.02012499136
v -0.01726526856 0.1139999962 0.01998873036
v 0.008906645775 0.1081000042 -0.008041874944
v 0.009534858465 0.1081000042 -0.008826138544
v 0.01021966696 0.1081000042 -0.009561526344
v 0.01095727801 0.1081000042 -0.01024392804
v 0.01095727801 0.1085999966 -0.01024392804
v 0.01021966696 0.1085999966 -0.009561526344
v 0.009534858465 0.1085999966 -0.008826138544
v 0.008906645775 0.1085999966 -0.008041874944
v 0.005402412415 0.1060000038 0.01769361776
v 0.005402412415 0.1039999962 0.01769361776
v 0.006817321777 0.1039999962 0.01761163986
v 0.008111968637 0.1039999962 0.01818832676
v 0.008997402787 0.1039999962 0.01929498946
v 0.008997402787 0.1060000038 0.01929498946
v 0.008111968637 0.1060000038 0.01818832676
v 0.006817321777 0.1060000038 0.01761163986
v -0.01799999952 0.1085000038 -0.01975000104
v -0.01918882012 0.1085000038 -0.02061372484
v -0.01873473167 0.1085000038 -0.02201126774
v -0.01726526856 0.1085000038 -0.02201126774
v -0.01681117892 0.1085000038 -0.02061372484
v -0.01799999952 0.1139999962 -0.01975000104
v -0.01681117892 0.1139999962 -0.02061372484
v -0.01726526856 0.1139999962 -0.02201126774
v -0.01873473167 0.1139999962 -0.02201126774
v -0.01918882012 0.1139999962 -0.02061372484
v -0.01799999952 0.1139999962 -0.01975000104
v -0.01799999952 0.1085000038 -0.01975000104
v 0.01027623057 0.1060000038 0.02203745166
v 0.008997402787 0.1060000038 0.01929498946
v 0.008997402787 0.1039999962 0.01929498946
v 0.01027623057 0.1039999962 0.02203745166
v 0.03992171288 0.1039999962 -0.01349284844
v 0.03992171288 0.1060000038 -0.01349284844
v 0.03948553801 0.1060000038 -0.01290407854
v 0.03929069042 0.1060000038 -0.01219773964
v 0.03936331749 0.1060000038 -0.01146861754
v 0.03936331749 0.1039999962 -0.01146861754
v 0.03929069042 0.1039999962 -0.01219773964
v 0.03948553801 0.1039999962 -0.01290407854
v 0.01868803024 0.1039999962 -0.03776979164
v 0.01868803024 0.1060000038 -0.03776979164
v 0.01879592776 0.1060000038 -0.03704505644
v 0.01915760994 0.1060000038 -0.03640782074
v 0.01972453117 0.1060000038 -0.03594361024
v 0.01972453117 0.1039999962 -0.03594361024
v 0.01915760994 0.1039999962 -0.03640782074
v 0.01879592776 0.1039999962 -0.03704505644
v 0.008906645775 0.1085999966 -0.008041874944
v 0.005058905482 0.1085999966 -0.01088151654
v 0.0004077574983 0.1085999966 -0.01199307164
v -0.004308146536 0.1085999966 -0.01119999604
v -0.008339871168 0.1085999966 -0.008628232044
v -0.01104713678 0.1085999966 -0.004686238344
v -0.01200000048 0.1085999966 2.755596473e-09
v -0.01104713678 0.1085999966 0.004686224856
v -0.008339871168 0.1085999966 0.008628237656
v -0.004308146536 0.1085999966 0.01119999206
v 0.0004077574983 0.1085999966 0.01199306766
v 0.005058905482 0.1085999966 0.01088152206
v 0.008906645775 0.1085999966 0.008041861456
v 0.008906645775 0.1081000042 0.008041861456
v 0.01119999409 0.1081000042 0.004308150156
v 0.01200000048 0.1081000042 2.755596473e-09
v 0.01119999409 0.1081000042 -0.004308144644
v 0.008906645775 0.1081000042 -0.008041874944
v -9.797178212e-19 0.1069999981 0.01199999136
v -0.004592201114 0.1069999981 0.01108656206
v -0.008485281467 0.1069999981 0.008485281856
v -0.01108655453 0.1069999981 0.004592192556
v -0.01200000048 0.1069999981 2.755596473e-09
v -0.01108655453 0.1069999981 -0.004592206044
v -0.008485281467 0.1069999981 -0.008485276344
v -0.004592201114 0.1069999981 -0.01108655654
v -3.918869386e-18 0.1069999981 -0.01199999534
v 0.004592201114 0.1069999981 -0.01108655654
v 0.008485281467 0.1069999981 -0.008485276344
v 0.01108655453 0.1069999981 -0.004592206044
v 0.01200000048 0.1069999981 2.755596473e-09
v 0.01108655453 0.1069999981 0.004592192556
v 0.008485281467 0.1069999981 0.008485281856
v 0.004592201114 0.1069999981 0.01108656206
v -0.004308146536 0.1085999966 0.01119999206
v -9.797178212e-19 0.1069999981 0.01199999136
v 0.01799999952 0.1139999962 0.02225000656
v 0.01681117892 0.1139999962 0.02138626376
v 0.01726526856 0.1139999962 0.01998873036
v 0.01873473167 0.1139999962 0.01998873036
v 0.01918882012 0.1139999962 0.02138626376
v 0.01799999952 0.1144999981 0.01924999516
v 0.01648445606 0.1144999981 0.02012499136
v 0.01648445606 0.1144999981 0.02187500276
v 0.01799999952 0.1144999981 0.02274999896
v 0.01951554418 0.1144999981 0.02187500276
v 0.01951554418 0.1144999981 0.02012499136
v 0.01951554418 0.1144999981 0.02012499136
v 0.01873473167 0.1139999962 0.01998873036
v 0.01799999952 0.1085000038 -0.01975000104
v 0.01681117892 0.1085000038 -0.02061372484
v 0.01726526856 0.1085000038 -0.02201126774
v 0.01873473167 0.1085000038 -0.02201126774
v 0.01918882012 0.1085000038 -0.02061372484
v 0.01799999952 0.1139999962 -0.01975000104
v 0.01918882012 0.1139999962 -0.02061372484
v 0.01873473167 0.1139999962 -0.02201126774
v 0.01726526856 0.1139999962 -0.02201126774
v 0.01681117892 0.1139999962 -0.02061372484
v 0.01799999952 0.1085000038 -0.01975000104
v 0.01799999952 0.1139999962 -0.01975000104
v 0.008482691646 0.1039999962 -0.02615901674
v 0.008482691646 0.1060000038 -0.02615901674
v 0.002869208455 0.1060000038 -0.02734990794
v -0.002869208455 0.1060000038 -0.02734990794
v -0.008482691646 0.1060000038 -0.02615901674
v -0.008482691646 0.1039999962 -0.02615901674
v -0.002869208455 0.1039999962 -0.02734990794
v 0.002869208455 0.1039999962 -0.02734990794
v 0.01027623057 0.1060000038 0.02203745166
v 0.01027623057 0.1039999962 0.02203745166
v 0.01053269386 0.1039999962 0.02368881506
v 0.009865874648 0.1039999962 0.02522115986
v 0.008482691646 0.1039999962 0.02615900316
v 0.008482691646 0.1060000038 0.02615900316
v 0.009865874648 0.1060000038 0.02522115986
v 0.01053269386 0.1060000038 0.02368881506
v 0.03776979685 0.1060000038 -0.01868802744
v 0.03997446537 0.1060000038 -0.01783693994
v 0.04087883949 0.1060000038 -0.01565358834
v 0.03992171288 0.1060000038 -0.01349284844
v 0.03992171288 0.1039999962 -0.01349284844
v 0.04087883949 0.1039999962 -0.01565358834
v 0.03997446537 0.1039999962 -0.01783693994
v 0.03776979685 0.1039999962 -0.01868802744
v 0.0359436059 0.1039999962 -0.01972452844
v 0.03159767628 0.1039999962 -0.02612636284
v 0.02612636328 0.1039999962 -0.03159767824
v 0.01972453117 0.1039999962 -0.03594361024
v 0.01972453117 0.1060000038 -0.03594361024
v 0.02612636328 0.1060000038 -0.03159767824
v 0.03159767628 0.1060000038 -0.02612636284
v 0.0359436059 0.1060000038 -0.01972452844
v 2.755456998e-19 0.1025 0.01500000276
v 0.00513030231 0.1025 0.01409538546
v 0.009641814232 0.1025 0.01149067206
v 0.01299038053 0.1025 0.007500002756
v 0.01477211595 0.1025 0.002604716256
v 0.01477211595 0.1025 -0.002604729744
v 0.01299038053 0.1025 -0.007499997244
v 0.009641814232 0.1025 -0.01149066644
v 0.00513030231 0.1025 -0.01409538944
v -6.460011644e-18 0.1025 -0.01499999724
v -0.00513030231 0.1025 -0.01409538944
v -0.009641814232 0.1025 -0.01149066644
v -0.01299038053 0.1025 -0.007499997244
v -0.01477211595 0.1025 -0.002604729744
v -0.01477211595 0.1025 0.002604716256
v -0.01299038053 0.1025 0.007500002756
v -0.009641814232 0.1025 0.01149067206
v -0.00513030231 0.1025 0.01409538546
v -4.286260022e-19 0.1039999962 0.01500000276
v -0.00513030231 0.1039999962 0.01409538546
v -0.009641814232 0.1039999962 0.01149067206
v -0.01299038053 0.1039999962 0.007500002756
v -0.01477211595 0.1039999962 0.002604716256
v -0.01477211595 0.1039999962 -0.002604729744
v -0.01299038053 0.1039999962 -0.007499997244
v -0.009641814232 0.1039999962 -0.01149066644
v -0.00513030231 0.1039999962 -0.01409538944
v -5.939536627e-18 0.1039999962 -0.01499999724
v 0.00513030231 0.1039999962 -0.01409538944
v 0.009641814232 0.1039999962 -0.01149066644
v 0.01299038053 0.1039999962 -0.007499997244
v 0.01477211595 0.1039999962 -0.002604729744
v 0.01477211595 0.1039999962 0.002604716256
v 0.01299038053 0.1039999962 0.007500002756
v 0.009641814232 0.1039999962 0.01149067206
v 0.00513030231 0.1039999962 0.01409538546
v -4.286260022e-19 0.1039999962 0.01500000276
v 2.755456998e-19 0.1025 0.01500000276
v 0.02424999952 0.1071000004 2.755596473e-09
v 0.02339057684 0.1071000004 0.002645037556
v 0.02114057541 0.1071000004 0.004279749756
v 0.01835942388 0.1071000004 0.004279749756
v 0.01610942364 0.1071000004 0.002645037556
v 0.01524999976 0.1071000004 2.755596473e-09
v 0.01610942364 0.1071000004 -0.002645032044
v 0.01835942388 0.1071000004 -0.004279763344
v 0.02114057541 0.1071000004 -0.004279763344
v 0.02339057684 0.1071000004 -0.002645032044
v 0.02424999952 0.1076000023 -9.254440353e-08
v 0.02339051723 0.1076000023 -0.002645108344
v 0.02114048243 0.1076000023 -0.004279782344
v 0.01835932851 0.1076000023 -0.004279725144
v 0.01610936522 0.1076000023 -0.002644955744
v 0.01524999976 0.1076000023 9.815559648e-08
v 0.01610948205 0.1076000023 0.002645113856
v 0.01835951805 0.1076000023 0.004279787956
v 0.02114067078 0.1076000023 0.004279730756
v 0.02339063406 0.1076000023 0.002644961256
v 0.01610936522 0.1076000023 -0.002644955744
v 0.01524999976 0.1071000004 2.755596473e-09
v -0.01799999952 0.1085000038 0.02225000656
v -0.01918882012 0.1085000038 0.02138626376
v -0.01873473167 0.1085000038 0.01998873036
v -0.01726526856 0.1085000038 0.01998873036
v -0.01681117892 0.1085000038 0.02138626376
v -0.01799999952 0.1139999962 0.02225000656
v -0.01681117892 0.1139999962 0.02138626376
v -0.01726526856 0.1139999962 0.01998873036
v -0.01873473167 0.1139999962 0.01998873036
v -0.01918882012 0.1139999962 0.02138626376
v -0.01726526856 0.1139999962 0.01998873036
v -0.01726526856 0.1085000038 0.01998873036
v 0.01027623057 0.1039999962 -0.02203744614
v 0.01027623057 0.1060000038 -0.02203744614
v 0.01053269386 0.1060000038 -0.02368880944
v 0.009865874648 0.1060000038 -0.02522116384
v 0.008482691646 0.1060000038 -0.02615901674
v 0.008482691646 0.1039999962 -0.02615901674
v 0.009865874648 0.1039999962 -0.02522116384
v 0.01053269386 0.1039999962 -0.02368880944
v -0.008482691646 0.1039999962 -0.02615901674
v -0.008482691646 0.1060000038 -0.02615901674
v -0.009865874648 0.1060000038 -0.02522116384
v -0.01053269386 0.1060000038 -0.02368880944
v -0.01027623057 0.1060000038 -0.02203744614
v -0.01027623057 0.1039999962 -0.02203744614
v -0.01053269386 0.1039999962 -0.02368880944
v -0.009865874648 0.1039999962 -0.02522116384
v 0.008482691646 0.1060000038 0.02615900316
v 0.008482691646 0.1039999962 0.02615900316
v 0.002869208455 0.1039999962 0.02734991356
v -0.002869208455 0.1039999962 0.02734991356
v -0.008482691646 0.1039999962 0.02615900316
v -0.008482691646 0.1060000038 0.02615900316
v -0.002869208455 0.1060000038 0.02734991356
v 0.002869208455 0.1060000038 0.02734991356
v 0.005402412415 0.1060000038 0.01769361776
v 0.001824463457 0.1060000038 0.01840980806
v -0.001824463457 0.1060000038 0.01840980806
v -0.005402412415 0.1060000038 0.01769361776
v -0.005402412415 0.1039999962 0.01769361776
v -0.001824463457 0.1039999962 0.01840980806
v 0.001824463457 0.1039999962 0.01840980806
v 0.005402412415 0.1039999962 0.01769361776
v 0.03776979685 0.1060000038 -0.01868802744
v 0.03776979685 0.1039999962 -0.01868802744
v 0.03704505682 0.1039999962 -0.01879592614
v 0.03640781641 0.1039999962 -0.01915760714
v 0.0359436059 0.1039999962 -0.01972452844
v 0.0359436059 0.1060000038 -0.01972452844
v 0.03640781641 0.1060000038 -0.01915760714
v 0.03704505682 0.1060000038 -0.01879592614
v 0.01600000024 0.1053999996 2.755596473e-09
v 0.01687733293 0.1053999996 0.002410452756
v 0.01909881949 0.1053999996 0.003693030256
v 0.02162499905 0.1053999996 0.003247588056
v 0.0232738471 0.1053999996 0.001282580256
v 0.0232738471 0.1053999996 -0.001282574744
v 0.02162499905 0.1053999996 -0.003247601644
v 0.01909881949 0.1053999996 -0.003693024744
v 0.01687733293 0.1053999996 -0.002410447244
v 0.01600000024 0.1039999962 2.755596473e-09
v 0.01687733293 0.1039999962 -0.002410447244
v 0.01909881949 0.1039999962 -0.003693024744
v 0.02162499905 0.1039999962 -0.003247601644
v 0.0232738471 0.1039999962 -0.001282574744
v 0.0232738471 0.1039999962 0.001282580256
v 0.02162499905 0.1039999962 0.003247588056
v 0.01909881949 0.1039999962 0.003693030256
v 0.01687733293 0.1039999962 0.002410452756
v 0.0232738471 0.1053999996 -0.001282574744
v 0.0232738471 0.1039999962 -0.001282574744
v -3.265726682e-19 0.1069999981 0.01299999516
v -0.004696141779 0.1069999981 0.01212213796
v -0.008758043647 0.1069999981 0.009607108056
v -0.01163712263 0.1069999981 0.005794604256
v -0.01294454455 0.1069999981 0.001199496156
v -0.01250373363 0.1069999981 -0.003557622044
v -0.01037422419 0.1069999981 -0.007834241044
v -0.006843618155 0.1069999981 -0.01105282504
v -0.002388743758 0.1069999981 -0.01277865134
v 0.002388743758 0.1069999981 -0.01277865134
v 0.006843618155 0.1069999981 -0.01105282504
v 0.01037422419 0.1069999981 -0.007834241044
v 0.01250373363 0.1069999981 -0.003557622044
v 0.01294454455 0.1069999981 0.001199496156
v 0.01163712263 0.1069999981 0.005794604256
v 0.008758043647 0.1069999981 0.009607108056
v 0.004696141779 0.1069999981 0.01212213796
v -9.797178212e-19 0.1069999981 0.01199999136
v 0.004592201114 0.1069999981 0.01108656206
v 0.008485281467 0.1069999981 0.008485281856
v 0.01108655453 0.1069999981 0.004592192556
v 0.01200000048 0.1069999981 2.755596473e-09
v 0.01108655453 0.1069999981 -0.004592206044
v 0.008485281467 0.1069999981 -0.008485276344
v 0.004592201114 0.1069999981 -0.01108655654
v -3.918869386e-18 0.1069999981 -0.01199999534
v -0.004592201114 0.1069999981 -0.01108655654
v -0.008485281467 0.1069999981 -0.008485276344
v -0.01108655453 0.1069999981 -0.004592206044
v -0.01200000048 0.1069999981 2.755596473e-09
v -0.01108655453 0.1069999981 0.004592192556
v -0.008485281467 0.1069999981 0.008485281856
v -0.004592201114 0.1069999981 0.01108656206
v 0.01799999952 0.1085000038 0.02225000656
v 0.01681117892 0.1085000038 0.02138626376
v 0.01726526856 0.1085000038 0.01998873036
v 0.01873473167 0.1085000038 0.01998873036
v 0.01918882012 0.1085000038 0.02138626376
v 0.01799999952 0.1139999962 0.02225000656
v 0.01918882012 0.1139999962 0.02138626376
v 0.01873473167 0.1139999962 0.01998873036
v 0.01726526856 0.1139999962 0.01998873036
v 0.01681117892 0.1139999962 0.02138626376
v 0.01873473167 0.1085000038 0.01998873036
v 0.01873473167 0.1139999962 0.01998873036
v 0.008997402787 0.1039999962 -0.01929499344
v 0.008997402787 0.1060000038 -0.01929499344
v 0.01027623057 0.1060000038 -0.02203744614
v 0.01027623057 0.1039999962 -0.02203744614
v -0.008997402787 0.1060000038 -0.01929499344
v -0.008997402787 0.1039999962 -0.01929499344
v -0.01027623057 0.1039999962 -0.02203744614
v -0.01027623057 0.1060000038 -0.02203744614
v -0.008482691646 0.1060000038 0.02615900316
v -0.008482691646 0.1039999962 0.02615900316
v -0.009865874648 0.1039999962 0.02522115986
v -0.01053269386 0.1039999962 0.02368881506
v -0.01027623057 0.1039999962 0.02203745166
v -0.01027623057 0.1060000038 0.02203745166
v -0.01053269386 0.1060000038 0.02368881506
v -0.009865874648 0.1060000038 0.02522115986
v -0.008997402787 0.1060000038 0.01929498946
v -0.008997402787 0.1039999962 0.01929498946
v -0.008111968637 0.1039999962 0.01818832676
v -0.006817321777 0.1039999962 0.01761163986
v -0.005402412415 0.1039999962 0.01769361776
v -0.005402412415 0.1060000038 0.01769361776
v -0.006817321777 0.1060000038 0.01761163986
v -0.008111968637 0.1060000038 0.01818832676
v 2.755456998e-19 0.1025 0.01500000276
v -0.00513030231 0.1025 0.01409538546
v -0.009641814232 0.1025 0.01149067206
v -0.01299038053 0.1025 0.007500002756
v -0.01477211595 0.1025 0.002604716256
v -0.01477211595 0.1025 -0.002604729744
v -0.01299038053 0.1025 -0.007499997244
v -0.009641814232 0.1025 -0.01149066644
v -0.00513030231 0.1025 -0.01409538944
v -6.460011644e-18 0.1025 -0.01499999724
v 0.00513030231 0.1025 -0.01409538944
v 0.009641814232 0.1025 -0.01149066644
v 0.01299038053 0.1025 -0.007499997244
v 0.01477211595 0.1025 -0.002604729744
v 0.01477211595 0.1025 0.002604716256
v 0.01299038053 0.1025 0.007500002756
v 0.009641814232 0.1025 0.01149067206
v 0.00513030231 0.1025 0.01409538546
v 2.860194912e-12 0.1025 -0.01350000104
v -0.004876762629 0.1025 -0.01258837424
v -0.009094890952 0.1025 -0.009976622644
v -0.01208470464 0.1025 -0.006017472344
v -0.01344241142 0.1025 -0.001245629444
v -0.01298464656 0.1025 0.003694441756
v -0.01077323198 0.1025 0.008135569456
v -0.007106834054 0.1025 0.01147793096
v -0.002480618507 0.1025 0.01327013296
v 0.002480618507 0.1025 0.01327013296
v 0.007106834054 0.1025 0.01147793096
v 0.01077323198 0.1025 0.008135569456
v 0.01298464656 0.1025 0.003694441756
v 0.01344241142 0.1025 -0.001245629444
v 0.01208470464 0.1025 -0.006017472344
v 0.009094890952 0.1025 -0.009976622644
v 0.004876762629 0.1025 -0.01258837424
v 0.02430000067 0.1071000004 2.755596473e-09
v 0.02343102694 0.1071000004 0.002674429756
v 0.02115602732 0.1071000004 0.004327299956
v 0.01834397316 0.1071000004 0.004327299956
v 0.01606897235 0.1071000004 0.002674429756
v 0.01519999981 0.1071000004 2.755596473e-09
v 0.01606897235 0.1071000004 -0.002674424244
v 0.01834397316 0.1071000004 -0.004327313544
v 0.02115602732 0.1071000004 -0.004327313544
v 0.02343102694 0.1071000004 -0.002674424244
v 0.02424999952 0.1071000004 2.755596473e-09
v 0.02339057684 0.1071000004 -0.002645032044
v 0.02114057541 0.1071000004 -0.004279763344
v 0.01835942388 0.1071000004 -0.004279763344
v 0.01610942364 0.1071000004 -0.002645032044
v 0.01524999976 0.1071000004 2.755596473e-09
v 0.01610942364 0.1071000004 0.002645037556
v 0.01835942388 0.1071000004 0.004279749756
v 0.02114057541 0.1071000004 0.004279749756
v 0.02339057684 0.1071000004 0.002645037556
v 0.005402412415 0.1039999962 -0.01769361214
v 0.005402412415 0.1060000038 -0.01769361214
v 0.006817321777 0.1060000038 -0.01761163434
v 0.008111968637 0.1060000038 -0.01818833074
v 0.008997402787 0.1060000038 -0.01929499344
v 0.008997402787 0.1039999962 -0.01929499344
v 0.008111968637 0.1039999962 -0.01818833074
v 0.006817321777 0.1039999962 -0.01761163434
v -0.008997402787 0.1039999962 -0.01929499344
v -0.008997402787 0.1060000038 -0.01929499344
v -0.008111968637 0.1060000038 -0.01818833074
v -0.006817321777 0.1060000038 -0.01761163434
v -0.005402412415 0.1060000038 -0.01769361214
v -0.005402412415 0.1039999962 -0.01769361214
v -0.006817321777 0.1039999962 -0.01761163434
v -0.008111968637 0.1039999962 -0.01818833074
v -0.01027623057 0.1039999962 0.02203745166
v -0.008997402787 0.1039999962 0.01929498946
v -0.008997402787 0.1060000038 0.01929498946
v -0.01027623057 0.1060000038 0.02203745166
v 0.02424999952 0.1053999996 2.755596473e-09
v 0.02339057684 0.1053999996 -0.002645032044
v 0.02114057541 0.1053999996 -0.004279763344
v 0.01835942388 0.1053999996 -0.004279763344
v 0.01610942364 0.1053999996 -0.002645032044
v 0.01524999976 0.1053999996 2.755596473e-09
v 0.01610942364 0.1053999996 0.002645037556
v 0.01835942388 0.1053999996 0.004279749756
v 0.02114057541 0.1053999996 0.004279749756
v 0.02339057684 0.1053999996 0.002645037556
v 0.01600000024 0.1053999996 2.755596473e-09
v 0.01687733293 0.1053999996 -0.002410447244
v 0.01909881949 0.1053999996 -0.003693024744
v 0.02162499905 0.1053999996 -0.003247601644
v 0.0232738471 0.1053999996 -0.001282574744
v 0.0232738471 0.1053999996 0.001282580256
v 0.02162499905 0.1053999996 0.003247588056
v 0.01909881949 0.1053999996 0.003693030256
v 0.01687733293 0.1053999996 0.002410452756
v -3.265726682e-19 0.1069999981 0.01299999516
v 0.004696141779 0.1069999981 0.01212213796
v 0.008758043647 0.1069999981 0.009607108056
v 0.01163712263 0.1069999981 0.005794604256
v 0.01294454455 0.1069999981 0.001199496156
v 0.01250373363 0.1069999981 -0.003557622044
v 0.01037422419 0.1069999981 -0.007834241044
v 0.006843618155 0.1069999981 -0.01105282504
v 0.002388743758 0.1069999981 -0.01277865134
v -0.002388743758 0.1069999981 -0.01277865134
v -0.006843618155 0.1069999981 -0.01105282504
v -0.01037422419 0.1069999981 -0.007834241044
v -0.01250373363 0.1069999981 -0.003557622044
v -0.01294454455 0.1069999981 0.001199496156
v -0.01163712263 0.1069999981 0.005794604256
v -0.008758043647 0.1069999981 0.009607108056
v -0.004696141779 0.1069999981 0.01212213796
v -0.01299999952 0.1030000019 2.755596473e-09
v -0.01212213874 0.1030000019 -0.004696137544
v -0.009607115984 0.1030000019 -0.008758046244
v -0.00579459846 0.1030000019 -0.01163712224
v -0.00119948864 0.1030000019 -0.01294454294
v 0.003557618856 0.1030000019 -0.01250373564
v 0.007834250331 0.1030000019 -0.01037422854
v 0.01105282307 0.1030000019 -0.006843621344
v 0.01277865052 0.1030000019 -0.002388741544
v 0.01277865052 0.1030000019 0.002388747156
v 0.01105282307 0.1030000019 0.006843626856
v 0.007834250331 0.1030000019 0.01037422456
v 0.003557618856 0.1030000019 0.01250374116
v -0.00119948864 0.1030000019 0.01294454856
v -0.00579459846 0.1030000019 0.01163711826
v -0.009607115984 0.1030000019 0.008758051756
v -0.01212213874 0.1030000019 0.004696143056
v 0.003557618856 0.1030000019 0.01250374116
v -3.265726682e-19 0.1069999981 0.01299999516
v -0.01799999952 0.1085000038 -0.01975000104
v -0.01681117892 0.1085000038 -0.02061372484
v -0.01726526856 0.1085000038 -0.02201126774
v -0.01873473167 0.1085000038 -0.02201126774
v -0.01918882012 0.1085000038 -0.02061372484
v -0.01799999952 0.1077489281 -0.02100000104
v -0.01799999952 0.1085000038 -0.01975000104
v -0.01799999952 0.1077489281 -0.02100000104
v -0.01799999952 0.1077489281 -0.02100000104
v -0.01799999952 0.1077489281 -0.02100000104
v -0.01799999952 0.1077489281 -0.02100000104
v -0.01799999952 0.1077489281 -0.02100000104
v -0.01799999952 0.1077489281 -0.02100000104
v -0.01799999952 0.1077489281 -0.02100000104
v 0.005402412415 0.1039999962 -0.01769361214
v 0.001824463457 0.1039999962 -0.01840981204
v -0.001824463457 0.1039999962 -0.01840981204
v -0.005402412415 0.1039999962 -0.01769361214
v -0.005402412415 0.1060000038 -0.01769361214
v -0.001824463457 0.1060000038 -0.01840981204
v 0.001824463457 0.1060000038 -0.01840981204
v 0.005402412415 0.1060000038 -0.01769361214
v -0.01299999952 0.1030000019 2.755596473e-09
v -0.01212213874 0.1030000019 0.004696143056
v -0.009607115984 0.1030000019 0.008758051756
v -0.00579459846 0.1030000019 0.01163711826
v -0.00119948864 0.1030000019 0.01294454856
v 0.003557618856 0.1030000019 0.01250374116
v 0.007834250331 0.1030000019 0.01037422456
v 0.01105282307 0.1030000019 0.006843626856
v 0.01277865052 0.1030000019 0.002388747156
v 0.01277865052 0.1030000019 -0.002388741544
v 0.01105282307 0.1030000019 -0.006843621344
v 0.007834250331 0.1030000019 -0.01037422854
v 0.003557618856 0.1030000019 -0.01250373564
v -0.00119948864 0.1030000019 -0.01294454294
v -0.00579459846 0.1030000019 -0.01163712224
v -0.009607115984 0.1030000019 -0.008758046244
v -0.01212213874 0.1030000019 -0.004696137544
v 2.860194912e-12 0.1025 -0.01350000104
v 0.004876762629 0.1025 -0.01258837424
v 0.009094890952 0.1025 -0.009976622644
v 0.01208470464 0.1025 -0.006017472344
v 0.01344241142 0.1025 -0.001245629444
v 0.01298464656 0.1025 0.003694441756
v 0.01077323198 0.1025 0.008135569456
v 0.007106834054 0.1025 0.01147793096
v 0.002480618507 0.1025 0.01327013296
v -0.002480618507 0.1025 0.01327013296
v -0.007106834054 0.1025 0.01147793096
v -0.01077323198 0.1025 0.008135569456
v -0.01298464656 0.1025 0.003694441756
v -0.01344241142 0.1025 -0.001245629444
v -0.01208470464 0.1025 -0.006017472344
v -0.009094890952 0.1025 -0.009976622644
v -0.004876762629 0.1025 -0.01258837424
v 0.01277865052 0.1030000019 -0.002388741544
v 0.01344241142 0.1025 -0.001245629444
v 0.01799999952 0.1085000038 -0.01975000104
v 0.01918882012 0.1085000038 -0.02061372484
v 0.01873473167 0.1085000038 -0.02201126774
v 0.01726526856 0.1085000038 -0.02201126774
v 0.01681117892 0.1085000038 -0.02061372484
v 0.01799999952 0.1077489281 -0.02100000104
v 0.01799999952 0.1077489281 -0.02100000104
v 0.01799999952 0.1077489281 -0.02100000104
v 0.01799999952 0.1077489281 -0.02100000104
v 0.01799999952 0.1077489281 -0.02100000104
v 0.01799999952 0.1077489281 -0.02100000104
v 0.01799999952 0.1077489281 -0.02100000104
v 0.01873473167 0.1085000038 -0.02201126774
v 0.01799999952 0.1077489281 -0.02100000104
v 0.02424999952 0.1063000011 2.755596473e-09
v 0.02339057684 0.1063000011 -0.002645032044
v 0.02114057541 0.1063000011 -0.004279763344
v 0.01835942388 0.1063000011 -0.004279763344
v 0.01610942364 0.1063000011 -0.002645032044
v 0.01524999976 0.1063000011 2.755596473e-09
v 0.01610942364 0.1063000011 0.002645037556
v 0.01835942388 0.1063000011 0.004279749756
v 0.02114057541 0.1063000011 0.004279749756
v 0.02339057684 0.1063000011 0.002645037556
v 0.02424999952 0.1053999996 2.755596473e-09
v 0.02339057684 0.1053999996 0.002645037556
v 0.02114057541 0.1053999996 0.004279749756
v 0.01835942388 0.1053999996 0.004279749756
v 0.01610942364 0.1053999996 0.002645037556
v 0.01524999976 0.1053999996 2.755596473e-09
v 0.01610942364 0.1053999996 -0.002645032044
v 0.01835942388 0.1053999996 -0.004279763344
v 0.02114057541 0.1053999996 -0.004279763344
v 0.02339057684 0.1053999996 -0.002645032044
v 0.01524999976 0.1063000011 2.755596473e-09
v 0.01524999976 0.1053999996 2.755596473e-09
v -0.01799999952 0.1085000038 0.02225000656
v -0.01681117892 0.1085000038 0.02138626376
v -0.01726526856 0.1085000038 0.01998873036
v -0.01873473167 0.1085000038 0.01998873036
v -0.01918882012 0.1085000038 0.02138626376
v -0.01799999952 0.1077489281 0.02100000656
v -0.01799999952 0.1085000038 0.02225000656
v -0.01799999952 0.1077489281 0.02100000656
v -0.01799999952 0.1077489281 0.02100000656
v -0.01799999952 0.1077489281 0.02100000656
v -0.01799999952 0.1077489281 0.02100000656
v -0.01799999952 0.1077489281 0.02100000656
v -0.01799999952 0.1077489281 0.02100000656
v -0.01799999952 0.1077489281 0.02100000656
v 0.01799999952 0.1085000038 0.02225000656
v 0.01918882012 0.1085000038 0.02138626376
v 0.01873473167 0.1085000038 0.01998873036
v 0.01726526856 0.1085000038 0.01998873036
v 0.01681117892 0.1085000038 0.02138626376
v 0.01799999952 0.1077489281 0.02100000656
v 0.01799999952 0.1077489281 0.02100000656
v 0.01799999952 0.1077489281 0.02100000656
v 0.01799999952 0.1077489281 0.02100000656
v 0.01799999952 0.1077489281 0.02100000656
v 0.01799999952 0.1077489281 0.02100000656
v 0.01799999952 0.1077489281 0.02100000656
v 0.01873473167 0.1085000038 0.01998873036
v 0.01799999952 0.1077489281 0.02100000656
v 0.02430000067 0.1071000004 2.755596473e-09
v 0.02343102694 0.1071000004 -0.002674424244
v 0.02115602732 0.1071000004 -0.004327313544
v 0.01834397316 0.1071000004 -0.004327313544
v 0.01606897235 0.1071000004 -0.002674424244
v 0.01519999981 0.1071000004 2.755596473e-09
v 0.01606897235 0.1071000004 0.002674429756
v 0.01834397316 0.1071000004 0.004327299956
v 0.02115602732 0.1071000004 0.004327299956
v 0.02343102694 0.1071000004 0.002674429756
v 0.02430000067 0.1063000011 2.755596473e-09
v 0.02343102694 0.1063000011 0.002674429756
v 0.02115602732 0.1063000011 0.004327299956
v 0.01834397316 0.1063000011 0.004327299956
v 0.01606897235 0.1063000011 0.002674429756
v 0.01519999981 0.1063000011 2.755596473e-09
v 0.01606897235 0.1063000011 -0.002674424244
v 0.01834397316 0.1063000011 -0.004327313544
v 0.02115602732 0.1063000011 -0.004327313544
v 0.02343102694 0.1063000011 -0.002674424244
v 0.01519999981 0.1063000011 2.755596473e-09
v 0.01519999981 0.1071000004 2.755596473e-09
v 0.02430000067 0.1063000011 2.755596473e-09
v 0.02343102694 0.1063000011 -0.002674424244
v 0.02115602732 0.1063000011 -0.004327313544
v 0.01834397316 0.1063000011 -0.004327313544
v 0.01606897235 0.1063000011 -0.002674424244
v 0.01519999981 0.1063000011 2.755596473e-09
v 0.01606897235 0.1063000011 0.002674429756
v 0.01834397316 0.1063000011 0.004327299956
v 0.02115602732 0.1063000011 0.004327299956
v 0.02343102694 0.1063000011 0.002674429756
v 0.02424999952 0.1063000011 2.755596473e-09
v 0.02339057684 0.1063000011 0.002645037556
v 0.02114057541 0.1063000011 0.004279749756
v 0.01835942388 0.1063000011 0.004279749756
v 0.01610942364 0.1063000011 0.002645037556
v 0.01524999976 0.1063000011 2.755596473e-09
v 0.01610942364 0.1063000011 -0.002645032044
v 0.01835942388 0.1063000011 -0.004279763344
v 0.02114057541 0.1063000011 -0.004279763344
v 0.02339057684 0.1063000011 -0.002645032044
v -0.02762120247 0.1119999981 0.01307371416
v -0.02857225895 0.1119999981 0.01376468936
v -0.02820898771 0.1119999981 0.01488271996
v -0.02703341722 0.1119999981 0.01488271996
v -0.02667014599 0.1119999981 0.01376468936
v -0.02762120247 0.1081599998 0.01307371416
v -0.02691409588 0.1081599998 0.01336660666
v -0.02662120342 0.1081599998 0.01407369896
v -0.02691409588 0.1081599998 0.01478081026
v -0.02762120247 0.1081599998 0.01507370276
v -0.02832830906 0.1081599998 0.01478081026
v -0.02862120152 0.1081599998 0.01407369896
v -0.02832830906 0.1081599998 0.01336660666
v -0.02762120247 0.1081599998 0.01307371416
v -0.02762120247 0.1119999981 0.01307371416
v -0.02762120247 0.1081599998 0.01307371416
v -0.02832830906 0.1081599998 0.01336660666
v -0.02862120152 0.1081599998 0.01407369896
v -0.02832830906 0.1081599998 0.01478081026
v -0.02762120247 0.1081599998 0.01507370276
v -0.02691409588 0.1081599998 0.01478081026
v -0.02662120342 0.1081599998 0.01407369896
v -0.02691409588 0.1081599998 0.01336660666
v -0.02762120247 0.1081599998 0.01327369966
v -0.02705551624 0.1081599998 0.01350801746
v -0.02682120323 0.1081599998 0.01407369896
v -0.02762120247 0.1081599998 0.01487369816
v -0.02818688869 0.1081599998 0.01463939946
v -0.02842120171 0.1081599998 0.01407369896
v -0.01799999952 0.1144999981 0.01949999136
v -0.01929903865 0.1144999981 0.02024999896
v -0.01929903865 0.1144999981 0.02174999516
v -0.01799999952 0.1144999981 0.02250000276
v -0.01670096159 0.1144999981 0.02174999516
v -0.01670096159 0.1144999981 0.02024999896
v -0.01799999952 0.1085000038 0.01949999136
v -0.01693933964 0.1085000038 0.01993934906
v -0.01649999976 0.1085000038 0.02100000656
v -0.01693933964 0.1085000038 0.02206066406
v -0.01799999952 0.1085000038 0.02250000276
v -0.0190606606 0.1085000038 0.02206066406
v -0.01950000048 0.1085000038 0.02100000656
v -0.0190606606 0.1085000038 0.01993934906
v -0.01799999952 0.1085000038 0.01949999136
v -0.01799999952 0.1144999981 0.01949999136
v -0.01799999952 0.1085000038 0.01949999136
v -0.0190606606 0.1085000038 0.01993934906
v -0.01950000048 0.1085000038 0.02100000656
v -0.0190606606 0.1085000038 0.02206066406
v -0.01799999952 0.1085000038 0.02250000276
v -0.01693933964 0.1085000038 0.02206066406
v -0.01649999976 0.1085000038 0.02100000656
v -0.01693933964 0.1085000038 0.01993934906
v -0.01799999952 0.1085000038 0.01975000656
v -0.01711611629 0.1085000038 0.02011612216
v -0.01674999952 0.1085000038 0.02100000656
v -0.01711611629 0.1085000038 0.02188389106
v -0.01799999952 0.1085000038 0.02225000656
v -0.01888388395 0.1085000038 0.02188389106
v -0.01924999952 0.1085000038 0.02100000656
v -0.01888388395 0.1085000038 0.02011612216
v 0.01799999952 0.1144999981 -0.01949999534
v 0.01929903865 0.1144999981 -0.02025000294
v 0.01929903865 0.1144999981 -0.02174999914
v 0.01799999952 0.1144999981 -0.02249999724
v 0.01670096159 0.1144999981 -0.02174999914
v 0.01670096159 0.1144999981 -0.02025000294
v 0.01799999952 0.1085000038 -0.01949999534
v 0.01693933964 0.1085000038 -0.01993934354
v 0.01649999976 0.1085000038 -0.02100000104
v 0.01693933964 0.1085000038 -0.02206065854
v 0.01799999952 0.1085000038 -0.02249999724
v 0.0190606606 0.1085000038 -0.02206065854
v 0.01950000048 0.1085000038 -0.02100000104
v 0.0190606606 0.1085000038 -0.01993934354
v 0.01799999952 0.1085000038 -0.01949999534
v 0.01799999952 0.1144999981 -0.01949999534
v 0.01799999952 0.1085000038 -0.01949999534
v 0.0190606606 0.1085000038 -0.01993934354
v 0.01950000048 0.1085000038 -0.02100000104
v 0.0190606606 0.1085000038 -0.02206065854
v 0.01799999952 0.1085000038 -0.02249999724
v 0.01693933964 0.1085000038 -0.02206065854
v 0.01649999976 0.1085000038 -0.02100000104
v 0.01693933964 0.1085000038 -0.01993934354
v 0.01799999952 0.1085000038 -0.01975000104
v 0.01711611629 0.1085000038 -0.02011611664
v 0.01674999952 0.1085000038 -0.02100000104
v 0.01711611629 0.1085000038 -0.02188388544
v 0.01799999952 0.1085000038 -0.02225000104
v 0.01888388395 0.1085000038 -0.02188388544
v 0.01924999952 0.1085000038 -0.02100000104
v 0.01888388395 0.1085000038 -0.02011611664
v 0.02762120247 0.1119999981 -0.01307370864
v 0.02857225895 0.1119999981 -0.01376468384
v 0.02820898771 0.1119999981 -0.01488272394
v 0.02703341722 0.1119999981 -0.01488272394
v 0.02667014599 0.1119999981 -0.01376468384
v 0.02762120247 0.1081599998 -0.01307370864
v 0.02691409588 0.1081599998 -0.01336660104
v 0.02662120342 0.1081599998 -0.01407370294
v 0.02691409588 0.1081599998 -0.01478081424
v 0.02762120247 0.1081599998 -0.01507370674
v 0.02832830906 0.1081599998 -0.01478081424
v 0.02862120152 0.1081599998 -0.01407370294
v 0.02832830906 0.1081599998 -0.01336660104
v 0.02762120247 0.1081599998 -0.01307370864
v 0.02762120247 0.1119999981 -0.01307370864
v 0.02762120247 0.1081599998 -0.01307370864
v 0.02832830906 0.1081599998 -0.01336660104
v 0.02862120152 0.1081599998 -0.01407370294
v 0.02832830906 0.1081599998 -0.01478081424
v 0.02762120247 0.1081599998 -0.01507370674
v 0.02691409588 0.1081599998 -0.01478081424
v 0.02662120342 0.1081599998 -0.01407370294
v 0.02691409588 0.1081599998 -0.01336660104
v 0.02762120247 0.1081599998 -0.01327370364
v 0.02705551624 0.1081599998 -0.01350802144
v 0.02682120323 0.1081599998 -0.01407370294
v 0.02762120247 0.1081599998 -0.01487370214
v 0.02818688869 0.1081599998 -0.01463939394
v 0.02842120171 0.1081599998 -0.01407370294
v 0.02762120247 0.1081599998 0.01307371416
v 0.02832830906 0.1081599998 0.01336660666
v 0.02862120152 0.1081599998 0.01407369896
v 0.02832830906 0.1081599998 0.01478081026
v 0.02762120247 0.1081599998 0.01507370276
v 0.02691409588 0.1081599998 0.01478081026
v 0.02662120342 0.1081599998 0.01407369896
v 0.02691409588 0.1081599998 0.01336660666
v 0.02762120247 0.1119999981 0.01307371416
v 0.02667014599 0.1119999981 0.01376468936
v 0.02703341722 0.1119999981 0.01488271996
v 0.02820898771 0.1119999981 0.01488271996
v 0.02857225895 0.1119999981 0.01376468936
v 0.02762120247 0.1119999981 0.01307371416
v 0.02762120247 0.1081599998 0.01307371416
v 0.02762120247 0.1081599998 0.01307371416
v 0.02691409588 0.1081599998 0.01336660666
v 0.02662120342 0.1081599998 0.01407369896
v 0.02691409588 0.1081599998 0.01478081026
v 0.02762120247 0.1081599998 0.01507370276
v 0.02832830906 0.1081599998 0.01478081026
v 0.02862120152 0.1081599998 0.01407369896
v 0.02832830906 0.1081599998 0.01336660666
v 0.02762120247 0.1081599998 0.01487369816
v 0.02682120323 0.1081599998 0.01407369896
v 0.02705551624 0.1081599998 0.01350801746
v 0.02762120247 0.1081599998 0.01327369966
v 0.02842120171 0.1081599998 0.01407369896
v 0.02818688869 0.1081599998 0.01463939946
v -0.02762120247 0.1081599998 -0.01307370864
v -0.02832830906 0.1081599998 -0.01336660104
v -0.02862120152 0.1081599998 -0.01407370294
v -0.02832830906 0.1081599998 -0.01478081424
v -0.02762120247 0.1081599998 -0.01507370674
v -0.02691409588 0.1081599998 -0.01478081424
v -0.02662120342 0.1081599998 -0.01407370294
v -0.02691409588 0.1081599998 -0.01336660104
v -0.02762120247 0.1119999981 -0.01307370864
v -0.02667014599 0.1119999981 -0.01376468384
v -0.02703341722 0.1119999981 -0.01488272394
v -0.02820898771 0.1119999981 -0.01488272394
v -0.02857225895 0.1119999981 -0.01376468384
v -0.02762120247 0.1119999981 -0.01307370864
v -0.02762120247 0.1081599998 -0.01307370864
v -0.02762120247 0.1081599998 -0.01307370864
v -0.02691409588 0.1081599998 -0.01336660104
v -0.02662120342 0.1081599998 -0.01407370294
v -0.02691409588 0.1081599998 -0.01478081424
v -0.02762120247 0.1081599998 -0.01507370674
v -0.02832830906 0.1081599998 -0.01478081424
v -0.02862120152 0.1081599998 -0.01407370294
v -0.02832830906 0.1081599998 -0.01336660104
v -0.02762120247 0.1081599998 -0.01487370214
v -0.02682120323 0.1081599998 -0.01407370294
v -0.02705551624 0.1081599998 -0.01350802144
v -0.02762120247 0.1081599998 -0.01327370364
v -0.02842120171 0.1081599998 -0.01407370294
v -0.02818688869 0.1081599998 -0.01463939394
v 0.01799999952 0.1085000038 0.01949999136
v 0.01929903865 0.1085000038 0.02024999896
v 0.01929903865 0.1085000038 0.02174999516
v 0.01799999952 0.1085000038 0.02250000276
v 0.01670096159 0.1085000038 0.02174999516
v 0.01670096159 0.1085000038 0.02024999896
v 0.01799999952 0.1144999981 0.01949999136
v 0.01670096159 0.1144999981 0.02024999896
v 0.01670096159 0.1144999981 0.02174999516
v 0.01799999952 0.1144999981 0.02250000276
v 0.01929903865 0.1144999981 0.02174999516
v 0.01929903865 0.1144999981 0.02024999896
v 0.01799999952 0.1144999981 0.01949999136
v 0.01799999952 0.1085000038 0.01949999136
v 0.01799999952 0.1085000038 0.01949999136
v 0.01670096159 0.1085000038 0.02024999896
v 0.01670096159 0.1085000038 0.02174999516
v 0.01799999952 0.1085000038 0.02250000276
v 0.01929903865 0.1085000038 0.02174999516
v 0.01929903865 0.1085000038 0.02024999896
v 0.01799999952 0.1085000038 0.02225000656
v 0.01711611629 0.1085000038 0.02188389106
v 0.01674999952 0.1085000038 0.02100000656
v 0.01711611629 0.1085000038 0.02011612216
v 0.01799999952 0.1085000038 0.01975000656
v 0.01888388395 0.1085000038 0.02011612216
v 0.01924999952 0.1085000038 0.02100000656
v 0.01888388395 0.1085000038 0.02188389106
v -0.01799999952 0.1085000038 -0.01949999534
v -0.0190606606 0.1085000038 -0.01993934354
v -0.01950000048 0.1085000038 -0.02100000104
v -0.0190606606 0.1085000038 -0.02206065854
v -0.01799999952 0.1085000038 -0.02249999724
v -0.01693933964 0.1085000038 -0.02206065854
v -0.01649999976 0.1085000038 -0.02100000104
v -0.01693933964 0.1085000038 -0.01993934354
v -0.01799999952 0.1144999981 -0.01949999534
v -0.01670096159 0.1144999981 -0.02025000294
v -0.01670096159 0.1144999981 -0.02174999914
v -0.01799999952 0.1144999981 -0.02249999724
v -0.01929903865 0.1144999981 -0.02174999914
v -0.01929903865 0.1144999981 -0.02025000294
v -0.01799999952 0.1144999981 -0.01949999534
v -0.01799999952 0.1085000038 -0.01949999534
v -0.01799999952 0.1085000038 -0.01949999534
v -0.01693933964 0.1085000038 -0.01993934354
v -0.01649999976 0.1085000038 -0.02100000104
v -0.01693933964 0.1085000038 -0.02206065854
v -0.01799999952 0.1085000038 -0.02249999724
v -0.0190606606 0.1085000038 -0.02206065854
v -0.01950000048 0.1085000038 -0.02100000104
v -0.0190606606 0.1085000038 -0.01993934354
v -0.01799999952 0.1085000038 -0.02225000104
v -0.01711611629 0.1085000038 -0.02188388544
v -0.01674999952 0.1085000038 -0.02100000104
v -0.01711611629 0.1085000038 -0.02011611664
v -0.01799999952 0.1085000038 -0.01975000104
v -0.01888388395 0.1085000038 -0.02011611664
v -0.01924999952 0.1085000038 -0.02100000104
v -0.01888388395 0.1085000038 -0.02188388544
v -0.01669999957 0.1101034355 -0.02100000104
v -0.01735000014 0.1101034355 -0.02212583264
v -0.0186500001 0.1101034355 -0.02212583264
v -0.01929999948 0.1101034355 -0.02100000104
v -0.0186500001 0.1101034355 -0.01987416944
v -0.01735000014 0.1101034355 -0.01987416944
v -0.01649999976 0.1103034401 -0.02100000104
v -0.01725000024 0.1103034401 -0.01970096314
v -0.01875 0.1103034401 -0.01970096314
v -0.01950000048 0.1103034401 -0.02100000104
v -0.01875 0.1103034401 -0.02229903894
v -0.01725000024 0.1103034401 -0.02229903894
v -0.0186500001 0.1101034355 -0.02212583264
v -0.01875 0.1103034401 -0.02229903894
v -0.01649999976 0.1103034401 -0.02100000104
v -0.01725000024 0.1103034401 -0.02229903894
v -0.01875 0.1103034401 -0.02229903894
v -0.01950000048 0.1103034401 -0.02100000104
v -0.01875 0.1103034401 -0.01970096314
v -0.01725000024 0.1103034401 -0.01970096314
v -0.01950000048 0.115803442 -0.02100000104
v -0.01875 0.115803442 -0.02229903894
v -0.01725000024 0.115803442 -0.02229903894
v -0.01649999976 0.115803442 -0.02100000104
v -0.01725000024 0.115803442 -0.01970096314
v -0.01875 0.115803442 -0.01970096314
v -0.01950000048 0.115803442 -0.02100000104
v -0.01950000048 0.1103034401 -0.02100000104
v -0.01669999957 0.1101034355 -0.02100000104
v -0.01735000014 0.1101034355 -0.01987416944
v -0.0186500001 0.1101034355 -0.01987416944
v -0.01929999948 0.1101034355 -0.02100000104
v -0.0186500001 0.1101034355 -0.02212583264
v -0.01735000014 0.1101034355 -0.02212583264
v -0.01950000048 0.115803442 -0.02100000104
v -0.01875 0.115803442 -0.01970096314
v -0.01725000024 0.115803442 -0.01970096314
v -0.01649999976 0.115803442 -0.02100000104
v -0.01725000024 0.115803442 -0.02229903894
v -0.01875 0.115803442 -0.02229903894
v -0.01980000019 0.1161034393 -0.02100000104
v -0.01927279234 0.1161034393 -0.02227279384
v -0.01799999952 0.1161034393 -0.02280000404
v -0.0167272079 0.1161034393 -0.02227279384
v -0.01620000005 0.1161034393 -0.02100000104
v -0.0167272079 0.1161034393 -0.01972720824
v -0.01799999952 0.1161034393 -0.01919999794
v -0.01927279234 0.1161034393 -0.01972720824
v -0.01980000019 0.1161034393 -0.02100000104
v -0.01950000048 0.115803442 -0.02100000104
v -0.01519999981 0.1161034393 -0.02100000104
v -0.01602010131 0.1161034393 -0.01902009684
v -0.01799999952 0.1161034393 -0.01820000374
v -0.01997989893 0.1161034393 -0.01902009684
v -0.02079999924 0.1161034393 -0.02100000104
v -0.01997989893 0.1161034393 -0.02297989564
v -0.01799999952 0.1161034393 -0.02379999834
v -0.01602010131 0.1161034393 -0.02297989564
v -0.01980000019 0.1161034393 -0.02100000104
v -0.01927279234 0.1161034393 -0.01972720824
v -0.01799999952 0.1161034393 -0.01919999794
v -0.0167272079 0.1161034393 -0.01972720824
v -0.01620000005 0.1161034393 -0.02100000104
v -0.0167272079 0.1161034393 -0.02227279384
v -0.01799999952 0.1161034393 -0.02280000404
v -0.01927279234 0.1161034393 -0.02227279384
v -0.01519999981 0.1176459026 -0.02100000104
v -0.01602010131 0.1176459026 -0.01902009684
v -0.01799999952 0.1176459026 -0.01820000374
v -0.01997989893 0.1176459026 -0.01902009684
v -0.02079999924 0.1176459026 -0.02100000104
v -0.01997989893 0.1176459026 -0.02297989564
v -0.01799999952 0.1176459026 -0.02379999834
v -0.01602010131 0.1176459026 -0.02297989564
v -0.01519999981 0.1161034393 -0.02100000104
v -0.01602010131 0.1161034393 -0.02297989564
v -0.01799999952 0.1161034393 -0.02379999834
v -0.01997989893 0.1161034393 -0.02297989564
v -0.02079999924 0.1161034393 -0.02100000104
v -0.01997989893 0.1161034393 -0.01902009684
v -0.01799999952 0.1161034393 -0.01820000374
v -0.01602010131 0.1161034393 -0.01902009684
v -0.02079999924 0.1176459026 -0.02100000104
v -0.02079999924 0.1161034393 -0.02100000104
v -0.0166178906 0.1182992458 -0.02129999834
v -0.01661376595 0.1183063889 -0.02110006054
v -0.01661376595 0.1183063889 -0.02089994154
v -0.0166178906 0.1182992458 -0.02070000374
v -0.01687564015 0.1183661366 -0.02070000374
v -0.01713659167 0.1184191799 -0.02070000374
v -0.0174000001 0.1184582329 -0.02070000374
v -0.01761213183 0.1184732628 -0.02061213214
v -0.01769999981 0.1184582329 -0.02039999684
v -0.01769999981 0.1184191799 -0.02013659204
v -0.01769999981 0.1183661366 -0.01987563814
v -0.01769999981 0.1182992458 -0.01961788854
v -0.01789994359 0.1183063889 -0.01961376864
v -0.01810005665 0.1183063889 -0.01961376864
v -0.01830000043 0.1182992458 -0.01961788854
v -0.01830000043 0.1183661366 -0.01987563814
v -0.01830000043 0.1184191799 -0.02013659204
v -0.01830000043 0.1184582329 -0.02039999684
v -0.0183878684 0.1184732628 -0.02061213214
v -0.01860000014 0.1184582329 -0.02070000374
v -0.01886340857 0.1184191799 -0.02070000374
v -0.01912435889 0.1183661366 -0.02070000374
v -0.01938210964 0.1182992458 -0.02070000374
v -0.01938623428 0.1183063889 -0.02089994154
v -0.01938623428 0.1183063889 -0.02110006054
v -0.01938210964 0.1182992458 -0.02129999834
v -0.01912435889 0.1183661366 -0.02129999834
v -0.01886340857 0.1184191799 -0.02129999834
v -0.01860000014 0.1184582329 -0.02129999834
v -0.0183878684 0.1184732628 -0.02138786994
v -0.01830000043 0.1184582329 -0.02159999574
v -0.01830000043 0.1184191799 -0.02186341004
v -0.01830000043 0.1183661366 -0.02212436394
v -0.01830000043 0.1182992458 -0.02238211354
v -0.01810005665 0.1183063889 -0.02238623344
v -0.01789994359 0.1183063889 -0.02238623344
v -0.01769999981 0.1182992458 -0.02238211354
v -0.01769999981 0.1183661366 -0.02212436394
v -0.01769999981 0.1184191799 -0.02186341004
v -0.01769999981 0.1184582329 -0.02159999574
v -0.01761213183 0.1184732628 -0.02138786994
v -0.0174000001 0.1184582329 -0.02129999834
v -0.01713659167 0.1184191799 -0.02129999834
v -0.01687564015 0.1183661366 -0.02129999834
v -0.01519999981 0.1176459026 -0.02100000104
v -0.01602010131 0.1176459026 -0.02297989564
v -0.01799999952 0.1176459026 -0.02379999834
v -0.01997989893 0.1176459026 -0.02297989564
v -0.02079999924 0.1176459026 -0.02100000104
v -0.01997989893 0.1176459026 -0.01902009684
v -0.01799999952 0.1176459026 -0.01820000374
v -0.01602010131 0.1176459026 -0.01902009684
v -0.01938623428 0.1183063889 -0.02089994154
v -0.02079999924 0.1176459026 -0.02100000104
v -0.01769999981 0.1169445896 -0.02039999684
v -0.01769999981 0.1184582329 -0.02039999684
v -0.01761213183 0.1184732628 -0.02061213214
v -0.0174000001 0.1184582329 -0.02070000374
v -0.0174000001 0.1169445896 -0.02070000374
v -0.0174000001 0.1168234348 -0.02070000374
v -0.01754999995 0.1168234348 -0.02065980634
v -0.01765980721 0.1168234348 -0.02055000024
v -0.01769999981 0.1168234348 -0.02039999684
v -0.0174000001 0.1169445896 -0.02070000374
v -0.0174000001 0.1184582329 -0.02070000374
v -0.01713659167 0.1184191799 -0.02070000374
v -0.01687564015 0.1183661366 -0.02070000374
v -0.0166178906 0.1182992458 -0.02070000374
v -0.0174000001 0.1169445896 -0.02129999834
v -0.01746994853 0.1168234348 -0.02129999834
v -0.01746994853 0.1168234348 -0.02070000374
v -0.0174000001 0.1169445896 -0.02070000374
v -0.0166178906 0.1182992458 -0.02070000374
v -0.01661376595 0.1183063889 -0.02089994154
v -0.01661376595 0.1183063889 -0.02110006054
v -0.0166178906 0.1182992458 -0.02129999834
v -0.01938210964 0.1182992458 -0.02070000374
v -0.01860000014 0.1169445896 -0.02070000374
v -0.01853005171 0.1168234348 -0.02070000374
v -0.01853005171 0.1168234348 -0.02129999834
v -0.01860000014 0.1169445896 -0.02129999834
v -0.01938210964 0.1182992458 -0.02129999834
v -0.01938623428 0.1183063889 -0.02110006054
v -0.01938623428 0.1183063889 -0.02089994154
v -0.01860000014 0.1169445896 -0.02070000374
v -0.01938210964 0.1182992458 -0.02070000374
v -0.01912435889 0.1183661366 -0.02070000374
v -0.01886340857 0.1184191799 -0.02070000374
v -0.01860000014 0.1184582329 -0.02070000374
v -0.01860000014 0.1169445896 -0.02070000374
v -0.01860000014 0.1184582329 -0.02070000374
v -0.0183878684 0.1184732628 -0.02061213214
v -0.01830000043 0.1184582329 -0.02039999684
v -0.01830000043 0.1169445896 -0.02039999684
v -0.01830000043 0.1168234348 -0.02039999684
v -0.01834019184 0.1168234348 -0.02055000024
v -0.01845000029 0.1168234348 -0.02065980634
v -0.01860000014 0.1168234348 -0.02070000374
v -0.01769999981 0.1169445896 -0.02039999684
v -0.01769999981 0.1182992458 -0.01961788854
v -0.01769999981 0.1183661366 -0.01987563814
v -0.01769999981 0.1184191799 -0.02013659204
v -0.01769999981 0.1184582329 -0.02039999684
v -0.0174000001 0.1169445896 -0.02129999834
v -0.0166178906 0.1182992458 -0.02129999834
v -0.01687564015 0.1183661366 -0.02129999834
v -0.01713659167 0.1184191799 -0.02129999834
v -0.0174000001 0.1184582329 -0.02129999834
v -0.01830000043 0.1169445896 -0.02039999684
v -0.01830000043 0.1184582329 -0.02039999684
v -0.01830000043 0.1184191799 -0.02013659204
v -0.01830000043 0.1183661366 -0.01987563814
v -0.01830000043 0.1182992458 -0.01961788854
v -0.01769999981 0.1168234348 -0.02046994884
v -0.01769999981 0.1169445896 -0.02039999684
v -0.01769999981 0.1168234348 -0.02039999684
v -0.0174000001 0.1169445896 -0.02129999834
v -0.0174000001 0.1184582329 -0.02129999834
v -0.01761213183 0.1184732628 -0.02138786994
v -0.01769999981 0.1184582329 -0.02159999574
v -0.01769999981 0.1169445896 -0.02159999574
v -0.01769999981 0.1168234348 -0.02159999574
v -0.01765980721 0.1168234348 -0.02145000184
v -0.01754999995 0.1168234348 -0.02134019574
v -0.0174000001 0.1168234348 -0.02129999834
v -0.01769999981 0.1169445896 -0.02039999684
v -0.01769999981 0.1168234348 -0.02046994884
v -0.01830000043 0.1168234348 -0.02046994884
v -0.01830000043 0.1169445896 -0.02039999684
v -0.01830000043 0.1182992458 -0.01961788854
v -0.01810005665 0.1183063889 -0.01961376864
v -0.01789994359 0.1183063889 -0.01961376864
v -0.01769999981 0.1182992458 -0.01961788854
v -0.01746994853 0.1168234348 -0.02129999834
v -0.0174000001 0.1169445896 -0.02129999834
v -0.0174000001 0.1168234348 -0.02129999834
v -0.01769999981 0.1168234348 -0.02039999684
v -0.01765980721 0.1168234348 -0.02055000024
v -0.01754999995 0.1168234348 -0.02065980634
v -0.0174000001 0.1168234348 -0.02070000374
v -0.01746994853 0.1168234348 -0.02070000374
v -0.01746994853 0.1168234348 -0.02129999834
v -0.0174000001 0.1168234348 -0.02129999834
v -0.01754999995 0.1168234348 -0.02134019574
v -0.01765980721 0.1168234348 -0.02145000184
v -0.01769999981 0.1168234348 -0.02159999574
v -0.01769999981 0.1168234348 -0.02153005324
v -0.01830000043 0.1168234348 -0.02153005324
v -0.01830000043 0.1168234348 -0.02159999574
v -0.01834019184 0.1168234348 -0.02145000184
v -0.01845000029 0.1168234348 -0.02134019574
v -0.01860000014 0.1168234348 -0.02129999834
v -0.01853005171 0.1168234348 -0.02129999834
v -0.01853005171 0.1168234348 -0.02070000374
v -0.01860000014 0.1168234348 -0.02070000374
v -0.01845000029 0.1168234348 -0.02065980634
v -0.01834019184 0.1168234348 -0.02055000024
v -0.01830000043 0.1168234348 -0.02039999684
v -0.01830000043 0.1168234348 -0.02046994884
v -0.01769999981 0.1168234348 -0.02046994884
v -0.01769999981 0.1169445896 -0.02159999574
v -0.01769999981 0.1184582329 -0.02159999574
v -0.01769999981 0.1184191799 -0.02186341004
v -0.01769999981 0.1183661366 -0.02212436394
v -0.01769999981 0.1182992458 -0.02238211354
v -0.01746994853 0.1168234348 -0.02070000374
v -0.0174000001 0.1168234348 -0.02070000374
v -0.0174000001 0.1169445896 -0.02070000374
v -0.01853005171 0.1168234348 -0.02070000374
v -0.01860000014 0.1169445896 -0.02070000374
v -0.01860000014 0.1168234348 -0.02070000374
v -0.01830000043 0.1169445896 -0.02159999574
v -0.01830000043 0.1168234348 -0.02153005324
v -0.01769999981 0.1168234348 -0.02153005324
v -0.01769999981 0.1169445896 -0.02159999574
v -0.01769999981 0.1182992458 -0.02238211354
v -0.01789994359 0.1183063889 -0.02238623344
v -0.01810005665 0.1183063889 -0.02238623344
v -0.01830000043 0.1182992458 -0.02238211354
v -0.01853005171 0.1168234348 -0.02129999834
v -0.01860000014 0.1168234348 -0.02129999834
v -0.01860000014 0.1169445896 -0.02129999834
v -0.01830000043 0.1169445896 -0.02159999574
v -0.01830000043 0.1182992458 -0.02238211354
v -0.01830000043 0.1183661366 -0.02212436394
v -0.01830000043 0.1184191799 -0.02186341004
v -0.01830000043 0.1184582329 -0.02159999574
v -0.01769999981 0.1168234348 -0.02153005324
v -0.01769999981 0.1168234348 -0.02159999574
v -0.01769999981 0.1169445896 -0.02159999574
v -0.01860000014 0.1169445896 -0.02129999834
v -0.01860000014 0.1184582329 -0.02129999834
v -0.01886340857 0.1184191799 -0.02129999834
v -0.01912435889 0.1183661366 -0.02129999834
v -0.01938210964 0.1182992458 -0.02129999834
v -0.01830000043 0.1168234348 -0.02046994884
v -0.01830000043 0.1168234348 -0.02039999684
v -0.01830000043 0.1169445896 -0.02039999684
v -0.01830000043 0.1169445896 -0.02159999574
v -0.01830000043 0.1184582329 -0.02159999574
v -0.0183878684 0.1184732628 -0.02138786994
v -0.01860000014 0.1184582329 -0.02129999834
v -0.01860000014 0.1169445896 -0.02129999834
v -0.01860000014 0.1168234348 -0.02129999834
v -0.01845000029 0.1168234348 -0.02134019574
v -0.01834019184 0.1168234348 -0.02145000184
v -0.01830000043 0.1168234348 -0.02159999574
v -0.01830000043 0.1168234348 -0.02153005324
v -0.01830000043 0.1169445896 -0.02159999574
v -0.01830000043 0.1168234348 -0.02159999574
v -0.01649999976 0.115803442 -0.02100000104
v -0.01693933964 0.115803442 -0.01993934354
v -0.01799999952 0.115803442 -0.01949999534
v -0.0190606606 0.115803442 -0.01993934354
v -0.01950000048 0.115803442 -0.02100000104
v -0.0190606606 0.115803442 -0.02206065854
v -0.01799999952 0.115803442 -0.02249999724
v -0.01693933964 0.115803442 -0.02206065854
v -0.01934999943 0.115803442 -0.02100000104
v -0.01895459414 0.115803442 -0.02004540164
v -0.01799999952 0.115803442 -0.01964999874
v -0.0170454061 0.115803442 -0.02004540164
v -0.01664999962 0.115803442 -0.02100000104
v -0.0170454061 0.115803442 -0.02195459084
v -0.01799999952 0.115803442 -0.02235000334
v -0.01895459414 0.115803442 -0.02195459084
v -0.01934999943 0.1101034355 -0.02100000104
v -0.01867499948 0.1101034355 -0.01983086304
v -0.01732499957 0.1101034355 -0.01983086304
v -0.01664999962 0.1101034355 -0.02100000104
v -0.01732499957 0.1101034355 -0.02216913904
v -0.01867499948 0.1101034355 -0.02216913904
v -0.01934999943 0.115803442 -0.02100000104
v -0.01895459414 0.115803442 -0.02195459084
v -0.01799999952 0.115803442 -0.02235000334
v -0.0170454061 0.115803442 -0.02195459084
v -0.01664999962 0.115803442 -0.02100000104
v -0.0170454061 0.115803442 -0.02004540164
v -0.01799999952 0.115803442 -0.01964999874
v -0.01895459414 0.115803442 -0.02004540164
v -0.01664999962 0.115803442 -0.02100000104
v -0.01664999962 0.1101034355 -0.02100000104
v 0.007771100402 0.1219999981 0.03309999746
v 0.01491013527 0.1219999981 0.03055630006
v 0.02130835533 0.1219999981 0.02649441046
v 0.02664786577 0.1219999981 0.02111614506
v 0.03066336632 0.1219999981 0.01468870436
v 0.03315535069 0.1219999981 0.007531454956
v 0.03400000095 0.1219999981 2.755596473e-09
v 0.03315535069 0.1219999981 -0.007531449444
v 0.03066336632 0.1219999981 -0.01468869884
v 0.02664786577 0.1219999981 -0.02111613954
v 0.02130835533 0.1219999981 -0.02649441444
v 0.01491013527 0.1219999981 -0.03055630404
v 0.007771100402 0.1219999981 -0.03310000144
v -0.007771100402 0.1219999981 -0.03310000144
v -0.01491013527 0.1219999981 -0.03055630404
v -0.02130835533 0.1219999981 -0.02649441444
v -0.02664786577 0.1219999981 -0.02111613954
v -0.03066336632 0.1219999981 -0.01468869884
v -0.03315535069 0.1219999981 -0.007531449444
v -0.03400000095 0.1219999981 2.755596473e-09
v -0.03315535069 0.1219999981 0.007531454956
v -0.03066336632 0.1219999981 0.01468870436
v -0.02664786577 0.1219999981 0.02111614506
v -0.02130835533 0.1219999981 0.02649441046
v -0.01491013527 0.1219999981 0.03055630006
v -0.007771100402 0.1219999981 0.03309999746
v 0.02962120295 0.1219999981 -0.01407370294
v 0.02886818171 0.1219999981 -0.01251003944
v 0.02717616081 0.1219999981 -0.01212384904
v 0.02581926346 0.1219999981 -0.01320593554
v 0.02581926346 0.1219999981 -0.01494147024
v 0.02717616081 0.1219999981 -0.01602355684
v 0.02886818171 0.1219999981 -0.01563736634
v -0.02562120199 0.1219999981 0.01407369896
v -0.02637422323 0.1219999981 0.01563736236
v -0.02806624413 0.1219999981 0.01602356236
v -0.0294231391 0.1219999981 0.01494146626
v -0.0294231391 0.1219999981 0.01320593156
v -0.02806624413 0.1219999981 0.01212385456
v -0.02637422323 0.1219999981 0.01251003546
v 0.02962120295 0.1219999981 0.01407369896
v 0.02886818171 0.1219999981 0.01563736236
v 0.02717616081 0.1219999981 0.01602356236
v 0.02581926346 0.1219999981 0.01494146626
v 0.02581926346 0.1219999981 0.01320593156
v 0.02717616081 0.1219999981 0.01212385456
v 0.02886818171 0.1219999981 0.01251003546
v -0.02562120199 0.1219999981 -0.01407370294
v -0.02637422323 0.1219999981 -0.01251003944
v -0.02806624413 0.1219999981 -0.01212384904
v -0.0294231391 0.1219999981 -0.01320593554
v -0.0294231391 0.1219999981 -0.01494147024
v -0.02806624413 0.1219999981 -0.01602355684
v -0.02637422323 0.1219999981 -0.01563736634
v -0.02562120199 0.1219999981 -0.01407370294
v -0.02637422323 0.1219999981 -0.01563736634
v -0.02806624413 0.1219999981 -0.01602355684
v -0.0294231391 0.1219999981 -0.01494147024
v -0.0294231391 0.1219999981 -0.01320593554
v -0.02806624413 0.1219999981 -0.01212384904
v -0.02637422323 0.1219999981 -0.01251003944
v -0.02562120199 0.1189999962 -0.01407370294
v -0.02637422323 0.1189999962 -0.01251003944
v -0.02806624413 0.1189999962 -0.01212384904
v -0.0294231391 0.1189999962 -0.01320593554
v -0.0294231391 0.1189999962 -0.01494147024
v -0.02806624413 0.1189999962 -0.01602355684
v -0.02637422323 0.1189999962 -0.01563736634
v -0.0294231391 0.1219999981 -0.01320593554
v -0.0294231391 0.1189999962 -0.01320593554
v -0.02562120199 0.1189999962 -0.01407370294
v -0.02637422323 0.1189999962 -0.01563736634
v -0.02806624413 0.1189999962 -0.01602355684
v -0.0294231391 0.1189999962 -0.01494147024
v -0.0294231391 0.1189999962 -0.01320593554
v -0.02806624413 0.1189999962 -0.01212384904
v -0.02637422323 0.1189999962 -0.01251003944
v -0.02882120132 0.1189999962 -0.01407370294
v -0.02799202204 0.1189999962 -0.01521497444
v -0.02665038109 0.1189999962 -0.01477904994
v -0.02665038109 0.1189999962 -0.01336836534
v -0.02799202204 0.1189999962 -0.01293244084
v 0.02962120295 0.1189999962 -0.01407370294
v 0.02886818171 0.1189999962 -0.01563736634
v 0.02717616081 0.1189999962 -0.01602355684
v 0.02581926346 0.1189999962 -0.01494147024
v 0.02581926346 0.1189999962 -0.01320593554
v 0.02717616081 0.1189999962 -0.01212384904
v 0.02886818171 0.1189999962 -0.01251003944
v 0.02642120123 0.1189999962 -0.01407370294
v 0.0272503829 0.1189999962 -0.01521497444
v 0.02859202147 0.1189999962 -0.01477904994
v 0.02859202147 0.1189999962 -0.01336836534
v 0.0272503829 0.1189999962 -0.01293244084
v -0.02562120199 0.1189999962 0.01407369896
v -0.02637422323 0.1189999962 0.01251003546
v -0.02806624413 0.1189999962 0.01212385456
v -0.0294231391 0.1189999962 0.01320593156
v -0.0294231391 0.1189999962 0.01494146626
v -0.02806624413 0.1189999962 0.01602356236
v -0.02637422323 0.1189999962 0.01563736236
v -0.02882120132 0.1189999962 0.01407369896
v -0.02799202204 0.1189999962 0.01293243686
v -0.02665038109 0.1189999962 0.01336836136
v -0.02665038109 0.1189999962 0.01477905556
v -0.02799202204 0.1189999962 0.01521498006
v 0.02962120295 0.1189999962 0.01407369896
v 0.02886818171 0.1189999962 0.01251003546
v 0.02717616081 0.1189999962 0.01212385456
v 0.02581926346 0.1189999962 0.01320593156
v 0.02581926346 0.1189999962 0.01494146626
v 0.02717616081 0.1189999962 0.01602356236
v 0.02886818171 0.1189999962 0.01563736236
v 0.02642120123 0.1189999962 0.01407369896
v 0.0272503829 0.1189999962 0.01293243686
v 0.02859202147 0.1189999962 0.01336836136
v 0.02859202147 0.1189999962 0.01477905556
v 0.0272503829 0.1189999962 0.01521498006
v 0.007771100402 0.1219999981 -0.03310000144
v 0.01491013527 0.1219999981 -0.03055630404
v 0.02130835533 0.1219999981 -0.02649441444
v 0.02664786577 0.1219999981 -0.02111613954
v 0.03066336632 0.1219999981 -0.01468869884
v 0.03315535069 0.1219999981 -0.007531449444
v 0.03400000095 0.1219999981 2.755596473e-09
v 0.03315535069 0.1219999981 0.007531454956
v 0.03066336632 0.1219999981 0.01468870436
v 0.02664786577 0.1219999981 0.02111614506
v 0.02130835533 0.1219999981 0.02649441046
v 0.01491013527 0.1219999981 0.03055630006
v 0.007771100402 0.1219999981 0.03309999746
v 0.009748747945 0.1218627453 0.03309999746
v 0.01137497306 0.1210000038 0.03309999746
v 0.01848542809 0.1210000038 0.02972017566
v 0.02466057062 0.1210000038 0.02483660026
v 0.02958795071 0.1210000038 0.01869634906
v 0.03301826 0.1210000038 0.01161011016
v 0.03477793217 0.1210000038 0.003936427056
v 0.03477793217 0.1210000038 -0.003936421444
v 0.03301826 0.1210000038 -0.01161010464
v 0.02958795071 0.1210000038 -0.01869634354
v 0.02466057062 0.1210000038 -0.02483659464
v 0.01848542809 0.1210000038 -0.02972017964
v 0.01137497306 0.1210000038 -0.03310000144
v 0.009748747945 0.1218627453 -0.03310000144
v 0.02962120295 0.1219999981 -0.01407370294
v 0.02886818171 0.1219999981 -0.01563736634
v 0.02717616081 0.1219999981 -0.01602355684
v 0.02581926346 0.1219999981 -0.01494147024
v 0.02581926346 0.1219999981 -0.01320593554
v 0.02717616081 0.1219999981 -0.01212384904
v 0.02886818171 0.1219999981 -0.01251003944
v 0.02962120295 0.1189999962 -0.01407370294
v 0.02886818171 0.1189999962 -0.01251003944
v 0.02717616081 0.1189999962 -0.01212384904
v 0.02581926346 0.1189999962 -0.01320593554
v 0.02581926346 0.1189999962 -0.01494147024
v 0.02717616081 0.1189999962 -0.01602355684
v 0.02886818171 0.1189999962 -0.01563736634
v 0.02581926346 0.1219999981 -0.01320593554
v 0.02581926346 0.1189999962 -0.01320593554
v 0.007699999809 0.1147000027 -0.03310000144
v -0.007699999809 0.1147000027 -0.03310000144
v -0.007699999809 0.1060000038 -0.03310000144
v -0.01137497306 0.1060000038 -0.03310000144
v -0.01137497306 0.1210000038 -0.03310000144
v -0.009748747945 0.1218627453 -0.03310000144
v -0.007771100402 0.1219999981 -0.03310000144
v 0.007771100402 0.1219999981 -0.03310000144
v 0.009748747945 0.1218627453 -0.03310000144
v 0.01137497306 0.1210000038 -0.03310000144
v 0.01137497306 0.1060000038 -0.03310000144
v 0.007699999809 0.1060000038 -0.03310000144
v 0.007699999809 0.1060000038 0.03309999746
v 0.01137497306 0.1060000038 0.03309999746
v 0.01137497306 0.1210000038 0.03309999746
v 0.009748747945 0.1218627453 0.03309999746
v 0.007771100402 0.1219999981 0.03309999746
v -0.007771100402 0.1219999981 0.03309999746
v -0.009748747945 0.1218627453 0.03309999746
v -0.01137497306 0.1210000038 0.03309999746
v -0.01137497306 0.1060000038 0.03309999746
v -0.007699999809 0.1060000038 0.03309999746
v -0.007699999809 0.1147000027 0.03309999746
v 0.007699999809 0.1147000027 0.03309999746
v -0.007771100402 0.1219999981 0.03309999746
v -0.01491013527 0.1219999981 0.03055630006
v -0.02130835533 0.1219999981 0.02649441046
v -0.02664786577 0.1219999981 0.02111614506
v -0.03066336632 0.1219999981 0.01468870436
v -0.03315535069 0.1219999981 0.007531454956
v -0.03400000095 0.1219999981 2.755596473e-09
v -0.03315535069 0.1219999981 -0.007531449444
v -0.03066336632 0.1219999981 -0.01468869884
v -0.02664786577 0.1219999981 -0.02111613954
v -0.02130835533 0.1219999981 -0.02649441444
v -0.01491013527 0.1219999981 -0.03055630404
v -0.007771100402 0.1219999981 -0.03310000144
v -0.009748747945 0.1218627453 -0.03310000144
v -0.01137497306 0.1210000038 -0.03310000144
v -0.01848542809 0.1210000038 -0.02972017964
v -0.02466057062 0.1210000038 -0.02483659464
v -0.02958795071 0.1210000038 -0.01869634354
v -0.03301826 0.1210000038 -0.01161010464
v -0.03477793217 0.1210000038 -0.003936421444
v -0.03477793217 0.1210000038 0.003936427056
v -0.03301826 0.1210000038 0.01161011016
v -0.02958795071 0.1210000038 0.01869634906
v -0.02466057062 0.1210000038 0.02483660026
v -0.01848542809 0.1210000038 0.02972017566
v -0.01137497306 0.1210000038 0.03309999746
v -0.009748747945 0.1218627453 0.03309999746
v -0.02562120199 0.1219999981 0.01407369896
v -0.02637422323 0.1219999981 0.01251003546
v -0.02806624413 0.1219999981 0.01212385456
v -0.0294231391 0.1219999981 0.01320593156
v -0.0294231391 0.1219999981 0.01494146626
v -0.02806624413 0.1219999981 0.01602356236
v -0.02637422323 0.1219999981 0.01563736236
v -0.02562120199 0.1189999962 0.01407369896
v -0.02637422323 0.1189999962 0.01563736236
v -0.02806624413 0.1189999962 0.01602356236
v -0.0294231391 0.1189999962 0.01494146626
v -0.0294231391 0.1189999962 0.01320593156
v -0.02806624413 0.1189999962 0.01212385456
v -0.02637422323 0.1189999962 0.01251003546
v -0.0294231391 0.1219999981 0.01494146626
v -0.0294231391 0.1189999962 0.01494146626
v 0.01137497306 0.1060000038 0.03309999746
v 0.01848542809 0.1060000038 0.02972017566
v 0.02466057062 0.1060000038 0.02483660026
v 0.02958795071 0.1060000038 0.01869634906
v 0.03301826 0.1060000038 0.01161011016
v 0.03477793217 0.1060000038 0.003936427056
v 0.03477793217 0.1060000038 -0.003936421444
v 0.03301826 0.1060000038 -0.01161010464
v 0.02958795071 0.1060000038 -0.01869634354
v 0.02466057062 0.1060000038 -0.02483659464
v 0.01848542809 0.1060000038 -0.02972017964
v 0.01137497306 0.1060000038 -0.03310000144
v 0.01137497306 0.1210000038 -0.03310000144
v 0.01848542809 0.1210000038 -0.02972017964
v 0.02466057062 0.1210000038 -0.02483659464
v 0.02958795071 0.1210000038 -0.01869634354
v 0.03301826 0.1210000038 -0.01161010464
v 0.03477793217 0.1210000038 -0.003936421444
v 0.03477793217 0.1210000038 0.003936427056
v 0.03301826 0.1210000038 0.01161011016
v 0.02958795071 0.1210000038 0.01869634906
v 0.02466057062 0.1210000038 0.02483660026
v 0.01848542809 0.1210000038 0.02972017566
v 0.01137497306 0.1210000038 0.03309999746
v 0.007699999809 0.1147000027 0.03309999746
v 0.007599999905 0.1147000027 0.03307319916
v 0.007526794672 0.1147000027 0.03299999516
v 0.0075 0.1147000027 0.03289999286
v 0.0075 0.1060000038 0.03289999286
v 0.007526794672 0.1060000038 0.03299999516
v 0.007599999905 0.1060000038 0.03307319916
v 0.007699999809 0.1060000038 0.03309999746
v -0.007699999809 0.1147000027 -0.03310000144
v -0.007599999905 0.1147000027 -0.03307320314
v -0.007526794672 0.1147000027 -0.03299999914
v -0.0075 0.1147000027 -0.03289999684
v -0.0075 0.1060000038 -0.03289999684
v -0.007526794672 0.1060000038 -0.03299999914
v -0.007599999905 0.1060000038 -0.03307320314
v -0.007699999809 0.1060000038 -0.03310000144
v 0.02962120295 0.1219999981 0.01407369896
v 0.02886818171 0.1219999981 0.01251003546
v 0.02717616081 0.1219999981 0.01212385456
v 0.02581926346 0.1219999981 0.01320593156
v 0.02581926346 0.1219999981 0.01494146626
v 0.02717616081 0.1219999981 0.01602356236
v 0.02886818171 0.1219999981 0.01563736236
v 0.02962120295 0.1189999962 0.01407369896
v 0.02886818171 0.1189999962 0.01563736236
v 0.02717616081 0.1189999962 0.01602356236
v 0.02581926346 0.1189999962 0.01494146626
v 0.02581926346 0.1189999962 0.01320593156
v 0.02717616081 0.1189999962 0.01212385456
v 0.02886818171 0.1189999962 0.01251003546
v 0.02581926346 0.1219999981 0.01494146626
v 0.02581926346 0.1189999962 0.01494146626
v -0.02882120132 0.1169999981 -0.01407370294
v -0.02799202204 0.1169999981 -0.01521497444
v -0.02665038109 0.1169999981 -0.01477904994
v -0.02665038109 0.1169999981 -0.01336836534
v -0.02799202204 0.1169999981 -0.01293244084
v -0.02882120132 0.1189999962 -0.01407370294
v -0.02799202204 0.1189999962 -0.01293244084
v -0.02665038109 0.1189999962 -0.01336836534
v -0.02665038109 0.1189999962 -0.01477904994
v -0.02799202204 0.1189999962 -0.01521497444
v -0.02882120132 0.1189999962 -0.01407370294
v -0.02882120132 0.1169999981 -0.01407370294
v -0.01137497306 0.1210000038 0.03309999746
v -0.01848542809 0.1210000038 0.02972017566
v -0.02466057062 0.1210000038 0.02483660026
v -0.02958795071 0.1210000038 0.01869634906
v -0.03301826 0.1210000038 0.01161011016
v -0.03477793217 0.1210000038 0.003936427056
v -0.03477793217 0.1210000038 -0.003936421444
v -0.03301826 0.1210000038 -0.01161010464
v -0.02958795071 0.1210000038 -0.01869634354
v -0.02466057062 0.1210000038 -0.02483659464
v -0.01848542809 0.1210000038 -0.02972017964
v -0.01137497306 0.1210000038 -0.03310000144
v -0.01137497306 0.1060000038 -0.03310000144
v -0.01848542809 0.1060000038 -0.02972017964
v -0.02466057062 0.1060000038 -0.02483659464
v -0.02958795071 0.1060000038 -0.01869634354
v -0.03301826 0.1060000038 -0.01161010464
v -0.03477793217 0.1060000038 -0.003936421444
v -0.03477793217 0.1060000038 0.003936427056
v -0.03301826 0.1060000038 0.01161011016
v -0.02958795071 0.1060000038 0.01869634906
v -0.02466057062 0.1060000038 0.02483660026
v -0.01848542809 0.1060000038 0.02972017566
v -0.01137497306 0.1060000038 0.03309999746
v 0.007699999809 0.1060000038 -0.03310000144
v 0.01137497306 0.1060000038 -0.03310000144
v 0.01848542809 0.1060000038 -0.02972017964
v 0.02466057062 0.1060000038 -0.02483659464
v 0.02958795071 0.1060000038 -0.01869634354
v 0.03301826 0.1060000038 -0.01161010464
v 0.03477793217 0.1060000038 -0.003936421444
v 0.03477793217 0.1060000038 0.003936427056
v 0.03301826 0.1060000038 0.01161011016
v 0.02958795071 0.1060000038 0.01869634906
v 0.02466057062 0.1060000038 0.02483660026
v 0.01848542809 0.1060000038 0.02972017566
v 0.01137497306 0.1060000038 0.03309999746
v 0.007699999809 0.1060000038 0.03309999746
v 0.007599999905 0.1060000038 0.03307319916
v 0.007526794672 0.1060000038 0.03299999516
v 0.0075 0.1060000038 0.03289999286
v 0.0075 0.1060000038 0.03255169196
v 0.007519578934 0.1060000038 0.03246538436
v 0.00757448256 0.1060000038 0.03239597596
v 0.007653961182 0.1060000038 0.03235706606
v 0.0152255559 0.1060000038 0.02955917636
v 0.02189981937 0.1060000038 0.02501919066
v 0.02728340149 0.1060000038 0.01900469106
v 0.0310590148 0.1060000038 0.01187013906
v 0.03300413847 0.1060000038 0.004036009656
v 0.03300413847 0.1060000038 -0.004036004144
v 0.0310590148 0.1060000038 -0.01187013344
v 0.02728340149 0.1060000038 -0.01900469504
v 0.02189981937 0.1060000038 -0.02501920424
v 0.0152255559 0.1060000038 -0.02955918034
v 0.007653961182 0.1060000038 -0.03235706054
v 0.00757448256 0.1060000038 -0.03239597994
v 0.007519578934 0.1060000038 -0.03246538834
v 0.0075 0.1060000038 -0.03255168634
v 0.0075 0.1060000038 -0.03289999684
v 0.007526794672 0.1060000038 -0.03299999914
v 0.007599999905 0.1060000038 -0.03307320314
v -0.0075 0.1060000038 -0.03255168634
v -0.0075 0.1060000038 -0.03289999684
v -0.0075 0.1147000027 -0.03289999684
v -0.0075 0.1147000027 -0.03255168634
v 0.02642120123 0.1169999981 -0.01407370294
v 0.0272503829 0.1169999981 -0.01521497444
v 0.02859202147 0.1169999981 -0.01477904994
v 0.02859202147 0.1169999981 -0.01336836534
v 0.0272503829 0.1169999981 -0.01293244084
v 0.02642120123 0.1189999962 -0.01407370294
v 0.0272503829 0.1189999962 -0.01293244084
v 0.02859202147 0.1189999962 -0.01336836534
v 0.02859202147 0.1189999962 -0.01477904994
v 0.0272503829 0.1189999962 -0.01521497444
v 0.02642120123 0.1189999962 -0.01407370294
v 0.02642120123 0.1169999981 -0.01407370294
v -0.03198673964 0.1169999981 0.009078047656
v -0.03121010542 0.1169999981 0.01039217276
v -0.02988736153 0.1169999981 0.01115400596
v -0.02836096048 0.1169999981 0.01116634646
v -0.02638369083 0.1169999981 0.01134083076
v -0.02494818211 0.1169999981 0.01271173756
v -0.02468287468 0.1169999981 0.01467888156
v -0.02570391417 0.1169999981 0.01638109486
v -0.02659113169 0.1169999981 0.01762321746
v -0.0267522788 0.1169999981 0.01914114276
v -0.02614563227 0.1169999981 0.02054186146
v -0.02858458519 0.1169999981 0.01698480886
v -0.03054260254 0.1169999981 0.01314199726
v -0.02882120132 0.1169999981 0.01407369896
v -0.02799202204 0.1169999981 0.01521498006
v -0.02665038109 0.1169999981 0.01477905556
v -0.02665038109 0.1169999981 0.01336836136
v -0.02799202204 0.1169999981 0.01293243686
v 0.01202341437 0.1147000027 -0.03100000104
v -0.01202341437 0.1147000027 -0.03100000104
v -0.0105882144 0.1147000027 -0.03151907644
v -0.009130706191 0.1147000027 -0.03197174744
v -0.007653961182 0.1147000027 -0.03235706054
v -0.00757448256 0.1147000027 -0.03239597994
v -0.007519578934 0.1147000027 -0.03246538834
v -0.0075 0.1147000027 -0.03255168634
v -0.0075 0.1147000027 -0.03289999684
v -0.007526794672 0.1147000027 -0.03299999914
v -0.007599999905 0.1147000027 -0.03307320314
v -0.007699999809 0.1147000027 -0.03310000144
v 0.007699999809 0.1147000027 -0.03310000144
v 0.007599999905 0.1147000027 -0.03307320314
v 0.007526794672 0.1147000027 -0.03299999914
v 0.0075 0.1147000027 -0.03289999684
v 0.0075 0.1147000027 -0.03255168634
v 0.007519578934 0.1147000027 -0.03246538834
v 0.00757448256 0.1147000027 -0.03239597994
v 0.007653961182 0.1147000027 -0.03235706054
v 0.009130706191 0.1147000027 -0.03197174744
v 0.0105882144 0.1147000027 -0.03151907644
v -0.007653961182 0.1060000038 -0.03235706054
v -0.0152255559 0.1060000038 -0.02955918034
v -0.02189981937 0.1060000038 -0.02501920424
v -0.02728340149 0.1060000038 -0.01900469504
v -0.0310590148 0.1060000038 -0.01187013344
v -0.03300413847 0.1060000038 -0.004036004144
v -0.03300413847 0.1060000038 0.004036009656
v -0.0310590148 0.1060000038 0.01187013906
v -0.02728340149 0.1060000038 0.01900469106
v -0.02189981937 0.1060000038 0.02501919066
v -0.0152255559 0.1060000038 0.02955917636
v -0.007653961182 0.1060000038 0.03235706606
v -0.00757448256 0.1060000038 0.03239597596
v -0.007519578934 0.1060000038 0.03246538436
v -0.0075 0.1060000038 0.03255169196
v -0.0075 0.1060000038 0.03289999286
v -0.007526794672 0.1060000038 0.03299999516
v -0.007599999905 0.1060000038 0.03307319916
v -0.007699999809 0.1060000038 0.03309999746
v -0.01137497306 0.1060000038 0.03309999746
v -0.01848542809 0.1060000038 0.02972017566
v -0.02466057062 0.1060000038 0.02483660026
v -0.02958795071 0.1060000038 0.01869634906
v -0.03301826 0.1060000038 0.01161011016
v -0.03477793217 0.1060000038 0.003936427056
v -0.03477793217 0.1060000038 -0.003936421444
v -0.03301826 0.1060000038 -0.01161010464
v -0.02958795071 0.1060000038 -0.01869634354
v -0.02466057062 0.1060000038 -0.02483659464
v -0.01848542809 0.1060000038 -0.02972017964
v -0.01137497306 0.1060000038 -0.03310000144
v -0.007699999809 0.1060000038 -0.03310000144
v -0.007599999905 0.1060000038 -0.03307320314
v -0.007526794672 0.1060000038 -0.03299999914
v -0.0075 0.1060000038 -0.03289999684
v -0.0075 0.1060000038 -0.03255168634
v -0.007519578934 0.1060000038 -0.03246538834
v -0.00757448256 0.1060000038 -0.03239597994
v -0.0075 0.1147000027 -0.03255168634
v -0.007519578934 0.1147000027 -0.03246538834
v -0.00757448256 0.1147000027 -0.03239597994
v -0.007653961182 0.1147000027 -0.03235706054
v -0.007653961182 0.1060000038 -0.03235706054
v -0.00757448256 0.1060000038 -0.03239597994
v -0.007519578934 0.1060000038 -0.03246538834
v -0.0075 0.1060000038 -0.03255168634
v -0.02882120132 0.1169999981 0.01407369896
v -0.02799202204 0.1169999981 0.01293243686
v -0.02665038109 0.1169999981 0.01336836136
v -0.02665038109 0.1169999981 0.01477905556
v -0.02799202204 0.1169999981 0.01521498006
v -0.02882120132 0.1189999962 0.01407369896
v -0.02799202204 0.1189999962 0.01521498006
v -0.02665038109 0.1189999962 0.01477905556
v -0.02665038109 0.1189999962 0.01336836136
v -0.02799202204 0.1189999962 0.01293243686
v -0.02882120132 0.1189999962 0.01407369896
v -0.02882120132 0.1169999981 0.01407369896
v 0.02642120123 0.1169999981 0.01407369896
v 0.0272503829 0.1169999981 0.01293243686
v 0.02859202147 0.1169999981 0.01336836136
v 0.02859202147 0.1169999981 0.01477905556
v 0.0272503829 0.1169999981 0.01521498006
v 0.02642120123 0.1189999962 0.01407369896
v 0.0272503829 0.1189999962 0.01521498006
v 0.02859202147 0.1189999962 0.01477905556
v 0.02859202147 0.1189999962 0.01336836136
v 0.0272503829 0.1189999962 0.01293243686
v 0.02642120123 0.1189999962 0.01407369896
v 0.02642120123 0.1169999981 0.01407369896
v 0.02836096048 0.1169999981 0.01116634646
v 0.02988736153 0.1169999981 0.01115400596
v 0.03121010542 0.1169999981 0.01039217276
v 0.03198673964 0.1169999981 0.009078047656
v 0.03054260254 0.1169999981 0.01314199726
v 0.02858458519 0.1169999981 0.01698480886
v 0.02614563227 0.1169999981 0.02054186146
v 0.0267522788 0.1169999981 0.01914114276
v 0.02659113169 0.1169999981 0.01762321746
v 0.02570391417 0.1169999981 0.01638109486
v 0.02468287468 0.1169999981 0.01467888156
v 0.02494818211 0.1169999981 0.01271173756
v 0.02638369083 0.1169999981 0.01134083076
v 0.02642120123 0.1169999981 0.01407369896
v 0.0272503829 0.1169999981 0.01521498006
v 0.02859202147 0.1169999981 0.01477905556
v 0.02859202147 0.1169999981 0.01336836136
v 0.0272503829 0.1169999981 0.01293243686
v 0.0075 0.1060000038 -0.03289999684
v 0.0075 0.1147000027 -0.03289999684
v 0.007526794672 0.1147000027 -0.03299999914
v 0.007599999905 0.1147000027 -0.03307320314
v 0.007699999809 0.1147000027 -0.03310000144
v 0.007699999809 0.1060000038 -0.03310000144
v 0.007599999905 0.1060000038 -0.03307320314
v 0.007526794672 0.1060000038 -0.03299999914
v 0.007653961182 0.1060000038 -0.03235706054
v 0.007653961182 0.1147000027 -0.03235706054
v 0.00757448256 0.1147000027 -0.03239597994
v 0.007519578934 0.1147000027 -0.03246538834
v 0.0075 0.1147000027 -0.03255168634
v 0.0075 0.1060000038 -0.03255168634
v 0.007519578934 0.1060000038 -0.03246538834
v 0.00757448256 0.1060000038 -0.03239597994
v -0.03198673964 0.1189999962 -0.009078061144
v -0.03310883999 0.1189999962 -0.003060586044
v -0.03310883999 0.1189999962 0.003060591656
v -0.03198673964 0.1189999962 0.009078047656
v -0.03198673964 0.1169999981 0.009078047656
v -0.03054260254 0.1169999981 0.01314199726
v -0.02858458519 0.1169999981 0.01698480886
v -0.02614563227 0.1169999981 0.02054186146
v -0.02614563227 0.1189999962 0.02054186146
v -0.02208819866 0.1189999962 0.02485304156
v -0.01733051658 0.1189999962 0.02837631506
v -0.01202341437 0.1189999962 0.03100000656
v -0.01202341437 0.1147000027 0.03100000656
v -0.0105882144 0.1147000027 0.03151907246
v -0.009130706191 0.1147000027 0.03197174346
v -0.007653961182 0.1147000027 0.03235706606
v -0.007653961182 0.1060000038 0.03235706606
v -0.0152255559 0.1060000038 0.02955917636
v -0.02189981937 0.1060000038 0.02501919066
v -0.02728340149 0.1060000038 0.01900469106
v -0.0310590148 0.1060000038 0.01187013906
v -0.03300413847 0.1060000038 0.004036009656
v -0.03300413847 0.1060000038 -0.004036004144
v -0.0310590148 0.1060000038 -0.01187013344
v -0.02728340149 0.1060000038 -0.01900469504
v -0.02189981937 0.1060000038 -0.02501920424
v -0.0152255559 0.1060000038 -0.02955918034
v -0.007653961182 0.1060000038 -0.03235706054
v -0.007653961182 0.1147000027 -0.03235706054
v -0.009130706191 0.1147000027 -0.03197174744
v -0.0105882144 0.1147000027 -0.03151907644
v -0.01202341437 0.1147000027 -0.03100000104
v -0.01202341437 0.1189999962 -0.03100000104
v -0.01733051658 0.1189999962 -0.02837631904
v -0.02208819866 0.1189999962 -0.02485304554
v -0.02614563227 0.1189999962 -0.02054187494
v -0.02614563227 0.1169999981 -0.02054187494
v -0.02858458519 0.1169999981 -0.01698481284
v -0.03054260254 0.1169999981 -0.01314199174
v -0.03198673964 0.1169999981 -0.009078061144
v -0.02614563227 0.1169999981 -0.02054187494
v -0.0267522788 0.1169999981 -0.01914114674
v -0.02659113169 0.1169999981 -0.01762322144
v -0.02570391417 0.1169999981 -0.01638108934
v -0.02468287468 0.1169999981 -0.01467887604
v -0.02494818211 0.1169999981 -0.01271173204
v -0.02638369083 0.1169999981 -0.01134083474
v -0.02836096048 0.1169999981 -0.01116634094
v -0.02988736153 0.1169999981 -0.01115400994
v -0.03121010542 0.1169999981 -0.01039216714
v -0.03198673964 0.1169999981 -0.009078061144
v -0.03054260254 0.1169999981 -0.01314199174
v -0.02858458519 0.1169999981 -0.01698481284
v -0.02882120132 0.1169999981 -0.01407370294
v -0.02799202204 0.1169999981 -0.01293244084
v -0.02665038109 0.1169999981 -0.01336836534
v -0.02665038109 0.1169999981 -0.01477904994
v -0.02799202204 0.1169999981 -0.01521497444
v 0.0075 0.1060000038 -0.03289999684
v 0.0075 0.1060000038 -0.03255168634
v 0.0075 0.1147000027 -0.03255168634
v 0.0075 0.1147000027 -0.03289999684
v -0.0075 0.1060000038 0.03289999286
v -0.0075 0.1147000027 0.03289999286
v -0.007526794672 0.1147000027 0.03299999516
v -0.007599999905 0.1147000027 0.03307319916
v -0.007699999809 0.1147000027 0.03309999746
v -0.007699999809 0.1060000038 0.03309999746
v -0.007599999905 0.1060000038 0.03307319916
v -0.007526794672 0.1060000038 0.03299999516
v -0.007699999809 0.1147000027 0.03309999746
v -0.007599999905 0.1147000027 0.03307319916
v -0.007526794672 0.1147000027 0.03299999516
v -0.0075 0.1147000027 0.03289999286
v -0.0075 0.1147000027 0.03255169196
v -0.007519578934 0.1147000027 0.03246538436
v -0.00757448256 0.1147000027 0.03239597596
v -0.007653961182 0.1147000027 0.03235706606
v -0.009130706191 0.1147000027 0.03197174346
v -0.0105882144 0.1147000027 0.03151907246
v -0.01202341437 0.1147000027 0.03100000656
v 0.01202341437 0.1147000027 0.03100000656
v 0.0105882144 0.1147000027 0.03151907246
v 0.009130706191 0.1147000027 0.03197174346
v 0.007653961182 0.1147000027 0.03235706606
v 0.00757448256 0.1147000027 0.03239597596
v 0.007519578934 0.1147000027 0.03246538436
v 0.0075 0.1147000027 0.03255169196
v 0.0075 0.1147000027 0.03289999286
v 0.007526794672 0.1147000027 0.03299999516
v 0.007599999905 0.1147000027 0.03307319916
v 0.007699999809 0.1147000027 0.03309999746
v 0.01202341437 0.1189999962 -0.03100000104
v 0.01202341437 0.1147000027 -0.03100000104
v 0.0105882144 0.1147000027 -0.03151907644
v 0.009130706191 0.1147000027 -0.03197174744
v 0.007653961182 0.1147000027 -0.03235706054
v 0.007653961182 0.1060000038 -0.03235706054
v 0.0152255559 0.1060000038 -0.02955918034
v 0.02189981937 0.1060000038 -0.02501920424
v 0.02728340149 0.1060000038 -0.01900469504
v 0.0310590148 0.1060000038 -0.01187013344
v 0.03300413847 0.1060000038 -0.004036004144
v 0.03300413847 0.1060000038 0.004036009656
v 0.0310590148 0.1060000038 0.01187013906
v 0.02728340149 0.1060000038 0.01900469106
v 0.02189981937 0.1060000038 0.02501919066
v 0.0152255559 0.1060000038 0.02955917636
v 0.007653961182 0.1060000038 0.03235706606
v 0.007653961182 0.1147000027 0.03235706606
v 0.009130706191 0.1147000027 0.03197174346
v 0.0105882144 0.1147000027 0.03151907246
v 0.01202341437 0.1147000027 0.03100000656
v 0.01202341437 0.1189999962 0.03100000656
v 0.01733051658 0.1189999962 0.02837631506
v 0.02208819866 0.1189999962 0.02485304156
v 0.02614563227 0.1189999962 0.02054186146
v 0.02614563227 0.1169999981 0.02054186146
v 0.02858458519 0.1169999981 0.01698480886
v 0.03054260254 0.1169999981 0.01314199726
v 0.03198673964 0.1169999981 0.009078047656
v 0.03198673964 0.1189999962 0.009078047656
v 0.03310883999 0.1189999962 0.003060591656
v 0.03310883999 0.1189999962 -0.003060586044
v 0.03198673964 0.1189999962 -0.009078061144
v 0.03198673964 0.1169999981 -0.009078061144
v 0.03054260254 0.1169999981 -0.01314199174
v 0.02858458519 0.1169999981 -0.01698481284
v 0.02614563227 0.1169999981 -0.02054187494
v 0.02614563227 0.1189999962 -0.02054187494
v 0.02208819866 0.1189999962 -0.02485304554
v 0.01733051658 0.1189999962 -0.02837631904
v 0.03198673964 0.1169999981 -0.009078061144
v 0.03121010542 0.1169999981 -0.01039216714
v 0.02988736153 0.1169999981 -0.01115400994
v 0.02836096048 0.1169999981 -0.01116634094
v 0.02638369083 0.1169999981 -0.01134083474
v 0.02494818211 0.1169999981 -0.01271173204
v 0.02468287468 0.1169999981 -0.01467887604
v 0.02570391417 0.1169999981 -0.01638108934
v 0.02659113169 0.1169999981 -0.01762322144
v 0.0267522788 0.1169999981 -0.01914114674
v 0.02614563227 0.1169999981 -0.02054187494
v 0.02858458519 0.1169999981 -0.01698481284
v 0.03054260254 0.1169999981 -0.01314199174
v 0.02642120123 0.1169999981 -0.01407370294
v 0.0272503829 0.1169999981 -0.01293244084
v 0.02859202147 0.1169999981 -0.01336836534
v 0.02859202147 0.1169999981 -0.01477904994
v 0.0272503829 0.1169999981 -0.01521497444
v -0.01202341437 0.1189999962 -0.03100000104
v -0.01202341437 0.1147000027 -0.03100000104
v 0.01202341437 0.1147000027 -0.03100000104
v 0.01202341437 0.1189999962 -0.03100000104
v -0.0075 0.1147000027 0.03255169196
v -0.0075 0.1147000027 0.03289999286
v -0.0075 0.1060000038 0.03289999286
v -0.0075 0.1060000038 0.03255169196
v 0.0075 0.1060000038 0.03255169196
v 0.0075 0.1060000038 0.03289999286
v 0.0075 0.1147000027 0.03289999286
v 0.0075 0.1147000027 0.03255169196
v -0.01183480024 0.12 0.03000000276
v -0.01202341437 0.1189999962 0.03100000656
v -0.01733051658 0.1189999962 0.02837631506
v -0.02208819866 0.1189999962 0.02485304156
v -0.02614563227 0.1189999962 0.02054186146
v -0.02604028225 0.1194999981 0.02045910156
v -0.02575246334 0.1198660278 0.02023296636
v -0.0253592968 0.12 0.01992407126
v -0.02147013426 0.12 0.02406441016
v -0.01691486001 0.12 0.02745815556
v 0.0075 0.1147000027 0.03255169196
v 0.007519578934 0.1147000027 0.03246538436
v 0.00757448256 0.1147000027 0.03239597596
v 0.007653961182 0.1147000027 0.03235706606
v 0.007653961182 0.1060000038 0.03235706606
v 0.00757448256 0.1060000038 0.03239597596
v 0.007519578934 0.1060000038 0.03246538436
v 0.0075 0.1060000038 0.03255169196
v -0.007653961182 0.1060000038 0.03235706606
v -0.007653961182 0.1147000027 0.03235706606
v -0.00757448256 0.1147000027 0.03239597596
v -0.007519578934 0.1147000027 0.03246538436
v -0.0075 0.1147000027 0.03255169196
v -0.0075 0.1060000038 0.03255169196
v -0.007519578934 0.1060000038 0.03246538436
v -0.00757448256 0.1060000038 0.03239597596
v 0.01183480024 0.12 -0.02999999724
v 0.01691486001 0.12 -0.02745815004
v 0.02147013426 0.12 -0.02406441414
v 0.0253592968 0.12 -0.01992406564
v 0.02576372862 0.12 -0.01899025644
v 0.02565629721 0.12 -0.01797830304
v 0.02506481886 0.12 -0.01715021814
v 0.02370343208 0.12 -0.01488059724
v 0.02405717611 0.12 -0.01225774484
v 0.02597118616 0.12 -0.01042988504
v 0.0286075449 0.12 -0.01019721704
v 0.02962514639 0.12 -0.01018899644
v 0.03050697565 0.12 -0.009681107644
v 0.03102473259 0.12 -0.008805024244
v 0.03211308479 0.12 -0.002968537444
v 0.03211308479 0.12 0.002968542956
v 0.03102473259 0.12 0.008805029756
v 0.03050697565 0.12 0.009681113156
v 0.02962514639 0.12 0.01018900196
v 0.0286075449 0.12 0.01019722266
v 0.02597118616 0.12 0.01042988106
v 0.02405717611 0.12 0.01225775046
v 0.02370343208 0.12 0.01488060276
v 0.02506481886 0.12 0.01715021416
v 0.02565629721 0.12 0.01797830856
v 0.02576372862 0.12 0.01899025246
v 0.0253592968 0.12 0.01992407126
v 0.02147013426 0.12 0.02406441016
v 0.01691486001 0.12 0.02745815556
v 0.01183480024 0.12 0.03000000276
v -0.01183480024 0.12 0.03000000276
v -0.01691486001 0.12 0.02745815556
v -0.02147013426 0.12 0.02406441016
v -0.0253592968 0.12 0.01992407126
v -0.02576372862 0.12 0.01899025246
v -0.02565629721 0.12 0.01797830856
v -0.02506481886 0.12 0.01715021416
v -0.02370343208 0.12 0.01488060276
v -0.02405717611 0.12 0.01225775046
v -0.02597118616 0.12 0.01042988106
v -0.0286075449 0.12 0.01019722266
v -0.02962514639 0.12 0.01018900196
v -0.03050697565 0.12 0.009681113156
v -0.03102473259 0.12 0.008805029756
v -0.03211308479 0.12 0.002968542956
v -0.03211308479 0.12 -0.002968537444
v -0.03102473259 0.12 -0.008805024244
v -0.03050697565 0.12 -0.009681107644
v -0.02962514639 0.12 -0.01018899644
v -0.0286075449 0.12 -0.01019721704
v -0.02597118616 0.12 -0.01042988504
v -0.02405717611 0.12 -0.01225774484
v -0.02370343208 0.12 -0.01488059724
v -0.02506481886 0.12 -0.01715021814
v -0.02565629721 0.12 -0.01797830304
v -0.02576372862 0.12 -0.01899025644
v -0.0253592968 0.12 -0.01992406564
v -0.02147013426 0.12 -0.02406441414
v -0.01691486001 0.12 -0.02745815004
v -0.01183480024 0.12 -0.02999999724
v -0.02836096048 0.1189999962 0.01116634646
v -0.02836096048 0.1169999981 0.01116634646
v -0.02988736153 0.1169999981 0.01115400596
v -0.03121010542 0.1169999981 0.01039217276
v -0.03198673964 0.1169999981 0.009078047656
v -0.03198673964 0.1189999962 0.009078047656
v -0.03121010542 0.1189999962 0.01039217276
v -0.02988736153 0.1189999962 0.01115400596
v 0.02570391417 0.1189999962 0.01638109486
v 0.02570391417 0.1169999981 0.01638109486
v 0.02659113169 0.1169999981 0.01762321746
v 0.0267522788 0.1169999981 0.01914114276
v 0.02614563227 0.1169999981 0.02054186146
v 0.02614563227 0.1189999962 0.02054186146
v 0.0267522788 0.1189999962 0.01914114276
v 0.02659113169 0.1189999962 0.01762321746
v -0.01183480024 0.12 -0.02999999724
v -0.01183565259 0.1199999905 -0.03000448904
v -0.01196828604 0.119708128 -0.03070608814
v -0.01202341437 0.1189999962 -0.03100000104
v 0.01202341437 0.1189999962 -0.03100000104
v 0.01183480024 0.12 -0.02999999724
v 0.03198673964 0.1189999962 0.009078047656
v 0.03198673964 0.1169999981 0.009078047656
v 0.03121010542 0.1169999981 0.01039217276
v 0.02988736153 0.1169999981 0.01115400596
v 0.02836096048 0.1169999981 0.01116634646
v 0.02836096048 0.1189999962 0.01116634646
v 0.02988736153 0.1189999962 0.01115400596
v 0.03121010542 0.1189999962 0.01039217276
v -0.02570391417 0.1189999962 0.01638109486
v -0.02570391417 0.1169999981 0.01638109486
v -0.02468287468 0.1169999981 0.01467888156
v -0.02494818211 0.1169999981 0.01271173756
v -0.02638369083 0.1169999981 0.01134083076
v -0.02836096048 0.1169999981 0.01116634646
v -0.02836096048 0.1189999962 0.01116634646
v -0.02638369083 0.1189999962 0.01134083076
v -0.02494818211 0.1189999962 0.01271173756
v -0.02468287468 0.1189999962 0.01467888156
v 0.02570391417 0.1189999962 0.01638109486
v 0.02468287468 0.1189999962 0.01467888156
v 0.02494818211 0.1189999962 0.01271173756
v 0.02638369083 0.1189999962 0.01134083076
v 0.02836096048 0.1189999962 0.01116634646
v 0.02836096048 0.1169999981 0.01116634646
v 0.02638369083 0.1169999981 0.01134083076
v 0.02494818211 0.1169999981 0.01271173756
v 0.02468287468 0.1169999981 0.01467888156
v 0.02570391417 0.1169999981 0.01638109486
v 0.01183480024 0.12 -0.02999999724
v 0.01202341437 0.1189999962 -0.03100000104
v 0.01733051658 0.1189999962 -0.02837631904
v 0.02208819866 0.1189999962 -0.02485304554
v 0.02614563227 0.1189999962 -0.02054187494
v 0.02604028225 0.1194999981 -0.02045909604
v 0.02575246334 0.1198660278 -0.02023297034
v 0.0253592968 0.12 -0.01992406564
v 0.02147013426 0.12 -0.02406441414
v 0.01691486001 0.12 -0.02745815004
v -0.03102473259 0.12 0.008805029756
v -0.03150573492 0.1198660278 0.008941538756
v -0.03185785532 0.1194999981 0.009041464756
v -0.03198673964 0.1189999962 0.009078047656
v -0.03310883999 0.1189999962 0.003060591656
v -0.03310883999 0.1189999962 -0.003060586044
v -0.03198673964 0.1189999962 -0.009078061144
v -0.03185785532 0.1194999981 -0.009041478244
v -0.03150573492 0.1198660278 -0.008941533144
v -0.03102473259 0.12 -0.008805024244
v -0.03211308479 0.12 -0.002968537444
v -0.03211308479 0.12 0.002968542956
v -0.02570391417 0.1189999962 -0.01638108934
v -0.02570391417 0.1169999981 -0.01638108934
v -0.02659113169 0.1169999981 -0.01762322144
v -0.0267522788 0.1169999981 -0.01914114674
v -0.02614563227 0.1169999981 -0.02054187494
v -0.02614563227 0.1189999962 -0.02054187494
v -0.0267522788 0.1189999962 -0.01914114674
v -0.02659113169 0.1189999962 -0.01762322144
v 0.02836096048 0.1189999962 -0.01116634094
v 0.02836096048 0.1169999981 -0.01116634094
v 0.02988736153 0.1169999981 -0.01115400994
v 0.03121010542 0.1169999981 -0.01039216714
v 0.03198673964 0.1169999981 -0.009078061144
v 0.03198673964 0.1189999962 -0.009078061144
v 0.03121010542 0.1189999962 -0.01039216714
v 0.02988736153 0.1189999962 -0.01115400994
v -0.02614563227 0.1189999962 0.02054186146
v -0.02614563227 0.1169999981 0.02054186146
v -0.0267522788 0.1169999981 0.01914114276
v -0.02659113169 0.1169999981 0.01762321746
v -0.02570391417 0.1169999981 0.01638109486
v -0.02570391417 0.1189999962 0.01638109486
v -0.02659113169 0.1189999962 0.01762321746
v -0.0267522788 0.1189999962 0.01914114276
v -0.02506481886 0.12 0.01715021416
v -0.02538436651 0.1198660278 0.01676565446
v -0.02561829329 0.1194999981 0.01648412986
v -0.02570391417 0.1189999962 0.01638109486
v -0.02468287468 0.1189999962 0.01467888156
v -0.02494818211 0.1189999962 0.01271173756
v -0.02638369083 0.1189999962 0.01134083076
v -0.02836096048 0.1189999962 0.01116634646
v -0.02839399576 0.1194999981 0.01103651326
v -0.02848425388 0.1198660278 0.01068178456
v -0.0286075449 0.12 0.01019722266
v -0.02597118616 0.12 0.01042988106
v -0.02405717611 0.12 0.01225775046
v -0.02370343208 0.12 0.01488060276
v -0.01202341437 0.1189999962 -0.03100000104
v -0.01196828604 0.119708128 -0.03070608814
v -0.01183565259 0.1199999905 -0.03000448904
v -0.01183480024 0.12 -0.02999999724
v -0.01691486001 0.12 -0.02745815004
v -0.02147013426 0.12 -0.02406441414
v -0.0253592968 0.12 -0.01992406564
v -0.02575246334 0.1198660278 -0.02023297034
v -0.02604028225 0.1194999981 -0.02045909604
v -0.02614563227 0.1189999962 -0.02054187494
v -0.02208819866 0.1189999962 -0.02485304554
v -0.01733051658 0.1189999962 -0.02837631904
v 0.0253592968 0.12 -0.01992406564
v 0.02575246334 0.1198660278 -0.02023297034
v 0.02604028225 0.1194999981 -0.02045909604
v 0.02614563227 0.1189999962 -0.02054187494
v 0.0267522788 0.1189999962 -0.01914114674
v 0.02659113169 0.1189999962 -0.01762322144
v 0.02570391417 0.1189999962 -0.01638108934
v 0.02561829329 0.1194999981 -0.01648413384
v 0.02538436651 0.1198660278 -0.01676564894
v 0.02506481886 0.12 -0.01715021814
v 0.02565629721 0.12 -0.01797830304
v 0.02576372862 0.12 -0.01899025644
v -0.03198673964 0.1189999962 -0.009078061144
v -0.03198673964 0.1169999981 -0.009078061144
v -0.03121010542 0.1169999981 -0.01039216714
v -0.02988736153 0.1169999981 -0.01115400994
v -0.02836096048 0.1169999981 -0.01116634094
v -0.02836096048 0.1189999962 -0.01116634094
v -0.02988736153 0.1189999962 -0.01115400994
v -0.03121010542 0.1189999962 -0.01039216714
v -0.0286075449 0.12 0.01019722266
v -0.02848425388 0.1198660278 0.01068178456
v -0.02839399576 0.1194999981 0.01103651326
v -0.02836096048 0.1189999962 0.01116634646
v -0.02988736153 0.1189999962 0.01115400596
v -0.03121010542 0.1189999962 0.01039217276
v -0.03198673964 0.1189999962 0.009078047656
v -0.03185785532 0.1194999981 0.009041464756
v -0.03150573492 0.1198660278 0.008941538756
v -0.03102473259 0.12 0.008805029756
v -0.03050697565 0.12 0.009681113156
v -0.02962514639 0.12 0.01018900196
v -0.02836096048 0.1189999962 -0.01116634094
v -0.02836096048 0.1169999981 -0.01116634094
v -0.02638369083 0.1169999981 -0.01134083474
v -0.02494818211 0.1169999981 -0.01271173204
v -0.02468287468 0.1169999981 -0.01467887604
v -0.02570391417 0.1169999981 -0.01638108934
v -0.02570391417 0.1189999962 -0.01638108934
v -0.02468287468 0.1189999962 -0.01467887604
v -0.02494818211 0.1189999962 -0.01271173204
v -0.02638369083 0.1189999962 -0.01134083474
v 0.02836096048 0.1189999962 -0.01116634094
v 0.02638369083 0.1189999962 -0.01134083474
v 0.02494818211 0.1189999962 -0.01271173204
v 0.02468287468 0.1189999962 -0.01467887604
v 0.02570391417 0.1189999962 -0.01638108934
v 0.02570391417 0.1169999981 -0.01638108934
v 0.02468287468 0.1169999981 -0.01467887604
v 0.02494818211 0.1169999981 -0.01271173204
v 0.02638369083 0.1169999981 -0.01134083474
v 0.02836096048 0.1169999981 -0.01116634094
v -0.0253592968 0.12 0.01992407126
v -0.02575246334 0.1198660278 0.02023296636
v -0.02604028225 0.1194999981 0.02045910156
v -0.02614563227 0.1189999962 0.02054186146
v -0.0267522788 0.1189999962 0.01914114276
v -0.02659113169 0.1189999962 0.01762321746
v -0.02570391417 0.1189999962 0.01638109486
v -0.02561829329 0.1194999981 0.01648412986
v -0.02538436651 0.1198660278 0.01676565446
v -0.02506481886 0.12 0.01715021416
v -0.02565629721 0.12 0.01797830856
v -0.02576372862 0.12 0.01899025246
v 0.01202341437 0.1189999962 0.03100000656
v 0.01202341437 0.1147000027 0.03100000656
v -0.01202341437 0.1147000027 0.03100000656
v -0.01202341437 0.1189999962 0.03100000656
v -0.02506481886 0.12 -0.01715021814
v -0.02538436651 0.1198660278 -0.01676564894
v -0.02561829329 0.1194999981 -0.01648413384
v -0.02570391417 0.1189999962 -0.01638108934
v -0.02659113169 0.1189999962 -0.01762322144
v -0.0267522788 0.1189999962 -0.01914114674
v -0.02614563227 0.1189999962 -0.02054187494
v -0.02604028225 0.1194999981 -0.02045909604
v -0.02575246334 0.1198660278 -0.02023297034
v -0.0253592968 0.12 -0.01992406564
v -0.02576372862 0.12 -0.01899025644
v -0.02565629721 0.12 -0.01797830304
v 0.02614563227 0.1189999962 -0.02054187494
v 0.02614563227 0.1169999981 -0.02054187494
v 0.0267522788 0.1169999981 -0.01914114674
v 0.02659113169 0.1169999981 -0.01762322144
v 0.02570391417 0.1169999981 -0.01638108934
v 0.02570391417 0.1189999962 -0.01638108934
v 0.02659113169 0.1189999962 -0.01762322144
v 0.0267522788 0.1189999962 -0.01914114674
v 0.02506481886 0.12 -0.01715021814
v 0.02538436651 0.1198660278 -0.01676564894
v 0.02561829329 0.1194999981 -0.01648413384
v 0.02570391417 0.1189999962 -0.01638108934
v 0.02468287468 0.1189999962 -0.01467887604
v 0.02494818211 0.1189999962 -0.01271173204
v 0.02638369083 0.1189999962 -0.01134083474
v 0.02836096048 0.1189999962 -0.01116634094
v 0.02839399576 0.1194999981 -0.01103650774
v 0.02848425388 0.1198660278 -0.01068177904
v 0.0286075449 0.12 -0.01019721704
v 0.02597118616 0.12 -0.01042988504
v 0.02405717611 0.12 -0.01225774484
v 0.02370343208 0.12 -0.01488059724
v -0.01202341437 0.1189999962 0.03100000656
v -0.01183480024 0.12 0.03000000276
v 0.01183480024 0.12 0.03000000276
v 0.01202341437 0.1189999962 0.03100000656
v -0.03102473259 0.12 -0.008805024244
v -0.03150573492 0.1198660278 -0.008941533144
v -0.03185785532 0.1194999981 -0.009041478244
v -0.03198673964 0.1189999962 -0.009078061144
v -0.03121010542 0.1189999962 -0.01039216714
v -0.02988736153 0.1189999962 -0.01115400994
v -0.02836096048 0.1189999962 -0.01116634094
v -0.02839399576 0.1194999981 -0.01103650774
v -0.02848425388 0.1198660278 -0.01068177904
v -0.0286075449 0.12 -0.01019721704
v -0.02962514639 0.12 -0.01018899644
v -0.03050697565 0.12 -0.009681107644
v -0.0286075449 0.12 -0.01019721704
v -0.02848425388 0.1198660278 -0.01068177904
v -0.02839399576 0.1194999981 -0.01103650774
v -0.02836096048 0.1189999962 -0.01116634094
v -0.02638369083 0.1189999962 -0.01134083474
v -0.02494818211 0.1189999962 -0.01271173204
v -0.02468287468 0.1189999962 -0.01467887604
v -0.02570391417 0.1189999962 -0.01638108934
v -0.02561829329 0.1194999981 -0.01648413384
v -0.02538436651 0.1198660278 -0.01676564894
v -0.02506481886 0.12 -0.01715021814
v -0.02370343208 0.12 -0.01488059724
v -0.02405717611 0.12 -0.01225774484
v -0.02597118616 0.12 -0.01042988504
v 0.03102473259 0.12 0.008805029756
v 0.03150573492 0.1198660278 0.008941538756
v 0.03185785532 0.1194999981 0.009041464756
v 0.03198673964 0.1189999962 0.009078047656
v 0.03121010542 0.1189999962 0.01039217276
v 0.02988736153 0.1189999962 0.01115400596
v 0.02836096048 0.1189999962 0.01116634646
v 0.02839399576 0.1194999981 0.01103651326
v 0.02848425388 0.1198660278 0.01068178456
v 0.0286075449 0.12 0.01019722266
v 0.02962514639 0.12 0.01018900196
v 0.03050697565 0.12 0.009681113156
v 0.0286075449 0.12 -0.01019721704
v 0.02848425388 0.1198660278 -0.01068177904
v 0.02839399576 0.1194999981 -0.01103650774
v 0.02836096048 0.1189999962 -0.01116634094
v 0.02988736153 0.1189999962 -0.01115400994
v 0.03121010542 0.1189999962 -0.01039216714
v 0.03198673964 0.1189999962 -0.009078061144
v 0.03185785532 0.1194999981 -0.009041478244
v 0.03150573492 0.1198660278 -0.008941533144
v 0.03102473259 0.12 -0.008805024244
v 0.03050697565 0.12 -0.009681107644
v 0.02962514639 0.12 -0.01018899644
v 0.03102473259 0.12 -0.008805024244
v 0.03150573492 0.1198660278 -0.008941533144
v 0.03185785532 0.1194999981 -0.009041478244
v 0.03198673964 0.1189999962 -0.009078061144
v 0.03310883999 0.1189999962 -0.003060586044
v 0.03310883999 0.1189999962 0.003060591656
v 0.03198673964 0.1189999962 0.009078047656
v 0.03185785532 0.1194999981 0.009041464756
v 0.03150573492 0.1198660278 0.008941538756
v 0.03102473259 0.12 0.008805029756
v 0.03211308479 0.12 0.002968542956
v 0.03211308479 0.12 -0.002968537444
v 0.01202341437 0.1189999962 0.03100000656
v 0.01183480024 0.12 0.03000000276
v 0.01691486001 0.12 0.02745815556
v 0.02147013426 0.12 0.02406441016
v 0.0253592968 0.12 0.01992407126
v 0.02575246334 0.1198660278 0.02023296636
v 0.02604028225 0.1194999981 0.02045910156
v 0.02614563227 0.1189999962 0.02054186146
v 0.02208819866 0.1189999962 0.02485304156
v 0.01733051658 0.1189999962 0.02837631506
v 0.0286075449 0.12 0.01019722266
v 0.02848425388 0.1198660278 0.01068178456
v 0.02839399576 0.1194999981 0.01103651326
v 0.02836096048 0.1189999962 0.01116634646
v 0.02638369083 0.1189999962 0.01134083076
v 0.02494818211 0.1189999962 0.01271173756
v 0.02468287468 0.1189999962 0.01467888156
v 0.02570391417 0.1189999962 0.01638109486
v 0.02561829329 0.1194999981 0.01648412986
v 0.02538436651 0.1198660278 0.01676565446
v 0.02506481886 0.12 0.01715021416
v 0.02370343208 0.12 0.01488060276
v 0.02405717611 0.12 0.01225775046
v 0.02597118616 0.12 0.01042988106
v 0.02506481886 0.12 0.01715021416
v 0.02538436651 0.1198660278 0.01676565446
v 0.02561829329 0.1194999981 0.01648412986
v 0.02570391417 0.1189999962 0.01638109486
v 0.02659113169 0.1189999962 0.01762321746
v 0.0267522788 0.1189999962 0.01914114276
v 0.02614563227 0.1189999962 0.02054186146
v 0.02604028225 0.1194999981 0.02045910156
v 0.02575246334 0.1198660278 0.02023296636
v 0.0253592968 0.12 0.01992407126
v 0.02576372862 0.12 0.01899025246
v 0.02565629721 0.12 0.01797830856
v 0.03657906055 0.1077000046 -0.01643768034
v 0.03640203238 0.1077000046 -0.01594960884
v 0.03640203238 0.1077000046 -0.01543042854
v 0.03657906055 0.1077000046 -0.01494235714
v 0.03657992601 0.1077000046 -0.01494085984
v 0.03658079147 0.1077000046 -0.01493935304
v 0.0365816617 0.1077000046 -0.01493785584
v 0.03691617489 0.1077000046 -0.01454030714
v 0.03736626387 0.1077000046 -0.01428075514
v 0.03787790298 0.1077000046 -0.01419035634
v 0.0378790617 0.107700386 -0.01418968874
v 0.03788021803 0.1077000046 -0.01419035634
v 0.03839185715 0.1077000046 -0.01428075514
v 0.03884194613 0.1077000046 -0.01454030714
v 0.0391764617 0.1077000046 -0.01493785584
v 0.03917732954 0.1077000046 -0.01493935304
v 0.039178195 0.1077000046 -0.01494085984
v 0.03917906046 0.1077000046 -0.01494235714
v 0.03935608864 0.1077000046 -0.01543042854
v 0.03935608864 0.1077000046 -0.01594960884
v 0.03917906046 0.1077000046 -0.01643768034
v 0.03917838812 0.1077000046 -0.01643885334
v 0.03917771578 0.1077000046 -0.01644001684
v 0.03917704105 0.1077000046 -0.01644118984
v 0.03884224176 0.1077000046 -0.01683949194
v 0.03839149475 0.1077000046 -0.01709942544
v 0.0378790617 0.1077000046 -0.01718969064
v 0.03736662626 0.1077000046 -0.01709942544
v 0.03691587925 0.1077000046 -0.01683949194
v 0.03658107996 0.1077000046 -0.01644118984
v 0.03658040762 0.1077000046 -0.01644001684
v 0.03657973289 0.1077000046 -0.01643885334
v 0.0378790617 0.1068341637 -0.01569001874
v 0.0378790617 0.1077000046 -0.01718969064
v 0.0378790617 0.1068341637 -0.01569001874
v 0.0378790617 0.1068341637 -0.01569001874
v 0.0378790617 0.1068341637 -0.01569001874
v 0.0378790617 0.1068341637 -0.01569001874
v 0.0378790617 0.1068341637 -0.01569001874
v 0.0378790617 0.1068341637 -0.01569001874
v 0.03917906046 0.1077000046 -0.01494235714
v 0.03917906046 0.1077000046 -0.01493935304
v 0.03917906046 0.1089999962 -0.01493935304
v 0.03917906046 0.1089999962 -0.01644001684
v 0.03917906046 0.1077000046 -0.01644001684
v 0.03917906046 0.1077000046 -0.01643768034
v 0.03658107996 0.1077000046 -0.01644118984
v 0.03657906055 0.1077000046 -0.01644001684
v 0.03657906055 0.1077000046 -0.01643768034
v 0.03657973289 0.1077000046 -0.01643885334
v 0.03658040762 0.1077000046 -0.01644001684
v 0.03657906055 0.1077000046 -0.01643768034
v 0.03657906055 0.1077000046 -0.01644001684
v 0.03657906055 0.1089999962 -0.01644001684
v 0.03657906055 0.1089999962 -0.01493935304
v 0.03657906055 0.1077000046 -0.01493935304
v 0.03657906055 0.1077000046 -0.01494235714
v 0.03788021803 0.1077000046 -0.01419035634
v 0.0378790617 0.107700386 -0.01418968874
v 0.0378790617 0.1089999962 -0.01418968874
v 0.03917906046 0.1089999962 -0.01493935304
v 0.03917906046 0.1077000046 -0.01493935304
v 0.0391764617 0.1077000046 -0.01493785584
v 0.03657906055 0.1077000046 -0.01494235714
v 0.03657906055 0.1077000046 -0.01493935304
v 0.0365816617 0.1077000046 -0.01493785584
v 0.03658079147 0.1077000046 -0.01493935304
v 0.03657992601 0.1077000046 -0.01494085984
v 0.0365816617 0.1077000046 -0.01493785584
v 0.03657906055 0.1077000046 -0.01493935304
v 0.03657906055 0.1089999962 -0.01493935304
v 0.0378790617 0.1089999962 -0.01418968874
v 0.0378790617 0.107700386 -0.01418968874
v 0.03787790298 0.1077000046 -0.01419035634
v 0.03917906046 0.1077000046 -0.01643768034
v 0.03917906046 0.1077000046 -0.01644001684
v 0.03917704105 0.1077000046 -0.01644118984
v 0.03917771578 0.1077000046 -0.01644001684
v 0.03917838812 0.1077000046 -0.01643885334
v 0.0391764617 0.1077000046 -0.01493785584
v 0.03917906046 0.1077000046 -0.01493935304
v 0.03917906046 0.1077000046 -0.01494235714
v 0.039178195 0.1077000046 -0.01494085984
v 0.03917732954 0.1077000046 -0.01493935304
v 0.03512906075 0.1060000038 -0.01569001874
v 0.03593451738 0.1060000038 -0.01763456064
v 0.0378790617 0.1060000038 -0.01844002444
v 0.03982360363 0.1060000038 -0.01763456064
v 0.04062906265 0.1060000038 -0.01569001874
v 0.03982360363 0.1060000038 -0.01374547684
v 0.0378790617 0.1060000038 -0.01294002254
v 0.03593451738 0.1060000038 -0.01374547684
v 0.03617906094 0.1060000038 -0.01569001874
v 0.03702906132 0.1060000038 -0.01421777444
v 0.0387290597 0.1060000038 -0.01421777444
v 0.03957906008 0.1060000038 -0.01569001874
v 0.0387290597 0.1060000038 -0.01716226304
v 0.03702906132 0.1060000038 -0.01716226304
v 0.03512906075 0.1088000011 -0.01569001874
v 0.03593451738 0.1088000011 -0.01763456064
v 0.0378790617 0.1088000011 -0.01844002444
v 0.03982360363 0.1088000011 -0.01763456064
v 0.04062906265 0.1088000011 -0.01569001874
v 0.03982360363 0.1088000011 -0.01374547684
v 0.0378790617 0.1088000011 -0.01294002254
v 0.03593451738 0.1088000011 -0.01374547684
v 0.03512906075 0.1060000038 -0.01569001874
v 0.03593451738 0.1060000038 -0.01374547684
v 0.0378790617 0.1060000038 -0.01294002254
v 0.03982360363 0.1060000038 -0.01374547684
v 0.04062906265 0.1060000038 -0.01569001874
v 0.03982360363 0.1060000038 -0.01763456064
v 0.0378790617 0.1060000038 -0.01844002444
v 0.03593451738 0.1060000038 -0.01763456064
v 0.03512906075 0.1060000038 -0.01569001874
v 0.03512906075 0.1088000011 -0.01569001874
v 0.03532906055 0.1089999962 -0.01569001874
v 0.03607593775 0.1089999962 -0.01749314034
v 0.0378790617 0.1089999962 -0.01824001984
v 0.03968218327 0.1089999962 -0.01749314034
v 0.04042906284 0.1089999962 -0.01569001874
v 0.03968218327 0.1089999962 -0.01388689714
v 0.0378790617 0.1089999962 -0.01314001764
v 0.03607593775 0.1089999962 -0.01388689714
v 0.03512906075 0.1088000011 -0.01569001874
v 0.03593451738 0.1088000011 -0.01374547684
v 0.0378790617 0.1088000011 -0.01294002254
v 0.03982360363 0.1088000011 -0.01374547684
v 0.04062906265 0.1088000011 -0.01569001874
v 0.03982360363 0.1088000011 -0.01763456064
v 0.0378790617 0.1088000011 -0.01844002444
v 0.03593451738 0.1088000011 -0.01763456064
v 0.03607593775 0.1089999962 -0.01749314034
v 0.03593451738 0.1088000011 -0.01763456064
v 0.03532906055 0.1089999962 -0.01569001874
v 0.03607593775 0.1089999962 -0.01388689714
v 0.0378790617 0.1089999962 -0.01314001764
v 0.03968218327 0.1089999962 -0.01388689714
v 0.04042906284 0.1089999962 -0.01569001874
v 0.03968218327 0.1089999962 -0.01749314034
v 0.0378790617 0.1089999962 -0.01824001984
v 0.03607593775 0.1089999962 -0.01749314034
v 0.0378790617 0.1089999962 -0.01718969064
v 0.03917906046 0.1089999962 -0.01644001684
v 0.03917906046 0.1089999962 -0.01493935304
v 0.0378790617 0.1089999962 -0.01418968874
v 0.03657906055 0.1089999962 -0.01493935304
v 0.03657906055 0.1089999962 -0.01644001684
v 0.0378790617 0.1077000046 -0.01718969064
v 0.0378790617 0.1089999962 -0.01718969064
v 0.03657906055 0.1089999962 -0.01644001684
v 0.03657906055 0.1077000046 -0.01644001684
v 0.03658107996 0.1077000046 -0.01644118984
v 0.03658107996 0.1077000046 -0.01644118984
v 0.03691587925 0.1077000046 -0.01683949194
v 0.03736662626 0.1077000046 -0.01709942544
v 0.0378790617 0.1077000046 -0.01718969064
v 0.03657906055 0.1077000046 -0.01494235714
v 0.03640203238 0.1077000046 -0.01543042854
v 0.03640203238 0.1077000046 -0.01594960884
v 0.03657906055 0.1077000046 -0.01643768034
v 0.03617906094 0.1060000038 -0.01569001874
v 0.03702906132 0.1060000038 -0.01716226304
v 0.0387290597 0.1060000038 -0.01716226304
v 0.03957906008 0.1060000038 -0.01569001874
v 0.0387290597 0.1060000038 -0.01421777444
v 0.03702906132 0.1060000038 -0.01421777444
v 0.03637906075 0.1057999992 -0.01569001874
v 0.03712906122 0.1057999992 -0.01439098084
v 0.03862905979 0.1057999992 -0.01439098084
v 0.03937906027 0.1057999992 -0.01569001874
v 0.03862905979 0.1057999992 -0.01698905664
v 0.03712906122 0.1057999992 -0.01698905664
v 0.03957906008 0.1060000038 -0.01569001874
v 0.03937906027 0.1057999992 -0.01569001874
v 0.03787790298 0.1077000046 -0.01419035634
v 0.03736626387 0.1077000046 -0.01428075514
v 0.03691617489 0.1077000046 -0.01454030714
v 0.0365816617 0.1077000046 -0.01493785584
v 0.0378790617 0.09630000114 -0.01419002254
v 0.03917809963 0.09630000114 -0.01494002064
v 0.03917809963 0.09630000114 -0.01644001684
v 0.0378790617 0.09630000114 -0.01719002444
v 0.03658002377 0.09630000114 -0.01644001684
v 0.03658002377 0.09630000114 -0.01494002064
v 0.03637906075 0.1057999992 -0.01569001874
v 0.03712906122 0.1057999992 -0.01698905664
v 0.03862905979 0.1057999992 -0.01698905664
v 0.03937906027 0.1057999992 -0.01569001874
v 0.03862905979 0.1057999992 -0.01439098084
v 0.03712906122 0.1057999992 -0.01439098084
v 0.03917809963 0.09630000114 -0.01494002064
v 0.03937906027 0.1057999992 -0.01569001874
v 0.0391764617 0.1077000046 -0.01493785584
v 0.03884194613 0.1077000046 -0.01454030714
v 0.03839185715 0.1077000046 -0.01428075514
v 0.03788021803 0.1077000046 -0.01419035634
v 0.0378790617 0.09630000114 -0.01419002254
v 0.03658002377 0.09630000114 -0.01494002064
v 0.03658002377 0.09630000114 -0.01644001684
v 0.0378790617 0.09630000114 -0.01719002444
v 0.03917809963 0.09630000114 -0.01644001684
v 0.03917809963 0.09630000114 -0.01494002064
v 0.03667906046 0.09600000381 -0.01569001874
v 0.03750823975 0.09600000381 -0.01454875664
v 0.0388498807 0.09600000381 -0.01498468124
v 0.0388498807 0.09600000381 -0.01639536584
v 0.03750823975 0.09600000381 -0.01683129034
v 0.0388498807 0.09600000381 -0.01639536584
v 0.0378790617 0.09630000114 -0.01719002444
v 0.03917906046 0.1077000046 -0.01643768034
v 0.03935608864 0.1077000046 -0.01594960884
v 0.03935608864 0.1077000046 -0.01543042854
v 0.03917906046 0.1077000046 -0.01494235714
v 0.03917704105 0.1077000046 -0.01644118984
v 0.03917906046 0.1077000046 -0.01644001684
v 0.03917906046 0.1089999962 -0.01644001684
v 0.0378790617 0.1089999962 -0.01718969064
v 0.0378790617 0.1077000046 -0.01718969064
v 0.03667906046 0.09600000381 -0.01569001874
v 0.03750823975 0.09600000381 -0.01683129034
v 0.0388498807 0.09600000381 -0.01639536584
v 0.0388498807 0.09600000381 -0.01498468124
v 0.03750823975 0.09600000381 -0.01454875664
v 0.0378790617 0.1077000046 -0.01718969064
v 0.03839149475 0.1077000046 -0.01709942544
v 0.03884224176 0.1077000046 -0.01683949194
v 0.03917704105 0.1077000046 -0.01644118984
v 0.01053011537 0.07800000191 0.0008544186556
v 0.01053011537 0.07800000191 -0.0008544131444
v 0.01200999975 0.07800000191 -0.001708829044
v 0.01348988533 0.07800000191 -0.0008544131444
v 0.01348988533 0.07800000191 0.0008544186556
v 0.01200999975 0.07800000191 0.001708815456
v 0.01053011537 0.07800000191 0.0008544186556
v 0.01200999975 0.07800000191 0.001708815456
v 0.01348988533 0.07800000191 0.0008544186556
v 0.01348988533 0.07800000191 -0.0008544131444
v 0.01200999975 0.07800000191 -0.001708829044
v 0.01053011537 0.07800000191 -0.0008544131444
v 0.01027794957 0.07880000114 0.001000006556
v 0.01014825225 0.07880000114 -0.0007306834444
v 0.01142048955 0.07880000114 -0.001911141444
v 0.0131366396 0.07880000114 -0.001652485944
v 0.01400440812 0.07880000114 -0.0001494570444
v 0.01337034583 0.07880000114 0.001466105356
v 0.01171191573 0.07880000114 0.001977656256
v 0.01053011537 0.07800000191 0.0008544186556
v 0.01027794957 0.07880000114 0.001000006556
v 0.01027794957 0.07880000114 0.001000006556
v 0.01171191573 0.07880000114 0.001977656256
v 0.01337034583 0.07880000114 0.001466105356
v 0.01400440812 0.07880000114 -0.0001494570444
v 0.0131366396 0.07880000114 -0.001652485944
v 0.01142048955 0.07880000114 -0.001911141444
v 0.01014825225 0.07880000114 -0.0007306834444
v 0.01374205112 0.09270000458 -0.001000001044
v 0.01387174726 0.09270000458 0.0007306889556
v 0.01259950995 0.09270000458 0.001911147056
v 0.01088335991 0.09270000458 0.001652472456
v 0.01001559258 0.09270000458 0.0001494626556
v 0.01064965487 0.09270000458 -0.001466099844
v 0.01230808496 0.09270000458 -0.001977669844
v 0.01088335991 0.09270000458 0.001652472456
v 0.01027794957 0.07880000114 0.001000006556
v 0.01348988533 0.09350000381 -0.0008544131444
v 0.01348988533 0.09350000381 0.0008544186556
v 0.01200999975 0.09350000381 0.001708815456
v 0.01053011537 0.09350000381 0.0008544186556
v 0.01053011537 0.09350000381 -0.0008544131444
v 0.01200999975 0.09350000381 -0.001708829044
v 0.01374205112 0.09270000458 -0.001000001044
v 0.01230808496 0.09270000458 -0.001977669844
v 0.01064965487 0.09270000458 -0.001466099844
v 0.01001559258 0.09270000458 0.0001494626556
v 0.01088335991 0.09270000458 0.001652472456
v 0.01259950995 0.09270000458 0.001911147056
v 0.01387174726 0.09270000458 0.0007306889556
v 0.01001559258 0.09270000458 0.0001494626556
v 0.01053011537 0.09350000381 0.0008544186556
v 0.01348988533 0.09350000381 -0.0008544131444
v 0.01200999975 0.09350000381 -0.001708829044
v 0.01053011537 0.09350000381 -0.0008544131444
v 0.01053011537 0.09350000381 0.0008544186556
v 0.01200999975 0.09350000381 0.001708815456
v 0.01348988533 0.09350000381 0.0008544186556
v -0.004525115192 0.07800000191 -0.009546553744
v -0.006004999876 0.07800000191 -0.008692147344
v -0.007484884858 0.07800000191 -0.009546553744
v -0.007484884858 0.07800000191 -0.01125537594
v -0.006004999876 0.07800000191 -0.01210979184
v -0.004525115192 0.07800000191 -0.01125537594
v -0.004525115192 0.07800000191 -0.009546553744
v -0.004525115192 0.07800000191 -0.01125537594
v -0.006004999876 0.07800000191 -0.01210979184
v -0.007484884858 0.07800000191 -0.01125537594
v -0.007484884858 0.07800000191 -0.009546553744
v -0.006004999876 0.07800000191 -0.008692147344
v -0.0042729491 0.07880000114 -0.009400956244
v -0.005706915259 0.07880000114 -0.008423306544
v -0.007365345359 0.07880000114 -0.008934857444
v -0.007999407649 0.07880000114 -0.01055042944
v -0.007131640315 0.07880000114 -0.01205343924
v -0.005415489674 0.07880000114 -0.01231211384
v -0.004143252373 0.07880000114 -0.01113164624
v -0.004525115192 0.07800000191 -0.009546553744
v -0.0042729491 0.07880000114 -0.009400956244
v -0.0042729491 0.07880000114 -0.009400956244
v -0.004143252373 0.07880000114 -0.01113164624
v -0.005415489674 0.07880000114 -0.01231211384
v -0.007131640315 0.07880000114 -0.01205343924
v -0.007999407649 0.07880000114 -0.01055042944
v -0.007365345359 0.07880000114 -0.008934857444
v -0.005706915259 0.07880000114 -0.008423306544
v -0.007737050653 0.09270000458 -0.01140096384
v -0.006303084493 0.09270000458 -0.01237862314
v -0.004644654393 0.09270000458 -0.01186707214
v -0.004010592401 0.09270000458 -0.01025150024
v -0.004878359735 0.09270000458 -0.008748490444
v -0.006594510078 0.09270000458 -0.008489815844
v -0.007866747379 0.09270000458 -0.009670283444
v -0.004010592401 0.09270000458 -0.01025150024
v -0.0042729491 0.07880000114 -0.009400956244
v -0.007484884858 0.09350000381 -0.01125537594
v -0.006004999876 0.09350000381 -0.01210979184
v -0.004525115192 0.09350000381 -0.01125537594
v -0.004525115192 0.09350000381 -0.009546553744
v -0.006004999876 0.09350000381 -0.008692147344
v -0.007484884858 0.09350000381 -0.009546553744
v -0.007737050653 0.09270000458 -0.01140096384
v -0.007866747379 0.09270000458 -0.009670283444
v -0.006594510078 0.09270000458 -0.008489815844
v -0.004878359735 0.09270000458 -0.008748490444
v -0.004010592401 0.09270000458 -0.01025150024
v -0.004644654393 0.09270000458 -0.01186707214
v -0.006303084493 0.09270000458 -0.01237862314
v -0.004878359735 0.09270000458 -0.008748490444
v -0.004525115192 0.09350000381 -0.009546553744
v -0.007484884858 0.09350000381 -0.01125537594
v -0.007484884858 0.09350000381 -0.009546553744
v -0.006004999876 0.09350000381 -0.008692147344
v -0.004525115192 0.09350000381 -0.009546553744
v -0.004525115192 0.09350000381 -0.01125537594
v -0.006004999876 0.09350000381 -0.01210979184
v 0.01929999948 0.1101034355 -0.02100000104
v 0.0186500001 0.1101034355 -0.02212583264
v 0.01735000014 0.1101034355 -0.02212583264
v 0.01669999957 0.1101034355 -0.02100000104
v 0.01735000014 0.1101034355 -0.01987416944
v 0.0186500001 0.1101034355 -0.01987416944
v 0.01950000048 0.1103034401 -0.02100000104
v 0.01875 0.1103034401 -0.01970096314
v 0.01725000024 0.1103034401 -0.01970096314
v 0.01649999976 0.1103034401 -0.02100000104
v 0.01725000024 0.1103034401 -0.02229903894
v 0.01875 0.1103034401 -0.02229903894
v 0.01735000014 0.1101034355 -0.02212583264
v 0.01725000024 0.1103034401 -0.02229903894
v 0.01950000048 0.1103034401 -0.02100000104
v 0.01875 0.1103034401 -0.02229903894
v 0.01725000024 0.1103034401 -0.02229903894
v 0.01649999976 0.1103034401 -0.02100000104
v 0.01725000024 0.1103034401 -0.01970096314
v 0.01875 0.1103034401 -0.01970096314
v 0.01649999976 0.115803442 -0.02100000104
v 0.01725000024 0.115803442 -0.02229903894
v 0.01875 0.115803442 -0.02229903894
v 0.01950000048 0.115803442 -0.02100000104
v 0.01875 0.115803442 -0.01970096314
v 0.01725000024 0.115803442 -0.01970096314
v 0.01649999976 0.115803442 -0.02100000104
v 0.01649999976 0.1103034401 -0.02100000104
v 0.01929999948 0.1101034355 -0.02100000104
v 0.0186500001 0.1101034355 -0.01987416944
v 0.01735000014 0.1101034355 -0.01987416944
v 0.01669999957 0.1101034355 -0.02100000104
v 0.01735000014 0.1101034355 -0.02212583264
v 0.0186500001 0.1101034355 -0.02212583264
v 0.01649999976 0.115803442 -0.02100000104
v 0.01725000024 0.115803442 -0.01970096314
v 0.01875 0.115803442 -0.01970096314
v 0.01950000048 0.115803442 -0.02100000104
v 0.01875 0.115803442 -0.02229903894
v 0.01725000024 0.115803442 -0.02229903894
v 0.01620000005 0.1161034393 -0.02100000104
v 0.0167272079 0.1161034393 -0.02227279384
v 0.01799999952 0.1161034393 -0.02280000404
v 0.01927279234 0.1161034393 -0.02227279384
v 0.01980000019 0.1161034393 -0.02100000104
v 0.01927279234 0.1161034393 -0.01972720824
v 0.01799999952 0.1161034393 -0.01919999794
v 0.0167272079 0.1161034393 -0.01972720824
v 0.01620000005 0.1161034393 -0.02100000104
v 0.01649999976 0.115803442 -0.02100000104
v 0.02079999924 0.1161034393 -0.02100000104
v 0.01997989893 0.1161034393 -0.01902009684
v 0.01799999952 0.1161034393 -0.01820000374
v 0.01602010131 0.1161034393 -0.01902009684
v 0.01519999981 0.1161034393 -0.02100000104
v 0.01602010131 0.1161034393 -0.02297989564
v 0.01799999952 0.1161034393 -0.02379999834
v 0.01997989893 0.1161034393 -0.02297989564
v 0.01620000005 0.1161034393 -0.02100000104
v 0.0167272079 0.1161034393 -0.01972720824
v 0.01799999952 0.1161034393 -0.01919999794
v 0.01927279234 0.1161034393 -0.01972720824
v 0.01980000019 0.1161034393 -0.02100000104
v 0.01927279234 0.1161034393 -0.02227279384
v 0.01799999952 0.1161034393 -0.02280000404
v 0.0167272079 0.1161034393 -0.02227279384
v 0.02079999924 0.1176459026 -0.02100000104
v 0.01997989893 0.1176459026 -0.01902009684
v 0.01799999952 0.1176459026 -0.01820000374
v 0.01602010131 0.1176459026 -0.01902009684
v 0.01519999981 0.1176459026 -0.02100000104
v 0.01602010131 0.1176459026 -0.02297989564
v 0.01799999952 0.1176459026 -0.02379999834
v 0.01997989893 0.1176459026 -0.02297989564
v 0.02079999924 0.1161034393 -0.02100000104
v 0.01997989893 0.1161034393 -0.02297989564
v 0.01799999952 0.1161034393 -0.02379999834
v 0.01602010131 0.1161034393 -0.02297989564
v 0.01519999981 0.1161034393 -0.02100000104
v 0.01602010131 0.1161034393 -0.01902009684
v 0.01799999952 0.1161034393 -0.01820000374
v 0.01997989893 0.1161034393 -0.01902009684
v 0.01519999981 0.1176459026 -0.02100000104
v 0.01519999981 0.1161034393 -0.02100000104
v 0.01938210964 0.1182992458 -0.02129999834
v 0.01938623428 0.1183063889 -0.02110006054
v 0.01938623428 0.1183063889 -0.02089994154
v 0.01938210964 0.1182992458 -0.02070000374
v 0.01912435889 0.1183661366 -0.02070000374
v 0.01886340857 0.1184191799 -0.02070000374
v 0.01860000014 0.1184582329 -0.02070000374
v 0.0183878684 0.1184732628 -0.02061213214
v 0.01830000043 0.1184582329 -0.02039999684
v 0.01830000043 0.1184191799 -0.02013659204
v 0.01830000043 0.1183661366 -0.01987563814
v 0.01830000043 0.1182992458 -0.01961788854
v 0.01810005665 0.1183063889 -0.01961376864
v 0.01789994359 0.1183063889 -0.01961376864
v 0.01769999981 0.1182992458 -0.01961788854
v 0.01769999981 0.1183661366 -0.01987563814
v 0.01769999981 0.1184191799 -0.02013659204
v 0.01769999981 0.1184582329 -0.02039999684
v 0.01761213183 0.1184732628 -0.02061213214
v 0.0174000001 0.1184582329 -0.02070000374
v 0.01713659167 0.1184191799 -0.02070000374
v 0.01687564015 0.1183661366 -0.02070000374
v 0.0166178906 0.1182992458 -0.02070000374
v 0.01661376595 0.1183063889 -0.02089994154
v 0.01661376595 0.1183063889 -0.02110006054
v 0.0166178906 0.1182992458 -0.02129999834
v 0.01687564015 0.1183661366 -0.02129999834
v 0.01713659167 0.1184191799 -0.02129999834
v 0.0174000001 0.1184582329 -0.02129999834
v 0.01761213183 0.1184732628 -0.02138786994
v 0.01769999981 0.1184582329 -0.02159999574
v 0.01769999981 0.1184191799 -0.02186341004
v 0.01769999981 0.1183661366 -0.02212436394
v 0.01769999981 0.1182992458 -0.02238211354
v 0.01789994359 0.1183063889 -0.02238623344
v 0.01810005665 0.1183063889 -0.02238623344
v 0.01830000043 0.1182992458 -0.02238211354
v 0.01830000043 0.1183661366 -0.02212436394
v 0.01830000043 0.1184191799 -0.02186341004
v 0.01830000043 0.1184582329 -0.02159999574
v 0.0183878684 0.1184732628 -0.02138786994
v 0.01860000014 0.1184582329 -0.02129999834
v 0.01886340857 0.1184191799 -0.02129999834
v 0.01912435889 0.1183661366 -0.02129999834
v 0.02079999924 0.1176459026 -0.02100000104
v 0.01997989893 0.1176459026 -0.02297989564
v 0.01799999952 0.1176459026 -0.02379999834
v 0.01602010131 0.1176459026 -0.02297989564
v 0.01519999981 0.1176459026 -0.02100000104
v 0.01602010131 0.1176459026 -0.01902009684
v 0.01799999952 0.1176459026 -0.01820000374
v 0.01997989893 0.1176459026 -0.01902009684
v 0.01661376595 0.1183063889 -0.02089994154
v 0.01519999981 0.1176459026 -0.02100000104
v 0.01830000043 0.1169445896 -0.02039999684
v 0.01830000043 0.1184582329 -0.02039999684
v 0.0183878684 0.1184732628 -0.02061213214
v 0.01860000014 0.1184582329 -0.02070000374
v 0.01860000014 0.1169445896 -0.02070000374
v 0.01860000014 0.1168234348 -0.02070000374
v 0.01845000029 0.1168234348 -0.02065980634
v 0.01834019184 0.1168234348 -0.02055000024
v 0.01830000043 0.1168234348 -0.02039999684
v 0.01860000014 0.1169445896 -0.02070000374
v 0.01860000014 0.1184582329 -0.02070000374
v 0.01886340857 0.1184191799 -0.02070000374
v 0.01912435889 0.1183661366 -0.02070000374
v 0.01938210964 0.1182992458 -0.02070000374
v 0.01860000014 0.1169445896 -0.02129999834
v 0.01853005171 0.1168234348 -0.02129999834
v 0.01853005171 0.1168234348 -0.02070000374
v 0.01860000014 0.1169445896 -0.02070000374
v 0.01938210964 0.1182992458 -0.02070000374
v 0.01938623428 0.1183063889 -0.02089994154
v 0.01938623428 0.1183063889 -0.02110006054
v 0.01938210964 0.1182992458 -0.02129999834
v 0.0166178906 0.1182992458 -0.02070000374
v 0.0174000001 0.1169445896 -0.02070000374
v 0.01746994853 0.1168234348 -0.02070000374
v 0.01746994853 0.1168234348 -0.02129999834
v 0.0174000001 0.1169445896 -0.02129999834
v 0.0166178906 0.1182992458 -0.02129999834
v 0.01661376595 0.1183063889 -0.02110006054
v 0.01661376595 0.1183063889 -0.02089994154
v 0.0174000001 0.1169445896 -0.02070000374
v 0.0166178906 0.1182992458 -0.02070000374
v 0.01687564015 0.1183661366 -0.02070000374
v 0.01713659167 0.1184191799 -0.02070000374
v 0.0174000001 0.1184582329 -0.02070000374
v 0.0174000001 0.1169445896 -0.02070000374
v 0.0174000001 0.1184582329 -0.02070000374
v 0.01761213183 0.1184732628 -0.02061213214
v 0.01769999981 0.1184582329 -0.02039999684
v 0.01769999981 0.1169445896 -0.02039999684
v 0.01769999981 0.1168234348 -0.02039999684
v 0.01765980721 0.1168234348 -0.02055000024
v 0.01754999995 0.1168234348 -0.02065980634
v 0.0174000001 0.1168234348 -0.02070000374
v 0.01830000043 0.1169445896 -0.02039999684
v 0.01830000043 0.1182992458 -0.01961788854
v 0.01830000043 0.1183661366 -0.01987563814
v 0.01830000043 0.1184191799 -0.02013659204
v 0.01830000043 0.1184582329 -0.02039999684
v 0.01860000014 0.1169445896 -0.02129999834
v 0.01938210964 0.1182992458 -0.02129999834
v 0.01912435889 0.1183661366 -0.02129999834
v 0.01886340857 0.1184191799 -0.02129999834
v 0.01860000014 0.1184582329 -0.02129999834
v 0.01769999981 0.1169445896 -0.02039999684
v 0.01769999981 0.1184582329 -0.02039999684
v 0.01769999981 0.1184191799 -0.02013659204
v 0.01769999981 0.1183661366 -0.01987563814
v 0.01769999981 0.1182992458 -0.01961788854
v 0.01830000043 0.1168234348 -0.02046994884
v 0.01830000043 0.1169445896 -0.02039999684
v 0.01830000043 0.1168234348 -0.02039999684
v 0.01860000014 0.1169445896 -0.02129999834
v 0.01860000014 0.1184582329 -0.02129999834
v 0.0183878684 0.1184732628 -0.02138786994
v 0.01830000043 0.1184582329 -0.02159999574
v 0.01830000043 0.1169445896 -0.02159999574
v 0.01830000043 0.1168234348 -0.02159999574
v 0.01834019184 0.1168234348 -0.02145000184
v 0.01845000029 0.1168234348 -0.02134019574
v 0.01860000014 0.1168234348 -0.02129999834
v 0.01830000043 0.1169445896 -0.02039999684
v 0.01830000043 0.1168234348 -0.02046994884
v 0.01769999981 0.1168234348 -0.02046994884
v 0.01769999981 0.1169445896 -0.02039999684
v 0.01769999981 0.1182992458 -0.01961788854
v 0.01789994359 0.1183063889 -0.01961376864
v 0.01810005665 0.1183063889 -0.01961376864
v 0.01830000043 0.1182992458 -0.01961788854
v 0.01853005171 0.1168234348 -0.02129999834
v 0.01860000014 0.1169445896 -0.02129999834
v 0.01860000014 0.1168234348 -0.02129999834
v 0.01830000043 0.1168234348 -0.02039999684
v 0.01834019184 0.1168234348 -0.02055000024
v 0.01845000029 0.1168234348 -0.02065980634
v 0.01860000014 0.1168234348 -0.02070000374
v 0.01853005171 0.1168234348 -0.02070000374
v 0.01853005171 0.1168234348 -0.02129999834
v 0.01860000014 0.1168234348 -0.02129999834
v 0.01845000029 0.1168234348 -0.02134019574
v 0.01834019184 0.1168234348 -0.02145000184
v 0.01830000043 0.1168234348 -0.02159999574
v 0.01830000043 0.1168234348 -0.02153005324
v 0.01769999981 0.1168234348 -0.02153005324
v 0.01769999981 0.1168234348 -0.02159999574
v 0.01765980721 0.1168234348 -0.02145000184
v 0.01754999995 0.1168234348 -0.02134019574
v 0.0174000001 0.1168234348 -0.02129999834
v 0.01746994853 0.1168234348 -0.02129999834
v 0.01746994853 0.1168234348 -0.02070000374
v 0.0174000001 0.1168234348 -0.02070000374
v 0.01754999995 0.1168234348 -0.02065980634
v 0.01765980721 0.1168234348 -0.02055000024
v 0.01769999981 0.1168234348 -0.02039999684
v 0.01769999981 0.1168234348 -0.02046994884
v 0.01830000043 0.1168234348 -0.02046994884
v 0.01830000043 0.1169445896 -0.02159999574
v 0.01830000043 0.1184582329 -0.02159999574
v 0.01830000043 0.1184191799 -0.02186341004
v 0.01830000043 0.1183661366 -0.02212436394
v 0.01830000043 0.1182992458 -0.02238211354
v 0.01853005171 0.1168234348 -0.02070000374
v 0.01860000014 0.1168234348 -0.02070000374
v 0.01860000014 0.1169445896 -0.02070000374
v 0.01746994853 0.1168234348 -0.02070000374
v 0.0174000001 0.1169445896 -0.02070000374
v 0.0174000001 0.1168234348 -0.02070000374
v 0.01769999981 0.1169445896 -0.02159999574
v 0.01769999981 0.1168234348 -0.02153005324
v 0.01830000043 0.1168234348 -0.02153005324
v 0.01830000043 0.1169445896 -0.02159999574
v 0.01830000043 0.1182992458 -0.02238211354
v 0.01810005665 0.1183063889 -0.02238623344
v 0.01789994359 0.1183063889 -0.02238623344
v 0.01769999981 0.1182992458 -0.02238211354
v 0.01746994853 0.1168234348 -0.02129999834
v 0.0174000001 0.1168234348 -0.02129999834
v 0.0174000001 0.1169445896 -0.02129999834
v 0.01769999981 0.1169445896 -0.02159999574
v 0.01769999981 0.1182992458 -0.02238211354
v 0.01769999981 0.1183661366 -0.02212436394
v 0.01769999981 0.1184191799 -0.02186341004
v 0.01769999981 0.1184582329 -0.02159999574
v 0.01830000043 0.1168234348 -0.02153005324
v 0.01830000043 0.1168234348 -0.02159999574
v 0.01830000043 0.1169445896 -0.02159999574
v 0.0174000001 0.1169445896 -0.02129999834
v 0.0174000001 0.1184582329 -0.02129999834
v 0.01713659167 0.1184191799 -0.02129999834
v 0.01687564015 0.1183661366 -0.02129999834
v 0.0166178906 0.1182992458 -0.02129999834
v 0.01769999981 0.1168234348 -0.02046994884
v 0.01769999981 0.1168234348 -0.02039999684
v 0.01769999981 0.1169445896 -0.02039999684
v 0.01769999981 0.1169445896 -0.02159999574
v 0.01769999981 0.1184582329 -0.02159999574
v 0.01761213183 0.1184732628 -0.02138786994
v 0.0174000001 0.1184582329 -0.02129999834
v 0.0174000001 0.1169445896 -0.02129999834
v 0.0174000001 0.1168234348 -0.02129999834
v 0.01754999995 0.1168234348 -0.02134019574
v 0.01765980721 0.1168234348 -0.02145000184
v 0.01769999981 0.1168234348 -0.02159999574
v 0.01769999981 0.1168234348 -0.02153005324
v 0.01769999981 0.1169445896 -0.02159999574
v 0.01769999981 0.1168234348 -0.02159999574
v 0.01664999962 0.1101034355 -0.02100000104
v 0.01732499957 0.1101034355 -0.01983086304
v 0.01867499948 0.1101034355 -0.01983086304
v 0.01934999943 0.1101034355 -0.02100000104
v 0.01867499948 0.1101034355 -0.02216913904
v 0.01732499957 0.1101034355 -0.02216913904
v 0.01664999962 0.115803442 -0.02100000104
v 0.0170454061 0.115803442 -0.02195459084
v 0.01799999952 0.115803442 -0.02235000334
v 0.01895459414 0.115803442 -0.02195459084
v 0.01934999943 0.115803442 -0.02100000104
v 0.01895459414 0.115803442 -0.02004540164
v 0.01799999952 0.115803442 -0.01964999874
v 0.0170454061 0.115803442 -0.02004540164
v 0.01934999943 0.115803442 -0.02100000104
v 0.01934999943 0.1101034355 -0.02100000104
v 0.01950000048 0.115803442 -0.02100000104
v 0.0190606606 0.115803442 -0.01993934354
v 0.01799999952 0.115803442 -0.01949999534
v 0.01693933964 0.115803442 -0.01993934354
v 0.01649999976 0.115803442 -0.02100000104
v 0.01693933964 0.115803442 -0.02206065854
v 0.01799999952 0.115803442 -0.02249999724
v 0.0190606606 0.115803442 -0.02206065854
v 0.01664999962 0.115803442 -0.02100000104
v 0.0170454061 0.115803442 -0.02004540164
v 0.01799999952 0.115803442 -0.01964999874
v 0.01895459414 0.115803442 -0.02004540164
v 0.01934999943 0.115803442 -0.02100000104
v 0.01895459414 0.115803442 -0.02195459084
v 0.01799999952 0.115803442 -0.02235000334
v 0.0170454061 0.115803442 -0.02195459084
v -0.01669999957 0.1101034355 0.02100000656
v -0.01735000014 0.1101034355 0.01987417496
v -0.0186500001 0.1101034355 0.01987417496
v -0.01929999948 0.1101034355 0.02100000656
v -0.0186500001 0.1101034355 0.02212583816
v -0.01735000014 0.1101034355 0.02212583816
v -0.01649999976 0.1103034401 0.02100000656
v -0.01725000024 0.1103034401 0.02229904456
v -0.01875 0.1103034401 0.02229904456
v -0.01950000048 0.1103034401 0.02100000656
v -0.01875 0.1103034401 0.01970096866
v -0.01725000024 0.1103034401 0.01970096866
v -0.0186500001 0.1101034355 0.01987417496
v -0.01875 0.1103034401 0.01970096866
v -0.01649999976 0.1103034401 0.02100000656
v -0.01725000024 0.1103034401 0.01970096866
v -0.01875 0.1103034401 0.01970096866
v -0.01950000048 0.1103034401 0.02100000656
v -0.01875 0.1103034401 0.02229904456
v -0.01725000024 0.1103034401 0.02229904456
v -0.01950000048 0.115803442 0.02100000656
v -0.01875 0.115803442 0.01970096866
v -0.01725000024 0.115803442 0.01970096866
v -0.01649999976 0.115803442 0.02100000656
v -0.01725000024 0.115803442 0.02229904456
v -0.01875 0.115803442 0.02229904456
v -0.01950000048 0.115803442 0.02100000656
v -0.01950000048 0.1103034401 0.02100000656
v -0.01669999957 0.1101034355 0.02100000656
v -0.01735000014 0.1101034355 0.02212583816
v -0.0186500001 0.1101034355 0.02212583816
v -0.01929999948 0.1101034355 0.02100000656
v -0.0186500001 0.1101034355 0.01987417496
v -0.01735000014 0.1101034355 0.01987417496
v -0.01950000048 0.115803442 0.02100000656
v -0.01875 0.115803442 0.02229904456
v -0.01725000024 0.115803442 0.02229904456
v -0.01649999976 0.115803442 0.02100000656
v -0.01725000024 0.115803442 0.01970096866
v -0.01875 0.115803442 0.01970096866
v -0.01980000019 0.1161034393 0.02100000656
v -0.01927279234 0.1161034393 0.01972721376
v -0.01799999952 0.1161034393 0.01920000356
v -0.0167272079 0.1161034393 0.01972721376
v -0.01620000005 0.1161034393 0.02100000656
v -0.0167272079 0.1161034393 0.02227279936
v -0.01799999952 0.1161034393 0.02279999056
v -0.01927279234 0.1161034393 0.02227279936
v -0.01980000019 0.1161034393 0.02100000656
v -0.01950000048 0.115803442 0.02100000656
v -0.01519999981 0.1161034393 0.02100000656
v -0.01602010131 0.1161034393 0.02297989166
v -0.01799999952 0.1161034393 0.02379999436
v -0.01997989893 0.1161034393 0.02297989166
v -0.02079999924 0.1161034393 0.02100000656
v -0.01997989893 0.1161034393 0.01902010246
v -0.01799999952 0.1161034393 0.01819999976
v -0.01602010131 0.1161034393 0.01902010246
v -0.01980000019 0.1161034393 0.02100000656
v -0.01927279234 0.1161034393 0.02227279936
v -0.01799999952 0.1161034393 0.02279999056
v -0.0167272079 0.1161034393 0.02227279936
v -0.01620000005 0.1161034393 0.02100000656
v -0.0167272079 0.1161034393 0.01972721376
v -0.01799999952 0.1161034393 0.01920000356
v -0.01927279234 0.1161034393 0.01972721376
v -0.01519999981 0.1176459026 0.02100000656
v -0.01602010131 0.1176459026 0.02297989166
v -0.01799999952 0.1176459026 0.02379999436
v -0.01997989893 0.1176459026 0.02297989166
v -0.02079999924 0.1176459026 0.02100000656
v -0.01997989893 0.1176459026 0.01902010246
v -0.01799999952 0.1176459026 0.01819999976
v -0.01602010131 0.1176459026 0.01902010246
v -0.01519999981 0.1161034393 0.02100000656
v -0.01602010131 0.1161034393 0.01902010246
v -0.01799999952 0.1161034393 0.01819999976
v -0.01997989893 0.1161034393 0.01902010246
v -0.02079999924 0.1161034393 0.02100000656
v -0.01997989893 0.1161034393 0.02297989166
v -0.01799999952 0.1161034393 0.02379999436
v -0.01602010131 0.1161034393 0.02297989166
v -0.02079999924 0.1176459026 0.02100000656
v -0.02079999924 0.1161034393 0.02100000656
v -0.0166178906 0.1182992458 0.02069999976
v -0.01661376595 0.1183063889 0.02089994706
v -0.01661376595 0.1183063889 0.02110006606
v -0.0166178906 0.1182992458 0.02129999436
v -0.01687564015 0.1183661366 0.02129999436
v -0.01713659167 0.1184191799 0.02129999436
v -0.0174000001 0.1184582329 0.02129999436
v -0.01761213183 0.1184732628 0.02138786596
v -0.01769999981 0.1184582329 0.02160000126
v -0.01769999981 0.1184191799 0.02186340606
v -0.01769999981 0.1183661366 0.02212435046
v -0.01769999981 0.1182992458 0.02238210956
v -0.01789994359 0.1183063889 0.02238622946
v -0.01810005665 0.1183063889 0.02238622946
v -0.01830000043 0.1182992458 0.02238210956
v -0.01830000043 0.1183661366 0.02212435046
v -0.01830000043 0.1184191799 0.02186340606
v -0.01830000043 0.1184582329 0.02160000126
v -0.0183878684 0.1184732628 0.02138786596
v -0.01860000014 0.1184582329 0.02129999436
v -0.01886340857 0.1184191799 0.02129999436
v -0.01912435889 0.1183661366 0.02129999436
v -0.01938210964 0.1182992458 0.02129999436
v -0.01938623428 0.1183063889 0.02110006606
v -0.01938623428 0.1183063889 0.02089994706
v -0.01938210964 0.1182992458 0.02069999976
v -0.01912435889 0.1183661366 0.02069999976
v -0.01886340857 0.1184191799 0.02069999976
v -0.01860000014 0.1184582329 0.02069999976
v -0.0183878684 0.1184732628 0.02061212816
v -0.01830000043 0.1184582329 0.02039999286
v -0.01830000043 0.1184191799 0.02013658806
v -0.01830000043 0.1183661366 0.01987564366
v -0.01830000043 0.1182992458 0.01961788456
v -0.01810005665 0.1183063889 0.01961376466
v -0.01789994359 0.1183063889 0.01961376466
v -0.01769999981 0.1182992458 0.01961788456
v -0.01769999981 0.1183661366 0.01987564366
v -0.01769999981 0.1184191799 0.02013658806
v -0.01769999981 0.1184582329 0.02039999286
v -0.01761213183 0.1184732628 0.02061212816
v -0.0174000001 0.1184582329 0.02069999976
v -0.01713659167 0.1184191799 0.02069999976
v -0.01687564015 0.1183661366 0.02069999976
v -0.01519999981 0.1176459026 0.02100000656
v -0.01602010131 0.1176459026 0.01902010246
v -0.01799999952 0.1176459026 0.01819999976
v -0.01997989893 0.1176459026 0.01902010246
v -0.02079999924 0.1176459026 0.02100000656
v -0.01997989893 0.1176459026 0.02297989166
v -0.01799999952 0.1176459026 0.02379999436
v -0.01602010131 0.1176459026 0.02297989166
v -0.01938623428 0.1183063889 0.02110006606
v -0.02079999924 0.1176459026 0.02100000656
v -0.01769999981 0.1169445896 0.02160000126
v -0.01769999981 0.1184582329 0.02160000126
v -0.01761213183 0.1184732628 0.02138786596
v -0.0174000001 0.1184582329 0.02129999436
v -0.0174000001 0.1169445896 0.02129999436
v -0.0174000001 0.1168234348 0.02129999436
v -0.01754999995 0.1168234348 0.02134020126
v -0.01765980721 0.1168234348 0.02145000736
v -0.01769999981 0.1168234348 0.02160000126
v -0.0174000001 0.1169445896 0.02129999436
v -0.0174000001 0.1184582329 0.02129999436
v -0.01713659167 0.1184191799 0.02129999436
v -0.01687564015 0.1183661366 0.02129999436
v -0.0166178906 0.1182992458 0.02129999436
v -0.0174000001 0.1169445896 0.02069999976
v -0.01746994853 0.1168234348 0.02069999976
v -0.01746994853 0.1168234348 0.02129999436
v -0.0174000001 0.1169445896 0.02129999436
v -0.0166178906 0.1182992458 0.02129999436
v -0.01661376595 0.1183063889 0.02110006606
v -0.01661376595 0.1183063889 0.02089994706
v -0.0166178906 0.1182992458 0.02069999976
v -0.01938210964 0.1182992458 0.02129999436
v -0.01860000014 0.1169445896 0.02129999436
v -0.01853005171 0.1168234348 0.02129999436
v -0.01853005171 0.1168234348 0.02069999976
v -0.01860000014 0.1169445896 0.02069999976
v -0.01938210964 0.1182992458 0.02069999976
v -0.01938623428 0.1183063889 0.02089994706
v -0.01938623428 0.1183063889 0.02110006606
v -0.01860000014 0.1169445896 0.02129999436
v -0.01938210964 0.1182992458 0.02129999436
v -0.01912435889 0.1183661366 0.02129999436
v -0.01886340857 0.1184191799 0.02129999436
v -0.01860000014 0.1184582329 0.02129999436
v -0.01860000014 0.1169445896 0.02129999436
v -0.01860000014 0.1184582329 0.02129999436
v -0.0183878684 0.1184732628 0.02138786596
v -0.01830000043 0.1184582329 0.02160000126
v -0.01830000043 0.1169445896 0.02160000126
v -0.01830000043 0.1168234348 0.02160000126
v -0.01834019184 0.1168234348 0.02145000736
v -0.01845000029 0.1168234348 0.02134020126
v -0.01860000014 0.1168234348 0.02129999436
v -0.01769999981 0.1169445896 0.02160000126
v -0.01769999981 0.1182992458 0.02238210956
v -0.01769999981 0.1183661366 0.02212435046
v -0.01769999981 0.1184191799 0.02186340606
v -0.01769999981 0.1184582329 0.02160000126
v -0.0174000001 0.1169445896 0.02069999976
v -0.0166178906 0.1182992458 0.02069999976
v -0.01687564015 0.1183661366 0.02069999976
v -0.01713659167 0.1184191799 0.02069999976
v -0.0174000001 0.1184582329 0.02069999976
v -0.01830000043 0.1169445896 0.02160000126
v -0.01830000043 0.1184582329 0.02160000126
v -0.01830000043 0.1184191799 0.02186340606
v -0.01830000043 0.1183661366 0.02212435046
v -0.01830000043 0.1182992458 0.02238210956
v -0.01769999981 0.1168234348 0.02153005876
v -0.01769999981 0.1169445896 0.02160000126
v -0.01769999981 0.1168234348 0.02160000126
v -0.0174000001 0.1169445896 0.02069999976
v -0.0174000001 0.1184582329 0.02069999976
v -0.01761213183 0.1184732628 0.02061212816
v -0.01769999981 0.1184582329 0.02039999286
v -0.01769999981 0.1169445896 0.02039999286
v -0.01769999981 0.1168234348 0.02039999286
v -0.01765980721 0.1168234348 0.02055000586
v -0.01754999995 0.1168234348 0.02065981186
v -0.0174000001 0.1168234348 0.02069999976
v -0.01769999981 0.1169445896 0.02160000126
v -0.01769999981 0.1168234348 0.02153005876
v -0.01830000043 0.1168234348 0.02153005876
v -0.01830000043 0.1169445896 0.02160000126
v -0.01830000043 0.1182992458 0.02238210956
v -0.01810005665 0.1183063889 0.02238622946
v -0.01789994359 0.1183063889 0.02238622946
v -0.01769999981 0.1182992458 0.02238210956
v -0.01746994853 0.1168234348 0.02069999976
v -0.0174000001 0.1169445896 0.02069999976
v -0.0174000001 0.1168234348 0.02069999976
v -0.01769999981 0.1168234348 0.02160000126
v -0.01765980721 0.1168234348 0.02145000736
v -0.01754999995 0.1168234348 0.02134020126
v -0.0174000001 0.1168234348 0.02129999436
v -0.01746994853 0.1168234348 0.02129999436
v -0.01746994853 0.1168234348 0.02069999976
v -0.0174000001 0.1168234348 0.02069999976
v -0.01754999995 0.1168234348 0.02065981186
v -0.01765980721 0.1168234348 0.02055000586
v -0.01769999981 0.1168234348 0.02039999286
v -0.01769999981 0.1168234348 0.02046995436
v -0.01830000043 0.1168234348 0.02046995436
v -0.01830000043 0.1168234348 0.02039999286
v -0.01834019184 0.1168234348 0.02055000586
v -0.01845000029 0.1168234348 0.02065981186
v -0.01860000014 0.1168234348 0.02069999976
v -0.01853005171 0.1168234348 0.02069999976
v -0.01853005171 0.1168234348 0.02129999436
v -0.01860000014 0.1168234348 0.02129999436
v -0.01845000029 0.1168234348 0.02134020126
v -0.01834019184 0.1168234348 0.02145000736
v -0.01830000043 0.1168234348 0.02160000126
v -0.01830000043 0.1168234348 0.02153005876
v -0.01769999981 0.1168234348 0.02153005876
v -0.01769999981 0.1169445896 0.02039999286
v -0.01769999981 0.1184582329 0.02039999286
v -0.01769999981 0.1184191799 0.02013658806
v -0.01769999981 0.1183661366 0.01987564366
v -0.01769999981 0.1182992458 0.01961788456
v -0.01746994853 0.1168234348 0.02129999436
v -0.0174000001 0.1168234348 0.02129999436
v -0.0174000001 0.1169445896 0.02129999436
v -0.01853005171 0.1168234348 0.02129999436
v -0.01860000014 0.1169445896 0.02129999436
v -0.01860000014 0.1168234348 0.02129999436
v -0.01830000043 0.1169445896 0.02039999286
v -0.01830000043 0.1168234348 0.02046995436
v -0.01769999981 0.1168234348 0.02046995436
v -0.01769999981 0.1169445896 0.02039999286
v -0.01769999981 0.1182992458 0.01961788456
v -0.01789994359 0.1183063889 0.01961376466
v -0.01810005665 0.1183063889 0.01961376466
v -0.01830000043 0.1182992458 0.01961788456
v -0.01853005171 0.1168234348 0.02069999976
v -0.01860000014 0.1168234348 0.02069999976
v -0.01860000014 0.1169445896 0.02069999976
v -0.01830000043 0.1169445896 0.02039999286
v -0.01830000043 0.1182992458 0.01961788456
v -0.01830000043 0.1183661366 0.01987564366
v -0.01830000043 0.1184191799 0.02013658806
v -0.01830000043 0.1184582329 0.02039999286
v -0.01769999981 0.1168234348 0.02046995436
v -0.01769999981 0.1168234348 0.02039999286
v -0.01769999981 0.1169445896 0.02039999286
v -0.01860000014 0.1169445896 0.02069999976
v -0.01860000014 0.1184582329 0.02069999976
v -0.01886340857 0.1184191799 0.02069999976
v -0.01912435889 0.1183661366 0.02069999976
v -0.01938210964 0.1182992458 0.02069999976
v -0.01830000043 0.1168234348 0.02153005876
v -0.01830000043 0.1168234348 0.02160000126
v -0.01830000043 0.1169445896 0.02160000126
v -0.01830000043 0.1169445896 0.02039999286
v -0.01830000043 0.1184582329 0.02039999286
v -0.0183878684 0.1184732628 0.02061212816
v -0.01860000014 0.1184582329 0.02069999976
v -0.01860000014 0.1169445896 0.02069999976
v -0.01860000014 0.1168234348 0.02069999976
v -0.01845000029 0.1168234348 0.02065981186
v -0.01834019184 0.1168234348 0.02055000586
v -0.01830000043 0.1168234348 0.02039999286
v -0.01830000043 0.1168234348 0.02046995436
v -0.01830000043 0.1169445896 0.02039999286
v -0.01830000043 0.1168234348 0.02039999286
v -0.01934999943 0.1101034355 0.02100000656
v -0.01867499948 0.1101034355 0.02216913506
v -0.01732499957 0.1101034355 0.02216913506
v -0.01664999962 0.1101034355 0.02100000656
v -0.01732499957 0.1101034355 0.01983085906
v -0.01867499948 0.1101034355 0.01983085906
v -0.01934999943 0.115803442 0.02100000656
v -0.01895459414 0.115803442 0.02004539766
v -0.01799999952 0.115803442 0.01965000426
v -0.0170454061 0.115803442 0.02004539766
v -0.01664999962 0.115803442 0.02100000656
v -0.0170454061 0.115803442 0.02195459646
v -0.01799999952 0.115803442 0.02235000886
v -0.01895459414 0.115803442 0.02195459646
v -0.01664999962 0.115803442 0.02100000656
v -0.01664999962 0.1101034355 0.02100000656
v -0.01649999976 0.115803442 0.02100000656
v -0.01693933964 0.115803442 0.02206066406
v -0.01799999952 0.115803442 0.02250000276
v -0.0190606606 0.115803442 0.02206066406
v -0.01950000048 0.115803442 0.02100000656
v -0.0190606606 0.115803442 0.01993934906
v -0.01799999952 0.115803442 0.01949999136
v -0.01693933964 0.115803442 0.01993934906
v -0.01934999943 0.115803442 0.02100000656
v -0.01895459414 0.115803442 0.02195459646
v -0.01799999952 0.115803442 0.02235000886
v -0.0170454061 0.115803442 0.02195459646
v -0.01664999962 0.115803442 0.02100000656
v -0.0170454061 0.115803442 0.02004539766
v -0.01799999952 0.115803442 0.01965000426
v -0.01895459414 0.115803442 0.02004539766
v 0.01929999948 0.1101034355 0.02100000656
v 0.0186500001 0.1101034355 0.01987417496
v 0.01735000014 0.1101034355 0.01987417496
v 0.01669999957 0.1101034355 0.02100000656
v 0.01735000014 0.1101034355 0.02212583816
v 0.0186500001 0.1101034355 0.02212583816
v 0.01950000048 0.1103034401 0.02100000656
v 0.01875 0.1103034401 0.02229904456
v 0.01725000024 0.1103034401 0.02229904456
v 0.01649999976 0.1103034401 0.02100000656
v 0.01725000024 0.1103034401 0.01970096866
v 0.01875 0.1103034401 0.01970096866
v 0.01735000014 0.1101034355 0.01987417496
v 0.01725000024 0.1103034401 0.01970096866
v 0.01950000048 0.1103034401 0.02100000656
v 0.01875 0.1103034401 0.01970096866
v 0.01725000024 0.1103034401 0.01970096866
v 0.01649999976 0.1103034401 0.02100000656
v 0.01725000024 0.1103034401 0.02229904456
v 0.01875 0.1103034401 0.02229904456
v 0.01649999976 0.115803442 0.02100000656
v 0.01725000024 0.115803442 0.01970096866
v 0.01875 0.115803442 0.01970096866
v 0.01950000048 0.115803442 0.02100000656
v 0.01875 0.115803442 0.02229904456
v 0.01725000024 0.115803442 0.02229904456
v 0.01649999976 0.115803442 0.02100000656
v 0.01649999976 0.1103034401 0.02100000656
v 0.01929999948 0.1101034355 0.02100000656
v 0.0186500001 0.1101034355 0.02212583816
v 0.01735000014 0.1101034355 0.02212583816
v 0.01669999957 0.1101034355 0.02100000656
v 0.01735000014 0.1101034355 0.01987417496
v 0.0186500001 0.1101034355 0.01987417496
v 0.01649999976 0.115803442 0.02100000656
v 0.01725000024 0.115803442 0.02229904456
v 0.01875 0.115803442 0.02229904456
v 0.01950000048 0.115803442 0.02100000656
v 0.01875 0.115803442 0.01970096866
v 0.01725000024 0.115803442 0.01970096866
v 0.01620000005 0.1161034393 0.02100000656
v 0.0167272079 0.1161034393 0.01972721376
v 0.01799999952 0.1161034393 0.01920000356
v 0.01927279234 0.1161034393 0.01972721376
v 0.01980000019 0.1161034393 0.02100000656
v 0.01927279234 0.1161034393 0.02227279936
v 0.01799999952 0.1161034393 0.02279999056
v 0.0167272079 0.1161034393 0.02227279936
v 0.01620000005 0.1161034393 0.02100000656
v 0.01649999976 0.115803442 0.02100000656
v 0.02079999924 0.1161034393 0.02100000656
v 0.01997989893 0.1161034393 0.02297989166
v 0.01799999952 0.1161034393 0.02379999436
v 0.01602010131 0.1161034393 0.02297989166
v 0.01519999981 0.1161034393 0.02100000656
v 0.01602010131 0.1161034393 0.01902010246
v 0.01799999952 0.1161034393 0.01819999976
v 0.01997989893 0.1161034393 0.01902010246
v 0.01620000005 0.1161034393 0.02100000656
v 0.0167272079 0.1161034393 0.02227279936
v 0.01799999952 0.1161034393 0.02279999056
v 0.01927279234 0.1161034393 0.02227279936
v 0.01980000019 0.1161034393 0.02100000656
v 0.01927279234 0.1161034393 0.01972721376
v 0.01799999952 0.1161034393 0.01920000356
v 0.0167272079 0.1161034393 0.01972721376
v 0.02079999924 0.1176459026 0.02100000656
v 0.01997989893 0.1176459026 0.02297989166
v 0.01799999952 0.1176459026 0.02379999436
v 0.01602010131 0.1176459026 0.02297989166
v 0.01519999981 0.1176459026 0.02100000656
v 0.01602010131 0.1176459026 0.01902010246
v 0.01799999952 0.1176459026 0.01819999976
v 0.01997989893 0.1176459026 0.01902010246
v 0.02079999924 0.1161034393 0.02100000656
v 0.01997989893 0.1161034393 0.01902010246
v 0.01799999952 0.1161034393 0.01819999976
v 0.01602010131 0.1161034393 0.01902010246
v 0.01519999981 0.1161034393 0.02100000656
v 0.01602010131 0.1161034393 0.02297989166
v 0.01799999952 0.1161034393 0.02379999436
v 0.01997989893 0.1161034393 0.02297989166
v 0.01519999981 0.1176459026 0.02100000656
v 0.01519999981 0.1161034393 0.02100000656
v 0.01938210964 0.1182992458 0.02069999976
v 0.01938623428 0.1183063889 0.02089994706
v 0.01938623428 0.1183063889 0.02110006606
v 0.01938210964 0.1182992458 0.02129999436
v 0.01912435889 0.1183661366 0.02129999436
v 0.01886340857 0.1184191799 0.02129999436
v 0.01860000014 0.1184582329 0.02129999436
v 0.0183878684 0.1184732628 0.02138786596
v 0.01830000043 0.1184582329 0.02160000126
v 0.01830000043 0.1184191799 0.02186340606
v 0.01830000043 0.1183661366 0.02212435046
v 0.01830000043 0.1182992458 0.02238210956
v 0.01810005665 0.1183063889 0.02238622946
v 0.01789994359 0.1183063889 0.02238622946
v 0.01769999981 0.1182992458 0.02238210956
v 0.01769999981 0.1183661366 0.02212435046
v 0.01769999981 0.1184191799 0.02186340606
v 0.01769999981 0.1184582329 0.02160000126
v 0.01761213183 0.1184732628 0.02138786596
v 0.0174000001 0.1184582329 0.02129999436
v 0.01713659167 0.1184191799 0.02129999436
v 0.01687564015 0.1183661366 0.02129999436
v 0.0166178906 0.1182992458 0.02129999436
v 0.01661376595 0.1183063889 0.02110006606
v 0.01661376595 0.1183063889 0.02089994706
v 0.0166178906 0.1182992458 0.02069999976
v 0.01687564015 0.1183661366 0.02069999976
v 0.01713659167 0.1184191799 0.02069999976
v 0.0174000001 0.1184582329 0.02069999976
v 0.01761213183 0.1184732628 0.02061212816
v 0.01769999981 0.1184582329 0.02039999286
v 0.01769999981 0.1184191799 0.02013658806
v 0.01769999981 0.1183661366 0.01987564366
v 0.01769999981 0.1182992458 0.01961788456
v 0.01789994359 0.1183063889 0.01961376466
v 0.01810005665 0.1183063889 0.01961376466
v 0.01830000043 0.1182992458 0.01961788456
v 0.01830000043 0.1183661366 0.01987564366
v 0.01830000043 0.1184191799 0.02013658806
v 0.01830000043 0.1184582329 0.02039999286
v 0.0183878684 0.1184732628 0.02061212816
v 0.01860000014 0.1184582329 0.02069999976
v 0.01886340857 0.1184191799 0.02069999976
v 0.01912435889 0.1183661366 0.02069999976
v 0.02079999924 0.1176459026 0.02100000656
v 0.01997989893 0.1176459026 0.01902010246
v 0.01799999952 0.1176459026 0.01819999976
v 0.01602010131 0.1176459026 0.01902010246
v 0.01519999981 0.1176459026 0.02100000656
v 0.01602010131 0.1176459026 0.02297989166
v 0.01799999952 0.1176459026 0.02379999436
v 0.01997989893 0.1176459026 0.02297989166
v 0.01661376595 0.1183063889 0.02110006606
v 0.01519999981 0.1176459026 0.02100000656
v 0.01830000043 0.1169445896 0.02160000126
v 0.01830000043 0.1184582329 0.02160000126
v 0.0183878684 0.1184732628 0.02138786596
v 0.01860000014 0.1184582329 0.02129999436
v 0.01860000014 0.1169445896 0.02129999436
v 0.01860000014 0.1168234348 0.02129999436
v 0.01845000029 0.1168234348 0.02134020126
v 0.01834019184 0.1168234348 0.02145000736
v 0.01830000043 0.1168234348 0.02160000126
v 0.01860000014 0.1169445896 0.02129999436
v 0.01860000014 0.1184582329 0.02129999436
v 0.01886340857 0.1184191799 0.02129999436
v 0.01912435889 0.1183661366 0.02129999436
v 0.01938210964 0.1182992458 0.02129999436
v 0.01860000014 0.1169445896 0.02069999976
v 0.01853005171 0.1168234348 0.02069999976
v 0.01853005171 0.1168234348 0.02129999436
v 0.01860000014 0.1169445896 0.02129999436
v 0.01938210964 0.1182992458 0.02129999436
v 0.01938623428 0.1183063889 0.02110006606
v 0.01938623428 0.1183063889 0.02089994706
v 0.01938210964 0.1182992458 0.02069999976
v 0.0166178906 0.1182992458 0.02129999436
v 0.0174000001 0.1169445896 0.02129999436
v 0.01746994853 0.1168234348 0.02129999436
v 0.01746994853 0.1168234348 0.02069999976
v 0.0174000001 0.1169445896 0.02069999976
v 0.0166178906 0.1182992458 0.02069999976
v 0.01661376595 0.1183063889 0.02089994706
v 0.01661376595 0.1183063889 0.02110006606
v 0.0174000001 0.1169445896 0.02129999436
v 0.0166178906 0.1182992458 0.02129999436
v 0.01687564015 0.1183661366 0.02129999436
v 0.01713659167 0.1184191799 0.02129999436
v 0.0174000001 0.1184582329 0.02129999436
v 0.0174000001 0.1169445896 0.02129999436
v 0.0174000001 0.1184582329 0.02129999436
v 0.01761213183 0.1184732628 0.02138786596
v 0.01769999981 0.1184582329 0.02160000126
v 0.01769999981 0.1169445896 0.02160000126
v 0.01769999981 0.1168234348 0.02160000126
v 0.01765980721 0.1168234348 0.02145000736
v 0.01754999995 0.1168234348 0.02134020126
v 0.0174000001 0.1168234348 0.02129999436
v 0.01830000043 0.1169445896 0.02160000126
v 0.01830000043 0.1182992458 0.02238210956
v 0.01830000043 0.1183661366 0.02212435046
v 0.01830000043 0.1184191799 0.02186340606
v 0.01830000043 0.1184582329 0.02160000126
v 0.01860000014 0.1169445896 0.02069999976
v 0.01938210964 0.1182992458 0.02069999976
v 0.01912435889 0.1183661366 0.02069999976
v 0.01886340857 0.1184191799 0.02069999976
v 0.01860000014 0.1184582329 0.02069999976
v 0.01769999981 0.1169445896 0.02160000126
v 0.01769999981 0.1184582329 0.02160000126
v 0.01769999981 0.1184191799 0.02186340606
v 0.01769999981 0.1183661366 0.02212435046
v 0.01769999981 0.1182992458 0.02238210956
v 0.01830000043 0.1168234348 0.02153005876
v 0.01830000043 0.1169445896 0.02160000126
v 0.01830000043 0.1168234348 0.02160000126
v 0.01860000014 0.1169445896 0.02069999976
v 0.01860000014 0.1184582329 0.02069999976
v 0.0183878684 0.1184732628 0.02061212816
v 0.01830000043 0.1184582329 0.02039999286
v 0.01830000043 0.1169445896 0.02039999286
v 0.01830000043 0.1168234348 0.02039999286
v 0.01834019184 0.1168234348 0.02055000586
v 0.01845000029 0.1168234348 0.02065981186
v 0.01860000014 0.1168234348 0.02069999976
v 0.01830000043 0.1169445896 0.02160000126
v 0.01830000043 0.1168234348 0.02153005876
v 0.01769999981 0.1168234348 0.02153005876
v 0.01769999981 0.1169445896 0.02160000126
v 0.01769999981 0.1182992458 0.02238210956
v 0.01789994359 0.1183063889 0.02238622946
v 0.01810005665 0.1183063889 0.02238622946
v 0.01830000043 0.1182992458 0.02238210956
v 0.01853005171 0.1168234348 0.02069999976
v 0.01860000014 0.1169445896 0.02069999976
v 0.01860000014 0.1168234348 0.02069999976
v 0.01830000043 0.1168234348 0.02160000126
v 0.01834019184 0.1168234348 0.02145000736
v 0.01845000029 0.1168234348 0.02134020126
v 0.01860000014 0.1168234348 0.02129999436
v 0.01853005171 0.1168234348 0.02129999436
v 0.01853005171 0.1168234348 0.02069999976
v 0.01860000014 0.1168234348 0.02069999976
v 0.01845000029 0.1168234348 0.02065981186
v 0.01834019184 0.1168234348 0.02055000586
v 0.01830000043 0.1168234348 0.02039999286
v 0.01830000043 0.1168234348 0.02046995436
v 0.01769999981 0.1168234348 0.02046995436
v 0.01769999981 0.1168234348 0.02039999286
v 0.01765980721 0.1168234348 0.02055000586
v 0.01754999995 0.1168234348 0.02065981186
v 0.0174000001 0.1168234348 0.02069999976
v 0.01746994853 0.1168234348 0.02069999976
v 0.01746994853 0.1168234348 0.02129999436
v 0.0174000001 0.1168234348 0.02129999436
v 0.01754999995 0.1168234348 0.02134020126
v 0.01765980721 0.1168234348 0.02145000736
v 0.01769999981 0.1168234348 0.02160000126
v 0.01769999981 0.1168234348 0.02153005876
v 0.01830000043 0.1168234348 0.02153005876
v 0.01830000043 0.1169445896 0.02039999286
v 0.01830000043 0.1184582329 0.02039999286
v 0.01830000043 0.1184191799 0.02013658806
v 0.01830000043 0.1183661366 0.01987564366
v 0.01830000043 0.1182992458 0.01961788456
v 0.01853005171 0.1168234348 0.02129999436
v 0.01860000014 0.1168234348 0.02129999436
v 0.01860000014 0.1169445896 0.02129999436
v 0.01746994853 0.1168234348 0.02129999436
v 0.0174000001 0.1169445896 0.02129999436
v 0.0174000001 0.1168234348 0.02129999436
v 0.01769999981 0.1169445896 0.02039999286
v 0.01769999981 0.1168234348 0.02046995436
v 0.01830000043 0.1168234348 0.02046995436
v 0.01830000043 0.1169445896 0.02039999286
v 0.01830000043 0.1182992458 0.01961788456
v 0.01810005665 0.1183063889 0.01961376466
v 0.01789994359 0.1183063889 0.01961376466
v 0.01769999981 0.1182992458 0.01961788456
v 0.01746994853 0.1168234348 0.02069999976
v 0.0174000001 0.1168234348 0.02069999976
v 0.0174000001 0.1169445896 0.02069999976
v 0.01769999981 0.1169445896 0.02039999286
v 0.01769999981 0.1182992458 0.01961788456
v 0.01769999981 0.1183661366 0.01987564366
v 0.01769999981 0.1184191799 0.02013658806
v 0.01769999981 0.1184582329 0.02039999286
v 0.01830000043 0.1168234348 0.02046995436
v 0.01830000043 0.1168234348 0.02039999286
v 0.01830000043 0.1169445896 0.02039999286
v 0.0174000001 0.1169445896 0.02069999976
v 0.0174000001 0.1184582329 0.02069999976
v 0.01713659167 0.1184191799 0.02069999976
v 0.01687564015 0.1183661366 0.02069999976
v 0.0166178906 0.1182992458 0.02069999976
v 0.01769999981 0.1168234348 0.02153005876
v 0.01769999981 0.1168234348 0.02160000126
v 0.01769999981 0.1169445896 0.02160000126
v 0.01769999981 0.1169445896 0.02039999286
v 0.01769999981 0.1184582329 0.02039999286
v 0.01761213183 0.1184732628 0.02061212816
v 0.0174000001 0.1184582329 0.02069999976
v 0.0174000001 0.1169445896 0.02069999976
v 0.0174000001 0.1168234348 0.02069999976
v 0.01754999995 0.1168234348 0.02065981186
v 0.01765980721 0.1168234348 0.02055000586
v 0.01769999981 0.1168234348 0.02039999286
v 0.01769999981 0.1168234348 0.02046995436
v 0.01769999981 0.1169445896 0.02039999286
v 0.01769999981 0.1168234348 0.02039999286
v 0.01664999962 0.1101034355 0.02100000656
v 0.01732499957 0.1101034355 0.02216913506
v 0.01867499948 0.1101034355 0.02216913506
v 0.01934999943 0.1101034355 0.02100000656
v 0.01867499948 0.1101034355 0.01983085906
v 0.01732499957 0.1101034355 0.01983085906
v 0.01664999962 0.115803442 0.02100000656
v 0.0170454061 0.115803442 0.02004539766
v 0.01799999952 0.115803442 0.01965000426
v 0.01895459414 0.115803442 0.02004539766
v 0.01934999943 0.115803442 0.02100000656
v 0.01895459414 0.115803442 0.02195459646
v 0.01799999952 0.115803442 0.02235000886
v 0.0170454061 0.115803442 0.02195459646
v 0.01934999943 0.115803442 0.02100000656
v 0.01934999943 0.1101034355 0.02100000656
v 0.01950000048 0.115803442 0.02100000656
v 0.0190606606 0.115803442 0.02206066406
v 0.01799999952 0.115803442 0.02250000276
v 0.01693933964 0.115803442 0.02206066406
v 0.01649999976 0.115803442 0.02100000656
v 0.01693933964 0.115803442 0.01993934906
v 0.01799999952 0.115803442 0.01949999136
v 0.0190606606 0.115803442 0.01993934906
v 0.01664999962 0.115803442 0.02100000656
v 0.0170454061 0.115803442 0.02195459646
v 0.01799999952 0.115803442 0.02235000886
v 0.01895459414 0.115803442 0.02195459646
v 0.01934999943 0.115803442 0.02100000656
v 0.01895459414 0.115803442 0.02004539766
v 0.01799999952 0.115803442 0.01965000426
v 0.0170454061 0.115803442 0.02004539766
v 0.03893948555 0.1077000046 0.01462959566
v 0.03923800468 0.1077000046 0.01505577366
v 0.03937293053 0.1077000046 0.01555830276
v 0.03932802439 0.1077000046 0.01607668196
v 0.03593451738 0.1060000038 0.01374548236
v 0.0378790617 0.1060000038 0.01294002806
v 0.03982360363 0.1060000038 0.01374548236
v 0.04062906265 0.1060000038 0.01569002426
v 0.03982360363 0.1060000038 0.01763456626
v 0.0378790617 0.1060000038 0.01844002046
v 0.03593451738 0.1060000038 0.01763456626
v 0.03512906075 0.1060000038 0.01569002426
v 0.03667697906 0.1060000038 0.01448793686
v 0.03623698711 0.1060000038 0.01613001146
v 0.03743906736 0.1060000038 0.01733209886
v 0.03908114195 0.1060000038 0.01689211166
v 0.0395211339 0.1060000038 0.01525003706
v 0.03831905365 0.1060000038 0.01404794966
v 0.03593451738 0.1088000011 0.01374548236
v 0.0378790617 0.1088000011 0.01294002806
v 0.03982360363 0.1088000011 0.01374548236
v 0.04062906265 0.1088000011 0.01569002426
v 0.03982360363 0.1088000011 0.01763456626
v 0.0378790617 0.1088000011 0.01844002046
v 0.03593451738 0.1088000011 0.01763456626
v 0.03512906075 0.1088000011 0.01569002426
v 0.03593451738 0.1060000038 0.01374548236
v 0.03512906075 0.1060000038 0.01569002426
v 0.03593451738 0.1060000038 0.01763456626
v 0.0378790617 0.1060000038 0.01844002046
v 0.03982360363 0.1060000038 0.01763456626
v 0.04062906265 0.1060000038 0.01569002426
v 0.03982360363 0.1060000038 0.01374548236
v 0.0378790617 0.1060000038 0.01294002806
v 0.03593451738 0.1060000038 0.01374548236
v 0.03593451738 0.1088000011 0.01374548236
v 0.03607593775 0.1089999962 0.01388689316
v 0.0378790617 0.1089999962 0.01314001366
v 0.03968218327 0.1089999962 0.01388689316
v 0.04042906284 0.1089999962 0.01569002426
v 0.03968218327 0.1089999962 0.01749313636
v 0.0378790617 0.1089999962 0.01824001586
v 0.03607593775 0.1089999962 0.01749313636
v 0.03532906055 0.1089999962 0.01569002426
v 0.03593451738 0.1088000011 0.01374548236
v 0.03512906075 0.1088000011 0.01569002426
v 0.03593451738 0.1088000011 0.01763456626
v 0.0378790617 0.1088000011 0.01844002046
v 0.03982360363 0.1088000011 0.01763456626
v 0.04062906265 0.1088000011 0.01569002426
v 0.03982360363 0.1088000011 0.01374548236
v 0.0378790617 0.1088000011 0.01294002806
v 0.0378790617 0.1089999962 0.01314001366
v 0.0378790617 0.1088000011 0.01294002806
v 0.03607593775 0.1089999962 0.01388689316
v 0.03532906055 0.1089999962 0.01569002426
v 0.03607593775 0.1089999962 0.01749313636
v 0.0378790617 0.1089999962 0.01824001586
v 0.03968218327 0.1089999962 0.01749313636
v 0.04042906284 0.1089999962 0.01569002426
v 0.03968218327 0.1089999962 0.01388689316
v 0.0378790617 0.1089999962 0.01314001366
v 0.03893948555 0.1089999962 0.01462959566
v 0.03932862997 0.1089999962 0.01607893266
v 0.03826749802 0.1089999962 0.01714006706
v 0.03681816578 0.1089999962 0.01675091066
v 0.03642902136 0.1089999962 0.01530159276
v 0.03749015093 0.1089999962 0.01424045836
v 0.03893948555 0.1077000046 0.01462959566
v 0.03893948555 0.1089999962 0.01462959566
v 0.03749015093 0.1089999962 0.01424045836
v 0.03749015093 0.1077000046 0.01424045836
v 0.03749240398 0.1077000046 0.01424104966
v 0.03749240398 0.1077000046 0.01424104966
v 0.03801078796 0.1077000046 0.01419615066
v 0.03851331234 0.1077000046 0.01433107656
v 0.03893948555 0.1077000046 0.01462959566
v 0.03643114328 0.1077000046 0.01529945656
v 0.03665108442 0.1077000046 0.01482916156
v 0.03701820374 0.1077000046 0.01446205416
v 0.03748849869 0.1077000046 0.01424209876
v 0.03667697906 0.1060000038 0.01448793686
v 0.03831905365 0.1060000038 0.01404794966
v 0.0395211339 0.1060000038 0.01525003706
v 0.03908114195 0.1060000038 0.01689211166
v 0.03743906736 0.1060000038 0.01733209886
v 0.03623698711 0.1060000038 0.01613001146
v 0.03681840181 0.1057999992 0.01462936676
v 0.03643017292 0.1057999992 0.01607824606
v 0.03749083281 0.1057999992 0.01713890356
v 0.03893972158 0.1057999992 0.01675068176
v 0.03932795048 0.1057999992 0.01530178346
v 0.03826729059 0.1057999992 0.01424112596
v 0.03908114195 0.1060000038 0.01689211166
v 0.03893972158 0.1057999992 0.01675068176
v 0.03681781769 0.1077000046 0.01674963276
v 0.0365199542 0.1077000046 0.01632393166
v 0.03638522387 0.1077000046 0.01582212726
v 0.0364297986 0.1077000046 0.01530447286
v 0.03681840181 0.09630000114 0.01675068176
v 0.03826729059 0.09630000114 0.01713890356
v 0.03932795048 0.09630000114 0.01607824606
v 0.03893972158 0.09630000114 0.01462936676
v 0.03749083281 0.09630000114 0.01424112596
v 0.03643017292 0.09630000114 0.01530178346
v 0.03681840181 0.1057999992 0.01462936676
v 0.03826729059 0.1057999992 0.01424112596
v 0.03932795048 0.1057999992 0.01530178346
v 0.03893972158 0.1057999992 0.01675068176
v 0.03749083281 0.1057999992 0.01713890356
v 0.03643017292 0.1057999992 0.01607824606
v 0.03826729059 0.09630000114 0.01713890356
v 0.03893972158 0.1057999992 0.01675068176
v 0.03826459885 0.1077000046 0.01713928496
v 0.03774695158 0.1077000046 0.01718385976
v 0.03724515915 0.1077000046 0.01704912466
v 0.03681945562 0.1077000046 0.01675125396
v 0.03681840181 0.09630000114 0.01675068176
v 0.03643017292 0.09630000114 0.01530178346
v 0.03749083281 0.09630000114 0.01424112596
v 0.03893972158 0.09630000114 0.01462936676
v 0.03932795048 0.09630000114 0.01607824606
v 0.03826729059 0.09630000114 0.01713890356
v 0.03703053236 0.09600000381 0.01484150206
v 0.03680985212 0.09600000381 0.01623480116
v 0.03806678295 0.09600000381 0.01687525076
v 0.03906428576 0.09600000381 0.01587774556
v 0.03842385054 0.09600000381 0.01462082186
v 0.03906428576 0.09600000381 0.01587774556
v 0.03893972158 0.09630000114 0.01462936676
v 0.03932697773 0.1077000046 0.01608057296
v 0.03910703659 0.1077000046 0.01655088706
v 0.03873991728 0.1077000046 0.01691799446
v 0.03826962233 0.1077000046 0.01713793076
v 0.03932802439 0.1077000046 0.01607668196
v 0.03932862997 0.1077000046 0.01607893266
v 0.03932862997 0.1089999962 0.01607893266
v 0.03893948555 0.1089999962 0.01462959566
v 0.03893948555 0.1077000046 0.01462959566
v 0.03703053236 0.09600000381 0.01484150206
v 0.03842385054 0.09600000381 0.01462082186
v 0.03906428576 0.09600000381 0.01587774556
v 0.03806678295 0.09600000381 0.01687525076
v 0.03680985212 0.09600000381 0.01623480116
v 0.03748849869 0.1077000046 0.01424209876
v 0.03701820374 0.1077000046 0.01446205416
v 0.03665108442 0.1077000046 0.01482916156
v 0.03643114328 0.1077000046 0.01529945656
v 0.03643069506 0.1077000046 0.01530113496
v 0.03643024445 0.1077000046 0.01530281346
v 0.0364297986 0.1077000046 0.01530447286
v 0.03638522387 0.1077000046 0.01582212726
v 0.0365199542 0.1077000046 0.01632393166
v 0.03681781769 0.1077000046 0.01674963276
v 0.03681816578 0.107700386 0.01675091066
v 0.03681945562 0.1077000046 0.01675125396
v 0.03724515915 0.1077000046 0.01704912466
v 0.03774695158 0.1077000046 0.01718385976
v 0.03826459885 0.1077000046 0.01713928496
v 0.03826627493 0.1077000046 0.01713882726
v 0.03826794863 0.1077000046 0.01713838856
v 0.03826962233 0.1077000046 0.01713793076
v 0.03873991728 0.1077000046 0.01691799446
v 0.03910703659 0.1077000046 0.01655088706
v 0.03932697773 0.1077000046 0.01608057296
v 0.03932732821 0.1077000046 0.01607927596
v 0.0393276763 0.1077000046 0.01607797896
v 0.03932802439 0.1077000046 0.01607668196
v 0.03937293053 0.1077000046 0.01555830276
v 0.03923800468 0.1077000046 0.01505577366
v 0.03893948555 0.1077000046 0.01462959566
v 0.03851331234 0.1077000046 0.01433107656
v 0.03801078796 0.1077000046 0.01419615066
v 0.03749240398 0.1077000046 0.01424104966
v 0.03749110222 0.1077000046 0.01424141206
v 0.03748980045 0.1077000046 0.01424175536
v 0.0378790617 0.1068341637 0.01569002426
v 0.03893948555 0.1077000046 0.01462959566
v 0.0378790617 0.1068341637 0.01569002426
v 0.0378790617 0.1068341637 0.01569002426
v 0.0378790617 0.1068341637 0.01569002426
v 0.0378790617 0.1068341637 0.01569002426
v 0.0378790617 0.1068341637 0.01569002426
v 0.0378790617 0.1068341637 0.01569002426
v 0.03826962233 0.1077000046 0.01713793076
v 0.03826749802 0.1077000046 0.01714006706
v 0.03826749802 0.1089999962 0.01714006706
v 0.03932862997 0.1089999962 0.01607893266
v 0.03932862997 0.1077000046 0.01607893266
v 0.03932697773 0.1077000046 0.01608057296
v 0.03749240398 0.1077000046 0.01424104966
v 0.03749015093 0.1077000046 0.01424045836
v 0.03748849869 0.1077000046 0.01424209876
v 0.03748980045 0.1077000046 0.01424175536
v 0.03749110222 0.1077000046 0.01424141206
v 0.03748849869 0.1077000046 0.01424209876
v 0.03749015093 0.1077000046 0.01424045836
v 0.03749015093 0.1089999962 0.01424045836
v 0.03642902136 0.1089999962 0.01530159276
v 0.03642902136 0.1077000046 0.01530159276
v 0.03643114328 0.1077000046 0.01529945656
v 0.03681945562 0.1077000046 0.01675125396
v 0.03681816578 0.107700386 0.01675091066
v 0.03681816578 0.1089999962 0.01675091066
v 0.03826749802 0.1089999962 0.01714006706
v 0.03826749802 0.1077000046 0.01714006706
v 0.03826459885 0.1077000046 0.01713928496
v 0.03643114328 0.1077000046 0.01529945656
v 0.03642902136 0.1077000046 0.01530159276
v 0.0364297986 0.1077000046 0.01530447286
v 0.03643024445 0.1077000046 0.01530281346
v 0.03643069506 0.1077000046 0.01530113496
v 0.0364297986 0.1077000046 0.01530447286
v 0.03642902136 0.1077000046 0.01530159276
v 0.03642902136 0.1089999962 0.01530159276
v 0.03681816578 0.1089999962 0.01675091066
v 0.03681816578 0.107700386 0.01675091066
v 0.03681781769 0.1077000046 0.01674963276
v 0.03932697773 0.1077000046 0.01608057296
v 0.03932862997 0.1077000046 0.01607893266
v 0.03932802439 0.1077000046 0.01607668196
v 0.0393276763 0.1077000046 0.01607797896
v 0.03932732821 0.1077000046 0.01607927596
v 0.03826459885 0.1077000046 0.01713928496
v 0.03826749802 0.1077000046 0.01714006706
v 0.03826962233 0.1077000046 0.01713793076
v 0.03826794863 0.1077000046 0.01713838856
v 0.03826627493 0.1077000046 0.01713882726
v 0.01569002032 0.1060000038 0.03512905396
v 0.01763456464 0.1060000038 0.03593450826
v 0.01844002128 0.1060000038 0.03787906926
v 0.01763456464 0.1060000038 0.03982361116
v 0.01569002032 0.1060000038 0.04062906546
v 0.0137454772 0.1060000038 0.03982361116
v 0.01294002056 0.1060000038 0.03787906926
v 0.0137454772 0.1060000038 0.03593450826
v 0.01569002032 0.1060000038 0.03617906846
v 0.01421777725 0.1060000038 0.03702905936
v 0.01421777725 0.1060000038 0.03872906006
v 0.01569002032 0.1060000038 0.03957906996
v 0.01716226339 0.1060000038 0.03872906006
v 0.01716226339 0.1060000038 0.03702905936
v 0.01569002032 0.1088000011 0.03512905396
v 0.01763456464 0.1088000011 0.03593450826
v 0.01844002128 0.1088000011 0.03787906926
v 0.01763456464 0.1088000011 0.03982361116
v 0.01569002032 0.1088000011 0.04062906546
v 0.0137454772 0.1088000011 0.03982361116
v 0.01294002056 0.1088000011 0.03787906926
v 0.0137454772 0.1088000011 0.03593450826
v 0.01569002032 0.1060000038 0.03512905396
v 0.0137454772 0.1060000038 0.03593450826
v 0.01294002056 0.1060000038 0.03787906926
v 0.0137454772 0.1060000038 0.03982361116
v 0.01569002032 0.1060000038 0.04062906546
v 0.01763456464 0.1060000038 0.03982361116
v 0.01844002128 0.1060000038 0.03787906926
v 0.01763456464 0.1060000038 0.03593450826
v 0.01569002032 0.1060000038 0.03512905396
v 0.01569002032 0.1088000011 0.03512905396
v 0.01569002032 0.1089999962 0.03532905856
v 0.01749314308 0.1089999962 0.03607593816
v 0.01824002028 0.1089999962 0.03787906926
v 0.01749314308 0.1089999962 0.03968218126
v 0.01569002032 0.1089999962 0.04042906086
v 0.01388689876 0.1089999962 0.03968218126
v 0.01314002037 0.1089999962 0.03787906926
v 0.01388689876 0.1089999962 0.03607593816
v 0.01569002032 0.1088000011 0.03512905396
v 0.0137454772 0.1088000011 0.03593450826
v 0.01294002056 0.1088000011 0.03787906926
v 0.0137454772 0.1088000011 0.03982361116
v 0.01569002032 0.1088000011 0.04062906546
v 0.01763456464 0.1088000011 0.03982361116
v 0.01844002128 0.1088000011 0.03787906926
v 0.01763456464 0.1088000011 0.03593450826
v 0.01749314308 0.1089999962 0.03607593816
v 0.01763456464 0.1088000011 0.03593450826
v 0.01569002032 0.1089999962 0.03532905856
v 0.01388689876 0.1089999962 0.03607593816
v 0.01314002037 0.1089999962 0.03787906926
v 0.01388689876 0.1089999962 0.03968218126
v 0.01569002032 0.1089999962 0.04042906086
v 0.01749314308 0.1089999962 0.03968218126
v 0.01824002028 0.1089999962 0.03787906926
v 0.01749314308 0.1089999962 0.03607593816
v 0.01718968749 0.1089999962 0.03787906926
v 0.0164400208 0.1089999962 0.03917906086
v 0.01493935466 0.1089999962 0.03917906086
v 0.01418968797 0.1089999962 0.03787906926
v 0.01493935466 0.1089999962 0.03657905856
v 0.0164400208 0.1089999962 0.03657905856
v 0.01718968749 0.1077000046 0.03787906926
v 0.01718968749 0.1089999962 0.03787906926
v 0.0164400208 0.1089999962 0.03657905856
v 0.0164400208 0.1077000046 0.03657905856
v 0.01644118547 0.1077000046 0.03658108036
v 0.01644118547 0.1077000046 0.03658108036
v 0.01683949113 0.1077000046 0.03691587726
v 0.01709942222 0.1077000046 0.03736662186
v 0.01718968749 0.1077000046 0.03787906926
v 0.01494235754 0.1077000046 0.03657905856
v 0.01543042898 0.1077000046 0.03640203756
v 0.01594961286 0.1077000046 0.03640203756
v 0.0164376843 0.1077000046 0.03657905856
v 0.01569002032 0.1060000038 0.03617906846
v 0.01716226339 0.1060000038 0.03702905936
v 0.01716226339 0.1060000038 0.03872906006
v 0.01569002032 0.1060000038 0.03957906996
v 0.01421777725 0.1060000038 0.03872906006
v 0.01421777725 0.1060000038 0.03702905936
v 0.01569002032 0.1057999992 0.03637905396
v 0.01439098239 0.1057999992 0.03712906166
v 0.01439098239 0.1057999992 0.03862905776
v 0.01569002032 0.1057999992 0.03937906546
v 0.01698905826 0.1057999992 0.03862905776
v 0.01698905826 0.1057999992 0.03712906166
v 0.01569002032 0.1060000038 0.03957906996
v 0.01569002032 0.1057999992 0.03937906546
v 0.01419035435 0.1077000046 0.03787790576
v 0.01428075194 0.1077000046 0.03736625946
v 0.01454030275 0.1077000046 0.03691618246
v 0.01493785501 0.1077000046 0.03658165256
v 0.01419002056 0.09630000114 0.03787906926
v 0.01494002104 0.09630000114 0.03917810716
v 0.0164400208 0.09630000114 0.03917810716
v 0.01719002128 0.09630000114 0.03787906926
v 0.0164400208 0.09630000114 0.03658003136
v 0.01494002104 0.09630000114 0.03658003136
v 0.01569002032 0.1057999992 0.03637905396
v 0.01698905826 0.1057999992 0.03712906166
v 0.01698905826 0.1057999992 0.03862905776
v 0.01569002032 0.1057999992 0.03937906546
v 0.01439098239 0.1057999992 0.03862905776
v 0.01439098239 0.1057999992 0.03712906166
v 0.01494002104 0.09630000114 0.03917810716
v 0.01569002032 0.1057999992 0.03937906546
v 0.01493785501 0.1077000046 0.03917646686
v 0.01454030275 0.1077000046 0.03884195606
v 0.01428075194 0.1077000046 0.03839185996
v 0.01419035435 0.1077000046 0.03788021366
v 0.01419002056 0.09630000114 0.03787906926
v 0.01494002104 0.09630000114 0.03658003136
v 0.0164400208 0.09630000114 0.03658003136
v 0.01719002128 0.09630000114 0.03787906926
v 0.0164400208 0.09630000114 0.03917810716
v 0.01494002104 0.09630000114 0.03917810716
v 0.01569002032 0.09600000381 0.03667906086
v 0.0145487535 0.09600000381 0.03750824256
v 0.01498467803 0.09600000381 0.03884989066
v 0.01639536262 0.09600000381 0.03884989066
v 0.01683128834 0.09600000381 0.03750824256
v 0.01639536262 0.09600000381 0.03884989066
v 0.01719002128 0.09630000114 0.03787906926
v 0.0164376843 0.1077000046 0.03917906086
v 0.01594961286 0.1077000046 0.03935608186
v 0.01543042898 0.1077000046 0.03935608186
v 0.01494235754 0.1077000046 0.03917906086
v 0.01644118547 0.1077000046 0.03917703906
v 0.0164400208 0.1077000046 0.03917906086
v 0.0164400208 0.1089999962 0.03917906086
v 0.01718968749 0.1089999962 0.03787906926
v 0.01718968749 0.1077000046 0.03787906926
v 0.01569002032 0.09600000381 0.03667906086
v 0.01683128834 0.09600000381 0.03750824256
v 0.01639536262 0.09600000381 0.03884989066
v 0.01498467803 0.09600000381 0.03884989066
v 0.0145487535 0.09600000381 0.03750824256
v 0.01718968749 0.1077000046 0.03787906926
v 0.01709942222 0.1077000046 0.03839149756
v 0.01683949113 0.1077000046 0.03884224216
v 0.01644118547 0.1077000046 0.03917703906
v 0.0164376843 0.1077000046 0.03657905856
v 0.01594961286 0.1077000046 0.03640203756
v 0.01543042898 0.1077000046 0.03640203756
v 0.01494235754 0.1077000046 0.03657905856
v 0.0149408555 0.1077000046 0.03657991686
v 0.01493935466 0.1077000046 0.03658079426
v 0.01493785501 0.1077000046 0.03658165256
v 0.01454030275 0.1077000046 0.03691618246
v 0.01428075194 0.1077000046 0.03736625946
v 0.01419035435 0.1077000046 0.03787790576
v 0.01418968797 0.107700386 0.03787906926
v 0.01419035435 0.1077000046 0.03788021366
v 0.01428075194 0.1077000046 0.03839185996
v 0.01454030275 0.1077000046 0.03884195606
v 0.01493785501 0.1077000046 0.03917646686
v 0.01493935466 0.1077000046 0.03917732516
v 0.0149408555 0.1077000046 0.03917820256
v 0.01494235754 0.1077000046 0.03917906086
v 0.01543042898 0.1077000046 0.03935608186
v 0.01594961286 0.1077000046 0.03935608186
v 0.0164376843 0.1077000046 0.03917906086
v 0.01643885136 0.1077000046 0.03917839326
v 0.01644001961 0.1077000046 0.03917770666
v 0.01644118547 0.1077000046 0.03917703906
v 0.01683949113 0.1077000046 0.03884224216
v 0.01709942222 0.1077000046 0.03839149756
v 0.01718968749 0.1077000046 0.03787906926
v 0.01709942222 0.1077000046 0.03736662186
v 0.01683949113 0.1077000046 0.03691587726
v 0.01644118547 0.1077000046 0.03658108036
v 0.01644001961 0.1077000046 0.03658041276
v 0.01643885136 0.1077000046 0.03657972616
v 0.01569002032 0.1068341637 0.03787906926
v 0.01718968749 0.1077000046 0.03787906926
v 0.01569002032 0.1068341637 0.03787906926
v 0.01569002032 0.1068341637 0.03787906926
v 0.01569002032 0.1068341637 0.03787906926
v 0.01569002032 0.1068341637 0.03787906926
v 0.01569002032 0.1068341637 0.03787906926
v 0.01569002032 0.1068341637 0.03787906926
v 0.01494235754 0.1077000046 0.03917906086
v 0.01493935466 0.1077000046 0.03917906086
v 0.01493935466 0.1089999962 0.03917906086
v 0.0164400208 0.1089999962 0.03917906086
v 0.0164400208 0.1077000046 0.03917906086
v 0.0164376843 0.1077000046 0.03917906086
v 0.01644118547 0.1077000046 0.03658108036
v 0.0164400208 0.1077000046 0.03657905856
v 0.0164376843 0.1077000046 0.03657905856
v 0.01643885136 0.1077000046 0.03657972616
v 0.01644001961 0.1077000046 0.03658041276
v 0.0164376843 0.1077000046 0.03657905856
v 0.0164400208 0.1077000046 0.03657905856
v 0.0164400208 0.1089999962 0.03657905856
v 0.01493935466 0.1089999962 0.03657905856
v 0.01493935466 0.1077000046 0.03657905856
v 0.01494235754 0.1077000046 0.03657905856
v 0.01419035435 0.1077000046 0.03788021366
v 0.01418968797 0.107700386 0.03787906926
v 0.01418968797 0.1089999962 0.03787906926
v 0.01493935466 0.1089999962 0.03917906086
v 0.01493935466 0.1077000046 0.03917906086
v 0.01493785501 0.1077000046 0.03917646686
v 0.01494235754 0.1077000046 0.03657905856
v 0.01493935466 0.1077000046 0.03657905856
v 0.01493785501 0.1077000046 0.03658165256
v 0.01493935466 0.1077000046 0.03658079426
v 0.0149408555 0.1077000046 0.03657991686
v 0.01493785501 0.1077000046 0.03658165256
v 0.01493935466 0.1077000046 0.03657905856
v 0.01493935466 0.1089999962 0.03657905856
v 0.01418968797 0.1089999962 0.03787906926
v 0.01418968797 0.107700386 0.03787906926
v 0.01419035435 0.1077000046 0.03787790576
v 0.0164376843 0.1077000046 0.03917906086
v 0.0164400208 0.1077000046 0.03917906086
v 0.01644118547 0.1077000046 0.03917703906
v 0.01644001961 0.1077000046 0.03917770666
v 0.01643885136 0.1077000046 0.03917839326
v 0.01493785501 0.1077000046 0.03917646686
v 0.01493935466 0.1077000046 0.03917906086
v 0.01494235754 0.1077000046 0.03917906086
v 0.0149408555 0.1077000046 0.03917820256
v 0.01493935466 0.1077000046 0.03917732516
v -0.0137454772 0.1060000038 0.03593450826
v -0.01294002056 0.1060000038 0.03787906926
v -0.0137454772 0.1060000038 0.03982361116
v -0.01569002032 0.1060000038 0.04062906546
v -0.01763456464 0.1060000038 0.03982361116
v -0.01844002128 0.1060000038 0.03787906926
v -0.01763456464 0.1060000038 0.03593450826
v -0.01569002032 0.1060000038 0.03512905396
v -0.01448793888 0.1060000038 0.03667698186
v -0.01613001347 0.1060000038 0.03623699466
v -0.01733209491 0.1060000038 0.03743906296
v -0.01689210176 0.1060000038 0.03908113756
v -0.01525002837 0.1060000038 0.03952114386
v -0.01404794693 0.1060000038 0.03831905646
v -0.0137454772 0.1088000011 0.03593450826
v -0.01294002056 0.1088000011 0.03787906926
v -0.0137454772 0.1088000011 0.03982361116
v -0.01569002032 0.1088000011 0.04062906546
v -0.01763456464 0.1088000011 0.03982361116
v -0.01844002128 0.1088000011 0.03787906926
v -0.01763456464 0.1088000011 0.03593450826
v -0.01569002032 0.1088000011 0.03512905396
v -0.0137454772 0.1060000038 0.03593450826
v -0.01569002032 0.1060000038 0.03512905396
v -0.01763456464 0.1060000038 0.03593450826
v -0.01844002128 0.1060000038 0.03787906926
v -0.01763456464 0.1060000038 0.03982361116
v -0.01569002032 0.1060000038 0.04062906546
v -0.0137454772 0.1060000038 0.03982361116
v -0.01294002056 0.1060000038 0.03787906926
v -0.0137454772 0.1060000038 0.03593450826
v -0.0137454772 0.1088000011 0.03593450826
v -0.01388689876 0.1089999962 0.03607593816
v -0.01314002037 0.1089999962 0.03787906926
v -0.01388689876 0.1089999962 0.03968218126
v -0.01569002032 0.1089999962 0.04042906086
v -0.01749314308 0.1089999962 0.03968218126
v -0.01824002028 0.1089999962 0.03787906926
v -0.01749314308 0.1089999962 0.03607593816
v -0.01569002032 0.1089999962 0.03532905856
v -0.0137454772 0.1088000011 0.03593450826
v -0.01569002032 0.1088000011 0.03512905396
v -0.01763456464 0.1088000011 0.03593450826
v -0.01844002128 0.1088000011 0.03787906926
v -0.01763456464 0.1088000011 0.03982361116
v -0.01569002032 0.1088000011 0.04062906546
v -0.0137454772 0.1088000011 0.03982361116
v -0.01294002056 0.1088000011 0.03787906926
v -0.01314002037 0.1089999962 0.03787906926
v -0.01294002056 0.1088000011 0.03787906926
v -0.01388689876 0.1089999962 0.03607593816
v -0.01569002032 0.1089999962 0.03532905856
v -0.01749314308 0.1089999962 0.03607593816
v -0.01824002028 0.1089999962 0.03787906926
v -0.01749314308 0.1089999962 0.03968218126
v -0.01569002032 0.1089999962 0.04042906086
v -0.01388689876 0.1089999962 0.03968218126
v -0.01314002037 0.1089999962 0.03787906926
v -0.01462959647 0.1089999962 0.03893947876
v -0.0160789299 0.1089999962 0.03932863516
v -0.01714006066 0.1089999962 0.03826750076
v -0.01675091624 0.1089999962 0.03681816376
v -0.01530158281 0.1089999962 0.03642902656
v -0.01424045205 0.1089999962 0.03749016086
v -0.01462959647 0.1077000046 0.03893947876
v -0.01462959647 0.1089999962 0.03893947876
v -0.01424045205 0.1089999962 0.03749016086
v -0.01424045205 0.1077000046 0.03749016086
v -0.01424105644 0.1077000046 0.03749241156
v -0.01424105644 0.1077000046 0.03749241156
v -0.0141961503 0.1077000046 0.03801079076
v -0.01433107734 0.1077000046 0.03851331986
v -0.01462959647 0.1077000046 0.03893947876
v -0.0152994597 0.1077000046 0.03643114366
v -0.01482916355 0.1077000046 0.03665108006
v -0.01446204424 0.1077000046 0.03701820656
v -0.01424210429 0.1077000046 0.03748850146
v -0.01448793888 0.1060000038 0.03667698186
v -0.01404794693 0.1060000038 0.03831905646
v -0.01525002837 0.1060000038 0.03952114386
v -0.01689210176 0.1060000038 0.03908113756
v -0.01733209491 0.1060000038 0.03743906296
v -0.01613001347 0.1060000038 0.03623699466
v -0.01462936044 0.1057999992 0.03681839266
v -0.01607824922 0.1057999992 0.03643017096
v -0.0171389091 0.1057999992 0.03749082846
v -0.0167506814 0.1057999992 0.03893972676
v -0.01530179262 0.1057999992 0.03932794846
v -0.01424113154 0.1057999992 0.03826729096
v -0.01689210176 0.1060000038 0.03908113756
v -0.0167506814 0.1057999992 0.03893972676
v -0.01674962759 0.1077000046 0.03681782046
v -0.01632392287 0.1077000046 0.03651994986
v -0.01582213044 0.1077000046 0.03638523376
v -0.01530448198 0.1077000046 0.03642978946
v -0.0167506814 0.09630000114 0.03681839266
v -0.0171389091 0.09630000114 0.03826729096
v -0.01607824922 0.09630000114 0.03932794846
v -0.01462936044 0.09630000114 0.03893972676
v -0.01424113154 0.09630000114 0.03749082846
v -0.01530179262 0.09630000114 0.03643017096
v -0.01462936044 0.1057999992 0.03681839266
v -0.01424113154 0.1057999992 0.03826729096
v -0.01530179262 0.1057999992 0.03932794846
v -0.0167506814 0.1057999992 0.03893972676
v -0.0171389091 0.1057999992 0.03749082846
v -0.01607824922 0.1057999992 0.03643017096
v -0.0171389091 0.09630000114 0.03826729096
v -0.0167506814 0.1057999992 0.03893972676
v -0.01713928223 0.1077000046 0.03826460166
v -0.01718385696 0.1077000046 0.03774694716
v -0.01704912663 0.1077000046 0.03724516196
v -0.01675126314 0.1077000046 0.03681946076
v -0.0167506814 0.09630000114 0.03681839266
v -0.01530179262 0.09630000114 0.03643017096
v -0.01424113154 0.09630000114 0.03749082846
v -0.01462936044 0.09630000114 0.03893972676
v -0.01607824922 0.09630000114 0.03932794846
v -0.0171389091 0.09630000114 0.03826729096
v -0.01484149218 0.09600000381 0.03703052796
v -0.01623480916 0.09600000381 0.03680984776
v -0.01687524676 0.09600000381 0.03806679046
v -0.01587774158 0.09600000381 0.03906429566
v -0.01462081313 0.09600000381 0.03842384616
v -0.01587774158 0.09600000381 0.03906429566
v -0.01462936044 0.09630000114 0.03893972676
v -0.01608058214 0.1077000046 0.03932697576
v -0.01655087829 0.1077000046 0.03910703936
v -0.01691799641 0.1077000046 0.03873991286
v -0.01713793755 0.1077000046 0.03826961796
v -0.01607667685 0.1077000046 0.03932802476
v -0.0160789299 0.1077000046 0.03932863516
v -0.0160789299 0.1089999962 0.03932863516
v -0.01462959647 0.1089999962 0.03893947876
v -0.01462959647 0.1077000046 0.03893947876
v -0.01484149218 0.09600000381 0.03703052796
v -0.01462081313 0.09600000381 0.03842384616
v -0.01587774158 0.09600000381 0.03906429566
v -0.01687524676 0.09600000381 0.03806679046
v -0.01623480916 0.09600000381 0.03680984776
v -0.01462959647 0.1077000046 0.03893947876
v -0.01505576968 0.1077000046 0.03923799796
v -0.01555829525 0.1077000046 0.03937292376
v -0.01607667685 0.1077000046 0.03932802476
v -0.01424210429 0.1077000046 0.03748850146
v -0.01446204424 0.1077000046 0.03701820656
v -0.01482916355 0.1077000046 0.03665108006
v -0.0152994597 0.1077000046 0.03643114366
v -0.01530113339 0.1077000046 0.03643068596
v -0.01530280709 0.1077000046 0.03643024726
v -0.01530448198 0.1077000046 0.03642978946
v -0.01582213044 0.1077000046 0.03638523376
v -0.01632392287 0.1077000046 0.03651994986
v -0.01674962759 0.1077000046 0.03681782046
v -0.01675091624 0.107700386 0.03681816376
v -0.01675126314 0.1077000046 0.03681946076
v -0.01704912663 0.1077000046 0.03724516196
v -0.01718385696 0.1077000046 0.03774694716
v -0.01713928223 0.1077000046 0.03826460166
v -0.01713883638 0.1077000046 0.03826628006
v -0.01713838816 0.1077000046 0.03826793946
v -0.01713793755 0.1077000046 0.03826961796
v -0.01691799641 0.1077000046 0.03873991286
v -0.01655087829 0.1077000046 0.03910703936
v -0.01608058214 0.1077000046 0.03932697576
v -0.01607928038 0.1077000046 0.03932731906
v -0.01607797861 0.1077000046 0.03932768146
v -0.01607667685 0.1077000046 0.03932802476
v -0.01555829525 0.1077000046 0.03937292376
v -0.01505576968 0.1077000046 0.03923799796
v -0.01462959647 0.1077000046 0.03893947876
v -0.01433107734 0.1077000046 0.03851331986
v -0.0141961503 0.1077000046 0.03801079076
v -0.01424105644 0.1077000046 0.03749241156
v -0.01424140453 0.1077000046 0.03749109546
v -0.01424175382 0.1077000046 0.03748979846
v -0.01569002032 0.1068341637 0.03787906926
v -0.01462959647 0.1077000046 0.03893947876
v -0.01569002032 0.1068341637 0.03787906926
v -0.01569002032 0.1068341637 0.03787906926
v -0.01569002032 0.1068341637 0.03787906926
v -0.01569002032 0.1068341637 0.03787906926
v -0.01569002032 0.1068341637 0.03787906926
v -0.01569002032 0.1068341637 0.03787906926
v -0.01713793755 0.1077000046 0.03826961796
v -0.01714006066 0.1077000046 0.03826750076
v -0.01714006066 0.1089999962 0.03826750076
v -0.0160789299 0.1089999962 0.03932863516
v -0.0160789299 0.1077000046 0.03932863516
v -0.01608058214 0.1077000046 0.03932697576
v -0.01424105644 0.1077000046 0.03749241156
v -0.01424045205 0.1077000046 0.03749016086
v -0.01424210429 0.1077000046 0.03748850146
v -0.01424175382 0.1077000046 0.03748979846
v -0.01424140453 0.1077000046 0.03749109546
v -0.01424210429 0.1077000046 0.03748850146
v -0.01424045205 0.1077000046 0.03749016086
v -0.01424045205 0.1089999962 0.03749016086
v -0.01530158281 0.1089999962 0.03642902656
v -0.01530158281 0.1077000046 0.03642902656
v -0.0152994597 0.1077000046 0.03643114366
v -0.01675126314 0.1077000046 0.03681946076
v -0.01675091624 0.107700386 0.03681816376
v -0.01675091624 0.1089999962 0.03681816376
v -0.01714006066 0.1089999962 0.03826750076
v -0.01714006066 0.1077000046 0.03826750076
v -0.01713928223 0.1077000046 0.03826460166
v -0.0152994597 0.1077000046 0.03643114366
v -0.01530158281 0.1077000046 0.03642902656
v -0.01530448198 0.1077000046 0.03642978946
v -0.01530280709 0.1077000046 0.03643024726
v -0.01530113339 0.1077000046 0.03643068596
v -0.01530448198 0.1077000046 0.03642978946
v -0.01530158281 0.1077000046 0.03642902656
v -0.01530158281 0.1089999962 0.03642902656
v -0.01675091624 0.1089999962 0.03681816376
v -0.01675091624 0.107700386 0.03681816376
v -0.01674962759 0.1077000046 0.03681782046
v -0.01608058214 0.1077000046 0.03932697576
v -0.0160789299 0.1077000046 0.03932863516
v -0.01607667685 0.1077000046 0.03932802476
v -0.01607797861 0.1077000046 0.03932768146
v -0.01607928038 0.1077000046 0.03932731906
v -0.01713928223 0.1077000046 0.03826460166
v -0.01714006066 0.1077000046 0.03826750076
v -0.01713793755 0.1077000046 0.03826961796
v -0.01713838816 0.1077000046 0.03826793946
v -0.01713883638 0.1077000046 0.03826628006
v -0.03917704105 0.1077000046 0.01644117636
v -0.03917906046 0.1077000046 0.01644001286
v -0.03917906046 0.1089999962 0.01644001286
v -0.0378790617 0.1089999962 0.01718969626
v -0.0378790617 0.1077000046 0.01718969626
v -0.03512906075 0.1060000038 0.01569002426
v -0.03593451738 0.1060000038 0.01763456626
v -0.0378790617 0.1060000038 0.01844002046
v -0.03982360363 0.1060000038 0.01763456626
v -0.04062906265 0.1060000038 0.01569002426
v -0.03982360363 0.1060000038 0.01374548236
v -0.0378790617 0.1060000038 0.01294002806
v -0.03593451738 0.1060000038 0.01374548236
v -0.03617906094 0.1060000038 0.01569002426
v -0.03702906132 0.1060000038 0.01421778006
v -0.0387290597 0.1060000038 0.01421778006
v -0.03957906008 0.1060000038 0.01569002426
v -0.0387290597 0.1060000038 0.01716226856
v -0.03702906132 0.1060000038 0.01716226856
v -0.03512906075 0.1088000011 0.01569002426
v -0.03593451738 0.1088000011 0.01763456626
v -0.0378790617 0.1088000011 0.01844002046
v -0.03982360363 0.1088000011 0.01763456626
v -0.04062906265 0.1088000011 0.01569002426
v -0.03982360363 0.1088000011 0.01374548236
v -0.0378790617 0.1088000011 0.01294002806
v -0.03593451738 0.1088000011 0.01374548236
v -0.03512906075 0.1060000038 0.01569002426
v -0.03593451738 0.1060000038 0.01374548236
v -0.0378790617 0.1060000038 0.01294002806
v -0.03982360363 0.1060000038 0.01374548236
v -0.04062906265 0.1060000038 0.01569002426
v -0.03982360363 0.1060000038 0.01763456626
v -0.0378790617 0.1060000038 0.01844002046
v -0.03593451738 0.1060000038 0.01763456626
v -0.03512906075 0.1060000038 0.01569002426
v -0.03512906075 0.1088000011 0.01569002426
v -0.03532906055 0.1089999962 0.01569002426
v -0.03607593775 0.1089999962 0.01749313636
v -0.0378790617 0.1089999962 0.01824001586
v -0.03968218327 0.1089999962 0.01749313636
v -0.04042906284 0.1089999962 0.01569002426
v -0.03968218327 0.1089999962 0.01388689316
v -0.0378790617 0.1089999962 0.01314001366
v -0.03607593775 0.1089999962 0.01388689316
v -0.03512906075 0.1088000011 0.01569002426
v -0.03593451738 0.1088000011 0.01374548236
v -0.0378790617 0.1088000011 0.01294002806
v -0.03982360363 0.1088000011 0.01374548236
v -0.04062906265 0.1088000011 0.01569002426
v -0.03982360363 0.1088000011 0.01763456626
v -0.0378790617 0.1088000011 0.01844002046
v -0.03593451738 0.1088000011 0.01763456626
v -0.03607593775 0.1089999962 0.01749313636
v -0.03593451738 0.1088000011 0.01763456626
v -0.03532906055 0.1089999962 0.01569002426
v -0.03607593775 0.1089999962 0.01388689316
v -0.0378790617 0.1089999962 0.01314001366
v -0.03968218327 0.1089999962 0.01388689316
v -0.04042906284 0.1089999962 0.01569002426
v -0.03968218327 0.1089999962 0.01749313636
v -0.0378790617 0.1089999962 0.01824001586
v -0.03607593775 0.1089999962 0.01749313636
v -0.0378790617 0.1089999962 0.01718969626
v -0.03917906046 0.1089999962 0.01644001286
v -0.03917906046 0.1089999962 0.01493934906
v -0.0378790617 0.1089999962 0.01418968476
v -0.03657906055 0.1089999962 0.01493934906
v -0.03657906055 0.1089999962 0.01644001286
v -0.0378790617 0.1077000046 0.01718969626
v -0.0378790617 0.1089999962 0.01718969626
v -0.03657906055 0.1089999962 0.01644001286
v -0.03657906055 0.1077000046 0.01644001286
v -0.03658107996 0.1077000046 0.01644117636
v -0.03658107996 0.1077000046 0.01644117636
v -0.03691587925 0.1077000046 0.01683948796
v -0.03736662626 0.1077000046 0.01709942146
v -0.0378790617 0.1077000046 0.01718969626
v -0.03657906055 0.1077000046 0.01494236266
v -0.03640203238 0.1077000046 0.01543043416
v -0.03640203238 0.1077000046 0.01594961446
v -0.03657906055 0.1077000046 0.01643768586
v -0.03617906094 0.1060000038 0.01569002426
v -0.03702906132 0.1060000038 0.01716226856
v -0.0387290597 0.1060000038 0.01716226856
v -0.03957906008 0.1060000038 0.01569002426
v -0.0387290597 0.1060000038 0.01421778006
v -0.03702906132 0.1060000038 0.01421778006
v -0.03637906075 0.1057999992 0.01569002426
v -0.03712906122 0.1057999992 0.01439098636
v -0.03862905979 0.1057999992 0.01439098636
v -0.03937906027 0.1057999992 0.01569002426
v -0.03862905979 0.1057999992 0.01698906226
v -0.03712906122 0.1057999992 0.01698906226
v -0.03957906008 0.1060000038 0.01569002426
v -0.03937906027 0.1057999992 0.01569002426
v -0.03787790298 0.1077000046 0.01419035236
v -0.03736626387 0.1077000046 0.01428076066
v -0.03691617489 0.1077000046 0.01454029356
v -0.0365816617 0.1077000046 0.01493786136
v -0.0378790617 0.09630000114 0.01419002806
v -0.03917809963 0.09630000114 0.01494001666
v -0.03917809963 0.09630000114 0.01644001286
v -0.0378790617 0.09630000114 0.01719002046
v -0.03658002377 0.09630000114 0.01644001286
v -0.03658002377 0.09630000114 0.01494001666
v -0.03637906075 0.1057999992 0.01569002426
v -0.03712906122 0.1057999992 0.01698906226
v -0.03862905979 0.1057999992 0.01698906226
v -0.03937906027 0.1057999992 0.01569002426
v -0.03862905979 0.1057999992 0.01439098636
v -0.03712906122 0.1057999992 0.01439098636
v -0.03917809963 0.09630000114 0.01494001666
v -0.03937906027 0.1057999992 0.01569002426
v -0.0391764617 0.1077000046 0.01493786136
v -0.03884194613 0.1077000046 0.01454029356
v -0.03839185715 0.1077000046 0.01428076066
v -0.03788021803 0.1077000046 0.01419035236
v -0.0378790617 0.09630000114 0.01419002806
v -0.03658002377 0.09630000114 0.01494001666
v -0.03658002377 0.09630000114 0.01644001286
v -0.0378790617 0.09630000114 0.01719002046
v -0.03917809963 0.09630000114 0.01644001286
v -0.03917809963 0.09630000114 0.01494001666
v -0.03667906046 0.09600000381 0.01569002426
v -0.03750823975 0.09600000381 0.01454876226
v -0.0388498807 0.09600000381 0.01498468676
v -0.0388498807 0.09600000381 0.01639536186
v -0.03750823975 0.09600000381 0.01683128636
v -0.0388498807 0.09600000381 0.01639536186
v -0.0378790617 0.09630000114 0.01719002046
v -0.03917906046 0.1077000046 0.01643768586
v -0.03935608864 0.1077000046 0.01594961446
v -0.03935608864 0.1077000046 0.01543043416
v -0.03917906046 0.1077000046 0.01494236266
v -0.03667906046 0.09600000381 0.01569002426
v -0.03750823975 0.09600000381 0.01683128636
v -0.0388498807 0.09600000381 0.01639536186
v -0.0388498807 0.09600000381 0.01498468676
v -0.03750823975 0.09600000381 0.01454876226
v -0.0378790617 0.1077000046 0.01718969626
v -0.03839149475 0.1077000046 0.01709942146
v -0.03884224176 0.1077000046 0.01683948796
v -0.03917704105 0.1077000046 0.01644117636
v -0.03657906055 0.1077000046 0.01643768586
v -0.03640203238 0.1077000046 0.01594961446
v -0.03640203238 0.1077000046 0.01543043416
v -0.03657906055 0.1077000046 0.01494236266
v -0.03657992601 0.1077000046 0.01494085586
v -0.03658079147 0.1077000046 0.01493934906
v -0.0365816617 0.1077000046 0.01493786136
v -0.03691617489 0.1077000046 0.01454029356
v -0.03736626387 0.1077000046 0.01428076066
v -0.03787790298 0.1077000046 0.01419035236
v -0.0378790617 0.107700386 0.01418968476
v -0.03788021803 0.1077000046 0.01419035236
v -0.03839185715 0.1077000046 0.01428076066
v -0.03884194613 0.1077000046 0.01454029356
v -0.0391764617 0.1077000046 0.01493786136
v -0.03917732954 0.1077000046 0.01493934906
v -0.039178195 0.1077000046 0.01494085586
v -0.03917906046 0.1077000046 0.01494236266
v -0.03935608864 0.1077000046 0.01543043416
v -0.03935608864 0.1077000046 0.01594961446
v -0.03917906046 0.1077000046 0.01643768586
v -0.03917838812 0.1077000046 0.01643884936
v -0.03917771578 0.1077000046 0.01644001286
v -0.03917704105 0.1077000046 0.01644117636
v -0.03884224176 0.1077000046 0.01683948796
v -0.03839149475 0.1077000046 0.01709942146
v -0.0378790617 0.1077000046 0.01718969626
v -0.03736662626 0.1077000046 0.01709942146
v -0.03691587925 0.1077000046 0.01683948796
v -0.03658107996 0.1077000046 0.01644117636
v -0.03658040762 0.1077000046 0.01644001286
v -0.03657973289 0.1077000046 0.01643884936
v -0.0378790617 0.1068341637 0.01569002426
v -0.0378790617 0.1077000046 0.01718969626
v -0.0378790617 0.1068341637 0.01569002426
v -0.0378790617 0.1068341637 0.01569002426
v -0.0378790617 0.1068341637 0.01569002426
v -0.0378790617 0.1068341637 0.01569002426
v -0.0378790617 0.1068341637 0.01569002426
v -0.0378790617 0.1068341637 0.01569002426
v -0.03917906046 0.1077000046 0.01494236266
v -0.03917906046 0.1077000046 0.01493934906
v -0.03917906046 0.1089999962 0.01493934906
v -0.03917906046 0.1089999962 0.01644001286
v -0.03917906046 0.1077000046 0.01644001286
v -0.03917906046 0.1077000046 0.01643768586
v -0.03658107996 0.1077000046 0.01644117636
v -0.03657906055 0.1077000046 0.01644001286
v -0.03657906055 0.1077000046 0.01643768586
v -0.03657973289 0.1077000046 0.01643884936
v -0.03658040762 0.1077000046 0.01644001286
v -0.03657906055 0.1077000046 0.01643768586
v -0.03657906055 0.1077000046 0.01644001286
v -0.03657906055 0.1089999962 0.01644001286
v -0.03657906055 0.1089999962 0.01493934906
v -0.03657906055 0.1077000046 0.01493934906
v -0.03657906055 0.1077000046 0.01494236266
v -0.03788021803 0.1077000046 0.01419035236
v -0.0378790617 0.107700386 0.01418968476
v -0.0378790617 0.1089999962 0.01418968476
v -0.03917906046 0.1089999962 0.01493934906
v -0.03917906046 0.1077000046 0.01493934906
v -0.0391764617 0.1077000046 0.01493786136
v -0.03657906055 0.1077000046 0.01494236266
v -0.03657906055 0.1077000046 0.01493934906
v -0.0365816617 0.1077000046 0.01493786136
v -0.03658079147 0.1077000046 0.01493934906
v -0.03657992601 0.1077000046 0.01494085586
v -0.0365816617 0.1077000046 0.01493786136
v -0.03657906055 0.1077000046 0.01493934906
v -0.03657906055 0.1089999962 0.01493934906
v -0.0378790617 0.1089999962 0.01418968476
v -0.0378790617 0.107700386 0.01418968476
v -0.03787790298 0.1077000046 0.01419035236
v -0.03917906046 0.1077000046 0.01643768586
v -0.03917906046 0.1077000046 0.01644001286
v -0.03917704105 0.1077000046 0.01644117636
v -0.03917771578 0.1077000046 0.01644001286
v -0.03917838812 0.1077000046 0.01643884936
v -0.0391764617 0.1077000046 0.01493786136
v -0.03917906046 0.1077000046 0.01493934906
v -0.03917906046 0.1077000046 0.01494236266
v -0.039178195 0.1077000046 0.01494085586
v -0.03917732954 0.1077000046 0.01493934906
v -0.03593451738 0.1060000038 -0.01374547684
v -0.0378790617 0.1060000038 -0.01294002254
v -0.03982360363 0.1060000038 -0.01374547684
v -0.04062906265 0.1060000038 -0.01569001874
v -0.03982360363 0.1060000038 -0.01763456064
v -0.0378790617 0.1060000038 -0.01844002444
v -0.03593451738 0.1060000038 -0.01763456064
v -0.03512906075 0.1060000038 -0.01569001874
v -0.03667697906 0.1060000038 -0.01448794084
v -0.03623698711 0.1060000038 -0.01613001544
v -0.03743906736 0.1060000038 -0.01733209334
v -0.03908114195 0.1060000038 -0.01689210614
v -0.0395211339 0.1060000038 -0.01525003154
v -0.03831905365 0.1060000038 -0.01404794414
v -0.03593451738 0.1088000011 -0.01374547684
v -0.0378790617 0.1088000011 -0.01294002254
v -0.03982360363 0.1088000011 -0.01374547684
v -0.04062906265 0.1088000011 -0.01569001874
v -0.03982360363 0.1088000011 -0.01763456064
v -0.0378790617 0.1088000011 -0.01844002444
v -0.03593451738 0.1088000011 -0.01763456064
v -0.03512906075 0.1088000011 -0.01569001874
v -0.03593451738 0.1060000038 -0.01374547684
v -0.03512906075 0.1060000038 -0.01569001874
v -0.03593451738 0.1060000038 -0.01763456064
v -0.0378790617 0.1060000038 -0.01844002444
v -0.03982360363 0.1060000038 -0.01763456064
v -0.04062906265 0.1060000038 -0.01569001874
v -0.03982360363 0.1060000038 -0.01374547684
v -0.0378790617 0.1060000038 -0.01294002254
v -0.03593451738 0.1060000038 -0.01374547684
v -0.03593451738 0.1088000011 -0.01374547684
v -0.03607593775 0.1089999962 -0.01388689714
v -0.0378790617 0.1089999962 -0.01314001764
v -0.03968218327 0.1089999962 -0.01388689714
v -0.04042906284 0.1089999962 -0.01569001874
v -0.03968218327 0.1089999962 -0.01749314034
v -0.0378790617 0.1089999962 -0.01824001984
v -0.03607593775 0.1089999962 -0.01749314034
v -0.03532906055 0.1089999962 -0.01569001874
v -0.03593451738 0.1088000011 -0.01374547684
v -0.03512906075 0.1088000011 -0.01569001874
v -0.03593451738 0.1088000011 -0.01763456064
v -0.0378790617 0.1088000011 -0.01844002444
v -0.03982360363 0.1088000011 -0.01763456064
v -0.04062906265 0.1088000011 -0.01569001874
v -0.03982360363 0.1088000011 -0.01374547684
v -0.0378790617 0.1088000011 -0.01294002254
v -0.0378790617 0.1089999962 -0.01314001764
v -0.0378790617 0.1088000011 -0.01294002254
v -0.03607593775 0.1089999962 -0.01388689714
v -0.03532906055 0.1089999962 -0.01569001874
v -0.03607593775 0.1089999962 -0.01749314034
v -0.0378790617 0.1089999962 -0.01824001984
v -0.03968218327 0.1089999962 -0.01749314034
v -0.04042906284 0.1089999962 -0.01569001874
v -0.03968218327 0.1089999962 -0.01388689714
v -0.0378790617 0.1089999962 -0.01314001764
v -0.03893948555 0.1089999962 -0.01462959964
v -0.03932862997 0.1089999962 -0.01607892714
v -0.03826749802 0.1089999962 -0.01714006144
v -0.03681816578 0.1089999962 -0.01675091464
v -0.03642902136 0.1089999962 -0.01530158714
v -0.03749015093 0.1089999962 -0.01424045284
v -0.03893948555 0.1077000046 -0.01462959964
v -0.03893948555 0.1089999962 -0.01462959964
v -0.03749015093 0.1089999962 -0.01424045284
v -0.03749015093 0.1077000046 -0.01424045284
v -0.03749240398 0.1077000046 -0.01424105364
v -0.03749240398 0.1077000046 -0.01424105364
v -0.03801078796 0.1077000046 -0.01419615464
v -0.03851331234 0.1077000046 -0.01433108054
v -0.03893948555 0.1077000046 -0.01462959964
v -0.03643114328 0.1077000046 -0.01529946054
v -0.03665108442 0.1077000046 -0.01482916554
v -0.03701820374 0.1077000046 -0.01446204864
v -0.03748849869 0.1077000046 -0.01424210274
v -0.03667697906 0.1060000038 -0.01448794084
v -0.03831905365 0.1060000038 -0.01404794414
v -0.0395211339 0.1060000038 -0.01525003154
v -0.03908114195 0.1060000038 -0.01689210614
v -0.03743906736 0.1060000038 -0.01733209334
v -0.03623698711 0.1060000038 -0.01613001544
v -0.03681840181 0.1057999992 -0.01462936124
v -0.03643017292 0.1057999992 -0.01607825004
v -0.03749083281 0.1057999992 -0.01713890754
v -0.03893972158 0.1057999992 -0.01675067624
v -0.03932795048 0.1057999992 -0.01530178744
v -0.03826729059 0.1057999992 -0.01424112994
v -0.03908114195 0.1060000038 -0.01689210614
v -0.03893972158 0.1057999992 -0.01675067624
v -0.03681781769 0.1077000046 -0.01674962724
v -0.0365199542 0.1077000046 -0.01632392604
v -0.03638522387 0.1077000046 -0.01582213124
v -0.0364297986 0.1077000046 -0.01530448634
v -0.03681840181 0.09630000114 -0.01675067624
v -0.03826729059 0.09630000114 -0.01713890754
v -0.03932795048 0.09630000114 -0.01607825004
v -0.03893972158 0.09630000114 -0.01462936124
v -0.03749083281 0.09630000114 -0.01424112994
v -0.03643017292 0.09630000114 -0.01530178744
v -0.03681840181 0.1057999992 -0.01462936124
v -0.03826729059 0.1057999992 -0.01424112994
v -0.03932795048 0.1057999992 -0.01530178744
v -0.03893972158 0.1057999992 -0.01675067624
v -0.03749083281 0.1057999992 -0.01713890754
v -0.03643017292 0.1057999992 -0.01607825004
v -0.03826729059 0.09630000114 -0.01713890754
v -0.03893972158 0.1057999992 -0.01675067624
v -0.03826459885 0.1077000046 -0.01713927944
v -0.03774695158 0.1077000046 -0.01718385414
v -0.03724515915 0.1077000046 -0.01704912864
v -0.03681945562 0.1077000046 -0.01675126754
v -0.03681840181 0.09630000114 -0.01675067624
v -0.03643017292 0.09630000114 -0.01530178744
v -0.03749083281 0.09630000114 -0.01424112994
v -0.03893972158 0.09630000114 -0.01462936124
v -0.03932795048 0.09630000114 -0.01607825004
v -0.03826729059 0.09630000114 -0.01713890754
v -0.03703053236 0.09600000381 -0.01484149654
v -0.03680985212 0.09600000381 -0.01623480524
v -0.03806678295 0.09600000381 -0.01687524514
v -0.03906428576 0.09600000381 -0.01587773994
v -0.03842385054 0.09600000381 -0.01462081634
v -0.03906428576 0.09600000381 -0.01587773994
v -0.03893972158 0.09630000114 -0.01462936124
v -0.03932697773 0.1077000046 -0.01608058654
v -0.03910703659 0.1077000046 -0.01655088144
v -0.03873991728 0.1077000046 -0.01691799844
v -0.03826962233 0.1077000046 -0.01713793474
v -0.03932802439 0.1077000046 -0.01607667644
v -0.03932862997 0.1077000046 -0.01607892714
v -0.03932862997 0.1089999962 -0.01607892714
v -0.03893948555 0.1089999962 -0.01462959964
v -0.03893948555 0.1077000046 -0.01462959964
v -0.03703053236 0.09600000381 -0.01484149654
v -0.03842385054 0.09600000381 -0.01462081634
v -0.03906428576 0.09600000381 -0.01587773994
v -0.03806678295 0.09600000381 -0.01687524514
v -0.03680985212 0.09600000381 -0.01623480524
v -0.03893948555 0.1077000046 -0.01462959964
v -0.03923800468 0.1077000046 -0.01505576814
v -0.03937293053 0.1077000046 -0.01555829724
v -0.03932802439 0.1077000046 -0.01607667644
v -0.03748849869 0.1077000046 -0.01424210274
v -0.03701820374 0.1077000046 -0.01446204864
v -0.03665108442 0.1077000046 -0.01482916554
v -0.03643114328 0.1077000046 -0.01529946054
v -0.03643069506 0.1077000046 -0.01530112944
v -0.03643024445 0.1077000046 -0.01530280794
v -0.0364297986 0.1077000046 -0.01530448634
v -0.03638522387 0.1077000046 -0.01582213124
v -0.0365199542 0.1077000046 -0.01632392604
v -0.03681781769 0.1077000046 -0.01674962724
v -0.03681816578 0.107700386 -0.01675091464
v -0.03681945562 0.1077000046 -0.01675126754
v -0.03724515915 0.1077000046 -0.01704912864
v -0.03774695158 0.1077000046 -0.01718385414
v -0.03826459885 0.1077000046 -0.01713927944
v -0.03826627493 0.1077000046 -0.01713884074
v -0.03826794863 0.1077000046 -0.01713838304
v -0.03826962233 0.1077000046 -0.01713793474
v -0.03873991728 0.1077000046 -0.01691799844
v -0.03910703659 0.1077000046 -0.01655088144
v -0.03932697773 0.1077000046 -0.01608058654
v -0.03932732821 0.1077000046 -0.01607927994
v -0.0393276763 0.1077000046 -0.01607798294
v -0.03932802439 0.1077000046 -0.01607667644
v -0.03937293053 0.1077000046 -0.01555829724
v -0.03923800468 0.1077000046 -0.01505576814
v -0.03893948555 0.1077000046 -0.01462959964
v -0.03851331234 0.1077000046 -0.01433108054
v -0.03801078796 0.1077000046 -0.01419615464
v -0.03749240398 0.1077000046 -0.01424105364
v -0.03749110222 0.1077000046 -0.01424140654
v -0.03748980045 0.1077000046 -0.01424174984
v -0.0378790617 0.1068341637 -0.01569001874
v -0.03893948555 0.1077000046 -0.01462959964
v -0.0378790617 0.1068341637 -0.01569001874
v -0.0378790617 0.1068341637 -0.01569001874
v -0.0378790617 0.1068341637 -0.01569001874
v -0.0378790617 0.1068341637 -0.01569001874
v -0.0378790617 0.1068341637 -0.01569001874
v -0.0378790617 0.1068341637 -0.01569001874
v -0.03826962233 0.1077000046 -0.01713793474
v -0.03826749802 0.1077000046 -0.01714006144
v -0.03826749802 0.1089999962 -0.01714006144
v -0.03932862997 0.1089999962 -0.01607892714
v -0.03932862997 0.1077000046 -0.01607892714
v -0.03932697773 0.1077000046 -0.01608058654
v -0.03749240398 0.1077000046 -0.01424105364
v -0.03749015093 0.1077000046 -0.01424045284
v -0.03748849869 0.1077000046 -0.01424210274
v -0.03748980045 0.1077000046 -0.01424174984
v -0.03749110222 0.1077000046 -0.01424140654
v -0.03748849869 0.1077000046 -0.01424210274
v -0.03749015093 0.1077000046 -0.01424045284
v -0.03749015093 0.1089999962 -0.01424045284
v -0.03642902136 0.1089999962 -0.01530158714
v -0.03642902136 0.1077000046 -0.01530158714
v -0.03643114328 0.1077000046 -0.01529946054
v -0.03681945562 0.1077000046 -0.01675126754
v -0.03681816578 0.107700386 -0.01675091464
v -0.03681816578 0.1089999962 -0.01675091464
v -0.03826749802 0.1089999962 -0.01714006144
v -0.03826749802 0.1077000046 -0.01714006144
v -0.03826459885 0.1077000046 -0.01713927944
v -0.03643114328 0.1077000046 -0.01529946054
v -0.03642902136 0.1077000046 -0.01530158714
v -0.0364297986 0.1077000046 -0.01530448634
v -0.03643024445 0.1077000046 -0.01530280794
v -0.03643069506 0.1077000046 -0.01530112944
v -0.0364297986 0.1077000046 -0.01530448634
v -0.03642902136 0.1077000046 -0.01530158714
v -0.03642902136 0.1089999962 -0.01530158714
v -0.03681816578 0.1089999962 -0.01675091464
v -0.03681816578 0.107700386 -0.01675091464
v -0.03681781769 0.1077000046 -0.01674962724
v -0.03932697773 0.1077000046 -0.01608058654
v -0.03932862997 0.1077000046 -0.01607892714
v -0.03932802439 0.1077000046 -0.01607667644
v -0.0393276763 0.1077000046 -0.01607798294
v -0.03932732821 0.1077000046 -0.01607927994
v -0.03826459885 0.1077000046 -0.01713927944
v -0.03826749802 0.1077000046 -0.01714006144
v -0.03826962233 0.1077000046 -0.01713793474
v -0.03826794863 0.1077000046 -0.01713838304
v -0.03826627493 0.1077000046 -0.01713884074
v -0.01569002032 0.1060000038 -0.03512905794
v -0.01763456464 0.1060000038 -0.03593452174
v -0.01844002128 0.1060000038 -0.03787906364
v -0.01763456464 0.1060000038 -0.03982360564
v -0.01569002032 0.1060000038 -0.04062905984
v -0.0137454772 0.1060000038 -0.03982360564
v -0.01294002056 0.1060000038 -0.03787906364
v -0.0137454772 0.1060000038 -0.03593452174
v -0.01569002032 0.1060000038 -0.03617906294
v -0.01421777725 0.1060000038 -0.03702906334
v -0.01421777725 0.1060000038 -0.03872906404
v -0.01569002032 0.1060000038 -0.03957906444
v -0.01716226339 0.1060000038 -0.03872906404
v -0.01716226339 0.1060000038 -0.03702906334
v -0.01569002032 0.1088000011 -0.03512905794
v -0.01763456464 0.1088000011 -0.03593452174
v -0.01844002128 0.1088000011 -0.03787906364
v -0.01763456464 0.1088000011 -0.03982360564
v -0.01569002032 0.1088000011 -0.04062905984
v -0.0137454772 0.1088000011 -0.03982360564
v -0.01294002056 0.1088000011 -0.03787906364
v -0.0137454772 0.1088000011 -0.03593452174
v -0.01569002032 0.1060000038 -0.03512905794
v -0.0137454772 0.1060000038 -0.03593452174
v -0.01294002056 0.1060000038 -0.03787906364
v -0.0137454772 0.1060000038 -0.03982360564
v -0.01569002032 0.1060000038 -0.04062905984
v -0.01763456464 0.1060000038 -0.03982360564
v -0.01844002128 0.1060000038 -0.03787906364
v -0.01763456464 0.1060000038 -0.03593452174
v -0.01569002032 0.1060000038 -0.03512905794
v -0.01569002032 0.1088000011 -0.03512905794
v -0.01569002032 0.1089999962 -0.03532906254
v -0.01749314308 0.1089999962 -0.03607594214
v -0.01824002028 0.1089999962 -0.03787906364
v -0.01749314308 0.1089999962 -0.03968218524
v -0.01569002032 0.1089999962 -0.04042906484
v -0.01388689876 0.1089999962 -0.03968218524
v -0.01314002037 0.1089999962 -0.03787906364
v -0.01388689876 0.1089999962 -0.03607594214
v -0.01569002032 0.1088000011 -0.03512905794
v -0.0137454772 0.1088000011 -0.03593452174
v -0.01294002056 0.1088000011 -0.03787906364
v -0.0137454772 0.1088000011 -0.03982360564
v -0.01569002032 0.1088000011 -0.04062905984
v -0.01763456464 0.1088000011 -0.03982360564
v -0.01844002128 0.1088000011 -0.03787906364
v -0.01763456464 0.1088000011 -0.03593452174
v -0.01749314308 0.1089999962 -0.03607594214
v -0.01763456464 0.1088000011 -0.03593452174
v -0.01569002032 0.1089999962 -0.03532906254
v -0.01388689876 0.1089999962 -0.03607594214
v -0.01314002037 0.1089999962 -0.03787906364
v -0.01388689876 0.1089999962 -0.03968218524
v -0.01569002032 0.1089999962 -0.04042906484
v -0.01749314308 0.1089999962 -0.03968218524
v -0.01824002028 0.1089999962 -0.03787906364
v -0.01749314308 0.1089999962 -0.03607594214
v -0.01718968749 0.1089999962 -0.03787906364
v -0.0164400208 0.1089999962 -0.03917906484
v -0.01493935466 0.1089999962 -0.03917906484
v -0.01418968797 0.1089999962 -0.03787906364
v -0.01493935466 0.1089999962 -0.03657906254
v -0.0164400208 0.1089999962 -0.03657906254
v -0.01718968749 0.1077000046 -0.03787906364
v -0.01718968749 0.1089999962 -0.03787906364
v -0.0164400208 0.1089999962 -0.03657906254
v -0.0164400208 0.1077000046 -0.03657906254
v -0.01644118547 0.1077000046 -0.03658108434
v -0.01644118547 0.1077000046 -0.03658108434
v -0.01683949113 0.1077000046 -0.03691588124
v -0.01709942222 0.1077000046 -0.03736662584
v -0.01718968749 0.1077000046 -0.03787906364
v -0.01494235754 0.1077000046 -0.03657906254
v -0.01543042898 0.1077000046 -0.03640203194
v -0.01594961286 0.1077000046 -0.03640203194
v -0.0164376843 0.1077000046 -0.03657906254
v -0.01569002032 0.1060000038 -0.03617906294
v -0.01716226339 0.1060000038 -0.03702906334
v -0.01716226339 0.1060000038 -0.03872906404
v -0.01569002032 0.1060000038 -0.03957906444
v -0.01421777725 0.1060000038 -0.03872906404
v -0.01421777725 0.1060000038 -0.03702906334
v -0.01569002032 0.1057999992 -0.03637905794
v -0.01439098239 0.1057999992 -0.03712905604
v -0.01439098239 0.1057999992 -0.03862906174
v -0.01569002032 0.1057999992 -0.03937905984
v -0.01698905826 0.1057999992 -0.03862906174
v -0.01698905826 0.1057999992 -0.03712905604
v -0.01569002032 0.1060000038 -0.03957906444
v -0.01569002032 0.1057999992 -0.03937905984
v -0.01419035435 0.1077000046 -0.03787790024
v -0.01428075194 0.1077000046 -0.03736626344
v -0.01454030275 0.1077000046 -0.03691617684
v -0.01493785501 0.1077000046 -0.03658165654
v -0.01419002056 0.09630000114 -0.03787906364
v -0.01494002104 0.09630000114 -0.03917810164
v -0.0164400208 0.09630000114 -0.03917810164
v -0.01719002128 0.09630000114 -0.03787906364
v -0.0164400208 0.09630000114 -0.03658002574
v -0.01494002104 0.09630000114 -0.03658002574
v -0.01569002032 0.1057999992 -0.03637905794
v -0.01698905826 0.1057999992 -0.03712905604
v -0.01698905826 0.1057999992 -0.03862906174
v -0.01569002032 0.1057999992 -0.03937905984
v -0.01439098239 0.1057999992 -0.03862906174
v -0.01439098239 0.1057999992 -0.03712905604
v -0.01494002104 0.09630000114 -0.03917810164
v -0.01569002032 0.1057999992 -0.03937905984
v -0.01493785501 0.1077000046 -0.03917646134
v -0.01454030275 0.1077000046 -0.03884195054
v -0.01428075194 0.1077000046 -0.03839185434
v -0.01419035435 0.1077000046 -0.03788021764
v -0.01419002056 0.09630000114 -0.03787906364
v -0.01494002104 0.09630000114 -0.03658002574
v -0.0164400208 0.09630000114 -0.03658002574
v -0.01719002128 0.09630000114 -0.03787906364
v -0.0164400208 0.09630000114 -0.03917810164
v -0.01494002104 0.09630000114 -0.03917810164
v -0.01569002032 0.09600000381 -0.03667906484
v -0.0145487535 0.09600000381 -0.03750823694
v -0.01498467803 0.09600000381 -0.03884988504
v -0.01639536262 0.09600000381 -0.03884988504
v -0.01683128834 0.09600000381 -0.03750823694
v -0.01639536262 0.09600000381 -0.03884988504
v -0.01719002128 0.09630000114 -0.03787906364
v -0.0164376843 0.1077000046 -0.03917906484
v -0.01594961286 0.1077000046 -0.03935608584
v -0.01543042898 0.1077000046 -0.03935608584
v -0.01494235754 0.1077000046 -0.03917906484
v -0.01644118547 0.1077000046 -0.03917704304
v -0.0164400208 0.1077000046 -0.03917906484
v -0.0164400208 0.1089999962 -0.03917906484
v -0.01718968749 0.1089999962 -0.03787906364
v -0.01718968749 0.1077000046 -0.03787906364
v -0.01569002032 0.09600000381 -0.03667906484
v -0.01683128834 0.09600000381 -0.03750823694
v -0.01639536262 0.09600000381 -0.03884988504
v -0.01498467803 0.09600000381 -0.03884988504
v -0.0145487535 0.09600000381 -0.03750823694
v -0.01718968749 0.1077000046 -0.03787906364
v -0.01709942222 0.1077000046 -0.03839149194
v -0.01683949113 0.1077000046 -0.03884224614
v -0.01644118547 0.1077000046 -0.03917704304
v -0.0164376843 0.1077000046 -0.03657906254
v -0.01594961286 0.1077000046 -0.03640203194
v -0.01543042898 0.1077000046 -0.03640203194
v -0.01494235754 0.1077000046 -0.03657906254
v -0.0149408555 0.1077000046 -0.03657993034
v -0.01493935466 0.1077000046 -0.03658078874
v -0.01493785501 0.1077000046 -0.03658165654
v -0.01454030275 0.1077000046 -0.03691617684
v -0.01428075194 0.1077000046 -0.03736626344
v -0.01419035435 0.1077000046 -0.03787790024
v -0.01418968797 0.107700386 -0.03787906364
v -0.01419035435 0.1077000046 -0.03788021764
v -0.01428075194 0.1077000046 -0.03839185434
v -0.01454030275 0.1077000046 -0.03884195054
v -0.01493785501 0.1077000046 -0.03917646134
v -0.01493935466 0.1077000046 -0.03917732914
v -0.0149408555 0.1077000046 -0.03917819704
v -0.01494235754 0.1077000046 -0.03917906484
v -0.01543042898 0.1077000046 -0.03935608584
v -0.01594961286 0.1077000046 -0.03935608584
v -0.0164376843 0.1077000046 -0.03917906484
v -0.01643885136 0.1077000046 -0.03917838774
v -0.01644001961 0.1077000046 -0.03917771064
v -0.01644118547 0.1077000046 -0.03917704304
v -0.01683949113 0.1077000046 -0.03884224614
v -0.01709942222 0.1077000046 -0.03839149194
v -0.01718968749 0.1077000046 -0.03787906364
v -0.01709942222 0.1077000046 -0.03736662584
v -0.01683949113 0.1077000046 -0.03691588124
v -0.01644118547 0.1077000046 -0.03658108434
v -0.01644001961 0.1077000046 -0.03658040724
v -0.01643885136 0.1077000046 -0.03657973014
v -0.01569002032 0.1068341637 -0.03787906364
v -0.01718968749 0.1077000046 -0.03787906364
v -0.01569002032 0.1068341637 -0.03787906364
v -0.01569002032 0.1068341637 -0.03787906364
v -0.01569002032 0.1068341637 -0.03787906364
v -0.01569002032 0.1068341637 -0.03787906364
v -0.01569002032 0.1068341637 -0.03787906364
v -0.01569002032 0.1068341637 -0.03787906364
v -0.01494235754 0.1077000046 -0.03917906484
v -0.01493935466 0.1077000046 -0.03917906484
v -0.01493935466 0.1089999962 -0.03917906484
v -0.0164400208 0.1089999962 -0.03917906484
v -0.0164400208 0.1077000046 -0.03917906484
v -0.0164376843 0.1077000046 -0.03917906484
v -0.01644118547 0.1077000046 -0.03658108434
v -0.0164400208 0.1077000046 -0.03657906254
v -0.0164376843 0.1077000046 -0.03657906254
v -0.01643885136 0.1077000046 -0.03657973014
v -0.01644001961 0.1077000046 -0.03658040724
v -0.0164376843 0.1077000046 -0.03657906254
v -0.0164400208 0.1077000046 -0.03657906254
v -0.0164400208 0.1089999962 -0.03657906254
v -0.01493935466 0.1089999962 -0.03657906254
v -0.01493935466 0.1077000046 -0.03657906254
v -0.01494235754 0.1077000046 -0.03657906254
v -0.01419035435 0.1077000046 -0.03788021764
v -0.01418968797 0.107700386 -0.03787906364
v -0.01418968797 0.1089999962 -0.03787906364
v -0.01493935466 0.1089999962 -0.03917906484
v -0.01493935466 0.1077000046 -0.03917906484
v -0.01493785501 0.1077000046 -0.03917646134
v -0.01494235754 0.1077000046 -0.03657906254
v -0.01493935466 0.1077000046 -0.03657906254
v -0.01493785501 0.1077000046 -0.03658165654
v -0.01493935466 0.1077000046 -0.03658078874
v -0.0149408555 0.1077000046 -0.03657993034
v -0.01493785501 0.1077000046 -0.03658165654
v -0.01493935466 0.1077000046 -0.03657906254
v -0.01493935466 0.1089999962 -0.03657906254
v -0.01418968797 0.1089999962 -0.03787906364
v -0.01418968797 0.107700386 -0.03787906364
v -0.01419035435 0.1077000046 -0.03787790024
v -0.0164376843 0.1077000046 -0.03917906484
v -0.0164400208 0.1077000046 -0.03917906484
v -0.01644118547 0.1077000046 -0.03917704304
v -0.01644001961 0.1077000046 -0.03917771064
v -0.01643885136 0.1077000046 -0.03917838774
v -0.01493785501 0.1077000046 -0.03917646134
v -0.01493935466 0.1077000046 -0.03917906484
v -0.01494235754 0.1077000046 -0.03917906484
v -0.0149408555 0.1077000046 -0.03917819704
v -0.01493935466 0.1077000046 -0.03917732914
v 0.0137454772 0.1060000038 -0.03593452174
v 0.01294002056 0.1060000038 -0.03787906364
v 0.0137454772 0.1060000038 -0.03982360564
v 0.01569002032 0.1060000038 -0.04062905984
v 0.01763456464 0.1060000038 -0.03982360564
v 0.01844002128 0.1060000038 -0.03787906364
v 0.01763456464 0.1060000038 -0.03593452174
v 0.01569002032 0.1060000038 -0.03512905794
v 0.01448793888 0.1060000038 -0.03667697624
v 0.01613001347 0.1060000038 -0.03623698914
v 0.01733209491 0.1060000038 -0.03743906694
v 0.01689210176 0.1060000038 -0.03908114154
v 0.01525002837 0.1060000038 -0.03952113824
v 0.01404794693 0.1060000038 -0.03831905084
v 0.0137454772 0.1088000011 -0.03593452174
v 0.01294002056 0.1088000011 -0.03787906364
v 0.0137454772 0.1088000011 -0.03982360564
v 0.01569002032 0.1088000011 -0.04062905984
v 0.01763456464 0.1088000011 -0.03982360564
v 0.01844002128 0.1088000011 -0.03787906364
v 0.01763456464 0.1088000011 -0.03593452174
v 0.01569002032 0.1088000011 -0.03512905794
v 0.0137454772 0.1060000038 -0.03593452174
v 0.01569002032 0.1060000038 -0.03512905794
v 0.01763456464 0.1060000038 -0.03593452174
v 0.01844002128 0.1060000038 -0.03787906364
v 0.01763456464 0.1060000038 -0.03982360564
v 0.01569002032 0.1060000038 -0.04062905984
v 0.0137454772 0.1060000038 -0.03982360564
v 0.01294002056 0.1060000038 -0.03787906364
v 0.0137454772 0.1060000038 -0.03593452174
v 0.0137454772 0.1088000011 -0.03593452174
v 0.01388689876 0.1089999962 -0.03607594214
v 0.01314002037 0.1089999962 -0.03787906364
v 0.01388689876 0.1089999962 -0.03968218524
v 0.01569002032 0.1089999962 -0.04042906484
v 0.01749314308 0.1089999962 -0.03968218524
v 0.01824002028 0.1089999962 -0.03787906364
v 0.01749314308 0.1089999962 -0.03607594214
v 0.01569002032 0.1089999962 -0.03532906254
v 0.0137454772 0.1088000011 -0.03593452174
v 0.01569002032 0.1088000011 -0.03512905794
v 0.01763456464 0.1088000011 -0.03593452174
v 0.01844002128 0.1088000011 -0.03787906364
v 0.01763456464 0.1088000011 -0.03982360564
v 0.01569002032 0.1088000011 -0.04062905984
v 0.0137454772 0.1088000011 -0.03982360564
v 0.01294002056 0.1088000011 -0.03787906364
v 0.01314002037 0.1089999962 -0.03787906364
v 0.01294002056 0.1088000011 -0.03787906364
v 0.01388689876 0.1089999962 -0.03607594214
v 0.01569002032 0.1089999962 -0.03532906254
v 0.01749314308 0.1089999962 -0.03607594214
v 0.01824002028 0.1089999962 -0.03787906364
v 0.01749314308 0.1089999962 -0.03968218524
v 0.01569002032 0.1089999962 -0.04042906484
v 0.01388689876 0.1089999962 -0.03968218524
v 0.01314002037 0.1089999962 -0.03787906364
v 0.01462959647 0.1089999962 -0.03893948274
v 0.0160789299 0.1089999962 -0.03932862954
v 0.01714006066 0.1089999962 -0.03826749524
v 0.01675091624 0.1089999962 -0.03681816774
v 0.01530158281 0.1089999962 -0.03642902094
v 0.01424045205 0.1089999962 -0.03749015534
v 0.01462959647 0.1077000046 -0.03893948274
v 0.01462959647 0.1089999962 -0.03893948274
v 0.01424045205 0.1089999962 -0.03749015534
v 0.01424045205 0.1077000046 -0.03749015534
v 0.01424105644 0.1077000046 -0.03749240594
v 0.01424105644 0.1077000046 -0.03749240594
v 0.0141961503 0.1077000046 -0.03801078514
v 0.01433107734 0.1077000046 -0.03851331434
v 0.01462959647 0.1077000046 -0.03893948274
v 0.0152994597 0.1077000046 -0.03643114764
v 0.01482916355 0.1077000046 -0.03665108404
v 0.01446204424 0.1077000046 -0.03701820094
v 0.01424210429 0.1077000046 -0.03748849594
v 0.01448793888 0.1060000038 -0.03667697624
v 0.01404794693 0.1060000038 -0.03831905084
v 0.01525002837 0.1060000038 -0.03952113824
v 0.01689210176 0.1060000038 -0.03908114154
v 0.01733209491 0.1060000038 -0.03743906694
v 0.01613001347 0.1060000038 -0.03623698914
v 0.01462936044 0.1057999992 -0.03681839664
v 0.01607824922 0.1057999992 -0.03643017494
v 0.0171389091 0.1057999992 -0.03749083244
v 0.0167506814 0.1057999992 -0.03893972124
v 0.01530179262 0.1057999992 -0.03932795244
v 0.01424113154 0.1057999992 -0.03826728544
v 0.01689210176 0.1060000038 -0.03908114154
v 0.0167506814 0.1057999992 -0.03893972124
v 0.01674962759 0.1077000046 -0.03681781494
v 0.01632392287 0.1077000046 -0.03651995384
v 0.01582213044 0.1077000046 -0.03638522824
v 0.01530448198 0.1077000046 -0.03642980294
v 0.0167506814 0.09630000114 -0.03681839664
v 0.0171389091 0.09630000114 -0.03826728544
v 0.01607824922 0.09630000114 -0.03932795244
v 0.01462936044 0.09630000114 -0.03893972124
v 0.01424113154 0.09630000114 -0.03749083244
v 0.01530179262 0.09630000114 -0.03643017494
v 0.01462936044 0.1057999992 -0.03681839664
v 0.01424113154 0.1057999992 -0.03826728544
v 0.01530179262 0.1057999992 -0.03932795244
v 0.0167506814 0.1057999992 -0.03893972124
v 0.0171389091 0.1057999992 -0.03749083244
v 0.01607824922 0.1057999992 -0.03643017494
v 0.0171389091 0.09630000114 -0.03826728544
v 0.0167506814 0.1057999992 -0.03893972124
v 0.01713928223 0.1077000046 -0.03826459604
v 0.01718385696 0.1077000046 -0.03774695114
v 0.01704912663 0.1077000046 -0.03724515634
v 0.01675126314 0.1077000046 -0.03681945524
v 0.0167506814 0.09630000114 -0.03681839664
v 0.01530179262 0.09630000114 -0.03643017494
v 0.01424113154 0.09630000114 -0.03749083244
v 0.01462936044 0.09630000114 -0.03893972124
v 0.01607824922 0.09630000114 -0.03932795244
v 0.0171389091 0.09630000114 -0.03826728544
v 0.01484149218 0.09600000381 -0.03703053194
v 0.01623480916 0.09600000381 -0.03680985174
v 0.01687524676 0.09600000381 -0.03806678494
v 0.01587774158 0.09600000381 -0.03906429014
v 0.01462081313 0.09600000381 -0.03842385014
v 0.01587774158 0.09600000381 -0.03906429014
v 0.01462936044 0.09630000114 -0.03893972124
v 0.01608058214 0.1077000046 -0.03932697974
v 0.01655087829 0.1077000046 -0.03910703384
v 0.01691799641 0.1077000046 -0.03873991684
v 0.01713793755 0.1077000046 -0.03826962194
v 0.01607667685 0.1077000046 -0.03932802874
v 0.0160789299 0.1077000046 -0.03932862954
v 0.0160789299 0.1089999962 -0.03932862954
v 0.01462959647 0.1089999962 -0.03893948274
v 0.01462959647 0.1077000046 -0.03893948274
v 0.01484149218 0.09600000381 -0.03703053194
v 0.01462081313 0.09600000381 -0.03842385014
v 0.01587774158 0.09600000381 -0.03906429014
v 0.01687524676 0.09600000381 -0.03806678494
v 0.01623480916 0.09600000381 -0.03680985174
v 0.01462959647 0.1077000046 -0.03893948274
v 0.01505576968 0.1077000046 -0.03923800194
v 0.01555829525 0.1077000046 -0.03937292774
v 0.01607667685 0.1077000046 -0.03932802874
v 0.01424210429 0.1077000046 -0.03748849594
v 0.01446204424 0.1077000046 -0.03701820094
v 0.01482916355 0.1077000046 -0.03665108404
v 0.0152994597 0.1077000046 -0.03643114764
v 0.01530113339 0.1077000046 -0.03643068994
v 0.01530280709 0.1077000046 -0.03643024164
v 0.01530448198 0.1077000046 -0.03642980294
v 0.01582213044 0.1077000046 -0.03638522824
v 0.01632392287 0.1077000046 -0.03651995384
v 0.01674962759 0.1077000046 -0.03681781494
v 0.01675091624 0.107700386 -0.03681816774
v 0.01675126314 0.1077000046 -0.03681945524
v 0.01704912663 0.1077000046 -0.03724515634
v 0.01718385696 0.1077000046 -0.03774695114
v 0.01713928223 0.1077000046 -0.03826459604
v 0.01713883638 0.1077000046 -0.03826627454
v 0.01713838816 0.1077000046 -0.03826795304
v 0.01713793755 0.1077000046 -0.03826962194
v 0.01691799641 0.1077000046 -0.03873991684
v 0.01655087829 0.1077000046 -0.03910703384
v 0.01608058214 0.1077000046 -0.03932697974
v 0.01607928038 0.1077000046 -0.03932732304
v 0.01607797861 0.1077000046 -0.03932767594
v 0.01607667685 0.1077000046 -0.03932802874
v 0.01555829525 0.1077000046 -0.03937292774
v 0.01505576968 0.1077000046 -0.03923800194
v 0.01462959647 0.1077000046 -0.03893948274
v 0.01433107734 0.1077000046 -0.03851331434
v 0.0141961503 0.1077000046 -0.03801078514
v 0.01424105644 0.1077000046 -0.03749240594
v 0.01424140453 0.1077000046 -0.03749109944
v 0.01424175382 0.1077000046 -0.03748980244
v 0.01569002032 0.1068341637 -0.03787906364
v 0.01462959647 0.1077000046 -0.03893948274
v 0.01569002032 0.1068341637 -0.03787906364
v 0.01569002032 0.1068341637 -0.03787906364
v 0.01569002032 0.1068341637 -0.03787906364
v 0.01569002032 0.1068341637 -0.03787906364
v 0.01569002032 0.1068341637 -0.03787906364
v 0.01569002032 0.1068341637 -0.03787906364
v 0.01713793755 0.1077000046 -0.03826962194
v 0.01714006066 0.1077000046 -0.03826749524
v 0.01714006066 0.1089999962 -0.03826749524
v 0.0160789299 0.1089999962 -0.03932862954
v 0.0160789299 0.1077000046 -0.03932862954
v 0.01608058214 0.1077000046 -0.03932697974
v 0.01424105644 0.1077000046 -0.03749240594
v 0.01424045205 0.1077000046 -0.03749015534
v 0.01424210429 0.1077000046 -0.03748849594
v 0.01424175382 0.1077000046 -0.03748980244
v 0.01424140453 0.1077000046 -0.03749109944
v 0.01424210429 0.1077000046 -0.03748849594
v 0.01424045205 0.1077000046 -0.03749015534
v 0.01424045205 0.1089999962 -0.03749015534
v 0.01530158281 0.1089999962 -0.03642902094
v 0.01530158281 0.1077000046 -0.03642902094
v 0.0152994597 0.1077000046 -0.03643114764
v 0.01675126314 0.1077000046 -0.03681945524
v 0.01675091624 0.107700386 -0.03681816774
v 0.01675091624 0.1089999962 -0.03681816774
v 0.01714006066 0.1089999962 -0.03826749524
v 0.01714006066 0.1077000046 -0.03826749524
v 0.01713928223 0.1077000046 -0.03826459604
v 0.0152994597 0.1077000046 -0.03643114764
v 0.01530158281 0.1077000046 -0.03642902094
v 0.01530448198 0.1077000046 -0.03642980294
v 0.01530280709 0.1077000046 -0.03643024164
v 0.01530113339 0.1077000046 -0.03643068994
v 0.01530448198 0.1077000046 -0.03642980294
v 0.01530158281 0.1077000046 -0.03642902094
v 0.01530158281 0.1089999962 -0.03642902094
v 0.01675091624 0.1089999962 -0.03681816774
v 0.01675091624 0.107700386 -0.03681816774
v 0.01674962759 0.1077000046 -0.03681781494
v 0.01608058214 0.1077000046 -0.03932697974
v 0.0160789299 0.1077000046 -0.03932862954
v 0.01607667685 0.1077000046 -0.03932802874
v 0.01607797861 0.1077000046 -0.03932767594
v 0.01607928038 0.1077000046 -0.03932732304
v 0.01713928223 0.1077000046 -0.03826459604
v 0.01714006066 0.1077000046 -0.03826749524
v 0.01713793755 0.1077000046 -0.03826962194
v 0.01713838816 0.1077000046 -0.03826795304
v 0.01713883638 0.1077000046 -0.03826627454
v 0.06800000191 0.06760000229 -0.07999999724
v 0.06800000191 0.06730000019 -0.07991961204
v 0.06800000191 0.0670803833 -0.07969999994
v 0.06800000191 0.06699999809 -0.07940000254
v -0.06800000191 0.06699999809 -0.07940000254
v -0.06800000191 0.0670803833 -0.07969999994
v -0.06800000191 0.06730000019 -0.07991961204
v -0.06800000191 0.06760000229 -0.07999999724
v -0.08 0.06760000229 0.06799999516
v -0.07991961479 0.06730000019 0.06799999516
v -0.0796999979 0.0670803833 0.06799999516
v -0.07940000057 0.06699999809 0.06799999516
v -0.07853222847 0.06699999809 0.07236259736
v -0.07606101513 0.06699999809 0.07606102266
v -0.07236258984 0.06699999809 0.07853222176
v -0.06800000191 0.06699999809 0.07940000816
v -0.06800000191 0.0670803833 0.07969999596
v -0.06800000191 0.06730000019 0.07991960806
v -0.06800000191 0.06760000229 0.08000000276
v -0.07259220123 0.06760000229 0.07908655446
v -0.07648528099 0.06760000229 0.07648527426
v -0.07908655643 0.06760000229 0.07259220406
v -0.08 0.06760000229 -0.06799999914
v -0.07991961479 0.06730000019 -0.06799999914
v -0.0796999979 0.0670803833 -0.06799999914
v -0.07940000057 0.06699999809 -0.06799999914
v -0.07940000057 0.06699999809 0.06799999516
v -0.0796999979 0.0670803833 0.06799999516
v -0.07991961479 0.06730000019 0.06799999516
v -0.08 0.06760000229 0.06799999516
v 0.06800000191 0.06699999809 0.07940000816
v 0.06800000191 0.0670803833 0.07969999596
v 0.06800000191 0.06730000019 0.07991960806
v 0.06800000191 0.06760000229 0.08000000276
v -0.06800000191 0.06760000229 0.08000000276
v -0.06800000191 0.06730000019 0.07991960806
v -0.06800000191 0.0670803833 0.07969999596
v -0.06800000191 0.06699999809 0.07940000816
v -0.07940000057 0.06699999809 -0.06799999914
v -0.0796999979 0.0670803833 -0.06799999914
v -0.07991961479 0.06730000019 -0.06799999914
v -0.08 0.06760000229 -0.06799999914
v -0.07908655643 0.06760000229 -0.07259219844
v -0.07648528099 0.06760000229 -0.07648527824
v -0.07259220123 0.06760000229 -0.07908655844
v -0.06800000191 0.06760000229 -0.07999999724
v -0.06800000191 0.06730000019 -0.07991961204
v -0.06800000191 0.0670803833 -0.07969999994
v -0.06800000191 0.06699999809 -0.07940000254
v -0.07236258984 0.06699999809 -0.07853222574
v -0.07606101513 0.06699999809 -0.07606101714
v -0.07853222847 0.06699999809 -0.07236259184
v 0.07940000057 0.06699999809 0.06799999516
v 0.0796999979 0.0670803833 0.06799999516
v 0.07991961479 0.06730000019 0.06799999516
v 0.08 0.06760000229 0.06799999516
v 0.07908655643 0.06760000229 0.07259220406
v 0.07648528099 0.06760000229 0.07648527426
v 0.07259220123 0.06760000229 0.07908655446
v 0.06800000191 0.06760000229 0.08000000276
v 0.06800000191 0.06730000019 0.07991960806
v 0.06800000191 0.0670803833 0.07969999596
v 0.06800000191 0.06699999809 0.07940000816
v 0.07236258984 0.06699999809 0.07853222176
v 0.07606101513 0.06699999809 0.07606102266
v 0.07853222847 0.06699999809 0.07236259736
v 0.06800000191 0.06699999809 -0.07940000254
v 0.06800000191 0.0670803833 -0.07969999994
v 0.06800000191 0.06730000019 -0.07991961204
v 0.06800000191 0.06760000229 -0.07999999724
v 0.07259220123 0.06760000229 -0.07908655844
v 0.07648528099 0.06760000229 -0.07648527824
v 0.07908655643 0.06760000229 -0.07259219844
v 0.08 0.06760000229 -0.06799999914
v 0.07991961479 0.06730000019 -0.06799999914
v 0.0796999979 0.0670803833 -0.06799999914
v 0.07940000057 0.06699999809 -0.06799999914
v 0.07853222847 0.06699999809 -0.07236259184
v 0.07606101513 0.06699999809 -0.07606101714
v 0.07236258984 0.06699999809 -0.07853222574
v 0.07940000057 0.06699999809 -0.06799999914
v 0.0796999979 0.0670803833 -0.06799999914
v 0.07991961479 0.06730000019 -0.06799999914
v 0.08 0.06760000229 -0.06799999914
v 0.08 0.06760000229 0.06799999516
v 0.07991961479 0.06730000019 0.06799999516
v 0.0796999979 0.0670803833 0.06799999516
v 0.07940000057 0.06699999809 0.06799999516
v 0.06224999905 0.06699999809 -0.06499999724
v 0.06305545807 0.06699999809 -0.06305545534
v 0.065 0.06699999809 -0.06225000104
v 0.06694454193 0.06699999809 -0.06305545534
v 0.06775000095 0.06699999809 -0.06499999724
v 0.06694454193 0.06699999809 -0.06694453914
v 0.065 0.06699999809 -0.06775000294
v 0.06305545807 0.06699999809 -0.06694453914
v 0.06224999905 0.06699999809 0.06500000276
v 0.06305545807 0.06699999809 0.06694454466
v 0.065 0.06699999809 0.06774999896
v 0.06694454193 0.06699999809 0.06694454466
v 0.06775000095 0.06699999809 0.06500000276
v 0.06694454193 0.06699999809 0.06305546086
v 0.065 0.06699999809 0.06225000656
v 0.06305545807 0.06699999809 0.06305546086
v -0.06775000095 0.06699999809 0.06500000276
v -0.06694454193 0.06699999809 0.06694454466
v -0.065 0.06699999809 0.06774999896
v -0.06305545807 0.06699999809 0.06694454466
v -0.06224999905 0.06699999809 0.06500000276
v -0.06305545807 0.06699999809 0.06305546086
v -0.065 0.06699999809 0.06225000656
v -0.06694454193 0.06699999809 0.06305546086
v -0.06775000095 0.06699999809 -0.06499999724
v -0.06694454193 0.06699999809 -0.06305545534
v -0.065 0.06699999809 -0.06225000104
v -0.06305545807 0.06699999809 -0.06305545534
v -0.06224999905 0.06699999809 -0.06499999724
v -0.06305545807 0.06699999809 -0.06694453914
v -0.065 0.06699999809 -0.06775000294
v -0.06694454193 0.06699999809 -0.06694453914
v -0.01939002037 0.06699999809 0.03787906926
v -0.01852438569 0.06699999809 0.04025738036
v -0.01633251905 0.06699999809 0.04152284896
v -0.0138400209 0.06699999809 0.04108335776
v -0.01221315861 0.06699999809 0.03914453786
v -0.01221315861 0.06699999809 0.03661358156
v -0.0138400209 0.06699999809 0.03467476166
v -0.01633251905 0.06699999809 0.03423527046
v -0.01852438569 0.06699999809 0.03550073906
v -0.04157906055 0.06699999809 -0.01569001874
v -0.04071342468 0.06699999809 -0.01331170754
v -0.03852155924 0.06699999809 -0.01204622944
v -0.03602905989 0.06699999809 -0.01248573024
v -0.03440219879 0.06699999809 -0.01442455014
v -0.03440219879 0.06699999809 -0.01695549684
v -0.03602905989 0.06699999809 -0.01889431674
v -0.03852155924 0.06699999809 -0.01933380804
v -0.04071342468 0.06699999809 -0.01806833944
v -0.01939002037 0.06699999809 -0.03787906364
v -0.01852438569 0.06699999809 -0.03550074304
v -0.01633251905 0.06699999809 -0.03423527444
v -0.0138400209 0.06699999809 -0.03467476564
v -0.01221315861 0.06699999809 -0.03661358554
v -0.01221315861 0.06699999809 -0.03914453224
v -0.0138400209 0.06699999809 -0.04108335214
v -0.01633251905 0.06699999809 -0.04152285294
v -0.01852438569 0.06699999809 -0.04025737484
v 0.03417906046 0.06699999809 -0.01569001874
v 0.03504469633 0.06699999809 -0.01331170754
v 0.03723656178 0.06699999809 -0.01204622944
v 0.03972906113 0.06699999809 -0.01248573024
v 0.04135592461 0.06699999809 -0.01442455014
v 0.04135592461 0.06699999809 -0.01695549684
v 0.03972906113 0.06699999809 -0.01889431674
v 0.03723656178 0.06699999809 -0.01933380804
v 0.03504469633 0.06699999809 -0.01806833944
v 0.01199002028 0.06699999809 -0.03787906364
v 0.01285565615 0.06699999809 -0.03550074304
v 0.01504752278 0.06699999809 -0.03423527444
v 0.01754002094 0.06699999809 -0.03467476564
v 0.01916688323 0.06699999809 -0.03661358554
v 0.01916688323 0.06699999809 -0.03914453224
v 0.01754002094 0.06699999809 -0.04108335214
v 0.01504752278 0.06699999809 -0.04152285294
v 0.01285565615 0.06699999809 -0.04025737484
v 0.03417906046 0.06699999809 0.01569002426
v 0.03504469633 0.06699999809 0.01806833546
v 0.03723656178 0.06699999809 0.01933380406
v 0.03972906113 0.06699999809 0.01889431276
v 0.04135592461 0.06699999809 0.01695549286
v 0.04135592461 0.06699999809 0.01442455566
v 0.03972906113 0.06699999809 0.01248573576
v 0.03723656178 0.06699999809 0.01204622546
v 0.03504469633 0.06699999809 0.01331171316
v -0.04157906055 0.06699999809 0.01569002426
v -0.04071342468 0.06699999809 0.01806833546
v -0.03852155924 0.06699999809 0.01933380406
v -0.03602905989 0.06699999809 0.01889431276
v -0.03440219879 0.06699999809 0.01695549286
v -0.03440219879 0.06699999809 0.01442455566
v -0.03602905989 0.06699999809 0.01248573576
v -0.03852155924 0.06699999809 0.01204622546
v -0.04071342468 0.06699999809 0.01331171316
v 0.01199002028 0.06699999809 0.03787906926
v 0.01285565615 0.06699999809 0.04025738036
v 0.01504752278 0.06699999809 0.04152284896
v 0.01754002094 0.06699999809 0.04108335776
v 0.01916688323 0.06699999809 0.03914453786
v 0.01916688323 0.06699999809 0.03661358156
v 0.01754002094 0.06699999809 0.03467476166
v 0.01504752278 0.06699999809 0.03423527046
v 0.01285565615 0.06699999809 0.03550073906
v -0.02799999952 0.06699999809 2.755596473e-09
v -0.02704592228 0.06699999809 0.007246935756
v -0.02424871206 0.06699999809 0.01399999896
v -0.0197989893 0.06699999809 0.01979898726
v -0.01399999976 0.06699999809 0.02424871726
v -0.007246932983 0.06699999809 0.02704592026
v 3.4290108e-18 0.06699999809 0.02799999516
v 0.007246932983 0.06699999809 0.02704592026
v 0.01399999976 0.06699999809 0.02424871726
v 0.0197989893 0.06699999809 0.01979898726
v 0.02424871206 0.06699999809 0.01399999896
v 0.02704592228 0.06699999809 0.007246935756
v 0.02799999952 0.06699999809 2.755596473e-09
v 0.02704592228 0.06699999809 -0.007246930244
v 0.02424871206 0.06699999809 -0.01400000294
v 0.0197989893 0.06699999809 -0.01979899124
v 0.01399999976 0.06699999809 -0.02424871164
v 0.007246932983 0.06699999809 -0.02704592424
v 1.118435582e-25 0.06699999809 -0.02799999914
v -0.007246932983 0.06699999809 -0.02704592424
v -0.01399999976 0.06699999809 -0.02424871164
v -0.0197989893 0.06699999809 -0.01979899124
v -0.02424871206 0.06699999809 -0.01400000294
v -0.02704592228 0.06699999809 -0.007246930244
v -0.02882138729 0.06699999809 0.04894062316
v -0.02786890745 0.06699999809 0.05218447006
v -0.02531387568 0.06699999809 0.05439840596
v -0.02196749687 0.06699999809 0.05487955376
v -0.01889222145 0.06699999809 0.05347511566
v -0.01706442833 0.06699999809 0.05063101096
v -0.01706442833 0.06699999809 0.04725021636
v -0.01889222145 0.06699999809 0.04440613066
v -0.02196749687 0.06699999809 0.04300169266
v -0.02531387568 0.06699999809 0.04348282136
v -0.02786890745 0.06699999809 0.04569677626
v 0.04294062138 0.06699999809 0.02282139106
v 0.04389309883 0.06699999809 0.02606523796
v 0.04644813061 0.06699999809 0.02827917376
v 0.0497945118 0.06699999809 0.02876032156
v 0.05286978722 0.06699999809 0.02735588356
v 0.05469758034 0.06699999809 0.02451177876
v 0.05469758034 0.06699999809 0.02113098426
v 0.05286978722 0.06699999809 0.01828687946
v 0.0497945118 0.06699999809 0.01688246056
v 0.04644813061 0.06699999809 0.01736358916
v 0.04389309883 0.06699999809 0.01957754416
v 0.01682138562 0.06699999809 -0.04894061764
v 0.01777386546 0.06699999809 -0.04569678024
v 0.02032889605 0.06699999809 -0.04348282534
v 0.02367527485 0.06699999809 -0.04300168714
v 0.02675055027 0.06699999809 -0.04440612514
v 0.02857834339 0.06699999809 -0.04725022994
v 0.02857834339 0.06699999809 -0.05063101494
v 0.02675055027 0.06699999809 -0.05347511964
v 0.02367527485 0.06699999809 -0.05487954814
v 0.02032889605 0.06699999809 -0.05439840994
v 0.01777386546 0.06699999809 -0.05218446454
v -0.05494061947 0.06699999809 -0.02282138544
v -0.05398814201 0.06699999809 -0.01957753854
v -0.05143311024 0.06699999809 -0.01736359314
v -0.04808673382 0.06699999809 -0.01688245494
v -0.0450114584 0.06699999809 -0.01828689294
v -0.04318366051 0.06699999809 -0.02113098824
v -0.04318366051 0.06699999809 -0.02451178274
v -0.0450114584 0.06699999809 -0.02735588754
v -0.04808673382 0.06699999809 -0.02876031594
v -0.05143311024 0.06699999809 -0.02827917774
v -0.05398814201 0.06699999809 -0.02606523234
v -0.06800000191 0.06699999809 0.07940000816
v -0.07236258984 0.06699999809 0.07853222176
v -0.07606101513 0.06699999809 0.07606102266
v -0.07853222847 0.06699999809 0.07236259736
v -0.07940000057 0.06699999809 0.06799999516
v -0.07940000057 0.06699999809 -0.06799999914
v -0.07853222847 0.06699999809 -0.07236259184
v -0.07606101513 0.06699999809 -0.07606101714
v -0.07236258984 0.06699999809 -0.07853222574
v -0.06800000191 0.06699999809 -0.07940000254
v 0.06800000191 0.06699999809 -0.07940000254
v 0.07236258984 0.06699999809 -0.07853222574
v 0.07606101513 0.06699999809 -0.07606101714
v 0.07853222847 0.06699999809 -0.07236259184
v 0.07940000057 0.06699999809 -0.06799999914
v 0.07940000057 0.06699999809 0.06799999516
v 0.07853222847 0.06699999809 0.07236259736
v 0.07606101513 0.06699999809 0.07606102266
v 0.07236258984 0.06699999809 0.07853222176
v 0.06800000191 0.06699999809 0.07940000816
v 0.06800000191 0.06760000229 -0.07999999724
v -0.06800000191 0.06760000229 -0.07999999724
v -0.06800000191 0.07239999771 -0.07999999724
v 0.06800000191 0.07239999771 -0.07999999724
v -0.08 0.06760000229 0.06799999516
v -0.07908655643 0.06760000229 0.07259220406
v -0.07648528099 0.06760000229 0.07648527426
v -0.07259220123 0.06760000229 0.07908655446
v -0.06800000191 0.06760000229 0.08000000276
v -0.06800000191 0.07239999771 0.08000000276
v -0.07259220123 0.07239999771 0.07908655446
v -0.07648528099 0.07239999771 0.07648527426
v -0.07908655643 0.07239999771 0.07259220406
v -0.08 0.07239999771 0.06799999516
v -0.06800000191 0.07239999771 0.08000000276
v -0.06800000191 0.07269999981 0.07991960806
v -0.06800000191 0.0729196167 0.07969999596
v -0.06800000191 0.07300000191 0.07940000816
v -0.07236258984 0.07300000191 0.07853222176
v -0.07606101513 0.07300000191 0.07606102266
v -0.07853222847 0.07300000191 0.07236259736
v -0.07940000057 0.07300000191 0.06799999516
v -0.0796999979 0.0729196167 0.06799999516
v -0.07991961479 0.07269999981 0.06799999516
v -0.08 0.07239999771 0.06799999516
v -0.07908655643 0.07239999771 0.07259220406
v -0.07648528099 0.07239999771 0.07648527426
v -0.07259220123 0.07239999771 0.07908655446
v -0.06800000191 0.06760000229 -0.07999999724
v -0.07259220123 0.06760000229 -0.07908655844
v -0.07648528099 0.06760000229 -0.07648527824
v -0.07908655643 0.06760000229 -0.07259219844
v -0.08 0.06760000229 -0.06799999914
v -0.08 0.07239999771 -0.06799999914
v -0.07908655643 0.07239999771 -0.07259219844
v -0.07648528099 0.07239999771 -0.07648527824
v -0.07259220123 0.07239999771 -0.07908655844
v -0.06800000191 0.07239999771 -0.07999999724
v 0.08 0.06760000229 -0.06799999914
v 0.07908655643 0.06760000229 -0.07259219844
v 0.07648528099 0.06760000229 -0.07648527824
v 0.07259220123 0.06760000229 -0.07908655844
v 0.06800000191 0.06760000229 -0.07999999724
v 0.06800000191 0.07239999771 -0.07999999724
v 0.07259220123 0.07239999771 -0.07908655844
v 0.07648528099 0.07239999771 -0.07648527824
v 0.07908655643 0.07239999771 -0.07259219844
v 0.08 0.07239999771 -0.06799999914
v -0.08 0.06760000229 -0.06799999914
v -0.08 0.06760000229 0.06799999516
v -0.08 0.07239999771 0.06799999516
v -0.08 0.07239999771 -0.06799999914
v 0.06800000191 0.07239999771 0.08000000276
v 0.06800000191 0.07269999981 0.07991960806
v 0.06800000191 0.0729196167 0.07969999596
v 0.06800000191 0.07300000191 0.07940000816
v -0.06800000191 0.07300000191 0.07940000816
v -0.06800000191 0.0729196167 0.07969999596
v -0.06800000191 0.07269999981 0.07991960806
v -0.06800000191 0.07239999771 0.08000000276
v -0.06800000191 0.06760000229 0.08000000276
v 0.06800000191 0.06760000229 0.08000000276
v 0.06800000191 0.07239999771 0.08000000276
v -0.06800000191 0.07239999771 0.08000000276
v 0.08 0.07239999771 0.06799999516
v 0.07991961479 0.07269999981 0.06799999516
v 0.0796999979 0.0729196167 0.06799999516
v 0.07940000057 0.07300000191 0.06799999516
v 0.07853222847 0.07300000191 0.07236259736
v 0.07606101513 0.07300000191 0.07606102266
v 0.07236258984 0.07300000191 0.07853222176
v 0.06800000191 0.07300000191 0.07940000816
v 0.06800000191 0.0729196167 0.07969999596
v 0.06800000191 0.07269999981 0.07991960806
v 0.06800000191 0.07239999771 0.08000000276
v 0.07259220123 0.07239999771 0.07908655446
v 0.07648528099 0.07239999771 0.07648527426
v 0.07908655643 0.07239999771 0.07259220406
v -0.06800000191 0.07239999771 -0.07999999724
v -0.06800000191 0.07269999981 -0.07991961204
v -0.06800000191 0.0729196167 -0.07969999994
v -0.06800000191 0.07300000191 -0.07940000254
v 0.06800000191 0.07300000191 -0.07940000254
v 0.06800000191 0.0729196167 -0.07969999994
v 0.06800000191 0.07269999981 -0.07991961204
v 0.06800000191 0.07239999771 -0.07999999724
v 0.08 0.06760000229 0.06799999516
v 0.08 0.06760000229 -0.06799999914
v 0.08 0.07239999771 -0.06799999914
v 0.08 0.07239999771 0.06799999516
v 0.06224999905 0.07300000191 -0.06499999724
v 0.06305545807 0.07300000191 -0.06694453914
v 0.065 0.07300000191 -0.06775000294
v 0.06694454193 0.07300000191 -0.06694453914
v 0.06775000095 0.07300000191 -0.06499999724
v 0.06694454193 0.07300000191 -0.06305545534
v 0.065 0.07300000191 -0.06225000104
v 0.06305545807 0.07300000191 -0.06305545534
v 0.06224999905 0.07300000191 0.06500000276
v 0.06305545807 0.07300000191 0.06305546086
v 0.065 0.07300000191 0.06225000656
v 0.06694454193 0.07300000191 0.06305546086
v 0.06775000095 0.07300000191 0.06500000276
v 0.06694454193 0.07300000191 0.06694454466
v 0.065 0.07300000191 0.06774999896
v 0.06305545807 0.07300000191 0.06694454466
v -0.06775000095 0.07300000191 0.06500000276
v -0.06694454193 0.07300000191 0.06305546086
v -0.065 0.07300000191 0.06225000656
v -0.06305545807 0.07300000191 0.06305546086
v -0.06224999905 0.07300000191 0.06500000276
v -0.06305545807 0.07300000191 0.06694454466
v -0.065 0.07300000191 0.06774999896
v -0.06694454193 0.07300000191 0.06694454466
v -0.06775000095 0.07300000191 -0.06499999724
v -0.06694454193 0.07300000191 -0.06694453914
v -0.065 0.07300000191 -0.06775000294
v -0.06305545807 0.07300000191 -0.06694453914
v -0.06224999905 0.07300000191 -0.06499999724
v -0.06305545807 0.07300000191 -0.06305545534
v -0.065 0.07300000191 -0.06225000104
v -0.06694454193 0.07300000191 -0.06305545534
v -0.01739002109 0.07300000191 0.03787906926
v -0.0165400207 0.07300000191 0.03640682496
v -0.01484002113 0.07300000191 0.03640682496
v -0.01399002075 0.07300000191 0.03787906926
v -0.01484002113 0.07300000191 0.03935131346
v -0.0165400207 0.07300000191 0.03935131346
v -0.03957906008 0.07300000191 -0.01569001874
v -0.0387290597 0.07300000191 -0.01716226304
v -0.03702906132 0.07300000191 -0.01716226304
v -0.03617906094 0.07300000191 -0.01569001874
v -0.03702906132 0.07300000191 -0.01421777444
v -0.0387290597 0.07300000191 -0.01421777444
v -0.01739002109 0.07300000191 -0.03787906364
v -0.0165400207 0.07300000191 -0.03935130794
v -0.01484002113 0.07300000191 -0.03935130794
v -0.01399002075 0.07300000191 -0.03787906364
v -0.01484002113 0.07300000191 -0.03640681944
v -0.0165400207 0.07300000191 -0.03640681944
v 0.03617906094 0.07300000191 -0.01569001874
v 0.03702906132 0.07300000191 -0.01716226304
v 0.0387290597 0.07300000191 -0.01716226304
v 0.03957906008 0.07300000191 -0.01569001874
v 0.0387290597 0.07300000191 -0.01421777444
v 0.03702906132 0.07300000191 -0.01421777444
v 0.01399002075 0.07300000191 -0.03787906364
v 0.01484002113 0.07300000191 -0.03935130794
v 0.0165400207 0.07300000191 -0.03935130794
v 0.01739002109 0.07300000191 -0.03787906364
v 0.0165400207 0.07300000191 -0.03640681944
v 0.01484002113 0.07300000191 -0.03640681944
v 0.03617906094 0.07300000191 0.01569002426
v 0.03702906132 0.07300000191 0.01421778006
v 0.0387290597 0.07300000191 0.01421778006
v 0.03957906008 0.07300000191 0.01569002426
v 0.0387290597 0.07300000191 0.01716226856
v 0.03702906132 0.07300000191 0.01716226856
v -0.03957906008 0.07300000191 0.01569002426
v -0.0387290597 0.07300000191 0.01421778006
v -0.03702906132 0.07300000191 0.01421778006
v -0.03617906094 0.07300000191 0.01569002426
v -0.03702906132 0.07300000191 0.01716226856
v -0.0387290597 0.07300000191 0.01716226856
v 0.01399002075 0.07300000191 0.03787906926
v 0.01484002113 0.07300000191 0.03640682496
v 0.0165400207 0.07300000191 0.03640682496
v 0.01739002109 0.07300000191 0.03787906926
v 0.0165400207 0.07300000191 0.03935131346
v 0.01484002113 0.07300000191 0.03935131346
v -0.02799999952 0.07300000191 2.755596473e-09
v -0.02704592228 0.07300000191 -0.007246930244
v -0.02424871206 0.07300000191 -0.01400000294
v -0.0197989893 0.07300000191 -0.01979899124
v -0.01399999976 0.07300000191 -0.02424871164
v -0.007246932983 0.07300000191 -0.02704592424
v -3.673941612e-19 0.07300000191 -0.02799999914
v 0.007246932983 0.07300000191 -0.02704592424
v 0.01399999976 0.07300000191 -0.02424871164
v 0.0197989893 0.07300000191 -0.01979899124
v 0.02424871206 0.07300000191 -0.01400000294
v 0.02704592228 0.07300000191 -0.007246930244
v 0.02799999952 0.07300000191 2.755596473e-09
v 0.02704592228 0.07300000191 0.007246935756
v 0.02424871206 0.07300000191 0.01399999896
v 0.0197989893 0.07300000191 0.01979898726
v 0.01399999976 0.07300000191 0.02424871726
v 0.007246932983 0.07300000191 0.02704592026
v 3.061616526e-18 0.07300000191 0.02799999516
v -0.007246932983 0.07300000191 0.02704592026
v -0.01399999976 0.07300000191 0.02424871726
v -0.0197989893 0.07300000191 0.01979898726
v -0.02424871206 0.07300000191 0.01399999896
v -0.02704592228 0.07300000191 0.007246935756
v -0.02882138729 0.07300000191 0.04894062316
v -0.02786890745 0.07300000191 0.04569677626
v -0.02531387568 0.07300000191 0.04348282136
v -0.02196749687 0.07300000191 0.04300169266
v -0.01889222145 0.07300000191 0.04440613066
v -0.01706442833 0.07300000191 0.04725021636
v -0.01706442833 0.07300000191 0.05063101096
v -0.01889222145 0.07300000191 0.05347511566
v -0.02196749687 0.07300000191 0.05487955376
v -0.02531387568 0.07300000191 0.05439840596
v -0.02786890745 0.07300000191 0.05218447006
v 0.04294062138 0.07300000191 0.02282139106
v 0.04389309883 0.07300000191 0.01957754416
v 0.04644813061 0.07300000191 0.01736358916
v 0.0497945118 0.07300000191 0.01688246056
v 0.05286978722 0.07300000191 0.01828687946
v 0.05469758034 0.07300000191 0.02113098426
v 0.05469758034 0.07300000191 0.02451177876
v 0.05286978722 0.07300000191 0.02735588356
v 0.0497945118 0.07300000191 0.02876032156
v 0.04644813061 0.07300000191 0.02827917376
v 0.04389309883 0.07300000191 0.02606523796
v 0.01682138562 0.07300000191 -0.04894061764
v 0.01777386546 0.07300000191 -0.05218446454
v 0.02032889605 0.07300000191 -0.05439840994
v 0.02367527485 0.07300000191 -0.05487954814
v 0.02675055027 0.07300000191 -0.05347511964
v 0.02857834339 0.07300000191 -0.05063101494
v 0.02857834339 0.07300000191 -0.04725022994
v 0.02675055027 0.07300000191 -0.04440612514
v 0.02367527485 0.07300000191 -0.04300168714
v 0.02032889605 0.07300000191 -0.04348282534
v 0.01777386546 0.07300000191 -0.04569678024
v -0.05494061947 0.07300000191 -0.02282138544
v -0.05398814201 0.07300000191 -0.02606523234
v -0.05143311024 0.07300000191 -0.02827917774
v -0.04808673382 0.07300000191 -0.02876031594
v -0.0450114584 0.07300000191 -0.02735588754
v -0.04318366051 0.07300000191 -0.02451178274
v -0.04318366051 0.07300000191 -0.02113098824
v -0.0450114584 0.07300000191 -0.01828689294
v -0.04808673382 0.07300000191 -0.01688245494
v -0.05143311024 0.07300000191 -0.01736359314
v -0.05398814201 0.07300000191 -0.01957753854
v -0.07940000057 0.07300000191 0.06799999516
v -0.07853222847 0.07300000191 0.07236259736
v -0.07606101513 0.07300000191 0.07606102266
v -0.07236258984 0.07300000191 0.07853222176
v -0.06800000191 0.07300000191 0.07940000816
v 0.06800000191 0.07300000191 0.07940000816
v 0.07236258984 0.07300000191 0.07853222176
v 0.07606101513 0.07300000191 0.07606102266
v 0.07853222847 0.07300000191 0.07236259736
v 0.07940000057 0.07300000191 0.06799999516
v 0.07940000057 0.07300000191 -0.06799999914
v 0.07853222847 0.07300000191 -0.07236259184
v 0.07606101513 0.07300000191 -0.07606101714
v 0.07236258984 0.07300000191 -0.07853222574
v 0.06800000191 0.07300000191 -0.07940000254
v -0.06800000191 0.07300000191 -0.07940000254
v -0.07236258984 0.07300000191 -0.07853222574
v -0.07606101513 0.07300000191 -0.07606101714
v -0.07853222847 0.07300000191 -0.07236259184
v -0.07940000057 0.07300000191 -0.06799999914
v 0.06800000191 0.06760000229 0.08000000276
v 0.07259220123 0.06760000229 0.07908655446
v 0.07648528099 0.06760000229 0.07648527426
v 0.07908655643 0.06760000229 0.07259220406
v 0.08 0.06760000229 0.06799999516
v 0.08 0.07239999771 0.06799999516
v 0.07908655643 0.07239999771 0.07259220406
v 0.07648528099 0.07239999771 0.07648527426
v 0.07259220123 0.07239999771 0.07908655446
v 0.06800000191 0.07239999771 0.08000000276
v 0.08 0.07239999771 -0.06799999914
v 0.07991961479 0.07269999981 -0.06799999914
v 0.0796999979 0.0729196167 -0.06799999914
v 0.07940000057 0.07300000191 -0.06799999914
v 0.07940000057 0.07300000191 0.06799999516
v 0.0796999979 0.0729196167 0.06799999516
v 0.07991961479 0.07269999981 0.06799999516
v 0.08 0.07239999771 0.06799999516
v -0.08 0.07239999771 -0.06799999914
v -0.07991961479 0.07269999981 -0.06799999914
v -0.0796999979 0.0729196167 -0.06799999914
v -0.07940000057 0.07300000191 -0.06799999914
v -0.07853222847 0.07300000191 -0.07236259184
v -0.07606101513 0.07300000191 -0.07606101714
v -0.07236258984 0.07300000191 -0.07853222574
v -0.06800000191 0.07300000191 -0.07940000254
v -0.06800000191 0.0729196167 -0.07969999994
v -0.06800000191 0.07269999981 -0.07991961204
v -0.06800000191 0.07239999771 -0.07999999724
v -0.07259220123 0.07239999771 -0.07908655844
v -0.07648528099 0.07239999771 -0.07648527824
v -0.07908655643 0.07239999771 -0.07259219844
v 0.06800000191 0.07239999771 -0.07999999724
v 0.06800000191 0.07269999981 -0.07991961204
v 0.06800000191 0.0729196167 -0.07969999994
v 0.06800000191 0.07300000191 -0.07940000254
v 0.07236258984 0.07300000191 -0.07853222574
v 0.07606101513 0.07300000191 -0.07606101714
v 0.07853222847 0.07300000191 -0.07236259184
v 0.07940000057 0.07300000191 -0.06799999914
v 0.0796999979 0.0729196167 -0.06799999914
v 0.07991961479 0.07269999981 -0.06799999914
v 0.08 0.07239999771 -0.06799999914
v 0.07908655643 0.07239999771 -0.07259219844
v 0.07648528099 0.07239999771 -0.07648527824
v 0.07259220123 0.07239999771 -0.07908655844
v 0.06224999905 0.07300000191 -0.06499999724
v 0.06305545807 0.07300000191 -0.06305545534
v 0.065 0.07300000191 -0.06225000104
v 0.06694454193 0.07300000191 -0.06305545534
v 0.06775000095 0.07300000191 -0.06499999724
v 0.06694454193 0.07300000191 -0.06694453914
v 0.065 0.07300000191 -0.06775000294
v 0.06305545807 0.07300000191 -0.06694453914
v 0.06224999905 0.06699999809 -0.06499999724
v 0.06305545807 0.06699999809 -0.06694453914
v 0.065 0.06699999809 -0.06775000294
v 0.06694454193 0.06699999809 -0.06694453914
v 0.06775000095 0.06699999809 -0.06499999724
v 0.06694454193 0.06699999809 -0.06305545534
v 0.065 0.06699999809 -0.06225000104
v 0.06305545807 0.06699999809 -0.06305545534
v 0.06224999905 0.07300000191 -0.06499999724
v 0.06224999905 0.06699999809 -0.06499999724
v -0.08 0.07239999771 0.06799999516
v -0.07991961479 0.07269999981 0.06799999516
v -0.0796999979 0.0729196167 0.06799999516
v -0.07940000057 0.07300000191 0.06799999516
v -0.07940000057 0.07300000191 -0.06799999914
v -0.0796999979 0.0729196167 -0.06799999914
v -0.07991961479 0.07269999981 -0.06799999914
v -0.08 0.07239999771 -0.06799999914
v 0.06224999905 0.07300000191 0.06500000276
v 0.06305545807 0.07300000191 0.06694454466
v 0.065 0.07300000191 0.06774999896
v 0.06694454193 0.07300000191 0.06694454466
v 0.06775000095 0.07300000191 0.06500000276
v 0.06694454193 0.07300000191 0.06305546086
v 0.065 0.07300000191 0.06225000656
v 0.06305545807 0.07300000191 0.06305546086
v 0.06224999905 0.06699999809 0.06500000276
v 0.06305545807 0.06699999809 0.06305546086
v 0.065 0.06699999809 0.06225000656
v 0.06694454193 0.06699999809 0.06305546086
v 0.06775000095 0.06699999809 0.06500000276
v 0.06694454193 0.06699999809 0.06694454466
v 0.065 0.06699999809 0.06774999896
v 0.06305545807 0.06699999809 0.06694454466
v 0.06224999905 0.07300000191 0.06500000276
v 0.06224999905 0.06699999809 0.06500000276
v -0.06775000095 0.07300000191 0.06500000276
v -0.06694454193 0.07300000191 0.06694454466
v -0.065 0.07300000191 0.06774999896
v -0.06305545807 0.07300000191 0.06694454466
v -0.06224999905 0.07300000191 0.06500000276
v -0.06305545807 0.07300000191 0.06305546086
v -0.065 0.07300000191 0.06225000656
v -0.06694454193 0.07300000191 0.06305546086
v -0.06775000095 0.06699999809 0.06500000276
v -0.06694454193 0.06699999809 0.06305546086
v -0.065 0.06699999809 0.06225000656
v -0.06305545807 0.06699999809 0.06305546086
v -0.06224999905 0.06699999809 0.06500000276
v -0.06305545807 0.06699999809 0.06694454466
v -0.065 0.06699999809 0.06774999896
v -0.06694454193 0.06699999809 0.06694454466
v -0.06775000095 0.07300000191 0.06500000276
v -0.06775000095 0.06699999809 0.06500000276
v -0.06775000095 0.07300000191 -0.06499999724
v -0.06694454193 0.07300000191 -0.06305545534
v -0.065 0.07300000191 -0.06225000104
v -0.06305545807 0.07300000191 -0.06305545534
v -0.06224999905 0.07300000191 -0.06499999724
v -0.06305545807 0.07300000191 -0.06694453914
v -0.065 0.07300000191 -0.06775000294
v -0.06694454193 0.07300000191 -0.06694453914
v -0.06775000095 0.06699999809 -0.06499999724
v -0.06694454193 0.06699999809 -0.06694453914
v -0.065 0.06699999809 -0.06775000294
v -0.06305545807 0.06699999809 -0.06694453914
v -0.06224999905 0.06699999809 -0.06499999724
v -0.06305545807 0.06699999809 -0.06305545534
v -0.065 0.06699999809 -0.06225000104
v -0.06694454193 0.06699999809 -0.06305545534
v -0.06775000095 0.07300000191 -0.06499999724
v -0.06775000095 0.06699999809 -0.06499999724
v -0.05494061947 0.07300000191 -0.02282138544
v -0.05398814201 0.07300000191 -0.01957753854
v -0.05143311024 0.07300000191 -0.01736359314
v -0.04808673382 0.07300000191 -0.01688245494
v -0.0450114584 0.07300000191 -0.01828689294
v -0.04318366051 0.07300000191 -0.02113098824
v -0.04318366051 0.07300000191 -0.02451178274
v -0.0450114584 0.07300000191 -0.02735588754
v -0.04808673382 0.07300000191 -0.02876031594
v -0.05143311024 0.07300000191 -0.02827917774
v -0.05398814201 0.07300000191 -0.02606523234
v -0.05494061947 0.06699999809 -0.02282138544
v -0.05398814201 0.06699999809 -0.02606523234
v -0.05143311024 0.06699999809 -0.02827917774
v -0.04808673382 0.06699999809 -0.02876031594
v -0.0450114584 0.06699999809 -0.02735588754
v -0.04318366051 0.06699999809 -0.02451178274
v -0.04318366051 0.06699999809 -0.02113098824
v -0.0450114584 0.06699999809 -0.01828689294
v -0.04808673382 0.06699999809 -0.01688245494
v -0.05143311024 0.06699999809 -0.01736359314
v -0.05398814201 0.06699999809 -0.01957753854
v -0.05494061947 0.07300000191 -0.02282138544
v -0.05494061947 0.06699999809 -0.02282138544
v -0.01939002037 0.07079999924 0.03787906926
v -0.01852438569 0.07079999924 0.04025738036
v -0.01633251905 0.07079999924 0.04152284896
v -0.0138400209 0.07079999924 0.04108335776
v -0.01221315861 0.07079999924 0.03914453786
v -0.01221315861 0.07079999924 0.03661358156
v -0.0138400209 0.07079999924 0.03467476166
v -0.01633251905 0.07079999924 0.03423527046
v -0.01852438569 0.07079999924 0.03550073906
v -0.01939002037 0.06699999809 0.03787906926
v -0.01852438569 0.06699999809 0.03550073906
v -0.01633251905 0.06699999809 0.03423527046
v -0.0138400209 0.06699999809 0.03467476166
v -0.01221315861 0.06699999809 0.03661358156
v -0.01221315861 0.06699999809 0.03914453786
v -0.0138400209 0.06699999809 0.04108335776
v -0.01633251905 0.06699999809 0.04152284896
v -0.01852438569 0.06699999809 0.04025738036
v -0.01939002037 0.07079999924 0.03787906926
v -0.01939002037 0.06699999809 0.03787906926
v 0.01682138562 0.07300000191 -0.04894061764
v 0.01777386546 0.07300000191 -0.04569678024
v 0.02032889605 0.07300000191 -0.04348282534
v 0.02367527485 0.07300000191 -0.04300168714
v 0.02675055027 0.07300000191 -0.04440612514
v 0.02857834339 0.07300000191 -0.04725022994
v 0.02857834339 0.07300000191 -0.05063101494
v 0.02675055027 0.07300000191 -0.05347511964
v 0.02367527485 0.07300000191 -0.05487954814
v 0.02032889605 0.07300000191 -0.05439840994
v 0.01777386546 0.07300000191 -0.05218446454
v 0.01682138562 0.06699999809 -0.04894061764
v 0.01777386546 0.06699999809 -0.05218446454
v 0.02032889605 0.06699999809 -0.05439840994
v 0.02367527485 0.06699999809 -0.05487954814
v 0.02675055027 0.06699999809 -0.05347511964
v 0.02857834339 0.06699999809 -0.05063101494
v 0.02857834339 0.06699999809 -0.04725022994
v 0.02675055027 0.06699999809 -0.04440612514
v 0.02367527485 0.06699999809 -0.04300168714
v 0.02032889605 0.06699999809 -0.04348282534
v 0.01777386546 0.06699999809 -0.04569678024
v 0.01682138562 0.07300000191 -0.04894061764
v 0.01682138562 0.06699999809 -0.04894061764
v -0.04157906055 0.07079999924 -0.01569001874
v -0.04071342468 0.07079999924 -0.01331170754
v -0.03852155924 0.07079999924 -0.01204622944
v -0.03602905989 0.07079999924 -0.01248573024
v -0.03440219879 0.07079999924 -0.01442455014
v -0.03440219879 0.07079999924 -0.01695549684
v -0.03602905989 0.07079999924 -0.01889431674
v -0.03852155924 0.07079999924 -0.01933380804
v -0.04071342468 0.07079999924 -0.01806833944
v -0.04157906055 0.06699999809 -0.01569001874
v -0.04071342468 0.06699999809 -0.01806833944
v -0.03852155924 0.06699999809 -0.01933380804
v -0.03602905989 0.06699999809 -0.01889431674
v -0.03440219879 0.06699999809 -0.01695549684
v -0.03440219879 0.06699999809 -0.01442455014
v -0.03602905989 0.06699999809 -0.01248573024
v -0.03852155924 0.06699999809 -0.01204622944
v -0.04071342468 0.06699999809 -0.01331170754
v -0.04157906055 0.07079999924 -0.01569001874
v -0.04157906055 0.06699999809 -0.01569001874
v -0.01739002109 0.07079999924 0.03787906926
v -0.0165400207 0.07079999924 0.03935131346
v -0.01484002113 0.07079999924 0.03935131346
v -0.01399002075 0.07079999924 0.03787906926
v -0.01484002113 0.07079999924 0.03640682496
v -0.0165400207 0.07079999924 0.03640682496
v -0.01939002037 0.07079999924 0.03787906926
v -0.01852438569 0.07079999924 0.03550073906
v -0.01633251905 0.07079999924 0.03423527046
v -0.0138400209 0.07079999924 0.03467476166
v -0.01221315861 0.07079999924 0.03661358156
v -0.01221315861 0.07079999924 0.03914453786
v -0.0138400209 0.07079999924 0.04108335776
v -0.01633251905 0.07079999924 0.04152284896
v -0.01852438569 0.07079999924 0.04025738036
v 0.04294062138 0.07300000191 0.02282139106
v 0.04389309883 0.07300000191 0.02606523796
v 0.04644813061 0.07300000191 0.02827917376
v 0.0497945118 0.07300000191 0.02876032156
v 0.05286978722 0.07300000191 0.02735588356
v 0.05469758034 0.07300000191 0.02451177876
v 0.05469758034 0.07300000191 0.02113098426
v 0.05286978722 0.07300000191 0.01828687946
v 0.0497945118 0.07300000191 0.01688246056
v 0.04644813061 0.07300000191 0.01736358916
v 0.04389309883 0.07300000191 0.01957754416
v 0.04294062138 0.06699999809 0.02282139106
v 0.04389309883 0.06699999809 0.01957754416
v 0.04644813061 0.06699999809 0.01736358916
v 0.0497945118 0.06699999809 0.01688246056
v 0.05286978722 0.06699999809 0.01828687946
v 0.05469758034 0.06699999809 0.02113098426
v 0.05469758034 0.06699999809 0.02451177876
v 0.05286978722 0.06699999809 0.02735588356
v 0.0497945118 0.06699999809 0.02876032156
v 0.04644813061 0.06699999809 0.02827917376
v 0.04389309883 0.06699999809 0.02606523796
v 0.04294062138 0.07300000191 0.02282139106
v 0.04294062138 0.06699999809 0.02282139106
v -0.01939002037 0.07079999924 -0.03787906364
v -0.01852438569 0.07079999924 -0.03550074304
v -0.01633251905 0.07079999924 -0.03423527444
v -0.0138400209 0.07079999924 -0.03467476564
v -0.01221315861 0.07079999924 -0.03661358554
v -0.01221315861 0.07079999924 -0.03914453224
v -0.0138400209 0.07079999924 -0.04108335214
v -0.01633251905 0.07079999924 -0.04152285294
v -0.01852438569 0.07079999924 -0.04025737484
v -0.01939002037 0.06699999809 -0.03787906364
v -0.01852438569 0.06699999809 -0.04025737484
v -0.01633251905 0.06699999809 -0.04152285294
v -0.0138400209 0.06699999809 -0.04108335214
v -0.01221315861 0.06699999809 -0.03914453224
v -0.01221315861 0.06699999809 -0.03661358554
v -0.0138400209 0.06699999809 -0.03467476564
v -0.01633251905 0.06699999809 -0.03423527444
v -0.01852438569 0.06699999809 -0.03550074304
v -0.01939002037 0.07079999924 -0.03787906364
v -0.01939002037 0.06699999809 -0.03787906364
v -0.03957906008 0.07079999924 -0.01569001874
v -0.0387290597 0.07079999924 -0.01421777444
v -0.03702906132 0.07079999924 -0.01421777444
v -0.03617906094 0.07079999924 -0.01569001874
v -0.03702906132 0.07079999924 -0.01716226304
v -0.0387290597 0.07079999924 -0.01716226304
v -0.04157906055 0.07079999924 -0.01569001874
v -0.04071342468 0.07079999924 -0.01806833944
v -0.03852155924 0.07079999924 -0.01933380804
v -0.03602905989 0.07079999924 -0.01889431674
v -0.03440219879 0.07079999924 -0.01695549684
v -0.03440219879 0.07079999924 -0.01442455014
v -0.03602905989 0.07079999924 -0.01248573024
v -0.03852155924 0.07079999924 -0.01204622944
v -0.04071342468 0.07079999924 -0.01331170754
v -0.02882138729 0.07300000191 0.04894062316
v -0.02786890745 0.07300000191 0.05218447006
v -0.02531387568 0.07300000191 0.05439840596
v -0.02196749687 0.07300000191 0.05487955376
v -0.01889222145 0.07300000191 0.05347511566
v -0.01706442833 0.07300000191 0.05063101096
v -0.01706442833 0.07300000191 0.04725021636
v -0.01889222145 0.07300000191 0.04440613066
v -0.02196749687 0.07300000191 0.04300169266
v -0.02531387568 0.07300000191 0.04348282136
v -0.02786890745 0.07300000191 0.04569677626
v -0.02882138729 0.06699999809 0.04894062316
v -0.02786890745 0.06699999809 0.04569677626
v -0.02531387568 0.06699999809 0.04348282136
v -0.02196749687 0.06699999809 0.04300169266
v -0.01889222145 0.06699999809 0.04440613066
v -0.01706442833 0.06699999809 0.04725021636
v -0.01706442833 0.06699999809 0.05063101096
v -0.01889222145 0.06699999809 0.05347511566
v -0.02196749687 0.06699999809 0.05487955376
v -0.02531387568 0.06699999809 0.05439840596
v -0.02786890745 0.06699999809 0.05218447006
v -0.02882138729 0.07300000191 0.04894062316
v -0.02882138729 0.06699999809 0.04894062316
v 0.03417906046 0.07079999924 -0.01569001874
v 0.03504469633 0.07079999924 -0.01331170754
v 0.03723656178 0.07079999924 -0.01204622944
v 0.03972906113 0.07079999924 -0.01248573024
v 0.04135592461 0.07079999924 -0.01442455014
v 0.04135592461 0.07079999924 -0.01695549684
v 0.03972906113 0.07079999924 -0.01889431674
v 0.03723656178 0.07079999924 -0.01933380804
v 0.03504469633 0.07079999924 -0.01806833944
v 0.03417906046 0.06699999809 -0.01569001874
v 0.03504469633 0.06699999809 -0.01806833944
v 0.03723656178 0.06699999809 -0.01933380804
v 0.03972906113 0.06699999809 -0.01889431674
v 0.04135592461 0.06699999809 -0.01695549684
v 0.04135592461 0.06699999809 -0.01442455014
v 0.03972906113 0.06699999809 -0.01248573024
v 0.03723656178 0.06699999809 -0.01204622944
v 0.03504469633 0.06699999809 -0.01331170754
v 0.03417906046 0.07079999924 -0.01569001874
v 0.03417906046 0.06699999809 -0.01569001874
v -0.01739002109 0.07079999924 -0.03787906364
v -0.0165400207 0.07079999924 -0.03640681944
v -0.01484002113 0.07079999924 -0.03640681944
v -0.01399002075 0.07079999924 -0.03787906364
v -0.01484002113 0.07079999924 -0.03935130794
v -0.0165400207 0.07079999924 -0.03935130794
v -0.01939002037 0.07079999924 -0.03787906364
v -0.01852438569 0.07079999924 -0.04025737484
v -0.01633251905 0.07079999924 -0.04152285294
v -0.0138400209 0.07079999924 -0.04108335214
v -0.01221315861 0.07079999924 -0.03914453224
v -0.01221315861 0.07079999924 -0.03661358554
v -0.0138400209 0.07079999924 -0.03467476564
v -0.01633251905 0.07079999924 -0.03423527444
v -0.01852438569 0.07079999924 -0.03550074304
v -0.01739002109 0.07079999924 0.03787906926
v -0.0165400207 0.07079999924 0.03640682496
v -0.01484002113 0.07079999924 0.03640682496
v -0.01399002075 0.07079999924 0.03787906926
v -0.01484002113 0.07079999924 0.03935131346
v -0.0165400207 0.07079999924 0.03935131346
v -0.01739002109 0.07300000191 0.03787906926
v -0.0165400207 0.07300000191 0.03935131346
v -0.01484002113 0.07300000191 0.03935131346
v -0.01399002075 0.07300000191 0.03787906926
v -0.01484002113 0.07300000191 0.03640682496
v -0.0165400207 0.07300000191 0.03640682496
v -0.01739002109 0.07300000191 0.03787906926
v -0.01739002109 0.07079999924 0.03787906926
v 0.01199002028 0.07079999924 -0.03787906364
v 0.01285565615 0.07079999924 -0.03550074304
v 0.01504752278 0.07079999924 -0.03423527444
v 0.01754002094 0.07079999924 -0.03467476564
v 0.01916688323 0.07079999924 -0.03661358554
v 0.01916688323 0.07079999924 -0.03914453224
v 0.01754002094 0.07079999924 -0.04108335214
v 0.01504752278 0.07079999924 -0.04152285294
v 0.01285565615 0.07079999924 -0.04025737484
v 0.01199002028 0.06699999809 -0.03787906364
v 0.01285565615 0.06699999809 -0.04025737484
v 0.01504752278 0.06699999809 -0.04152285294
v 0.01754002094 0.06699999809 -0.04108335214
v 0.01916688323 0.06699999809 -0.03914453224
v 0.01916688323 0.06699999809 -0.03661358554
v 0.01754002094 0.06699999809 -0.03467476564
v 0.01504752278 0.06699999809 -0.03423527444
v 0.01285565615 0.06699999809 -0.03550074304
v 0.01199002028 0.07079999924 -0.03787906364
v 0.01199002028 0.06699999809 -0.03787906364
v 0.03617906094 0.07079999924 -0.01569001874
v 0.03702906132 0.07079999924 -0.01421777444
v 0.0387290597 0.07079999924 -0.01421777444
v 0.03957906008 0.07079999924 -0.01569001874
v 0.0387290597 0.07079999924 -0.01716226304
v 0.03702906132 0.07079999924 -0.01716226304
v 0.03417906046 0.07079999924 -0.01569001874
v 0.03504469633 0.07079999924 -0.01806833944
v 0.03723656178 0.07079999924 -0.01933380804
v 0.03972906113 0.07079999924 -0.01889431674
v 0.04135592461 0.07079999924 -0.01695549684
v 0.04135592461 0.07079999924 -0.01442455014
v 0.03972906113 0.07079999924 -0.01248573024
v 0.03723656178 0.07079999924 -0.01204622944
v 0.03504469633 0.07079999924 -0.01331170754
v -0.03957906008 0.07079999924 -0.01569001874
v -0.0387290597 0.07079999924 -0.01716226304
v -0.03702906132 0.07079999924 -0.01716226304
v -0.03617906094 0.07079999924 -0.01569001874
v -0.03702906132 0.07079999924 -0.01421777444
v -0.0387290597 0.07079999924 -0.01421777444
v -0.03957906008 0.07300000191 -0.01569001874
v -0.0387290597 0.07300000191 -0.01421777444
v -0.03702906132 0.07300000191 -0.01421777444
v -0.03617906094 0.07300000191 -0.01569001874
v -0.03702906132 0.07300000191 -0.01716226304
v -0.0387290597 0.07300000191 -0.01716226304
v -0.03957906008 0.07300000191 -0.01569001874
v -0.03957906008 0.07079999924 -0.01569001874
v 0.03417906046 0.07079999924 0.01569002426
v 0.03504469633 0.07079999924 0.01806833546
v 0.03723656178 0.07079999924 0.01933380406
v 0.03972906113 0.07079999924 0.01889431276
v 0.04135592461 0.07079999924 0.01695549286
v 0.04135592461 0.07079999924 0.01442455566
v 0.03972906113 0.07079999924 0.01248573576
v 0.03723656178 0.07079999924 0.01204622546
v 0.03504469633 0.07079999924 0.01331171316
v 0.03417906046 0.06699999809 0.01569002426
v 0.03504469633 0.06699999809 0.01331171316
v 0.03723656178 0.06699999809 0.01204622546
v 0.03972906113 0.06699999809 0.01248573576
v 0.04135592461 0.06699999809 0.01442455566
v 0.04135592461 0.06699999809 0.01695549286
v 0.03972906113 0.06699999809 0.01889431276
v 0.03723656178 0.06699999809 0.01933380406
v 0.03504469633 0.06699999809 0.01806833546
v 0.03417906046 0.07079999924 0.01569002426
v 0.03417906046 0.06699999809 0.01569002426
v 0.01399002075 0.07079999924 -0.03787906364
v 0.01484002113 0.07079999924 -0.03640681944
v 0.0165400207 0.07079999924 -0.03640681944
v 0.01739002109 0.07079999924 -0.03787906364
v 0.0165400207 0.07079999924 -0.03935130794
v 0.01484002113 0.07079999924 -0.03935130794
v 0.01199002028 0.07079999924 -0.03787906364
v 0.01285565615 0.07079999924 -0.04025737484
v 0.01504752278 0.07079999924 -0.04152285294
v 0.01754002094 0.07079999924 -0.04108335214
v 0.01916688323 0.07079999924 -0.03914453224
v 0.01916688323 0.07079999924 -0.03661358554
v 0.01754002094 0.07079999924 -0.03467476564
v 0.01504752278 0.07079999924 -0.03423527444
v 0.01285565615 0.07079999924 -0.03550074304
v -0.01739002109 0.07079999924 -0.03787906364
v -0.0165400207 0.07079999924 -0.03935130794
v -0.01484002113 0.07079999924 -0.03935130794
v -0.01399002075 0.07079999924 -0.03787906364
v -0.01484002113 0.07079999924 -0.03640681944
v -0.0165400207 0.07079999924 -0.03640681944
v -0.01739002109 0.07300000191 -0.03787906364
v -0.0165400207 0.07300000191 -0.03640681944
v -0.01484002113 0.07300000191 -0.03640681944
v -0.01399002075 0.07300000191 -0.03787906364
v -0.01484002113 0.07300000191 -0.03935130794
v -0.0165400207 0.07300000191 -0.03935130794
v -0.01739002109 0.07300000191 -0.03787906364
v -0.01739002109 0.07079999924 -0.03787906364
v -0.04157906055 0.07079999924 0.01569002426
v -0.04071342468 0.07079999924 0.01806833546
v -0.03852155924 0.07079999924 0.01933380406
v -0.03602905989 0.07079999924 0.01889431276
v -0.03440219879 0.07079999924 0.01695549286
v -0.03440219879 0.07079999924 0.01442455566
v -0.03602905989 0.07079999924 0.01248573576
v -0.03852155924 0.07079999924 0.01204622546
v -0.04071342468 0.07079999924 0.01331171316
v -0.04157906055 0.06699999809 0.01569002426
v -0.04071342468 0.06699999809 0.01331171316
v -0.03852155924 0.06699999809 0.01204622546
v -0.03602905989 0.06699999809 0.01248573576
v -0.03440219879 0.06699999809 0.01442455566
v -0.03440219879 0.06699999809 0.01695549286
v -0.03602905989 0.06699999809 0.01889431276
v -0.03852155924 0.06699999809 0.01933380406
v -0.04071342468 0.06699999809 0.01806833546
v -0.04157906055 0.07079999924 0.01569002426
v -0.04157906055 0.06699999809 0.01569002426
v 0.03617906094 0.07079999924 0.01569002426
v 0.03702906132 0.07079999924 0.01716226856
v 0.0387290597 0.07079999924 0.01716226856
v 0.03957906008 0.07079999924 0.01569002426
v 0.0387290597 0.07079999924 0.01421778006
v 0.03702906132 0.07079999924 0.01421778006
v 0.03417906046 0.07079999924 0.01569002426
v 0.03504469633 0.07079999924 0.01331171316
v 0.03723656178 0.07079999924 0.01204622546
v 0.03972906113 0.07079999924 0.01248573576
v 0.04135592461 0.07079999924 0.01442455566
v 0.04135592461 0.07079999924 0.01695549286
v 0.03972906113 0.07079999924 0.01889431276
v 0.03723656178 0.07079999924 0.01933380406
v 0.03504469633 0.07079999924 0.01806833546
v 0.03617906094 0.07079999924 -0.01569001874
v 0.03702906132 0.07079999924 -0.01716226304
v 0.0387290597 0.07079999924 -0.01716226304
v 0.03957906008 0.07079999924 -0.01569001874
v 0.0387290597 0.07079999924 -0.01421777444
v 0.03702906132 0.07079999924 -0.01421777444
v 0.03617906094 0.07300000191 -0.01569001874
v 0.03702906132 0.07300000191 -0.01421777444
v 0.0387290597 0.07300000191 -0.01421777444
v 0.03957906008 0.07300000191 -0.01569001874
v 0.0387290597 0.07300000191 -0.01716226304
v 0.03702906132 0.07300000191 -0.01716226304
v 0.03617906094 0.07300000191 -0.01569001874
v 0.03617906094 0.07079999924 -0.01569001874
v 0.01199002028 0.07079999924 0.03787906926
v 0.01285565615 0.07079999924 0.04025738036
v 0.01504752278 0.07079999924 0.04152284896
v 0.01754002094 0.07079999924 0.04108335776
v 0.01916688323 0.07079999924 0.03914453786
v 0.01916688323 0.07079999924 0.03661358156
v 0.01754002094 0.07079999924 0.03467476166
v 0.01504752278 0.07079999924 0.03423527046
v 0.01285565615 0.07079999924 0.03550073906
v 0.01199002028 0.06699999809 0.03787906926
v 0.01285565615 0.06699999809 0.03550073906
v 0.01504752278 0.06699999809 0.03423527046
v 0.01754002094 0.06699999809 0.03467476166
v 0.01916688323 0.06699999809 0.03661358156
v 0.01916688323 0.06699999809 0.03914453786
v 0.01754002094 0.06699999809 0.04108335776
v 0.01504752278 0.06699999809 0.04152284896
v 0.01285565615 0.06699999809 0.04025738036
v 0.01199002028 0.07079999924 0.03787906926
v 0.01199002028 0.06699999809 0.03787906926
v -0.03957906008 0.07079999924 0.01569002426
v -0.0387290597 0.07079999924 0.01716226856
v -0.03702906132 0.07079999924 0.01716226856
v -0.03617906094 0.07079999924 0.01569002426
v -0.03702906132 0.07079999924 0.01421778006
v -0.0387290597 0.07079999924 0.01421778006
v -0.04157906055 0.07079999924 0.01569002426
v -0.04071342468 0.07079999924 0.01331171316
v -0.03852155924 0.07079999924 0.01204622546
v -0.03602905989 0.07079999924 0.01248573576
v -0.03440219879 0.07079999924 0.01442455566
v -0.03440219879 0.07079999924 0.01695549286
v -0.03602905989 0.07079999924 0.01889431276
v -0.03852155924 0.07079999924 0.01933380406
v -0.04071342468 0.07079999924 0.01806833546
v 0.01399002075 0.07079999924 -0.03787906364
v 0.01484002113 0.07079999924 -0.03935130794
v 0.0165400207 0.07079999924 -0.03935130794
v 0.01739002109 0.07079999924 -0.03787906364
v 0.0165400207 0.07079999924 -0.03640681944
v 0.01484002113 0.07079999924 -0.03640681944
v 0.01399002075 0.07300000191 -0.03787906364
v 0.01484002113 0.07300000191 -0.03640681944
v 0.0165400207 0.07300000191 -0.03640681944
v 0.01739002109 0.07300000191 -0.03787906364
v 0.0165400207 0.07300000191 -0.03935130794
v 0.01484002113 0.07300000191 -0.03935130794
v 0.01399002075 0.07300000191 -0.03787906364
v 0.01399002075 0.07079999924 -0.03787906364
v -0.02799999952 0.07300000191 2.755596473e-09
v -0.02704592228 0.07300000191 0.007246935756
v -0.02424871206 0.07300000191 0.01399999896
v -0.0197989893 0.07300000191 0.01979898726
v -0.01399999976 0.07300000191 0.02424871726
v -0.007246932983 0.07300000191 0.02704592026
v 3.061616526e-18 0.07300000191 0.02799999516
v 0.007246932983 0.07300000191 0.02704592026
v 0.01399999976 0.07300000191 0.02424871726
v 0.0197989893 0.07300000191 0.01979898726
v 0.02424871206 0.07300000191 0.01399999896
v 0.02704592228 0.07300000191 0.007246935756
v 0.02799999952 0.07300000191 2.755596473e-09
v 0.02704592228 0.07300000191 -0.007246930244
v 0.02424871206 0.07300000191 -0.01400000294
v 0.0197989893 0.07300000191 -0.01979899124
v 0.01399999976 0.07300000191 -0.02424871164
v 0.007246932983 0.07300000191 -0.02704592424
v -3.673941612e-19 0.07300000191 -0.02799999914
v -0.007246932983 0.07300000191 -0.02704592424
v -0.01399999976 0.07300000191 -0.02424871164
v -0.0197989893 0.07300000191 -0.01979899124
v -0.02424871206 0.07300000191 -0.01400000294
v -0.02704592228 0.07300000191 -0.007246930244
v -0.02799999952 0.06699999809 2.755596473e-09
v -0.02704592228 0.06699999809 -0.007246930244
v -0.02424871206 0.06699999809 -0.01400000294
v -0.0197989893 0.06699999809 -0.01979899124
v -0.01399999976 0.06699999809 -0.02424871164
v -0.007246932983 0.06699999809 -0.02704592424
v 1.118435582e-25 0.06699999809 -0.02799999914
v 0.007246932983 0.06699999809 -0.02704592424
v 0.01399999976 0.06699999809 -0.02424871164
v 0.0197989893 0.06699999809 -0.01979899124
v 0.02424871206 0.06699999809 -0.01400000294
v 0.02704592228 0.06699999809 -0.007246930244
v 0.02799999952 0.06699999809 2.755596473e-09
v 0.02704592228 0.06699999809 0.007246935756
v 0.02424871206 0.06699999809 0.01399999896
v 0.0197989893 0.06699999809 0.01979898726
v 0.01399999976 0.06699999809 0.02424871726
v 0.007246932983 0.06699999809 0.02704592026
v 3.4290108e-18 0.06699999809 0.02799999516
v -0.007246932983 0.06699999809 0.02704592026
v -0.01399999976 0.06699999809 0.02424871726
v -0.0197989893 0.06699999809 0.01979898726
v -0.02424871206 0.06699999809 0.01399999896
v -0.02704592228 0.06699999809 0.007246935756
v -0.02799999952 0.07300000191 2.755596473e-09
v -0.02799999952 0.06699999809 2.755596473e-09
v 0.01399002075 0.07079999924 0.03787906926
v 0.01484002113 0.07079999924 0.03935131346
v 0.0165400207 0.07079999924 0.03935131346
v 0.01739002109 0.07079999924 0.03787906926
v 0.0165400207 0.07079999924 0.03640682496
v 0.01484002113 0.07079999924 0.03640682496
v 0.01199002028 0.07079999924 0.03787906926
v 0.01285565615 0.07079999924 0.03550073906
v 0.01504752278 0.07079999924 0.03423527046
v 0.01754002094 0.07079999924 0.03467476166
v 0.01916688323 0.07079999924 0.03661358156
v 0.01916688323 0.07079999924 0.03914453786
v 0.01754002094 0.07079999924 0.04108335776
v 0.01504752278 0.07079999924 0.04152284896
v 0.01285565615 0.07079999924 0.04025738036
v 0.03617906094 0.07079999924 0.01569002426
v 0.03702906132 0.07079999924 0.01421778006
v 0.0387290597 0.07079999924 0.01421778006
v 0.03957906008 0.07079999924 0.01569002426
v 0.0387290597 0.07079999924 0.01716226856
v 0.03702906132 0.07079999924 0.01716226856
v 0.03617906094 0.07300000191 0.01569002426
v 0.03702906132 0.07300000191 0.01716226856
v 0.0387290597 0.07300000191 0.01716226856
v 0.03957906008 0.07300000191 0.01569002426
v 0.0387290597 0.07300000191 0.01421778006
v 0.03702906132 0.07300000191 0.01421778006
v 0.03617906094 0.07300000191 0.01569002426
v 0.03617906094 0.07079999924 0.01569002426
v -0.03957906008 0.07079999924 0.01569002426
v -0.0387290597 0.07079999924 0.01421778006
v -0.03702906132 0.07079999924 0.01421778006
v -0.03617906094 0.07079999924 0.01569002426
v -0.03702906132 0.07079999924 0.01716226856
v -0.0387290597 0.07079999924 0.01716226856
v -0.03957906008 0.07300000191 0.01569002426
v -0.0387290597 0.07300000191 0.01716226856
v -0.03702906132 0.07300000191 0.01716226856
v -0.03617906094 0.07300000191 0.01569002426
v -0.03702906132 0.07300000191 0.01421778006
v -0.0387290597 0.07300000191 0.01421778006
v -0.03957906008 0.07300000191 0.01569002426
v -0.03957906008 0.07079999924 0.01569002426
v 0.01399002075 0.07079999924 0.03787906926
v 0.01484002113 0.07079999924 0.03640682496
v 0.0165400207 0.07079999924 0.03640682496
v 0.01739002109 0.07079999924 0.03787906926
v 0.0165400207 0.07079999924 0.03935131346
v 0.01484002113 0.07079999924 0.03935131346
v 0.01399002075 0.07300000191 0.03787906926
v 0.01484002113 0.07300000191 0.03935131346
v 0.0165400207 0.07300000191 0.03935131346
v 0.01739002109 0.07300000191 0.03787906926
v 0.0165400207 0.07300000191 0.03640682496
v 0.01484002113 0.07300000191 0.03640682496
v 0.01399002075 0.07300000191 0.03787906926
v 0.01399002075 0.07079999924 0.03787906926
f 2 4 1
f 1 4 5
f 1 5 6
f 2 3 4
f 8 19 7
f 7 19 21
f 20 13 14
f 19 8 18
f 18 8 9
f 18 9 17
f 17 9 10
f 17 10 16
f 16 10 11
f 16 11 15
f 15 11 12
f 15 12 14
f 14 12 20
f 23 36 22
f 37 32 33
f 37 33 28
f 28 33 34
f 28 34 27
f 27 34 35
f 27 35 26
f 26 35 29
f 26 29 25
f 25 29 30
f 25 30 24
f 24 30 31
f 24 31 23
f 23 31 36
f 39 50 38
f 38 50 44
f 38 44 45
f 50 39 49
f 49 39 40
f 49 40 48
f 48 40 52
f 48 52 47
f 51 41 42
f 51 42 46
f 46 42 43
f 46 43 45
f 45 43 38
f 54 56 53
f 53 56 57
f 53 57 58
f 54 55 56
f 143 118 59
f 59 118 115
f 59 115 116
f 118 143 117
f 144 60 61
f 144 61 142
f 142 61 62
f 142 62 64
f 64 62 63
f 64 65 142
f 142 65 141
f 141 65 66
f 141 66 140
f 140 66 67
f 140 67 139
f 139 67 68
f 139 68 138
f 138 68 73
f 138 73 74
f 69 70 68
f 68 70 73
f 70 71 73
f 73 71 72
f 138 74 137
f 137 74 75
f 137 75 136
f 136 75 76
f 136 76 135
f 135 76 77
f 135 77 82
f 82 77 79
f 82 79 80
f 77 78 79
f 80 81 82
f 135 82 134
f 134 82 83
f 134 83 133
f 133 83 84
f 133 84 132
f 132 84 85
f 132 85 131
f 131 85 86
f 131 86 88
f 88 86 87
f 88 89 131
f 131 89 130
f 130 89 90
f 130 90 129
f 129 90 91
f 129 91 93
f 93 91 92
f 93 94 129
f 129 94 128
f 128 94 95
f 128 95 127
f 127 95 96
f 127 96 126
f 126 96 97
f 126 97 125
f 125 97 102
f 125 102 103
f 98 99 97
f 97 99 102
f 99 100 102
f 102 100 101
f 125 103 124
f 124 103 104
f 124 104 123
f 123 104 105
f 123 105 122
f 122 105 106
f 122 106 111
f 111 106 108
f 111 108 109
f 106 107 108
f 109 110 111
f 122 111 121
f 121 111 112
f 121 112 120
f 120 112 113
f 120 113 119
f 119 113 114
f 119 114 118
f 118 114 115
f 146 256 145
f 145 256 257
f 145 257 260
f 260 257 258
f 260 258 259
f 256 146 328
f 328 146 147
f 328 147 148
f 148 149 328
f 328 149 150
f 328 150 327
f 327 150 151
f 327 151 286
f 286 151 152
f 286 152 153
f 286 153 285
f 285 153 154
f 285 154 155
f 285 155 290
f 290 155 156
f 290 156 289
f 289 156 157
f 289 157 288
f 288 157 158
f 288 158 159
f 159 160 288
f 288 160 326
f 288 326 287
f 287 326 327
f 287 327 286
f 160 161 326
f 326 161 325
f 325 161 162
f 325 162 324
f 324 162 163
f 324 163 292
f 292 163 164
f 292 164 165
f 292 165 291
f 291 165 166
f 291 166 167
f 291 167 296
f 296 167 168
f 296 168 295
f 295 168 169
f 295 169 294
f 294 169 170
f 294 170 171
f 171 172 294
f 294 172 323
f 294 323 293
f 293 323 324
f 293 324 292
f 172 173 323
f 323 173 322
f 322 173 174
f 322 174 321
f 321 174 175
f 321 175 298
f 298 175 176
f 298 176 177
f 298 177 297
f 297 177 178
f 297 178 179
f 297 179 302
f 302 179 180
f 302 180 301
f 301 180 181
f 301 181 300
f 300 181 182
f 300 182 183
f 183 184 300
f 300 184 320
f 300 320 299
f 299 320 321
f 299 321 298
f 184 185 320
f 320 185 319
f 319 185 186
f 319 186 318
f 318 186 187
f 318 187 304
f 304 187 188
f 304 188 189
f 304 189 303
f 303 189 190
f 303 190 191
f 303 191 308
f 308 191 192
f 308 192 307
f 307 192 193
f 307 193 306
f 306 193 194
f 306 194 195
f 195 196 306
f 306 196 317
f 306 317 305
f 305 317 304
f 304 317 318
f 317 196 316
f 316 196 197
f 316 197 198
f 316 198 315
f 315 198 199
f 315 199 314
f 314 199 262
f 314 262 263
f 199 200 262
f 262 200 201
f 262 201 261
f 261 201 202
f 261 202 203
f 261 203 266
f 266 203 204
f 266 204 265
f 265 204 205
f 265 205 264
f 264 205 206
f 264 206 207
f 207 208 264
f 264 208 313
f 264 313 263
f 263 313 314
f 208 209 313
f 313 209 312
f 312 209 210
f 312 210 311
f 311 210 211
f 311 211 268
f 268 211 212
f 268 212 213
f 268 213 267
f 267 213 214
f 267 214 215
f 267 215 272
f 272 215 216
f 272 216 271
f 271 216 217
f 271 217 270
f 270 217 218
f 270 218 219
f 219 220 270
f 270 220 310
f 270 310 269
f 269 310 311
f 269 311 268
f 220 221 310
f 310 221 309
f 309 221 222
f 309 222 334
f 334 222 223
f 334 223 274
f 274 223 224
f 274 224 225
f 274 225 273
f 273 225 226
f 273 226 227
f 273 227 278
f 278 227 228
f 278 228 277
f 277 228 229
f 277 229 276
f 276 229 230
f 276 230 231
f 231 232 276
f 276 232 333
f 276 333 275
f 275 333 334
f 275 334 274
f 232 233 333
f 333 233 332
f 332 233 234
f 332 234 331
f 331 234 235
f 331 235 280
f 280 235 236
f 280 236 237
f 280 237 279
f 279 237 238
f 279 238 239
f 279 239 284
f 284 239 240
f 284 240 283
f 283 240 241
f 283 241 282
f 282 241 242
f 282 242 243
f 243 244 282
f 282 244 330
f 282 330 281
f 281 330 280
f 280 330 331
f 244 245 330
f 330 245 329
f 329 245 246
f 329 246 247
f 247 248 329
f 329 248 249
f 329 249 255
f 255 249 250
f 255 250 254
f 254 250 251
f 254 251 253
f 253 251 252
f 255 256 329
f 329 256 328
f 342 335 341
f 341 335 336
f 341 336 337
f 341 337 340
f 340 337 338
f 340 338 339
f 344 345 343
f 343 345 346
f 348 349 347
f 347 349 350
f 361 351 358
f 358 351 352
f 358 352 357
f 357 352 353
f 357 353 356
f 356 353 354
f 356 354 355
f 359 360 358
f 358 360 361
f 369 362 368
f 368 362 363
f 368 363 364
f 368 364 367
f 367 364 365
f 367 365 366
f 383 370 374
f 374 370 371
f 374 371 372
f 372 373 374
f 374 375 383
f 383 375 382
f 382 375 381
f 381 375 376
f 381 376 380
f 380 376 379
f 379 376 378
f 378 376 377
f 384 385 391
f 391 385 386
f 391 386 390
f 390 386 387
f 390 387 389
f 389 387 388
f 392 393 395
f 395 393 394
f 397 398 396
f 396 398 399
f 401 402 400
f 400 402 403
f 404 405 414
f 414 405 406
f 414 406 413
f 413 406 407
f 413 407 412
f 412 407 408
f 412 408 409
f 409 410 412
f 412 410 411
f 416 426 415
f 415 426 428
f 427 421 420
f 420 421 422
f 420 422 419
f 419 422 423
f 419 423 418
f 418 423 424
f 418 424 417
f 417 424 425
f 417 425 416
f 416 425 426
f 436 429 435
f 435 429 430
f 435 430 434
f 434 430 431
f 434 431 433
f 433 431 432
f 438 439 437
f 437 439 440
f 441 442 444
f 444 442 443
f 446 609 445
f 445 609 610
f 445 610 560
f 560 610 559
f 559 610 614
f 559 614 558
f 558 614 557
f 557 614 556
f 556 614 555
f 555 614 584
f 555 584 554
f 554 584 553
f 553 584 579
f 553 579 552
f 552 579 551
f 551 579 580
f 551 580 550
f 550 580 581
f 550 581 549
f 549 581 582
f 549 582 548
f 548 582 547
f 547 582 546
f 546 582 616
f 546 616 545
f 545 616 617
f 545 617 544
f 544 617 618
f 544 618 543
f 543 618 542
f 542 618 578
f 542 578 541
f 541 578 573
f 541 573 540
f 540 573 539
f 539 573 574
f 539 574 538
f 538 574 575
f 538 575 537
f 537 575 576
f 537 576 536
f 536 576 535
f 535 576 619
f 535 619 534
f 534 619 620
f 534 620 533
f 533 620 532
f 532 620 621
f 532 621 531
f 531 621 622
f 531 622 530
f 530 622 572
f 530 572 529
f 529 572 567
f 529 567 528
f 528 567 527
f 527 567 568
f 527 568 526
f 526 568 569
f 526 569 525
f 525 569 570
f 525 570 524
f 524 570 523
f 523 570 522
f 522 570 623
f 522 623 521
f 521 623 624
f 521 624 520
f 520 624 625
f 520 625 519
f 519 625 518
f 518 625 566
f 518 566 517
f 517 566 561
f 517 561 516
f 516 561 515
f 515 561 562
f 515 562 514
f 514 562 563
f 514 563 513
f 513 563 564
f 513 564 512
f 512 564 511
f 511 564 626
f 511 626 510
f 510 626 627
f 510 627 509
f 509 627 628
f 509 628 508
f 508 628 507
f 507 628 629
f 507 629 506
f 506 629 608
f 506 608 505
f 505 608 603
f 505 603 504
f 504 603 503
f 503 603 604
f 503 604 502
f 502 604 605
f 502 605 501
f 501 605 606
f 501 606 500
f 500 606 499
f 499 606 630
f 499 630 498
f 498 630 497
f 497 630 631
f 497 631 496
f 496 631 632
f 496 632 495
f 495 632 602
f 495 602 494
f 494 602 493
f 493 602 597
f 493 597 492
f 492 597 491
f 491 597 598
f 491 598 490
f 490 598 599
f 490 599 489
f 489 599 600
f 489 600 488
f 488 600 487
f 487 600 633
f 487 633 486
f 486 633 634
f 486 634 485
f 485 634 635
f 485 635 484
f 484 635 483
f 483 635 636
f 483 636 482
f 482 636 596
f 482 596 481
f 481 596 591
f 481 591 480
f 480 591 479
f 479 591 592
f 479 592 478
f 478 592 593
f 478 593 477
f 477 593 594
f 477 594 476
f 476 594 475
f 475 594 637
f 475 637 474
f 474 637 473
f 473 637 638
f 473 638 472
f 472 638 639
f 472 639 471
f 471 639 590
f 471 590 470
f 470 590 469
f 469 590 585
f 469 585 468
f 468 585 467
f 467 585 586
f 467 586 466
f 466 586 587
f 466 587 465
f 465 587 588
f 465 588 464
f 464 588 463
f 463 588 462
f 462 588 640
f 462 640 641
f 446 447 609
f 609 447 448
f 609 448 449
f 449 450 609
f 609 450 648
f 648 450 647
f 647 450 451
f 647 451 646
f 646 451 452
f 646 452 453
f 453 454 646
f 646 454 455
f 646 455 456
f 646 456 645
f 645 456 457
f 645 457 458
f 645 458 641
f 641 458 459
f 641 459 460
f 460 461 641
f 641 461 462
f 564 565 626
f 626 565 625
f 625 565 566
f 570 571 623
f 623 571 622
f 622 571 572
f 576 577 619
f 619 577 618
f 618 577 578
f 616 582 615
f 615 582 583
f 615 583 584
f 588 589 640
f 640 589 590
f 640 590 639
f 594 595 637
f 637 595 636
f 636 595 596
f 600 601 633
f 633 601 632
f 632 601 602
f 606 607 630
f 630 607 629
f 629 607 608
f 611 612 610
f 610 612 613
f 610 613 614
f 614 615 584
f 641 642 645
f 645 642 643
f 645 643 644
f 649 650 652
f 652 650 651
f 654 664 653
f 653 664 666
f 665 659 658
f 658 659 660
f 658 660 657
f 657 660 661
f 657 661 656
f 656 661 662
f 656 662 655
f 655 662 663
f 655 663 654
f 654 663 664
f 667 668 674
f 674 668 669
f 674 669 673
f 673 669 670
f 673 670 672
f 672 670 671
f 675 676 682
f 682 676 677
f 682 677 681
f 681 677 678
f 681 678 680
f 680 678 679
f 683 684 693
f 693 684 685
f 693 685 686
f 686 687 693
f 693 687 692
f 692 687 688
f 692 688 691
f 691 688 689
f 691 689 690
f 694 695 700
f 700 695 699
f 699 695 696
f 699 696 698
f 698 696 697
f 702 708 701
f 701 708 709
f 701 709 723
f 723 709 722
f 722 709 710
f 722 710 721
f 721 710 718
f 721 718 720
f 720 718 719
f 708 702 707
f 707 702 703
f 707 703 706
f 706 703 704
f 706 704 705
f 710 711 718
f 718 711 717
f 717 711 712
f 717 712 716
f 716 712 713
f 716 713 715
f 715 713 714
f 723 724 701
f 748 725 747
f 747 725 726
f 747 726 739
f 739 726 727
f 739 727 738
f 738 727 728
f 738 728 730
f 730 728 729
f 738 730 737
f 737 730 731
f 737 731 736
f 736 731 732
f 736 732 735
f 735 732 733
f 735 733 734
f 739 740 747
f 747 740 746
f 746 740 741
f 746 741 745
f 745 741 742
f 745 742 744
f 744 742 743
f 758 749 757
f 757 749 750
f 757 750 756
f 756 750 751
f 756 751 755
f 755 751 752
f 755 752 754
f 754 752 753
f 760 770 759
f 759 770 772
f 771 765 764
f 764 765 766
f 764 766 763
f 763 766 767
f 763 767 762
f 762 767 768
f 762 768 761
f 761 768 769
f 761 769 760
f 760 769 770
f 780 773 779
f 779 773 774
f 779 774 778
f 778 774 775
f 778 775 777
f 777 775 776
f 781 782 788
f 788 782 783
f 788 783 784
f 785 786 784
f 784 786 787
f 784 787 788
f 790 803 789
f 789 803 804
f 789 804 808
f 808 804 807
f 807 804 805
f 807 805 806
f 790 791 803
f 803 791 802
f 802 791 792
f 802 792 793
f 802 793 801
f 801 793 794
f 801 794 795
f 801 795 800
f 800 795 796
f 800 796 797
f 798 799 797
f 797 799 800
f 809 810 828
f 828 810 811
f 828 811 827
f 827 811 826
f 826 811 812
f 826 812 825
f 825 812 824
f 824 812 813
f 824 813 823
f 823 813 822
f 822 813 814
f 822 814 821
f 821 814 820
f 820 814 815
f 820 815 819
f 819 815 818
f 818 815 816
f 818 816 817
f 829 830 838
f 838 830 831
f 838 831 832
f 832 833 838
f 838 833 837
f 837 833 834
f 837 834 835
f 835 836 837
f 839 840 842
f 842 840 841
f 844 854 843
f 843 854 856
f 855 849 848
f 848 849 850
f 848 850 847
f 847 850 851
f 847 851 846
f 846 851 852
f 846 852 845
f 845 852 853
f 845 853 844
f 844 853 854
f 857 858 864
f 864 858 859
f 864 859 863
f 863 859 860
f 863 860 862
f 862 860 861
f 865 866 872
f 872 866 867
f 872 867 871
f 871 867 868
f 871 868 870
f 870 868 869
f 881 873 885
f 885 873 874
f 885 874 884
f 884 874 875
f 884 875 883
f 883 875 876
f 883 876 877
f 883 877 882
f 882 877 878
f 882 878 886
f 886 878 879
f 886 879 880
f 886 880 885
f 885 880 881
f 887 888 891
f 891 888 890
f 890 888 889
f 893 904 892
f 892 904 905
f 892 905 900
f 900 905 899
f 899 905 901
f 899 901 898
f 898 901 897
f 897 901 902
f 897 902 896
f 896 902 895
f 895 902 903
f 895 903 894
f 894 903 904
f 894 904 893
f 919 906 910
f 910 906 907
f 910 907 908
f 908 909 910
f 910 911 919
f 919 911 918
f 918 911 917
f 917 911 912
f 917 912 916
f 916 912 915
f 915 912 914
f 914 912 913
f 920 921 931
f 931 921 922
f 931 922 924
f 924 922 923
f 924 925 931
f 931 925 930
f 930 925 928
f 930 928 929
f 926 927 925
f 925 927 928
f 933 946 932
f 932 946 947
f 932 947 951
f 951 947 950
f 950 947 948
f 950 948 949
f 933 934 946
f 946 934 945
f 945 934 935
f 945 935 936
f 945 936 944
f 944 936 937
f 944 937 938
f 944 938 943
f 943 938 939
f 943 939 940
f 941 942 940
f 940 942 943
f 952 953 962
f 962 953 961
f 961 953 960
f 960 953 959
f 959 953 954
f 959 954 958
f 958 954 955
f 958 955 957
f 957 955 956
f 963 964 1009
f 1009 964 1077
f 1009 1077 1008
f 1008 1077 1078
f 1008 1078 1067
f 1067 1078 1079
f 1067 1079 1082
f 1082 1079 1080
f 1082 1080 1081
f 1077 964 1076
f 1076 964 965
f 1076 965 1075
f 1075 965 1074
f 1074 965 966
f 1074 966 1073
f 1073 966 968
f 1073 968 969
f 966 967 968
f 970 1047 969
f 969 1047 1072
f 969 1072 1073
f 1047 970 1054
f 1054 970 971
f 1054 971 1053
f 1053 971 972
f 1053 972 1052
f 1052 972 973
f 1052 973 1051
f 1051 973 1050
f 1050 973 1125
f 1050 1125 1049
f 1049 1125 1126
f 1049 1126 1127
f 1125 973 1124
f 1124 973 974
f 1124 974 1123
f 1123 974 975
f 1123 975 1122
f 1122 975 976
f 1122 976 1121
f 1121 976 1120
f 1120 976 977
f 1120 977 1139
f 1139 977 978
f 1139 978 1138
f 1138 978 1044
f 1138 1044 1045
f 979 1042 978
f 978 1042 1043
f 978 1043 1044
f 1042 979 1041
f 1041 979 980
f 1041 980 1040
f 1040 980 981
f 1040 981 1031
f 1031 981 1030
f 1030 981 982
f 1030 982 983
f 984 985 983
f 983 985 1029
f 983 1029 1030
f 985 986 1029
f 1029 986 1028
f 1028 986 988
f 1028 988 1038
f 1038 988 1011
f 1038 1011 1012
f 986 987 988
f 1011 988 1010
f 1010 988 989
f 1010 989 1027
f 1027 989 1026
f 1026 989 1025
f 1025 989 991
f 1025 991 992
f 989 990 991
f 993 994 992
f 992 994 1025
f 1025 994 1024
f 1024 994 995
f 1024 995 1023
f 1023 995 996
f 1023 996 1022
f 1022 996 1058
f 1022 1058 1059
f 996 997 1058
f 1058 997 1057
f 1057 997 998
f 1057 998 1056
f 1056 998 999
f 1056 999 1055
f 1055 999 1062
f 1062 999 1109
f 1062 1109 1061
f 1061 1109 1110
f 1061 1110 1111
f 1109 999 1108
f 1108 999 1000
f 1108 1000 1107
f 1107 1000 1001
f 1107 1001 1106
f 1106 1001 1105
f 1105 1001 1002
f 1105 1002 1104
f 1104 1002 1003
f 1104 1003 1103
f 1103 1003 1004
f 1103 1004 1102
f 1102 1004 1064
f 1102 1064 1065
f 1005 1070 1004
f 1004 1070 1063
f 1004 1063 1064
f 1070 1005 1069
f 1069 1005 1006
f 1069 1006 1068
f 1068 1006 1007
f 1068 1007 1067
f 1067 1007 1008
f 1038 1012 1037
f 1037 1012 1013
f 1037 1013 1014
f 1037 1014 1036
f 1036 1014 1015
f 1036 1015 1035
f 1035 1015 1016
f 1035 1016 1090
f 1090 1016 1089
f 1089 1016 1017
f 1089 1017 1018
f 1089 1018 1088
f 1088 1018 1019
f 1088 1019 1020
f 1021 1060 1020
f 1020 1060 1087
f 1020 1087 1088
f 1060 1021 1059
f 1059 1021 1022
f 1040 1031 1039
f 1039 1031 1032
f 1039 1032 1046
f 1046 1032 1092
f 1046 1092 1135
f 1135 1092 1134
f 1134 1092 1093
f 1134 1093 1133
f 1133 1093 1132
f 1132 1093 1094
f 1132 1094 1131
f 1131 1094 1095
f 1131 1095 1130
f 1130 1095 1129
f 1129 1095 1096
f 1129 1096 1128
f 1128 1096 1048
f 1128 1048 1127
f 1127 1048 1049
f 1032 1033 1092
f 1092 1033 1091
f 1091 1033 1034
f 1091 1034 1090
f 1090 1034 1035
f 1046 1136 1045
f 1045 1136 1137
f 1045 1137 1138
f 1048 1096 1047
f 1047 1096 1097
f 1047 1097 1071
f 1071 1097 1099
f 1099 1097 1098
f 1061 1111 1060
f 1060 1111 1112
f 1060 1112 1087
f 1087 1112 1113
f 1087 1113 1086
f 1086 1113 1114
f 1086 1114 1115
f 1066 1100 1065
f 1065 1100 1101
f 1065 1101 1102
f 1067 1083 1066
f 1066 1083 1119
f 1066 1119 1100
f 1071 1072 1047
f 1082 1083 1067
f 1119 1083 1118
f 1118 1083 1084
f 1118 1084 1117
f 1117 1084 1116
f 1116 1084 1085
f 1116 1085 1115
f 1115 1085 1086
f 1135 1136 1046
f 1141 1151 1140
f 1140 1151 1153
f 1152 1146 1145
f 1145 1146 1147
f 1145 1147 1144
f 1144 1147 1148
f 1144 1148 1143
f 1143 1148 1149
f 1143 1149 1142
f 1142 1149 1150
f 1142 1150 1141
f 1141 1150 1151
f 1161 1154 1160
f 1160 1154 1155
f 1160 1155 1159
f 1159 1155 1156
f 1159 1156 1158
f 1158 1156 1157
f 1162 1163 1165
f 1165 1163 1164
f 1166 1167 1169
f 1169 1167 1168
f 1170 1171 1174
f 1174 1171 1173
f 1173 1171 1172
f 1176 1182 1175
f 1175 1182 1183
f 1175 1183 1179
f 1179 1183 1185
f 1179 1185 1178
f 1186 1184 1180
f 1186 1180 1177
f 1177 1180 1181
f 1177 1181 1176
f 1176 1181 1182
f 1187 1188 1206
f 1206 1188 1205
f 1205 1188 1189
f 1205 1189 1190
f 1205 1190 1204
f 1204 1190 1191
f 1204 1191 1192
f 1204 1192 1203
f 1203 1192 1193
f 1203 1193 1194
f 1203 1194 1202
f 1202 1194 1195
f 1202 1195 1196
f 1202 1196 1201
f 1201 1196 1197
f 1201 1197 1198
f 1199 1200 1198
f 1198 1200 1201
f 1207 1208 1216
f 1216 1208 1209
f 1216 1209 1210
f 1210 1211 1216
f 1216 1211 1215
f 1215 1211 1212
f 1215 1212 1213
f 1213 1214 1215
f 1217 1218 1226
f 1226 1218 1225
f 1225 1218 1219
f 1225 1219 1224
f 1224 1219 1220
f 1224 1220 1223
f 1223 1220 1222
f 1222 1220 1221
f 1234 1227 1233
f 1233 1227 1228
f 1233 1228 1232
f 1232 1228 1229
f 1232 1229 1231
f 1231 1229 1230
f 1236 1237 1235
f 1235 1237 1242
f 1242 1237 1238
f 1242 1238 1241
f 1241 1238 1239
f 1241 1239 1240
f 1243 1244 1250
f 1250 1244 1245
f 1250 1245 1249
f 1249 1245 1246
f 1249 1246 1248
f 1248 1246 1247
f 1251 1252 1258
f 1258 1252 1253
f 1258 1253 1257
f 1257 1253 1254
f 1257 1254 1256
f 1256 1254 1255
f 1260 1267 1259
f 1259 1267 1268
f 1259 1268 1263
f 1263 1268 1264
f 1263 1264 1262
f 1262 1264 1270
f 1269 1265 1261
f 1261 1265 1266
f 1261 1266 1260
f 1260 1266 1267
f 1272 1284 1271
f 1271 1284 1285
f 1271 1285 1278
f 1278 1285 1286
f 1278 1286 1277
f 1277 1286 1279
f 1277 1279 1276
f 1276 1279 1280
f 1276 1280 1275
f 1275 1280 1281
f 1275 1281 1274
f 1274 1281 1282
f 1274 1282 1273
f 1273 1282 1288
f 1287 1283 1272
f 1272 1283 1284
f 1290 1302 1289
f 1289 1302 1303
f 1289 1303 1296
f 1296 1303 1304
f 1296 1304 1295
f 1295 1304 1297
f 1295 1297 1294
f 1294 1297 1298
f 1294 1298 1293
f 1293 1298 1299
f 1293 1299 1292
f 1292 1299 1300
f 1292 1300 1291
f 1291 1300 1305
f 1306 1301 1290
f 1290 1301 1302
f 1308 1315 1307
f 1307 1315 1316
f 1307 1316 1318
f 1318 1316 1317
f 1308 1309 1315
f 1315 1309 1310
f 1315 1310 1314
f 1314 1310 1311
f 1314 1311 1313
f 1313 1311 1312
f 1319 1320 1318
f 1318 1320 1307
f 1328 1321 1327
f 1327 1321 1322
f 1327 1322 1323
f 1324 1325 1323
f 1323 1325 1326
f 1323 1326 1327
f 1329 1330 1382
f 1382 1330 1381
f 1381 1330 1331
f 1381 1331 1380
f 1380 1331 1332
f 1380 1332 1379
f 1379 1332 1333
f 1379 1333 1378
f 1378 1333 1334
f 1378 1334 1377
f 1377 1334 1335
f 1377 1335 1376
f 1376 1335 1375
f 1375 1335 1336
f 1375 1336 1374
f 1374 1336 1337
f 1374 1337 1373
f 1373 1337 1338
f 1373 1338 1372
f 1372 1338 1339
f 1372 1339 1371
f 1371 1339 1340
f 1371 1340 1370
f 1370 1340 1341
f 1370 1341 1369
f 1369 1341 1342
f 1369 1342 1368
f 1368 1342 1343
f 1368 1343 1367
f 1367 1343 1344
f 1367 1344 1366
f 1366 1344 1345
f 1366 1345 1365
f 1365 1345 1346
f 1365 1346 1364
f 1364 1346 1347
f 1364 1347 1363
f 1363 1347 1348
f 1363 1348 1362
f 1362 1348 1349
f 1362 1349 1361
f 1361 1349 1350
f 1361 1350 1360
f 1360 1350 1351
f 1360 1351 1359
f 1359 1351 1352
f 1359 1352 1358
f 1358 1352 1353
f 1358 1353 1357
f 1357 1353 1354
f 1357 1354 1356
f 1356 1354 1355
f 1384 1391 1383
f 1383 1391 1392
f 1383 1392 1387
f 1387 1392 1388
f 1387 1388 1386
f 1386 1388 1394
f 1393 1389 1385
f 1385 1389 1390
f 1385 1390 1384
f 1384 1390 1391
f 1402 1395 1401
f 1401 1395 1396
f 1401 1396 1400
f 1400 1396 1397
f 1400 1397 1399
f 1399 1397 1398
f 1410 1403 1409
f 1409 1403 1404
f 1409 1404 1408
f 1408 1404 1405
f 1408 1405 1407
f 1407 1405 1406
f 1412 1429 1411
f 1411 1429 1438
f 1439 1430 1431
f 1429 1412 1428
f 1428 1412 1413
f 1428 1413 1427
f 1427 1413 1426
f 1426 1413 1414
f 1426 1414 1425
f 1425 1414 1415
f 1425 1415 1424
f 1424 1415 1423
f 1423 1415 1416
f 1423 1416 1422
f 1422 1416 1417
f 1422 1417 1437
f 1437 1417 1418
f 1437 1418 1436
f 1436 1418 1435
f 1435 1418 1419
f 1435 1419 1434
f 1434 1419 1420
f 1434 1420 1433
f 1433 1420 1432
f 1432 1420 1421
f 1432 1421 1431
f 1431 1421 1439
f 1441 1453 1440
f 1440 1453 1454
f 1440 1454 1447
f 1447 1454 1455
f 1447 1455 1446
f 1446 1455 1448
f 1446 1448 1445
f 1445 1448 1449
f 1445 1449 1444
f 1444 1449 1450
f 1444 1450 1443
f 1443 1450 1451
f 1443 1451 1442
f 1442 1451 1457
f 1456 1452 1441
f 1441 1452 1453
f 1459 1471 1458
f 1458 1471 1472
f 1458 1472 1465
f 1465 1472 1473
f 1465 1473 1464
f 1464 1473 1466
f 1464 1466 1463
f 1463 1466 1467
f 1463 1467 1462
f 1462 1467 1468
f 1462 1468 1461
f 1461 1468 1469
f 1461 1469 1460
f 1460 1469 1474
f 1475 1470 1459
f 1459 1470 1471
f 1476 1477 1485
f 1485 1477 1479
f 1485 1479 1480
f 1477 1478 1479
f 1481 1482 1480
f 1480 1482 1484
f 1480 1484 1485
f 1482 1483 1484
f 1493 1486 1492
f 1492 1486 1487
f 1492 1487 1491
f 1491 1487 1488
f 1491 1488 1490
f 1490 1488 1489
f 1495 1496 1494
f 1494 1496 1504
f 1494 1504 1505
f 1496 1497 1504
f 1504 1497 1503
f 1503 1497 1499
f 1503 1499 1502
f 1502 1499 1500
f 1502 1500 1501
f 1497 1498 1499
f 1506 1507 1505
f 1505 1507 1494
f 1509 1510 1508
f 1508 1510 1511
f 1512 1513 1519
f 1519 1513 1514
f 1519 1514 1518
f 1518 1514 1515
f 1518 1515 1517
f 1517 1515 1516
f 1520 1521 1527
f 1527 1521 1522
f 1527 1522 1526
f 1526 1522 1523
f 1526 1523 1525
f 1525 1523 1524
f 1528 1529 1535
f 1535 1529 1530
f 1535 1530 1534
f 1534 1530 1531
f 1534 1531 1533
f 1533 1531 1532
f 1537 1554 1536
f 1536 1554 1563
f 1564 1555 1556
f 1554 1537 1553
f 1553 1537 1538
f 1553 1538 1552
f 1552 1538 1551
f 1551 1538 1539
f 1551 1539 1550
f 1550 1539 1540
f 1550 1540 1549
f 1549 1540 1548
f 1548 1540 1541
f 1548 1541 1547
f 1547 1541 1542
f 1547 1542 1562
f 1562 1542 1543
f 1562 1543 1561
f 1561 1543 1560
f 1560 1543 1544
f 1560 1544 1559
f 1559 1544 1545
f 1559 1545 1558
f 1558 1545 1557
f 1557 1545 1546
f 1557 1546 1556
f 1556 1546 1564
f 1566 1578 1565
f 1565 1578 1579
f 1565 1579 1572
f 1572 1579 1580
f 1572 1580 1571
f 1571 1580 1573
f 1571 1573 1570
f 1570 1573 1574
f 1570 1574 1569
f 1569 1574 1575
f 1569 1575 1568
f 1568 1575 1576
f 1568 1576 1567
f 1567 1576 1582
f 1581 1577 1566
f 1566 1577 1578
f 1584 1596 1583
f 1583 1596 1597
f 1583 1597 1590
f 1590 1597 1598
f 1590 1598 1589
f 1589 1598 1591
f 1589 1591 1588
f 1588 1591 1592
f 1588 1592 1587
f 1587 1592 1593
f 1587 1593 1586
f 1586 1593 1594
f 1586 1594 1585
f 1585 1594 1599
f 1600 1595 1584
f 1584 1595 1596
f 1601 1602 1608
f 1608 1602 1603
f 1608 1603 1607
f 1607 1603 1604
f 1607 1604 1606
f 1606 1604 1605
f 1610 1611 1609
f 1609 1611 1616
f 1616 1611 1615
f 1615 1611 1612
f 1615 1612 1614
f 1614 1612 1613
f 1617 1618 1620
f 1620 1618 1619
f 1622 1623 1621
f 1621 1623 1624
f 1621 1624 1626
f 1626 1624 1625
f 1628 1637 1627
f 1638 1635 1636
f 1638 1636 1631
f 1631 1636 1632
f 1631 1632 1630
f 1630 1632 1633
f 1630 1633 1629
f 1629 1633 1634
f 1629 1634 1628
f 1628 1634 1637
f 1646 1639 1645
f 1645 1639 1640
f 1645 1640 1644
f 1644 1640 1641
f 1644 1641 1643
f 1643 1641 1642
f 1654 1647 1653
f 1653 1647 1648
f 1653 1648 1652
f 1652 1648 1649
f 1652 1649 1651
f 1651 1649 1650
f 1662 1655 1663
f 1663 1655 1656
f 1663 1656 1668
f 1668 1656 1657
f 1668 1657 1667
f 1667 1657 1658
f 1667 1658 1666
f 1666 1658 1659
f 1666 1659 1660
f 1666 1660 1665
f 1665 1660 1661
f 1665 1661 1664
f 1664 1661 1662
f 1664 1662 1663
f 1670 1677 1669
f 1669 1677 1678
f 1669 1678 1673
f 1673 1678 1674
f 1673 1674 1672
f 1672 1674 1679
f 1680 1675 1671
f 1671 1675 1676
f 1671 1676 1670
f 1670 1676 1677
f 1681 1682 1710
f 1710 1682 1706
f 1710 1706 1709
f 1709 1706 1707
f 1709 1707 1708
f 1706 1682 1705
f 1705 1682 1683
f 1705 1683 1704
f 1704 1683 1684
f 1704 1684 1703
f 1703 1684 1685
f 1703 1685 1702
f 1702 1685 1686
f 1702 1686 1701
f 1701 1686 1700
f 1700 1686 1687
f 1700 1687 1699
f 1699 1687 1688
f 1699 1688 1698
f 1698 1688 1689
f 1698 1689 1697
f 1697 1689 1690
f 1697 1690 1696
f 1696 1690 1692
f 1696 1692 1693
f 1690 1691 1692
f 1694 1695 1693
f 1693 1695 1696
f 1721 1711 1715
f 1715 1711 1712
f 1715 1712 1714
f 1714 1712 1713
f 1715 1716 1721
f 1721 1716 1720
f 1720 1716 1717
f 1720 1717 1719
f 1719 1717 1718
f 1722 1723 1739
f 1739 1723 1724
f 1739 1724 1738
f 1738 1724 1725
f 1738 1725 1737
f 1737 1725 1726
f 1737 1726 1736
f 1736 1726 1727
f 1736 1727 1735
f 1735 1727 1728
f 1735 1728 1734
f 1734 1728 1729
f 1734 1729 1733
f 1733 1729 1730
f 1733 1730 1732
f 1732 1730 1731
f 1741 1744 1740
f 1740 1744 1745
f 1740 1745 1747
f 1747 1745 1746
f 1741 1742 1744
f 1744 1742 1743
f 1749 1750 1748
f 1748 1750 1803
f 1803 1750 1751
f 1803 1751 1802
f 1802 1751 1752
f 1802 1752 1801
f 1801 1752 1753
f 1801 1753 1800
f 1800 1753 1754
f 1800 1754 1799
f 1799 1754 1755
f 1799 1755 1798
f 1798 1755 1756
f 1798 1756 1797
f 1797 1756 1757
f 1797 1757 1796
f 1796 1757 1795
f 1795 1757 1758
f 1795 1758 1794
f 1794 1758 1759
f 1794 1759 1793
f 1793 1759 1760
f 1793 1760 1792
f 1792 1760 1761
f 1792 1761 1791
f 1791 1761 1762
f 1791 1762 1790
f 1790 1762 1763
f 1790 1763 1789
f 1789 1763 1764
f 1789 1764 1788
f 1788 1764 1765
f 1788 1765 1787
f 1787 1765 1766
f 1787 1766 1786
f 1786 1766 1767
f 1786 1767 1785
f 1785 1767 1768
f 1785 1768 1784
f 1784 1768 1769
f 1784 1769 1783
f 1783 1769 1770
f 1783 1770 1782
f 1782 1770 1771
f 1782 1771 1781
f 1781 1771 1772
f 1781 1772 1780
f 1780 1772 1773
f 1780 1773 1779
f 1779 1773 1774
f 1779 1774 1778
f 1778 1774 1775
f 1778 1775 1777
f 1777 1775 1776
f 1870 1804 1807
f 1807 1804 1805
f 1807 1805 1806
f 1870 1807 1867
f 1867 1807 1808
f 1867 1808 1866
f 1866 1808 1809
f 1866 1809 1865
f 1865 1809 1810
f 1865 1810 1864
f 1864 1810 1811
f 1864 1811 1863
f 1863 1811 1812
f 1863 1812 1862
f 1862 1812 1813
f 1862 1813 1861
f 1861 1813 1814
f 1861 1814 1860
f 1860 1814 1815
f 1860 1815 1859
f 1859 1815 1816
f 1859 1816 1858
f 1858 1816 1817
f 1858 1817 1857
f 1857 1817 1818
f 1857 1818 1856
f 1856 1818 1819
f 1856 1819 1855
f 1855 1819 1820
f 1855 1820 1854
f 1854 1820 1821
f 1854 1821 1853
f 1853 1821 1822
f 1853 1822 1852
f 1852 1822 1823
f 1852 1823 1851
f 1851 1823 1824
f 1851 1824 1850
f 1850 1824 1825
f 1850 1825 1849
f 1849 1825 1826
f 1849 1826 1848
f 1848 1826 1827
f 1848 1827 1847
f 1847 1827 1828
f 1847 1828 1846
f 1846 1828 1829
f 1846 1829 1845
f 1845 1829 1830
f 1845 1830 1844
f 1844 1830 1831
f 1844 1831 1843
f 1843 1831 1832
f 1843 1832 1842
f 1842 1832 1833
f 1842 1833 1841
f 1841 1833 1834
f 1841 1834 1838
f 1838 1834 1837
f 1837 1834 1836
f 1836 1834 1835
f 1838 1839 1841
f 1841 1839 1840
f 1868 1869 1867
f 1867 1869 1870
f 1872 1873 1871
f 1871 1873 1874
f 1871 1874 1877
f 1877 1874 1876
f 1876 1874 1875
f 1879 1880 1878
f 1878 1880 1883
f 1883 1880 1881
f 1883 1881 1882
f 1884 1885 1891
f 1891 1885 1886
f 1891 1886 1890
f 1890 1886 1887
f 1890 1887 1889
f 1889 1887 1888
f 1892 1893 1899
f 1899 1893 1894
f 1899 1894 1898
f 1898 1894 1895
f 1898 1895 1897
f 1897 1895 1896
f 1907 1900 1908
f 1908 1900 1901
f 1908 1901 1913
f 1913 1901 1902
f 1913 1902 1912
f 1912 1902 1903
f 1912 1903 1911
f 1911 1903 1904
f 1911 1904 1905
f 1911 1905 1910
f 1910 1905 1906
f 1910 1906 1909
f 1909 1906 1907
f 1909 1907 1908
f 1915 1924 1914
f 1925 1922 1923
f 1925 1923 1918
f 1918 1923 1919
f 1918 1919 1917
f 1917 1919 1920
f 1917 1920 1916
f 1916 1920 1921
f 1916 1921 1915
f 1915 1921 1924
f 1926 1927 1957
f 1957 1927 1954
f 1957 1954 1956
f 1956 1954 1955
f 1954 1927 1953
f 1953 1927 1928
f 1953 1928 1952
f 1952 1928 1929
f 1952 1929 1951
f 1951 1929 1930
f 1951 1930 1950
f 1950 1930 1931
f 1950 1931 1949
f 1949 1931 1932
f 1949 1932 1948
f 1948 1932 1947
f 1947 1932 1933
f 1947 1933 1946
f 1946 1933 1934
f 1946 1934 1945
f 1945 1934 1935
f 1945 1935 1944
f 1944 1935 1936
f 1944 1936 1943
f 1943 1936 1937
f 1943 1937 1942
f 1942 1937 1939
f 1942 1939 1940
f 1937 1938 1939
f 1940 1941 1942
f 1965 1958 1964
f 1964 1958 1959
f 1964 1959 1960
f 1961 1962 1960
f 1960 1962 1963
f 1960 1963 1964
f 1966 1967 2025
f 2025 1967 1968
f 2025 1968 1969
f 2025 1969 2024
f 2024 1969 1970
f 2024 1970 2023
f 2023 1970 1971
f 2023 1971 2022
f 2022 1971 1972
f 2022 1972 2021
f 2021 1972 1973
f 2021 1973 2020
f 2020 1973 1974
f 2020 1974 2019
f 2019 1974 1975
f 2019 1975 2018
f 2018 1975 1976
f 2018 1976 2017
f 2017 1976 1977
f 2017 1977 2016
f 2016 1977 1978
f 2016 1978 2015
f 2015 1978 1979
f 2015 1979 2014
f 2014 1979 1980
f 2014 1980 2013
f 2013 1980 1981
f 2013 1981 2012
f 2012 1981 1982
f 2012 1982 1983
f 2012 1983 2011
f 2011 1983 1984
f 2011 1984 2010
f 2010 1984 1985
f 2010 1985 2009
f 2009 1985 1986
f 2009 1986 2008
f 2008 1986 1987
f 2008 1987 2007
f 2007 1987 1988
f 2007 1988 2006
f 2006 1988 1989
f 2006 1989 2005
f 2005 1989 1990
f 2005 1990 2004
f 2004 1990 1991
f 2004 1991 2003
f 2003 1991 1992
f 2003 1992 2002
f 2002 1992 1993
f 2002 1993 2001
f 2001 1993 1994
f 2001 1994 2000
f 2000 1994 1995
f 2000 1995 1999
f 1999 1995 1996
f 1999 1996 1997
f 1997 1998 1999
f 2030 2032 2031
f 2033 2026 2027
f 2027 2028 2038
f 2030 2036 2029
f 2029 2037 2028
f 2046 2039 2045
f 2045 2039 2040
f 2045 2040 2044
f 2044 2040 2041
f 2044 2041 2043
f 2043 2041 2042
f 2054 2047 2053
f 2053 2047 2048
f 2053 2048 2052
f 2052 2048 2049
f 2052 2049 2051
f 2051 2049 2050
f 2062 2055 2063
f 2063 2055 2056
f 2063 2056 2068
f 2068 2056 2057
f 2068 2057 2067
f 2067 2057 2058
f 2067 2058 2066
f 2066 2058 2059
f 2066 2059 2060
f 2066 2060 2065
f 2065 2060 2061
f 2065 2061 2064
f 2064 2061 2062
f 2064 2062 2063
f 2070 2076 2069
f 2069 2076 2077
f 2069 2077 2078
f 2076 2070 2075
f 2075 2070 2071
f 2075 2071 2074
f 2074 2071 2081
f 2074 2081 2079
f 2080 2072 2073
f 2080 2073 2078
f 2078 2073 2069
f 2089 2082 2088
f 2088 2082 2083
f 2088 2083 2087
f 2087 2083 2084
f 2087 2084 2086
f 2086 2084 2085
f 2114 2090 2130
f 2130 2090 2091
f 2130 2091 2129
f 2129 2091 2128
f 2128 2091 2092
f 2128 2092 2127
f 2127 2092 2093
f 2127 2093 2126
f 2126 2093 2094
f 2126 2094 2125
f 2125 2094 2095
f 2125 2095 2124
f 2124 2095 2096
f 2124 2096 2123
f 2123 2096 2138
f 2123 2138 2122
f 2139 2097 2098
f 2139 2098 2121
f 2121 2098 2099
f 2121 2099 2120
f 2120 2099 2100
f 2120 2100 2119
f 2119 2100 2101
f 2119 2101 2118
f 2118 2101 2102
f 2118 2102 2117
f 2117 2102 2103
f 2117 2103 2116
f 2116 2103 2104
f 2116 2104 2115
f 2115 2104 2137
f 2137 2104 2105
f 2137 2105 2106
f 2137 2106 2136
f 2136 2106 2107
f 2136 2107 2135
f 2135 2107 2108
f 2135 2108 2134
f 2134 2108 2109
f 2134 2109 2110
f 2134 2110 2133
f 2133 2110 2111
f 2133 2111 2112
f 2133 2112 2132
f 2132 2112 2113
f 2132 2113 2131
f 2131 2113 2114
f 2131 2114 2130
f 2144 2146 2145
f 2147 2140 2141
f 2141 2142 2152
f 2144 2150 2143
f 2143 2151 2142
f 2153 2154 2160
f 2160 2154 2155
f 2160 2155 2159
f 2159 2155 2156
f 2159 2156 2158
f 2158 2156 2157
f 2161 2162 2168
f 2168 2162 2163
f 2168 2163 2167
f 2167 2163 2164
f 2167 2164 2166
f 2166 2164 2165
f 2176 2169 2177
f 2177 2169 2170
f 2177 2170 2182
f 2182 2170 2171
f 2182 2171 2181
f 2181 2171 2172
f 2181 2172 2180
f 2180 2172 2173
f 2180 2173 2174
f 2180 2174 2179
f 2179 2174 2175
f 2179 2175 2178
f 2178 2175 2176
f 2178 2176 2177
f 2184 2190 2183
f 2183 2190 2191
f 2183 2191 2192
f 2190 2184 2189
f 2189 2184 2185
f 2189 2185 2188
f 2188 2185 2195
f 2188 2195 2193
f 2194 2186 2187
f 2194 2187 2192
f 2192 2187 2183
f 2197 2207 2196
f 2196 2207 2209
f 2208 2202 2201
f 2201 2202 2203
f 2201 2203 2200
f 2200 2203 2204
f 2200 2204 2199
f 2199 2204 2205
f 2199 2205 2198
f 2198 2205 2206
f 2198 2206 2197
f 2197 2206 2207
f 2210 2211 2217
f 2217 2211 2212
f 2217 2212 2216
f 2216 2212 2213
f 2216 2213 2215
f 2215 2213 2214
f 2218 2219 2225
f 2225 2219 2220
f 2225 2220 2224
f 2224 2220 2221
f 2224 2221 2223
f 2223 2221 2222
f 2234 2226 2235
f 2235 2226 2227
f 2235 2227 2239
f 2239 2227 2228
f 2239 2228 2229
f 2239 2229 2238
f 2238 2229 2230
f 2238 2230 2237
f 2237 2230 2231
f 2237 2231 2232
f 2237 2232 2236
f 2236 2232 2233
f 2236 2233 2234
f 2236 2234 2235
f 2240 2241 2243
f 2243 2241 2242
f 2245 2253 2244
f 2244 2253 2254
f 2255 2249 2248
f 2248 2249 2250
f 2248 2250 2247
f 2247 2250 2251
f 2247 2251 2246
f 2246 2251 2252
f 2246 2252 2245
f 2245 2252 2253
f 2256 2257 2261
f 2261 2257 2260
f 2260 2257 2258
f 2260 2258 2259
f 2263 2274 2262
f 2262 2274 2275
f 2262 2275 2270
f 2270 2275 2269
f 2269 2275 2271
f 2269 2271 2268
f 2268 2271 2267
f 2267 2271 2272
f 2267 2272 2266
f 2266 2272 2265
f 2265 2272 2273
f 2265 2273 2264
f 2264 2273 2274
f 2264 2274 2263
f 2277 2287 2276
f 2276 2287 2289
f 2288 2282 2281
f 2281 2282 2283
f 2281 2283 2280
f 2280 2283 2284
f 2280 2284 2279
f 2279 2284 2285
f 2279 2285 2278
f 2278 2285 2286
f 2278 2286 2277
f 2277 2286 2287
f 2297 2290 2296
f 2296 2290 2291
f 2296 2291 2295
f 2295 2291 2292
f 2295 2292 2294
f 2294 2292 2293
f 2305 2298 2304
f 2304 2298 2299
f 2304 2299 2303
f 2303 2299 2300
f 2303 2300 2302
f 2302 2300 2301
f 2307 2317 2306
f 2306 2317 2319
f 2318 2312 2311
f 2311 2312 2313
f 2311 2313 2310
f 2310 2313 2314
f 2310 2314 2309
f 2309 2314 2315
f 2309 2315 2308
f 2308 2315 2316
f 2308 2316 2307
f 2307 2316 2317
f 2321 2341 2320
f 2320 2341 2342
f 2343 2331 2330
f 2330 2331 2332
f 2330 2332 2329
f 2329 2332 2333
f 2329 2333 2328
f 2328 2333 2334
f 2328 2334 2327
f 2327 2334 2335
f 2327 2335 2326
f 2326 2335 2336
f 2326 2336 2325
f 2325 2336 2337
f 2325 2337 2324
f 2324 2337 2338
f 2324 2338 2323
f 2323 2338 2339
f 2323 2339 2322
f 2322 2339 2340
f 2322 2340 2321
f 2321 2340 2341
f 2345 2372 2344
f 2344 2372 2355
f 2344 2355 2356
f 2372 2345 2371
f 2371 2345 2346
f 2371 2346 2370
f 2370 2346 2369
f 2369 2346 2347
f 2369 2347 2368
f 2368 2347 2348
f 2368 2348 2367
f 2367 2348 2366
f 2366 2348 2374
f 2366 2374 2365
f 2373 2349 2350
f 2373 2350 2364
f 2364 2350 2363
f 2363 2350 2351
f 2363 2351 2362
f 2362 2351 2352
f 2362 2352 2361
f 2361 2352 2360
f 2360 2352 2353
f 2360 2353 2359
f 2359 2353 2354
f 2359 2354 2358
f 2358 2354 2357
f 2357 2354 2344
f 2357 2344 2356
f 2379 2381 2380
f 2382 2375 2376
f 2376 2377 2387
f 2379 2385 2378
f 2378 2386 2377
f 2389 2393 2388
f 2388 2393 2394
f 2388 2394 2395
f 2389 2390 2393
f 2393 2390 2392
f 2392 2390 2391
f 2395 2396 2388
f 2397 2398 2404
f 2404 2398 2399
f 2404 2399 2403
f 2403 2399 2400
f 2403 2400 2402
f 2402 2400 2401
f 2405 2406 2412
f 2412 2406 2407
f 2412 2407 2411
f 2411 2407 2408
f 2411 2408 2410
f 2410 2408 2409
f 2414 2421 2413
f 2413 2421 2422
f 2413 2422 2417
f 2417 2422 2418
f 2417 2418 2416
f 2416 2418 2424
f 2423 2419 2415
f 2415 2419 2420
f 2415 2420 2414
f 2414 2420 2421
f 2426 2446 2425
f 2425 2446 2447
f 2448 2436 2435
f 2435 2436 2437
f 2435 2437 2434
f 2434 2437 2438
f 2434 2438 2433
f 2433 2438 2439
f 2433 2439 2432
f 2432 2439 2440
f 2432 2440 2431
f 2431 2440 2441
f 2431 2441 2430
f 2430 2441 2442
f 2430 2442 2429
f 2429 2442 2443
f 2429 2443 2428
f 2428 2443 2444
f 2428 2444 2427
f 2427 2444 2445
f 2427 2445 2426
f 2426 2445 2446
f 2450 2460 2449
f 2449 2460 2461
f 2449 2461 2459
f 2459 2461 2462
f 2459 2462 2458
f 2458 2462 2463
f 2458 2463 2457
f 2457 2463 2464
f 2457 2464 2456
f 2456 2464 2472
f 2456 2472 2455
f 2471 2465 2466
f 2471 2466 2454
f 2454 2466 2467
f 2454 2467 2453
f 2453 2467 2468
f 2453 2468 2452
f 2452 2468 2469
f 2452 2469 2451
f 2451 2469 2470
f 2451 2470 2450
f 2450 2470 2460
f 2473 2474 2487
f 2487 2474 2475
f 2487 2475 2486
f 2486 2475 2476
f 2486 2476 2477
f 2486 2477 2485
f 2485 2477 2478
f 2485 2478 2484
f 2484 2478 2479
f 2484 2479 2480
f 2484 2480 2483
f 2483 2480 2481
f 2483 2481 2482
f 2489 2490 2488
f 2488 2490 2543
f 2543 2490 2491
f 2543 2491 2542
f 2542 2491 2492
f 2542 2492 2541
f 2541 2492 2493
f 2541 2493 2540
f 2540 2493 2494
f 2540 2494 2539
f 2539 2494 2495
f 2539 2495 2538
f 2538 2495 2496
f 2538 2496 2537
f 2537 2496 2497
f 2537 2497 2536
f 2536 2497 2498
f 2536 2498 2535
f 2535 2498 2499
f 2535 2499 2534
f 2534 2499 2500
f 2534 2500 2533
f 2533 2500 2501
f 2533 2501 2532
f 2532 2501 2531
f 2531 2501 2502
f 2531 2502 2530
f 2530 2502 2503
f 2530 2503 2529
f 2529 2503 2504
f 2529 2504 2528
f 2528 2504 2505
f 2528 2505 2527
f 2527 2505 2506
f 2527 2506 2526
f 2526 2506 2507
f 2526 2507 2525
f 2525 2507 2508
f 2525 2508 2524
f 2524 2508 2509
f 2524 2509 2523
f 2523 2509 2510
f 2523 2510 2522
f 2522 2510 2511
f 2522 2511 2521
f 2521 2511 2512
f 2521 2512 2520
f 2520 2512 2513
f 2520 2513 2519
f 2519 2513 2514
f 2519 2514 2518
f 2518 2514 2515
f 2518 2515 2517
f 2517 2515 2516
f 2545 2546 2544
f 2544 2546 2555
f 2544 2555 2556
f 2546 2547 2555
f 2555 2547 2554
f 2554 2547 2553
f 2553 2547 2552
f 2552 2547 2548
f 2552 2548 2551
f 2551 2548 2549
f 2551 2549 2550
f 2556 2557 2544
f 2565 2558 2564
f 2564 2558 2559
f 2564 2559 2563
f 2563 2559 2560
f 2563 2560 2562
f 2562 2560 2561
f 2573 2566 2572
f 2572 2566 2567
f 2572 2567 2571
f 2571 2567 2568
f 2571 2568 2570
f 2570 2568 2569
f 2574 2575 2577
f 2577 2575 2576
f 2579 2591 2578
f 2578 2591 2592
f 2578 2592 2585
f 2585 2592 2593
f 2585 2593 2584
f 2584 2593 2586
f 2584 2586 2583
f 2583 2586 2587
f 2583 2587 2582
f 2582 2587 2588
f 2582 2588 2581
f 2581 2588 2589
f 2581 2589 2580
f 2580 2589 2595
f 2594 2590 2579
f 2579 2590 2591
f 2597 2609 2596
f 2596 2609 2610
f 2596 2610 2603
f 2603 2610 2611
f 2603 2611 2602
f 2602 2611 2604
f 2602 2604 2601
f 2601 2604 2605
f 2601 2605 2600
f 2600 2605 2606
f 2600 2606 2599
f 2599 2606 2607
f 2599 2607 2598
f 2598 2607 2612
f 2613 2608 2597
f 2597 2608 2609
f 2614 2615 2630
f 2630 2615 2616
f 2630 2616 2617
f 2617 2618 2630
f 2630 2618 2629
f 2629 2618 2619
f 2629 2619 2620
f 2620 2621 2629
f 2629 2621 2622
f 2629 2622 2623
f 2629 2623 2628
f 2628 2623 2624
f 2628 2624 2625
f 2625 2626 2628
f 2628 2626 2627
f 2631 2632 2659
f 2659 2632 2728
f 2659 2728 2729
f 2633 2742 2632
f 2632 2742 2727
f 2632 2727 2728
f 2634 2635 2633
f 2633 2635 2758
f 2633 2758 2743
f 2636 2756 2635
f 2635 2756 2757
f 2635 2757 2758
f 2756 2636 2755
f 2755 2636 2637
f 2755 2637 2754
f 2754 2637 2706
f 2754 2706 2687
f 2706 2637 2705
f 2705 2637 2638
f 2705 2638 2704
f 2704 2638 2703
f 2703 2638 2639
f 2703 2639 2702
f 2702 2639 2640
f 2702 2640 2701
f 2701 2640 2641
f 2701 2641 2700
f 2700 2641 2642
f 2700 2642 2699
f 2699 2642 2698
f 2698 2642 2643
f 2698 2643 2697
f 2697 2643 2644
f 2697 2644 2666
f 2666 2644 2685
f 2666 2685 2686
f 2644 2645 2685
f 2685 2645 2684
f 2684 2645 2646
f 2684 2646 2683
f 2683 2646 2647
f 2683 2647 2682
f 2682 2647 2648
f 2682 2648 2681
f 2681 2648 2649
f 2681 2649 2680
f 2680 2649 2650
f 2680 2650 2663
f 2663 2650 2720
f 2663 2720 2721
f 2650 2651 2720
f 2720 2651 2719
f 2719 2651 2652
f 2719 2652 2718
f 2718 2652 2717
f 2717 2652 2653
f 2717 2653 2716
f 2716 2653 2654
f 2716 2654 2715
f 2715 2654 2655
f 2715 2655 2714
f 2714 2655 2656
f 2714 2656 2713
f 2713 2656 2712
f 2712 2656 2657
f 2712 2657 2711
f 2711 2657 2732
f 2711 2732 2710
f 2710 2732 2733
f 2710 2733 2676
f 2676 2733 2675
f 2675 2733 2734
f 2675 2734 2735
f 2732 2657 2731
f 2731 2657 2658
f 2731 2658 2730
f 2730 2658 2659
f 2730 2659 2729
f 2661 2725 2660
f 2660 2725 2726
f 2660 2726 2677
f 2677 2726 2707
f 2677 2707 2708
f 2662 2723 2661
f 2661 2723 2724
f 2661 2724 2725
f 2663 2721 2662
f 2662 2721 2722
f 2662 2722 2723
f 2680 2663 2679
f 2679 2663 2664
f 2679 2664 2678
f 2678 2664 2665
f 2678 2665 2686
f 2686 2665 2666
f 2697 2666 2696
f 2696 2666 2667
f 2696 2667 2695
f 2695 2667 2694
f 2694 2667 2668
f 2694 2668 2693
f 2693 2668 2692
f 2692 2668 2669
f 2692 2669 2691
f 2691 2669 2670
f 2691 2670 2690
f 2690 2670 2689
f 2689 2670 2671
f 2689 2671 2688
f 2688 2671 2687
f 2687 2671 2753
f 2687 2753 2754
f 2753 2671 2752
f 2752 2671 2672
f 2752 2672 2751
f 2751 2672 2750
f 2750 2672 2673
f 2750 2673 2749
f 2749 2673 2737
f 2749 2737 2748
f 2748 2737 2738
f 2748 2738 2747
f 2747 2738 2739
f 2747 2739 2746
f 2746 2739 2740
f 2746 2740 2745
f 2745 2740 2741
f 2745 2741 2744
f 2744 2741 2742
f 2744 2742 2633
f 2673 2674 2737
f 2737 2674 2736
f 2736 2674 2735
f 2735 2674 2675
f 2677 2708 2676
f 2676 2708 2709
f 2676 2709 2710
f 2743 2744 2633
f 2759 2760 2766
f 2766 2760 2761
f 2766 2761 2762
f 2763 2764 2762
f 2762 2764 2765
f 2762 2765 2766
f 2768 2773 2767
f 2770 2779 2769
f 2767 2776 2771
f 2778 2775 2768
f 2771 2777 2770
f 2787 2780 2786
f 2786 2780 2781
f 2786 2781 2785
f 2785 2781 2782
f 2785 2782 2784
f 2784 2782 2783
f 2795 2788 2794
f 2794 2788 2789
f 2794 2789 2793
f 2793 2789 2790
f 2793 2790 2792
f 2792 2790 2791
f 2797 2810 2796
f 2796 2810 2819
f 2818 2811 2812
f 2810 2797 2809
f 2809 2797 2798
f 2809 2798 2808
f 2808 2798 2799
f 2808 2799 2807
f 2807 2799 2800
f 2807 2800 2806
f 2806 2800 2801
f 2806 2801 2817
f 2817 2801 2802
f 2817 2802 2816
f 2816 2802 2815
f 2815 2802 2803
f 2815 2803 2814
f 2814 2803 2804
f 2814 2804 2813
f 2813 2804 2805
f 2813 2805 2812
f 2812 2805 2818
f 2821 2827 2820
f 2820 2827 2828
f 2820 2828 2829
f 2827 2821 2826
f 2826 2821 2822
f 2826 2822 2825
f 2825 2822 2832
f 2825 2832 2830
f 2831 2823 2824
f 2831 2824 2829
f 2829 2824 2820
f 2840 2833 2839
f 2839 2833 2834
f 2839 2834 2838
f 2838 2834 2835
f 2838 2835 2837
f 2837 2835 2836
f 2841 2842 2848
f 2848 2842 2843
f 2848 2843 2844
f 2845 2846 2844
f 2844 2846 2847
f 2844 2847 2848
f 2850 2858 2849
f 2849 2858 2859
f 2860 2854 2853
f 2853 2854 2855
f 2853 2855 2852
f 2852 2855 2856
f 2852 2856 2851
f 2851 2856 2857
f 2851 2857 2850
f 2850 2857 2858
f 2861 2862 2864
f 2864 2862 2863
f 2865 2866 2872
f 2872 2866 2867
f 2872 2867 2871
f 2871 2867 2868
f 2871 2868 2870
f 2870 2868 2869
f 2873 2874 2880
f 2880 2874 2875
f 2880 2875 2879
f 2879 2875 2876
f 2879 2876 2878
f 2878 2876 2877
f 2898 2881 2909
f 2909 2881 2882
f 2909 2882 2908
f 2908 2882 2883
f 2908 2883 2907
f 2907 2883 2884
f 2907 2884 2906
f 2906 2884 2885
f 2906 2885 2905
f 2905 2885 2886
f 2905 2886 2904
f 2904 2886 2887
f 2904 2887 2903
f 2903 2887 2902
f 2902 2887 2888
f 2902 2888 2901
f 2901 2888 2889
f 2901 2889 2900
f 2900 2889 2915
f 2900 2915 2899
f 2916 2890 2891
f 2916 2891 2914
f 2914 2891 2892
f 2914 2892 2913
f 2913 2892 2893
f 2913 2893 2894
f 2913 2894 2912
f 2912 2894 2895
f 2912 2895 2911
f 2911 2895 2896
f 2911 2896 2897
f 2911 2897 2910
f 2910 2897 2898
f 2910 2898 2909
f 2918 2924 2917
f 2917 2924 2925
f 2917 2925 2926
f 2924 2918 2923
f 2923 2918 2919
f 2923 2919 2922
f 2922 2919 2929
f 2922 2929 2927
f 2928 2920 2921
f 2928 2921 2926
f 2926 2921 2917
f 2931 2941 2930
f 2940 2935 2936
f 2940 2936 2934
f 2934 2936 2937
f 2934 2937 2933
f 2933 2937 2938
f 2933 2938 2932
f 2932 2938 2939
f 2932 2939 2931
f 2931 2939 2941
f 2942 2943 2949
f 2949 2943 2944
f 2949 2944 2948
f 2948 2944 2945
f 2948 2945 2947
f 2947 2945 2946
f 2950 2951 2957
f 2957 2951 2952
f 2957 2952 2953
f 2954 2955 2953
f 2953 2955 2956
f 2953 2956 2957
f 2965 2958 2964
f 2964 2958 2959
f 2964 2959 2963
f 2963 2959 2960
f 2963 2960 2962
f 2962 2960 2961
f 2973 2966 2972
f 2972 2966 2967
f 2972 2967 2971
f 2971 2967 2968
f 2971 2968 2970
f 2970 2968 2969
f 2975 3009 2974
f 2974 3009 3010
f 3011 2992 2991
f 2991 2992 2993
f 2991 2993 2990
f 2990 2993 2994
f 2990 2994 2989
f 2989 2994 2995
f 2989 2995 2988
f 2988 2995 2996
f 2988 2996 2987
f 2987 2996 2997
f 2987 2997 2986
f 2986 2997 2998
f 2986 2998 2985
f 2985 2998 2999
f 2985 2999 2984
f 2984 2999 3000
f 2984 3000 2983
f 2983 3000 3001
f 2983 3001 2982
f 2982 3001 3002
f 2982 3002 2981
f 2981 3002 3003
f 2981 3003 2980
f 2980 3003 3004
f 2980 3004 2979
f 2979 3004 3005
f 2979 3005 2978
f 2978 3005 3006
f 2978 3006 2977
f 2977 3006 3007
f 2977 3007 2976
f 2976 3007 3008
f 2976 3008 2975
f 2975 3008 3009
f 3013 3031 3012
f 3012 3031 3022
f 3012 3022 3021
f 3021 3022 3023
f 3021 3023 3020
f 3020 3023 3024
f 3020 3024 3019
f 3019 3024 3025
f 3019 3025 3018
f 3018 3025 3032
f 3018 3032 3017
f 3033 3026 3027
f 3033 3027 3016
f 3016 3027 3028
f 3016 3028 3015
f 3015 3028 3029
f 3015 3029 3014
f 3014 3029 3030
f 3014 3030 3013
f 3013 3030 3031
f 3035 3039 3034
f 3034 3039 3040
f 3034 3040 3038
f 3038 3040 3044
f 3038 3044 3037
f 3045 3041 3042
f 3045 3042 3036
f 3036 3042 3043
f 3036 3043 3035
f 3035 3043 3039
f 3046 3047 3053
f 3053 3047 3048
f 3053 3048 3049
f 3050 3051 3049
f 3049 3051 3052
f 3049 3052 3053
f 3054 3055 3061
f 3061 3055 3056
f 3061 3056 3057
f 3058 3059 3057
f 3057 3059 3060
f 3057 3060 3061
f 3062 3063 3069
f 3069 3063 3064
f 3069 3064 3068
f 3068 3064 3065
f 3068 3065 3067
f 3067 3065 3066
f 3077 3070 3076
f 3076 3070 3071
f 3076 3071 3072
f 3073 3074 3072
f 3072 3074 3075
f 3072 3075 3076
f 3078 3079 3085
f 3085 3079 3080
f 3085 3080 3084
f 3084 3080 3081
f 3084 3081 3083
f 3083 3081 3082
f 3087 3095 3086
f 3086 3095 3096
f 3086 3096 3094
f 3094 3096 3097
f 3094 3097 3093
f 3093 3097 3098
f 3093 3098 3092
f 3092 3098 3105
f 3092 3105 3091
f 3104 3099 3100
f 3104 3100 3090
f 3090 3100 3101
f 3090 3101 3089
f 3089 3101 3102
f 3089 3102 3088
f 3088 3102 3103
f 3088 3103 3087
f 3087 3103 3095
f 3122 3106 3123
f 3123 3106 3107
f 3123 3107 3138
f 3138 3107 3108
f 3138 3108 3137
f 3137 3108 3109
f 3137 3109 3136
f 3136 3109 3110
f 3136 3110 3135
f 3135 3110 3111
f 3135 3111 3134
f 3134 3111 3112
f 3134 3112 3133
f 3133 3112 3113
f 3133 3113 3132
f 3132 3113 3114
f 3132 3114 3131
f 3131 3114 3115
f 3131 3115 3130
f 3130 3115 3116
f 3130 3116 3129
f 3129 3116 3117
f 3129 3117 3128
f 3128 3117 3118
f 3128 3118 3127
f 3127 3118 3119
f 3127 3119 3126
f 3126 3119 3120
f 3126 3120 3125
f 3125 3120 3121
f 3125 3121 3124
f 3124 3121 3122
f 3124 3122 3123
f 3140 3148 3139
f 3139 3148 3144
f 3139 3144 3143
f 3143 3144 3145
f 3143 3145 3142
f 3142 3145 3150
f 3149 3146 3141
f 3141 3146 3147
f 3141 3147 3140
f 3140 3147 3148
f 3151 3152 3154
f 3154 3152 3153
f 3156 3157 3155
f 3155 3157 3158
f 3159 3160 3166
f 3166 3160 3161
f 3166 3161 3162
f 3163 3164 3162
f 3162 3164 3165
f 3162 3165 3166
f 3167 3168 3174
f 3174 3168 3169
f 3174 3169 3170
f 3171 3172 3170
f 3170 3172 3173
f 3170 3173 3174
f 3176 3201 3175
f 3175 3201 3202
f 3175 3202 3192
f 3192 3202 3203
f 3192 3203 3191
f 3191 3203 3204
f 3191 3204 3190
f 3190 3204 3205
f 3190 3205 3189
f 3189 3205 3206
f 3189 3206 3188
f 3188 3206 3207
f 3188 3207 3187
f 3187 3207 3208
f 3187 3208 3186
f 3186 3208 3209
f 3186 3209 3185
f 3185 3209 3193
f 3185 3193 3184
f 3184 3193 3183
f 3183 3193 3194
f 3183 3194 3182
f 3182 3194 3195
f 3182 3195 3181
f 3181 3195 3196
f 3181 3196 3180
f 3180 3196 3197
f 3180 3197 3179
f 3179 3197 3198
f 3179 3198 3178
f 3178 3198 3199
f 3178 3199 3177
f 3177 3199 3200
f 3177 3200 3176
f 3176 3200 3201
f 3211 3229 3210
f 3210 3229 3220
f 3210 3220 3221
f 3229 3211 3228
f 3228 3211 3212
f 3228 3212 3213
f 3228 3213 3227
f 3227 3213 3214
f 3227 3214 3226
f 3226 3214 3215
f 3226 3215 3225
f 3225 3215 3224
f 3224 3215 3216
f 3224 3216 3223
f 3223 3216 3217
f 3223 3217 3222
f 3222 3217 3218
f 3222 3218 3219
f 3222 3219 3221
f 3221 3219 3210
f 3230 3231 3237
f 3237 3231 3232
f 3237 3232 3233
f 3234 3235 3233
f 3233 3235 3236
f 3233 3236 3237
f 3238 3239 3245
f 3245 3239 3240
f 3245 3240 3241
f 3242 3243 3241
f 3241 3243 3244
f 3241 3244 3245
f 3247 3248 3246
f 3246 3248 3249
f 3251 3264 3250
f 3250 3264 3265
f 3250 3265 3259
f 3259 3265 3266
f 3259 3266 3258
f 3258 3266 3267
f 3258 3267 3257
f 3257 3267 3268
f 3257 3268 3256
f 3256 3268 3260
f 3256 3260 3255
f 3255 3260 3254
f 3254 3260 3261
f 3254 3261 3253
f 3253 3261 3262
f 3253 3262 3252
f 3252 3262 3263
f 3252 3263 3251
f 3251 3263 3264
f 3270 3303 3269
f 3304 3298 3299
f 3304 3299 3285
f 3285 3299 3300
f 3285 3300 3284
f 3284 3300 3301
f 3284 3301 3283
f 3283 3301 3302
f 3283 3302 3282
f 3282 3302 3286
f 3282 3286 3281
f 3281 3286 3287
f 3281 3287 3280
f 3280 3287 3288
f 3280 3288 3279
f 3279 3288 3289
f 3279 3289 3278
f 3278 3289 3290
f 3278 3290 3277
f 3277 3290 3291
f 3277 3291 3276
f 3276 3291 3292
f 3276 3292 3275
f 3275 3292 3293
f 3275 3293 3274
f 3274 3293 3294
f 3274 3294 3273
f 3273 3294 3295
f 3273 3295 3272
f 3272 3295 3296
f 3272 3296 3271
f 3271 3296 3297
f 3271 3297 3270
f 3270 3297 3303
f 3306 3318 3305
f 3307 3317 3306
f 3309 3315 3308
f 3311 3310 3309
f 3308 3316 3307
f 3326 3319 3325
f 3325 3319 3320
f 3325 3320 3321
f 3322 3323 3321
f 3321 3323 3324
f 3321 3324 3325
f 3328 3356 3327
f 3327 3356 3357
f 3327 3357 3343
f 3343 3357 3358
f 3343 3358 3342
f 3342 3358 3359
f 3342 3359 3341
f 3341 3359 3360
f 3341 3360 3340
f 3340 3360 3344
f 3340 3344 3339
f 3339 3344 3345
f 3339 3345 3338
f 3338 3345 3346
f 3338 3346 3337
f 3337 3346 3347
f 3337 3347 3336
f 3336 3347 3362
f 3361 3348 3335
f 3335 3348 3349
f 3335 3349 3334
f 3334 3349 3350
f 3334 3350 3333
f 3333 3350 3351
f 3333 3351 3332
f 3332 3351 3352
f 3332 3352 3331
f 3331 3352 3353
f 3331 3353 3330
f 3330 3353 3354
f 3330 3354 3329
f 3329 3354 3355
f 3329 3355 3328
f 3328 3355 3356
f 3364 3372 3363
f 3375 3371 3364
f 3367 3374 3366
f 3363 3373 3367
f 3366 3376 3365
f 3378 3396 3377
f 3377 3396 3387
f 3377 3387 3386
f 3386 3387 3388
f 3386 3388 3385
f 3385 3388 3389
f 3385 3389 3384
f 3384 3389 3390
f 3384 3390 3383
f 3383 3390 3391
f 3383 3391 3382
f 3382 3391 3398
f 3397 3392 3381
f 3381 3392 3393
f 3381 3393 3380
f 3380 3393 3394
f 3380 3394 3379
f 3379 3394 3395
f 3379 3395 3378
f 3378 3395 3396
f 3400 3412 3399
f 3401 3411 3400
f 3403 3409 3402
f 3405 3404 3403
f 3402 3410 3401
f 3414 3422 3413
f 3425 3421 3414
f 3417 3424 3416
f 3413 3423 3417
f 3416 3426 3415
f 3428 3446 3427
f 3427 3446 3437
f 3427 3437 3436
f 3436 3437 3438
f 3436 3438 3435
f 3435 3438 3439
f 3435 3439 3434
f 3434 3439 3440
f 3434 3440 3433
f 3433 3440 3441
f 3433 3441 3432
f 3432 3441 3447
f 3448 3442 3431
f 3431 3442 3443
f 3431 3443 3430
f 3430 3443 3444
f 3430 3444 3429
f 3429 3444 3445
f 3429 3445 3428
f 3428 3445 3446
f 3450 3468 3449
f 3449 3468 3459
f 3449 3459 3460
f 3468 3450 3467
f 3467 3450 3451
f 3467 3451 3452
f 3467 3452 3466
f 3466 3452 3453
f 3466 3453 3465
f 3465 3453 3454
f 3465 3454 3464
f 3464 3454 3463
f 3463 3454 3455
f 3463 3455 3462
f 3462 3455 3456
f 3462 3456 3461
f 3461 3456 3457
f 3461 3457 3458
f 3461 3458 3460
f 3460 3458 3449
f 3470 3481 3469
f 3469 3481 3482
f 3483 3474 3475
f 3481 3470 3480
f 3480 3470 3471
f 3480 3471 3479
f 3479 3471 3478
f 3478 3471 3472
f 3478 3472 3477
f 3477 3472 3476
f 3476 3472 3473
f 3476 3473 3475
f 3475 3473 3483
f 3485 3492 3484
f 3484 3492 3493
f 3484 3493 3491
f 3491 3493 3494
f 3491 3494 3490
f 3490 3494 3489
f 3489 3494 3495
f 3489 3495 3488
f 3488 3495 3487
f 3487 3495 3496
f 3487 3496 3497
f 3492 3485 3497
f 3497 3485 3486
f 3497 3486 3487
f 3499 3511 3498
f 3498 3511 3512
f 3513 3504 3505
f 3511 3499 3510
f 3510 3499 3500
f 3510 3500 3509
f 3509 3500 3501
f 3509 3501 3508
f 3508 3501 3507
f 3507 3501 3502
f 3507 3502 3506
f 3506 3502 3503
f 3506 3503 3505
f 3505 3503 3513
f 3515 3529 3514
f 3514 3529 3522
f 3514 3522 3523
f 3529 3515 3528
f 3528 3515 3516
f 3528 3516 3517
f 3518 3526 3517
f 3517 3526 3527
f 3517 3527 3528
f 3526 3518 3525
f 3525 3518 3519
f 3525 3519 3524
f 3524 3519 3520
f 3524 3520 3521
f 3524 3521 3523
f 3523 3521 3514
f 3531 3543 3530
f 3530 3543 3544
f 3545 3536 3537
f 3543 3531 3542
f 3542 3531 3532
f 3542 3532 3541
f 3541 3532 3533
f 3541 3533 3540
f 3540 3533 3539
f 3539 3533 3534
f 3539 3534 3538
f 3538 3534 3535
f 3538 3535 3537
f 3537 3535 3545
f 3547 3561 3546
f 3546 3561 3554
f 3546 3554 3553
f 3553 3554 3555
f 3553 3555 3556
f 3561 3547 3560
f 3560 3547 3548
f 3560 3548 3549
f 3560 3549 3559
f 3559 3549 3550
f 3559 3550 3558
f 3558 3550 3557
f 3557 3550 3551
f 3557 3551 3556
f 3556 3551 3552
f 3556 3552 3553
f 3563 3574 3562
f 3562 3574 3575
f 3576 3567 3568
f 3574 3563 3573
f 3573 3563 3564
f 3573 3564 3572
f 3572 3564 3571
f 3571 3564 3565
f 3571 3565 3570
f 3570 3565 3569
f 3569 3565 3566
f 3569 3566 3568
f 3568 3566 3576
f 3584 3577 3585
f 3585 3577 3578
f 3585 3578 3590
f 3590 3578 3579
f 3590 3579 3580
f 3590 3580 3589
f 3589 3580 3581
f 3589 3581 3588
f 3588 3581 3582
f 3588 3582 3587
f 3587 3582 3583
f 3587 3583 3584
f 3585 3586 3584
f 3584 3586 3587
f 3598 3605 3599
f 3604 3591 3592
f 3604 3592 3603
f 3603 3592 3593
f 3603 3593 3602
f 3602 3593 3594
f 3602 3594 3595
f 3602 3595 3601
f 3601 3595 3596
f 3601 3596 3597
f 3601 3597 3600
f 3600 3597 3598
f 3600 3598 3599
f 3613 3606 3617
f 3617 3606 3607
f 3617 3607 3616
f 3616 3607 3615
f 3615 3607 3608
f 3615 3608 3609
f 3615 3609 3614
f 3614 3609 3610
f 3614 3610 3611
f 3614 3611 3619
f 3619 3611 3612
f 3619 3612 3618
f 3618 3612 3613
f 3618 3613 3617
f 3627 3634 3628
f 3633 3620 3621
f 3633 3621 3632
f 3632 3621 3622
f 3632 3622 3631
f 3631 3622 3623
f 3631 3623 3624
f 3631 3624 3630
f 3630 3624 3625
f 3630 3625 3626
f 3630 3626 3629
f 3629 3626 3627
f 3629 3627 3628
f 3642 3635 3646
f 3646 3635 3636
f 3646 3636 3645
f 3645 3636 3637
f 3645 3637 3644
f 3644 3637 3638
f 3644 3638 3643
f 3643 3638 3639
f 3643 3639 3640
f 3641 3647 3640
f 3640 3647 3648
f 3640 3648 3643
f 3641 3642 3647
f 3647 3642 3646
f 3650 3660 3649
f 3649 3660 3661
f 3662 3655 3654
f 3654 3655 3656
f 3654 3656 3653
f 3653 3656 3657
f 3653 3657 3652
f 3652 3657 3658
f 3652 3658 3651
f 3651 3658 3659
f 3651 3659 3650
f 3650 3659 3660
f 3664 3672 3663
f 3663 3672 3673
f 3663 3673 3674
f 3672 3664 3671
f 3671 3664 3665
f 3671 3665 3670
f 3670 3665 3666
f 3670 3666 3669
f 3669 3666 3676
f 3676 3666 3667
f 3676 3667 3675
f 3675 3667 3668
f 3675 3668 3674
f 3674 3668 3663
f 3684 3692 3685
f 3691 3677 3678
f 3691 3678 3690
f 3690 3678 3679
f 3690 3679 3689
f 3689 3679 3680
f 3689 3680 3688
f 3688 3680 3681
f 3688 3681 3682
f 3688 3682 3687
f 3687 3682 3683
f 3687 3683 3686
f 3686 3683 3684
f 3686 3684 3685
f 3700 3693 3705
f 3705 3693 3694
f 3705 3694 3704
f 3704 3694 3695
f 3704 3695 3703
f 3703 3695 3702
f 3702 3695 3696
f 3702 3696 3701
f 3701 3696 3697
f 3701 3697 3698
f 3699 3707 3698
f 3698 3707 3708
f 3698 3708 3701
f 3707 3699 3706
f 3706 3699 3700
f 3706 3700 3705
f 3710 3715 3709
f 3709 3715 3716
f 3709 3716 3714
f 3714 3716 3717
f 3714 3717 3713
f 3713 3717 3718
f 3713 3718 3712
f 3712 3718 3722
f 3712 3722 3711
f 3721 3719 3720
f 3721 3720 3710
f 3710 3720 3715
f 3724 3731 3723
f 3723 3731 3732
f 3723 3732 3728
f 3728 3732 3733
f 3728 3733 3727
f 3727 3733 3734
f 3727 3734 3726
f 3726 3734 3735
f 3736 3729 3725
f 3725 3729 3730
f 3725 3730 3724
f 3724 3730 3731
f 3738 3740 3737
f 3737 3740 3741
f 3737 3741 3742
f 3738 3739 3740
f 3744 3756 3743
f 3743 3756 3757
f 3758 3749 3750
f 3756 3744 3755
f 3755 3744 3745
f 3755 3745 3754
f 3754 3745 3746
f 3754 3746 3753
f 3753 3746 3752
f 3752 3746 3747
f 3752 3747 3751
f 3751 3747 3748
f 3751 3748 3750
f 3750 3748 3758
f 3766 3759 3771
f 3771 3759 3760
f 3771 3760 3770
f 3770 3760 3769
f 3769 3760 3761
f 3769 3761 3768
f 3768 3761 3762
f 3768 3762 3767
f 3767 3762 3763
f 3767 3763 3764
f 3767 3764 3774
f 3774 3764 3765
f 3774 3765 3773
f 3773 3765 3772
f 3772 3765 3766
f 3772 3766 3771
f 3776 3790 3775
f 3775 3790 3783
f 3775 3783 3782
f 3782 3783 3784
f 3782 3784 3781
f 3781 3784 3785
f 3781 3785 3780
f 3780 3785 3786
f 3780 3786 3779
f 3779 3786 3792
f 3791 3787 3778
f 3778 3787 3788
f 3778 3788 3777
f 3777 3788 3789
f 3777 3789 3776
f 3776 3789 3790
f 3836 3793 3837
f 3837 3793 3794
f 3837 3794 3795
f 3795 3796 3837
f 3837 3796 3844
f 3844 3796 3799
f 3844 3799 3800
f 3796 3797 3799
f 3799 3797 3798
f 3800 3801 3844
f 3844 3801 3802
f 3844 3802 3803
f 3844 3803 3843
f 3843 3803 3804
f 3843 3804 3805
f 3805 3806 3843
f 3843 3806 3807
f 3843 3807 3808
f 3843 3808 3842
f 3842 3808 3809
f 3842 3809 3810
f 3810 3811 3842
f 3842 3811 3812
f 3842 3812 3813
f 3813 3814 3842
f 3842 3814 3841
f 3841 3814 3815
f 3841 3815 3845
f 3816 3817 3846
f 3846 3817 3818
f 3846 3818 3840
f 3840 3818 3821
f 3840 3821 3822
f 3818 3819 3821
f 3821 3819 3820
f 3822 3823 3840
f 3840 3823 3824
f 3840 3824 3825
f 3840 3825 3839
f 3839 3825 3826
f 3839 3826 3827
f 3827 3828 3839
f 3839 3828 3829
f 3839 3829 3838
f 3838 3829 3831
f 3838 3831 3832
f 3829 3830 3831
f 3832 3833 3838
f 3838 3833 3834
f 3838 3834 3835
f 3835 3836 3838
f 3838 3836 3837
f 3855 3847 3854
f 3854 3847 3848
f 3854 3848 3849
f 3854 3849 3853
f 3853 3849 3850
f 3853 3850 3851
f 3851 3852 3853
f 3857 3858 3856
f 3856 3858 3859
f 3856 3859 3860
f 3862 3864 3861
f 3861 3864 3867
f 3861 3867 3868
f 3862 3863 3864
f 3865 3866 3864
f 3864 3866 3867
f 3869 3870 3876
f 3876 3870 3873
f 3876 3873 3875
f 3875 3873 3874
f 3871 3872 3870
f 3870 3872 3873
f 3878 3879 3877
f 3877 3879 3880
f 3877 3880 3881
f 3890 3882 3889
f 3889 3882 3883
f 3889 3883 3884
f 3889 3884 3888
f 3888 3884 3885
f 3888 3885 3886
f 3886 3887 3888
f 3892 3893 3891
f 3891 3893 3894
f 3891 3894 3895
f 3897 3898 3896
f 3896 3898 3899
f 3896 3899 3900
f 3902 3903 3901
f 3901 3903 3904
f 3901 3904 3905
f 3906 3907 3908
f 3917 3909 3916
f 3916 3909 3910
f 3916 3910 3911
f 3916 3911 3915
f 3915 3911 3912
f 3915 3912 3913
f 3913 3914 3915
f 3919 3920 3918
f 3918 3920 3921
f 3918 3921 3923
f 3923 3921 3922
f 3923 3924 3918
f 3918 3924 3925
f 3926 3927 3928
f 3929 3930 3952
f 3952 3930 3949
f 3952 3949 3951
f 3951 3949 3950
f 3931 3943 3930
f 3930 3943 3948
f 3930 3948 3949
f 3932 3933 3931
f 3931 3933 3934
f 3931 3934 3936
f 3936 3934 3935
f 3931 3936 3942
f 3942 3936 3937
f 3942 3937 3940
f 3940 3937 3939
f 3939 3937 3938
f 3940 3941 3942
f 3942 3943 3931
f 3944 3945 3943
f 3943 3945 3948
f 3945 3946 3948
f 3948 3946 3947
f 3954 3955 3953
f 3953 3955 3956
f 3953 3956 3957
f 3958 3959 3960
f 3961 3962 3963
f 3965 3966 3964
f 3964 3966 3967
f 3964 3967 3970
f 3970 3967 3969
f 3969 3967 3968
f 3970 3971 3964
f 3972 3973 3974
f 3976 3977 3975
f 3975 3977 3978
f 3975 3978 3979
f 3980 3981 3982
f 3984 3985 3983
f 3983 3985 3986
f 3983 3986 3987
f 3988 3989 3990
f 3999 3991 3998
f 3998 3991 3992
f 3998 3992 3993
f 3998 3993 3997
f 3997 3993 3994
f 3997 3994 3995
f 3995 3996 3997
f 4000 4001 4002
f 4010 4003 4015
f 4015 4003 4004
f 4015 4004 4014
f 4014 4004 4013
f 4013 4004 4005
f 4013 4005 4012
f 4012 4005 4006
f 4012 4006 4011
f 4011 4006 4007
f 4011 4007 4008
f 4011 4008 4018
f 4018 4008 4009
f 4018 4009 4017
f 4017 4009 4016
f 4016 4009 4010
f 4016 4010 4015
f 4020 4032 4019
f 4019 4032 4025
f 4019 4025 4026
f 4032 4020 4031
f 4031 4020 4021
f 4031 4021 4030
f 4030 4021 4034
f 4030 4034 4029
f 4033 4022 4028
f 4028 4022 4023
f 4028 4023 4027
f 4027 4023 4024
f 4027 4024 4026
f 4026 4024 4019
f 4060 4035 4079
f 4079 4035 4036
f 4079 4036 4078
f 4078 4036 4037
f 4078 4037 4038
f 4039 4076 4038
f 4038 4076 4077
f 4038 4077 4078
f 4040 4081 4039
f 4039 4081 4075
f 4039 4075 4076
f 4081 4040 4080
f 4080 4040 4041
f 4080 4041 4063
f 4063 4041 4042
f 4063 4042 4062
f 4062 4042 4043
f 4062 4043 4061
f 4061 4043 4067
f 4067 4043 4044
f 4067 4044 4066
f 4066 4044 4065
f 4065 4044 4045
f 4065 4045 4046
f 4065 4046 4064
f 4064 4046 4047
f 4064 4047 4048
f 4064 4048 4082
f 4082 4048 4049
f 4082 4049 4050
f 4082 4050 4088
f 4088 4050 4051
f 4088 4051 4087
f 4087 4051 4052
f 4087 4052 4086
f 4086 4052 4085
f 4085 4052 4053
f 4085 4053 4084
f 4084 4053 4083
f 4083 4053 4054
f 4083 4054 4074
f 4074 4054 4055
f 4074 4055 4073
f 4073 4055 4072
f 4072 4055 4056
f 4072 4056 4071
f 4071 4056 4070
f 4070 4056 4057
f 4070 4057 4069
f 4069 4057 4058
f 4069 4058 4068
f 4068 4058 4059
f 4068 4059 4060
f 4068 4060 4079
f 4080 4063 4079
f 4079 4063 4064
f 4079 4064 4074
f 4074 4064 4083
f 4074 4068 4079
f 4082 4083 4064
f 4090 4096 4089
f 4089 4096 4097
f 4089 4097 4095
f 4095 4097 4098
f 4095 4098 4094
f 4094 4098 4104
f 4094 4104 4093
f 4103 4099 4100
f 4103 4100 4092
f 4092 4100 4101
f 4092 4101 4091
f 4091 4101 4102
f 4091 4102 4090
f 4090 4102 4096
f 4106 4114 4105
f 4105 4114 4115
f 4105 4115 4111
f 4111 4115 4116
f 4111 4116 4110
f 4110 4116 4109
f 4109 4116 4112
f 4109 4112 4108
f 4108 4112 4113
f 4108 4113 4107
f 4107 4113 4106
f 4106 4113 4114
f 4118 4126 4117
f 4117 4126 4127
f 4117 4127 4123
f 4123 4127 4128
f 4123 4128 4122
f 4122 4128 4121
f 4121 4128 4124
f 4121 4124 4120
f 4120 4124 4125
f 4120 4125 4119
f 4119 4125 4118
f 4118 4125 4126
f 4130 4138 4129
f 4129 4138 4139
f 4129 4139 4135
f 4135 4139 4140
f 4135 4140 4134
f 4134 4140 4133
f 4133 4140 4136
f 4133 4136 4132
f 4132 4136 4137
f 4132 4137 4131
f 4131 4137 4130
f 4130 4137 4138
f 4142 4150 4141
f 4141 4150 4151
f 4141 4151 4147
f 4147 4151 4152
f 4147 4152 4146
f 4146 4152 4145
f 4145 4152 4148
f 4145 4148 4144
f 4144 4148 4149
f 4144 4149 4143
f 4143 4149 4142
f 4142 4149 4150
f 4153 4154 4179
f 4179 4154 4178
f 4178 4154 4177
f 4177 4154 4155
f 4177 4155 4176
f 4176 4155 4156
f 4176 4156 4175
f 4175 4156 4157
f 4175 4157 4174
f 4174 4157 4158
f 4174 4158 4173
f 4173 4158 4159
f 4173 4159 4172
f 4172 4159 4160
f 4172 4160 4171
f 4171 4160 4161
f 4171 4161 4170
f 4170 4161 4162
f 4170 4162 4169
f 4169 4162 4163
f 4169 4163 4168
f 4168 4163 4164
f 4168 4164 4167
f 4167 4164 4166
f 4166 4164 4165
f 4181 4187 4180
f 4180 4187 4188
f 4180 4188 4186
f 4186 4188 4189
f 4186 4189 4185
f 4185 4189 4195
f 4185 4195 4184
f 4194 4190 4191
f 4194 4191 4183
f 4183 4191 4192
f 4183 4192 4182
f 4182 4192 4193
f 4182 4193 4181
f 4181 4193 4187
f 4197 4202 4196
f 4196 4202 4203
f 4196 4203 4204
f 4198 4199 4197
f 4197 4199 4200
f 4197 4200 4201
f 4201 4202 4197
f 4204 4205 4196
f 4196 4205 4206
f 4196 4206 4207
f 4208 4209 4219
f 4219 4209 4210
f 4219 4210 4211
f 4211 4212 4219
f 4219 4212 4213
f 4219 4213 4218
f 4218 4213 4214
f 4218 4214 4215
f 4215 4216 4218
f 4218 4216 4217
f 4220 4221 4246
f 4246 4221 4245
f 4245 4221 4244
f 4244 4221 4222
f 4244 4222 4243
f 4243 4222 4223
f 4243 4223 4242
f 4242 4223 4224
f 4242 4224 4241
f 4241 4224 4225
f 4241 4225 4240
f 4240 4225 4226
f 4240 4226 4239
f 4239 4226 4227
f 4239 4227 4238
f 4238 4227 4228
f 4238 4228 4237
f 4237 4228 4229
f 4237 4229 4236
f 4236 4229 4230
f 4236 4230 4235
f 4235 4230 4231
f 4235 4231 4234
f 4234 4231 4233
f 4233 4231 4232
f 4248 4254 4247
f 4247 4254 4255
f 4247 4255 4253
f 4253 4255 4256
f 4253 4256 4252
f 4252 4256 4262
f 4252 4262 4251
f 4261 4257 4258
f 4261 4258 4250
f 4250 4258 4259
f 4250 4259 4249
f 4249 4259 4260
f 4249 4260 4248
f 4248 4260 4254
f 4286 4263 4285
f 4285 4263 4264
f 4285 4264 4284
f 4284 4264 4265
f 4284 4265 4283
f 4283 4265 4266
f 4283 4266 4282
f 4282 4266 4267
f 4282 4267 4281
f 4281 4267 4268
f 4281 4268 4280
f 4280 4268 4269
f 4280 4269 4279
f 4279 4269 4270
f 4279 4270 4278
f 4278 4270 4271
f 4278 4271 4277
f 4277 4271 4272
f 4277 4272 4276
f 4276 4272 4273
f 4276 4273 4275
f 4275 4273 4274
f 4294 4287 4293
f 4293 4287 4288
f 4293 4288 4292
f 4292 4288 4289
f 4292 4289 4291
f 4291 4289 4290
f 4302 4295 4301
f 4301 4295 4296
f 4301 4296 4300
f 4300 4296 4297
f 4300 4297 4299
f 4299 4297 4298
f 4304 4310 4303
f 4303 4310 4311
f 4303 4311 4309
f 4309 4311 4312
f 4309 4312 4308
f 4308 4312 4318
f 4308 4318 4307
f 4317 4313 4314
f 4317 4314 4306
f 4306 4314 4315
f 4306 4315 4305
f 4305 4315 4316
f 4305 4316 4304
f 4304 4316 4310
f 4320 4328 4319
f 4319 4328 4329
f 4330 4324 4323
f 4323 4324 4325
f 4323 4325 4322
f 4322 4325 4326
f 4322 4326 4321
f 4321 4326 4327
f 4321 4327 4320
f 4320 4327 4328
f 4354 4331 4353
f 4353 4331 4332
f 4353 4332 4352
f 4352 4332 4333
f 4352 4333 4351
f 4351 4333 4334
f 4351 4334 4350
f 4350 4334 4335
f 4350 4335 4349
f 4349 4335 4336
f 4349 4336 4348
f 4348 4336 4337
f 4348 4337 4347
f 4347 4337 4338
f 4347 4338 4346
f 4346 4338 4339
f 4346 4339 4345
f 4345 4339 4340
f 4345 4340 4344
f 4344 4340 4341
f 4344 4341 4343
f 4343 4341 4342
f 4392 4355 4386
f 4386 4355 4356
f 4386 4356 4385
f 4385 4356 4357
f 4385 4357 4384
f 4384 4357 4358
f 4384 4358 4383
f 4383 4358 4359
f 4383 4359 4382
f 4382 4359 4360
f 4382 4360 4381
f 4381 4360 4361
f 4381 4361 4362
f 4381 4362 4380
f 4380 4362 4363
f 4380 4363 4379
f 4379 4363 4364
f 4379 4364 4378
f 4378 4364 4365
f 4378 4365 4377
f 4377 4365 4366
f 4377 4366 4376
f 4376 4366 4367
f 4376 4367 4375
f 4375 4367 4368
f 4375 4368 4369
f 4370 4371 4369
f 4369 4371 4372
f 4369 4372 4374
f 4374 4372 4373
f 4374 4375 4369
f 4386 4387 4392
f 4392 4387 4389
f 4392 4389 4390
f 4387 4388 4389
f 4390 4391 4392
f 4394 4395 4393
f 4393 4395 4396
f 4398 4406 4397
f 4397 4406 4407
f 4408 4402 4401
f 4401 4402 4403
f 4401 4403 4400
f 4400 4403 4404
f 4400 4404 4399
f 4399 4404 4405
f 4399 4405 4398
f 4398 4405 4406
f 4409 4410 4421
f 4421 4410 4411
f 4421 4411 4422
f 4422 4411 4426
f 4426 4411 4412
f 4426 4412 4413
f 4426 4413 4425
f 4425 4413 4414
f 4425 4414 4415
f 4425 4415 4424
f 4424 4415 4416
f 4424 4416 4417
f 4418 4420 4417
f 4417 4420 4423
f 4417 4423 4424
f 4418 4419 4420
f 4423 4420 4422
f 4422 4420 4421
f 4427 4428 4448
f 4448 4428 4429
f 4448 4429 4430
f 4448 4430 4447
f 4447 4430 4431
f 4447 4431 4446
f 4446 4431 4445
f 4445 4431 4432
f 4445 4432 4444
f 4444 4432 4433
f 4444 4433 4443
f 4443 4433 4434
f 4443 4434 4435
f 4443 4435 4442
f 4442 4435 4436
f 4442 4436 4441
f 4441 4436 4437
f 4441 4437 4440
f 4440 4437 4438
f 4440 4438 4439
f 4450 4479 4449
f 4449 4479 4480
f 4449 4480 4481
f 4479 4450 4478
f 4478 4450 4451
f 4478 4451 4477
f 4477 4451 4452
f 4477 4452 4476
f 4476 4452 4453
f 4476 4453 4475
f 4475 4453 4454
f 4475 4454 4474
f 4474 4454 4455
f 4474 4455 4473
f 4473 4455 4472
f 4472 4455 4456
f 4472 4456 4471
f 4471 4456 4457
f 4471 4457 4470
f 4470 4457 4458
f 4470 4458 4469
f 4469 4458 4459
f 4469 4459 4468
f 4468 4459 4460
f 4468 4460 4467
f 4467 4460 4466
f 4466 4460 4461
f 4466 4461 4463
f 4463 4461 4462
f 4463 4464 4466
f 4466 4464 4465
f 4482 4483 4481
f 4481 4483 4484
f 4481 4484 4486
f 4486 4484 4485
f 4486 4449 4481
f 4494 4487 4493
f 4493 4487 4488
f 4493 4488 4492
f 4492 4488 4489
f 4492 4489 4491
f 4491 4489 4490
f 4496 4504 4495
f 4495 4504 4505
f 4506 4500 4499
f 4499 4500 4501
f 4499 4501 4498
f 4498 4501 4502
f 4498 4502 4497
f 4497 4502 4503
f 4497 4503 4496
f 4496 4503 4504
f 4508 4516 4507
f 4507 4516 4517
f 4518 4512 4511
f 4511 4512 4513
f 4511 4513 4510
f 4510 4513 4514
f 4510 4514 4509
f 4509 4514 4515
f 4509 4515 4508
f 4508 4515 4516
f 4520 4535 4519
f 4519 4535 4536
f 4519 4536 4531
f 4531 4536 4532
f 4531 4532 4530
f 4530 4532 4529
f 4529 4532 4528
f 4528 4532 4533
f 4528 4533 4527
f 4527 4533 4524
f 4527 4524 4526
f 4526 4524 4525
f 4535 4520 4523
f 4523 4520 4521
f 4523 4521 4522
f 4535 4523 4534
f 4534 4523 4524
f 4534 4524 4533
f 4537 4538 4544
f 4544 4538 4539
f 4544 4539 4543
f 4543 4539 4540
f 4543 4540 4542
f 4542 4540 4541
f 4545 4546 4552
f 4552 4546 4547
f 4552 4547 4551
f 4551 4547 4548
f 4551 4548 4550
f 4550 4548 4549
f 4592 4553 4575
f 4575 4553 4554
f 4575 4554 4574
f 4574 4554 4555
f 4574 4555 4557
f 4557 4555 4556
f 4574 4557 4573
f 4573 4557 4558
f 4573 4558 4559
f 4573 4559 4572
f 4572 4559 4560
f 4572 4560 4571
f 4571 4560 4562
f 4571 4562 4563
f 4560 4561 4562
f 4564 4565 4563
f 4563 4565 4570
f 4563 4570 4571
f 4570 4565 4569
f 4569 4565 4566
f 4569 4566 4567
f 4567 4568 4569
f 4575 4576 4592
f 4592 4576 4591
f 4591 4576 4590
f 4590 4576 4577
f 4590 4577 4589
f 4589 4577 4578
f 4589 4578 4587
f 4587 4578 4586
f 4586 4578 4579
f 4586 4579 4585
f 4585 4579 4584
f 4584 4579 4580
f 4584 4580 4583
f 4583 4580 4582
f 4582 4580 4581
f 4587 4588 4589
f 4593 4594 4605
f 4605 4594 4595
f 4605 4595 4610
f 4610 4595 4609
f 4609 4595 4596
f 4609 4596 4597
f 4609 4597 4608
f 4608 4597 4598
f 4608 4598 4599
f 4608 4599 4607
f 4607 4599 4600
f 4607 4600 4601
f 4602 4604 4601
f 4601 4604 4606
f 4601 4606 4607
f 4602 4603 4604
f 4604 4605 4606
f 4606 4605 4610
f 4611 4612 4614
f 4614 4612 4613
f 4615 4616 4622
f 4622 4616 4617
f 4622 4617 4621
f 4621 4617 4618
f 4621 4618 4620
f 4620 4618 4619
f 4644 4623 4643
f 4643 4623 4624
f 4643 4624 4642
f 4642 4624 4625
f 4642 4625 4641
f 4641 4625 4626
f 4641 4626 4640
f 4640 4626 4627
f 4640 4627 4639
f 4639 4627 4628
f 4639 4628 4638
f 4638 4628 4629
f 4638 4629 4637
f 4637 4629 4630
f 4637 4630 4636
f 4636 4630 4631
f 4636 4631 4635
f 4635 4631 4632
f 4635 4632 4634
f 4634 4632 4633
f 4645 4646 4684
f 4684 4646 4651
f 4684 4651 4652
f 4651 4646 4650
f 4650 4646 4647
f 4650 4647 4648
f 4648 4649 4650
f 4653 4681 4652
f 4652 4681 4683
f 4652 4683 4684
f 4681 4653 4680
f 4680 4653 4654
f 4680 4654 4679
f 4679 4654 4678
f 4678 4654 4655
f 4678 4655 4676
f 4676 4655 4675
f 4675 4655 4656
f 4675 4656 4674
f 4674 4656 4673
f 4673 4656 4657
f 4673 4657 4672
f 4672 4657 4671
f 4671 4657 4658
f 4671 4658 4670
f 4670 4658 4659
f 4670 4659 4668
f 4668 4659 4667
f 4667 4659 4660
f 4667 4660 4666
f 4666 4660 4665
f 4665 4660 4661
f 4665 4661 4664
f 4664 4661 4663
f 4663 4661 4662
f 4668 4669 4670
f 4676 4677 4678
f 4681 4682 4683
f 4685 4686 4697
f 4697 4686 4687
f 4697 4687 4700
f 4700 4687 4688
f 4700 4688 4699
f 4699 4688 4689
f 4699 4689 4698
f 4698 4689 4690
f 4698 4690 4691
f 4691 4692 4698
f 4698 4692 4702
f 4702 4692 4693
f 4702 4693 4696
f 4696 4693 4694
f 4696 4694 4695
f 4702 4696 4701
f 4701 4696 4697
f 4701 4697 4700
f 4703 4704 4706
f 4706 4704 4705
f 4707 4708 4710
f 4710 4708 4709
f 4712 4713 4711
f 4711 4713 4714
f 4716 4717 4715
f 4715 4717 4724
f 4724 4717 4718
f 4724 4718 4723
f 4723 4718 4720
f 4723 4720 4721
f 4718 4719 4720
f 4721 4722 4723
f 4732 4725 4731
f 4731 4725 4726
f 4731 4726 4730
f 4730 4726 4727
f 4730 4727 4729
f 4729 4727 4728
f 4733 4734 4740
f 4740 4734 4735
f 4740 4735 4739
f 4739 4735 4736
f 4739 4736 4738
f 4738 4736 4737
f 4742 4748 4741
f 4741 4748 4749
f 4741 4749 4792
f 4792 4749 4762
f 4792 4762 4779
f 4779 4762 4770
f 4779 4770 4771
f 4742 4743 4748
f 4748 4743 4747
f 4747 4743 4744
f 4747 4744 4745
f 4745 4746 4747
f 4762 4749 4761
f 4761 4749 4750
f 4761 4750 4756
f 4756 4750 4755
f 4755 4750 4751
f 4755 4751 4754
f 4754 4751 4753
f 4753 4751 4752
f 4761 4756 4760
f 4760 4756 4757
f 4760 4757 4758
f 4758 4759 4760
f 4762 4763 4770
f 4770 4763 4769
f 4769 4763 4768
f 4768 4763 4764
f 4768 4764 4767
f 4767 4764 4766
f 4766 4764 4765
f 4779 4771 4778
f 4778 4771 4772
f 4778 4772 4773
f 4778 4773 4777
f 4777 4773 4774
f 4777 4774 4775
f 4775 4776 4777
f 4792 4779 4791
f 4791 4779 4780
f 4791 4780 4786
f 4786 4780 4785
f 4785 4780 4781
f 4785 4781 4784
f 4784 4781 4783
f 4783 4781 4782
f 4791 4786 4790
f 4790 4786 4787
f 4790 4787 4788
f 4788 4789 4790
f 4741 4792 4800
f 4800 4792 4793
f 4800 4793 4799
f 4799 4793 4798
f 4798 4793 4794
f 4798 4794 4797
f 4797 4794 4796
f 4796 4794 4795
f 4801 4802 4808
f 4808 4802 4803
f 4808 4803 4804
f 4805 4806 4804
f 4804 4806 4807
f 4804 4807 4808
f 4809 4810 4816
f 4816 4810 4811
f 4816 4811 4812
f 4813 4814 4812
f 4812 4814 4815
f 4812 4815 4816
f 4817 4818 4822
f 4822 4818 4819
f 4822 4819 4821
f 4821 4819 4820
f 4823 4824 4830
f 4830 4824 4825
f 4830 4825 4826
f 4827 4828 4826
f 4826 4828 4829
f 4826 4829 4830
f 4831 4832 4840
f 4840 4832 4833
f 4840 4833 4839
f 4839 4833 4834
f 4839 4834 4838
f 4838 4834 4835
f 4838 4835 4837
f 4837 4835 4836
f 4850 4841 4849
f 4849 4841 4842
f 4849 4842 4848
f 4848 4842 4843
f 4848 4843 4847
f 4847 4843 4844
f 4847 4844 4846
f 4846 4844 4845
f 4852 4853 4851
f 4851 4853 4860
f 4860 4853 4854
f 4860 4854 4859
f 4859 4854 4856
f 4859 4856 4857
f 4854 4855 4856
f 4857 4858 4859
f 4861 4862 4872
f 4872 4862 4863
f 4872 4863 4865
f 4865 4863 4864
f 4872 4865 4871
f 4871 4865 4866
f 4871 4866 4869
f 4869 4866 4868
f 4868 4866 4867
f 4869 4870 4871
f 4873 4874 4880
f 4880 4874 4875
f 4880 4875 4876
f 4877 4878 4876
f 4876 4878 4879
f 4876 4879 4880
f 4881 4882 4888
f 4888 4882 4883
f 4888 4883 4884
f 4885 4886 4884
f 4884 4886 4887
f 4884 4887 4888
f 4889 4890 4896
f 4896 4890 4891
f 4896 4891 4895
f 4895 4891 4892
f 4895 4892 4894
f 4894 4892 4893
f 4897 4898 4910
f 4910 4898 4899
f 4910 4899 4901
f 4901 4899 4900
f 4901 4902 4910
f 4910 4902 4909
f 4909 4902 4903
f 4909 4903 4908
f 4908 4903 4906
f 4908 4906 4907
f 4904 4905 4903
f 4903 4905 4906
f 4911 4912 4922
f 4922 4912 4915
f 4922 4915 4921
f 4921 4915 4916
f 4921 4916 4919
f 4919 4916 4918
f 4918 4916 4917
f 4912 4913 4915
f 4915 4913 4914
f 4919 4920 4921
f 4923 4924 4934
f 4934 4924 4925
f 4934 4925 4927
f 4927 4925 4926
f 4927 4928 4934
f 4934 4928 4933
f 4933 4928 4931
f 4933 4931 4932
f 4929 4930 4928
f 4928 4930 4931
f 4935 4936 4942
f 4942 4936 4937
f 4942 4937 4938
f 4939 4940 4938
f 4938 4940 4941
f 4938 4941 4942
f 4943 4944 4954
f 4954 4944 4945
f 4954 4945 4947
f 4947 4945 4946
f 4947 4948 4954
f 4954 4948 4953
f 4953 4948 4951
f 4953 4951 4952
f 4949 4950 4948
f 4948 4950 4951
f 4955 4956 4964
f 4964 4956 4957
f 4964 4957 4963
f 4963 4957 4958
f 4963 4958 4962
f 4962 4958 4959
f 4962 4959 4961
f 4961 4959 4960
f 4974 4965 4973
f 4973 4965 4966
f 4973 4966 4972
f 4972 4966 4967
f 4972 4967 4971
f 4971 4967 4968
f 4971 4968 4970
f 4970 4968 4969
f 4975 4976 4986
f 4986 4976 4977
f 4986 4977 4979
f 4979 4977 4978
f 4979 4980 4986
f 4986 4980 4985
f 4985 4980 4983
f 4985 4983 4984
f 4981 4982 4980
f 4980 4982 4983
f 4987 4988 4990
f 4990 4988 4989
f 4991 4992 5002
f 5002 4992 4993
f 5002 4993 4995
f 4995 4993 4994
f 4995 4996 5002
f 5002 4996 5001
f 5001 4996 4999
f 5001 4999 5000
f 4997 4998 4996
f 4996 4998 4999
f 5003 5004 5010
f 5010 5004 5005
f 5010 5005 5009
f 5009 5005 5006
f 5009 5006 5008
f 5008 5006 5007
f 5011 5012 5024
f 5024 5012 5013
f 5024 5013 5015
f 5015 5013 5014
f 5015 5016 5024
f 5024 5016 5023
f 5023 5016 5017
f 5023 5017 5022
f 5022 5017 5020
f 5022 5020 5021
f 5018 5019 5017
f 5017 5019 5020
f 5026 5027 5025
f 5025 5027 5028
f 5029 5030 5040
f 5040 5030 5031
f 5040 5031 5033
f 5033 5031 5032
f 5033 5034 5040
f 5040 5034 5039
f 5039 5034 5037
f 5039 5037 5038
f 5035 5036 5034
f 5034 5036 5037
f 5041 5042 5054
f 5054 5042 5043
f 5054 5043 5045
f 5045 5043 5044
f 5045 5046 5054
f 5054 5046 5053
f 5053 5046 5047
f 5053 5047 5052
f 5052 5047 5050
f 5052 5050 5051
f 5048 5049 5047
f 5047 5049 5050
f 5055 5056 5066
f 5066 5056 5057
f 5066 5057 5059
f 5059 5057 5058
f 5059 5060 5066
f 5066 5060 5065
f 5065 5060 5063
f 5065 5063 5064
f 5061 5062 5060
f 5060 5062 5063
f 5067 5068 5078
f 5078 5068 5069
f 5078 5069 5071
f 5071 5069 5070
f 5071 5072 5078
f 5078 5072 5077
f 5077 5072 5075
f 5077 5075 5076
f 5073 5074 5072
f 5072 5074 5075
f 5079 5080 5090
f 5090 5080 5081
f 5090 5081 5083
f 5083 5081 5082
f 5090 5083 5089
f 5089 5083 5084
f 5089 5084 5087
f 5087 5084 5086
f 5086 5084 5085
f 5087 5088 5089
f 5091 5092 5100
f 5100 5092 5093
f 5100 5093 5099
f 5099 5093 5094
f 5099 5094 5097
f 5097 5094 5096
f 5096 5094 5095
f 5097 5098 5099
f 5101 5102 5114
f 5114 5102 5103
f 5114 5103 5105
f 5105 5103 5104
f 5105 5106 5114
f 5114 5106 5113
f 5113 5106 5107
f 5113 5107 5112
f 5112 5107 5110
f 5112 5110 5111
f 5108 5109 5107
f 5107 5109 5110
f 5115 5116 5126
f 5126 5116 5117
f 5126 5117 5119
f 5119 5117 5118
f 5119 5120 5126
f 5126 5120 5125
f 5125 5120 5123
f 5125 5123 5124
f 5121 5122 5120
f 5120 5122 5123
f 5158 5127 5166
f 5166 5127 5128
f 5166 5128 5129
f 5129 5130 5166
f 5166 5130 5131
f 5131 5132 5163
f 5163 5132 5133
f 5163 5133 5134
f 5134 5135 5163
f 5163 5135 5136
f 5137 5138 5136
f 5136 5138 5165
f 5138 5139 5165
f 5165 5139 5140
f 5165 5140 5141
f 5141 5142 5165
f 5142 5143 5162
f 5162 5143 5144
f 5162 5144 5145
f 5145 5146 5162
f 5162 5146 5147
f 5162 5147 5148
f 5148 5149 5164
f 5164 5149 5150
f 5164 5150 5151
f 5151 5152 5164
f 5152 5160 5159
f 5161 5153 5154
f 5161 5154 5155
f 5155 5156 5161
f 5161 5156 5157
f 5157 5158 5166
f 5168 5169 5167
f 5167 5169 5170
f 5167 5170 5172
f 5172 5170 5171
f 5173 5174 5177
f 5177 5174 5176
f 5176 5174 5175
f 5179 5180 5178
f 5178 5180 5183
f 5183 5180 5181
f 5183 5181 5182
f 5185 5186 5184
f 5184 5186 5189
f 5189 5186 5187
f 5189 5187 5188
f 5190 5191 5194
f 5194 5191 5193
f 5193 5191 5192
f 5196 5197 5195
f 5195 5197 5198
f 5195 5198 5200
f 5200 5198 5199
f 5201 5202 5205
f 5205 5202 5204
f 5204 5202 5203
f 5206 5207 5210
f 5210 5207 5209
f 5209 5207 5208
f 5218 5211 5219
f 5219 5211 5212
f 5219 5212 5224
f 5224 5212 5213
f 5224 5213 5223
f 5223 5213 5214
f 5223 5214 5222
f 5222 5214 5215
f 5222 5215 5216
f 5222 5216 5221
f 5221 5216 5217
f 5221 5217 5220
f 5220 5217 5218
f 5220 5218 5219
f 5226 5240 5225
f 5225 5240 5241
f 5242 5233 5232
f 5232 5233 5234
f 5232 5234 5231
f 5231 5234 5235
f 5231 5235 5230
f 5230 5235 5236
f 5230 5236 5229
f 5229 5236 5237
f 5229 5237 5228
f 5228 5237 5238
f 5228 5238 5227
f 5227 5238 5239
f 5227 5239 5226
f 5226 5239 5240
f 5250 5243 5251
f 5251 5243 5259
f 5251 5259 5258
f 5260 5244 5257
f 5257 5244 5245
f 5257 5245 5256
f 5256 5245 5246
f 5256 5246 5255
f 5255 5246 5247
f 5255 5247 5254
f 5254 5247 5248
f 5254 5248 5253
f 5253 5248 5249
f 5253 5249 5252
f 5252 5249 5250
f 5252 5250 5251
f 5262 5273 5261
f 5261 5273 5274
f 5261 5274 5268
f 5268 5274 5269
f 5268 5269 5267
f 5267 5269 5266
f 5266 5269 5270
f 5266 5270 5265
f 5265 5270 5271
f 5265 5271 5264
f 5264 5271 5272
f 5264 5272 5263
f 5263 5272 5262
f 5262 5272 5273
f 5275 5276 5279
f 5279 5276 5277
f 5279 5277 5278
f 5280 5281 5283
f 5283 5281 5282
f 5284 5285 5287
f 5287 5285 5286
f 5289 5294 5288
f 5288 5294 5295
f 5288 5295 5293
f 5293 5295 5296
f 5293 5296 5292
f 5292 5296 5301
f 5292 5301 5291
f 5300 5297 5298
f 5300 5298 5290
f 5290 5298 5299
f 5290 5299 5289
f 5289 5299 5294
f 5303 5304 5302
f 5302 5304 5305
f 5318 5316 5306
f 5306 5316 5317
f 5306 5317 5311
f 5311 5317 5312
f 5311 5312 5310
f 5310 5312 5313
f 5310 5313 5309
f 5309 5313 5314
f 5309 5314 5308
f 5308 5314 5319
f 5308 5319 5307
f 5318 5315 5316
f 5320 5321 5323
f 5323 5321 5322
f 5325 5331 5324
f 5324 5331 5332
f 5324 5332 5329
f 5329 5332 5335
f 5329 5335 5328
f 5328 5335 5327
f 5336 5333 5334
f 5336 5334 5326
f 5326 5334 5330
f 5326 5330 5325
f 5325 5330 5331
f 5338 5339 5337
f 5337 5339 5340
f 5342 5343 5341
f 5341 5343 5344
f 5341 5344 5345
f 5346 5347 5350
f 5350 5347 5349
f 5349 5347 5348
f 5352 5353 5351
f 5351 5353 5354
f 5356 5358 5355
f 5355 5358 5359
f 5355 5359 5360
f 5356 5357 5358
f 5362 5373 5361
f 5361 5373 5375
f 5374 5367 5368
f 5373 5362 5372
f 5372 5362 5363
f 5372 5363 5371
f 5371 5363 5364
f 5371 5364 5370
f 5370 5364 5365
f 5370 5365 5369
f 5369 5365 5366
f 5369 5366 5368
f 5368 5366 5374
f 5377 5390 5376
f 5391 5386 5387
f 5391 5387 5382
f 5382 5387 5388
f 5382 5388 5381
f 5381 5388 5389
f 5381 5389 5380
f 5380 5389 5383
f 5380 5383 5379
f 5379 5383 5384
f 5379 5384 5378
f 5378 5384 5385
f 5378 5385 5377
f 5377 5385 5390
f 5393 5404 5392
f 5392 5404 5398
f 5392 5398 5399
f 5404 5393 5403
f 5403 5393 5394
f 5403 5394 5402
f 5402 5394 5406
f 5402 5406 5401
f 5405 5395 5396
f 5405 5396 5400
f 5400 5396 5397
f 5400 5397 5399
f 5399 5397 5392
f 5408 5410 5407
f 5407 5410 5411
f 5407 5411 5412
f 5408 5409 5410
f 5414 5416 5413
f 5413 5416 5417
f 5413 5417 5418
f 5414 5415 5416
f 5420 5431 5419
f 5419 5431 5433
f 5432 5425 5426
f 5431 5420 5430
f 5430 5420 5421
f 5430 5421 5429
f 5429 5421 5422
f 5429 5422 5428
f 5428 5422 5423
f 5428 5423 5427
f 5427 5423 5424
f 5427 5424 5426
f 5426 5424 5432
f 5435 5448 5434
f 5449 5444 5445
f 5449 5445 5440
f 5440 5445 5446
f 5440 5446 5439
f 5439 5446 5447
f 5439 5447 5438
f 5438 5447 5441
f 5438 5441 5437
f 5437 5441 5442
f 5437 5442 5436
f 5436 5442 5443
f 5436 5443 5435
f 5435 5443 5448
f 5451 5462 5450
f 5450 5462 5456
f 5450 5456 5457
f 5462 5451 5461
f 5461 5451 5452
f 5461 5452 5460
f 5460 5452 5464
f 5460 5464 5459
f 5463 5453 5454
f 5463 5454 5458
f 5458 5454 5455
f 5458 5455 5457
f 5457 5455 5450
f 5466 5468 5465
f 5465 5468 5469
f 5465 5469 5470
f 5466 5467 5468
f 5472 5477 5471
f 5471 5477 5478
f 5471 5478 5476
f 5476 5478 5479
f 5476 5479 5475
f 5475 5479 5480
f 5475 5480 5474
f 5474 5480 5484
f 5474 5484 5473
f 5483 5481 5482
f 5483 5482 5472
f 5472 5482 5477
f 5486 5493 5485
f 5485 5493 5494
f 5485 5494 5490
f 5490 5494 5495
f 5490 5495 5489
f 5489 5495 5496
f 5489 5496 5488
f 5488 5496 5497
f 5498 5491 5487
f 5487 5491 5492
f 5487 5492 5486
f 5486 5492 5493
f 5500 5502 5499
f 5499 5502 5503
f 5499 5503 5504
f 5500 5501 5502
f 5506 5518 5505
f 5505 5518 5519
f 5520 5511 5512
f 5518 5506 5517
f 5517 5506 5507
f 5517 5507 5516
f 5516 5507 5508
f 5516 5508 5515
f 5515 5508 5514
f 5514 5508 5509
f 5514 5509 5513
f 5513 5509 5510
f 5513 5510 5512
f 5512 5510 5520
f 5528 5521 5533
f 5533 5521 5522
f 5533 5522 5532
f 5532 5522 5531
f 5531 5522 5523
f 5531 5523 5530
f 5530 5523 5524
f 5530 5524 5529
f 5529 5524 5525
f 5529 5525 5526
f 5529 5526 5536
f 5536 5526 5527
f 5536 5527 5535
f 5535 5527 5534
f 5534 5527 5528
f 5534 5528 5533
f 5538 5552 5537
f 5537 5552 5545
f 5537 5545 5544
f 5544 5545 5546
f 5544 5546 5543
f 5543 5546 5547
f 5543 5547 5542
f 5542 5547 5548
f 5542 5548 5541
f 5541 5548 5554
f 5553 5549 5540
f 5540 5549 5550
f 5540 5550 5539
f 5539 5550 5551
f 5539 5551 5538
f 5538 5551 5552
f 5598 5555 5599
f 5599 5555 5556
f 5599 5556 5557
f 5557 5558 5599
f 5599 5558 5606
f 5606 5558 5561
f 5606 5561 5562
f 5558 5559 5561
f 5561 5559 5560
f 5562 5563 5606
f 5606 5563 5564
f 5606 5564 5565
f 5606 5565 5605
f 5605 5565 5566
f 5605 5566 5567
f 5567 5568 5605
f 5605 5568 5569
f 5605 5569 5570
f 5605 5570 5604
f 5604 5570 5571
f 5604 5571 5572
f 5572 5573 5604
f 5604 5573 5574
f 5604 5574 5575
f 5575 5576 5604
f 5604 5576 5603
f 5603 5576 5577
f 5603 5577 5607
f 5578 5579 5608
f 5608 5579 5580
f 5608 5580 5602
f 5602 5580 5583
f 5602 5583 5584
f 5580 5581 5583
f 5583 5581 5582
f 5584 5585 5602
f 5602 5585 5586
f 5602 5586 5587
f 5602 5587 5601
f 5601 5587 5588
f 5601 5588 5589
f 5589 5590 5601
f 5601 5590 5591
f 5601 5591 5600
f 5600 5591 5593
f 5600 5593 5594
f 5591 5592 5593
f 5594 5595 5600
f 5600 5595 5596
f 5600 5596 5597
f 5597 5598 5600
f 5600 5598 5599
f 5617 5609 5616
f 5616 5609 5610
f 5616 5610 5611
f 5616 5611 5615
f 5615 5611 5612
f 5615 5612 5613
f 5613 5614 5615
f 5619 5620 5618
f 5618 5620 5621
f 5618 5621 5622
f 5624 5626 5623
f 5623 5626 5629
f 5623 5629 5630
f 5624 5625 5626
f 5627 5628 5626
f 5626 5628 5629
f 5631 5632 5638
f 5638 5632 5635
f 5638 5635 5637
f 5637 5635 5636
f 5633 5634 5632
f 5632 5634 5635
f 5640 5641 5639
f 5639 5641 5642
f 5639 5642 5643
f 5652 5644 5651
f 5651 5644 5645
f 5651 5645 5646
f 5651 5646 5650
f 5650 5646 5647
f 5650 5647 5648
f 5648 5649 5650
f 5654 5655 5653
f 5653 5655 5656
f 5653 5656 5657
f 5659 5660 5658
f 5658 5660 5661
f 5658 5661 5662
f 5664 5665 5663
f 5663 5665 5666
f 5663 5666 5667
f 5668 5669 5670
f 5679 5671 5678
f 5678 5671 5672
f 5678 5672 5673
f 5678 5673 5677
f 5677 5673 5674
f 5677 5674 5675
f 5675 5676 5677
f 5681 5682 5680
f 5680 5682 5683
f 5680 5683 5685
f 5685 5683 5684
f 5685 5686 5680
f 5680 5686 5687
f 5688 5689 5690
f 5691 5692 5714
f 5714 5692 5711
f 5714 5711 5713
f 5713 5711 5712
f 5693 5705 5692
f 5692 5705 5710
f 5692 5710 5711
f 5694 5695 5693
f 5693 5695 5696
f 5693 5696 5698
f 5698 5696 5697
f 5693 5698 5704
f 5704 5698 5699
f 5704 5699 5702
f 5702 5699 5701
f 5701 5699 5700
f 5702 5703 5704
f 5704 5705 5693
f 5706 5707 5705
f 5705 5707 5710
f 5707 5708 5710
f 5710 5708 5709
f 5716 5717 5715
f 5715 5717 5718
f 5715 5718 5719
f 5720 5721 5722
f 5723 5724 5725
f 5727 5728 5726
f 5726 5728 5729
f 5726 5729 5732
f 5732 5729 5731
f 5731 5729 5730
f 5732 5733 5726
f 5734 5735 5736
f 5738 5739 5737
f 5737 5739 5740
f 5737 5740 5741
f 5742 5743 5744
f 5746 5747 5745
f 5745 5747 5748
f 5745 5748 5749
f 5750 5751 5752
f 5761 5753 5760
f 5760 5753 5754
f 5760 5754 5755
f 5760 5755 5759
f 5759 5755 5756
f 5759 5756 5757
f 5757 5758 5759
f 5762 5763 5764
f 5766 5778 5765
f 5765 5778 5771
f 5765 5771 5772
f 5778 5766 5777
f 5777 5766 5767
f 5777 5767 5776
f 5776 5767 5780
f 5776 5780 5775
f 5779 5768 5774
f 5774 5768 5769
f 5774 5769 5773
f 5773 5769 5770
f 5773 5770 5772
f 5772 5770 5765
f 5788 5781 5793
f 5793 5781 5782
f 5793 5782 5792
f 5792 5782 5791
f 5791 5782 5783
f 5791 5783 5790
f 5790 5783 5784
f 5790 5784 5789
f 5789 5784 5785
f 5789 5785 5786
f 5789 5786 5796
f 5796 5786 5787
f 5796 5787 5795
f 5795 5787 5794
f 5794 5787 5788
f 5794 5788 5793
f 5798 5803 5797
f 5797 5803 5804
f 5797 5804 5802
f 5802 5804 5805
f 5802 5805 5801
f 5801 5805 5806
f 5801 5806 5800
f 5800 5806 5810
f 5800 5810 5799
f 5809 5807 5808
f 5809 5808 5798
f 5798 5808 5803
f 5812 5819 5811
f 5811 5819 5820
f 5811 5820 5816
f 5816 5820 5821
f 5816 5821 5815
f 5815 5821 5822
f 5815 5822 5814
f 5814 5822 5823
f 5824 5817 5813
f 5813 5817 5818
f 5813 5818 5812
f 5812 5818 5819
f 5826 5828 5825
f 5825 5828 5829
f 5825 5829 5830
f 5826 5827 5828
f 5832 5844 5831
f 5831 5844 5845
f 5846 5837 5838
f 5844 5832 5843
f 5843 5832 5833
f 5843 5833 5842
f 5842 5833 5834
f 5842 5834 5841
f 5841 5834 5840
f 5840 5834 5835
f 5840 5835 5839
f 5839 5835 5836
f 5839 5836 5838
f 5838 5836 5846
f 5854 5847 5859
f 5859 5847 5848
f 5859 5848 5858
f 5858 5848 5857
f 5857 5848 5849
f 5857 5849 5856
f 5856 5849 5850
f 5856 5850 5855
f 5855 5850 5851
f 5855 5851 5852
f 5855 5852 5862
f 5862 5852 5853
f 5862 5853 5861
f 5861 5853 5860
f 5860 5853 5854
f 5860 5854 5859
f 5864 5878 5863
f 5863 5878 5871
f 5863 5871 5870
f 5870 5871 5872
f 5870 5872 5869
f 5869 5872 5873
f 5869 5873 5868
f 5868 5873 5874
f 5868 5874 5867
f 5867 5874 5880
f 5879 5875 5866
f 5866 5875 5876
f 5866 5876 5865
f 5865 5876 5877
f 5865 5877 5864
f 5864 5877 5878
f 5924 5881 5925
f 5925 5881 5882
f 5925 5882 5883
f 5883 5884 5925
f 5925 5884 5932
f 5932 5884 5887
f 5932 5887 5888
f 5884 5885 5887
f 5887 5885 5886
f 5888 5889 5932
f 5932 5889 5890
f 5932 5890 5891
f 5932 5891 5931
f 5931 5891 5892
f 5931 5892 5893
f 5893 5894 5931
f 5931 5894 5895
f 5931 5895 5896
f 5931 5896 5930
f 5930 5896 5897
f 5930 5897 5898
f 5898 5899 5930
f 5930 5899 5900
f 5930 5900 5901
f 5901 5902 5930
f 5930 5902 5929
f 5929 5902 5903
f 5929 5903 5933
f 5904 5905 5934
f 5934 5905 5906
f 5934 5906 5928
f 5928 5906 5909
f 5928 5909 5910
f 5906 5907 5909
f 5909 5907 5908
f 5910 5911 5928
f 5928 5911 5912
f 5928 5912 5913
f 5928 5913 5927
f 5927 5913 5914
f 5927 5914 5915
f 5915 5916 5927
f 5927 5916 5917
f 5927 5917 5926
f 5926 5917 5919
f 5926 5919 5920
f 5917 5918 5919
f 5920 5921 5926
f 5926 5921 5922
f 5926 5922 5923
f 5923 5924 5926
f 5926 5924 5925
f 5943 5935 5942
f 5942 5935 5936
f 5942 5936 5937
f 5942 5937 5941
f 5941 5937 5938
f 5941 5938 5939
f 5939 5940 5941
f 5945 5946 5944
f 5944 5946 5947
f 5944 5947 5948
f 5950 5952 5949
f 5949 5952 5955
f 5949 5955 5956
f 5950 5951 5952
f 5953 5954 5952
f 5952 5954 5955
f 5957 5958 5964
f 5964 5958 5961
f 5964 5961 5963
f 5963 5961 5962
f 5959 5960 5958
f 5958 5960 5961
f 5966 5967 5965
f 5965 5967 5968
f 5965 5968 5969
f 5978 5970 5977
f 5977 5970 5971
f 5977 5971 5972
f 5977 5972 5976
f 5976 5972 5973
f 5976 5973 5974
f 5974 5975 5976
f 5980 5981 5979
f 5979 5981 5982
f 5979 5982 5983
f 5985 5986 5984
f 5984 5986 5987
f 5984 5987 5988
f 5990 5991 5989
f 5989 5991 5992
f 5989 5992 5993
f 5994 5995 5996
f 6005 5997 6004
f 6004 5997 5998
f 6004 5998 5999
f 6004 5999 6003
f 6003 5999 6000
f 6003 6000 6001
f 6001 6002 6003
f 6007 6008 6006
f 6006 6008 6009
f 6006 6009 6011
f 6011 6009 6010
f 6011 6012 6006
f 6006 6012 6013
f 6014 6015 6016
f 6017 6018 6040
f 6040 6018 6037
f 6040 6037 6039
f 6039 6037 6038
f 6019 6031 6018
f 6018 6031 6036
f 6018 6036 6037
f 6020 6021 6019
f 6019 6021 6022
f 6019 6022 6024
f 6024 6022 6023
f 6019 6024 6030
f 6030 6024 6025
f 6030 6025 6028
f 6028 6025 6027
f 6027 6025 6026
f 6028 6029 6030
f 6030 6031 6019
f 6032 6033 6031
f 6031 6033 6036
f 6033 6034 6036
f 6036 6034 6035
f 6042 6043 6041
f 6041 6043 6044
f 6041 6044 6045
f 6046 6047 6048
f 6049 6050 6051
f 6053 6054 6052
f 6052 6054 6055
f 6052 6055 6058
f 6058 6055 6057
f 6057 6055 6056
f 6058 6059 6052
f 6060 6061 6062
f 6064 6065 6063
f 6063 6065 6066
f 6063 6066 6067
f 6068 6069 6070
f 6072 6073 6071
f 6071 6073 6074
f 6071 6074 6075
f 6076 6077 6078
f 6087 6079 6086
f 6086 6079 6080
f 6086 6080 6081
f 6086 6081 6085
f 6085 6081 6082
f 6085 6082 6083
f 6083 6084 6085
f 6088 6089 6090
f 6092 6104 6091
f 6091 6104 6097
f 6091 6097 6098
f 6104 6092 6103
f 6103 6092 6093
f 6103 6093 6102
f 6102 6093 6106
f 6102 6106 6101
f 6105 6094 6100
f 6100 6094 6095
f 6100 6095 6099
f 6099 6095 6096
f 6099 6096 6098
f 6098 6096 6091
f 6114 6107 6119
f 6119 6107 6108
f 6119 6108 6118
f 6118 6108 6117
f 6117 6108 6109
f 6117 6109 6116
f 6116 6109 6110
f 6116 6110 6115
f 6115 6110 6111
f 6115 6111 6112
f 6115 6112 6122
f 6122 6112 6113
f 6122 6113 6121
f 6121 6113 6120
f 6120 6113 6114
f 6120 6114 6119
f 6124 6129 6123
f 6123 6129 6130
f 6123 6130 6128
f 6128 6130 6131
f 6128 6131 6127
f 6127 6131 6132
f 6127 6132 6126
f 6126 6132 6136
f 6126 6136 6125
f 6135 6133 6134
f 6135 6134 6124
f 6124 6134 6129
f 6138 6145 6137
f 6137 6145 6146
f 6137 6146 6142
f 6142 6146 6147
f 6142 6147 6141
f 6141 6147 6148
f 6141 6148 6140
f 6140 6148 6149
f 6150 6143 6139
f 6139 6143 6144
f 6139 6144 6138
f 6138 6144 6145
f 6152 6154 6151
f 6151 6154 6155
f 6151 6155 6156
f 6152 6153 6154
f 6158 6170 6157
f 6157 6170 6171
f 6172 6163 6164
f 6170 6158 6169
f 6169 6158 6159
f 6169 6159 6168
f 6168 6159 6160
f 6168 6160 6167
f 6167 6160 6166
f 6166 6160 6161
f 6166 6161 6165
f 6165 6161 6162
f 6165 6162 6164
f 6164 6162 6172
f 6180 6173 6185
f 6185 6173 6174
f 6185 6174 6184
f 6184 6174 6183
f 6183 6174 6175
f 6183 6175 6182
f 6182 6175 6176
f 6182 6176 6181
f 6181 6176 6177
f 6181 6177 6178
f 6181 6178 6188
f 6188 6178 6179
f 6188 6179 6187
f 6187 6179 6186
f 6186 6179 6180
f 6186 6180 6185
f 6190 6204 6189
f 6189 6204 6197
f 6189 6197 6196
f 6196 6197 6198
f 6196 6198 6195
f 6195 6198 6199
f 6195 6199 6194
f 6194 6199 6200
f 6194 6200 6193
f 6193 6200 6206
f 6205 6201 6192
f 6192 6201 6202
f 6192 6202 6191
f 6191 6202 6203
f 6191 6203 6190
f 6190 6203 6204
f 6250 6207 6251
f 6251 6207 6208
f 6251 6208 6209
f 6209 6210 6251
f 6251 6210 6258
f 6258 6210 6213
f 6258 6213 6214
f 6210 6211 6213
f 6213 6211 6212
f 6214 6215 6258
f 6258 6215 6216
f 6258 6216 6217
f 6258 6217 6257
f 6257 6217 6218
f 6257 6218 6219
f 6219 6220 6257
f 6257 6220 6221
f 6257 6221 6222
f 6257 6222 6256
f 6256 6222 6223
f 6256 6223 6224
f 6224 6225 6256
f 6256 6225 6226
f 6256 6226 6227
f 6227 6228 6256
f 6256 6228 6255
f 6255 6228 6229
f 6255 6229 6259
f 6230 6231 6260
f 6260 6231 6232
f 6260 6232 6254
f 6254 6232 6235
f 6254 6235 6236
f 6232 6233 6235
f 6235 6233 6234
f 6236 6237 6254
f 6254 6237 6238
f 6254 6238 6239
f 6254 6239 6253
f 6253 6239 6240
f 6253 6240 6241
f 6241 6242 6253
f 6253 6242 6243
f 6253 6243 6252
f 6252 6243 6245
f 6252 6245 6246
f 6243 6244 6245
f 6246 6247 6252
f 6252 6247 6248
f 6252 6248 6249
f 6249 6250 6252
f 6252 6250 6251
f 6269 6261 6268
f 6268 6261 6262
f 6268 6262 6263
f 6268 6263 6267
f 6267 6263 6264
f 6267 6264 6265
f 6265 6266 6267
f 6271 6272 6270
f 6270 6272 6273
f 6270 6273 6274
f 6276 6278 6275
f 6275 6278 6281
f 6275 6281 6282
f 6276 6277 6278
f 6279 6280 6278
f 6278 6280 6281
f 6283 6284 6290
f 6290 6284 6287
f 6290 6287 6289
f 6289 6287 6288
f 6285 6286 6284
f 6284 6286 6287
f 6292 6293 6291
f 6291 6293 6294
f 6291 6294 6295
f 6304 6296 6303
f 6303 6296 6297
f 6303 6297 6298
f 6303 6298 6302
f 6302 6298 6299
f 6302 6299 6300
f 6300 6301 6302
f 6306 6307 6305
f 6305 6307 6308
f 6305 6308 6309
f 6311 6312 6310
f 6310 6312 6313
f 6310 6313 6314
f 6316 6317 6315
f 6315 6317 6318
f 6315 6318 6319
f 6320 6321 6322
f 6331 6323 6330
f 6330 6323 6324
f 6330 6324 6325
f 6330 6325 6329
f 6329 6325 6326
f 6329 6326 6327
f 6327 6328 6329
f 6333 6334 6332
f 6332 6334 6335
f 6332 6335 6337
f 6337 6335 6336
f 6337 6338 6332
f 6332 6338 6339
f 6340 6341 6342
f 6343 6344 6366
f 6366 6344 6363
f 6366 6363 6365
f 6365 6363 6364
f 6345 6357 6344
f 6344 6357 6362
f 6344 6362 6363
f 6346 6347 6345
f 6345 6347 6348
f 6345 6348 6350
f 6350 6348 6349
f 6345 6350 6356
f 6356 6350 6351
f 6356 6351 6354
f 6354 6351 6353
f 6353 6351 6352
f 6354 6355 6356
f 6356 6357 6345
f 6358 6359 6357
f 6357 6359 6362
f 6359 6360 6362
f 6362 6360 6361
f 6368 6369 6367
f 6367 6369 6370
f 6367 6370 6371
f 6372 6373 6374
f 6375 6376 6377
f 6379 6380 6378
f 6378 6380 6381
f 6378 6381 6384
f 6384 6381 6383
f 6383 6381 6382
f 6384 6385 6378
f 6386 6387 6388
f 6390 6391 6389
f 6389 6391 6392
f 6389 6392 6393
f 6394 6395 6396
f 6398 6399 6397
f 6397 6399 6400
f 6397 6400 6401
f 6402 6403 6404
f 6413 6405 6412
f 6412 6405 6406
f 6412 6406 6407
f 6412 6407 6411
f 6411 6407 6408
f 6411 6408 6409
f 6409 6410 6411
f 6414 6415 6416
f 6418 6430 6417
f 6417 6430 6423
f 6417 6423 6424
f 6430 6418 6429
f 6429 6418 6419
f 6429 6419 6428
f 6428 6419 6432
f 6428 6432 6427
f 6431 6420 6426
f 6426 6420 6421
f 6426 6421 6425
f 6425 6421 6422
f 6425 6422 6424
f 6424 6422 6417
f 6440 6433 6445
f 6445 6433 6434
f 6445 6434 6444
f 6444 6434 6443
f 6443 6434 6435
f 6443 6435 6442
f 6442 6435 6436
f 6442 6436 6441
f 6441 6436 6437
f 6441 6437 6438
f 6441 6438 6448
f 6448 6438 6439
f 6448 6439 6447
f 6447 6439 6446
f 6446 6439 6440
f 6446 6440 6445
f 6450 6451 6449
f 6449 6451 6452
f 6460 6453 6461
f 6461 6453 6454
f 6461 6454 6466
f 6466 6454 6455
f 6466 6455 6465
f 6465 6455 6456
f 6465 6456 6464
f 6464 6456 6457
f 6464 6457 6458
f 6464 6458 6463
f 6463 6458 6459
f 6463 6459 6462
f 6462 6459 6460
f 6462 6460 6461
f 6468 6482 6467
f 6467 6482 6483
f 6484 6475 6474
f 6474 6475 6476
f 6474 6476 6473
f 6473 6476 6477
f 6473 6477 6472
f 6472 6477 6478
f 6472 6478 6471
f 6471 6478 6479
f 6471 6479 6470
f 6470 6479 6480
f 6470 6480 6469
f 6469 6480 6481
f 6469 6481 6468
f 6468 6481 6482
f 6492 6485 6493
f 6493 6485 6501
f 6493 6501 6500
f 6502 6486 6499
f 6499 6486 6487
f 6499 6487 6498
f 6498 6487 6488
f 6498 6488 6497
f 6497 6488 6489
f 6497 6489 6496
f 6496 6489 6490
f 6496 6490 6495
f 6495 6490 6491
f 6495 6491 6494
f 6494 6491 6492
f 6494 6492 6493
f 6504 6515 6503
f 6503 6515 6516
f 6503 6516 6510
f 6510 6516 6511
f 6510 6511 6509
f 6509 6511 6508
f 6508 6511 6512
f 6508 6512 6507
f 6507 6512 6513
f 6507 6513 6506
f 6506 6513 6514
f 6506 6514 6505
f 6505 6514 6504
f 6504 6514 6515
f 6517 6518 6521
f 6521 6518 6519
f 6521 6519 6520
f 6522 6523 6525
f 6525 6523 6524
f 6526 6527 6529
f 6529 6527 6528
f 6531 6536 6530
f 6530 6536 6537
f 6530 6537 6535
f 6535 6537 6538
f 6535 6538 6534
f 6534 6538 6543
f 6534 6543 6533
f 6542 6539 6540
f 6542 6540 6532
f 6532 6540 6541
f 6532 6541 6531
f 6531 6541 6536
f 6545 6546 6544
f 6544 6546 6547
f 6560 6558 6548
f 6548 6558 6559
f 6548 6559 6553
f 6553 6559 6554
f 6553 6554 6552
f 6552 6554 6555
f 6552 6555 6551
f 6551 6555 6556
f 6551 6556 6550
f 6550 6556 6561
f 6550 6561 6549
f 6560 6557 6558
f 6562 6563 6565
f 6565 6563 6564
f 6567 6573 6566
f 6566 6573 6574
f 6566 6574 6571
f 6571 6574 6577
f 6571 6577 6570
f 6570 6577 6569
f 6578 6575 6576
f 6578 6576 6568
f 6568 6576 6572
f 6568 6572 6567
f 6567 6572 6573
f 6580 6581 6579
f 6579 6581 6582
f 6584 6585 6583
f 6583 6585 6586
f 6583 6586 6587
f 6588 6589 6592
f 6592 6589 6591
f 6591 6589 6590
f 6624 6593 6632
f 6632 6593 6594
f 6632 6594 6595
f 6595 6596 6632
f 6632 6596 6597
f 6597 6598 6629
f 6629 6598 6599
f 6629 6599 6600
f 6600 6601 6629
f 6629 6601 6602
f 6603 6604 6602
f 6602 6604 6631
f 6604 6605 6631
f 6631 6605 6606
f 6631 6606 6607
f 6607 6608 6631
f 6608 6609 6628
f 6628 6609 6610
f 6628 6610 6611
f 6611 6612 6628
f 6628 6612 6613
f 6628 6613 6614
f 6614 6615 6630
f 6630 6615 6616
f 6630 6616 6617
f 6617 6618 6630
f 6618 6626 6625
f 6627 6619 6620
f 6627 6620 6621
f 6621 6622 6627
f 6627 6622 6623
f 6623 6624 6632
f 6634 6635 6633
f 6633 6635 6636
f 6633 6636 6638
f 6638 6636 6637
f 6639 6640 6643
f 6643 6640 6642
f 6642 6640 6641
f 6645 6646 6644
f 6644 6646 6649
f 6649 6646 6647
f 6649 6647 6648
f 6651 6652 6650
f 6650 6652 6655
f 6655 6652 6653
f 6655 6653 6654
f 6656 6657 6660
f 6660 6657 6659
f 6659 6657 6658
f 6662 6663 6661
f 6661 6663 6664
f 6661 6664 6666
f 6666 6664 6665
f 6667 6668 6671
f 6671 6668 6670
f 6670 6668 6669
f 6672 6673 6676
f 6676 6673 6675
f 6675 6673 6674
f 6684 6677 6685
f 6685 6677 6678
f 6685 6678 6690
f 6690 6678 6679
f 6690 6679 6689
f 6689 6679 6680
f 6689 6680 6688
f 6688 6680 6681
f 6688 6681 6682
f 6688 6682 6687
f 6687 6682 6683
f 6687 6683 6686
f 6686 6683 6684
f 6686 6684 6685
f 6692 6706 6691
f 6691 6706 6707
f 6708 6699 6698
f 6698 6699 6700
f 6698 6700 6697
f 6697 6700 6701
f 6697 6701 6696
f 6696 6701 6702
f 6696 6702 6695
f 6695 6702 6703
f 6695 6703 6694
f 6694 6703 6704
f 6694 6704 6693
f 6693 6704 6705
f 6693 6705 6692
f 6692 6705 6706
f 6716 6709 6717
f 6717 6709 6725
f 6717 6725 6724
f 6726 6710 6723
f 6723 6710 6711
f 6723 6711 6722
f 6722 6711 6712
f 6722 6712 6721
f 6721 6712 6713
f 6721 6713 6720
f 6720 6713 6714
f 6720 6714 6719
f 6719 6714 6715
f 6719 6715 6718
f 6718 6715 6716
f 6718 6716 6717
f 6728 6739 6727
f 6727 6739 6740
f 6727 6740 6734
f 6734 6740 6735
f 6734 6735 6733
f 6733 6735 6732
f 6732 6735 6736
f 6732 6736 6731
f 6731 6736 6737
f 6731 6737 6730
f 6730 6737 6738
f 6730 6738 6729
f 6729 6738 6728
f 6728 6738 6739
f 6741 6742 6745
f 6745 6742 6743
f 6745 6743 6744
f 6746 6747 6749
f 6749 6747 6748
f 6750 6751 6753
f 6753 6751 6752
f 6755 6760 6754
f 6754 6760 6761
f 6754 6761 6759
f 6759 6761 6762
f 6759 6762 6758
f 6758 6762 6767
f 6758 6767 6757
f 6766 6763 6764
f 6766 6764 6756
f 6756 6764 6765
f 6756 6765 6755
f 6755 6765 6760
f 6769 6770 6768
f 6768 6770 6771
f 6784 6782 6772
f 6772 6782 6783
f 6772 6783 6777
f 6777 6783 6778
f 6777 6778 6776
f 6776 6778 6779
f 6776 6779 6775
f 6775 6779 6780
f 6775 6780 6774
f 6774 6780 6785
f 6774 6785 6773
f 6784 6781 6782
f 6786 6787 6789
f 6789 6787 6788
f 6791 6797 6790
f 6790 6797 6798
f 6790 6798 6795
f 6795 6798 6801
f 6795 6801 6794
f 6794 6801 6793
f 6802 6799 6800
f 6802 6800 6792
f 6792 6800 6796
f 6792 6796 6791
f 6791 6796 6797
f 6804 6805 6803
f 6803 6805 6806
f 6808 6809 6807
f 6807 6809 6810
f 6807 6810 6811
f 6812 6813 6816
f 6816 6813 6815
f 6815 6813 6814
f 6818 6819 6817
f 6817 6819 6820
f 6852 6821 6860
f 6860 6821 6822
f 6860 6822 6823
f 6823 6824 6860
f 6860 6824 6825
f 6825 6826 6857
f 6857 6826 6827
f 6857 6827 6828
f 6828 6829 6857
f 6857 6829 6830
f 6831 6832 6830
f 6830 6832 6859
f 6832 6833 6859
f 6859 6833 6834
f 6859 6834 6835
f 6835 6836 6859
f 6836 6837 6856
f 6856 6837 6838
f 6856 6838 6839
f 6839 6840 6856
f 6856 6840 6841
f 6856 6841 6842
f 6842 6843 6858
f 6858 6843 6844
f 6858 6844 6845
f 6845 6846 6858
f 6846 6854 6853
f 6855 6847 6848
f 6855 6848 6849
f 6849 6850 6855
f 6855 6850 6851
f 6851 6852 6860
f 6862 6863 6861
f 6861 6863 6864
f 6861 6864 6866
f 6866 6864 6865
f 6867 6868 6871
f 6871 6868 6870
f 6870 6868 6869
f 6873 6874 6872
f 6872 6874 6877
f 6877 6874 6875
f 6877 6875 6876
f 6879 6880 6878
f 6878 6880 6883
f 6883 6880 6881
f 6883 6881 6882
f 6884 6885 6888
f 6888 6885 6887
f 6887 6885 6886
f 6890 6891 6889
f 6889 6891 6892
f 6889 6892 6894
f 6894 6892 6893
f 6895 6896 6899
f 6899 6896 6898
f 6898 6896 6897
f 6900 6901 6904
f 6904 6901 6903
f 6903 6901 6902
f 6912 6905 6913
f 6913 6905 6906
f 6913 6906 6918
f 6918 6906 6907
f 6918 6907 6917
f 6917 6907 6908
f 6917 6908 6916
f 6916 6908 6909
f 6916 6909 6910
f 6916 6910 6915
f 6915 6910 6911
f 6915 6911 6914
f 6914 6911 6912
f 6914 6912 6913
f 6920 6934 6919
f 6919 6934 6935
f 6936 6927 6926
f 6926 6927 6928
f 6926 6928 6925
f 6925 6928 6929
f 6925 6929 6924
f 6924 6929 6930
f 6924 6930 6923
f 6923 6930 6931
f 6923 6931 6922
f 6922 6931 6932
f 6922 6932 6921
f 6921 6932 6933
f 6921 6933 6920
f 6920 6933 6934
f 6944 6937 6945
f 6945 6937 6953
f 6945 6953 6952
f 6954 6938 6951
f 6951 6938 6939
f 6951 6939 6950
f 6950 6939 6940
f 6950 6940 6949
f 6949 6940 6941
f 6949 6941 6948
f 6948 6941 6942
f 6948 6942 6947
f 6947 6942 6943
f 6947 6943 6946
f 6946 6943 6944
f 6946 6944 6945
f 6956 6967 6955
f 6955 6967 6968
f 6955 6968 6962
f 6962 6968 6963
f 6962 6963 6961
f 6961 6963 6960
f 6960 6963 6964
f 6960 6964 6959
f 6959 6964 6965
f 6959 6965 6958
f 6958 6965 6966
f 6958 6966 6957
f 6957 6966 6956
f 6956 6966 6967
f 6969 6970 6973
f 6973 6970 6971
f 6973 6971 6972
f 6974 6975 6977
f 6977 6975 6976
f 6978 6979 6981
f 6981 6979 6980
f 6983 6988 6982
f 6982 6988 6989
f 6982 6989 6987
f 6987 6989 6990
f 6987 6990 6986
f 6986 6990 6995
f 6986 6995 6985
f 6994 6991 6992
f 6994 6992 6984
f 6984 6992 6993
f 6984 6993 6983
f 6983 6993 6988
f 6997 6998 6996
f 6996 6998 6999
f 7012 7010 7000
f 7000 7010 7011
f 7000 7011 7005
f 7005 7011 7006
f 7005 7006 7004
f 7004 7006 7007
f 7004 7007 7003
f 7003 7007 7008
f 7003 7008 7002
f 7002 7008 7013
f 7002 7013 7001
f 7012 7009 7010
f 7014 7015 7017
f 7017 7015 7016
f 7019 7025 7018
f 7018 7025 7026
f 7018 7026 7023
f 7023 7026 7029
f 7023 7029 7022
f 7022 7029 7021
f 7030 7027 7028
f 7030 7028 7020
f 7020 7028 7024
f 7020 7024 7019
f 7019 7024 7025
f 7032 7033 7031
f 7031 7033 7034
f 7036 7037 7035
f 7035 7037 7038
f 7035 7038 7039
f 7040 7041 7044
f 7044 7041 7043
f 7043 7041 7042
f 7046 7047 7045
f 7045 7047 7048
f 7080 7049 7088
f 7088 7049 7050
f 7088 7050 7051
f 7051 7052 7088
f 7088 7052 7053
f 7053 7054 7085
f 7085 7054 7055
f 7085 7055 7056
f 7056 7057 7085
f 7085 7057 7058
f 7059 7060 7058
f 7058 7060 7087
f 7060 7061 7087
f 7087 7061 7062
f 7087 7062 7063
f 7063 7064 7087
f 7064 7065 7084
f 7084 7065 7066
f 7084 7066 7067
f 7067 7068 7084
f 7084 7068 7069
f 7084 7069 7070
f 7070 7071 7086
f 7086 7071 7072
f 7086 7072 7073
f 7073 7074 7086
f 7074 7082 7081
f 7083 7075 7076
f 7083 7076 7077
f 7077 7078 7083
f 7083 7078 7079
f 7079 7080 7088
f 7090 7091 7089
f 7089 7091 7092
f 7089 7092 7094
f 7094 7092 7093
f 7095 7096 7099
f 7099 7096 7098
f 7098 7096 7097
f 7101 7102 7100
f 7100 7102 7105
f 7105 7102 7103
f 7105 7103 7104
f 7107 7108 7106
f 7106 7108 7111
f 7111 7108 7109
f 7111 7109 7110
f 7112 7113 7116
f 7116 7113 7115
f 7115 7113 7114
f 7118 7119 7117
f 7117 7119 7120
f 7117 7120 7122
f 7122 7120 7121
f 7123 7124 7127
f 7127 7124 7126
f 7126 7124 7125
f 7128 7129 7132
f 7132 7129 7131
f 7131 7129 7130
f 7134 7135 7133
f 7133 7135 7136
f 7133 7136 7137
f 7145 7138 7146
f 7146 7138 7139
f 7146 7139 7151
f 7151 7139 7140
f 7151 7140 7150
f 7150 7140 7141
f 7150 7141 7149
f 7149 7141 7142
f 7149 7142 7143
f 7149 7143 7148
f 7148 7143 7144
f 7148 7144 7147
f 7147 7144 7145
f 7147 7145 7146
f 7153 7167 7152
f 7152 7167 7168
f 7169 7160 7159
f 7159 7160 7161
f 7159 7161 7158
f 7158 7161 7162
f 7158 7162 7157
f 7157 7162 7163
f 7157 7163 7156
f 7156 7163 7164
f 7156 7164 7155
f 7155 7164 7165
f 7155 7165 7154
f 7154 7165 7166
f 7154 7166 7153
f 7153 7166 7167
f 7177 7170 7178
f 7178 7170 7186
f 7178 7186 7185
f 7187 7171 7184
f 7184 7171 7172
f 7184 7172 7183
f 7183 7172 7173
f 7183 7173 7182
f 7182 7173 7174
f 7182 7174 7181
f 7181 7174 7175
f 7181 7175 7180
f 7180 7175 7176
f 7180 7176 7179
f 7179 7176 7177
f 7179 7177 7178
f 7189 7200 7188
f 7188 7200 7201
f 7188 7201 7195
f 7195 7201 7196
f 7195 7196 7194
f 7194 7196 7193
f 7193 7196 7197
f 7193 7197 7192
f 7192 7197 7198
f 7192 7198 7191
f 7191 7198 7199
f 7191 7199 7190
f 7190 7199 7189
f 7189 7199 7200
f 7202 7203 7206
f 7206 7203 7204
f 7206 7204 7205
f 7207 7208 7210
f 7210 7208 7209
f 7211 7212 7214
f 7214 7212 7213
f 7216 7221 7215
f 7215 7221 7222
f 7215 7222 7220
f 7220 7222 7223
f 7220 7223 7219
f 7219 7223 7228
f 7219 7228 7218
f 7227 7224 7225
f 7227 7225 7217
f 7217 7225 7226
f 7217 7226 7216
f 7216 7226 7221
f 7230 7231 7229
f 7229 7231 7232
f 7245 7243 7233
f 7233 7243 7244
f 7233 7244 7238
f 7238 7244 7239
f 7238 7239 7237
f 7237 7239 7240
f 7237 7240 7236
f 7236 7240 7241
f 7236 7241 7235
f 7235 7241 7246
f 7235 7246 7234
f 7245 7242 7243
f 7247 7248 7250
f 7250 7248 7249
f 7252 7258 7251
f 7251 7258 7259
f 7251 7259 7256
f 7256 7259 7262
f 7256 7262 7255
f 7255 7262 7254
f 7263 7260 7261
f 7263 7261 7253
f 7253 7261 7257
f 7253 7257 7252
f 7252 7257 7258
f 7265 7266 7264
f 7264 7266 7267
f 7268 7269 7272
f 7272 7269 7271
f 7271 7269 7270
f 7274 7275 7273
f 7273 7275 7276
f 7308 7277 7316
f 7316 7277 7278
f 7316 7278 7279
f 7279 7280 7316
f 7316 7280 7281
f 7281 7282 7313
f 7313 7282 7283
f 7313 7283 7284
f 7284 7285 7313
f 7313 7285 7286
f 7287 7288 7286
f 7286 7288 7315
f 7288 7289 7315
f 7315 7289 7290
f 7315 7290 7291
f 7291 7292 7315
f 7292 7293 7312
f 7312 7293 7294
f 7312 7294 7295
f 7295 7296 7312
f 7312 7296 7297
f 7312 7297 7298
f 7298 7299 7314
f 7314 7299 7300
f 7314 7300 7301
f 7301 7302 7314
f 7302 7310 7309
f 7311 7303 7304
f 7311 7304 7305
f 7305 7306 7311
f 7311 7306 7307
f 7307 7308 7316
f 7318 7319 7317
f 7317 7319 7320
f 7317 7320 7322
f 7322 7320 7321
f 7323 7324 7327
f 7327 7324 7326
f 7326 7324 7325
f 7329 7330 7328
f 7328 7330 7333
f 7333 7330 7331
f 7333 7331 7332
f 7335 7336 7334
f 7334 7336 7339
f 7339 7336 7337
f 7339 7337 7338
f 7340 7341 7344
f 7344 7341 7343
f 7343 7341 7342
f 7346 7347 7345
f 7345 7347 7348
f 7345 7348 7350
f 7350 7348 7349
f 7351 7352 7355
f 7355 7352 7354
f 7354 7352 7353
f 7356 7357 7360
f 7360 7357 7359
f 7359 7357 7358
f 7368 7361 7369
f 7369 7361 7362
f 7369 7362 7374
f 7374 7362 7363
f 7374 7363 7373
f 7373 7363 7364
f 7373 7364 7372
f 7372 7364 7365
f 7372 7365 7366
f 7372 7366 7371
f 7371 7366 7367
f 7371 7367 7370
f 7370 7367 7368
f 7370 7368 7369
f 7376 7390 7375
f 7375 7390 7391
f 7392 7383 7382
f 7382 7383 7384
f 7382 7384 7381
f 7381 7384 7385
f 7381 7385 7380
f 7380 7385 7386
f 7380 7386 7379
f 7379 7386 7387
f 7379 7387 7378
f 7378 7387 7388
f 7378 7388 7377
f 7377 7388 7389
f 7377 7389 7376
f 7376 7389 7390
f 7400 7393 7401
f 7401 7393 7409
f 7401 7409 7408
f 7410 7394 7407
f 7407 7394 7395
f 7407 7395 7406
f 7406 7395 7396
f 7406 7396 7405
f 7405 7396 7397
f 7405 7397 7404
f 7404 7397 7398
f 7404 7398 7403
f 7403 7398 7399
f 7403 7399 7402
f 7402 7399 7400
f 7402 7400 7401
f 7412 7423 7411
f 7411 7423 7424
f 7411 7424 7418
f 7418 7424 7419
f 7418 7419 7417
f 7417 7419 7416
f 7416 7419 7420
f 7416 7420 7415
f 7415 7420 7421
f 7415 7421 7414
f 7414 7421 7422
f 7414 7422 7413
f 7413 7422 7412
f 7412 7422 7423
f 7425 7426 7429
f 7429 7426 7427
f 7429 7427 7428
f 7430 7431 7433
f 7433 7431 7432
f 7434 7435 7437
f 7437 7435 7436
f 7439 7444 7438
f 7438 7444 7445
f 7438 7445 7443
f 7443 7445 7446
f 7443 7446 7442
f 7442 7446 7451
f 7442 7451 7441
f 7450 7447 7448
f 7450 7448 7440
f 7440 7448 7449
f 7440 7449 7439
f 7439 7449 7444
f 7453 7454 7452
f 7452 7454 7455
f 7468 7466 7456
f 7456 7466 7467
f 7456 7467 7461
f 7461 7467 7462
f 7461 7462 7460
f 7460 7462 7463
f 7460 7463 7459
f 7459 7463 7464
f 7459 7464 7458
f 7458 7464 7469
f 7458 7469 7457
f 7468 7465 7466
f 7470 7471 7473
f 7473 7471 7472
f 7475 7481 7474
f 7474 7481 7482
f 7474 7482 7479
f 7479 7482 7485
f 7479 7485 7478
f 7478 7485 7477
f 7486 7483 7484
f 7486 7484 7476
f 7476 7484 7480
f 7476 7480 7475
f 7475 7480 7481
f 7488 7489 7487
f 7487 7489 7490
f 7492 7493 7491
f 7491 7493 7494
f 7491 7494 7495
f 7496 7497 7500
f 7500 7497 7499
f 7499 7497 7498
f 7502 7503 7501
f 7501 7503 7504
f 7536 7505 7544
f 7544 7505 7506
f 7544 7506 7507
f 7507 7508 7544
f 7544 7508 7509
f 7509 7510 7541
f 7541 7510 7511
f 7541 7511 7512
f 7512 7513 7541
f 7541 7513 7514
f 7515 7516 7514
f 7514 7516 7543
f 7516 7517 7543
f 7543 7517 7518
f 7543 7518 7519
f 7519 7520 7543
f 7520 7521 7540
f 7540 7521 7522
f 7540 7522 7523
f 7523 7524 7540
f 7540 7524 7525
f 7540 7525 7526
f 7526 7527 7542
f 7542 7527 7528
f 7542 7528 7529
f 7529 7530 7542
f 7530 7538 7537
f 7539 7531 7532
f 7539 7532 7533
f 7533 7534 7539
f 7539 7534 7535
f 7535 7536 7544
f 7546 7547 7545
f 7545 7547 7548
f 7545 7548 7550
f 7550 7548 7549
f 7551 7552 7555
f 7555 7552 7554
f 7554 7552 7553
f 7557 7558 7556
f 7556 7558 7561
f 7561 7558 7559
f 7561 7559 7560
f 7563 7564 7562
f 7562 7564 7567
f 7567 7564 7565
f 7567 7565 7566
f 7568 7569 7572
f 7572 7569 7571
f 7571 7569 7570
f 7574 7575 7573
f 7573 7575 7576
f 7573 7576 7578
f 7578 7576 7577
f 7579 7580 7583
f 7583 7580 7582
f 7582 7580 7581
f 7584 7585 7588
f 7588 7585 7587
f 7587 7585 7586
f 7596 7589 7597
f 7597 7589 7590
f 7597 7590 7602
f 7602 7590 7591
f 7602 7591 7601
f 7601 7591 7592
f 7601 7592 7600
f 7600 7592 7593
f 7600 7593 7594
f 7600 7594 7599
f 7599 7594 7595
f 7599 7595 7598
f 7598 7595 7596
f 7598 7596 7597
f 7604 7618 7603
f 7603 7618 7619
f 7620 7611 7610
f 7610 7611 7612
f 7610 7612 7609
f 7609 7612 7613
f 7609 7613 7608
f 7608 7613 7614
f 7608 7614 7607
f 7607 7614 7615
f 7607 7615 7606
f 7606 7615 7616
f 7606 7616 7605
f 7605 7616 7617
f 7605 7617 7604
f 7604 7617 7618
f 7628 7621 7629
f 7629 7621 7637
f 7629 7637 7636
f 7638 7622 7635
f 7635 7622 7623
f 7635 7623 7634
f 7634 7623 7624
f 7634 7624 7633
f 7633 7624 7625
f 7633 7625 7632
f 7632 7625 7626
f 7632 7626 7631
f 7631 7626 7627
f 7631 7627 7630
f 7630 7627 7628
f 7630 7628 7629
f 7640 7651 7639
f 7639 7651 7652
f 7639 7652 7646
f 7646 7652 7647
f 7646 7647 7645
f 7645 7647 7644
f 7644 7647 7648
f 7644 7648 7643
f 7643 7648 7649
f 7643 7649 7642
f 7642 7649 7650
f 7642 7650 7641
f 7641 7650 7640
f 7640 7650 7651
f 7653 7654 7657
f 7657 7654 7655
f 7657 7655 7656
f 7658 7659 7661
f 7661 7659 7660
f 7662 7663 7665
f 7665 7663 7664
f 7667 7672 7666
f 7666 7672 7673
f 7666 7673 7671
f 7671 7673 7674
f 7671 7674 7670
f 7670 7674 7679
f 7670 7679 7669
f 7678 7675 7676
f 7678 7676 7668
f 7668 7676 7677
f 7668 7677 7667
f 7667 7677 7672
f 7681 7682 7680
f 7680 7682 7683
f 7696 7694 7684
f 7684 7694 7695
f 7684 7695 7689
f 7689 7695 7690
f 7689 7690 7688
f 7688 7690 7691
f 7688 7691 7687
f 7687 7691 7692
f 7687 7692 7686
f 7686 7692 7697
f 7686 7697 7685
f 7696 7693 7694
f 7698 7699 7701
f 7701 7699 7700
f 7703 7709 7702
f 7702 7709 7710
f 7702 7710 7707
f 7707 7710 7713
f 7707 7713 7706
f 7706 7713 7705
f 7714 7711 7712
f 7714 7712 7704
f 7704 7712 7708
f 7704 7708 7703
f 7703 7708 7709
f 7716 7717 7715
f 7715 7717 7718
f 7720 7721 7719
f 7719 7721 7722
f 7719 7722 7723
f 7724 7725 7728
f 7728 7725 7727
f 7727 7725 7726
f 7730 7731 7729
f 7729 7731 7732
f 7764 7733 7772
f 7772 7733 7734
f 7772 7734 7735
f 7735 7736 7772
f 7772 7736 7737
f 7737 7738 7769
f 7769 7738 7739
f 7769 7739 7740
f 7740 7741 7769
f 7769 7741 7742
f 7743 7744 7742
f 7742 7744 7771
f 7744 7745 7771
f 7771 7745 7746
f 7771 7746 7747
f 7747 7748 7771
f 7748 7749 7768
f 7768 7749 7750
f 7768 7750 7751
f 7751 7752 7768
f 7768 7752 7753
f 7768 7753 7754
f 7754 7755 7770
f 7770 7755 7756
f 7770 7756 7757
f 7757 7758 7770
f 7758 7766 7765
f 7767 7759 7760
f 7767 7760 7761
f 7761 7762 7767
f 7767 7762 7763
f 7763 7764 7772
f 7774 7775 7773
f 7773 7775 7776
f 7773 7776 7778
f 7778 7776 7777
f 7779 7780 7783
f 7783 7780 7782
f 7782 7780 7781
f 7785 7786 7784
f 7784 7786 7789
f 7789 7786 7787
f 7789 7787 7788
f 7791 7792 7790
f 7790 7792 7795
f 7795 7792 7793
f 7795 7793 7794
f 7796 7797 7800
f 7800 7797 7799
f 7799 7797 7798
f 7802 7803 7801
f 7801 7803 7804
f 7801 7804 7806
f 7806 7804 7805
f 7807 7808 7811
f 7811 7808 7810
f 7810 7808 7809
f 7812 7813 7816
f 7816 7813 7815
f 7815 7813 7814
f 7824 7817 7825
f 7825 7817 7818
f 7825 7818 7830
f 7830 7818 7819
f 7830 7819 7829
f 7829 7819 7820
f 7829 7820 7828
f 7828 7820 7821
f 7828 7821 7822
f 7828 7822 7827
f 7827 7822 7823
f 7827 7823 7826
f 7826 7823 7824
f 7826 7824 7825
f 7832 7846 7831
f 7831 7846 7847
f 7848 7839 7838
f 7838 7839 7840
f 7838 7840 7837
f 7837 7840 7841
f 7837 7841 7836
f 7836 7841 7842
f 7836 7842 7835
f 7835 7842 7843
f 7835 7843 7834
f 7834 7843 7844
f 7834 7844 7833
f 7833 7844 7845
f 7833 7845 7832
f 7832 7845 7846
f 7856 7849 7857
f 7857 7849 7865
f 7857 7865 7864
f 7866 7850 7863
f 7863 7850 7851
f 7863 7851 7862
f 7862 7851 7852
f 7862 7852 7861
f 7861 7852 7853
f 7861 7853 7860
f 7860 7853 7854
f 7860 7854 7859
f 7859 7854 7855
f 7859 7855 7858
f 7858 7855 7856
f 7858 7856 7857
f 7868 7879 7867
f 7867 7879 7880
f 7867 7880 7874
f 7874 7880 7875
f 7874 7875 7873
f 7873 7875 7872
f 7872 7875 7876
f 7872 7876 7871
f 7871 7876 7877
f 7871 7877 7870
f 7870 7877 7878
f 7870 7878 7869
f 7869 7878 7868
f 7868 7878 7879
f 7881 7882 7885
f 7885 7882 7883
f 7885 7883 7884
f 7886 7887 7889
f 7889 7887 7888
f 7890 7891 7893
f 7893 7891 7892
f 7895 7900 7894
f 7894 7900 7901
f 7894 7901 7899
f 7899 7901 7902
f 7899 7902 7898
f 7898 7902 7907
f 7898 7907 7897
f 7906 7903 7904
f 7906 7904 7896
f 7896 7904 7905
f 7896 7905 7895
f 7895 7905 7900
f 7909 7910 7908
f 7908 7910 7911
f 7924 7922 7912
f 7912 7922 7923
f 7912 7923 7917
f 7917 7923 7918
f 7917 7918 7916
f 7916 7918 7919
f 7916 7919 7915
f 7915 7919 7920
f 7915 7920 7914
f 7914 7920 7925
f 7914 7925 7913
f 7924 7921 7922
f 7926 7927 7929
f 7929 7927 7928
f 7931 7937 7930
f 7930 7937 7938
f 7930 7938 7935
f 7935 7938 7941
f 7935 7941 7934
f 7934 7941 7933
f 7942 7939 7940
f 7942 7940 7932
f 7932 7940 7936
f 7932 7936 7931
f 7931 7936 7937
f 7944 7945 7943
f 7943 7945 7946
f 7948 7949 7947
f 7947 7949 7950
f 7947 7950 7951
f 7952 7953 7956
f 7956 7953 7955
f 7955 7953 7954
f 7958 7959 7957
f 7957 7959 7960
f 7992 7961 8000
f 8000 7961 7962
f 8000 7962 7963
f 7963 7964 8000
f 8000 7964 7965
f 7965 7966 7997
f 7997 7966 7967
f 7997 7967 7968
f 7968 7969 7997
f 7997 7969 7970
f 7971 7972 7970
f 7970 7972 7999
f 7972 7973 7999
f 7999 7973 7974
f 7999 7974 7975
f 7975 7976 7999
f 7976 7977 7996
f 7996 7977 7978
f 7996 7978 7979
f 7979 7980 7996
f 7996 7980 7981
f 7996 7981 7982
f 7982 7983 7998
f 7998 7983 7984
f 7998 7984 7985
f 7985 7986 7998
f 7986 7994 7993
f 7995 7987 7988
f 7995 7988 7989
f 7989 7990 7995
f 7995 7990 7991
f 7991 7992 8000
f 8002 8003 8001
f 8001 8003 8004
f 8001 8004 8006
f 8006 8004 8005
f 8007 8008 8011
f 8011 8008 8010
f 8010 8008 8009
f 8013 8014 8012
f 8012 8014 8017
f 8017 8014 8015
f 8017 8015 8016
f 8019 8020 8018
f 8018 8020 8023
f 8023 8020 8021
f 8023 8021 8022
f 8024 8025 8028
f 8028 8025 8027
f 8027 8025 8026
f 8030 8031 8029
f 8029 8031 8032
f 8029 8032 8034
f 8034 8032 8033
f 8035 8036 8039
f 8039 8036 8038
f 8038 8036 8037
f 8040 8041 8044
f 8044 8041 8043
f 8043 8041 8042
f 8052 8045 8051
f 8051 8045 8046
f 8051 8046 8050
f 8050 8046 8047
f 8050 8047 8049
f 8049 8047 8048
f 8053 8054 8066
f 8066 8054 8055
f 8066 8055 8057
f 8057 8055 8056
f 8066 8057 8065
f 8065 8057 8058
f 8065 8058 8064
f 8064 8058 8059
f 8064 8059 8062
f 8062 8059 8061
f 8061 8059 8060
f 8062 8063 8064
f 8074 8067 8073
f 8073 8067 8068
f 8073 8068 8072
f 8072 8068 8069
f 8072 8069 8071
f 8071 8069 8070
f 8082 8075 8081
f 8081 8075 8076
f 8081 8076 8080
f 8080 8076 8077
f 8080 8077 8079
f 8079 8077 8078
f 8083 8084 8096
f 8096 8084 8085
f 8096 8085 8087
f 8087 8085 8086
f 8096 8087 8095
f 8095 8087 8088
f 8095 8088 8094
f 8094 8088 8089
f 8094 8089 8092
f 8092 8089 8091
f 8091 8089 8090
f 8092 8093 8094
f 8097 8098 8110
f 8110 8098 8099
f 8110 8099 8101
f 8101 8099 8100
f 8110 8101 8109
f 8109 8101 8102
f 8109 8102 8108
f 8108 8102 8103
f 8108 8103 8106
f 8106 8103 8105
f 8105 8103 8104
f 8106 8107 8108
f 8111 8112 8124
f 8124 8112 8113
f 8124 8113 8115
f 8115 8113 8114
f 8124 8115 8123
f 8123 8115 8116
f 8123 8116 8122
f 8122 8116 8117
f 8122 8117 8120
f 8120 8117 8119
f 8119 8117 8118
f 8120 8121 8122
f 8132 8125 8131
f 8131 8125 8126
f 8131 8126 8130
f 8130 8126 8127
f 8130 8127 8129
f 8129 8127 8128
f 8134 8289 8133
f 8133 8289 8290
f 8133 8290 8140
f 8140 8290 8291
f 8140 8291 8315
f 8315 8291 8292
f 8315 8292 8314
f 8314 8292 8190
f 8314 8190 8162
f 8162 8190 8161
f 8161 8190 8191
f 8161 8191 8160
f 8160 8191 8302
f 8160 8302 8303
f 8135 8198 8134
f 8134 8198 8288
f 8134 8288 8289
f 8198 8135 8197
f 8197 8135 8136
f 8197 8136 8319
f 8319 8136 8137
f 8319 8137 8138
f 8139 8315 8138
f 8138 8315 8316
f 8138 8316 8317
f 8139 8140 8315
f 8142 8231 8141
f 8141 8231 8232
f 8141 8232 8148
f 8148 8232 8274
f 8148 8274 8275
f 8143 8324 8142
f 8142 8324 8230
f 8142 8230 8231
f 8143 8144 8324
f 8324 8144 8323
f 8323 8144 8322
f 8322 8144 8321
f 8321 8144 8320
f 8320 8144 8145
f 8320 8145 8146
f 8320 8146 8277
f 8277 8146 8147
f 8277 8147 8276
f 8276 8147 8275
f 8275 8147 8148
f 8156 8149 8309
f 8309 8149 8150
f 8309 8150 8308
f 8308 8150 8307
f 8307 8150 8306
f 8306 8150 8305
f 8305 8150 8151
f 8305 8151 8152
f 8305 8152 8263
f 8263 8152 8153
f 8263 8153 8262
f 8262 8153 8154
f 8262 8154 8261
f 8261 8154 8220
f 8261 8220 8271
f 8271 8220 8221
f 8271 8221 8270
f 8270 8221 8222
f 8270 8222 8173
f 8173 8222 8240
f 8173 8240 8172
f 8172 8240 8241
f 8172 8241 8171
f 8171 8241 8242
f 8171 8242 8170
f 8170 8242 8243
f 8170 8243 8169
f 8169 8243 8228
f 8169 8228 8229
f 8154 8155 8220
f 8220 8155 8219
f 8219 8155 8156
f 8219 8156 8309
f 8164 8157 8310
f 8310 8157 8158
f 8310 8158 8304
f 8304 8158 8159
f 8304 8159 8303
f 8303 8159 8160
f 8162 8163 8314
f 8314 8163 8164
f 8314 8164 8313
f 8313 8164 8312
f 8312 8164 8311
f 8311 8164 8310
f 8166 8269 8165
f 8165 8269 8270
f 8165 8270 8173
f 8269 8166 8268
f 8268 8166 8167
f 8268 8167 8267
f 8267 8167 8168
f 8267 8168 8266
f 8266 8168 8229
f 8266 8229 8230
f 8168 8169 8229
f 8175 8297 8174
f 8174 8297 8298
f 8174 8298 8182
f 8182 8298 8299
f 8182 8299 8181
f 8181 8299 8300
f 8181 8300 8180
f 8180 8300 8184
f 8180 8184 8258
f 8258 8184 8185
f 8258 8185 8257
f 8257 8185 8186
f 8257 8186 8256
f 8256 8186 8187
f 8256 8187 8255
f 8255 8187 8188
f 8255 8188 8201
f 8201 8188 8209
f 8209 8188 8189
f 8209 8189 8283
f 8283 8189 8293
f 8293 8189 8190
f 8293 8190 8292
f 8297 8175 8227
f 8227 8175 8176
f 8227 8176 8226
f 8226 8176 8237
f 8226 8237 8225
f 8225 8237 8238
f 8225 8238 8224
f 8224 8238 8239
f 8224 8239 8223
f 8223 8239 8240
f 8223 8240 8222
f 8176 8177 8237
f 8237 8177 8260
f 8260 8177 8178
f 8260 8178 8259
f 8259 8178 8179
f 8259 8179 8258
f 8258 8179 8180
f 8184 8300 8183
f 8183 8300 8301
f 8183 8301 8191
f 8191 8301 8302
f 8200 8192 8251
f 8251 8192 8193
f 8251 8193 8250
f 8250 8193 8194
f 8250 8194 8249
f 8249 8194 8217
f 8249 8217 8248
f 8248 8217 8218
f 8248 8218 8247
f 8247 8218 8210
f 8247 8210 8211
f 8217 8194 8216
f 8216 8194 8195
f 8216 8195 8280
f 8280 8195 8196
f 8280 8196 8279
f 8279 8196 8319
f 8279 8319 8278
f 8278 8319 8320
f 8278 8320 8277
f 8196 8197 8319
f 8288 8198 8287
f 8287 8198 8199
f 8287 8199 8205
f 8205 8199 8200
f 8205 8200 8252
f 8252 8200 8251
f 8255 8201 8254
f 8254 8201 8202
f 8254 8202 8203
f 8254 8203 8253
f 8253 8203 8204
f 8253 8204 8252
f 8252 8204 8205
f 8287 8205 8286
f 8286 8205 8206
f 8286 8206 8285
f 8285 8206 8207
f 8285 8207 8284
f 8284 8207 8208
f 8284 8208 8283
f 8283 8208 8209
f 8212 8233 8211
f 8211 8233 8246
f 8211 8246 8247
f 8213 8272 8212
f 8212 8272 8273
f 8212 8273 8233
f 8233 8273 8232
f 8232 8273 8274
f 8272 8213 8282
f 8282 8213 8214
f 8282 8214 8281
f 8281 8214 8215
f 8281 8215 8280
f 8280 8215 8216
f 8297 8227 8296
f 8296 8227 8219
f 8296 8219 8295
f 8295 8219 8309
f 8295 8309 8294
f 8294 8309 8310
f 8294 8310 8304
f 8233 8234 8246
f 8246 8234 8245
f 8245 8234 8235
f 8245 8235 8244
f 8244 8235 8236
f 8244 8236 8228
f 8243 8244 8228
f 8263 8264 8305
f 8305 8264 8324
f 8324 8264 8265
f 8324 8265 8230
f 8230 8265 8266
f 8317 8318 8138
f 8138 8318 8319
f 8325 8326 8328
f 8328 8326 8327
f 8338 8329 8337
f 8337 8329 8330
f 8337 8330 8336
f 8336 8330 8331
f 8336 8331 8335
f 8335 8331 8332
f 8335 8332 8334
f 8334 8332 8333
f 8339 8340 8352
f 8352 8340 8341
f 8352 8341 8343
f 8343 8341 8342
f 8352 8343 8351
f 8351 8343 8344
f 8351 8344 8350
f 8350 8344 8345
f 8350 8345 8348
f 8348 8345 8347
f 8347 8345 8346
f 8348 8349 8350
f 8362 8353 8361
f 8361 8353 8354
f 8361 8354 8360
f 8360 8354 8355
f 8360 8355 8359
f 8359 8355 8356
f 8359 8356 8358
f 8358 8356 8357
f 8372 8363 8371
f 8371 8363 8364
f 8371 8364 8370
f 8370 8364 8365
f 8370 8365 8369
f 8369 8365 8366
f 8369 8366 8368
f 8368 8366 8367
f 8373 8374 8376
f 8376 8374 8375
f 8384 8377 8383
f 8383 8377 8378
f 8383 8378 8382
f 8382 8378 8379
f 8382 8379 8381
f 8381 8379 8380
f 8385 8386 8388
f 8388 8386 8387
f 8389 8390 8402
f 8402 8390 8391
f 8402 8391 8393
f 8393 8391 8392
f 8402 8393 8401
f 8401 8393 8394
f 8401 8394 8400
f 8400 8394 8395
f 8400 8395 8398
f 8398 8395 8397
f 8397 8395 8396
f 8398 8399 8400
f 8410 8403 8409
f 8409 8403 8404
f 8409 8404 8408
f 8408 8404 8405
f 8408 8405 8407
f 8407 8405 8406
f 8411 8412 8414
f 8414 8412 8413
f 8416 8545 8415
f 8415 8545 8546
f 8415 8546 8422
f 8422 8546 8547
f 8422 8547 8467
f 8467 8547 8548
f 8467 8548 8466
f 8466 8548 8549
f 8466 8549 8474
f 8474 8549 8550
f 8474 8550 8473
f 8473 8550 8551
f 8473 8551 8472
f 8472 8551 8541
f 8472 8541 8461
f 8461 8541 8542
f 8461 8542 8460
f 8460 8542 8442
f 8460 8442 8443
f 8417 8577 8416
f 8416 8577 8544
f 8416 8544 8545
f 8417 8418 8577
f 8577 8418 8576
f 8576 8418 8575
f 8575 8418 8574
f 8574 8418 8573
f 8573 8418 8419
f 8573 8419 8420
f 8421 8468 8420
f 8420 8468 8534
f 8420 8534 8573
f 8573 8534 8535
f 8573 8535 8572
f 8572 8535 8536
f 8572 8536 8426
f 8426 8536 8425
f 8425 8536 8537
f 8425 8537 8538
f 8468 8421 8467
f 8467 8421 8422
f 8430 8423 8493
f 8493 8423 8424
f 8493 8424 8539
f 8539 8424 8538
f 8538 8424 8425
f 8426 8427 8572
f 8572 8427 8428
f 8572 8428 8571
f 8571 8428 8570
f 8570 8428 8569
f 8569 8428 8568
f 8568 8428 8429
f 8568 8429 8430
f 8438 8431 8563
f 8563 8431 8432
f 8563 8432 8562
f 8562 8432 8483
f 8562 8483 8561
f 8561 8483 8484
f 8561 8484 8560
f 8560 8484 8458
f 8560 8458 8453
f 8432 8433 8483
f 8483 8433 8488
f 8488 8433 8434
f 8488 8434 8520
f 8520 8434 8519
f 8519 8434 8529
f 8529 8434 8435
f 8529 8435 8528
f 8528 8435 8436
f 8528 8436 8567
f 8567 8436 8437
f 8567 8437 8438
f 8446 8439 8582
f 8582 8439 8440
f 8582 8440 8581
f 8581 8440 8580
f 8580 8440 8579
f 8579 8440 8578
f 8578 8440 8441
f 8578 8441 8442
f 8443 8444 8460
f 8460 8444 8555
f 8460 8555 8459
f 8459 8555 8556
f 8459 8556 8557
f 8555 8444 8554
f 8554 8444 8445
f 8554 8445 8553
f 8553 8445 8446
f 8553 8446 8582
f 8448 8521 8447
f 8447 8521 8522
f 8447 8522 8452
f 8452 8522 8523
f 8452 8523 8451
f 8451 8523 8524
f 8451 8524 8494
f 8494 8524 8525
f 8494 8525 8526
f 8449 8515 8448
f 8448 8515 8516
f 8448 8516 8487
f 8487 8516 8517
f 8487 8517 8486
f 8486 8517 8518
f 8486 8518 8485
f 8485 8518 8495
f 8485 8495 8484
f 8484 8495 8458
f 8515 8449 8514
f 8514 8449 8450
f 8514 8450 8513
f 8513 8450 8489
f 8513 8489 8512
f 8512 8489 8490
f 8512 8490 8511
f 8511 8490 8491
f 8511 8491 8510
f 8510 8491 8492
f 8510 8492 8482
f 8482 8492 8540
f 8482 8540 8530
f 8489 8450 8494
f 8494 8450 8451
f 8560 8453 8559
f 8559 8453 8454
f 8559 8454 8558
f 8558 8454 8557
f 8557 8454 8455
f 8557 8455 8459
f 8459 8455 8498
f 8459 8498 8464
f 8464 8498 8499
f 8464 8499 8463
f 8463 8499 8500
f 8463 8500 8462
f 8462 8500 8501
f 8462 8501 8471
f 8471 8501 8502
f 8471 8502 8476
f 8476 8502 8503
f 8476 8503 8475
f 8475 8503 8504
f 8475 8504 8474
f 8474 8504 8466
f 8498 8455 8497
f 8497 8455 8456
f 8497 8456 8496
f 8496 8456 8457
f 8496 8457 8495
f 8495 8457 8458
f 8472 8461 8471
f 8471 8461 8462
f 8466 8505 8465
f 8465 8505 8506
f 8465 8506 8470
f 8470 8506 8507
f 8470 8507 8469
f 8469 8507 8479
f 8469 8479 8533
f 8533 8479 8532
f 8532 8479 8480
f 8532 8480 8531
f 8531 8480 8481
f 8531 8481 8530
f 8530 8481 8482
f 8534 8468 8533
f 8533 8468 8469
f 8478 8508 8477
f 8477 8508 8509
f 8477 8509 8482
f 8482 8509 8510
f 8508 8478 8507
f 8507 8478 8479
f 8488 8520 8487
f 8487 8520 8521
f 8487 8521 8448
f 8540 8492 8539
f 8539 8492 8493
f 8430 8493 8526
f 8526 8493 8494
f 8504 8505 8466
f 8430 8526 8568
f 8568 8526 8527
f 8568 8527 8567
f 8567 8527 8528
f 8442 8542 8578
f 8578 8542 8543
f 8578 8543 8577
f 8577 8543 8544
f 8553 8582 8552
f 8552 8582 8563
f 8552 8563 8562
f 8563 8564 8438
f 8438 8564 8565
f 8438 8565 8566
f 8566 8567 8438
f 8592 8583 8591
f 8591 8583 8584
f 8591 8584 8590
f 8590 8584 8585
f 8590 8585 8589
f 8589 8585 8586
f 8589 8586 8588
f 8588 8586 8587
f 8600 8593 8599
f 8599 8593 8594
f 8599 8594 8598
f 8598 8594 8595
f 8598 8595 8597
f 8597 8595 8596
f 8601 8602 8614
f 8614 8602 8603
f 8614 8603 8605
f 8605 8603 8604
f 8614 8605 8613
f 8613 8605 8606
f 8613 8606 8612
f 8612 8606 8607
f 8612 8607 8610
f 8610 8607 8609
f 8609 8607 8608
f 8610 8611 8612
f 8615 8616 8628
f 8628 8616 8617
f 8628 8617 8619
f 8619 8617 8618
f 8628 8619 8627
f 8627 8619 8620
f 8627 8620 8626
f 8626 8620 8621
f 8626 8621 8624
f 8624 8621 8623
f 8623 8621 8622
f 8624 8625 8626
f 8630 8644 8629
f 8629 8644 8646
f 8645 8637 8636
f 8636 8637 8638
f 8636 8638 8635
f 8635 8638 8639
f 8635 8639 8634
f 8634 8639 8640
f 8634 8640 8633
f 8633 8640 8641
f 8633 8641 8632
f 8632 8641 8642
f 8632 8642 8631
f 8631 8642 8643
f 8631 8643 8630
f 8630 8643 8644
f 8654 8647 8653
f 8653 8647 8648
f 8653 8648 8652
f 8652 8648 8649
f 8652 8649 8651
f 8651 8649 8650
f 8656 8670 8655
f 8655 8670 8672
f 8671 8663 8662
f 8662 8663 8664
f 8662 8664 8661
f 8661 8664 8665
f 8661 8665 8660
f 8660 8665 8666
f 8660 8666 8659
f 8659 8666 8667
f 8659 8667 8658
f 8658 8667 8668
f 8658 8668 8657
f 8657 8668 8669
f 8657 8669 8656
f 8656 8669 8670
f 8674 8688 8673
f 8673 8688 8690
f 8689 8681 8680
f 8680 8681 8682
f 8680 8682 8679
f 8679 8682 8683
f 8679 8683 8678
f 8678 8683 8684
f 8678 8684 8677
f 8677 8684 8685
f 8677 8685 8676
f 8676 8685 8686
f 8676 8686 8675
f 8675 8686 8687
f 8675 8687 8674
f 8674 8687 8688
f 8692 8706 8691
f 8691 8706 8708
f 8707 8699 8698
f 8698 8699 8700
f 8698 8700 8697
f 8697 8700 8701
f 8697 8701 8696
f 8696 8701 8702
f 8696 8702 8695
f 8695 8702 8703
f 8695 8703 8694
f 8694 8703 8704
f 8694 8704 8693
f 8693 8704 8705
f 8693 8705 8692
f 8692 8705 8706
f 8710 8730 8709
f 8709 8730 8732
f 8731 8720 8719
f 8719 8720 8721
f 8719 8721 8718
f 8718 8721 8722
f 8718 8722 8717
f 8717 8722 8723
f 8717 8723 8716
f 8716 8723 8724
f 8716 8724 8715
f 8715 8724 8725
f 8715 8725 8714
f 8714 8725 8726
f 8714 8726 8713
f 8713 8726 8727
f 8713 8727 8712
f 8712 8727 8728
f 8712 8728 8711
f 8711 8728 8729
f 8711 8729 8710
f 8710 8729 8730
f 8734 8750 8733
f 8733 8750 8752
f 8751 8742 8741
f 8741 8742 8743
f 8741 8743 8740
f 8740 8743 8744
f 8740 8744 8739
f 8739 8744 8745
f 8739 8745 8738
f 8738 8745 8746
f 8738 8746 8737
f 8737 8746 8747
f 8737 8747 8736
f 8736 8747 8748
f 8736 8748 8735
f 8735 8748 8749
f 8735 8749 8734
f 8734 8749 8750
f 8754 8774 8753
f 8753 8774 8776
f 8775 8764 8763
f 8763 8764 8765
f 8763 8765 8762
f 8762 8765 8766
f 8762 8766 8761
f 8761 8766 8767
f 8761 8767 8760
f 8760 8767 8768
f 8760 8768 8759
f 8759 8768 8769
f 8759 8769 8758
f 8758 8769 8770
f 8758 8770 8757
f 8757 8770 8771
f 8757 8771 8756
f 8756 8771 8772
f 8756 8772 8755
f 8755 8772 8773
f 8755 8773 8754
f 8754 8773 8774
f 8778 8794 8777
f 8777 8794 8796
f 8795 8786 8785
f 8785 8786 8787
f 8785 8787 8784
f 8784 8787 8788
f 8784 8788 8783
f 8783 8788 8789
f 8783 8789 8782
f 8782 8789 8790
f 8782 8790 8781
f 8781 8790 8791
f 8781 8791 8780
f 8780 8791 8792
f 8780 8792 8779
f 8779 8792 8793
f 8779 8793 8778
f 8778 8793 8794
f 8798 8811 8797
f 8797 8811 8803
f 8797 8803 8804
f 8811 8798 8810
f 8810 8798 8799
f 8810 8799 8809
f 8809 8799 8808
f 8808 8799 8800
f 8808 8800 8807
f 8807 8800 8801
f 8807 8801 8806
f 8806 8801 8805
f 8805 8801 8802
f 8805 8802 8804
f 8804 8802 8797
f 8813 8833 8812
f 8812 8833 8835
f 8834 8823 8822
f 8822 8823 8824
f 8822 8824 8821
f 8821 8824 8825
f 8821 8825 8820
f 8820 8825 8826
f 8820 8826 8819
f 8819 8826 8827
f 8819 8827 8818
f 8818 8827 8828
f 8818 8828 8817
f 8817 8828 8829
f 8817 8829 8816
f 8816 8829 8830
f 8816 8830 8815
f 8815 8830 8831
f 8815 8831 8814
f 8814 8831 8832
f 8814 8832 8813
f 8813 8832 8833
f 8837 8853 8836
f 8836 8853 8855
f 8854 8845 8844
f 8844 8845 8846
f 8844 8846 8843
f 8843 8846 8847
f 8843 8847 8842
f 8842 8847 8848
f 8842 8848 8841
f 8841 8848 8849
f 8841 8849 8840
f 8840 8849 8850
f 8840 8850 8839
f 8839 8850 8851
f 8839 8851 8838
f 8838 8851 8852
f 8838 8852 8837
f 8837 8852 8853
f 8857 8870 8856
f 8856 8870 8862
f 8856 8862 8863
f 8870 8857 8869
f 8869 8857 8858
f 8869 8858 8868
f 8868 8858 8867
f 8867 8858 8859
f 8867 8859 8866
f 8866 8859 8860
f 8866 8860 8865
f 8865 8860 8864
f 8864 8860 8861
f 8864 8861 8863
f 8863 8861 8856
f 8872 8892 8871
f 8871 8892 8894
f 8893 8882 8881
f 8881 8882 8883
f 8881 8883 8880
f 8880 8883 8884
f 8880 8884 8879
f 8879 8884 8885
f 8879 8885 8878
f 8878 8885 8886
f 8878 8886 8877
f 8877 8886 8887
f 8877 8887 8876
f 8876 8887 8888
f 8876 8888 8875
f 8875 8888 8889
f 8875 8889 8874
f 8874 8889 8890
f 8874 8890 8873
f 8873 8890 8891
f 8873 8891 8872
f 8872 8891 8892
f 8896 8912 8895
f 8895 8912 8914
f 8913 8904 8903
f 8903 8904 8905
f 8903 8905 8902
f 8902 8905 8906
f 8902 8906 8901
f 8901 8906 8907
f 8901 8907 8900
f 8900 8907 8908
f 8900 8908 8899
f 8899 8908 8909
f 8899 8909 8898
f 8898 8909 8910
f 8898 8910 8897
f 8897 8910 8911
f 8897 8911 8896
f 8896 8911 8912
f 8916 8929 8915
f 8915 8929 8921
f 8915 8921 8922
f 8929 8916 8928
f 8928 8916 8917
f 8928 8917 8927
f 8927 8917 8926
f 8926 8917 8918
f 8926 8918 8925
f 8925 8918 8919
f 8925 8919 8924
f 8924 8919 8923
f 8923 8919 8920
f 8923 8920 8922
f 8922 8920 8915
f 8931 8941 8930
f 8930 8941 8942
f 8943 8936 8935
f 8935 8936 8937
f 8935 8937 8934
f 8934 8937 8938
f 8934 8938 8933
f 8933 8938 8939
f 8933 8939 8932
f 8932 8939 8940
f 8932 8940 8931
f 8931 8940 8941
f 8945 8961 8944
f 8944 8961 8963
f 8962 8953 8952
f 8952 8953 8954
f 8952 8954 8951
f 8951 8954 8955
f 8951 8955 8950
f 8950 8955 8956
f 8950 8956 8949
f 8949 8956 8957
f 8949 8957 8948
f 8948 8957 8958
f 8948 8958 8947
f 8947 8958 8959
f 8947 8959 8946
f 8946 8959 8960
f 8946 8960 8945
f 8945 8960 8961
f 8965 8978 8964
f 8964 8978 8970
f 8964 8970 8971
f 8978 8965 8977
f 8977 8965 8966
f 8977 8966 8976
f 8976 8966 8975
f 8975 8966 8967
f 8975 8967 8974
f 8974 8967 8968
f 8974 8968 8973
f 8973 8968 8972
f 8972 8968 8969
f 8972 8969 8971
f 8971 8969 8964
f 8980 8990 8979
f 8979 8990 8991
f 8992 8985 8984
f 8984 8985 8986
f 8984 8986 8983
f 8983 8986 8987
f 8983 8987 8982
f 8982 8987 8988
f 8982 8988 8981
f 8981 8988 8989
f 8981 8989 8980
f 8980 8989 8990
f 8994 9010 8993
f 8993 9010 9012
f 9011 9002 9001
f 9001 9002 9003
f 9001 9003 9000
f 9000 9003 9004
f 9000 9004 8999
f 8999 9004 9005
f 8999 9005 8998
f 8998 9005 9006
f 8998 9006 8997
f 8997 9006 9007
f 8997 9007 8996
f 8996 9007 9008
f 8996 9008 8995
f 8995 9008 9009
f 8995 9009 8994
f 8994 9009 9010
f 9014 9027 9013
f 9013 9027 9019
f 9013 9019 9020
f 9027 9014 9026
f 9026 9014 9015
f 9026 9015 9025
f 9025 9015 9024
f 9024 9015 9016
f 9024 9016 9023
f 9023 9016 9017
f 9023 9017 9022
f 9022 9017 9021
f 9021 9017 9018
f 9021 9018 9020
f 9020 9018 9013
f 9029 9039 9028
f 9028 9039 9040
f 9041 9034 9033
f 9033 9034 9035
f 9033 9035 9032
f 9032 9035 9036
f 9032 9036 9031
f 9031 9036 9037
f 9031 9037 9030
f 9030 9037 9038
f 9030 9038 9029
f 9029 9038 9039
f 9043 9059 9042
f 9042 9059 9061
f 9060 9051 9050
f 9050 9051 9052
f 9050 9052 9049
f 9049 9052 9053
f 9049 9053 9048
f 9048 9053 9054
f 9048 9054 9047
f 9047 9054 9055
f 9047 9055 9046
f 9046 9055 9056
f 9046 9056 9045
f 9045 9056 9057
f 9045 9057 9044
f 9044 9057 9058
f 9044 9058 9043
f 9043 9058 9059
f 9063 9076 9062
f 9062 9076 9068
f 9062 9068 9069
f 9076 9063 9075
f 9075 9063 9064
f 9075 9064 9074
f 9074 9064 9073
f 9073 9064 9065
f 9073 9065 9072
f 9072 9065 9066
f 9072 9066 9071
f 9071 9066 9070
f 9070 9066 9067
f 9070 9067 9069
f 9069 9067 9062
f 9078 9088 9077
f 9077 9088 9089
f 9090 9083 9082
f 9082 9083 9084
f 9082 9084 9081
f 9081 9084 9085
f 9081 9085 9080
f 9080 9085 9086
f 9080 9086 9079
f 9079 9086 9087
f 9079 9087 9078
f 9078 9087 9088
f 9092 9108 9091
f 9091 9108 9110
f 9109 9100 9099
f 9099 9100 9101
f 9099 9101 9098
f 9098 9101 9102
f 9098 9102 9097
f 9097 9102 9103
f 9097 9103 9096
f 9096 9103 9104
f 9096 9104 9095
f 9095 9104 9105
f 9095 9105 9094
f 9094 9105 9106
f 9094 9106 9093
f 9093 9106 9107
f 9093 9107 9092
f 9092 9107 9108
f 9112 9125 9111
f 9111 9125 9117
f 9111 9117 9118
f 9125 9112 9124
f 9124 9112 9113
f 9124 9113 9123
f 9123 9113 9122
f 9122 9113 9114
f 9122 9114 9121
f 9121 9114 9115
f 9121 9115 9120
f 9120 9115 9119
f 9119 9115 9116
f 9119 9116 9118
f 9118 9116 9111
f 9127 9137 9126
f 9126 9137 9138
f 9139 9132 9131
f 9131 9132 9133
f 9131 9133 9130
f 9130 9133 9134
f 9130 9134 9129
f 9129 9134 9135
f 9129 9135 9128
f 9128 9135 9136
f 9128 9136 9127
f 9127 9136 9137
f 9141 9187 9140
f 9140 9187 9189
f 9188 9164 9163
f 9163 9164 9165
f 9163 9165 9162
f 9162 9165 9166
f 9162 9166 9161
f 9161 9166 9167
f 9161 9167 9160
f 9160 9167 9168
f 9160 9168 9159
f 9159 9168 9169
f 9159 9169 9158
f 9158 9169 9170
f 9158 9170 9157
f 9157 9170 9171
f 9157 9171 9156
f 9156 9171 9172
f 9156 9172 9155
f 9155 9172 9173
f 9155 9173 9154
f 9154 9173 9174
f 9154 9174 9153
f 9153 9174 9175
f 9153 9175 9152
f 9152 9175 9176
f 9152 9176 9151
f 9151 9176 9177
f 9151 9177 9150
f 9150 9177 9178
f 9150 9178 9149
f 9149 9178 9179
f 9149 9179 9148
f 9148 9179 9180
f 9148 9180 9147
f 9147 9180 9181
f 9147 9181 9146
f 9146 9181 9182
f 9146 9182 9145
f 9145 9182 9183
f 9145 9183 9144
f 9144 9183 9184
f 9144 9184 9143
f 9143 9184 9185
f 9143 9185 9142
f 9142 9185 9186
f 9142 9186 9141
f 9141 9186 9187
f 9191 9204 9190
f 9190 9204 9196
f 9190 9196 9197
f 9204 9191 9203
f 9203 9191 9192
f 9203 9192 9202
f 9202 9192 9201
f 9201 9192 9193
f 9201 9193 9200
f 9200 9193 9194
f 9200 9194 9199
f 9199 9194 9198
f 9198 9194 9195
f 9198 9195 9197
f 9197 9195 9190
f 9206 9216 9205
f 9205 9216 9217
f 9218 9211 9210
f 9210 9211 9212
f 9210 9212 9209
f 9209 9212 9213
f 9209 9213 9208
f 9208 9213 9214
f 9208 9214 9207
f 9207 9214 9215
f 9207 9215 9206
f 9206 9215 9216
f 9220 9230 9219
f 9219 9230 9231
f 9232 9225 9224
f 9224 9225 9226
f 9224 9226 9223
f 9223 9226 9227
f 9223 9227 9222
f 9222 9227 9228
f 9222 9228 9221
f 9221 9228 9229
f 9221 9229 9220
f 9220 9229 9230
f 9234 9244 9233
f 9233 9244 9245
f 9246 9239 9238
f 9238 9239 9240
f 9238 9240 9237
f 9237 9240 9241
f 9237 9241 9236
f 9236 9241 9242
f 9236 9242 9235
f 9235 9242 9243
f 9235 9243 9234
f 9234 9243 9244
