v -0.2295800018 0.08050000191 0.03799999952
v -0.2295800018 0.08050000191 0.6379999924
v -0.2345000076 0.08050000191 0.6379999924
v -0.2345000076 0.08050000191 0.03799999952
v -0.2204199982 0.1005000019 0.03799999952
v -0.2204199982 0.1005000019 0.6379999924
v -0.2154999924 0.1005000019 0.6379999924
v -0.2154999924 0.1005000019 0.03799999952
v -0.221875 0.09869999886 0.03799999952
v -0.2195000076 0.09869999886 0.03799999952
v -0.2195000076 0.09869999886 0.6379999924
v -0.221875 0.09869999886 0.6379999924
v -0.2335449982 0.09362500191 0.03799999952
v -0.2331999969 0.09362500191 0.03799999952
v -0.2331999969 0.09362500191 0.6379999924
v -0.2335449982 0.09362500191 0.6379999924
v -0.2304999924 0.0839393425 0.03799999952
v -0.2278393364 0.08659999847 0.03799999952
v -0.2278393364 0.08659999847 0.6379999924
v -0.2304999924 0.0839393425 0.6379999924
v -0.215 0.08592000008 0.03799999952
v -0.2164550018 0.08737500191 0.03799999952
v -0.2164550018 0.08737500191 0.6379999924
v -0.215 0.08592000008 0.6379999924
v -0.2331999969 0.09362500191 0.03799999952
v -0.2331999969 0.09600000381 0.03799999952
v -0.2331999969 0.09600000381 0.6379999924
v -0.2331999969 0.09362500191 0.6379999924
v -0.228125 0.08229999542 0.03799999952
v -0.2304999924 0.08229999542 0.03799999952
v -0.2304999924 0.08229999542 0.6379999924
v -0.228125 0.08229999542 0.6379999924
v -0.2195000076 0.09706066132 0.03799999952
v -0.2221606636 0.0943999958 0.03799999952
v -0.2221606636 0.0943999958 0.6379999924
v -0.2195000076 0.09706066132 0.6379999924
v -0.2221606636 0.0943999958 0.03799999952
v -0.2247900009 0.0943999958 0.03799999952
v -0.2247900009 0.0943999958 0.6379999924
v -0.2221606636 0.0943999958 0.6379999924
v -0.2168000031 0.085 0.03799999952
v -0.2184393311 0.085 0.03799999952
v -0.2184393311 0.085 0.6379999924
v -0.2168000031 0.085 0.6379999924
v -0.2168000031 0.08737500191 0.03799999952
v -0.2168000031 0.085 0.03799999952
v -0.2168000031 0.085 0.6379999924
v -0.2168000031 0.08737500191 0.6379999924
v -0.2315606689 0.09600000381 0.03799999952
v -0.2288999939 0.0933393383 0.03799999952
v -0.2288999939 0.0933393383 0.6379999924
v -0.2315606689 0.09600000381 0.6379999924
v -0.2164550018 0.08737500191 0.03799999952
v -0.2168000031 0.08737500191 0.03799999952
v -0.2168000031 0.08737500191 0.6379999924
v -0.2164550018 0.08737500191 0.6379999924
v -0.2331999969 0.09600000381 0.03799999952
v -0.2315606689 0.09600000381 0.03799999952
v -0.2315606689 0.09600000381 0.6379999924
v -0.2331999969 0.09600000381 0.6379999924
v -0.2304999924 0.08229999542 0.03799999952
v -0.2304999924 0.0839393425 0.03799999952
v -0.2304999924 0.0839393425 0.6379999924
v -0.2304999924 0.08229999542 0.6379999924
v -0.2288999939 0.0933393383 0.03799999952
v -0.2288999939 0.09071000099 0.03799999952
v -0.2288999939 0.09071000099 0.6379999924
v -0.2288999939 0.0933393383 0.6379999924
v -0.2195000076 0.09869999886 0.03799999952
v -0.2195000076 0.09706066132 0.03799999952
v -0.2195000076 0.09706066132 0.6379999924
v -0.2195000076 0.09869999886 0.6379999924
v -0.2247900009 0.0943999958 0.03799999952
v -0.225 0.09418999672 0.03799999952
v -0.225 0.09418999672 0.6379999924
v -0.2247900009 0.0943999958 0.6379999924
v -0.235 0.09508000374 0.03799999952
v -0.2335449982 0.09362500191 0.03799999952
v -0.2335449982 0.09362500191 0.6379999924
v -0.235 0.09508000374 0.6379999924
v -0.2278393364 0.08659999847 0.03799999952
v -0.2252099991 0.08659999847 0.03799999952
v -0.2252099991 0.08659999847 0.6379999924
v -0.2278393364 0.08659999847 0.6379999924
v -0.228125 0.08195500374 0.03799999952
v -0.228125 0.08229999542 0.03799999952
v -0.228125 0.08229999542 0.6379999924
v -0.228125 0.08195500374 0.6379999924
v -0.2295800018 0.08050000191 0.03799999952
v -0.228125 0.08195500374 0.03799999952
v -0.228125 0.08195500374 0.6379999924
v -0.2295800018 0.08050000191 0.6379999924
v -0.2270999908 0.09050000191 0.6379999924
v -0.2263093376 0.0888581562 0.6379999924
v -0.2245326996 0.08845265388 0.6379999924
v -0.2231079674 0.08958884239 0.6379999924
v -0.2231079674 0.09141115189 0.6379999924
v -0.2245326996 0.09254734993 0.6379999924
v -0.2263093376 0.09214184761 0.6379999924
v -0.2270999908 0.09050000191 0.03799999952
v -0.2263093376 0.09214184761 0.03799999952
v -0.2245326996 0.09254734993 0.03799999952
v -0.2231079674 0.09141115189 0.03799999952
v -0.2231079674 0.08958884239 0.03799999952
v -0.2245326996 0.08845265388 0.03799999952
v -0.2263093376 0.0888581562 0.03799999952
v -0.2270999908 0.09050000191 0.6379999924
v -0.2270999908 0.09050000191 0.03799999952
v -0.2204199982 0.1005000019 0.03799999952
v -0.221875 0.09904500008 0.03799999952
v -0.221875 0.09904500008 0.6379999924
v -0.2204199982 0.1005000019 0.6379999924
v -0.221875 0.09904500008 0.03799999952
v -0.221875 0.09869999886 0.03799999952
v -0.221875 0.09869999886 0.6379999924
v -0.221875 0.09904500008 0.6379999924
v -0.235 0.08592000008 0.6379999924
v -0.235 0.08592000008 0.03799999952
v -0.235 0.08100000381 0.03799999952
v -0.235 0.08100000381 0.6379999924
v -0.2270999908 0.09050000191 0.03799999952
v -0.2263093376 0.0888581562 0.03799999952
v -0.2245326996 0.08845265388 0.03799999952
v -0.2231079674 0.08958884239 0.03799999952
v -0.2231079674 0.09141115189 0.03799999952
v -0.2245326996 0.09254734993 0.03799999952
v -0.2263093376 0.09214184761 0.03799999952
v -0.2295800018 0.1005000019 0.03799999952
v -0.228125 0.09904500008 0.03799999952
v -0.228125 0.09869999886 0.03799999952
v -0.2304999924 0.09869999886 0.03799999952
v -0.2304999924 0.09706066132 0.03799999952
v -0.2278393364 0.0943999958 0.03799999952
v -0.2252099991 0.0943999958 0.03799999952
v -0.225 0.09418999672 0.03799999952
v -0.2247900009 0.0943999958 0.03799999952
v -0.2221606636 0.0943999958 0.03799999952
v -0.2195000076 0.09706066132 0.03799999952
v -0.2195000076 0.09869999886 0.03799999952
v -0.221875 0.09869999886 0.03799999952
v -0.221875 0.09904500008 0.03799999952
v -0.2204199982 0.1005000019 0.03799999952
v -0.2154999924 0.1005000019 0.03799999952
v -0.2152499962 0.1004330158 0.03799999952
v -0.2150669861 0.1002499962 0.03799999952
v -0.215 0.1 0.03799999952
v -0.215 0.09508000374 0.03799999952
v -0.2164550018 0.09362500191 0.03799999952
v -0.2168000031 0.09362500191 0.03799999952
v -0.2168000031 0.09600000381 0.03799999952
v -0.2184393311 0.09600000381 0.03799999952
v -0.2211000061 0.0933393383 0.03799999952
v -0.2211000061 0.09071000099 0.03799999952
v -0.2213100052 0.09050000191 0.03799999952
v -0.2211000061 0.09029000282 0.03799999952
v -0.2211000061 0.08766065598 0.03799999952
v -0.2184393311 0.085 0.03799999952
v -0.2168000031 0.085 0.03799999952
v -0.2168000031 0.08737500191 0.03799999952
v -0.2164550018 0.08737500191 0.03799999952
v -0.215 0.08592000008 0.03799999952
v -0.215 0.08100000381 0.03799999952
v -0.2150669861 0.08074999809 0.03799999952
v -0.2152499962 0.08056698799 0.03799999952
v -0.2154999924 0.08050000191 0.03799999952
v -0.2204199982 0.08050000191 0.03799999952
v -0.221875 0.08195500374 0.03799999952
v -0.221875 0.08229999542 0.03799999952
v -0.2195000076 0.08229999542 0.03799999952
v -0.2195000076 0.0839393425 0.03799999952
v -0.2221606636 0.08659999847 0.03799999952
v -0.2247900009 0.08659999847 0.03799999952
v -0.225 0.08680999756 0.03799999952
v -0.2252099991 0.08659999847 0.03799999952
v -0.2278393364 0.08659999847 0.03799999952
v -0.2304999924 0.0839393425 0.03799999952
v -0.2304999924 0.08229999542 0.03799999952
v -0.228125 0.08229999542 0.03799999952
v -0.228125 0.08195500374 0.03799999952
v -0.2295800018 0.08050000191 0.03799999952
v -0.2345000076 0.08050000191 0.03799999952
v -0.2347500038 0.08056698799 0.03799999952
v -0.2349330139 0.08074999809 0.03799999952
v -0.235 0.08100000381 0.03799999952
v -0.235 0.08592000008 0.03799999952
v -0.2335449982 0.08737500191 0.03799999952
v -0.2331999969 0.08737500191 0.03799999952
v -0.2331999969 0.085 0.03799999952
v -0.2315606689 0.085 0.03799999952
v -0.2288999939 0.08766065598 0.03799999952
v -0.2288999939 0.09029000282 0.03799999952
v -0.2286899948 0.09050000191 0.03799999952
v -0.2288999939 0.09071000099 0.03799999952
v -0.2288999939 0.0933393383 0.03799999952
v -0.2315606689 0.09600000381 0.03799999952
v -0.2331999969 0.09600000381 0.03799999952
v -0.2331999969 0.09362500191 0.03799999952
v -0.2335449982 0.09362500191 0.03799999952
v -0.235 0.09508000374 0.03799999952
v -0.235 0.1 0.03799999952
v -0.2349330139 0.1002499962 0.03799999952
v -0.2347500038 0.1004330158 0.03799999952
v -0.2345000076 0.1005000019 0.03799999952
v -0.215 0.08592000008 0.03799999952
v -0.215 0.08592000008 0.6379999924
v -0.215 0.08100000381 0.6379999924
v -0.215 0.08100000381 0.03799999952
v -0.2304999924 0.09869999886 0.03799999952
v -0.228125 0.09869999886 0.03799999952
v -0.228125 0.09869999886 0.6379999924
v -0.2304999924 0.09869999886 0.6379999924
v -0.2331999969 0.085 0.03799999952
v -0.2331999969 0.08737500191 0.03799999952
v -0.2331999969 0.08737500191 0.6379999924
v -0.2331999969 0.085 0.6379999924
v -0.2315606689 0.085 0.03799999952
v -0.2331999969 0.085 0.03799999952
v -0.2331999969 0.085 0.6379999924
v -0.2315606689 0.085 0.6379999924
v -0.2288999939 0.08766065598 0.03799999952
v -0.2315606689 0.085 0.03799999952
v -0.2315606689 0.085 0.6379999924
v -0.2288999939 0.08766065598 0.6379999924
v -0.2211000061 0.09071000099 0.03799999952
v -0.2211000061 0.0933393383 0.03799999952
v -0.2211000061 0.0933393383 0.6379999924
v -0.2211000061 0.09071000099 0.6379999924
v -0.2304999924 0.09706066132 0.03799999952
v -0.2304999924 0.09869999886 0.03799999952
v -0.2304999924 0.09869999886 0.6379999924
v -0.2304999924 0.09706066132 0.6379999924
v -0.2213100052 0.09050000191 0.03799999952
v -0.2211000061 0.09071000099 0.03799999952
v -0.2211000061 0.09071000099 0.6379999924
v -0.2213100052 0.09050000191 0.6379999924
v -0.2168000031 0.09600000381 0.03799999952
v -0.2168000031 0.09362500191 0.03799999952
v -0.2168000031 0.09362500191 0.6379999924
v -0.2168000031 0.09600000381 0.6379999924
v -0.2184393311 0.09600000381 0.03799999952
v -0.2168000031 0.09600000381 0.03799999952
v -0.2168000031 0.09600000381 0.6379999924
v -0.2184393311 0.09600000381 0.6379999924
v -0.2195000076 0.0839393425 0.03799999952
v -0.2195000076 0.08229999542 0.03799999952
v -0.2195000076 0.08229999542 0.6379999924
v -0.2195000076 0.0839393425 0.6379999924
v -0.2331999969 0.08737500191 0.03799999952
v -0.2335449982 0.08737500191 0.03799999952
v -0.2335449982 0.08737500191 0.6379999924
v -0.2331999969 0.08737500191 0.6379999924
v -0.2221606636 0.08659999847 0.03799999952
v -0.2195000076 0.0839393425 0.03799999952
v -0.2195000076 0.0839393425 0.6379999924
v -0.2221606636 0.08659999847 0.6379999924
v -0.2211000061 0.0933393383 0.03799999952
v -0.2184393311 0.09600000381 0.03799999952
v -0.2184393311 0.09600000381 0.6379999924
v -0.2211000061 0.0933393383 0.6379999924
v -0.2168000031 0.09362500191 0.03799999952
v -0.2164550018 0.09362500191 0.03799999952
v -0.2164550018 0.09362500191 0.6379999924
v -0.2168000031 0.09362500191 0.6379999924
v -0.2195000076 0.08229999542 0.03799999952
v -0.221875 0.08229999542 0.03799999952
v -0.221875 0.08229999542 0.6379999924
v -0.2195000076 0.08229999542 0.6379999924
v -0.2295800018 0.1005000019 0.6379999924
v -0.2295800018 0.1005000019 0.03799999952
v -0.2345000076 0.1005000019 0.03799999952
v -0.2345000076 0.1005000019 0.6379999924
v -0.2204199982 0.08050000191 0.6379999924
v -0.2204199982 0.08050000191 0.03799999952
v -0.2154999924 0.08050000191 0.03799999952
v -0.2154999924 0.08050000191 0.6379999924
v -0.235 0.1 0.6379999924
v -0.2349330139 0.1002499962 0.6379999924
v -0.2347500038 0.1004330158 0.6379999924
v -0.2345000076 0.1005000019 0.6379999924
v -0.2345000076 0.1005000019 0.03799999952
v -0.2347500038 0.1004330158 0.03799999952
v -0.2349330139 0.1002499962 0.03799999952
v -0.235 0.1 0.03799999952
v -0.2288999939 0.09071000099 0.03799999952
v -0.2286899948 0.09050000191 0.03799999952
v -0.2286899948 0.09050000191 0.6379999924
v -0.2288999939 0.09071000099 0.6379999924
v -0.2164550018 0.09362500191 0.03799999952
v -0.215 0.09508000374 0.03799999952
v -0.215 0.09508000374 0.6379999924
v -0.2164550018 0.09362500191 0.6379999924
v -0.2211000061 0.09029000282 0.03799999952
v -0.2213100052 0.09050000191 0.03799999952
v -0.2213100052 0.09050000191 0.6379999924
v -0.2211000061 0.09029000282 0.6379999924
v -0.2278393364 0.0943999958 0.03799999952
v -0.2304999924 0.09706066132 0.03799999952
v -0.2304999924 0.09706066132 0.6379999924
v -0.2278393364 0.0943999958 0.6379999924
v -0.228125 0.09869999886 0.03799999952
v -0.228125 0.09904500008 0.03799999952
v -0.228125 0.09904500008 0.6379999924
v -0.228125 0.09869999886 0.6379999924
v -0.225 0.08680999756 0.03799999952
v -0.2247900009 0.08659999847 0.03799999952
v -0.2247900009 0.08659999847 0.6379999924
v -0.225 0.08680999756 0.6379999924
v -0.2252099991 0.08659999847 0.03799999952
v -0.225 0.08680999756 0.03799999952
v -0.225 0.08680999756 0.6379999924
v -0.2252099991 0.08659999847 0.6379999924
v -0.2335449982 0.08737500191 0.03799999952
v -0.235 0.08592000008 0.03799999952
v -0.235 0.08592000008 0.6379999924
v -0.2335449982 0.08737500191 0.6379999924
v -0.225 0.09418999672 0.03799999952
v -0.2252099991 0.0943999958 0.03799999952
v -0.2252099991 0.0943999958 0.6379999924
v -0.225 0.09418999672 0.6379999924
v -0.221875 0.08229999542 0.03799999952
v -0.221875 0.08195500374 0.03799999952
v -0.221875 0.08195500374 0.6379999924
v -0.221875 0.08229999542 0.6379999924
v -0.2286899948 0.09050000191 0.03799999952
v -0.2288999939 0.09029000282 0.03799999952
v -0.2288999939 0.09029000282 0.6379999924
v -0.2286899948 0.09050000191 0.6379999924
v -0.2247900009 0.08659999847 0.03799999952
v -0.2221606636 0.08659999847 0.03799999952
v -0.2221606636 0.08659999847 0.6379999924
v -0.2247900009 0.08659999847 0.6379999924
v -0.2252099991 0.0943999958 0.03799999952
v -0.2278393364 0.0943999958 0.03799999952
v -0.2278393364 0.0943999958 0.6379999924
v -0.2252099991 0.0943999958 0.6379999924
v -0.228125 0.09904500008 0.03799999952
v -0.2295800018 0.1005000019 0.03799999952
v -0.2295800018 0.1005000019 0.6379999924
v -0.228125 0.09904500008 0.6379999924
v -0.221875 0.08195500374 0.03799999952
v -0.2204199982 0.08050000191 0.03799999952
v -0.2204199982 0.08050000191 0.6379999924
v -0.221875 0.08195500374 0.6379999924
v -0.2184393311 0.085 0.03799999952
v -0.2211000061 0.08766065598 0.03799999952
v -0.2211000061 0.08766065598 0.6379999924
v -0.2184393311 0.085 0.6379999924
v -0.2288999939 0.09029000282 0.03799999952
v -0.2288999939 0.08766065598 0.03799999952
v -0.2288999939 0.08766065598 0.6379999924
v -0.2288999939 0.09029000282 0.6379999924
v -0.2211000061 0.08766065598 0.03799999952
v -0.2211000061 0.09029000282 0.03799999952
v -0.2211000061 0.09029000282 0.6379999924
v -0.2211000061 0.08766065598 0.6379999924
v -0.2154999924 0.1005000019 0.6379999924
v -0.2152499962 0.1004330158 0.6379999924
v -0.2150669861 0.1002499962 0.6379999924
v -0.215 0.1 0.6379999924
v -0.215 0.1 0.03799999952
v -0.2150669861 0.1002499962 0.03799999952
v -0.2152499962 0.1004330158 0.03799999952
v -0.2154999924 0.1005000019 0.03799999952
v -0.215 0.09508000374 0.6379999924
v -0.215 0.09508000374 0.03799999952
v -0.215 0.1 0.03799999952
v -0.215 0.1 0.6379999924
v -0.228125 0.09904500008 0.6379999924
v -0.2295800018 0.1005000019 0.6379999924
v -0.2345000076 0.1005000019 0.6379999924
v -0.2347500038 0.1004330158 0.6379999924
v -0.2349330139 0.1002499962 0.6379999924
v -0.235 0.1 0.6379999924
v -0.235 0.09508000374 0.6379999924
v -0.2335449982 0.09362500191 0.6379999924
v -0.2331999969 0.09362500191 0.6379999924
v -0.2331999969 0.09600000381 0.6379999924
v -0.2315606689 0.09600000381 0.6379999924
v -0.2288999939 0.0933393383 0.6379999924
v -0.2288999939 0.09071000099 0.6379999924
v -0.2286899948 0.09050000191 0.6379999924
v -0.2288999939 0.09029000282 0.6379999924
v -0.2288999939 0.08766065598 0.6379999924
v -0.2315606689 0.085 0.6379999924
v -0.2331999969 0.085 0.6379999924
v -0.2331999969 0.08737500191 0.6379999924
v -0.2335449982 0.08737500191 0.6379999924
v -0.235 0.08592000008 0.6379999924
v -0.235 0.08100000381 0.6379999924
v -0.2349330139 0.08074999809 0.6379999924
v -0.2347500038 0.08056698799 0.6379999924
v -0.2345000076 0.08050000191 0.6379999924
v -0.2295800018 0.08050000191 0.6379999924
v -0.228125 0.08195500374 0.6379999924
v -0.228125 0.08229999542 0.6379999924
v -0.2304999924 0.08229999542 0.6379999924
v -0.2304999924 0.0839393425 0.6379999924
v -0.2278393364 0.08659999847 0.6379999924
v -0.2252099991 0.08659999847 0.6379999924
v -0.225 0.08680999756 0.6379999924
v -0.2247900009 0.08659999847 0.6379999924
v -0.2221606636 0.08659999847 0.6379999924
v -0.2195000076 0.0839393425 0.6379999924
v -0.2195000076 0.08229999542 0.6379999924
v -0.221875 0.08229999542 0.6379999924
v -0.221875 0.08195500374 0.6379999924
v -0.2204199982 0.08050000191 0.6379999924
v -0.2154999924 0.08050000191 0.6379999924
v -0.2152499962 0.08056698799 0.6379999924
v -0.2150669861 0.08074999809 0.6379999924
v -0.215 0.08100000381 0.6379999924
v -0.215 0.08592000008 0.6379999924
v -0.2164550018 0.08737500191 0.6379999924
v -0.2168000031 0.08737500191 0.6379999924
v -0.2168000031 0.085 0.6379999924
v -0.2184393311 0.085 0.6379999924
v -0.2211000061 0.08766065598 0.6379999924
v -0.2211000061 0.09029000282 0.6379999924
v -0.2213100052 0.09050000191 0.6379999924
v -0.2211000061 0.09071000099 0.6379999924
v -0.2211000061 0.0933393383 0.6379999924
v -0.2184393311 0.09600000381 0.6379999924
v -0.2168000031 0.09600000381 0.6379999924
v -0.2168000031 0.09362500191 0.6379999924
v -0.2164550018 0.09362500191 0.6379999924
v -0.215 0.09508000374 0.6379999924
v -0.215 0.1 0.6379999924
v -0.2150669861 0.1002499962 0.6379999924
v -0.2152499962 0.1004330158 0.6379999924
v -0.2154999924 0.1005000019 0.6379999924
v -0.2204199982 0.1005000019 0.6379999924
v -0.221875 0.09904500008 0.6379999924
v -0.221875 0.09869999886 0.6379999924
v -0.2195000076 0.09869999886 0.6379999924
v -0.2195000076 0.09706066132 0.6379999924
v -0.2221606636 0.0943999958 0.6379999924
v -0.2247900009 0.0943999958 0.6379999924
v -0.225 0.09418999672 0.6379999924
v -0.2252099991 0.0943999958 0.6379999924
v -0.2278393364 0.0943999958 0.6379999924
v -0.2304999924 0.09706066132 0.6379999924
v -0.2304999924 0.09869999886 0.6379999924
v -0.228125 0.09869999886 0.6379999924
v -0.2270999908 0.09050000191 0.6379999924
v -0.2263093376 0.09214184761 0.6379999924
v -0.2245326996 0.09254734993 0.6379999924
v -0.2231079674 0.09141115189 0.6379999924
v -0.2231079674 0.08958884239 0.6379999924
v -0.2245326996 0.08845265388 0.6379999924
v -0.2263093376 0.0888581562 0.6379999924
v -0.2345000076 0.08050000191 0.6379999924
v -0.2347500038 0.08056698799 0.6379999924
v -0.2349330139 0.08074999809 0.6379999924
v -0.235 0.08100000381 0.6379999924
v -0.235 0.08100000381 0.03799999952
v -0.2349330139 0.08074999809 0.03799999952
v -0.2347500038 0.08056698799 0.03799999952
v -0.2345000076 0.08050000191 0.03799999952
v -0.215 0.08100000381 0.6379999924
v -0.2150669861 0.08074999809 0.6379999924
v -0.2152499962 0.08056698799 0.6379999924
v -0.2154999924 0.08050000191 0.6379999924
v -0.2154999924 0.08050000191 0.03799999952
v -0.2152499962 0.08056698799 0.03799999952
v -0.2150669861 0.08074999809 0.03799999952
v -0.215 0.08100000381 0.03799999952
v -0.235 0.09508000374 0.03799999952
v -0.235 0.09508000374 0.6379999924
v -0.235 0.1 0.6379999924
v -0.235 0.1 0.03799999952
v -0.2295800018 -0.225 0.03799999952
v -0.2295800018 0.225 0.03799999952
v -0.2345000076 0.225 0.03799999952
v -0.2345000076 -0.225 0.03799999952
v -0.215 -0.225 0.03257999897
v -0.215 0.225 0.03257999897
v -0.215 0.225 0.0375
v -0.215 -0.225 0.0375
v -0.2204199982 -0.225 0.01799999952
v -0.2204199982 0.225 0.01799999952
v -0.2154999924 0.225 0.01799999952
v -0.2154999924 -0.225 0.01799999952
v -0.235 0.225 0.03257999897
v -0.235 -0.225 0.03257999897
v -0.235 -0.225 0.0375
v -0.235 0.225 0.0375
v -0.2295800018 0.225 0.01799999952
v -0.2295800018 -0.225 0.01799999952
v -0.2345000076 -0.225 0.01799999952
v -0.2345000076 0.225 0.01799999952
v -0.2204199982 0.225 0.03799999952
v -0.2204199982 -0.225 0.03799999952
v -0.2154999924 -0.225 0.03799999952
v -0.2154999924 0.225 0.03799999952
v -0.235 0.225 0.01850000024
v -0.2349330139 0.225 0.01825000048
v -0.2347500038 0.225 0.0180669868
v -0.2345000076 0.225 0.01799999952
v -0.2345000076 -0.225 0.01799999952
v -0.2347500038 -0.225 0.0180669868
v -0.2349330139 -0.225 0.01825000048
v -0.235 -0.225 0.01850000024
v -0.2184393311 -0.225 0.03349999905
v -0.2211000061 -0.225 0.03083934069
v -0.2211000061 0.225 0.03083934069
v -0.2184393311 0.225 0.03349999905
v -0.225 -0.225 0.02430999994
v -0.2252099991 -0.225 0.02410000086
v -0.2252099991 0.225 0.02410000086
v -0.225 0.225 0.02430999994
v -0.2252099991 -0.225 0.02410000086
v -0.2278393364 -0.225 0.02410000086
v -0.2278393364 0.225 0.02410000086
v -0.2252099991 0.225 0.02410000086
v -0.2288999939 -0.225 0.02779000044
v -0.2286899948 -0.225 0.02799999952
v -0.2286899948 0.225 0.02799999952
v -0.2288999939 0.225 0.02779000044
v -0.2345000076 0.225 0.03799999952
v -0.2347500038 0.225 0.03793301344
v -0.2349330139 0.225 0.03775000095
v -0.235 0.225 0.0375
v -0.235 -0.225 0.0375
v -0.2349330139 -0.225 0.03775000095
v -0.2347500038 -0.225 0.03793301344
v -0.2345000076 -0.225 0.03799999952
v -0.221875 -0.225 0.03654500008
v -0.2204199982 -0.225 0.03799999952
v -0.2204199982 0.225 0.03799999952
v -0.221875 0.225 0.03654500008
v -0.215 0.225 0.02342000008
v -0.215 -0.225 0.02342000008
v -0.215 -0.225 0.01850000024
v -0.215 0.225 0.01850000024
v -0.2252099991 -0.225 0.03190000057
v -0.225 -0.225 0.0316899991
v -0.225 0.225 0.0316899991
v -0.2252099991 0.225 0.03190000057
v -0.215 0.225 0.0375
v -0.2150669861 0.225 0.03775000095
v -0.2152499962 0.225 0.03793301344
v -0.2154999924 0.225 0.03799999952
v -0.2154999924 -0.225 0.03799999952
v -0.2152499962 -0.225 0.03793301344
v -0.2150669861 -0.225 0.03775000095
v -0.215 -0.225 0.0375
v -0.2335449982 -0.225 0.03112499952
v -0.235 -0.225 0.03257999897
v -0.235 0.225 0.03257999897
v -0.2335449982 0.225 0.03112499952
v -0.228125 -0.225 0.01980000019
v -0.228125 -0.225 0.01945500016
v -0.228125 0.225 0.01945500016
v -0.228125 0.225 0.01980000019
v -0.2211000061 -0.225 0.02821000099
v -0.2213100052 -0.225 0.02799999952
v -0.2213100052 0.225 0.02799999952
v -0.2211000061 0.225 0.02821000099
v -0.2211000061 -0.225 0.03083934069
v -0.2211000061 -0.225 0.02821000099
v -0.2211000061 0.225 0.02821000099
v -0.2211000061 0.225 0.03083934069
v -0.2164550018 -0.225 0.02487499952
v -0.215 -0.225 0.02342000008
v -0.215 0.225 0.02342000008
v -0.2164550018 0.225 0.02487499952
v -0.2288999939 -0.225 0.03083934069
v -0.2315606689 -0.225 0.03349999905
v -0.2315606689 0.225 0.03349999905
v -0.2288999939 0.225 0.03083934069
v -0.2213100052 -0.225 0.02799999952
v -0.2211000061 -0.225 0.02779000044
v -0.2211000061 0.225 0.02779000044
v -0.2213100052 0.225 0.02799999952
v -0.2304999924 -0.225 0.02143934011
v -0.2304999924 -0.225 0.01980000019
v -0.2304999924 0.225 0.01980000019
v -0.2304999924 0.225 0.02143934011
v -0.2195000076 -0.225 0.03619999886
v -0.221875 -0.225 0.03619999886
v -0.221875 0.225 0.03619999886
v -0.2195000076 0.225 0.03619999886
v -0.2286899948 -0.225 0.02799999952
v -0.2288999939 -0.225 0.02821000099
v -0.2288999939 0.225 0.02821000099
v -0.2286899948 0.225 0.02799999952
v -0.2288999939 -0.225 0.02821000099
v -0.2288999939 -0.225 0.03083934069
v -0.2288999939 0.225 0.03083934069
v -0.2288999939 0.225 0.02821000099
v -0.2304999924 -0.225 0.01980000019
v -0.228125 -0.225 0.01980000019
v -0.228125 0.225 0.01980000019
v -0.2304999924 0.225 0.01980000019
v -0.228125 -0.225 0.01945500016
v -0.2295800018 -0.225 0.01799999952
v -0.2295800018 0.225 0.01799999952
v -0.228125 0.225 0.01945500016
v -0.225 -0.225 0.0316899991
v -0.2247900009 -0.225 0.03190000057
v -0.2247900009 0.225 0.03190000057
v -0.225 0.225 0.0316899991
v -0.221875 -0.225 0.03619999886
v -0.221875 -0.225 0.03654500008
v -0.221875 0.225 0.03654500008
v -0.221875 0.225 0.03619999886
v -0.2278393364 -0.225 0.02410000086
v -0.2304999924 -0.225 0.02143934011
v -0.2304999924 0.225 0.02143934011
v -0.2278393364 0.225 0.02410000086
v -0.2221606636 -0.225 0.03190000057
v -0.2195000076 -0.225 0.03456066132
v -0.2195000076 0.225 0.03456066132
v -0.2221606636 0.225 0.03190000057
v -0.2331999969 -0.225 0.03112499952
v -0.2335449982 -0.225 0.03112499952
v -0.2335449982 0.225 0.03112499952
v -0.2331999969 0.225 0.03112499952
v -0.2247900009 -0.225 0.03190000057
v -0.2221606636 -0.225 0.03190000057
v -0.2221606636 0.225 0.03190000057
v -0.2247900009 0.225 0.03190000057
v -0.2168000031 -0.225 0.02487499952
v -0.2164550018 -0.225 0.02487499952
v -0.2164550018 0.225 0.02487499952
v -0.2168000031 0.225 0.02487499952
v -0.2195000076 -0.225 0.03456066132
v -0.2195000076 -0.225 0.03619999886
v -0.2195000076 0.225 0.03619999886
v -0.2195000076 0.225 0.03456066132
v -0.2168000031 -0.225 0.0225
v -0.2168000031 -0.225 0.02487499952
v -0.2168000031 0.225 0.02487499952
v -0.2168000031 0.225 0.0225
v -0.2331999969 -0.225 0.03349999905
v -0.2331999969 -0.225 0.03112499952
v -0.2331999969 0.225 0.03112499952
v -0.2331999969 0.225 0.03349999905
v -0.2211000061 -0.225 0.02779000044
v -0.2211000061 -0.225 0.02516066074
v -0.2211000061 0.225 0.02516066074
v -0.2211000061 0.225 0.02779000044
v -0.2211000061 -0.225 0.02516066074
v -0.2184393311 -0.225 0.0225
v -0.2184393311 0.225 0.0225
v -0.2211000061 0.225 0.02516066074
v -0.2184393311 -0.225 0.0225
v -0.2168000031 -0.225 0.0225
v -0.2168000031 0.225 0.0225
v -0.2184393311 0.225 0.0225
v -0.2315606689 -0.225 0.03349999905
v -0.2331999969 -0.225 0.03349999905
v -0.2331999969 0.225 0.03349999905
v -0.2315606689 0.225 0.03349999905
v -0.2154999924 0.225 0.01799999952
v -0.2152499962 0.225 0.0180669868
v -0.2150669861 0.225 0.01825000048
v -0.215 0.225 0.01850000024
v -0.215 -0.225 0.01850000024
v -0.2150669861 -0.225 0.01825000048
v -0.2152499962 -0.225 0.0180669868
v -0.2154999924 -0.225 0.01799999952
v -0.228125 0.225 0.01945500016
v -0.2295800018 0.225 0.01799999952
v -0.2345000076 0.225 0.01799999952
v -0.2347500038 0.225 0.0180669868
v -0.2349330139 0.225 0.01825000048
v -0.235 0.225 0.01850000024
v -0.235 0.225 0.02342000008
v -0.2335449982 0.225 0.02487499952
v -0.2331999969 0.225 0.02487499952
v -0.2331999969 0.225 0.0225
v -0.2315606689 0.225 0.0225
v -0.2288999939 0.225 0.02516066074
v -0.2288999939 0.225 0.02779000044
v -0.2286899948 0.225 0.02799999952
v -0.2288999939 0.225 0.02821000099
v -0.2288999939 0.225 0.03083934069
v -0.2315606689 0.225 0.03349999905
v -0.2331999969 0.225 0.03349999905
v -0.2331999969 0.225 0.03112499952
v -0.2335449982 0.225 0.03112499952
v -0.235 0.225 0.03257999897
v -0.235 0.225 0.0375
v -0.2349330139 0.225 0.03775000095
v -0.2347500038 0.225 0.03793301344
v -0.2345000076 0.225 0.03799999952
v -0.2295800018 0.225 0.03799999952
v -0.228125 0.225 0.03654500008
v -0.228125 0.225 0.03619999886
v -0.2304999924 0.225 0.03619999886
v -0.2304999924 0.225 0.03456066132
v -0.2278393364 0.225 0.03190000057
v -0.2252099991 0.225 0.03190000057
v -0.225 0.225 0.0316899991
v -0.2247900009 0.225 0.03190000057
v -0.2221606636 0.225 0.03190000057
v -0.2195000076 0.225 0.03456066132
v -0.2195000076 0.225 0.03619999886
v -0.221875 0.225 0.03619999886
v -0.221875 0.225 0.03654500008
v -0.2204199982 0.225 0.03799999952
v -0.2154999924 0.225 0.03799999952
v -0.2152499962 0.225 0.03793301344
v -0.2150669861 0.225 0.03775000095
v -0.215 0.225 0.0375
v -0.215 0.225 0.03257999897
v -0.2164550018 0.225 0.03112499952
v -0.2168000031 0.225 0.03112499952
v -0.2168000031 0.225 0.03349999905
v -0.2184393311 0.225 0.03349999905
v -0.2211000061 0.225 0.03083934069
v -0.2211000061 0.225 0.02821000099
v -0.2213100052 0.225 0.02799999952
v -0.2211000061 0.225 0.02779000044
v -0.2211000061 0.225 0.02516066074
v -0.2184393311 0.225 0.0225
v -0.2168000031 0.225 0.0225
v -0.2168000031 0.225 0.02487499952
v -0.2164550018 0.225 0.02487499952
v -0.215 0.225 0.02342000008
v -0.215 0.225 0.01850000024
v -0.2150669861 0.225 0.01825000048
v -0.2152499962 0.225 0.0180669868
v -0.2154999924 0.225 0.01799999952
v -0.2204199982 0.225 0.01799999952
v -0.221875 0.225 0.01945500016
v -0.221875 0.225 0.01980000019
v -0.2195000076 0.225 0.01980000019
v -0.2195000076 0.225 0.02143934011
v -0.2221606636 0.225 0.02410000086
v -0.2247900009 0.225 0.02410000086
v -0.225 0.225 0.02430999994
v -0.2252099991 0.225 0.02410000086
v -0.2278393364 0.225 0.02410000086
v -0.2304999924 0.225 0.02143934011
v -0.2304999924 0.225 0.01980000019
v -0.228125 0.225 0.01980000019
v -0.2270999908 0.225 0.02799999952
v -0.2263093376 0.225 0.02635815382
v -0.2245326996 0.225 0.0259526515
v -0.2231079674 0.225 0.02708884478
v -0.2231079674 0.225 0.02891115665
v -0.2245326996 0.225 0.03004734755
v -0.2263093376 0.225 0.02964184523
v -0.235 -0.225 0.02342000008
v -0.235 0.225 0.02342000008
v -0.235 0.225 0.01850000024
v -0.235 -0.225 0.01850000024
v -0.2270999908 -0.225 0.02799999952
v -0.2263093376 -0.225 0.02964184523
v -0.2245326996 -0.225 0.03004734755
v -0.2231079674 -0.225 0.02891115665
v -0.2231079674 -0.225 0.02708884478
v -0.2245326996 -0.225 0.0259526515
v -0.2263093376 -0.225 0.02635815382
v -0.2295800018 -0.225 0.01799999952
v -0.228125 -0.225 0.01945500016
v -0.228125 -0.225 0.01980000019
v -0.2304999924 -0.225 0.01980000019
v -0.2304999924 -0.225 0.02143934011
v -0.2278393364 -0.225 0.02410000086
v -0.2252099991 -0.225 0.02410000086
v -0.225 -0.225 0.02430999994
v -0.2247900009 -0.225 0.02410000086
v -0.2221606636 -0.225 0.02410000086
v -0.2195000076 -0.225 0.02143934011
v -0.2195000076 -0.225 0.01980000019
v -0.221875 -0.225 0.01980000019
v -0.221875 -0.225 0.01945500016
v -0.2204199982 -0.225 0.01799999952
v -0.2154999924 -0.225 0.01799999952
v -0.2152499962 -0.225 0.0180669868
v -0.2150669861 -0.225 0.01825000048
v -0.215 -0.225 0.01850000024
v -0.215 -0.225 0.02342000008
v -0.2164550018 -0.225 0.02487499952
v -0.2168000031 -0.225 0.02487499952
v -0.2168000031 -0.225 0.0225
v -0.2184393311 -0.225 0.0225
v -0.2211000061 -0.225 0.02516066074
v -0.2211000061 -0.225 0.02779000044
v -0.2213100052 -0.225 0.02799999952
v -0.2211000061 -0.225 0.02821000099
v -0.2211000061 -0.225 0.03083934069
v -0.2184393311 -0.225 0.03349999905
v -0.2168000031 -0.225 0.03349999905
v -0.2168000031 -0.225 0.03112499952
v -0.2164550018 -0.225 0.03112499952
v -0.215 -0.225 0.03257999897
v -0.215 -0.225 0.0375
v -0.2150669861 -0.225 0.03775000095
v -0.2152499962 -0.225 0.03793301344
v -0.2154999924 -0.225 0.03799999952
v -0.2204199982 -0.225 0.03799999952
v -0.221875 -0.225 0.03654500008
v -0.221875 -0.225 0.03619999886
v -0.2195000076 -0.225 0.03619999886
v -0.2195000076 -0.225 0.03456066132
v -0.2221606636 -0.225 0.03190000057
v -0.2247900009 -0.225 0.03190000057
v -0.225 -0.225 0.0316899991
v -0.2252099991 -0.225 0.03190000057
v -0.2278393364 -0.225 0.03190000057
v -0.2304999924 -0.225 0.03456066132
v -0.2304999924 -0.225 0.03619999886
v -0.228125 -0.225 0.03619999886
v -0.228125 -0.225 0.03654500008
v -0.2295800018 -0.225 0.03799999952
v -0.2345000076 -0.225 0.03799999952
v -0.2347500038 -0.225 0.03793301344
v -0.2349330139 -0.225 0.03775000095
v -0.235 -0.225 0.0375
v -0.235 -0.225 0.03257999897
v -0.2335449982 -0.225 0.03112499952
v -0.2331999969 -0.225 0.03112499952
v -0.2331999969 -0.225 0.03349999905
v -0.2315606689 -0.225 0.03349999905
v -0.2288999939 -0.225 0.03083934069
v -0.2288999939 -0.225 0.02821000099
v -0.2286899948 -0.225 0.02799999952
v -0.2288999939 -0.225 0.02779000044
v -0.2288999939 -0.225 0.02516066074
v -0.2315606689 -0.225 0.0225
v -0.2331999969 -0.225 0.0225
v -0.2331999969 -0.225 0.02487499952
v -0.2335449982 -0.225 0.02487499952
v -0.235 -0.225 0.02342000008
v -0.235 -0.225 0.01850000024
v -0.2349330139 -0.225 0.01825000048
v -0.2347500038 -0.225 0.0180669868
v -0.2345000076 -0.225 0.01799999952
v -0.2331999969 -0.225 0.0225
v -0.2315606689 -0.225 0.0225
v -0.2315606689 0.225 0.0225
v -0.2331999969 0.225 0.0225
v -0.2278393364 -0.225 0.03190000057
v -0.2252099991 -0.225 0.03190000057
v -0.2252099991 0.225 0.03190000057
v -0.2278393364 0.225 0.03190000057
v -0.2304999924 -0.225 0.03456066132
v -0.2278393364 -0.225 0.03190000057
v -0.2278393364 0.225 0.03190000057
v -0.2304999924 0.225 0.03456066132
v -0.2164550018 -0.225 0.03112499952
v -0.2168000031 -0.225 0.03112499952
v -0.2168000031 0.225 0.03112499952
v -0.2164550018 0.225 0.03112499952
v -0.2221606636 -0.225 0.02410000086
v -0.2247900009 -0.225 0.02410000086
v -0.2247900009 0.225 0.02410000086
v -0.2221606636 0.225 0.02410000086
v -0.2195000076 -0.225 0.02143934011
v -0.2221606636 -0.225 0.02410000086
v -0.2221606636 0.225 0.02410000086
v -0.2195000076 0.225 0.02143934011
v -0.2288999939 -0.225 0.02516066074
v -0.2288999939 -0.225 0.02779000044
v -0.2288999939 0.225 0.02779000044
v -0.2288999939 0.225 0.02516066074
v -0.228125 -0.225 0.03619999886
v -0.2304999924 -0.225 0.03619999886
v -0.2304999924 0.225 0.03619999886
v -0.228125 0.225 0.03619999886
v -0.2331999969 -0.225 0.02487499952
v -0.2331999969 -0.225 0.0225
v -0.2331999969 0.225 0.0225
v -0.2331999969 0.225 0.02487499952
v -0.215 -0.225 0.03257999897
v -0.2164550018 -0.225 0.03112499952
v -0.2164550018 0.225 0.03112499952
v -0.215 0.225 0.03257999897
v -0.2168000031 -0.225 0.03349999905
v -0.2184393311 -0.225 0.03349999905
v -0.2184393311 0.225 0.03349999905
v -0.2168000031 0.225 0.03349999905
v -0.2168000031 -0.225 0.03112499952
v -0.2168000031 -0.225 0.03349999905
v -0.2168000031 0.225 0.03349999905
v -0.2168000031 0.225 0.03112499952
v -0.2247900009 -0.225 0.02410000086
v -0.225 -0.225 0.02430999994
v -0.225 0.225 0.02430999994
v -0.2247900009 0.225 0.02410000086
v -0.2315606689 -0.225 0.0225
v -0.2288999939 -0.225 0.02516066074
v -0.2288999939 0.225 0.02516066074
v -0.2315606689 0.225 0.0225
v -0.2195000076 -0.225 0.01980000019
v -0.2195000076 -0.225 0.02143934011
v -0.2195000076 0.225 0.02143934011
v -0.2195000076 0.225 0.01980000019
v -0.228125 -0.225 0.03654500008
v -0.228125 -0.225 0.03619999886
v -0.228125 0.225 0.03619999886
v -0.228125 0.225 0.03654500008
v -0.2335449982 -0.225 0.02487499952
v -0.2331999969 -0.225 0.02487499952
v -0.2331999969 0.225 0.02487499952
v -0.2335449982 0.225 0.02487499952
v -0.2270999908 0.225 0.02799999952
v -0.2263093376 0.225 0.02964184523
v -0.2245326996 0.225 0.03004734755
v -0.2231079674 0.225 0.02891115665
v -0.2231079674 0.225 0.02708884478
v -0.2245326996 0.225 0.0259526515
v -0.2263093376 0.225 0.02635815382
v -0.2270999908 -0.225 0.02799999952
v -0.2263093376 -0.225 0.02635815382
v -0.2245326996 -0.225 0.0259526515
v -0.2231079674 -0.225 0.02708884478
v -0.2231079674 -0.225 0.02891115665
v -0.2245326996 -0.225 0.03004734755
v -0.2263093376 -0.225 0.02964184523
v -0.2270999908 0.225 0.02799999952
v -0.2270999908 -0.225 0.02799999952
v -0.221875 -0.225 0.01980000019
v -0.2195000076 -0.225 0.01980000019
v -0.2195000076 0.225 0.01980000019
v -0.221875 0.225 0.01980000019
v -0.2295800018 -0.225 0.03799999952
v -0.228125 -0.225 0.03654500008
v -0.228125 0.225 0.03654500008
v -0.2295800018 0.225 0.03799999952
v -0.235 -0.225 0.02342000008
v -0.2335449982 -0.225 0.02487499952
v -0.2335449982 0.225 0.02487499952
v -0.235 0.225 0.02342000008
v -0.221875 -0.225 0.01945500016
v -0.221875 -0.225 0.01980000019
v -0.221875 0.225 0.01980000019
v -0.221875 0.225 0.01945500016
v -0.2304999924 -0.225 0.03619999886
v -0.2304999924 -0.225 0.03456066132
v -0.2304999924 0.225 0.03456066132
v -0.2304999924 0.225 0.03619999886
v -0.2204199982 -0.225 0.01799999952
v -0.221875 -0.225 0.01945500016
v -0.221875 0.225 0.01945500016
v -0.2204199982 0.225 0.01799999952
v 0.221875 0.09904500008 0.03799999952
v 0.2204199982 0.1005000019 0.03799999952
v 0.2204199982 0.1005000019 0.6379999924
v 0.221875 0.09904500008 0.6379999924
v 0.2211000061 0.09029000282 0.03799999952
v 0.2211000061 0.08766065598 0.03799999952
v 0.2211000061 0.08766065598 0.6379999924
v 0.2211000061 0.09029000282 0.6379999924
v 0.228125 0.08195500374 0.03799999952
v 0.2295800018 0.08050000191 0.03799999952
v 0.2295800018 0.08050000191 0.6379999924
v 0.228125 0.08195500374 0.6379999924
v 0.2247900009 0.0943999958 0.03799999952
v 0.2221606636 0.0943999958 0.03799999952
v 0.2221606636 0.0943999958 0.6379999924
v 0.2247900009 0.0943999958 0.6379999924
v 0.2195000076 0.09869999886 0.03799999952
v 0.221875 0.09869999886 0.03799999952
v 0.221875 0.09869999886 0.6379999924
v 0.2195000076 0.09869999886 0.6379999924
v 0.2221606636 0.0943999958 0.03799999952
v 0.2195000076 0.09706066132 0.03799999952
v 0.2195000076 0.09706066132 0.6379999924
v 0.2221606636 0.0943999958 0.6379999924
v 0.2195000076 0.09706066132 0.03799999952
v 0.2195000076 0.09869999886 0.03799999952
v 0.2195000076 0.09869999886 0.6379999924
v 0.2195000076 0.09706066132 0.6379999924
v 0.2164550018 0.08737500191 0.03799999952
v 0.215 0.08592000008 0.03799999952
v 0.215 0.08592000008 0.6379999924
v 0.2164550018 0.08737500191 0.6379999924
v 0.2335449982 0.09362500191 0.03799999952
v 0.235 0.09508000374 0.03799999952
v 0.235 0.09508000374 0.6379999924
v 0.2335449982 0.09362500191 0.6379999924
v 0.2213100052 0.09050000191 0.03799999952
v 0.2211000061 0.09029000282 0.03799999952
v 0.2211000061 0.09029000282 0.6379999924
v 0.2213100052 0.09050000191 0.6379999924
v 0.2288999939 0.08766065598 0.03799999952
v 0.2288999939 0.09029000282 0.03799999952
v 0.2288999939 0.09029000282 0.6379999924
v 0.2288999939 0.08766065598 0.6379999924
v 0.228125 0.08229999542 0.03799999952
v 0.228125 0.08195500374 0.03799999952
v 0.228125 0.08195500374 0.6379999924
v 0.228125 0.08229999542 0.6379999924
v 0.2252099991 0.08659999847 0.03799999952
v 0.2278393364 0.08659999847 0.03799999952
v 0.2278393364 0.08659999847 0.6379999924
v 0.2252099991 0.08659999847 0.6379999924
v 0.2304999924 0.08229999542 0.03799999952
v 0.228125 0.08229999542 0.03799999952
v 0.228125 0.08229999542 0.6379999924
v 0.2304999924 0.08229999542 0.6379999924
v 0.2288999939 0.09029000282 0.03799999952
v 0.2286899948 0.09050000191 0.03799999952
v 0.2286899948 0.09050000191 0.6379999924
v 0.2288999939 0.09029000282 0.6379999924
v 0.2286899948 0.09050000191 0.03799999952
v 0.2288999939 0.09071000099 0.03799999952
v 0.2288999939 0.09071000099 0.6379999924
v 0.2286899948 0.09050000191 0.6379999924
v 0.221875 0.09869999886 0.03799999952
v 0.221875 0.09904500008 0.03799999952
v 0.221875 0.09904500008 0.6379999924
v 0.221875 0.09869999886 0.6379999924
v 0.225 0.08680999756 0.03799999952
v 0.2252099991 0.08659999847 0.03799999952
v 0.2252099991 0.08659999847 0.6379999924
v 0.225 0.08680999756 0.6379999924
v 0.2168000031 0.085 0.03799999952
v 0.2168000031 0.08737500191 0.03799999952
v 0.2168000031 0.08737500191 0.6379999924
v 0.2168000031 0.085 0.6379999924
v 0.2315606689 0.09600000381 0.03799999952
v 0.2331999969 0.09600000381 0.03799999952
v 0.2331999969 0.09600000381 0.6379999924
v 0.2315606689 0.09600000381 0.6379999924
v 0.2288999939 0.0933393383 0.03799999952
v 0.2315606689 0.09600000381 0.03799999952
v 0.2315606689 0.09600000381 0.6379999924
v 0.2288999939 0.0933393383 0.6379999924
v 0.225 0.09418999672 0.03799999952
v 0.2247900009 0.0943999958 0.03799999952
v 0.2247900009 0.0943999958 0.6379999924
v 0.225 0.09418999672 0.6379999924
v 0.2315606689 0.085 0.03799999952
v 0.2288999939 0.08766065598 0.03799999952
v 0.2288999939 0.08766065598 0.6379999924
v 0.2315606689 0.085 0.6379999924
v 0.2247900009 0.08659999847 0.03799999952
v 0.225 0.08680999756 0.03799999952
v 0.225 0.08680999756 0.6379999924
v 0.2247900009 0.08659999847 0.6379999924
v 0.2211000061 0.09071000099 0.03799999952
v 0.2213100052 0.09050000191 0.03799999952
v 0.2213100052 0.09050000191 0.6379999924
v 0.2211000061 0.09071000099 0.6379999924
v 0.235 0.08100000381 0.6379999924
v 0.2349330139 0.08074999809 0.6379999924
v 0.2347500038 0.08056698799 0.6379999924
v 0.2345000076 0.08050000191 0.6379999924
v 0.2345000076 0.08050000191 0.03799999952
v 0.2347500038 0.08056698799 0.03799999952
v 0.2349330139 0.08074999809 0.03799999952
v 0.235 0.08100000381 0.03799999952
v 0.2168000031 0.09600000381 0.03799999952
v 0.2184393311 0.09600000381 0.03799999952
v 0.2184393311 0.09600000381 0.6379999924
v 0.2168000031 0.09600000381 0.6379999924
v 0.2211000061 0.0933393383 0.03799999952
v 0.2211000061 0.09071000099 0.03799999952
v 0.2211000061 0.09071000099 0.6379999924
v 0.2211000061 0.0933393383 0.6379999924
v 0.221875 0.08195500374 0.03799999952
v 0.221875 0.08229999542 0.03799999952
v 0.221875 0.08229999542 0.6379999924
v 0.221875 0.08195500374 0.6379999924
v 0.2184393311 0.09600000381 0.03799999952
v 0.2211000061 0.0933393383 0.03799999952
v 0.2211000061 0.0933393383 0.6379999924
v 0.2184393311 0.09600000381 0.6379999924
v 0.2252099991 0.0943999958 0.03799999952
v 0.225 0.09418999672 0.03799999952
v 0.225 0.09418999672 0.6379999924
v 0.2252099991 0.0943999958 0.6379999924
v 0.2295800018 0.1005000019 0.03799999952
v 0.228125 0.09904500008 0.03799999952
v 0.228125 0.09904500008 0.6379999924
v 0.2295800018 0.1005000019 0.6379999924
v 0.228125 0.09904500008 0.03799999952
v 0.228125 0.09869999886 0.03799999952
v 0.228125 0.09869999886 0.6379999924
v 0.228125 0.09904500008 0.6379999924
v 0.2164550018 0.09362500191 0.03799999952
v 0.2168000031 0.09362500191 0.03799999952
v 0.2168000031 0.09362500191 0.6379999924
v 0.2164550018 0.09362500191 0.6379999924
v 0.228125 0.09869999886 0.03799999952
v 0.2304999924 0.09869999886 0.03799999952
v 0.2304999924 0.09869999886 0.6379999924
v 0.228125 0.09869999886 0.6379999924
v 0.2335449982 0.08737500191 0.03799999952
v 0.2331999969 0.08737500191 0.03799999952
v 0.2331999969 0.08737500191 0.6379999924
v 0.2335449982 0.08737500191 0.6379999924
v 0.2195000076 0.08229999542 0.03799999952
v 0.2195000076 0.0839393425 0.03799999952
v 0.2195000076 0.0839393425 0.6379999924
v 0.2195000076 0.08229999542 0.6379999924
v 0.2304999924 0.09869999886 0.03799999952
v 0.2304999924 0.09706066132 0.03799999952
v 0.2304999924 0.09706066132 0.6379999924
v 0.2304999924 0.09869999886 0.6379999924
v 0.2278393364 0.0943999958 0.03799999952
v 0.2252099991 0.0943999958 0.03799999952
v 0.2252099991 0.0943999958 0.6379999924
v 0.2278393364 0.0943999958 0.6379999924
v 0.2221606636 0.08659999847 0.03799999952
v 0.2247900009 0.08659999847 0.03799999952
v 0.2247900009 0.08659999847 0.6379999924
v 0.2221606636 0.08659999847 0.6379999924
v 0.2168000031 0.09362500191 0.03799999952
v 0.2168000031 0.09600000381 0.03799999952
v 0.2168000031 0.09600000381 0.6379999924
v 0.2168000031 0.09362500191 0.6379999924
v 0.235 0.08592000008 0.03799999952
v 0.2335449982 0.08737500191 0.03799999952
v 0.2335449982 0.08737500191 0.6379999924
v 0.235 0.08592000008 0.6379999924
v 0.221875 0.08229999542 0.03799999952
v 0.2195000076 0.08229999542 0.03799999952
v 0.2195000076 0.08229999542 0.6379999924
v 0.221875 0.08229999542 0.6379999924
v 0.2331999969 0.085 0.03799999952
v 0.2315606689 0.085 0.03799999952
v 0.2315606689 0.085 0.6379999924
v 0.2331999969 0.085 0.6379999924
v 0.2195000076 0.0839393425 0.03799999952
v 0.2221606636 0.08659999847 0.03799999952
v 0.2221606636 0.08659999847 0.6379999924
v 0.2195000076 0.0839393425 0.6379999924
v 0.2229000092 0.09050000191 0.6379999924
v 0.2236906624 0.0888581562 0.6379999924
v 0.2254673004 0.08845265388 0.6379999924
v 0.2268920326 0.08958884239 0.6379999924
v 0.2268920326 0.09141115189 0.6379999924
v 0.2254673004 0.09254734993 0.6379999924
v 0.2236906624 0.09214184761 0.6379999924
v 0.2229000092 0.09050000191 0.03799999952
v 0.2236906624 0.09214184761 0.03799999952
v 0.2254673004 0.09254734993 0.03799999952
v 0.2268920326 0.09141115189 0.03799999952
v 0.2268920326 0.08958884239 0.03799999952
v 0.2254673004 0.08845265388 0.03799999952
v 0.2236906624 0.0888581562 0.03799999952
v 0.2229000092 0.09050000191 0.6379999924
v 0.2229000092 0.09050000191 0.03799999952
v 0.215 0.09508000374 0.03799999952
v 0.2164550018 0.09362500191 0.03799999952
v 0.2164550018 0.09362500191 0.6379999924
v 0.215 0.09508000374 0.6379999924
v 0.2331999969 0.08737500191 0.03799999952
v 0.2331999969 0.085 0.03799999952
v 0.2331999969 0.085 0.6379999924
v 0.2331999969 0.08737500191 0.6379999924
v 0.2204199982 0.08050000191 0.03799999952
v 0.221875 0.08195500374 0.03799999952
v 0.221875 0.08195500374 0.6379999924
v 0.2204199982 0.08050000191 0.6379999924
v 0.2304999924 0.09706066132 0.03799999952
v 0.2278393364 0.0943999958 0.03799999952
v 0.2278393364 0.0943999958 0.6379999924
v 0.2304999924 0.09706066132 0.6379999924
v 0.215 0.09508000374 0.03799999952
v 0.215 0.09508000374 0.6379999924
v 0.215 0.1 0.6379999924
v 0.215 0.1 0.03799999952
v 0.221875 0.09904500008 0.6379999924
v 0.2204199982 0.1005000019 0.6379999924
v 0.2154999924 0.1005000019 0.6379999924
v 0.2152499962 0.1004330158 0.6379999924
v 0.2150669861 0.1002499962 0.6379999924
v 0.215 0.1 0.6379999924
v 0.215 0.09508000374 0.6379999924
v 0.2164550018 0.09362500191 0.6379999924
v 0.2168000031 0.09362500191 0.6379999924
v 0.2168000031 0.09600000381 0.6379999924
v 0.2184393311 0.09600000381 0.6379999924
v 0.2211000061 0.0933393383 0.6379999924
v 0.2211000061 0.09071000099 0.6379999924
v 0.2213100052 0.09050000191 0.6379999924
v 0.2211000061 0.09029000282 0.6379999924
v 0.2211000061 0.08766065598 0.6379999924
v 0.2184393311 0.085 0.6379999924
v 0.2168000031 0.085 0.6379999924
v 0.2168000031 0.08737500191 0.6379999924
v 0.2164550018 0.08737500191 0.6379999924
v 0.215 0.08592000008 0.6379999924
v 0.215 0.08100000381 0.6379999924
v 0.2150669861 0.08074999809 0.6379999924
v 0.2152499962 0.08056698799 0.6379999924
v 0.2154999924 0.08050000191 0.6379999924
v 0.2204199982 0.08050000191 0.6379999924
v 0.221875 0.08195500374 0.6379999924
v 0.221875 0.08229999542 0.6379999924
v 0.2195000076 0.08229999542 0.6379999924
v 0.2195000076 0.0839393425 0.6379999924
v 0.2221606636 0.08659999847 0.6379999924
v 0.2247900009 0.08659999847 0.6379999924
v 0.225 0.08680999756 0.6379999924
v 0.2252099991 0.08659999847 0.6379999924
v 0.2278393364 0.08659999847 0.6379999924
v 0.2304999924 0.0839393425 0.6379999924
v 0.2304999924 0.08229999542 0.6379999924
v 0.228125 0.08229999542 0.6379999924
v 0.228125 0.08195500374 0.6379999924
v 0.2295800018 0.08050000191 0.6379999924
v 0.2345000076 0.08050000191 0.6379999924
v 0.2347500038 0.08056698799 0.6379999924
v 0.2349330139 0.08074999809 0.6379999924
v 0.235 0.08100000381 0.6379999924
v 0.235 0.08592000008 0.6379999924
v 0.2335449982 0.08737500191 0.6379999924
v 0.2331999969 0.08737500191 0.6379999924
v 0.2331999969 0.085 0.6379999924
v 0.2315606689 0.085 0.6379999924
v 0.2288999939 0.08766065598 0.6379999924
v 0.2288999939 0.09029000282 0.6379999924
v 0.2286899948 0.09050000191 0.6379999924
v 0.2288999939 0.09071000099 0.6379999924
v 0.2288999939 0.0933393383 0.6379999924
v 0.2315606689 0.09600000381 0.6379999924
v 0.2331999969 0.09600000381 0.6379999924
v 0.2331999969 0.09362500191 0.6379999924
v 0.2335449982 0.09362500191 0.6379999924
v 0.235 0.09508000374 0.6379999924
v 0.235 0.1 0.6379999924
v 0.2349330139 0.1002499962 0.6379999924
v 0.2347500038 0.1004330158 0.6379999924
v 0.2345000076 0.1005000019 0.6379999924
v 0.2295800018 0.1005000019 0.6379999924
v 0.228125 0.09904500008 0.6379999924
v 0.228125 0.09869999886 0.6379999924
v 0.2304999924 0.09869999886 0.6379999924
v 0.2304999924 0.09706066132 0.6379999924
v 0.2278393364 0.0943999958 0.6379999924
v 0.2252099991 0.0943999958 0.6379999924
v 0.225 0.09418999672 0.6379999924
v 0.2247900009 0.0943999958 0.6379999924
v 0.2221606636 0.0943999958 0.6379999924
v 0.2195000076 0.09706066132 0.6379999924
v 0.2195000076 0.09869999886 0.6379999924
v 0.221875 0.09869999886 0.6379999924
v 0.2229000092 0.09050000191 0.6379999924
v 0.2236906624 0.09214184761 0.6379999924
v 0.2254673004 0.09254734993 0.6379999924
v 0.2268920326 0.09141115189 0.6379999924
v 0.2268920326 0.08958884239 0.6379999924
v 0.2254673004 0.08845265388 0.6379999924
v 0.2236906624 0.0888581562 0.6379999924
v 0.2331999969 0.09600000381 0.03799999952
v 0.2331999969 0.09362500191 0.03799999952
v 0.2331999969 0.09362500191 0.6379999924
v 0.2331999969 0.09600000381 0.6379999924
v 0.2288999939 0.09071000099 0.03799999952
v 0.2288999939 0.0933393383 0.03799999952
v 0.2288999939 0.0933393383 0.6379999924
v 0.2288999939 0.09071000099 0.6379999924
v 0.2184393311 0.085 0.03799999952
v 0.2168000031 0.085 0.03799999952
v 0.2168000031 0.085 0.6379999924
v 0.2184393311 0.085 0.6379999924
v 0.2345000076 0.1005000019 0.6379999924
v 0.2347500038 0.1004330158 0.6379999924
v 0.2349330139 0.1002499962 0.6379999924
v 0.235 0.1 0.6379999924
v 0.235 0.1 0.03799999952
v 0.2349330139 0.1002499962 0.03799999952
v 0.2347500038 0.1004330158 0.03799999952
v 0.2345000076 0.1005000019 0.03799999952
v 0.235 0.09508000374 0.6379999924
v 0.235 0.09508000374 0.03799999952
v 0.235 0.1 0.03799999952
v 0.235 0.1 0.6379999924
v 0.2154999924 0.08050000191 0.6379999924
v 0.2152499962 0.08056698799 0.6379999924
v 0.2150669861 0.08074999809 0.6379999924
v 0.215 0.08100000381 0.6379999924
v 0.215 0.08100000381 0.03799999952
v 0.2150669861 0.08074999809 0.03799999952
v 0.2152499962 0.08056698799 0.03799999952
v 0.2154999924 0.08050000191 0.03799999952
v 0.2229000092 0.09050000191 0.03799999952
v 0.2236906624 0.0888581562 0.03799999952
v 0.2254673004 0.08845265388 0.03799999952
v 0.2268920326 0.08958884239 0.03799999952
v 0.2268920326 0.09141115189 0.03799999952
v 0.2254673004 0.09254734993 0.03799999952
v 0.2236906624 0.09214184761 0.03799999952
v 0.2204199982 0.1005000019 0.03799999952
v 0.221875 0.09904500008 0.03799999952
v 0.221875 0.09869999886 0.03799999952
v 0.2195000076 0.09869999886 0.03799999952
v 0.2195000076 0.09706066132 0.03799999952
v 0.2221606636 0.0943999958 0.03799999952
v 0.2247900009 0.0943999958 0.03799999952
v 0.225 0.09418999672 0.03799999952
v 0.2252099991 0.0943999958 0.03799999952
v 0.2278393364 0.0943999958 0.03799999952
v 0.2304999924 0.09706066132 0.03799999952
v 0.2304999924 0.09869999886 0.03799999952
v 0.228125 0.09869999886 0.03799999952
v 0.228125 0.09904500008 0.03799999952
v 0.2295800018 0.1005000019 0.03799999952
v 0.2345000076 0.1005000019 0.03799999952
v 0.2347500038 0.1004330158 0.03799999952
v 0.2349330139 0.1002499962 0.03799999952
v 0.235 0.1 0.03799999952
v 0.235 0.09508000374 0.03799999952
v 0.2335449982 0.09362500191 0.03799999952
v 0.2331999969 0.09362500191 0.03799999952
v 0.2331999969 0.09600000381 0.03799999952
v 0.2315606689 0.09600000381 0.03799999952
v 0.2288999939 0.0933393383 0.03799999952
v 0.2288999939 0.09071000099 0.03799999952
v 0.2286899948 0.09050000191 0.03799999952
v 0.2288999939 0.09029000282 0.03799999952
v 0.2288999939 0.08766065598 0.03799999952
v 0.2315606689 0.085 0.03799999952
v 0.2331999969 0.085 0.03799999952
v 0.2331999969 0.08737500191 0.03799999952
v 0.2335449982 0.08737500191 0.03799999952
v 0.235 0.08592000008 0.03799999952
v 0.235 0.08100000381 0.03799999952
v 0.2349330139 0.08074999809 0.03799999952
v 0.2347500038 0.08056698799 0.03799999952
v 0.2345000076 0.08050000191 0.03799999952
v 0.2295800018 0.08050000191 0.03799999952
v 0.228125 0.08195500374 0.03799999952
v 0.228125 0.08229999542 0.03799999952
v 0.2304999924 0.08229999542 0.03799999952
v 0.2304999924 0.0839393425 0.03799999952
v 0.2278393364 0.08659999847 0.03799999952
v 0.2252099991 0.08659999847 0.03799999952
v 0.225 0.08680999756 0.03799999952
v 0.2247900009 0.08659999847 0.03799999952
v 0.2221606636 0.08659999847 0.03799999952
v 0.2195000076 0.0839393425 0.03799999952
v 0.2195000076 0.08229999542 0.03799999952
v 0.221875 0.08229999542 0.03799999952
v 0.221875 0.08195500374 0.03799999952
v 0.2204199982 0.08050000191 0.03799999952
v 0.2154999924 0.08050000191 0.03799999952
v 0.2152499962 0.08056698799 0.03799999952
v 0.2150669861 0.08074999809 0.03799999952
v 0.215 0.08100000381 0.03799999952
v 0.215 0.08592000008 0.03799999952
v 0.2164550018 0.08737500191 0.03799999952
v 0.2168000031 0.08737500191 0.03799999952
v 0.2168000031 0.085 0.03799999952
v 0.2184393311 0.085 0.03799999952
v 0.2211000061 0.08766065598 0.03799999952
v 0.2211000061 0.09029000282 0.03799999952
v 0.2213100052 0.09050000191 0.03799999952
v 0.2211000061 0.09071000099 0.03799999952
v 0.2211000061 0.0933393383 0.03799999952
v 0.2184393311 0.09600000381 0.03799999952
v 0.2168000031 0.09600000381 0.03799999952
v 0.2168000031 0.09362500191 0.03799999952
v 0.2164550018 0.09362500191 0.03799999952
v 0.215 0.09508000374 0.03799999952
v 0.215 0.1 0.03799999952
v 0.2150669861 0.1002499962 0.03799999952
v 0.2152499962 0.1004330158 0.03799999952
v 0.2154999924 0.1005000019 0.03799999952
v 0.235 0.08592000008 0.03799999952
v 0.235 0.08592000008 0.6379999924
v 0.235 0.08100000381 0.6379999924
v 0.235 0.08100000381 0.03799999952
v 0.2204199982 0.08050000191 0.03799999952
v 0.2204199982 0.08050000191 0.6379999924
v 0.2154999924 0.08050000191 0.6379999924
v 0.2154999924 0.08050000191 0.03799999952
v 0.215 0.08592000008 0.6379999924
v 0.215 0.08592000008 0.03799999952
v 0.215 0.08100000381 0.03799999952
v 0.215 0.08100000381 0.6379999924
v 0.2295800018 0.1005000019 0.03799999952
v 0.2295800018 0.1005000019 0.6379999924
v 0.2345000076 0.1005000019 0.6379999924
v 0.2345000076 0.1005000019 0.03799999952
v 0.2204199982 0.1005000019 0.6379999924
v 0.2204199982 0.1005000019 0.03799999952
v 0.2154999924 0.1005000019 0.03799999952
v 0.2154999924 0.1005000019 0.6379999924
v 0.215 0.1 0.6379999924
v 0.2150669861 0.1002499962 0.6379999924
v 0.2152499962 0.1004330158 0.6379999924
v 0.2154999924 0.1005000019 0.6379999924
v 0.2154999924 0.1005000019 0.03799999952
v 0.2152499962 0.1004330158 0.03799999952
v 0.2150669861 0.1002499962 0.03799999952
v 0.215 0.1 0.03799999952
v 0.2211000061 0.08766065598 0.03799999952
v 0.2184393311 0.085 0.03799999952
v 0.2184393311 0.085 0.6379999924
v 0.2211000061 0.08766065598 0.6379999924
v 0.2295800018 0.08050000191 0.6379999924
v 0.2295800018 0.08050000191 0.03799999952
v 0.2345000076 0.08050000191 0.03799999952
v 0.2345000076 0.08050000191 0.6379999924
v 0.2331999969 0.09362500191 0.03799999952
v 0.2335449982 0.09362500191 0.03799999952
v 0.2335449982 0.09362500191 0.6379999924
v 0.2331999969 0.09362500191 0.6379999924
v 0.2168000031 0.08737500191 0.03799999952
v 0.2164550018 0.08737500191 0.03799999952
v 0.2164550018 0.08737500191 0.6379999924
v 0.2168000031 0.08737500191 0.6379999924
v 0.2278393364 0.08659999847 0.03799999952
v 0.2304999924 0.0839393425 0.03799999952
v 0.2304999924 0.0839393425 0.6379999924
v 0.2278393364 0.08659999847 0.6379999924
v 0.2304999924 0.0839393425 0.03799999952
v 0.2304999924 0.08229999542 0.03799999952
v 0.2304999924 0.08229999542 0.6379999924
v 0.2304999924 0.0839393425 0.6379999924
v 0.215 -0.225 0.02342000008
v 0.215 0.225 0.02342000008
v 0.215 0.225 0.01850000024
v 0.215 -0.225 0.01850000024
v 0.221875 0.225 0.01945500016
v 0.2204199982 0.225 0.01799999952
v 0.2154999924 0.225 0.01799999952
v 0.2152499962 0.225 0.0180669868
v 0.2150669861 0.225 0.01825000048
v 0.215 0.225 0.01850000024
v 0.215 0.225 0.02342000008
v 0.2164550018 0.225 0.02487499952
v 0.2168000031 0.225 0.02487499952
v 0.2168000031 0.225 0.0225
v 0.2184393311 0.225 0.0225
v 0.2211000061 0.225 0.02516066074
v 0.2211000061 0.225 0.02779000044
v 0.2213100052 0.225 0.02799999952
v 0.2211000061 0.225 0.02821000099
v 0.2211000061 0.225 0.03083934069
v 0.2184393311 0.225 0.03349999905
v 0.2168000031 0.225 0.03349999905
v 0.2168000031 0.225 0.03112499952
v 0.2164550018 0.225 0.03112499952
v 0.215 0.225 0.03257999897
v 0.215 0.225 0.0375
v 0.2150669861 0.225 0.03775000095
v 0.2152499962 0.225 0.03793301344
v 0.2154999924 0.225 0.03799999952
v 0.2204199982 0.225 0.03799999952
v 0.221875 0.225 0.03654500008
v 0.221875 0.225 0.03619999886
v 0.2195000076 0.225 0.03619999886
v 0.2195000076 0.225 0.03456066132
v 0.2221606636 0.225 0.03190000057
v 0.2247900009 0.225 0.03190000057
v 0.225 0.225 0.0316899991
v 0.2252099991 0.225 0.03190000057
v 0.2278393364 0.225 0.03190000057
v 0.2304999924 0.225 0.03456066132
v 0.2304999924 0.225 0.03619999886
v 0.228125 0.225 0.03619999886
v 0.228125 0.225 0.03654500008
v 0.2295800018 0.225 0.03799999952
v 0.2345000076 0.225 0.03799999952
v 0.2347500038 0.225 0.03793301344
v 0.2349330139 0.225 0.03775000095
v 0.235 0.225 0.0375
v 0.235 0.225 0.03257999897
v 0.2335449982 0.225 0.03112499952
v 0.2331999969 0.225 0.03112499952
v 0.2331999969 0.225 0.03349999905
v 0.2315606689 0.225 0.03349999905
v 0.2288999939 0.225 0.03083934069
v 0.2288999939 0.225 0.02821000099
v 0.2286899948 0.225 0.02799999952
v 0.2288999939 0.225 0.02779000044
v 0.2288999939 0.225 0.02516066074
v 0.2315606689 0.225 0.0225
v 0.2331999969 0.225 0.0225
v 0.2331999969 0.225 0.02487499952
v 0.2335449982 0.225 0.02487499952
v 0.235 0.225 0.02342000008
v 0.235 0.225 0.01850000024
v 0.2349330139 0.225 0.01825000048
v 0.2347500038 0.225 0.0180669868
v 0.2345000076 0.225 0.01799999952
v 0.2295800018 0.225 0.01799999952
v 0.228125 0.225 0.01945500016
v 0.228125 0.225 0.01980000019
v 0.2304999924 0.225 0.01980000019
v 0.2304999924 0.225 0.02143934011
v 0.2278393364 0.225 0.02410000086
v 0.2252099991 0.225 0.02410000086
v 0.225 0.225 0.02430999994
v 0.2247900009 0.225 0.02410000086
v 0.2221606636 0.225 0.02410000086
v 0.2195000076 0.225 0.02143934011
v 0.2195000076 0.225 0.01980000019
v 0.221875 0.225 0.01980000019
v 0.2229000092 0.225 0.02799999952
v 0.2236906624 0.225 0.02635815382
v 0.2254673004 0.225 0.0259526515
v 0.2268920326 0.225 0.02708884478
v 0.2268920326 0.225 0.02891115665
v 0.2254673004 0.225 0.03004734755
v 0.2236906624 0.225 0.02964184523
v 0.2288999939 -0.225 0.02779000044
v 0.2288999939 -0.225 0.02516066074
v 0.2288999939 0.225 0.02516066074
v 0.2288999939 0.225 0.02779000044
v 0.2304999924 -0.225 0.03456066132
v 0.2304999924 -0.225 0.03619999886
v 0.2304999924 0.225 0.03619999886
v 0.2304999924 0.225 0.03456066132
v 0.215 0.225 0.01850000024
v 0.2150669861 0.225 0.01825000048
v 0.2152499962 0.225 0.0180669868
v 0.2154999924 0.225 0.01799999952
v 0.2154999924 -0.225 0.01799999952
v 0.2152499962 -0.225 0.0180669868
v 0.2150669861 -0.225 0.01825000048
v 0.215 -0.225 0.01850000024
v 0.2184393311 -0.225 0.0225
v 0.2211000061 -0.225 0.02516066074
v 0.2211000061 0.225 0.02516066074
v 0.2184393311 0.225 0.0225
v 0.228125 -0.225 0.01945500016
v 0.228125 -0.225 0.01980000019
v 0.228125 0.225 0.01980000019
v 0.228125 0.225 0.01945500016
v 0.2164550018 -0.225 0.02487499952
v 0.2168000031 -0.225 0.02487499952
v 0.2168000031 0.225 0.02487499952
v 0.2164550018 0.225 0.02487499952
v 0.2304999924 -0.225 0.01980000019
v 0.2304999924 -0.225 0.02143934011
v 0.2304999924 0.225 0.02143934011
v 0.2304999924 0.225 0.01980000019
v 0.2211000061 -0.225 0.02516066074
v 0.2211000061 -0.225 0.02779000044
v 0.2211000061 0.225 0.02779000044
v 0.2211000061 0.225 0.02516066074
v 0.2331999969 -0.225 0.03349999905
v 0.2315606689 -0.225 0.03349999905
v 0.2315606689 0.225 0.03349999905
v 0.2331999969 0.225 0.03349999905
v 0.2204199982 -0.225 0.03799999952
v 0.221875 -0.225 0.03654500008
v 0.221875 0.225 0.03654500008
v 0.2204199982 0.225 0.03799999952
v 0.2278393364 -0.225 0.02410000086
v 0.2252099991 -0.225 0.02410000086
v 0.2252099991 0.225 0.02410000086
v 0.2278393364 0.225 0.02410000086
v 0.215 -0.225 0.02342000008
v 0.2164550018 -0.225 0.02487499952
v 0.2164550018 0.225 0.02487499952
v 0.215 0.225 0.02342000008
v 0.2252099991 -0.225 0.02410000086
v 0.225 -0.225 0.02430999994
v 0.225 0.225 0.02430999994
v 0.2252099991 0.225 0.02410000086
v 0.228125 -0.225 0.01980000019
v 0.2304999924 -0.225 0.01980000019
v 0.2304999924 0.225 0.01980000019
v 0.228125 0.225 0.01980000019
v 0.2195000076 -0.225 0.03456066132
v 0.2221606636 -0.225 0.03190000057
v 0.2221606636 0.225 0.03190000057
v 0.2195000076 0.225 0.03456066132
v 0.2335449982 -0.225 0.03112499952
v 0.2331999969 -0.225 0.03112499952
v 0.2331999969 0.225 0.03112499952
v 0.2335449982 0.225 0.03112499952
v 0.2331999969 -0.225 0.03112499952
v 0.2331999969 -0.225 0.03349999905
v 0.2331999969 0.225 0.03349999905
v 0.2331999969 0.225 0.03112499952
v 0.2295800018 -0.225 0.01799999952
v 0.228125 -0.225 0.01945500016
v 0.228125 0.225 0.01945500016
v 0.2295800018 0.225 0.01799999952
v 0.221875 -0.225 0.03654500008
v 0.221875 -0.225 0.03619999886
v 0.221875 0.225 0.03619999886
v 0.221875 0.225 0.03654500008
v 0.2168000031 -0.225 0.02487499952
v 0.2168000031 -0.225 0.0225
v 0.2168000031 0.225 0.0225
v 0.2168000031 0.225 0.02487499952
v 0.235 -0.225 0.03257999897
v 0.2335449982 -0.225 0.03112499952
v 0.2335449982 0.225 0.03112499952
v 0.235 0.225 0.03257999897
v 0.2304999924 -0.225 0.02143934011
v 0.2278393364 -0.225 0.02410000086
v 0.2278393364 0.225 0.02410000086
v 0.2304999924 0.225 0.02143934011
v 0.2168000031 -0.225 0.0225
v 0.2184393311 -0.225 0.0225
v 0.2184393311 0.225 0.0225
v 0.2168000031 0.225 0.0225
v 0.221875 -0.225 0.03619999886
v 0.2195000076 -0.225 0.03619999886
v 0.2195000076 0.225 0.03619999886
v 0.221875 0.225 0.03619999886
v 0.2195000076 -0.225 0.03619999886
v 0.2195000076 -0.225 0.03456066132
v 0.2195000076 0.225 0.03456066132
v 0.2195000076 0.225 0.03619999886
v 0.2229000092 0.225 0.02799999952
v 0.2236906624 0.225 0.02964184523
v 0.2254673004 0.225 0.03004734755
v 0.2268920326 0.225 0.02891115665
v 0.2268920326 0.225 0.02708884478
v 0.2254673004 0.225 0.0259526515
v 0.2236906624 0.225 0.02635815382
v 0.2229000092 -0.225 0.02799999952
v 0.2236906624 -0.225 0.02635815382
v 0.2254673004 -0.225 0.0259526515
v 0.2268920326 -0.225 0.02708884478
v 0.2268920326 -0.225 0.02891115665
v 0.2254673004 -0.225 0.03004734755
v 0.2236906624 -0.225 0.02964184523
v 0.2229000092 0.225 0.02799999952
v 0.2229000092 -0.225 0.02799999952
v 0.225 -0.225 0.02430999994
v 0.2247900009 -0.225 0.02410000086
v 0.2247900009 0.225 0.02410000086
v 0.225 0.225 0.02430999994
v 0.2315606689 -0.225 0.03349999905
v 0.2288999939 -0.225 0.03083934069
v 0.2288999939 0.225 0.03083934069
v 0.2315606689 0.225 0.03349999905
v 0.228125 -0.225 0.03654500008
v 0.2295800018 -0.225 0.03799999952
v 0.2295800018 0.225 0.03799999952
v 0.228125 0.225 0.03654500008
v 0.2211000061 -0.225 0.02779000044
v 0.2213100052 -0.225 0.02799999952
v 0.2213100052 0.225 0.02799999952
v 0.2211000061 0.225 0.02779000044
v 0.2247900009 -0.225 0.02410000086
v 0.2221606636 -0.225 0.02410000086
v 0.2221606636 0.225 0.02410000086
v 0.2247900009 0.225 0.02410000086
v 0.2247900009 -0.225 0.03190000057
v 0.225 -0.225 0.0316899991
v 0.225 0.225 0.0316899991
v 0.2247900009 0.225 0.03190000057
v 0.221875 -0.225 0.01945500016
v 0.2204199982 -0.225 0.01799999952
v 0.2204199982 0.225 0.01799999952
v 0.221875 0.225 0.01945500016
v 0.2288999939 -0.225 0.03083934069
v 0.2288999939 -0.225 0.02821000099
v 0.2288999939 0.225 0.02821000099
v 0.2288999939 0.225 0.03083934069
v 0.2221606636 -0.225 0.03190000057
v 0.2247900009 -0.225 0.03190000057
v 0.2247900009 0.225 0.03190000057
v 0.2221606636 0.225 0.03190000057
v 0.2184393311 -0.225 0.03349999905
v 0.2168000031 -0.225 0.03349999905
v 0.2168000031 0.225 0.03349999905
v 0.2184393311 0.225 0.03349999905
v 0.2288999939 -0.225 0.02516066074
v 0.2315606689 -0.225 0.0225
v 0.2315606689 0.225 0.0225
v 0.2288999939 0.225 0.02516066074
v 0.2315606689 -0.225 0.0225
v 0.2331999969 -0.225 0.0225
v 0.2331999969 0.225 0.0225
v 0.2315606689 0.225 0.0225
v 0.235 0.225 0.02342000008
v 0.235 -0.225 0.02342000008
v 0.235 -0.225 0.01850000024
v 0.235 0.225 0.01850000024
v 0.235 0.225 0.0375
v 0.2349330139 0.225 0.03775000095
v 0.2347500038 0.225 0.03793301344
v 0.2345000076 0.225 0.03799999952
v 0.2345000076 -0.225 0.03799999952
v 0.2347500038 -0.225 0.03793301344
v 0.2349330139 -0.225 0.03775000095
v 0.235 -0.225 0.0375
v 0.2168000031 -0.225 0.03349999905
v 0.2168000031 -0.225 0.03112499952
v 0.2168000031 0.225 0.03112499952
v 0.2168000031 0.225 0.03349999905
v 0.2331999969 -0.225 0.0225
v 0.2331999969 -0.225 0.02487499952
v 0.2331999969 0.225 0.02487499952
v 0.2331999969 0.225 0.0225
v 0.2154999924 0.225 0.03799999952
v 0.2152499962 0.225 0.03793301344
v 0.2150669861 0.225 0.03775000095
v 0.215 0.225 0.0375
v 0.215 -0.225 0.0375
v 0.2150669861 -0.225 0.03775000095
v 0.2152499962 -0.225 0.03793301344
v 0.2154999924 -0.225 0.03799999952
v 0.2345000076 0.225 0.01799999952
v 0.2347500038 0.225 0.0180669868
v 0.2349330139 0.225 0.01825000048
v 0.235 0.225 0.01850000024
v 0.235 -0.225 0.01850000024
v 0.2349330139 -0.225 0.01825000048
v 0.2347500038 -0.225 0.0180669868
v 0.2345000076 -0.225 0.01799999952
v 0.2295800018 -0.225 0.01799999952
v 0.2295800018 0.225 0.01799999952
v 0.2345000076 0.225 0.01799999952
v 0.2345000076 -0.225 0.01799999952
v 0.235 -0.225 0.03257999897
v 0.235 0.225 0.03257999897
v 0.235 0.225 0.0375
v 0.235 -0.225 0.0375
v 0.2229000092 -0.225 0.02799999952
v 0.2236906624 -0.225 0.02964184523
v 0.2254673004 -0.225 0.03004734755
v 0.2268920326 -0.225 0.02891115665
v 0.2268920326 -0.225 0.02708884478
v 0.2254673004 -0.225 0.0259526515
v 0.2236906624 -0.225 0.02635815382
v 0.2204199982 -0.225 0.01799999952
v 0.221875 -0.225 0.01945500016
v 0.221875 -0.225 0.01980000019
v 0.2195000076 -0.225 0.01980000019
v 0.2195000076 -0.225 0.02143934011
v 0.2221606636 -0.225 0.02410000086
v 0.2247900009 -0.225 0.02410000086
v 0.225 -0.225 0.02430999994
v 0.2252099991 -0.225 0.02410000086
v 0.2278393364 -0.225 0.02410000086
v 0.2304999924 -0.225 0.02143934011
v 0.2304999924 -0.225 0.01980000019
v 0.228125 -0.225 0.01980000019
v 0.228125 -0.225 0.01945500016
v 0.2295800018 -0.225 0.01799999952
v 0.2345000076 -0.225 0.01799999952
v 0.2347500038 -0.225 0.0180669868
v 0.2349330139 -0.225 0.01825000048
v 0.235 -0.225 0.01850000024
v 0.235 -0.225 0.02342000008
v 0.2335449982 -0.225 0.02487499952
v 0.2331999969 -0.225 0.02487499952
v 0.2331999969 -0.225 0.0225
v 0.2315606689 -0.225 0.0225
v 0.2288999939 -0.225 0.02516066074
v 0.2288999939 -0.225 0.02779000044
v 0.2286899948 -0.225 0.02799999952
v 0.2288999939 -0.225 0.02821000099
v 0.2288999939 -0.225 0.03083934069
v 0.2315606689 -0.225 0.03349999905
v 0.2331999969 -0.225 0.03349999905
v 0.2331999969 -0.225 0.03112499952
v 0.2335449982 -0.225 0.03112499952
v 0.235 -0.225 0.03257999897
v 0.235 -0.225 0.0375
v 0.2349330139 -0.225 0.03775000095
v 0.2347500038 -0.225 0.03793301344
v 0.2345000076 -0.225 0.03799999952
v 0.2295800018 -0.225 0.03799999952
v 0.228125 -0.225 0.03654500008
v 0.228125 -0.225 0.03619999886
v 0.2304999924 -0.225 0.03619999886
v 0.2304999924 -0.225 0.03456066132
v 0.2278393364 -0.225 0.03190000057
v 0.2252099991 -0.225 0.03190000057
v 0.225 -0.225 0.0316899991
v 0.2247900009 -0.225 0.03190000057
v 0.2221606636 -0.225 0.03190000057
v 0.2195000076 -0.225 0.03456066132
v 0.2195000076 -0.225 0.03619999886
v 0.221875 -0.225 0.03619999886
v 0.221875 -0.225 0.03654500008
v 0.2204199982 -0.225 0.03799999952
v 0.2154999924 -0.225 0.03799999952
v 0.2152499962 -0.225 0.03793301344
v 0.2150669861 -0.225 0.03775000095
v 0.215 -0.225 0.0375
v 0.215 -0.225 0.03257999897
v 0.2164550018 -0.225 0.03112499952
v 0.2168000031 -0.225 0.03112499952
v 0.2168000031 -0.225 0.03349999905
v 0.2184393311 -0.225 0.03349999905
v 0.2211000061 -0.225 0.03083934069
v 0.2211000061 -0.225 0.02821000099
v 0.2213100052 -0.225 0.02799999952
v 0.2211000061 -0.225 0.02779000044
v 0.2211000061 -0.225 0.02516066074
v 0.2184393311 -0.225 0.0225
v 0.2168000031 -0.225 0.0225
v 0.2168000031 -0.225 0.02487499952
v 0.2164550018 -0.225 0.02487499952
v 0.215 -0.225 0.02342000008
v 0.215 -0.225 0.01850000024
v 0.2150669861 -0.225 0.01825000048
v 0.2152499962 -0.225 0.0180669868
v 0.2154999924 -0.225 0.01799999952
v 0.215 0.225 0.03257999897
v 0.215 -0.225 0.03257999897
v 0.215 -0.225 0.0375
v 0.215 0.225 0.0375
v 0.2204199982 -0.225 0.03799999952
v 0.2204199982 0.225 0.03799999952
v 0.2154999924 0.225 0.03799999952
v 0.2154999924 -0.225 0.03799999952
v 0.2204199982 0.225 0.01799999952
v 0.2204199982 -0.225 0.01799999952
v 0.2154999924 -0.225 0.01799999952
v 0.2154999924 0.225 0.01799999952
v 0.2295800018 0.225 0.03799999952
v 0.2295800018 -0.225 0.03799999952
v 0.2345000076 -0.225 0.03799999952
v 0.2345000076 0.225 0.03799999952
v 0.2304999924 -0.225 0.03619999886
v 0.228125 -0.225 0.03619999886
v 0.228125 0.225 0.03619999886
v 0.2304999924 0.225 0.03619999886
v 0.2331999969 -0.225 0.02487499952
v 0.2335449982 -0.225 0.02487499952
v 0.2335449982 0.225 0.02487499952
v 0.2331999969 0.225 0.02487499952
v 0.2195000076 -0.225 0.01980000019
v 0.221875 -0.225 0.01980000019
v 0.221875 0.225 0.01980000019
v 0.2195000076 0.225 0.01980000019
v 0.2252099991 -0.225 0.03190000057
v 0.2278393364 -0.225 0.03190000057
v 0.2278393364 0.225 0.03190000057
v 0.2252099991 0.225 0.03190000057
v 0.221875 -0.225 0.01980000019
v 0.221875 -0.225 0.01945500016
v 0.221875 0.225 0.01945500016
v 0.221875 0.225 0.01980000019
v 0.2211000061 -0.225 0.03083934069
v 0.2184393311 -0.225 0.03349999905
v 0.2184393311 0.225 0.03349999905
v 0.2211000061 0.225 0.03083934069
v 0.2288999939 -0.225 0.02821000099
v 0.2286899948 -0.225 0.02799999952
v 0.2286899948 0.225 0.02799999952
v 0.2288999939 0.225 0.02821000099
v 0.2278393364 -0.225 0.03190000057
v 0.2304999924 -0.225 0.03456066132
v 0.2304999924 0.225 0.03456066132
v 0.2278393364 0.225 0.03190000057
v 0.2211000061 -0.225 0.02821000099
v 0.2211000061 -0.225 0.03083934069
v 0.2211000061 0.225 0.03083934069
v 0.2211000061 0.225 0.02821000099
v 0.2335449982 -0.225 0.02487499952
v 0.235 -0.225 0.02342000008
v 0.235 0.225 0.02342000008
v 0.2335449982 0.225 0.02487499952
v 0.225 -0.225 0.0316899991
v 0.2252099991 -0.225 0.03190000057
v 0.2252099991 0.225 0.03190000057
v 0.225 0.225 0.0316899991
v 0.2221606636 -0.225 0.02410000086
v 0.2195000076 -0.225 0.02143934011
v 0.2195000076 0.225 0.02143934011
v 0.2221606636 0.225 0.02410000086
v 0.2168000031 -0.225 0.03112499952
v 0.2164550018 -0.225 0.03112499952
v 0.2164550018 0.225 0.03112499952
v 0.2168000031 0.225 0.03112499952
v 0.2213100052 -0.225 0.02799999952
v 0.2211000061 -0.225 0.02821000099
v 0.2211000061 0.225 0.02821000099
v 0.2213100052 0.225 0.02799999952
v 0.228125 -0.225 0.03619999886
v 0.228125 -0.225 0.03654500008
v 0.228125 0.225 0.03654500008
v 0.228125 0.225 0.03619999886
v 0.2195000076 -0.225 0.02143934011
v 0.2195000076 -0.225 0.01980000019
v 0.2195000076 0.225 0.01980000019
v 0.2195000076 0.225 0.02143934011
v 0.2286899948 -0.225 0.02799999952
v 0.2288999939 -0.225 0.02779000044
v 0.2288999939 0.225 0.02779000044
v 0.2286899948 0.225 0.02799999952
v 0.2164550018 -0.225 0.03112499952
v 0.215 -0.225 0.03257999897
v 0.215 0.225 0.03257999897
v 0.2164550018 0.225 0.03112499952
v -0.2129999924 -0.2084393311 0.0225
v -0.2129999924 -0.2111000061 0.02516066074
v 0.2129999924 -0.2111000061 0.02516066074
v 0.2129999924 -0.2084393311 0.0225
v -0.2129999924 -0.2188999939 0.02821000099
v -0.2129999924 -0.2186899948 0.02799999952
v 0.2129999924 -0.2186899948 0.02799999952
v 0.2129999924 -0.2188999939 0.02821000099
v -0.2129999924 -0.2095000076 0.02143934011
v -0.2129999924 -0.2095000076 0.01980000019
v 0.2129999924 -0.2095000076 0.01980000019
v 0.2129999924 -0.2095000076 0.02143934011
v -0.2129999924 -0.2111000061 0.03083934069
v -0.2129999924 -0.2084393311 0.03349999905
v 0.2129999924 -0.2084393311 0.03349999905
v 0.2129999924 -0.2111000061 0.03083934069
v -0.2129999924 -0.2068000031 0.03349999905
v -0.2129999924 -0.2068000031 0.03112499952
v 0.2129999924 -0.2068000031 0.03112499952
v 0.2129999924 -0.2068000031 0.03349999905
v -0.2129999924 -0.2231999969 0.02487499952
v -0.2129999924 -0.2235449982 0.02487499952
v 0.2129999924 -0.2235449982 0.02487499952
v 0.2129999924 -0.2231999969 0.02487499952
v -0.2129999924 -0.2231999969 0.0225
v -0.2129999924 -0.2231999969 0.02487499952
v 0.2129999924 -0.2231999969 0.02487499952
v 0.2129999924 -0.2231999969 0.0225
v -0.2129999924 -0.2215606689 0.0225
v -0.2129999924 -0.2231999969 0.0225
v 0.2129999924 -0.2231999969 0.0225
v 0.2129999924 -0.2215606689 0.0225
v -0.2129999924 -0.2111000061 0.02821000099
v -0.2129999924 -0.2111000061 0.03083934069
v 0.2129999924 -0.2111000061 0.03083934069
v 0.2129999924 -0.2111000061 0.02821000099
v -0.2129999924 -0.2121606636 0.02410000086
v -0.2129999924 -0.2095000076 0.02143934011
v 0.2129999924 -0.2095000076 0.02143934011
v 0.2129999924 -0.2121606636 0.02410000086
v -0.2129999924 -0.2084393311 0.03349999905
v -0.2129999924 -0.2068000031 0.03349999905
v 0.2129999924 -0.2068000031 0.03349999905
v 0.2129999924 -0.2084393311 0.03349999905
v 0.2129999924 -0.2104199982 0.01799999952
v -0.2129999924 -0.2104199982 0.01799999952
v -0.2129999924 -0.2054999924 0.01799999952
v 0.2129999924 -0.2054999924 0.01799999952
v 0.2129999924 -0.225 0.0375
v 0.2129999924 -0.2249330139 0.03775000095
v 0.2129999924 -0.2247500038 0.03793301344
v 0.2129999924 -0.2245000076 0.03799999952
v -0.2129999924 -0.2245000076 0.03799999952
v -0.2129999924 -0.2247500038 0.03793301344
v -0.2129999924 -0.2249330139 0.03775000095
v -0.2129999924 -0.225 0.0375
v 0.2129999924 -0.2195800018 0.03799999952
v -0.2129999924 -0.2195800018 0.03799999952
v -0.2129999924 -0.2245000076 0.03799999952
v 0.2129999924 -0.2245000076 0.03799999952
v 0.2129999924 -0.218125 0.03654500008
v 0.2129999924 -0.2195800018 0.03799999952
v 0.2129999924 -0.2245000076 0.03799999952
v 0.2129999924 -0.2247500038 0.03793301344
v 0.2129999924 -0.2249330139 0.03775000095
v 0.2129999924 -0.225 0.0375
v 0.2129999924 -0.225 0.03257999897
v 0.2129999924 -0.2235449982 0.03112499952
v 0.2129999924 -0.2231999969 0.03112499952
v 0.2129999924 -0.2231999969 0.03349999905
v 0.2129999924 -0.2215606689 0.03349999905
v 0.2129999924 -0.2188999939 0.03083934069
v 0.2129999924 -0.2188999939 0.02821000099
v 0.2129999924 -0.2186899948 0.02799999952
v 0.2129999924 -0.2188999939 0.02779000044
v 0.2129999924 -0.2188999939 0.02516066074
v 0.2129999924 -0.2215606689 0.0225
v 0.2129999924 -0.2231999969 0.0225
v 0.2129999924 -0.2231999969 0.02487499952
v 0.2129999924 -0.2235449982 0.02487499952
v 0.2129999924 -0.225 0.02342000008
v 0.2129999924 -0.225 0.01850000024
v 0.2129999924 -0.2249330139 0.01825000048
v 0.2129999924 -0.2247500038 0.0180669868
v 0.2129999924 -0.2245000076 0.01799999952
v 0.2129999924 -0.2195800018 0.01799999952
v 0.2129999924 -0.218125 0.01945500016
v 0.2129999924 -0.218125 0.01980000019
v 0.2129999924 -0.2204999924 0.01980000019
v 0.2129999924 -0.2204999924 0.02143934011
v 0.2129999924 -0.2178393364 0.02410000086
v 0.2129999924 -0.2152099991 0.02410000086
v 0.2129999924 -0.215 0.02430999994
v 0.2129999924 -0.2147900009 0.02410000086
v 0.2129999924 -0.2121606636 0.02410000086
v 0.2129999924 -0.2095000076 0.02143934011
v 0.2129999924 -0.2095000076 0.01980000019
v 0.2129999924 -0.211875 0.01980000019
v 0.2129999924 -0.211875 0.01945500016
v 0.2129999924 -0.2104199982 0.01799999952
v 0.2129999924 -0.2054999924 0.01799999952
v 0.2129999924 -0.2052499962 0.0180669868
v 0.2129999924 -0.2050669861 0.01825000048
v 0.2129999924 -0.205 0.01850000024
v 0.2129999924 -0.205 0.02342000008
v 0.2129999924 -0.2064550018 0.02487499952
v 0.2129999924 -0.2068000031 0.02487499952
v 0.2129999924 -0.2068000031 0.0225
v 0.2129999924 -0.2084393311 0.0225
v 0.2129999924 -0.2111000061 0.02516066074
v 0.2129999924 -0.2111000061 0.02779000044
v 0.2129999924 -0.2113100052 0.02799999952
v 0.2129999924 -0.2111000061 0.02821000099
v 0.2129999924 -0.2111000061 0.03083934069
v 0.2129999924 -0.2084393311 0.03349999905
v 0.2129999924 -0.2068000031 0.03349999905
v 0.2129999924 -0.2068000031 0.03112499952
v 0.2129999924 -0.2064550018 0.03112499952
v 0.2129999924 -0.205 0.03257999897
v 0.2129999924 -0.205 0.0375
v 0.2129999924 -0.2050669861 0.03775000095
v 0.2129999924 -0.2052499962 0.03793301344
v 0.2129999924 -0.2054999924 0.03799999952
v 0.2129999924 -0.2104199982 0.03799999952
v 0.2129999924 -0.211875 0.03654500008
v 0.2129999924 -0.211875 0.03619999886
v 0.2129999924 -0.2095000076 0.03619999886
v 0.2129999924 -0.2095000076 0.03456066132
v 0.2129999924 -0.2121606636 0.03190000057
v 0.2129999924 -0.2147900009 0.03190000057
v 0.2129999924 -0.215 0.0316899991
v 0.2129999924 -0.2152099991 0.03190000057
v 0.2129999924 -0.2178393364 0.03190000057
v 0.2129999924 -0.2204999924 0.03456066132
v 0.2129999924 -0.2204999924 0.03619999886
v 0.2129999924 -0.218125 0.03619999886
v 0.2129999924 -0.2170999908 0.02799999952
v 0.2129999924 -0.2163093376 0.02964184523
v 0.2129999924 -0.2145326996 0.03004734755
v 0.2129999924 -0.2131079674 0.02891115665
v 0.2129999924 -0.2131079674 0.02708884478
v 0.2129999924 -0.2145326996 0.0259526515
v 0.2129999924 -0.2163093376 0.02635815382
v 0.2129999924 -0.2245000076 0.01799999952
v 0.2129999924 -0.2247500038 0.0180669868
v 0.2129999924 -0.2249330139 0.01825000048
v 0.2129999924 -0.225 0.01850000024
v -0.2129999924 -0.225 0.01850000024
v -0.2129999924 -0.2249330139 0.01825000048
v -0.2129999924 -0.2247500038 0.0180669868
v -0.2129999924 -0.2245000076 0.01799999952
v -0.2129999924 -0.225 0.03257999897
v 0.2129999924 -0.225 0.03257999897
v 0.2129999924 -0.225 0.0375
v -0.2129999924 -0.225 0.0375
v 0.2129999924 -0.205 0.03257999897
v -0.2129999924 -0.205 0.03257999897
v -0.2129999924 -0.205 0.0375
v 0.2129999924 -0.205 0.0375
v -0.2129999924 -0.2170999908 0.02799999952
v -0.2129999924 -0.2163093376 0.02635815382
v -0.2129999924 -0.2145326996 0.0259526515
v -0.2129999924 -0.2131079674 0.02708884478
v -0.2129999924 -0.2131079674 0.02891115665
v -0.2129999924 -0.2145326996 0.03004734755
v -0.2129999924 -0.2163093376 0.02964184523
v -0.2129999924 -0.2195800018 0.03799999952
v -0.2129999924 -0.218125 0.03654500008
v -0.2129999924 -0.218125 0.03619999886
v -0.2129999924 -0.2204999924 0.03619999886
v -0.2129999924 -0.2204999924 0.03456066132
v -0.2129999924 -0.2178393364 0.03190000057
v -0.2129999924 -0.2152099991 0.03190000057
v -0.2129999924 -0.215 0.0316899991
v -0.2129999924 -0.2147900009 0.03190000057
v -0.2129999924 -0.2121606636 0.03190000057
v -0.2129999924 -0.2095000076 0.03456066132
v -0.2129999924 -0.2095000076 0.03619999886
v -0.2129999924 -0.211875 0.03619999886
v -0.2129999924 -0.211875 0.03654500008
v -0.2129999924 -0.2104199982 0.03799999952
v -0.2129999924 -0.2054999924 0.03799999952
v -0.2129999924 -0.2052499962 0.03793301344
v -0.2129999924 -0.2050669861 0.03775000095
v -0.2129999924 -0.205 0.0375
v -0.2129999924 -0.205 0.03257999897
v -0.2129999924 -0.2064550018 0.03112499952
v -0.2129999924 -0.2068000031 0.03112499952
v -0.2129999924 -0.2068000031 0.03349999905
v -0.2129999924 -0.2084393311 0.03349999905
v -0.2129999924 -0.2111000061 0.03083934069
v -0.2129999924 -0.2111000061 0.02821000099
v -0.2129999924 -0.2113100052 0.02799999952
v -0.2129999924 -0.2111000061 0.02779000044
v -0.2129999924 -0.2111000061 0.02516066074
v -0.2129999924 -0.2084393311 0.0225
v -0.2129999924 -0.2068000031 0.0225
v -0.2129999924 -0.2068000031 0.02487499952
v -0.2129999924 -0.2064550018 0.02487499952
v -0.2129999924 -0.205 0.02342000008
v -0.2129999924 -0.205 0.01850000024
v -0.2129999924 -0.2050669861 0.01825000048
v -0.2129999924 -0.2052499962 0.0180669868
v -0.2129999924 -0.2054999924 0.01799999952
v -0.2129999924 -0.2104199982 0.01799999952
v -0.2129999924 -0.211875 0.01945500016
v -0.2129999924 -0.211875 0.01980000019
v -0.2129999924 -0.2095000076 0.01980000019
v -0.2129999924 -0.2095000076 0.02143934011
v -0.2129999924 -0.2121606636 0.02410000086
v -0.2129999924 -0.2147900009 0.02410000086
v -0.2129999924 -0.215 0.02430999994
v -0.2129999924 -0.2152099991 0.02410000086
v -0.2129999924 -0.2178393364 0.02410000086
v -0.2129999924 -0.2204999924 0.02143934011
v -0.2129999924 -0.2204999924 0.01980000019
v -0.2129999924 -0.218125 0.01980000019
v -0.2129999924 -0.218125 0.01945500016
v -0.2129999924 -0.2195800018 0.01799999952
v -0.2129999924 -0.2245000076 0.01799999952
v -0.2129999924 -0.2247500038 0.0180669868
v -0.2129999924 -0.2249330139 0.01825000048
v -0.2129999924 -0.225 0.01850000024
v -0.2129999924 -0.225 0.02342000008
v -0.2129999924 -0.2235449982 0.02487499952
v -0.2129999924 -0.2231999969 0.02487499952
v -0.2129999924 -0.2231999969 0.0225
v -0.2129999924 -0.2215606689 0.0225
v -0.2129999924 -0.2188999939 0.02516066074
v -0.2129999924 -0.2188999939 0.02779000044
v -0.2129999924 -0.2186899948 0.02799999952
v -0.2129999924 -0.2188999939 0.02821000099
v -0.2129999924 -0.2188999939 0.03083934069
v -0.2129999924 -0.2215606689 0.03349999905
v -0.2129999924 -0.2231999969 0.03349999905
v -0.2129999924 -0.2231999969 0.03112499952
v -0.2129999924 -0.2235449982 0.03112499952
v -0.2129999924 -0.225 0.03257999897
v -0.2129999924 -0.225 0.0375
v -0.2129999924 -0.2249330139 0.03775000095
v -0.2129999924 -0.2247500038 0.03793301344
v -0.2129999924 -0.2245000076 0.03799999952
v 0.2129999924 -0.205 0.01850000024
v 0.2129999924 -0.2050669861 0.01825000048
v 0.2129999924 -0.2052499962 0.0180669868
v 0.2129999924 -0.2054999924 0.01799999952
v -0.2129999924 -0.2054999924 0.01799999952
v -0.2129999924 -0.2052499962 0.0180669868
v -0.2129999924 -0.2050669861 0.01825000048
v -0.2129999924 -0.205 0.01850000024
v -0.2129999924 -0.2178393364 0.02410000086
v -0.2129999924 -0.2152099991 0.02410000086
v 0.2129999924 -0.2152099991 0.02410000086
v 0.2129999924 -0.2178393364 0.02410000086
v 0.2129999924 -0.2054999924 0.03799999952
v 0.2129999924 -0.2052499962 0.03793301344
v 0.2129999924 -0.2050669861 0.03775000095
v 0.2129999924 -0.205 0.0375
v -0.2129999924 -0.205 0.0375
v -0.2129999924 -0.2050669861 0.03775000095
v -0.2129999924 -0.2052499962 0.03793301344
v -0.2129999924 -0.2054999924 0.03799999952
v -0.2129999924 -0.215 0.0316899991
v -0.2129999924 -0.2152099991 0.03190000057
v 0.2129999924 -0.2152099991 0.03190000057
v 0.2129999924 -0.215 0.0316899991
v -0.2129999924 -0.211875 0.03654500008
v -0.2129999924 -0.211875 0.03619999886
v 0.2129999924 -0.211875 0.03619999886
v 0.2129999924 -0.211875 0.03654500008
v -0.2129999924 -0.2104199982 0.03799999952
v -0.2129999924 -0.211875 0.03654500008
v 0.2129999924 -0.211875 0.03654500008
v 0.2129999924 -0.2104199982 0.03799999952
v -0.2129999924 -0.2235449982 0.03112499952
v -0.2129999924 -0.2231999969 0.03112499952
v 0.2129999924 -0.2231999969 0.03112499952
v 0.2129999924 -0.2235449982 0.03112499952
v 0.2129999924 -0.2170999908 0.02799999952
v 0.2129999924 -0.2163093376 0.02635815382
v 0.2129999924 -0.2145326996 0.0259526515
v 0.2129999924 -0.2131079674 0.02708884478
v 0.2129999924 -0.2131079674 0.02891115665
v 0.2129999924 -0.2145326996 0.03004734755
v 0.2129999924 -0.2163093376 0.02964184523
v -0.2129999924 -0.2170999908 0.02799999952
v -0.2129999924 -0.2163093376 0.02964184523
v -0.2129999924 -0.2145326996 0.03004734755
v -0.2129999924 -0.2131079674 0.02891115665
v -0.2129999924 -0.2131079674 0.02708884478
v -0.2129999924 -0.2145326996 0.0259526515
v -0.2129999924 -0.2163093376 0.02635815382
v 0.2129999924 -0.2170999908 0.02799999952
v -0.2129999924 -0.2170999908 0.02799999952
v -0.2129999924 -0.2068000031 0.02487499952
v -0.2129999924 -0.2068000031 0.0225
v 0.2129999924 -0.2068000031 0.0225
v 0.2129999924 -0.2068000031 0.02487499952
v -0.2129999924 -0.218125 0.01980000019
v -0.2129999924 -0.2204999924 0.01980000019
v 0.2129999924 -0.2204999924 0.01980000019
v 0.2129999924 -0.218125 0.01980000019
v -0.2129999924 -0.2068000031 0.0225
v -0.2129999924 -0.2084393311 0.0225
v 0.2129999924 -0.2084393311 0.0225
v 0.2129999924 -0.2068000031 0.0225
v -0.2129999924 -0.2231999969 0.03112499952
v -0.2129999924 -0.2231999969 0.03349999905
v 0.2129999924 -0.2231999969 0.03349999905
v 0.2129999924 -0.2231999969 0.03112499952
v -0.2129999924 -0.2188999939 0.03083934069
v -0.2129999924 -0.2188999939 0.02821000099
v 0.2129999924 -0.2188999939 0.02821000099
v 0.2129999924 -0.2188999939 0.03083934069
v -0.2129999924 -0.2121606636 0.03190000057
v -0.2129999924 -0.2147900009 0.03190000057
v 0.2129999924 -0.2147900009 0.03190000057
v 0.2129999924 -0.2121606636 0.03190000057
v -0.2129999924 -0.205 0.02342000008
v -0.2129999924 -0.2064550018 0.02487499952
v 0.2129999924 -0.2064550018 0.02487499952
v 0.2129999924 -0.205 0.02342000008
v -0.2129999924 -0.225 0.03257999897
v -0.2129999924 -0.2235449982 0.03112499952
v 0.2129999924 -0.2235449982 0.03112499952
v 0.2129999924 -0.225 0.03257999897
v -0.2129999924 -0.2204999924 0.02143934011
v -0.2129999924 -0.2178393364 0.02410000086
v 0.2129999924 -0.2178393364 0.02410000086
v 0.2129999924 -0.2204999924 0.02143934011
v -0.2129999924 -0.2095000076 0.03619999886
v -0.2129999924 -0.2095000076 0.03456066132
v 0.2129999924 -0.2095000076 0.03456066132
v 0.2129999924 -0.2095000076 0.03619999886
v -0.2129999924 -0.2147900009 0.03190000057
v -0.2129999924 -0.215 0.0316899991
v 0.2129999924 -0.215 0.0316899991
v 0.2129999924 -0.2147900009 0.03190000057
v -0.2129999924 -0.218125 0.01945500016
v -0.2129999924 -0.218125 0.01980000019
v 0.2129999924 -0.218125 0.01980000019
v 0.2129999924 -0.218125 0.01945500016
v -0.2129999924 -0.2204999924 0.01980000019
v -0.2129999924 -0.2204999924 0.02143934011
v 0.2129999924 -0.2204999924 0.02143934011
v 0.2129999924 -0.2204999924 0.01980000019
v -0.2129999924 -0.2195800018 0.01799999952
v -0.2129999924 -0.218125 0.01945500016
v 0.2129999924 -0.218125 0.01945500016
v 0.2129999924 -0.2195800018 0.01799999952
v -0.2129999924 -0.211875 0.03619999886
v -0.2129999924 -0.2095000076 0.03619999886
v 0.2129999924 -0.2095000076 0.03619999886
v 0.2129999924 -0.211875 0.03619999886
v -0.2129999924 -0.2231999969 0.03349999905
v -0.2129999924 -0.2215606689 0.03349999905
v 0.2129999924 -0.2215606689 0.03349999905
v 0.2129999924 -0.2231999969 0.03349999905
v -0.2129999924 -0.2215606689 0.03349999905
v -0.2129999924 -0.2188999939 0.03083934069
v 0.2129999924 -0.2188999939 0.03083934069
v 0.2129999924 -0.2215606689 0.03349999905
v -0.2129999924 -0.2064550018 0.02487499952
v -0.2129999924 -0.2068000031 0.02487499952
v 0.2129999924 -0.2068000031 0.02487499952
v 0.2129999924 -0.2064550018 0.02487499952
v -0.2129999924 -0.2095000076 0.03456066132
v -0.2129999924 -0.2121606636 0.03190000057
v 0.2129999924 -0.2121606636 0.03190000057
v 0.2129999924 -0.2095000076 0.03456066132
v -0.2129999924 -0.2204999924 0.03619999886
v -0.2129999924 -0.218125 0.03619999886
v 0.2129999924 -0.218125 0.03619999886
v 0.2129999924 -0.2204999924 0.03619999886
v -0.2129999924 -0.2204999924 0.03456066132
v -0.2129999924 -0.2204999924 0.03619999886
v 0.2129999924 -0.2204999924 0.03619999886
v 0.2129999924 -0.2204999924 0.03456066132
v -0.2129999924 -0.2152099991 0.02410000086
v -0.2129999924 -0.215 0.02430999994
v 0.2129999924 -0.215 0.02430999994
v 0.2129999924 -0.2152099991 0.02410000086
v -0.2129999924 -0.2188999939 0.02516066074
v -0.2129999924 -0.2215606689 0.0225
v 0.2129999924 -0.2215606689 0.0225
v 0.2129999924 -0.2188999939 0.02516066074
v -0.2129999924 -0.2147900009 0.02410000086
v -0.2129999924 -0.2121606636 0.02410000086
v 0.2129999924 -0.2121606636 0.02410000086
v 0.2129999924 -0.2147900009 0.02410000086
v -0.2129999924 -0.2064550018 0.03112499952
v -0.2129999924 -0.205 0.03257999897
v 0.2129999924 -0.205 0.03257999897
v 0.2129999924 -0.2064550018 0.03112499952
v -0.2129999924 -0.211875 0.01980000019
v -0.2129999924 -0.211875 0.01945500016
v 0.2129999924 -0.211875 0.01945500016
v 0.2129999924 -0.211875 0.01980000019
v -0.2129999924 -0.2095000076 0.01980000019
v -0.2129999924 -0.211875 0.01980000019
v 0.2129999924 -0.211875 0.01980000019
v 0.2129999924 -0.2095000076 0.01980000019
v -0.2129999924 -0.2152099991 0.03190000057
v -0.2129999924 -0.2178393364 0.03190000057
v 0.2129999924 -0.2178393364 0.03190000057
v 0.2129999924 -0.2152099991 0.03190000057
v -0.2129999924 -0.2068000031 0.03112499952
v -0.2129999924 -0.2064550018 0.03112499952
v 0.2129999924 -0.2064550018 0.03112499952
v 0.2129999924 -0.2068000031 0.03112499952
v -0.2129999924 -0.2178393364 0.03190000057
v -0.2129999924 -0.2204999924 0.03456066132
v 0.2129999924 -0.2204999924 0.03456066132
v 0.2129999924 -0.2178393364 0.03190000057
v -0.2129999924 -0.218125 0.03654500008
v -0.2129999924 -0.2195800018 0.03799999952
v 0.2129999924 -0.2195800018 0.03799999952
v 0.2129999924 -0.218125 0.03654500008
v -0.2129999924 -0.2186899948 0.02799999952
v -0.2129999924 -0.2188999939 0.02779000044
v 0.2129999924 -0.2188999939 0.02779000044
v 0.2129999924 -0.2186899948 0.02799999952
v -0.2129999924 -0.215 0.02430999994
v -0.2129999924 -0.2147900009 0.02410000086
v 0.2129999924 -0.2147900009 0.02410000086
v 0.2129999924 -0.215 0.02430999994
v -0.2129999924 -0.211875 0.01945500016
v -0.2129999924 -0.2104199982 0.01799999952
v 0.2129999924 -0.2104199982 0.01799999952
v 0.2129999924 -0.211875 0.01945500016
v -0.2129999924 -0.218125 0.03619999886
v -0.2129999924 -0.218125 0.03654500008
v 0.2129999924 -0.218125 0.03654500008
v 0.2129999924 -0.218125 0.03619999886
v -0.2129999924 -0.2111000061 0.02779000044
v -0.2129999924 -0.2113100052 0.02799999952
v 0.2129999924 -0.2113100052 0.02799999952
v 0.2129999924 -0.2111000061 0.02779000044
v -0.2129999924 -0.2235449982 0.02487499952
v -0.2129999924 -0.225 0.02342000008
v 0.2129999924 -0.225 0.02342000008
v 0.2129999924 -0.2235449982 0.02487499952
v -0.2129999924 -0.2188999939 0.02779000044
v -0.2129999924 -0.2188999939 0.02516066074
v 0.2129999924 -0.2188999939 0.02516066074
v 0.2129999924 -0.2188999939 0.02779000044
v -0.2129999924 -0.2113100052 0.02799999952
v -0.2129999924 -0.2111000061 0.02821000099
v 0.2129999924 -0.2111000061 0.02821000099
v 0.2129999924 -0.2113100052 0.02799999952
v -0.2129999924 -0.2111000061 0.02516066074
v -0.2129999924 -0.2111000061 0.02779000044
v 0.2129999924 -0.2111000061 0.02779000044
v 0.2129999924 -0.2111000061 0.02516066074
v -0.2129999924 -0.205 0.02342000008
v 0.2129999924 -0.205 0.02342000008
v 0.2129999924 -0.205 0.01850000024
v -0.2129999924 -0.205 0.01850000024
v -0.2129999924 -0.2104199982 0.03799999952
v 0.2129999924 -0.2104199982 0.03799999952
v 0.2129999924 -0.2054999924 0.03799999952
v -0.2129999924 -0.2054999924 0.03799999952
v 0.2129999924 -0.225 0.02342000008
v -0.2129999924 -0.225 0.02342000008
v -0.2129999924 -0.225 0.01850000024
v 0.2129999924 -0.225 0.01850000024
v -0.2129999924 -0.2195800018 0.01799999952
v 0.2129999924 -0.2195800018 0.01799999952
v 0.2129999924 -0.2245000076 0.01799999952
v -0.2129999924 -0.2245000076 0.01799999952
v -0.2129999924 0.2188999939 0.03083934069
v -0.2129999924 0.2215606689 0.03349999905
v 0.2129999924 0.2215606689 0.03349999905
v 0.2129999924 0.2188999939 0.03083934069
v -0.2129999924 0.2111000061 0.03083934069
v -0.2129999924 0.2111000061 0.02821000099
v 0.2129999924 0.2111000061 0.02821000099
v 0.2129999924 0.2111000061 0.03083934069
v -0.2129999924 0.2121606636 0.02410000086
v -0.2129999924 0.2147900009 0.02410000086
v 0.2129999924 0.2147900009 0.02410000086
v 0.2129999924 0.2121606636 0.02410000086
v 0.2129999924 0.2054999924 0.01799999952
v 0.2129999924 0.2052499962 0.0180669868
v 0.2129999924 0.2050669861 0.01825000048
v 0.2129999924 0.205 0.01850000024
v -0.2129999924 0.205 0.01850000024
v -0.2129999924 0.2050669861 0.01825000048
v -0.2129999924 0.2052499962 0.0180669868
v -0.2129999924 0.2054999924 0.01799999952
v 0.2129999924 0.225 0.01850000024
v 0.2129999924 0.2249330139 0.01825000048
v 0.2129999924 0.2247500038 0.0180669868
v 0.2129999924 0.2245000076 0.01799999952
v -0.2129999924 0.2245000076 0.01799999952
v -0.2129999924 0.2247500038 0.0180669868
v -0.2129999924 0.2249330139 0.01825000048
v -0.2129999924 0.225 0.01850000024
v -0.2129999924 0.2084393311 0.0225
v -0.2129999924 0.2068000031 0.0225
v 0.2129999924 0.2068000031 0.0225
v 0.2129999924 0.2084393311 0.0225
v -0.2129999924 0.2068000031 0.0225
v -0.2129999924 0.2068000031 0.02487499952
v 0.2129999924 0.2068000031 0.02487499952
v 0.2129999924 0.2068000031 0.0225
v -0.2129999924 0.2188999939 0.02821000099
v -0.2129999924 0.2188999939 0.03083934069
v 0.2129999924 0.2188999939 0.03083934069
v 0.2129999924 0.2188999939 0.02821000099
v 0.2129999924 0.2195800018 0.01799999952
v -0.2129999924 0.2195800018 0.01799999952
v -0.2129999924 0.2245000076 0.01799999952
v 0.2129999924 0.2245000076 0.01799999952
v -0.2129999924 0.2231999969 0.03349999905
v -0.2129999924 0.2231999969 0.03112499952
v 0.2129999924 0.2231999969 0.03112499952
v 0.2129999924 0.2231999969 0.03349999905
v 0.2129999924 0.2104199982 0.03799999952
v -0.2129999924 0.2104199982 0.03799999952
v -0.2129999924 0.2054999924 0.03799999952
v 0.2129999924 0.2054999924 0.03799999952
v 0.2129999924 0.205 0.0375
v 0.2129999924 0.2050669861 0.03775000095
v 0.2129999924 0.2052499962 0.03793301344
v 0.2129999924 0.2054999924 0.03799999952
v -0.2129999924 0.2054999924 0.03799999952
v -0.2129999924 0.2052499962 0.03793301344
v -0.2129999924 0.2050669861 0.03775000095
v -0.2129999924 0.205 0.0375
v -0.2129999924 0.2215606689 0.0225
v -0.2129999924 0.2188999939 0.02516066074
v 0.2129999924 0.2188999939 0.02516066074
v 0.2129999924 0.2215606689 0.0225
v -0.2129999924 0.215 0.0316899991
v -0.2129999924 0.2147900009 0.03190000057
v 0.2129999924 0.2147900009 0.03190000057
v 0.2129999924 0.215 0.0316899991
v -0.2129999924 0.205 0.03257999897
v 0.2129999924 0.205 0.03257999897
v 0.2129999924 0.205 0.0375
v -0.2129999924 0.205 0.0375
v 0.2129999924 0.211875 0.03654500008
v 0.2129999924 0.2104199982 0.03799999952
v 0.2129999924 0.2054999924 0.03799999952
v 0.2129999924 0.2052499962 0.03793301344
v 0.2129999924 0.2050669861 0.03775000095
v 0.2129999924 0.205 0.0375
v 0.2129999924 0.205 0.03257999897
v 0.2129999924 0.2064550018 0.03112499952
v 0.2129999924 0.2068000031 0.03112499952
v 0.2129999924 0.2068000031 0.03349999905
v 0.2129999924 0.2084393311 0.03349999905
v 0.2129999924 0.2111000061 0.03083934069
v 0.2129999924 0.2111000061 0.02821000099
v 0.2129999924 0.2113100052 0.02799999952
v 0.2129999924 0.2111000061 0.02779000044
v 0.2129999924 0.2111000061 0.02516066074
v 0.2129999924 0.2084393311 0.0225
v 0.2129999924 0.2068000031 0.0225
v 0.2129999924 0.2068000031 0.02487499952
v 0.2129999924 0.2064550018 0.02487499952
v 0.2129999924 0.205 0.02342000008
v 0.2129999924 0.205 0.01850000024
v 0.2129999924 0.2050669861 0.01825000048
v 0.2129999924 0.2052499962 0.0180669868
v 0.2129999924 0.2054999924 0.01799999952
v 0.2129999924 0.2104199982 0.01799999952
v 0.2129999924 0.211875 0.01945500016
v 0.2129999924 0.211875 0.01980000019
v 0.2129999924 0.2095000076 0.01980000019
v 0.2129999924 0.2095000076 0.02143934011
v 0.2129999924 0.2121606636 0.02410000086
v 0.2129999924 0.2147900009 0.02410000086
v 0.2129999924 0.215 0.02430999994
v 0.2129999924 0.2152099991 0.02410000086
v 0.2129999924 0.2178393364 0.02410000086
v 0.2129999924 0.2204999924 0.02143934011
v 0.2129999924 0.2204999924 0.01980000019
v 0.2129999924 0.218125 0.01980000019
v 0.2129999924 0.218125 0.01945500016
v 0.2129999924 0.2195800018 0.01799999952
v 0.2129999924 0.2245000076 0.01799999952
v 0.2129999924 0.2247500038 0.0180669868
v 0.2129999924 0.2249330139 0.01825000048
v 0.2129999924 0.225 0.01850000024
v 0.2129999924 0.225 0.02342000008
v 0.2129999924 0.2235449982 0.02487499952
v 0.2129999924 0.2231999969 0.02487499952
v 0.2129999924 0.2231999969 0.0225
v 0.2129999924 0.2215606689 0.0225
v 0.2129999924 0.2188999939 0.02516066074
v 0.2129999924 0.2188999939 0.02779000044
v 0.2129999924 0.2186899948 0.02799999952
v 0.2129999924 0.2188999939 0.02821000099
v 0.2129999924 0.2188999939 0.03083934069
v 0.2129999924 0.2215606689 0.03349999905
v 0.2129999924 0.2231999969 0.03349999905
v 0.2129999924 0.2231999969 0.03112499952
v 0.2129999924 0.2235449982 0.03112499952
v 0.2129999924 0.225 0.03257999897
v 0.2129999924 0.225 0.0375
v 0.2129999924 0.2249330139 0.03775000095
v 0.2129999924 0.2247500038 0.03793301344
v 0.2129999924 0.2245000076 0.03799999952
v 0.2129999924 0.2195800018 0.03799999952
v 0.2129999924 0.218125 0.03654500008
v 0.2129999924 0.218125 0.03619999886
v 0.2129999924 0.2204999924 0.03619999886
v 0.2129999924 0.2204999924 0.03456066132
v 0.2129999924 0.2178393364 0.03190000057
v 0.2129999924 0.2152099991 0.03190000057
v 0.2129999924 0.215 0.0316899991
v 0.2129999924 0.2147900009 0.03190000057
v 0.2129999924 0.2121606636 0.03190000057
v 0.2129999924 0.2095000076 0.03456066132
v 0.2129999924 0.2095000076 0.03619999886
v 0.2129999924 0.211875 0.03619999886
v 0.2129999924 0.2129000092 0.02799999952
v 0.2129999924 0.2136906624 0.02964184523
v 0.2129999924 0.2154673004 0.03004734755
v 0.2129999924 0.2168920326 0.02891115665
v 0.2129999924 0.2168920326 0.02708884478
v 0.2129999924 0.2154673004 0.0259526515
v 0.2129999924 0.2136906624 0.02635815382
v -0.2129999924 0.2064550018 0.02487499952
v -0.2129999924 0.205 0.02342000008
v 0.2129999924 0.205 0.02342000008
v 0.2129999924 0.2064550018 0.02487499952
v -0.2129999924 0.2204999924 0.02143934011
v -0.2129999924 0.2204999924 0.01980000019
v 0.2129999924 0.2204999924 0.01980000019
v 0.2129999924 0.2204999924 0.02143934011
v -0.2129999924 0.215 0.02430999994
v -0.2129999924 0.2152099991 0.02410000086
v 0.2129999924 0.2152099991 0.02410000086
v 0.2129999924 0.215 0.02430999994
v -0.2129999924 0.2111000061 0.02516066074
v -0.2129999924 0.2084393311 0.0225
v 0.2129999924 0.2084393311 0.0225
v 0.2129999924 0.2111000061 0.02516066074
v -0.2129999924 0.2111000061 0.02779000044
v -0.2129999924 0.2111000061 0.02516066074
v 0.2129999924 0.2111000061 0.02516066074
v 0.2129999924 0.2111000061 0.02779000044
v -0.2129999924 0.2178393364 0.02410000086
v -0.2129999924 0.2204999924 0.02143934011
v 0.2129999924 0.2204999924 0.02143934011
v 0.2129999924 0.2178393364 0.02410000086
v -0.2129999924 0.2188999939 0.02779000044
v -0.2129999924 0.2186899948 0.02799999952
v 0.2129999924 0.2186899948 0.02799999952
v 0.2129999924 0.2188999939 0.02779000044
v -0.2129999924 0.2095000076 0.03456066132
v -0.2129999924 0.2095000076 0.03619999886
v 0.2129999924 0.2095000076 0.03619999886
v 0.2129999924 0.2095000076 0.03456066132
v -0.2129999924 0.2204999924 0.01980000019
v -0.2129999924 0.218125 0.01980000019
v 0.2129999924 0.218125 0.01980000019
v 0.2129999924 0.2204999924 0.01980000019
v -0.2129999924 0.2095000076 0.03619999886
v -0.2129999924 0.211875 0.03619999886
v 0.2129999924 0.211875 0.03619999886
v 0.2129999924 0.2095000076 0.03619999886
v -0.2129999924 0.2235449982 0.03112499952
v -0.2129999924 0.225 0.03257999897
v 0.2129999924 0.225 0.03257999897
v 0.2129999924 0.2235449982 0.03112499952
v -0.2129999924 0.211875 0.03619999886
v -0.2129999924 0.211875 0.03654500008
v 0.2129999924 0.211875 0.03654500008
v 0.2129999924 0.211875 0.03619999886
v -0.2129999924 0.2186899948 0.02799999952
v -0.2129999924 0.2188999939 0.02821000099
v 0.2129999924 0.2188999939 0.02821000099
v 0.2129999924 0.2186899948 0.02799999952
v -0.2129999924 0.2068000031 0.02487499952
v -0.2129999924 0.2064550018 0.02487499952
v 0.2129999924 0.2064550018 0.02487499952
v 0.2129999924 0.2068000031 0.02487499952
v -0.2129999924 0.2121606636 0.03190000057
v -0.2129999924 0.2095000076 0.03456066132
v 0.2129999924 0.2095000076 0.03456066132
v 0.2129999924 0.2121606636 0.03190000057
v -0.2129999924 0.218125 0.01980000019
v -0.2129999924 0.218125 0.01945500016
v 0.2129999924 0.218125 0.01945500016
v 0.2129999924 0.218125 0.01980000019
v -0.2129999924 0.2113100052 0.02799999952
v -0.2129999924 0.2111000061 0.02779000044
v 0.2129999924 0.2111000061 0.02779000044
v 0.2129999924 0.2113100052 0.02799999952
v -0.2129999924 0.2152099991 0.02410000086
v -0.2129999924 0.2178393364 0.02410000086
v 0.2129999924 0.2178393364 0.02410000086
v 0.2129999924 0.2152099991 0.02410000086
v -0.2129999924 0.2231999969 0.03112499952
v -0.2129999924 0.2235449982 0.03112499952
v 0.2129999924 0.2235449982 0.03112499952
v 0.2129999924 0.2231999969 0.03112499952
v -0.2129999924 0.2129000092 0.02799999952
v -0.2129999924 0.2136906624 0.02635815382
v -0.2129999924 0.2154673004 0.0259526515
v -0.2129999924 0.2168920326 0.02708884478
v -0.2129999924 0.2168920326 0.02891115665
v -0.2129999924 0.2154673004 0.03004734755
v -0.2129999924 0.2136906624 0.02964184523
v -0.2129999924 0.2104199982 0.03799999952
v -0.2129999924 0.211875 0.03654500008
v -0.2129999924 0.211875 0.03619999886
v -0.2129999924 0.2095000076 0.03619999886
v -0.2129999924 0.2095000076 0.03456066132
v -0.2129999924 0.2121606636 0.03190000057
v -0.2129999924 0.2147900009 0.03190000057
v -0.2129999924 0.215 0.0316899991
v -0.2129999924 0.2152099991 0.03190000057
v -0.2129999924 0.2178393364 0.03190000057
v -0.2129999924 0.2204999924 0.03456066132
v -0.2129999924 0.2204999924 0.03619999886
v -0.2129999924 0.218125 0.03619999886
v -0.2129999924 0.218125 0.03654500008
v -0.2129999924 0.2195800018 0.03799999952
v -0.2129999924 0.2245000076 0.03799999952
v -0.2129999924 0.2247500038 0.03793301344
v -0.2129999924 0.2249330139 0.03775000095
v -0.2129999924 0.225 0.0375
v -0.2129999924 0.225 0.03257999897
v -0.2129999924 0.2235449982 0.03112499952
v -0.2129999924 0.2231999969 0.03112499952
v -0.2129999924 0.2231999969 0.03349999905
v -0.2129999924 0.2215606689 0.03349999905
v -0.2129999924 0.2188999939 0.03083934069
v -0.2129999924 0.2188999939 0.02821000099
v -0.2129999924 0.2186899948 0.02799999952
v -0.2129999924 0.2188999939 0.02779000044
v -0.2129999924 0.2188999939 0.02516066074
v -0.2129999924 0.2215606689 0.0225
v -0.2129999924 0.2231999969 0.0225
v -0.2129999924 0.2231999969 0.02487499952
v -0.2129999924 0.2235449982 0.02487499952
v -0.2129999924 0.225 0.02342000008
v -0.2129999924 0.225 0.01850000024
v -0.2129999924 0.2249330139 0.01825000048
v -0.2129999924 0.2247500038 0.0180669868
v -0.2129999924 0.2245000076 0.01799999952
v -0.2129999924 0.2195800018 0.01799999952
v -0.2129999924 0.218125 0.01945500016
v -0.2129999924 0.218125 0.01980000019
v -0.2129999924 0.2204999924 0.01980000019
v -0.2129999924 0.2204999924 0.02143934011
v -0.2129999924 0.2178393364 0.02410000086
v -0.2129999924 0.2152099991 0.02410000086
v -0.2129999924 0.215 0.02430999994
v -0.2129999924 0.2147900009 0.02410000086
v -0.2129999924 0.2121606636 0.02410000086
v -0.2129999924 0.2095000076 0.02143934011
v -0.2129999924 0.2095000076 0.01980000019
v -0.2129999924 0.211875 0.01980000019
v -0.2129999924 0.211875 0.01945500016
v -0.2129999924 0.2104199982 0.01799999952
v -0.2129999924 0.2054999924 0.01799999952
v -0.2129999924 0.2052499962 0.0180669868
v -0.2129999924 0.2050669861 0.01825000048
v -0.2129999924 0.205 0.01850000024
v -0.2129999924 0.205 0.02342000008
v -0.2129999924 0.2064550018 0.02487499952
v -0.2129999924 0.2068000031 0.02487499952
v -0.2129999924 0.2068000031 0.0225
v -0.2129999924 0.2084393311 0.0225
v -0.2129999924 0.2111000061 0.02516066074
v -0.2129999924 0.2111000061 0.02779000044
v -0.2129999924 0.2113100052 0.02799999952
v -0.2129999924 0.2111000061 0.02821000099
v -0.2129999924 0.2111000061 0.03083934069
v -0.2129999924 0.2084393311 0.03349999905
v -0.2129999924 0.2068000031 0.03349999905
v -0.2129999924 0.2068000031 0.03112499952
v -0.2129999924 0.2064550018 0.03112499952
v -0.2129999924 0.205 0.03257999897
v -0.2129999924 0.205 0.0375
v -0.2129999924 0.2050669861 0.03775000095
v -0.2129999924 0.2052499962 0.03793301344
v -0.2129999924 0.2054999924 0.03799999952
v 0.2129999924 0.2245000076 0.03799999952
v 0.2129999924 0.2247500038 0.03793301344
v 0.2129999924 0.2249330139 0.03775000095
v 0.2129999924 0.225 0.0375
v -0.2129999924 0.225 0.0375
v -0.2129999924 0.2249330139 0.03775000095
v -0.2129999924 0.2247500038 0.03793301344
v -0.2129999924 0.2245000076 0.03799999952
v -0.2129999924 0.2215606689 0.03349999905
v -0.2129999924 0.2231999969 0.03349999905
v 0.2129999924 0.2231999969 0.03349999905
v 0.2129999924 0.2215606689 0.03349999905
v 0.2129999924 0.225 0.03257999897
v -0.2129999924 0.225 0.03257999897
v -0.2129999924 0.225 0.0375
v 0.2129999924 0.225 0.0375
v -0.2129999924 0.2104199982 0.01799999952
v 0.2129999924 0.2104199982 0.01799999952
v 0.2129999924 0.2054999924 0.01799999952
v -0.2129999924 0.2054999924 0.01799999952
v -0.2129999924 0.2195800018 0.03799999952
v 0.2129999924 0.2195800018 0.03799999952
v 0.2129999924 0.2245000076 0.03799999952
v -0.2129999924 0.2245000076 0.03799999952
v 0.2129999924 0.205 0.02342000008
v -0.2129999924 0.205 0.02342000008
v -0.2129999924 0.205 0.01850000024
v 0.2129999924 0.205 0.01850000024
v -0.2129999924 0.225 0.02342000008
v 0.2129999924 0.225 0.02342000008
v 0.2129999924 0.225 0.01850000024
v -0.2129999924 0.225 0.01850000024
v -0.2129999924 0.2147900009 0.02410000086
v -0.2129999924 0.215 0.02430999994
v 0.2129999924 0.215 0.02430999994
v 0.2129999924 0.2147900009 0.02410000086
v -0.2129999924 0.2111000061 0.02821000099
v -0.2129999924 0.2113100052 0.02799999952
v 0.2129999924 0.2113100052 0.02799999952
v 0.2129999924 0.2111000061 0.02821000099
v -0.2129999924 0.2231999969 0.0225
v -0.2129999924 0.2215606689 0.0225
v 0.2129999924 0.2215606689 0.0225
v 0.2129999924 0.2231999969 0.0225
v -0.2129999924 0.2068000031 0.03112499952
v -0.2129999924 0.2068000031 0.03349999905
v 0.2129999924 0.2068000031 0.03349999905
v 0.2129999924 0.2068000031 0.03112499952
v -0.2129999924 0.2095000076 0.02143934011
v -0.2129999924 0.2121606636 0.02410000086
v 0.2129999924 0.2121606636 0.02410000086
v 0.2129999924 0.2095000076 0.02143934011
v -0.2129999924 0.2084393311 0.03349999905
v -0.2129999924 0.2111000061 0.03083934069
v 0.2129999924 0.2111000061 0.03083934069
v 0.2129999924 0.2084393311 0.03349999905
v -0.2129999924 0.2178393364 0.03190000057
v -0.2129999924 0.2152099991 0.03190000057
v 0.2129999924 0.2152099991 0.03190000057
v 0.2129999924 0.2178393364 0.03190000057
v -0.2129999924 0.218125 0.03654500008
v -0.2129999924 0.218125 0.03619999886
v 0.2129999924 0.218125 0.03619999886
v 0.2129999924 0.218125 0.03654500008
v -0.2129999924 0.211875 0.01945500016
v -0.2129999924 0.211875 0.01980000019
v 0.2129999924 0.211875 0.01980000019
v 0.2129999924 0.211875 0.01945500016
v -0.2129999924 0.205 0.03257999897
v -0.2129999924 0.2064550018 0.03112499952
v 0.2129999924 0.2064550018 0.03112499952
v 0.2129999924 0.205 0.03257999897
v -0.2129999924 0.2095000076 0.01980000019
v -0.2129999924 0.2095000076 0.02143934011
v 0.2129999924 0.2095000076 0.02143934011
v 0.2129999924 0.2095000076 0.01980000019
v -0.2129999924 0.2231999969 0.02487499952
v -0.2129999924 0.2231999969 0.0225
v 0.2129999924 0.2231999969 0.0225
v 0.2129999924 0.2231999969 0.02487499952
v -0.2129999924 0.2204999924 0.03619999886
v -0.2129999924 0.2204999924 0.03456066132
v 0.2129999924 0.2204999924 0.03456066132
v 0.2129999924 0.2204999924 0.03619999886
v -0.2129999924 0.2064550018 0.03112499952
v -0.2129999924 0.2068000031 0.03112499952
v 0.2129999924 0.2068000031 0.03112499952
v 0.2129999924 0.2064550018 0.03112499952
v -0.2129999924 0.2195800018 0.03799999952
v -0.2129999924 0.218125 0.03654500008
v 0.2129999924 0.218125 0.03654500008
v 0.2129999924 0.2195800018 0.03799999952
v -0.2129999924 0.2152099991 0.03190000057
v -0.2129999924 0.215 0.0316899991
v 0.2129999924 0.215 0.0316899991
v 0.2129999924 0.2152099991 0.03190000057
v -0.2129999924 0.225 0.02342000008
v -0.2129999924 0.2235449982 0.02487499952
v 0.2129999924 0.2235449982 0.02487499952
v 0.2129999924 0.225 0.02342000008
v -0.2129999924 0.2204999924 0.03456066132
v -0.2129999924 0.2178393364 0.03190000057
v 0.2129999924 0.2178393364 0.03190000057
v 0.2129999924 0.2204999924 0.03456066132
v -0.2129999924 0.2235449982 0.02487499952
v -0.2129999924 0.2231999969 0.02487499952
v 0.2129999924 0.2231999969 0.02487499952
v 0.2129999924 0.2235449982 0.02487499952
v -0.2129999924 0.2068000031 0.03349999905
v -0.2129999924 0.2084393311 0.03349999905
v 0.2129999924 0.2084393311 0.03349999905
v 0.2129999924 0.2068000031 0.03349999905
v -0.2129999924 0.2104199982 0.01799999952
v -0.2129999924 0.211875 0.01945500016
v 0.2129999924 0.211875 0.01945500016
v 0.2129999924 0.2104199982 0.01799999952
v 0.2129999924 0.2129000092 0.02799999952
v 0.2129999924 0.2136906624 0.02635815382
v 0.2129999924 0.2154673004 0.0259526515
v 0.2129999924 0.2168920326 0.02708884478
v 0.2129999924 0.2168920326 0.02891115665
v 0.2129999924 0.2154673004 0.03004734755
v 0.2129999924 0.2136906624 0.02964184523
v -0.2129999924 0.2129000092 0.02799999952
v -0.2129999924 0.2136906624 0.02964184523
v -0.2129999924 0.2154673004 0.03004734755
v -0.2129999924 0.2168920326 0.02891115665
v -0.2129999924 0.2168920326 0.02708884478
v -0.2129999924 0.2154673004 0.0259526515
v -0.2129999924 0.2136906624 0.02635815382
v 0.2129999924 0.2129000092 0.02799999952
v -0.2129999924 0.2129000092 0.02799999952
v -0.2129999924 0.211875 0.01980000019
v -0.2129999924 0.2095000076 0.01980000019
v 0.2129999924 0.2095000076 0.01980000019
v 0.2129999924 0.211875 0.01980000019
v -0.2129999924 0.218125 0.03619999886
v -0.2129999924 0.2204999924 0.03619999886
v 0.2129999924 0.2204999924 0.03619999886
v 0.2129999924 0.218125 0.03619999886
v -0.2129999924 0.2147900009 0.03190000057
v -0.2129999924 0.2121606636 0.03190000057
v 0.2129999924 0.2121606636 0.03190000057
v 0.2129999924 0.2147900009 0.03190000057
v -0.2129999924 0.211875 0.03654500008
v -0.2129999924 0.2104199982 0.03799999952
v 0.2129999924 0.2104199982 0.03799999952
v 0.2129999924 0.211875 0.03654500008
v -0.2129999924 0.218125 0.01945500016
v -0.2129999924 0.2195800018 0.01799999952
v 0.2129999924 0.2195800018 0.01799999952
v 0.2129999924 0.218125 0.01945500016
v -0.2129999924 0.2188999939 0.02516066074
v -0.2129999924 0.2188999939 0.02779000044
v 0.2129999924 0.2188999939 0.02779000044
v 0.2129999924 0.2188999939 0.02516066074
v -0.2129999924 0.08840000153 0.625
v -0.2129999924 0.08919067383 0.6233581543
v -0.2129999924 0.09096729279 0.622952652
v -0.2129999924 0.09239203453 0.6240888596
v -0.2129999924 0.09239203453 0.6259111404
v -0.2129999924 0.09096729279 0.627047348
v -0.2129999924 0.08919067383 0.6266418457
v -0.2129999924 0.08592000008 0.635
v -0.2129999924 0.08737500191 0.6335449982
v -0.2129999924 0.08737500191 0.6331999969
v -0.2129999924 0.085 0.6331999969
v -0.2129999924 0.085 0.6315606689
v -0.2129999924 0.08766065598 0.6288999939
v -0.2129999924 0.09029000282 0.6288999939
v -0.2129999924 0.09050000191 0.6286899948
v -0.2129999924 0.09071000099 0.6288999939
v -0.2129999924 0.0933393383 0.6288999939
v -0.2129999924 0.09600000381 0.6315606689
v -0.2129999924 0.09600000381 0.6331999969
v -0.2129999924 0.09362500191 0.6331999969
v -0.2129999924 0.09362500191 0.6335449982
v -0.2129999924 0.09508000374 0.635
v -0.2129999924 0.1 0.635
v -0.2129999924 0.1002499962 0.6349330139
v -0.2129999924 0.1004330158 0.6347499847
v -0.2129999924 0.1005000019 0.6345000076
v -0.2129999924 0.1005000019 0.6295800018
v -0.2129999924 0.09904500008 0.628125
v -0.2129999924 0.09869999886 0.628125
v -0.2129999924 0.09869999886 0.6304999924
v -0.2129999924 0.09706066132 0.6304999924
v -0.2129999924 0.0943999958 0.6278393555
v -0.2129999924 0.0943999958 0.6252099991
v -0.2129999924 0.09418999672 0.625
v -0.2129999924 0.0943999958 0.6247900009
v -0.2129999924 0.0943999958 0.6221606445
v -0.2129999924 0.09706066132 0.6195000076
v -0.2129999924 0.09869999886 0.6195000076
v -0.2129999924 0.09869999886 0.621875
v -0.2129999924 0.09904500008 0.621875
v -0.2129999924 0.1005000019 0.6204199982
v -0.2129999924 0.1005000019 0.6154999924
v -0.2129999924 0.1004330158 0.6152500153
v -0.2129999924 0.1002499962 0.6150669861
v -0.2129999924 0.1 0.615
v -0.2129999924 0.09508000374 0.615
v -0.2129999924 0.09362500191 0.6164550018
v -0.2129999924 0.09362500191 0.6168000031
v -0.2129999924 0.09600000381 0.6168000031
v -0.2129999924 0.09600000381 0.6184393311
v -0.2129999924 0.0933393383 0.6211000061
v -0.2129999924 0.09071000099 0.6211000061
v -0.2129999924 0.09050000191 0.6213100052
v -0.2129999924 0.09029000282 0.6211000061
v -0.2129999924 0.08766065598 0.6211000061
v -0.2129999924 0.085 0.6184393311
v -0.2129999924 0.085 0.6168000031
v -0.2129999924 0.08737500191 0.6168000031
v -0.2129999924 0.08737500191 0.6164550018
v -0.2129999924 0.08592000008 0.615
v -0.2129999924 0.08100000381 0.615
v -0.2129999924 0.08074999809 0.6150669861
v -0.2129999924 0.08056698799 0.6152500153
v -0.2129999924 0.08050000191 0.6154999924
v -0.2129999924 0.08050000191 0.6204199982
v -0.2129999924 0.08195500374 0.621875
v -0.2129999924 0.08229999542 0.621875
v -0.2129999924 0.08229999542 0.6195000076
v -0.2129999924 0.0839393425 0.6195000076
v -0.2129999924 0.08659999847 0.6221606445
v -0.2129999924 0.08659999847 0.6247900009
v -0.2129999924 0.08680999756 0.625
v -0.2129999924 0.08659999847 0.6252099991
v -0.2129999924 0.08659999847 0.6278393555
v -0.2129999924 0.0839393425 0.6304999924
v -0.2129999924 0.08229999542 0.6304999924
v -0.2129999924 0.08229999542 0.628125
v -0.2129999924 0.08195500374 0.628125
v -0.2129999924 0.08050000191 0.6295800018
v -0.2129999924 0.08050000191 0.6345000076
v -0.2129999924 0.08056698799 0.6347499847
v -0.2129999924 0.08074999809 0.6349330139
v -0.2129999924 0.08100000381 0.635
v -0.2129999924 0.09029000282 0.6288999939
v -0.2129999924 0.08766065598 0.6288999939
v 0.2129999924 0.08766065598 0.6288999939
v 0.2129999924 0.09029000282 0.6288999939
v -0.2129999924 0.0839393425 0.6195000076
v -0.2129999924 0.08229999542 0.6195000076
v 0.2129999924 0.08229999542 0.6195000076
v 0.2129999924 0.0839393425 0.6195000076
v -0.2129999924 0.09869999886 0.6304999924
v -0.2129999924 0.09869999886 0.628125
v 0.2129999924 0.09869999886 0.628125
v 0.2129999924 0.09869999886 0.6304999924
v -0.2129999924 0.08659999847 0.6221606445
v -0.2129999924 0.0839393425 0.6195000076
v 0.2129999924 0.0839393425 0.6195000076
v 0.2129999924 0.08659999847 0.6221606445
v -0.2129999924 0.09869999886 0.628125
v -0.2129999924 0.09904500008 0.628125
v 0.2129999924 0.09904500008 0.628125
v 0.2129999924 0.09869999886 0.628125
v -0.2129999924 0.0933393383 0.6211000061
v -0.2129999924 0.09600000381 0.6184393311
v 0.2129999924 0.09600000381 0.6184393311
v 0.2129999924 0.0933393383 0.6211000061
v -0.2129999924 0.09600000381 0.6184393311
v -0.2129999924 0.09600000381 0.6168000031
v 0.2129999924 0.09600000381 0.6168000031
v 0.2129999924 0.09600000381 0.6184393311
v -0.2129999924 0.0943999958 0.6252099991
v -0.2129999924 0.0943999958 0.6278393555
v 0.2129999924 0.0943999958 0.6278393555
v 0.2129999924 0.0943999958 0.6252099991
v -0.2129999924 0.08229999542 0.6195000076
v -0.2129999924 0.08229999542 0.621875
v 0.2129999924 0.08229999542 0.621875
v 0.2129999924 0.08229999542 0.6195000076
v -0.2129999924 0.08229999542 0.621875
v -0.2129999924 0.08195500374 0.621875
v 0.2129999924 0.08195500374 0.621875
v 0.2129999924 0.08229999542 0.621875
v -0.2129999924 0.08680999756 0.625
v -0.2129999924 0.08659999847 0.6247900009
v 0.2129999924 0.08659999847 0.6247900009
v 0.2129999924 0.08680999756 0.625
v -0.2129999924 0.09050000191 0.6213100052
v -0.2129999924 0.09071000099 0.6211000061
v 0.2129999924 0.09071000099 0.6211000061
v 0.2129999924 0.09050000191 0.6213100052
v -0.2129999924 0.09706066132 0.6195000076
v -0.2129999924 0.0943999958 0.6221606445
v 0.2129999924 0.0943999958 0.6221606445
v 0.2129999924 0.09706066132 0.6195000076
v -0.2129999924 0.09706066132 0.6304999924
v -0.2129999924 0.09869999886 0.6304999924
v 0.2129999924 0.09869999886 0.6304999924
v 0.2129999924 0.09706066132 0.6304999924
v 0.2129999924 0.1005000019 0.6295800018
v -0.2129999924 0.1005000019 0.6295800018
v -0.2129999924 0.1005000019 0.6345000076
v 0.2129999924 0.1005000019 0.6345000076
v -0.2129999924 0.0943999958 0.6278393555
v -0.2129999924 0.09706066132 0.6304999924
v 0.2129999924 0.09706066132 0.6304999924
v 0.2129999924 0.0943999958 0.6278393555
v 0.2129999924 0.08100000381 0.615
v 0.2129999924 0.08074999809 0.6150669861
v 0.2129999924 0.08056698799 0.6152500153
v 0.2129999924 0.08050000191 0.6154999924
v -0.2129999924 0.08050000191 0.6154999924
v -0.2129999924 0.08056698799 0.6152500153
v -0.2129999924 0.08074999809 0.6150669861
v -0.2129999924 0.08100000381 0.615
v -0.2129999924 0.08659999847 0.6278393555
v -0.2129999924 0.08659999847 0.6252099991
v 0.2129999924 0.08659999847 0.6252099991
v 0.2129999924 0.08659999847 0.6278393555
v -0.2129999924 0.08737500191 0.6164550018
v -0.2129999924 0.08737500191 0.6168000031
v 0.2129999924 0.08737500191 0.6168000031
v 0.2129999924 0.08737500191 0.6164550018
v -0.2129999924 0.09869999886 0.621875
v -0.2129999924 0.09869999886 0.6195000076
v 0.2129999924 0.09869999886 0.6195000076
v 0.2129999924 0.09869999886 0.621875
v -0.2129999924 0.09362500191 0.6335449982
v -0.2129999924 0.09362500191 0.6331999969
v 0.2129999924 0.09362500191 0.6331999969
v 0.2129999924 0.09362500191 0.6335449982
v -0.2129999924 0.09071000099 0.6288999939
v -0.2129999924 0.09050000191 0.6286899948
v 0.2129999924 0.09050000191 0.6286899948
v 0.2129999924 0.09071000099 0.6288999939
v -0.2129999924 0.0933393383 0.6288999939
v -0.2129999924 0.09071000099 0.6288999939
v 0.2129999924 0.09071000099 0.6288999939
v 0.2129999924 0.0933393383 0.6288999939
v -0.2129999924 0.085 0.6184393311
v -0.2129999924 0.08766065598 0.6211000061
v 0.2129999924 0.08766065598 0.6211000061
v 0.2129999924 0.085 0.6184393311
v -0.2129999924 0.08195500374 0.628125
v -0.2129999924 0.08229999542 0.628125
v 0.2129999924 0.08229999542 0.628125
v 0.2129999924 0.08195500374 0.628125
v -0.2129999924 0.08229999542 0.6304999924
v -0.2129999924 0.0839393425 0.6304999924
v 0.2129999924 0.0839393425 0.6304999924
v 0.2129999924 0.08229999542 0.6304999924
v -0.2129999924 0.09508000374 0.635
v -0.2129999924 0.09362500191 0.6335449982
v 0.2129999924 0.09362500191 0.6335449982
v 0.2129999924 0.09508000374 0.635
v -0.2129999924 0.08229999542 0.628125
v -0.2129999924 0.08229999542 0.6304999924
v 0.2129999924 0.08229999542 0.6304999924
v 0.2129999924 0.08229999542 0.628125
v -0.2129999924 0.08592000008 0.615
v -0.2129999924 0.08737500191 0.6164550018
v 0.2129999924 0.08737500191 0.6164550018
v 0.2129999924 0.08592000008 0.615
v -0.2129999924 0.09600000381 0.6331999969
v -0.2129999924 0.09600000381 0.6315606689
v 0.2129999924 0.09600000381 0.6315606689
v 0.2129999924 0.09600000381 0.6331999969
v -0.2129999924 0.0839393425 0.6304999924
v -0.2129999924 0.08659999847 0.6278393555
v 0.2129999924 0.08659999847 0.6278393555
v 0.2129999924 0.0839393425 0.6304999924
v -0.2129999924 0.08737500191 0.6168000031
v -0.2129999924 0.085 0.6168000031
v 0.2129999924 0.085 0.6168000031
v 0.2129999924 0.08737500191 0.6168000031
v -0.2129999924 0.08050000191 0.6295800018
v -0.2129999924 0.08195500374 0.628125
v 0.2129999924 0.08195500374 0.628125
v 0.2129999924 0.08050000191 0.6295800018
v -0.2129999924 0.09600000381 0.6315606689
v -0.2129999924 0.0933393383 0.6288999939
v 0.2129999924 0.0933393383 0.6288999939
v 0.2129999924 0.09600000381 0.6315606689
v -0.2129999924 0.09362500191 0.6331999969
v -0.2129999924 0.09600000381 0.6331999969
v 0.2129999924 0.09600000381 0.6331999969
v 0.2129999924 0.09362500191 0.6331999969
v -0.2129999924 0.085 0.6168000031
v -0.2129999924 0.085 0.6184393311
v 0.2129999924 0.085 0.6184393311
v 0.2129999924 0.085 0.6168000031
v -0.2129999924 0.1005000019 0.6204199982
v -0.2129999924 0.09904500008 0.621875
v 0.2129999924 0.09904500008 0.621875
v 0.2129999924 0.1005000019 0.6204199982
v 0.2129999924 0.08840000153 0.625
v 0.2129999924 0.08919067383 0.6233581543
v 0.2129999924 0.09096729279 0.622952652
v 0.2129999924 0.09239203453 0.6240888596
v 0.2129999924 0.09239203453 0.6259111404
v 0.2129999924 0.09096729279 0.627047348
v 0.2129999924 0.08919067383 0.6266418457
v -0.2129999924 0.08840000153 0.625
v -0.2129999924 0.08919067383 0.6266418457
v -0.2129999924 0.09096729279 0.627047348
v -0.2129999924 0.09239203453 0.6259111404
v -0.2129999924 0.09239203453 0.6240888596
v -0.2129999924 0.09096729279 0.622952652
v -0.2129999924 0.08919067383 0.6233581543
v 0.2129999924 0.08840000153 0.625
v -0.2129999924 0.08840000153 0.625
v -0.2129999924 0.09869999886 0.6195000076
v -0.2129999924 0.09706066132 0.6195000076
v 0.2129999924 0.09706066132 0.6195000076
v 0.2129999924 0.09869999886 0.6195000076
v -0.2129999924 0.09904500008 0.621875
v -0.2129999924 0.09869999886 0.621875
v 0.2129999924 0.09869999886 0.621875
v 0.2129999924 0.09904500008 0.621875
v -0.2129999924 0.09508000374 0.635
v 0.2129999924 0.09508000374 0.635
v 0.2129999924 0.1 0.635
v -0.2129999924 0.1 0.635
v -0.2129999924 0.1005000019 0.6204199982
v 0.2129999924 0.1005000019 0.6204199982
v 0.2129999924 0.1005000019 0.6154999924
v -0.2129999924 0.1005000019 0.6154999924
v 0.2129999924 0.08050000191 0.6204199982
v -0.2129999924 0.08050000191 0.6204199982
v -0.2129999924 0.08050000191 0.6154999924
v 0.2129999924 0.08050000191 0.6154999924
v -0.2129999924 0.08592000008 0.615
v 0.2129999924 0.08592000008 0.615
v 0.2129999924 0.08100000381 0.615
v -0.2129999924 0.08100000381 0.615
v -0.2129999924 0.08050000191 0.6295800018
v 0.2129999924 0.08050000191 0.6295800018
v 0.2129999924 0.08050000191 0.6345000076
v -0.2129999924 0.08050000191 0.6345000076
v 0.2129999924 0.1 0.635
v 0.2129999924 0.1002499962 0.6349330139
v 0.2129999924 0.1004330158 0.6347499847
v 0.2129999924 0.1005000019 0.6345000076
v -0.2129999924 0.1005000019 0.6345000076
v -0.2129999924 0.1004330158 0.6347499847
v -0.2129999924 0.1002499962 0.6349330139
v -0.2129999924 0.1 0.635
v 0.2129999924 0.08592000008 0.635
v -0.2129999924 0.08592000008 0.635
v -0.2129999924 0.08100000381 0.635
v 0.2129999924 0.08100000381 0.635
v 0.2129999924 0.08737500191 0.6335449982
v 0.2129999924 0.08592000008 0.635
v 0.2129999924 0.08100000381 0.635
v 0.2129999924 0.08074999809 0.6349330139
v 0.2129999924 0.08056698799 0.6347499847
v 0.2129999924 0.08050000191 0.6345000076
v 0.2129999924 0.08050000191 0.6295800018
v 0.2129999924 0.08195500374 0.628125
v 0.2129999924 0.08229999542 0.628125
v 0.2129999924 0.08229999542 0.6304999924
v 0.2129999924 0.0839393425 0.6304999924
v 0.2129999924 0.08659999847 0.6278393555
v 0.2129999924 0.08659999847 0.6252099991
v 0.2129999924 0.08680999756 0.625
v 0.2129999924 0.08659999847 0.6247900009
v 0.2129999924 0.08659999847 0.6221606445
v 0.2129999924 0.0839393425 0.6195000076
v 0.2129999924 0.08229999542 0.6195000076
v 0.2129999924 0.08229999542 0.621875
v 0.2129999924 0.08195500374 0.621875
v 0.2129999924 0.08050000191 0.6204199982
v 0.2129999924 0.08050000191 0.6154999924
v 0.2129999924 0.08056698799 0.6152500153
v 0.2129999924 0.08074999809 0.6150669861
v 0.2129999924 0.08100000381 0.615
v 0.2129999924 0.08592000008 0.615
v 0.2129999924 0.08737500191 0.6164550018
v 0.2129999924 0.08737500191 0.6168000031
v 0.2129999924 0.085 0.6168000031
v 0.2129999924 0.085 0.6184393311
v 0.2129999924 0.08766065598 0.6211000061
v 0.2129999924 0.09029000282 0.6211000061
v 0.2129999924 0.09050000191 0.6213100052
v 0.2129999924 0.09071000099 0.6211000061
v 0.2129999924 0.0933393383 0.6211000061
v 0.2129999924 0.09600000381 0.6184393311
v 0.2129999924 0.09600000381 0.6168000031
v 0.2129999924 0.09362500191 0.6168000031
v 0.2129999924 0.09362500191 0.6164550018
v 0.2129999924 0.09508000374 0.615
v 0.2129999924 0.1 0.615
v 0.2129999924 0.1002499962 0.6150669861
v 0.2129999924 0.1004330158 0.6152500153
v 0.2129999924 0.1005000019 0.6154999924
v 0.2129999924 0.1005000019 0.6204199982
v 0.2129999924 0.09904500008 0.621875
v 0.2129999924 0.09869999886 0.621875
v 0.2129999924 0.09869999886 0.6195000076
v 0.2129999924 0.09706066132 0.6195000076
v 0.2129999924 0.0943999958 0.6221606445
v 0.2129999924 0.0943999958 0.6247900009
v 0.2129999924 0.09418999672 0.625
v 0.2129999924 0.0943999958 0.6252099991
v 0.2129999924 0.0943999958 0.6278393555
v 0.2129999924 0.09706066132 0.6304999924
v 0.2129999924 0.09869999886 0.6304999924
v 0.2129999924 0.09869999886 0.628125
v 0.2129999924 0.09904500008 0.628125
v 0.2129999924 0.1005000019 0.6295800018
v 0.2129999924 0.1005000019 0.6345000076
v 0.2129999924 0.1004330158 0.6347499847
v 0.2129999924 0.1002499962 0.6349330139
v 0.2129999924 0.1 0.635
v 0.2129999924 0.09508000374 0.635
v 0.2129999924 0.09362500191 0.6335449982
v 0.2129999924 0.09362500191 0.6331999969
v 0.2129999924 0.09600000381 0.6331999969
v 0.2129999924 0.09600000381 0.6315606689
v 0.2129999924 0.0933393383 0.6288999939
v 0.2129999924 0.09071000099 0.6288999939
v 0.2129999924 0.09050000191 0.6286899948
v 0.2129999924 0.09029000282 0.6288999939
v 0.2129999924 0.08766065598 0.6288999939
v 0.2129999924 0.085 0.6315606689
v 0.2129999924 0.085 0.6331999969
v 0.2129999924 0.08737500191 0.6331999969
v 0.2129999924 0.08840000153 0.625
v 0.2129999924 0.08919067383 0.6266418457
v 0.2129999924 0.09096729279 0.627047348
v 0.2129999924 0.09239203453 0.6259111404
v 0.2129999924 0.09239203453 0.6240888596
v 0.2129999924 0.09096729279 0.622952652
v 0.2129999924 0.08919067383 0.6233581543
v 0.2129999924 0.08050000191 0.6345000076
v 0.2129999924 0.08056698799 0.6347499847
v 0.2129999924 0.08074999809 0.6349330139
v 0.2129999924 0.08100000381 0.635
v -0.2129999924 0.08100000381 0.635
v -0.2129999924 0.08074999809 0.6349330139
v -0.2129999924 0.08056698799 0.6347499847
v -0.2129999924 0.08050000191 0.6345000076
v 0.2129999924 0.09508000374 0.615
v -0.2129999924 0.09508000374 0.615
v -0.2129999924 0.1 0.615
v 0.2129999924 0.1 0.615
v -0.2129999924 0.0943999958 0.6221606445
v -0.2129999924 0.0943999958 0.6247900009
v 0.2129999924 0.0943999958 0.6247900009
v 0.2129999924 0.0943999958 0.6221606445
v -0.2129999924 0.08737500191 0.6335449982
v -0.2129999924 0.08592000008 0.635
v 0.2129999924 0.08592000008 0.635
v 0.2129999924 0.08737500191 0.6335449982
v -0.2129999924 0.085 0.6315606689
v -0.2129999924 0.085 0.6331999969
v 0.2129999924 0.085 0.6331999969
v 0.2129999924 0.085 0.6315606689
v -0.2129999924 0.09418999672 0.625
v -0.2129999924 0.0943999958 0.6252099991
v 0.2129999924 0.0943999958 0.6252099991
v 0.2129999924 0.09418999672 0.625
v -0.2129999924 0.0943999958 0.6247900009
v -0.2129999924 0.09418999672 0.625
v 0.2129999924 0.09418999672 0.625
v 0.2129999924 0.0943999958 0.6247900009
v -0.2129999924 0.08766065598 0.6288999939
v -0.2129999924 0.085 0.6315606689
v 0.2129999924 0.085 0.6315606689
v 0.2129999924 0.08766065598 0.6288999939
v -0.2129999924 0.08737500191 0.6331999969
v -0.2129999924 0.08737500191 0.6335449982
v 0.2129999924 0.08737500191 0.6335449982
v 0.2129999924 0.08737500191 0.6331999969
v -0.2129999924 0.09904500008 0.628125
v -0.2129999924 0.1005000019 0.6295800018
v 0.2129999924 0.1005000019 0.6295800018
v 0.2129999924 0.09904500008 0.628125
v -0.2129999924 0.08195500374 0.621875
v -0.2129999924 0.08050000191 0.6204199982
v 0.2129999924 0.08050000191 0.6204199982
v 0.2129999924 0.08195500374 0.621875
v -0.2129999924 0.09071000099 0.6211000061
v -0.2129999924 0.0933393383 0.6211000061
v 0.2129999924 0.0933393383 0.6211000061
v 0.2129999924 0.09071000099 0.6211000061
v -0.2129999924 0.09600000381 0.6168000031
v -0.2129999924 0.09362500191 0.6168000031
v 0.2129999924 0.09362500191 0.6168000031
v 0.2129999924 0.09600000381 0.6168000031
v -0.2129999924 0.085 0.6331999969
v -0.2129999924 0.08737500191 0.6331999969
v 0.2129999924 0.08737500191 0.6331999969
v 0.2129999924 0.085 0.6331999969
v -0.2129999924 0.09362500191 0.6168000031
v -0.2129999924 0.09362500191 0.6164550018
v 0.2129999924 0.09362500191 0.6164550018
v 0.2129999924 0.09362500191 0.6168000031
v -0.2129999924 0.08659999847 0.6247900009
v -0.2129999924 0.08659999847 0.6221606445
v 0.2129999924 0.08659999847 0.6221606445
v 0.2129999924 0.08659999847 0.6247900009
v -0.2129999924 0.09029000282 0.6211000061
v -0.2129999924 0.09050000191 0.6213100052
v 0.2129999924 0.09050000191 0.6213100052
v 0.2129999924 0.09029000282 0.6211000061
v -0.2129999924 0.09362500191 0.6164550018
v -0.2129999924 0.09508000374 0.615
v 0.2129999924 0.09508000374 0.615
v 0.2129999924 0.09362500191 0.6164550018
v -0.2129999924 0.08659999847 0.6252099991
v -0.2129999924 0.08680999756 0.625
v 0.2129999924 0.08680999756 0.625
v 0.2129999924 0.08659999847 0.6252099991
v -0.2129999924 0.09050000191 0.6286899948
v -0.2129999924 0.09029000282 0.6288999939
v 0.2129999924 0.09029000282 0.6288999939
v 0.2129999924 0.09050000191 0.6286899948
v 0.2129999924 0.1005000019 0.6154999924
v 0.2129999924 0.1004330158 0.6152500153
v 0.2129999924 0.1002499962 0.6150669861
v 0.2129999924 0.1 0.615
v -0.2129999924 0.1 0.615
v -0.2129999924 0.1002499962 0.6150669861
v -0.2129999924 0.1004330158 0.6152500153
v -0.2129999924 0.1005000019 0.6154999924
v -0.2129999924 0.08766065598 0.6211000061
v -0.2129999924 0.09029000282 0.6211000061
v 0.2129999924 0.09029000282 0.6211000061
v 0.2129999924 0.08766065598 0.6211000061
v -0.235 0.06050000191 0.07941813946
v -0.215 0.06050000191 0.07941813946
v -0.215 0.08050000191 0.07941813946
v -0.235 0.08050000191 0.07941813946
v -0.2277499962 0.08050000191 0.06941813946
v -0.2269445419 0.08050000191 0.06747359753
v -0.225 0.08050000191 0.06666814327
v -0.2230554581 0.08050000191 0.06747359753
v -0.2222500038 0.08050000191 0.06941813946
v -0.2230554581 0.08050000191 0.07136268616
v -0.225 0.08050000191 0.07216814041
v -0.2269445419 0.08050000191 0.07136268616
v -0.235 0.08050000191 0.05941813946
v -0.235 0.08050000191 0.07941813946
v -0.215 0.08050000191 0.07941813946
v -0.215 0.08050000191 0.05941813946
v -0.2302499962 0.06050000191 0.06941813946
v -0.2294165802 0.06050000191 0.07225650787
v -0.2271809196 0.06050000191 0.07419371128
v -0.2242528534 0.06050000191 0.07461470604
v -0.221561985 0.06050000191 0.07338582516
v -0.2199626541 0.06050000191 0.07089723587
v -0.2199626541 0.06050000191 0.06793904781
v -0.221561985 0.06050000191 0.06545045853
v -0.2242528534 0.06050000191 0.06422157764
v -0.2271809196 0.06050000191 0.0646425724
v -0.2294165802 0.06050000191 0.06657977581
v -0.235 0.06050000191 0.07941813946
v -0.235 0.06050000191 0.05941813946
v -0.215 0.06050000191 0.05941813946
v -0.215 0.06050000191 0.07941813946
v -0.235 0.06050000191 0.05941813946
v -0.235 0.06050000191 0.07941813946
v -0.235 0.08050000191 0.07941813946
v -0.235 0.08050000191 0.05941813946
v -0.215 0.06050000191 0.05941813946
v -0.235 0.06050000191 0.05941813946
v -0.235 0.08050000191 0.05941813946
v -0.215 0.08050000191 0.05941813946
v -0.215 0.06050000191 0.07941813946
v -0.215 0.06050000191 0.05941813946
v -0.215 0.08050000191 0.05941813946
v -0.215 0.08050000191 0.07941813946
v -0.2277499962 0.06199999809 0.06941813946
v -0.2269445419 0.06199999809 0.06747359753
v -0.225 0.06199999809 0.06666814327
v -0.2230554581 0.06199999809 0.06747359753
v -0.2222500038 0.06199999809 0.06941813946
v -0.2230554581 0.06199999809 0.07136268616
v -0.225 0.06199999809 0.07216814041
v -0.2269445419 0.06199999809 0.07136268616
v -0.2277499962 0.08050000191 0.06941813946
v -0.2269445419 0.08050000191 0.07136268616
v -0.225 0.08050000191 0.07216814041
v -0.2230554581 0.08050000191 0.07136268616
v -0.2222500038 0.08050000191 0.06941813946
v -0.2230554581 0.08050000191 0.06747359753
v -0.225 0.08050000191 0.06666814327
v -0.2269445419 0.08050000191 0.06747359753
v -0.2277499962 0.08050000191 0.06941813946
v -0.2277499962 0.06199999809 0.06941813946
v -0.2302499962 0.06199999809 0.06941813946
v -0.2294165802 0.06199999809 0.07225650787
v -0.2271809196 0.06199999809 0.07419371128
v -0.2242528534 0.06199999809 0.07461470604
v -0.221561985 0.06199999809 0.07338582516
v -0.2199626541 0.06199999809 0.07089723587
v -0.2199626541 0.06199999809 0.06793904781
v -0.221561985 0.06199999809 0.06545045853
v -0.2242528534 0.06199999809 0.06422157764
v -0.2271809196 0.06199999809 0.0646425724
v -0.2294165802 0.06199999809 0.06657977581
v -0.2302499962 0.06050000191 0.06941813946
v -0.2294165802 0.06050000191 0.06657977581
v -0.2271809196 0.06050000191 0.0646425724
v -0.2242528534 0.06050000191 0.06422157764
v -0.221561985 0.06050000191 0.06545045853
v -0.2199626541 0.06050000191 0.06793904781
v -0.2199626541 0.06050000191 0.07089723587
v -0.221561985 0.06050000191 0.07338582516
v -0.2242528534 0.06050000191 0.07461470604
v -0.2271809196 0.06050000191 0.07419371128
v -0.2294165802 0.06050000191 0.07225650787
v -0.2302499962 0.06199999809 0.06941813946
v -0.2302499962 0.06050000191 0.06941813946
v -0.2277499962 0.06199999809 0.06941813946
v -0.2269445419 0.06199999809 0.07136268616
v -0.225 0.06199999809 0.07216814041
v -0.2230554581 0.06199999809 0.07136268616
v -0.2222500038 0.06199999809 0.06941813946
v -0.2230554581 0.06199999809 0.06747359753
v -0.225 0.06199999809 0.06666814327
v -0.2269445419 0.06199999809 0.06747359753
v -0.2302499962 0.06199999809 0.06941813946
v -0.2294165802 0.06199999809 0.06657977581
v -0.2271809196 0.06199999809 0.0646425724
v -0.2242528534 0.06199999809 0.06422157764
v -0.221561985 0.06199999809 0.06545045853
v -0.2199626541 0.06199999809 0.06793904781
v -0.2199626541 0.06199999809 0.07089723587
v -0.221561985 0.06199999809 0.07338582516
v -0.2242528534 0.06199999809 0.07461470604
v -0.2271809196 0.06199999809 0.07419371128
v -0.2294165802 0.06199999809 0.07225650787
v -0.2302499962 0.06199999809 0.6279999924
v -0.2294165802 0.06199999809 0.630838356
v -0.2271809196 0.06199999809 0.6327755737
v -0.2242528534 0.06199999809 0.6331965637
v -0.221561985 0.06199999809 0.6319676971
v -0.2199626541 0.06199999809 0.6294791031
v -0.2199626541 0.06199999809 0.6265209198
v -0.221561985 0.06199999809 0.6240323257
v -0.2242528534 0.06199999809 0.622803421
v -0.2271809196 0.06199999809 0.6232244492
v -0.2294165802 0.06199999809 0.6251616287
v -0.2302499962 0.06050000191 0.6279999924
v -0.2294165802 0.06050000191 0.6251616287
v -0.2271809196 0.06050000191 0.6232244492
v -0.2242528534 0.06050000191 0.622803421
v -0.221561985 0.06050000191 0.6240323257
v -0.2199626541 0.06050000191 0.6265209198
v -0.2199626541 0.06050000191 0.6294791031
v -0.221561985 0.06050000191 0.6319676971
v -0.2242528534 0.06050000191 0.6331965637
v -0.2271809196 0.06050000191 0.6327755737
v -0.2294165802 0.06050000191 0.630838356
v -0.2302499962 0.06199999809 0.6279999924
v -0.2302499962 0.06050000191 0.6279999924
v -0.2277499962 0.06199999809 0.6279999924
v -0.2269445419 0.06199999809 0.6299445343
v -0.225 0.06199999809 0.6307500076
v -0.2230554581 0.06199999809 0.6299445343
v -0.2222500038 0.06199999809 0.6279999924
v -0.2230554581 0.06199999809 0.6260554504
v -0.225 0.06199999809 0.6252500153
v -0.2269445419 0.06199999809 0.6260554504
v -0.2302499962 0.06199999809 0.6279999924
v -0.2294165802 0.06199999809 0.6251616287
v -0.2271809196 0.06199999809 0.6232244492
v -0.2242528534 0.06199999809 0.622803421
v -0.221561985 0.06199999809 0.6240323257
v -0.2199626541 0.06199999809 0.6265209198
v -0.2199626541 0.06199999809 0.6294791031
v -0.221561985 0.06199999809 0.6319676971
v -0.2242528534 0.06199999809 0.6331965637
v -0.2271809196 0.06199999809 0.6327755737
v -0.2294165802 0.06199999809 0.630838356
v -0.235 0.06050000191 0.635
v -0.215 0.06050000191 0.635
v -0.215 0.08050000191 0.635
v -0.235 0.08050000191 0.635
v -0.2277499962 0.08050000191 0.6279999924
v -0.2269445419 0.08050000191 0.6260554504
v -0.225 0.08050000191 0.6252500153
v -0.2230554581 0.08050000191 0.6260554504
v -0.2222500038 0.08050000191 0.6279999924
v -0.2230554581 0.08050000191 0.6299445343
v -0.225 0.08050000191 0.6307500076
v -0.2269445419 0.08050000191 0.6299445343
v -0.235 0.08050000191 0.6209999847
v -0.235 0.08050000191 0.635
v -0.215 0.08050000191 0.635
v -0.215 0.08050000191 0.6209999847
v -0.2302499962 0.06050000191 0.6279999924
v -0.2294165802 0.06050000191 0.630838356
v -0.2271809196 0.06050000191 0.6327755737
v -0.2242528534 0.06050000191 0.6331965637
v -0.221561985 0.06050000191 0.6319676971
v -0.2199626541 0.06050000191 0.6294791031
v -0.2199626541 0.06050000191 0.6265209198
v -0.221561985 0.06050000191 0.6240323257
v -0.2242528534 0.06050000191 0.622803421
v -0.2271809196 0.06050000191 0.6232244492
v -0.2294165802 0.06050000191 0.6251616287
v -0.235 0.06050000191 0.635
v -0.235 0.06050000191 0.6209999847
v -0.215 0.06050000191 0.6209999847
v -0.215 0.06050000191 0.635
v -0.235 0.06050000191 0.6209999847
v -0.235 0.06050000191 0.635
v -0.235 0.08050000191 0.635
v -0.235 0.08050000191 0.6209999847
v -0.215 0.06050000191 0.6209999847
v -0.235 0.06050000191 0.6209999847
v -0.235 0.08050000191 0.6209999847
v -0.215 0.08050000191 0.6209999847
v -0.215 0.06050000191 0.635
v -0.215 0.06050000191 0.6209999847
v -0.215 0.08050000191 0.6209999847
v -0.215 0.08050000191 0.635
v -0.2277499962 0.06199999809 0.6279999924
v -0.2269445419 0.06199999809 0.6260554504
v -0.225 0.06199999809 0.6252500153
v -0.2230554581 0.06199999809 0.6260554504
v -0.2222500038 0.06199999809 0.6279999924
v -0.2230554581 0.06199999809 0.6299445343
v -0.225 0.06199999809 0.6307500076
v -0.2269445419 0.06199999809 0.6299445343
v -0.2277499962 0.08050000191 0.6279999924
v -0.2269445419 0.08050000191 0.6299445343
v -0.225 0.08050000191 0.6307500076
v -0.2230554581 0.08050000191 0.6299445343
v -0.2222500038 0.08050000191 0.6279999924
v -0.2230554581 0.08050000191 0.6260554504
v -0.225 0.08050000191 0.6252500153
v -0.2269445419 0.08050000191 0.6260554504
v -0.2277499962 0.08050000191 0.6279999924
v -0.2277499962 0.06199999809 0.6279999924
v -0.23 0.06199999809 0.6279999924
v -0.2290450859 0.06199999809 0.6250610733
v -0.2265450859 0.06199999809 0.6232447052
v -0.2234549141 0.06199999809 0.6232447052
v -0.2209549141 0.06199999809 0.6250610733
v -0.22 0.06199999809 0.6279999924
v -0.2209549141 0.06199999809 0.6309389114
v -0.2234549141 0.06199999809 0.6327552795
v -0.2265450859 0.06199999809 0.6327552795
v -0.2290450859 0.06199999809 0.6309389114
v -0.23 0.06099999905 0.6279999924
v -0.2290450859 0.06099999905 0.6309389114
v -0.2265450859 0.06099999905 0.6327552795
v -0.2234549141 0.06099999905 0.6327552795
v -0.2209549141 0.06099999905 0.6309389114
v -0.22 0.06099999905 0.6279999924
v -0.2209549141 0.06099999905 0.6250610733
v -0.2234549141 0.06099999905 0.6232447052
v -0.2265450859 0.06099999905 0.6232447052
v -0.2290450859 0.06099999905 0.6250610733
v -0.23 0.06099999905 0.6279999924
v -0.23 0.06199999809 0.6279999924
v -0.2277499962 0.06099999905 0.6279999924
v -0.2269445419 0.06099999905 0.6299445343
v -0.225 0.06099999905 0.6307500076
v -0.2230554581 0.06099999905 0.6299445343
v -0.2222500038 0.06099999905 0.6279999924
v -0.2230554581 0.06099999905 0.6260554504
v -0.225 0.06099999905 0.6252500153
v -0.2269445419 0.06099999905 0.6260554504
v -0.23 0.06099999905 0.6279999924
v -0.2290450859 0.06099999905 0.6250610733
v -0.2265450859 0.06099999905 0.6232447052
v -0.2234549141 0.06099999905 0.6232447052
v -0.2209549141 0.06099999905 0.6250610733
v -0.22 0.06099999905 0.6279999924
v -0.2209549141 0.06099999905 0.6309389114
v -0.2234549141 0.06099999905 0.6327552795
v -0.2265450859 0.06099999905 0.6327552795
v -0.2290450859 0.06099999905 0.6309389114
v -0.2277499962 0.06199999809 0.6279999924
v -0.2269445419 0.06199999809 0.6260554504
v -0.225 0.06199999809 0.6252500153
v -0.2230554581 0.06199999809 0.6260554504
v -0.2222500038 0.06199999809 0.6279999924
v -0.2230554581 0.06199999809 0.6299445343
v -0.225 0.06199999809 0.6307500076
v -0.2269445419 0.06199999809 0.6299445343
v -0.23 0.06199999809 0.6279999924
v -0.2290450859 0.06199999809 0.6309389114
v -0.2265450859 0.06199999809 0.6327552795
v -0.2234549141 0.06199999809 0.6327552795
v -0.2209549141 0.06199999809 0.6309389114
v -0.22 0.06199999809 0.6279999924
v -0.2209549141 0.06199999809 0.6250610733
v -0.2234549141 0.06199999809 0.6232447052
v -0.2265450859 0.06199999809 0.6232447052
v -0.2290450859 0.06199999809 0.6250610733
v -0.2277499962 0.06199999809 0.6279999924
v -0.2269445419 0.06199999809 0.6299445343
v -0.225 0.06199999809 0.6307500076
v -0.2230554581 0.06199999809 0.6299445343
v -0.2222500038 0.06199999809 0.6279999924
v -0.2230554581 0.06199999809 0.6260554504
v -0.225 0.06199999809 0.6252500153
v -0.2269445419 0.06199999809 0.6260554504
v -0.2277499962 0.06099999905 0.6279999924
v -0.2269445419 0.06099999905 0.6260554504
v -0.225 0.06099999905 0.6252500153
v -0.2230554581 0.06099999905 0.6260554504
v -0.2222500038 0.06099999905 0.6279999924
v -0.2230554581 0.06099999905 0.6299445343
v -0.225 0.06099999905 0.6307500076
v -0.2269445419 0.06099999905 0.6299445343
v -0.2277499962 0.06199999809 0.6279999924
v -0.2277499962 0.06099999905 0.6279999924
v -0.2275 0.08600000381 0.6279999924
v -0.2267677689 0.08600000381 0.6262322235
v -0.225 0.08600000381 0.6254999924
v -0.2232322311 0.08600000381 0.6262322235
v -0.2225 0.08600000381 0.6279999924
v -0.2232322311 0.08600000381 0.6297677612
v -0.225 0.08600000381 0.6304999924
v -0.2267677689 0.08600000381 0.6297677612
v -0.2275 0.06099999905 0.6279999924
v -0.2267677689 0.06099999905 0.6297677612
v -0.225 0.06099999905 0.6304999924
v -0.2232322311 0.06099999905 0.6297677612
v -0.2225 0.06099999905 0.6279999924
v -0.2232322311 0.06099999905 0.6262322235
v -0.225 0.06099999905 0.6254999924
v -0.2267677689 0.06099999905 0.6262322235
v -0.2275 0.06099999905 0.6279999924
v -0.2275 0.08600000381 0.6279999924
v -0.2275 0.08600000381 0.6279999924
v -0.2267677689 0.08600000381 0.6297677612
v -0.225 0.08600000381 0.6304999924
v -0.2232322311 0.08600000381 0.6297677612
v -0.2225 0.08600000381 0.6279999924
v -0.2232322311 0.08600000381 0.6262322235
v -0.225 0.08600000381 0.6254999924
v -0.2267677689 0.08600000381 0.6262322235
v -0.2292499924 0.06099999905 0.6279999924
v -0.2284383202 0.06099999905 0.630498085
v -0.226313324 0.06099999905 0.6320420074
v -0.223686676 0.06099999905 0.6320420074
v -0.2215616798 0.06099999905 0.630498085
v -0.2207500076 0.06099999905 0.6279999924
v -0.2215616798 0.06099999905 0.6255018997
v -0.223686676 0.06099999905 0.6239580154
v -0.226313324 0.06099999905 0.6239580154
v -0.2284383202 0.06099999905 0.6255018997
v -0.2275 0.06099999905 0.6279999924
v -0.2267677689 0.06099999905 0.6262322235
v -0.225 0.06099999905 0.6254999924
v -0.2232322311 0.06099999905 0.6262322235
v -0.2225 0.06099999905 0.6279999924
v -0.2232322311 0.06099999905 0.6297677612
v -0.225 0.06099999905 0.6304999924
v -0.2267677689 0.06099999905 0.6297677612
v -0.2292499924 0.06099999905 0.6279999924
v -0.2284383202 0.06099999905 0.6255018997
v -0.226313324 0.06099999905 0.6239580154
v -0.223686676 0.06099999905 0.6239580154
v -0.2215616798 0.06099999905 0.6255018997
v -0.2207500076 0.06099999905 0.6279999924
v -0.2215616798 0.06099999905 0.630498085
v -0.223686676 0.06099999905 0.6320420074
v -0.226313324 0.06099999905 0.6320420074
v -0.2284383202 0.06099999905 0.630498085
v -0.2292499924 0.05599999905 0.6279999924
v -0.2284383202 0.05599999905 0.630498085
v -0.226313324 0.05599999905 0.6320420074
v -0.223686676 0.05599999905 0.6320420074
v -0.2215616798 0.05599999905 0.630498085
v -0.2207500076 0.05599999905 0.6279999924
v -0.2215616798 0.05599999905 0.6255018997
v -0.223686676 0.05599999905 0.6239580154
v -0.226313324 0.05599999905 0.6239580154
v -0.2284383202 0.05599999905 0.6255018997
v -0.2292499924 0.05599999905 0.6279999924
v -0.2292499924 0.06099999905 0.6279999924
v -0.2292499924 0.05599999905 0.6279999924
v -0.2284383202 0.05599999905 0.6255018997
v -0.226313324 0.05599999905 0.6239580154
v -0.223686676 0.05599999905 0.6239580154
v -0.2215616798 0.05599999905 0.6255018997
v -0.2207500076 0.05599999905 0.6279999924
v -0.2215616798 0.05599999905 0.630498085
v -0.223686676 0.05599999905 0.6320420074
v -0.226313324 0.05599999905 0.6320420074
v -0.2284383202 0.05599999905 0.630498085
v 0.215 0.06050000191 0.07941813946
v 0.235 0.06050000191 0.07941813946
v 0.235 0.08050000191 0.07941813946
v 0.215 0.08050000191 0.07941813946
v 0.2222500038 0.08050000191 0.06941813946
v 0.2230554581 0.08050000191 0.06747359753
v 0.225 0.08050000191 0.06666814327
v 0.2269445419 0.08050000191 0.06747359753
v 0.2277499962 0.08050000191 0.06941813946
v 0.2269445419 0.08050000191 0.07136268616
v 0.225 0.08050000191 0.07216814041
v 0.2230554581 0.08050000191 0.07136268616
v 0.215 0.08050000191 0.05941813946
v 0.215 0.08050000191 0.07941813946
v 0.235 0.08050000191 0.07941813946
v 0.235 0.08050000191 0.05941813946
v 0.2197500038 0.06050000191 0.06941813946
v 0.2205834198 0.06050000191 0.07225650787
v 0.2228190804 0.06050000191 0.07419371128
v 0.2257471466 0.06050000191 0.07461470604
v 0.228438015 0.06050000191 0.07338582516
v 0.2300373459 0.06050000191 0.07089723587
v 0.2300373459 0.06050000191 0.06793904781
v 0.228438015 0.06050000191 0.06545045853
v 0.2257471466 0.06050000191 0.06422157764
v 0.2228190804 0.06050000191 0.0646425724
v 0.2205834198 0.06050000191 0.06657977581
v 0.215 0.06050000191 0.07941813946
v 0.215 0.06050000191 0.05941813946
v 0.235 0.06050000191 0.05941813946
v 0.235 0.06050000191 0.07941813946
v 0.215 0.06050000191 0.05941813946
v 0.215 0.06050000191 0.07941813946
v 0.215 0.08050000191 0.07941813946
v 0.215 0.08050000191 0.05941813946
v 0.235 0.06050000191 0.05941813946
v 0.215 0.06050000191 0.05941813946
v 0.215 0.08050000191 0.05941813946
v 0.235 0.08050000191 0.05941813946
v 0.235 0.06050000191 0.07941813946
v 0.235 0.06050000191 0.05941813946
v 0.235 0.08050000191 0.05941813946
v 0.235 0.08050000191 0.07941813946
v 0.2222500038 0.06199999809 0.06941813946
v 0.2230554581 0.06199999809 0.06747359753
v 0.225 0.06199999809 0.06666814327
v 0.2269445419 0.06199999809 0.06747359753
v 0.2277499962 0.06199999809 0.06941813946
v 0.2269445419 0.06199999809 0.07136268616
v 0.225 0.06199999809 0.07216814041
v 0.2230554581 0.06199999809 0.07136268616
v 0.2222500038 0.08050000191 0.06941813946
v 0.2230554581 0.08050000191 0.07136268616
v 0.225 0.08050000191 0.07216814041
v 0.2269445419 0.08050000191 0.07136268616
v 0.2277499962 0.08050000191 0.06941813946
v 0.2269445419 0.08050000191 0.06747359753
v 0.225 0.08050000191 0.06666814327
v 0.2230554581 0.08050000191 0.06747359753
v 0.2222500038 0.08050000191 0.06941813946
v 0.2222500038 0.06199999809 0.06941813946
v 0.2197500038 0.06199999809 0.06941813946
v 0.2205834198 0.06199999809 0.07225650787
v 0.2228190804 0.06199999809 0.07419371128
v 0.2257471466 0.06199999809 0.07461470604
v 0.228438015 0.06199999809 0.07338582516
v 0.2300373459 0.06199999809 0.07089723587
v 0.2300373459 0.06199999809 0.06793904781
v 0.228438015 0.06199999809 0.06545045853
v 0.2257471466 0.06199999809 0.06422157764
v 0.2228190804 0.06199999809 0.0646425724
v 0.2205834198 0.06199999809 0.06657977581
v 0.2197500038 0.06050000191 0.06941813946
v 0.2205834198 0.06050000191 0.06657977581
v 0.2228190804 0.06050000191 0.0646425724
v 0.2257471466 0.06050000191 0.06422157764
v 0.228438015 0.06050000191 0.06545045853
v 0.2300373459 0.06050000191 0.06793904781
v 0.2300373459 0.06050000191 0.07089723587
v 0.228438015 0.06050000191 0.07338582516
v 0.2257471466 0.06050000191 0.07461470604
v 0.2228190804 0.06050000191 0.07419371128
v 0.2205834198 0.06050000191 0.07225650787
v 0.2197500038 0.06199999809 0.06941813946
v 0.2197500038 0.06050000191 0.06941813946
v 0.2222500038 0.06199999809 0.06941813946
v 0.2230554581 0.06199999809 0.07136268616
v 0.225 0.06199999809 0.07216814041
v 0.2269445419 0.06199999809 0.07136268616
v 0.2277499962 0.06199999809 0.06941813946
v 0.2269445419 0.06199999809 0.06747359753
v 0.225 0.06199999809 0.06666814327
v 0.2230554581 0.06199999809 0.06747359753
v 0.2197500038 0.06199999809 0.06941813946
v 0.2205834198 0.06199999809 0.06657977581
v 0.2228190804 0.06199999809 0.0646425724
v 0.2257471466 0.06199999809 0.06422157764
v 0.228438015 0.06199999809 0.06545045853
v 0.2300373459 0.06199999809 0.06793904781
v 0.2300373459 0.06199999809 0.07089723587
v 0.228438015 0.06199999809 0.07338582516
v 0.2257471466 0.06199999809 0.07461470604
v 0.2228190804 0.06199999809 0.07419371128
v 0.2205834198 0.06199999809 0.07225650787
v 0.2197500038 0.06199999809 0.6279999924
v 0.2205834198 0.06199999809 0.630838356
v 0.2228190804 0.06199999809 0.6327755737
v 0.2257471466 0.06199999809 0.6331965637
v 0.228438015 0.06199999809 0.6319676971
v 0.2300373459 0.06199999809 0.6294791031
v 0.2300373459 0.06199999809 0.6265209198
v 0.228438015 0.06199999809 0.6240323257
v 0.2257471466 0.06199999809 0.622803421
v 0.2228190804 0.06199999809 0.6232244492
v 0.2205834198 0.06199999809 0.6251616287
v 0.2197500038 0.06050000191 0.6279999924
v 0.2205834198 0.06050000191 0.6251616287
v 0.2228190804 0.06050000191 0.6232244492
v 0.2257471466 0.06050000191 0.622803421
v 0.228438015 0.06050000191 0.6240323257
v 0.2300373459 0.06050000191 0.6265209198
v 0.2300373459 0.06050000191 0.6294791031
v 0.228438015 0.06050000191 0.6319676971
v 0.2257471466 0.06050000191 0.6331965637
v 0.2228190804 0.06050000191 0.6327755737
v 0.2205834198 0.06050000191 0.630838356
v 0.2197500038 0.06199999809 0.6279999924
v 0.2197500038 0.06050000191 0.6279999924
v 0.2222500038 0.06199999809 0.6279999924
v 0.2230554581 0.06199999809 0.6299445343
v 0.225 0.06199999809 0.6307500076
v 0.2269445419 0.06199999809 0.6299445343
v 0.2277499962 0.06199999809 0.6279999924
v 0.2269445419 0.06199999809 0.6260554504
v 0.225 0.06199999809 0.6252500153
v 0.2230554581 0.06199999809 0.6260554504
v 0.2197500038 0.06199999809 0.6279999924
v 0.2205834198 0.06199999809 0.6251616287
v 0.2228190804 0.06199999809 0.6232244492
v 0.2257471466 0.06199999809 0.622803421
v 0.228438015 0.06199999809 0.6240323257
v 0.2300373459 0.06199999809 0.6265209198
v 0.2300373459 0.06199999809 0.6294791031
v 0.228438015 0.06199999809 0.6319676971
v 0.2257471466 0.06199999809 0.6331965637
v 0.2228190804 0.06199999809 0.6327755737
v 0.2205834198 0.06199999809 0.630838356
v 0.215 0.06050000191 0.635
v 0.235 0.06050000191 0.635
v 0.235 0.08050000191 0.635
v 0.215 0.08050000191 0.635
v 0.2222500038 0.08050000191 0.6279999924
v 0.2230554581 0.08050000191 0.6260554504
v 0.225 0.08050000191 0.6252500153
v 0.2269445419 0.08050000191 0.6260554504
v 0.2277499962 0.08050000191 0.6279999924
v 0.2269445419 0.08050000191 0.6299445343
v 0.225 0.08050000191 0.6307500076
v 0.2230554581 0.08050000191 0.6299445343
v 0.215 0.08050000191 0.6209999847
v 0.215 0.08050000191 0.635
v 0.235 0.08050000191 0.635
v 0.235 0.08050000191 0.6209999847
v 0.2197500038 0.06050000191 0.6279999924
v 0.2205834198 0.06050000191 0.630838356
v 0.2228190804 0.06050000191 0.6327755737
v 0.2257471466 0.06050000191 0.6331965637
v 0.228438015 0.06050000191 0.6319676971
v 0.2300373459 0.06050000191 0.6294791031
v 0.2300373459 0.06050000191 0.6265209198
v 0.228438015 0.06050000191 0.6240323257
v 0.2257471466 0.06050000191 0.622803421
v 0.2228190804 0.06050000191 0.6232244492
v 0.2205834198 0.06050000191 0.6251616287
v 0.215 0.06050000191 0.635
v 0.215 0.06050000191 0.6209999847
v 0.235 0.06050000191 0.6209999847
v 0.235 0.06050000191 0.635
v 0.215 0.06050000191 0.6209999847
v 0.215 0.06050000191 0.635
v 0.215 0.08050000191 0.635
v 0.215 0.08050000191 0.6209999847
v 0.235 0.06050000191 0.6209999847
v 0.215 0.06050000191 0.6209999847
v 0.215 0.08050000191 0.6209999847
v 0.235 0.08050000191 0.6209999847
v 0.235 0.06050000191 0.635
v 0.235 0.06050000191 0.6209999847
v 0.235 0.08050000191 0.6209999847
v 0.235 0.08050000191 0.635
v 0.2222500038 0.06199999809 0.6279999924
v 0.2230554581 0.06199999809 0.6260554504
v 0.225 0.06199999809 0.6252500153
v 0.2269445419 0.06199999809 0.6260554504
v 0.2277499962 0.06199999809 0.6279999924
v 0.2269445419 0.06199999809 0.6299445343
v 0.225 0.06199999809 0.6307500076
v 0.2230554581 0.06199999809 0.6299445343
v 0.2222500038 0.08050000191 0.6279999924
v 0.2230554581 0.08050000191 0.6299445343
v 0.225 0.08050000191 0.6307500076
v 0.2269445419 0.08050000191 0.6299445343
v 0.2277499962 0.08050000191 0.6279999924
v 0.2269445419 0.08050000191 0.6260554504
v 0.225 0.08050000191 0.6252500153
v 0.2230554581 0.08050000191 0.6260554504
v 0.2222500038 0.08050000191 0.6279999924
v 0.2222500038 0.06199999809 0.6279999924
v 0.2222500038 0.06099999905 0.6279999924
v 0.2230554581 0.06099999905 0.6299445343
v 0.225 0.06099999905 0.6307500076
v 0.2269445419 0.06099999905 0.6299445343
v 0.2277499962 0.06099999905 0.6279999924
v 0.2269445419 0.06099999905 0.6260554504
v 0.225 0.06099999905 0.6252500153
v 0.2230554581 0.06099999905 0.6260554504
v 0.22 0.06099999905 0.6279999924
v 0.2209549141 0.06099999905 0.6250610733
v 0.2234549141 0.06099999905 0.6232447052
v 0.2265450859 0.06099999905 0.6232447052
v 0.2290450859 0.06099999905 0.6250610733
v 0.23 0.06099999905 0.6279999924
v 0.2290450859 0.06099999905 0.6309389114
v 0.2265450859 0.06099999905 0.6327552795
v 0.2234549141 0.06099999905 0.6327552795
v 0.2209549141 0.06099999905 0.6309389114
v 0.2222500038 0.06199999809 0.6279999924
v 0.2230554581 0.06199999809 0.6299445343
v 0.225 0.06199999809 0.6307500076
v 0.2269445419 0.06199999809 0.6299445343
v 0.2277499962 0.06199999809 0.6279999924
v 0.2269445419 0.06199999809 0.6260554504
v 0.225 0.06199999809 0.6252500153
v 0.2230554581 0.06199999809 0.6260554504
v 0.2222500038 0.06099999905 0.6279999924
v 0.2230554581 0.06099999905 0.6260554504
v 0.225 0.06099999905 0.6252500153
v 0.2269445419 0.06099999905 0.6260554504
v 0.2277499962 0.06099999905 0.6279999924
v 0.2269445419 0.06099999905 0.6299445343
v 0.225 0.06099999905 0.6307500076
v 0.2230554581 0.06099999905 0.6299445343
v 0.2222500038 0.06199999809 0.6279999924
v 0.2222500038 0.06099999905 0.6279999924
v 0.2222500038 0.06199999809 0.6279999924
v 0.2230554581 0.06199999809 0.6260554504
v 0.225 0.06199999809 0.6252500153
v 0.2269445419 0.06199999809 0.6260554504
v 0.2277499962 0.06199999809 0.6279999924
v 0.2269445419 0.06199999809 0.6299445343
v 0.225 0.06199999809 0.6307500076
v 0.2230554581 0.06199999809 0.6299445343
v 0.22 0.06199999809 0.6279999924
v 0.2209549141 0.06199999809 0.6309389114
v 0.2234549141 0.06199999809 0.6327552795
v 0.2265450859 0.06199999809 0.6327552795
v 0.2290450859 0.06199999809 0.6309389114
v 0.23 0.06199999809 0.6279999924
v 0.2290450859 0.06199999809 0.6250610733
v 0.2265450859 0.06199999809 0.6232447052
v 0.2234549141 0.06199999809 0.6232447052
v 0.2209549141 0.06199999809 0.6250610733
v 0.22 0.06199999809 0.6279999924
v 0.2209549141 0.06199999809 0.6250610733
v 0.2234549141 0.06199999809 0.6232447052
v 0.2265450859 0.06199999809 0.6232447052
v 0.2290450859 0.06199999809 0.6250610733
v 0.23 0.06199999809 0.6279999924
v 0.2290450859 0.06199999809 0.6309389114
v 0.2265450859 0.06199999809 0.6327552795
v 0.2234549141 0.06199999809 0.6327552795
v 0.2209549141 0.06199999809 0.6309389114
v 0.22 0.06099999905 0.6279999924
v 0.2209549141 0.06099999905 0.6309389114
v 0.2234549141 0.06099999905 0.6327552795
v 0.2265450859 0.06099999905 0.6327552795
v 0.2290450859 0.06099999905 0.6309389114
v 0.23 0.06099999905 0.6279999924
v 0.2290450859 0.06099999905 0.6250610733
v 0.2265450859 0.06099999905 0.6232447052
v 0.2234549141 0.06099999905 0.6232447052
v 0.2209549141 0.06099999905 0.6250610733
v 0.22 0.06099999905 0.6279999924
v 0.22 0.06199999809 0.6279999924
v 0.2225 0.08600000381 0.6279999924
v 0.2232322311 0.08600000381 0.6262322235
v 0.225 0.08600000381 0.6254999924
v 0.2267677689 0.08600000381 0.6262322235
v 0.2275 0.08600000381 0.6279999924
v 0.2267677689 0.08600000381 0.6297677612
v 0.225 0.08600000381 0.6304999924
v 0.2232322311 0.08600000381 0.6297677612
v 0.2225 0.06099999905 0.6279999924
v 0.2232322311 0.06099999905 0.6297677612
v 0.225 0.06099999905 0.6304999924
v 0.2267677689 0.06099999905 0.6297677612
v 0.2275 0.06099999905 0.6279999924
v 0.2267677689 0.06099999905 0.6262322235
v 0.225 0.06099999905 0.6254999924
v 0.2232322311 0.06099999905 0.6262322235
v 0.2225 0.06099999905 0.6279999924
v 0.2225 0.08600000381 0.6279999924
v 0.2225 0.08600000381 0.6279999924
v 0.2232322311 0.08600000381 0.6297677612
v 0.225 0.08600000381 0.6304999924
v 0.2267677689 0.08600000381 0.6297677612
v 0.2275 0.08600000381 0.6279999924
v 0.2267677689 0.08600000381 0.6262322235
v 0.225 0.08600000381 0.6254999924
v 0.2232322311 0.08600000381 0.6262322235
v 0.2207500076 0.06099999905 0.6279999924
v 0.2215616798 0.06099999905 0.630498085
v 0.223686676 0.06099999905 0.6320420074
v 0.226313324 0.06099999905 0.6320420074
v 0.2284383202 0.06099999905 0.630498085
v 0.2292499924 0.06099999905 0.6279999924
v 0.2284383202 0.06099999905 0.6255018997
v 0.226313324 0.06099999905 0.6239580154
v 0.223686676 0.06099999905 0.6239580154
v 0.2215616798 0.06099999905 0.6255018997
v 0.2225 0.06099999905 0.6279999924
v 0.2232322311 0.06099999905 0.6262322235
v 0.225 0.06099999905 0.6254999924
v 0.2267677689 0.06099999905 0.6262322235
v 0.2275 0.06099999905 0.6279999924
v 0.2267677689 0.06099999905 0.6297677612
v 0.225 0.06099999905 0.6304999924
v 0.2232322311 0.06099999905 0.6297677612
v 0.2207500076 0.06099999905 0.6279999924
v 0.2215616798 0.06099999905 0.6255018997
v 0.223686676 0.06099999905 0.6239580154
v 0.226313324 0.06099999905 0.6239580154
v 0.2284383202 0.06099999905 0.6255018997
v 0.2292499924 0.06099999905 0.6279999924
v 0.2284383202 0.06099999905 0.630498085
v 0.226313324 0.06099999905 0.6320420074
v 0.223686676 0.06099999905 0.6320420074
v 0.2215616798 0.06099999905 0.630498085
v 0.2207500076 0.05599999905 0.6279999924
v 0.2215616798 0.05599999905 0.630498085
v 0.223686676 0.05599999905 0.6320420074
v 0.226313324 0.05599999905 0.6320420074
v 0.2284383202 0.05599999905 0.630498085
v 0.2292499924 0.05599999905 0.6279999924
v 0.2284383202 0.05599999905 0.6255018997
v 0.226313324 0.05599999905 0.6239580154
v 0.223686676 0.05599999905 0.6239580154
v 0.2215616798 0.05599999905 0.6255018997
v 0.2207500076 0.05599999905 0.6279999924
v 0.2207500076 0.06099999905 0.6279999924
v 0.2207500076 0.05599999905 0.6279999924
v 0.2215616798 0.05599999905 0.6255018997
v 0.223686676 0.05599999905 0.6239580154
v 0.226313324 0.05599999905 0.6239580154
v 0.2284383202 0.05599999905 0.6255018997
v 0.2292499924 0.05599999905 0.6279999924
v 0.2284383202 0.05599999905 0.630498085
v 0.226313324 0.05599999905 0.6320420074
v 0.223686676 0.05599999905 0.6320420074
v 0.2215616798 0.05599999905 0.630498085
v -0.2086000061 -0.2014999962 0.02799999952
v -0.2077577591 -0.2014999962 0.02568596363
v -0.2056251335 -0.2014999962 0.02445469141
v -0.2031999969 -0.2014999962 0.02488230944
v -0.2016171074 -0.2014999962 0.0267687273
v -0.2016171074 -0.2014999962 0.02923127174
v -0.2031999969 -0.2014999962 0.03111769199
v -0.2056251335 -0.2014999962 0.03154530764
v -0.2077577591 -0.2014999962 0.03031403542
v -0.2104999924 -0.2014999962 0.02799999952
v -0.2096269035 -0.2014999962 0.03097352505
v -0.2072847748 -0.2014999962 0.03300297499
v -0.2042172623 -0.2014999962 0.03344401836
v -0.2013982582 -0.2014999962 0.03215662241
v -0.1997227859 -0.2014999962 0.02954952955
v -0.1997227859 -0.2014999962 0.02645047188
v -0.2013982582 -0.2014999962 0.02384337664
v -0.2042172623 -0.2014999962 0.02255598307
v -0.2072847748 -0.2014999962 0.02299702406
v -0.2096269035 -0.2014999962 0.02502647638
v -0.205 -0.195 0.0225
v -0.2071047592 -0.1971047592 0.02291866302
v -0.2088890839 -0.1988890839 0.02411091328
v -0.2100813293 -0.2000813293 0.02589524031
v -0.2104999924 -0.2004999924 0.02799999952
v -0.2100813293 -0.2000813293 0.03010475874
v -0.2088890839 -0.1988890839 0.03188908815
v -0.2071047592 -0.1971047592 0.03308133841
v -0.205 -0.195 0.03349999905
v -0.2028952408 -0.1971047592 0.03308133841
v -0.2011109161 -0.1988890839 0.03188908815
v -0.1999186707 -0.2000813293 0.03010475874
v -0.1995000076 -0.2004999924 0.02799999952
v -0.1999186707 -0.2000813293 0.02589524031
v -0.2011109161 -0.1988890839 0.02411091328
v -0.2028952408 -0.1971047592 0.02291866302
v -0.2104999924 -0.2014999962 0.02799999952
v -0.2096269035 -0.2014999962 0.02502647638
v -0.2072847748 -0.2014999962 0.02299702406
v -0.2042172623 -0.2014999962 0.02255598307
v -0.2013982582 -0.2014999962 0.02384337664
v -0.1997227859 -0.2014999962 0.02645047188
v -0.1997227859 -0.2014999962 0.02954952955
v -0.2013982582 -0.2014999962 0.03215662241
v -0.2042172623 -0.2014999962 0.03344401836
v -0.2072847748 -0.2014999962 0.03300297499
v -0.2096269035 -0.2014999962 0.03097352505
v -0.2104999924 -0.2004999924 0.02799999952
v -0.2104999924 -0.2014999962 0.02799999952
v -0.205 -0.195 0.03349999905
v -0.2071047592 -0.1928952408 0.03308133841
v -0.2088890839 -0.1911109161 0.03188908815
v -0.2100813293 -0.1899186707 0.03010475874
v -0.2104999924 -0.1895000076 0.02799999952
v -0.2100813293 -0.1899186707 0.02589524031
v -0.2088890839 -0.1911109161 0.02411091328
v -0.2071047592 -0.1928952408 0.02291866302
v -0.205 -0.195 0.0225
v -0.2045000076 -0.1945000076 0.02252277374
v -0.2067531967 -0.1922468185 0.02278690815
v -0.2087080956 -0.1902919006 0.02393798113
v -0.2100321198 -0.1889678764 0.02578015089
v -0.2104999924 -0.1885000038 0.02799999952
v -0.2100321198 -0.1889678764 0.03021984816
v -0.2087080956 -0.1902919006 0.0320620203
v -0.2067531967 -0.1922468185 0.0332130909
v -0.2045000076 -0.1945000076 0.0334772253
v -0.2045000076 -0.1945000076 0.02252277374
v -0.205 -0.195 0.0225
v -0.2028952408 -0.1971047592 0.02291866302
v -0.2011109161 -0.1988890839 0.02411091328
v -0.1999186707 -0.2000813293 0.02589524031
v -0.1995000076 -0.2004999924 0.02799999952
v -0.1999186707 -0.2000813293 0.03010475874
v -0.2011109161 -0.1988890839 0.03188908815
v -0.2028952408 -0.1971047592 0.03308133841
v -0.205 -0.195 0.03349999905
v -0.2045000076 -0.1945000076 0.0334772253
v -0.2022468185 -0.1967531967 0.0332130909
v -0.2002919006 -0.1987080956 0.0320620203
v -0.1989678764 -0.2000321198 0.03021984816
v -0.1985000038 -0.2004999924 0.02799999952
v -0.1989678764 -0.2000321198 0.02578015089
v -0.2002919006 -0.1987080956 0.02393798113
v -0.2022468185 -0.1967531967 0.02278690815
v -0.2139999962 -0.185 0.01799999952
v -0.215 -0.185 0.01799999952
v -0.215 -0.185 0.03799999952
v -0.2139999962 -0.185 0.03799999952
v -0.2045000076 -0.1945000076 0.0334772253
v -0.2067531967 -0.1922468185 0.0332130909
v -0.2087080956 -0.1902919006 0.0320620203
v -0.2100321198 -0.1889678764 0.03021984816
v -0.2104999924 -0.1885000038 0.02799999952
v -0.2100321198 -0.1889678764 0.02578015089
v -0.2087080956 -0.1902919006 0.02393798113
v -0.2067531967 -0.1922468185 0.02278690815
v -0.2045000076 -0.1945000076 0.02252277374
v -0.2022468185 -0.1967531967 0.02278690815
v -0.2002919006 -0.1987080956 0.02393798113
v -0.1989678764 -0.2000321198 0.02578015089
v -0.1985000038 -0.2004999924 0.02799999952
v -0.1989678764 -0.2000321198 0.03021984816
v -0.2002919006 -0.1987080956 0.0320620203
v -0.2022468185 -0.1967531967 0.0332130909
v -0.195 -0.2039999962 0.01799999952
v -0.2139999962 -0.185 0.01799999952
v -0.2139999962 -0.185 0.03799999952
v -0.195 -0.2039999962 0.03799999952
v -0.195 -0.205 0.01799999952
v -0.195 -0.2039999962 0.01799999952
v -0.195 -0.2039999962 0.03799999952
v -0.195 -0.205 0.03799999952
v -0.2086000061 -0.205 0.02799999952
v -0.2077577591 -0.205 0.03031403542
v -0.2056251335 -0.205 0.03154530764
v -0.2031999969 -0.205 0.03111769199
v -0.2016171074 -0.205 0.02923127174
v -0.2016171074 -0.205 0.0267687273
v -0.2031999969 -0.205 0.02488230944
v -0.2056251335 -0.205 0.02445469141
v -0.2077577591 -0.205 0.02568596363
v -0.215 -0.205 0.01799999952
v -0.195 -0.205 0.01799999952
v -0.195 -0.205 0.03799999952
v -0.215 -0.205 0.03799999952
v -0.215 -0.195 0.03160000086
v -0.215 -0.1973140335 0.030757761
v -0.215 -0.1985453033 0.02862513304
v -0.215 -0.1981176949 0.02619999886
v -0.215 -0.1962312698 0.02461710691
v -0.215 -0.1937687302 0.02461710691
v -0.215 -0.1918823051 0.02619999886
v -0.215 -0.1914546967 0.02862513304
v -0.215 -0.1926859665 0.030757761
v -0.215 -0.185 0.01799999952
v -0.215 -0.205 0.01799999952
v -0.215 -0.205 0.03799999952
v -0.215 -0.185 0.03799999952
v -0.215 -0.185 0.03799999952
v -0.215 -0.205 0.03799999952
v -0.195 -0.205 0.03799999952
v -0.195 -0.2039999962 0.03799999952
v -0.2139999962 -0.185 0.03799999952
v -0.215 -0.205 0.01799999952
v -0.215 -0.185 0.01799999952
v -0.2139999962 -0.185 0.01799999952
v -0.195 -0.2039999962 0.01799999952
v -0.195 -0.205 0.01799999952
v -0.2114999962 -0.195 0.03160000086
v -0.2114999962 -0.1973140335 0.030757761
v -0.2114999962 -0.1985453033 0.02862513304
v -0.2114999962 -0.1981176949 0.02619999886
v -0.2114999962 -0.1962312698 0.02461710691
v -0.2114999962 -0.1937687302 0.02461710691
v -0.2114999962 -0.1918823051 0.02619999886
v -0.2114999962 -0.1914546967 0.02862513304
v -0.2114999962 -0.1926859665 0.030757761
v -0.215 -0.195 0.03160000086
v -0.215 -0.1926859665 0.030757761
v -0.215 -0.1914546967 0.02862513304
v -0.215 -0.1918823051 0.02619999886
v -0.215 -0.1937687302 0.02461710691
v -0.215 -0.1962312698 0.02461710691
v -0.215 -0.1981176949 0.02619999886
v -0.215 -0.1985453033 0.02862513304
v -0.215 -0.1973140335 0.030757761
v -0.2114999962 -0.195 0.03160000086
v -0.215 -0.195 0.03160000086
v -0.2086000061 -0.2014999962 0.02799999952
v -0.2077577591 -0.2014999962 0.03031403542
v -0.2056251335 -0.2014999962 0.03154530764
v -0.2031999969 -0.2014999962 0.03111769199
v -0.2016171074 -0.2014999962 0.02923127174
v -0.2016171074 -0.2014999962 0.0267687273
v -0.2031999969 -0.2014999962 0.02488230944
v -0.2056251335 -0.2014999962 0.02445469141
v -0.2077577591 -0.2014999962 0.02568596363
v -0.2086000061 -0.205 0.02799999952
v -0.2077577591 -0.205 0.02568596363
v -0.2056251335 -0.205 0.02445469141
v -0.2031999969 -0.205 0.02488230944
v -0.2016171074 -0.205 0.0267687273
v -0.2016171074 -0.205 0.02923127174
v -0.2031999969 -0.205 0.03111769199
v -0.2056251335 -0.205 0.03154530764
v -0.2077577591 -0.205 0.03031403542
v -0.2086000061 -0.2014999962 0.02799999952
v -0.2086000061 -0.205 0.02799999952
v -0.205 -0.195 0.03349999905
v -0.2071047592 -0.1971047592 0.03308133841
v -0.2088890839 -0.1988890839 0.03188908815
v -0.2100813293 -0.2000813293 0.03010475874
v -0.2104999924 -0.2004999924 0.02799999952
v -0.2100813293 -0.2000813293 0.02589524031
v -0.2088890839 -0.1988890839 0.02411091328
v -0.2071047592 -0.1971047592 0.02291866302
v -0.205 -0.195 0.0225
v -0.2071047592 -0.1928952408 0.02291866302
v -0.2088890839 -0.1911109161 0.02411091328
v -0.2100813293 -0.1899186707 0.02589524031
v -0.2104999924 -0.1895000076 0.02799999952
v -0.2100813293 -0.1899186707 0.03010475874
v -0.2088890839 -0.1911109161 0.03188908815
v -0.2071047592 -0.1928952408 0.03308133841
v -0.2114999962 -0.195 0.03349999905
v -0.2114999962 -0.1920264816 0.03262689352
v -0.2114999962 -0.1899970245 0.03028478146
v -0.2114999962 -0.1895559883 0.02721726894
v -0.2114999962 -0.1908433723 0.02439826488
v -0.2114999962 -0.19345047 0.02272278786
v -0.2114999962 -0.19654953 0.02272278786
v -0.2114999962 -0.1991566277 0.02439826488
v -0.2114999962 -0.2004440117 0.02721726894
v -0.2114999962 -0.2000029755 0.03028478146
v -0.2114999962 -0.1979735184 0.03262689352
v -0.205 -0.195 0.03349999905
v -0.2114999962 -0.195 0.03349999905
v -0.2114999962 -0.195 0.03160000086
v -0.2114999962 -0.1926859665 0.030757761
v -0.2114999962 -0.1914546967 0.02862513304
v -0.2114999962 -0.1918823051 0.02619999886
v -0.2114999962 -0.1937687302 0.02461710691
v -0.2114999962 -0.1962312698 0.02461710691
v -0.2114999962 -0.1981176949 0.02619999886
v -0.2114999962 -0.1985453033 0.02862513304
v -0.2114999962 -0.1973140335 0.030757761
v -0.2114999962 -0.195 0.03349999905
v -0.2114999962 -0.1979735184 0.03262689352
v -0.2114999962 -0.2000029755 0.03028478146
v -0.2114999962 -0.2004440117 0.02721726894
v -0.2114999962 -0.1991566277 0.02439826488
v -0.2114999962 -0.19654953 0.02272278786
v -0.2114999962 -0.19345047 0.02272278786
v -0.2114999962 -0.1908433723 0.02439826488
v -0.2114999962 -0.1895559883 0.02721726894
v -0.2114999962 -0.1899970245 0.03028478146
v -0.2114999962 -0.1920264816 0.03262689352
v 0.2114999962 -0.1986000061 0.02799999952
v 0.2114999962 -0.1977577591 0.03031403542
v 0.2114999962 -0.1956251335 0.03154530764
v 0.2114999962 -0.1931999969 0.03111769199
v 0.2114999962 -0.1916171074 0.02923127174
v 0.2114999962 -0.1916171074 0.0267687273
v 0.2114999962 -0.1931999969 0.02488230944
v 0.2114999962 -0.1956251335 0.02445469141
v 0.2114999962 -0.1977577591 0.02568596363
v 0.215 -0.1986000061 0.02799999952
v 0.215 -0.1977577591 0.02568596363
v 0.215 -0.1956251335 0.02445469141
v 0.215 -0.1931999969 0.02488230944
v 0.215 -0.1916171074 0.0267687273
v 0.215 -0.1916171074 0.02923127174
v 0.215 -0.1931999969 0.03111769199
v 0.215 -0.1956251335 0.03154530764
v 0.215 -0.1977577591 0.03031403542
v 0.2114999962 -0.1986000061 0.02799999952
v 0.215 -0.1986000061 0.02799999952
v 0.205 -0.195 0.0225
v 0.2071047592 -0.1971047592 0.02291866302
v 0.2088890839 -0.1988890839 0.02411091328
v 0.2100813293 -0.2000813293 0.02589524031
v 0.2104999924 -0.2004999924 0.02799999952
v 0.2100813293 -0.2000813293 0.03010475874
v 0.2088890839 -0.1988890839 0.03188908815
v 0.2071047592 -0.1971047592 0.03308133841
v 0.205 -0.195 0.03349999905
v 0.2071047592 -0.1928952408 0.03308133841
v 0.2088890839 -0.1911109161 0.03188908815
v 0.2100813293 -0.1899186707 0.03010475874
v 0.2104999924 -0.1895000076 0.02799999952
v 0.2100813293 -0.1899186707 0.02589524031
v 0.2088890839 -0.1911109161 0.02411091328
v 0.2071047592 -0.1928952408 0.02291866302
v 0.2114999962 -0.2004999924 0.02799999952
v 0.2114999962 -0.1996269035 0.02502647638
v 0.2114999962 -0.1972847748 0.02299702406
v 0.2114999962 -0.1942172623 0.02255598307
v 0.2114999962 -0.1913982582 0.02384337664
v 0.2114999962 -0.1897227859 0.02645047188
v 0.2114999962 -0.1897227859 0.02954952955
v 0.2114999962 -0.1913982582 0.03215662241
v 0.2114999962 -0.1942172623 0.03344401836
v 0.2114999962 -0.1972847748 0.03300297499
v 0.2114999962 -0.1996269035 0.03097352505
v 0.2104999924 -0.2004999924 0.02799999952
v 0.2114999962 -0.2004999924 0.02799999952
v 0.2114999962 -0.1986000061 0.02799999952
v 0.2114999962 -0.1977577591 0.02568596363
v 0.2114999962 -0.1956251335 0.02445469141
v 0.2114999962 -0.1931999969 0.02488230944
v 0.2114999962 -0.1916171074 0.0267687273
v 0.2114999962 -0.1916171074 0.02923127174
v 0.2114999962 -0.1931999969 0.03111769199
v 0.2114999962 -0.1956251335 0.03154530764
v 0.2114999962 -0.1977577591 0.03031403542
v 0.2114999962 -0.2004999924 0.02799999952
v 0.2114999962 -0.1996269035 0.03097352505
v 0.2114999962 -0.1972847748 0.03300297499
v 0.2114999962 -0.1942172623 0.03344401836
v 0.2114999962 -0.1913982582 0.03215662241
v 0.2114999962 -0.1897227859 0.02954952955
v 0.2114999962 -0.1897227859 0.02645047188
v 0.2114999962 -0.1913982582 0.02384337664
v 0.2114999962 -0.1942172623 0.02255598307
v 0.2114999962 -0.1972847748 0.02299702406
v 0.2114999962 -0.1996269035 0.02502647638
v 0.205 -0.195 0.03349999905
v 0.2028952408 -0.1971047592 0.03308133841
v 0.2011109161 -0.1988890839 0.03188908815
v 0.1999186707 -0.2000813293 0.03010475874
v 0.1995000076 -0.2004999924 0.02799999952
v 0.1999186707 -0.2000813293 0.02589524031
v 0.2011109161 -0.1988890839 0.02411091328
v 0.2028952408 -0.1971047592 0.02291866302
v 0.205 -0.195 0.0225
v 0.2045000076 -0.1945000076 0.02252277374
v 0.2022468185 -0.1967531967 0.02278690815
v 0.2002919006 -0.1987080956 0.02393798113
v 0.1989678764 -0.2000321198 0.02578015089
v 0.1985000038 -0.2004999924 0.02799999952
v 0.1989678764 -0.2000321198 0.03021984816
v 0.2002919006 -0.1987080956 0.0320620203
v 0.2022468185 -0.1967531967 0.0332130909
v 0.2045000076 -0.1945000076 0.0334772253
v 0.205 -0.2014999962 0.03160000086
v 0.2026859665 -0.2014999962 0.030757761
v 0.2014546967 -0.2014999962 0.02862513304
v 0.2018823051 -0.2014999962 0.02619999886
v 0.2037687302 -0.2014999962 0.02461710691
v 0.2062312698 -0.2014999962 0.02461710691
v 0.2081176949 -0.2014999962 0.02619999886
v 0.2085453033 -0.2014999962 0.02862513304
v 0.2073140335 -0.2014999962 0.030757761
v 0.205 -0.2014999962 0.03349999905
v 0.2079735184 -0.2014999962 0.03262689352
v 0.2100029755 -0.2014999962 0.03028478146
v 0.2104440117 -0.2014999962 0.02721726894
v 0.2091566277 -0.2014999962 0.02439826488
v 0.20654953 -0.2014999962 0.02272278786
v 0.20345047 -0.2014999962 0.02272278786
v 0.2008433723 -0.2014999962 0.02439826488
v 0.1995559883 -0.2014999962 0.02721726894
v 0.1999970245 -0.2014999962 0.03028478146
v 0.2020264816 -0.2014999962 0.03262689352
v 0.2045000076 -0.1945000076 0.0334772253
v 0.2022468185 -0.1967531967 0.0332130909
v 0.2002919006 -0.1987080956 0.0320620203
v 0.1989678764 -0.2000321198 0.03021984816
v 0.1985000038 -0.2004999924 0.02799999952
v 0.1989678764 -0.2000321198 0.02578015089
v 0.2002919006 -0.1987080956 0.02393798113
v 0.2022468185 -0.1967531967 0.02278690815
v 0.2045000076 -0.1945000076 0.02252277374
v 0.2067531967 -0.1922468185 0.02278690815
v 0.2087080956 -0.1902919006 0.02393798113
v 0.2100321198 -0.1889678764 0.02578015089
v 0.2104999924 -0.1885000038 0.02799999952
v 0.2100321198 -0.1889678764 0.03021984816
v 0.2087080956 -0.1902919006 0.0320620203
v 0.2067531967 -0.1922468185 0.0332130909
v 0.2139999962 -0.185 0.01799999952
v 0.195 -0.2039999962 0.01799999952
v 0.195 -0.2039999962 0.03799999952
v 0.2139999962 -0.185 0.03799999952
v 0.195 -0.2039999962 0.01799999952
v 0.195 -0.205 0.01799999952
v 0.195 -0.205 0.03799999952
v 0.195 -0.2039999962 0.03799999952
v 0.215 -0.205 0.01799999952
v 0.195 -0.205 0.01799999952
v 0.195 -0.2039999962 0.01799999952
v 0.2139999962 -0.185 0.01799999952
v 0.215 -0.185 0.01799999952
v 0.205 -0.195 0.03349999905
v 0.2071047592 -0.1971047592 0.03308133841
v 0.2088890839 -0.1988890839 0.03188908815
v 0.2100813293 -0.2000813293 0.03010475874
v 0.2104999924 -0.2004999924 0.02799999952
v 0.2100813293 -0.2000813293 0.02589524031
v 0.2088890839 -0.1988890839 0.02411091328
v 0.2071047592 -0.1971047592 0.02291866302
v 0.205 -0.195 0.0225
v 0.2028952408 -0.1971047592 0.02291866302
v 0.2011109161 -0.1988890839 0.02411091328
v 0.1999186707 -0.2000813293 0.02589524031
v 0.1995000076 -0.2004999924 0.02799999952
v 0.1999186707 -0.2000813293 0.03010475874
v 0.2011109161 -0.1988890839 0.03188908815
v 0.2028952408 -0.1971047592 0.03308133841
v 0.205 -0.2014999962 0.03349999905
v 0.2020264816 -0.2014999962 0.03262689352
v 0.1999970245 -0.2014999962 0.03028478146
v 0.1995559883 -0.2014999962 0.02721726894
v 0.2008433723 -0.2014999962 0.02439826488
v 0.20345047 -0.2014999962 0.02272278786
v 0.20654953 -0.2014999962 0.02272278786
v 0.2091566277 -0.2014999962 0.02439826488
v 0.2104440117 -0.2014999962 0.02721726894
v 0.2100029755 -0.2014999962 0.03028478146
v 0.2079735184 -0.2014999962 0.03262689352
v 0.205 -0.195 0.03349999905
v 0.205 -0.2014999962 0.03349999905
v 0.215 -0.1986000061 0.02799999952
v 0.215 -0.1977577591 0.03031403542
v 0.215 -0.1956251335 0.03154530764
v 0.215 -0.1931999969 0.03111769199
v 0.215 -0.1916171074 0.02923127174
v 0.215 -0.1916171074 0.0267687273
v 0.215 -0.1931999969 0.02488230944
v 0.215 -0.1956251335 0.02445469141
v 0.215 -0.1977577591 0.02568596363
v 0.215 -0.205 0.01799999952
v 0.215 -0.185 0.01799999952
v 0.215 -0.185 0.03799999952
v 0.215 -0.205 0.03799999952
v 0.215 -0.185 0.01799999952
v 0.2139999962 -0.185 0.01799999952
v 0.2139999962 -0.185 0.03799999952
v 0.215 -0.185 0.03799999952
v 0.205 -0.205 0.03160000086
v 0.2073140335 -0.205 0.030757761
v 0.2085453033 -0.205 0.02862513304
v 0.2081176949 -0.205 0.02619999886
v 0.2062312698 -0.205 0.02461710691
v 0.2037687302 -0.205 0.02461710691
v 0.2018823051 -0.205 0.02619999886
v 0.2014546967 -0.205 0.02862513304
v 0.2026859665 -0.205 0.030757761
v 0.195 -0.205 0.01799999952
v 0.215 -0.205 0.01799999952
v 0.215 -0.205 0.03799999952
v 0.195 -0.205 0.03799999952
v 0.195 -0.205 0.03799999952
v 0.215 -0.205 0.03799999952
v 0.215 -0.185 0.03799999952
v 0.2139999962 -0.185 0.03799999952
v 0.195 -0.2039999962 0.03799999952
v 0.205 -0.2014999962 0.03160000086
v 0.2073140335 -0.2014999962 0.030757761
v 0.2085453033 -0.2014999962 0.02862513304
v 0.2081176949 -0.2014999962 0.02619999886
v 0.2062312698 -0.2014999962 0.02461710691
v 0.2037687302 -0.2014999962 0.02461710691
v 0.2018823051 -0.2014999962 0.02619999886
v 0.2014546967 -0.2014999962 0.02862513304
v 0.2026859665 -0.2014999962 0.030757761
v 0.205 -0.205 0.03160000086
v 0.2026859665 -0.205 0.030757761
v 0.2014546967 -0.205 0.02862513304
v 0.2018823051 -0.205 0.02619999886
v 0.2037687302 -0.205 0.02461710691
v 0.2062312698 -0.205 0.02461710691
v 0.2081176949 -0.205 0.02619999886
v 0.2085453033 -0.205 0.02862513304
v 0.2073140335 -0.205 0.030757761
v 0.205 -0.2014999962 0.03160000086
v 0.205 -0.205 0.03160000086
v 0.2045000076 -0.1945000076 0.02252277374
v 0.205 -0.195 0.0225
v 0.2071047592 -0.1928952408 0.02291866302
v 0.2088890839 -0.1911109161 0.02411091328
v 0.2100813293 -0.1899186707 0.02589524031
v 0.2104999924 -0.1895000076 0.02799999952
v 0.2100813293 -0.1899186707 0.03010475874
v 0.2088890839 -0.1911109161 0.03188908815
v 0.2071047592 -0.1928952408 0.03308133841
v 0.205 -0.195 0.03349999905
v 0.2045000076 -0.1945000076 0.0334772253
v 0.2067531967 -0.1922468185 0.0332130909
v 0.2087080956 -0.1902919006 0.0320620203
v 0.2100321198 -0.1889678764 0.03021984816
v 0.2104999924 -0.1885000038 0.02799999952
v 0.2100321198 -0.1889678764 0.02578015089
v 0.2087080956 -0.1902919006 0.02393798113
v 0.2067531967 -0.1922468185 0.02278690815
v 0.205 0.195 0.03349999905
v 0.2071047592 0.1971047592 0.03308133841
v 0.2088890839 0.1988890839 0.03188908815
v 0.2100813293 0.2000813293 0.03010475874
v 0.2104999924 0.2004999924 0.02799999952
v 0.2100813293 0.2000813293 0.02589524031
v 0.2088890839 0.1988890839 0.02411091328
v 0.2071047592 0.1971047592 0.02291866302
v 0.205 0.195 0.0225
v 0.2071047592 0.1928952408 0.02291866302
v 0.2088890839 0.1911109161 0.02411091328
v 0.2100813293 0.1899186707 0.02589524031
v 0.2104999924 0.1895000076 0.02799999952
v 0.2100813293 0.1899186707 0.03010475874
v 0.2088890839 0.1911109161 0.03188908815
v 0.2071047592 0.1928952408 0.03308133841
v 0.2114999962 0.195 0.03349999905
v 0.2114999962 0.1920264816 0.03262689352
v 0.2114999962 0.1899970245 0.03028478146
v 0.2114999962 0.1895559883 0.02721726894
v 0.2114999962 0.1908433723 0.02439826488
v 0.2114999962 0.19345047 0.02272278786
v 0.2114999962 0.19654953 0.02272278786
v 0.2114999962 0.1991566277 0.02439826488
v 0.2114999962 0.2004440117 0.02721726894
v 0.2114999962 0.2000029755 0.03028478146
v 0.2114999962 0.1979735184 0.03262689352
v 0.205 0.195 0.03349999905
v 0.2114999962 0.195 0.03349999905
v 0.2114999962 0.195 0.03160000086
v 0.2114999962 0.1926859665 0.030757761
v 0.2114999962 0.1914546967 0.02862513304
v 0.2114999962 0.1918823051 0.02619999886
v 0.2114999962 0.1937687302 0.02461710691
v 0.2114999962 0.1962312698 0.02461710691
v 0.2114999962 0.1981176949 0.02619999886
v 0.2114999962 0.1985453033 0.02862513304
v 0.2114999962 0.1973140335 0.030757761
v 0.2114999962 0.195 0.03349999905
v 0.2114999962 0.1979735184 0.03262689352
v 0.2114999962 0.2000029755 0.03028478146
v 0.2114999962 0.2004440117 0.02721726894
v 0.2114999962 0.1991566277 0.02439826488
v 0.2114999962 0.19654953 0.02272278786
v 0.2114999962 0.19345047 0.02272278786
v 0.2114999962 0.1908433723 0.02439826488
v 0.2114999962 0.1895559883 0.02721726894
v 0.2114999962 0.1899970245 0.03028478146
v 0.2114999962 0.1920264816 0.03262689352
v 0.2086000061 0.2014999962 0.02799999952
v 0.2077577591 0.2014999962 0.03031403542
v 0.2056251335 0.2014999962 0.03154530764
v 0.2031999969 0.2014999962 0.03111769199
v 0.2016171074 0.2014999962 0.02923127174
v 0.2016171074 0.2014999962 0.0267687273
v 0.2031999969 0.2014999962 0.02488230944
v 0.2056251335 0.2014999962 0.02445469141
v 0.2077577591 0.2014999962 0.02568596363
v 0.2086000061 0.205 0.02799999952
v 0.2077577591 0.205 0.02568596363
v 0.2056251335 0.205 0.02445469141
v 0.2031999969 0.205 0.02488230944
v 0.2016171074 0.205 0.0267687273
v 0.2016171074 0.205 0.02923127174
v 0.2031999969 0.205 0.03111769199
v 0.2056251335 0.205 0.03154530764
v 0.2077577591 0.205 0.03031403542
v 0.2086000061 0.2014999962 0.02799999952
v 0.2086000061 0.205 0.02799999952
v 0.205 0.195 0.03349999905
v 0.2071047592 0.1928952408 0.03308133841
v 0.2088890839 0.1911109161 0.03188908815
v 0.2100813293 0.1899186707 0.03010475874
v 0.2104999924 0.1895000076 0.02799999952
v 0.2100813293 0.1899186707 0.02589524031
v 0.2088890839 0.1911109161 0.02411091328
v 0.2071047592 0.1928952408 0.02291866302
v 0.205 0.195 0.0225
v 0.2045000076 0.1945000076 0.02252277374
v 0.2067531967 0.1922468185 0.02278690815
v 0.2087080956 0.1902919006 0.02393798113
v 0.2100321198 0.1889678764 0.02578015089
v 0.2104999924 0.1885000038 0.02799999952
v 0.2100321198 0.1889678764 0.03021984816
v 0.2087080956 0.1902919006 0.0320620203
v 0.2067531967 0.1922468185 0.0332130909
v 0.2045000076 0.1945000076 0.0334772253
v 0.2114999962 0.195 0.03160000086
v 0.2114999962 0.1973140335 0.030757761
v 0.2114999962 0.1985453033 0.02862513304
v 0.2114999962 0.1981176949 0.02619999886
v 0.2114999962 0.1962312698 0.02461710691
v 0.2114999962 0.1937687302 0.02461710691
v 0.2114999962 0.1918823051 0.02619999886
v 0.2114999962 0.1914546967 0.02862513304
v 0.2114999962 0.1926859665 0.030757761
v 0.215 0.195 0.03160000086
v 0.215 0.1926859665 0.030757761
v 0.215 0.1914546967 0.02862513304
v 0.215 0.1918823051 0.02619999886
v 0.215 0.1937687302 0.02461710691
v 0.215 0.1962312698 0.02461710691
v 0.215 0.1981176949 0.02619999886
v 0.215 0.1985453033 0.02862513304
v 0.215 0.1973140335 0.030757761
v 0.2114999962 0.195 0.03160000086
v 0.215 0.195 0.03160000086
v 0.215 0.205 0.01799999952
v 0.215 0.185 0.01799999952
v 0.2139999962 0.185 0.01799999952
v 0.195 0.2039999962 0.01799999952
v 0.195 0.205 0.01799999952
v 0.2086000061 0.205 0.02799999952
v 0.2077577591 0.205 0.03031403542
v 0.2056251335 0.205 0.03154530764
v 0.2031999969 0.205 0.03111769199
v 0.2016171074 0.205 0.02923127174
v 0.2016171074 0.205 0.0267687273
v 0.2031999969 0.205 0.02488230944
v 0.2056251335 0.205 0.02445469141
v 0.2077577591 0.205 0.02568596363
v 0.215 0.205 0.01799999952
v 0.195 0.205 0.01799999952
v 0.195 0.205 0.03799999952
v 0.215 0.205 0.03799999952
v 0.215 0.195 0.03160000086
v 0.215 0.1973140335 0.030757761
v 0.215 0.1985453033 0.02862513304
v 0.215 0.1981176949 0.02619999886
v 0.215 0.1962312698 0.02461710691
v 0.215 0.1937687302 0.02461710691
v 0.215 0.1918823051 0.02619999886
v 0.215 0.1914546967 0.02862513304
v 0.215 0.1926859665 0.030757761
v 0.215 0.185 0.01799999952
v 0.215 0.205 0.01799999952
v 0.215 0.205 0.03799999952
v 0.215 0.185 0.03799999952
v 0.215 0.185 0.03799999952
v 0.215 0.205 0.03799999952
v 0.195 0.205 0.03799999952
v 0.195 0.2039999962 0.03799999952
v 0.2139999962 0.185 0.03799999952
v 0.2139999962 0.185 0.01799999952
v 0.215 0.185 0.01799999952
v 0.215 0.185 0.03799999952
v 0.2139999962 0.185 0.03799999952
v 0.2045000076 0.1945000076 0.0334772253
v 0.2067531967 0.1922468185 0.0332130909
v 0.2087080956 0.1902919006 0.0320620203
v 0.2100321198 0.1889678764 0.03021984816
v 0.2104999924 0.1885000038 0.02799999952
v 0.2100321198 0.1889678764 0.02578015089
v 0.2087080956 0.1902919006 0.02393798113
v 0.2067531967 0.1922468185 0.02278690815
v 0.2045000076 0.1945000076 0.02252277374
v 0.2022468185 0.1967531967 0.02278690815
v 0.2002919006 0.1987080956 0.02393798113
v 0.1989678764 0.2000321198 0.02578015089
v 0.1985000038 0.2004999924 0.02799999952
v 0.1989678764 0.2000321198 0.03021984816
v 0.2002919006 0.1987080956 0.0320620203
v 0.2022468185 0.1967531967 0.0332130909
v 0.195 0.2039999962 0.01799999952
v 0.2139999962 0.185 0.01799999952
v 0.2139999962 0.185 0.03799999952
v 0.195 0.2039999962 0.03799999952
v 0.195 0.205 0.01799999952
v 0.195 0.2039999962 0.01799999952
v 0.195 0.2039999962 0.03799999952
v 0.195 0.205 0.03799999952
v 0.205 0.195 0.0225
v 0.2071047592 0.1971047592 0.02291866302
v 0.2088890839 0.1988890839 0.02411091328
v 0.2100813293 0.2000813293 0.02589524031
v 0.2104999924 0.2004999924 0.02799999952
v 0.2100813293 0.2000813293 0.03010475874
v 0.2088890839 0.1988890839 0.03188908815
v 0.2071047592 0.1971047592 0.03308133841
v 0.205 0.195 0.03349999905
v 0.2028952408 0.1971047592 0.03308133841
v 0.2011109161 0.1988890839 0.03188908815
v 0.1999186707 0.2000813293 0.03010475874
v 0.1995000076 0.2004999924 0.02799999952
v 0.1999186707 0.2000813293 0.02589524031
v 0.2011109161 0.1988890839 0.02411091328
v 0.2028952408 0.1971047592 0.02291866302
v 0.2104999924 0.2014999962 0.02799999952
v 0.2096269035 0.2014999962 0.02502647638
v 0.2072847748 0.2014999962 0.02299702406
v 0.2042172623 0.2014999962 0.02255598307
v 0.2013982582 0.2014999962 0.02384337664
v 0.1997227859 0.2014999962 0.02645047188
v 0.1997227859 0.2014999962 0.02954952955
v 0.2013982582 0.2014999962 0.03215662241
v 0.2042172623 0.2014999962 0.03344401836
v 0.2072847748 0.2014999962 0.03300297499
v 0.2096269035 0.2014999962 0.03097352505
v 0.2104999924 0.2004999924 0.02799999952
v 0.2104999924 0.2014999962 0.02799999952
v 0.2086000061 0.2014999962 0.02799999952
v 0.2077577591 0.2014999962 0.02568596363
v 0.2056251335 0.2014999962 0.02445469141
v 0.2031999969 0.2014999962 0.02488230944
v 0.2016171074 0.2014999962 0.0267687273
v 0.2016171074 0.2014999962 0.02923127174
v 0.2031999969 0.2014999962 0.03111769199
v 0.2056251335 0.2014999962 0.03154530764
v 0.2077577591 0.2014999962 0.03031403542
v 0.2104999924 0.2014999962 0.02799999952
v 0.2096269035 0.2014999962 0.03097352505
v 0.2072847748 0.2014999962 0.03300297499
v 0.2042172623 0.2014999962 0.03344401836
v 0.2013982582 0.2014999962 0.03215662241
v 0.1997227859 0.2014999962 0.02954952955
v 0.1997227859 0.2014999962 0.02645047188
v 0.2013982582 0.2014999962 0.02384337664
v 0.2042172623 0.2014999962 0.02255598307
v 0.2072847748 0.2014999962 0.02299702406
v 0.2096269035 0.2014999962 0.02502647638
v 0.2045000076 0.1945000076 0.02252277374
v 0.205 0.195 0.0225
v 0.2028952408 0.1971047592 0.02291866302
v 0.2011109161 0.1988890839 0.02411091328
v 0.1999186707 0.2000813293 0.02589524031
v 0.1995000076 0.2004999924 0.02799999952
v 0.1999186707 0.2000813293 0.03010475874
v 0.2011109161 0.1988890839 0.03188908815
v 0.2028952408 0.1971047592 0.03308133841
v 0.205 0.195 0.03349999905
v 0.2045000076 0.1945000076 0.0334772253
v 0.2022468185 0.1967531967 0.0332130909
v 0.2002919006 0.1987080956 0.0320620203
v 0.1989678764 0.2000321198 0.03021984816
v 0.1985000038 0.2004999924 0.02799999952
v 0.1989678764 0.2000321198 0.02578015089
v 0.2002919006 0.1987080956 0.02393798113
v 0.2022468185 0.1967531967 0.02278690815
v -0.2114999962 0.1986000061 0.02799999952
v -0.2114999962 0.1977577591 0.02568596363
v -0.2114999962 0.1956251335 0.02445469141
v -0.2114999962 0.1931999969 0.02488230944
v -0.2114999962 0.1916171074 0.0267687273
v -0.2114999962 0.1916171074 0.02923127174
v -0.2114999962 0.1931999969 0.03111769199
v -0.2114999962 0.1956251335 0.03154530764
v -0.2114999962 0.1977577591 0.03031403542
v -0.2114999962 0.2004999924 0.02799999952
v -0.2114999962 0.1996269035 0.03097352505
v -0.2114999962 0.1972847748 0.03300297499
v -0.2114999962 0.1942172623 0.03344401836
v -0.2114999962 0.1913982582 0.03215662241
v -0.2114999962 0.1897227859 0.02954952955
v -0.2114999962 0.1897227859 0.02645047188
v -0.2114999962 0.1913982582 0.02384337664
v -0.2114999962 0.1942172623 0.02255598307
v -0.2114999962 0.1972847748 0.02299702406
v -0.2114999962 0.1996269035 0.02502647638
v -0.205 0.195 0.0225
v -0.2071047592 0.1971047592 0.02291866302
v -0.2088890839 0.1988890839 0.02411091328
v -0.2100813293 0.2000813293 0.02589524031
v -0.2104999924 0.2004999924 0.02799999952
v -0.2100813293 0.2000813293 0.03010475874
v -0.2088890839 0.1988890839 0.03188908815
v -0.2071047592 0.1971047592 0.03308133841
v -0.205 0.195 0.03349999905
v -0.2071047592 0.1928952408 0.03308133841
v -0.2088890839 0.1911109161 0.03188908815
v -0.2100813293 0.1899186707 0.03010475874
v -0.2104999924 0.1895000076 0.02799999952
v -0.2100813293 0.1899186707 0.02589524031
v -0.2088890839 0.1911109161 0.02411091328
v -0.2071047592 0.1928952408 0.02291866302
v -0.2114999962 0.2004999924 0.02799999952
v -0.2114999962 0.1996269035 0.02502647638
v -0.2114999962 0.1972847748 0.02299702406
v -0.2114999962 0.1942172623 0.02255598307
v -0.2114999962 0.1913982582 0.02384337664
v -0.2114999962 0.1897227859 0.02645047188
v -0.2114999962 0.1897227859 0.02954952955
v -0.2114999962 0.1913982582 0.03215662241
v -0.2114999962 0.1942172623 0.03344401836
v -0.2114999962 0.1972847748 0.03300297499
v -0.2114999962 0.1996269035 0.03097352505
v -0.2104999924 0.2004999924 0.02799999952
v -0.2114999962 0.2004999924 0.02799999952
v -0.205 0.195 0.03349999905
v -0.2028952408 0.1971047592 0.03308133841
v -0.2011109161 0.1988890839 0.03188908815
v -0.1999186707 0.2000813293 0.03010475874
v -0.1995000076 0.2004999924 0.02799999952
v -0.1999186707 0.2000813293 0.02589524031
v -0.2011109161 0.1988890839 0.02411091328
v -0.2028952408 0.1971047592 0.02291866302
v -0.205 0.195 0.0225
v -0.2045000076 0.1945000076 0.02252277374
v -0.2022468185 0.1967531967 0.02278690815
v -0.2002919006 0.1987080956 0.02393798113
v -0.1989678764 0.2000321198 0.02578015089
v -0.1985000038 0.2004999924 0.02799999952
v -0.1989678764 0.2000321198 0.03021984816
v -0.2002919006 0.1987080956 0.0320620203
v -0.2022468185 0.1967531967 0.0332130909
v -0.2045000076 0.1945000076 0.0334772253
v -0.2045000076 0.1945000076 0.02252277374
v -0.205 0.195 0.0225
v -0.2071047592 0.1928952408 0.02291866302
v -0.2088890839 0.1911109161 0.02411091328
v -0.2100813293 0.1899186707 0.02589524031
v -0.2104999924 0.1895000076 0.02799999952
v -0.2100813293 0.1899186707 0.03010475874
v -0.2088890839 0.1911109161 0.03188908815
v -0.2071047592 0.1928952408 0.03308133841
v -0.205 0.195 0.03349999905
v -0.2045000076 0.1945000076 0.0334772253
v -0.2067531967 0.1922468185 0.0332130909
v -0.2087080956 0.1902919006 0.0320620203
v -0.2100321198 0.1889678764 0.03021984816
v -0.2104999924 0.1885000038 0.02799999952
v -0.2100321198 0.1889678764 0.02578015089
v -0.2087080956 0.1902919006 0.02393798113
v -0.2067531967 0.1922468185 0.02278690815
v -0.205 0.2014999962 0.03160000086
v -0.2026859665 0.2014999962 0.030757761
v -0.2014546967 0.2014999962 0.02862513304
v -0.2018823051 0.2014999962 0.02619999886
v -0.2037687302 0.2014999962 0.02461710691
v -0.2062312698 0.2014999962 0.02461710691
v -0.2081176949 0.2014999962 0.02619999886
v -0.2085453033 0.2014999962 0.02862513304
v -0.2073140335 0.2014999962 0.030757761
v -0.205 0.2014999962 0.03349999905
v -0.2079735184 0.2014999962 0.03262689352
v -0.2100029755 0.2014999962 0.03028478146
v -0.2104440117 0.2014999962 0.02721726894
v -0.2091566277 0.2014999962 0.02439826488
v -0.20654953 0.2014999962 0.02272278786
v -0.20345047 0.2014999962 0.02272278786
v -0.2008433723 0.2014999962 0.02439826488
v -0.1995559883 0.2014999962 0.02721726894
v -0.1999970245 0.2014999962 0.03028478146
v -0.2020264816 0.2014999962 0.03262689352
v -0.205 0.195 0.03349999905
v -0.2071047592 0.1971047592 0.03308133841
v -0.2088890839 0.1988890839 0.03188908815
v -0.2100813293 0.2000813293 0.03010475874
v -0.2104999924 0.2004999924 0.02799999952
v -0.2100813293 0.2000813293 0.02589524031
v -0.2088890839 0.1988890839 0.02411091328
v -0.2071047592 0.1971047592 0.02291866302
v -0.205 0.195 0.0225
v -0.2028952408 0.1971047592 0.02291866302
v -0.2011109161 0.1988890839 0.02411091328
v -0.1999186707 0.2000813293 0.02589524031
v -0.1995000076 0.2004999924 0.02799999952
v -0.1999186707 0.2000813293 0.03010475874
v -0.2011109161 0.1988890839 0.03188908815
v -0.2028952408 0.1971047592 0.03308133841
v -0.205 0.2014999962 0.03349999905
v -0.2020264816 0.2014999962 0.03262689352
v -0.1999970245 0.2014999962 0.03028478146
v -0.1995559883 0.2014999962 0.02721726894
v -0.2008433723 0.2014999962 0.02439826488
v -0.20345047 0.2014999962 0.02272278786
v -0.20654953 0.2014999962 0.02272278786
v -0.2091566277 0.2014999962 0.02439826488
v -0.2104440117 0.2014999962 0.02721726894
v -0.2100029755 0.2014999962 0.03028478146
v -0.2079735184 0.2014999962 0.03262689352
v -0.205 0.195 0.03349999905
v -0.205 0.2014999962 0.03349999905
v -0.205 0.2014999962 0.03160000086
v -0.2073140335 0.2014999962 0.030757761
v -0.2085453033 0.2014999962 0.02862513304
v -0.2081176949 0.2014999962 0.02619999886
v -0.2062312698 0.2014999962 0.02461710691
v -0.2037687302 0.2014999962 0.02461710691
v -0.2018823051 0.2014999962 0.02619999886
v -0.2014546967 0.2014999962 0.02862513304
v -0.2026859665 0.2014999962 0.030757761
v -0.205 0.205 0.03160000086
v -0.2026859665 0.205 0.030757761
v -0.2014546967 0.205 0.02862513304
v -0.2018823051 0.205 0.02619999886
v -0.2037687302 0.205 0.02461710691
v -0.2062312698 0.205 0.02461710691
v -0.2081176949 0.205 0.02619999886
v -0.2085453033 0.205 0.02862513304
v -0.2073140335 0.205 0.030757761
v -0.205 0.2014999962 0.03160000086
v -0.205 0.205 0.03160000086
v -0.2114999962 0.1986000061 0.02799999952
v -0.2114999962 0.1977577591 0.03031403542
v -0.2114999962 0.1956251335 0.03154530764
v -0.2114999962 0.1931999969 0.03111769199
v -0.2114999962 0.1916171074 0.02923127174
v -0.2114999962 0.1916171074 0.0267687273
v -0.2114999962 0.1931999969 0.02488230944
v -0.2114999962 0.1956251335 0.02445469141
v -0.2114999962 0.1977577591 0.02568596363
v -0.215 0.1986000061 0.02799999952
v -0.215 0.1977577591 0.02568596363
v -0.215 0.1956251335 0.02445469141
v -0.215 0.1931999969 0.02488230944
v -0.215 0.1916171074 0.0267687273
v -0.215 0.1916171074 0.02923127174
v -0.215 0.1931999969 0.03111769199
v -0.215 0.1956251335 0.03154530764
v -0.215 0.1977577591 0.03031403542
v -0.2114999962 0.1986000061 0.02799999952
v -0.215 0.1986000061 0.02799999952
v -0.195 0.2039999962 0.01799999952
v -0.195 0.205 0.01799999952
v -0.195 0.205 0.03799999952
v -0.195 0.2039999962 0.03799999952
v -0.2045000076 0.1945000076 0.0334772253
v -0.2022468185 0.1967531967 0.0332130909
v -0.2002919006 0.1987080956 0.0320620203
v -0.1989678764 0.2000321198 0.03021984816
v -0.1985000038 0.2004999924 0.02799999952
v -0.1989678764 0.2000321198 0.02578015089
v -0.2002919006 0.1987080956 0.02393798113
v -0.2022468185 0.1967531967 0.02278690815
v -0.2045000076 0.1945000076 0.02252277374
v -0.2067531967 0.1922468185 0.02278690815
v -0.2087080956 0.1902919006 0.02393798113
v -0.2100321198 0.1889678764 0.02578015089
v -0.2104999924 0.1885000038 0.02799999952
v -0.2100321198 0.1889678764 0.03021984816
v -0.2087080956 0.1902919006 0.0320620203
v -0.2067531967 0.1922468185 0.0332130909
v -0.2139999962 0.185 0.01799999952
v -0.195 0.2039999962 0.01799999952
v -0.195 0.2039999962 0.03799999952
v -0.2139999962 0.185 0.03799999952
v -0.215 0.185 0.01799999952
v -0.2139999962 0.185 0.01799999952
v -0.2139999962 0.185 0.03799999952
v -0.215 0.185 0.03799999952
v -0.215 0.1986000061 0.02799999952
v -0.215 0.1977577591 0.03031403542
v -0.215 0.1956251335 0.03154530764
v -0.215 0.1931999969 0.03111769199
v -0.215 0.1916171074 0.02923127174
v -0.215 0.1916171074 0.0267687273
v -0.215 0.1931999969 0.02488230944
v -0.215 0.1956251335 0.02445469141
v -0.215 0.1977577591 0.02568596363
v -0.215 0.205 0.01799999952
v -0.215 0.185 0.01799999952
v -0.215 0.185 0.03799999952
v -0.215 0.205 0.03799999952
v -0.205 0.205 0.03160000086
v -0.2073140335 0.205 0.030757761
v -0.2085453033 0.205 0.02862513304
v -0.2081176949 0.205 0.02619999886
v -0.2062312698 0.205 0.02461710691
v -0.2037687302 0.205 0.02461710691
v -0.2018823051 0.205 0.02619999886
v -0.2014546967 0.205 0.02862513304
v -0.2026859665 0.205 0.030757761
v -0.195 0.205 0.01799999952
v -0.215 0.205 0.01799999952
v -0.215 0.205 0.03799999952
v -0.195 0.205 0.03799999952
v -0.195 0.205 0.03799999952
v -0.215 0.205 0.03799999952
v -0.215 0.185 0.03799999952
v -0.2139999962 0.185 0.03799999952
v -0.195 0.2039999962 0.03799999952
v -0.215 0.205 0.01799999952
v -0.195 0.205 0.01799999952
v -0.195 0.2039999962 0.01799999952
v -0.2139999962 0.185 0.01799999952
v -0.215 0.185 0.01799999952
v -0.205 0.085 0.605
v -0.2071047592 0.08541866302 0.6071047592
v -0.2088890839 0.08661090851 0.6088890839
v -0.2100813293 0.08839524269 0.6100813293
v -0.2104999924 0.09050000191 0.6104999924
v -0.2100813293 0.09260476112 0.6100813293
v -0.2088890839 0.09438908577 0.6088890839
v -0.2071047592 0.09558134079 0.6071047592
v -0.205 0.09600000381 0.605
v -0.2028952408 0.09558134079 0.6071047592
v -0.2011109161 0.09438908577 0.6088890839
v -0.1999186707 0.09260476112 0.6100813293
v -0.1995000076 0.09050000191 0.6104999924
v -0.1999186707 0.08839524269 0.6100813293
v -0.2011109161 0.08661090851 0.6088890839
v -0.2028952408 0.08541866302 0.6071047592
v -0.2104999924 0.09050000191 0.6115000153
v -0.2096269035 0.087526474 0.6115000153
v -0.2072847748 0.08549702644 0.6115000153
v -0.2042172623 0.08505598068 0.6115000153
v -0.2013982582 0.08634337425 0.6115000153
v -0.1997227859 0.08895047188 0.6115000153
v -0.1997227859 0.09204953194 0.6115000153
v -0.2013982582 0.09465662003 0.6115000153
v -0.2042172623 0.0959440136 0.6115000153
v -0.2072847748 0.09550297737 0.6115000153
v -0.2096269035 0.09347352028 0.6115000153
v -0.2104999924 0.09050000191 0.6104999924
v -0.2104999924 0.09050000191 0.6115000153
v -0.2086000061 0.09050000191 0.6115000153
v -0.2077577591 0.0881859684 0.6115000153
v -0.2056251335 0.08695468903 0.6115000153
v -0.2031999969 0.08738230705 0.6115000153
v -0.2016171074 0.08926873207 0.6115000153
v -0.2016171074 0.09173127174 0.6115000153
v -0.2031999969 0.09361768723 0.6115000153
v -0.2056251335 0.09404530525 0.6115000153
v -0.2077577591 0.09281403542 0.6115000153
v -0.2104999924 0.09050000191 0.6115000153
v -0.2096269035 0.09347352028 0.6115000153
v -0.2072847748 0.09550297737 0.6115000153
v -0.2042172623 0.0959440136 0.6115000153
v -0.2013982582 0.09465662003 0.6115000153
v -0.1997227859 0.09204953194 0.6115000153
v -0.1997227859 0.08895047188 0.6115000153
v -0.2013982582 0.08634337425 0.6115000153
v -0.2042172623 0.08505598068 0.6115000153
v -0.2072847748 0.08549702644 0.6115000153
v -0.2096269035 0.087526474 0.6115000153
v -0.205 0.09600000381 0.605
v -0.2071047592 0.09558134079 0.6028952408
v -0.2088890839 0.09438908577 0.6011109161
v -0.2100813293 0.09260476112 0.5999186707
v -0.2104999924 0.09050000191 0.5995000076
v -0.2100813293 0.08839524269 0.5999186707
v -0.2088890839 0.08661090851 0.6011109161
v -0.2071047592 0.08541866302 0.6028952408
v -0.205 0.085 0.605
v -0.2045000076 0.08502277374 0.6045000076
v -0.2067531967 0.08528691292 0.6022468185
v -0.2087080956 0.08643797874 0.6002919006
v -0.2100321198 0.08828015327 0.5989678574
v -0.2104999924 0.09050000191 0.5984999847
v -0.2100321198 0.09271985054 0.5989678574
v -0.2087080956 0.09456201553 0.6002919006
v -0.2067531967 0.0957130909 0.6022468185
v -0.2045000076 0.09597723007 0.6045000076
v -0.2045000076 0.08502277374 0.6045000076
v -0.205 0.085 0.605
v -0.2028952408 0.08541866302 0.6071047592
v -0.2011109161 0.08661090851 0.6088890839
v -0.1999186707 0.08839524269 0.6100813293
v -0.1995000076 0.09050000191 0.6104999924
v -0.1999186707 0.09260476112 0.6100813293
v -0.2011109161 0.09438908577 0.6088890839
v -0.2028952408 0.09558134079 0.6071047592
v -0.205 0.09600000381 0.605
v -0.2045000076 0.09597723007 0.6045000076
v -0.2022468185 0.0957130909 0.6067531967
v -0.2002919006 0.09456201553 0.6087081146
v -0.1989678764 0.09271985054 0.6100321198
v -0.1985000038 0.09050000191 0.6104999924
v -0.1989678764 0.08828015327 0.6100321198
v -0.2002919006 0.08643797874 0.6087081146
v -0.2022468185 0.08528691292 0.6067531967
v -0.2086000061 0.09050000191 0.6115000153
v -0.2077577591 0.09281403542 0.6115000153
v -0.2056251335 0.09404530525 0.6115000153
v -0.2031999969 0.09361768723 0.6115000153
v -0.2016171074 0.09173127174 0.6115000153
v -0.2016171074 0.08926873207 0.6115000153
v -0.2031999969 0.08738230705 0.6115000153
v -0.2056251335 0.08695468903 0.6115000153
v -0.2077577591 0.0881859684 0.6115000153
v -0.2086000061 0.09050000191 0.615
v -0.2077577591 0.0881859684 0.615
v -0.2056251335 0.08695468903 0.615
v -0.2031999969 0.08738230705 0.615
v -0.2016171074 0.08926873207 0.615
v -0.2016171074 0.09173127174 0.615
v -0.2031999969 0.09361768723 0.615
v -0.2056251335 0.09404530525 0.615
v -0.2077577591 0.09281403542 0.615
v -0.2086000061 0.09050000191 0.6115000153
v -0.2086000061 0.09050000191 0.615
v -0.2045000076 0.09597723007 0.6045000076
v -0.2067531967 0.0957130909 0.6022468185
v -0.2087080956 0.09456201553 0.6002919006
v -0.2100321198 0.09271985054 0.5989678574
v -0.2104999924 0.09050000191 0.5984999847
v -0.2100321198 0.08828015327 0.5989678574
v -0.2087080956 0.08643797874 0.6002919006
v -0.2067531967 0.08528691292 0.6022468185
v -0.2045000076 0.08502277374 0.6045000076
v -0.2022468185 0.08528691292 0.6067531967
v -0.2002919006 0.08643797874 0.6087081146
v -0.1989678764 0.08828015327 0.6100321198
v -0.1985000038 0.09050000191 0.6104999924
v -0.1989678764 0.09271985054 0.6100321198
v -0.2002919006 0.09456201553 0.6087081146
v -0.2022468185 0.0957130909 0.6067531967
v -0.195 0.08050000191 0.6140000153
v -0.2139999962 0.08050000191 0.595
v -0.2139999962 0.1005000019 0.595
v -0.195 0.1005000019 0.6140000153
v -0.2139999962 0.08050000191 0.595
v -0.215 0.08050000191 0.595
v -0.215 0.1005000019 0.595
v -0.2139999962 0.1005000019 0.595
v -0.215 0.08050000191 0.615
v -0.215 0.08050000191 0.595
v -0.2139999962 0.08050000191 0.595
v -0.195 0.08050000191 0.6140000153
v -0.195 0.08050000191 0.615
v -0.2086000061 0.09050000191 0.615
v -0.2077577591 0.09281403542 0.615
v -0.2056251335 0.09404530525 0.615
v -0.2031999969 0.09361768723 0.615
v -0.2016171074 0.09173127174 0.615
v -0.2016171074 0.08926873207 0.615
v -0.2031999969 0.08738230705 0.615
v -0.2056251335 0.08695468903 0.615
v -0.2077577591 0.0881859684 0.615
v -0.215 0.08050000191 0.615
v -0.195 0.08050000191 0.615
v -0.195 0.1005000019 0.615
v -0.215 0.1005000019 0.615
v -0.195 0.08050000191 0.615
v -0.195 0.08050000191 0.6140000153
v -0.195 0.1005000019 0.6140000153
v -0.195 0.1005000019 0.615
v -0.215 0.09409999847 0.605
v -0.215 0.093257761 0.6073140335
v -0.215 0.09112513542 0.6085453033
v -0.215 0.08869999886 0.6081176758
v -0.215 0.0871171093 0.6062312698
v -0.215 0.0871171093 0.6037687302
v -0.215 0.08869999886 0.6018823242
v -0.215 0.09112513542 0.6014546967
v -0.215 0.093257761 0.6026859665
v -0.215 0.08050000191 0.595
v -0.215 0.08050000191 0.615
v -0.215 0.1005000019 0.615
v -0.215 0.1005000019 0.595
v -0.215 0.1005000019 0.595
v -0.215 0.1005000019 0.615
v -0.195 0.1005000019 0.615
v -0.195 0.1005000019 0.6140000153
v -0.2139999962 0.1005000019 0.595
v -0.2114999962 0.09409999847 0.605
v -0.2114999962 0.093257761 0.6073140335
v -0.2114999962 0.09112513542 0.6085453033
v -0.2114999962 0.08869999886 0.6081176758
v -0.2114999962 0.0871171093 0.6062312698
v -0.2114999962 0.0871171093 0.6037687302
v -0.2114999962 0.08869999886 0.6018823242
v -0.2114999962 0.09112513542 0.6014546967
v -0.2114999962 0.093257761 0.6026859665
v -0.215 0.09409999847 0.605
v -0.215 0.093257761 0.6026859665
v -0.215 0.09112513542 0.6014546967
v -0.215 0.08869999886 0.6018823242
v -0.215 0.0871171093 0.6037687302
v -0.215 0.0871171093 0.6062312698
v -0.215 0.08869999886 0.6081176758
v -0.215 0.09112513542 0.6085453033
v -0.215 0.093257761 0.6073140335
v -0.2114999962 0.09409999847 0.605
v -0.215 0.09409999847 0.605
v -0.2114999962 0.09409999847 0.605
v -0.2114999962 0.093257761 0.6026859665
v -0.2114999962 0.09112513542 0.6014546967
v -0.2114999962 0.08869999886 0.6018823242
v -0.2114999962 0.0871171093 0.6037687302
v -0.2114999962 0.0871171093 0.6062312698
v -0.2114999962 0.08869999886 0.6081176758
v -0.2114999962 0.09112513542 0.6085453033
v -0.2114999962 0.093257761 0.6073140335
v -0.2114999962 0.09600000381 0.605
v -0.2114999962 0.0951268959 0.6079735184
v -0.2114999962 0.09278478622 0.6100029755
v -0.2114999962 0.08971726418 0.6104440308
v -0.2114999962 0.08689826965 0.6091566086
v -0.2114999962 0.08522278786 0.60654953
v -0.2114999962 0.08522278786 0.60345047
v -0.2114999962 0.08689826965 0.6008433914
v -0.2114999962 0.08971726418 0.5995559692
v -0.2114999962 0.09278478622 0.5999970245
v -0.2114999962 0.0951268959 0.6020264816
v -0.205 0.09600000381 0.605
v -0.2071047592 0.09558134079 0.6071047592
v -0.2088890839 0.09438908577 0.6088890839
v -0.2100813293 0.09260476112 0.6100813293
v -0.2104999924 0.09050000191 0.6104999924
v -0.2100813293 0.08839524269 0.6100813293
v -0.2088890839 0.08661090851 0.6088890839
v -0.2071047592 0.08541866302 0.6071047592
v -0.205 0.085 0.605
v -0.2071047592 0.08541866302 0.6028952408
v -0.2088890839 0.08661090851 0.6011109161
v -0.2100813293 0.08839524269 0.5999186707
v -0.2104999924 0.09050000191 0.5995000076
v -0.2100813293 0.09260476112 0.5999186707
v -0.2088890839 0.09438908577 0.6011109161
v -0.2071047592 0.09558134079 0.6028952408
v -0.2114999962 0.09600000381 0.605
v -0.2114999962 0.0951268959 0.6020264816
v -0.2114999962 0.09278478622 0.5999970245
v -0.2114999962 0.08971726418 0.5995559692
v -0.2114999962 0.08689826965 0.6008433914
v -0.2114999962 0.08522278786 0.60345047
v -0.2114999962 0.08522278786 0.60654953
v -0.2114999962 0.08689826965 0.6091566086
v -0.2114999962 0.08971726418 0.6104440308
v -0.2114999962 0.09278478622 0.6100029755
v -0.2114999962 0.0951268959 0.6079735184
v -0.205 0.09600000381 0.605
v -0.2114999962 0.09600000381 0.605
v 0.2114999962 0.0868999958 0.605
v 0.2114999962 0.08774224281 0.6026859665
v 0.2114999962 0.08987486839 0.6014546967
v 0.2114999962 0.09229999542 0.6018823242
v 0.2114999962 0.09388289452 0.6037687302
v 0.2114999962 0.09388289452 0.6062312698
v 0.2114999962 0.09229999542 0.6081176758
v 0.2114999962 0.08987486839 0.6085453033
v 0.2114999962 0.08774224281 0.6073140335
v 0.2114999962 0.085 0.605
v 0.2114999962 0.08587310791 0.6079735184
v 0.2114999962 0.08821521759 0.6100029755
v 0.2114999962 0.0912827301 0.6104440308
v 0.2114999962 0.09410173416 0.6091566086
v 0.2114999962 0.09577721596 0.60654953
v 0.2114999962 0.09577721596 0.60345047
v 0.2114999962 0.09410173416 0.6008433914
v 0.2114999962 0.0912827301 0.5995559692
v 0.2114999962 0.08821521759 0.5999970245
v 0.2114999962 0.08587310791 0.6020264816
v 0.205 0.085 0.605
v 0.2071047592 0.08541866302 0.6071047592
v 0.2088890839 0.08661090851 0.6088890839
v 0.2100813293 0.08839524269 0.6100813293
v 0.2104999924 0.09050000191 0.6104999924
v 0.2100813293 0.09260476112 0.6100813293
v 0.2088890839 0.09438908577 0.6088890839
v 0.2071047592 0.09558134079 0.6071047592
v 0.205 0.09600000381 0.605
v 0.2071047592 0.09558134079 0.6028952408
v 0.2088890839 0.09438908577 0.6011109161
v 0.2100813293 0.09260476112 0.5999186707
v 0.2104999924 0.09050000191 0.5995000076
v 0.2100813293 0.08839524269 0.5999186707
v 0.2088890839 0.08661090851 0.6011109161
v 0.2071047592 0.08541866302 0.6028952408
v 0.2114999962 0.085 0.605
v 0.2114999962 0.08587310791 0.6020264816
v 0.2114999962 0.08821521759 0.5999970245
v 0.2114999962 0.0912827301 0.5995559692
v 0.2114999962 0.09410173416 0.6008433914
v 0.2114999962 0.09577721596 0.60345047
v 0.2114999962 0.09577721596 0.60654953
v 0.2114999962 0.09410173416 0.6091566086
v 0.2114999962 0.0912827301 0.6104440308
v 0.2114999962 0.08821521759 0.6100029755
v 0.2114999962 0.08587310791 0.6079735184
v 0.205 0.085 0.605
v 0.2114999962 0.085 0.605
v 0.2086000061 0.09050000191 0.6115000153
v 0.2077577591 0.0881859684 0.6115000153
v 0.2056251335 0.08695468903 0.6115000153
v 0.2031999969 0.08738230705 0.6115000153
v 0.2016171074 0.08926873207 0.6115000153
v 0.2016171074 0.09173127174 0.6115000153
v 0.2031999969 0.09361768723 0.6115000153
v 0.2056251335 0.09404530525 0.6115000153
v 0.2077577591 0.09281403542 0.6115000153
v 0.2086000061 0.09050000191 0.615
v 0.2077577591 0.09281403542 0.615
v 0.2056251335 0.09404530525 0.615
v 0.2031999969 0.09361768723 0.615
v 0.2016171074 0.09173127174 0.615
v 0.2016171074 0.08926873207 0.615
v 0.2031999969 0.08738230705 0.615
v 0.2056251335 0.08695468903 0.615
v 0.2077577591 0.0881859684 0.615
v 0.2086000061 0.09050000191 0.6115000153
v 0.2086000061 0.09050000191 0.615
v 0.205 0.085 0.605
v 0.2071047592 0.08541866302 0.6028952408
v 0.2088890839 0.08661090851 0.6011109161
v 0.2100813293 0.08839524269 0.5999186707
v 0.2104999924 0.09050000191 0.5995000076
v 0.2100813293 0.09260476112 0.5999186707
v 0.2088890839 0.09438908577 0.6011109161
v 0.2071047592 0.09558134079 0.6028952408
v 0.205 0.09600000381 0.605
v 0.2045000076 0.09597723007 0.6045000076
v 0.2067531967 0.0957130909 0.6022468185
v 0.2087080956 0.09456201553 0.6002919006
v 0.2100321198 0.09271985054 0.5989678574
v 0.2104999924 0.09050000191 0.5984999847
v 0.2100321198 0.08828015327 0.5989678574
v 0.2087080956 0.08643797874 0.6002919006
v 0.2067531967 0.08528691292 0.6022468185
v 0.2045000076 0.08502277374 0.6045000076
v 0.2114999962 0.0868999958 0.605
v 0.2114999962 0.08774224281 0.6073140335
v 0.2114999962 0.08987486839 0.6085453033
v 0.2114999962 0.09229999542 0.6081176758
v 0.2114999962 0.09388289452 0.6062312698
v 0.2114999962 0.09388289452 0.6037687302
v 0.2114999962 0.09229999542 0.6018823242
v 0.2114999962 0.08987486839 0.6014546967
v 0.2114999962 0.08774224281 0.6026859665
v 0.215 0.0868999958 0.605
v 0.215 0.08774224281 0.6026859665
v 0.215 0.08987486839 0.6014546967
v 0.215 0.09229999542 0.6018823242
v 0.215 0.09388289452 0.6037687302
v 0.215 0.09388289452 0.6062312698
v 0.215 0.09229999542 0.6081176758
v 0.215 0.08987486839 0.6085453033
v 0.215 0.08774224281 0.6073140335
v 0.2114999962 0.0868999958 0.605
v 0.215 0.0868999958 0.605
v 0.2086000061 0.09050000191 0.6115000153
v 0.2077577591 0.09281403542 0.6115000153
v 0.2056251335 0.09404530525 0.6115000153
v 0.2031999969 0.09361768723 0.6115000153
v 0.2016171074 0.09173127174 0.6115000153
v 0.2016171074 0.08926873207 0.6115000153
v 0.2031999969 0.08738230705 0.6115000153
v 0.2056251335 0.08695468903 0.6115000153
v 0.2077577591 0.0881859684 0.6115000153
v 0.2104999924 0.09050000191 0.6115000153
v 0.2096269035 0.087526474 0.6115000153
v 0.2072847748 0.08549702644 0.6115000153
v 0.2042172623 0.08505598068 0.6115000153
v 0.2013982582 0.08634337425 0.6115000153
v 0.1997227859 0.08895047188 0.6115000153
v 0.1997227859 0.09204953194 0.6115000153
v 0.2013982582 0.09465662003 0.6115000153
v 0.2042172623 0.0959440136 0.6115000153
v 0.2072847748 0.09550297737 0.6115000153
v 0.2096269035 0.09347352028 0.6115000153
v 0.205 0.09600000381 0.605
v 0.2071047592 0.09558134079 0.6071047592
v 0.2088890839 0.09438908577 0.6088890839
v 0.2100813293 0.09260476112 0.6100813293
v 0.2104999924 0.09050000191 0.6104999924
v 0.2100813293 0.08839524269 0.6100813293
v 0.2088890839 0.08661090851 0.6088890839
v 0.2071047592 0.08541866302 0.6071047592
v 0.205 0.085 0.605
v 0.2028952408 0.08541866302 0.6071047592
v 0.2011109161 0.08661090851 0.6088890839
v 0.1999186707 0.08839524269 0.6100813293
v 0.1995000076 0.09050000191 0.6104999924
v 0.1999186707 0.09260476112 0.6100813293
v 0.2011109161 0.09438908577 0.6088890839
v 0.2028952408 0.09558134079 0.6071047592
v 0.2104999924 0.09050000191 0.6115000153
v 0.2096269035 0.09347352028 0.6115000153
v 0.2072847748 0.09550297737 0.6115000153
v 0.2042172623 0.0959440136 0.6115000153
v 0.2013982582 0.09465662003 0.6115000153
v 0.1997227859 0.09204953194 0.6115000153
v 0.1997227859 0.08895047188 0.6115000153
v 0.2013982582 0.08634337425 0.6115000153
v 0.2042172623 0.08505598068 0.6115000153
v 0.2072847748 0.08549702644 0.6115000153
v 0.2096269035 0.087526474 0.6115000153
v 0.2104999924 0.09050000191 0.6104999924
v 0.2104999924 0.09050000191 0.6115000153
v 0.2045000076 0.09597723007 0.6045000076
v 0.205 0.09600000381 0.605
v 0.2028952408 0.09558134079 0.6071047592
v 0.2011109161 0.09438908577 0.6088890839
v 0.1999186707 0.09260476112 0.6100813293
v 0.1995000076 0.09050000191 0.6104999924
v 0.1999186707 0.08839524269 0.6100813293
v 0.2011109161 0.08661090851 0.6088890839
v 0.2028952408 0.08541866302 0.6071047592
v 0.205 0.085 0.605
v 0.2045000076 0.08502277374 0.6045000076
v 0.2022468185 0.08528691292 0.6067531967
v 0.2002919006 0.08643797874 0.6087081146
v 0.1989678764 0.08828015327 0.6100321198
v 0.1985000038 0.09050000191 0.6104999924
v 0.1989678764 0.09271985054 0.6100321198
v 0.2002919006 0.09456201553 0.6087081146
v 0.2022468185 0.0957130909 0.6067531967
v 0.2139999962 0.1005000019 0.595
v 0.215 0.1005000019 0.595
v 0.215 0.08050000191 0.595
v 0.2139999962 0.08050000191 0.595
v 0.195 0.1005000019 0.615
v 0.195 0.1005000019 0.6140000153
v 0.195 0.08050000191 0.6140000153
v 0.195 0.08050000191 0.615
v 0.2086000061 0.09050000191 0.615
v 0.2077577591 0.0881859684 0.615
v 0.2056251335 0.08695468903 0.615
v 0.2031999969 0.08738230705 0.615
v 0.2016171074 0.08926873207 0.615
v 0.2016171074 0.09173127174 0.615
v 0.2031999969 0.09361768723 0.615
v 0.2056251335 0.09404530525 0.615
v 0.2077577591 0.09281403542 0.615
v 0.215 0.1005000019 0.615
v 0.195 0.1005000019 0.615
v 0.195 0.08050000191 0.615
v 0.215 0.08050000191 0.615
v 0.215 0.0868999958 0.605
v 0.215 0.08774224281 0.6073140335
v 0.215 0.08987486839 0.6085453033
v 0.215 0.09229999542 0.6081176758
v 0.215 0.09388289452 0.6062312698
v 0.215 0.09388289452 0.6037687302
v 0.215 0.09229999542 0.6018823242
v 0.215 0.08987486839 0.6014546967
v 0.215 0.08774224281 0.6026859665
v 0.215 0.1005000019 0.595
v 0.215 0.1005000019 0.615
v 0.215 0.08050000191 0.615
v 0.215 0.08050000191 0.595
v 0.2045000076 0.08502277374 0.6045000076
v 0.2067531967 0.08528691292 0.6022468185
v 0.2087080956 0.08643797874 0.6002919006
v 0.2100321198 0.08828015327 0.5989678574
v 0.2104999924 0.09050000191 0.5984999847
v 0.2100321198 0.09271985054 0.5989678574
v 0.2087080956 0.09456201553 0.6002919006
v 0.2067531967 0.0957130909 0.6022468185
v 0.2045000076 0.09597723007 0.6045000076
v 0.2022468185 0.0957130909 0.6067531967
v 0.2002919006 0.09456201553 0.6087081146
v 0.1989678764 0.09271985054 0.6100321198
v 0.1985000038 0.09050000191 0.6104999924
v 0.1989678764 0.08828015327 0.6100321198
v 0.2002919006 0.08643797874 0.6087081146
v 0.2022468185 0.08528691292 0.6067531967
v 0.195 0.1005000019 0.6140000153
v 0.2139999962 0.1005000019 0.595
v 0.2139999962 0.08050000191 0.595
v 0.195 0.08050000191 0.6140000153
v 0.215 0.08050000191 0.595
v 0.215 0.08050000191 0.615
v 0.195 0.08050000191 0.615
v 0.195 0.08050000191 0.6140000153
v 0.2139999962 0.08050000191 0.595
v 0.215 0.1005000019 0.615
v 0.215 0.1005000019 0.595
v 0.2139999962 0.1005000019 0.595
v 0.195 0.1005000019 0.6140000153
v 0.195 0.1005000019 0.615
v -0.2389999962 0.1005000019 0.09800000191
v -0.2389999962 0.02049999952 0.01799999952
v -0.235 0.02049999952 0.01799999952
v -0.235 0.1005000019 0.09800000191
v -0.2389999962 0.1005000019 0.01799999952
v -0.2389999962 0.1005000019 0.09800000191
v -0.235 0.1005000019 0.09800000191
v -0.235 0.1005000019 0.01799999952
v -0.2389999962 0.02049999952 0.01799999952
v -0.2389999962 0.1005000019 0.01799999952
v -0.235 0.1005000019 0.01799999952
v -0.235 0.02049999952 0.01799999952
v -0.235 0.08774999619 0.07800000191
v -0.235 0.08855545998 0.07994454384
v -0.235 0.09050000191 0.08074999809
v -0.235 0.09244454384 0.07994454384
v -0.235 0.09324999809 0.07800000191
v -0.235 0.09244454384 0.07605545521
v -0.235 0.09050000191 0.07525000095
v -0.235 0.08855545998 0.07605545521
v -0.235 0.08774999619 0.04800000191
v -0.235 0.08855545998 0.04994454384
v -0.235 0.09050000191 0.05074999809
v -0.235 0.09244454384 0.04994454384
v -0.235 0.09324999809 0.04800000191
v -0.235 0.09244454384 0.04605545521
v -0.235 0.09050000191 0.04525000095
v -0.235 0.08855545998 0.04605545521
v -0.235 0.07775000095 0.02799999952
v -0.235 0.07855545521 0.02994454384
v -0.235 0.08050000191 0.03075000048
v -0.235 0.08244454384 0.02994454384
v -0.235 0.08324999809 0.02799999952
v -0.235 0.08244454384 0.02605545521
v -0.235 0.08050000191 0.02525000095
v -0.235 0.07855545521 0.02605545521
v -0.235 0.03775000095 0.02799999952
v -0.235 0.03855545521 0.02994454384
v -0.235 0.04050000191 0.03075000048
v -0.235 0.04244454384 0.02994454384
v -0.235 0.04324999809 0.02799999952
v -0.235 0.04244454384 0.02605545521
v -0.235 0.04050000191 0.02525000095
v -0.235 0.03855545521 0.02605545521
v -0.235 0.1005000019 0.09800000191
v -0.235 0.02049999952 0.01799999952
v -0.235 0.1005000019 0.01799999952
v -0.2389999962 0.08774999619 0.07800000191
v -0.2389999962 0.08855545998 0.07605545521
v -0.2389999962 0.09050000191 0.07525000095
v -0.2389999962 0.09244454384 0.07605545521
v -0.2389999962 0.09324999809 0.07800000191
v -0.2389999962 0.09244454384 0.07994454384
v -0.2389999962 0.09050000191 0.08074999809
v -0.2389999962 0.08855545998 0.07994454384
v -0.2389999962 0.08774999619 0.04800000191
v -0.2389999962 0.08855545998 0.04605545521
v -0.2389999962 0.09050000191 0.04525000095
v -0.2389999962 0.09244454384 0.04605545521
v -0.2389999962 0.09324999809 0.04800000191
v -0.2389999962 0.09244454384 0.04994454384
v -0.2389999962 0.09050000191 0.05074999809
v -0.2389999962 0.08855545998 0.04994454384
v -0.2389999962 0.07775000095 0.02799999952
v -0.2389999962 0.07855545521 0.02605545521
v -0.2389999962 0.08050000191 0.02525000095
v -0.2389999962 0.08244454384 0.02605545521
v -0.2389999962 0.08324999809 0.02799999952
v -0.2389999962 0.08244454384 0.02994454384
v -0.2389999962 0.08050000191 0.03075000048
v -0.2389999962 0.07855545521 0.02994454384
v -0.2389999962 0.03775000095 0.02799999952
v -0.2389999962 0.03855545521 0.02605545521
v -0.2389999962 0.04050000191 0.02525000095
v -0.2389999962 0.04244454384 0.02605545521
v -0.2389999962 0.04324999809 0.02799999952
v -0.2389999962 0.04244454384 0.02994454384
v -0.2389999962 0.04050000191 0.03075000048
v -0.2389999962 0.03855545521 0.02994454384
v -0.2389999962 0.02049999952 0.01799999952
v -0.2389999962 0.1005000019 0.09800000191
v -0.2389999962 0.1005000019 0.01799999952
v -0.235 0.08774999619 0.07800000191
v -0.235 0.08855545998 0.07605545521
v -0.235 0.09050000191 0.07525000095
v -0.235 0.09244454384 0.07605545521
v -0.235 0.09324999809 0.07800000191
v -0.235 0.09244454384 0.07994454384
v -0.235 0.09050000191 0.08074999809
v -0.235 0.08855545998 0.07994454384
v -0.2389999962 0.08774999619 0.07800000191
v -0.2389999962 0.08855545998 0.07994454384
v -0.2389999962 0.09050000191 0.08074999809
v -0.2389999962 0.09244454384 0.07994454384
v -0.2389999962 0.09324999809 0.07800000191
v -0.2389999962 0.09244454384 0.07605545521
v -0.2389999962 0.09050000191 0.07525000095
v -0.2389999962 0.08855545998 0.07605545521
v -0.235 0.08774999619 0.07800000191
v -0.2389999962 0.08774999619 0.07800000191
v -0.235 0.08774999619 0.04800000191
v -0.235 0.08855545998 0.04605545521
v -0.235 0.09050000191 0.04525000095
v -0.235 0.09244454384 0.04605545521
v -0.235 0.09324999809 0.04800000191
v -0.235 0.09244454384 0.04994454384
v -0.235 0.09050000191 0.05074999809
v -0.235 0.08855545998 0.04994454384
v -0.2389999962 0.08774999619 0.04800000191
v -0.2389999962 0.08855545998 0.04994454384
v -0.2389999962 0.09050000191 0.05074999809
v -0.2389999962 0.09244454384 0.04994454384
v -0.2389999962 0.09324999809 0.04800000191
v -0.2389999962 0.09244454384 0.04605545521
v -0.2389999962 0.09050000191 0.04525000095
v -0.2389999962 0.08855545998 0.04605545521
v -0.235 0.08774999619 0.04800000191
v -0.2389999962 0.08774999619 0.04800000191
v -0.235 0.03775000095 0.02799999952
v -0.235 0.03855545521 0.02605545521
v -0.235 0.04050000191 0.02525000095
v -0.235 0.04244454384 0.02605545521
v -0.235 0.04324999809 0.02799999952
v -0.235 0.04244454384 0.02994454384
v -0.235 0.04050000191 0.03075000048
v -0.235 0.03855545521 0.02994454384
v -0.2389999962 0.03775000095 0.02799999952
v -0.2389999962 0.03855545521 0.02994454384
v -0.2389999962 0.04050000191 0.03075000048
v -0.2389999962 0.04244454384 0.02994454384
v -0.2389999962 0.04324999809 0.02799999952
v -0.2389999962 0.04244454384 0.02605545521
v -0.2389999962 0.04050000191 0.02525000095
v -0.2389999962 0.03855545521 0.02605545521
v -0.235 0.03775000095 0.02799999952
v -0.2389999962 0.03775000095 0.02799999952
v -0.235 0.07775000095 0.02799999952
v -0.235 0.07855545521 0.02605545521
v -0.235 0.08050000191 0.02525000095
v -0.235 0.08244454384 0.02605545521
v -0.235 0.08324999809 0.02799999952
v -0.235 0.08244454384 0.02994454384
v -0.235 0.08050000191 0.03075000048
v -0.235 0.07855545521 0.02994454384
v -0.2389999962 0.07775000095 0.02799999952
v -0.2389999962 0.07855545521 0.02994454384
v -0.2389999962 0.08050000191 0.03075000048
v -0.2389999962 0.08244454384 0.02994454384
v -0.2389999962 0.08324999809 0.02799999952
v -0.2389999962 0.08244454384 0.02605545521
v -0.2389999962 0.08050000191 0.02525000095
v -0.2389999962 0.07855545521 0.02605545521
v -0.235 0.07775000095 0.02799999952
v -0.2389999962 0.07775000095 0.02799999952
v 0.2389999962 0.08774999619 0.07800000191
v 0.2389999962 0.08855545998 0.07605545521
v 0.2389999962 0.09050000191 0.07525000095
v 0.2389999962 0.09244454384 0.07605545521
v 0.2389999962 0.09324999809 0.07800000191
v 0.2389999962 0.09244454384 0.07994454384
v 0.2389999962 0.09050000191 0.08074999809
v 0.2389999962 0.08855545998 0.07994454384
v 0.235 0.08774999619 0.07800000191
v 0.235 0.08855545998 0.07994454384
v 0.235 0.09050000191 0.08074999809
v 0.235 0.09244454384 0.07994454384
v 0.235 0.09324999809 0.07800000191
v 0.235 0.09244454384 0.07605545521
v 0.235 0.09050000191 0.07525000095
v 0.235 0.08855545998 0.07605545521
v 0.2389999962 0.08774999619 0.07800000191
v 0.235 0.08774999619 0.07800000191
v 0.2389999962 0.08774999619 0.04800000191
v 0.2389999962 0.08855545998 0.04605545521
v 0.2389999962 0.09050000191 0.04525000095
v 0.2389999962 0.09244454384 0.04605545521
v 0.2389999962 0.09324999809 0.04800000191
v 0.2389999962 0.09244454384 0.04994454384
v 0.2389999962 0.09050000191 0.05074999809
v 0.2389999962 0.08855545998 0.04994454384
v 0.235 0.08774999619 0.04800000191
v 0.235 0.08855545998 0.04994454384
v 0.235 0.09050000191 0.05074999809
v 0.235 0.09244454384 0.04994454384
v 0.235 0.09324999809 0.04800000191
v 0.235 0.09244454384 0.04605545521
v 0.235 0.09050000191 0.04525000095
v 0.235 0.08855545998 0.04605545521
v 0.2389999962 0.08774999619 0.04800000191
v 0.235 0.08774999619 0.04800000191
v 0.2389999962 0.03775000095 0.02799999952
v 0.2389999962 0.03855545521 0.02605545521
v 0.2389999962 0.04050000191 0.02525000095
v 0.2389999962 0.04244454384 0.02605545521
v 0.2389999962 0.04324999809 0.02799999952
v 0.2389999962 0.04244454384 0.02994454384
v 0.2389999962 0.04050000191 0.03075000048
v 0.2389999962 0.03855545521 0.02994454384
v 0.235 0.03775000095 0.02799999952
v 0.235 0.03855545521 0.02994454384
v 0.235 0.04050000191 0.03075000048
v 0.235 0.04244454384 0.02994454384
v 0.235 0.04324999809 0.02799999952
v 0.235 0.04244454384 0.02605545521
v 0.235 0.04050000191 0.02525000095
v 0.235 0.03855545521 0.02605545521
v 0.2389999962 0.03775000095 0.02799999952
v 0.235 0.03775000095 0.02799999952
v 0.2389999962 0.07775000095 0.02799999952
v 0.2389999962 0.07855545521 0.02605545521
v 0.2389999962 0.08050000191 0.02525000095
v 0.2389999962 0.08244454384 0.02605545521
v 0.2389999962 0.08324999809 0.02799999952
v 0.2389999962 0.08244454384 0.02994454384
v 0.2389999962 0.08050000191 0.03075000048
v 0.2389999962 0.07855545521 0.02994454384
v 0.235 0.07775000095 0.02799999952
v 0.235 0.07855545521 0.02994454384
v 0.235 0.08050000191 0.03075000048
v 0.235 0.08244454384 0.02994454384
v 0.235 0.08324999809 0.02799999952
v 0.235 0.08244454384 0.02605545521
v 0.235 0.08050000191 0.02525000095
v 0.235 0.07855545521 0.02605545521
v 0.2389999962 0.07775000095 0.02799999952
v 0.235 0.07775000095 0.02799999952
v 0.2389999962 0.08774999619 0.07800000191
v 0.2389999962 0.08855545998 0.07994454384
v 0.2389999962 0.09050000191 0.08074999809
v 0.2389999962 0.09244454384 0.07994454384
v 0.2389999962 0.09324999809 0.07800000191
v 0.2389999962 0.09244454384 0.07605545521
v 0.2389999962 0.09050000191 0.07525000095
v 0.2389999962 0.08855545998 0.07605545521
v 0.2389999962 0.08774999619 0.04800000191
v 0.2389999962 0.08855545998 0.04994454384
v 0.2389999962 0.09050000191 0.05074999809
v 0.2389999962 0.09244454384 0.04994454384
v 0.2389999962 0.09324999809 0.04800000191
v 0.2389999962 0.09244454384 0.04605545521
v 0.2389999962 0.09050000191 0.04525000095
v 0.2389999962 0.08855545998 0.04605545521
v 0.2389999962 0.07775000095 0.02799999952
v 0.2389999962 0.07855545521 0.02994454384
v 0.2389999962 0.08050000191 0.03075000048
v 0.2389999962 0.08244454384 0.02994454384
v 0.2389999962 0.08324999809 0.02799999952
v 0.2389999962 0.08244454384 0.02605545521
v 0.2389999962 0.08050000191 0.02525000095
v 0.2389999962 0.07855545521 0.02605545521
v 0.2389999962 0.03775000095 0.02799999952
v 0.2389999962 0.03855545521 0.02994454384
v 0.2389999962 0.04050000191 0.03075000048
v 0.2389999962 0.04244454384 0.02994454384
v 0.2389999962 0.04324999809 0.02799999952
v 0.2389999962 0.04244454384 0.02605545521
v 0.2389999962 0.04050000191 0.02525000095
v 0.2389999962 0.03855545521 0.02605545521
v 0.2389999962 0.1005000019 0.09800000191
v 0.2389999962 0.02049999952 0.01799999952
v 0.2389999962 0.1005000019 0.01799999952
v 0.235 0.08774999619 0.07800000191
v 0.235 0.08855545998 0.07605545521
v 0.235 0.09050000191 0.07525000095
v 0.235 0.09244454384 0.07605545521
v 0.235 0.09324999809 0.07800000191
v 0.235 0.09244454384 0.07994454384
v 0.235 0.09050000191 0.08074999809
v 0.235 0.08855545998 0.07994454384
v 0.235 0.08774999619 0.04800000191
v 0.235 0.08855545998 0.04605545521
v 0.235 0.09050000191 0.04525000095
v 0.235 0.09244454384 0.04605545521
v 0.235 0.09324999809 0.04800000191
v 0.235 0.09244454384 0.04994454384
v 0.235 0.09050000191 0.05074999809
v 0.235 0.08855545998 0.04994454384
v 0.235 0.07775000095 0.02799999952
v 0.235 0.07855545521 0.02605545521
v 0.235 0.08050000191 0.02525000095
v 0.235 0.08244454384 0.02605545521
v 0.235 0.08324999809 0.02799999952
v 0.235 0.08244454384 0.02994454384
v 0.235 0.08050000191 0.03075000048
v 0.235 0.07855545521 0.02994454384
v 0.235 0.03775000095 0.02799999952
v 0.235 0.03855545521 0.02605545521
v 0.235 0.04050000191 0.02525000095
v 0.235 0.04244454384 0.02605545521
v 0.235 0.04324999809 0.02799999952
v 0.235 0.04244454384 0.02994454384
v 0.235 0.04050000191 0.03075000048
v 0.235 0.03855545521 0.02994454384
v 0.235 0.02049999952 0.01799999952
v 0.235 0.1005000019 0.09800000191
v 0.235 0.1005000019 0.01799999952
v 0.235 0.1005000019 0.09800000191
v 0.235 0.02049999952 0.01799999952
v 0.2389999962 0.02049999952 0.01799999952
v 0.2389999962 0.1005000019 0.09800000191
v 0.235 0.02049999952 0.01799999952
v 0.235 0.1005000019 0.01799999952
v 0.2389999962 0.1005000019 0.01799999952
v 0.2389999962 0.02049999952 0.01799999952
v 0.235 0.1005000019 0.01799999952
v 0.235 0.1005000019 0.09800000191
v 0.2389999962 0.1005000019 0.09800000191
v 0.2389999962 0.1005000019 0.01799999952
f 2 3 1
f 1 3 4
f 6 7 5
f 5 7 8
f 9 10 12
f 12 10 11
f 13 14 16
f 16 14 15
f 17 18 20
f 20 18 19
f 21 22 24
f 24 22 23
f 25 26 28
f 28 26 27
f 29 30 32
f 32 30 31
f 33 34 36
f 36 34 35
f 37 38 40
f 40 38 39
f 41 42 44
f 44 42 43
f 45 46 48
f 48 46 47
f 49 50 52
f 52 50 51
f 53 54 56
f 56 54 55
f 57 58 60
f 60 58 59
f 61 62 64
f 64 62 63
f 65 66 68
f 68 66 67
f 69 70 72
f 72 70 71
f 73 74 76
f 76 74 75
f 77 78 80
f 80 78 79
f 81 82 84
f 84 82 83
f 85 86 88
f 88 86 87
f 89 90 92
f 92 90 91
f 94 106 93
f 93 106 108
f 107 100 99
f 99 100 101
f 99 101 98
f 98 101 102
f 98 102 97
f 97 102 103
f 97 103 96
f 96 103 104
f 96 104 95
f 95 104 105
f 95 105 94
f 94 105 106
f 109 110 112
f 112 110 111
f 113 114 116
f 116 114 115
f 118 119 117
f 117 119 120
f 122 190 121
f 121 190 191
f 121 191 192
f 123 173 122
f 122 173 174
f 122 174 175
f 124 171 123
f 123 171 172
f 123 172 173
f 125 154 124
f 124 154 155
f 124 155 156
f 126 137 125
f 125 137 152
f 125 152 153
f 127 135 126
f 126 135 136
f 126 136 137
f 121 194 127
f 127 194 133
f 127 133 134
f 203 128 131
f 131 128 129
f 131 129 130
f 132 196 131
f 131 196 200
f 131 200 203
f 203 200 201
f 203 201 202
f 196 132 195
f 195 132 133
f 195 133 194
f 134 135 127
f 152 137 151
f 151 137 138
f 151 138 150
f 150 138 139
f 150 139 146
f 146 139 143
f 146 143 145
f 145 143 144
f 140 141 139
f 139 141 142
f 139 142 143
f 146 147 150
f 150 147 148
f 150 148 149
f 153 154 125
f 124 156 171
f 171 156 157
f 171 157 170
f 170 157 158
f 170 158 169
f 169 158 162
f 169 162 165
f 165 162 164
f 164 162 163
f 159 160 158
f 158 160 161
f 158 161 162
f 165 166 169
f 169 166 167
f 169 167 168
f 176 189 175
f 175 189 190
f 175 190 122
f 189 176 184
f 184 176 177
f 184 177 181
f 181 177 180
f 180 177 179
f 179 177 178
f 181 182 184
f 184 182 183
f 189 184 188
f 188 184 185
f 188 185 186
f 186 187 188
f 192 193 121
f 121 193 194
f 197 198 196
f 196 198 199
f 196 199 200
f 205 206 204
f 204 206 207
f 208 209 211
f 211 209 210
f 212 213 215
f 215 213 214
f 216 217 219
f 219 217 218
f 220 221 223
f 223 221 222
f 224 225 227
f 227 225 226
f 228 229 231
f 231 229 230
f 232 233 235
f 235 233 234
f 236 237 239
f 239 237 238
f 240 241 243
f 243 241 242
f 244 245 247
f 247 245 246
f 248 249 251
f 251 249 250
f 252 253 255
f 255 253 254
f 256 257 259
f 259 257 258
f 260 261 263
f 263 261 262
f 264 265 267
f 267 265 266
f 269 270 268
f 268 270 271
f 273 274 272
f 272 274 275
f 283 276 282
f 282 276 277
f 282 277 281
f 281 277 278
f 281 278 280
f 280 278 279
f 284 285 287
f 287 285 286
f 288 289 291
f 291 289 290
f 292 293 295
f 295 293 294
f 296 297 299
f 299 297 298
f 300 301 303
f 303 301 302
f 304 305 307
f 307 305 306
f 308 309 311
f 311 309 310
f 312 313 315
f 315 313 314
f 316 317 319
f 319 317 318
f 320 321 323
f 323 321 322
f 324 325 327
f 327 325 326
f 328 329 331
f 331 329 330
f 332 333 335
f 335 333 334
f 336 337 339
f 339 337 338
f 340 341 343
f 343 341 342
f 344 345 347
f 347 345 346
f 348 349 351
f 351 349 350
f 352 353 355
f 355 353 354
f 363 356 362
f 362 356 357
f 362 357 361
f 361 357 358
f 361 358 360
f 360 358 359
f 365 366 364
f 364 366 367
f 443 368 442
f 442 368 369
f 442 369 370
f 371 372 370
f 370 372 373
f 370 373 442
f 442 373 377
f 442 377 441
f 441 377 378
f 441 378 440
f 440 378 379
f 440 379 445
f 445 379 444
f 444 379 380
f 444 380 381
f 373 374 377
f 377 374 375
f 377 375 376
f 381 382 444
f 444 382 383
f 444 383 450
f 450 383 398
f 450 398 399
f 383 384 398
f 398 384 397
f 397 384 385
f 397 385 396
f 396 385 389
f 396 389 392
f 392 389 391
f 391 389 390
f 386 387 385
f 385 387 388
f 385 388 389
f 392 393 396
f 396 393 394
f 396 394 395
f 399 400 450
f 450 400 449
f 449 400 401
f 449 401 402
f 403 416 402
f 402 416 417
f 402 417 448
f 448 417 418
f 448 418 419
f 416 403 411
f 411 403 404
f 411 404 408
f 408 404 407
f 407 404 406
f 406 404 405
f 408 409 411
f 411 409 410
f 416 411 415
f 415 411 412
f 415 412 413
f 413 414 415
f 448 419 447
f 447 419 420
f 447 420 421
f 447 421 436
f 436 421 422
f 436 422 435
f 435 422 423
f 435 423 434
f 434 423 427
f 434 427 430
f 430 427 428
f 430 428 429
f 424 425 423
f 423 425 426
f 423 426 427
f 430 431 434
f 434 431 432
f 434 432 433
f 447 436 446
f 446 436 437
f 446 437 438
f 446 438 445
f 445 438 439
f 445 439 440
f 448 449 402
f 458 451 457
f 457 451 452
f 457 452 456
f 456 452 453
f 456 453 455
f 455 453 454
f 466 459 465
f 465 459 460
f 465 460 464
f 464 460 461
f 464 461 463
f 463 461 462
f 468 469 467
f 467 469 470
f 472 473 471
f 471 473 474
f 476 477 475
f 475 477 478
f 480 481 479
f 479 481 482
f 484 485 483
f 483 485 486
f 488 489 487
f 487 489 490
f 492 493 491
f 491 493 494
f 502 495 501
f 501 495 496
f 501 496 500
f 500 496 497
f 500 497 499
f 499 497 498
f 503 504 506
f 506 504 505
f 507 508 510
f 510 508 509
f 511 512 514
f 514 512 513
f 515 516 518
f 518 516 517
f 526 519 525
f 525 519 520
f 525 520 524
f 524 520 521
f 524 521 523
f 523 521 522
f 527 528 530
f 530 528 529
f 532 533 531
f 531 533 534
f 535 536 538
f 538 536 537
f 546 539 545
f 545 539 540
f 545 540 544
f 544 540 541
f 544 541 543
f 543 541 542
f 547 548 550
f 550 548 549
f 551 552 554
f 554 552 553
f 555 556 558
f 558 556 557
f 559 560 562
f 562 560 561
f 563 564 566
f 566 564 565
f 567 568 570
f 570 568 569
f 571 572 574
f 574 572 573
f 575 576 578
f 578 576 577
f 579 580 582
f 582 580 581
f 583 584 586
f 586 584 585
f 587 588 590
f 590 588 589
f 591 592 594
f 594 592 593
f 595 596 598
f 598 596 597
f 599 600 602
f 602 600 601
f 603 604 606
f 606 604 605
f 607 608 610
f 610 608 609
f 611 612 614
f 614 612 613
f 615 616 618
f 618 616 617
f 619 620 622
f 622 620 621
f 623 624 626
f 626 624 625
f 627 628 630
f 630 628 629
f 631 632 634
f 634 632 633
f 635 636 638
f 638 636 637
f 639 640 642
f 642 640 641
f 643 644 646
f 646 644 645
f 647 648 650
f 650 648 649
f 651 652 654
f 654 652 653
f 662 655 661
f 661 655 656
f 661 656 660
f 660 656 657
f 660 657 659
f 659 657 658
f 738 663 737
f 737 663 664
f 737 664 665
f 666 667 665
f 665 667 668
f 665 668 737
f 737 668 672
f 737 672 736
f 736 672 673
f 736 673 735
f 735 673 674
f 735 674 740
f 740 674 739
f 739 674 675
f 739 675 676
f 668 669 672
f 672 669 670
f 672 670 671
f 676 677 739
f 739 677 678
f 739 678 745
f 745 678 693
f 745 693 694
f 678 679 693
f 693 679 692
f 692 679 680
f 692 680 691
f 691 680 684
f 691 684 687
f 687 684 686
f 686 684 685
f 681 682 680
f 680 682 683
f 680 683 684
f 687 688 691
f 691 688 689
f 691 689 690
f 694 695 745
f 745 695 744
f 744 695 696
f 744 696 697
f 698 711 697
f 697 711 712
f 697 712 743
f 743 712 713
f 743 713 714
f 711 698 706
f 706 698 699
f 706 699 703
f 703 699 702
f 702 699 701
f 701 699 700
f 703 704 706
f 706 704 705
f 711 706 710
f 710 706 707
f 710 707 708
f 708 709 710
f 743 714 742
f 742 714 715
f 742 715 716
f 742 716 731
f 731 716 717
f 731 717 730
f 730 717 718
f 730 718 729
f 729 718 722
f 729 722 725
f 725 722 723
f 725 723 724
f 719 720 718
f 718 720 721
f 718 721 722
f 725 726 729
f 729 726 727
f 729 727 728
f 742 731 741
f 741 731 732
f 741 732 733
f 741 733 740
f 740 733 734
f 740 734 735
f 743 744 697
f 747 748 746
f 746 748 749
f 751 819 750
f 750 819 820
f 750 820 821
f 752 802 751
f 751 802 803
f 751 803 804
f 753 800 752
f 752 800 801
f 752 801 802
f 754 783 753
f 753 783 784
f 753 784 785
f 755 766 754
f 754 766 781
f 754 781 782
f 756 764 755
f 755 764 765
f 755 765 766
f 750 823 756
f 756 823 762
f 756 762 763
f 832 757 760
f 760 757 758
f 760 758 759
f 761 825 760
f 760 825 829
f 760 829 832
f 832 829 830
f 832 830 831
f 825 761 824
f 824 761 762
f 824 762 823
f 763 764 756
f 781 766 780
f 780 766 767
f 780 767 779
f 779 767 768
f 779 768 775
f 775 768 772
f 775 772 774
f 774 772 773
f 769 770 768
f 768 770 771
f 768 771 772
f 775 776 779
f 779 776 777
f 779 777 778
f 782 783 754
f 753 785 800
f 800 785 786
f 800 786 799
f 799 786 787
f 799 787 798
f 798 787 791
f 798 791 794
f 794 791 793
f 793 791 792
f 788 789 787
f 787 789 790
f 787 790 791
f 794 795 798
f 798 795 796
f 798 796 797
f 805 818 804
f 804 818 819
f 804 819 751
f 818 805 813
f 813 805 806
f 813 806 810
f 810 806 809
f 809 806 808
f 808 806 807
f 810 811 813
f 813 811 812
f 818 813 817
f 817 813 814
f 817 814 815
f 815 816 817
f 821 822 750
f 750 822 823
f 826 827 825
f 825 827 828
f 825 828 829
f 833 834 836
f 836 834 835
f 837 838 840
f 840 838 839
f 841 842 844
f 844 842 843
f 845 846 848
f 848 846 847
f 849 850 852
f 852 850 851
f 853 854 856
f 856 854 855
f 857 858 860
f 860 858 859
f 861 862 864
f 864 862 863
f 865 866 868
f 868 866 867
f 869 870 872
f 872 870 871
f 873 874 876
f 876 874 875
f 877 878 880
f 880 878 879
f 881 882 884
f 884 882 883
f 885 886 888
f 888 886 887
f 889 890 892
f 892 890 891
f 893 894 896
f 896 894 895
f 897 898 900
f 900 898 899
f 902 914 901
f 901 914 916
f 915 908 907
f 907 908 909
f 907 909 906
f 906 909 910
f 906 910 905
f 905 910 911
f 905 911 904
f 904 911 912
f 904 912 903
f 903 912 913
f 903 913 902
f 902 913 914
f 917 918 920
f 920 918 919
f 921 922 924
f 924 922 923
f 925 926 928
f 928 926 927
f 929 930 932
f 932 930 931
f 933 934 936
f 936 934 935
f 937 938 940
f 940 938 939
f 941 942 944
f 944 942 943
f 945 946 948
f 948 946 947
f 949 950 952
f 952 950 951
f 953 954 956
f 956 954 955
f 957 958 960
f 960 958 959
f 961 962 964
f 964 962 963
f 965 966 968
f 968 966 967
f 969 970 972
f 972 970 971
f 973 974 976
f 976 974 975
f 977 978 980
f 980 978 979
f 981 982 984
f 984 982 983
f 985 986 988
f 988 986 987
f 989 990 992
f 992 990 991
f 993 994 996
f 996 994 995
f 997 998 1000
f 1000 998 999
f 1001 1002 1004
f 1004 1002 1003
f 1005 1006 1008
f 1008 1006 1007
f 1009 1010 1012
f 1012 1010 1011
f 1013 1014 1016
f 1016 1014 1015
f 1017 1018 1020
f 1020 1018 1019
f 1021 1022 1024
f 1024 1022 1023
f 1025 1026 1028
f 1028 1026 1027
f 1029 1030 1032
f 1032 1030 1031
f 1033 1034 1036
f 1036 1034 1035
f 1037 1038 1040
f 1040 1038 1039
f 1048 1041 1047
f 1047 1041 1042
f 1047 1042 1046
f 1046 1042 1043
f 1046 1043 1045
f 1045 1043 1044
f 1049 1050 1052
f 1052 1050 1051
f 1053 1054 1056
f 1056 1054 1055
f 1057 1058 1060
f 1060 1058 1059
f 1061 1062 1064
f 1064 1062 1063
f 1065 1066 1068
f 1068 1066 1067
f 1069 1070 1072
f 1072 1070 1071
f 1073 1074 1076
f 1076 1074 1075
f 1077 1078 1080
f 1080 1078 1079
f 1081 1082 1084
f 1084 1082 1083
f 1085 1086 1088
f 1088 1086 1087
f 1089 1090 1092
f 1092 1090 1091
f 1093 1094 1096
f 1096 1094 1095
f 1097 1098 1100
f 1100 1098 1099
f 1101 1102 1104
f 1104 1102 1103
f 1105 1106 1108
f 1108 1106 1107
f 1109 1110 1112
f 1112 1110 1111
f 1113 1114 1116
f 1116 1114 1115
f 1117 1118 1120
f 1120 1118 1119
f 1121 1122 1124
f 1124 1122 1123
f 1126 1138 1125
f 1125 1138 1140
f 1139 1132 1131
f 1131 1132 1133
f 1131 1133 1130
f 1130 1133 1134
f 1130 1134 1129
f 1129 1134 1135
f 1129 1135 1128
f 1128 1135 1136
f 1128 1136 1127
f 1127 1136 1137
f 1127 1137 1126
f 1126 1137 1138
f 1141 1142 1144
f 1144 1142 1143
f 1145 1146 1148
f 1148 1146 1147
f 1149 1150 1152
f 1152 1150 1151
f 1153 1154 1156
f 1156 1154 1155
f 1158 1159 1157
f 1157 1159 1160
f 1236 1161 1235
f 1235 1161 1162
f 1235 1162 1163
f 1164 1165 1163
f 1163 1165 1166
f 1163 1166 1235
f 1235 1166 1170
f 1235 1170 1234
f 1234 1170 1171
f 1234 1171 1233
f 1233 1171 1172
f 1233 1172 1238
f 1238 1172 1237
f 1237 1172 1173
f 1237 1173 1174
f 1166 1167 1170
f 1170 1167 1168
f 1170 1168 1169
f 1174 1175 1237
f 1237 1175 1176
f 1237 1176 1243
f 1243 1176 1191
f 1243 1191 1192
f 1176 1177 1191
f 1191 1177 1190
f 1190 1177 1178
f 1190 1178 1189
f 1189 1178 1182
f 1189 1182 1185
f 1185 1182 1184
f 1184 1182 1183
f 1179 1180 1178
f 1178 1180 1181
f 1178 1181 1182
f 1185 1186 1189
f 1189 1186 1187
f 1189 1187 1188
f 1192 1193 1243
f 1243 1193 1242
f 1242 1193 1194
f 1242 1194 1195
f 1196 1209 1195
f 1195 1209 1210
f 1195 1210 1241
f 1241 1210 1211
f 1241 1211 1212
f 1209 1196 1204
f 1204 1196 1197
f 1204 1197 1201
f 1201 1197 1200
f 1200 1197 1199
f 1199 1197 1198
f 1201 1202 1204
f 1204 1202 1203
f 1209 1204 1208
f 1208 1204 1205
f 1208 1205 1206
f 1206 1207 1208
f 1241 1212 1240
f 1240 1212 1213
f 1240 1213 1214
f 1240 1214 1229
f 1229 1214 1215
f 1229 1215 1228
f 1228 1215 1216
f 1228 1216 1227
f 1227 1216 1220
f 1227 1220 1223
f 1223 1220 1221
f 1223 1221 1222
f 1217 1218 1216
f 1216 1218 1219
f 1216 1219 1220
f 1223 1224 1227
f 1227 1224 1225
f 1227 1225 1226
f 1240 1229 1239
f 1239 1229 1230
f 1239 1230 1231
f 1239 1231 1238
f 1238 1231 1232
f 1238 1232 1233
f 1241 1242 1195
f 1244 1245 1247
f 1247 1245 1246
f 1248 1249 1251
f 1251 1249 1250
f 1252 1253 1255
f 1255 1253 1254
f 1263 1256 1262
f 1262 1256 1257
f 1262 1257 1261
f 1261 1257 1258
f 1261 1258 1260
f 1260 1258 1259
f 1265 1266 1264
f 1264 1266 1267
f 1275 1268 1274
f 1274 1268 1269
f 1274 1269 1273
f 1273 1269 1270
f 1273 1270 1272
f 1272 1270 1271
f 1277 1345 1276
f 1276 1345 1346
f 1276 1346 1347
f 1278 1328 1277
f 1277 1328 1329
f 1277 1329 1330
f 1279 1326 1278
f 1278 1326 1327
f 1278 1327 1328
f 1280 1309 1279
f 1279 1309 1310
f 1279 1310 1311
f 1281 1292 1280
f 1280 1292 1307
f 1280 1307 1308
f 1282 1290 1281
f 1281 1290 1291
f 1281 1291 1292
f 1276 1349 1282
f 1282 1349 1288
f 1282 1288 1289
f 1358 1283 1286
f 1286 1283 1284
f 1286 1284 1285
f 1287 1351 1286
f 1286 1351 1355
f 1286 1355 1358
f 1358 1355 1356
f 1358 1356 1357
f 1351 1287 1350
f 1350 1287 1288
f 1350 1288 1349
f 1289 1290 1282
f 1307 1292 1306
f 1306 1292 1293
f 1306 1293 1305
f 1305 1293 1294
f 1305 1294 1301
f 1301 1294 1298
f 1301 1298 1300
f 1300 1298 1299
f 1295 1296 1294
f 1294 1296 1297
f 1294 1297 1298
f 1301 1302 1305
f 1305 1302 1303
f 1305 1303 1304
f 1308 1309 1280
f 1279 1311 1326
f 1326 1311 1312
f 1326 1312 1325
f 1325 1312 1313
f 1325 1313 1324
f 1324 1313 1317
f 1324 1317 1320
f 1320 1317 1319
f 1319 1317 1318
f 1314 1315 1313
f 1313 1315 1316
f 1313 1316 1317
f 1320 1321 1324
f 1324 1321 1322
f 1324 1322 1323
f 1331 1344 1330
f 1330 1344 1345
f 1330 1345 1277
f 1344 1331 1339
f 1339 1331 1332
f 1339 1332 1336
f 1336 1332 1335
f 1335 1332 1334
f 1334 1332 1333
f 1336 1337 1339
f 1339 1337 1338
f 1344 1339 1343
f 1343 1339 1340
f 1343 1340 1341
f 1341 1342 1343
f 1347 1348 1276
f 1276 1348 1349
f 1352 1353 1351
f 1351 1353 1354
f 1351 1354 1355
f 1360 1361 1359
f 1359 1361 1362
f 1364 1365 1363
f 1363 1365 1366
f 1368 1369 1367
f 1367 1369 1370
f 1372 1373 1371
f 1371 1373 1374
f 1376 1377 1375
f 1375 1377 1378
f 1386 1379 1385
f 1385 1379 1380
f 1385 1380 1384
f 1384 1380 1381
f 1384 1381 1383
f 1383 1381 1382
f 1387 1388 1390
f 1390 1388 1389
f 1392 1393 1391
f 1391 1393 1394
f 1395 1396 1398
f 1398 1396 1397
f 1399 1400 1402
f 1402 1400 1401
f 1403 1404 1406
f 1406 1404 1405
f 1407 1408 1410
f 1410 1408 1409
f 1412 1413 1411
f 1411 1413 1414
f 1490 1415 1489
f 1489 1415 1416
f 1489 1416 1417
f 1418 1419 1417
f 1417 1419 1420
f 1417 1420 1489
f 1489 1420 1424
f 1489 1424 1488
f 1488 1424 1425
f 1488 1425 1487
f 1487 1425 1426
f 1487 1426 1492
f 1492 1426 1491
f 1491 1426 1427
f 1491 1427 1428
f 1420 1421 1424
f 1424 1421 1422
f 1424 1422 1423
f 1428 1429 1491
f 1491 1429 1430
f 1491 1430 1497
f 1497 1430 1445
f 1497 1445 1446
f 1430 1431 1445
f 1445 1431 1444
f 1444 1431 1432
f 1444 1432 1443
f 1443 1432 1436
f 1443 1436 1439
f 1439 1436 1438
f 1438 1436 1437
f 1433 1434 1432
f 1432 1434 1435
f 1432 1435 1436
f 1439 1440 1443
f 1443 1440 1441
f 1443 1441 1442
f 1446 1447 1497
f 1497 1447 1496
f 1496 1447 1448
f 1496 1448 1449
f 1450 1463 1449
f 1449 1463 1464
f 1449 1464 1495
f 1495 1464 1465
f 1495 1465 1466
f 1463 1450 1458
f 1458 1450 1451
f 1458 1451 1455
f 1455 1451 1454
f 1454 1451 1453
f 1453 1451 1452
f 1455 1456 1458
f 1458 1456 1457
f 1463 1458 1462
f 1462 1458 1459
f 1462 1459 1460
f 1460 1461 1462
f 1495 1466 1494
f 1494 1466 1467
f 1494 1467 1468
f 1494 1468 1483
f 1483 1468 1469
f 1483 1469 1482
f 1482 1469 1470
f 1482 1470 1481
f 1481 1470 1474
f 1481 1474 1477
f 1477 1474 1475
f 1477 1475 1476
f 1471 1472 1470
f 1470 1472 1473
f 1470 1473 1474
f 1477 1478 1481
f 1481 1478 1479
f 1481 1479 1480
f 1494 1483 1493
f 1493 1483 1484
f 1493 1484 1485
f 1493 1485 1492
f 1492 1485 1486
f 1492 1486 1487
f 1495 1496 1449
f 1498 1499 1501
f 1501 1499 1500
f 1502 1503 1505
f 1505 1503 1504
f 1513 1506 1512
f 1512 1506 1507
f 1512 1507 1511
f 1511 1507 1508
f 1511 1508 1510
f 1510 1508 1509
f 1514 1515 1517
f 1517 1515 1516
f 1518 1519 1521
f 1521 1519 1520
f 1522 1523 1525
f 1525 1523 1524
f 1526 1527 1529
f 1529 1527 1528
f 1530 1531 1533
f 1533 1531 1532
f 1534 1535 1537
f 1537 1535 1536
f 1538 1539 1541
f 1541 1539 1540
f 1542 1543 1545
f 1545 1543 1544
f 1546 1547 1549
f 1549 1547 1548
f 1550 1551 1553
f 1553 1551 1552
f 1554 1555 1557
f 1557 1555 1556
f 1558 1559 1561
f 1561 1559 1560
f 1562 1563 1565
f 1565 1563 1564
f 1566 1567 1569
f 1569 1567 1568
f 1570 1571 1573
f 1573 1571 1572
f 1574 1575 1577
f 1577 1575 1576
f 1578 1579 1581
f 1581 1579 1580
f 1582 1583 1585
f 1585 1583 1584
f 1586 1587 1589
f 1589 1587 1588
f 1590 1591 1593
f 1593 1591 1592
f 1594 1595 1597
f 1597 1595 1596
f 1598 1599 1601
f 1601 1599 1600
f 1603 1615 1602
f 1602 1615 1617
f 1616 1609 1608
f 1608 1609 1610
f 1608 1610 1607
f 1607 1610 1611
f 1607 1611 1606
f 1606 1611 1612
f 1606 1612 1605
f 1605 1612 1613
f 1605 1613 1604
f 1604 1613 1614
f 1604 1614 1603
f 1603 1614 1615
f 1618 1619 1621
f 1621 1619 1620
f 1622 1623 1625
f 1625 1623 1624
f 1626 1627 1629
f 1629 1627 1628
f 1630 1631 1633
f 1633 1631 1632
f 1634 1635 1637
f 1637 1635 1636
f 1638 1639 1641
f 1641 1639 1640
f 1642 1643 1645
f 1645 1643 1644
f 1646 1647 1649
f 1649 1647 1648
f 1650 1651 1653
f 1653 1651 1652
f 1654 1655 1657
f 1657 1655 1656
f 1658 1659 1661
f 1661 1659 1660
f 1662 1663 1665
f 1665 1663 1664
f 1667 1668 1666
f 1666 1668 1669
f 1677 1670 1676
f 1676 1670 1671
f 1676 1671 1675
f 1675 1671 1672
f 1675 1672 1674
f 1674 1672 1673
f 1678 1679 1681
f 1681 1679 1680
f 1682 1683 1685
f 1685 1683 1684
f 1693 1686 1692
f 1692 1686 1687
f 1692 1687 1691
f 1691 1687 1688
f 1691 1688 1690
f 1690 1688 1689
f 1701 1694 1700
f 1700 1694 1695
f 1700 1695 1699
f 1699 1695 1696
f 1699 1696 1698
f 1698 1696 1697
f 1703 1704 1702
f 1702 1704 1705
f 1707 1708 1706
f 1706 1708 1709
f 1711 1779 1710
f 1710 1779 1780
f 1710 1780 1781
f 1712 1762 1711
f 1711 1762 1763
f 1711 1763 1764
f 1713 1760 1712
f 1712 1760 1761
f 1712 1761 1762
f 1714 1743 1713
f 1713 1743 1744
f 1713 1744 1745
f 1715 1726 1714
f 1714 1726 1741
f 1714 1741 1742
f 1716 1724 1715
f 1715 1724 1725
f 1715 1725 1726
f 1710 1783 1716
f 1716 1783 1722
f 1716 1722 1723
f 1792 1717 1720
f 1720 1717 1718
f 1720 1718 1719
f 1721 1785 1720
f 1720 1785 1789
f 1720 1789 1792
f 1792 1789 1790
f 1792 1790 1791
f 1785 1721 1784
f 1784 1721 1722
f 1784 1722 1783
f 1723 1724 1716
f 1741 1726 1740
f 1740 1726 1727
f 1740 1727 1739
f 1739 1727 1728
f 1739 1728 1735
f 1735 1728 1732
f 1735 1732 1734
f 1734 1732 1733
f 1729 1730 1728
f 1728 1730 1731
f 1728 1731 1732
f 1735 1736 1739
f 1739 1736 1737
f 1739 1737 1738
f 1742 1743 1714
f 1713 1745 1760
f 1760 1745 1746
f 1760 1746 1759
f 1759 1746 1747
f 1759 1747 1758
f 1758 1747 1751
f 1758 1751 1754
f 1754 1751 1753
f 1753 1751 1752
f 1748 1749 1747
f 1747 1749 1750
f 1747 1750 1751
f 1754 1755 1758
f 1758 1755 1756
f 1758 1756 1757
f 1765 1778 1764
f 1764 1778 1779
f 1764 1779 1711
f 1778 1765 1773
f 1773 1765 1766
f 1773 1766 1770
f 1770 1766 1769
f 1769 1766 1768
f 1768 1766 1767
f 1770 1771 1773
f 1773 1771 1772
f 1778 1773 1777
f 1777 1773 1774
f 1777 1774 1775
f 1775 1776 1777
f 1781 1782 1710
f 1710 1782 1783
f 1786 1787 1785
f 1785 1787 1788
f 1785 1788 1789
f 1794 1795 1793
f 1793 1795 1796
f 1798 1799 1797
f 1797 1799 1800
f 1802 1803 1801
f 1801 1803 1804
f 1806 1807 1805
f 1805 1807 1808
f 1809 1810 1812
f 1812 1810 1811
f 1813 1814 1816
f 1816 1814 1815
f 1817 1818 1820
f 1820 1818 1819
f 1821 1822 1824
f 1824 1822 1823
f 1825 1826 1828
f 1828 1826 1827
f 1829 1830 1832
f 1832 1830 1831
f 1833 1834 1836
f 1836 1834 1835
f 1837 1838 1840
f 1840 1838 1839
f 1841 1842 1844
f 1844 1842 1843
f 1845 1846 1848
f 1848 1846 1847
f 1849 1850 1852
f 1852 1850 1851
f 1853 1854 1856
f 1856 1854 1855
f 1857 1858 1860
f 1860 1858 1859
f 1861 1862 1864
f 1864 1862 1863
f 1865 1866 1868
f 1868 1866 1867
f 1869 1870 1872
f 1872 1870 1871
f 1873 1874 1876
f 1876 1874 1875
f 1877 1878 1880
f 1880 1878 1879
f 1881 1882 1884
f 1884 1882 1883
f 1885 1886 1888
f 1888 1886 1887
f 1889 1890 1892
f 1892 1890 1891
f 1893 1894 1896
f 1896 1894 1895
f 1897 1898 1900
f 1900 1898 1899
f 1901 1902 1904
f 1904 1902 1903
f 1905 1906 1908
f 1908 1906 1907
f 1909 1910 1912
f 1912 1910 1911
f 1913 1914 1916
f 1916 1914 1915
f 1917 1918 1920
f 1920 1918 1919
f 1921 1922 1924
f 1924 1922 1923
f 1926 1927 1925
f 1925 1927 1928
f 1936 1929 1935
f 1935 1929 1930
f 1935 1930 1934
f 1934 1930 1931
f 1934 1931 1933
f 1933 1931 1932
f 1938 1939 1937
f 1937 1939 1940
f 2016 1941 2015
f 2015 1941 1942
f 2015 1942 1943
f 1944 1945 1943
f 1943 1945 1946
f 1943 1946 2015
f 2015 1946 1950
f 2015 1950 2014
f 2014 1950 1951
f 2014 1951 2013
f 2013 1951 1952
f 2013 1952 2018
f 2018 1952 2017
f 2017 1952 1953
f 2017 1953 1954
f 1946 1947 1950
f 1950 1947 1948
f 1950 1948 1949
f 1954 1955 2017
f 2017 1955 1956
f 2017 1956 2023
f 2023 1956 1971
f 2023 1971 1972
f 1956 1957 1971
f 1971 1957 1970
f 1970 1957 1958
f 1970 1958 1969
f 1969 1958 1962
f 1969 1962 1965
f 1965 1962 1964
f 1964 1962 1963
f 1959 1960 1958
f 1958 1960 1961
f 1958 1961 1962
f 1965 1966 1969
f 1969 1966 1967
f 1969 1967 1968
f 1972 1973 2023
f 2023 1973 2022
f 2022 1973 1974
f 2022 1974 1975
f 1976 1989 1975
f 1975 1989 1990
f 1975 1990 2021
f 2021 1990 1991
f 2021 1991 1992
f 1989 1976 1984
f 1984 1976 1977
f 1984 1977 1981
f 1981 1977 1980
f 1980 1977 1979
f 1979 1977 1978
f 1981 1982 1984
f 1984 1982 1983
f 1989 1984 1988
f 1988 1984 1985
f 1988 1985 1986
f 1986 1987 1988
f 2021 1992 2020
f 2020 1992 1993
f 2020 1993 1994
f 2020 1994 2009
f 2009 1994 1995
f 2009 1995 2008
f 2008 1995 1996
f 2008 1996 2007
f 2007 1996 2000
f 2007 2000 2003
f 2003 2000 2001
f 2003 2001 2002
f 1997 1998 1996
f 1996 1998 1999
f 1996 1999 2000
f 2003 2004 2007
f 2007 2004 2005
f 2007 2005 2006
f 2020 2009 2019
f 2019 2009 2010
f 2019 2010 2011
f 2019 2011 2018
f 2018 2011 2012
f 2018 2012 2013
f 2021 2022 1975
f 2031 2024 2030
f 2030 2024 2025
f 2030 2025 2029
f 2029 2025 2026
f 2029 2026 2028
f 2028 2026 2027
f 2033 2034 2032
f 2032 2034 2035
f 2037 2038 2036
f 2036 2038 2039
f 2041 2109 2040
f 2040 2109 2110
f 2040 2110 2111
f 2042 2092 2041
f 2041 2092 2093
f 2041 2093 2094
f 2043 2090 2042
f 2042 2090 2091
f 2042 2091 2092
f 2044 2073 2043
f 2043 2073 2074
f 2043 2074 2075
f 2045 2056 2044
f 2044 2056 2071
f 2044 2071 2072
f 2046 2054 2045
f 2045 2054 2055
f 2045 2055 2056
f 2040 2113 2046
f 2046 2113 2052
f 2046 2052 2053
f 2122 2047 2050
f 2050 2047 2048
f 2050 2048 2049
f 2051 2115 2050
f 2050 2115 2119
f 2050 2119 2122
f 2122 2119 2120
f 2122 2120 2121
f 2115 2051 2114
f 2114 2051 2052
f 2114 2052 2113
f 2053 2054 2046
f 2071 2056 2070
f 2070 2056 2057
f 2070 2057 2069
f 2069 2057 2058
f 2069 2058 2065
f 2065 2058 2062
f 2065 2062 2064
f 2064 2062 2063
f 2059 2060 2058
f 2058 2060 2061
f 2058 2061 2062
f 2065 2066 2069
f 2069 2066 2067
f 2069 2067 2068
f 2072 2073 2044
f 2043 2075 2090
f 2090 2075 2076
f 2090 2076 2089
f 2089 2076 2077
f 2089 2077 2088
f 2088 2077 2081
f 2088 2081 2084
f 2084 2081 2083
f 2083 2081 2082
f 2078 2079 2077
f 2077 2079 2080
f 2077 2080 2081
f 2084 2085 2088
f 2088 2085 2086
f 2088 2086 2087
f 2095 2108 2094
f 2094 2108 2109
f 2094 2109 2041
f 2108 2095 2103
f 2103 2095 2096
f 2103 2096 2100
f 2100 2096 2099
f 2099 2096 2098
f 2098 2096 2097
f 2100 2101 2103
f 2103 2101 2102
f 2108 2103 2107
f 2107 2103 2104
f 2107 2104 2105
f 2105 2106 2107
f 2111 2112 2040
f 2040 2112 2113
f 2116 2117 2115
f 2115 2117 2118
f 2115 2118 2119
f 2130 2123 2129
f 2129 2123 2124
f 2129 2124 2128
f 2128 2124 2125
f 2128 2125 2127
f 2127 2125 2126
f 2131 2132 2134
f 2134 2132 2133
f 2142 2135 2141
f 2141 2135 2136
f 2141 2136 2140
f 2140 2136 2137
f 2140 2137 2139
f 2139 2137 2138
f 2143 2144 2146
f 2146 2144 2145
f 2147 2148 2150
f 2150 2148 2149
f 2151 2152 2154
f 2154 2152 2153
f 2155 2156 2158
f 2158 2156 2157
f 2160 2172 2159
f 2159 2172 2174
f 2173 2166 2165
f 2165 2166 2167
f 2165 2167 2164
f 2164 2167 2168
f 2164 2168 2163
f 2163 2168 2169
f 2163 2169 2162
f 2162 2169 2170
f 2162 2170 2161
f 2161 2170 2171
f 2161 2171 2160
f 2160 2171 2172
f 2175 2176 2178
f 2178 2176 2177
f 2179 2180 2182
f 2182 2180 2181
f 2183 2184 2186
f 2186 2184 2185
f 2187 2188 2190
f 2190 2188 2189
f 2191 2192 2194
f 2194 2192 2193
f 2195 2196 2198
f 2198 2196 2197
f 2199 2200 2202
f 2202 2200 2201
f 2203 2204 2206
f 2206 2204 2205
f 2207 2208 2210
f 2210 2208 2209
f 2211 2212 2214
f 2214 2212 2213
f 2215 2216 2218
f 2218 2216 2217
f 2219 2220 2222
f 2222 2220 2221
f 2223 2224 2226
f 2226 2224 2225
f 2227 2228 2230
f 2230 2228 2229
f 2231 2232 2234
f 2234 2232 2233
f 2235 2236 2238
f 2238 2236 2237
f 2239 2240 2242
f 2242 2240 2241
f 2243 2244 2246
f 2246 2244 2245
f 2247 2248 2250
f 2250 2248 2249
f 2251 2252 2254
f 2254 2252 2253
f 2255 2256 2258
f 2258 2256 2257
f 2259 2260 2262
f 2262 2260 2261
f 2263 2264 2266
f 2266 2264 2265
f 2267 2268 2270
f 2270 2268 2269
f 2271 2272 2274
f 2274 2272 2273
f 2275 2276 2278
f 2278 2276 2277
f 2279 2280 2282
f 2282 2280 2281
f 2283 2284 2286
f 2286 2284 2285
f 2287 2288 2290
f 2290 2288 2289
f 2291 2292 2294
f 2294 2292 2293
f 2295 2296 2298
f 2298 2296 2297
f 2299 2300 2302
f 2302 2300 2301
f 2303 2304 2306
f 2306 2304 2305
f 2307 2308 2310
f 2310 2308 2309
f 2311 2312 2314
f 2314 2312 2313
f 2315 2316 2318
f 2318 2316 2317
f 2319 2320 2322
f 2322 2320 2321
f 2323 2324 2326
f 2326 2324 2325
f 2327 2328 2330
f 2330 2328 2329
f 2331 2332 2334
f 2334 2332 2333
f 2336 2337 2335
f 2335 2337 2338
f 2340 2341 2339
f 2339 2341 2342
f 2344 2345 2343
f 2343 2345 2346
f 2348 2349 2347
f 2347 2349 2350
f 2351 2352 2354
f 2354 2352 2353
f 2355 2356 2358
f 2358 2356 2357
f 2359 2360 2362
f 2362 2360 2361
f 2370 2363 2369
f 2369 2363 2364
f 2369 2364 2368
f 2368 2364 2365
f 2368 2365 2367
f 2367 2365 2366
f 2378 2371 2377
f 2377 2371 2372
f 2377 2372 2376
f 2376 2372 2373
f 2376 2373 2375
f 2375 2373 2374
f 2379 2380 2382
f 2382 2380 2381
f 2383 2384 2386
f 2386 2384 2385
f 2387 2388 2390
f 2390 2388 2389
f 2392 2393 2391
f 2391 2393 2394
f 2395 2396 2398
f 2398 2396 2397
f 2400 2401 2399
f 2399 2401 2402
f 2410 2403 2409
f 2409 2403 2404
f 2409 2404 2408
f 2408 2404 2405
f 2408 2405 2407
f 2407 2405 2406
f 2411 2412 2414
f 2414 2412 2413
f 2415 2416 2418
f 2418 2416 2417
f 2420 2421 2419
f 2419 2421 2422
f 2498 2423 2497
f 2497 2423 2424
f 2497 2424 2425
f 2426 2427 2425
f 2425 2427 2428
f 2425 2428 2497
f 2497 2428 2432
f 2497 2432 2496
f 2496 2432 2433
f 2496 2433 2495
f 2495 2433 2434
f 2495 2434 2500
f 2500 2434 2499
f 2499 2434 2435
f 2499 2435 2436
f 2428 2429 2432
f 2432 2429 2430
f 2432 2430 2431
f 2436 2437 2499
f 2499 2437 2438
f 2499 2438 2505
f 2505 2438 2453
f 2505 2453 2454
f 2438 2439 2453
f 2453 2439 2452
f 2452 2439 2440
f 2452 2440 2451
f 2451 2440 2444
f 2451 2444 2447
f 2447 2444 2446
f 2446 2444 2445
f 2441 2442 2440
f 2440 2442 2443
f 2440 2443 2444
f 2447 2448 2451
f 2451 2448 2449
f 2451 2449 2450
f 2454 2455 2505
f 2505 2455 2504
f 2504 2455 2456
f 2504 2456 2457
f 2458 2471 2457
f 2457 2471 2472
f 2457 2472 2503
f 2503 2472 2473
f 2503 2473 2474
f 2471 2458 2466
f 2466 2458 2459
f 2466 2459 2463
f 2463 2459 2462
f 2462 2459 2461
f 2461 2459 2460
f 2463 2464 2466
f 2466 2464 2465
f 2471 2466 2470
f 2470 2466 2467
f 2470 2467 2468
f 2468 2469 2470
f 2503 2474 2502
f 2502 2474 2475
f 2502 2475 2476
f 2502 2476 2491
f 2491 2476 2477
f 2491 2477 2490
f 2490 2477 2478
f 2490 2478 2489
f 2489 2478 2482
f 2489 2482 2485
f 2485 2482 2483
f 2485 2483 2484
f 2479 2480 2478
f 2478 2480 2481
f 2478 2481 2482
f 2485 2486 2489
f 2489 2486 2487
f 2489 2487 2488
f 2502 2491 2501
f 2501 2491 2492
f 2501 2492 2493
f 2501 2493 2500
f 2500 2493 2494
f 2500 2494 2495
f 2503 2504 2457
f 2506 2507 2509
f 2509 2507 2508
f 2510 2511 2513
f 2513 2511 2512
f 2514 2515 2517
f 2517 2515 2516
f 2518 2519 2521
f 2521 2519 2520
f 2522 2523 2525
f 2525 2523 2524
f 2526 2527 2529
f 2529 2527 2528
f 2530 2531 2533
f 2533 2531 2532
f 2534 2535 2537
f 2537 2535 2536
f 2538 2539 2541
f 2541 2539 2540
f 2542 2543 2545
f 2545 2543 2544
f 2546 2547 2549
f 2549 2547 2548
f 2550 2551 2553
f 2553 2551 2552
f 2554 2555 2557
f 2557 2555 2556
f 2558 2559 2561
f 2561 2559 2560
f 2562 2563 2565
f 2565 2563 2564
f 2566 2567 2569
f 2569 2567 2568
f 2570 2571 2573
f 2573 2571 2572
f 2574 2575 2577
f 2577 2575 2576
f 2578 2579 2581
f 2581 2579 2580
f 2583 2651 2582
f 2582 2651 2652
f 2582 2652 2653
f 2584 2634 2583
f 2583 2634 2635
f 2583 2635 2636
f 2585 2632 2584
f 2584 2632 2633
f 2584 2633 2634
f 2586 2615 2585
f 2585 2615 2616
f 2585 2616 2617
f 2587 2598 2586
f 2586 2598 2613
f 2586 2613 2614
f 2588 2596 2587
f 2587 2596 2597
f 2587 2597 2598
f 2582 2655 2588
f 2588 2655 2594
f 2588 2594 2595
f 2664 2589 2592
f 2592 2589 2590
f 2592 2590 2591
f 2593 2657 2592
f 2592 2657 2661
f 2592 2661 2664
f 2664 2661 2662
f 2664 2662 2663
f 2657 2593 2656
f 2656 2593 2594
f 2656 2594 2655
f 2595 2596 2588
f 2613 2598 2612
f 2612 2598 2599
f 2612 2599 2611
f 2611 2599 2600
f 2611 2600 2607
f 2607 2600 2604
f 2607 2604 2606
f 2606 2604 2605
f 2601 2602 2600
f 2600 2602 2603
f 2600 2603 2604
f 2607 2608 2611
f 2611 2608 2609
f 2611 2609 2610
f 2614 2615 2586
f 2585 2617 2632
f 2632 2617 2618
f 2632 2618 2631
f 2631 2618 2619
f 2631 2619 2630
f 2630 2619 2623
f 2630 2623 2626
f 2626 2623 2625
f 2625 2623 2624
f 2620 2621 2619
f 2619 2621 2622
f 2619 2622 2623
f 2626 2627 2630
f 2630 2627 2628
f 2630 2628 2629
f 2637 2650 2636
f 2636 2650 2651
f 2636 2651 2583
f 2650 2637 2645
f 2645 2637 2638
f 2645 2638 2642
f 2642 2638 2641
f 2641 2638 2640
f 2640 2638 2639
f 2642 2643 2645
f 2645 2643 2644
f 2650 2645 2649
f 2649 2645 2646
f 2649 2646 2647
f 2647 2648 2649
f 2653 2654 2582
f 2582 2654 2655
f 2658 2659 2657
f 2657 2659 2660
f 2657 2660 2661
f 2672 2665 2671
f 2671 2665 2666
f 2671 2666 2670
f 2670 2666 2667
f 2670 2667 2669
f 2669 2667 2668
f 2673 2674 2676
f 2676 2674 2675
f 2678 2679 2677
f 2677 2679 2680
f 2682 2683 2681
f 2681 2683 2684
f 2686 2687 2685
f 2685 2687 2688
f 2690 2691 2689
f 2689 2691 2692
f 2694 2695 2693
f 2693 2695 2696
f 2697 2698 2700
f 2700 2698 2699
f 2701 2702 2704
f 2704 2702 2703
f 2705 2706 2708
f 2708 2706 2707
f 2709 2710 2712
f 2712 2710 2711
f 2713 2714 2716
f 2716 2714 2715
f 2717 2718 2720
f 2720 2718 2719
f 2721 2722 2724
f 2724 2722 2723
f 2725 2726 2728
f 2728 2726 2727
f 2729 2730 2732
f 2732 2730 2731
f 2733 2734 2736
f 2736 2734 2735
f 2737 2738 2740
f 2740 2738 2739
f 2741 2742 2744
f 2744 2742 2743
f 2745 2746 2748
f 2748 2746 2747
f 2749 2750 2752
f 2752 2750 2751
f 2753 2754 2756
f 2756 2754 2755
f 2757 2758 2760
f 2760 2758 2759
f 2761 2762 2764
f 2764 2762 2763
f 2765 2766 2768
f 2768 2766 2767
f 2769 2770 2772
f 2772 2770 2771
f 2773 2774 2776
f 2776 2774 2775
f 2777 2778 2780
f 2780 2778 2779
f 2782 2794 2781
f 2781 2794 2796
f 2795 2788 2787
f 2787 2788 2789
f 2787 2789 2786
f 2786 2789 2790
f 2786 2790 2785
f 2785 2790 2791
f 2785 2791 2784
f 2784 2791 2792
f 2784 2792 2783
f 2783 2792 2793
f 2783 2793 2782
f 2782 2793 2794
f 2797 2798 2800
f 2800 2798 2799
f 2801 2802 2804
f 2804 2802 2803
f 2805 2806 2808
f 2808 2806 2807
f 2809 2810 2812
f 2812 2810 2811
f 2813 2814 2816
f 2816 2814 2815
f 2817 2818 2820
f 2820 2818 2819
f 2822 2890 2821
f 2821 2890 2891
f 2821 2891 2892
f 2823 2873 2822
f 2822 2873 2874
f 2822 2874 2875
f 2824 2871 2823
f 2823 2871 2872
f 2823 2872 2873
f 2825 2854 2824
f 2824 2854 2855
f 2824 2855 2856
f 2826 2837 2825
f 2825 2837 2852
f 2825 2852 2853
f 2827 2835 2826
f 2826 2835 2836
f 2826 2836 2837
f 2821 2894 2827
f 2827 2894 2833
f 2827 2833 2834
f 2903 2828 2831
f 2831 2828 2829
f 2831 2829 2830
f 2832 2896 2831
f 2831 2896 2900
f 2831 2900 2903
f 2903 2900 2901
f 2903 2901 2902
f 2896 2832 2895
f 2895 2832 2833
f 2895 2833 2894
f 2834 2835 2827
f 2852 2837 2851
f 2851 2837 2838
f 2851 2838 2850
f 2850 2838 2839
f 2850 2839 2846
f 2846 2839 2843
f 2846 2843 2845
f 2845 2843 2844
f 2840 2841 2839
f 2839 2841 2842
f 2839 2842 2843
f 2846 2847 2850
f 2850 2847 2848
f 2850 2848 2849
f 2853 2854 2825
f 2824 2856 2871
f 2871 2856 2857
f 2871 2857 2870
f 2870 2857 2858
f 2870 2858 2869
f 2869 2858 2862
f 2869 2862 2865
f 2865 2862 2864
f 2864 2862 2863
f 2859 2860 2858
f 2858 2860 2861
f 2858 2861 2862
f 2865 2866 2869
f 2869 2866 2867
f 2869 2867 2868
f 2876 2889 2875
f 2875 2889 2890
f 2875 2890 2822
f 2889 2876 2884
f 2884 2876 2877
f 2884 2877 2881
f 2881 2877 2880
f 2880 2877 2879
f 2879 2877 2878
f 2881 2882 2884
f 2884 2882 2883
f 2889 2884 2888
f 2888 2884 2885
f 2888 2885 2886
f 2886 2887 2888
f 2892 2893 2821
f 2821 2893 2894
f 2897 2898 2896
f 2896 2898 2899
f 2896 2899 2900
f 2904 2905 2907
f 2907 2905 2906
f 2908 2909 2911
f 2911 2909 2910
f 2912 2913 2915
f 2915 2913 2914
f 2916 2917 2919
f 2919 2917 2918
f 2920 2921 2923
f 2923 2921 2922
f 2924 2925 2927
f 2927 2925 2926
f 2928 2929 2931
f 2931 2929 2930
f 2932 2933 2935
f 2935 2933 2934
f 2936 2937 2939
f 2939 2937 2938
f 2940 2941 2943
f 2943 2941 2942
f 2944 2945 2947
f 2947 2945 2946
f 2948 2949 2951
f 2951 2949 2950
f 2952 2953 2955
f 2955 2953 2954
f 2956 2957 2959
f 2959 2957 2958
f 2961 2962 2960
f 2960 2962 2963
f 2964 2965 2967
f 2967 2965 2966
f 2975 2968 2974
f 2974 2968 2969
f 2974 2969 2973
f 2973 2969 2970
f 2973 2970 2972
f 2972 2970 2971
f 2976 2977 2979
f 2979 2977 2978
f 2980 2981 2983
f 2983 2981 2982
f 2984 2985 2987
f 2987 2985 2986
f 2988 2989 2991
f 2991 2989 2990
f 2992 2993 2995
f 2995 2993 2994
f 2996 2997 2999
f 2999 2997 2998
f 3000 3001 3003
f 3003 3001 3002
f 3004 3005 3007
f 3007 3005 3006
f 3008 3009 3011
f 3011 3009 3010
f 3012 3013 3015
f 3015 3013 3014
f 3016 3017 3019
f 3019 3017 3018
f 3020 3021 3023
f 3023 3021 3022
f 3024 3025 3027
f 3027 3025 3026
f 3028 3029 3031
f 3031 3029 3030
f 3032 3033 3035
f 3035 3033 3034
f 3036 3037 3039
f 3039 3037 3038
f 3040 3041 3043
f 3043 3041 3042
f 3044 3045 3047
f 3047 3045 3046
f 3048 3049 3051
f 3051 3049 3050
f 3052 3053 3055
f 3055 3053 3054
f 3057 3069 3056
f 3056 3069 3071
f 3070 3063 3062
f 3062 3063 3064
f 3062 3064 3061
f 3061 3064 3065
f 3061 3065 3060
f 3060 3065 3066
f 3060 3066 3059
f 3059 3066 3067
f 3059 3067 3058
f 3058 3067 3068
f 3058 3068 3057
f 3057 3068 3069
f 3072 3073 3075
f 3075 3073 3074
f 3076 3077 3079
f 3079 3077 3078
f 3081 3082 3080
f 3080 3082 3083
f 3085 3086 3084
f 3084 3086 3087
f 3089 3090 3088
f 3088 3090 3091
f 3093 3094 3092
f 3092 3094 3095
f 3097 3098 3096
f 3096 3098 3099
f 3107 3100 3106
f 3106 3100 3101
f 3106 3101 3105
f 3105 3101 3102
f 3105 3102 3104
f 3104 3102 3103
f 3109 3110 3108
f 3108 3110 3111
f 3187 3112 3186
f 3186 3112 3113
f 3186 3113 3114
f 3115 3116 3114
f 3114 3116 3117
f 3114 3117 3186
f 3186 3117 3121
f 3186 3121 3185
f 3185 3121 3122
f 3185 3122 3184
f 3184 3122 3123
f 3184 3123 3189
f 3189 3123 3188
f 3188 3123 3124
f 3188 3124 3125
f 3117 3118 3121
f 3121 3118 3119
f 3121 3119 3120
f 3125 3126 3188
f 3188 3126 3127
f 3188 3127 3194
f 3194 3127 3142
f 3194 3142 3143
f 3127 3128 3142
f 3142 3128 3141
f 3141 3128 3129
f 3141 3129 3140
f 3140 3129 3133
f 3140 3133 3136
f 3136 3133 3135
f 3135 3133 3134
f 3130 3131 3129
f 3129 3131 3132
f 3129 3132 3133
f 3136 3137 3140
f 3140 3137 3138
f 3140 3138 3139
f 3143 3144 3194
f 3194 3144 3193
f 3193 3144 3145
f 3193 3145 3146
f 3147 3160 3146
f 3146 3160 3161
f 3146 3161 3192
f 3192 3161 3162
f 3192 3162 3163
f 3160 3147 3155
f 3155 3147 3148
f 3155 3148 3152
f 3152 3148 3151
f 3151 3148 3150
f 3150 3148 3149
f 3152 3153 3155
f 3155 3153 3154
f 3160 3155 3159
f 3159 3155 3156
f 3159 3156 3157
f 3157 3158 3159
f 3192 3163 3191
f 3191 3163 3164
f 3191 3164 3165
f 3191 3165 3180
f 3180 3165 3166
f 3180 3166 3179
f 3179 3166 3167
f 3179 3167 3178
f 3178 3167 3171
f 3178 3171 3174
f 3174 3171 3172
f 3174 3172 3173
f 3168 3169 3167
f 3167 3169 3170
f 3167 3170 3171
f 3174 3175 3178
f 3178 3175 3176
f 3178 3176 3177
f 3191 3180 3190
f 3190 3180 3181
f 3190 3181 3182
f 3190 3182 3189
f 3189 3182 3183
f 3189 3183 3184
f 3192 3193 3146
f 3202 3195 3201
f 3201 3195 3196
f 3201 3196 3200
f 3200 3196 3197
f 3200 3197 3199
f 3199 3197 3198
f 3204 3205 3203
f 3203 3205 3206
f 3207 3208 3210
f 3210 3208 3209
f 3211 3212 3214
f 3214 3212 3213
f 3215 3216 3218
f 3218 3216 3217
f 3219 3220 3222
f 3222 3220 3221
f 3223 3224 3226
f 3226 3224 3225
f 3227 3228 3230
f 3230 3228 3229
f 3231 3232 3234
f 3234 3232 3233
f 3235 3236 3238
f 3238 3236 3237
f 3239 3240 3242
f 3242 3240 3241
f 3243 3244 3246
f 3246 3244 3245
f 3247 3248 3250
f 3250 3248 3249
f 3251 3252 3254
f 3254 3252 3253
f 3255 3256 3258
f 3258 3256 3257
f 3259 3260 3262
f 3262 3260 3261
f 3263 3264 3266
f 3266 3264 3265
f 3267 3268 3270
f 3270 3268 3269
f 3271 3272 3274
f 3274 3272 3273
f 3275 3276 3278
f 3278 3276 3277
f 3286 3279 3285
f 3285 3279 3280
f 3285 3280 3284
f 3284 3280 3281
f 3284 3281 3283
f 3283 3281 3282
f 3287 3288 3290
f 3290 3288 3289
f 3291 3292 3294
f 3294 3292 3293
f 3296 3303 3295
f 3295 3303 3304
f 3295 3304 3302
f 3302 3304 3301
f 3301 3304 3305
f 3301 3305 3300
f 3300 3305 3299
f 3299 3305 3306
f 3299 3306 3298
f 3298 3306 3297
f 3297 3306 3303
f 3297 3303 3296
f 3308 3318 3307
f 3307 3318 3319
f 3307 3319 3317
f 3317 3319 3316
f 3316 3319 3315
f 3315 3319 3320
f 3315 3320 3314
f 3314 3320 3313
f 3313 3320 3321
f 3313 3321 3312
f 3312 3321 3311
f 3311 3321 3310
f 3310 3321 3318
f 3310 3318 3309
f 3309 3318 3308
f 3322 3323 3325
f 3325 3323 3324
f 3326 3327 3329
f 3329 3327 3328
f 3330 3331 3333
f 3333 3331 3332
f 3335 3349 3334
f 3334 3349 3350
f 3351 3342 3341
f 3341 3342 3343
f 3341 3343 3340
f 3340 3343 3344
f 3340 3344 3339
f 3339 3344 3345
f 3339 3345 3338
f 3338 3345 3346
f 3338 3346 3337
f 3337 3346 3347
f 3337 3347 3336
f 3336 3347 3348
f 3336 3348 3335
f 3335 3348 3349
f 3353 3373 3352
f 3352 3373 3375
f 3374 3363 3362
f 3362 3363 3364
f 3362 3364 3361
f 3361 3364 3365
f 3361 3365 3360
f 3360 3365 3366
f 3360 3366 3359
f 3359 3366 3367
f 3359 3367 3358
f 3358 3367 3368
f 3358 3368 3357
f 3357 3368 3369
f 3357 3369 3356
f 3356 3369 3370
f 3356 3370 3355
f 3355 3370 3371
f 3355 3371 3354
f 3354 3371 3372
f 3354 3372 3353
f 3353 3372 3373
f 3377 3394 3376
f 3376 3394 3384
f 3376 3384 3385
f 3394 3377 3393
f 3393 3377 3378
f 3393 3378 3392
f 3392 3378 3379
f 3392 3379 3391
f 3391 3379 3390
f 3390 3379 3380
f 3390 3380 3389
f 3389 3380 3381
f 3389 3381 3388
f 3388 3381 3387
f 3387 3381 3382
f 3387 3382 3386
f 3386 3382 3383
f 3386 3383 3385
f 3385 3383 3376
f 3396 3416 3395
f 3395 3416 3418
f 3417 3406 3405
f 3405 3406 3407
f 3405 3407 3404
f 3404 3407 3408
f 3404 3408 3403
f 3403 3408 3409
f 3403 3409 3402
f 3402 3409 3410
f 3402 3410 3401
f 3401 3410 3411
f 3401 3411 3400
f 3400 3411 3412
f 3400 3412 3399
f 3399 3412 3413
f 3399 3413 3398
f 3398 3413 3414
f 3398 3414 3397
f 3397 3414 3415
f 3397 3415 3396
f 3396 3415 3416
f 3420 3437 3419
f 3419 3437 3427
f 3419 3427 3428
f 3437 3420 3436
f 3436 3420 3421
f 3436 3421 3435
f 3435 3421 3422
f 3435 3422 3434
f 3434 3422 3433
f 3433 3422 3423
f 3433 3423 3432
f 3432 3423 3424
f 3432 3424 3431
f 3431 3424 3430
f 3430 3424 3425
f 3430 3425 3429
f 3429 3425 3426
f 3429 3426 3428
f 3428 3426 3419
f 3438 3439 3441
f 3441 3439 3440
f 3443 3450 3442
f 3442 3450 3451
f 3442 3451 3449
f 3449 3451 3448
f 3448 3451 3452
f 3448 3452 3447
f 3447 3452 3446
f 3446 3452 3453
f 3446 3453 3445
f 3445 3453 3444
f 3444 3453 3450
f 3444 3450 3443
f 3455 3465 3454
f 3454 3465 3466
f 3454 3466 3464
f 3464 3466 3463
f 3463 3466 3462
f 3462 3466 3467
f 3462 3467 3461
f 3461 3467 3460
f 3460 3467 3468
f 3460 3468 3459
f 3459 3468 3458
f 3458 3468 3457
f 3457 3468 3465
f 3457 3465 3456
f 3456 3465 3455
f 3469 3470 3472
f 3472 3470 3471
f 3473 3474 3476
f 3476 3474 3475
f 3477 3478 3480
f 3480 3478 3479
f 3482 3496 3481
f 3481 3496 3497
f 3498 3489 3488
f 3488 3489 3490
f 3488 3490 3487
f 3487 3490 3491
f 3487 3491 3486
f 3486 3491 3492
f 3486 3492 3485
f 3485 3492 3493
f 3485 3493 3484
f 3484 3493 3494
f 3484 3494 3483
f 3483 3494 3495
f 3483 3495 3482
f 3482 3495 3496
f 3500 3518 3499
f 3499 3518 3519
f 3520 3509 3508
f 3508 3509 3510
f 3508 3510 3507
f 3507 3510 3511
f 3507 3511 3506
f 3506 3511 3512
f 3506 3512 3505
f 3505 3512 3513
f 3505 3513 3504
f 3504 3513 3514
f 3504 3514 3503
f 3503 3514 3515
f 3503 3515 3502
f 3502 3515 3516
f 3502 3516 3501
f 3501 3516 3517
f 3501 3517 3500
f 3500 3517 3518
f 3522 3538 3521
f 3521 3538 3529
f 3521 3529 3530
f 3538 3522 3537
f 3537 3522 3523
f 3537 3523 3536
f 3536 3523 3524
f 3536 3524 3535
f 3535 3524 3525
f 3535 3525 3534
f 3534 3525 3533
f 3533 3525 3526
f 3533 3526 3532
f 3532 3526 3527
f 3532 3527 3531
f 3531 3527 3528
f 3531 3528 3530
f 3530 3528 3521
f 3540 3556 3539
f 3539 3556 3547
f 3539 3547 3548
f 3556 3540 3555
f 3555 3540 3541
f 3555 3541 3554
f 3554 3541 3542
f 3554 3542 3553
f 3553 3542 3543
f 3553 3543 3552
f 3552 3543 3551
f 3551 3543 3544
f 3551 3544 3550
f 3550 3544 3545
f 3550 3545 3549
f 3549 3545 3546
f 3549 3546 3548
f 3548 3546 3539
f 3558 3572 3557
f 3557 3572 3574
f 3573 3565 3564
f 3564 3565 3566
f 3564 3566 3563
f 3563 3566 3567
f 3563 3567 3562
f 3562 3567 3568
f 3562 3568 3561
f 3561 3568 3569
f 3561 3569 3560
f 3560 3569 3570
f 3560 3570 3559
f 3559 3570 3571
f 3559 3571 3558
f 3558 3571 3572
f 3576 3590 3575
f 3575 3590 3591
f 3592 3583 3582
f 3582 3583 3584
f 3582 3584 3585
f 3576 3577 3590
f 3590 3577 3589
f 3589 3577 3578
f 3589 3578 3588
f 3588 3578 3579
f 3588 3579 3587
f 3587 3579 3580
f 3587 3580 3586
f 3586 3580 3581
f 3586 3581 3585
f 3585 3581 3582
f 3594 3596 3593
f 3593 3596 3597
f 3593 3597 3600
f 3600 3597 3598
f 3600 3598 3599
f 3594 3595 3596
f 3610 3601 3611
f 3611 3601 3602
f 3611 3602 3618
f 3618 3602 3603
f 3618 3603 3617
f 3617 3603 3604
f 3617 3604 3616
f 3616 3604 3605
f 3616 3605 3615
f 3615 3605 3606
f 3615 3606 3607
f 3615 3607 3614
f 3614 3607 3608
f 3614 3608 3613
f 3613 3608 3609
f 3613 3609 3612
f 3612 3609 3610
f 3612 3610 3611
f 3620 3638 3619
f 3619 3638 3639
f 3640 3629 3628
f 3628 3629 3630
f 3628 3630 3627
f 3627 3630 3631
f 3627 3631 3626
f 3626 3631 3632
f 3626 3632 3625
f 3625 3632 3633
f 3625 3633 3624
f 3624 3633 3634
f 3624 3634 3623
f 3623 3634 3635
f 3623 3635 3622
f 3622 3635 3636
f 3622 3636 3621
f 3621 3636 3637
f 3621 3637 3620
f 3620 3637 3638
f 3642 3645 3641
f 3641 3645 3646
f 3641 3646 3650
f 3650 3646 3647
f 3650 3647 3649
f 3649 3647 3648
f 3643 3644 3642
f 3642 3644 3645
f 3651 3652 3654
f 3654 3652 3653
f 3656 3663 3655
f 3655 3663 3664
f 3655 3664 3662
f 3662 3664 3661
f 3661 3664 3665
f 3661 3665 3660
f 3660 3665 3659
f 3659 3665 3666
f 3659 3666 3658
f 3658 3666 3657
f 3657 3666 3663
f 3657 3663 3656
f 3668 3678 3667
f 3667 3678 3679
f 3667 3679 3677
f 3677 3679 3676
f 3676 3679 3675
f 3675 3679 3680
f 3675 3680 3674
f 3674 3680 3673
f 3673 3680 3681
f 3673 3681 3672
f 3672 3681 3671
f 3671 3681 3670
f 3670 3681 3678
f 3670 3678 3669
f 3669 3678 3668
f 3682 3683 3685
f 3685 3683 3684
f 3686 3687 3689
f 3689 3687 3688
f 3690 3691 3693
f 3693 3691 3692
f 3695 3709 3694
f 3694 3709 3710
f 3711 3702 3701
f 3701 3702 3703
f 3701 3703 3700
f 3700 3703 3704
f 3700 3704 3699
f 3699 3704 3705
f 3699 3705 3698
f 3698 3705 3706
f 3698 3706 3697
f 3697 3706 3707
f 3697 3707 3696
f 3696 3707 3708
f 3696 3708 3695
f 3695 3708 3709
f 3713 3733 3712
f 3712 3733 3735
f 3734 3723 3722
f 3722 3723 3724
f 3722 3724 3721
f 3721 3724 3725
f 3721 3725 3720
f 3720 3725 3726
f 3720 3726 3719
f 3719 3726 3727
f 3719 3727 3718
f 3718 3727 3728
f 3718 3728 3717
f 3717 3728 3729
f 3717 3729 3716
f 3716 3729 3730
f 3716 3730 3715
f 3715 3730 3731
f 3715 3731 3714
f 3714 3731 3732
f 3714 3732 3713
f 3713 3732 3733
f 3737 3754 3736
f 3736 3754 3744
f 3736 3744 3745
f 3754 3737 3753
f 3753 3737 3738
f 3753 3738 3752
f 3752 3738 3739
f 3752 3739 3751
f 3751 3739 3750
f 3750 3739 3740
f 3750 3740 3749
f 3749 3740 3741
f 3749 3741 3748
f 3748 3741 3747
f 3747 3741 3742
f 3747 3742 3746
f 3746 3742 3743
f 3746 3743 3745
f 3745 3743 3736
f 3756 3776 3755
f 3755 3776 3778
f 3777 3766 3765
f 3765 3766 3767
f 3765 3767 3764
f 3764 3767 3768
f 3764 3768 3763
f 3763 3768 3769
f 3763 3769 3762
f 3762 3769 3770
f 3762 3770 3761
f 3761 3770 3771
f 3761 3771 3760
f 3760 3771 3772
f 3760 3772 3759
f 3759 3772 3773
f 3759 3773 3758
f 3758 3773 3774
f 3758 3774 3757
f 3757 3774 3775
f 3757 3775 3756
f 3756 3775 3776
f 3780 3797 3779
f 3779 3797 3787
f 3779 3787 3788
f 3797 3780 3796
f 3796 3780 3781
f 3796 3781 3795
f 3795 3781 3782
f 3795 3782 3794
f 3794 3782 3793
f 3793 3782 3783
f 3793 3783 3792
f 3792 3783 3784
f 3792 3784 3791
f 3791 3784 3790
f 3790 3784 3785
f 3790 3785 3789
f 3789 3785 3786
f 3789 3786 3788
f 3788 3786 3779
f 3798 3799 3801
f 3801 3799 3800
f 3803 3810 3802
f 3802 3810 3811
f 3802 3811 3809
f 3809 3811 3808
f 3808 3811 3812
f 3808 3812 3807
f 3807 3812 3806
f 3806 3812 3813
f 3806 3813 3805
f 3805 3813 3804
f 3804 3813 3810
f 3804 3810 3803
f 3815 3825 3814
f 3814 3825 3826
f 3814 3826 3824
f 3824 3826 3823
f 3823 3826 3822
f 3822 3826 3827
f 3822 3827 3821
f 3821 3827 3820
f 3820 3827 3828
f 3820 3828 3819
f 3819 3828 3818
f 3818 3828 3817
f 3817 3828 3825
f 3817 3825 3816
f 3816 3825 3815
f 3829 3830 3832
f 3832 3830 3831
f 3833 3834 3836
f 3836 3834 3835
f 3837 3838 3840
f 3840 3838 3839
f 3842 3856 3841
f 3841 3856 3857
f 3858 3849 3848
f 3848 3849 3850
f 3848 3850 3847
f 3847 3850 3851
f 3847 3851 3846
f 3846 3851 3852
f 3846 3852 3845
f 3845 3852 3853
f 3845 3853 3844
f 3844 3853 3854
f 3844 3854 3843
f 3843 3854 3855
f 3843 3855 3842
f 3842 3855 3856
f 3860 3876 3859
f 3859 3876 3867
f 3859 3867 3868
f 3876 3860 3875
f 3875 3860 3861
f 3875 3861 3874
f 3874 3861 3862
f 3874 3862 3873
f 3873 3862 3863
f 3873 3863 3872
f 3872 3863 3871
f 3871 3863 3864
f 3871 3864 3870
f 3870 3864 3865
f 3870 3865 3869
f 3869 3865 3866
f 3869 3866 3868
f 3868 3866 3859
f 3878 3892 3877
f 3877 3892 3894
f 3893 3885 3884
f 3884 3885 3886
f 3884 3886 3883
f 3883 3886 3887
f 3883 3887 3882
f 3882 3887 3888
f 3882 3888 3881
f 3881 3888 3889
f 3881 3889 3880
f 3880 3889 3890
f 3880 3890 3879
f 3879 3890 3891
f 3879 3891 3878
f 3878 3891 3892
f 3896 3912 3895
f 3895 3912 3903
f 3895 3903 3904
f 3912 3896 3911
f 3911 3896 3897
f 3911 3897 3910
f 3910 3897 3898
f 3910 3898 3909
f 3909 3898 3899
f 3909 3899 3908
f 3908 3899 3907
f 3907 3899 3900
f 3907 3900 3906
f 3906 3900 3901
f 3906 3901 3905
f 3905 3901 3902
f 3905 3902 3904
f 3904 3902 3895
f 3914 3932 3913
f 3913 3932 3933
f 3934 3923 3922
f 3922 3923 3924
f 3922 3924 3921
f 3921 3924 3925
f 3921 3925 3920
f 3920 3925 3926
f 3920 3926 3919
f 3919 3926 3927
f 3919 3927 3918
f 3918 3927 3928
f 3918 3928 3917
f 3917 3928 3929
f 3917 3929 3916
f 3916 3929 3930
f 3916 3930 3915
f 3915 3930 3931
f 3915 3931 3914
f 3914 3931 3932
f 3936 3950 3935
f 3935 3950 3951
f 3952 3943 3942
f 3942 3943 3944
f 3942 3944 3945
f 3936 3937 3950
f 3950 3937 3949
f 3949 3937 3938
f 3949 3938 3948
f 3948 3938 3939
f 3948 3939 3947
f 3947 3939 3940
f 3947 3940 3946
f 3946 3940 3941
f 3946 3941 3945
f 3945 3941 3942
f 3954 3956 3953
f 3953 3956 3957
f 3953 3957 3960
f 3960 3957 3958
f 3960 3958 3959
f 3954 3955 3956
f 3970 3961 3971
f 3971 3961 3962
f 3971 3962 3978
f 3978 3962 3963
f 3978 3963 3977
f 3977 3963 3964
f 3977 3964 3976
f 3976 3964 3965
f 3976 3965 3975
f 3975 3965 3966
f 3975 3966 3967
f 3975 3967 3974
f 3974 3967 3968
f 3974 3968 3973
f 3973 3968 3969
f 3973 3969 3972
f 3972 3969 3970
f 3972 3970 3971
f 3980 3998 3979
f 3979 3998 3999
f 4000 3989 3988
f 3988 3989 3990
f 3988 3990 3987
f 3987 3990 3991
f 3987 3991 3986
f 3986 3991 3992
f 3986 3992 3985
f 3985 3992 3993
f 3985 3993 3984
f 3984 3993 3994
f 3984 3994 3983
f 3983 3994 3995
f 3983 3995 3982
f 3982 3995 3996
f 3982 3996 3981
f 3981 3996 3997
f 3981 3997 3980
f 3980 3997 3998
f 4002 4005 4001
f 4001 4005 4006
f 4001 4006 4010
f 4010 4006 4007
f 4010 4007 4009
f 4009 4007 4008
f 4003 4004 4002
f 4002 4004 4005
f 4012 4030 4011
f 4011 4030 4020
f 4011 4020 4021
f 4030 4012 4029
f 4029 4012 4013
f 4029 4013 4028
f 4028 4013 4014
f 4028 4014 4027
f 4027 4014 4015
f 4027 4015 4026
f 4026 4015 4025
f 4025 4015 4016
f 4025 4016 4024
f 4024 4016 4017
f 4024 4017 4023
f 4023 4017 4018
f 4023 4018 4022
f 4022 4018 4019
f 4022 4019 4021
f 4021 4019 4011
f 4046 4031 4050
f 4050 4031 4032
f 4050 4032 4049
f 4049 4032 4033
f 4049 4033 4048
f 4048 4033 4034
f 4048 4034 4047
f 4047 4034 4058
f 4059 4035 4036
f 4059 4036 4057
f 4057 4036 4037
f 4057 4037 4056
f 4056 4037 4038
f 4056 4038 4039
f 4056 4039 4055
f 4055 4039 4040
f 4055 4040 4054
f 4054 4040 4041
f 4054 4041 4042
f 4054 4042 4053
f 4053 4042 4043
f 4053 4043 4052
f 4052 4043 4044
f 4052 4044 4051
f 4051 4044 4045
f 4051 4045 4046
f 4051 4046 4050
f 4077 4060 4076
f 4076 4060 4061
f 4076 4061 4075
f 4075 4061 4062
f 4075 4062 4074
f 4074 4062 4063
f 4074 4063 4073
f 4073 4063 4064
f 4073 4064 4065
f 4073 4065 4072
f 4072 4065 4066
f 4072 4066 4071
f 4071 4066 4067
f 4071 4067 4070
f 4070 4067 4068
f 4070 4068 4069
f 4078 4079 4095
f 4095 4079 4080
f 4095 4080 4094
f 4094 4080 4081
f 4094 4081 4093
f 4093 4081 4082
f 4093 4082 4092
f 4092 4082 4083
f 4092 4083 4084
f 4092 4084 4091
f 4091 4084 4085
f 4091 4085 4090
f 4090 4085 4086
f 4090 4086 4089
f 4089 4086 4087
f 4089 4087 4088
f 4096 4097 4099
f 4099 4097 4098
f 4101 4118 4100
f 4100 4118 4119
f 4100 4119 4115
f 4115 4119 4114
f 4114 4119 4113
f 4113 4119 4112
f 4112 4119 4116
f 4112 4116 4111
f 4111 4116 4110
f 4110 4116 4109
f 4109 4116 4108
f 4108 4116 4117
f 4108 4117 4107
f 4107 4117 4106
f 4106 4117 4105
f 4105 4117 4104
f 4104 4117 4118
f 4104 4118 4103
f 4103 4118 4102
f 4102 4118 4101
f 4120 4121 4123
f 4123 4121 4122
f 4125 4136 4124
f 4124 4136 4133
f 4124 4133 4132
f 4132 4133 4131
f 4131 4133 4134
f 4131 4134 4130
f 4130 4134 4129
f 4129 4134 4128
f 4128 4134 4135
f 4128 4135 4127
f 4127 4135 4126
f 4126 4135 4136
f 4126 4136 4125
f 4138 4148 4137
f 4137 4148 4149
f 4137 4149 4145
f 4145 4149 4144
f 4144 4149 4146
f 4144 4146 4143
f 4143 4146 4142
f 4142 4146 4147
f 4142 4147 4141
f 4141 4147 4140
f 4140 4147 4139
f 4139 4147 4148
f 4139 4148 4138
f 4150 4151 4154
f 4154 4151 4153
f 4153 4151 4152
f 4156 4157 4155
f 4155 4157 4158
f 4155 4158 4159
f 4161 4177 4160
f 4160 4177 4179
f 4178 4169 4168
f 4168 4169 4170
f 4168 4170 4167
f 4167 4170 4171
f 4167 4171 4166
f 4166 4171 4172
f 4166 4172 4165
f 4165 4172 4173
f 4165 4173 4164
f 4164 4173 4174
f 4164 4174 4163
f 4163 4174 4175
f 4163 4175 4162
f 4162 4175 4176
f 4162 4176 4161
f 4161 4176 4177
f 4181 4197 4180
f 4180 4197 4199
f 4198 4189 4188
f 4188 4189 4190
f 4188 4190 4187
f 4187 4190 4191
f 4187 4191 4186
f 4186 4191 4192
f 4186 4192 4185
f 4185 4192 4193
f 4185 4193 4184
f 4184 4193 4194
f 4184 4194 4183
f 4183 4194 4195
f 4183 4195 4182
f 4182 4195 4196
f 4182 4196 4181
f 4181 4196 4197
f 4215 4227 4216
f 4228 4200 4201
f 4228 4201 4226
f 4226 4201 4202
f 4226 4202 4225
f 4225 4202 4203
f 4225 4203 4204
f 4225 4204 4224
f 4224 4204 4205
f 4224 4205 4223
f 4223 4205 4206
f 4223 4206 4207
f 4223 4207 4222
f 4222 4207 4208
f 4222 4208 4221
f 4221 4208 4209
f 4221 4209 4210
f 4221 4210 4220
f 4220 4210 4211
f 4220 4211 4219
f 4219 4211 4212
f 4219 4212 4218
f 4218 4212 4213
f 4218 4213 4214
f 4218 4214 4217
f 4217 4214 4215
f 4217 4215 4216
f 4230 4248 4229
f 4229 4248 4238
f 4229 4238 4239
f 4248 4230 4247
f 4247 4230 4231
f 4247 4231 4246
f 4246 4231 4232
f 4246 4232 4245
f 4245 4232 4233
f 4245 4233 4244
f 4244 4233 4243
f 4243 4233 4234
f 4243 4234 4242
f 4242 4234 4235
f 4242 4235 4241
f 4241 4235 4236
f 4241 4236 4240
f 4240 4236 4237
f 4240 4237 4239
f 4239 4237 4229
f 4250 4266 4249
f 4249 4266 4268
f 4267 4258 4257
f 4257 4258 4259
f 4257 4259 4256
f 4256 4259 4260
f 4256 4260 4255
f 4255 4260 4261
f 4255 4261 4254
f 4254 4261 4262
f 4254 4262 4253
f 4253 4262 4263
f 4253 4263 4252
f 4252 4263 4264
f 4252 4264 4251
f 4251 4264 4265
f 4251 4265 4250
f 4250 4265 4266
f 4284 4269 4288
f 4288 4269 4270
f 4288 4270 4287
f 4287 4270 4271
f 4287 4271 4286
f 4286 4271 4272
f 4286 4272 4285
f 4285 4272 4296
f 4297 4273 4274
f 4297 4274 4295
f 4295 4274 4275
f 4295 4275 4294
f 4294 4275 4276
f 4294 4276 4277
f 4294 4277 4293
f 4293 4277 4278
f 4293 4278 4292
f 4292 4278 4279
f 4292 4279 4280
f 4292 4280 4291
f 4291 4280 4281
f 4291 4281 4290
f 4290 4281 4282
f 4290 4282 4289
f 4289 4282 4283
f 4289 4283 4284
f 4289 4284 4288
f 4299 4317 4298
f 4298 4317 4307
f 4298 4307 4308
f 4317 4299 4316
f 4316 4299 4300
f 4316 4300 4315
f 4315 4300 4301
f 4315 4301 4314
f 4314 4301 4302
f 4314 4302 4313
f 4313 4302 4312
f 4312 4302 4303
f 4312 4303 4311
f 4311 4303 4304
f 4311 4304 4310
f 4310 4304 4305
f 4310 4305 4309
f 4309 4305 4306
f 4309 4306 4308
f 4308 4306 4298
f 4335 4318 4334
f 4334 4318 4319
f 4334 4319 4333
f 4333 4319 4320
f 4333 4320 4332
f 4332 4320 4321
f 4332 4321 4331
f 4331 4321 4322
f 4331 4322 4323
f 4331 4323 4330
f 4330 4323 4324
f 4330 4324 4329
f 4329 4324 4325
f 4329 4325 4328
f 4328 4325 4326
f 4328 4326 4327
f 4337 4355 4336
f 4336 4355 4345
f 4336 4345 4346
f 4355 4337 4354
f 4354 4337 4338
f 4354 4338 4353
f 4353 4338 4339
f 4353 4339 4352
f 4352 4339 4340
f 4352 4340 4351
f 4351 4340 4350
f 4350 4340 4341
f 4350 4341 4349
f 4349 4341 4342
f 4349 4342 4348
f 4348 4342 4343
f 4348 4343 4347
f 4347 4343 4344
f 4347 4344 4346
f 4346 4344 4336
f 4357 4374 4356
f 4356 4374 4375
f 4356 4375 4371
f 4371 4375 4370
f 4370 4375 4369
f 4369 4375 4368
f 4368 4375 4372
f 4368 4372 4367
f 4367 4372 4366
f 4366 4372 4365
f 4365 4372 4364
f 4364 4372 4373
f 4364 4373 4363
f 4363 4373 4362
f 4362 4373 4361
f 4361 4373 4360
f 4360 4373 4374
f 4360 4374 4359
f 4359 4374 4358
f 4358 4374 4357
f 4376 4377 4379
f 4379 4377 4378
f 4381 4382 4380
f 4380 4382 4383
f 4380 4383 4384
f 4400 4412 4401
f 4413 4385 4386
f 4413 4386 4411
f 4411 4386 4387
f 4411 4387 4410
f 4410 4387 4388
f 4410 4388 4389
f 4410 4389 4409
f 4409 4389 4390
f 4409 4390 4408
f 4408 4390 4391
f 4408 4391 4392
f 4408 4392 4407
f 4407 4392 4393
f 4407 4393 4406
f 4406 4393 4394
f 4406 4394 4395
f 4406 4395 4405
f 4405 4395 4396
f 4405 4396 4404
f 4404 4396 4397
f 4404 4397 4403
f 4403 4397 4398
f 4403 4398 4399
f 4403 4399 4402
f 4402 4399 4400
f 4402 4400 4401
f 4415 4426 4414
f 4414 4426 4423
f 4414 4423 4422
f 4422 4423 4421
f 4421 4423 4424
f 4421 4424 4420
f 4420 4424 4419
f 4419 4424 4418
f 4418 4424 4425
f 4418 4425 4417
f 4417 4425 4416
f 4416 4425 4426
f 4416 4426 4415
f 4427 4428 4430
f 4430 4428 4429
f 4432 4442 4431
f 4431 4442 4443
f 4431 4443 4439
f 4439 4443 4438
f 4438 4443 4440
f 4438 4440 4437
f 4437 4440 4436
f 4436 4440 4441
f 4436 4441 4435
f 4435 4441 4434
f 4434 4441 4433
f 4433 4441 4442
f 4433 4442 4432
f 4444 4445 4448
f 4448 4445 4447
f 4447 4445 4446
f 4450 4466 4449
f 4449 4466 4468
f 4467 4458 4457
f 4457 4458 4459
f 4457 4459 4456
f 4456 4459 4460
f 4456 4460 4455
f 4455 4460 4461
f 4455 4461 4454
f 4454 4461 4462
f 4454 4462 4453
f 4453 4462 4463
f 4453 4463 4452
f 4452 4463 4464
f 4452 4464 4451
f 4451 4464 4465
f 4451 4465 4450
f 4450 4465 4466
f 4469 4470 4486
f 4486 4470 4471
f 4486 4471 4485
f 4485 4471 4472
f 4485 4472 4484
f 4484 4472 4473
f 4484 4473 4483
f 4483 4473 4474
f 4483 4474 4475
f 4483 4475 4482
f 4482 4475 4476
f 4482 4476 4481
f 4481 4476 4477
f 4481 4477 4480
f 4480 4477 4478
f 4480 4478 4479
f 4502 4514 4503
f 4515 4487 4488
f 4515 4488 4513
f 4513 4488 4489
f 4513 4489 4512
f 4512 4489 4490
f 4512 4490 4491
f 4512 4491 4511
f 4511 4491 4492
f 4511 4492 4510
f 4510 4492 4493
f 4510 4493 4494
f 4510 4494 4509
f 4509 4494 4495
f 4509 4495 4508
f 4508 4495 4496
f 4508 4496 4497
f 4508 4497 4507
f 4507 4497 4498
f 4507 4498 4506
f 4506 4498 4499
f 4506 4499 4505
f 4505 4499 4500
f 4505 4500 4501
f 4505 4501 4504
f 4504 4501 4502
f 4504 4502 4503
f 4517 4535 4516
f 4516 4535 4525
f 4516 4525 4526
f 4535 4517 4534
f 4534 4517 4518
f 4534 4518 4533
f 4533 4518 4519
f 4533 4519 4532
f 4532 4519 4520
f 4532 4520 4531
f 4531 4520 4530
f 4530 4520 4521
f 4530 4521 4529
f 4529 4521 4522
f 4529 4522 4528
f 4528 4522 4523
f 4528 4523 4527
f 4527 4523 4524
f 4527 4524 4526
f 4526 4524 4516
f 4537 4553 4536
f 4536 4553 4555
f 4554 4545 4544
f 4544 4545 4546
f 4544 4546 4543
f 4543 4546 4547
f 4543 4547 4542
f 4542 4547 4548
f 4542 4548 4541
f 4541 4548 4549
f 4541 4549 4540
f 4540 4549 4550
f 4540 4550 4539
f 4539 4550 4551
f 4539 4551 4538
f 4538 4551 4552
f 4538 4552 4537
f 4537 4552 4553
f 4573 4556 4572
f 4572 4556 4557
f 4572 4557 4571
f 4571 4557 4558
f 4571 4558 4570
f 4570 4558 4559
f 4570 4559 4569
f 4569 4559 4560
f 4569 4560 4561
f 4569 4561 4568
f 4568 4561 4562
f 4568 4562 4567
f 4567 4562 4563
f 4567 4563 4566
f 4566 4563 4564
f 4566 4564 4565
f 4575 4591 4574
f 4574 4591 4593
f 4592 4583 4582
f 4582 4583 4584
f 4582 4584 4581
f 4581 4584 4585
f 4581 4585 4580
f 4580 4585 4586
f 4580 4586 4579
f 4579 4586 4587
f 4579 4587 4578
f 4578 4587 4588
f 4578 4588 4577
f 4577 4588 4589
f 4577 4589 4576
f 4576 4589 4590
f 4576 4590 4575
f 4575 4590 4591
f 4595 4596 4594
f 4594 4596 4597
f 4594 4597 4598
f 4600 4611 4599
f 4599 4611 4608
f 4599 4608 4607
f 4607 4608 4606
f 4606 4608 4609
f 4606 4609 4605
f 4605 4609 4604
f 4604 4609 4603
f 4603 4609 4610
f 4603 4610 4602
f 4602 4610 4601
f 4601 4610 4611
f 4601 4611 4600
f 4613 4623 4612
f 4612 4623 4624
f 4612 4624 4620
f 4620 4624 4619
f 4619 4624 4621
f 4619 4621 4618
f 4618 4621 4617
f 4617 4621 4622
f 4617 4622 4616
f 4616 4622 4615
f 4615 4622 4614
f 4614 4622 4623
f 4614 4623 4613
f 4625 4626 4629
f 4629 4626 4628
f 4628 4626 4627
f 4630 4631 4633
f 4633 4631 4632
f 4635 4652 4634
f 4634 4652 4653
f 4634 4653 4649
f 4649 4653 4648
f 4648 4653 4647
f 4647 4653 4646
f 4646 4653 4650
f 4646 4650 4645
f 4645 4650 4644
f 4644 4650 4643
f 4643 4650 4642
f 4642 4650 4651
f 4642 4651 4641
f 4641 4651 4640
f 4640 4651 4639
f 4639 4651 4638
f 4638 4651 4652
f 4638 4652 4637
f 4637 4652 4636
f 4636 4652 4635
f 4654 4655 4657
f 4657 4655 4656
f 4673 4658 4677
f 4677 4658 4659
f 4677 4659 4676
f 4676 4659 4660
f 4676 4660 4675
f 4675 4660 4661
f 4675 4661 4674
f 4674 4661 4685
f 4686 4662 4663
f 4686 4663 4684
f 4684 4663 4664
f 4684 4664 4683
f 4683 4664 4665
f 4683 4665 4666
f 4683 4666 4682
f 4682 4666 4667
f 4682 4667 4681
f 4681 4667 4668
f 4681 4668 4669
f 4681 4669 4680
f 4680 4669 4670
f 4680 4670 4679
f 4679 4670 4671
f 4679 4671 4678
f 4678 4671 4672
f 4678 4672 4673
f 4678 4673 4677
f 4688 4706 4687
f 4687 4706 4696
f 4687 4696 4697
f 4706 4688 4705
f 4705 4688 4689
f 4705 4689 4704
f 4704 4689 4690
f 4704 4690 4703
f 4703 4690 4691
f 4703 4691 4702
f 4702 4691 4701
f 4701 4691 4692
f 4701 4692 4700
f 4700 4692 4693
f 4700 4693 4699
f 4699 4693 4694
f 4699 4694 4698
f 4698 4694 4695
f 4698 4695 4697
f 4697 4695 4687
f 4707 4708 4724
f 4724 4708 4709
f 4724 4709 4723
f 4723 4709 4710
f 4723 4710 4722
f 4722 4710 4711
f 4722 4711 4721
f 4721 4711 4712
f 4721 4712 4713
f 4721 4713 4720
f 4720 4713 4714
f 4720 4714 4719
f 4719 4714 4715
f 4719 4715 4718
f 4718 4715 4716
f 4718 4716 4717
f 4726 4744 4725
f 4725 4744 4734
f 4725 4734 4735
f 4744 4726 4743
f 4743 4726 4727
f 4743 4727 4742
f 4742 4727 4728
f 4742 4728 4741
f 4741 4728 4729
f 4741 4729 4740
f 4740 4729 4739
f 4739 4729 4730
f 4739 4730 4738
f 4738 4730 4731
f 4738 4731 4737
f 4737 4731 4732
f 4737 4732 4736
f 4736 4732 4733
f 4736 4733 4735
f 4735 4733 4725
f 4760 4745 4764
f 4764 4745 4746
f 4764 4746 4763
f 4763 4746 4747
f 4763 4747 4762
f 4762 4747 4748
f 4762 4748 4761
f 4761 4748 4772
f 4773 4749 4750
f 4773 4750 4771
f 4771 4750 4751
f 4771 4751 4770
f 4770 4751 4752
f 4770 4752 4753
f 4770 4753 4769
f 4769 4753 4754
f 4769 4754 4768
f 4768 4754 4755
f 4768 4755 4756
f 4768 4756 4767
f 4767 4756 4757
f 4767 4757 4766
f 4766 4757 4758
f 4766 4758 4765
f 4765 4758 4759
f 4765 4759 4760
f 4765 4760 4764
f 4791 4774 4790
f 4790 4774 4775
f 4790 4775 4789
f 4789 4775 4776
f 4789 4776 4788
f 4788 4776 4777
f 4788 4777 4787
f 4787 4777 4778
f 4787 4778 4779
f 4787 4779 4786
f 4786 4779 4780
f 4786 4780 4785
f 4785 4780 4781
f 4785 4781 4784
f 4784 4781 4782
f 4784 4782 4783
f 4792 4793 4809
f 4809 4793 4794
f 4809 4794 4808
f 4808 4794 4795
f 4808 4795 4807
f 4807 4795 4796
f 4807 4796 4806
f 4806 4796 4797
f 4806 4797 4798
f 4806 4798 4805
f 4805 4798 4799
f 4805 4799 4804
f 4804 4799 4800
f 4804 4800 4803
f 4803 4800 4801
f 4803 4801 4802
f 4811 4829 4810
f 4810 4829 4819
f 4810 4819 4820
f 4829 4811 4828
f 4828 4811 4812
f 4828 4812 4827
f 4827 4812 4813
f 4827 4813 4826
f 4826 4813 4814
f 4826 4814 4825
f 4825 4814 4824
f 4824 4814 4815
f 4824 4815 4823
f 4823 4815 4816
f 4823 4816 4822
f 4822 4816 4817
f 4822 4817 4821
f 4821 4817 4818
f 4821 4818 4820
f 4820 4818 4810
f 4845 4857 4846
f 4858 4830 4831
f 4858 4831 4856
f 4856 4831 4832
f 4856 4832 4855
f 4855 4832 4833
f 4855 4833 4834
f 4855 4834 4854
f 4854 4834 4835
f 4854 4835 4853
f 4853 4835 4836
f 4853 4836 4837
f 4853 4837 4852
f 4852 4837 4838
f 4852 4838 4851
f 4851 4838 4839
f 4851 4839 4840
f 4851 4840 4850
f 4850 4840 4841
f 4850 4841 4849
f 4849 4841 4842
f 4849 4842 4848
f 4848 4842 4843
f 4848 4843 4844
f 4848 4844 4847
f 4847 4844 4845
f 4847 4845 4846
f 4860 4876 4859
f 4859 4876 4878
f 4877 4868 4867
f 4867 4868 4869
f 4867 4869 4866
f 4866 4869 4870
f 4866 4870 4865
f 4865 4870 4871
f 4865 4871 4864
f 4864 4871 4872
f 4864 4872 4863
f 4863 4872 4873
f 4863 4873 4862
f 4862 4873 4874
f 4862 4874 4861
f 4861 4874 4875
f 4861 4875 4860
f 4860 4875 4876
f 4880 4896 4879
f 4879 4896 4898
f 4897 4888 4887
f 4887 4888 4889
f 4887 4889 4886
f 4886 4889 4890
f 4886 4890 4885
f 4885 4890 4891
f 4885 4891 4884
f 4884 4891 4892
f 4884 4892 4883
f 4883 4892 4893
f 4883 4893 4882
f 4882 4893 4894
f 4882 4894 4881
f 4881 4894 4895
f 4881 4895 4880
f 4880 4895 4896
f 4899 4900 4902
f 4902 4900 4901
f 4904 4921 4903
f 4903 4921 4922
f 4903 4922 4918
f 4918 4922 4917
f 4917 4922 4916
f 4916 4922 4915
f 4915 4922 4919
f 4915 4919 4914
f 4914 4919 4913
f 4913 4919 4912
f 4912 4919 4911
f 4911 4919 4920
f 4911 4920 4910
f 4910 4920 4909
f 4909 4920 4908
f 4908 4920 4907
f 4907 4920 4921
f 4907 4921 4906
f 4906 4921 4905
f 4905 4921 4904
f 4923 4924 4926
f 4926 4924 4925
f 4928 4939 4927
f 4927 4939 4936
f 4927 4936 4935
f 4935 4936 4934
f 4934 4936 4937
f 4934 4937 4933
f 4933 4937 4932
f 4932 4937 4931
f 4931 4937 4938
f 4931 4938 4930
f 4930 4938 4929
f 4929 4938 4939
f 4929 4939 4928
f 4941 4951 4940
f 4940 4951 4952
f 4940 4952 4948
f 4948 4952 4947
f 4947 4952 4949
f 4947 4949 4946
f 4946 4949 4945
f 4945 4949 4950
f 4945 4950 4944
f 4944 4950 4943
f 4943 4950 4942
f 4942 4950 4951
f 4942 4951 4941
f 4953 4954 4957
f 4957 4954 4956
f 4956 4954 4955
f 4959 4960 4958
f 4958 4960 4961
f 4958 4961 4962
f 4978 4963 4982
f 4982 4963 4964
f 4982 4964 4981
f 4981 4964 4965
f 4981 4965 4980
f 4980 4965 4966
f 4980 4966 4979
f 4979 4966 4990
f 4991 4967 4968
f 4991 4968 4989
f 4989 4968 4969
f 4989 4969 4988
f 4988 4969 4970
f 4988 4970 4971
f 4988 4971 4987
f 4987 4971 4972
f 4987 4972 4986
f 4986 4972 4973
f 4986 4973 4974
f 4986 4974 4985
f 4985 4974 4975
f 4985 4975 4984
f 4984 4975 4976
f 4984 4976 4983
f 4983 4976 4977
f 4983 4977 4978
f 4983 4978 4982
f 4993 5011 4992
f 4992 5011 5001
f 4992 5001 5002
f 5011 4993 5010
f 5010 4993 4994
f 5010 4994 5009
f 5009 4994 4995
f 5009 4995 5008
f 5008 4995 4996
f 5008 4996 5007
f 5007 4996 5006
f 5006 4996 4997
f 5006 4997 5005
f 5005 4997 4998
f 5005 4998 5004
f 5004 4998 4999
f 5004 4999 5003
f 5003 4999 5000
f 5003 5000 5002
f 5002 5000 4992
f 5029 5012 5028
f 5028 5012 5013
f 5028 5013 5027
f 5027 5013 5014
f 5027 5014 5026
f 5026 5014 5015
f 5026 5015 5025
f 5025 5015 5016
f 5025 5016 5017
f 5025 5017 5024
f 5024 5017 5018
f 5024 5018 5023
f 5023 5018 5019
f 5023 5019 5022
f 5022 5019 5020
f 5022 5020 5021
f 5030 5031 5047
f 5047 5031 5032
f 5047 5032 5046
f 5046 5032 5033
f 5046 5033 5045
f 5045 5033 5034
f 5045 5034 5044
f 5044 5034 5035
f 5044 5035 5036
f 5044 5036 5043
f 5043 5036 5037
f 5043 5037 5042
f 5042 5037 5038
f 5042 5038 5041
f 5041 5038 5039
f 5041 5039 5040
f 5049 5065 5048
f 5048 5065 5067
f 5066 5057 5056
f 5056 5057 5058
f 5056 5058 5055
f 5055 5058 5059
f 5055 5059 5054
f 5054 5059 5060
f 5054 5060 5053
f 5053 5060 5061
f 5053 5061 5052
f 5052 5061 5062
f 5052 5062 5051
f 5051 5062 5063
f 5051 5063 5050
f 5050 5063 5064
f 5050 5064 5049
f 5049 5064 5065
f 5069 5086 5068
f 5068 5086 5087
f 5068 5087 5083
f 5083 5087 5082
f 5082 5087 5081
f 5081 5087 5080
f 5080 5087 5084
f 5080 5084 5079
f 5079 5084 5078
f 5078 5084 5077
f 5077 5084 5076
f 5076 5084 5085
f 5076 5085 5075
f 5075 5085 5074
f 5074 5085 5073
f 5073 5085 5072
f 5072 5085 5086
f 5072 5086 5071
f 5071 5086 5070
f 5070 5086 5069
f 5088 5089 5091
f 5091 5089 5090
f 5093 5094 5092
f 5092 5094 5095
f 5092 5095 5096
f 5098 5109 5097
f 5097 5109 5106
f 5097 5106 5105
f 5105 5106 5104
f 5104 5106 5107
f 5104 5107 5103
f 5103 5107 5102
f 5102 5107 5101
f 5101 5107 5108
f 5101 5108 5100
f 5100 5108 5099
f 5099 5108 5109
f 5099 5109 5098
f 5110 5111 5113
f 5113 5111 5112
f 5115 5125 5114
f 5114 5125 5126
f 5114 5126 5122
f 5122 5126 5121
f 5121 5126 5123
f 5121 5123 5120
f 5120 5123 5119
f 5119 5123 5124
f 5119 5124 5118
f 5118 5124 5117
f 5117 5124 5116
f 5116 5124 5125
f 5116 5125 5115
f 5127 5128 5131
f 5131 5128 5130
f 5130 5128 5129
f 5133 5149 5132
f 5132 5149 5151
f 5150 5141 5140
f 5140 5141 5142
f 5140 5142 5139
f 5139 5142 5143
f 5139 5143 5138
f 5138 5143 5144
f 5138 5144 5137
f 5137 5144 5145
f 5137 5145 5136
f 5136 5145 5146
f 5136 5146 5135
f 5135 5146 5147
f 5135 5147 5134
f 5134 5147 5148
f 5134 5148 5133
f 5133 5148 5149
f 5153 5171 5152
f 5152 5171 5161
f 5152 5161 5162
f 5171 5153 5170
f 5170 5153 5154
f 5170 5154 5169
f 5169 5154 5155
f 5169 5155 5168
f 5168 5155 5156
f 5168 5156 5167
f 5167 5156 5166
f 5166 5156 5157
f 5166 5157 5165
f 5165 5157 5158
f 5165 5158 5164
f 5164 5158 5159
f 5164 5159 5163
f 5163 5159 5160
f 5163 5160 5162
f 5162 5160 5152
f 5187 5199 5188
f 5200 5172 5173
f 5200 5173 5198
f 5198 5173 5174
f 5198 5174 5197
f 5197 5174 5175
f 5197 5175 5176
f 5197 5176 5196
f 5196 5176 5177
f 5196 5177 5195
f 5195 5177 5178
f 5195 5178 5179
f 5195 5179 5194
f 5194 5179 5180
f 5194 5180 5193
f 5193 5180 5181
f 5193 5181 5182
f 5193 5182 5192
f 5192 5182 5183
f 5192 5183 5191
f 5191 5183 5184
f 5191 5184 5190
f 5190 5184 5185
f 5190 5185 5186
f 5190 5186 5189
f 5189 5186 5187
f 5189 5187 5188
f 5202 5220 5201
f 5201 5220 5210
f 5201 5210 5211
f 5220 5202 5219
f 5219 5202 5203
f 5219 5203 5218
f 5218 5203 5204
f 5218 5204 5217
f 5217 5204 5205
f 5217 5205 5216
f 5216 5205 5215
f 5215 5205 5206
f 5215 5206 5214
f 5214 5206 5207
f 5214 5207 5213
f 5213 5207 5208
f 5213 5208 5212
f 5212 5208 5209
f 5212 5209 5211
f 5211 5209 5201
f 5236 5248 5237
f 5249 5221 5222
f 5249 5222 5247
f 5247 5222 5223
f 5247 5223 5246
f 5246 5223 5224
f 5246 5224 5225
f 5246 5225 5245
f 5245 5225 5226
f 5245 5226 5244
f 5244 5226 5227
f 5244 5227 5228
f 5244 5228 5243
f 5243 5228 5229
f 5243 5229 5242
f 5242 5229 5230
f 5242 5230 5231
f 5242 5231 5241
f 5241 5231 5232
f 5241 5232 5240
f 5240 5232 5233
f 5240 5233 5239
f 5239 5233 5234
f 5239 5234 5235
f 5239 5235 5238
f 5238 5235 5236
f 5238 5236 5237
f 5251 5267 5250
f 5250 5267 5269
f 5268 5259 5258
f 5258 5259 5260
f 5258 5260 5257
f 5257 5260 5261
f 5257 5261 5256
f 5256 5261 5262
f 5256 5262 5255
f 5255 5262 5263
f 5255 5263 5254
f 5254 5263 5264
f 5254 5264 5253
f 5253 5264 5265
f 5253 5265 5252
f 5252 5265 5266
f 5252 5266 5251
f 5251 5266 5267
f 5287 5270 5286
f 5286 5270 5271
f 5286 5271 5285
f 5285 5271 5272
f 5285 5272 5284
f 5284 5272 5273
f 5284 5273 5283
f 5283 5273 5274
f 5283 5274 5275
f 5283 5275 5282
f 5282 5275 5276
f 5282 5276 5281
f 5281 5276 5277
f 5281 5277 5280
f 5280 5277 5278
f 5280 5278 5279
f 5289 5305 5288
f 5288 5305 5307
f 5306 5297 5296
f 5296 5297 5298
f 5296 5298 5295
f 5295 5298 5299
f 5295 5299 5294
f 5294 5299 5300
f 5294 5300 5293
f 5293 5300 5301
f 5293 5301 5292
f 5292 5301 5302
f 5292 5302 5291
f 5291 5302 5303
f 5291 5303 5290
f 5290 5303 5304
f 5290 5304 5289
f 5289 5304 5305
f 5309 5327 5308
f 5308 5327 5317
f 5308 5317 5318
f 5327 5309 5326
f 5326 5309 5310
f 5326 5310 5325
f 5325 5310 5311
f 5325 5311 5324
f 5324 5311 5312
f 5324 5312 5323
f 5323 5312 5322
f 5322 5312 5313
f 5322 5313 5321
f 5321 5313 5314
f 5321 5314 5320
f 5320 5314 5315
f 5320 5315 5319
f 5319 5315 5316
f 5319 5316 5318
f 5318 5316 5308
f 5343 5328 5347
f 5347 5328 5329
f 5347 5329 5346
f 5346 5329 5330
f 5346 5330 5345
f 5345 5330 5331
f 5345 5331 5344
f 5344 5331 5355
f 5356 5332 5333
f 5356 5333 5354
f 5354 5333 5334
f 5354 5334 5353
f 5353 5334 5335
f 5353 5335 5336
f 5353 5336 5352
f 5352 5336 5337
f 5352 5337 5351
f 5351 5337 5338
f 5351 5338 5339
f 5351 5339 5350
f 5350 5339 5340
f 5350 5340 5349
f 5349 5340 5341
f 5349 5341 5348
f 5348 5341 5342
f 5348 5342 5343
f 5348 5343 5347
f 5357 5358 5374
f 5374 5358 5359
f 5374 5359 5373
f 5373 5359 5360
f 5373 5360 5372
f 5372 5360 5361
f 5372 5361 5371
f 5371 5361 5362
f 5371 5362 5363
f 5371 5363 5370
f 5370 5363 5364
f 5370 5364 5369
f 5369 5364 5365
f 5369 5365 5368
f 5368 5365 5366
f 5368 5366 5367
f 5375 5376 5378
f 5378 5376 5377
f 5379 5380 5382
f 5382 5380 5381
f 5384 5395 5383
f 5383 5395 5392
f 5383 5392 5391
f 5391 5392 5390
f 5390 5392 5393
f 5390 5393 5389
f 5389 5393 5388
f 5388 5393 5387
f 5387 5393 5394
f 5387 5394 5386
f 5386 5394 5385
f 5385 5394 5395
f 5385 5395 5384
f 5397 5407 5396
f 5396 5407 5408
f 5396 5408 5404
f 5404 5408 5403
f 5403 5408 5405
f 5403 5405 5402
f 5402 5405 5401
f 5401 5405 5406
f 5401 5406 5400
f 5400 5406 5399
f 5399 5406 5398
f 5398 5406 5407
f 5398 5407 5397
f 5410 5427 5409
f 5409 5427 5428
f 5409 5428 5424
f 5424 5428 5423
f 5423 5428 5422
f 5422 5428 5421
f 5421 5428 5425
f 5421 5425 5420
f 5420 5425 5419
f 5419 5425 5418
f 5418 5425 5417
f 5417 5425 5426
f 5417 5426 5416
f 5416 5426 5415
f 5415 5426 5414
f 5414 5426 5413
f 5413 5426 5427
f 5413 5427 5412
f 5412 5427 5411
f 5411 5427 5410
f 5429 5430 5433
f 5433 5430 5432
f 5432 5430 5431
f 5435 5436 5434
f 5434 5436 5437
f 5434 5437 5438
f 5439 5440 5442
f 5442 5440 5441
f 5443 5444 5446
f 5446 5444 5445
f 5447 5448 5450
f 5450 5448 5449
f 5452 5476 5451
f 5451 5476 5477
f 5451 5477 5458
f 5458 5477 5478
f 5458 5478 5460
f 5460 5478 5459
f 5459 5478 5468
f 5459 5468 5469
f 5453 5483 5452
f 5452 5483 5484
f 5452 5484 5476
f 5476 5484 5475
f 5475 5484 5482
f 5482 5484 5481
f 5481 5484 5485
f 5481 5485 5473
f 5473 5485 5472
f 5472 5485 5471
f 5471 5485 5464
f 5471 5464 5465
f 5453 5454 5483
f 5483 5454 5455
f 5483 5455 5463
f 5463 5455 5456
f 5463 5456 5462
f 5462 5456 5457
f 5462 5457 5461
f 5461 5457 5458
f 5461 5458 5460
f 5483 5463 5485
f 5485 5463 5464
f 5471 5465 5470
f 5470 5465 5466
f 5470 5466 5469
f 5469 5466 5459
f 5468 5478 5467
f 5467 5478 5479
f 5467 5479 5474
f 5474 5479 5480
f 5474 5480 5473
f 5473 5480 5481
f 5487 5516 5486
f 5486 5516 5517
f 5486 5517 5493
f 5493 5517 5518
f 5493 5518 5519
f 5488 5500 5487
f 5487 5500 5501
f 5487 5501 5515
f 5515 5501 5494
f 5515 5494 5509
f 5509 5494 5508
f 5508 5494 5495
f 5508 5495 5507
f 5507 5495 5496
f 5507 5496 5506
f 5506 5496 5497
f 5506 5497 5520
f 5520 5497 5498
f 5520 5498 5519
f 5519 5498 5490
f 5519 5490 5491
f 5500 5488 5499
f 5499 5488 5489
f 5499 5489 5498
f 5498 5489 5490
f 5491 5492 5519
f 5519 5492 5493
f 5503 5513 5502
f 5502 5513 5514
f 5502 5514 5509
f 5509 5514 5515
f 5513 5503 5512
f 5512 5503 5504
f 5512 5504 5518
f 5518 5504 5520
f 5520 5504 5505
f 5520 5505 5506
f 5517 5510 5518
f 5518 5510 5511
f 5518 5511 5512
f 5515 5516 5487
f 5522 5536 5521
f 5521 5536 5538
f 5537 5529 5528
f 5528 5529 5530
f 5528 5530 5527
f 5527 5530 5531
f 5527 5531 5526
f 5526 5531 5532
f 5526 5532 5525
f 5525 5532 5533
f 5525 5533 5524
f 5524 5533 5534
f 5524 5534 5523
f 5523 5534 5535
f 5523 5535 5522
f 5522 5535 5536
f 5540 5554 5539
f 5539 5554 5556
f 5555 5547 5546
f 5546 5547 5548
f 5546 5548 5545
f 5545 5548 5549
f 5545 5549 5544
f 5544 5549 5550
f 5544 5550 5543
f 5543 5550 5551
f 5543 5551 5542
f 5542 5551 5552
f 5542 5552 5541
f 5541 5552 5553
f 5541 5553 5540
f 5540 5553 5554
f 5558 5572 5557
f 5557 5572 5574
f 5573 5565 5564
f 5564 5565 5566
f 5564 5566 5563
f 5563 5566 5567
f 5563 5567 5562
f 5562 5567 5568
f 5562 5568 5561
f 5561 5568 5569
f 5561 5569 5560
f 5560 5569 5570
f 5560 5570 5559
f 5559 5570 5571
f 5559 5571 5558
f 5558 5571 5572
f 5576 5590 5575
f 5575 5590 5592
f 5591 5583 5582
f 5582 5583 5584
f 5582 5584 5581
f 5581 5584 5585
f 5581 5585 5580
f 5580 5585 5586
f 5580 5586 5579
f 5579 5586 5587
f 5579 5587 5578
f 5578 5587 5588
f 5578 5588 5577
f 5577 5588 5589
f 5577 5589 5576
f 5576 5589 5590
f 5594 5608 5593
f 5593 5608 5610
f 5609 5601 5600
f 5600 5601 5602
f 5600 5602 5599
f 5599 5602 5603
f 5599 5603 5598
f 5598 5603 5604
f 5598 5604 5597
f 5597 5604 5605
f 5597 5605 5596
f 5596 5605 5606
f 5596 5606 5595
f 5595 5606 5607
f 5595 5607 5594
f 5594 5607 5608
f 5612 5626 5611
f 5611 5626 5628
f 5627 5619 5618
f 5618 5619 5620
f 5618 5620 5617
f 5617 5620 5621
f 5617 5621 5616
f 5616 5621 5622
f 5616 5622 5615
f 5615 5622 5623
f 5615 5623 5614
f 5614 5623 5624
f 5614 5624 5613
f 5613 5624 5625
f 5613 5625 5612
f 5612 5625 5626
f 5630 5644 5629
f 5629 5644 5646
f 5645 5637 5636
f 5636 5637 5638
f 5636 5638 5635
f 5635 5638 5639
f 5635 5639 5634
f 5634 5639 5640
f 5634 5640 5633
f 5633 5640 5641
f 5633 5641 5632
f 5632 5641 5642
f 5632 5642 5631
f 5631 5642 5643
f 5631 5643 5630
f 5630 5643 5644
f 5648 5662 5647
f 5647 5662 5664
f 5663 5655 5654
f 5654 5655 5656
f 5654 5656 5653
f 5653 5656 5657
f 5653 5657 5652
f 5652 5657 5658
f 5652 5658 5651
f 5651 5658 5659
f 5651 5659 5650
f 5650 5659 5660
f 5650 5660 5649
f 5649 5660 5661
f 5649 5661 5648
f 5648 5661 5662
f 5666 5690 5665
f 5665 5690 5691
f 5665 5691 5672
f 5672 5691 5692
f 5672 5692 5674
f 5674 5692 5673
f 5673 5692 5682
f 5673 5682 5683
f 5667 5697 5666
f 5666 5697 5698
f 5666 5698 5690
f 5690 5698 5689
f 5689 5698 5696
f 5696 5698 5695
f 5695 5698 5699
f 5695 5699 5687
f 5687 5699 5686
f 5686 5699 5685
f 5685 5699 5678
f 5685 5678 5679
f 5667 5668 5697
f 5697 5668 5669
f 5697 5669 5677
f 5677 5669 5670
f 5677 5670 5676
f 5676 5670 5671
f 5676 5671 5675
f 5675 5671 5672
f 5675 5672 5674
f 5697 5677 5699
f 5699 5677 5678
f 5685 5679 5684
f 5684 5679 5680
f 5684 5680 5683
f 5683 5680 5673
f 5682 5692 5681
f 5681 5692 5693
f 5681 5693 5688
f 5688 5693 5694
f 5688 5694 5687
f 5687 5694 5695
f 5701 5730 5700
f 5700 5730 5731
f 5700 5731 5707
f 5707 5731 5732
f 5707 5732 5733
f 5702 5714 5701
f 5701 5714 5715
f 5701 5715 5729
f 5729 5715 5708
f 5729 5708 5723
f 5723 5708 5722
f 5722 5708 5709
f 5722 5709 5721
f 5721 5709 5710
f 5721 5710 5720
f 5720 5710 5711
f 5720 5711 5734
f 5734 5711 5712
f 5734 5712 5733
f 5733 5712 5704
f 5733 5704 5705
f 5714 5702 5713
f 5713 5702 5703
f 5713 5703 5712
f 5712 5703 5704
f 5705 5706 5733
f 5733 5706 5707
f 5717 5727 5716
f 5716 5727 5728
f 5716 5728 5723
f 5723 5728 5729
f 5727 5717 5726
f 5726 5717 5718
f 5726 5718 5732
f 5732 5718 5734
f 5734 5718 5719
f 5734 5719 5720
f 5731 5724 5732
f 5732 5724 5725
f 5732 5725 5726
f 5729 5730 5701
f 5735 5736 5738
f 5738 5736 5737
f 5739 5740 5742
f 5742 5740 5741
f 5743 5744 5746
f 5746 5744 5745
