v -0.2277499962 0.06199999809 0.06941813946
v -0.2269445419 0.06199999809 0.07136268616
v -0.225 0.06199999809 0.07216814041
v -0.2230554581 0.06199999809 0.07136268616
v -0.2222500038 0.06199999809 0.06941813946
v -0.2230554581 0.06199999809 0.06747359753
v -0.225 0.06199999809 0.06666814327
v -0.2269445419 0.06199999809 0.06747359753
v -0.2277499962 0.06099999905 0.06941813946
v -0.2269445419 0.06099999905 0.06747359753
v -0.225 0.06099999905 0.06666814327
v -0.2230554581 0.06099999905 0.06747359753
v -0.2222500038 0.06099999905 0.06941813946
v -0.2230554581 0.06099999905 0.07136268616
v -0.225 0.06099999905 0.07216814041
v -0.2269445419 0.06099999905 0.07136268616
v -0.2277499962 0.06199999809 0.06941813946
v -0.2277499962 0.06099999905 0.06941813946
v -0.23 0.06199999809 0.06941813946
v -0.2290450859 0.06199999809 0.06647921562
v -0.2265450859 0.06199999809 0.06466285706
v -0.2234549141 0.06199999809 0.06466285706
v -0.2209549141 0.06199999809 0.06647921562
v -0.22 0.06199999809 0.06941813946
v -0.2209549141 0.06199999809 0.07235706806
v -0.2234549141 0.06199999809 0.07417342186
v -0.2265450859 0.06199999809 0.07417342186
v -0.2290450859 0.06199999809 0.07235706806
v -0.23 0.06099999905 0.06941813946
v -0.2290450859 0.06099999905 0.07235706806
v -0.2265450859 0.06099999905 0.07417342186
v -0.2234549141 0.06099999905 0.07417342186
v -0.2209549141 0.06099999905 0.07235706806
v -0.22 0.06099999905 0.06941813946
v -0.2209549141 0.06099999905 0.06647921562
v -0.2234549141 0.06099999905 0.06466285706
v -0.2265450859 0.06099999905 0.06466285706
v -0.2290450859 0.06099999905 0.06647921562
v -0.23 0.06099999905 0.06941813946
v -0.23 0.06199999809 0.06941813946
v -0.2277499962 0.06199999809 0.06941813946
v -0.2269445419 0.06199999809 0.06747359753
v -0.225 0.06199999809 0.06666814327
v -0.2230554581 0.06199999809 0.06747359753
v -0.2222500038 0.06199999809 0.06941813946
v -0.2230554581 0.06199999809 0.07136268616
v -0.225 0.06199999809 0.07216814041
v -0.2269445419 0.06199999809 0.07136268616
v -0.23 0.06199999809 0.06941813946
v -0.2290450859 0.06199999809 0.07235706806
v -0.2265450859 0.06199999809 0.07417342186
v -0.2234549141 0.06199999809 0.07417342186
v -0.2209549141 0.06199999809 0.07235706806
v -0.22 0.06199999809 0.06941813946
v -0.2209549141 0.06199999809 0.06647921562
v -0.2234549141 0.06199999809 0.06466285706
v -0.2265450859 0.06199999809 0.06466285706
v -0.2290450859 0.06199999809 0.06647921562
v -0.2277499962 0.06099999905 0.06941813946
v -0.2269445419 0.06099999905 0.07136268616
v -0.225 0.06099999905 0.07216814041
v -0.2230554581 0.06099999905 0.07136268616
v -0.2222500038 0.06099999905 0.06941813946
v -0.2230554581 0.06099999905 0.06747359753
v -0.225 0.06099999905 0.06666814327
v -0.2269445419 0.06099999905 0.06747359753
v -0.23 0.06099999905 0.06941813946
v -0.2290450859 0.06099999905 0.06647921562
v -0.2265450859 0.06099999905 0.06466285706
v -0.2234549141 0.06099999905 0.06466285706
v -0.2209549141 0.06099999905 0.06647921562
v -0.22 0.06099999905 0.06941813946
v -0.2209549141 0.06099999905 0.07235706806
v -0.2234549141 0.06099999905 0.07417342186
v -0.2265450859 0.06099999905 0.07417342186
v -0.2290450859 0.06099999905 0.07235706806
v -0.2275 0.08600000381 0.06941813946
v -0.2267677689 0.08600000381 0.07118590832
v -0.225 0.08600000381 0.07191813946
v -0.2232322311 0.08600000381 0.07118590832
v -0.2225 0.08600000381 0.06941813946
v -0.2232322311 0.08600000381 0.06765037537
v -0.225 0.08600000381 0.06691813946
v -0.2267677689 0.08600000381 0.06765037537
v -0.2292499924 0.06099999905 0.06941813946
v -0.2284383202 0.06099999905 0.07191622734
v -0.226313324 0.06099999905 0.07346013069
v -0.223686676 0.06099999905 0.07346013069
v -0.2215616798 0.06099999905 0.07191622734
v -0.2207500076 0.06099999905 0.06941813946
v -0.2215616798 0.06099999905 0.06692005634
v -0.223686676 0.06099999905 0.06537615299
v -0.226313324 0.06099999905 0.06537615299
v -0.2284383202 0.06099999905 0.06692005634
v -0.2275 0.06099999905 0.06941813946
v -0.2267677689 0.06099999905 0.06765037537
v -0.225 0.06099999905 0.06691813946
v -0.2232322311 0.06099999905 0.06765037537
v -0.2225 0.06099999905 0.06941813946
v -0.2232322311 0.06099999905 0.07118590832
v -0.225 0.06099999905 0.07191813946
v -0.2267677689 0.06099999905 0.07118590832
v -0.2292499924 0.06099999905 0.06941813946
v -0.2284383202 0.06099999905 0.06692005634
v -0.226313324 0.06099999905 0.06537615299
v -0.223686676 0.06099999905 0.06537615299
v -0.2215616798 0.06099999905 0.06692005634
v -0.2207500076 0.06099999905 0.06941813946
v -0.2215616798 0.06099999905 0.07191622734
v -0.223686676 0.06099999905 0.07346013069
v -0.226313324 0.06099999905 0.07346013069
v -0.2284383202 0.06099999905 0.07191622734
v -0.2292499924 0.05599999905 0.06941813946
v -0.2284383202 0.05599999905 0.07191622734
v -0.226313324 0.05599999905 0.07346013069
v -0.223686676 0.05599999905 0.07346013069
v -0.2215616798 0.05599999905 0.07191622734
v -0.2207500076 0.05599999905 0.06941813946
v -0.2215616798 0.05599999905 0.06692005634
v -0.223686676 0.05599999905 0.06537615299
v -0.226313324 0.05599999905 0.06537615299
v -0.2284383202 0.05599999905 0.06692005634
v -0.2292499924 0.05599999905 0.06941813946
v -0.2292499924 0.06099999905 0.06941813946
v -0.2292499924 0.05599999905 0.06941813946
v -0.2284383202 0.05599999905 0.06692005634
v -0.226313324 0.05599999905 0.06537615299
v -0.223686676 0.05599999905 0.06537615299
v -0.2215616798 0.05599999905 0.06692005634
v -0.2207500076 0.05599999905 0.06941813946
v -0.2215616798 0.05599999905 0.07191622734
v -0.223686676 0.05599999905 0.07346013069
v -0.226313324 0.05599999905 0.07346013069
v -0.2284383202 0.05599999905 0.07191622734
v -0.2275 0.08600000381 0.06941813946
v -0.2267677689 0.08600000381 0.06765037537
v -0.225 0.08600000381 0.06691813946
v -0.2232322311 0.08600000381 0.06765037537
v -0.2225 0.08600000381 0.06941813946
v -0.2232322311 0.08600000381 0.07118590832
v -0.225 0.08600000381 0.07191813946
v -0.2267677689 0.08600000381 0.07118590832
v -0.2275 0.06099999905 0.06941813946
v -0.2267677689 0.06099999905 0.07118590832
v -0.225 0.06099999905 0.07191813946
v -0.2232322311 0.06099999905 0.07118590832
v -0.2225 0.06099999905 0.06941813946
v -0.2232322311 0.06099999905 0.06765037537
v -0.225 0.06099999905 0.06691813946
v -0.2267677689 0.06099999905 0.06765037537
v -0.2275 0.06099999905 0.06941813946
v -0.2275 0.08600000381 0.06941813946
v -0.2275 0.08569999695 0.06941813946
v -0.2267677689 0.08569999695 0.07118590832
v -0.225 0.08569999695 0.07191813946
v -0.2232322311 0.08569999695 0.07118590832
v -0.2225 0.08569999695 0.06941813946
v -0.2232322311 0.08569999695 0.06765037537
v -0.225 0.08569999695 0.06691813946
v -0.2267677689 0.08569999695 0.06765037537
v -0.2275 0.08229999542 0.06941813946
v -0.2267677689 0.08229999542 0.06765037537
v -0.225 0.08229999542 0.06691813946
v -0.2232322311 0.08229999542 0.06765037537
v -0.2225 0.08229999542 0.06941813946
v -0.2232322311 0.08229999542 0.07118590832
v -0.225 0.08229999542 0.07191813946
v -0.2267677689 0.08229999542 0.07118590832
v -0.2275 0.08569999695 0.06941813946
v -0.2275 0.08229999542 0.06941813946
v -0.22 0.08229999542 0.06441813946
v -0.2214999962 0.08569999695 0.06441813946
v -0.2214999962 0.08569999695 0.07441813946
v -0.22 0.08229999542 0.07441813946
v -0.2285000038 0.08569999695 0.07441813946
v -0.23 0.08229999542 0.07441813946
v -0.22 0.08229999542 0.07441813946
v -0.2214999962 0.08569999695 0.07441813946
v -0.2275 0.08569999695 0.06941813946
v -0.2267677689 0.08569999695 0.06765037537
v -0.225 0.08569999695 0.06691813946
v -0.2232322311 0.08569999695 0.06765037537
v -0.2225 0.08569999695 0.06941813946
v -0.2232322311 0.08569999695 0.07118590832
v -0.225 0.08569999695 0.07191813946
v -0.2267677689 0.08569999695 0.07118590832
v -0.2214999962 0.08569999695 0.06441813946
v -0.2285000038 0.08569999695 0.06441813946
v -0.2285000038 0.08569999695 0.07441813946
v -0.2214999962 0.08569999695 0.07441813946
v -0.2285000038 0.08569999695 0.06441813946
v -0.23 0.08229999542 0.06441813946
v -0.23 0.08229999542 0.07441813946
v -0.2285000038 0.08569999695 0.07441813946
v -0.23 0.08229999542 0.06441813946
v -0.2285000038 0.08569999695 0.06441813946
v -0.2214999962 0.08569999695 0.06441813946
v -0.22 0.08229999542 0.06441813946
v -0.2275 0.08229999542 0.06941813946
v -0.2267677689 0.08229999542 0.07118590832
v -0.225 0.08229999542 0.07191813946
v -0.2232322311 0.08229999542 0.07118590832
v -0.2225 0.08229999542 0.06941813946
v -0.2232322311 0.08229999542 0.06765037537
v -0.225 0.08229999542 0.06691813946
v -0.2267677689 0.08229999542 0.06765037537
v -0.23 0.08229999542 0.06441813946
v -0.22 0.08229999542 0.06441813946
v -0.22 0.08229999542 0.07441813946
v -0.23 0.08229999542 0.07441813946
v -0.2285000038 0.08569999695 0.6329999924
v -0.23 0.08229999542 0.6329999924
v -0.22 0.08229999542 0.6329999924
v -0.2214999962 0.08569999695 0.6329999924
v -0.2275 0.08229999542 0.6279999924
v -0.2267677689 0.08229999542 0.6297677612
v -0.225 0.08229999542 0.6304999924
v -0.2232322311 0.08229999542 0.6297677612
v -0.2225 0.08229999542 0.6279999924
v -0.2232322311 0.08229999542 0.6262322235
v -0.225 0.08229999542 0.6254999924
v -0.2267677689 0.08229999542 0.6262322235
v -0.23 0.08229999542 0.6229999924
v -0.22 0.08229999542 0.6229999924
v -0.22 0.08229999542 0.6329999924
v -0.23 0.08229999542 0.6329999924
v -0.22 0.08229999542 0.6229999924
v -0.2214999962 0.08569999695 0.6229999924
v -0.2214999962 0.08569999695 0.6329999924
v -0.22 0.08229999542 0.6329999924
v -0.2285000038 0.08569999695 0.6229999924
v -0.23 0.08229999542 0.6229999924
v -0.23 0.08229999542 0.6329999924
v -0.2285000038 0.08569999695 0.6329999924
v -0.23 0.08229999542 0.6229999924
v -0.2285000038 0.08569999695 0.6229999924
v -0.2214999962 0.08569999695 0.6229999924
v -0.22 0.08229999542 0.6229999924
v -0.2275 0.08569999695 0.6279999924
v -0.2267677689 0.08569999695 0.6262322235
v -0.225 0.08569999695 0.6254999924
v -0.2232322311 0.08569999695 0.6262322235
v -0.2225 0.08569999695 0.6279999924
v -0.2232322311 0.08569999695 0.6297677612
v -0.225 0.08569999695 0.6304999924
v -0.2267677689 0.08569999695 0.6297677612
v -0.2214999962 0.08569999695 0.6229999924
v -0.2285000038 0.08569999695 0.6229999924
v -0.2285000038 0.08569999695 0.6329999924
v -0.2214999962 0.08569999695 0.6329999924
v -0.2275 0.08569999695 0.6279999924
v -0.2267677689 0.08569999695 0.6297677612
v -0.225 0.08569999695 0.6304999924
v -0.2232322311 0.08569999695 0.6297677612
v -0.2225 0.08569999695 0.6279999924
v -0.2232322311 0.08569999695 0.6262322235
v -0.225 0.08569999695 0.6254999924
v -0.2267677689 0.08569999695 0.6262322235
v -0.2275 0.08229999542 0.6279999924
v -0.2267677689 0.08229999542 0.6262322235
v -0.225 0.08229999542 0.6254999924
v -0.2232322311 0.08229999542 0.6262322235
v -0.2225 0.08229999542 0.6279999924
v -0.2232322311 0.08229999542 0.6297677612
v -0.225 0.08229999542 0.6304999924
v -0.2267677689 0.08229999542 0.6297677612
v -0.2275 0.08569999695 0.6279999924
v -0.2275 0.08229999542 0.6279999924
v 0.22 0.06199999809 0.06941813946
v 0.2209549141 0.06199999809 0.06647921562
v 0.2234549141 0.06199999809 0.06466285706
v 0.2265450859 0.06199999809 0.06466285706
v 0.2290450859 0.06199999809 0.06647921562
v 0.23 0.06199999809 0.06941813946
v 0.2290450859 0.06199999809 0.07235706806
v 0.2265450859 0.06199999809 0.07417342186
v 0.2234549141 0.06199999809 0.07417342186
v 0.2209549141 0.06199999809 0.07235706806
v 0.22 0.06099999905 0.06941813946
v 0.2209549141 0.06099999905 0.07235706806
v 0.2234549141 0.06099999905 0.07417342186
v 0.2265450859 0.06099999905 0.07417342186
v 0.2290450859 0.06099999905 0.07235706806
v 0.23 0.06099999905 0.06941813946
v 0.2290450859 0.06099999905 0.06647921562
v 0.2265450859 0.06099999905 0.06466285706
v 0.2234549141 0.06099999905 0.06466285706
v 0.2209549141 0.06099999905 0.06647921562
v 0.22 0.06099999905 0.06941813946
v 0.22 0.06199999809 0.06941813946
v 0.2222500038 0.06099999905 0.06941813946
v 0.2230554581 0.06099999905 0.07136268616
v 0.225 0.06099999905 0.07216814041
v 0.2269445419 0.06099999905 0.07136268616
v 0.2277499962 0.06099999905 0.06941813946
v 0.2269445419 0.06099999905 0.06747359753
v 0.225 0.06099999905 0.06666814327
v 0.2230554581 0.06099999905 0.06747359753
v 0.22 0.06099999905 0.06941813946
v 0.2209549141 0.06099999905 0.06647921562
v 0.2234549141 0.06099999905 0.06466285706
v 0.2265450859 0.06099999905 0.06466285706
v 0.2290450859 0.06099999905 0.06647921562
v 0.23 0.06099999905 0.06941813946
v 0.2290450859 0.06099999905 0.07235706806
v 0.2265450859 0.06099999905 0.07417342186
v 0.2234549141 0.06099999905 0.07417342186
v 0.2209549141 0.06099999905 0.07235706806
v 0.2222500038 0.06199999809 0.06941813946
v 0.2230554581 0.06199999809 0.07136268616
v 0.225 0.06199999809 0.07216814041
v 0.2269445419 0.06199999809 0.07136268616
v 0.2277499962 0.06199999809 0.06941813946
v 0.2269445419 0.06199999809 0.06747359753
v 0.225 0.06199999809 0.06666814327
v 0.2230554581 0.06199999809 0.06747359753
v 0.2222500038 0.06099999905 0.06941813946
v 0.2230554581 0.06099999905 0.06747359753
v 0.225 0.06099999905 0.06666814327
v 0.2269445419 0.06099999905 0.06747359753
v 0.2277499962 0.06099999905 0.06941813946
v 0.2269445419 0.06099999905 0.07136268616
v 0.225 0.06099999905 0.07216814041
v 0.2230554581 0.06099999905 0.07136268616
v 0.2222500038 0.06199999809 0.06941813946
v 0.2222500038 0.06099999905 0.06941813946
v 0.2222500038 0.06199999809 0.06941813946
v 0.2230554581 0.06199999809 0.06747359753
v 0.225 0.06199999809 0.06666814327
v 0.2269445419 0.06199999809 0.06747359753
v 0.2277499962 0.06199999809 0.06941813946
v 0.2269445419 0.06199999809 0.07136268616
v 0.225 0.06199999809 0.07216814041
v 0.2230554581 0.06199999809 0.07136268616
v 0.22 0.06199999809 0.06941813946
v 0.2209549141 0.06199999809 0.07235706806
v 0.2234549141 0.06199999809 0.07417342186
v 0.2265450859 0.06199999809 0.07417342186
v 0.2290450859 0.06199999809 0.07235706806
v 0.23 0.06199999809 0.06941813946
v 0.2290450859 0.06199999809 0.06647921562
v 0.2265450859 0.06199999809 0.06466285706
v 0.2234549141 0.06199999809 0.06466285706
v 0.2209549141 0.06199999809 0.06647921562
v 0.2225 0.08600000381 0.06941813946
v 0.2232322311 0.08600000381 0.06765037537
v 0.225 0.08600000381 0.06691813946
v 0.2267677689 0.08600000381 0.06765037537
v 0.2275 0.08600000381 0.06941813946
v 0.2267677689 0.08600000381 0.07118590832
v 0.225 0.08600000381 0.07191813946
v 0.2232322311 0.08600000381 0.07118590832
v 0.2225 0.06099999905 0.06941813946
v 0.2232322311 0.06099999905 0.07118590832
v 0.225 0.06099999905 0.07191813946
v 0.2267677689 0.06099999905 0.07118590832
v 0.2275 0.06099999905 0.06941813946
v 0.2267677689 0.06099999905 0.06765037537
v 0.225 0.06099999905 0.06691813946
v 0.2232322311 0.06099999905 0.06765037537
v 0.2225 0.06099999905 0.06941813946
v 0.2225 0.08600000381 0.06941813946
v 0.2207500076 0.05599999905 0.06941813946
v 0.2215616798 0.05599999905 0.06692005634
v 0.223686676 0.05599999905 0.06537615299
v 0.226313324 0.05599999905 0.06537615299
v 0.2284383202 0.05599999905 0.06692005634
v 0.2292499924 0.05599999905 0.06941813946
v 0.2284383202 0.05599999905 0.07191622734
v 0.226313324 0.05599999905 0.07346013069
v 0.223686676 0.05599999905 0.07346013069
v 0.2215616798 0.05599999905 0.07191622734
v 0.2207500076 0.06099999905 0.06941813946
v 0.2215616798 0.06099999905 0.06692005634
v 0.223686676 0.06099999905 0.06537615299
v 0.226313324 0.06099999905 0.06537615299
v 0.2284383202 0.06099999905 0.06692005634
v 0.2292499924 0.06099999905 0.06941813946
v 0.2284383202 0.06099999905 0.07191622734
v 0.226313324 0.06099999905 0.07346013069
v 0.223686676 0.06099999905 0.07346013069
v 0.2215616798 0.06099999905 0.07191622734
v 0.2207500076 0.05599999905 0.06941813946
v 0.2215616798 0.05599999905 0.07191622734
v 0.223686676 0.05599999905 0.07346013069
v 0.226313324 0.05599999905 0.07346013069
v 0.2284383202 0.05599999905 0.07191622734
v 0.2292499924 0.05599999905 0.06941813946
v 0.2284383202 0.05599999905 0.06692005634
v 0.226313324 0.05599999905 0.06537615299
v 0.223686676 0.05599999905 0.06537615299
v 0.2215616798 0.05599999905 0.06692005634
v 0.2207500076 0.05599999905 0.06941813946
v 0.2207500076 0.06099999905 0.06941813946
v 0.2207500076 0.06099999905 0.06941813946
v 0.2215616798 0.06099999905 0.07191622734
v 0.223686676 0.06099999905 0.07346013069
v 0.226313324 0.06099999905 0.07346013069
v 0.2284383202 0.06099999905 0.07191622734
v 0.2292499924 0.06099999905 0.06941813946
v 0.2284383202 0.06099999905 0.06692005634
v 0.226313324 0.06099999905 0.06537615299
v 0.223686676 0.06099999905 0.06537615299
v 0.2215616798 0.06099999905 0.06692005634
v 0.2225 0.06099999905 0.06941813946
v 0.2232322311 0.06099999905 0.06765037537
v 0.225 0.06099999905 0.06691813946
v 0.2267677689 0.06099999905 0.06765037537
v 0.2275 0.06099999905 0.06941813946
v 0.2267677689 0.06099999905 0.07118590832
v 0.225 0.06099999905 0.07191813946
v 0.2232322311 0.06099999905 0.07118590832
v 0.2225 0.08600000381 0.06941813946
v 0.2232322311 0.08600000381 0.07118590832
v 0.225 0.08600000381 0.07191813946
v 0.2267677689 0.08600000381 0.07118590832
v 0.2275 0.08600000381 0.06941813946
v 0.2267677689 0.08600000381 0.06765037537
v 0.225 0.08600000381 0.06691813946
v 0.2232322311 0.08600000381 0.06765037537
v 0.23 0.08229999542 0.06441813946
v 0.2285000038 0.08569999695 0.06441813946
v 0.2285000038 0.08569999695 0.07441813946
v 0.23 0.08229999542 0.07441813946
v 0.2214999962 0.08569999695 0.07441813946
v 0.22 0.08229999542 0.07441813946
v 0.23 0.08229999542 0.07441813946
v 0.2285000038 0.08569999695 0.07441813946
v 0.2225 0.08229999542 0.06941813946
v 0.2232322311 0.08229999542 0.07118590832
v 0.225 0.08229999542 0.07191813946
v 0.2267677689 0.08229999542 0.07118590832
v 0.2275 0.08229999542 0.06941813946
v 0.2267677689 0.08229999542 0.06765037537
v 0.225 0.08229999542 0.06691813946
v 0.2232322311 0.08229999542 0.06765037537
v 0.22 0.08229999542 0.06441813946
v 0.23 0.08229999542 0.06441813946
v 0.23 0.08229999542 0.07441813946
v 0.22 0.08229999542 0.07441813946
v 0.2214999962 0.08569999695 0.06441813946
v 0.22 0.08229999542 0.06441813946
v 0.22 0.08229999542 0.07441813946
v 0.2214999962 0.08569999695 0.07441813946
v 0.22 0.08229999542 0.06441813946
v 0.2214999962 0.08569999695 0.06441813946
v 0.2285000038 0.08569999695 0.06441813946
v 0.23 0.08229999542 0.06441813946
v 0.2225 0.08569999695 0.06941813946
v 0.2232322311 0.08569999695 0.06765037537
v 0.225 0.08569999695 0.06691813946
v 0.2267677689 0.08569999695 0.06765037537
v 0.2275 0.08569999695 0.06941813946
v 0.2267677689 0.08569999695 0.07118590832
v 0.225 0.08569999695 0.07191813946
v 0.2232322311 0.08569999695 0.07118590832
v 0.2285000038 0.08569999695 0.06441813946
v 0.2214999962 0.08569999695 0.06441813946
v 0.2214999962 0.08569999695 0.07441813946
v 0.2285000038 0.08569999695 0.07441813946
v 0.2225 0.08569999695 0.06941813946
v 0.2232322311 0.08569999695 0.07118590832
v 0.225 0.08569999695 0.07191813946
v 0.2267677689 0.08569999695 0.07118590832
v 0.2275 0.08569999695 0.06941813946
v 0.2267677689 0.08569999695 0.06765037537
v 0.225 0.08569999695 0.06691813946
v 0.2232322311 0.08569999695 0.06765037537
v 0.2225 0.08229999542 0.06941813946
v 0.2232322311 0.08229999542 0.06765037537
v 0.225 0.08229999542 0.06691813946
v 0.2267677689 0.08229999542 0.06765037537
v 0.2275 0.08229999542 0.06941813946
v 0.2267677689 0.08229999542 0.07118590832
v 0.225 0.08229999542 0.07191813946
v 0.2232322311 0.08229999542 0.07118590832
v 0.2225 0.08569999695 0.06941813946
v 0.2225 0.08229999542 0.06941813946
v 0.2214999962 0.08569999695 0.6229999924
v 0.22 0.08229999542 0.6229999924
v 0.22 0.08229999542 0.6329999924
v 0.2214999962 0.08569999695 0.6329999924
v 0.23 0.08229999542 0.6229999924
v 0.2285000038 0.08569999695 0.6229999924
v 0.2285000038 0.08569999695 0.6329999924
v 0.23 0.08229999542 0.6329999924
v 0.2225 0.08569999695 0.6279999924
v 0.2232322311 0.08569999695 0.6262322235
v 0.225 0.08569999695 0.6254999924
v 0.2267677689 0.08569999695 0.6262322235
v 0.2275 0.08569999695 0.6279999924
v 0.2267677689 0.08569999695 0.6297677612
v 0.225 0.08569999695 0.6304999924
v 0.2232322311 0.08569999695 0.6297677612
v 0.2285000038 0.08569999695 0.6229999924
v 0.2214999962 0.08569999695 0.6229999924
v 0.2214999962 0.08569999695 0.6329999924
v 0.2285000038 0.08569999695 0.6329999924
v 0.2225 0.08229999542 0.6279999924
v 0.2232322311 0.08229999542 0.6297677612
v 0.225 0.08229999542 0.6304999924
v 0.2267677689 0.08229999542 0.6297677612
v 0.2275 0.08229999542 0.6279999924
v 0.2267677689 0.08229999542 0.6262322235
v 0.225 0.08229999542 0.6254999924
v 0.2232322311 0.08229999542 0.6262322235
v 0.22 0.08229999542 0.6229999924
v 0.23 0.08229999542 0.6229999924
v 0.23 0.08229999542 0.6329999924
v 0.22 0.08229999542 0.6329999924
v 0.2214999962 0.08569999695 0.6329999924
v 0.22 0.08229999542 0.6329999924
v 0.23 0.08229999542 0.6329999924
v 0.2285000038 0.08569999695 0.6329999924
v 0.22 0.08229999542 0.6229999924
v 0.2214999962 0.08569999695 0.6229999924
v 0.2285000038 0.08569999695 0.6229999924
v 0.23 0.08229999542 0.6229999924
v 0.2225 0.08569999695 0.6279999924
v 0.2232322311 0.08569999695 0.6297677612
v 0.225 0.08569999695 0.6304999924
v 0.2267677689 0.08569999695 0.6297677612
v 0.2275 0.08569999695 0.6279999924
v 0.2267677689 0.08569999695 0.6262322235
v 0.225 0.08569999695 0.6254999924
v 0.2232322311 0.08569999695 0.6262322235
v 0.2225 0.08229999542 0.6279999924
v 0.2232322311 0.08229999542 0.6262322235
v 0.225 0.08229999542 0.6254999924
v 0.2267677689 0.08229999542 0.6262322235
v 0.2275 0.08229999542 0.6279999924
v 0.2267677689 0.08229999542 0.6297677612
v 0.225 0.08229999542 0.6304999924
v 0.2232322311 0.08229999542 0.6297677612
v 0.2225 0.08569999695 0.6279999924
v 0.2225 0.08229999542 0.6279999924
v -0.2195000076 -0.195 0.03049999952
v -0.2195000076 -0.1967677689 0.029767766
v -0.2195000076 -0.1975 0.02799999952
v -0.2195000076 -0.1967677689 0.02623223305
v -0.2195000076 -0.195 0.02549999952
v -0.2195000076 -0.1932322311 0.02623223305
v -0.2195000076 -0.1925 0.02799999952
v -0.2195000076 -0.1932322311 0.029767766
v -0.2114999962 -0.195 0.03049999952
v -0.2114999962 -0.1932322311 0.029767766
v -0.2114999962 -0.1925 0.02799999952
v -0.2114999962 -0.1932322311 0.02623223305
v -0.2114999962 -0.195 0.02549999952
v -0.2114999962 -0.1967677689 0.02623223305
v -0.2114999962 -0.1975 0.02799999952
v -0.2114999962 -0.1967677689 0.029767766
v -0.2114999962 -0.195 0.03049999952
v -0.2195000076 -0.195 0.03049999952
v -0.2114999962 -0.195 0.0325
v -0.2114999962 -0.1923549652 0.03164057732
v -0.2114999962 -0.190720253 0.02939057589
v -0.2114999962 -0.190720253 0.02660942316
v -0.2114999962 -0.1923549652 0.02435942411
v -0.2114999962 -0.195 0.02349999905
v -0.2114999962 -0.1976450348 0.02435942411
v -0.2114999962 -0.199279747 0.02660942316
v -0.2114999962 -0.199279747 0.02939057589
v -0.2114999962 -0.1976450348 0.03164057732
v -0.2114999962 -0.195 0.03049999952
v -0.2114999962 -0.1967677689 0.029767766
v -0.2114999962 -0.1975 0.02799999952
v -0.2114999962 -0.1967677689 0.02623223305
v -0.2114999962 -0.195 0.02549999952
v -0.2114999962 -0.1932322311 0.02623223305
v -0.2114999962 -0.1925 0.02799999952
v -0.2114999962 -0.1932322311 0.029767766
v -0.2195000076 -0.195 0.03049999952
v -0.2195000076 -0.1932322311 0.029767766
v -0.2195000076 -0.1925 0.02799999952
v -0.2195000076 -0.1932322311 0.02623223305
v -0.2195000076 -0.195 0.02549999952
v -0.2195000076 -0.1967677689 0.02623223305
v -0.2195000076 -0.1975 0.02799999952
v -0.2195000076 -0.1967677689 0.029767766
v -0.21 -0.1935000038 0.02713397503
v -0.21 -0.195 0.02626794815
v -0.21 -0.1964999962 0.02713397503
v -0.21 -0.1964999962 0.0288660264
v -0.21 -0.195 0.0297320509
v -0.21 -0.1935000038 0.0288660264
v -0.21 -0.195 0.0325
v -0.21 -0.1976450348 0.03164057732
v -0.21 -0.199279747 0.02939057589
v -0.21 -0.199279747 0.02660942316
v -0.21 -0.1976450348 0.02435942411
v -0.21 -0.195 0.02349999905
v -0.21 -0.1923549652 0.02435942411
v -0.21 -0.190720253 0.02660942316
v -0.21 -0.190720253 0.02939057589
v -0.21 -0.1923549652 0.03164057732
v -0.21 -0.195 0.0325
v -0.21 -0.1923549652 0.03164057732
v -0.21 -0.190720253 0.02939057589
v -0.21 -0.190720253 0.02660942316
v -0.21 -0.1923549652 0.02435942411
v -0.21 -0.195 0.02349999905
v -0.21 -0.1976450348 0.02435942411
v -0.21 -0.199279747 0.02660942316
v -0.21 -0.199279747 0.02939057589
v -0.21 -0.1976450348 0.03164057732
v -0.2114999962 -0.195 0.0325
v -0.2114999962 -0.1976450348 0.03164057732
v -0.2114999962 -0.199279747 0.02939057589
v -0.2114999962 -0.199279747 0.02660942316
v -0.2114999962 -0.1976450348 0.02435942411
v -0.2114999962 -0.195 0.02349999905
v -0.2114999962 -0.1923549652 0.02435942411
v -0.2114999962 -0.190720253 0.02660942316
v -0.2114999962 -0.190720253 0.02939057589
v -0.2114999962 -0.1923549652 0.03164057732
v -0.2114999962 -0.195 0.0325
v -0.21 -0.195 0.0325
v -0.21 -0.195 0.02626794815
v -0.21 -0.1935000038 0.02713397503
v -0.2110000038 -0.1935000038 0.02713397503
v -0.2110000038 -0.195 0.02626794815
v -0.21 -0.1964999962 0.02713397503
v -0.21 -0.195 0.02626794815
v -0.2110000038 -0.195 0.02626794815
v -0.2110000038 -0.1964999962 0.02713397503
v -0.21 -0.1964999962 0.0288660264
v -0.21 -0.1964999962 0.02713397503
v -0.2110000038 -0.1964999962 0.02713397503
v -0.2110000038 -0.1964999962 0.0288660264
v -0.21 -0.1935000038 0.02713397503
v -0.21 -0.1935000038 0.0288660264
v -0.2110000038 -0.1935000038 0.0288660264
v -0.2110000038 -0.1935000038 0.02713397503
v -0.21 -0.195 0.0297320509
v -0.21 -0.1964999962 0.0288660264
v -0.2110000038 -0.1964999962 0.0288660264
v -0.2110000038 -0.195 0.0297320509
v -0.21 -0.1935000038 0.0288660264
v -0.21 -0.195 0.0297320509
v -0.2110000038 -0.195 0.0297320509
v -0.2110000038 -0.1935000038 0.0288660264
v -0.2110000038 -0.1964999962 0.02713397503
v -0.2110000038 -0.195 0.02626794815
v -0.2110000038 -0.1935000038 0.02713397503
v -0.2110000038 -0.1935000038 0.0288660264
v -0.2110000038 -0.195 0.0297320509
v -0.2110000038 -0.1964999962 0.0288660264
v -0.2202000046 -0.2 0.03150000095
v -0.2202000046 -0.2 0.02450000048
v -0.2168000031 -0.2 0.02299999952
v -0.2168000031 -0.2 0.03299999952
v -0.2202000046 -0.195 0.03049999952
v -0.2202000046 -0.1967677689 0.029767766
v -0.2202000046 -0.1975 0.02799999952
v -0.2202000046 -0.1967677689 0.02623223305
v -0.2202000046 -0.195 0.02549999952
v -0.2202000046 -0.1932322311 0.02623223305
v -0.2202000046 -0.1925 0.02799999952
v -0.2202000046 -0.1932322311 0.029767766
v -0.2202000046 -0.2 0.02450000048
v -0.2202000046 -0.2 0.03150000095
v -0.2202000046 -0.19 0.03150000095
v -0.2202000046 -0.19 0.02450000048
v -0.2168000031 -0.195 0.03049999952
v -0.2168000031 -0.1932322311 0.029767766
v -0.2168000031 -0.1925 0.02799999952
v -0.2168000031 -0.1932322311 0.02623223305
v -0.2168000031 -0.195 0.02549999952
v -0.2168000031 -0.1967677689 0.02623223305
v -0.2168000031 -0.1975 0.02799999952
v -0.2168000031 -0.1967677689 0.029767766
v -0.2168000031 -0.2 0.03299999952
v -0.2168000031 -0.2 0.02299999952
v -0.2168000031 -0.19 0.02299999952
v -0.2168000031 -0.19 0.03299999952
v -0.2168000031 -0.2 0.02299999952
v -0.2202000046 -0.2 0.02450000048
v -0.2202000046 -0.19 0.02450000048
v -0.2168000031 -0.19 0.02299999952
v -0.2202000046 -0.2 0.03150000095
v -0.2168000031 -0.2 0.03299999952
v -0.2168000031 -0.19 0.03299999952
v -0.2202000046 -0.19 0.03150000095
v -0.2202000046 -0.19 0.02450000048
v -0.2202000046 -0.19 0.03150000095
v -0.2168000031 -0.19 0.03299999952
v -0.2168000031 -0.19 0.02299999952
v -0.2202000046 -0.195 0.03049999952
v -0.2202000046 -0.1932322311 0.029767766
v -0.2202000046 -0.1925 0.02799999952
v -0.2202000046 -0.1932322311 0.02623223305
v -0.2202000046 -0.195 0.02549999952
v -0.2202000046 -0.1967677689 0.02623223305
v -0.2202000046 -0.1975 0.02799999952
v -0.2202000046 -0.1967677689 0.029767766
v -0.2168000031 -0.195 0.03049999952
v -0.2168000031 -0.1967677689 0.029767766
v -0.2168000031 -0.1975 0.02799999952
v -0.2168000031 -0.1967677689 0.02623223305
v -0.2168000031 -0.195 0.02549999952
v -0.2168000031 -0.1932322311 0.02623223305
v -0.2168000031 -0.1925 0.02799999952
v -0.2168000031 -0.1932322311 0.029767766
v -0.2202000046 -0.195 0.03049999952
v -0.2168000031 -0.195 0.03049999952
v -0.2075 -0.2095000076 0.02799999952
v -0.2067677689 -0.2095000076 0.02623223305
v -0.205 -0.2095000076 0.02549999952
v -0.2032322311 -0.2095000076 0.02623223305
v -0.2025 -0.2095000076 0.02799999952
v -0.2032322311 -0.2095000076 0.029767766
v -0.205 -0.2095000076 0.03049999952
v -0.2067677689 -0.2095000076 0.029767766
v -0.2075 -0.2095000076 0.02799999952
v -0.2067677689 -0.2095000076 0.029767766
v -0.205 -0.2095000076 0.03049999952
v -0.2032322311 -0.2095000076 0.029767766
v -0.2025 -0.2095000076 0.02799999952
v -0.2032322311 -0.2095000076 0.02623223305
v -0.205 -0.2095000076 0.02549999952
v -0.2067677689 -0.2095000076 0.02623223305
v -0.2075 -0.2014999962 0.02799999952
v -0.2067677689 -0.2014999962 0.02623223305
v -0.205 -0.2014999962 0.02549999952
v -0.2032322311 -0.2014999962 0.02623223305
v -0.2025 -0.2014999962 0.02799999952
v -0.2032322311 -0.2014999962 0.029767766
v -0.205 -0.2014999962 0.03049999952
v -0.2067677689 -0.2014999962 0.029767766
v -0.2075 -0.2014999962 0.02799999952
v -0.2075 -0.2095000076 0.02799999952
v -0.2095000076 -0.2014999962 0.02799999952
v -0.2086405754 -0.2014999962 0.02535496712
v -0.2063905716 -0.2014999962 0.02372024536
v -0.2036094284 -0.2014999962 0.02372024536
v -0.2013594246 -0.2014999962 0.02535496712
v -0.2004999924 -0.2014999962 0.02799999952
v -0.2013594246 -0.2014999962 0.03064503431
v -0.2036094284 -0.2014999962 0.03227975368
v -0.2063905716 -0.2014999962 0.03227975368
v -0.2086405754 -0.2014999962 0.03064503431
v -0.2075 -0.2014999962 0.02799999952
v -0.2067677689 -0.2014999962 0.029767766
v -0.205 -0.2014999962 0.03049999952
v -0.2032322311 -0.2014999962 0.029767766
v -0.2025 -0.2014999962 0.02799999952
v -0.2032322311 -0.2014999962 0.02623223305
v -0.205 -0.2014999962 0.02549999952
v -0.2067677689 -0.2014999962 0.02623223305
v -0.2041339684 -0.2 0.02650000095
v -0.2032679558 -0.2 0.02799999952
v -0.2041339684 -0.2 0.02950000048
v -0.2058660316 -0.2 0.02950000048
v -0.2067320442 -0.2 0.02799999952
v -0.2058660316 -0.2 0.02650000095
v -0.2095000076 -0.2 0.02799999952
v -0.2086405754 -0.2 0.03064503431
v -0.2063905716 -0.2 0.03227975368
v -0.2036094284 -0.2 0.03227975368
v -0.2013594246 -0.2 0.03064503431
v -0.2004999924 -0.2 0.02799999952
v -0.2013594246 -0.2 0.02535496712
v -0.2036094284 -0.2 0.02372024536
v -0.2063905716 -0.2 0.02372024536
v -0.2086405754 -0.2 0.02535496712
v -0.2095000076 -0.2 0.02799999952
v -0.2086405754 -0.2 0.02535496712
v -0.2063905716 -0.2 0.02372024536
v -0.2036094284 -0.2 0.02372024536
v -0.2013594246 -0.2 0.02535496712
v -0.2004999924 -0.2 0.02799999952
v -0.2013594246 -0.2 0.03064503431
v -0.2036094284 -0.2 0.03227975368
v -0.2063905716 -0.2 0.03227975368
v -0.2086405754 -0.2 0.03064503431
v -0.2095000076 -0.2014999962 0.02799999952
v -0.2086405754 -0.2014999962 0.03064503431
v -0.2063905716 -0.2014999962 0.03227975368
v -0.2036094284 -0.2014999962 0.03227975368
v -0.2013594246 -0.2014999962 0.03064503431
v -0.2004999924 -0.2014999962 0.02799999952
v -0.2013594246 -0.2014999962 0.02535496712
v -0.2036094284 -0.2014999962 0.02372024536
v -0.2063905716 -0.2014999962 0.02372024536
v -0.2086405754 -0.2014999962 0.02535496712
v -0.2095000076 -0.2014999962 0.02799999952
v -0.2095000076 -0.2 0.02799999952
v -0.2041339684 -0.2 0.02950000048
v -0.2032679558 -0.2 0.02799999952
v -0.2032679558 -0.2010000038 0.02799999952
v -0.2041339684 -0.2010000038 0.02950000048
v -0.2032679558 -0.2 0.02799999952
v -0.2041339684 -0.2 0.02650000095
v -0.2041339684 -0.2010000038 0.02650000095
v -0.2032679558 -0.2010000038 0.02799999952
v -0.2058660316 -0.2 0.02950000048
v -0.2041339684 -0.2 0.02950000048
v -0.2041339684 -0.2010000038 0.02950000048
v -0.2058660316 -0.2010000038 0.02950000048
v -0.2041339684 -0.2 0.02650000095
v -0.2058660316 -0.2 0.02650000095
v -0.2058660316 -0.2010000038 0.02650000095
v -0.2041339684 -0.2010000038 0.02650000095
v -0.2067320442 -0.2 0.02799999952
v -0.2058660316 -0.2 0.02950000048
v -0.2058660316 -0.2010000038 0.02950000048
v -0.2067320442 -0.2010000038 0.02799999952
v -0.2041339684 -0.2010000038 0.02950000048
v -0.2032679558 -0.2010000038 0.02799999952
v -0.2041339684 -0.2010000038 0.02650000095
v -0.2058660316 -0.2010000038 0.02650000095
v -0.2067320442 -0.2010000038 0.02799999952
v -0.2058660316 -0.2010000038 0.02950000048
v -0.2058660316 -0.2 0.02650000095
v -0.2067320442 -0.2 0.02799999952
v -0.2067320442 -0.2010000038 0.02799999952
v -0.2058660316 -0.2010000038 0.02650000095
v -0.21 -0.2068000031 0.02299999952
v -0.21 -0.2102000046 0.02450000048
v -0.21 -0.2102000046 0.03150000095
v -0.21 -0.2068000031 0.03299999952
v -0.21 -0.2068000031 0.03299999952
v -0.21 -0.2102000046 0.03150000095
v -0.2 -0.2102000046 0.03150000095
v -0.2 -0.2068000031 0.03299999952
v -0.21 -0.2102000046 0.02450000048
v -0.21 -0.2068000031 0.02299999952
v -0.2 -0.2068000031 0.02299999952
v -0.2 -0.2102000046 0.02450000048
v -0.2075 -0.2102000046 0.02799999952
v -0.2067677689 -0.2102000046 0.029767766
v -0.205 -0.2102000046 0.03049999952
v -0.2032322311 -0.2102000046 0.029767766
v -0.2025 -0.2102000046 0.02799999952
v -0.2032322311 -0.2102000046 0.02623223305
v -0.205 -0.2102000046 0.02549999952
v -0.2067677689 -0.2102000046 0.02623223305
v -0.21 -0.2102000046 0.03150000095
v -0.21 -0.2102000046 0.02450000048
v -0.2 -0.2102000046 0.02450000048
v -0.2 -0.2102000046 0.03150000095
v -0.2 -0.2102000046 0.02450000048
v -0.2 -0.2068000031 0.02299999952
v -0.2 -0.2068000031 0.03299999952
v -0.2 -0.2102000046 0.03150000095
v -0.2075 -0.2068000031 0.02799999952
v -0.2067677689 -0.2068000031 0.02623223305
v -0.205 -0.2068000031 0.02549999952
v -0.2032322311 -0.2068000031 0.02623223305
v -0.2025 -0.2068000031 0.02799999952
v -0.2032322311 -0.2068000031 0.029767766
v -0.205 -0.2068000031 0.03049999952
v -0.2067677689 -0.2068000031 0.029767766
v -0.21 -0.2068000031 0.02299999952
v -0.21 -0.2068000031 0.03299999952
v -0.2 -0.2068000031 0.03299999952
v -0.2 -0.2068000031 0.02299999952
v -0.2075 -0.2102000046 0.02799999952
v -0.2067677689 -0.2102000046 0.02623223305
v -0.205 -0.2102000046 0.02549999952
v -0.2032322311 -0.2102000046 0.02623223305
v -0.2025 -0.2102000046 0.02799999952
v -0.2032322311 -0.2102000046 0.029767766
v -0.205 -0.2102000046 0.03049999952
v -0.2067677689 -0.2102000046 0.029767766
v -0.2075 -0.2068000031 0.02799999952
v -0.2067677689 -0.2068000031 0.029767766
v -0.205 -0.2068000031 0.03049999952
v -0.2032322311 -0.2068000031 0.029767766
v -0.2025 -0.2068000031 0.02799999952
v -0.2032322311 -0.2068000031 0.02623223305
v -0.205 -0.2068000031 0.02549999952
v -0.2067677689 -0.2068000031 0.02623223305
v -0.2075 -0.2102000046 0.02799999952
v -0.2075 -0.2068000031 0.02799999952
v 0.2064999962 -0.2010000038 0.02713397503
v 0.205 -0.2010000038 0.02626794815
v 0.2035000038 -0.2010000038 0.02713397503
v 0.2035000038 -0.2010000038 0.0288660264
v 0.205 -0.2010000038 0.0297320509
v 0.2064999962 -0.2010000038 0.0288660264
v 0.2035000038 -0.2 0.02713397503
v 0.2035000038 -0.2 0.0288660264
v 0.2035000038 -0.2010000038 0.0288660264
v 0.2035000038 -0.2010000038 0.02713397503
v 0.205 -0.2 0.02626794815
v 0.2035000038 -0.2 0.02713397503
v 0.2035000038 -0.2010000038 0.02713397503
v 0.205 -0.2010000038 0.02626794815
v 0.205 -0.2 0.0297320509
v 0.2064999962 -0.2 0.0288660264
v 0.2064999962 -0.2010000038 0.0288660264
v 0.205 -0.2010000038 0.0297320509
v 0.2064999962 -0.2 0.0288660264
v 0.2064999962 -0.2 0.02713397503
v 0.2064999962 -0.2010000038 0.02713397503
v 0.2064999962 -0.2010000038 0.0288660264
v 0.2035000038 -0.2 0.0288660264
v 0.205 -0.2 0.0297320509
v 0.205 -0.2010000038 0.0297320509
v 0.2035000038 -0.2010000038 0.0288660264
v 0.2035000038 -0.2 0.02713397503
v 0.205 -0.2 0.02626794815
v 0.2064999962 -0.2 0.02713397503
v 0.2064999962 -0.2 0.0288660264
v 0.205 -0.2 0.0297320509
v 0.2035000038 -0.2 0.0288660264
v 0.205 -0.2 0.0325
v 0.2076450348 -0.2 0.03164057732
v 0.209279747 -0.2 0.02939057589
v 0.209279747 -0.2 0.02660942316
v 0.2076450348 -0.2 0.02435942411
v 0.205 -0.2 0.02349999905
v 0.2023549652 -0.2 0.02435942411
v 0.200720253 -0.2 0.02660942316
v 0.200720253 -0.2 0.02939057589
v 0.2023549652 -0.2 0.03164057732
v 0.205 -0.2095000076 0.03049999952
v 0.2032322311 -0.2095000076 0.029767766
v 0.2025 -0.2095000076 0.02799999952
v 0.2032322311 -0.2095000076 0.02623223305
v 0.205 -0.2095000076 0.02549999952
v 0.2067677689 -0.2095000076 0.02623223305
v 0.2075 -0.2095000076 0.02799999952
v 0.2067677689 -0.2095000076 0.029767766
v 0.205 -0.2095000076 0.03049999952
v 0.2067677689 -0.2095000076 0.029767766
v 0.2075 -0.2095000076 0.02799999952
v 0.2067677689 -0.2095000076 0.02623223305
v 0.205 -0.2095000076 0.02549999952
v 0.2032322311 -0.2095000076 0.02623223305
v 0.2025 -0.2095000076 0.02799999952
v 0.2032322311 -0.2095000076 0.029767766
v 0.205 -0.2014999962 0.03049999952
v 0.2032322311 -0.2014999962 0.029767766
v 0.2025 -0.2014999962 0.02799999952
v 0.2032322311 -0.2014999962 0.02623223305
v 0.205 -0.2014999962 0.02549999952
v 0.2067677689 -0.2014999962 0.02623223305
v 0.2075 -0.2014999962 0.02799999952
v 0.2067677689 -0.2014999962 0.029767766
v 0.205 -0.2014999962 0.03049999952
v 0.205 -0.2095000076 0.03049999952
v 0.205 -0.2014999962 0.0325
v 0.2023549652 -0.2014999962 0.03164057732
v 0.200720253 -0.2014999962 0.02939057589
v 0.200720253 -0.2014999962 0.02660942316
v 0.2023549652 -0.2014999962 0.02435942411
v 0.205 -0.2014999962 0.02349999905
v 0.2076450348 -0.2014999962 0.02435942411
v 0.209279747 -0.2014999962 0.02660942316
v 0.209279747 -0.2014999962 0.02939057589
v 0.2076450348 -0.2014999962 0.03164057732
v 0.205 -0.2014999962 0.03049999952
v 0.2067677689 -0.2014999962 0.029767766
v 0.2075 -0.2014999962 0.02799999952
v 0.2067677689 -0.2014999962 0.02623223305
v 0.205 -0.2014999962 0.02549999952
v 0.2032322311 -0.2014999962 0.02623223305
v 0.2025 -0.2014999962 0.02799999952
v 0.2032322311 -0.2014999962 0.029767766
v 0.205 -0.2 0.0325
v 0.2023549652 -0.2 0.03164057732
v 0.200720253 -0.2 0.02939057589
v 0.200720253 -0.2 0.02660942316
v 0.2023549652 -0.2 0.02435942411
v 0.205 -0.2 0.02349999905
v 0.2076450348 -0.2 0.02435942411
v 0.209279747 -0.2 0.02660942316
v 0.209279747 -0.2 0.02939057589
v 0.2076450348 -0.2 0.03164057732
v 0.205 -0.2014999962 0.0325
v 0.2076450348 -0.2014999962 0.03164057732
v 0.209279747 -0.2014999962 0.02939057589
v 0.209279747 -0.2014999962 0.02660942316
v 0.2076450348 -0.2014999962 0.02435942411
v 0.205 -0.2014999962 0.02349999905
v 0.2023549652 -0.2014999962 0.02435942411
v 0.200720253 -0.2014999962 0.02660942316
v 0.200720253 -0.2014999962 0.02939057589
v 0.2023549652 -0.2014999962 0.03164057732
v 0.205 -0.2014999962 0.0325
v 0.205 -0.2 0.0325
v 0.2064999962 -0.2 0.02713397503
v 0.205 -0.2 0.02626794815
v 0.205 -0.2010000038 0.02626794815
v 0.2064999962 -0.2010000038 0.02713397503
v 0.2 -0.2102000046 0.02450000048
v 0.2 -0.2102000046 0.03150000095
v 0.2 -0.2068000031 0.03299999952
v 0.2 -0.2068000031 0.02299999952
v 0.205 -0.2102000046 0.03049999952
v 0.2067677689 -0.2102000046 0.029767766
v 0.2075 -0.2102000046 0.02799999952
v 0.2067677689 -0.2102000046 0.02623223305
v 0.205 -0.2102000046 0.02549999952
v 0.2032322311 -0.2102000046 0.02623223305
v 0.2025 -0.2102000046 0.02799999952
v 0.2032322311 -0.2102000046 0.029767766
v 0.21 -0.2102000046 0.02450000048
v 0.21 -0.2102000046 0.03150000095
v 0.2 -0.2102000046 0.03150000095
v 0.2 -0.2102000046 0.02450000048
v 0.21 -0.2102000046 0.03150000095
v 0.21 -0.2068000031 0.03299999952
v 0.2 -0.2068000031 0.03299999952
v 0.2 -0.2102000046 0.03150000095
v 0.205 -0.2068000031 0.03049999952
v 0.2032322311 -0.2068000031 0.029767766
v 0.2025 -0.2068000031 0.02799999952
v 0.2032322311 -0.2068000031 0.02623223305
v 0.205 -0.2068000031 0.02549999952
v 0.2067677689 -0.2068000031 0.02623223305
v 0.2075 -0.2068000031 0.02799999952
v 0.2067677689 -0.2068000031 0.029767766
v 0.21 -0.2068000031 0.03299999952
v 0.21 -0.2068000031 0.02299999952
v 0.2 -0.2068000031 0.02299999952
v 0.2 -0.2068000031 0.03299999952
v 0.21 -0.2102000046 0.03150000095
v 0.21 -0.2102000046 0.02450000048
v 0.21 -0.2068000031 0.02299999952
v 0.21 -0.2068000031 0.03299999952
v 0.21 -0.2068000031 0.02299999952
v 0.21 -0.2102000046 0.02450000048
v 0.2 -0.2102000046 0.02450000048
v 0.2 -0.2068000031 0.02299999952
v 0.205 -0.2102000046 0.03049999952
v 0.2032322311 -0.2102000046 0.029767766
v 0.2025 -0.2102000046 0.02799999952
v 0.2032322311 -0.2102000046 0.02623223305
v 0.205 -0.2102000046 0.02549999952
v 0.2067677689 -0.2102000046 0.02623223305
v 0.2075 -0.2102000046 0.02799999952
v 0.2067677689 -0.2102000046 0.029767766
v 0.205 -0.2068000031 0.03049999952
v 0.2067677689 -0.2068000031 0.029767766
v 0.2075 -0.2068000031 0.02799999952
v 0.2067677689 -0.2068000031 0.02623223305
v 0.205 -0.2068000031 0.02549999952
v 0.2032322311 -0.2068000031 0.02623223305
v 0.2025 -0.2068000031 0.02799999952
v 0.2032322311 -0.2068000031 0.029767766
v 0.205 -0.2102000046 0.03049999952
v 0.205 -0.2068000031 0.03049999952
v 0.21 -0.1941339684 0.02650000095
v 0.21 -0.1932679558 0.02799999952
v 0.21 -0.1941339684 0.02950000048
v 0.21 -0.1958660316 0.02950000048
v 0.21 -0.1967320442 0.02799999952
v 0.21 -0.1958660316 0.02650000095
v 0.21 -0.1995000076 0.02799999952
v 0.21 -0.1986405754 0.03064503431
v 0.21 -0.1963905716 0.03227975368
v 0.21 -0.1936094284 0.03227975368
v 0.21 -0.1913594246 0.03064503431
v 0.21 -0.1904999924 0.02799999952
v 0.21 -0.1913594246 0.02535496712
v 0.21 -0.1936094284 0.02372024536
v 0.21 -0.1963905716 0.02372024536
v 0.21 -0.1986405754 0.02535496712
v 0.21 -0.1995000076 0.02799999952
v 0.21 -0.1986405754 0.02535496712
v 0.21 -0.1963905716 0.02372024536
v 0.21 -0.1936094284 0.02372024536
v 0.21 -0.1913594246 0.02535496712
v 0.21 -0.1904999924 0.02799999952
v 0.21 -0.1913594246 0.03064503431
v 0.21 -0.1936094284 0.03227975368
v 0.21 -0.1963905716 0.03227975368
v 0.21 -0.1986405754 0.03064503431
v 0.2114999962 -0.1995000076 0.02799999952
v 0.2114999962 -0.1986405754 0.03064503431
v 0.2114999962 -0.1963905716 0.03227975368
v 0.2114999962 -0.1936094284 0.03227975368
v 0.2114999962 -0.1913594246 0.03064503431
v 0.2114999962 -0.1904999924 0.02799999952
v 0.2114999962 -0.1913594246 0.02535496712
v 0.2114999962 -0.1936094284 0.02372024536
v 0.2114999962 -0.1963905716 0.02372024536
v 0.2114999962 -0.1986405754 0.02535496712
v 0.2114999962 -0.1995000076 0.02799999952
v 0.21 -0.1995000076 0.02799999952
v 0.21 -0.1967320442 0.02799999952
v 0.21 -0.1958660316 0.02950000048
v 0.2110000038 -0.1958660316 0.02950000048
v 0.2110000038 -0.1967320442 0.02799999952
v 0.21 -0.1932679558 0.02799999952
v 0.21 -0.1941339684 0.02650000095
v 0.2110000038 -0.1941339684 0.02650000095
v 0.2110000038 -0.1932679558 0.02799999952
v 0.2110000038 -0.1941339684 0.02950000048
v 0.2110000038 -0.1932679558 0.02799999952
v 0.2110000038 -0.1941339684 0.02650000095
v 0.2110000038 -0.1958660316 0.02650000095
v 0.2110000038 -0.1967320442 0.02799999952
v 0.2110000038 -0.1958660316 0.02950000048
v 0.21 -0.1941339684 0.02650000095
v 0.21 -0.1958660316 0.02650000095
v 0.2110000038 -0.1958660316 0.02650000095
v 0.2110000038 -0.1941339684 0.02650000095
v 0.21 -0.1958660316 0.02650000095
v 0.21 -0.1967320442 0.02799999952
v 0.2110000038 -0.1967320442 0.02799999952
v 0.2110000038 -0.1958660316 0.02650000095
v 0.21 -0.1958660316 0.02950000048
v 0.21 -0.1941339684 0.02950000048
v 0.2110000038 -0.1941339684 0.02950000048
v 0.2110000038 -0.1958660316 0.02950000048
v 0.21 -0.1941339684 0.02950000048
v 0.21 -0.1932679558 0.02799999952
v 0.2110000038 -0.1932679558 0.02799999952
v 0.2110000038 -0.1941339684 0.02950000048
v 0.2195000076 -0.1975 0.02799999952
v 0.2195000076 -0.1967677689 0.02623223305
v 0.2195000076 -0.195 0.02549999952
v 0.2195000076 -0.1932322311 0.02623223305
v 0.2195000076 -0.1925 0.02799999952
v 0.2195000076 -0.1932322311 0.029767766
v 0.2195000076 -0.195 0.03049999952
v 0.2195000076 -0.1967677689 0.029767766
v 0.2195000076 -0.1975 0.02799999952
v 0.2195000076 -0.1967677689 0.029767766
v 0.2195000076 -0.195 0.03049999952
v 0.2195000076 -0.1932322311 0.029767766
v 0.2195000076 -0.1925 0.02799999952
v 0.2195000076 -0.1932322311 0.02623223305
v 0.2195000076 -0.195 0.02549999952
v 0.2195000076 -0.1967677689 0.02623223305
v 0.2114999962 -0.1975 0.02799999952
v 0.2114999962 -0.1967677689 0.02623223305
v 0.2114999962 -0.195 0.02549999952
v 0.2114999962 -0.1932322311 0.02623223305
v 0.2114999962 -0.1925 0.02799999952
v 0.2114999962 -0.1932322311 0.029767766
v 0.2114999962 -0.195 0.03049999952
v 0.2114999962 -0.1967677689 0.029767766
v 0.2114999962 -0.1975 0.02799999952
v 0.2195000076 -0.1975 0.02799999952
v 0.2114999962 -0.1995000076 0.02799999952
v 0.2114999962 -0.1986405754 0.02535496712
v 0.2114999962 -0.1963905716 0.02372024536
v 0.2114999962 -0.1936094284 0.02372024536
v 0.2114999962 -0.1913594246 0.02535496712
v 0.2114999962 -0.1904999924 0.02799999952
v 0.2114999962 -0.1913594246 0.03064503431
v 0.2114999962 -0.1936094284 0.03227975368
v 0.2114999962 -0.1963905716 0.03227975368
v 0.2114999962 -0.1986405754 0.03064503431
v 0.2114999962 -0.1975 0.02799999952
v 0.2114999962 -0.1967677689 0.029767766
v 0.2114999962 -0.195 0.03049999952
v 0.2114999962 -0.1932322311 0.029767766
v 0.2114999962 -0.1925 0.02799999952
v 0.2114999962 -0.1932322311 0.02623223305
v 0.2114999962 -0.195 0.02549999952
v 0.2114999962 -0.1967677689 0.02623223305
v 0.2168000031 -0.2 0.03299999952
v 0.2202000046 -0.2 0.03150000095
v 0.2202000046 -0.19 0.03150000095
v 0.2168000031 -0.19 0.03299999952
v 0.2202000046 -0.2 0.02450000048
v 0.2168000031 -0.2 0.02299999952
v 0.2168000031 -0.19 0.02299999952
v 0.2202000046 -0.19 0.02450000048
v 0.2202000046 -0.19 0.02450000048
v 0.2168000031 -0.19 0.02299999952
v 0.2168000031 -0.19 0.03299999952
v 0.2202000046 -0.19 0.03150000095
v 0.2168000031 -0.1975 0.02799999952
v 0.2168000031 -0.1967677689 0.02623223305
v 0.2168000031 -0.195 0.02549999952
v 0.2168000031 -0.1932322311 0.02623223305
v 0.2168000031 -0.1925 0.02799999952
v 0.2168000031 -0.1932322311 0.029767766
v 0.2168000031 -0.195 0.03049999952
v 0.2168000031 -0.1967677689 0.029767766
v 0.2168000031 -0.2 0.02299999952
v 0.2168000031 -0.2 0.03299999952
v 0.2168000031 -0.19 0.03299999952
v 0.2168000031 -0.19 0.02299999952
v 0.2168000031 -0.2 0.02299999952
v 0.2202000046 -0.2 0.02450000048
v 0.2202000046 -0.2 0.03150000095
v 0.2168000031 -0.2 0.03299999952
v 0.2202000046 -0.1975 0.02799999952
v 0.2202000046 -0.1967677689 0.029767766
v 0.2202000046 -0.195 0.03049999952
v 0.2202000046 -0.1932322311 0.029767766
v 0.2202000046 -0.1925 0.02799999952
v 0.2202000046 -0.1932322311 0.02623223305
v 0.2202000046 -0.195 0.02549999952
v 0.2202000046 -0.1967677689 0.02623223305
v 0.2202000046 -0.2 0.03150000095
v 0.2202000046 -0.2 0.02450000048
v 0.2202000046 -0.19 0.02450000048
v 0.2202000046 -0.19 0.03150000095
v 0.2202000046 -0.1975 0.02799999952
v 0.2202000046 -0.1967677689 0.02623223305
v 0.2202000046 -0.195 0.02549999952
v 0.2202000046 -0.1932322311 0.02623223305
v 0.2202000046 -0.1925 0.02799999952
v 0.2202000046 -0.1932322311 0.029767766
v 0.2202000046 -0.195 0.03049999952
v 0.2202000046 -0.1967677689 0.029767766
v 0.2168000031 -0.1975 0.02799999952
v 0.2168000031 -0.1967677689 0.029767766
v 0.2168000031 -0.195 0.03049999952
v 0.2168000031 -0.1932322311 0.029767766
v 0.2168000031 -0.1925 0.02799999952
v 0.2168000031 -0.1932322311 0.02623223305
v 0.2168000031 -0.195 0.02549999952
v 0.2168000031 -0.1967677689 0.02623223305
v 0.2202000046 -0.1975 0.02799999952
v 0.2168000031 -0.1975 0.02799999952
v 0.2110000038 0.1964999962 0.02713397503
v 0.2110000038 0.195 0.02626794815
v 0.2110000038 0.1935000038 0.02713397503
v 0.2110000038 0.1935000038 0.0288660264
v 0.2110000038 0.195 0.0297320509
v 0.2110000038 0.1964999962 0.0288660264
v 0.21 0.1935000038 0.02713397503
v 0.21 0.1935000038 0.0288660264
v 0.2110000038 0.1935000038 0.0288660264
v 0.2110000038 0.1935000038 0.02713397503
v 0.21 0.1964999962 0.0288660264
v 0.21 0.1964999962 0.02713397503
v 0.2110000038 0.1964999962 0.02713397503
v 0.2110000038 0.1964999962 0.0288660264
v 0.21 0.1964999962 0.02713397503
v 0.21 0.195 0.02626794815
v 0.2110000038 0.195 0.02626794815
v 0.2110000038 0.1964999962 0.02713397503
v 0.21 0.195 0.02626794815
v 0.21 0.1935000038 0.02713397503
v 0.2110000038 0.1935000038 0.02713397503
v 0.2110000038 0.195 0.02626794815
v 0.21 0.1935000038 0.0288660264
v 0.21 0.195 0.0297320509
v 0.2110000038 0.195 0.0297320509
v 0.2110000038 0.1935000038 0.0288660264
v 0.21 0.195 0.0297320509
v 0.21 0.1964999962 0.0288660264
v 0.2110000038 0.1964999962 0.0288660264
v 0.2110000038 0.195 0.0297320509
v 0.2195000076 0.195 0.03049999952
v 0.2195000076 0.1967677689 0.029767766
v 0.2195000076 0.1975 0.02799999952
v 0.2195000076 0.1967677689 0.02623223305
v 0.2195000076 0.195 0.02549999952
v 0.2195000076 0.1932322311 0.02623223305
v 0.2195000076 0.1925 0.02799999952
v 0.2195000076 0.1932322311 0.029767766
v 0.2114999962 0.195 0.03049999952
v 0.2114999962 0.1932322311 0.029767766
v 0.2114999962 0.1925 0.02799999952
v 0.2114999962 0.1932322311 0.02623223305
v 0.2114999962 0.195 0.02549999952
v 0.2114999962 0.1967677689 0.02623223305
v 0.2114999962 0.1975 0.02799999952
v 0.2114999962 0.1967677689 0.029767766
v 0.2114999962 0.195 0.03049999952
v 0.2195000076 0.195 0.03049999952
v 0.2195000076 0.195 0.03049999952
v 0.2195000076 0.1932322311 0.029767766
v 0.2195000076 0.1925 0.02799999952
v 0.2195000076 0.1932322311 0.02623223305
v 0.2195000076 0.195 0.02549999952
v 0.2195000076 0.1967677689 0.02623223305
v 0.2195000076 0.1975 0.02799999952
v 0.2195000076 0.1967677689 0.029767766
v 0.21 0.1935000038 0.02713397503
v 0.21 0.195 0.02626794815
v 0.21 0.1964999962 0.02713397503
v 0.21 0.1964999962 0.0288660264
v 0.21 0.195 0.0297320509
v 0.21 0.1935000038 0.0288660264
v 0.21 0.195 0.0325
v 0.21 0.1976450348 0.03164057732
v 0.21 0.199279747 0.02939057589
v 0.21 0.199279747 0.02660942316
v 0.21 0.1976450348 0.02435942411
v 0.21 0.195 0.02349999905
v 0.21 0.1923549652 0.02435942411
v 0.21 0.190720253 0.02660942316
v 0.21 0.190720253 0.02939057589
v 0.21 0.1923549652 0.03164057732
v 0.21 0.195 0.0325
v 0.21 0.1923549652 0.03164057732
v 0.21 0.190720253 0.02939057589
v 0.21 0.190720253 0.02660942316
v 0.21 0.1923549652 0.02435942411
v 0.21 0.195 0.02349999905
v 0.21 0.1976450348 0.02435942411
v 0.21 0.199279747 0.02660942316
v 0.21 0.199279747 0.02939057589
v 0.21 0.1976450348 0.03164057732
v 0.2114999962 0.195 0.0325
v 0.2114999962 0.1976450348 0.03164057732
v 0.2114999962 0.199279747 0.02939057589
v 0.2114999962 0.199279747 0.02660942316
v 0.2114999962 0.1976450348 0.02435942411
v 0.2114999962 0.195 0.02349999905
v 0.2114999962 0.1923549652 0.02435942411
v 0.2114999962 0.190720253 0.02660942316
v 0.2114999962 0.190720253 0.02939057589
v 0.2114999962 0.1923549652 0.03164057732
v 0.2114999962 0.195 0.0325
v 0.21 0.195 0.0325
v 0.2114999962 0.195 0.0325
v 0.2114999962 0.1923549652 0.03164057732
v 0.2114999962 0.190720253 0.02939057589
v 0.2114999962 0.190720253 0.02660942316
v 0.2114999962 0.1923549652 0.02435942411
v 0.2114999962 0.195 0.02349999905
v 0.2114999962 0.1976450348 0.02435942411
v 0.2114999962 0.199279747 0.02660942316
v 0.2114999962 0.199279747 0.02939057589
v 0.2114999962 0.1976450348 0.03164057732
v 0.2114999962 0.195 0.03049999952
v 0.2114999962 0.1967677689 0.029767766
v 0.2114999962 0.1975 0.02799999952
v 0.2114999962 0.1967677689 0.02623223305
v 0.2114999962 0.195 0.02549999952
v 0.2114999962 0.1932322311 0.02623223305
v 0.2114999962 0.1925 0.02799999952
v 0.2114999962 0.1932322311 0.029767766
v 0.2202000046 0.195 0.03049999952
v 0.2202000046 0.1932322311 0.029767766
v 0.2202000046 0.1925 0.02799999952
v 0.2202000046 0.1932322311 0.02623223305
v 0.2202000046 0.195 0.02549999952
v 0.2202000046 0.1967677689 0.02623223305
v 0.2202000046 0.1975 0.02799999952
v 0.2202000046 0.1967677689 0.029767766
v 0.2168000031 0.195 0.03049999952
v 0.2168000031 0.1967677689 0.029767766
v 0.2168000031 0.1975 0.02799999952
v 0.2168000031 0.1967677689 0.02623223305
v 0.2168000031 0.195 0.02549999952
v 0.2168000031 0.1932322311 0.02623223305
v 0.2168000031 0.1925 0.02799999952
v 0.2168000031 0.1932322311 0.029767766
v 0.2202000046 0.195 0.03049999952
v 0.2168000031 0.195 0.03049999952
v 0.2202000046 0.2 0.03150000095
v 0.2202000046 0.2 0.02450000048
v 0.2168000031 0.2 0.02299999952
v 0.2168000031 0.2 0.03299999952
v 0.2168000031 0.2 0.02299999952
v 0.2202000046 0.2 0.02450000048
v 0.2202000046 0.19 0.02450000048
v 0.2168000031 0.19 0.02299999952
v 0.2202000046 0.195 0.03049999952
v 0.2202000046 0.1967677689 0.029767766
v 0.2202000046 0.1975 0.02799999952
v 0.2202000046 0.1967677689 0.02623223305
v 0.2202000046 0.195 0.02549999952
v 0.2202000046 0.1932322311 0.02623223305
v 0.2202000046 0.1925 0.02799999952
v 0.2202000046 0.1932322311 0.029767766
v 0.2202000046 0.2 0.02450000048
v 0.2202000046 0.2 0.03150000095
v 0.2202000046 0.19 0.03150000095
v 0.2202000046 0.19 0.02450000048
v 0.2168000031 0.195 0.03049999952
v 0.2168000031 0.1932322311 0.029767766
v 0.2168000031 0.1925 0.02799999952
v 0.2168000031 0.1932322311 0.02623223305
v 0.2168000031 0.195 0.02549999952
v 0.2168000031 0.1967677689 0.02623223305
v 0.2168000031 0.1975 0.02799999952
v 0.2168000031 0.1967677689 0.029767766
v 0.2168000031 0.2 0.03299999952
v 0.2168000031 0.2 0.02299999952
v 0.2168000031 0.19 0.02299999952
v 0.2168000031 0.19 0.03299999952
v 0.2202000046 0.19 0.02450000048
v 0.2202000046 0.19 0.03150000095
v 0.2168000031 0.19 0.03299999952
v 0.2168000031 0.19 0.02299999952
v 0.2202000046 0.2 0.03150000095
v 0.2168000031 0.2 0.03299999952
v 0.2168000031 0.19 0.03299999952
v 0.2202000046 0.19 0.03150000095
v 0.2075 0.2095000076 0.02799999952
v 0.2067677689 0.2095000076 0.029767766
v 0.205 0.2095000076 0.03049999952
v 0.2032322311 0.2095000076 0.029767766
v 0.2025 0.2095000076 0.02799999952
v 0.2032322311 0.2095000076 0.02623223305
v 0.205 0.2095000076 0.02549999952
v 0.2067677689 0.2095000076 0.02623223305
v 0.2075 0.2014999962 0.02799999952
v 0.2067677689 0.2014999962 0.02623223305
v 0.205 0.2014999962 0.02549999952
v 0.2032322311 0.2014999962 0.02623223305
v 0.2025 0.2014999962 0.02799999952
v 0.2032322311 0.2014999962 0.029767766
v 0.205 0.2014999962 0.03049999952
v 0.2067677689 0.2014999962 0.029767766
v 0.2075 0.2014999962 0.02799999952
v 0.2075 0.2095000076 0.02799999952
v 0.2041339684 0.2 0.02650000095
v 0.2032679558 0.2 0.02799999952
v 0.2041339684 0.2 0.02950000048
v 0.2058660316 0.2 0.02950000048
v 0.2067320442 0.2 0.02799999952
v 0.2058660316 0.2 0.02650000095
v 0.2095000076 0.2 0.02799999952
v 0.2086405754 0.2 0.03064503431
v 0.2063905716 0.2 0.03227975368
v 0.2036094284 0.2 0.03227975368
v 0.2013594246 0.2 0.03064503431
v 0.2004999924 0.2 0.02799999952
v 0.2013594246 0.2 0.02535496712
v 0.2036094284 0.2 0.02372024536
v 0.2063905716 0.2 0.02372024536
v 0.2086405754 0.2 0.02535496712
v 0.2095000076 0.2 0.02799999952
v 0.2086405754 0.2 0.02535496712
v 0.2063905716 0.2 0.02372024536
v 0.2036094284 0.2 0.02372024536
v 0.2013594246 0.2 0.02535496712
v 0.2004999924 0.2 0.02799999952
v 0.2013594246 0.2 0.03064503431
v 0.2036094284 0.2 0.03227975368
v 0.2063905716 0.2 0.03227975368
v 0.2086405754 0.2 0.03064503431
v 0.2095000076 0.2014999962 0.02799999952
v 0.2086405754 0.2014999962 0.03064503431
v 0.2063905716 0.2014999962 0.03227975368
v 0.2036094284 0.2014999962 0.03227975368
v 0.2013594246 0.2014999962 0.03064503431
v 0.2004999924 0.2014999962 0.02799999952
v 0.2013594246 0.2014999962 0.02535496712
v 0.2036094284 0.2014999962 0.02372024536
v 0.2063905716 0.2014999962 0.02372024536
v 0.2086405754 0.2014999962 0.02535496712
v 0.2095000076 0.2014999962 0.02799999952
v 0.2095000076 0.2 0.02799999952
v 0.2095000076 0.2014999962 0.02799999952
v 0.2086405754 0.2014999962 0.02535496712
v 0.2063905716 0.2014999962 0.02372024536
v 0.2036094284 0.2014999962 0.02372024536
v 0.2013594246 0.2014999962 0.02535496712
v 0.2004999924 0.2014999962 0.02799999952
v 0.2013594246 0.2014999962 0.03064503431
v 0.2036094284 0.2014999962 0.03227975368
v 0.2063905716 0.2014999962 0.03227975368
v 0.2086405754 0.2014999962 0.03064503431
v 0.2075 0.2014999962 0.02799999952
v 0.2067677689 0.2014999962 0.029767766
v 0.205 0.2014999962 0.03049999952
v 0.2032322311 0.2014999962 0.029767766
v 0.2025 0.2014999962 0.02799999952
v 0.2032322311 0.2014999962 0.02623223305
v 0.205 0.2014999962 0.02549999952
v 0.2067677689 0.2014999962 0.02623223305
v 0.2075 0.2095000076 0.02799999952
v 0.2067677689 0.2095000076 0.02623223305
v 0.205 0.2095000076 0.02549999952
v 0.2032322311 0.2095000076 0.02623223305
v 0.2025 0.2095000076 0.02799999952
v 0.2032322311 0.2095000076 0.029767766
v 0.205 0.2095000076 0.03049999952
v 0.2067677689 0.2095000076 0.029767766
v 0.2032679558 0.2 0.02799999952
v 0.2041339684 0.2 0.02650000095
v 0.2041339684 0.2010000038 0.02650000095
v 0.2032679558 0.2010000038 0.02799999952
v 0.2058660316 0.2 0.02950000048
v 0.2041339684 0.2 0.02950000048
v 0.2041339684 0.2010000038 0.02950000048
v 0.2058660316 0.2010000038 0.02950000048
v 0.2041339684 0.2 0.02950000048
v 0.2032679558 0.2 0.02799999952
v 0.2032679558 0.2010000038 0.02799999952
v 0.2041339684 0.2010000038 0.02950000048
v 0.2058660316 0.2 0.02650000095
v 0.2067320442 0.2 0.02799999952
v 0.2067320442 0.2010000038 0.02799999952
v 0.2058660316 0.2010000038 0.02650000095
v 0.2067320442 0.2 0.02799999952
v 0.2058660316 0.2 0.02950000048
v 0.2058660316 0.2010000038 0.02950000048
v 0.2067320442 0.2010000038 0.02799999952
v 0.2041339684 0.2 0.02650000095
v 0.2058660316 0.2 0.02650000095
v 0.2058660316 0.2010000038 0.02650000095
v 0.2041339684 0.2010000038 0.02650000095
v 0.2041339684 0.2010000038 0.02950000048
v 0.2032679558 0.2010000038 0.02799999952
v 0.2041339684 0.2010000038 0.02650000095
v 0.2058660316 0.2010000038 0.02650000095
v 0.2067320442 0.2010000038 0.02799999952
v 0.2058660316 0.2010000038 0.02950000048
v 0.2075 0.2102000046 0.02799999952
v 0.2067677689 0.2102000046 0.02623223305
v 0.205 0.2102000046 0.02549999952
v 0.2032322311 0.2102000046 0.02623223305
v 0.2025 0.2102000046 0.02799999952
v 0.2032322311 0.2102000046 0.029767766
v 0.205 0.2102000046 0.03049999952
v 0.2067677689 0.2102000046 0.029767766
v 0.2075 0.2068000031 0.02799999952
v 0.2067677689 0.2068000031 0.029767766
v 0.205 0.2068000031 0.03049999952
v 0.2032322311 0.2068000031 0.029767766
v 0.2025 0.2068000031 0.02799999952
v 0.2032322311 0.2068000031 0.02623223305
v 0.205 0.2068000031 0.02549999952
v 0.2067677689 0.2068000031 0.02623223305
v 0.2075 0.2102000046 0.02799999952
v 0.2075 0.2068000031 0.02799999952
v 0.21 0.2102000046 0.02450000048
v 0.21 0.2068000031 0.02299999952
v 0.2 0.2068000031 0.02299999952
v 0.2 0.2102000046 0.02450000048
v 0.21 0.2068000031 0.02299999952
v 0.21 0.2102000046 0.02450000048
v 0.21 0.2102000046 0.03150000095
v 0.21 0.2068000031 0.03299999952
v 0.2 0.2102000046 0.02450000048
v 0.2 0.2068000031 0.02299999952
v 0.2 0.2068000031 0.03299999952
v 0.2 0.2102000046 0.03150000095
v 0.2075 0.2068000031 0.02799999952
v 0.2067677689 0.2068000031 0.02623223305
v 0.205 0.2068000031 0.02549999952
v 0.2032322311 0.2068000031 0.02623223305
v 0.2025 0.2068000031 0.02799999952
v 0.2032322311 0.2068000031 0.029767766
v 0.205 0.2068000031 0.03049999952
v 0.2067677689 0.2068000031 0.029767766
v 0.21 0.2068000031 0.02299999952
v 0.21 0.2068000031 0.03299999952
v 0.2 0.2068000031 0.03299999952
v 0.2 0.2068000031 0.02299999952
v 0.2075 0.2102000046 0.02799999952
v 0.2067677689 0.2102000046 0.029767766
v 0.205 0.2102000046 0.03049999952
v 0.2032322311 0.2102000046 0.029767766
v 0.2025 0.2102000046 0.02799999952
v 0.2032322311 0.2102000046 0.02623223305
v 0.205 0.2102000046 0.02549999952
v 0.2067677689 0.2102000046 0.02623223305
v 0.21 0.2102000046 0.03150000095
v 0.21 0.2102000046 0.02450000048
v 0.2 0.2102000046 0.02450000048
v 0.2 0.2102000046 0.03150000095
v 0.21 0.2068000031 0.03299999952
v 0.21 0.2102000046 0.03150000095
v 0.2 0.2102000046 0.03150000095
v 0.2 0.2068000031 0.03299999952
v -0.205 0.2095000076 0.03049999952
v -0.2067677689 0.2095000076 0.029767766
v -0.2075 0.2095000076 0.02799999952
v -0.2067677689 0.2095000076 0.02623223305
v -0.205 0.2095000076 0.02549999952
v -0.2032322311 0.2095000076 0.02623223305
v -0.2025 0.2095000076 0.02799999952
v -0.2032322311 0.2095000076 0.029767766
v -0.205 0.2014999962 0.03049999952
v -0.2032322311 0.2014999962 0.029767766
v -0.2025 0.2014999962 0.02799999952
v -0.2032322311 0.2014999962 0.02623223305
v -0.205 0.2014999962 0.02549999952
v -0.2067677689 0.2014999962 0.02623223305
v -0.2075 0.2014999962 0.02799999952
v -0.2067677689 0.2014999962 0.029767766
v -0.205 0.2014999962 0.03049999952
v -0.205 0.2095000076 0.03049999952
v -0.205 0.2014999962 0.0325
v -0.2023549652 0.2014999962 0.03164057732
v -0.200720253 0.2014999962 0.02939057589
v -0.200720253 0.2014999962 0.02660942316
v -0.2023549652 0.2014999962 0.02435942411
v -0.205 0.2014999962 0.02349999905
v -0.2076450348 0.2014999962 0.02435942411
v -0.209279747 0.2014999962 0.02660942316
v -0.209279747 0.2014999962 0.02939057589
v -0.2076450348 0.2014999962 0.03164057732
v -0.205 0.2014999962 0.03049999952
v -0.2067677689 0.2014999962 0.029767766
v -0.2075 0.2014999962 0.02799999952
v -0.2067677689 0.2014999962 0.02623223305
v -0.205 0.2014999962 0.02549999952
v -0.2032322311 0.2014999962 0.02623223305
v -0.2025 0.2014999962 0.02799999952
v -0.2032322311 0.2014999962 0.029767766
v -0.205 0.2095000076 0.03049999952
v -0.2032322311 0.2095000076 0.029767766
v -0.2025 0.2095000076 0.02799999952
v -0.2032322311 0.2095000076 0.02623223305
v -0.205 0.2095000076 0.02549999952
v -0.2067677689 0.2095000076 0.02623223305
v -0.2075 0.2095000076 0.02799999952
v -0.2067677689 0.2095000076 0.029767766
v -0.2035000038 0.2 0.02713397503
v -0.205 0.2 0.02626794815
v -0.2064999962 0.2 0.02713397503
v -0.2064999962 0.2 0.0288660264
v -0.205 0.2 0.0297320509
v -0.2035000038 0.2 0.0288660264
v -0.205 0.2 0.0325
v -0.2076450348 0.2 0.03164057732
v -0.209279747 0.2 0.02939057589
v -0.209279747 0.2 0.02660942316
v -0.2076450348 0.2 0.02435942411
v -0.205 0.2 0.02349999905
v -0.2023549652 0.2 0.02435942411
v -0.200720253 0.2 0.02660942316
v -0.200720253 0.2 0.02939057589
v -0.2023549652 0.2 0.03164057732
v -0.205 0.2 0.0325
v -0.2023549652 0.2 0.03164057732
v -0.200720253 0.2 0.02939057589
v -0.200720253 0.2 0.02660942316
v -0.2023549652 0.2 0.02435942411
v -0.205 0.2 0.02349999905
v -0.2076450348 0.2 0.02435942411
v -0.209279747 0.2 0.02660942316
v -0.209279747 0.2 0.02939057589
v -0.2076450348 0.2 0.03164057732
v -0.205 0.2014999962 0.0325
v -0.2076450348 0.2014999962 0.03164057732
v -0.209279747 0.2014999962 0.02939057589
v -0.209279747 0.2014999962 0.02660942316
v -0.2076450348 0.2014999962 0.02435942411
v -0.205 0.2014999962 0.02349999905
v -0.2023549652 0.2014999962 0.02435942411
v -0.200720253 0.2014999962 0.02660942316
v -0.200720253 0.2014999962 0.02939057589
v -0.2023549652 0.2014999962 0.03164057732
v -0.205 0.2014999962 0.0325
v -0.205 0.2 0.0325
v -0.2064999962 0.2010000038 0.02713397503
v -0.205 0.2010000038 0.02626794815
v -0.2035000038 0.2010000038 0.02713397503
v -0.2035000038 0.2010000038 0.0288660264
v -0.205 0.2010000038 0.0297320509
v -0.2064999962 0.2010000038 0.0288660264
v -0.205 0.2 0.0297320509
v -0.2064999962 0.2 0.0288660264
v -0.2064999962 0.2010000038 0.0288660264
v -0.205 0.2010000038 0.0297320509
v -0.2064999962 0.2 0.0288660264
v -0.2064999962 0.2 0.02713397503
v -0.2064999962 0.2010000038 0.02713397503
v -0.2064999962 0.2010000038 0.0288660264
v -0.2035000038 0.2 0.0288660264
v -0.205 0.2 0.0297320509
v -0.205 0.2010000038 0.0297320509
v -0.2035000038 0.2010000038 0.0288660264
v -0.205 0.2 0.02626794815
v -0.2035000038 0.2 0.02713397503
v -0.2035000038 0.2010000038 0.02713397503
v -0.205 0.2010000038 0.02626794815
v -0.2064999962 0.2 0.02713397503
v -0.205 0.2 0.02626794815
v -0.205 0.2010000038 0.02626794815
v -0.2064999962 0.2010000038 0.02713397503
v -0.2035000038 0.2 0.02713397503
v -0.2035000038 0.2 0.0288660264
v -0.2035000038 0.2010000038 0.0288660264
v -0.2035000038 0.2010000038 0.02713397503
v -0.21 0.2102000046 0.03150000095
v -0.21 0.2102000046 0.02450000048
v -0.21 0.2068000031 0.02299999952
v -0.21 0.2068000031 0.03299999952
v -0.21 0.2068000031 0.02299999952
v -0.21 0.2102000046 0.02450000048
v -0.2 0.2102000046 0.02450000048
v -0.2 0.2068000031 0.02299999952
v -0.2 0.2102000046 0.02450000048
v -0.2 0.2102000046 0.03150000095
v -0.2 0.2068000031 0.03299999952
v -0.2 0.2068000031 0.02299999952
v -0.205 0.2102000046 0.03049999952
v -0.2067677689 0.2102000046 0.029767766
v -0.2075 0.2102000046 0.02799999952
v -0.2067677689 0.2102000046 0.02623223305
v -0.205 0.2102000046 0.02549999952
v -0.2032322311 0.2102000046 0.02623223305
v -0.2025 0.2102000046 0.02799999952
v -0.2032322311 0.2102000046 0.029767766
v -0.21 0.2102000046 0.02450000048
v -0.21 0.2102000046 0.03150000095
v -0.2 0.2102000046 0.03150000095
v -0.2 0.2102000046 0.02450000048
v -0.205 0.2068000031 0.03049999952
v -0.2032322311 0.2068000031 0.029767766
v -0.2025 0.2068000031 0.02799999952
v -0.2032322311 0.2068000031 0.02623223305
v -0.205 0.2068000031 0.02549999952
v -0.2067677689 0.2068000031 0.02623223305
v -0.2075 0.2068000031 0.02799999952
v -0.2067677689 0.2068000031 0.029767766
v -0.21 0.2068000031 0.03299999952
v -0.21 0.2068000031 0.02299999952
v -0.2 0.2068000031 0.02299999952
v -0.2 0.2068000031 0.03299999952
v -0.21 0.2102000046 0.03150000095
v -0.21 0.2068000031 0.03299999952
v -0.2 0.2068000031 0.03299999952
v -0.2 0.2102000046 0.03150000095
v -0.205 0.2102000046 0.03049999952
v -0.2032322311 0.2102000046 0.029767766
v -0.2025 0.2102000046 0.02799999952
v -0.2032322311 0.2102000046 0.02623223305
v -0.205 0.2102000046 0.02549999952
v -0.2067677689 0.2102000046 0.02623223305
v -0.2075 0.2102000046 0.02799999952
v -0.2067677689 0.2102000046 0.029767766
v -0.205 0.2068000031 0.03049999952
v -0.2067677689 0.2068000031 0.029767766
v -0.2075 0.2068000031 0.02799999952
v -0.2067677689 0.2068000031 0.02623223305
v -0.205 0.2068000031 0.02549999952
v -0.2032322311 0.2068000031 0.02623223305
v -0.2025 0.2068000031 0.02799999952
v -0.2032322311 0.2068000031 0.029767766
v -0.205 0.2102000046 0.03049999952
v -0.205 0.2068000031 0.03049999952
v -0.2195000076 0.1975 0.02799999952
v -0.2195000076 0.1967677689 0.029767766
v -0.2195000076 0.195 0.03049999952
v -0.2195000076 0.1932322311 0.029767766
v -0.2195000076 0.1925 0.02799999952
v -0.2195000076 0.1932322311 0.02623223305
v -0.2195000076 0.195 0.02549999952
v -0.2195000076 0.1967677689 0.02623223305
v -0.2114999962 0.1975 0.02799999952
v -0.2114999962 0.1967677689 0.02623223305
v -0.2114999962 0.195 0.02549999952
v -0.2114999962 0.1932322311 0.02623223305
v -0.2114999962 0.1925 0.02799999952
v -0.2114999962 0.1932322311 0.029767766
v -0.2114999962 0.195 0.03049999952
v -0.2114999962 0.1967677689 0.029767766
v -0.2114999962 0.1975 0.02799999952
v -0.2195000076 0.1975 0.02799999952
v -0.21 0.1995000076 0.02799999952
v -0.21 0.1986405754 0.02535496712
v -0.21 0.1963905716 0.02372024536
v -0.21 0.1936094284 0.02372024536
v -0.21 0.1913594246 0.02535496712
v -0.21 0.1904999924 0.02799999952
v -0.21 0.1913594246 0.03064503431
v -0.21 0.1936094284 0.03227975368
v -0.21 0.1963905716 0.03227975368
v -0.21 0.1986405754 0.03064503431
v -0.2114999962 0.1995000076 0.02799999952
v -0.2114999962 0.1986405754 0.03064503431
v -0.2114999962 0.1963905716 0.03227975368
v -0.2114999962 0.1936094284 0.03227975368
v -0.2114999962 0.1913594246 0.03064503431
v -0.2114999962 0.1904999924 0.02799999952
v -0.2114999962 0.1913594246 0.02535496712
v -0.2114999962 0.1936094284 0.02372024536
v -0.2114999962 0.1963905716 0.02372024536
v -0.2114999962 0.1986405754 0.02535496712
v -0.2114999962 0.1995000076 0.02799999952
v -0.21 0.1995000076 0.02799999952
v -0.21 0.1941339684 0.02650000095
v -0.21 0.1932679558 0.02799999952
v -0.21 0.1941339684 0.02950000048
v -0.21 0.1958660316 0.02950000048
v -0.21 0.1967320442 0.02799999952
v -0.21 0.1958660316 0.02650000095
v -0.21 0.1995000076 0.02799999952
v -0.21 0.1986405754 0.03064503431
v -0.21 0.1963905716 0.03227975368
v -0.21 0.1936094284 0.03227975368
v -0.21 0.1913594246 0.03064503431
v -0.21 0.1904999924 0.02799999952
v -0.21 0.1913594246 0.02535496712
v -0.21 0.1936094284 0.02372024536
v -0.21 0.1963905716 0.02372024536
v -0.21 0.1986405754 0.02535496712
v -0.2195000076 0.1975 0.02799999952
v -0.2195000076 0.1967677689 0.02623223305
v -0.2195000076 0.195 0.02549999952
v -0.2195000076 0.1932322311 0.02623223305
v -0.2195000076 0.1925 0.02799999952
v -0.2195000076 0.1932322311 0.029767766
v -0.2195000076 0.195 0.03049999952
v -0.2195000076 0.1967677689 0.029767766
v -0.2110000038 0.1941339684 0.02950000048
v -0.2110000038 0.1932679558 0.02799999952
v -0.2110000038 0.1941339684 0.02650000095
v -0.2110000038 0.1958660316 0.02650000095
v -0.2110000038 0.1967320442 0.02799999952
v -0.2110000038 0.1958660316 0.02950000048
v -0.21 0.1941339684 0.02650000095
v -0.21 0.1958660316 0.02650000095
v -0.2110000038 0.1958660316 0.02650000095
v -0.2110000038 0.1941339684 0.02650000095
v -0.21 0.1958660316 0.02950000048
v -0.21 0.1941339684 0.02950000048
v -0.2110000038 0.1941339684 0.02950000048
v -0.2110000038 0.1958660316 0.02950000048
v -0.21 0.1941339684 0.02950000048
v -0.21 0.1932679558 0.02799999952
v -0.2110000038 0.1932679558 0.02799999952
v -0.2110000038 0.1941339684 0.02950000048
v -0.21 0.1932679558 0.02799999952
v -0.21 0.1941339684 0.02650000095
v -0.2110000038 0.1941339684 0.02650000095
v -0.2110000038 0.1932679558 0.02799999952
v -0.21 0.1958660316 0.02650000095
v -0.21 0.1967320442 0.02799999952
v -0.2110000038 0.1967320442 0.02799999952
v -0.2110000038 0.1958660316 0.02650000095
v -0.21 0.1967320442 0.02799999952
v -0.21 0.1958660316 0.02950000048
v -0.2110000038 0.1958660316 0.02950000048
v -0.2110000038 0.1967320442 0.02799999952
v -0.2114999962 0.1995000076 0.02799999952
v -0.2114999962 0.1986405754 0.02535496712
v -0.2114999962 0.1963905716 0.02372024536
v -0.2114999962 0.1936094284 0.02372024536
v -0.2114999962 0.1913594246 0.02535496712
v -0.2114999962 0.1904999924 0.02799999952
v -0.2114999962 0.1913594246 0.03064503431
v -0.2114999962 0.1936094284 0.03227975368
v -0.2114999962 0.1963905716 0.03227975368
v -0.2114999962 0.1986405754 0.03064503431
v -0.2114999962 0.1975 0.02799999952
v -0.2114999962 0.1967677689 0.029767766
v -0.2114999962 0.195 0.03049999952
v -0.2114999962 0.1932322311 0.029767766
v -0.2114999962 0.1925 0.02799999952
v -0.2114999962 0.1932322311 0.02623223305
v -0.2114999962 0.195 0.02549999952
v -0.2114999962 0.1967677689 0.02623223305
v -0.2168000031 0.2 0.03299999952
v -0.2202000046 0.2 0.03150000095
v -0.2202000046 0.19 0.03150000095
v -0.2168000031 0.19 0.03299999952
v -0.2202000046 0.19 0.02450000048
v -0.2168000031 0.19 0.02299999952
v -0.2168000031 0.19 0.03299999952
v -0.2202000046 0.19 0.03150000095
v -0.2168000031 0.2 0.02299999952
v -0.2202000046 0.2 0.02450000048
v -0.2202000046 0.2 0.03150000095
v -0.2168000031 0.2 0.03299999952
v -0.2168000031 0.1975 0.02799999952
v -0.2168000031 0.1967677689 0.02623223305
v -0.2168000031 0.195 0.02549999952
v -0.2168000031 0.1932322311 0.02623223305
v -0.2168000031 0.1925 0.02799999952
v -0.2168000031 0.1932322311 0.029767766
v -0.2168000031 0.195 0.03049999952
v -0.2168000031 0.1967677689 0.029767766
v -0.2168000031 0.2 0.02299999952
v -0.2168000031 0.2 0.03299999952
v -0.2168000031 0.19 0.03299999952
v -0.2168000031 0.19 0.02299999952
v -0.2202000046 0.1975 0.02799999952
v -0.2202000046 0.1967677689 0.029767766
v -0.2202000046 0.195 0.03049999952
v -0.2202000046 0.1932322311 0.029767766
v -0.2202000046 0.1925 0.02799999952
v -0.2202000046 0.1932322311 0.02623223305
v -0.2202000046 0.195 0.02549999952
v -0.2202000046 0.1967677689 0.02623223305
v -0.2202000046 0.2 0.03150000095
v -0.2202000046 0.2 0.02450000048
v -0.2202000046 0.19 0.02450000048
v -0.2202000046 0.19 0.03150000095
v -0.2202000046 0.2 0.02450000048
v -0.2168000031 0.2 0.02299999952
v -0.2168000031 0.19 0.02299999952
v -0.2202000046 0.19 0.02450000048
v -0.2202000046 0.1975 0.02799999952
v -0.2202000046 0.1967677689 0.02623223305
v -0.2202000046 0.195 0.02549999952
v -0.2202000046 0.1932322311 0.02623223305
v -0.2202000046 0.1925 0.02799999952
v -0.2202000046 0.1932322311 0.029767766
v -0.2202000046 0.195 0.03049999952
v -0.2202000046 0.1967677689 0.029767766
v -0.2168000031 0.1975 0.02799999952
v -0.2168000031 0.1967677689 0.029767766
v -0.2168000031 0.195 0.03049999952
v -0.2168000031 0.1932322311 0.029767766
v -0.2168000031 0.1925 0.02799999952
v -0.2168000031 0.1932322311 0.02623223305
v -0.2168000031 0.195 0.02549999952
v -0.2168000031 0.1967677689 0.02623223305
v -0.2202000046 0.1975 0.02799999952
v -0.2168000031 0.1975 0.02799999952
v -0.2195000076 0.09300000191 0.605
v -0.2195000076 0.09226777077 0.6032322311
v -0.2195000076 0.09050000191 0.6025
v -0.2195000076 0.08873223305 0.6032322311
v -0.2195000076 0.08800000191 0.605
v -0.2195000076 0.08873223305 0.6067677689
v -0.2195000076 0.09050000191 0.6075
v -0.2195000076 0.09226777077 0.6067677689
v -0.2114999962 0.095 0.605
v -0.2114999962 0.09414057732 0.6023549652
v -0.2114999962 0.0918905735 0.600720253
v -0.2114999962 0.08910942078 0.600720253
v -0.2114999962 0.0868594265 0.6023549652
v -0.2114999962 0.08600000381 0.605
v -0.2114999962 0.0868594265 0.6076450348
v -0.2114999962 0.08910942078 0.609279747
v -0.2114999962 0.0918905735 0.609279747
v -0.2114999962 0.09414057732 0.6076450348
v -0.2114999962 0.09300000191 0.605
v -0.2114999962 0.09226777077 0.6067677689
v -0.2114999962 0.09050000191 0.6075
v -0.2114999962 0.08873223305 0.6067677689
v -0.2114999962 0.08800000191 0.605
v -0.2114999962 0.08873223305 0.6032322311
v -0.2114999962 0.09050000191 0.6025
v -0.2114999962 0.09226777077 0.6032322311
v -0.2195000076 0.09300000191 0.605
v -0.2195000076 0.09226777077 0.6067677689
v -0.2195000076 0.09050000191 0.6075
v -0.2195000076 0.08873223305 0.6067677689
v -0.2195000076 0.08800000191 0.605
v -0.2195000076 0.08873223305 0.6032322311
v -0.2195000076 0.09050000191 0.6025
v -0.2195000076 0.09226777077 0.6032322311
v -0.2114999962 0.09300000191 0.605
v -0.2114999962 0.09226777077 0.6032322311
v -0.2114999962 0.09050000191 0.6025
v -0.2114999962 0.08873223305 0.6032322311
v -0.2114999962 0.08800000191 0.605
v -0.2114999962 0.08873223305 0.6067677689
v -0.2114999962 0.09050000191 0.6075
v -0.2114999962 0.09226777077 0.6067677689
v -0.2114999962 0.09300000191 0.605
v -0.2195000076 0.09300000191 0.605
v -0.21 0.08963397026 0.6034999847
v -0.21 0.08876794815 0.605
v -0.21 0.08963397026 0.6065000153
v -0.21 0.09136602402 0.6065000153
v -0.21 0.09223204613 0.605
v -0.21 0.09136602402 0.6034999847
v -0.21 0.095 0.605
v -0.21 0.09414057732 0.6076450348
v -0.21 0.0918905735 0.609279747
v -0.21 0.08910942078 0.609279747
v -0.21 0.0868594265 0.6076450348
v -0.21 0.08600000381 0.605
v -0.21 0.0868594265 0.6023549652
v -0.21 0.08910942078 0.600720253
v -0.21 0.0918905735 0.600720253
v -0.21 0.09414057732 0.6023549652
v -0.21 0.095 0.605
v -0.21 0.09414057732 0.6023549652
v -0.21 0.0918905735 0.600720253
v -0.21 0.08910942078 0.600720253
v -0.21 0.0868594265 0.6023549652
v -0.21 0.08600000381 0.605
v -0.21 0.0868594265 0.6076450348
v -0.21 0.08910942078 0.609279747
v -0.21 0.0918905735 0.609279747
v -0.21 0.09414057732 0.6076450348
v -0.2114999962 0.095 0.605
v -0.2114999962 0.09414057732 0.6076450348
v -0.2114999962 0.0918905735 0.609279747
v -0.2114999962 0.08910942078 0.609279747
v -0.2114999962 0.0868594265 0.6076450348
v -0.2114999962 0.08600000381 0.605
v -0.2114999962 0.0868594265 0.6023549652
v -0.2114999962 0.08910942078 0.600720253
v -0.2114999962 0.0918905735 0.600720253
v -0.2114999962 0.09414057732 0.6023549652
v -0.2114999962 0.095 0.605
v -0.21 0.095 0.605
v -0.2110000038 0.08963397026 0.6065000153
v -0.2110000038 0.08876794815 0.605
v -0.2110000038 0.08963397026 0.6034999847
v -0.2110000038 0.09136602402 0.6034999847
v -0.2110000038 0.09223204613 0.605
v -0.2110000038 0.09136602402 0.6065000153
v -0.21 0.08963397026 0.6034999847
v -0.21 0.09136602402 0.6034999847
v -0.2110000038 0.09136602402 0.6034999847
v -0.2110000038 0.08963397026 0.6034999847
v -0.21 0.08963397026 0.6065000153
v -0.21 0.08876794815 0.605
v -0.2110000038 0.08876794815 0.605
v -0.2110000038 0.08963397026 0.6065000153
v -0.21 0.08876794815 0.605
v -0.21 0.08963397026 0.6034999847
v -0.2110000038 0.08963397026 0.6034999847
v -0.2110000038 0.08876794815 0.605
v -0.21 0.09136602402 0.6065000153
v -0.21 0.08963397026 0.6065000153
v -0.2110000038 0.08963397026 0.6065000153
v -0.2110000038 0.09136602402 0.6065000153
v -0.21 0.09136602402 0.6034999847
v -0.21 0.09223204613 0.605
v -0.2110000038 0.09223204613 0.605
v -0.2110000038 0.09136602402 0.6034999847
v -0.21 0.09223204613 0.605
v -0.21 0.09136602402 0.6065000153
v -0.2110000038 0.09136602402 0.6065000153
v -0.2110000038 0.09223204613 0.605
v -0.2202000046 0.08699999809 0.6
v -0.2202000046 0.09399999619 0.6
v -0.2168000031 0.09550000191 0.6
v -0.2168000031 0.08550000191 0.6
v -0.2202000046 0.09300000191 0.605
v -0.2202000046 0.09226777077 0.6067677689
v -0.2202000046 0.09050000191 0.6075
v -0.2202000046 0.08873223305 0.6067677689
v -0.2202000046 0.08800000191 0.605
v -0.2202000046 0.08873223305 0.6032322311
v -0.2202000046 0.09050000191 0.6025
v -0.2202000046 0.09226777077 0.6032322311
v -0.2202000046 0.08699999809 0.61
v -0.2202000046 0.09399999619 0.61
v -0.2202000046 0.09399999619 0.6
v -0.2202000046 0.08699999809 0.6
v -0.2202000046 0.09399999619 0.61
v -0.2168000031 0.09550000191 0.61
v -0.2168000031 0.09550000191 0.6
v -0.2202000046 0.09399999619 0.6
v -0.2168000031 0.09300000191 0.605
v -0.2168000031 0.09226777077 0.6032322311
v -0.2168000031 0.09050000191 0.6025
v -0.2168000031 0.08873223305 0.6032322311
v -0.2168000031 0.08800000191 0.605
v -0.2168000031 0.08873223305 0.6067677689
v -0.2168000031 0.09050000191 0.6075
v -0.2168000031 0.09226777077 0.6067677689
v -0.2168000031 0.09550000191 0.61
v -0.2168000031 0.08550000191 0.61
v -0.2168000031 0.08550000191 0.6
v -0.2168000031 0.09550000191 0.6
v -0.2202000046 0.09399999619 0.61
v -0.2202000046 0.08699999809 0.61
v -0.2168000031 0.08550000191 0.61
v -0.2168000031 0.09550000191 0.61
v -0.2168000031 0.08550000191 0.61
v -0.2202000046 0.08699999809 0.61
v -0.2202000046 0.08699999809 0.6
v -0.2168000031 0.08550000191 0.6
v -0.2202000046 0.09300000191 0.605
v -0.2202000046 0.09226777077 0.6032322311
v -0.2202000046 0.09050000191 0.6025
v -0.2202000046 0.08873223305 0.6032322311
v -0.2202000046 0.08800000191 0.605
v -0.2202000046 0.08873223305 0.6067677689
v -0.2202000046 0.09050000191 0.6075
v -0.2202000046 0.09226777077 0.6067677689
v -0.2168000031 0.09300000191 0.605
v -0.2168000031 0.09226777077 0.6067677689
v -0.2168000031 0.09050000191 0.6075
v -0.2168000031 0.08873223305 0.6067677689
v -0.2168000031 0.08800000191 0.605
v -0.2168000031 0.08873223305 0.6032322311
v -0.2168000031 0.09050000191 0.6025
v -0.2168000031 0.09226777077 0.6032322311
v -0.2202000046 0.09300000191 0.605
v -0.2168000031 0.09300000191 0.605
v -0.2075 0.09050000191 0.6195000076
v -0.2067677689 0.09226777077 0.6195000076
v -0.205 0.09300000191 0.6195000076
v -0.2032322311 0.09226777077 0.6195000076
v -0.2025 0.09050000191 0.6195000076
v -0.2032322311 0.08873223305 0.6195000076
v -0.205 0.08800000191 0.6195000076
v -0.2067677689 0.08873223305 0.6195000076
v -0.2075 0.09050000191 0.6115000153
v -0.2067677689 0.08873223305 0.6115000153
v -0.205 0.08800000191 0.6115000153
v -0.2032322311 0.08873223305 0.6115000153
v -0.2025 0.09050000191 0.6115000153
v -0.2032322311 0.09226777077 0.6115000153
v -0.205 0.09300000191 0.6115000153
v -0.2067677689 0.09226777077 0.6115000153
v -0.2075 0.09050000191 0.6115000153
v -0.2075 0.09050000191 0.6195000076
v -0.2075 0.09050000191 0.6195000076
v -0.2067677689 0.08873223305 0.6195000076
v -0.205 0.08800000191 0.6195000076
v -0.2032322311 0.08873223305 0.6195000076
v -0.2025 0.09050000191 0.6195000076
v -0.2032322311 0.09226777077 0.6195000076
v -0.205 0.09300000191 0.6195000076
v -0.2067677689 0.09226777077 0.6195000076
v -0.2041339684 0.09199999809 0.6109999847
v -0.2032679558 0.09050000191 0.6109999847
v -0.2041339684 0.08899999619 0.6109999847
v -0.2058660316 0.08899999619 0.6109999847
v -0.2067320442 0.09050000191 0.6109999847
v -0.2058660316 0.09199999809 0.6109999847
v -0.2041339684 0.08899999619 0.61
v -0.2058660316 0.08899999619 0.61
v -0.2058660316 0.08899999619 0.6109999847
v -0.2041339684 0.08899999619 0.6109999847
v -0.2058660316 0.08899999619 0.61
v -0.2067320442 0.09050000191 0.61
v -0.2067320442 0.09050000191 0.6109999847
v -0.2058660316 0.08899999619 0.6109999847
v -0.2067320442 0.09050000191 0.61
v -0.2058660316 0.09199999809 0.61
v -0.2058660316 0.09199999809 0.6109999847
v -0.2067320442 0.09050000191 0.6109999847
v -0.2041339684 0.09199999809 0.61
v -0.2032679558 0.09050000191 0.61
v -0.2032679558 0.09050000191 0.6109999847
v -0.2041339684 0.09199999809 0.6109999847
v -0.2058660316 0.09199999809 0.61
v -0.2041339684 0.09199999809 0.61
v -0.2041339684 0.09199999809 0.6109999847
v -0.2058660316 0.09199999809 0.6109999847
v -0.2032679558 0.09050000191 0.61
v -0.2041339684 0.08899999619 0.61
v -0.2041339684 0.08899999619 0.6109999847
v -0.2032679558 0.09050000191 0.6109999847
v -0.2095000076 0.09050000191 0.61
v -0.2086405754 0.08785496712 0.61
v -0.2063905716 0.08622024536 0.61
v -0.2036094284 0.08622024536 0.61
v -0.2013594246 0.08785496712 0.61
v -0.2004999924 0.09050000191 0.61
v -0.2013594246 0.0931450367 0.61
v -0.2036094284 0.09477975845 0.61
v -0.2063905716 0.09477975845 0.61
v -0.2086405754 0.0931450367 0.61
v -0.2095000076 0.09050000191 0.6115000153
v -0.2086405754 0.0931450367 0.6115000153
v -0.2063905716 0.09477975845 0.6115000153
v -0.2036094284 0.09477975845 0.6115000153
v -0.2013594246 0.0931450367 0.6115000153
v -0.2004999924 0.09050000191 0.6115000153
v -0.2013594246 0.08785496712 0.6115000153
v -0.2036094284 0.08622024536 0.6115000153
v -0.2063905716 0.08622024536 0.6115000153
v -0.2086405754 0.08785496712 0.6115000153
v -0.2095000076 0.09050000191 0.6115000153
v -0.2095000076 0.09050000191 0.61
v -0.2095000076 0.09050000191 0.6115000153
v -0.2086405754 0.08785496712 0.6115000153
v -0.2063905716 0.08622024536 0.6115000153
v -0.2036094284 0.08622024536 0.6115000153
v -0.2013594246 0.08785496712 0.6115000153
v -0.2004999924 0.09050000191 0.6115000153
v -0.2013594246 0.0931450367 0.6115000153
v -0.2036094284 0.09477975845 0.6115000153
v -0.2063905716 0.09477975845 0.6115000153
v -0.2086405754 0.0931450367 0.6115000153
v -0.2075 0.09050000191 0.6115000153
v -0.2067677689 0.09226777077 0.6115000153
v -0.205 0.09300000191 0.6115000153
v -0.2032322311 0.09226777077 0.6115000153
v -0.2025 0.09050000191 0.6115000153
v -0.2032322311 0.08873223305 0.6115000153
v -0.205 0.08800000191 0.6115000153
v -0.2067677689 0.08873223305 0.6115000153
v -0.2041339684 0.08899999619 0.61
v -0.2032679558 0.09050000191 0.61
v -0.2041339684 0.09199999809 0.61
v -0.2058660316 0.09199999809 0.61
v -0.2067320442 0.09050000191 0.61
v -0.2058660316 0.08899999619 0.61
v -0.2095000076 0.09050000191 0.61
v -0.2086405754 0.0931450367 0.61
v -0.2063905716 0.09477975845 0.61
v -0.2036094284 0.09477975845 0.61
v -0.2013594246 0.0931450367 0.61
v -0.2004999924 0.09050000191 0.61
v -0.2013594246 0.08785496712 0.61
v -0.2036094284 0.08622024536 0.61
v -0.2063905716 0.08622024536 0.61
v -0.2086405754 0.08785496712 0.61
v -0.21 0.09550000191 0.6168000031
v -0.21 0.09399999619 0.6202000046
v -0.2 0.09399999619 0.6202000046
v -0.2 0.09550000191 0.6168000031
v -0.21 0.08699999809 0.6202000046
v -0.21 0.08550000191 0.6168000031
v -0.2 0.08550000191 0.6168000031
v -0.2 0.08699999809 0.6202000046
v -0.2 0.08699999809 0.6202000046
v -0.2 0.08550000191 0.6168000031
v -0.2 0.09550000191 0.6168000031
v -0.2 0.09399999619 0.6202000046
v -0.2075 0.09050000191 0.6168000031
v -0.2067677689 0.08873223305 0.6168000031
v -0.205 0.08800000191 0.6168000031
v -0.2032322311 0.08873223305 0.6168000031
v -0.2025 0.09050000191 0.6168000031
v -0.2032322311 0.09226777077 0.6168000031
v -0.205 0.09300000191 0.6168000031
v -0.2067677689 0.09226777077 0.6168000031
v -0.21 0.08550000191 0.6168000031
v -0.21 0.09550000191 0.6168000031
v -0.2 0.09550000191 0.6168000031
v -0.2 0.08550000191 0.6168000031
v -0.21 0.08550000191 0.6168000031
v -0.21 0.08699999809 0.6202000046
v -0.21 0.09399999619 0.6202000046
v -0.21 0.09550000191 0.6168000031
v -0.2075 0.09050000191 0.6202000046
v -0.2067677689 0.09226777077 0.6202000046
v -0.205 0.09300000191 0.6202000046
v -0.2032322311 0.09226777077 0.6202000046
v -0.2025 0.09050000191 0.6202000046
v -0.2032322311 0.08873223305 0.6202000046
v -0.205 0.08800000191 0.6202000046
v -0.2067677689 0.08873223305 0.6202000046
v -0.21 0.09399999619 0.6202000046
v -0.21 0.08699999809 0.6202000046
v -0.2 0.08699999809 0.6202000046
v -0.2 0.09399999619 0.6202000046
v -0.2075 0.09050000191 0.6202000046
v -0.2067677689 0.08873223305 0.6202000046
v -0.205 0.08800000191 0.6202000046
v -0.2032322311 0.08873223305 0.6202000046
v -0.2025 0.09050000191 0.6202000046
v -0.2032322311 0.09226777077 0.6202000046
v -0.205 0.09300000191 0.6202000046
v -0.2067677689 0.09226777077 0.6202000046
v -0.2075 0.09050000191 0.6168000031
v -0.2067677689 0.09226777077 0.6168000031
v -0.205 0.09300000191 0.6168000031
v -0.2032322311 0.09226777077 0.6168000031
v -0.2025 0.09050000191 0.6168000031
v -0.2032322311 0.08873223305 0.6168000031
v -0.205 0.08800000191 0.6168000031
v -0.2067677689 0.08873223305 0.6168000031
v -0.2075 0.09050000191 0.6202000046
v -0.2075 0.09050000191 0.6168000031
v 0.21 0.09136602402 0.6065000153
v 0.21 0.09223204613 0.605
v 0.2110000038 0.09223204613 0.605
v 0.2110000038 0.09136602402 0.6065000153
v 0.21 0.09223204613 0.605
v 0.21 0.09136602402 0.6034999847
v 0.2110000038 0.09136602402 0.6034999847
v 0.2110000038 0.09223204613 0.605
v 0.21 0.08963397026 0.6034999847
v 0.21 0.08876794815 0.605
v 0.2110000038 0.08876794815 0.605
v 0.2110000038 0.08963397026 0.6034999847
v 0.2110000038 0.09136602402 0.6065000153
v 0.2110000038 0.09223204613 0.605
v 0.2110000038 0.09136602402 0.6034999847
v 0.2110000038 0.08963397026 0.6034999847
v 0.2110000038 0.08876794815 0.605
v 0.2110000038 0.08963397026 0.6065000153
v 0.21 0.08876794815 0.605
v 0.21 0.08963397026 0.6065000153
v 0.2110000038 0.08963397026 0.6065000153
v 0.2110000038 0.08876794815 0.605
v 0.21 0.08963397026 0.6065000153
v 0.21 0.09136602402 0.6065000153
v 0.2110000038 0.09136602402 0.6065000153
v 0.2110000038 0.08963397026 0.6065000153
v 0.21 0.09136602402 0.6034999847
v 0.21 0.08963397026 0.6034999847
v 0.2110000038 0.08963397026 0.6034999847
v 0.2110000038 0.09136602402 0.6034999847
v 0.2195000076 0.08800000191 0.605
v 0.2195000076 0.08873223305 0.6032322311
v 0.2195000076 0.09050000191 0.6025
v 0.2195000076 0.09226777077 0.6032322311
v 0.2195000076 0.09300000191 0.605
v 0.2195000076 0.09226777077 0.6067677689
v 0.2195000076 0.09050000191 0.6075
v 0.2195000076 0.08873223305 0.6067677689
v 0.2195000076 0.08800000191 0.605
v 0.2195000076 0.08873223305 0.6067677689
v 0.2195000076 0.09050000191 0.6075
v 0.2195000076 0.09226777077 0.6067677689
v 0.2195000076 0.09300000191 0.605
v 0.2195000076 0.09226777077 0.6032322311
v 0.2195000076 0.09050000191 0.6025
v 0.2195000076 0.08873223305 0.6032322311
v 0.2114999962 0.08800000191 0.605
v 0.2114999962 0.08873223305 0.6032322311
v 0.2114999962 0.09050000191 0.6025
v 0.2114999962 0.09226777077 0.6032322311
v 0.2114999962 0.09300000191 0.605
v 0.2114999962 0.09226777077 0.6067677689
v 0.2114999962 0.09050000191 0.6075
v 0.2114999962 0.08873223305 0.6067677689
v 0.2114999962 0.08800000191 0.605
v 0.2195000076 0.08800000191 0.605
v 0.21 0.08600000381 0.605
v 0.21 0.0868594265 0.6023549652
v 0.21 0.08910942078 0.600720253
v 0.21 0.0918905735 0.600720253
v 0.21 0.09414057732 0.6023549652
v 0.21 0.095 0.605
v 0.21 0.09414057732 0.6076450348
v 0.21 0.0918905735 0.609279747
v 0.21 0.08910942078 0.609279747
v 0.21 0.0868594265 0.6076450348
v 0.2114999962 0.08600000381 0.605
v 0.2114999962 0.0868594265 0.6076450348
v 0.2114999962 0.08910942078 0.609279747
v 0.2114999962 0.0918905735 0.609279747
v 0.2114999962 0.09414057732 0.6076450348
v 0.2114999962 0.095 0.605
v 0.2114999962 0.09414057732 0.6023549652
v 0.2114999962 0.0918905735 0.600720253
v 0.2114999962 0.08910942078 0.600720253
v 0.2114999962 0.0868594265 0.6023549652
v 0.2114999962 0.08600000381 0.605
v 0.21 0.08600000381 0.605
v 0.2114999962 0.08600000381 0.605
v 0.2114999962 0.0868594265 0.6023549652
v 0.2114999962 0.08910942078 0.600720253
v 0.2114999962 0.0918905735 0.600720253
v 0.2114999962 0.09414057732 0.6023549652
v 0.2114999962 0.095 0.605
v 0.2114999962 0.09414057732 0.6076450348
v 0.2114999962 0.0918905735 0.609279747
v 0.2114999962 0.08910942078 0.609279747
v 0.2114999962 0.0868594265 0.6076450348
v 0.2114999962 0.08800000191 0.605
v 0.2114999962 0.08873223305 0.6067677689
v 0.2114999962 0.09050000191 0.6075
v 0.2114999962 0.09226777077 0.6067677689
v 0.2114999962 0.09300000191 0.605
v 0.2114999962 0.09226777077 0.6032322311
v 0.2114999962 0.09050000191 0.6025
v 0.2114999962 0.08873223305 0.6032322311
v 0.21 0.09136602402 0.6034999847
v 0.21 0.09223204613 0.605
v 0.21 0.09136602402 0.6065000153
v 0.21 0.08963397026 0.6065000153
v 0.21 0.08876794815 0.605
v 0.21 0.08963397026 0.6034999847
v 0.21 0.08600000381 0.605
v 0.21 0.0868594265 0.6076450348
v 0.21 0.08910942078 0.609279747
v 0.21 0.0918905735 0.609279747
v 0.21 0.09414057732 0.6076450348
v 0.21 0.095 0.605
v 0.21 0.09414057732 0.6023549652
v 0.21 0.0918905735 0.600720253
v 0.21 0.08910942078 0.600720253
v 0.21 0.0868594265 0.6023549652
v 0.2202000046 0.08800000191 0.605
v 0.2202000046 0.08873223305 0.6032322311
v 0.2202000046 0.09050000191 0.6025
v 0.2202000046 0.09226777077 0.6032322311
v 0.2202000046 0.09300000191 0.605
v 0.2202000046 0.09226777077 0.6067677689
v 0.2202000046 0.09050000191 0.6075
v 0.2202000046 0.08873223305 0.6067677689
v 0.2168000031 0.08800000191 0.605
v 0.2168000031 0.08873223305 0.6067677689
v 0.2168000031 0.09050000191 0.6075
v 0.2168000031 0.09226777077 0.6067677689
v 0.2168000031 0.09300000191 0.605
v 0.2168000031 0.09226777077 0.6032322311
v 0.2168000031 0.09050000191 0.6025
v 0.2168000031 0.08873223305 0.6032322311
v 0.2202000046 0.08800000191 0.605
v 0.2168000031 0.08800000191 0.605
v 0.2168000031 0.08800000191 0.605
v 0.2168000031 0.08873223305 0.6032322311
v 0.2168000031 0.09050000191 0.6025
v 0.2168000031 0.09226777077 0.6032322311
v 0.2168000031 0.09300000191 0.605
v 0.2168000031 0.09226777077 0.6067677689
v 0.2168000031 0.09050000191 0.6075
v 0.2168000031 0.08873223305 0.6067677689
v 0.2168000031 0.08550000191 0.61
v 0.2168000031 0.09550000191 0.61
v 0.2168000031 0.09550000191 0.6
v 0.2168000031 0.08550000191 0.6
v 0.2168000031 0.09550000191 0.61
v 0.2202000046 0.09399999619 0.61
v 0.2202000046 0.09399999619 0.6
v 0.2168000031 0.09550000191 0.6
v 0.2202000046 0.09399999619 0.6
v 0.2202000046 0.08699999809 0.6
v 0.2168000031 0.08550000191 0.6
v 0.2168000031 0.09550000191 0.6
v 0.2202000046 0.08699999809 0.61
v 0.2202000046 0.09399999619 0.61
v 0.2168000031 0.09550000191 0.61
v 0.2168000031 0.08550000191 0.61
v 0.2202000046 0.08699999809 0.61
v 0.2168000031 0.08550000191 0.61
v 0.2168000031 0.08550000191 0.6
v 0.2202000046 0.08699999809 0.6
v 0.2202000046 0.08800000191 0.605
v 0.2202000046 0.08873223305 0.6067677689
v 0.2202000046 0.09050000191 0.6075
v 0.2202000046 0.09226777077 0.6067677689
v 0.2202000046 0.09300000191 0.605
v 0.2202000046 0.09226777077 0.6032322311
v 0.2202000046 0.09050000191 0.6025
v 0.2202000046 0.08873223305 0.6032322311
v 0.2202000046 0.09399999619 0.61
v 0.2202000046 0.08699999809 0.61
v 0.2202000046 0.08699999809 0.6
v 0.2202000046 0.09399999619 0.6
v 0.2058660316 0.08899999619 0.61
v 0.2041339684 0.08899999619 0.61
v 0.2041339684 0.08899999619 0.6109999847
v 0.2058660316 0.08899999619 0.6109999847
v 0.2041339684 0.09199999809 0.61
v 0.2058660316 0.09199999809 0.61
v 0.2058660316 0.09199999809 0.6109999847
v 0.2041339684 0.09199999809 0.6109999847
v 0.2067320442 0.09050000191 0.61
v 0.2058660316 0.08899999619 0.61
v 0.2058660316 0.08899999619 0.6109999847
v 0.2067320442 0.09050000191 0.6109999847
v 0.2058660316 0.09199999809 0.61
v 0.2067320442 0.09050000191 0.61
v 0.2067320442 0.09050000191 0.6109999847
v 0.2058660316 0.09199999809 0.6109999847
v 0.2041339684 0.08899999619 0.61
v 0.2032679558 0.09050000191 0.61
v 0.2032679558 0.09050000191 0.6109999847
v 0.2041339684 0.08899999619 0.6109999847
v 0.2032679558 0.09050000191 0.61
v 0.2041339684 0.09199999809 0.61
v 0.2041339684 0.09199999809 0.6109999847
v 0.2032679558 0.09050000191 0.6109999847
v 0.2041339684 0.08899999619 0.6109999847
v 0.2032679558 0.09050000191 0.6109999847
v 0.2041339684 0.09199999809 0.6109999847
v 0.2058660316 0.09199999809 0.6109999847
v 0.2067320442 0.09050000191 0.6109999847
v 0.2058660316 0.08899999619 0.6109999847
v 0.2095000076 0.09050000191 0.6115000153
v 0.2086405754 0.0931450367 0.6115000153
v 0.2063905716 0.09477975845 0.6115000153
v 0.2036094284 0.09477975845 0.6115000153
v 0.2013594246 0.0931450367 0.6115000153
v 0.2004999924 0.09050000191 0.6115000153
v 0.2013594246 0.08785496712 0.6115000153
v 0.2036094284 0.08622024536 0.6115000153
v 0.2063905716 0.08622024536 0.6115000153
v 0.2086405754 0.08785496712 0.6115000153
v 0.2075 0.09050000191 0.6115000153
v 0.2067677689 0.08873223305 0.6115000153
v 0.205 0.08800000191 0.6115000153
v 0.2032322311 0.08873223305 0.6115000153
v 0.2025 0.09050000191 0.6115000153
v 0.2032322311 0.09226777077 0.6115000153
v 0.205 0.09300000191 0.6115000153
v 0.2067677689 0.09226777077 0.6115000153
v 0.2075 0.09050000191 0.6195000076
v 0.2067677689 0.08873223305 0.6195000076
v 0.205 0.08800000191 0.6195000076
v 0.2032322311 0.08873223305 0.6195000076
v 0.2025 0.09050000191 0.6195000076
v 0.2032322311 0.09226777077 0.6195000076
v 0.205 0.09300000191 0.6195000076
v 0.2067677689 0.09226777077 0.6195000076
v 0.2075 0.09050000191 0.6115000153
v 0.2067677689 0.09226777077 0.6115000153
v 0.205 0.09300000191 0.6115000153
v 0.2032322311 0.09226777077 0.6115000153
v 0.2025 0.09050000191 0.6115000153
v 0.2032322311 0.08873223305 0.6115000153
v 0.205 0.08800000191 0.6115000153
v 0.2067677689 0.08873223305 0.6115000153
v 0.2075 0.09050000191 0.6115000153
v 0.2075 0.09050000191 0.6195000076
v 0.2075 0.09050000191 0.6195000076
v 0.2067677689 0.09226777077 0.6195000076
v 0.205 0.09300000191 0.6195000076
v 0.2032322311 0.09226777077 0.6195000076
v 0.2025 0.09050000191 0.6195000076
v 0.2032322311 0.08873223305 0.6195000076
v 0.205 0.08800000191 0.6195000076
v 0.2067677689 0.08873223305 0.6195000076
v 0.2095000076 0.09050000191 0.61
v 0.2086405754 0.0931450367 0.61
v 0.2063905716 0.09477975845 0.61
v 0.2036094284 0.09477975845 0.61
v 0.2013594246 0.0931450367 0.61
v 0.2004999924 0.09050000191 0.61
v 0.2013594246 0.08785496712 0.61
v 0.2036094284 0.08622024536 0.61
v 0.2063905716 0.08622024536 0.61
v 0.2086405754 0.08785496712 0.61
v 0.2095000076 0.09050000191 0.6115000153
v 0.2086405754 0.08785496712 0.6115000153
v 0.2063905716 0.08622024536 0.6115000153
v 0.2036094284 0.08622024536 0.6115000153
v 0.2013594246 0.08785496712 0.6115000153
v 0.2004999924 0.09050000191 0.6115000153
v 0.2013594246 0.0931450367 0.6115000153
v 0.2036094284 0.09477975845 0.6115000153
v 0.2063905716 0.09477975845 0.6115000153
v 0.2086405754 0.0931450367 0.6115000153
v 0.2095000076 0.09050000191 0.6115000153
v 0.2095000076 0.09050000191 0.61
v 0.2041339684 0.09199999809 0.61
v 0.2032679558 0.09050000191 0.61
v 0.2041339684 0.08899999619 0.61
v 0.2058660316 0.08899999619 0.61
v 0.2067320442 0.09050000191 0.61
v 0.2058660316 0.09199999809 0.61
v 0.2095000076 0.09050000191 0.61
v 0.2086405754 0.08785496712 0.61
v 0.2063905716 0.08622024536 0.61
v 0.2036094284 0.08622024536 0.61
v 0.2013594246 0.08785496712 0.61
v 0.2004999924 0.09050000191 0.61
v 0.2013594246 0.0931450367 0.61
v 0.2036094284 0.09477975845 0.61
v 0.2063905716 0.09477975845 0.61
v 0.2086405754 0.0931450367 0.61
v 0.2 0.09399999619 0.6202000046
v 0.2 0.09550000191 0.6168000031
v 0.2 0.08550000191 0.6168000031
v 0.2 0.08699999809 0.6202000046
v 0.21 0.09550000191 0.6168000031
v 0.21 0.09399999619 0.6202000046
v 0.21 0.08699999809 0.6202000046
v 0.21 0.08550000191 0.6168000031
v 0.21 0.09399999619 0.6202000046
v 0.21 0.09550000191 0.6168000031
v 0.2 0.09550000191 0.6168000031
v 0.2 0.09399999619 0.6202000046
v 0.2075 0.09050000191 0.6168000031
v 0.2067677689 0.09226777077 0.6168000031
v 0.205 0.09300000191 0.6168000031
v 0.2032322311 0.09226777077 0.6168000031
v 0.2025 0.09050000191 0.6168000031
v 0.2032322311 0.08873223305 0.6168000031
v 0.205 0.08800000191 0.6168000031
v 0.2067677689 0.08873223305 0.6168000031
v 0.21 0.09550000191 0.6168000031
v 0.21 0.08550000191 0.6168000031
v 0.2 0.08550000191 0.6168000031
v 0.2 0.09550000191 0.6168000031
v 0.2075 0.09050000191 0.6202000046
v 0.2067677689 0.08873223305 0.6202000046
v 0.205 0.08800000191 0.6202000046
v 0.2032322311 0.08873223305 0.6202000046
v 0.2025 0.09050000191 0.6202000046
v 0.2032322311 0.09226777077 0.6202000046
v 0.205 0.09300000191 0.6202000046
v 0.2067677689 0.09226777077 0.6202000046
v 0.21 0.08699999809 0.6202000046
v 0.21 0.09399999619 0.6202000046
v 0.2 0.09399999619 0.6202000046
v 0.2 0.08699999809 0.6202000046
v 0.21 0.08550000191 0.6168000031
v 0.21 0.08699999809 0.6202000046
v 0.2 0.08699999809 0.6202000046
v 0.2 0.08550000191 0.6168000031
v 0.2075 0.09050000191 0.6202000046
v 0.2067677689 0.09226777077 0.6202000046
v 0.205 0.09300000191 0.6202000046
v 0.2032322311 0.09226777077 0.6202000046
v 0.2025 0.09050000191 0.6202000046
v 0.2032322311 0.08873223305 0.6202000046
v 0.205 0.08800000191 0.6202000046
v 0.2067677689 0.08873223305 0.6202000046
v 0.2075 0.09050000191 0.6168000031
v 0.2067677689 0.08873223305 0.6168000031
v 0.205 0.08800000191 0.6168000031
v 0.2032322311 0.08873223305 0.6168000031
v 0.2025 0.09050000191 0.6168000031
v 0.2032322311 0.09226777077 0.6168000031
v 0.205 0.09300000191 0.6168000031
v 0.2067677689 0.09226777077 0.6168000031
v 0.2075 0.09050000191 0.6202000046
v 0.2075 0.09050000191 0.6168000031
f 2 16 1
f 1 16 18
f 17 9 8
f 8 9 10
f 8 10 7
f 7 10 11
f 7 11 6
f 6 11 12
f 6 12 5
f 5 12 13
f 5 13 4
f 4 13 14
f 4 14 3
f 3 14 15
f 3 15 2
f 2 15 16
f 20 38 19
f 19 38 39
f 40 29 28
f 28 29 30
f 28 30 27
f 27 30 31
f 27 31 26
f 26 31 32
f 26 32 25
f 25 32 33
f 25 33 24
f 24 33 34
f 24 34 23
f 23 34 35
f 23 35 22
f 22 35 36
f 22 36 21
f 21 36 37
f 21 37 20
f 20 37 38
f 42 58 41
f 41 58 49
f 41 49 50
f 58 42 57
f 57 42 43
f 57 43 56
f 56 43 44
f 56 44 55
f 55 44 45
f 55 45 54
f 54 45 53
f 53 45 46
f 53 46 52
f 52 46 47
f 52 47 51
f 51 47 48
f 51 48 50
f 50 48 41
f 60 76 59
f 59 76 67
f 59 67 68
f 76 60 75
f 75 60 61
f 75 61 74
f 74 61 62
f 74 62 73
f 73 62 63
f 73 63 72
f 72 63 71
f 71 63 64
f 71 64 70
f 70 64 65
f 70 65 69
f 69 65 66
f 69 66 68
f 68 66 59
f 78 80 77
f 77 80 81
f 77 81 84
f 84 81 82
f 84 82 83
f 78 79 80
f 94 85 95
f 95 85 86
f 95 86 102
f 102 86 87
f 102 87 101
f 101 87 88
f 101 88 100
f 100 88 89
f 100 89 99
f 99 89 90
f 99 90 91
f 99 91 98
f 98 91 92
f 98 92 97
f 97 92 93
f 97 93 96
f 96 93 94
f 96 94 95
f 104 122 103
f 103 122 123
f 124 113 112
f 112 113 114
f 112 114 111
f 111 114 115
f 111 115 110
f 110 115 116
f 110 116 109
f 109 116 117
f 109 117 108
f 108 117 118
f 108 118 107
f 107 118 119
f 107 119 106
f 106 119 120
f 106 120 105
f 105 120 121
f 105 121 104
f 104 121 122
f 126 129 125
f 125 129 130
f 125 130 134
f 134 130 131
f 134 131 133
f 133 131 132
f 127 128 126
f 126 128 129
f 136 150 135
f 135 150 151
f 152 143 142
f 142 143 144
f 142 144 145
f 136 137 150
f 150 137 149
f 149 137 138
f 149 138 148
f 148 138 139
f 148 139 147
f 147 139 140
f 147 140 146
f 146 140 141
f 146 141 145
f 145 141 142
f 154 168 153
f 153 168 170
f 169 161 160
f 160 161 162
f 160 162 163
f 154 155 168
f 168 155 167
f 167 155 156
f 167 156 166
f 166 156 157
f 166 157 165
f 165 157 158
f 165 158 164
f 164 158 159
f 164 159 163
f 163 159 160
f 171 172 174
f 174 172 173
f 176 177 175
f 175 177 178
f 180 188 179
f 179 188 189
f 179 189 186
f 186 189 185
f 185 189 190
f 185 190 184
f 184 190 183
f 183 190 187
f 183 187 182
f 182 187 181
f 181 187 188
f 181 188 180
f 191 192 194
f 194 192 193
f 196 197 195
f 195 197 198
f 200 210 199
f 199 210 207
f 199 207 206
f 206 207 205
f 205 207 208
f 205 208 204
f 204 208 203
f 203 208 209
f 203 209 202
f 202 209 201
f 201 209 210
f 201 210 200
f 212 213 211
f 211 213 214
f 216 226 215
f 215 226 223
f 215 223 222
f 222 223 221
f 221 223 224
f 221 224 220
f 220 224 219
f 219 224 225
f 219 225 218
f 218 225 217
f 217 225 226
f 217 226 216
f 227 228 230
f 230 228 229
f 231 232 234
f 234 232 233
f 236 237 235
f 235 237 238
f 240 248 239
f 239 248 249
f 239 249 246
f 246 249 245
f 245 249 250
f 245 250 244
f 244 250 243
f 243 250 247
f 243 247 242
f 242 247 241
f 241 247 248
f 241 248 240
f 252 266 251
f 251 266 268
f 267 259 258
f 258 259 260
f 258 260 261
f 252 253 266
f 266 253 265
f 265 253 254
f 265 254 264
f 264 254 255
f 264 255 263
f 263 255 256
f 263 256 262
f 262 256 257
f 262 257 261
f 261 257 258
f 270 288 269
f 269 288 289
f 290 279 278
f 278 279 280
f 278 280 277
f 277 280 281
f 277 281 276
f 276 281 282
f 276 282 275
f 275 282 283
f 275 283 274
f 274 283 284
f 274 284 273
f 273 284 285
f 273 285 272
f 272 285 286
f 272 286 271
f 271 286 287
f 271 287 270
f 270 287 288
f 292 308 291
f 291 308 299
f 291 299 300
f 308 292 307
f 307 292 293
f 307 293 306
f 306 293 294
f 306 294 305
f 305 294 295
f 305 295 304
f 304 295 303
f 303 295 296
f 303 296 302
f 302 296 297
f 302 297 301
f 301 297 298
f 301 298 300
f 300 298 291
f 310 324 309
f 309 324 326
f 325 317 316
f 316 317 318
f 316 318 315
f 315 318 319
f 315 319 314
f 314 319 320
f 314 320 313
f 313 320 321
f 313 321 312
f 312 321 322
f 312 322 311
f 311 322 323
f 311 323 310
f 310 323 324
f 328 344 327
f 327 344 335
f 327 335 336
f 344 328 343
f 343 328 329
f 343 329 342
f 342 329 330
f 342 330 341
f 341 330 331
f 341 331 340
f 340 331 339
f 339 331 332
f 339 332 338
f 338 332 333
f 338 333 337
f 337 333 334
f 337 334 336
f 336 334 327
f 346 360 345
f 345 360 361
f 362 353 352
f 352 353 354
f 352 354 355
f 346 347 360
f 360 347 359
f 359 347 348
f 359 348 358
f 358 348 349
f 358 349 357
f 357 349 350
f 357 350 356
f 356 350 351
f 356 351 355
f 355 351 352
f 364 367 363
f 363 367 368
f 363 368 372
f 372 368 369
f 372 369 371
f 371 369 370
f 365 366 364
f 364 366 367
f 374 392 373
f 373 392 393
f 394 383 382
f 382 383 384
f 382 384 381
f 381 384 385
f 381 385 380
f 380 385 386
f 380 386 379
f 379 386 387
f 379 387 378
f 378 387 388
f 378 388 377
f 377 388 389
f 377 389 376
f 376 389 390
f 376 390 375
f 375 390 391
f 375 391 374
f 374 391 392
f 404 395 405
f 405 395 396
f 405 396 412
f 412 396 397
f 412 397 411
f 411 397 398
f 411 398 410
f 410 398 399
f 410 399 409
f 409 399 400
f 409 400 401
f 409 401 408
f 408 401 402
f 408 402 407
f 407 402 403
f 407 403 406
f 406 403 404
f 406 404 405
f 414 416 413
f 413 416 417
f 413 417 420
f 420 417 418
f 420 418 419
f 414 415 416
f 421 422 424
f 424 422 423
f 426 427 425
f 425 427 428
f 430 440 429
f 429 440 437
f 429 437 436
f 436 437 435
f 435 437 438
f 435 438 434
f 434 438 433
f 433 438 439
f 433 439 432
f 432 439 431
f 431 439 440
f 431 440 430
f 441 442 444
f 444 442 443
f 446 447 445
f 445 447 448
f 450 458 449
f 449 458 459
f 449 459 456
f 456 459 455
f 455 459 460
f 455 460 454
f 454 460 453
f 453 460 457
f 453 457 452
f 452 457 451
f 451 457 458
f 451 458 450
f 462 476 461
f 461 476 478
f 477 469 468
f 468 469 470
f 468 470 471
f 462 463 476
f 476 463 475
f 475 463 464
f 475 464 474
f 474 464 465
f 474 465 473
f 473 465 466
f 473 466 472
f 472 466 467
f 472 467 471
f 471 467 468
f 479 480 482
f 482 480 481
f 483 484 486
f 486 484 485
f 488 496 487
f 487 496 497
f 487 497 494
f 494 497 493
f 493 497 498
f 493 498 492
f 492 498 491
f 491 498 495
f 491 495 490
f 490 495 489
f 489 495 496
f 489 496 488
f 500 510 499
f 499 510 507
f 499 507 506
f 506 507 505
f 505 507 508
f 505 508 504
f 504 508 503
f 503 508 509
f 503 509 502
f 502 509 501
f 501 509 510
f 501 510 500
f 512 513 511
f 511 513 514
f 516 517 515
f 515 517 518
f 520 534 519
f 519 534 536
f 535 527 526
f 526 527 528
f 526 528 529
f 520 521 534
f 534 521 533
f 533 521 522
f 533 522 532
f 532 522 523
f 532 523 531
f 531 523 524
f 531 524 530
f 530 524 525
f 530 525 529
f 529 525 526
f 538 552 537
f 537 552 553
f 554 545 544
f 544 545 546
f 544 546 547
f 538 539 552
f 552 539 551
f 551 539 540
f 551 540 550
f 550 540 541
f 550 541 549
f 549 541 542
f 549 542 548
f 548 542 543
f 548 543 547
f 547 543 544
f 564 555 565
f 565 555 556
f 565 556 572
f 572 556 557
f 572 557 571
f 571 557 558
f 571 558 570
f 570 558 559
f 570 559 569
f 569 559 560
f 569 560 561
f 569 561 568
f 568 561 562
f 568 562 567
f 567 562 563
f 567 563 566
f 566 563 564
f 566 564 565
f 574 576 573
f 573 576 577
f 573 577 580
f 580 577 578
f 580 578 579
f 574 575 576
f 582 593 581
f 581 593 594
f 581 594 595
f 583 591 582
f 582 591 592
f 582 592 593
f 591 583 590
f 590 583 584
f 590 584 589
f 589 584 588
f 588 584 585
f 588 585 587
f 587 585 596
f 596 585 586
f 596 586 595
f 595 586 581
f 598 616 597
f 597 616 617
f 618 607 606
f 606 607 608
f 606 608 605
f 605 608 609
f 605 609 604
f 604 609 610
f 604 610 603
f 603 610 611
f 603 611 602
f 602 611 612
f 602 612 601
f 601 612 613
f 601 613 600
f 600 613 614
f 600 614 599
f 599 614 615
f 599 615 598
f 598 615 616
f 619 620 622
f 622 620 621
f 623 624 626
f 626 624 625
f 627 628 630
f 630 628 629
f 631 632 634
f 634 632 633
f 635 636 638
f 638 636 637
f 639 640 642
f 642 640 641
f 648 643 647
f 647 643 644
f 647 644 646
f 646 644 645
f 649 650 652
f 652 650 651
f 654 662 653
f 653 662 663
f 653 663 660
f 660 663 659
f 659 663 664
f 659 664 658
f 658 664 657
f 657 664 661
f 657 661 656
f 656 661 655
f 655 661 662
f 655 662 654
f 666 676 665
f 665 676 673
f 665 673 672
f 672 673 671
f 671 673 674
f 671 674 670
f 670 674 669
f 669 674 675
f 669 675 668
f 668 675 667
f 667 675 676
f 667 676 666
f 677 678 680
f 680 678 679
f 681 682 684
f 684 682 683
f 685 686 688
f 688 686 687
f 690 704 689
f 689 704 706
f 705 697 696
f 696 697 698
f 696 698 699
f 690 691 704
f 704 691 703
f 703 691 692
f 703 692 702
f 702 692 693
f 702 693 701
f 701 693 694
f 701 694 700
f 700 694 695
f 700 695 699
f 699 695 696
f 708 710 707
f 707 710 711
f 707 711 714
f 714 711 712
f 714 712 713
f 708 709 710
f 716 730 715
f 715 730 731
f 732 723 722
f 722 723 724
f 722 724 725
f 716 717 730
f 730 717 729
f 729 717 718
f 729 718 728
f 728 718 719
f 728 719 727
f 727 719 720
f 727 720 726
f 726 720 721
f 726 721 725
f 725 721 722
f 742 733 743
f 743 733 734
f 743 734 750
f 750 734 735
f 750 735 749
f 749 735 736
f 749 736 748
f 748 736 737
f 748 737 747
f 747 737 738
f 747 738 739
f 747 739 746
f 746 739 740
f 746 740 745
f 745 740 741
f 745 741 744
f 744 741 742
f 744 742 743
f 752 763 751
f 751 763 764
f 751 764 765
f 753 761 752
f 752 761 762
f 752 762 763
f 761 753 760
f 760 753 754
f 760 754 759
f 759 754 758
f 758 754 755
f 758 755 757
f 757 755 766
f 766 755 756
f 766 756 765
f 765 756 751
f 768 786 767
f 767 786 787
f 788 777 776
f 776 777 778
f 776 778 775
f 775 778 779
f 775 779 774
f 774 779 780
f 774 780 773
f 773 780 781
f 773 781 772
f 772 781 782
f 772 782 771
f 771 782 783
f 771 783 770
f 770 783 784
f 770 784 769
f 769 784 785
f 769 785 768
f 768 785 786
f 789 790 792
f 792 790 791
f 793 794 796
f 796 794 795
f 797 798 800
f 800 798 799
f 801 802 804
f 804 802 803
f 805 806 808
f 808 806 807
f 809 810 814
f 814 810 813
f 813 810 811
f 813 811 812
f 815 816 818
f 818 816 817
f 820 821 819
f 819 821 822
f 823 824 826
f 826 824 825
f 827 828 830
f 830 828 829
f 832 839 831
f 831 839 840
f 831 840 838
f 838 840 837
f 837 840 841
f 837 841 836
f 836 841 835
f 835 841 842
f 835 842 834
f 834 842 833
f 833 842 839
f 833 839 832
f 844 845 843
f 843 845 846
f 848 855 847
f 847 855 856
f 847 856 854
f 854 856 853
f 853 856 857
f 853 857 852
f 852 857 851
f 851 857 858
f 851 858 850
f 850 858 849
f 849 858 855
f 849 855 848
f 860 874 859
f 859 874 876
f 875 867 866
f 866 867 868
f 866 868 869
f 860 861 874
f 874 861 873
f 873 861 862
f 873 862 872
f 872 862 863
f 872 863 871
f 871 863 864
f 871 864 870
f 870 864 865
f 870 865 869
f 869 865 866
f 882 877 881
f 881 877 878
f 881 878 880
f 880 878 879
f 883 884 886
f 886 884 885
f 887 888 890
f 890 888 889
f 891 892 894
f 894 892 893
f 895 896 898
f 898 896 897
f 899 900 902
f 902 900 901
f 904 915 903
f 903 915 916
f 903 916 917
f 905 913 904
f 904 913 914
f 904 914 915
f 913 905 912
f 912 905 906
f 912 906 911
f 911 906 910
f 910 906 907
f 910 907 909
f 909 907 918
f 918 907 908
f 918 908 917
f 917 908 903
f 920 922 919
f 919 922 923
f 919 923 926
f 926 923 924
f 926 924 925
f 920 921 922
f 928 942 927
f 927 942 943
f 944 935 934
f 934 935 936
f 934 936 937
f 928 929 942
f 942 929 941
f 941 929 930
f 941 930 940
f 940 930 931
f 940 931 939
f 939 931 932
f 939 932 938
f 938 932 933
f 938 933 937
f 937 933 934
f 954 945 955
f 955 945 946
f 955 946 962
f 962 946 947
f 962 947 961
f 961 947 948
f 961 948 960
f 960 948 949
f 960 949 959
f 959 949 950
f 959 950 951
f 959 951 958
f 958 951 952
f 958 952 957
f 957 952 953
f 957 953 956
f 956 953 954
f 956 954 955
f 964 982 963
f 963 982 983
f 984 973 972
f 972 973 974
f 972 974 971
f 971 974 975
f 971 975 970
f 970 975 976
f 970 976 969
f 969 976 977
f 969 977 968
f 968 977 978
f 968 978 967
f 967 978 979
f 967 979 966
f 966 979 980
f 966 980 965
f 965 980 981
f 965 981 964
f 964 981 982
f 985 986 988
f 988 986 987
f 989 990 992
f 992 990 991
f 994 1002 993
f 993 1002 1003
f 993 1003 1000
f 1000 1003 999
f 999 1003 1004
f 999 1004 998
f 998 1004 997
f 997 1004 1001
f 997 1001 996
f 996 1001 995
f 995 1001 1002
f 995 1002 994
f 1005 1006 1008
f 1008 1006 1007
f 1010 1020 1009
f 1009 1020 1017
f 1009 1017 1016
f 1016 1017 1015
f 1015 1017 1018
f 1015 1018 1014
f 1014 1018 1013
f 1013 1018 1019
f 1013 1019 1012
f 1012 1019 1011
f 1011 1019 1020
f 1011 1020 1010
f 1021 1022 1024
f 1024 1022 1023
f 1025 1026 1028
f 1028 1026 1027
f 1030 1044 1029
f 1029 1044 1046
f 1045 1037 1036
f 1036 1037 1038
f 1036 1038 1039
f 1030 1031 1044
f 1044 1031 1043
f 1043 1031 1032
f 1043 1032 1042
f 1042 1032 1033
f 1042 1033 1041
f 1041 1033 1034
f 1041 1034 1040
f 1040 1034 1035
f 1040 1035 1039
f 1039 1035 1036
f 1048 1059 1047
f 1047 1059 1060
f 1047 1060 1061
f 1049 1057 1048
f 1048 1057 1058
f 1048 1058 1059
f 1057 1049 1056
f 1056 1049 1050
f 1056 1050 1055
f 1055 1050 1054
f 1054 1050 1051
f 1054 1051 1053
f 1053 1051 1062
f 1062 1051 1052
f 1062 1052 1061
f 1061 1052 1047
f 1064 1082 1063
f 1063 1082 1083
f 1084 1073 1072
f 1072 1073 1074
f 1072 1074 1071
f 1071 1074 1075
f 1071 1075 1070
f 1070 1075 1076
f 1070 1076 1069
f 1069 1076 1077
f 1069 1077 1068
f 1068 1077 1078
f 1068 1078 1067
f 1067 1078 1079
f 1067 1079 1066
f 1066 1079 1080
f 1066 1080 1065
f 1065 1080 1081
f 1065 1081 1064
f 1064 1081 1082
f 1085 1086 1088
f 1088 1086 1087
f 1089 1090 1092
f 1092 1090 1091
f 1093 1094 1098
f 1098 1094 1097
f 1097 1094 1095
f 1097 1095 1096
f 1099 1100 1102
f 1102 1100 1101
f 1103 1104 1106
f 1106 1104 1105
f 1107 1108 1110
f 1110 1108 1109
f 1111 1112 1114
f 1114 1112 1113
f 1116 1118 1115
f 1115 1118 1119
f 1115 1119 1122
f 1122 1119 1120
f 1122 1120 1121
f 1116 1117 1118
f 1124 1138 1123
f 1123 1138 1139
f 1140 1131 1130
f 1130 1131 1132
f 1130 1132 1133
f 1124 1125 1138
f 1138 1125 1137
f 1137 1125 1126
f 1137 1126 1136
f 1136 1126 1127
f 1136 1127 1135
f 1135 1127 1128
f 1135 1128 1134
f 1134 1128 1129
f 1134 1129 1133
f 1133 1129 1130
f 1150 1141 1151
f 1151 1141 1142
f 1151 1142 1158
f 1158 1142 1143
f 1158 1143 1157
f 1157 1143 1144
f 1157 1144 1156
f 1156 1144 1145
f 1156 1145 1155
f 1155 1145 1146
f 1155 1146 1147
f 1155 1147 1154
f 1154 1147 1148
f 1154 1148 1153
f 1153 1148 1149
f 1153 1149 1152
f 1152 1149 1150
f 1152 1150 1151
f 1159 1160 1162
f 1162 1160 1161
f 1163 1164 1166
f 1166 1164 1165
f 1168 1169 1167
f 1167 1169 1170
f 1172 1179 1171
f 1171 1179 1180
f 1171 1180 1178
f 1178 1180 1177
f 1177 1180 1181
f 1177 1181 1176
f 1176 1181 1175
f 1175 1181 1182
f 1175 1182 1174
f 1174 1182 1173
f 1173 1182 1179
f 1173 1179 1172
f 1184 1185 1183
f 1183 1185 1186
f 1188 1195 1187
f 1187 1195 1196
f 1187 1196 1194
f 1194 1196 1193
f 1193 1196 1197
f 1193 1197 1192
f 1192 1197 1191
f 1191 1197 1198
f 1191 1198 1190
f 1190 1198 1189
f 1189 1198 1195
f 1189 1195 1188
f 1200 1214 1199
f 1199 1214 1216
f 1215 1207 1206
f 1206 1207 1208
f 1206 1208 1209
f 1200 1201 1214
f 1214 1201 1213
f 1213 1201 1202
f 1213 1202 1212
f 1212 1202 1203
f 1212 1203 1211
f 1211 1203 1204
f 1211 1204 1210
f 1210 1204 1205
f 1210 1205 1209
f 1209 1205 1206
f 1222 1217 1221
f 1221 1217 1218
f 1221 1218 1220
f 1220 1218 1219
f 1223 1224 1226
f 1226 1224 1225
f 1227 1228 1230
f 1230 1228 1229
f 1231 1232 1234
f 1234 1232 1233
f 1235 1236 1238
f 1238 1236 1237
f 1239 1240 1242
f 1242 1240 1241
f 1243 1244 1246
f 1246 1244 1245
f 1248 1262 1247
f 1247 1262 1263
f 1264 1255 1254
f 1254 1255 1256
f 1254 1256 1257
f 1248 1249 1262
f 1262 1249 1261
f 1261 1249 1250
f 1261 1250 1260
f 1260 1250 1251
f 1260 1251 1259
f 1259 1251 1252
f 1259 1252 1258
f 1258 1252 1253
f 1258 1253 1257
f 1257 1253 1254
f 1266 1268 1265
f 1265 1268 1269
f 1265 1269 1272
f 1272 1269 1270
f 1272 1270 1271
f 1266 1267 1268
f 1274 1285 1273
f 1273 1285 1286
f 1273 1286 1287
f 1275 1283 1274
f 1274 1283 1284
f 1274 1284 1285
f 1283 1275 1282
f 1282 1275 1276
f 1282 1276 1281
f 1281 1276 1280
f 1280 1276 1277
f 1280 1277 1279
f 1279 1277 1288
f 1288 1277 1278
f 1288 1278 1287
f 1287 1278 1273
f 1290 1308 1289
f 1289 1308 1309
f 1310 1299 1298
f 1298 1299 1300
f 1298 1300 1297
f 1297 1300 1301
f 1297 1301 1296
f 1296 1301 1302
f 1296 1302 1295
f 1295 1302 1303
f 1295 1303 1294
f 1294 1303 1304
f 1294 1304 1293
f 1293 1304 1305
f 1293 1305 1292
f 1292 1305 1306
f 1292 1306 1291
f 1291 1306 1307
f 1291 1307 1290
f 1290 1307 1308
f 1320 1311 1321
f 1321 1311 1312
f 1321 1312 1328
f 1328 1312 1313
f 1328 1313 1327
f 1327 1313 1314
f 1327 1314 1326
f 1326 1314 1315
f 1326 1315 1325
f 1325 1315 1316
f 1325 1316 1317
f 1325 1317 1324
f 1324 1317 1318
f 1324 1318 1323
f 1323 1318 1319
f 1323 1319 1322
f 1322 1319 1320
f 1322 1320 1321
f 1330 1344 1329
f 1329 1344 1346
f 1345 1337 1336
f 1336 1337 1338
f 1336 1338 1339
f 1330 1331 1344
f 1344 1331 1343
f 1343 1331 1332
f 1343 1332 1342
f 1342 1332 1333
f 1342 1333 1341
f 1341 1333 1334
f 1341 1334 1340
f 1340 1334 1335
f 1340 1335 1339
f 1339 1335 1336
f 1347 1348 1350
f 1350 1348 1349
f 1351 1352 1354
f 1354 1352 1353
f 1356 1364 1355
f 1355 1364 1365
f 1355 1365 1362
f 1362 1365 1361
f 1361 1365 1366
f 1361 1366 1360
f 1360 1366 1359
f 1359 1366 1363
f 1359 1363 1358
f 1358 1363 1357
f 1357 1363 1364
f 1357 1364 1356
f 1368 1378 1367
f 1367 1378 1375
f 1367 1375 1374
f 1374 1375 1373
f 1373 1375 1376
f 1373 1376 1372
f 1372 1376 1371
f 1371 1376 1377
f 1371 1377 1370
f 1370 1377 1369
f 1369 1377 1378
f 1369 1378 1368
f 1379 1380 1382
f 1382 1380 1381
f 1383 1384 1386
f 1386 1384 1385
f 1388 1402 1387
f 1387 1402 1403
f 1404 1395 1394
f 1394 1395 1396
f 1394 1396 1397
f 1388 1389 1402
f 1402 1389 1401
f 1401 1389 1390
f 1401 1390 1400
f 1400 1390 1391
f 1400 1391 1399
f 1399 1391 1392
f 1399 1392 1398
f 1398 1392 1393
f 1398 1393 1397
f 1397 1393 1394
f 1406 1417 1405
f 1405 1417 1418
f 1405 1418 1419
f 1407 1415 1406
f 1406 1415 1416
f 1406 1416 1417
f 1415 1407 1414
f 1414 1407 1408
f 1414 1408 1413
f 1413 1408 1412
f 1412 1408 1409
f 1412 1409 1411
f 1411 1409 1420
f 1420 1409 1410
f 1420 1410 1419
f 1419 1410 1405
f 1422 1440 1421
f 1421 1440 1441
f 1442 1431 1430
f 1430 1431 1432
f 1430 1432 1429
f 1429 1432 1433
f 1429 1433 1428
f 1428 1433 1434
f 1428 1434 1427
f 1427 1434 1435
f 1427 1435 1426
f 1426 1435 1436
f 1426 1436 1425
f 1425 1436 1437
f 1425 1437 1424
f 1424 1437 1438
f 1424 1438 1423
f 1423 1438 1439
f 1423 1439 1422
f 1422 1439 1440
f 1452 1443 1453
f 1453 1443 1444
f 1453 1444 1460
f 1460 1444 1445
f 1460 1445 1459
f 1459 1445 1446
f 1459 1446 1458
f 1458 1446 1447
f 1458 1447 1457
f 1457 1447 1448
f 1457 1448 1449
f 1457 1449 1456
f 1456 1449 1450
f 1456 1450 1455
f 1455 1450 1451
f 1455 1451 1454
f 1454 1451 1452
f 1454 1452 1453
f 1462 1464 1461
f 1461 1464 1465
f 1461 1465 1468
f 1468 1465 1466
f 1468 1466 1467
f 1462 1463 1464
f 1469 1470 1472
f 1472 1470 1471
f 1473 1474 1476
f 1476 1474 1475
f 1477 1478 1480
f 1480 1478 1479
f 1481 1482 1484
f 1484 1482 1483
f 1485 1486 1488
f 1488 1486 1487
f 1489 1490 1492
f 1492 1490 1491
f 1493 1494 1498
f 1498 1494 1497
f 1497 1494 1495
f 1497 1495 1496
f 1500 1514 1499
f 1499 1514 1516
f 1515 1507 1506
f 1506 1507 1508
f 1506 1508 1509
f 1500 1501 1514
f 1514 1501 1513
f 1513 1501 1502
f 1513 1502 1512
f 1512 1502 1503
f 1512 1503 1511
f 1511 1503 1504
f 1511 1504 1510
f 1510 1504 1505
f 1510 1505 1509
f 1509 1505 1506
f 1517 1518 1520
f 1520 1518 1519
f 1522 1523 1521
f 1521 1523 1524
f 1526 1527 1525
f 1525 1527 1528
f 1530 1537 1529
f 1529 1537 1538
f 1529 1538 1536
f 1536 1538 1535
f 1535 1538 1539
f 1535 1539 1534
f 1534 1539 1533
f 1533 1539 1540
f 1533 1540 1532
f 1532 1540 1531
f 1531 1540 1537
f 1531 1537 1530
f 1542 1549 1541
f 1541 1549 1550
f 1541 1550 1548
f 1548 1550 1547
f 1547 1550 1551
f 1547 1551 1546
f 1546 1551 1545
f 1545 1551 1552
f 1545 1552 1544
f 1544 1552 1543
f 1543 1552 1549
f 1543 1549 1542
f 1553 1554 1556
f 1556 1554 1555
f 1558 1572 1557
f 1557 1572 1573
f 1574 1565 1564
f 1564 1565 1566
f 1564 1566 1567
f 1558 1559 1572
f 1572 1559 1571
f 1571 1559 1560
f 1571 1560 1570
f 1570 1560 1561
f 1570 1561 1569
f 1569 1561 1562
f 1569 1562 1568
f 1568 1562 1563
f 1568 1563 1567
f 1567 1563 1564
f 1584 1575 1585
f 1585 1575 1576
f 1585 1576 1592
f 1592 1576 1577
f 1592 1577 1591
f 1591 1577 1578
f 1591 1578 1590
f 1590 1578 1579
f 1590 1579 1589
f 1589 1579 1580
f 1589 1580 1581
f 1589 1581 1588
f 1588 1581 1582
f 1588 1582 1587
f 1587 1582 1583
f 1587 1583 1586
f 1586 1583 1584
f 1586 1584 1585
f 1594 1596 1593
f 1593 1596 1597
f 1593 1597 1600
f 1600 1597 1598
f 1600 1598 1599
f 1594 1595 1596
f 1602 1613 1601
f 1601 1613 1614
f 1601 1614 1615
f 1603 1611 1602
f 1602 1611 1612
f 1602 1612 1613
f 1611 1603 1610
f 1610 1603 1604
f 1610 1604 1609
f 1609 1604 1608
f 1608 1604 1605
f 1608 1605 1607
f 1607 1605 1616
f 1616 1605 1606
f 1616 1606 1615
f 1615 1606 1601
f 1618 1636 1617
f 1617 1636 1637
f 1638 1627 1626
f 1626 1627 1628
f 1626 1628 1625
f 1625 1628 1629
f 1625 1629 1624
f 1624 1629 1630
f 1624 1630 1623
f 1623 1630 1631
f 1623 1631 1622
f 1622 1631 1632
f 1622 1632 1621
f 1621 1632 1633
f 1621 1633 1620
f 1620 1633 1634
f 1620 1634 1619
f 1619 1634 1635
f 1619 1635 1618
f 1618 1635 1636
f 1644 1639 1643
f 1643 1639 1640
f 1643 1640 1642
f 1642 1640 1641
f 1645 1646 1648
f 1648 1646 1647
f 1649 1650 1652
f 1652 1650 1651
f 1653 1654 1656
f 1656 1654 1655
f 1657 1658 1660
f 1660 1658 1659
f 1661 1662 1664
f 1664 1662 1663
f 1665 1666 1668
f 1668 1666 1667
f 1669 1670 1672
f 1672 1670 1671
f 1673 1674 1676
f 1676 1674 1675
f 1677 1678 1680
f 1680 1678 1679
f 1682 1690 1681
f 1681 1690 1691
f 1681 1691 1688
f 1688 1691 1687
f 1687 1691 1692
f 1687 1692 1686
f 1686 1692 1685
f 1685 1692 1689
f 1685 1689 1684
f 1684 1689 1683
f 1683 1689 1690
f 1683 1690 1682
f 1694 1704 1693
f 1693 1704 1701
f 1693 1701 1700
f 1700 1701 1699
f 1699 1701 1702
f 1699 1702 1698
f 1698 1702 1697
f 1697 1702 1703
f 1697 1703 1696
f 1696 1703 1695
f 1695 1703 1704
f 1695 1704 1694
f 1705 1706 1708
f 1708 1706 1707
f 1710 1724 1709
f 1709 1724 1726
f 1725 1717 1716
f 1716 1717 1718
f 1716 1718 1719
f 1710 1711 1724
f 1724 1711 1723
f 1723 1711 1712
f 1723 1712 1722
f 1722 1712 1713
f 1722 1713 1721
f 1721 1713 1714
f 1721 1714 1720
f 1720 1714 1715
f 1720 1715 1719
f 1719 1715 1716
f 1728 1742 1727
f 1727 1742 1743
f 1744 1735 1734
f 1734 1735 1736
f 1734 1736 1737
f 1728 1729 1742
f 1742 1729 1741
f 1741 1729 1730
f 1741 1730 1740
f 1740 1730 1731
f 1740 1731 1739
f 1739 1731 1732
f 1739 1732 1738
f 1738 1732 1733
f 1738 1733 1737
f 1737 1733 1734
f 1746 1764 1745
f 1745 1764 1765
f 1766 1755 1754
f 1754 1755 1756
f 1754 1756 1753
f 1753 1756 1757
f 1753 1757 1752
f 1752 1757 1758
f 1752 1758 1751
f 1751 1758 1759
f 1751 1759 1750
f 1750 1759 1760
f 1750 1760 1749
f 1749 1760 1761
f 1749 1761 1748
f 1748 1761 1762
f 1748 1762 1747
f 1747 1762 1763
f 1747 1763 1746
f 1746 1763 1764
f 1768 1779 1767
f 1767 1779 1780
f 1767 1780 1781
f 1769 1777 1768
f 1768 1777 1778
f 1768 1778 1779
f 1777 1769 1776
f 1776 1769 1770
f 1776 1770 1775
f 1775 1770 1774
f 1774 1770 1771
f 1774 1771 1773
f 1773 1771 1782
f 1782 1771 1772
f 1782 1772 1781
f 1781 1772 1767
f 1784 1786 1783
f 1783 1786 1787
f 1783 1787 1790
f 1790 1787 1788
f 1790 1788 1789
f 1784 1785 1786
f 1791 1792 1796
f 1796 1792 1795
f 1795 1792 1793
f 1795 1793 1794
f 1797 1798 1800
f 1800 1798 1799
f 1801 1802 1804
f 1804 1802 1803
f 1805 1806 1808
f 1808 1806 1807
f 1809 1810 1812
f 1812 1810 1811
f 1813 1814 1816
f 1816 1814 1815
f 1817 1818 1820
f 1820 1818 1819
f 1830 1821 1831
f 1831 1821 1822
f 1831 1822 1838
f 1838 1822 1823
f 1838 1823 1837
f 1837 1823 1824
f 1837 1824 1836
f 1836 1824 1825
f 1836 1825 1835
f 1835 1825 1826
f 1835 1826 1827
f 1835 1827 1834
f 1834 1827 1828
f 1834 1828 1833
f 1833 1828 1829
f 1833 1829 1832
f 1832 1829 1830
f 1832 1830 1831
f 1839 1840 1842
f 1842 1840 1841
f 1844 1845 1843
f 1843 1845 1846
f 1848 1849 1847
f 1847 1849 1850
f 1852 1859 1851
f 1851 1859 1860
f 1851 1860 1858
f 1858 1860 1857
f 1857 1860 1861
f 1857 1861 1856
f 1856 1861 1855
f 1855 1861 1862
f 1855 1862 1854
f 1854 1862 1853
f 1853 1862 1859
f 1853 1859 1852
f 1864 1871 1863
f 1863 1871 1872
f 1863 1872 1870
f 1870 1872 1869
f 1869 1872 1873
f 1869 1873 1868
f 1868 1873 1867
f 1867 1873 1874
f 1867 1874 1866
f 1866 1874 1865
f 1865 1874 1871
f 1865 1871 1864
f 1875 1876 1878
f 1878 1876 1877
f 1880 1894 1879
f 1879 1894 1896
f 1895 1887 1886
f 1886 1887 1888
f 1886 1888 1889
f 1880 1881 1894
f 1894 1881 1893
f 1893 1881 1882
f 1893 1882 1892
f 1892 1882 1883
f 1892 1883 1891
f 1891 1883 1884
f 1891 1884 1890
f 1890 1884 1885
f 1890 1885 1889
f 1889 1885 1886
f 1898 1900 1897
f 1897 1900 1901
f 1897 1901 1904
f 1904 1901 1902
f 1904 1902 1903
f 1898 1899 1900
f 1914 1905 1915
f 1915 1905 1906
f 1915 1906 1922
f 1922 1906 1907
f 1922 1907 1921
f 1921 1907 1908
f 1921 1908 1920
f 1920 1908 1909
f 1920 1909 1919
f 1919 1909 1910
f 1919 1910 1911
f 1919 1911 1918
f 1918 1911 1912
f 1918 1912 1917
f 1917 1912 1913
f 1917 1913 1916
f 1916 1913 1914
f 1916 1914 1915
f 1924 1938 1923
f 1923 1938 1939
f 1940 1931 1930
f 1930 1931 1932
f 1930 1932 1933
f 1924 1925 1938
f 1938 1925 1937
f 1937 1925 1926
f 1937 1926 1936
f 1936 1926 1927
f 1936 1927 1935
f 1935 1927 1928
f 1935 1928 1934
f 1934 1928 1929
f 1934 1929 1933
f 1933 1929 1930
f 1942 1953 1941
f 1941 1953 1954
f 1941 1954 1955
f 1943 1951 1942
f 1942 1951 1952
f 1942 1952 1953
f 1951 1943 1950
f 1950 1943 1944
f 1950 1944 1949
f 1949 1944 1948
f 1948 1944 1945
f 1948 1945 1947
f 1947 1945 1956
f 1956 1945 1946
f 1956 1946 1955
f 1955 1946 1941
f 1958 1976 1957
f 1957 1976 1977
f 1978 1967 1966
f 1966 1967 1968
f 1966 1968 1965
f 1965 1968 1969
f 1965 1969 1964
f 1964 1969 1970
f 1964 1970 1963
f 1963 1970 1971
f 1963 1971 1962
f 1962 1971 1972
f 1962 1972 1961
f 1961 1972 1973
f 1961 1973 1960
f 1960 1973 1974
f 1960 1974 1959
f 1959 1974 1975
f 1959 1975 1958
f 1958 1975 1976
f 1984 1979 1983
f 1983 1979 1980
f 1983 1980 1982
f 1982 1980 1981
f 1985 1986 1988
f 1988 1986 1987
f 1989 1990 1992
f 1992 1990 1991
f 1993 1994 1996
f 1996 1994 1995
f 1997 1998 2000
f 2000 1998 1999
f 2001 2002 2004
f 2004 2002 2003
f 2005 2006 2008
f 2008 2006 2007
f 2009 2010 2012
f 2012 2010 2011
f 2014 2022 2013
f 2013 2022 2023
f 2013 2023 2020
f 2020 2023 2019
f 2019 2023 2024
f 2019 2024 2018
f 2018 2024 2017
f 2017 2024 2021
f 2017 2021 2016
f 2016 2021 2015
f 2015 2021 2022
f 2015 2022 2014
f 2025 2026 2028
f 2028 2026 2027
f 2030 2040 2029
f 2029 2040 2037
f 2029 2037 2036
f 2036 2037 2035
f 2035 2037 2038
f 2035 2038 2034
f 2034 2038 2033
f 2033 2038 2039
f 2033 2039 2032
f 2032 2039 2031
f 2031 2039 2040
f 2031 2040 2030
f 2041 2042 2044
f 2044 2042 2043
f 2045 2046 2048
f 2048 2046 2047
f 2050 2064 2049
f 2049 2064 2066
f 2065 2057 2056
f 2056 2057 2058
f 2056 2058 2059
f 2050 2051 2064
f 2064 2051 2063
f 2063 2051 2052
f 2063 2052 2062
f 2062 2052 2053
f 2062 2053 2061
f 2061 2053 2054
f 2061 2054 2060
f 2060 2054 2055
f 2060 2055 2059
f 2059 2055 2056
f 2068 2082 2067
f 2067 2082 2083
f 2084 2075 2074
f 2074 2075 2076
f 2074 2076 2077
f 2068 2069 2082
f 2082 2069 2081
f 2081 2069 2070
f 2081 2070 2080
f 2080 2070 2071
f 2080 2071 2079
f 2079 2071 2072
f 2079 2072 2078
f 2078 2072 2073
f 2078 2073 2077
f 2077 2073 2074
f 2086 2088 2085
f 2085 2088 2089
f 2085 2089 2092
f 2092 2089 2090
f 2092 2090 2091
f 2086 2087 2088
f 2093 2094 2098
f 2098 2094 2097
f 2097 2094 2095
f 2097 2095 2096
f 2099 2100 2102
f 2102 2100 2101
f 2103 2104 2106
f 2106 2104 2105
f 2107 2108 2110
f 2110 2108 2109
f 2111 2112 2114
f 2114 2112 2113
f 2115 2116 2118
f 2118 2116 2117
f 2119 2120 2122
f 2122 2120 2121
f 2124 2142 2123
f 2123 2142 2143
f 2144 2133 2132
f 2132 2133 2134
f 2132 2134 2131
f 2131 2134 2135
f 2131 2135 2130
f 2130 2135 2136
f 2130 2136 2129
f 2129 2136 2137
f 2129 2137 2128
f 2128 2137 2138
f 2128 2138 2127
f 2127 2138 2139
f 2127 2139 2126
f 2126 2139 2140
f 2126 2140 2125
f 2125 2140 2141
f 2125 2141 2124
f 2124 2141 2142
f 2154 2145 2155
f 2155 2145 2146
f 2155 2146 2162
f 2162 2146 2147
f 2162 2147 2161
f 2161 2147 2148
f 2161 2148 2160
f 2160 2148 2149
f 2160 2149 2159
f 2159 2149 2150
f 2159 2150 2151
f 2159 2151 2158
f 2158 2151 2152
f 2158 2152 2157
f 2157 2152 2153
f 2157 2153 2156
f 2156 2153 2154
f 2156 2154 2155
f 2164 2175 2163
f 2163 2175 2176
f 2163 2176 2177
f 2165 2173 2164
f 2164 2173 2174
f 2164 2174 2175
f 2173 2165 2172
f 2172 2165 2166
f 2172 2166 2171
f 2171 2166 2170
f 2170 2166 2167
f 2170 2167 2169
f 2169 2167 2178
f 2178 2167 2168
f 2178 2168 2177
f 2177 2168 2163
f 2179 2180 2182
f 2182 2180 2181
f 2183 2184 2186
f 2186 2184 2185
f 2188 2189 2187
f 2187 2189 2190
f 2192 2199 2191
f 2191 2199 2200
f 2191 2200 2198
f 2198 2200 2197
f 2197 2200 2201
f 2197 2201 2196
f 2196 2201 2195
f 2195 2201 2202
f 2195 2202 2194
f 2194 2202 2193
f 2193 2202 2199
f 2193 2199 2192
f 2204 2205 2203
f 2203 2205 2206
f 2208 2215 2207
f 2207 2215 2216
f 2207 2216 2214
f 2214 2216 2213
f 2213 2216 2217
f 2213 2217 2212
f 2212 2217 2211
f 2211 2217 2218
f 2211 2218 2210
f 2210 2218 2209
f 2209 2218 2215
f 2209 2215 2208
f 2220 2234 2219
f 2219 2234 2236
f 2235 2227 2226
f 2226 2227 2228
f 2226 2228 2229
f 2220 2221 2234
f 2234 2221 2233
f 2233 2221 2222
f 2233 2222 2232
f 2232 2222 2223
f 2232 2223 2231
f 2231 2223 2224
f 2231 2224 2230
f 2230 2224 2225
f 2230 2225 2229
f 2229 2225 2226
f 2237 2238 2240
f 2240 2238 2239
f 2241 2242 2244
f 2244 2242 2243
f 2245 2246 2248
f 2248 2246 2247
f 2254 2249 2253
f 2253 2249 2250
f 2253 2250 2252
f 2252 2250 2251
f 2255 2256 2258
f 2258 2256 2257
f 2259 2260 2262
f 2262 2260 2261
f 2263 2264 2266
f 2266 2264 2265
f 2268 2270 2267
f 2267 2270 2271
f 2267 2271 2274
f 2274 2271 2272
f 2274 2272 2273
f 2268 2269 2270
f 2276 2290 2275
f 2275 2290 2291
f 2292 2283 2282
f 2282 2283 2284
f 2282 2284 2285
f 2276 2277 2290
f 2290 2277 2289
f 2289 2277 2278
f 2289 2278 2288
f 2288 2278 2279
f 2288 2279 2287
f 2287 2279 2280
f 2287 2280 2286
f 2286 2280 2281
f 2286 2281 2285
f 2285 2281 2282
f 2294 2312 2293
f 2293 2312 2313
f 2314 2303 2302
f 2302 2303 2304
f 2302 2304 2301
f 2301 2304 2305
f 2301 2305 2300
f 2300 2305 2306
f 2300 2306 2299
f 2299 2306 2307
f 2299 2307 2298
f 2298 2307 2308
f 2298 2308 2297
f 2297 2308 2309
f 2297 2309 2296
f 2296 2309 2310
f 2296 2310 2295
f 2295 2310 2311
f 2295 2311 2294
f 2294 2311 2312
f 2324 2315 2325
f 2325 2315 2316
f 2325 2316 2332
f 2332 2316 2317
f 2332 2317 2331
f 2331 2317 2318
f 2331 2318 2330
f 2330 2318 2319
f 2330 2319 2329
f 2329 2319 2320
f 2329 2320 2321
f 2329 2321 2328
f 2328 2321 2322
f 2328 2322 2327
f 2327 2322 2323
f 2327 2323 2326
f 2326 2323 2324
f 2326 2324 2325
f 2334 2345 2333
f 2333 2345 2346
f 2333 2346 2347
f 2335 2343 2334
f 2334 2343 2344
f 2334 2344 2345
f 2343 2335 2342
f 2342 2335 2336
f 2342 2336 2341
f 2341 2336 2340
f 2340 2336 2337
f 2340 2337 2339
f 2339 2337 2348
f 2348 2337 2338
f 2348 2338 2347
f 2347 2338 2333
f 2350 2364 2349
f 2349 2364 2366
f 2365 2357 2356
f 2356 2357 2358
f 2356 2358 2359
f 2350 2351 2364
f 2364 2351 2363
f 2363 2351 2352
f 2363 2352 2362
f 2362 2352 2353
f 2362 2353 2361
f 2361 2353 2354
f 2361 2354 2360
f 2360 2354 2355
f 2360 2355 2359
f 2359 2355 2356
f 2368 2378 2367
f 2367 2378 2375
f 2367 2375 2374
f 2374 2375 2373
f 2373 2375 2376
f 2373 2376 2372
f 2372 2376 2371
f 2371 2376 2377
f 2371 2377 2370
f 2370 2377 2369
f 2369 2377 2378
f 2369 2378 2368
f 2379 2380 2382
f 2382 2380 2381
f 2383 2384 2386
f 2386 2384 2385
f 2387 2388 2390
f 2390 2388 2389
f 2391 2392 2394
f 2394 2392 2393
f 2396 2404 2395
f 2395 2404 2405
f 2395 2405 2402
f 2402 2405 2401
f 2401 2405 2406
f 2401 2406 2400
f 2400 2406 2399
f 2399 2406 2403
f 2399 2403 2398
f 2398 2403 2397
f 2397 2403 2404
f 2397 2404 2396
f 2407 2408 2410
f 2410 2408 2409
f 2411 2412 2414
f 2414 2412 2413
f 2415 2416 2418
f 2418 2416 2417
f 2419 2420 2422
f 2422 2420 2421
f 2423 2424 2426
f 2426 2424 2425
f 2427 2428 2430
f 2430 2428 2429
f 2431 2432 2436
f 2436 2432 2435
f 2435 2432 2433
f 2435 2433 2434
f 2446 2437 2447
f 2447 2437 2438
f 2447 2438 2454
f 2454 2438 2439
f 2454 2439 2453
f 2453 2439 2440
f 2453 2440 2452
f 2452 2440 2441
f 2452 2441 2451
f 2451 2441 2442
f 2451 2442 2443
f 2451 2443 2450
f 2450 2443 2444
f 2450 2444 2449
f 2449 2444 2445
f 2449 2445 2448
f 2448 2445 2446
f 2448 2446 2447
f 2456 2470 2455
f 2455 2470 2471
f 2472 2463 2462
f 2462 2463 2464
f 2462 2464 2465
f 2456 2457 2470
f 2470 2457 2469
f 2469 2457 2458
f 2469 2458 2468
f 2468 2458 2459
f 2468 2459 2467
f 2467 2459 2460
f 2467 2460 2466
f 2466 2460 2461
f 2466 2461 2465
f 2465 2461 2462
f 2474 2476 2473
f 2473 2476 2477
f 2473 2477 2480
f 2480 2477 2478
f 2480 2478 2479
f 2474 2475 2476
f 2482 2500 2481
f 2481 2500 2501
f 2502 2491 2490
f 2490 2491 2492
f 2490 2492 2489
f 2489 2492 2493
f 2489 2493 2488
f 2488 2493 2494
f 2488 2494 2487
f 2487 2494 2495
f 2487 2495 2486
f 2486 2495 2496
f 2486 2496 2485
f 2485 2496 2497
f 2485 2497 2484
f 2484 2497 2498
f 2484 2498 2483
f 2483 2498 2499
f 2483 2499 2482
f 2482 2499 2500
f 2504 2515 2503
f 2503 2515 2516
f 2503 2516 2517
f 2505 2513 2504
f 2504 2513 2514
f 2504 2514 2515
f 2513 2505 2512
f 2512 2505 2506
f 2512 2506 2511
f 2511 2506 2510
f 2510 2506 2507
f 2510 2507 2509
f 2509 2507 2518
f 2518 2507 2508
f 2518 2508 2517
f 2517 2508 2503
f 2520 2521 2519
f 2519 2521 2522
f 2524 2525 2523
f 2523 2525 2526
f 2527 2528 2530
f 2530 2528 2529
f 2532 2539 2531
f 2531 2539 2540
f 2531 2540 2538
f 2538 2540 2537
f 2537 2540 2541
f 2537 2541 2536
f 2536 2541 2535
f 2535 2541 2542
f 2535 2542 2534
f 2534 2542 2533
f 2533 2542 2539
f 2533 2539 2532
f 2544 2551 2543
f 2543 2551 2552
f 2543 2552 2550
f 2550 2552 2549
f 2549 2552 2553
f 2549 2553 2548
f 2548 2553 2547
f 2547 2553 2554
f 2547 2554 2546
f 2546 2554 2545
f 2545 2554 2551
f 2545 2551 2544
f 2555 2556 2558
f 2558 2556 2557
f 2560 2574 2559
f 2559 2574 2576
f 2575 2567 2566
f 2566 2567 2568
f 2566 2568 2569
f 2560 2561 2574
f 2574 2561 2573
f 2573 2561 2562
f 2573 2562 2572
f 2572 2562 2563
f 2572 2563 2571
f 2571 2563 2564
f 2571 2564 2570
f 2570 2564 2565
f 2570 2565 2569
f 2569 2565 2566
