v 0.1261555936 -0.0002999999933 -0.08301214685
v 0.1268317855 -0.004736456573 -0.08220629095
v 0.1285229469 -0.008460254073 -0.08019083075
v 0.1309849426 -0.01093380094 -0.07725673295
v 0.1338623341 -0.01179999948 -0.07382758215
v 0.1387177471 -0.01179999948 -0.07902035885
v 0.142189359 -0.01179999948 -0.08522422355
v 0.1440754098 -0.01179999948 -0.09207863045
v 0.1442662883 -0.01179999948 -0.09918522035
v 0.1427509025 -0.01179999948 -0.1061309856
v 0.1396173211 -0.01179999948 -0.1125122596
v 0.1350476571 -0.01179999948 -0.1179581962
v 0.1293074797 -0.01179999948 -0.1221522895
v 0.1227303884 -0.01179999948 -0.124850794
v 0.1156986253 -0.01179999948 -0.125896887
v 0.1086208395 -0.01179999948 -0.1252297708
v 0.1019083797 -0.01179999948 -0.1228882117
v 0.09595133686 -0.01179999948 -0.1190083031
v 0.09882872838 -0.01093380094 -0.1155791475
v 0.1012907241 -0.008460254073 -0.1126450497
v 0.1029818855 -0.004736456573 -0.1106295896
v 0.1036580773 -0.0002999999933 -0.1098237384
v 0.1083512471 -0.0002999999933 -0.1126436688
v 0.1136861272 -0.0002999999933 -0.1138753107
v 0.1191404998 -0.0002999999933 -0.1133981064
v 0.1241804502 -0.0002999999933 -0.1112587629
v 0.1283126336 -0.0002999999933 -0.1076666984
v 0.1311325641 -0.0002999999933 -0.1029735286
v 0.1323642108 -0.0002999999933 -0.09763864855
v 0.1318870017 -0.0002999999933 -0.09218427605
v 0.1297476629 -0.0002999999933 -0.08714432555
v 0.135643695 -0.01093380094 -0.1104050755
v 0.1346174327 -0.01093380094 -0.08101827565
v 0.1315992102 -0.008460254073 -0.08337638375
v 0.1295259632 -0.004736456573 -0.08499618415
v 0.1373884795 -0.01093380094 -0.08545285635
v 0.1339459327 -0.008460254073 -0.08713191095
v 0.1315812182 -0.004736456573 -0.08828526015
v 0.1391769708 -0.01093380094 -0.09036666965
v 0.135460556 -0.008460254073 -0.09129328515
v 0.1329077188 -0.004736456573 -0.09192978145
v 0.1399047383 -0.01093380094 -0.09554494825
v 0.1360768853 -0.008460254073 -0.09567862675
v 0.1334475004 -0.004736456573 -0.09577045105
v 0.1395399813 -0.01093380094 -0.1007613852
v 0.1357679789 -0.008460254073 -0.1000962851
v 0.1331769594 -0.004736456573 -0.09963942245
v 0.1380986354 -0.01093380094 -0.1057879857
v 0.1345473452 -0.008460254073 -0.1043531794
v 0.1321079304 -0.004736456573 -0.1033675994
v 0.132468323 -0.008460254073 -0.1082632668
v 0.1302871289 -0.004736456573 -0.1067920421
v 0.128161818 -0.01093380094 -0.1176302635
v 0.1261321216 -0.008460254073 -0.1143820857
v 0.1247379078 -0.004736456573 -0.1121508813
v 0.1277941389 -0.004736456573 -0.1097630852
v 0.129621778 -0.008460254073 -0.1116556583
v 0.1322824579 -0.01093380094 -0.1144108568
v 0.1234618766 -0.01093380094 -0.1199225901
v 0.1221518698 -0.008460254073 -0.1163233922
v 0.1212520118 -0.004736456573 -0.1138510741
v 0.1183880358 -0.01093380094 -0.1211876528
v 0.1178549681 -0.008460254073 -0.1173947384
v 0.1174888003 -0.004736456573 -0.1147893532
v 0.1131620487 -0.01093380094 -0.1213701571
v 0.1134292234 -0.008460254073 -0.1175492986
v 0.1136127486 -0.004736456573 -0.114924715
v 0.1080123202 -0.01093380094 -0.1204621299
v 0.1090680598 -0.008460254073 -0.116780311
v 0.1097932532 -0.004736456573 -0.1142512417
v 0.1031639128 -0.01093380094 -0.1185032532
v 0.1049620741 -0.008460254073 -0.1151213969
v 0.1061972452 -0.004736456573 -0.1127983681
v 0.0613719696 -0.0008150106668 -0.07303620735
v 0.0549800439 -0.003787869811 -0.06767275425
v 0.0515009395 -0.004638055265 -0.06475344875
v 0.0480739058 -0.004987497926 -0.06187784065
v 0.0480739058 -0.0193287003 -0.06187784065
v 0.0549830098 -0.02058995724 -0.06767524325
v 0.0613719696 -0.02352792263 -0.07303620735
v 0.0750590512 -0.01480000019 -0.09765424155
v 0.0768181718 -0.01480000019 -0.09850138255
v 0.0772526405 -0.01480000019 -0.1004049062
v 0.076035297 -0.01480000019 -0.1019314166
v 0.0740828205 -0.01480000019 -0.1019314201
v 0.0728654716 -0.01480000019 -0.1004049139
v 0.0732999337 -0.01480000019 -0.09850138875
v 0.1114205312 -0.01480000019 -0.05432015615
v 0.1131796565 -0.01480000019 -0.05516730195
v 0.1136141253 -0.01480000019 -0.05707082555
v 0.112396777 -0.01480000019 -0.05859733605
v 0.1104443005 -0.01480000019 -0.05859733945
v 0.1092269468 -0.01480000019 -0.05707083325
v 0.1096614137 -0.01480000019 -0.05516730815
v 0.1547546142 -0.01480000019 -0.09068164095
v 0.1565137347 -0.01480000019 -0.09152878675
v 0.1569482059 -0.01480000019 -0.09343231035
v 0.15573086 -0.01480000019 -0.09495881605
v 0.1537783835 -0.01480000019 -0.09495881945
v 0.1525610299 -0.01480000019 -0.09343231805
v 0.1529954943 -0.01480000019 -0.09152879295
v 0.1183931318 -0.01480000019 -0.1340157215
v 0.1201522524 -0.01480000019 -0.1348628673
v 0.1205867259 -0.01480000019 -0.1367663909
v 0.1193693776 -0.01480000019 -0.138292899
v 0.1174169011 -0.01480000019 -0.1382929024
v 0.1161995475 -0.01480000019 -0.1367663986
v 0.1166340143 -0.01480000019 -0.1348628735
v 0.0721074804 -0.01480000019 -0.08334973755
v 0.0703206543 -0.01480000019 -0.09259242315
v 0.0705069043 -0.01480000019 -0.1020043967
v 0.0726579996 -0.01480000019 -0.1111691554
v 0.0766787436 -0.01480000019 -0.1196811208
v 0.08239120865 -0.01480000019 -0.1271636109
v 0.08954259422 -0.01480000019 -0.1332855103
v 0.09781643251 -0.01480000019 -0.1377758975
v 0.1068465742 -0.01480000019 -0.1404360584
v 0.1162334106 -0.01480000019 -0.1411482722
v 0.1255615448 -0.01480000019 -0.1398810229
v 0.1344181695 -0.01480000019 -0.1366903922
v 0.1424113559 -0.01480000019 -0.1317175698
v 0.1491873745 -0.01480000019 -0.1251826263
v 0.1544463692 -0.01480000019 -0.1173747471
v 0.1579556083 -0.01480000019 -0.1086394657
v 0.1595597986 -0.01480000019 -0.09936333515
v 0.1591879492 -0.01480000019 -0.08995686455
v 0.1568565142 -0.01480000019 -0.08083632325
v 0.1526686699 -0.01480000019 -0.07240531555
v 0.1468097398 -0.01480000019 -0.06503694245
v 0.1395390021 -0.01480000019 -0.05905728375
v 0.1311782081 -0.01480000019 -0.05473095485
v 0.122097355 -0.01480000019 -0.05224941485
v 0.1126982977 -0.01480000019 -0.05172246905
v 0.1033969763 -0.01480000019 -0.05317345315
v 0.09460500149 -0.01480000019 -0.05653814605
v 0.09439702389 -0.01480000019 -0.05636363355
v 0.08685839908 -0.01480000019 -0.06122866365
v 0.08043478413 -0.01480000019 -0.06749256045
v 0.0753815249 -0.01480000019 -0.07490631905
v 0.0718995028 -0.01480000019 -0.08317522505
v 0.09439702389 -0.02920000076 -0.05636363355
v 0.09439702389 -0.02720000029 -0.05636363355
v 0.09439702389 -0.01480000019 -0.05636363355
v 0.09460500149 -0.01480000019 -0.05653814605
v 0.09460500149 -0.02920000076 -0.05653814605
v 0.08258392132 -0.0008150106668 -0.04775669585
v 0.0759715054 -0.0008150106668 -0.05286651355
v 0.0701558288 -0.0008150106668 -0.05886751935
v 0.0652558906 -0.0008150106668 -0.06563692765
v 0.0613719696 -0.0008150106668 -0.07303620735
v 0.0613719696 -0.02352792263 -0.07303620735
v 0.0615116347 -0.02352792263 -0.07271899595
v 0.0616531784 -0.02352792263 -0.07240262375
v 0.061796601 -0.02352792263 -0.07208710035
v 0.061796601 -0.003035706878 -0.07208710035
v 0.0669781646 -0.003035706878 -0.06301839245
v 0.0736918271 -0.003035706878 -0.05501732965
v 0.08172297378 -0.003035706878 -0.04833968805
v 0.08172297378 -0.02352792263 -0.04833968805
v 0.08200879917 -0.02352792263 -0.04814365975
v 0.08229578804 -0.02352792263 -0.04794932905
v 0.08258392132 -0.02352792263 -0.04775669585
v -0.0302313762 -0.02630000114 0.01928356865
v -0.0292600525 -0.02630000114 0.01565857795
v -0.0266063537 -0.02630000114 0.01300488845
v -0.0229813596 -0.02630000114 0.01203359665
v -0.0193563499 -0.02630000114 0.01300490125
v -0.0167026795 -0.02630000114 0.01565860005
v -0.0157313685 -0.02630000114 0.01928359405
v -0.0167026922 -0.02630000114 0.02290860385
v -0.0193563719 -0.02630000114 0.02556227425
v -0.0229813851 -0.02630000114 0.02653358515
v -0.0266063757 -0.02630000114 0.02556226155
v -0.0292600652 -0.02630000114 0.02290858175
v -0.0302313762 -0.0225999999 0.01928356865
v -0.0292600652 -0.0225999999 0.02290858175
v -0.0266063757 -0.0225999999 0.02556226155
v -0.0229813851 -0.0225999999 0.02653358515
v -0.0193563719 -0.0225999999 0.02556227425
v -0.0167026922 -0.0225999999 0.02290860385
v -0.0157313685 -0.0225999999 0.01928359405
v -0.0167026795 -0.0225999999 0.01565860005
v -0.0193563499 -0.0225999999 0.01300490125
v -0.0229813596 -0.0225999999 0.01203359665
v -0.0266063537 -0.0225999999 0.01300488845
v -0.0292600525 -0.0225999999 0.01565857795
v -0.0302313762 -0.02630000114 0.01928356865
v -0.0302313762 -0.0225999999 0.01928356865
v 0.0718995028 -0.02720000029 -0.08317522505
v 0.0726121036 -0.02720000029 -0.08105057095
v 0.0762124397 -0.02720000029 -0.07344525995
v 0.08116570724 -0.02720000029 -0.06664317865
v 0.0872987099 -0.02720000029 -0.06088216445
v 0.09439702389 -0.02720000029 -0.05636363355
v 0.09439702389 -0.02920000076 -0.05636363355
v 0.08685839908 -0.02920000076 -0.06122866365
v 0.08043478413 -0.02920000076 -0.06749256045
v 0.0753815249 -0.02920000076 -0.07490631905
v 0.0718995028 -0.02920000076 -0.08317522505
v 0.0700365068 -0.004786943197 -0.08161199395
v 0.0702471166 -0.002430074513 -0.08178871905
v 0.0708249964 -0.0002999999933 -0.08227360415
v 0.0707099267 -0.002772960365 -0.08265184115
v 0.0704510343 -0.005098106265 -0.08355844255
v 0.0701003993 -0.007167800069 -0.08495280085
v 0.0697248456 -0.008887680769 -0.08677574995
v 0.0691638833 -0.01112341166 -0.09134540545
v 0.0691569592 -0.01179999948 -0.09652523025
v 0.0684069611 -0.0120009613 -0.09652698635
v 0.0678579308 -0.01254999995 -0.09652827475
v 0.067656963 -0.01330000043 -0.09652874715
v 0.0678721324 -0.01282402158 -0.09191932885
v 0.068485738 -0.01126238227 -0.08761708365
v 0.0693074748 -0.008536506295 -0.08403807595
v 0.069994483 -0.006575518847 -0.08425328095
v 0.0695699251 -0.006983129978 -0.08354938415
v 0.0695511756 -0.007066194415 -0.08342592155
v 0.0700052173 -0.004355730414 -0.08192790825
v 0.0700136194 -0.004303915501 -0.08206658195
v 0.0703764176 -0.004048117995 -0.08285801655
v 0.0705936443 -0.001247045472 -0.08214200705
v 0.06954131 -0.008676621914 -0.08624736705
v 0.0690304638 -0.009209494591 -0.08566562655
v 0.0689982104 -0.009319596291 -0.08556325925
v 0.0691222985 -0.01025368214 -0.08871810905
v 0.0685076737 -0.01087869287 -0.08828335865
v 0.0684604381 -0.01101110935 -0.08820633045
v 0.0687730696 -0.01150176883 -0.09249464085
v 0.0680063532 -0.01219458461 -0.09227616495
v 0.0679393384 -0.01234979272 -0.09223679745
v 0.069285848 -0.004987497926 -0.03659833865
v 0.0727128817 -0.004638055265 -0.03947394685
v 0.0761919861 -0.003787869811 -0.04239325225
v 0.08258392132 -0.0008150106668 -0.04775669585
v 0.08258392132 -0.02352792263 -0.04775669585
v 0.076194952 -0.02058995724 -0.04239574135
v 0.069285848 -0.0193287003 -0.03659833865
v -0.0282313685 -0.0225999999 0.01928357215
v -0.0273979575 -0.0225999999 0.02212193725
v -0.0251623004 -0.0225999999 0.02405915885
v -0.0222342158 -0.0225999999 0.02448015405
v -0.0195433643 -0.0225999999 0.02325127305
v -0.0179440291 -0.0225999999 0.02076270095
v -0.0179440239 -0.0225999999 0.01780449855
v -0.0195433504 -0.0225999999 0.01531590165
v -0.0222341975 -0.0225999999 0.01408703035
v -0.0251622836 -0.0225999999 0.01450801525
v -0.0273979476 -0.0225999999 0.01644520995
v -0.0302313762 -0.0225999999 0.01928356865
v -0.0292600525 -0.0225999999 0.01565857795
v -0.0266063537 -0.0225999999 0.01300488845
v -0.0229813596 -0.0225999999 0.01203359665
v -0.0193563499 -0.0225999999 0.01300490125
v -0.0167026795 -0.0225999999 0.01565860005
v -0.0157313685 -0.0225999999 0.01928359405
v -0.0167026922 -0.0225999999 0.02290860385
v -0.0193563719 -0.0225999999 0.02556227425
v -0.0229813851 -0.0225999999 0.02653358515
v -0.0266063757 -0.0225999999 0.02556226155
v -0.0292600652 -0.0225999999 0.02290858175
v 0.09332251745 -0.0002999999933 -0.05546201265
v 0.09302836571 -0.001066773981 -0.05521519275
v 0.09276995774 -0.002283209562 -0.05499836575
v 0.0925340279 -0.004786943197 -0.05480039295
v 0.09479671359 -0.008536376953 -0.05366111055
v 0.09817829715 -0.01126316309 -0.05223016395
v 0.1023090397 -0.01282405734 -0.05087898145
v 0.1068109434 -0.01330000043 -0.04986668635
v 0.1068453761 -0.01254999995 -0.05006467865
v 0.1069394475 -0.0120009613 -0.05060559305
v 0.1070679517 -0.01179999948 -0.05134450915
v 0.1019680749 -0.01112342477 -0.05225080435
v 0.09756483901 -0.008888721466 -0.05359641795
v 0.09583546628 -0.007167367339 -0.05428297115
v 0.09452317331 -0.005097689629 -0.05487042725
v 0.0936750047 -0.002772936821 -0.05528301685
v 0.09267514302 -0.004369404614 -0.05475724845
v 0.09353201945 -0.004076626599 -0.05479242795
v 0.09366498082 -0.004040862918 -0.05484901875
v 0.0930066505 -0.001258865893 -0.05518583865
v 0.09404992053 -0.007081525922 -0.05405298615
v 0.09482926338 -0.00661365211 -0.05416490805
v 0.09495090466 -0.006556943655 -0.05423301925
v 0.09646746391 -0.009728438854 -0.05294992405
v 0.09711480892 -0.009085172415 -0.05318817935
v 0.09721720509 -0.009008995295 -0.05327638455
v 0.0995542195 -0.01158494353 -0.05177015675
v 0.1000392446 -0.01080906391 -0.05215656565
v 0.100118252 -0.01072134256 -0.05226993835
v 0.1030758508 -0.01262279391 -0.05071683635
v 0.1033817905 -0.01175657153 -0.05125745475
v 0.1034357973 -0.01166607022 -0.05139859845
v 0.0718995028 -0.01480000019 -0.08317522505
v 0.0718995028 -0.02720000029 -0.08317522505
v 0.0718995028 -0.02920000076 -0.08317522505
v 0.0721074804 -0.02920000076 -0.08334973755
v 0.0721074804 -0.01480000019 -0.08334973755
v 0.067656963 -0.01330000043 -0.09652874715
v 0.0678579308 -0.01254999995 -0.09652827475
v 0.0684069611 -0.0120009613 -0.09652698635
v 0.0691569592 -0.01179999948 -0.09652523025
v 0.0701219984 -0.01179999948 -0.1057656937
v 0.0729339513 -0.01179999948 -0.1146206597
v 0.0774768504 -0.01179999948 -0.1227249522
v 0.08356336475 -0.01179999948 -0.1297443445
v 0.09094247736 -0.01179999948 -0.1353893635
v 0.09930987031 -0.01179999948 -0.1394272082
v 0.1083204849 -0.01179999948 -0.1416913583
v 0.1176027169 -0.01179999948 -0.1420884425
v 0.126773771 -0.01179999948 -0.140602082
v 0.1354554345 -0.01179999948 -0.1372935751
v 0.143289679 -0.01179999948 -0.1322993644
v 0.1499534216 -0.01179999948 -0.1258254109
v 0.1551718472 -0.01179999948 -0.118138701
v 0.1587297503 -0.01179999948 -0.1095562267
v 0.1604804061 -0.01179999948 -0.1004319351
v 0.1603516164 -0.01179999948 -0.09114210325
v 0.1583486924 -0.01179999948 -0.08206985065
v 0.154554234 -0.01179999948 -0.07358930845
v 0.1491247216 -0.01179999948 -0.06605021735
v 0.1422840738 -0.01179999948 -0.05976348425
v 0.1343143904 -0.01179999948 -0.05498836515
v 0.1255443435 -0.01179999948 -0.05192180255
v 0.1163356097 -0.01179999948 -0.05069025325
v 0.1070679517 -0.01179999948 -0.05134450915
v 0.1069394475 -0.0120009613 -0.05060559305
v 0.1068453761 -0.01254999995 -0.05006467865
v 0.1068109434 -0.01330000043 -0.04986668635
v 0.1163824563 -0.01330000043 -0.04919099135
v 0.1258931187 -0.01330000043 -0.05046291865
v 0.1349507033 -0.01330000043 -0.05363002655
v 0.1431816867 -0.01330000043 -0.05856169095
v 0.1502466199 -0.01330000043 -0.06505455075
v 0.1558541479 -0.01330000043 -0.07284082445
v 0.1597730137 -0.01330000043 -0.08159941965
v 0.1618416094 -0.01330000043 -0.09096912795
v 0.1619746221 -0.01330000043 -0.1005635395
v 0.1601665675 -0.01330000043 -0.1099869893
v 0.1564920103 -0.01330000043 -0.1188508549
v 0.1511024888 -0.01330000043 -0.1267895927
v 0.1442202645 -0.01330000043 -0.1334758059
v 0.13612916 -0.01330000043 -0.1386337605
v 0.1271628489 -0.01330000043 -0.1420507412
v 0.1176911061 -0.01330000043 -0.143585835
v 0.1081045375 -0.01330000043 -0.1431757337
v 0.09879849355 -0.01330000043 -0.1408373477
v 0.09015675687 -0.01330000043 -0.1366671168
v 0.0825357063 -0.01330000043 -0.1308370139
v 0.0762496447 -0.01330000043 -0.1235874765
v 0.0715577908 -0.01330000043 -0.1152174715
v 0.0686536362 -0.01330000043 -0.1060721786
v 0.0690837145 -0.01223933935 -0.1059824132
v 0.0719608514 -0.01223933935 -0.1150426718
v 0.0766090841 -0.01223933935 -0.1233348475
v 0.08283670442 -0.01223933935 -0.1305169793
v 0.09038688737 -0.01223933935 -0.1362928707
v 0.09894827691 -0.01223933935 -0.1404243278
v 0.1081677891 -0.01223933935 -0.1427409701
v 0.1176652178 -0.01223933935 -0.1431472593
v 0.1270488936 -0.01223933935 -0.1416264374
v 0.1359318298 -0.01223933935 -0.1382412285
v 0.1439477038 -0.01223933935 -0.1331312343
v 0.1507659343 -0.01223933935 -0.1265071913
v 0.1561053427 -0.01223933935 -0.118642268
v 0.1597457334 -0.01223933935 -0.1098608237
v 0.1615369761 -0.01223933935 -0.1005249927
v 0.1614051998 -0.01223933935 -0.09101979265
v 0.1593558411 -0.01223933935 -0.08173720725
v 0.1554734105 -0.01223933935 -0.07306005575
v 0.1499180248 -0.01223933935 -0.06534617545
v 0.1429187831 -0.01223933935 -0.05891369255
v 0.1347643322 -0.01223933935 -0.05402787125
v 0.1257909619 -0.01223933935 -0.05089021265
v 0.1163687337 -0.01223933935 -0.04963011065
v 0.0617658114 -0.0002999999933 -0.07467208235
v 0.0657556942 -0.0002999999933 -0.06673601735
v 0.0709218688 -0.0002999999933 -0.05951030405
v 0.0771406916 -0.0002999999933 -0.05316786305
v 0.08426333244 -0.0002999999933 -0.04786048125
v 0.09332251745 -0.0002999999933 -0.05546201265
v 0.1261555936 -0.0002999999933 -0.08301214685
v 0.1297476629 -0.0002999999933 -0.08714432555
v 0.1318870017 -0.0002999999933 -0.09218427605
v 0.1323642108 -0.0002999999933 -0.09763864855
v 0.1311325641 -0.0002999999933 -0.1029735286
v 0.1283126336 -0.0002999999933 -0.1076666984
v 0.1241804502 -0.0002999999933 -0.1112587629
v 0.1191404998 -0.0002999999933 -0.1133981064
v 0.1136861272 -0.0002999999933 -0.1138753107
v 0.1083512471 -0.0002999999933 -0.1126436688
v 0.1036580773 -0.0002999999933 -0.1098237384
v 0.0708249964 -0.0002999999933 -0.08227360415
v 0.0700365068 -0.004786943197 -0.08161199395
v 0.0693074748 -0.008536506295 -0.08403807595
v 0.068485738 -0.01126238227 -0.08761708365
v 0.0678721324 -0.01282402158 -0.09191932885
v 0.067656963 -0.01330000043 -0.09652874715
v 0.0686536362 -0.01330000043 -0.1060721786
v 0.0715577908 -0.01330000043 -0.1152174715
v 0.0762496447 -0.01330000043 -0.1235874765
v 0.0825357063 -0.01330000043 -0.1308370139
v 0.09015675687 -0.01330000043 -0.1366671168
v 0.09879849355 -0.01330000043 -0.1408373477
v 0.1081045375 -0.01330000043 -0.1431757337
v 0.1176911061 -0.01330000043 -0.143585835
v 0.1271628489 -0.01330000043 -0.1420507412
v 0.13612916 -0.01330000043 -0.1386337605
v 0.1442202645 -0.01330000043 -0.1334758059
v 0.1511024888 -0.01330000043 -0.1267895927
v 0.1564920103 -0.01330000043 -0.1188508549
v 0.1601665675 -0.01330000043 -0.1099869893
v 0.1619746221 -0.01330000043 -0.1005635395
v 0.1618416094 -0.01330000043 -0.09096912795
v 0.1597730137 -0.01330000043 -0.08159941965
v 0.1558541479 -0.01330000043 -0.07284082445
v 0.1502466199 -0.01330000043 -0.06505455075
v 0.1431816867 -0.01330000043 -0.05856169095
v 0.1349507033 -0.01330000043 -0.05363002655
v 0.1258931187 -0.01330000043 -0.05046291865
v 0.1163824563 -0.01330000043 -0.04919099135
v 0.1068109434 -0.01330000043 -0.04986668635
v 0.1023090397 -0.01282405734 -0.05087898145
v 0.09817829715 -0.01126316309 -0.05223016395
v 0.09479671359 -0.008536376953 -0.05366111055
v 0.0925340279 -0.004786943197 -0.05480039295
v 0.0925340279 -0.02920000076 -0.05480039295
v 0.1014566222 -0.02920000076 -0.05112275165
v 0.1109403332 -0.02920000076 -0.04933471965
v 0.1205895148 -0.02920000076 -0.04951090355
v 0.1300016308 -0.02920000076 -0.05164395125
v 0.1387840246 -0.02920000076 -0.05564487615
v 0.1465703086 -0.02920000076 -0.06134676685
v 0.1530356608 -0.02920000076 -0.06851175835
v 0.1579103602 -0.02920000076 -0.07684093145
v 0.1609910424 -0.02920000076 -0.08598681535
v 0.1621491881 -0.02920000076 -0.09556785935
v 0.1613364826 -0.02920000076 -0.105184374
v 0.1585868316 -0.02920000076 -0.1144351675
v 0.1540149414 -0.02920000076 -0.122934321
v 0.1478115438 -0.02920000076 -0.1303272701
v 0.140235432 -0.02920000076 -0.1363055911
v 0.1316026676 -0.02920000076 -0.1406198834
v 0.1222733815 -0.02920000076 -0.1430901642
v 0.1126367848 -0.02920000076 -0.1436133788
v 0.1030948845 -0.02920000076 -0.1421676968
v 0.09404575867 -0.02920000076 -0.1388134351
v 0.08586691477 -0.02920000076 -0.1336905208
v 0.0788995492 -0.02920000076 -0.1270126742
v 0.0734343329 -0.02920000076 -0.1190584773
v 0.0696992614 -0.02920000076 -0.1101597679
v 0.0678501561 -0.02920000076 -0.1006877777
v 0.0679641605 -0.02920000076 -0.09103765685
v 0.0700365068 -0.02920000076 -0.08161199395
v 0.0480739058 -0.004987497926 -0.06187784065
v 0.053872086 -0.004987497926 -0.05243591115
v 0.0609942349 -0.004987497926 -0.04394803515
v 0.069285848 -0.004987497926 -0.03659833865
v 0.069285848 -0.0193287003 -0.03659833865
v 0.0690150621 -0.0193287003 -0.03680582055
v 0.0687452203 -0.0193287003 -0.03701453265
v 0.0684763227 -0.0193287003 -0.03722447495
v 0.0684763227 -0.006988093257 -0.03722447495
v 0.0607568658 -0.006988093257 -0.04419304395
v 0.0540721569 -0.006988093257 -0.05215959315
v 0.0485499498 -0.006988093257 -0.06097188735
v 0.0485499498 -0.0193287003 -0.06097188735
v 0.0483899047 -0.0193287003 -0.06127315335
v 0.0482312139 -0.0193287003 -0.06157513465
v 0.0480739058 -0.0193287003 -0.06187784065
v -0.0113500023 -0.0250999999 -1.714638898e-08
v -0.0103687396 -0.0250999999 -0.004616485746
v -0.0075946088 -0.0250999999 -0.008434706746
v -0.0035073282 -0.0250999999 -0.01079449995
v 0.0011864097 -0.0250999999 -0.01128781785
v 0.0056750089 -0.0250999999 -0.009829374946
v 0.0091823504 -0.0250999999 -0.006671352546
v 0.0111019748 -0.0250999999 -0.002359787646
v 0.0111019665 -0.0250999999 0.002359813054
v 0.009182327 -0.0250999999 0.006671371254
v 0.0056749744 -0.0250999999 0.009829400354
v 0.0011863701 -0.0250999999 0.01128782755
v -0.0035073661 -0.0250999999 0.01079448365
v -0.0075946384 -0.0250999999 0.008434685654
v -0.0103687558 -0.0250999999 0.004616435854
v -0.0110499954 -0.02480000019 -1.664638899e-08
v -0.0100946887 -0.02480000019 0.004494423254
v -0.0073939086 -0.02480000019 0.008211736054
v -0.0034146493 -0.02480000019 0.01050916345
v 0.0011550138 -0.02480000019 0.01098946095
v 0.0055249809 -0.02480000019 0.009569581054
v 0.0089396172 -0.02480000019 0.006495036454
v 0.0108085211 -0.02480000019 0.002297442254
v 0.0108085291 -0.02480000019 -0.002297398746
v 0.00893964 -0.02480000019 -0.006495018646
v 0.0055250145 -0.02480000019 -0.009569575246
v 0.0011550524 -0.02480000019 -0.01098946095
v -0.0034146124 -0.02480000019 -0.01050917945
v -0.0073938798 -0.02480000019 -0.008211756446
v -0.0100946729 -0.02480000019 -0.004494453146
v 0.0011864097 -0.0250999999 -0.01128781785
v 0.0011550524 -0.02480000019 -0.01098946095
v 0.09460500149 -0.01480000019 -0.05653814605
v 0.1033969763 -0.01480000019 -0.05317345315
v 0.1126982977 -0.01480000019 -0.05172246905
v 0.122097355 -0.01480000019 -0.05224941485
v 0.1311782081 -0.01480000019 -0.05473095485
v 0.1395390021 -0.01480000019 -0.05905728375
v 0.1468097398 -0.01480000019 -0.06503694245
v 0.1526686699 -0.01480000019 -0.07240531555
v 0.1568565142 -0.01480000019 -0.08083632325
v 0.1591879492 -0.01480000019 -0.08995686455
v 0.1595597986 -0.01480000019 -0.09936333515
v 0.1579556083 -0.01480000019 -0.1086394657
v 0.1544463692 -0.01480000019 -0.1173747471
v 0.1491873745 -0.01480000019 -0.1251826263
v 0.1424113559 -0.01480000019 -0.1317175698
v 0.1344181695 -0.01480000019 -0.1366903922
v 0.1255615448 -0.01480000019 -0.1398810229
v 0.1162334106 -0.01480000019 -0.1411482722
v 0.1068465742 -0.01480000019 -0.1404360584
v 0.09781643251 -0.01480000019 -0.1377758975
v 0.08954259422 -0.01480000019 -0.1332855103
v 0.08239120865 -0.01480000019 -0.1271636109
v 0.0766787436 -0.01480000019 -0.1196811208
v 0.0726579996 -0.01480000019 -0.1111691554
v 0.0705069043 -0.01480000019 -0.1020043967
v 0.0703206543 -0.01480000019 -0.09259242315
v 0.0721074804 -0.01480000019 -0.08334973755
v 0.0721074804 -0.02920000076 -0.08334973755
v 0.0703206543 -0.02920000076 -0.09259242315
v 0.0705069043 -0.02920000076 -0.1020043967
v 0.0726579996 -0.02920000076 -0.1111691554
v 0.0766787436 -0.02920000076 -0.1196811208
v 0.08239120865 -0.02920000076 -0.1271636109
v 0.08954259422 -0.02920000076 -0.1332855103
v 0.09781643251 -0.02920000076 -0.1377758975
v 0.1068465742 -0.02920000076 -0.1404360584
v 0.1162334106 -0.02920000076 -0.1411482722
v 0.1255615448 -0.02920000076 -0.1398810229
v 0.1344181695 -0.02920000076 -0.1366903922
v 0.1424113559 -0.02920000076 -0.1317175698
v 0.1491873745 -0.02920000076 -0.1251826263
v 0.1544463692 -0.02920000076 -0.1173747471
v 0.1579556083 -0.02920000076 -0.1086394657
v 0.1595597986 -0.02920000076 -0.09936333515
v 0.1591879492 -0.02920000076 -0.08995686455
v 0.1568565142 -0.02920000076 -0.08083632325
v 0.1526686699 -0.02920000076 -0.07240531555
v 0.1468097398 -0.02920000076 -0.06503694245
v 0.1395390021 -0.02920000076 -0.05905728375
v 0.1311782081 -0.02920000076 -0.05473095485
v 0.122097355 -0.02920000076 -0.05224941485
v 0.1126982977 -0.02920000076 -0.05172246905
v 0.1033969763 -0.02920000076 -0.05317345315
v 0.09460500149 -0.02920000076 -0.05653814605
v 0.08426333244 -0.02630000114 -0.04786048125
v 0.08881759177 -0.02630000114 -0.05168195115
v 0.09098496289 -0.02706240654 -0.05350058525
v 0.0925340279 -0.02920000076 -0.05480039295
v 0.0925340279 -0.004786943197 -0.05480039295
v 0.09276995774 -0.002283209562 -0.05499836575
v 0.09302836571 -0.001066773981 -0.05521519275
v 0.09332251745 -0.0002999999933 -0.05546201265
v 0.08426333244 -0.0002999999933 -0.04786048125
v 0.08079748413 -0.002283299267 -0.04495230525
v 0.077074811 -0.003775959313 -0.04182862785
v 0.0731472215 -0.004701637924 -0.03853299375
v 0.0693189859 -0.005 -0.03532073935
v 0.0390235502 -0.005 -0.009899935946
v 0.0343815432 -0.004639089108 -0.006004842546
v 0.0296958674 -0.003598669767 -0.002073118646
v 0.0207469177 -0.0002999999933 0.005435925554
v -0.0117326166 -0.0002999999933 0.03268938185
v -0.0117326166 -0.008299999833 0.03268938185
v 0.0207469177 -0.008299999833 0.005435925554
v 0.0207469177 -0.01830000043 0.005435925554
v -0.0117326166 -0.01830000043 0.03268938185
v -0.0117326166 -0.02630000114 0.03268938185
v 0.0207469177 -0.02630000114 0.005435925554
v 0.0299170915 -0.02278929949 -0.002258741446
v 0.0347241607 -0.02168353081 -0.006292336646
v 0.0394927015 -0.02130000114 -0.01029360235
v 0.0688842815 -0.02130000114 -0.03495597875
v 0.0728354458 -0.02161785841 -0.03827138235
v 0.0768815772 -0.02260391474 -0.04166648445
v 0.08069002395 -0.02418135405 -0.04486213555
v -0.0017506034 -0.02630000114 -0.02137567555
v -0.0342301281 -0.02630000114 0.005877799954
v -0.0342301281 -0.01830000043 0.005877799954
v -0.0017506034 -0.01830000043 -0.02137567555
v -0.0017506034 -0.008299999833 -0.02137567555
v -0.0342301281 -0.008299999833 0.005877799954
v -0.0342301281 -0.0002999999933 0.005877799954
v -0.0017506034 -0.0002999999933 -0.02137567555
v 0.0071983463 -0.003598669767 -0.02888471015
v 0.0118840221 -0.004639089108 -0.03281643415
v 0.0165260196 -0.005 -0.03671152755
v 0.0468214649 -0.005 -0.06213233085
v 0.0506497004 -0.004701637924 -0.06534458535
v 0.0545772994 -0.003775959313 -0.06864021935
v 0.0582999631 -0.002283299267 -0.07176389675
v 0.0617658114 -0.0002999999933 -0.07467208235
v 0.0708249964 -0.0002999999933 -0.08227360415
v 0.0702471166 -0.002430074513 -0.08178871905
v 0.0700365068 -0.004786943197 -0.08161199395
v 0.0700365068 -0.02920000076 -0.08161199395
v 0.0684874418 -0.02706240654 -0.08031217675
v 0.0663200707 -0.02630000114 -0.07849354275
v 0.0617658114 -0.02630000114 -0.07467208235
v 0.0581925029 -0.02418135405 -0.07167372705
v 0.0543840561 -0.02260391474 -0.06847807595
v 0.0503379247 -0.02161785841 -0.06508298345
v 0.0463867604 -0.02130000114 -0.06176757025
v 0.0169951899 -0.02130000114 -0.03710519395
v 0.0122266397 -0.02168353081 -0.03310392815
v 0.0074195609 -0.02278929949 -0.02907033295
v 0.0394927015 -0.02130000114 -0.01029360235
v 0.0347241607 -0.02168353081 -0.006292336646
v 0.0299170915 -0.02278929949 -0.002258741446
v 0.0207469177 -0.02630000114 0.005435925554
v 0.0214443404 -0.02630000114 -0.0003523422464
v 0.0205571377 -0.02630000114 -0.006114577546
v 0.0181508646 -0.02630000114 -0.01142498365
v 0.0144033329 -0.02630000114 -0.01589113295
v 0.0095914605 -0.02630000114 -0.01918300575
v 0.0040708339 -0.02630000114 -0.02105735745
v -0.0017506034 -0.02630000114 -0.02137567555
v 0.0074195609 -0.02278929949 -0.02907033295
v 0.0122266397 -0.02168353081 -0.03310392815
v 0.0169951899 -0.02130000114 -0.03710519395
v 0.0232718484 -0.02130000114 -0.03352689195
v 0.0288191826 -0.02130000114 -0.02889786155
v 0.0334633188 -0.02130000114 -0.02336317585
v 0.0370587172 -0.02130000114 -0.01709628955
v 0.0096872402 -0.02354873419 -0.02583274775
v 0.0167499164 -0.02354873419 -0.02192289955
v 0.0223785397 -0.02354873419 -0.01613610835
v 0.0244482553 -0.02186619043 -0.02378004275
v 0.0260912194 -0.02354873419 -0.008967808846
v 0.0275700683 -0.02354873419 -0.001031729046
v 0.0322538284 -0.02186619043 -0.01108596585
v 0.0335286632 -0.02186619043 -0.006247916546
v 0.0271224778 -0.02354873419 -0.005054156446
v 0.0276642387 -0.02186619043 -0.01994737265
v 0.03028489 -0.02186619043 -0.01568544515
v 0.0244984849 -0.02354873419 -0.01268848615
v 0.0207061576 -0.02186619043 -0.02710098175
v 0.0197770266 -0.02354873419 -0.01923648905
v 0.0119753063 -0.02186619043 -0.03193430425
v 0.0165184735 -0.02186619043 -0.02983870195
v 0.0133623547 -0.02354873419 -0.02413753745
v 0.0058036515 -0.02354873419 -0.02697204245
v 0.0485499498 -0.0193287003 -0.06097188735
v 0.0485499498 -0.006988093257 -0.06097188735
v 0.0477673349 -0.006999999881 -0.06031519815
v 0.0185002954 -0.006999999881 -0.03575731565
v 0.0140243138 -0.00666064918 -0.03200154425
v 0.0094678038 -0.005655953884 -0.02817819565
v 0.0008383737 -0.002300000042 -0.02093725735
v -0.0329445587 -0.002300000042 0.007409879954
v -0.0329445587 -0.006299999952 0.007409879954
v 0.0035140444 -0.006299999952 -0.02318241175
v 0.0035140444 -0.02029999971 -0.02318241175
v -0.0329445587 -0.02029999971 0.007409879954
v -0.0329445587 -0.02430000067 0.007409879954
v 0.0008195863 -0.02430000067 -0.02092150265
v 0.0096537706 -0.02073506355 -0.02833423555
v 0.014343757 -0.01966250062 -0.03226957385
v 0.0189582696 -0.01929999948 -0.03614160745
v 0.0473351959 -0.01929999948 -0.05995258335
v -0.0110499954 -0.02089999914 -1.664638899e-08
v -0.0100946887 -0.02089999914 0.004494423254
v -0.0073939086 -0.02089999914 0.008211736054
v -0.0034146493 -0.02089999914 0.01050916345
v 0.0011550138 -0.02089999914 0.01098946095
v 0.0055249809 -0.02089999914 0.009569581054
v 0.0089396172 -0.02089999914 0.006495036454
v 0.0108085211 -0.02089999914 0.002297442254
v 0.0108085291 -0.02089999914 -0.002297398746
v 0.00893964 -0.02089999914 -0.006495018646
v 0.0055250145 -0.02089999914 -0.009569575246
v 0.0011550524 -0.02089999914 -0.01098946095
v -0.0034146124 -0.02089999914 -0.01050917945
v -0.0073938798 -0.02089999914 -0.008211756446
v -0.0100946729 -0.02089999914 -0.004494453146
v -0.0110499954 -0.02480000019 -1.664638899e-08
v -0.0100946729 -0.02480000019 -0.004494453146
v -0.0073938798 -0.02480000019 -0.008211756446
v -0.0034146124 -0.02480000019 -0.01050917945
v 0.0011550524 -0.02480000019 -0.01098946095
v 0.0055250145 -0.02480000019 -0.009569575246
v 0.00893964 -0.02480000019 -0.006495018646
v 0.0108085291 -0.02480000019 -0.002297398746
v 0.0108085211 -0.02480000019 0.002297442254
v 0.0089396172 -0.02480000019 0.006495036454
v 0.0055249809 -0.02480000019 0.009569581054
v 0.0011550138 -0.02480000019 0.01098946095
v -0.0034146493 -0.02480000019 0.01050916345
v -0.0073939086 -0.02480000019 0.008211736054
v -0.0100946887 -0.02480000019 0.004494423254
v -0.0110499954 -0.02480000019 -1.664638899e-08
v -0.0110499954 -0.02089999914 -1.664638899e-08
v 0.09439702389 -0.02920000076 -0.05636363355
v 0.09460500149 -0.02920000076 -0.05653814605
v 0.1033969763 -0.02920000076 -0.05317345315
v 0.1126982977 -0.02920000076 -0.05172246905
v 0.122097355 -0.02920000076 -0.05224941485
v 0.1311782081 -0.02920000076 -0.05473095485
v 0.1395390021 -0.02920000076 -0.05905728375
v 0.1468097398 -0.02920000076 -0.06503694245
v 0.1526686699 -0.02920000076 -0.07240531555
v 0.1568565142 -0.02920000076 -0.08083632325
v 0.1591879492 -0.02920000076 -0.08995686455
v 0.1595597986 -0.02920000076 -0.09936333515
v 0.1579556083 -0.02920000076 -0.1086394657
v 0.1544463692 -0.02920000076 -0.1173747471
v 0.1491873745 -0.02920000076 -0.1251826263
v 0.1424113559 -0.02920000076 -0.1317175698
v 0.1344181695 -0.02920000076 -0.1366903922
v 0.1255615448 -0.02920000076 -0.1398810229
v 0.1162334106 -0.02920000076 -0.1411482722
v 0.1068465742 -0.02920000076 -0.1404360584
v 0.09781643251 -0.02920000076 -0.1377758975
v 0.08954259422 -0.02920000076 -0.1332855103
v 0.08239120865 -0.02920000076 -0.1271636109
v 0.0766787436 -0.02920000076 -0.1196811208
v 0.0726579996 -0.02920000076 -0.1111691554
v 0.0705069043 -0.02920000076 -0.1020043967
v 0.0703206543 -0.02920000076 -0.09259242315
v 0.0721074804 -0.02920000076 -0.08334973755
v 0.0718995028 -0.02920000076 -0.08317522505
v 0.0753815249 -0.02920000076 -0.07490631905
v 0.08043478413 -0.02920000076 -0.06749256045
v 0.08685839908 -0.02920000076 -0.06122866365
v 0.0700365068 -0.02920000076 -0.08161199395
v 0.0679641605 -0.02920000076 -0.09103765685
v 0.0678501561 -0.02920000076 -0.1006877777
v 0.0696992614 -0.02920000076 -0.1101597679
v 0.0734343329 -0.02920000076 -0.1190584773
v 0.0788995492 -0.02920000076 -0.1270126742
v 0.08586691477 -0.02920000076 -0.1336905208
v 0.09404575867 -0.02920000076 -0.1388134351
v 0.1030948845 -0.02920000076 -0.1421676968
v 0.1126367848 -0.02920000076 -0.1436133788
v 0.1222733815 -0.02920000076 -0.1430901642
v 0.1316026676 -0.02920000076 -0.1406198834
v 0.140235432 -0.02920000076 -0.1363055911
v 0.1478115438 -0.02920000076 -0.1303272701
v 0.1540149414 -0.02920000076 -0.122934321
v 0.1585868316 -0.02920000076 -0.1144351675
v 0.1613364826 -0.02920000076 -0.105184374
v 0.1621491881 -0.02920000076 -0.09556785935
v 0.1609910424 -0.02920000076 -0.08598681535
v 0.1579103602 -0.02920000076 -0.07684093145
v 0.1530356608 -0.02920000076 -0.06851175835
v 0.1465703086 -0.02920000076 -0.06134676685
v 0.1387840246 -0.02920000076 -0.05564487615
v 0.1300016308 -0.02920000076 -0.05164395125
v 0.1205895148 -0.02920000076 -0.04951090355
v 0.1109403332 -0.02920000076 -0.04933471965
v 0.1014566222 -0.02920000076 -0.05112275165
v 0.0925340279 -0.02920000076 -0.05480039295
v 0.08508765219 -0.02920000076 -0.05976580665
v 0.0787111869 -0.02920000076 -0.06604628775
v 0.0736334086 -0.02920000076 -0.07341650165
v 0.0663200707 -0.02630000114 -0.07849354275
v 0.0684874418 -0.02706240654 -0.08031217675
v 0.0700365068 -0.02920000076 -0.08161199395
v 0.0736334086 -0.02920000076 -0.07341650165
v 0.0787111869 -0.02920000076 -0.06604628775
v 0.08508765219 -0.02920000076 -0.05976580665
v 0.0925340279 -0.02920000076 -0.05480039295
v 0.09098496289 -0.02706240654 -0.05350058525
v 0.08881759177 -0.02630000114 -0.05168195115
v 0.0815318914 -0.02630000114 -0.05681906415
v 0.0752351629 -0.02630000114 -0.06312956685
v 0.0701139637 -0.02630000114 -0.07042647175
v 0.0720217452 -0.02708692551 -0.07251832445
v 0.0772978014 -0.02708692551 -0.06486031995
v 0.08392326102 -0.02708692551 -0.05833460105
v 0.0394927015 -0.02130000114 -0.01029360235
v 0.0370587172 -0.02130000114 -0.01709628955
v 0.0334633188 -0.02130000114 -0.02336317585
v 0.0288191826 -0.02130000114 -0.02889786155
v 0.0232718484 -0.02130000114 -0.03352689195
v 0.0169951899 -0.02130000114 -0.03710519395
v 0.0463867604 -0.02130000114 -0.06176757025
v 0.0524810173 -0.02130000114 -0.05171150255
v 0.060039271 -0.02130000114 -0.04270389235
v 0.0688842815 -0.02130000114 -0.03495597875
v 0.061796601 -0.003035706878 -0.07208710035
v 0.061796601 -0.02352792263 -0.07208710035
v 0.0629972882 -0.02430000067 -0.07309459795
v 0.0670905503 -0.02430000067 -0.07652923935
v 0.0696328781 -0.02505253553 -0.07866249935
v 0.0716735343 -0.02720000029 -0.08037479895
v 0.0723771372 -0.02720000029 -0.08096519845
v 0.0723771372 -0.002300000042 -0.08096519845
v 0.0629841657 -0.002300000042 -0.07308358305
v 0.08258392132 -0.0008150106668 -0.04775669585
v 0.0761919861 -0.003787869811 -0.04239325225
v 0.0727128817 -0.004638055265 -0.03947394685
v 0.069285848 -0.004987497926 -0.03659833865
v 0.0609942349 -0.004987497926 -0.04394803515
v 0.053872086 -0.004987497926 -0.05243591115
v 0.0480739058 -0.004987497926 -0.06187784065
v 0.0515009395 -0.004638055265 -0.06475344875
v 0.0549800439 -0.003787869811 -0.06767275425
v 0.0613719696 -0.0008150106668 -0.07303620735
v 0.0652558906 -0.0008150106668 -0.06563692765
v 0.0701558288 -0.0008150106668 -0.05886751935
v 0.0759715054 -0.0008150106668 -0.05286651355
v 0.0693189859 -0.005 -0.03532073935
v 0.0731472215 -0.004701637924 -0.03853299375
v 0.077074811 -0.003775959313 -0.04182862785
v 0.08079748413 -0.002283299267 -0.04495230525
v 0.08426333244 -0.0002999999933 -0.04786048125
v 0.0771406916 -0.0002999999933 -0.05316786305
v 0.0709218688 -0.0002999999933 -0.05951030405
v 0.0657556942 -0.0002999999933 -0.06673601735
v 0.0617658114 -0.0002999999933 -0.07467208235
v 0.0582999631 -0.002283299267 -0.07176389675
v 0.0545772994 -0.003775959313 -0.06864021935
v 0.0506497004 -0.004701637924 -0.06534458535
v 0.0468214649 -0.005 -0.06213233085
v 0.0529050501 -0.005 -0.05206820465
v 0.0604641907 -0.005 -0.04305954535
v 0.0701558288 -0.0008150106668 -0.05886751935
v 0.0709218688 -0.0002999999933 -0.05951030405
v 0.053872086 -0.004987497926 -0.05243591115
v 0.0529050501 -0.005 -0.05206820465
v -0.0126000023 -0.0250999999 -1.934638899e-08
v -0.0116408645 -0.0250999999 -0.004821833146
v -0.0089095341 -0.0250999999 -0.008909562546
v -0.0048217951 -0.0250999999 -0.01164088815
v 2.21e-08 -0.0250999999 -0.01259999955
v 0.0048218359 -0.0250999999 -0.01164087125
v 0.0089095653 -0.0250999999 -0.008909531346
v 0.0116408814 -0.0250999999 -0.004821792246
v 0.0126000023 -0.0250999999 2.4853611e-08
v 0.0116408645 -0.0250999999 0.004821838654
v 0.0089095341 -0.0250999999 0.008909568154
v 0.0048217951 -0.0250999999 0.01164088415
v -2.21e-08 -0.0250999999 0.01260000505
v -0.0048218359 -0.0250999999 0.01164086725
v -0.0089095653 -0.0250999999 0.008909536854
v -0.0116408814 -0.0250999999 0.004821797854
v -0.0113500023 -0.0250999999 -1.714638898e-08
v -0.0103687558 -0.0250999999 0.004616435854
v -0.0075946384 -0.0250999999 0.008434685654
v -0.0035073661 -0.0250999999 0.01079448365
v 0.0011863701 -0.0250999999 0.01128782755
v 0.0056749744 -0.0250999999 0.009829400354
v 0.009182327 -0.0250999999 0.006671371254
v 0.0111019665 -0.0250999999 0.002359813054
v 0.0111019748 -0.0250999999 -0.002359787646
v 0.0091823504 -0.0250999999 -0.006671352546
v 0.0056750089 -0.0250999999 -0.009829374946
v 0.0011864097 -0.0250999999 -0.01128781785
v -0.0035073282 -0.0250999999 -0.01079449995
v -0.0075946088 -0.0250999999 -0.008434706746
v -0.0103687396 -0.0250999999 -0.004616485746
v 0.0463867604 -0.02130000114 -0.06176757025
v 0.0503379247 -0.02161785841 -0.06508298345
v 0.0543840561 -0.02260391474 -0.06847807595
v 0.0581925029 -0.02418135405 -0.07167372705
v 0.0617658114 -0.02630000114 -0.07467208235
v 0.0657556942 -0.02630000114 -0.06673601735
v 0.0709218688 -0.02630000114 -0.05951030405
v 0.0771406916 -0.02630000114 -0.05316786305
v 0.08426333244 -0.02630000114 -0.04786048125
v 0.08069002395 -0.02418135405 -0.04486213555
v 0.0768815772 -0.02260391474 -0.04166648445
v 0.0728354458 -0.02161785841 -0.03827138235
v 0.0688842815 -0.02130000114 -0.03495597875
v 0.060039271 -0.02130000114 -0.04270389235
v 0.0524810173 -0.02130000114 -0.05171150255
v 0.0641161047 -0.02186619043 -0.04813688195
v 0.0595065499 -0.02354873419 -0.06526146655
v 0.053826689 -0.02186619043 -0.06206718255
v 0.0637810401 -0.02354873419 -0.05865460365
v 0.0585394104 -0.02186619043 -0.05478295265
v 0.0688391465 -0.02354873419 -0.05262655295
v 0.074603364 -0.02354873419 -0.04726971605
v 0.0704712941 -0.02186619043 -0.04223084205
v 0.08172297378 -0.02352792263 -0.04833968805
v 0.08292366105 -0.02430000067 -0.04934718565
v 0.0748553019 -0.02430000067 -0.05598956045
v 0.0681376627 -0.02430000067 -0.06399535345
v 0.0629972882 -0.02430000067 -0.07309459795
v 0.061796601 -0.02352792263 -0.07208710035
v 0.0616531784 -0.02352792263 -0.07240262375
v 0.0615116347 -0.02352792263 -0.07271899595
v 0.0613719696 -0.02352792263 -0.07303620735
v 0.0549830098 -0.02058995724 -0.06767524325
v 0.0480739058 -0.0193287003 -0.06187784065
v 0.0482312139 -0.0193287003 -0.06157513465
v 0.0483899047 -0.0193287003 -0.06127315335
v 0.0485499498 -0.0193287003 -0.06097188735
v 0.0473351959 -0.01929999948 -0.05995258335
v 0.0528809396 -0.01929999948 -0.05115828495
v 0.0595639033 -0.01929999948 -0.04319380525
v 0.0672615687 -0.01929999948 -0.03620517095
v 0.0684763227 -0.0193287003 -0.03722447495
v 0.0687452203 -0.0193287003 -0.03701453265
v 0.0690150621 -0.0193287003 -0.03680582055
v 0.069285848 -0.0193287003 -0.03659833865
v 0.076194952 -0.02058995724 -0.04239574135
v 0.08258392132 -0.02352792263 -0.04775669585
v 0.08229578804 -0.02352792263 -0.04794932905
v 0.08200879917 -0.02352792263 -0.04814365975
v 0.0588657479 -0.01986566782 -0.05461782335
v 0.0688767411 -0.02154743433 -0.05306996375
v 0.0741324506 -0.02154743433 -0.04809334815
v 0.0698215285 -0.01986566782 -0.04298416005
v 0.0640101521 -0.01986566782 -0.04848693785
v 0.0602358904 -0.02154743433 -0.06465468045
v 0.0544557312 -0.01986566782 -0.06129646955
v 0.0642242316 -0.02154743433 -0.05861462485
v 0.08426333244 -0.02630000114 -0.04786048125
v 0.0771406916 -0.02630000114 -0.05316786305
v 0.0709218688 -0.02630000114 -0.05951030405
v 0.0657556942 -0.02630000114 -0.06673601735
v 0.0617658114 -0.02630000114 -0.07467208235
v 0.0663200707 -0.02630000114 -0.07849354275
v 0.0701139637 -0.02630000114 -0.07042647175
v 0.0752351629 -0.02630000114 -0.06312956685
v 0.0815318914 -0.02630000114 -0.05681906415
v 0.08881759177 -0.02630000114 -0.05168195115
v -0.0107500076 -0.02059999943 -1.6046389e-08
v -0.0098206215 -0.02059999943 0.004372410654
v -0.0071931598 -0.02059999943 0.007988786354
v -0.0033219517 -0.02059999943 0.01022384335
v 0.0011236575 -0.02059999943 0.01069111345
v 0.0053749875 -0.02059999943 0.009309780854
v 0.0086969265 -0.02059999943 0.006318701654
v 0.0105150756 -0.02059999943 0.002235071454
v 0.0105150834 -0.02059999943 -0.002235028946
v 0.0086969487 -0.02059999943 -0.006318684646
v 0.0053750202 -0.02059999943 -0.009309756446
v 0.0011236951 -0.02059999943 -0.01069110395
v -0.0033219158 -0.02059999943 -0.01022385905
v -0.0071931317 -0.02059999943 -0.007988825146
v -0.0098206062 -0.02059999943 -0.004372439546
v -0.0110499954 -0.02089999914 -1.664638899e-08
v -0.0100946729 -0.02089999914 -0.004494453146
v -0.0073938798 -0.02089999914 -0.008211756446
v -0.0034146124 -0.02089999914 -0.01050917945
v 0.0011550524 -0.02089999914 -0.01098946095
v 0.0055250145 -0.02089999914 -0.009569575246
v 0.00893964 -0.02089999914 -0.006495018646
v 0.0108085291 -0.02089999914 -0.002297398746
v 0.0108085211 -0.02089999914 0.002297442254
v 0.0089396172 -0.02089999914 0.006495036454
v 0.0055249809 -0.02089999914 0.009569581054
v 0.0011550138 -0.02089999914 0.01098946095
v -0.0034146493 -0.02089999914 0.01050916345
v -0.0073939086 -0.02089999914 0.008211736054
v -0.0100946887 -0.02089999914 0.004494423254
v 0.0011236575 -0.02059999943 0.01069111345
v 0.0011550138 -0.02089999914 0.01098946095
v -0.0302313762 -0.02630000114 0.01928356865
v -0.0292600652 -0.02630000114 0.02290858175
v -0.0266063757 -0.02630000114 0.02556226155
v -0.0229813851 -0.02630000114 0.02653358515
v -0.0193563719 -0.02630000114 0.02556227425
v -0.0167026922 -0.02630000114 0.02290860385
v -0.0157313685 -0.02630000114 0.01928359405
v -0.0167026795 -0.02630000114 0.01565860005
v -0.0193563499 -0.02630000114 0.01300490125
v -0.0229813596 -0.02630000114 0.01203359665
v -0.0266063537 -0.02630000114 0.01300488845
v -0.0292600525 -0.02630000114 0.01565857795
v -0.0126000023 -0.02630000114 -1.934638899e-08
v -0.0116408814 -0.02630000114 0.004821797854
v -0.0089095653 -0.02630000114 0.008909536854
v -0.0048218359 -0.02630000114 0.01164086725
v -2.21e-08 -0.02630000114 0.01260000505
v 0.0048217951 -0.02630000114 0.01164088415
v 0.0089095341 -0.02630000114 0.008909568154
v 0.0116408645 -0.02630000114 0.004821838654
v 0.0126000023 -0.02630000114 2.4853611e-08
v 0.0116408814 -0.02630000114 -0.004821792246
v 0.0089095653 -0.02630000114 -0.008909531346
v 0.0048218359 -0.02630000114 -0.01164087125
v 2.21e-08 -0.02630000114 -0.01259999955
v -0.0048217951 -0.02630000114 -0.01164088815
v -0.0089095341 -0.02630000114 -0.008909562546
v -0.0116408645 -0.02630000114 -0.004821833146
v -0.0017506034 -0.02630000114 -0.02137567555
v 0.0040708339 -0.02630000114 -0.02105735745
v 0.0095914605 -0.02630000114 -0.01918300575
v 0.0144033329 -0.02630000114 -0.01589113295
v 0.0181508646 -0.02630000114 -0.01142498365
v 0.0205571377 -0.02630000114 -0.006114577546
v 0.0214443404 -0.02630000114 -0.0003523422464
v 0.0207469177 -0.02630000114 0.005435925554
v -0.0117326166 -0.02630000114 0.03268938185
v -0.0164257863 -0.02630000114 0.03550931235
v -0.0217606617 -0.02630000114 0.03674095425
v -0.0272150295 -0.02630000114 0.03626376425
v -0.0322549847 -0.02630000114 0.03412441595
v -0.0363871729 -0.02630000114 0.03053235625
v -0.0392071033 -0.02630000114 0.02583916735
v -0.0404387452 -0.02630000114 0.02050429205
v -0.0399615361 -0.02630000114 0.01504992425
v -0.0378221878 -0.02630000114 0.01000996905
v -0.0342301281 -0.02630000114 0.005877799954
v 0.0710927645 -0.02720000029 -0.08510910635
v 0.0716605787 -0.02720000029 -0.08310165905
v 0.0723771372 -0.02720000029 -0.08096519845
v 0.0716735343 -0.02720000029 -0.08037479895
v 0.0750433586 -0.02720000029 -0.07323596855
v 0.079581416 -0.02720000029 -0.06677649565
v 0.08515470752 -0.02720000029 -0.06118568455
v 0.09159990712 -0.02720000029 -0.05662738665
v 0.09230350999 -0.02720000029 -0.05721778605
v 0.09428307849 -0.02720000029 -0.05614110335
v 0.09616143383 -0.02720000029 -0.05523332605
v 0.0963737888 -0.02720000029 -0.05541151975
v 0.09626499372 -0.02720000029 -0.05546086305
v 0.09439702389 -0.02720000029 -0.05636363355
v 0.0872987099 -0.02720000029 -0.06088216445
v 0.08116570724 -0.02720000029 -0.06664317865
v 0.0762124397 -0.02720000029 -0.07344525995
v 0.0726121036 -0.02720000029 -0.08105057095
v 0.0718995028 -0.02720000029 -0.08317522505
v 0.0713348358 -0.02720000029 -0.08517158115
v 0.071305129 -0.02720000029 -0.08528729995
v 0.09439702389 -0.01480000019 -0.05636363355
v 0.09439702389 -0.02720000029 -0.05636363355
v 0.09626499372 -0.02720000029 -0.05546086305
v 0.0963737888 -0.02720000029 -0.05541151975
v 0.0963737888 -0.01279999971 -0.05541151975
v 0.09626499372 -0.01279999971 -0.05546086305
v 0.09182800898 -0.01279999971 -0.05778676805
v 0.08767704153 -0.01279999971 -0.06059143615
v 0.08386354206 -0.01279999971 -0.06384012485
v 0.08043478413 -0.01279999971 -0.06749256045
v 0.0774332538 -0.01279999971 -0.07150348145
v 0.0748961444 -0.01279999971 -0.07582317285
v 0.0728549079 -0.01279999971 -0.08039810465
v 0.0713348358 -0.01279999971 -0.08517158115
v 0.071305129 -0.01279999971 -0.08528729995
v 0.071305129 -0.02720000029 -0.08528729995
v 0.0713348358 -0.02720000029 -0.08517158115
v 0.0718995028 -0.02720000029 -0.08317522505
v 0.0718995028 -0.01480000019 -0.08317522505
v 0.0753815249 -0.01480000019 -0.07490631905
v 0.08043478413 -0.01480000019 -0.06749256045
v 0.08685839908 -0.01480000019 -0.06122866365
v 0.0165260196 -0.005 -0.03671152755
v 0.0118840221 -0.004639089108 -0.03281643415
v 0.0071983463 -0.003598669767 -0.02888471015
v -0.0017506034 -0.0002999999933 -0.02137567555
v 0.0040708339 -0.0002999999933 -0.02105735745
v 0.0095914605 -0.0002999999933 -0.01918300575
v 0.0144033329 -0.0002999999933 -0.01589113295
v 0.0181508646 -0.0002999999933 -0.01142498365
v 0.0205571377 -0.0002999999933 -0.006114577546
v 0.0214443404 -0.0002999999933 -0.0003523422464
v 0.0207469177 -0.0002999999933 0.005435925554
v 0.0296958674 -0.003598669767 -0.002073118646
v 0.0343815432 -0.004639089108 -0.006004842546
v 0.0390235502 -0.005 -0.009899935946
v 0.0366228302 -0.005 -0.01672166795
v 0.0330404113 -0.005 -0.02300385125
v 0.0283918786 -0.005 -0.02854377255
v 0.0228272352 -0.005 -0.03316267495
v 0.0267663489 -0.002887728214 -0.006011894046
v 0.0235428485 -0.002887728214 -0.01408241635
v 0.0144450025 -0.002887728214 -0.02332214405
v 0.0064253131 -0.002887728214 -0.02667012715
v 0.0177764252 -0.004468399584 -0.02870089945
v 0.0130059789 -0.004468399584 -0.03115425415
v 0.0105685678 -0.002887728214 -0.02531572115
v 0.0210150742 -0.002887728214 -0.01763368455
v 0.0258617591 -0.004468399584 -0.02170051525
v 0.0220980615 -0.004468399584 -0.02552290575
v 0.0179567129 -0.002887728214 -0.02073973085
v 0.0289725036 -0.004468399584 -0.01733023055
v 0.0329394375 -0.004468399584 -0.007398392146
v 0.03135176 -0.004468399584 -0.01252240125
v 0.0254762065 -0.002887728214 -0.01017560975
v 0.0273806983 -0.002887728214 -0.001696383146
v 0.0485499498 -0.006988093257 -0.06097188735
v 0.0540721569 -0.006988093257 -0.05215959315
v 0.0607568658 -0.006988093257 -0.04419304395
v 0.0684763227 -0.006988093257 -0.03722447495
v 0.0676937077 -0.006999999881 -0.03656778575
v 0.0599883939 -0.006999999881 -0.04354937235
v 0.0533048199 -0.006999999881 -0.05151457695
v 0.0477673349 -0.006999999881 -0.06031519815
v -0.0050499916 -0.02059999943 -6.046389001e-09
v -0.004085546 -0.02059999943 0.002968306954
v -0.0015605439 -0.02059999943 0.004802837454
v 0.001560527 -0.02059999943 0.004802842854
v 0.0040855356 -0.02059999943 0.002968321254
v 0.0050499916 -0.02059999943 1.165361102e-08
v 0.004085546 -0.02059999943 -0.002968301346
v 0.0015605439 -0.02059999943 -0.004802831846
v -0.001560527 -0.02059999943 -0.004802837346
v -0.0040855356 -0.02059999943 -0.002968315746
v -0.0107500076 -0.02059999943 -1.6046389e-08
v -0.0098206062 -0.02059999943 -0.004372439546
v -0.0071931317 -0.02059999943 -0.007988825146
v -0.0033219158 -0.02059999943 -0.01022385905
v 0.0011236951 -0.02059999943 -0.01069110395
v 0.0053750202 -0.02059999943 -0.009309756446
v 0.0086969487 -0.02059999943 -0.006318684646
v 0.0105150834 -0.02059999943 -0.002235028946
v 0.0105150756 -0.02059999943 0.002235071454
v 0.0086969265 -0.02059999943 0.006318701654
v 0.0053749875 -0.02059999943 0.009309780854
v 0.0011236575 -0.02059999943 0.01069111345
v -0.0033219517 -0.02059999943 0.01022384335
v -0.0071931598 -0.02059999943 0.007988786354
v -0.0098206215 -0.02059999943 0.004372410654
v -0.0282313685 -0.0225999999 0.01928357215
v -0.0273979476 -0.0225999999 0.01644520995
v -0.0251622836 -0.0225999999 0.01450801525
v -0.0222341975 -0.0225999999 0.01408703035
v -0.0195433504 -0.0225999999 0.01531590165
v -0.0179440239 -0.0225999999 0.01780449855
v -0.0179440291 -0.0225999999 0.02076270095
v -0.0195433643 -0.0225999999 0.02325127305
v -0.0222342158 -0.0225999999 0.02448015405
v -0.0251623004 -0.0225999999 0.02405915885
v -0.0273979575 -0.0225999999 0.02212193725
v -0.0282313685 -0.01830000043 0.01928357215
v -0.0273979575 -0.01830000043 0.02212193725
v -0.0251623004 -0.01830000043 0.02405915885
v -0.0222342158 -0.01830000043 0.02448015405
v -0.0195433643 -0.01830000043 0.02325127305
v -0.0179440291 -0.01830000043 0.02076270095
v -0.0179440239 -0.01830000043 0.01780449855
v -0.0195433504 -0.01830000043 0.01531590165
v -0.0222341975 -0.01830000043 0.01408703035
v -0.0251622836 -0.01830000043 0.01450801525
v -0.0273979476 -0.01830000043 0.01644520995
v -0.0282313685 -0.0225999999 0.01928357215
v -0.0282313685 -0.01830000043 0.01928357215
v 0.0207469177 -0.0002999999933 0.005435925554
v 0.0214443404 -0.0002999999933 -0.0003523422464
v 0.0205571377 -0.0002999999933 -0.006114577546
v 0.0181508646 -0.0002999999933 -0.01142498365
v 0.0144033329 -0.0002999999933 -0.01589113295
v 0.0095914605 -0.0002999999933 -0.01918300575
v 0.0040708339 -0.0002999999933 -0.02105735745
v -0.0017506034 -0.0002999999933 -0.02137567555
v -0.0342301281 -0.0002999999933 0.005877799954
v -0.0378221878 -0.0002999999933 0.01000996905
v -0.0399615361 -0.0002999999933 0.01504992425
v -0.0404387452 -0.0002999999933 0.02050429205
v -0.0392071033 -0.0002999999933 0.02583916735
v -0.0363871729 -0.0002999999933 0.03053235625
v -0.0322549847 -0.0002999999933 0.03412441595
v -0.0272150295 -0.0002999999933 0.03626376425
v -0.0217606617 -0.0002999999933 0.03674095425
v -0.0164257863 -0.0002999999933 0.03550931235
v -0.0117326166 -0.0002999999933 0.03268938185
v -0.0302313762 -0.0002999999933 0.01928356865
v -0.0292600525 -0.0002999999933 0.01565857795
v -0.0266063537 -0.0002999999933 0.01300488845
v -0.0229813596 -0.0002999999933 0.01203359665
v -0.0193563499 -0.0002999999933 0.01300490125
v -0.0167026795 -0.0002999999933 0.01565860005
v -0.0157313685 -0.0002999999933 0.01928359405
v -0.0167026922 -0.0002999999933 0.02290860385
v -0.0193563719 -0.0002999999933 0.02556227425
v -0.0229813851 -0.0002999999933 0.02653358515
v -0.0266063757 -0.0002999999933 0.02556226155
v -0.0292600652 -0.0002999999933 0.02290858175
v -0.0126000023 -0.0002999999933 -1.934638899e-08
v -0.0116408645 -0.0002999999933 -0.004821833146
v -0.0089095341 -0.0002999999933 -0.008909562546
v -0.0048217951 -0.0002999999933 -0.01164088815
v 2.21e-08 -0.0002999999933 -0.01259999955
v 0.0048218359 -0.0002999999933 -0.01164087125
v 0.0089095653 -0.0002999999933 -0.008909531346
v 0.0116408814 -0.0002999999933 -0.004821792246
v 0.0126000023 -0.0002999999933 2.4853611e-08
v 0.0116408645 -0.0002999999933 0.004821838654
v 0.0089095341 -0.0002999999933 0.008909568154
v 0.0048217951 -0.0002999999933 0.01164088415
v -2.21e-08 -0.0002999999933 0.01260000505
v -0.0048218359 -0.0002999999933 0.01164086725
v -0.0089095653 -0.0002999999933 0.008909536854
v -0.0116408814 -0.0002999999933 0.004821797854
v -0.0322313647 -0.02430000067 0.01928356515
v -0.0313153294 -0.02430000067 0.02329699065
v -0.0287486542 -0.02430000067 0.02651551245
v -0.0250397034 -0.02430000067 0.02830167465
v -0.0209230729 -0.02430000067 0.02830168195
v -0.0172140968 -0.02430000067 0.02651553275
v -0.0146474103 -0.02430000067 0.02329701995
v -0.0137313609 -0.02430000067 0.01928359755
v -0.0146473962 -0.02430000067 0.01527017205
v -0.0172140714 -0.02430000067 0.01205165025
v -0.0209230412 -0.02430000067 0.01026550715
v -0.0250396718 -0.02430000067 0.01026549995
v -0.0287486288 -0.02430000067 0.01205163005
v -0.0313153153 -0.02430000067 0.01527014285
v -0.0322313647 -0.02059999943 0.01928356515
v -0.0313153153 -0.02059999943 0.01527014285
v -0.0287486288 -0.02059999943 0.01205163005
v -0.0250396718 -0.02059999943 0.01026549995
v -0.0209230412 -0.02059999943 0.01026550715
v -0.0172140714 -0.02059999943 0.01205165025
v -0.0146473962 -0.02059999943 0.01527017205
v -0.0137313609 -0.02059999943 0.01928359755
v -0.0146474103 -0.02059999943 0.02329701995
v -0.0172140968 -0.02059999943 0.02651553275
v -0.0209230729 -0.02059999943 0.02830168195
v -0.0250397034 -0.02059999943 0.02830167465
v -0.0287486542 -0.02059999943 0.02651551245
v -0.0313153294 -0.02059999943 0.02329699065
v -0.0322313647 -0.02059999943 0.01928356515
v -0.0322313647 -0.02430000067 0.01928356515
v -0.0302313762 -0.006299999952 0.01928356865
v -0.0292600525 -0.006299999952 0.01565857795
v -0.0266063537 -0.006299999952 0.01300488845
v -0.0229813596 -0.006299999952 0.01203359665
v -0.0193563499 -0.006299999952 0.01300490125
v -0.0167026795 -0.006299999952 0.01565860005
v -0.0157313685 -0.006299999952 0.01928359405
v -0.0167026922 -0.006299999952 0.02290860385
v -0.0193563719 -0.006299999952 0.02556227425
v -0.0229813851 -0.006299999952 0.02653358515
v -0.0266063757 -0.006299999952 0.02556226155
v -0.0292600652 -0.006299999952 0.02290858175
v 0.0234404268 -0.006299999952 0.0005650005536
v 0.0226300252 -0.006299999952 -0.006136355846
v 0.01994406 -0.006299999952 -0.01232913055
v 0.0156051371 -0.006299999952 -0.01750007475
v 0.0099728575 -0.006299999952 -0.02122062565
v 0.0035140444 -0.006299999952 -0.02318241175
v -0.0329445587 -0.006299999952 0.007409879954
v -0.0364047444 -0.006299999952 0.01153356165
v -0.0382458787 -0.006299999952 0.01659201865
v -0.0382458882 -0.006299999952 0.02197510965
v -0.0364047716 -0.006299999952 0.02703357305
v -0.0329446004 -0.006299999952 0.03115726685
v -0.0282827018 -0.006299999952 0.03384881105
v -0.0229813995 -0.006299999952 0.03478359285
v -0.017680075 -0.006299999952 0.03384882965
v -0.0130181859 -0.006299999952 0.03115730185
v -2.28e-08 -0.006299999952 0.01297035495
v -0.0049635716 -0.006299999952 0.01198304535
v -0.0091714448 -0.006299999952 0.009171415354
v -0.01198306 -0.006299999952 0.004963513254
v -0.0129703522 -0.006299999952 -1.994638898e-08
v -0.0119830426 -0.006299999952 -0.004963568846
v -0.0091714126 -0.006299999952 -0.009171442046
v -0.0049635295 -0.006299999952 -0.01198305725
v 2.28e-08 -0.006299999952 -0.01297035895
v 0.0049635716 -0.006299999952 -0.01198303985
v 0.0091714448 -0.006299999952 -0.009171409846
v 0.01198306 -0.006299999952 -0.004963526746
v 0.0129703522 -0.006299999952 2.5553611e-08
v 0.0119830426 -0.006299999952 0.004963555254
v 0.0091714126 -0.006299999952 0.009171447554
v 0.0049635295 -0.006299999952 0.01198306275
v 0.0165260196 -0.005 -0.03671152755
v 0.0228272352 -0.005 -0.03316267495
v 0.0283918786 -0.005 -0.02854377255
v 0.0330404113 -0.005 -0.02300385125
v 0.0366228302 -0.005 -0.01672166795
v 0.0390235502 -0.005 -0.009899935946
v 0.0693189859 -0.005 -0.03532073935
v 0.0604641907 -0.005 -0.04305954535
v 0.0529050501 -0.005 -0.05206820465
v 0.0468214649 -0.005 -0.06213233085
v -0.0342301281 -0.02630000114 0.005877799954
v -0.0378221878 -0.02630000114 0.01000996905
v -0.0399615361 -0.02630000114 0.01504992425
v -0.0404387452 -0.02630000114 0.02050429205
v -0.0392071033 -0.02630000114 0.02583916735
v -0.0363871729 -0.02630000114 0.03053235625
v -0.0322549847 -0.02630000114 0.03412441595
v -0.0272150295 -0.02630000114 0.03626376425
v -0.0217606617 -0.02630000114 0.03674095425
v -0.0164257863 -0.02630000114 0.03550931235
v -0.0117326166 -0.02630000114 0.03268938185
v -0.0117326166 -0.01830000043 0.03268938185
v -0.0164257863 -0.01830000043 0.03550931235
v -0.0217606617 -0.01830000043 0.03674095425
v -0.0272150295 -0.01830000043 0.03626376425
v -0.0322549847 -0.01830000043 0.03412441595
v -0.0363871729 -0.01830000043 0.03053235625
v -0.0392071033 -0.01830000043 0.02583916735
v -0.0404387452 -0.01830000043 0.02050429205
v -0.0399615361 -0.01830000043 0.01504992425
v -0.0378221878 -0.01830000043 0.01000996905
v -0.0342301281 -0.01830000043 0.005877799954
v 0.0684763227 -0.006988093257 -0.03722447495
v 0.0684763227 -0.0193287003 -0.03722447495
v 0.0672615687 -0.01929999948 -0.03620517095
v 0.0388846424 -0.01929999948 -0.01239419515
v 0.0342701203 -0.01966250062 -0.008522161546
v 0.0295801529 -0.02073506355 -0.004586832646
v 0.0207459591 -0.02430000067 0.002825909654
v -0.0130181859 -0.02430000067 0.03115730185
v -0.0130181859 -0.02029999971 0.03115730185
v 0.0234404268 -0.02029999971 0.0005650005536
v 0.0234404268 -0.006299999952 0.0005650005536
v -0.0130181859 -0.006299999952 0.03115730185
v -0.0130181859 -0.002300000042 0.03115730185
v 0.0207647465 -0.002300000042 0.002810155054
v 0.0293941862 -0.005655953884 -0.004430773746
v 0.0339506962 -0.00666064918 -0.008254122346
v 0.0384266587 -0.006999999881 -0.01200990335
v 0.0676937077 -0.006999999881 -0.03656778575
v -0.0126000023 -0.02630000114 -1.934638899e-08
v -0.0116408645 -0.02630000114 -0.004821833146
v -0.0089095341 -0.02630000114 -0.008909562546
v -0.0048217951 -0.02630000114 -0.01164088815
v 2.21e-08 -0.02630000114 -0.01259999955
v 0.0048218359 -0.02630000114 -0.01164087125
v 0.0089095653 -0.02630000114 -0.008909531346
v 0.0116408814 -0.02630000114 -0.004821792246
v 0.0126000023 -0.02630000114 2.4853611e-08
v 0.0116408645 -0.02630000114 0.004821838654
v 0.0089095341 -0.02630000114 0.008909568154
v 0.0048217951 -0.02630000114 0.01164088415
v -2.21e-08 -0.02630000114 0.01260000505
v -0.0048218359 -0.02630000114 0.01164086725
v -0.0089095653 -0.02630000114 0.008909536854
v -0.0116408814 -0.02630000114 0.004821797854
v -0.0126000023 -0.0250999999 -1.934638899e-08
v -0.0116408814 -0.0250999999 0.004821797854
v -0.0089095653 -0.0250999999 0.008909536854
v -0.0048218359 -0.0250999999 0.01164086725
v -2.21e-08 -0.0250999999 0.01260000505
v 0.0048217951 -0.0250999999 0.01164088415
v 0.0089095341 -0.0250999999 0.008909568154
v 0.0116408645 -0.0250999999 0.004821838654
v 0.0126000023 -0.0250999999 2.4853611e-08
v 0.0116408814 -0.0250999999 -0.004821792246
v 0.0089095653 -0.0250999999 -0.008909531346
v 0.0048218359 -0.0250999999 -0.01164087125
v 2.21e-08 -0.0250999999 -0.01259999955
v -0.0048217951 -0.0250999999 -0.01164088815
v -0.0089095341 -0.0250999999 -0.008909562546
v -0.0116408645 -0.0250999999 -0.004821833146
v -0.0126000023 -0.02630000114 -1.934638899e-08
v -0.0126000023 -0.0250999999 -1.934638899e-08
v -0.0302313762 -0.02059999943 0.01928356865
v -0.0292600525 -0.02059999943 0.01565857795
v -0.0266063537 -0.02059999943 0.01300488845
v -0.0229813596 -0.02059999943 0.01203359665
v -0.0193563499 -0.02059999943 0.01300490125
v -0.0167026795 -0.02059999943 0.01565860005
v -0.0157313685 -0.02059999943 0.01928359405
v -0.0167026922 -0.02059999943 0.02290860385
v -0.0193563719 -0.02059999943 0.02556227425
v -0.0229813851 -0.02059999943 0.02653358515
v -0.0266063757 -0.02059999943 0.02556226155
v -0.0292600652 -0.02059999943 0.02290858175
v -0.0322313647 -0.02059999943 0.01928356515
v -0.0313153294 -0.02059999943 0.02329699065
v -0.0287486542 -0.02059999943 0.02651551245
v -0.0250397034 -0.02059999943 0.02830167465
v -0.0209230729 -0.02059999943 0.02830168195
v -0.0172140968 -0.02059999943 0.02651553275
v -0.0146474103 -0.02059999943 0.02329701995
v -0.0137313609 -0.02059999943 0.01928359755
v -0.0146473962 -0.02059999943 0.01527017205
v -0.0172140714 -0.02059999943 0.01205165025
v -0.0209230412 -0.02059999943 0.01026550715
v -0.0250396718 -0.02059999943 0.01026549995
v -0.0287486288 -0.02059999943 0.01205163005
v -0.0313153153 -0.02059999943 0.01527014285
v -0.0302313762 -0.02029999971 0.01928356865
v -0.0292600652 -0.02029999971 0.02290858175
v -0.0266063757 -0.02029999971 0.02556226155
v -0.0229813851 -0.02029999971 0.02653358515
v -0.0193563719 -0.02029999971 0.02556227425
v -0.0167026922 -0.02029999971 0.02290860385
v -0.0157313685 -0.02029999971 0.01928359405
v -0.0167026795 -0.02029999971 0.01565860005
v -0.0193563499 -0.02029999971 0.01300490125
v -0.0229813596 -0.02029999971 0.01203359665
v -0.0266063537 -0.02029999971 0.01300488845
v -0.0292600525 -0.02029999971 0.01565857795
v 0.0035140444 -0.02029999971 -0.02318241175
v 0.0099728575 -0.02029999971 -0.02122062565
v 0.0156051371 -0.02029999971 -0.01750007475
v 0.01994406 -0.02029999971 -0.01232913055
v 0.0226300252 -0.02029999971 -0.006136355846
v 0.0234404268 -0.02029999971 0.0005650005536
v -0.0130181859 -0.02029999971 0.03115730185
v -0.017680075 -0.02029999971 0.03384882965
v -0.0229813995 -0.02029999971 0.03478359285
v -0.0282827018 -0.02029999971 0.03384881105
v -0.0329446004 -0.02029999971 0.03115726685
v -0.0364047716 -0.02029999971 0.02703357305
v -0.0382458882 -0.02029999971 0.02197510965
v -0.0382458787 -0.02029999971 0.01659201865
v -0.0364047444 -0.02029999971 0.01153356165
v -0.0329445587 -0.02029999971 0.007409879954
v 2.28e-08 -0.02029999971 -0.01297035895
v -0.0049635295 -0.02029999971 -0.01198305725
v -0.0091714126 -0.02029999971 -0.009171442046
v -0.0119830426 -0.02029999971 -0.004963568846
v -0.0129703522 -0.02029999971 -1.994638898e-08
v -0.01198306 -0.02029999971 0.004963513254
v -0.0091714448 -0.02029999971 0.009171415354
v -0.0049635716 -0.02029999971 0.01198304535
v -2.28e-08 -0.02029999971 0.01297035495
v 0.0049635295 -0.02029999971 0.01198306275
v 0.0091714126 -0.02029999971 0.009171447554
v 0.0119830426 -0.02029999971 0.004963555254
v 0.0129703522 -0.02029999971 2.5553611e-08
v 0.01198306 -0.02029999971 -0.004963526746
v 0.0091714448 -0.02029999971 -0.009171409846
v 0.0049635716 -0.02029999971 -0.01198303985
v -0.0080500031 -0.01830000043 -1.1346389e-08
v -0.0071279079 -0.01830000043 -0.003741026146
v -0.0045729139 -0.01830000043 -0.006625028146
v -0.0009703114 -0.01830000043 -0.007991312846
v 0.0028545893 -0.01830000043 -0.007526866746
v 0.0060255144 -0.01830000043 -0.005338121446
v 0.0078160892 -0.01830000043 -0.001926481946
v 0.0078160824 -0.01830000043 0.001926495854
v 0.0060254957 -0.01830000043 0.005338148154
v 0.0028545629 -0.01830000043 0.007526882354
v -0.0009703395 -0.01830000043 0.007991295954
v -0.0045729372 -0.01830000043 0.006625017654
v -0.007127921 -0.01830000043 0.003741006654
v 0.0207469177 -0.01830000043 0.005435925554
v 0.0214443404 -0.01830000043 -0.0003523422464
v 0.0205571377 -0.01830000043 -0.006114577546
v 0.0181508646 -0.01830000043 -0.01142498365
v 0.0144033329 -0.01830000043 -0.01589113295
v 0.0095914605 -0.01830000043 -0.01918300575
v 0.0040708339 -0.01830000043 -0.02105735745
v -0.0017506034 -0.01830000043 -0.02137567555
v -0.0342301281 -0.01830000043 0.005877799954
v -0.0378221878 -0.01830000043 0.01000996905
v -0.0399615361 -0.01830000043 0.01504992425
v -0.0404387452 -0.01830000043 0.02050429205
v -0.0392071033 -0.01830000043 0.02583916735
v -0.0363871729 -0.01830000043 0.03053235625
v -0.0322549847 -0.01830000043 0.03412441595
v -0.0272150295 -0.01830000043 0.03626376425
v -0.0217606617 -0.01830000043 0.03674095425
v -0.0164257863 -0.01830000043 0.03550931235
v -0.0117326166 -0.01830000043 0.03268938185
v -0.0282313685 -0.01830000043 0.01928357215
v -0.0273979476 -0.01830000043 0.01644520995
v -0.0251622836 -0.01830000043 0.01450801525
v -0.0222341975 -0.01830000043 0.01408703035
v -0.0195433504 -0.01830000043 0.01531590165
v -0.0179440239 -0.01830000043 0.01780449855
v -0.0179440291 -0.01830000043 0.02076270095
v -0.0195433643 -0.01830000043 0.02325127305
v -0.0222342158 -0.01830000043 0.02448015405
v -0.0251623004 -0.01830000043 0.02405915885
v -0.0273979575 -0.01830000043 0.02212193725
v 0.08172297378 -0.02352792263 -0.04833968805
v 0.08172297378 -0.003035706878 -0.04833968805
v 0.08291053847 -0.002300000042 -0.04933617065
v 0.09230350999 -0.002300000042 -0.05721778605
v 0.09230350999 -0.02720000029 -0.05721778605
v 0.09159990712 -0.02720000029 -0.05662738665
v 0.08955925088 -0.02505253553 -0.05491508705
v 0.08701692307 -0.02430000067 -0.05278182695
v 0.08292366105 -0.02430000067 -0.04934718565
v 0.0710927645 -0.01279999971 -0.08510910635
v 0.0710927645 -0.02720000029 -0.08510910635
v 0.071305129 -0.02720000029 -0.08528729995
v 0.071305129 -0.01279999971 -0.08528729995
v 0.09616143383 -0.02720000029 -0.05523332605
v 0.09616143383 -0.01279999971 -0.05523332605
v 0.0963737888 -0.01279999971 -0.05541151975
v 0.0963737888 -0.02720000029 -0.05541151975
v -0.0130500031 -0.02309999943 -2.0146389e-08
v -0.0121687616 -0.02309999943 -0.004714221446
v -0.0096440542 -0.02309999943 -0.008791746946
v -0.0058168588 -0.02309999943 -0.01168188835
v -0.0012040864 -0.02309999943 -0.01299433645
v 0.0035713225 -0.02309999943 -0.01255181365
v 0.0078643982 -0.02309999943 -0.01041410695
v 0.0110953452 -0.02309999943 -0.006869923246
v 0.0128278011 -0.02309999943 -0.002397912446
v 0.0128277927 -0.02309999943 0.002397963054
v 0.011095321 -0.02309999943 0.006869967754
v 0.0078643616 -0.02309999943 0.01041414015
v 0.0035712785 -0.02309999943 0.01255183165
v -0.001204132 -0.02309999943 0.01299432825
v -0.0058168998 -0.02309999943 0.01168187355
v -0.0096440851 -0.02309999943 0.008791718654
v -0.0121687781 -0.02309999943 0.004714184254
v -0.0145999908 -0.02309999943 -2.2846389e-08
v -0.0136141107 -0.02309999943 0.005274103054
v -0.0107895452 -0.02309999943 0.009835932754
v -0.0065078011 -0.02309999943 0.01306937305
v -0.0013471477 -0.02309999943 0.01453771635
v 0.0039954511 -0.02309999943 0.01404265425
v 0.0087984453 -0.02309999943 0.01165107645
v 0.012413164 -0.02309999943 0.007685933854
v 0.0143514014 -0.02309999943 0.002682771054
v 0.0143514108 -0.02309999943 -0.002682715146
v 0.012413191 -0.02309999943 -0.007685884746
v 0.0087984862 -0.02309999943 -0.01165103995
v 0.0039955004 -0.02309999943 -0.01404264425
v -0.0013470967 -0.02309999943 -0.01453772505
v -0.0065077552 -0.02309999943 -0.01306939995
v -0.0107895106 -0.02309999943 -0.009835974646
v -0.0136140922 -0.02309999943 -0.005274145246
v 0.0710927645 -0.01279999971 -0.08510910635
v 0.0710628956 -0.01279999971 -0.08522546415
v 0.0700469461 -0.01279999971 -0.09048892805
v 0.0706174854 -0.0112005496 -0.08714349475
v 0.0712782434 -0.008896795511 -0.08441359135
v 0.0718991199 -0.005857869387 -0.08235026815
v 0.0722996038 -0.002300000042 -0.08118028075
v 0.0723253243 -0.002300000042 -0.08110854535
v 0.0723511688 -0.002300000042 -0.08103684805
v 0.0723771372 -0.002300000042 -0.08096519845
v 0.0723771372 -0.02720000029 -0.08096519845
v 0.0716605787 -0.02720000029 -0.08310165905
v 0.0710927645 -0.02720000029 -0.08510910635
v 0.1012779122 -0.01279999971 -0.05326918675
v 0.1305223161 -0.01279999971 -0.07780807205
v 0.1351327874 -0.01279999971 -0.08296129075
v 0.1381046716 -0.01279999971 -0.08920468615
v 0.1391972034 -0.01279999971 -0.09603245825
v 0.1383218759 -0.01279999971 -0.1028914619
v 0.1355495987 -0.01279999971 -0.1092260147
v 0.1311049707 -0.01279999971 -0.1145229395
v 0.1253480652 -0.01279999971 -0.1183531011
v 0.1187452713 -0.01279999971 -0.1204062066
v 0.1118315141 -0.01279999971 -0.1205159247
v 0.1051668962 -0.01279999971 -0.1186733709
v 0.09929135482 -0.01279999971 -0.1150278133
v 0.0700469461 -0.01279999971 -0.09048892805
v 0.0710628956 -0.01279999971 -0.08522546415
v 0.0710927645 -0.01279999971 -0.08510910635
v 0.071305129 -0.01279999971 -0.08528729995
v 0.0713348358 -0.01279999971 -0.08517158115
v 0.0728549079 -0.01279999971 -0.08039810465
v 0.0748961444 -0.01279999971 -0.07582317285
v 0.0774332538 -0.01279999971 -0.07150348145
v 0.08043478413 -0.01279999971 -0.06749256045
v 0.08386354206 -0.01279999971 -0.06384012485
v 0.08767704153 -0.01279999971 -0.06059143615
v 0.09182800898 -0.01279999971 -0.05778676805
v 0.09626499372 -0.01279999971 -0.05546086305
v 0.0963737888 -0.01279999971 -0.05541151975
v 0.09616143383 -0.01279999971 -0.05523332605
v 0.09627082972 -0.01279999971 -0.05518370625
v 0.0207469177 -0.008299999833 0.005435925554
v 0.0214443404 -0.008299999833 -0.0003523422464
v 0.0205571377 -0.008299999833 -0.006114577546
v 0.0181508646 -0.008299999833 -0.01142498365
v 0.0144033329 -0.008299999833 -0.01589113295
v 0.0095914605 -0.008299999833 -0.01918300575
v 0.0040708339 -0.008299999833 -0.02105735745
v -0.0017506034 -0.008299999833 -0.02137567555
v -0.0017506034 -0.01830000043 -0.02137567555
v 0.0040708339 -0.01830000043 -0.02105735745
v 0.0095914605 -0.01830000043 -0.01918300575
v 0.0144033329 -0.01830000043 -0.01589113295
v 0.0181508646 -0.01830000043 -0.01142498365
v 0.0205571377 -0.01830000043 -0.006114577546
v 0.0214443404 -0.01830000043 -0.0003523422464
v 0.0207469177 -0.01830000043 0.005435925554
v -0.0302313762 -0.0002999999933 0.01928356865
v -0.0292600652 -0.0002999999933 0.02290858175
v -0.0266063757 -0.0002999999933 0.02556226155
v -0.0229813851 -0.0002999999933 0.02653358515
v -0.0193563719 -0.0002999999933 0.02556227425
v -0.0167026922 -0.0002999999933 0.02290860385
v -0.0157313685 -0.0002999999933 0.01928359405
v -0.0167026795 -0.0002999999933 0.01565860005
v -0.0193563499 -0.0002999999933 0.01300490125
v -0.0229813596 -0.0002999999933 0.01203359665
v -0.0266063537 -0.0002999999933 0.01300488845
v -0.0292600525 -0.0002999999933 0.01565857795
v -0.0302313762 -0.00400000006 0.01928356865
v -0.0292600525 -0.00400000006 0.01565857795
v -0.0266063537 -0.00400000006 0.01300488845
v -0.0229813596 -0.00400000006 0.01203359665
v -0.0193563499 -0.00400000006 0.01300490125
v -0.0167026795 -0.00400000006 0.01565860005
v -0.0157313685 -0.00400000006 0.01928359405
v -0.0167026922 -0.00400000006 0.02290860385
v -0.0193563719 -0.00400000006 0.02556227425
v -0.0229813851 -0.00400000006 0.02653358515
v -0.0266063757 -0.00400000006 0.02556226155
v -0.0292600652 -0.00400000006 0.02290858175
v -0.0302313762 -0.00400000006 0.01928356865
v -0.0302313762 -0.0002999999933 0.01928356865
v 0.08172297378 -0.003035706878 -0.04833968805
v 0.0736918271 -0.003035706878 -0.05501732965
v 0.0669781646 -0.003035706878 -0.06301839245
v 0.061796601 -0.003035706878 -0.07208710035
v 0.0629841657 -0.002300000042 -0.07308358305
v 0.0681249978 -0.002300000042 -0.06398468185
v 0.0748425894 -0.002300000042 -0.05597893655
v 0.08291053847 -0.002300000042 -0.04933617065
v 0.1012779122 -0.01279999971 -0.05326918675
v 0.09627082972 -0.01279999971 -0.05518370625
v 0.09616143383 -0.01279999971 -0.05523332605
v 0.09616143383 -0.02720000029 -0.05523332605
v 0.09428307849 -0.02720000029 -0.05614110335
v 0.09230350999 -0.02720000029 -0.05721778605
v 0.09230350999 -0.002300000042 -0.05721778605
v 0.09236956141 -0.002300000042 -0.05717977245
v 0.09243567958 -0.002300000042 -0.05714186385
v 0.09250186451 -0.002300000042 -0.05710407915
v 0.09358453177 -0.005857869387 -0.05650651445
v 0.09550869198 -0.008896795511 -0.05553676735
v 0.09808238042 -0.0112005496 -0.05441198975
v 0.0629841657 -0.002300000042 -0.07308358305
v 0.0723771372 -0.002300000042 -0.08096519845
v 0.0723511688 -0.002300000042 -0.08103684805
v 0.0723253243 -0.002300000042 -0.08110854535
v 0.0722996038 -0.002300000042 -0.08118028075
v 0.1048057075 -0.002300000042 -0.1084560386
v 0.1095321508 -0.002300000042 -0.1111848454
v 0.1149068654 -0.002300000042 -0.1121325403
v 0.120281572 -0.002300000042 -0.1111848266
v 0.1250080057 -0.002300000042 -0.1084560032
v 0.1285160941 -0.002300000042 -0.1042752176
v 0.1303827023 -0.002300000042 -0.09914672585
v 0.1303826927 -0.002300000042 -0.09368910045
v 0.1285160665 -0.002300000042 -0.08856061035
v 0.1250079634 -0.002300000042 -0.08437984185
v 0.09250186451 -0.002300000042 -0.05710407915
v 0.09243567958 -0.002300000042 -0.05714186385
v 0.09236956141 -0.002300000042 -0.05717977245
v 0.09230350999 -0.002300000042 -0.05721778605
v 0.08291053847 -0.002300000042 -0.04933617065
v 0.0748425894 -0.002300000042 -0.05597893655
v 0.0681249978 -0.002300000042 -0.06398468185
v -0.0130500031 -0.02089999914 -2.0146389e-08
v -0.0121687781 -0.02089999914 0.004714184254
v -0.0096440851 -0.02089999914 0.008791718654
v -0.0058168998 -0.02089999914 0.01168187355
v -0.001204132 -0.02089999914 0.01299432825
v 0.0035712785 -0.02089999914 0.01255183165
v 0.0078643616 -0.02089999914 0.01041414015
v 0.011095321 -0.02089999914 0.006869967754
v 0.0128277927 -0.02089999914 0.002397963054
v 0.0128278011 -0.02089999914 -0.002397912446
v 0.0110953452 -0.02089999914 -0.006869923246
v 0.0078643982 -0.02089999914 -0.01041410695
v 0.0035713225 -0.02089999914 -0.01255181365
v -0.0012040864 -0.02089999914 -0.01299433645
v -0.0058168588 -0.02089999914 -0.01168188835
v -0.0096440542 -0.02089999914 -0.008791746946
v -0.0121687616 -0.02089999914 -0.004714221446
v 2.28e-08 -0.02029999971 -0.01297035895
v 0.0049635716 -0.02029999971 -0.01198303985
v 0.0091714448 -0.02029999971 -0.009171409846
v 0.01198306 -0.02029999971 -0.004963526746
v 0.0129703522 -0.02029999971 2.5553611e-08
v 0.0119830426 -0.02029999971 0.004963555254
v 0.0091714126 -0.02029999971 0.009171447554
v 0.0049635295 -0.02029999971 0.01198306275
v -2.28e-08 -0.02029999971 0.01297035495
v -0.0049635716 -0.02029999971 0.01198304535
v -0.0091714448 -0.02029999971 0.009171415354
v -0.01198306 -0.02029999971 0.004963513254
v -0.0129703522 -0.02029999971 -1.994638898e-08
v -0.0119830426 -0.02029999971 -0.004963568846
v -0.0091714126 -0.02029999971 -0.009171442046
v -0.0049635295 -0.02029999971 -0.01198305725
v -0.001204132 -0.02089999914 0.01299432825
v -2.28e-08 -0.02029999971 0.01297035495
v 0.0207459591 -0.02430000067 0.002825909654
v 0.0295801529 -0.02073506355 -0.004586832646
v 0.0342701203 -0.01966250062 -0.008522161546
v 0.0388846424 -0.01929999948 -0.01239419515
v 0.0357503664 -0.01929999948 -0.01968611845
v 0.0312639697 -0.01929999948 -0.02623349145
v 0.025595139 -0.01929999948 -0.03178869245
v 0.0189582696 -0.01929999948 -0.03614160745
v 0.014343757 -0.01966250062 -0.03226957385
v 0.0096537706 -0.02073506355 -0.02833423555
v 0.0008195863 -0.02430000067 -0.02092150265
v 0.0065264288 -0.02430000067 -0.01989438545
v 0.0117327232 -0.02430000067 -0.01734139965
v 0.016039109 -0.02430000067 -0.01345836405
v 0.0191153485 -0.02430000067 -0.008543092646
v 0.0207254557 -0.02430000067 -0.002972582746
v 0.0204153537 -0.01986566782 -0.02711617425
v 0.0091477463 -0.02154743433 -0.02567645095
v 0.0163945771 -0.02154743433 -0.02177566235
v 0.0302493556 -0.01986566782 -0.01539642475
v 0.0221467678 -0.02154743433 -0.01588967925
v 0.0258799417 -0.02154743433 -0.008555116146
v 0.0268748745 -0.02154743433 -0.004550006546
v 0.0322270294 -0.01986566782 -0.01065326485
v 0.0275782837 -0.01986566782 -0.01978665005
v 0.0242917659 -0.02154743433 -0.01236411325
v 0.0242750489 -0.01986566782 -0.02372330895
v 0.0194940901 -0.02154743433 -0.01905101895
v 0.0129192392 -0.02154743433 -0.02400114375
v 0.0160876989 -0.01986566782 -0.02988745455
v -0.0117326166 -0.0002999999933 0.03268938185
v -0.0164257863 -0.0002999999933 0.03550931235
v -0.0217606617 -0.0002999999933 0.03674095425
v -0.0272150295 -0.0002999999933 0.03626376425
v -0.0322549847 -0.0002999999933 0.03412441595
v -0.0363871729 -0.0002999999933 0.03053235625
v -0.0392071033 -0.0002999999933 0.02583916735
v -0.0404387452 -0.0002999999933 0.02050429205
v -0.0399615361 -0.0002999999933 0.01504992425
v -0.0378221878 -0.0002999999933 0.01000996905
v -0.0342301281 -0.0002999999933 0.005877799954
v -0.0342301281 -0.008299999833 0.005877799954
v -0.0378221878 -0.008299999833 0.01000996905
v -0.0399615361 -0.008299999833 0.01504992425
v -0.0404387452 -0.008299999833 0.02050429205
v -0.0392071033 -0.008299999833 0.02583916735
v -0.0363871729 -0.008299999833 0.03053235625
v -0.0322549847 -0.008299999833 0.03412441595
v -0.0272150295 -0.008299999833 0.03626376425
v -0.0217606617 -0.008299999833 0.03674095425
v -0.0164257863 -0.008299999833 0.03550931235
v -0.0117326166 -0.008299999833 0.03268938185
v -0.0080500031 -0.008299999833 -1.1346389e-08
v -0.007127921 -0.008299999833 0.003741006654
v -0.0045729372 -0.008299999833 0.006625017654
v -0.0009703395 -0.008299999833 0.007991295954
v 0.0028545629 -0.008299999833 0.007526882354
v 0.0060254957 -0.008299999833 0.005338148154
v 0.0078160824 -0.008299999833 0.001926495854
v 0.0078160892 -0.008299999833 -0.001926481946
v 0.0060255144 -0.008299999833 -0.005338121446
v 0.0028545893 -0.008299999833 -0.007526866746
v -0.0009703114 -0.008299999833 -0.007991312846
v -0.0045729139 -0.008299999833 -0.006625028146
v -0.0071279079 -0.008299999833 -0.003741026146
v -0.0017506034 -0.008299999833 -0.02137567555
v 0.0040708339 -0.008299999833 -0.02105735745
v 0.0095914605 -0.008299999833 -0.01918300575
v 0.0144033329 -0.008299999833 -0.01589113295
v 0.0181508646 -0.008299999833 -0.01142498365
v 0.0205571377 -0.008299999833 -0.006114577546
v 0.0214443404 -0.008299999833 -0.0003523422464
v 0.0207469177 -0.008299999833 0.005435925554
v -0.0117326166 -0.008299999833 0.03268938185
v -0.0164257863 -0.008299999833 0.03550931235
v -0.0217606617 -0.008299999833 0.03674095425
v -0.0272150295 -0.008299999833 0.03626376425
v -0.0322549847 -0.008299999833 0.03412441595
v -0.0363871729 -0.008299999833 0.03053235625
v -0.0392071033 -0.008299999833 0.02583916735
v -0.0404387452 -0.008299999833 0.02050429205
v -0.0399615361 -0.008299999833 0.01504992425
v -0.0378221878 -0.008299999833 0.01000996905
v -0.0342301281 -0.008299999833 0.005877799954
v -0.0282313685 -0.008299999833 0.01928357215
v -0.0273979575 -0.008299999833 0.02212193725
v -0.0251623004 -0.008299999833 0.02405915885
v -0.0222342158 -0.008299999833 0.02448015405
v -0.0195433643 -0.008299999833 0.02325127305
v -0.0179440291 -0.008299999833 0.02076270095
v -0.0179440239 -0.008299999833 0.01780449855
v -0.0195433504 -0.008299999833 0.01531590165
v -0.0222341975 -0.008299999833 0.01408703035
v -0.0251622836 -0.008299999833 0.01450801525
v -0.0273979476 -0.008299999833 0.01644520995
v -0.0050499916 -0.02059999943 -6.046389001e-09
v -0.0040855356 -0.02059999943 -0.002968315746
v -0.001560527 -0.02059999943 -0.004802837346
v 0.0015605439 -0.02059999943 -0.004802831846
v 0.004085546 -0.02059999943 -0.002968301346
v 0.0050499916 -0.02059999943 1.165361102e-08
v 0.0040855356 -0.02059999943 0.002968321254
v 0.001560527 -0.02059999943 0.004802842854
v -0.0015605439 -0.02059999943 0.004802837454
v -0.004085546 -0.02059999943 0.002968306954
v -0.0050499916 -0.006000000238 -6.046389001e-09
v -0.004085546 -0.006000000238 0.002968306954
v -0.0015605439 -0.006000000238 0.004802837454
v 0.001560527 -0.006000000238 0.004802842854
v 0.0040855356 -0.006000000238 0.002968321254
v 0.0050499916 -0.006000000238 1.165361102e-08
v 0.004085546 -0.006000000238 -0.002968301346
v 0.0015605439 -0.006000000238 -0.004802831846
v -0.001560527 -0.006000000238 -0.004802837346
v -0.0040855356 -0.006000000238 -0.002968315746
v -0.0050499916 -0.02059999943 -6.046389001e-09
v -0.0050499916 -0.006000000238 -6.046389001e-09
v -0.0282313685 -0.00400000006 0.01928357215
v -0.0273979476 -0.00400000006 0.01644520995
v -0.0251622836 -0.00400000006 0.01450801525
v -0.0222341975 -0.00400000006 0.01408703035
v -0.0195433504 -0.00400000006 0.01531590165
v -0.0179440239 -0.00400000006 0.01780449855
v -0.0179440291 -0.00400000006 0.02076270095
v -0.0195433643 -0.00400000006 0.02325127305
v -0.0222342158 -0.00400000006 0.02448015405
v -0.0251623004 -0.00400000006 0.02405915885
v -0.0273979575 -0.00400000006 0.02212193725
v -0.0302313762 -0.00400000006 0.01928356865
v -0.0292600652 -0.00400000006 0.02290858175
v -0.0266063757 -0.00400000006 0.02556226155
v -0.0229813851 -0.00400000006 0.02653358515
v -0.0193563719 -0.00400000006 0.02556227425
v -0.0167026922 -0.00400000006 0.02290860385
v -0.0157313685 -0.00400000006 0.01928359405
v -0.0167026795 -0.00400000006 0.01565860005
v -0.0193563499 -0.00400000006 0.01300490125
v -0.0229813596 -0.00400000006 0.01203359665
v -0.0266063537 -0.00400000006 0.01300488845
v -0.0292600525 -0.00400000006 0.01565857795
v 0.0384266587 -0.006999999881 -0.01200990335
v 0.0353210788 -0.006999999881 -0.01932012755
v 0.0308407856 -0.006999999881 -0.02587840115
v 0.025160158 -0.006999999881 -0.03142948225
v 0.0185002954 -0.006999999881 -0.03575731565
v 0.0477673349 -0.006999999881 -0.06031519815
v 0.0533048199 -0.006999999881 -0.05151457695
v 0.0599883939 -0.006999999881 -0.04354937235
v 0.0676937077 -0.006999999881 -0.03656778575
v 0.0189582696 -0.01929999948 -0.03614160745
v 0.025595139 -0.01929999948 -0.03178869245
v 0.0312639697 -0.01929999948 -0.02623349145
v 0.0357503664 -0.01929999948 -0.01968611845
v 0.0388846424 -0.01929999948 -0.01239419515
v 0.0672615687 -0.01929999948 -0.03620517095
v 0.0595639033 -0.01929999948 -0.04319380525
v 0.0528809396 -0.01929999948 -0.05115828495
v 0.0473351959 -0.01929999948 -0.05995258335
v 0.0629972882 -0.02430000067 -0.07309459795
v 0.0681376627 -0.02430000067 -0.06399535345
v 0.0748553019 -0.02430000067 -0.05598956045
v 0.08292366105 -0.02430000067 -0.04934718565
v 0.08701692307 -0.02430000067 -0.05278182695
v 0.08073212225 -0.02430000067 -0.05750718935
v 0.0752351629 -0.02430000067 -0.06312956685
v 0.0706527499 -0.02430000067 -0.06951935485
v 0.0670905503 -0.02430000067 -0.07652923935
v -0.0130500031 -0.005699999928 -2.0146389e-08
v -0.0121687781 -0.005699999928 0.004714184254
v -0.0096440851 -0.005699999928 0.008791718654
v -0.0058168998 -0.005699999928 0.01168187355
v -0.001204132 -0.005699999928 0.01299432825
v 0.0035712785 -0.005699999928 0.01255183165
v 0.0078643616 -0.005699999928 0.01041414015
v 0.011095321 -0.005699999928 0.006869967754
v 0.0128277927 -0.005699999928 0.002397963054
v 0.0128278011 -0.005699999928 -0.002397912446
v 0.0110953452 -0.005699999928 -0.006869923246
v 0.0078643982 -0.005699999928 -0.01041410695
v 0.0035713225 -0.005699999928 -0.01255181365
v -0.0012040864 -0.005699999928 -0.01299433645
v -0.0058168588 -0.005699999928 -0.01168188835
v -0.0096440542 -0.005699999928 -0.008791746946
v -0.0121687616 -0.005699999928 -0.004714221446
v -0.0130500031 -0.00349999994 -2.0146389e-08
v -0.0121687616 -0.00349999994 -0.004714221446
v -0.0096440542 -0.00349999994 -0.008791746946
v -0.0058168588 -0.00349999994 -0.01168188835
v -0.0012040864 -0.00349999994 -0.01299433645
v 0.0035713225 -0.00349999994 -0.01255181365
v 0.0078643982 -0.00349999994 -0.01041410695
v 0.0110953452 -0.00349999994 -0.006869923246
v 0.0128278011 -0.00349999994 -0.002397912446
v 0.0128277927 -0.00349999994 0.002397963054
v 0.011095321 -0.00349999994 0.006869967754
v 0.0078643616 -0.00349999994 0.01041414015
v 0.0035712785 -0.00349999994 0.01255183165
v -0.001204132 -0.00349999994 0.01299432825
v -0.0058168998 -0.00349999994 0.01168187355
v -0.0096440851 -0.00349999994 0.008791718654
v -0.0121687781 -0.00349999994 0.004714184254
v -0.0130500031 -0.00349999994 -2.0146389e-08
v -0.0130500031 -0.005699999928 -2.0146389e-08
v -0.0145999908 -0.02430000067 -2.2846389e-08
v -0.0136141107 -0.02430000067 0.005274103054
v -0.0107895452 -0.02430000067 0.009835932754
v -0.0065078011 -0.02430000067 0.01306937305
v -0.0013471477 -0.02430000067 0.01453771635
v 0.0039954511 -0.02430000067 0.01404265425
v 0.0087984453 -0.02430000067 0.01165107645
v 0.012413164 -0.02430000067 0.007685933854
v 0.0143514014 -0.02430000067 0.002682771054
v 0.0143514108 -0.02430000067 -0.002682715146
v 0.012413191 -0.02430000067 -0.007685884746
v 0.0087984862 -0.02430000067 -0.01165103995
v 0.0039955004 -0.02430000067 -0.01404264425
v -0.0013470967 -0.02430000067 -0.01453772505
v -0.0065077552 -0.02430000067 -0.01306939995
v -0.0107895106 -0.02430000067 -0.009835974646
v -0.0136140922 -0.02430000067 -0.005274145246
v -0.0145999908 -0.02309999943 -2.2846389e-08
v -0.0136140922 -0.02309999943 -0.005274145246
v -0.0107895106 -0.02309999943 -0.009835974646
v -0.0065077552 -0.02309999943 -0.01306939995
v -0.0013470967 -0.02309999943 -0.01453772505
v 0.0039955004 -0.02309999943 -0.01404264425
v 0.0087984862 -0.02309999943 -0.01165103995
v 0.012413191 -0.02309999943 -0.007685884746
v 0.0143514108 -0.02309999943 -0.002682715146
v 0.0143514014 -0.02309999943 0.002682771054
v 0.012413164 -0.02309999943 0.007685933854
v 0.0087984453 -0.02309999943 0.01165107645
v 0.0039954511 -0.02309999943 0.01404265425
v -0.0013471477 -0.02309999943 0.01453771635
v -0.0065078011 -0.02309999943 0.01306937305
v -0.0107895452 -0.02309999943 0.009835932754
v -0.0136141107 -0.02309999943 0.005274103054
v -0.0145999908 -0.02309999943 -2.2846389e-08
v -0.0145999908 -0.02430000067 -2.2846389e-08
v 0.0716735343 -0.02720000029 -0.08037479895
v 0.0696328781 -0.02505253553 -0.07866249935
v 0.0670905503 -0.02430000067 -0.07652923935
v 0.0706527499 -0.02430000067 -0.06951935485
v 0.0752351629 -0.02430000067 -0.06312956685
v 0.08073212225 -0.02430000067 -0.05750718935
v 0.08701692307 -0.02430000067 -0.05278182695
v 0.08955925088 -0.02505253553 -0.05491508705
v 0.09159990712 -0.02720000029 -0.05662738665
v 0.08515470752 -0.02720000029 -0.06118568455
v 0.079581416 -0.02720000029 -0.06677649565
v 0.0750433586 -0.02720000029 -0.07323596855
v 0.0728928399 -0.02506702423 -0.07198536205
v 0.0776757049 -0.02506702423 -0.06517742555
v 0.08354966077 -0.02506702423 -0.05928501445
v -0.0126000023 -0.0002999999933 -1.934638899e-08
v -0.0116408814 -0.0002999999933 0.004821797854
v -0.0089095653 -0.0002999999933 0.008909536854
v -0.0048218359 -0.0002999999933 0.01164086725
v -2.21e-08 -0.0002999999933 0.01260000505
v 0.0048217951 -0.0002999999933 0.01164088415
v 0.0089095341 -0.0002999999933 0.008909568154
v 0.0116408645 -0.0002999999933 0.004821838654
v 0.0126000023 -0.0002999999933 2.4853611e-08
v 0.0116408814 -0.0002999999933 -0.004821792246
v 0.0089095653 -0.0002999999933 -0.008909531346
v 0.0048218359 -0.0002999999933 -0.01164087125
v 2.21e-08 -0.0002999999933 -0.01259999955
v -0.0048217951 -0.0002999999933 -0.01164088815
v -0.0089095341 -0.0002999999933 -0.008909562546
v -0.0116408645 -0.0002999999933 -0.004821833146
v -0.0126000023 -0.00150000006 -1.934638899e-08
v -0.0116408645 -0.00150000006 -0.004821833146
v -0.0089095341 -0.00150000006 -0.008909562546
v -0.0048217951 -0.00150000006 -0.01164088815
v 2.21e-08 -0.00150000006 -0.01259999955
v 0.0048218359 -0.00150000006 -0.01164087125
v 0.0089095653 -0.00150000006 -0.008909531346
v 0.0116408814 -0.00150000006 -0.004821792246
v 0.0126000023 -0.00150000006 2.4853611e-08
v 0.0116408645 -0.00150000006 0.004821838654
v 0.0089095341 -0.00150000006 0.008909568154
v 0.0048217951 -0.00150000006 0.01164088415
v -2.21e-08 -0.00150000006 0.01260000505
v -0.0048218359 -0.00150000006 0.01164086725
v -0.0089095653 -0.00150000006 0.008909536854
v -0.0116408814 -0.00150000006 0.004821797854
v -0.0126000023 -0.00150000006 -1.934638899e-08
v -0.0126000023 -0.0002999999933 -1.934638899e-08
v -0.0113500023 -0.00150000006 -1.714638898e-08
v -0.0103687558 -0.00150000006 0.004616435854
v -0.0075946384 -0.00150000006 0.008434685654
v -0.0035073661 -0.00150000006 0.01079448365
v 0.0011863701 -0.00150000006 0.01128782755
v 0.0056749744 -0.00150000006 0.009829400354
v 0.009182327 -0.00150000006 0.006671371254
v 0.0111019665 -0.00150000006 0.002359813054
v 0.0111019748 -0.00150000006 -0.002359787646
v 0.0091823504 -0.00150000006 -0.006671352546
v 0.0056750089 -0.00150000006 -0.009829374946
v 0.0011864097 -0.00150000006 -0.01128781785
v -0.0035073282 -0.00150000006 -0.01079449995
v -0.0075946088 -0.00150000006 -0.008434706746
v -0.0103687396 -0.00150000006 -0.004616485746
v -0.0110499954 -0.001800000072 -1.664638899e-08
v -0.0100946729 -0.001800000072 -0.004494453146
v -0.0073938798 -0.001800000072 -0.008211756446
v -0.0034146124 -0.001800000072 -0.01050917945
v 0.0011550524 -0.001800000072 -0.01098946095
v 0.0055250145 -0.001800000072 -0.009569575246
v 0.00893964 -0.001800000072 -0.006495018646
v 0.0108085291 -0.001800000072 -0.002297398746
v 0.0108085211 -0.001800000072 0.002297442254
v 0.0089396172 -0.001800000072 0.006495036454
v 0.0055249809 -0.001800000072 0.009569581054
v 0.0011550138 -0.001800000072 0.01098946095
v -0.0034146493 -0.001800000072 0.01050916345
v -0.0073939086 -0.001800000072 0.008211736054
v -0.0100946887 -0.001800000072 0.004494423254
v -0.0035073282 -0.00150000006 -0.01079449995
v -0.0034146124 -0.001800000072 -0.01050917945
v 0.0008383737 -0.002300000042 -0.02093725735
v 0.0094678038 -0.005655953884 -0.02817819565
v 0.0140243138 -0.00666064918 -0.03200154425
v 0.0185002954 -0.006999999881 -0.03575731565
v 0.025160158 -0.006999999881 -0.03142948225
v 0.0308407856 -0.006999999881 -0.02587840115
v 0.0353210788 -0.006999999881 -0.01932012755
v 0.0384266587 -0.006999999881 -0.01200990335
v 0.0339506962 -0.00666064918 -0.008254122346
v 0.0293941862 -0.005655953884 -0.004430773746
v 0.0207647465 -0.002300000042 0.002810155054
v 0.0207400565 -0.002300000042 -0.002986906946
v 0.019127918 -0.002300000042 -0.008555337846
v 0.0160517357 -0.002300000042 -0.01346896895
v 0.0117469711 -0.002300000042 -0.01735167075
v 0.0065430609 -0.002300000042 -0.01990627775
v 0.0299420052 -0.006468859911 -0.01524889185
v 0.0267285331 -0.004888872504 -0.004540393746
v 0.0241588522 -0.004888872504 -0.01230364095
v 0.0202166933 -0.006468859911 -0.02683911315
v 0.0193912457 -0.004888872504 -0.01894753595
v 0.0128594817 -0.004888872504 -0.02386761995
v 0.0091128607 -0.004888872504 -0.02553400075
v 0.0159377999 -0.006468859911 -0.02958106785
v 0.0240331394 -0.006468859911 -0.02348320285
v 0.0163119315 -0.004888872504 -0.02165526115
v 0.02729982 -0.006468859911 -0.01959010775
v 0.0220269862 -0.004888872504 -0.01580637605
v 0.025738073 -0.004888872504 -0.008519448946
v 0.0318992705 -0.006468859911 -0.01055885165
v -0.0322313647 -0.02430000067 0.01928356515
v -0.0313153153 -0.02430000067 0.01527014285
v -0.0287486288 -0.02430000067 0.01205163005
v -0.0250396718 -0.02430000067 0.01026549995
v -0.0209230412 -0.02430000067 0.01026550715
v -0.0172140714 -0.02430000067 0.01205165025
v -0.0146473962 -0.02430000067 0.01527017205
v -0.0137313609 -0.02430000067 0.01928359755
v -0.0146474103 -0.02430000067 0.02329701995
v -0.0172140968 -0.02430000067 0.02651553275
v -0.0209230729 -0.02430000067 0.02830168195
v -0.0250397034 -0.02430000067 0.02830167465
v -0.0287486542 -0.02430000067 0.02651551245
v -0.0313153294 -0.02430000067 0.02329699065
v -0.0145999908 -0.02430000067 -2.2846389e-08
v -0.0136140922 -0.02430000067 -0.005274145246
v -0.0107895106 -0.02430000067 -0.009835974646
v -0.0065077552 -0.02430000067 -0.01306939995
v -0.0013470967 -0.02430000067 -0.01453772505
v 0.0039955004 -0.02430000067 -0.01404264425
v 0.0087984862 -0.02430000067 -0.01165103995
v 0.012413191 -0.02430000067 -0.007685884746
v 0.0143514108 -0.02430000067 -0.002682715146
v 0.0143514014 -0.02430000067 0.002682771054
v 0.012413164 -0.02430000067 0.007685933854
v 0.0087984453 -0.02430000067 0.01165107645
v 0.0039954511 -0.02430000067 0.01404265425
v -0.0013471477 -0.02430000067 0.01453771635
v -0.0065078011 -0.02430000067 0.01306937305
v -0.0107895452 -0.02430000067 0.009835932754
v -0.0136141107 -0.02430000067 0.005274103054
v 0.0207459591 -0.02430000067 0.002825909654
v 0.0207254557 -0.02430000067 -0.002972582746
v 0.0191153485 -0.02430000067 -0.008543092646
v 0.016039109 -0.02430000067 -0.01345836405
v 0.0117327232 -0.02430000067 -0.01734139965
v 0.0065264288 -0.02430000067 -0.01989438545
v 0.0008195863 -0.02430000067 -0.02092150265
v -0.0329445587 -0.02430000067 0.007409879954
v -0.0364047444 -0.02430000067 0.01153356165
v -0.0382458787 -0.02430000067 0.01659201865
v -0.0382458882 -0.02430000067 0.02197510965
v -0.0364047716 -0.02430000067 0.02703357305
v -0.0329446004 -0.02430000067 0.03115726685
v -0.0282827018 -0.02430000067 0.03384881105
v -0.0229813995 -0.02430000067 0.03478359285
v -0.017680075 -0.02430000067 0.03384882965
v -0.0130181859 -0.02430000067 0.03115730185
v -0.0130500031 -0.02089999914 -2.0146389e-08
v -0.0121687616 -0.02089999914 -0.004714221446
v -0.0096440542 -0.02089999914 -0.008791746946
v -0.0058168588 -0.02089999914 -0.01168188835
v -0.0012040864 -0.02089999914 -0.01299433645
v 0.0035713225 -0.02089999914 -0.01255181365
v 0.0078643982 -0.02089999914 -0.01041410695
v 0.0110953452 -0.02089999914 -0.006869923246
v 0.0128278011 -0.02089999914 -0.002397912446
v 0.0128277927 -0.02089999914 0.002397963054
v 0.011095321 -0.02089999914 0.006869967754
v 0.0078643616 -0.02089999914 0.01041414015
v 0.0035712785 -0.02089999914 0.01255183165
v -0.001204132 -0.02089999914 0.01299432825
v -0.0058168998 -0.02089999914 0.01168187355
v -0.0096440851 -0.02089999914 0.008791718654
v -0.0121687781 -0.02089999914 0.004714184254
v -0.0130500031 -0.02309999943 -2.0146389e-08
v -0.0121687781 -0.02309999943 0.004714184254
v -0.0096440851 -0.02309999943 0.008791718654
v -0.0058168998 -0.02309999943 0.01168187355
v -0.001204132 -0.02309999943 0.01299432825
v 0.0035712785 -0.02309999943 0.01255183165
v 0.0078643616 -0.02309999943 0.01041414015
v 0.011095321 -0.02309999943 0.006869967754
v 0.0128277927 -0.02309999943 0.002397963054
v 0.0128278011 -0.02309999943 -0.002397912446
v 0.0110953452 -0.02309999943 -0.006869923246
v 0.0078643982 -0.02309999943 -0.01041410695
v 0.0035713225 -0.02309999943 -0.01255181365
v -0.0012040864 -0.02309999943 -0.01299433645
v -0.0058168588 -0.02309999943 -0.01168188835
v -0.0096440542 -0.02309999943 -0.008791746946
v -0.0121687616 -0.02309999943 -0.004714221446
v -0.0130500031 -0.02089999914 -2.0146389e-08
v -0.0130500031 -0.02309999943 -2.0146389e-08
v -0.0302313762 -0.02059999943 0.01928356865
v -0.0292600652 -0.02059999943 0.02290858175
v -0.0266063757 -0.02059999943 0.02556226155
v -0.0229813851 -0.02059999943 0.02653358515
v -0.0193563719 -0.02059999943 0.02556227425
v -0.0167026922 -0.02059999943 0.02290860385
v -0.0157313685 -0.02059999943 0.01928359405
v -0.0167026795 -0.02059999943 0.01565860005
v -0.0193563499 -0.02059999943 0.01300490125
v -0.0229813596 -0.02059999943 0.01203359665
v -0.0266063537 -0.02059999943 0.01300488845
v -0.0292600525 -0.02059999943 0.01565857795
v -0.0302313762 -0.02029999971 0.01928356865
v -0.0292600525 -0.02029999971 0.01565857795
v -0.0266063537 -0.02029999971 0.01300488845
v -0.0229813596 -0.02029999971 0.01203359665
v -0.0193563499 -0.02029999971 0.01300490125
v -0.0167026795 -0.02029999971 0.01565860005
v -0.0157313685 -0.02029999971 0.01928359405
v -0.0167026922 -0.02029999971 0.02290860385
v -0.0193563719 -0.02029999971 0.02556227425
v -0.0229813851 -0.02029999971 0.02653358515
v -0.0266063757 -0.02029999971 0.02556226155
v -0.0292600652 -0.02029999971 0.02290858175
v -0.0302313762 -0.02029999971 0.01928356865
v -0.0302313762 -0.02059999943 0.01928356865
v 0.09929135482 -0.01279999971 -0.1150278133
v 0.1051668962 -0.01279999971 -0.1186733709
v 0.1118315141 -0.01279999971 -0.1205159247
v 0.1187452713 -0.01279999971 -0.1204062066
v 0.1253480652 -0.01279999971 -0.1183531011
v 0.1311049707 -0.01279999971 -0.1145229395
v 0.1355495987 -0.01279999971 -0.1092260147
v 0.1383218759 -0.01279999971 -0.1028914619
v 0.1391972034 -0.01279999971 -0.09603245825
v 0.1381046716 -0.01279999971 -0.08920468615
v 0.1351327874 -0.01279999971 -0.08296129075
v 0.1305223161 -0.01279999971 -0.07780807205
v 0.1279471195 -0.0103505826 -0.08087707675
v 0.126037386 -0.006714218259 -0.08315301435
v 0.1250079634 -0.002300000042 -0.08437984185
v 0.1285160665 -0.002300000042 -0.08856061035
v 0.1303826927 -0.002300000042 -0.09368910045
v 0.1303827023 -0.002300000042 -0.09914672585
v 0.1285160941 -0.002300000042 -0.1042752176
v 0.1250080057 -0.002300000042 -0.1084560032
v 0.120281572 -0.002300000042 -0.1111848266
v 0.1149068654 -0.002300000042 -0.1121325403
v 0.1095321508 -0.002300000042 -0.1111848454
v 0.1048057075 -0.002300000042 -0.1084560386
v 0.103776285 -0.006714218259 -0.1096828614
v 0.1018665514 -0.0103505826 -0.111958799
v 0.1351815997 -0.0103505826 -0.09570989445
v 0.1304704318 -0.006714218259 -0.08882703495
v 0.1317256434 -0.0103505826 -0.1077623269
v 0.1292625525 -0.006714218259 -0.1061009542
v 0.1134917113 -0.0103505826 -0.1166556437
v 0.1136989538 -0.006714218259 -0.1136918619
v 0.1053826383 -0.0103505826 -0.1143304235
v 0.1067774444 -0.006714218259 -0.1117071634
v 0.1093149837 -0.0103505826 -0.1159191808
v 0.1101338988 -0.006714218259 -0.1130632538
v 0.1218454719 -0.0103505826 -0.1154815844
v 0.1208293175 -0.006714218259 -0.1126897427
v 0.117316803 -0.006714218259 -0.1135655176
v 0.1177302927 -0.0103505826 -0.116507626
v 0.125657405 -0.0103505826 -0.1136223753
v 0.1240829987 -0.006714218259 -0.1111028087
v 0.1289994805 -0.0103505826 -0.1110112473
v 0.1269356302 -0.006714218259 -0.1088740763
v 0.133716742 -0.0103505826 -0.1040175972
v 0.1309620565 -0.006714218259 -0.1029046355
v 0.1348857583 -0.0103505826 -0.09994072805
v 0.1319598703 -0.006714218259 -0.09942481925
v 0.1322123874 -0.006714218259 -0.09581358795
v 0.1331407652 -0.0103505826 -0.08752461635
v 0.1317085645 -0.006714218259 -0.09222876525
v 0.1345913347 -0.0103505826 -0.09151000445
v 0.1308932824 -0.0103505826 -0.08392791385
v 0.1285520914 -0.006714218259 -0.08575705575
v -0.0302313762 -0.006000000238 0.01928356865
v -0.0292600525 -0.006000000238 0.01565857795
v -0.0266063537 -0.006000000238 0.01300488845
v -0.0229813596 -0.006000000238 0.01203359665
v -0.0193563499 -0.006000000238 0.01300490125
v -0.0167026795 -0.006000000238 0.01565860005
v -0.0157313685 -0.006000000238 0.01928359405
v -0.0167026922 -0.006000000238 0.02290860385
v -0.0193563719 -0.006000000238 0.02556227425
v -0.0229813851 -0.006000000238 0.02653358515
v -0.0266063757 -0.006000000238 0.02556226155
v -0.0292600652 -0.006000000238 0.02290858175
v -0.0302313762 -0.006299999952 0.01928356865
v -0.0292600652 -0.006299999952 0.02290858175
v -0.0266063757 -0.006299999952 0.02556226155
v -0.0229813851 -0.006299999952 0.02653358515
v -0.0193563719 -0.006299999952 0.02556227425
v -0.0167026922 -0.006299999952 0.02290860385
v -0.0157313685 -0.006299999952 0.01928359405
v -0.0167026795 -0.006299999952 0.01565860005
v -0.0193563499 -0.006299999952 0.01300490125
v -0.0229813596 -0.006299999952 0.01203359665
v -0.0266063537 -0.006299999952 0.01300488845
v -0.0292600525 -0.006299999952 0.01565857795
v -0.0302313762 -0.006000000238 0.01928356865
v -0.0302313762 -0.006299999952 0.01928356865
v -0.0282313685 -0.00400000006 0.01928357215
v -0.0273979575 -0.00400000006 0.02212193725
v -0.0251623004 -0.00400000006 0.02405915885
v -0.0222342158 -0.00400000006 0.02448015405
v -0.0195433643 -0.00400000006 0.02325127305
v -0.0179440291 -0.00400000006 0.02076270095
v -0.0179440239 -0.00400000006 0.01780449855
v -0.0195433504 -0.00400000006 0.01531590165
v -0.0222341975 -0.00400000006 0.01408703035
v -0.0251622836 -0.00400000006 0.01450801525
v -0.0273979476 -0.00400000006 0.01644520995
v -0.0282313685 -0.008299999833 0.01928357215
v -0.0273979476 -0.008299999833 0.01644520995
v -0.0251622836 -0.008299999833 0.01450801525
v -0.0222341975 -0.008299999833 0.01408703035
v -0.0195433504 -0.008299999833 0.01531590165
v -0.0179440239 -0.008299999833 0.01780449855
v -0.0179440291 -0.008299999833 0.02076270095
v -0.0195433643 -0.008299999833 0.02325127305
v -0.0222342158 -0.008299999833 0.02448015405
v -0.0251623004 -0.008299999833 0.02405915885
v -0.0273979575 -0.008299999833 0.02212193725
v -0.0282313685 -0.008299999833 0.01928357215
v -0.0282313685 -0.00400000006 0.01928357215
v -0.0110499954 -0.005699999928 -1.664638899e-08
v -0.0100946729 -0.005699999928 -0.004494453146
v -0.0073938798 -0.005699999928 -0.008211756446
v -0.0034146124 -0.005699999928 -0.01050917945
v 0.0011550524 -0.005699999928 -0.01098946095
v 0.0055250145 -0.005699999928 -0.009569575246
v 0.00893964 -0.005699999928 -0.006495018646
v 0.0108085291 -0.005699999928 -0.002297398746
v 0.0108085211 -0.005699999928 0.002297442254
v 0.0089396172 -0.005699999928 0.006495036454
v 0.0055249809 -0.005699999928 0.009569581054
v 0.0011550138 -0.005699999928 0.01098946095
v -0.0034146493 -0.005699999928 0.01050916345
v -0.0073939086 -0.005699999928 0.008211736054
v -0.0100946887 -0.005699999928 0.004494423254
v -0.0110499954 -0.001800000072 -1.664638899e-08
v -0.0100946887 -0.001800000072 0.004494423254
v -0.0073939086 -0.001800000072 0.008211736054
v -0.0034146493 -0.001800000072 0.01050916345
v 0.0011550138 -0.001800000072 0.01098946095
v 0.0055249809 -0.001800000072 0.009569581054
v 0.0089396172 -0.001800000072 0.006495036454
v 0.0108085211 -0.001800000072 0.002297442254
v 0.0108085291 -0.001800000072 -0.002297398746
v 0.00893964 -0.001800000072 -0.006495018646
v 0.0055250145 -0.001800000072 -0.009569575246
v 0.0011550524 -0.001800000072 -0.01098946095
v -0.0034146124 -0.001800000072 -0.01050917945
v -0.0073938798 -0.001800000072 -0.008211756446
v -0.0100946729 -0.001800000072 -0.004494453146
v -0.0110499954 -0.005699999928 -1.664638899e-08
v -0.0110499954 -0.001800000072 -1.664638899e-08
v 0.0008383737 -0.002300000042 -0.02093725735
v 0.0065430609 -0.002300000042 -0.01990627775
v 0.0117469711 -0.002300000042 -0.01735167075
v 0.0160517357 -0.002300000042 -0.01346896895
v 0.019127918 -0.002300000042 -0.008555337846
v 0.0207400565 -0.002300000042 -0.002986906946
v 0.0207647465 -0.002300000042 0.002810155054
v -0.0130181859 -0.002300000042 0.03115730185
v -0.017680075 -0.002300000042 0.03384882965
v -0.0229813995 -0.002300000042 0.03478359285
v -0.0282827018 -0.002300000042 0.03384881105
v -0.0329446004 -0.002300000042 0.03115726685
v -0.0364047716 -0.002300000042 0.02703357305
v -0.0382458882 -0.002300000042 0.02197510965
v -0.0382458787 -0.002300000042 0.01659201865
v -0.0364047444 -0.002300000042 0.01153356165
v -0.0329445587 -0.002300000042 0.007409879954
v -0.0322313647 -0.002300000042 0.01928356515
v -0.0313153294 -0.002300000042 0.02329699065
v -0.0287486542 -0.002300000042 0.02651551245
v -0.0250397034 -0.002300000042 0.02830167465
v -0.0209230729 -0.002300000042 0.02830168195
v -0.0172140968 -0.002300000042 0.02651553275
v -0.0146474103 -0.002300000042 0.02329701995
v -0.0137313609 -0.002300000042 0.01928359755
v -0.0146473962 -0.002300000042 0.01527017205
v -0.0172140714 -0.002300000042 0.01205165025
v -0.0209230412 -0.002300000042 0.01026550715
v -0.0250396718 -0.002300000042 0.01026549995
v -0.0287486288 -0.002300000042 0.01205163005
v -0.0313153153 -0.002300000042 0.01527014285
v -0.0145999908 -0.002300000042 -2.2846389e-08
v -0.0136141107 -0.002300000042 0.005274103054
v -0.0107895452 -0.002300000042 0.009835932754
v -0.0065078011 -0.002300000042 0.01306937305
v -0.0013471477 -0.002300000042 0.01453771635
v 0.0039954511 -0.002300000042 0.01404265425
v 0.0087984453 -0.002300000042 0.01165107645
v 0.012413164 -0.002300000042 0.007685933854
v 0.0143514014 -0.002300000042 0.002682771054
v 0.0143514108 -0.002300000042 -0.002682715146
v 0.012413191 -0.002300000042 -0.007685884746
v 0.0087984862 -0.002300000042 -0.01165103995
v 0.0039955004 -0.002300000042 -0.01404264425
v -0.0013470967 -0.002300000042 -0.01453772505
v -0.0065077552 -0.002300000042 -0.01306939995
v -0.0107895106 -0.002300000042 -0.009835974646
v -0.0136140922 -0.002300000042 -0.005274145246
v 0.0700469461 -0.01279999971 -0.09048892805
v 0.09929135482 -0.01279999971 -0.1150278133
v 0.1018665514 -0.0103505826 -0.111958799
v 0.103776285 -0.006714218259 -0.1096828614
v 0.1048057075 -0.002300000042 -0.1084560386
v 0.0722996038 -0.002300000042 -0.08118028075
v 0.0718991199 -0.005857869387 -0.08235026815
v 0.0712782434 -0.008896795511 -0.08441359135
v 0.0706174854 -0.0112005496 -0.08714349475
v -0.0130181859 -0.02430000067 0.03115730185
v -0.017680075 -0.02430000067 0.03384882965
v -0.0229813995 -0.02430000067 0.03478359285
v -0.0282827018 -0.02430000067 0.03384881105
v -0.0329446004 -0.02430000067 0.03115726685
v -0.0364047716 -0.02430000067 0.02703357305
v -0.0382458882 -0.02430000067 0.02197510965
v -0.0382458787 -0.02430000067 0.01659201865
v -0.0364047444 -0.02430000067 0.01153356165
v -0.0329445587 -0.02430000067 0.007409879954
v -0.0329445587 -0.02029999971 0.007409879954
v -0.0364047444 -0.02029999971 0.01153356165
v -0.0382458787 -0.02029999971 0.01659201865
v -0.0382458882 -0.02029999971 0.02197510965
v -0.0364047716 -0.02029999971 0.02703357305
v -0.0329446004 -0.02029999971 0.03115726685
v -0.0282827018 -0.02029999971 0.03384881105
v -0.0229813995 -0.02029999971 0.03478359285
v -0.017680075 -0.02029999971 0.03384882965
v -0.0130181859 -0.02029999971 0.03115730185
v 0.1305223161 -0.01279999971 -0.07780807205
v 0.1012779122 -0.01279999971 -0.05326918675
v 0.09808238042 -0.0112005496 -0.05441198975
v 0.09550869198 -0.008896795511 -0.05553676735
v 0.09358453177 -0.005857869387 -0.05650651445
v 0.09250186451 -0.002300000042 -0.05710407915
v 0.1250079634 -0.002300000042 -0.08437984185
v 0.126037386 -0.006714218259 -0.08315301435
v 0.1279471195 -0.0103505826 -0.08087707675
v 0.0035140444 -0.006299999952 -0.02318241175
v 0.0099728575 -0.006299999952 -0.02122062565
v 0.0156051371 -0.006299999952 -0.01750007475
v 0.01994406 -0.006299999952 -0.01232913055
v 0.0226300252 -0.006299999952 -0.006136355846
v 0.0234404268 -0.006299999952 0.0005650005536
v 0.0234404268 -0.02029999971 0.0005650005536
v 0.0226300252 -0.02029999971 -0.006136355846
v 0.01994406 -0.02029999971 -0.01232913055
v 0.0156051371 -0.02029999971 -0.01750007475
v 0.0099728575 -0.02029999971 -0.02122062565
v 0.0035140444 -0.02029999971 -0.02318241175
v -0.0329445587 -0.002300000042 0.007409879954
v -0.0364047444 -0.002300000042 0.01153356165
v -0.0382458787 -0.002300000042 0.01659201865
v -0.0382458882 -0.002300000042 0.02197510965
v -0.0364047716 -0.002300000042 0.02703357305
v -0.0329446004 -0.002300000042 0.03115726685
v -0.0282827018 -0.002300000042 0.03384881105
v -0.0229813995 -0.002300000042 0.03478359285
v -0.017680075 -0.002300000042 0.03384882965
v -0.0130181859 -0.002300000042 0.03115730185
v -0.0130181859 -0.006299999952 0.03115730185
v -0.017680075 -0.006299999952 0.03384882965
v -0.0229813995 -0.006299999952 0.03478359285
v -0.0282827018 -0.006299999952 0.03384881105
v -0.0329446004 -0.006299999952 0.03115726685
v -0.0364047716 -0.006299999952 0.02703357305
v -0.0382458882 -0.006299999952 0.02197510965
v -0.0382458787 -0.006299999952 0.01659201865
v -0.0364047444 -0.006299999952 0.01153356165
v -0.0329445587 -0.006299999952 0.007409879954
v -0.0126000023 -0.00150000006 -1.934638899e-08
v -0.0116408814 -0.00150000006 0.004821797854
v -0.0089095653 -0.00150000006 0.008909536854
v -0.0048218359 -0.00150000006 0.01164086725
v -2.21e-08 -0.00150000006 0.01260000505
v 0.0048217951 -0.00150000006 0.01164088415
v 0.0089095341 -0.00150000006 0.008909568154
v 0.0116408645 -0.00150000006 0.004821838654
v 0.0126000023 -0.00150000006 2.4853611e-08
v 0.0116408814 -0.00150000006 -0.004821792246
v 0.0089095653 -0.00150000006 -0.008909531346
v 0.0048218359 -0.00150000006 -0.01164087125
v 2.21e-08 -0.00150000006 -0.01259999955
v -0.0048217951 -0.00150000006 -0.01164088815
v -0.0089095341 -0.00150000006 -0.008909562546
v -0.0116408645 -0.00150000006 -0.004821833146
v -0.0113500023 -0.00150000006 -1.714638898e-08
v -0.0103687396 -0.00150000006 -0.004616485746
v -0.0075946088 -0.00150000006 -0.008434706746
v -0.0035073282 -0.00150000006 -0.01079449995
v 0.0011864097 -0.00150000006 -0.01128781785
v 0.0056750089 -0.00150000006 -0.009829374946
v 0.0091823504 -0.00150000006 -0.006671352546
v 0.0111019748 -0.00150000006 -0.002359787646
v 0.0111019665 -0.00150000006 0.002359813054
v 0.009182327 -0.00150000006 0.006671371254
v 0.0056749744 -0.00150000006 0.009829400354
v 0.0011863701 -0.00150000006 0.01128782755
v -0.0035073661 -0.00150000006 0.01079448365
v -0.0075946384 -0.00150000006 0.008434685654
v -0.0103687558 -0.00150000006 0.004616435854
v -0.0080500031 -0.01830000043 -1.1346389e-08
v -0.007127921 -0.01830000043 0.003741006654
v -0.0045729372 -0.01830000043 0.006625017654
v -0.0009703395 -0.01830000043 0.007991295954
v 0.0028545629 -0.01830000043 0.007526882354
v 0.0060254957 -0.01830000043 0.005338148154
v 0.0078160824 -0.01830000043 0.001926495854
v 0.0078160892 -0.01830000043 -0.001926481946
v 0.0060255144 -0.01830000043 -0.005338121446
v 0.0028545893 -0.01830000043 -0.007526866746
v -0.0009703114 -0.01830000043 -0.007991312846
v -0.0045729139 -0.01830000043 -0.006625028146
v -0.0071279079 -0.01830000043 -0.003741026146
v -0.0080500031 -0.008299999833 -1.1346389e-08
v -0.0071279079 -0.008299999833 -0.003741026146
v -0.0045729139 -0.008299999833 -0.006625028146
v -0.0009703114 -0.008299999833 -0.007991312846
v 0.0028545893 -0.008299999833 -0.007526866746
v 0.0060255144 -0.008299999833 -0.005338121446
v 0.0078160892 -0.008299999833 -0.001926481946
v 0.0078160824 -0.008299999833 0.001926495854
v 0.0060254957 -0.008299999833 0.005338148154
v 0.0028545629 -0.008299999833 0.007526882354
v -0.0009703395 -0.008299999833 0.007991295954
v -0.0045729372 -0.008299999833 0.006625017654
v -0.007127921 -0.008299999833 0.003741006654
v -0.0080500031 -0.008299999833 -1.1346389e-08
v -0.0080500031 -0.01830000043 -1.1346389e-08
v -0.0322313647 -0.002300000042 0.01928356515
v -0.0313153153 -0.002300000042 0.01527014285
v -0.0287486288 -0.002300000042 0.01205163005
v -0.0250396718 -0.002300000042 0.01026549995
v -0.0209230412 -0.002300000042 0.01026550715
v -0.0172140714 -0.002300000042 0.01205165025
v -0.0146473962 -0.002300000042 0.01527017205
v -0.0137313609 -0.002300000042 0.01928359755
v -0.0146474103 -0.002300000042 0.02329701995
v -0.0172140968 -0.002300000042 0.02651553275
v -0.0209230729 -0.002300000042 0.02830168195
v -0.0250397034 -0.002300000042 0.02830167465
v -0.0287486542 -0.002300000042 0.02651551245
v -0.0313153294 -0.002300000042 0.02329699065
v -0.0322313647 -0.006000000238 0.01928356515
v -0.0313153294 -0.006000000238 0.02329699065
v -0.0287486542 -0.006000000238 0.02651551245
v -0.0250397034 -0.006000000238 0.02830167465
v -0.0209230729 -0.006000000238 0.02830168195
v -0.0172140968 -0.006000000238 0.02651553275
v -0.0146474103 -0.006000000238 0.02329701995
v -0.0137313609 -0.006000000238 0.01928359755
v -0.0146473962 -0.006000000238 0.01527017205
v -0.0172140714 -0.006000000238 0.01205165025
v -0.0209230412 -0.006000000238 0.01026550715
v -0.0250396718 -0.006000000238 0.01026549995
v -0.0287486288 -0.006000000238 0.01205163005
v -0.0313153153 -0.006000000238 0.01527014285
v -0.0322313647 -0.002300000042 0.01928356515
v -0.0322313647 -0.006000000238 0.01928356515
v -0.0130500031 -0.005699999928 -2.0146389e-08
v -0.0121687616 -0.005699999928 -0.004714221446
v -0.0096440542 -0.005699999928 -0.008791746946
v -0.0058168588 -0.005699999928 -0.01168188835
v -0.0012040864 -0.005699999928 -0.01299433645
v 0.0035713225 -0.005699999928 -0.01255181365
v 0.0078643982 -0.005699999928 -0.01041410695
v 0.0110953452 -0.005699999928 -0.006869923246
v 0.0128278011 -0.005699999928 -0.002397912446
v 0.0128277927 -0.005699999928 0.002397963054
v 0.011095321 -0.005699999928 0.006869967754
v 0.0078643616 -0.005699999928 0.01041414015
v 0.0035712785 -0.005699999928 0.01255183165
v -0.001204132 -0.005699999928 0.01299432825
v -0.0058168998 -0.005699999928 0.01168187355
v -0.0096440851 -0.005699999928 0.008791718654
v -0.0121687781 -0.005699999928 0.004714184254
v -2.28e-08 -0.006299999952 0.01297035495
v 0.0049635295 -0.006299999952 0.01198306275
v 0.0091714126 -0.006299999952 0.009171447554
v 0.0119830426 -0.006299999952 0.004963555254
v 0.0129703522 -0.006299999952 2.5553611e-08
v 0.01198306 -0.006299999952 -0.004963526746
v 0.0091714448 -0.006299999952 -0.009171409846
v 0.0049635716 -0.006299999952 -0.01198303985
v 2.28e-08 -0.006299999952 -0.01297035895
v -0.0049635295 -0.006299999952 -0.01198305725
v -0.0091714126 -0.006299999952 -0.009171442046
v -0.0119830426 -0.006299999952 -0.004963568846
v -0.0129703522 -0.006299999952 -1.994638898e-08
v -0.01198306 -0.006299999952 0.004963513254
v -0.0091714448 -0.006299999952 0.009171415354
v -0.0049635716 -0.006299999952 0.01198304535
v 0.0035712785 -0.005699999928 0.01255183165
v -2.28e-08 -0.006299999952 0.01297035495
v -0.0145999908 -0.002300000042 -2.2846389e-08
v -0.0136140922 -0.002300000042 -0.005274145246
v -0.0107895106 -0.002300000042 -0.009835974646
v -0.0065077552 -0.002300000042 -0.01306939995
v -0.0013470967 -0.002300000042 -0.01453772505
v 0.0039955004 -0.002300000042 -0.01404264425
v 0.0087984862 -0.002300000042 -0.01165103995
v 0.012413191 -0.002300000042 -0.007685884746
v 0.0143514108 -0.002300000042 -0.002682715146
v 0.0143514014 -0.002300000042 0.002682771054
v 0.012413164 -0.002300000042 0.007685933854
v 0.0087984453 -0.002300000042 0.01165107645
v 0.0039954511 -0.002300000042 0.01404265425
v -0.0013471477 -0.002300000042 0.01453771635
v -0.0065078011 -0.002300000042 0.01306937305
v -0.0107895452 -0.002300000042 0.009835932754
v -0.0136141107 -0.002300000042 0.005274103054
v -0.0145999908 -0.00349999994 -2.2846389e-08
v -0.0136141107 -0.00349999994 0.005274103054
v -0.0107895452 -0.00349999994 0.009835932754
v -0.0065078011 -0.00349999994 0.01306937305
v -0.0013471477 -0.00349999994 0.01453771635
v 0.0039954511 -0.00349999994 0.01404265425
v 0.0087984453 -0.00349999994 0.01165107645
v 0.012413164 -0.00349999994 0.007685933854
v 0.0143514014 -0.00349999994 0.002682771054
v 0.0143514108 -0.00349999994 -0.002682715146
v 0.012413191 -0.00349999994 -0.007685884746
v 0.0087984862 -0.00349999994 -0.01165103995
v 0.0039955004 -0.00349999994 -0.01404264425
v -0.0013470967 -0.00349999994 -0.01453772505
v -0.0065077552 -0.00349999994 -0.01306939995
v -0.0107895106 -0.00349999994 -0.009835974646
v -0.0136140922 -0.00349999994 -0.005274145246
v -0.0145999908 -0.002300000042 -2.2846389e-08
v -0.0145999908 -0.00349999994 -2.2846389e-08
v -0.0107500076 -0.006000000238 -1.6046389e-08
v -0.0098206062 -0.006000000238 -0.004372439546
v -0.0071931317 -0.006000000238 -0.007988825146
v -0.0033219158 -0.006000000238 -0.01022385905
v 0.0011236951 -0.006000000238 -0.01069110395
v 0.0053750202 -0.006000000238 -0.009309756446
v 0.0086969487 -0.006000000238 -0.006318684646
v 0.0105150834 -0.006000000238 -0.002235028946
v 0.0105150756 -0.006000000238 0.002235071454
v 0.0086969265 -0.006000000238 0.006318701654
v 0.0053749875 -0.006000000238 0.009309780854
v 0.0011236575 -0.006000000238 0.01069111345
v -0.0033219517 -0.006000000238 0.01022384335
v -0.0071931598 -0.006000000238 0.007988786354
v -0.0098206215 -0.006000000238 0.004372410654
v -0.0110499954 -0.005699999928 -1.664638899e-08
v -0.0100946887 -0.005699999928 0.004494423254
v -0.0073939086 -0.005699999928 0.008211736054
v -0.0034146493 -0.005699999928 0.01050916345
v 0.0011550138 -0.005699999928 0.01098946095
v 0.0055249809 -0.005699999928 0.009569581054
v 0.0089396172 -0.005699999928 0.006495036454
v 0.0108085211 -0.005699999928 0.002297442254
v 0.0108085291 -0.005699999928 -0.002297398746
v 0.00893964 -0.005699999928 -0.006495018646
v 0.0055250145 -0.005699999928 -0.009569575246
v 0.0011550524 -0.005699999928 -0.01098946095
v -0.0034146124 -0.005699999928 -0.01050917945
v -0.0073938798 -0.005699999928 -0.008211756446
v -0.0100946729 -0.005699999928 -0.004494453146
v -0.0033219517 -0.006000000238 0.01022384335
v -0.0034146493 -0.005699999928 0.01050916345
v -0.0302313762 -0.006000000238 0.01928356865
v -0.0292600652 -0.006000000238 0.02290858175
v -0.0266063757 -0.006000000238 0.02556226155
v -0.0229813851 -0.006000000238 0.02653358515
v -0.0193563719 -0.006000000238 0.02556227425
v -0.0167026922 -0.006000000238 0.02290860385
v -0.0157313685 -0.006000000238 0.01928359405
v -0.0167026795 -0.006000000238 0.01565860005
v -0.0193563499 -0.006000000238 0.01300490125
v -0.0229813596 -0.006000000238 0.01203359665
v -0.0266063537 -0.006000000238 0.01300488845
v -0.0292600525 -0.006000000238 0.01565857795
v -0.0322313647 -0.006000000238 0.01928356515
v -0.0313153153 -0.006000000238 0.01527014285
v -0.0287486288 -0.006000000238 0.01205163005
v -0.0250396718 -0.006000000238 0.01026549995
v -0.0209230412 -0.006000000238 0.01026550715
v -0.0172140714 -0.006000000238 0.01205165025
v -0.0146473962 -0.006000000238 0.01527017205
v -0.0137313609 -0.006000000238 0.01928359755
v -0.0146474103 -0.006000000238 0.02329701995
v -0.0172140968 -0.006000000238 0.02651553275
v -0.0209230729 -0.006000000238 0.02830168195
v -0.0250397034 -0.006000000238 0.02830167465
v -0.0287486542 -0.006000000238 0.02651551245
v -0.0313153294 -0.006000000238 0.02329699065
v -0.0050499916 -0.006000000238 -6.046389001e-09
v -0.0040855356 -0.006000000238 -0.002968315746
v -0.001560527 -0.006000000238 -0.004802837346
v 0.0015605439 -0.006000000238 -0.004802831846
v 0.004085546 -0.006000000238 -0.002968301346
v 0.0050499916 -0.006000000238 1.165361102e-08
v 0.0040855356 -0.006000000238 0.002968321254
v 0.001560527 -0.006000000238 0.004802842854
v -0.0015605439 -0.006000000238 0.004802837454
v -0.004085546 -0.006000000238 0.002968306954
v -0.0107500076 -0.006000000238 -1.6046389e-08
v -0.0098206215 -0.006000000238 0.004372410654
v -0.0071931598 -0.006000000238 0.007988786354
v -0.0033219517 -0.006000000238 0.01022384335
v 0.0011236575 -0.006000000238 0.01069111345
v 0.0053749875 -0.006000000238 0.009309780854
v 0.0086969265 -0.006000000238 0.006318701654
v 0.0105150756 -0.006000000238 0.002235071454
v 0.0105150834 -0.006000000238 -0.002235028946
v 0.0086969487 -0.006000000238 -0.006318684646
v 0.0053750202 -0.006000000238 -0.009309756446
v 0.0011236951 -0.006000000238 -0.01069110395
v -0.0033219158 -0.006000000238 -0.01022385905
v -0.0071931317 -0.006000000238 -0.007988825146
v -0.0098206062 -0.006000000238 -0.004372439546
v -0.0130500031 -0.00349999994 -2.0146389e-08
v -0.0121687781 -0.00349999994 0.004714184254
v -0.0096440851 -0.00349999994 0.008791718654
v -0.0058168998 -0.00349999994 0.01168187355
v -0.001204132 -0.00349999994 0.01299432825
v 0.0035712785 -0.00349999994 0.01255183165
v 0.0078643616 -0.00349999994 0.01041414015
v 0.011095321 -0.00349999994 0.006869967754
v 0.0128277927 -0.00349999994 0.002397963054
v 0.0128278011 -0.00349999994 -0.002397912446
v 0.0110953452 -0.00349999994 -0.006869923246
v 0.0078643982 -0.00349999994 -0.01041410695
v 0.0035713225 -0.00349999994 -0.01255181365
v -0.0012040864 -0.00349999994 -0.01299433645
v -0.0058168588 -0.00349999994 -0.01168188835
v -0.0096440542 -0.00349999994 -0.008791746946
v -0.0121687616 -0.00349999994 -0.004714221446
v -0.0145999908 -0.00349999994 -2.2846389e-08
v -0.0136140922 -0.00349999994 -0.005274145246
v -0.0107895106 -0.00349999994 -0.009835974646
v -0.0065077552 -0.00349999994 -0.01306939995
v -0.0013470967 -0.00349999994 -0.01453772505
v 0.0039955004 -0.00349999994 -0.01404264425
v 0.0087984862 -0.00349999994 -0.01165103995
v 0.012413191 -0.00349999994 -0.007685884746
v 0.0143514108 -0.00349999994 -0.002682715146
v 0.0143514014 -0.00349999994 0.002682771054
v 0.012413164 -0.00349999994 0.007685933854
v 0.0087984453 -0.00349999994 0.01165107645
v 0.0039954511 -0.00349999994 0.01404265425
v -0.0013471477 -0.00349999994 0.01453771635
v -0.0065078011 -0.00349999994 0.01306937305
v -0.0107895452 -0.00349999994 0.009835932754
v -0.0136141107 -0.00349999994 0.005274103054
v 0.0707646752 -0.01179999948 -0.09787425695
v 0.0721087427 -0.01160326838 -0.09618319935
v 0.0740641549 -0.01106910229 -0.09526053025
v 0.076169639 -0.01048745155 -0.09528627105
v 0.0781122848 -0.01021798015 -0.09626552425
v 0.0794140056 -0.01048745155 -0.09800860495
v 0.0798049776 -0.01106910229 -0.100077634
v 0.0792358856 -0.01160326838 -0.102163564
v 0.0778039179 -0.01179999948 -0.1037808646
v 0.0795282524 -0.01179999948 -0.10151321
v 0.0796450439 -0.01179999948 -0.09866682105
v 0.0781122848 -0.01179999948 -0.09626552425
v 0.0754813053 -0.01179999948 -0.09517304725
v 0.0726984465 -0.01179999948 -0.09578234515
v 0.1157149151 -0.01179999948 -0.05860014355
v 0.1143707666 -0.01160326004 -0.06029127755
v 0.1124147297 -0.01106889844 -0.06121405625
v 0.1103091169 -0.01048725247 -0.06118794835
v 0.1083674438 -0.01021798015 -0.06020899555
v 0.107065642 -0.01048741817 -0.05846592915
v 0.1066746128 -0.01106907487 -0.05639685705
v 0.1072436809 -0.01160326004 -0.05431087465
v 0.1086756677 -0.01179999948 -0.05269353595
v 0.1069513379 -0.01179999948 -0.05496118575
v 0.1068345464 -0.01179999948 -0.05780757955
v 0.1083673008 -0.01179999948 -0.06020887155
v 0.1109982803 -0.01179999948 -0.06130134855
v 0.1137811438 -0.01179999948 -0.06069205065
v 0.0750590512 -0.01480000019 -0.09765424155
v 0.0732999337 -0.01480000019 -0.09850138875
v 0.0728654716 -0.01480000019 -0.1004049139
v 0.0740828205 -0.01480000019 -0.1019314201
v 0.076035297 -0.01480000019 -0.1019314166
v 0.0772526405 -0.01480000019 -0.1004049062
v 0.0768181718 -0.01480000019 -0.09850138255
v 0.0757397344 -0.01179999948 -0.1020488097
v 0.0738067601 -0.01179999948 -0.1017735302
v 0.072816786 -0.01179999948 -0.1000906401
v 0.073515292 -0.01179999948 -0.09826738535
v 0.0753762815 -0.01179999948 -0.09767671435
v 0.076998388 -0.01179999948 -0.09876341385
v 0.0771601442 -0.01179999948 -0.1007091809
v 0.073515292 -0.01179999948 -0.09826738535
v 0.0750590512 -0.01480000019 -0.09765424155
v 0.0757397344 -0.01179999948 -0.1020488097
v 0.0771601442 -0.01179999948 -0.1007091809
v 0.076998388 -0.01179999948 -0.09876341385
v 0.0753762815 -0.01179999948 -0.09767671435
v 0.073515292 -0.01179999948 -0.09826738535
v 0.072816786 -0.01179999948 -0.1000906401
v 0.0738067601 -0.01179999948 -0.1017735302
v 0.0707646752 -0.01179999948 -0.09787425695
v 0.0726984465 -0.01179999948 -0.09578234515
v 0.0754813053 -0.01179999948 -0.09517304725
v 0.0781122848 -0.01179999948 -0.09626552425
v 0.0796450439 -0.01179999948 -0.09866682105
v 0.0795282524 -0.01179999948 -0.10151321
v 0.0778039179 -0.01179999948 -0.1037808646
v 0.09595133686 -0.01179999948 -0.1190083031
v 0.1019083797 -0.01179999948 -0.1228882117
v 0.1086208395 -0.01179999948 -0.1252297708
v 0.1156986253 -0.01179999948 -0.125896887
v 0.1227303884 -0.01179999948 -0.124850794
v 0.1293074797 -0.01179999948 -0.1221522895
v 0.1350476571 -0.01179999948 -0.1179581962
v 0.1396173211 -0.01179999948 -0.1125122596
v 0.1427509025 -0.01179999948 -0.1061309856
v 0.1442662883 -0.01179999948 -0.09918522035
v 0.1440754098 -0.01179999948 -0.09207863045
v 0.142189359 -0.01179999948 -0.08522422355
v 0.1387177471 -0.01179999948 -0.07902035885
v 0.1338623341 -0.01179999948 -0.07382758215
v 0.1157149151 -0.01179999948 -0.05860014355
v 0.1137811438 -0.01179999948 -0.06069205065
v 0.1109982803 -0.01179999948 -0.06130134855
v 0.1083673008 -0.01179999948 -0.06020887155
v 0.1068345464 -0.01179999948 -0.05780757955
v 0.1069513379 -0.01179999948 -0.05496118575
v 0.1086756677 -0.01179999948 -0.05269353595
v 0.1070679517 -0.01179999948 -0.05134450915
v 0.1163356097 -0.01179999948 -0.05069025325
v 0.1255443435 -0.01179999948 -0.05192180255
v 0.1343143904 -0.01179999948 -0.05498836515
v 0.1422840738 -0.01179999948 -0.05976348425
v 0.1491247216 -0.01179999948 -0.06605021735
v 0.154554234 -0.01179999948 -0.07358930845
v 0.1583486924 -0.01179999948 -0.08206985065
v 0.1603516164 -0.01179999948 -0.09114210325
v 0.1604804061 -0.01179999948 -0.1004319351
v 0.1587297503 -0.01179999948 -0.1095562267
v 0.1551718472 -0.01179999948 -0.118138701
v 0.1499534216 -0.01179999948 -0.1258254109
v 0.143289679 -0.01179999948 -0.1322993644
v 0.1354554345 -0.01179999948 -0.1372935751
v 0.126773771 -0.01179999948 -0.140602082
v 0.1176027169 -0.01179999948 -0.1420884425
v 0.1083204849 -0.01179999948 -0.1416913583
v 0.09930987031 -0.01179999948 -0.1394272082
v 0.09094247736 -0.01179999948 -0.1353893635
v 0.08356336475 -0.01179999948 -0.1297443445
v 0.0774768504 -0.01179999948 -0.1227249522
v 0.0729339513 -0.01179999948 -0.1146206597
v 0.0701219984 -0.01179999948 -0.1057656937
v 0.0691569592 -0.01179999948 -0.09652523025
v 0.1183931318 -0.01179999948 -0.1340157215
v 0.1166340143 -0.01179999948 -0.1348628735
v 0.1161995475 -0.01179999948 -0.1367663986
v 0.1174169011 -0.01179999948 -0.1382929024
v 0.1193693776 -0.01179999948 -0.138292899
v 0.1205867259 -0.01179999948 -0.1367663909
v 0.1201522524 -0.01179999948 -0.1348628673
v 0.1547546142 -0.01179999948 -0.09068164095
v 0.1529954943 -0.01179999948 -0.09152879295
v 0.1525610299 -0.01179999948 -0.09343231805
v 0.1537783835 -0.01179999948 -0.09495881945
v 0.15573086 -0.01179999948 -0.09495881605
v 0.1569482059 -0.01179999948 -0.09343231035
v 0.1565137347 -0.01179999948 -0.09152878675
v 0.1107398559 -0.01179999948 -0.05442558605
v 0.1093194462 -0.01179999948 -0.05576521485
v 0.1094812023 -0.01179999948 -0.05771097725
v 0.1111033136 -0.01179999948 -0.05879768625
v 0.1129642984 -0.01179999948 -0.05820701525
v 0.1136627996 -0.01179999948 -0.05638376035
v 0.1126728303 -0.01179999948 -0.05470087025
v 0.1107398559 -0.01179999948 -0.05442558605
v 0.1126728303 -0.01179999948 -0.05470087025
v 0.1136627996 -0.01179999948 -0.05638376035
v 0.1129642984 -0.01179999948 -0.05820701525
v 0.1111033136 -0.01179999948 -0.05879768625
v 0.1094812023 -0.01179999948 -0.05771097725
v 0.1093194462 -0.01179999948 -0.05576521485
v 0.1114205312 -0.01480000019 -0.05432015615
v 0.1096614137 -0.01480000019 -0.05516730815
v 0.1092269468 -0.01480000019 -0.05707083325
v 0.1104443005 -0.01480000019 -0.05859733945
v 0.112396777 -0.01480000019 -0.05859733605
v 0.1136141253 -0.01480000019 -0.05707082555
v 0.1131796565 -0.01480000019 -0.05516730195
v 0.1107398559 -0.01179999948 -0.05442558605
v 0.1114205312 -0.01480000019 -0.05432015615
v 0.1547546142 -0.01179999948 -0.09068164095
v 0.1565137347 -0.01179999948 -0.09152878675
v 0.1569482059 -0.01179999948 -0.09343231035
v 0.15573086 -0.01179999948 -0.09495881605
v 0.1537783835 -0.01179999948 -0.09495881945
v 0.1525610299 -0.01179999948 -0.09343231805
v 0.1529954943 -0.01179999948 -0.09152879295
v 0.1547546142 -0.01480000019 -0.09068164095
v 0.1529954943 -0.01480000019 -0.09152879295
v 0.1525610299 -0.01480000019 -0.09343231805
v 0.1537783835 -0.01480000019 -0.09495881945
v 0.15573086 -0.01480000019 -0.09495881605
v 0.1569482059 -0.01480000019 -0.09343231035
v 0.1565137347 -0.01480000019 -0.09152878675
v 0.1547546142 -0.01179999948 -0.09068164095
v 0.1547546142 -0.01480000019 -0.09068164095
v 0.0778039179 -0.01179999948 -0.1037808646
v 0.0792358856 -0.01160326838 -0.102163564
v 0.0798049776 -0.01106910229 -0.100077634
v 0.0794140056 -0.01048745155 -0.09800860495
v 0.0781122848 -0.01021798015 -0.09626552425
v 0.076169639 -0.01048745155 -0.09528627105
v 0.0740641549 -0.01106910229 -0.09526053025
v 0.0721087427 -0.01160326838 -0.09618319935
v 0.0707646752 -0.01179999948 -0.09787425695
v 0.0691569592 -0.01179999948 -0.09652523025
v 0.0691638833 -0.01112341166 -0.09134540545
v 0.0697248456 -0.008887680769 -0.08677574995
v 0.0701003993 -0.007167800069 -0.08495280085
v 0.0704510343 -0.005098106265 -0.08355844255
v 0.0707099267 -0.002772960365 -0.08265184115
v 0.0708249964 -0.0002999999933 -0.08227360415
v 0.1036580773 -0.0002999999933 -0.1098237384
v 0.1029818855 -0.004736456573 -0.1106295896
v 0.1012907241 -0.008460254073 -0.1126450497
v 0.09882872838 -0.01093380094 -0.1155791475
v 0.09595133686 -0.01179999948 -0.1190083031
v 0.1183931318 -0.01179999948 -0.1340157215
v 0.1201522524 -0.01179999948 -0.1348628673
v 0.1205867259 -0.01179999948 -0.1367663909
v 0.1193693776 -0.01179999948 -0.138292899
v 0.1174169011 -0.01179999948 -0.1382929024
v 0.1161995475 -0.01179999948 -0.1367663986
v 0.1166340143 -0.01179999948 -0.1348628735
v 0.1183931318 -0.01480000019 -0.1340157215
v 0.1166340143 -0.01480000019 -0.1348628735
v 0.1161995475 -0.01480000019 -0.1367663986
v 0.1174169011 -0.01480000019 -0.1382929024
v 0.1193693776 -0.01480000019 -0.138292899
v 0.1205867259 -0.01480000019 -0.1367663909
v 0.1201522524 -0.01480000019 -0.1348628673
v 0.1183931318 -0.01179999948 -0.1340157215
v 0.1183931318 -0.01480000019 -0.1340157215
v 0.1086756677 -0.01179999948 -0.05269353595
v 0.1072436809 -0.01160326004 -0.05431087465
v 0.1066746128 -0.01106907487 -0.05639685705
v 0.107065642 -0.01048741817 -0.05846592915
v 0.1083674438 -0.01021798015 -0.06020899555
v 0.1103091169 -0.01048725247 -0.06118794835
v 0.1124147297 -0.01106889844 -0.06121405625
v 0.1143707666 -0.01160326004 -0.06029127755
v 0.1157149151 -0.01179999948 -0.05860014355
v 0.1338623341 -0.01179999948 -0.07382758215
v 0.1309849426 -0.01093380094 -0.07725673295
v 0.1285229469 -0.008460254073 -0.08019083075
v 0.1268317855 -0.004736456573 -0.08220629095
v 0.1261555936 -0.0002999999933 -0.08301214685
v 0.09332251745 -0.0002999999933 -0.05546201265
v 0.0936750047 -0.002772936821 -0.05528301685
v 0.09452317331 -0.005097689629 -0.05487042725
v 0.09583546628 -0.007167367339 -0.05428297115
v 0.09756483901 -0.008888721466 -0.05359641795
v 0.1019680749 -0.01112342477 -0.05225080435
v 0.1070679517 -0.01179999948 -0.05134450915
f 31 1 35
f 35 1 2
f 35 2 3
f 35 3 34
f 34 3 4
f 34 4 33
f 33 4 5
f 33 5 6
f 33 6 36
f 36 6 7
f 36 7 39
f 39 7 8
f 39 8 42
f 42 8 9
f 42 9 45
f 45 9 10
f 45 10 48
f 48 10 11
f 48 11 32
f 32 11 12
f 32 12 58
f 58 12 53
f 58 53 54
f 54 53 60
f 54 60 61
f 61 60 64
f 61 64 25
f 25 64 24
f 24 64 67
f 24 67 70
f 70 67 66
f 70 66 69
f 69 66 65
f 69 65 68
f 68 65 16
f 68 16 17
f 12 13 53
f 53 13 59
f 53 59 60
f 60 59 63
f 60 63 64
f 64 63 67
f 13 14 59
f 59 14 62
f 59 62 63
f 63 62 66
f 63 66 67
f 14 15 62
f 62 15 65
f 62 65 66
f 15 16 65
f 68 17 71
f 71 17 18
f 71 18 19
f 19 20 71
f 71 20 72
f 71 72 68
f 68 72 69
f 20 21 72
f 72 21 73
f 72 73 69
f 69 73 70
f 21 22 73
f 73 22 23
f 73 23 70
f 70 23 24
f 25 26 61
f 61 26 55
f 61 55 54
f 54 55 57
f 54 57 58
f 58 57 32
f 55 26 56
f 56 26 27
f 56 27 52
f 52 27 28
f 52 28 50
f 50 28 47
f 50 47 46
f 46 47 43
f 46 43 42
f 42 43 39
f 28 29 47
f 47 29 44
f 47 44 43
f 43 44 40
f 43 40 39
f 39 40 36
f 29 30 44
f 44 30 41
f 44 41 40
f 40 41 37
f 40 37 36
f 36 37 33
f 41 30 38
f 38 30 31
f 38 31 35
f 38 35 34
f 38 34 37
f 37 34 33
f 41 38 37
f 42 45 46
f 46 45 49
f 46 49 50
f 50 49 52
f 45 48 49
f 49 48 51
f 49 51 52
f 52 51 56
f 48 32 51
f 51 32 57
f 51 57 56
f 56 57 55
f 74 75 80
f 80 75 79
f 79 75 76
f 79 76 78
f 78 76 77
f 82 109 81
f 81 109 110
f 81 110 87
f 87 110 111
f 87 111 86
f 86 111 85
f 85 111 112
f 85 112 84
f 84 112 113
f 84 113 83
f 83 113 114
f 83 114 115
f 83 92 82
f 82 92 138
f 82 138 139
f 94 88 133
f 133 88 89
f 133 89 132
f 132 89 90
f 132 90 131
f 131 90 91
f 131 91 130
f 130 91 129
f 129 91 101
f 129 101 128
f 128 101 127
f 127 101 95
f 127 95 126
f 126 95 96
f 126 96 97
f 92 83 91
f 91 83 102
f 91 102 100
f 100 102 122
f 100 122 123
f 93 135 92
f 92 135 137
f 92 137 138
f 135 93 134
f 134 93 94
f 134 94 133
f 126 97 125
f 125 97 98
f 125 98 99
f 100 123 99
f 99 123 124
f 99 124 125
f 100 101 91
f 122 102 121
f 121 102 103
f 121 103 120
f 120 103 119
f 119 103 104
f 119 104 105
f 119 105 118
f 118 105 106
f 118 106 107
f 118 107 117
f 117 107 108
f 117 108 116
f 116 108 115
f 115 108 83
f 108 102 83
f 135 136 137
f 140 109 139
f 139 109 82
f 141 142 145
f 145 142 144
f 144 142 143
f 147 158 146
f 146 158 161
f 146 161 162
f 158 147 157
f 157 147 148
f 157 148 156
f 156 148 149
f 156 149 155
f 155 149 150
f 155 150 151
f 151 152 155
f 155 152 153
f 155 153 154
f 159 160 158
f 158 160 161
f 164 186 163
f 163 186 188
f 187 175 174
f 174 175 176
f 174 176 173
f 173 176 177
f 173 177 172
f 172 177 178
f 172 178 171
f 171 178 179
f 171 179 170
f 170 179 180
f 170 180 169
f 169 180 181
f 169 181 168
f 168 181 182
f 168 182 167
f 167 182 183
f 167 183 166
f 166 183 184
f 166 184 165
f 165 184 185
f 165 185 164
f 164 185 186
f 189 190 199
f 199 190 198
f 198 190 191
f 198 191 197
f 197 191 192
f 197 192 196
f 196 192 193
f 196 193 195
f 195 193 194
f 201 218 200
f 200 218 217
f 200 217 214
f 214 217 224
f 214 224 213
f 213 224 227
f 213 227 212
f 212 227 230
f 212 230 211
f 211 230 210
f 210 230 229
f 210 229 209
f 209 229 228
f 209 228 208
f 208 228 207
f 207 228 225
f 207 225 206
f 206 225 222
f 206 222 205
f 205 222 215
f 205 215 204
f 204 215 220
f 204 220 203
f 203 220 221
f 203 221 202
f 202 221 201
f 201 221 220
f 201 220 219
f 219 220 216
f 219 216 217
f 217 216 224
f 220 215 216
f 216 215 223
f 216 223 224
f 224 223 227
f 201 219 218
f 218 219 217
f 215 222 223
f 223 222 226
f 223 226 227
f 227 226 230
f 222 225 226
f 226 225 229
f 226 229 230
f 228 229 225
f 231 232 237
f 237 232 236
f 236 232 233
f 236 233 235
f 235 233 234
f 239 260 238
f 238 260 249
f 238 249 250
f 260 239 259
f 259 239 240
f 259 240 258
f 258 240 241
f 258 241 257
f 257 241 242
f 257 242 256
f 256 242 243
f 256 243 255
f 255 243 244
f 255 244 254
f 254 244 245
f 254 245 253
f 253 245 246
f 253 246 252
f 252 246 247
f 252 247 251
f 251 247 248
f 251 248 250
f 250 248 238
f 276 261 280
f 280 261 262
f 280 262 263
f 264 277 263
f 263 277 278
f 263 278 279
f 279 278 283
f 279 283 275
f 275 283 274
f 274 283 286
f 274 286 273
f 273 286 289
f 273 289 272
f 272 289 292
f 272 292 271
f 271 292 291
f 271 291 270
f 270 291 269
f 269 291 290
f 269 290 268
f 268 290 267
f 267 290 287
f 267 287 266
f 266 287 284
f 266 284 265
f 265 284 281
f 265 281 264
f 264 281 277
f 275 276 279
f 279 276 280
f 279 280 263
f 278 277 282
f 282 277 281
f 282 281 285
f 285 281 284
f 285 284 288
f 288 284 287
f 288 287 291
f 291 287 290
f 286 283 282
f 282 283 278
f 286 282 285
f 289 286 285
f 289 285 288
f 292 289 288
f 292 288 291
f 293 294 297
f 297 294 296
f 296 294 295
f 298 299 351
f 351 299 352
f 351 352 350
f 350 352 353
f 350 353 349
f 349 353 354
f 349 354 348
f 348 354 355
f 348 355 347
f 347 355 356
f 347 356 346
f 346 356 357
f 346 357 345
f 345 357 358
f 345 358 344
f 344 358 359
f 344 359 343
f 343 359 360
f 343 360 342
f 342 360 361
f 342 361 341
f 341 361 362
f 341 362 340
f 340 362 363
f 340 363 339
f 339 363 364
f 339 364 338
f 338 364 365
f 338 365 337
f 337 365 366
f 337 366 336
f 336 366 367
f 336 367 335
f 335 367 368
f 335 368 334
f 334 368 369
f 334 369 333
f 333 369 370
f 333 370 332
f 332 370 371
f 332 371 331
f 331 371 372
f 331 372 330
f 330 372 373
f 330 373 329
f 329 373 374
f 329 374 327
f 327 374 326
f 326 374 324
f 326 324 325
f 299 300 352
f 352 300 302
f 352 302 353
f 353 302 303
f 353 303 354
f 354 303 304
f 354 304 355
f 355 304 305
f 355 305 356
f 356 305 306
f 356 306 357
f 357 306 307
f 357 307 358
f 358 307 308
f 358 308 359
f 359 308 309
f 359 309 360
f 360 309 310
f 360 310 361
f 361 310 311
f 361 311 362
f 362 311 312
f 362 312 363
f 363 312 313
f 363 313 364
f 364 313 314
f 364 314 365
f 365 314 315
f 365 315 366
f 366 315 316
f 366 316 367
f 367 316 317
f 367 317 368
f 368 317 318
f 368 318 369
f 369 318 319
f 369 319 370
f 370 319 320
f 370 320 371
f 371 320 321
f 371 321 372
f 372 321 322
f 372 322 373
f 373 322 323
f 373 323 374
f 374 323 324
f 300 301 302
f 327 328 329
f 375 376 392
f 392 376 377
f 392 377 380
f 380 377 378
f 380 378 379
f 380 381 392
f 392 381 391
f 391 381 382
f 391 382 383
f 383 384 391
f 391 384 385
f 391 385 386
f 386 387 391
f 391 387 390
f 390 387 388
f 390 388 389
f 393 394 453
f 453 394 395
f 453 395 452
f 452 395 396
f 452 396 397
f 452 397 451
f 451 397 398
f 451 398 450
f 450 398 399
f 450 399 449
f 449 399 400
f 449 400 448
f 448 400 401
f 448 401 447
f 447 401 402
f 447 402 446
f 446 402 403
f 446 403 445
f 445 403 404
f 445 404 444
f 444 404 405
f 444 405 443
f 443 405 406
f 443 406 442
f 442 406 407
f 442 407 441
f 441 407 408
f 441 408 440
f 440 408 409
f 440 409 439
f 439 409 410
f 439 410 438
f 438 410 411
f 438 411 437
f 437 411 412
f 437 412 436
f 436 412 413
f 436 413 435
f 435 413 414
f 435 414 434
f 434 414 415
f 434 415 433
f 433 415 416
f 433 416 432
f 432 416 417
f 432 417 431
f 431 417 418
f 431 418 430
f 430 418 419
f 430 419 429
f 429 419 420
f 429 420 428
f 428 420 421
f 428 421 427
f 427 421 422
f 427 422 423
f 427 423 426
f 426 423 424
f 426 424 425
f 455 465 454
f 454 465 468
f 454 468 469
f 465 455 464
f 464 455 456
f 464 456 463
f 463 456 462
f 462 456 457
f 462 457 459
f 459 457 458
f 459 460 462
f 462 460 461
f 466 467 465
f 465 467 468
f 471 485 470
f 470 485 486
f 470 486 484
f 484 486 487
f 484 487 483
f 483 487 488
f 483 488 482
f 482 488 489
f 482 489 481
f 481 489 490
f 481 490 480
f 480 490 491
f 480 491 479
f 479 491 492
f 479 492 478
f 478 492 493
f 478 493 477
f 477 493 494
f 477 494 476
f 476 494 495
f 476 495 475
f 475 495 501
f 475 501 474
f 500 496 497
f 500 497 473
f 473 497 498
f 473 498 472
f 472 498 499
f 472 499 471
f 471 499 485
f 555 502 554
f 554 502 503
f 554 503 553
f 553 503 504
f 553 504 552
f 552 504 505
f 552 505 551
f 551 505 506
f 551 506 550
f 550 506 507
f 550 507 549
f 549 507 508
f 549 508 548
f 548 508 509
f 548 509 547
f 547 509 510
f 547 510 546
f 546 510 511
f 546 511 545
f 545 511 512
f 545 512 544
f 544 512 513
f 544 513 543
f 543 513 514
f 543 514 542
f 542 514 515
f 542 515 541
f 541 515 516
f 541 516 540
f 540 516 517
f 540 517 539
f 539 517 518
f 539 518 538
f 538 518 519
f 538 519 537
f 537 519 520
f 537 520 536
f 536 520 521
f 536 521 535
f 535 521 522
f 535 522 534
f 534 522 523
f 534 523 533
f 533 523 524
f 533 524 532
f 532 524 525
f 532 525 531
f 531 525 526
f 531 526 530
f 530 526 527
f 530 527 529
f 529 527 528
f 556 557 586
f 586 557 560
f 586 560 585
f 585 560 584
f 584 560 567
f 584 567 568
f 557 558 560
f 560 558 559
f 561 565 560
f 560 565 566
f 560 566 567
f 565 561 564
f 564 561 562
f 564 562 563
f 569 582 568
f 568 582 583
f 568 583 584
f 582 569 575
f 575 569 570
f 575 570 571
f 571 572 575
f 575 572 573
f 575 573 574
f 575 576 582
f 582 576 581
f 581 576 580
f 580 576 579
f 579 576 577
f 579 577 578
f 588 589 587
f 587 589 590
f 587 590 616
f 616 590 615
f 615 590 614
f 614 590 591
f 614 591 597
f 597 591 596
f 596 591 595
f 595 591 594
f 594 591 592
f 594 592 593
f 597 598 614
f 614 598 613
f 613 598 612
f 612 598 599
f 612 599 605
f 605 599 600
f 605 600 601
f 605 601 604
f 604 601 602
f 604 602 603
f 606 607 605
f 605 607 608
f 605 608 610
f 610 608 609
f 610 611 605
f 605 611 612
f 634 617 641
f 641 617 618
f 641 618 642
f 642 618 619
f 642 619 643
f 643 619 640
f 643 640 622
f 622 640 621
f 621 640 620
f 620 640 619
f 643 622 639
f 639 622 623
f 639 623 646
f 646 623 637
f 646 637 644
f 644 637 638
f 644 638 633
f 633 638 632
f 632 638 647
f 632 647 631
f 631 647 650
f 631 650 630
f 630 650 629
f 629 650 649
f 629 649 628
f 628 649 635
f 628 635 652
f 652 635 626
f 652 626 627
f 623 624 637
f 637 624 648
f 637 648 638
f 638 648 647
f 648 624 636
f 636 624 625
f 636 625 651
f 651 625 635
f 651 635 649
f 625 626 635
f 627 628 652
f 644 633 645
f 645 633 634
f 645 634 641
f 642 643 641
f 641 643 639
f 641 639 645
f 645 639 646
f 645 646 644
f 650 647 636
f 636 647 648
f 636 651 650
f 650 651 649
f 653 654 670
f 670 654 655
f 670 655 669
f 669 655 656
f 669 656 668
f 668 656 657
f 668 657 662
f 662 657 658
f 662 658 659
f 660 661 659
f 659 661 662
f 662 663 668
f 668 663 667
f 667 663 666
f 666 663 664
f 666 664 665
f 672 700 671
f 671 700 701
f 702 686 685
f 685 686 687
f 685 687 684
f 684 687 688
f 684 688 683
f 683 688 689
f 683 689 682
f 682 689 690
f 682 690 681
f 681 690 691
f 681 691 680
f 680 691 692
f 680 692 679
f 679 692 693
f 679 693 678
f 678 693 694
f 678 694 677
f 677 694 695
f 677 695 676
f 676 695 696
f 676 696 675
f 675 696 697
f 675 697 674
f 674 697 698
f 674 698 673
f 673 698 699
f 673 699 672
f 672 699 700
f 704 761 703
f 703 761 762
f 703 762 734
f 734 762 763
f 734 763 733
f 733 763 764
f 733 764 765
f 704 705 761
f 761 705 760
f 760 705 706
f 760 706 759
f 759 706 707
f 759 707 758
f 758 707 708
f 758 708 757
f 757 708 709
f 757 709 756
f 756 709 710
f 756 710 755
f 755 710 711
f 755 711 754
f 754 711 712
f 754 712 753
f 753 712 713
f 753 713 752
f 752 713 714
f 752 714 751
f 751 714 715
f 751 715 750
f 750 715 716
f 750 716 749
f 749 716 717
f 749 717 748
f 748 717 718
f 748 718 747
f 747 718 719
f 747 719 746
f 746 719 720
f 746 720 745
f 745 720 721
f 745 721 744
f 744 721 722
f 744 722 743
f 743 722 723
f 743 723 742
f 742 723 724
f 742 724 741
f 741 724 725
f 741 725 740
f 740 725 726
f 740 726 739
f 739 726 727
f 739 727 738
f 738 727 728
f 738 728 737
f 737 728 729
f 737 729 736
f 736 729 730
f 736 730 731
f 736 731 735
f 735 731 732
f 735 732 765
f 765 732 733
f 777 766 778
f 778 766 767
f 778 767 768
f 768 769 778
f 778 769 779
f 778 779 777
f 777 779 776
f 776 779 775
f 775 779 780
f 775 780 774
f 774 780 773
f 773 780 771
f 773 771 772
f 769 770 779
f 779 770 780
f 770 771 780
f 781 782 790
f 790 782 789
f 789 782 783
f 789 783 784
f 789 784 788
f 788 784 785
f 788 785 787
f 787 785 786
f 791 792 799
f 799 792 793
f 799 793 794
f 799 794 798
f 798 794 795
f 798 795 797
f 797 795 796
f 801 816 800
f 800 816 817
f 800 817 818
f 816 801 815
f 815 801 802
f 815 802 814
f 814 802 803
f 814 803 813
f 813 803 827
f 827 803 804
f 827 804 830
f 827 830 826
f 831 805 806
f 831 806 825
f 825 806 824
f 824 806 807
f 824 807 823
f 823 807 808
f 823 808 822
f 822 808 809
f 822 809 821
f 821 809 820
f 820 809 810
f 820 810 819
f 819 810 828
f 829 811 812
f 829 812 818
f 818 812 800
f 847 832 848
f 848 832 833
f 848 833 862
f 862 833 834
f 862 834 861
f 861 834 835
f 861 835 860
f 860 835 836
f 860 836 859
f 859 836 837
f 859 837 858
f 858 837 838
f 858 838 857
f 857 838 839
f 857 839 856
f 856 839 840
f 856 840 855
f 855 840 841
f 855 841 854
f 854 841 842
f 854 842 853
f 853 842 843
f 853 843 852
f 852 843 844
f 852 844 851
f 851 844 845
f 851 845 850
f 850 845 846
f 850 846 849
f 849 846 847
f 849 847 848
f 877 863 880
f 880 863 864
f 880 864 865
f 880 865 879
f 879 865 866
f 879 866 868
f 868 866 867
f 879 868 881
f 881 868 869
f 881 869 883
f 883 869 870
f 883 870 884
f 884 870 872
f 884 872 873
f 870 871 872
f 884 873 885
f 885 873 874
f 885 874 875
f 875 876 885
f 885 876 878
f 885 878 883
f 883 878 881
f 876 877 878
f 878 877 882
f 878 882 881
f 881 882 879
f 882 877 880
f 882 880 879
f 884 885 883
f 887 888 886
f 886 888 914
f 886 914 911
f 911 914 908
f 911 908 910
f 910 908 909
f 914 888 913
f 913 888 889
f 913 889 919
f 919 889 917
f 919 917 918
f 918 917 895
f 918 895 896
f 890 891 889
f 889 891 917
f 917 891 895
f 895 891 892
f 895 892 893
f 893 894 895
f 896 897 918
f 918 897 898
f 918 898 899
f 900 901 899
f 899 901 918
f 918 901 912
f 912 901 902
f 912 902 916
f 916 902 915
f 916 915 914
f 914 915 908
f 903 904 902
f 902 904 915
f 904 905 915
f 915 905 906
f 915 906 907
f 907 908 915
f 912 916 913
f 913 916 914
f 913 919 912
f 912 919 918
f 929 920 928
f 928 920 921
f 928 921 927
f 927 921 922
f 927 922 926
f 926 922 923
f 926 923 924
f 924 925 926
f 931 945 930
f 930 945 946
f 930 946 944
f 944 946 947
f 944 947 943
f 943 947 948
f 943 948 942
f 942 948 949
f 942 949 941
f 941 949 950
f 941 950 940
f 940 950 951
f 940 951 939
f 939 951 952
f 939 952 938
f 938 952 953
f 938 953 937
f 937 953 954
f 937 954 936
f 936 954 955
f 936 955 935
f 935 955 961
f 935 961 934
f 960 956 957
f 960 957 933
f 933 957 958
f 933 958 932
f 932 958 959
f 932 959 931
f 931 959 945
f 963 1004 962
f 962 1004 1005
f 962 1005 1006
f 1004 963 1003
f 1003 963 964
f 1003 964 1002
f 1002 964 1001
f 1001 964 965
f 1001 965 1000
f 1000 965 999
f 999 965 966
f 999 966 998
f 998 966 967
f 998 967 968
f 969 977 968
f 968 977 978
f 968 978 998
f 998 978 979
f 998 979 997
f 997 979 980
f 997 980 981
f 977 969 976
f 976 969 970
f 976 970 975
f 975 970 971
f 975 971 974
f 974 971 1008
f 974 1008 989
f 989 1008 988
f 988 1008 990
f 988 990 987
f 987 990 986
f 986 990 991
f 986 991 985
f 985 991 992
f 985 992 993
f 971 972 1008
f 1008 972 973
f 1008 973 1007
f 1007 973 1006
f 1006 973 962
f 981 982 997
f 997 982 996
f 996 982 995
f 995 982 983
f 995 983 994
f 994 983 984
f 994 984 993
f 993 984 985
f 1029 1009 1028
f 1028 1009 1010
f 1028 1010 1027
f 1027 1010 1011
f 1027 1011 1026
f 1026 1011 1012
f 1026 1012 1013
f 1026 1013 1025
f 1025 1013 1014
f 1025 1014 1024
f 1024 1014 1015
f 1024 1015 1023
f 1023 1015 1016
f 1023 1016 1017
f 1023 1017 1022
f 1022 1017 1018
f 1022 1018 1019
f 1020 1021 1019
f 1019 1021 1022
f 1031 1032 1030
f 1030 1032 1035
f 1030 1035 1036
f 1033 1034 1032
f 1032 1034 1035
f 1030 1036 1051
f 1051 1036 1037
f 1051 1037 1038
f 1051 1038 1050
f 1050 1038 1039
f 1050 1039 1040
f 1050 1040 1049
f 1049 1040 1041
f 1049 1041 1042
f 1049 1042 1048
f 1048 1042 1043
f 1048 1043 1046
f 1046 1043 1045
f 1045 1043 1044
f 1046 1047 1048
f 1053 1075 1052
f 1052 1075 1074
f 1052 1074 1069
f 1069 1074 1079
f 1069 1079 1068
f 1068 1079 1078
f 1068 1078 1067
f 1067 1078 1081
f 1067 1081 1066
f 1066 1081 1083
f 1066 1083 1065
f 1065 1083 1082
f 1065 1082 1064
f 1064 1082 1063
f 1063 1082 1070
f 1063 1070 1085
f 1085 1070 1061
f 1085 1061 1062
f 1053 1054 1075
f 1075 1054 1076
f 1075 1076 1074
f 1074 1076 1072
f 1074 1072 1079
f 1079 1072 1080
f 1079 1080 1078
f 1078 1080 1077
f 1078 1077 1081
f 1081 1077 1071
f 1081 1071 1083
f 1083 1071 1084
f 1083 1084 1082
f 1082 1084 1070
f 1076 1054 1073
f 1073 1054 1055
f 1073 1055 1056
f 1056 1057 1073
f 1073 1057 1076
f 1076 1057 1072
f 1072 1057 1058
f 1072 1058 1080
f 1080 1058 1077
f 1058 1059 1077
f 1077 1059 1071
f 1059 1060 1071
f 1071 1060 1084
f 1084 1060 1070
f 1070 1060 1061
f 1062 1063 1085
f 1086 1087 1093
f 1093 1087 1092
f 1092 1087 1088
f 1092 1088 1091
f 1091 1088 1090
f 1090 1088 1089
f 1095 1118 1094
f 1094 1118 1104
f 1094 1104 1105
f 1118 1095 1117
f 1117 1095 1096
f 1117 1096 1116
f 1116 1096 1115
f 1115 1096 1097
f 1115 1097 1114
f 1114 1097 1098
f 1114 1098 1113
f 1113 1098 1112
f 1112 1098 1099
f 1112 1099 1111
f 1111 1099 1100
f 1111 1100 1110
f 1110 1100 1109
f 1109 1100 1101
f 1109 1101 1108
f 1108 1101 1102
f 1108 1102 1107
f 1107 1102 1106
f 1106 1102 1103
f 1106 1103 1105
f 1105 1103 1094
f 1120 1140 1119
f 1119 1140 1142
f 1141 1130 1129
f 1129 1130 1131
f 1129 1131 1128
f 1128 1131 1132
f 1128 1132 1127
f 1127 1132 1133
f 1127 1133 1126
f 1126 1133 1134
f 1126 1134 1125
f 1125 1134 1135
f 1125 1135 1124
f 1124 1135 1136
f 1124 1136 1123
f 1123 1136 1137
f 1123 1137 1122
f 1122 1137 1138
f 1122 1138 1121
f 1121 1138 1139
f 1121 1139 1120
f 1120 1139 1140
f 1144 1182 1143
f 1143 1182 1183
f 1143 1183 1184
f 1144 1145 1182
f 1182 1145 1181
f 1181 1145 1146
f 1181 1146 1180
f 1180 1146 1147
f 1180 1147 1179
f 1179 1147 1148
f 1179 1148 1149
f 1179 1149 1178
f 1178 1149 1150
f 1178 1150 1177
f 1177 1150 1176
f 1176 1150 1151
f 1176 1151 1175
f 1175 1151 1174
f 1174 1151 1165
f 1174 1165 1189
f 1189 1165 1166
f 1189 1166 1188
f 1188 1166 1167
f 1188 1167 1187
f 1187 1167 1168
f 1187 1168 1186
f 1186 1168 1161
f 1186 1161 1185
f 1185 1161 1143
f 1185 1143 1184
f 1152 1163 1151
f 1151 1163 1164
f 1151 1164 1165
f 1152 1153 1163
f 1163 1153 1162
f 1162 1153 1154
f 1162 1154 1155
f 1162 1155 1173
f 1173 1155 1156
f 1173 1156 1172
f 1172 1156 1157
f 1172 1157 1158
f 1172 1158 1171
f 1171 1158 1159
f 1171 1159 1160
f 1171 1160 1170
f 1170 1160 1161
f 1170 1161 1169
f 1169 1161 1168
f 1191 1217 1190
f 1190 1217 1218
f 1219 1204 1203
f 1203 1204 1205
f 1203 1205 1202
f 1202 1205 1206
f 1202 1206 1201
f 1201 1206 1207
f 1201 1207 1200
f 1200 1207 1208
f 1200 1208 1199
f 1199 1208 1209
f 1199 1209 1198
f 1198 1209 1210
f 1198 1210 1197
f 1197 1210 1211
f 1197 1211 1196
f 1196 1211 1212
f 1196 1212 1195
f 1195 1212 1213
f 1195 1213 1194
f 1194 1213 1214
f 1194 1214 1193
f 1193 1214 1215
f 1193 1215 1192
f 1192 1215 1216
f 1192 1216 1191
f 1191 1216 1217
f 1221 1240 1220
f 1220 1240 1241
f 1220 1241 1231
f 1231 1241 1242
f 1231 1242 1243
f 1222 1238 1221
f 1221 1238 1239
f 1221 1239 1240
f 1222 1223 1238
f 1238 1223 1252
f 1238 1252 1253
f 1252 1223 1251
f 1251 1223 1224
f 1251 1224 1250
f 1250 1224 1225
f 1250 1225 1249
f 1249 1225 1226
f 1249 1226 1247
f 1247 1226 1227
f 1247 1227 1228
f 1247 1228 1246
f 1246 1228 1229
f 1246 1229 1245
f 1245 1229 1244
f 1244 1229 1230
f 1244 1230 1243
f 1243 1230 1231
f 1233 1260 1232
f 1232 1260 1261
f 1232 1261 1262
f 1260 1233 1259
f 1259 1233 1234
f 1259 1234 1258
f 1258 1234 1235
f 1258 1235 1257
f 1257 1235 1236
f 1257 1236 1237
f 1238 1254 1237
f 1237 1254 1255
f 1237 1255 1256
f 1232 1262 1247
f 1247 1262 1263
f 1247 1263 1248
f 1248 1249 1247
f 1253 1254 1238
f 1256 1257 1237
f 1264 1265 1273
f 1273 1265 1272
f 1272 1265 1266
f 1272 1266 1271
f 1271 1266 1267
f 1271 1267 1268
f 1269 1270 1268
f 1268 1270 1271
f 1295 1274 1294
f 1294 1274 1275
f 1294 1275 1293
f 1293 1275 1276
f 1293 1276 1292
f 1292 1276 1277
f 1292 1277 1291
f 1291 1277 1278
f 1291 1278 1290
f 1290 1278 1279
f 1290 1279 1289
f 1289 1279 1280
f 1289 1280 1288
f 1288 1280 1281
f 1288 1281 1287
f 1287 1281 1282
f 1287 1282 1286
f 1286 1282 1283
f 1286 1283 1285
f 1285 1283 1284
f 1297 1298 1296
f 1296 1298 1313
f 1313 1298 1299
f 1313 1299 1312
f 1312 1299 1300
f 1312 1300 1311
f 1311 1300 1306
f 1311 1306 1310
f 1310 1306 1309
f 1309 1306 1307
f 1309 1307 1308
f 1306 1300 1305
f 1305 1300 1301
f 1305 1301 1302
f 1303 1304 1302
f 1302 1304 1305
f 1315 1345 1314
f 1314 1345 1347
f 1346 1330 1329
f 1329 1330 1331
f 1329 1331 1328
f 1328 1331 1332
f 1328 1332 1327
f 1327 1332 1333
f 1327 1333 1326
f 1326 1333 1334
f 1326 1334 1325
f 1325 1334 1335
f 1325 1335 1324
f 1324 1335 1336
f 1324 1336 1323
f 1323 1336 1337
f 1323 1337 1322
f 1322 1337 1338
f 1322 1338 1321
f 1321 1338 1339
f 1321 1339 1320
f 1320 1339 1340
f 1320 1340 1319
f 1319 1340 1341
f 1319 1341 1318
f 1318 1341 1342
f 1318 1342 1317
f 1317 1342 1343
f 1317 1343 1316
f 1316 1343 1344
f 1316 1344 1315
f 1315 1344 1345
f 1349 1373 1348
f 1348 1373 1360
f 1348 1360 1361
f 1373 1349 1372
f 1372 1349 1350
f 1372 1350 1371
f 1371 1350 1351
f 1371 1351 1370
f 1370 1351 1352
f 1370 1352 1369
f 1369 1352 1353
f 1369 1353 1368
f 1368 1353 1354
f 1368 1354 1367
f 1367 1354 1366
f 1366 1354 1355
f 1366 1355 1365
f 1365 1355 1356
f 1365 1356 1364
f 1364 1356 1357
f 1364 1357 1363
f 1363 1357 1358
f 1363 1358 1362
f 1362 1358 1359
f 1362 1359 1361
f 1361 1359 1348
f 1375 1398 1374
f 1374 1398 1399
f 1374 1399 1385
f 1385 1399 1400
f 1385 1400 1401
f 1376 1396 1375
f 1375 1396 1397
f 1375 1397 1398
f 1396 1376 1395
f 1395 1376 1377
f 1395 1377 1394
f 1394 1377 1393
f 1393 1377 1378
f 1393 1378 1392
f 1392 1378 1379
f 1392 1379 1380
f 1392 1380 1409
f 1409 1380 1381
f 1409 1381 1408
f 1408 1381 1382
f 1408 1382 1407
f 1407 1382 1383
f 1407 1383 1406
f 1406 1383 1401
f 1406 1401 1405
f 1405 1401 1404
f 1404 1401 1386
f 1404 1386 1403
f 1403 1386 1402
f 1402 1386 1417
f 1417 1386 1387
f 1417 1387 1388
f 1383 1384 1401
f 1401 1384 1385
f 1417 1388 1416
f 1416 1388 1389
f 1416 1389 1415
f 1415 1389 1390
f 1415 1390 1414
f 1414 1390 1391
f 1414 1391 1413
f 1413 1391 1412
f 1412 1391 1392
f 1412 1392 1411
f 1411 1392 1410
f 1410 1392 1409
f 1419 1439 1418
f 1418 1439 1453
f 1418 1453 1430
f 1430 1453 1454
f 1430 1454 1429
f 1429 1454 1455
f 1429 1455 1428
f 1428 1455 1456
f 1428 1456 1449
f 1449 1456 1457
f 1449 1457 1448
f 1448 1457 1458
f 1448 1458 1447
f 1447 1458 1446
f 1446 1458 1459
f 1446 1459 1445
f 1445 1459 1444
f 1444 1459 1460
f 1444 1460 1443
f 1443 1460 1450
f 1443 1450 1442
f 1442 1450 1441
f 1441 1450 1451
f 1441 1451 1440
f 1440 1451 1439
f 1439 1451 1452
f 1439 1452 1453
f 1439 1419 1438
f 1438 1419 1420
f 1438 1420 1421
f 1438 1421 1437
f 1437 1421 1422
f 1437 1422 1436
f 1436 1422 1435
f 1435 1422 1423
f 1435 1423 1434
f 1434 1423 1424
f 1434 1424 1433
f 1433 1424 1432
f 1432 1424 1425
f 1432 1425 1431
f 1431 1425 1426
f 1431 1426 1427
f 1431 1427 1449
f 1449 1427 1428
f 1462 1463 1461
f 1461 1463 1469
f 1469 1463 1468
f 1468 1463 1464
f 1468 1464 1467
f 1467 1464 1465
f 1467 1465 1466
f 1471 1472 1470
f 1470 1472 1473
f 1475 1476 1474
f 1474 1476 1477
f 1479 1511 1478
f 1478 1511 1495
f 1478 1495 1496
f 1511 1479 1510
f 1510 1479 1480
f 1510 1480 1509
f 1509 1480 1481
f 1509 1481 1508
f 1508 1481 1482
f 1508 1482 1483
f 1508 1483 1507
f 1507 1483 1484
f 1507 1484 1506
f 1506 1484 1485
f 1506 1485 1505
f 1505 1485 1486
f 1505 1486 1504
f 1504 1486 1503
f 1503 1486 1487
f 1503 1487 1502
f 1502 1487 1488
f 1502 1488 1501
f 1501 1488 1489
f 1501 1489 1500
f 1500 1489 1490
f 1500 1490 1499
f 1499 1490 1491
f 1499 1491 1492
f 1499 1492 1498
f 1498 1492 1493
f 1498 1493 1497
f 1497 1493 1494
f 1497 1494 1496
f 1496 1494 1478
f 1524 1512 1516
f 1516 1512 1513
f 1516 1513 1515
f 1515 1513 1514
f 1524 1516 1523
f 1523 1516 1517
f 1523 1517 1522
f 1522 1517 1518
f 1522 1518 1519
f 1519 1520 1522
f 1522 1520 1521
f 1553 1525 1551
f 1551 1525 1526
f 1551 1526 1550
f 1550 1526 1549
f 1549 1526 1548
f 1548 1526 1547
f 1547 1526 1546
f 1546 1526 1545
f 1545 1526 1537
f 1545 1537 1544
f 1544 1537 1543
f 1543 1537 1542
f 1542 1537 1541
f 1541 1537 1538
f 1541 1538 1539
f 1526 1527 1537
f 1537 1527 1528
f 1537 1528 1529
f 1529 1530 1537
f 1537 1530 1531
f 1537 1531 1532
f 1532 1533 1537
f 1537 1533 1536
f 1536 1533 1534
f 1536 1534 1535
f 1539 1540 1541
f 1551 1552 1553
f 1569 1554 1568
f 1568 1554 1555
f 1568 1555 1567
f 1567 1555 1556
f 1567 1556 1566
f 1566 1556 1557
f 1566 1557 1565
f 1565 1557 1558
f 1565 1558 1564
f 1564 1558 1559
f 1564 1559 1563
f 1563 1559 1560
f 1563 1560 1562
f 1562 1560 1561
f 1571 1593 1570
f 1570 1593 1594
f 1595 1582 1581
f 1581 1582 1583
f 1581 1583 1580
f 1580 1583 1584
f 1580 1584 1579
f 1579 1584 1585
f 1579 1585 1578
f 1578 1585 1586
f 1578 1586 1577
f 1577 1586 1587
f 1577 1587 1576
f 1576 1587 1588
f 1576 1588 1575
f 1575 1588 1589
f 1575 1589 1574
f 1574 1589 1590
f 1574 1590 1573
f 1573 1590 1591
f 1573 1591 1572
f 1572 1591 1592
f 1572 1592 1571
f 1571 1592 1593
f 1603 1596 1602
f 1602 1596 1597
f 1602 1597 1598
f 1602 1598 1601
f 1601 1598 1599
f 1601 1599 1600
f 1604 1605 1616
f 1616 1605 1615
f 1615 1605 1606
f 1615 1606 1607
f 1607 1608 1615
f 1615 1608 1614
f 1614 1608 1609
f 1614 1609 1613
f 1613 1609 1612
f 1612 1609 1611
f 1611 1609 1610
f 1617 1618 1638
f 1638 1618 1635
f 1638 1635 1637
f 1637 1635 1636
f 1619 1622 1618
f 1618 1622 1631
f 1618 1631 1635
f 1635 1631 1634
f 1634 1631 1633
f 1633 1631 1632
f 1619 1620 1622
f 1622 1620 1621
f 1623 1625 1622
f 1622 1625 1626
f 1622 1626 1627
f 1623 1624 1625
f 1627 1628 1622
f 1622 1628 1629
f 1622 1629 1630
f 1630 1631 1622
f 1655 1639 1668
f 1668 1639 1640
f 1668 1640 1667
f 1667 1640 1641
f 1667 1641 1666
f 1666 1641 1642
f 1666 1642 1665
f 1665 1642 1672
f 1665 1672 1664
f 1673 1643 1644
f 1673 1644 1663
f 1663 1644 1645
f 1663 1645 1662
f 1662 1645 1646
f 1662 1646 1661
f 1661 1646 1647
f 1661 1647 1660
f 1660 1647 1648
f 1660 1648 1659
f 1659 1648 1649
f 1659 1649 1658
f 1658 1649 1650
f 1658 1650 1657
f 1657 1650 1651
f 1657 1651 1656
f 1656 1651 1652
f 1656 1652 1671
f 1671 1652 1653
f 1671 1653 1670
f 1670 1653 1654
f 1670 1654 1669
f 1669 1654 1655
f 1669 1655 1668
f 1689 1674 1696
f 1696 1674 1675
f 1696 1675 1695
f 1695 1675 1697
f 1695 1697 1699
f 1699 1697 1693
f 1699 1693 1694
f 1694 1693 1698
f 1694 1698 1701
f 1701 1698 1700
f 1701 1700 1692
f 1692 1700 1690
f 1692 1690 1702
f 1702 1690 1703
f 1702 1703 1683
f 1683 1703 1682
f 1682 1703 1681
f 1681 1703 1690
f 1681 1690 1680
f 1680 1690 1700
f 1680 1700 1679
f 1679 1700 1698
f 1679 1698 1678
f 1678 1698 1693
f 1678 1693 1677
f 1677 1693 1697
f 1677 1697 1676
f 1676 1697 1675
f 1702 1683 1691
f 1691 1683 1684
f 1691 1684 1685
f 1685 1686 1691
f 1691 1686 1702
f 1702 1686 1692
f 1692 1686 1687
f 1692 1687 1701
f 1701 1687 1694
f 1687 1688 1694
f 1694 1688 1699
f 1699 1688 1695
f 1695 1688 1689
f 1695 1689 1696
f 1725 1704 1724
f 1724 1704 1705
f 1724 1705 1723
f 1723 1705 1706
f 1723 1706 1722
f 1722 1706 1707
f 1722 1707 1721
f 1721 1707 1708
f 1721 1708 1720
f 1720 1708 1709
f 1720 1709 1719
f 1719 1709 1710
f 1719 1710 1718
f 1718 1710 1711
f 1718 1711 1717
f 1717 1711 1712
f 1717 1712 1716
f 1716 1712 1713
f 1716 1713 1715
f 1715 1713 1714
f 1727 1766 1726
f 1726 1766 1757
f 1726 1757 1738
f 1738 1757 1739
f 1738 1739 1737
f 1737 1739 1736
f 1736 1739 1740
f 1736 1740 1735
f 1735 1740 1741
f 1735 1741 1742
f 1766 1727 1765
f 1765 1727 1728
f 1765 1728 1764
f 1764 1728 1729
f 1764 1729 1763
f 1763 1729 1747
f 1763 1747 1762
f 1762 1747 1748
f 1762 1748 1761
f 1761 1748 1749
f 1761 1749 1750
f 1729 1730 1747
f 1747 1730 1746
f 1746 1730 1731
f 1746 1731 1732
f 1746 1732 1745
f 1745 1732 1733
f 1745 1733 1744
f 1744 1733 1743
f 1743 1733 1734
f 1743 1734 1742
f 1742 1734 1735
f 1761 1750 1760
f 1760 1750 1751
f 1760 1751 1752
f 1760 1752 1759
f 1759 1752 1753
f 1759 1753 1758
f 1758 1753 1754
f 1758 1754 1755
f 1758 1755 1768
f 1768 1755 1756
f 1768 1756 1757
f 1766 1767 1757
f 1757 1767 1768
f 1770 1788 1769
f 1769 1788 1790
f 1789 1779 1778
f 1778 1779 1780
f 1778 1780 1777
f 1777 1780 1781
f 1777 1781 1776
f 1776 1781 1782
f 1776 1782 1775
f 1775 1782 1783
f 1775 1783 1774
f 1774 1783 1784
f 1774 1784 1773
f 1773 1784 1785
f 1773 1785 1772
f 1772 1785 1786
f 1772 1786 1771
f 1771 1786 1787
f 1771 1787 1770
f 1770 1787 1788
f 1792 1813 1791
f 1791 1813 1802
f 1791 1802 1803
f 1813 1792 1812
f 1812 1792 1793
f 1812 1793 1811
f 1811 1793 1794
f 1811 1794 1810
f 1810 1794 1795
f 1810 1795 1809
f 1809 1795 1796
f 1809 1796 1808
f 1808 1796 1797
f 1808 1797 1807
f 1807 1797 1798
f 1807 1798 1806
f 1806 1798 1799
f 1806 1799 1805
f 1805 1799 1800
f 1805 1800 1804
f 1804 1800 1801
f 1804 1801 1803
f 1803 1801 1791
f 1814 1815 1822
f 1822 1815 1821
f 1821 1815 1816
f 1821 1816 1820
f 1820 1816 1817
f 1820 1817 1819
f 1819 1817 1818
f 1823 1824 1831
f 1831 1824 1830
f 1830 1824 1825
f 1830 1825 1829
f 1829 1825 1826
f 1829 1826 1828
f 1828 1826 1827
f 1840 1832 1839
f 1839 1832 1833
f 1839 1833 1838
f 1838 1833 1834
f 1838 1834 1837
f 1837 1834 1835
f 1837 1835 1836
f 1842 1874 1841
f 1841 1874 1875
f 1876 1858 1857
f 1857 1858 1859
f 1857 1859 1860
f 1842 1843 1874
f 1874 1843 1873
f 1873 1843 1844
f 1873 1844 1872
f 1872 1844 1845
f 1872 1845 1871
f 1871 1845 1846
f 1871 1846 1870
f 1870 1846 1847
f 1870 1847 1869
f 1869 1847 1848
f 1869 1848 1868
f 1868 1848 1849
f 1868 1849 1867
f 1867 1849 1850
f 1867 1850 1866
f 1866 1850 1851
f 1866 1851 1865
f 1865 1851 1852
f 1865 1852 1864
f 1864 1852 1853
f 1864 1853 1863
f 1863 1853 1854
f 1863 1854 1862
f 1862 1854 1855
f 1862 1855 1861
f 1861 1855 1856
f 1861 1856 1860
f 1860 1856 1857
f 1878 1910 1877
f 1877 1910 1911
f 1912 1894 1893
f 1893 1894 1895
f 1893 1895 1892
f 1892 1895 1896
f 1892 1896 1891
f 1891 1896 1897
f 1891 1897 1890
f 1890 1897 1898
f 1890 1898 1889
f 1889 1898 1899
f 1889 1899 1888
f 1888 1899 1900
f 1888 1900 1887
f 1887 1900 1901
f 1887 1901 1886
f 1886 1901 1902
f 1886 1902 1885
f 1885 1902 1903
f 1885 1903 1884
f 1884 1903 1904
f 1884 1904 1883
f 1883 1904 1905
f 1883 1905 1882
f 1882 1905 1906
f 1882 1906 1881
f 1881 1906 1907
f 1881 1907 1880
f 1880 1907 1908
f 1880 1908 1879
f 1879 1908 1909
f 1879 1909 1878
f 1878 1909 1910
f 1913 1914 1924
f 1924 1914 1925
f 1924 1925 1923
f 1923 1925 1926
f 1923 1926 1922
f 1922 1926 1927
f 1922 1927 1921
f 1921 1927 1920
f 1920 1927 1919
f 1919 1927 1918
f 1918 1927 1926
f 1918 1926 1917
f 1917 1926 1916
f 1916 1926 1925
f 1916 1925 1915
f 1915 1925 1914
f 1929 1959 1928
f 1928 1959 1960
f 1961 1944 1943
f 1943 1944 1945
f 1943 1945 1942
f 1942 1945 1946
f 1942 1946 1941
f 1941 1946 1947
f 1941 1947 1940
f 1940 1947 1948
f 1940 1948 1939
f 1939 1948 1949
f 1939 1949 1938
f 1938 1949 1950
f 1938 1950 1937
f 1937 1950 1951
f 1937 1951 1936
f 1936 1951 1952
f 1936 1952 1935
f 1935 1952 1953
f 1935 1953 1934
f 1934 1953 1954
f 1934 1954 1933
f 1933 1954 1955
f 1933 1955 1932
f 1932 1955 1956
f 1932 1956 1931
f 1931 1956 1957
f 1931 1957 1930
f 1930 1957 1958
f 1930 1958 1929
f 1929 1958 1959
f 1963 1977 1962
f 1962 1977 1978
f 1962 1978 1976
f 1976 1978 1979
f 1976 1979 1975
f 1975 1979 1993
f 1975 1993 1974
f 1992 1980 1981
f 1992 1981 1973
f 1973 1981 1982
f 1973 1982 1972
f 1972 1982 1983
f 1972 1983 1971
f 1971 1983 1984
f 1971 1984 1970
f 1970 1984 1985
f 1970 1985 1969
f 1969 1985 1986
f 1969 1986 1968
f 1968 1986 1987
f 1968 1987 1967
f 1967 1987 1988
f 1967 1988 1966
f 1966 1988 1989
f 1966 1989 1965
f 1965 1989 1990
f 1965 1990 1964
f 1964 1990 1991
f 1964 1991 1963
f 1963 1991 1977
f 2009 1994 2016
f 2016 1994 1995
f 2016 1995 2015
f 2015 1995 2017
f 2015 2017 2019
f 2019 2017 2013
f 2019 2013 2014
f 2014 2013 2018
f 2014 2018 2021
f 2021 2018 2020
f 2021 2020 2012
f 2012 2020 2010
f 2012 2010 2022
f 2022 2010 2023
f 2022 2023 2003
f 2003 2023 2002
f 2002 2023 2001
f 2001 2023 2010
f 2001 2010 2000
f 2000 2010 2020
f 2000 2020 1999
f 1999 2020 2018
f 1999 2018 1998
f 1998 2018 2013
f 1998 2013 1997
f 1997 2013 2017
f 1997 2017 1996
f 1996 2017 1995
f 2022 2003 2011
f 2011 2003 2004
f 2011 2004 2005
f 2005 2006 2011
f 2011 2006 2022
f 2022 2006 2012
f 2012 2006 2007
f 2012 2007 2021
f 2021 2007 2014
f 2007 2008 2014
f 2014 2008 2019
f 2019 2008 2015
f 2015 2008 2009
f 2015 2009 2016
f 2025 2064 2024
f 2024 2064 2065
f 2024 2065 2037
f 2037 2065 2066
f 2037 2066 2036
f 2036 2066 2067
f 2036 2067 2068
f 2064 2025 2063
f 2063 2025 2026
f 2063 2026 2062
f 2062 2026 2027
f 2062 2027 2038
f 2038 2027 2028
f 2038 2028 2054
f 2054 2028 2029
f 2054 2029 2053
f 2053 2029 2030
f 2053 2030 2052
f 2052 2030 2031
f 2052 2031 2051
f 2051 2031 2032
f 2051 2032 2071
f 2071 2032 2033
f 2071 2033 2070
f 2070 2033 2034
f 2070 2034 2069
f 2069 2034 2035
f 2069 2035 2068
f 2068 2035 2036
f 2038 2039 2062
f 2062 2039 2040
f 2062 2040 2061
f 2061 2040 2041
f 2061 2041 2042
f 2042 2043 2061
f 2061 2043 2060
f 2060 2043 2059
f 2059 2043 2044
f 2059 2044 2058
f 2058 2044 2045
f 2058 2045 2057
f 2057 2045 2046
f 2057 2046 2056
f 2056 2046 2055
f 2055 2046 2047
f 2055 2047 2048
f 2048 2049 2055
f 2055 2049 2071
f 2071 2049 2050
f 2071 2050 2051
f 2073 2105 2072
f 2072 2105 2107
f 2106 2089 2088
f 2088 2089 2090
f 2088 2090 2091
f 2073 2074 2105
f 2105 2074 2104
f 2104 2074 2075
f 2104 2075 2103
f 2103 2075 2076
f 2103 2076 2102
f 2102 2076 2077
f 2102 2077 2101
f 2101 2077 2078
f 2101 2078 2100
f 2100 2078 2079
f 2100 2079 2099
f 2099 2079 2080
f 2099 2080 2098
f 2098 2080 2081
f 2098 2081 2097
f 2097 2081 2082
f 2097 2082 2096
f 2096 2082 2083
f 2096 2083 2095
f 2095 2083 2084
f 2095 2084 2094
f 2094 2084 2085
f 2094 2085 2093
f 2093 2085 2086
f 2093 2086 2092
f 2092 2086 2087
f 2092 2087 2091
f 2091 2087 2088
f 2109 2131 2108
f 2108 2131 2132
f 2133 2120 2119
f 2119 2120 2121
f 2119 2121 2118
f 2118 2121 2122
f 2118 2122 2117
f 2117 2122 2123
f 2117 2123 2116
f 2116 2123 2124
f 2116 2124 2115
f 2115 2124 2125
f 2115 2125 2114
f 2114 2125 2126
f 2114 2126 2113
f 2113 2126 2127
f 2113 2127 2112
f 2112 2127 2128
f 2112 2128 2111
f 2111 2128 2129
f 2111 2129 2110
f 2110 2129 2130
f 2110 2130 2109
f 2109 2130 2131
f 2159 2134 2166
f 2166 2134 2135
f 2166 2135 2168
f 2168 2135 2136
f 2168 2136 2164
f 2164 2136 2137
f 2164 2137 2173
f 2173 2137 2170
f 2173 2170 2172
f 2172 2170 2171
f 2172 2171 2154
f 2154 2171 2175
f 2154 2175 2153
f 2153 2175 2177
f 2153 2177 2163
f 2163 2177 2176
f 2163 2176 2162
f 2162 2176 2139
f 2162 2139 2140
f 2137 2138 2170
f 2170 2138 2174
f 2170 2174 2171
f 2171 2174 2175
f 2138 2139 2174
f 2174 2139 2176
f 2174 2176 2177
f 2162 2140 2178
f 2178 2140 2141
f 2178 2141 2180
f 2180 2141 2142
f 2180 2142 2160
f 2160 2142 2143
f 2160 2143 2185
f 2185 2143 2183
f 2185 2183 2161
f 2161 2183 2187
f 2161 2187 2149
f 2149 2187 2148
f 2148 2187 2147
f 2147 2187 2186
f 2147 2186 2146
f 2146 2186 2145
f 2145 2186 2144
f 2144 2186 2183
f 2144 2183 2143
f 2149 2150 2161
f 2161 2150 2184
f 2161 2184 2185
f 2185 2184 2160
f 2184 2150 2182
f 2182 2150 2151
f 2182 2151 2181
f 2181 2151 2179
f 2181 2179 2180
f 2180 2179 2178
f 2151 2152 2179
f 2179 2152 2163
f 2179 2163 2162
f 2152 2153 2163
f 2154 2155 2172
f 2172 2155 2165
f 2172 2165 2164
f 2164 2165 2168
f 2155 2156 2165
f 2165 2156 2169
f 2165 2169 2168
f 2168 2169 2166
f 2169 2156 2167
f 2167 2156 2157
f 2167 2157 2158
f 2158 2159 2167
f 2167 2159 2166
f 2167 2166 2169
f 2172 2164 2173
f 2177 2175 2174
f 2178 2179 2162
f 2182 2181 2160
f 2160 2181 2180
f 2184 2182 2160
f 2186 2187 2183
f 2189 2211 2188
f 2188 2211 2213
f 2212 2200 2199
f 2199 2200 2201
f 2199 2201 2198
f 2198 2201 2202
f 2198 2202 2197
f 2197 2202 2203
f 2197 2203 2196
f 2196 2203 2204
f 2196 2204 2195
f 2195 2204 2205
f 2195 2205 2194
f 2194 2205 2206
f 2194 2206 2193
f 2193 2206 2207
f 2193 2207 2192
f 2192 2207 2208
f 2192 2208 2191
f 2191 2208 2209
f 2191 2209 2190
f 2190 2209 2210
f 2190 2210 2189
f 2189 2210 2211
f 2215 2235 2214
f 2214 2235 2236
f 2237 2225 2224
f 2224 2225 2226
f 2224 2226 2223
f 2223 2226 2227
f 2223 2227 2222
f 2222 2227 2228
f 2222 2228 2221
f 2221 2228 2229
f 2221 2229 2220
f 2220 2229 2230
f 2220 2230 2219
f 2219 2230 2231
f 2219 2231 2218
f 2218 2231 2232
f 2218 2232 2217
f 2217 2232 2233
f 2217 2233 2216
f 2216 2233 2234
f 2216 2234 2215
f 2215 2234 2235
f 2239 2267 2238
f 2238 2267 2269
f 2268 2253 2252
f 2252 2253 2254
f 2252 2254 2251
f 2251 2254 2255
f 2251 2255 2250
f 2250 2255 2256
f 2250 2256 2249
f 2249 2256 2257
f 2249 2257 2248
f 2248 2257 2258
f 2248 2258 2247
f 2247 2258 2259
f 2247 2259 2246
f 2246 2259 2260
f 2246 2260 2245
f 2245 2260 2261
f 2245 2261 2244
f 2244 2261 2262
f 2244 2262 2243
f 2243 2262 2263
f 2243 2263 2242
f 2242 2263 2264
f 2242 2264 2241
f 2241 2264 2265
f 2241 2265 2240
f 2240 2265 2266
f 2240 2266 2239
f 2239 2266 2267
f 2271 2313 2270
f 2270 2313 2314
f 2270 2314 2315
f 2271 2272 2313
f 2313 2272 2312
f 2312 2272 2273
f 2312 2273 2311
f 2311 2273 2274
f 2311 2274 2310
f 2310 2274 2275
f 2310 2275 2276
f 2277 2307 2276
f 2276 2307 2308
f 2276 2308 2309
f 2278 2292 2277
f 2277 2292 2293
f 2277 2293 2305
f 2305 2293 2294
f 2305 2294 2304
f 2304 2294 2295
f 2304 2295 2303
f 2303 2295 2296
f 2303 2296 2302
f 2302 2296 2297
f 2302 2297 2301
f 2301 2297 2298
f 2301 2298 2286
f 2286 2298 2299
f 2286 2299 2285
f 2285 2299 2300
f 2285 2300 2284
f 2284 2300 2287
f 2284 2287 2283
f 2283 2287 2288
f 2283 2288 2282
f 2282 2288 2289
f 2282 2289 2281
f 2281 2289 2280
f 2280 2289 2290
f 2280 2290 2279
f 2279 2290 2291
f 2279 2291 2278
f 2278 2291 2292
f 2270 2316 2286
f 2286 2316 2317
f 2286 2317 2301
f 2305 2306 2277
f 2277 2306 2307
f 2309 2310 2276
f 2315 2316 2270
f 2318 2319 2326
f 2326 2319 2320
f 2326 2320 2325
f 2325 2320 2321
f 2325 2321 2324
f 2324 2321 2322
f 2324 2322 2323
f 2346 2327 2345
f 2345 2327 2328
f 2345 2328 2344
f 2344 2328 2329
f 2344 2329 2343
f 2343 2329 2330
f 2343 2330 2342
f 2342 2330 2331
f 2342 2331 2341
f 2341 2331 2332
f 2341 2332 2340
f 2340 2332 2333
f 2340 2333 2339
f 2339 2333 2334
f 2339 2334 2338
f 2338 2334 2335
f 2338 2335 2337
f 2337 2335 2336
f 2348 2349 2347
f 2347 2349 2355
f 2355 2349 2350
f 2355 2350 2354
f 2354 2350 2351
f 2354 2351 2353
f 2353 2351 2352
f 2367 2356 2366
f 2366 2356 2357
f 2366 2357 2365
f 2365 2357 2358
f 2365 2358 2364
f 2364 2358 2359
f 2364 2359 2363
f 2363 2359 2360
f 2363 2360 2362
f 2362 2360 2361
f 2387 2368 2386
f 2386 2368 2369
f 2386 2369 2385
f 2385 2369 2370
f 2385 2370 2384
f 2384 2370 2371
f 2384 2371 2383
f 2383 2371 2372
f 2383 2372 2382
f 2382 2372 2373
f 2382 2373 2381
f 2381 2373 2374
f 2381 2374 2380
f 2380 2374 2375
f 2380 2375 2379
f 2379 2375 2376
f 2379 2376 2378
f 2378 2376 2377
f 2403 2388 2404
f 2404 2388 2389
f 2404 2389 2418
f 2418 2389 2390
f 2418 2390 2417
f 2417 2390 2391
f 2417 2391 2416
f 2416 2391 2392
f 2416 2392 2415
f 2415 2392 2393
f 2415 2393 2414
f 2414 2393 2394
f 2414 2394 2413
f 2413 2394 2395
f 2413 2395 2412
f 2412 2395 2396
f 2412 2396 2411
f 2411 2396 2397
f 2411 2397 2410
f 2410 2397 2398
f 2410 2398 2409
f 2409 2398 2399
f 2409 2399 2408
f 2408 2399 2400
f 2408 2400 2407
f 2407 2400 2401
f 2407 2401 2406
f 2406 2401 2402
f 2406 2402 2405
f 2405 2402 2403
f 2405 2403 2404
f 2420 2444 2419
f 2419 2444 2445
f 2446 2432 2431
f 2431 2432 2433
f 2431 2433 2430
f 2430 2433 2434
f 2430 2434 2429
f 2429 2434 2435
f 2429 2435 2428
f 2428 2435 2436
f 2428 2436 2427
f 2427 2436 2437
f 2427 2437 2426
f 2426 2437 2438
f 2426 2438 2425
f 2425 2438 2439
f 2425 2439 2424
f 2424 2439 2440
f 2424 2440 2423
f 2423 2440 2441
f 2423 2441 2422
f 2422 2441 2442
f 2422 2442 2421
f 2421 2442 2443
f 2421 2443 2420
f 2420 2443 2444
f 2448 2474 2447
f 2447 2474 2476
f 2475 2461 2460
f 2460 2461 2462
f 2460 2462 2459
f 2459 2462 2463
f 2459 2463 2458
f 2458 2463 2464
f 2458 2464 2457
f 2457 2464 2465
f 2457 2465 2456
f 2456 2465 2466
f 2456 2466 2455
f 2455 2466 2467
f 2455 2467 2454
f 2454 2467 2468
f 2454 2468 2453
f 2453 2468 2469
f 2453 2469 2452
f 2452 2469 2470
f 2452 2470 2451
f 2451 2470 2471
f 2451 2471 2450
f 2450 2471 2472
f 2450 2472 2449
f 2449 2472 2473
f 2449 2473 2448
f 2448 2473 2474
f 2493 2477 2506
f 2506 2477 2478
f 2506 2478 2505
f 2505 2478 2479
f 2505 2479 2504
f 2504 2479 2480
f 2504 2480 2503
f 2503 2480 2481
f 2503 2481 2502
f 2502 2481 2482
f 2502 2482 2501
f 2501 2482 2483
f 2501 2483 2500
f 2500 2483 2484
f 2500 2484 2499
f 2499 2484 2485
f 2499 2485 2498
f 2498 2485 2486
f 2498 2486 2497
f 2497 2486 2487
f 2497 2487 2496
f 2496 2487 2488
f 2496 2488 2495
f 2495 2488 2510
f 2495 2510 2494
f 2511 2489 2490
f 2511 2490 2509
f 2509 2490 2491
f 2509 2491 2508
f 2508 2491 2492
f 2508 2492 2507
f 2507 2492 2493
f 2507 2493 2506
f 2513 2545 2512
f 2512 2545 2547
f 2546 2529 2528
f 2528 2529 2530
f 2528 2530 2527
f 2527 2530 2531
f 2527 2531 2526
f 2526 2531 2532
f 2526 2532 2525
f 2525 2532 2533
f 2525 2533 2524
f 2524 2533 2534
f 2524 2534 2523
f 2523 2534 2535
f 2523 2535 2522
f 2522 2535 2536
f 2522 2536 2521
f 2521 2536 2537
f 2521 2537 2520
f 2520 2537 2538
f 2520 2538 2519
f 2519 2538 2539
f 2519 2539 2518
f 2518 2539 2540
f 2518 2540 2517
f 2517 2540 2541
f 2517 2541 2516
f 2516 2541 2542
f 2516 2542 2515
f 2515 2542 2543
f 2515 2543 2514
f 2514 2543 2544
f 2514 2544 2513
f 2513 2544 2545
f 2549 2563 2548
f 2548 2563 2564
f 2548 2564 2562
f 2562 2564 2565
f 2562 2565 2561
f 2561 2565 2579
f 2561 2579 2560
f 2578 2566 2567
f 2578 2567 2559
f 2559 2567 2568
f 2559 2568 2558
f 2558 2568 2569
f 2558 2569 2557
f 2557 2569 2570
f 2557 2570 2556
f 2556 2570 2571
f 2556 2571 2555
f 2555 2571 2572
f 2555 2572 2554
f 2554 2572 2573
f 2554 2573 2553
f 2553 2573 2574
f 2553 2574 2552
f 2552 2574 2575
f 2552 2575 2551
f 2551 2575 2576
f 2551 2576 2550
f 2550 2576 2577
f 2550 2577 2549
f 2549 2577 2563
f 2581 2605 2580
f 2580 2605 2592
f 2580 2592 2593
f 2605 2581 2604
f 2604 2581 2582
f 2604 2582 2603
f 2603 2582 2583
f 2603 2583 2602
f 2602 2583 2584
f 2602 2584 2601
f 2601 2584 2585
f 2601 2585 2600
f 2600 2585 2586
f 2600 2586 2599
f 2599 2586 2598
f 2598 2586 2587
f 2598 2587 2597
f 2597 2587 2588
f 2597 2588 2596
f 2596 2588 2589
f 2596 2589 2595
f 2595 2589 2590
f 2595 2590 2594
f 2594 2590 2591
f 2594 2591 2593
f 2593 2591 2580
f 2607 2630 2606
f 2606 2630 2616
f 2606 2616 2617
f 2630 2607 2629
f 2629 2607 2608
f 2629 2608 2628
f 2628 2608 2627
f 2627 2608 2609
f 2627 2609 2626
f 2626 2609 2610
f 2626 2610 2625
f 2625 2610 2624
f 2624 2610 2611
f 2624 2611 2623
f 2623 2611 2612
f 2623 2612 2622
f 2622 2612 2621
f 2621 2612 2613
f 2621 2613 2620
f 2620 2613 2614
f 2620 2614 2619
f 2619 2614 2618
f 2618 2614 2615
f 2618 2615 2617
f 2617 2615 2606
f 2632 2664 2631
f 2631 2664 2648
f 2631 2648 2649
f 2664 2632 2663
f 2663 2632 2633
f 2663 2633 2662
f 2662 2633 2634
f 2662 2634 2661
f 2661 2634 2635
f 2661 2635 2636
f 2661 2636 2660
f 2660 2636 2637
f 2660 2637 2659
f 2659 2637 2638
f 2659 2638 2658
f 2658 2638 2639
f 2658 2639 2657
f 2657 2639 2640
f 2657 2640 2656
f 2656 2640 2655
f 2655 2640 2641
f 2655 2641 2654
f 2654 2641 2642
f 2654 2642 2653
f 2653 2642 2643
f 2653 2643 2652
f 2652 2643 2644
f 2652 2644 2645
f 2652 2645 2651
f 2651 2645 2646
f 2651 2646 2650
f 2650 2646 2647
f 2650 2647 2649
f 2649 2647 2631
f 2665 2666 2678
f 2678 2666 2667
f 2678 2667 2677
f 2677 2667 2668
f 2677 2668 2676
f 2676 2668 2669
f 2676 2669 2670
f 2676 2670 2675
f 2675 2670 2671
f 2675 2671 2674
f 2674 2671 2672
f 2674 2672 2673
f 2679 2680 2692
f 2692 2680 2681
f 2692 2681 2691
f 2691 2681 2682
f 2691 2682 2690
f 2690 2682 2683
f 2690 2683 2684
f 2690 2684 2689
f 2689 2684 2685
f 2689 2685 2688
f 2688 2685 2686
f 2688 2686 2687
f 2694 2707 2693
f 2708 2703 2704
f 2708 2704 2699
f 2699 2704 2705
f 2699 2705 2698
f 2698 2705 2706
f 2698 2706 2697
f 2697 2706 2700
f 2697 2700 2696
f 2696 2700 2701
f 2696 2701 2695
f 2695 2701 2702
f 2695 2702 2694
f 2694 2702 2707
f 2710 2722 2709
f 2709 2722 2767
f 2709 2767 2715
f 2715 2767 2714
f 2714 2767 2716
f 2714 2716 2713
f 2713 2716 2717
f 2713 2717 2712
f 2712 2717 2718
f 2712 2718 2719
f 2711 2720 2710
f 2710 2720 2721
f 2710 2721 2722
f 2720 2711 2719
f 2719 2711 2712
f 2767 2722 2766
f 2766 2722 2723
f 2766 2723 2765
f 2765 2723 2764
f 2764 2723 2763
f 2763 2723 2724
f 2763 2724 2762
f 2762 2724 2725
f 2762 2725 2761
f 2761 2725 2770
f 2761 2770 2771
f 2725 2726 2770
f 2770 2726 2769
f 2769 2726 2727
f 2769 2727 2775
f 2775 2727 2759
f 2775 2759 2774
f 2774 2759 2773
f 2773 2759 2760
f 2773 2760 2772
f 2772 2760 2761
f 2772 2761 2771
f 2759 2727 2758
f 2758 2727 2728
f 2758 2728 2757
f 2757 2728 2729
f 2757 2729 2756
f 2756 2729 2730
f 2756 2730 2755
f 2755 2730 2731
f 2755 2731 2754
f 2754 2731 2732
f 2754 2732 2753
f 2753 2732 2779
f 2753 2779 2780
f 2779 2732 2778
f 2778 2732 2733
f 2778 2733 2777
f 2777 2733 2734
f 2777 2734 2776
f 2776 2734 2751
f 2776 2751 2782
f 2782 2751 2752
f 2782 2752 2781
f 2781 2752 2753
f 2781 2753 2780
f 2751 2734 2750
f 2750 2734 2735
f 2750 2735 2749
f 2749 2735 2736
f 2749 2736 2748
f 2748 2736 2747
f 2747 2736 2746
f 2746 2736 2737
f 2746 2737 2745
f 2745 2737 2788
f 2745 2788 2789
f 2788 2737 2787
f 2787 2737 2738
f 2787 2738 2786
f 2786 2738 2739
f 2786 2739 2740
f 2786 2740 2785
f 2785 2740 2741
f 2785 2741 2784
f 2784 2741 2742
f 2784 2742 2743
f 2744 2745 2743
f 2743 2745 2783
f 2743 2783 2784
f 2767 2768 2716
f 2789 2783 2745
f 2791 2805 2790
f 2804 2797 2798
f 2804 2798 2796
f 2796 2798 2799
f 2796 2799 2795
f 2795 2799 2800
f 2795 2800 2794
f 2794 2800 2801
f 2794 2801 2793
f 2793 2801 2802
f 2793 2802 2792
f 2792 2802 2803
f 2792 2803 2791
f 2791 2803 2805
f 2807 2819 2806
f 2806 2819 2821
f 2820 2813 2812
f 2812 2813 2814
f 2812 2814 2811
f 2811 2814 2815
f 2811 2815 2810
f 2810 2815 2816
f 2810 2816 2809
f 2809 2816 2817
f 2809 2817 2808
f 2808 2817 2818
f 2808 2818 2807
f 2807 2818 2819
f 2822 2823 2842
f 2842 2823 2841
f 2841 2823 2824
f 2841 2824 2825
f 2825 2826 2841
f 2841 2826 2840
f 2840 2826 2833
f 2840 2833 2834
f 2826 2827 2833
f 2833 2827 2832
f 2832 2827 2828
f 2832 2828 2829
f 2830 2831 2829
f 2829 2831 2832
f 2840 2834 2839
f 2839 2834 2835
f 2839 2835 2836
f 2837 2838 2836
f 2836 2838 2839
f 2844 2856 2843
f 2843 2856 2858
f 2857 2850 2849
f 2849 2850 2851
f 2849 2851 2848
f 2848 2851 2852
f 2848 2852 2847
f 2847 2852 2853
f 2847 2853 2846
f 2846 2853 2854
f 2846 2854 2845
f 2845 2854 2855
f 2845 2855 2844
f 2844 2855 2856
f 2859 2860 2879
f 2879 2860 2878
f 2878 2860 2861
f 2878 2861 2862
f 2878 2862 2877
f 2877 2862 2863
f 2877 2863 2870
f 2870 2863 2869
f 2869 2863 2864
f 2869 2864 2865
f 2865 2866 2869
f 2869 2866 2868
f 2868 2866 2867
f 2877 2870 2876
f 2876 2870 2871
f 2876 2871 2875
f 2875 2871 2874
f 2874 2871 2872
f 2874 2872 2873
