v 0.1348307268 -0.04630000114 -0.09467479135
v 0.1333169203 -0.04630000114 -0.08860328845
v 0.1300010045 -0.04630000114 -0.08329673565
v 0.1252075681 -0.04630000114 -0.07927457495
v 0.1194058242 -0.04630000114 -0.07693052995
v 0.1131636865 -0.04630000114 -0.07649404415
v 0.1070921789 -0.04630000114 -0.07800786025
v 0.1017856308 -0.04630000114 -0.08132376655
v 0.09776347015 -0.04630000114 -0.08611720775
v 0.09541942515 -0.04630000114 -0.09191895155
v 0.09498294891 -0.04630000114 -0.09816108925
v 0.09649675542 -0.04630000114 -0.1042325968
v 0.09981267126 -0.04630000114 -0.1095391449
v 0.1046061029 -0.04630000114 -0.1135613056
v 0.1104078467 -0.04630000114 -0.1159053506
v 0.1166499844 -0.04630000114 -0.1163418316
v 0.1227214921 -0.04630000114 -0.1148280251
v 0.1280280449 -0.04630000114 -0.1115121092
v 0.1320502008 -0.04630000114 -0.1067186728
v 0.1343942458 -0.04630000114 -0.100916929
v 0.1348307268 -0.02380000114 -0.09467479135
v 0.1343942458 -0.02380000114 -0.100916929
v 0.1320502008 -0.02380000114 -0.1067186728
v 0.1280280449 -0.02380000114 -0.1115121092
v 0.1227214921 -0.02380000114 -0.1148280251
v 0.1166499844 -0.02380000114 -0.1163418316
v 0.1104078467 -0.02380000114 -0.1159053506
v 0.1046061029 -0.02380000114 -0.1135613056
v 0.09981267126 -0.02380000114 -0.1095391449
v 0.09649675542 -0.02380000114 -0.1042325968
v 0.09498294891 -0.02380000114 -0.09816108925
v 0.09541942515 -0.02380000114 -0.09191895155
v 0.09776347015 -0.02380000114 -0.08611720775
v 0.1017856308 -0.02380000114 -0.08132376655
v 0.1070921789 -0.02380000114 -0.07800786025
v 0.1131636865 -0.02380000114 -0.07649404415
v 0.1194058242 -0.02380000114 -0.07693052995
v 0.1252075681 -0.02380000114 -0.07927457495
v 0.1300010045 -0.02380000114 -0.08329673565
v 0.1333169203 -0.02380000114 -0.08860328845
v 0.09498294891 -0.02380000114 -0.09816108925
v 0.09498294891 -0.04630000114 -0.09816108925
v 0.1437700483 -0.02730000019 -0.118026154
v 0.1442303462 -0.02730000019 -0.1165662686
v 0.1435235305 -0.02730000019 -0.1152084903
v 0.1420636426 -0.02730000019 -0.1147481924
v 0.1407058668 -0.02730000019 -0.1154550105
v 0.1407058668 -0.02609999895 -0.1154550105
v 0.1420636426 -0.02609999895 -0.1147481924
v 0.1435235305 -0.02609999895 -0.1152084903
v 0.1442303462 -0.02609999895 -0.1165662686
v 0.1437700483 -0.02609999895 -0.118026154
v 0.1130642594 -0.02279999971 -0.05642635255
v 0.1121178544 -0.02279999971 -0.05507474975
v 0.1104741303 -0.02279999971 -0.05521855715
v 0.1097768158 -0.02279999971 -0.05671396745
v 0.1107232207 -0.02279999971 -0.05806557025
v 0.1123669401 -0.02279999971 -0.05792175325
v 0.1130642594 -0.01480000019 -0.05642635255
v 0.1123669401 -0.01480000019 -0.05792175325
v 0.1107232207 -0.01480000019 -0.05806557025
v 0.1097768158 -0.01480000019 -0.05671396745
v 0.1104741303 -0.01480000019 -0.05521855715
v 0.1121178544 -0.01480000019 -0.05507474975
v 0.1097768158 -0.01480000019 -0.05671396745
v 0.1097768158 -0.02279999971 -0.05671396745
v 0.0767027794 -0.02279999971 -0.09976042835
v 0.0757563697 -0.02279999971 -0.09840883035
v 0.074112655 -0.02279999971 -0.09855264255
v 0.073415331 -0.02279999971 -0.100048048
v 0.0743617407 -0.02279999971 -0.1013996508
v 0.0760054553 -0.02279999971 -0.1012558386
v 0.0767027794 -0.01480000019 -0.09976042835
v 0.0760054553 -0.01480000019 -0.1012558386
v 0.0743617407 -0.01480000019 -0.1013996508
v 0.073415331 -0.01480000019 -0.100048048
v 0.074112655 -0.01480000019 -0.09855264255
v 0.0757563697 -0.01480000019 -0.09840883035
v 0.073415331 -0.01480000019 -0.100048048
v 0.073415331 -0.02279999971 -0.100048048
v 0.1563983376 -0.02279999971 -0.09278783255
v 0.1554519351 -0.02279999971 -0.09143622975
v 0.1538082133 -0.02279999971 -0.09158004195
v 0.1531108964 -0.02279999971 -0.09307545215
v 0.1540572989 -0.02279999971 -0.09442705025
v 0.1557010207 -0.02279999971 -0.09428323805
v 0.1563983376 -0.01480000019 -0.09278783255
v 0.1557010207 -0.01480000019 -0.09428323805
v 0.1540572989 -0.01480000019 -0.09442705025
v 0.1531108964 -0.01480000019 -0.09307545215
v 0.1538082133 -0.01480000019 -0.09158004195
v 0.1554519351 -0.01480000019 -0.09143622975
v 0.1531108964 -0.01480000019 -0.09307545215
v 0.1531108964 -0.02279999971 -0.09307545215
v 0.1126532775 -0.0200999999 -0.06148140885
v 0.1120362824 -0.0200999999 -0.06077163785
v 0.1111705899 -0.0200999999 -0.06113909965
v 0.1112525551 -0.0200999999 -0.06207597955
v 0.1121689078 -0.0200999999 -0.06228753155
v 0.1126532775 -0.01610000014 -0.06148140885
v 0.1121689078 -0.01610000014 -0.06228753155
v 0.1112525551 -0.01610000014 -0.06207597955
v 0.1111705899 -0.01610000014 -0.06113909965
v 0.1120362824 -0.01610000014 -0.06077163785
v 0.1112525551 -0.0200999999 -0.06207597955
v 0.1112525551 -0.01610000014 -0.06207597955
v 0.0720704692 -0.04630000114 -0.1001657099
v 0.0737857538 -0.04630000114 -0.1089899933
v 0.0772982271 -0.04630000114 -0.117264819
v 0.08245437559 -0.04630000114 -0.1246285346
v 0.08902884543 -0.04630000114 -0.1307593114
v 0.09673432268 -0.04630000114 -0.1353892055
v 0.1052340121 -0.04630000114 -0.1383158692
v 0.1141564575 -0.04630000114 -0.1394113917
v 0.1231116963 -0.04630000114 -0.1386278944
v 0.1317083457 -0.04630000114 -0.1359996197
v 0.1395706866 -0.04630000114 -0.1316414334
v 0.1463550962 -0.04630000114 -0.1257438161
v 0.1517650682 -0.04630000114 -0.118564513
v 0.1555641586 -0.04630000114 -0.1104173
v 0.1575863286 -0.04630000114 -0.1016582461
v 0.1577432018 -0.04630000114 -0.09267016585
v 0.1560279172 -0.04630000114 -0.08384588235
v 0.1525154462 -0.04630000114 -0.07557105675
v 0.1473592978 -0.04630000114 -0.06820734585
v 0.1407848208 -0.04630000114 -0.06207656675
v 0.1330793531 -0.04630000114 -0.05744667265
v 0.1245796588 -0.04630000114 -0.05452001365
v 0.1156572135 -0.04630000114 -0.05342448645
v 0.1067019746 -0.04630000114 -0.05420798375
v 0.09810533008 -0.04630000114 -0.05683625845
v 0.09024298917 -0.04630000114 -0.06119444945
v 0.0834585795 -0.04630000114 -0.06709206915
v 0.0780486075 -0.04630000114 -0.07427136755
v 0.0742495171 -0.04630000114 -0.08241858525
v 0.0722273424 -0.04630000114 -0.09117763445
v 0.1348307268 -0.04630000114 -0.09467479135
v 0.1343942458 -0.04630000114 -0.100916929
v 0.1320502008 -0.04630000114 -0.1067186728
v 0.1280280449 -0.04630000114 -0.1115121092
v 0.1227214921 -0.04630000114 -0.1148280251
v 0.1166499844 -0.04630000114 -0.1163418316
v 0.1104078467 -0.04630000114 -0.1159053506
v 0.1046061029 -0.04630000114 -0.1135613056
v 0.09981267126 -0.04630000114 -0.1095391449
v 0.09649675542 -0.04630000114 -0.1042325968
v 0.09498294891 -0.04630000114 -0.09816108925
v 0.09541942515 -0.04630000114 -0.09191895155
v 0.09776347015 -0.04630000114 -0.08611720775
v 0.1017856308 -0.04630000114 -0.08132376655
v 0.1070921789 -0.04630000114 -0.07800786025
v 0.1131636865 -0.04630000114 -0.07649404415
v 0.1194058242 -0.04630000114 -0.07693052995
v 0.1252075681 -0.04630000114 -0.07927457495
v 0.1300010045 -0.04630000114 -0.08329673565
v 0.1333169203 -0.04630000114 -0.08860328845
v 0.1411989048 -0.02730000019 -0.121090338
v 0.1411989048 -0.02609999895 -0.121090338
v 0.1398411266 -0.02609999895 -0.1217971513
v 0.1383812411 -0.02609999895 -0.1213368534
v 0.137674423 -0.02609999895 -0.1199790799
v 0.1381347209 -0.02609999895 -0.1185191897
v 0.1381347209 -0.02730000019 -0.1185191897
v 0.137674423 -0.02730000019 -0.1199790799
v 0.1383812411 -0.02730000019 -0.1213368534
v 0.1398411266 -0.02730000019 -0.1217971513
v 0.08083698551 -0.0200999999 -0.09939872585
v 0.08021998559 -0.0200999999 -0.09868895485
v 0.0793542884 -0.0200999999 -0.09905642135
v 0.0794362583 -0.0200999999 -0.09999330135
v 0.08035261574 -0.0200999999 -0.1002048532
v 0.08083698551 -0.01610000014 -0.09939872585
v 0.08035261574 -0.01610000014 -0.1002048532
v 0.0794362583 -0.01610000014 -0.09999330135
v 0.0793542884 -0.01610000014 -0.09905642135
v 0.08021998559 -0.01610000014 -0.09868895485
v 0.0794362583 -0.0200999999 -0.09999330135
v 0.0794362583 -0.01610000014 -0.09999330135
v 0.1437700483 -0.02730000019 -0.118026154
v 0.1411989048 -0.02730000019 -0.121090338
v 0.1398411266 -0.02730000019 -0.1217971513
v 0.1383812411 -0.02730000019 -0.1213368534
v 0.137674423 -0.02730000019 -0.1199790799
v 0.1381347209 -0.02730000019 -0.1185191897
v 0.1407058668 -0.02730000019 -0.1154550105
v 0.1420636426 -0.02730000019 -0.1147481924
v 0.1435235305 -0.02730000019 -0.1152084903
v 0.1442303462 -0.02730000019 -0.1165662686
v 0.1395907828 -0.02380000114 -0.08677673365
v 0.1408856542 -0.02380000114 -0.08872475415
v 0.1428729539 -0.02380000114 -0.08995849535
v 0.1451932298 -0.02380000114 -0.09025479785
v 0.1572960154 -0.02380000114 -0.08919592635
v 0.1573747993 -0.02380000114 -0.08967464205
v 0.1574481782 -0.02380000114 -0.09015421615
v 0.1575161403 -0.02380000114 -0.09063459135
v 0.1573257527 -0.02380000114 -0.09016978985
v 0.1569333986 -0.02380000114 -0.08985618425
v 0.1564380695 -0.02380000114 -0.08977289605
v 0.1544931441 -0.02380000114 -0.08994305875
v 0.1543935232 -0.02380000114 -0.08995344925
v 0.154294303 -0.02380000114 -0.08996716325
v 0.1541955977 -0.02380000114 -0.08998418655
v 0.144419991 -0.02380000114 -0.09183824665
v 0.1429528486 -0.02380000114 -0.09301896485
v 0.1431169888 -0.02380000114 -0.09489504215
v 0.1447668732 -0.02380000114 -0.09580304685
v 0.154715921 -0.02380000114 -0.09593138925
v 0.154816083 -0.02380000114 -0.09593101235
v 0.1549161759 -0.02380000114 -0.09592728805
v 0.1550160899 -0.02380000114 -0.09592022595
v 0.1569610154 -0.02380000114 -0.09575006315
v 0.1574343547 -0.02380000114 -0.09558202015
v 0.1577662899 -0.02380000114 -0.09520504645
v 0.1578730719 -0.02380000114 -0.09471424735
v 0.1578895594 -0.02380000114 -0.09519912395
v 0.1579005752 -0.02380000114 -0.09568415785
v 0.1579061169 -0.02380000114 -0.09616928245
v 0.1458033337 -0.02380000114 -0.09722816355
v 0.1435697629 -0.02380000114 -0.09792288575
v 0.1418268948 -0.02380000114 -0.09948298085
v 0.1408899732 -0.02380000114 -0.1016262605
v 0.1387919317 -0.02380000114 -0.1078962819
v 0.1352070415 -0.02380000114 -0.1134517748
v 0.1303584738 -0.02380000114 -0.1179469177
v 0.1245480422 -0.02380000114 -0.1211018876
v 0.1226000216 -0.02380000114 -0.1223967566
v 0.1213662805 -0.02380000114 -0.1243840587
v 0.1210699731 -0.02380000114 -0.1267043345
v 0.1221288542 -0.02380000114 -0.1388071178
v 0.1216501337 -0.02380000114 -0.138885904
v 0.1211705596 -0.02380000114 -0.1389592829
v 0.1206901844 -0.02380000114 -0.139027245
v 0.1211549859 -0.02380000114 -0.1388368574
v 0.1214685915 -0.02380000114 -0.1384445033
v 0.1215518797 -0.02380000114 -0.1379491743
v 0.121381717 -0.02380000114 -0.1360042488
v 0.1213713265 -0.02380000114 -0.135904628
v 0.1213576125 -0.02380000114 -0.1358054077
v 0.1213405893 -0.02380000114 -0.1357067025
v 0.1194865291 -0.02380000114 -0.1259310981
v 0.118305811 -0.02380000114 -0.1244639533
v 0.1164297336 -0.02380000114 -0.1246280935
v 0.1155217289 -0.02380000114 -0.1262779803
v 0.1153933865 -0.02380000114 -0.1362270257
v 0.1153937634 -0.02380000114 -0.1363271877
v 0.1153974877 -0.02380000114 -0.1364272806
v 0.1154045498 -0.02380000114 -0.1365271947
v 0.1155747126 -0.02380000114 -0.1384721178
v 0.1157427556 -0.02380000114 -0.1389454594
v 0.1161197293 -0.02380000114 -0.1392773923
v 0.1166105285 -0.02380000114 -0.1393841767
v 0.1161256519 -0.02380000114 -0.1394006618
v 0.1156406179 -0.02380000114 -0.1394116776
v 0.1151554933 -0.02380000114 -0.1394172217
v 0.1140966122 -0.02380000114 -0.127314436
v 0.11340189 -0.02380000114 -0.1250808653
v 0.1118417949 -0.02380000114 -0.1233379996
v 0.1096985152 -0.02380000114 -0.1224010755
v 0.1034284939 -0.02380000114 -0.1203030316
v 0.09787299613 -0.02380000114 -0.1167181463
v 0.09337785326 -0.02380000114 -0.1118695786
v 0.09022288816 -0.02380000114 -0.1060591469
v 0.08892801436 -0.02380000114 -0.1041111263
v 0.08694071704 -0.02380000114 -0.1028773852
v 0.08462043645 -0.02380000114 -0.1025810779
v 0.0725176532 -0.02380000114 -0.103639959
v 0.0724388693 -0.02380000114 -0.1031612384
v 0.0723654928 -0.02380000114 -0.1026816596
v 0.0722975331 -0.02380000114 -0.1022012892
v 0.0724879159 -0.02380000114 -0.1026660906
v 0.0728802676 -0.02380000114 -0.1029796962
v 0.0733756062 -0.02380000114 -0.1030629845
v 0.0753205293 -0.02380000114 -0.1028928217
v 0.0754201501 -0.02380000114 -0.1028824265
v 0.0755193704 -0.02380000114 -0.1028687125
v 0.0756180756 -0.02380000114 -0.102851694
v 0.08539368234 -0.02380000114 -0.1009976338
v 0.08686082238 -0.02380000114 -0.09981691575
v 0.0866966822 -0.02380000114 -0.09794083835
v 0.08504679543 -0.02380000114 -0.09703282885
v 0.07509775 -0.02380000114 -0.09690449135
v 0.0749975856 -0.02380000114 -0.09690486825
v 0.0748974975 -0.02380000114 -0.09690859245
v 0.074797581 -0.02380000114 -0.09691565465
v 0.0728526579 -0.02380000114 -0.09708581735
v 0.0723793115 -0.02380000114 -0.09725385565
v 0.0720473858 -0.02380000114 -0.09763082935
v 0.0719406038 -0.02380000114 -0.09812163325
v 0.0719241139 -0.02380000114 -0.09763675665
v 0.0719130981 -0.02380000114 -0.09715172265
v 0.0719075564 -0.02380000114 -0.09666659335
v 0.08401033968 -0.02380000114 -0.09560771705
v 0.08624391046 -0.02380000114 -0.09491299475
v 0.08798677615 -0.02380000114 -0.09335289975
v 0.08892370018 -0.02380000114 -0.09120961995
v 0.09102174407 -0.02380000114 -0.08493960345
v 0.09460662468 -0.02380000114 -0.07938410095
v 0.09945520192 -0.02380000114 -0.07488895805
v 0.1052656288 -0.02380000114 -0.07173399295
v 0.1072136494 -0.02380000114 -0.07043911915
v 0.1084473905 -0.02380000114 -0.06845182185
v 0.1087436978 -0.02380000114 -0.06613154125
v 0.1076848168 -0.02380000114 -0.05402875795
v 0.1081635373 -0.02380000114 -0.05394997415
v 0.1086431161 -0.02380000114 -0.05387659755
v 0.1091234865 -0.02380000114 -0.05380863785
v 0.1086586851 -0.02380000114 -0.05399902075
v 0.1083450795 -0.02380000114 -0.05439137245
v 0.1082617912 -0.02380000114 -0.05488670145
v 0.108431954 -0.02380000114 -0.05683163415
v 0.1084423492 -0.02380000114 -0.05693125495
v 0.1084560632 -0.02380000114 -0.05703047515
v 0.1084730817 -0.02380000114 -0.05712918045
v 0.1103271419 -0.02380000114 -0.06690478715
v 0.11150786 -0.02380000114 -0.06837192715
v 0.1133839374 -0.02380000114 -0.06820778695
v 0.1142919469 -0.02380000114 -0.06655790025
v 0.1144202844 -0.02380000114 -0.05660885485
v 0.1144199076 -0.02380000114 -0.05650869035
v 0.1144161833 -0.02380000114 -0.05640860225
v 0.1144091211 -0.02380000114 -0.05630868585
v 0.1142389584 -0.02380000114 -0.05436376275
v 0.1140709201 -0.02380000114 -0.05389041635
v 0.1136939464 -0.02380000114 -0.05355849065
v 0.1132031425 -0.02380000114 -0.05345170855
v 0.1136880191 -0.02380000114 -0.05343521875
v 0.1141730531 -0.02380000114 -0.05342420295
v 0.1146581777 -0.02380000114 -0.05341866125
v 0.1157170587 -0.02380000114 -0.06552144445
v 0.116411781 -0.02380000114 -0.06775501525
v 0.117971876 -0.02380000114 -0.06949788095
v 0.1201151558 -0.02380000114 -0.07043480495
v 0.1263851771 -0.02380000114 -0.07253284885
v 0.1319406701 -0.02380000114 -0.07611772945
v 0.1364358129 -0.02380000114 -0.08096630675
v 0.1348307268 -0.02380000114 -0.09467479135
v 0.1333169203 -0.02380000114 -0.08860328845
v 0.1300010045 -0.02380000114 -0.08329673565
v 0.1252075681 -0.02380000114 -0.07927457495
v 0.1194058242 -0.02380000114 -0.07693052995
v 0.1131636865 -0.02380000114 -0.07649404415
v 0.1070921789 -0.02380000114 -0.07800786025
v 0.1017856308 -0.02380000114 -0.08132376655
v 0.09776347015 -0.02380000114 -0.08611720775
v 0.09541942515 -0.02380000114 -0.09191895155
v 0.09498294891 -0.02380000114 -0.09816108925
v 0.09649675542 -0.02380000114 -0.1042325968
v 0.09981267126 -0.02380000114 -0.1095391449
v 0.1046061029 -0.02380000114 -0.1135613056
v 0.1104078467 -0.02380000114 -0.1159053506
v 0.1166499844 -0.02380000114 -0.1163418316
v 0.1227214921 -0.02380000114 -0.1148280251
v 0.1280280449 -0.02380000114 -0.1115121092
v 0.1320502008 -0.02380000114 -0.1067186728
v 0.1343942458 -0.02380000114 -0.100916929
v 0.1505705993 -0.0200999999 -0.09329770085
v 0.1499536041 -0.0200999999 -0.09258792985
v 0.1490879093 -0.0200999999 -0.09295539645
v 0.1491698768 -0.0200999999 -0.09389227635
v 0.1500862319 -0.0200999999 -0.09410383315
v 0.1505705993 -0.01610000014 -0.09329770085
v 0.1500862319 -0.01610000014 -0.09410383315
v 0.1491698768 -0.01610000014 -0.09389227635
v 0.1490879093 -0.01610000014 -0.09295539645
v 0.1499536041 -0.01610000014 -0.09258792985
v 0.1491698768 -0.0200999999 -0.09389227635
v 0.1491698768 -0.01610000014 -0.09389227635
v 0.1130642594 -0.02279999971 -0.05642635255
v 0.1123669401 -0.02279999971 -0.05792175325
v 0.1107232207 -0.02279999971 -0.05806557025
v 0.1097768158 -0.02279999971 -0.05671396745
v 0.1104741303 -0.02279999971 -0.05521855715
v 0.1121178544 -0.02279999971 -0.05507474975
v 0.1381347209 -0.02730000019 -0.1185191897
v 0.1381347209 -0.02609999895 -0.1185191897
v 0.1407058668 -0.02609999895 -0.1154550105
v 0.1407058668 -0.02730000019 -0.1154550105
v 0.1437700483 -0.02730000019 -0.118026154
v 0.1437700483 -0.02609999895 -0.118026154
v 0.1411989048 -0.02609999895 -0.121090338
v 0.1411989048 -0.02730000019 -0.121090338
v 0.0728526579 -0.01610000014 -0.09708581735
v 0.074797581 -0.01610000014 -0.09691565465
v 0.0733383172 -0.01610000014 -0.09744678705
v 0.0723401275 -0.01610000014 -0.09863638785
v 0.0720704692 -0.01610000014 -0.1001657099
v 0.0720163661 -0.01610000014 -0.09948506795
v 0.0719730681 -0.01610000014 -0.09880365335
v 0.0719406038 -0.01610000014 -0.09812163325
v 0.0720473858 -0.01610000014 -0.09763082935
v 0.0723793115 -0.01610000014 -0.09725385565
v 0.1130890677 -0.02380000114 -0.06646237275
v 0.1124720726 -0.02380000114 -0.06575261125
v 0.1116063754 -0.02380000114 -0.06612007305
v 0.1116883453 -0.02380000114 -0.06705695305
v 0.112604698 -0.02380000114 -0.06726850495
v 0.1130890677 -0.01980000019 -0.06646237275
v 0.112604698 -0.01980000019 -0.06726850495
v 0.1116883453 -0.01980000019 -0.06705695305
v 0.1116063754 -0.01980000019 -0.06612007305
v 0.1124720726 -0.01980000019 -0.06575261125
v 0.1116883453 -0.02380000114 -0.06705695305
v 0.1116883453 -0.01980000019 -0.06705695305
v 0.0767027794 -0.02279999971 -0.09976042835
v 0.0760054553 -0.02279999971 -0.1012558386
v 0.0743617407 -0.02279999971 -0.1013996508
v 0.073415331 -0.02279999971 -0.100048048
v 0.074112655 -0.02279999971 -0.09855264255
v 0.0757563697 -0.02279999971 -0.09840883035
v 0.108431954 -0.01480000019 -0.05683163415
v 0.1091224008 -0.01480000019 -0.05464179635
v 0.1111590658 -0.01480000019 -0.05358157405
v 0.113348894 -0.01480000019 -0.05427202085
v 0.1144091211 -0.01480000019 -0.05630868585
v 0.1137186743 -0.01480000019 -0.05849851405
v 0.1116820093 -0.01480000019 -0.05955874595
v 0.1094921764 -0.01480000019 -0.05886829915
v 0.1130642594 -0.01480000019 -0.05642635255
v 0.1121178544 -0.01480000019 -0.05507474975
v 0.1104741303 -0.01480000019 -0.05521855715
v 0.1097768158 -0.01480000019 -0.05671396745
v 0.1107232207 -0.01480000019 -0.05806557025
v 0.1123669401 -0.01480000019 -0.05792175325
v 0.1226231339 -0.02609999895 -0.1387199344
v 0.1215680724 -0.02609999895 -0.1266607555
v 0.1218374388 -0.02609999895 -0.1245514134
v 0.1229590234 -0.02609999895 -0.1227447756
v 0.1247299516 -0.02609999895 -0.1215676189
v 0.1306500128 -0.02609999895 -0.1183531252
v 0.1355900663 -0.02609999895 -0.1137731672
v 0.1392425909 -0.02609999895 -0.108112851
v 0.1413802215 -0.02609999895 -0.1017245311
v 0.1422319685 -0.02609999895 -0.09977609195
v 0.1438163934 -0.02609999895 -0.09835782765
v 0.1458469127 -0.02609999895 -0.09772625805
v 0.1579060892 -0.02609999895 -0.09667119645
v 0.1570180401 -0.02609999895 -0.1051154405
v 0.1544880422 -0.02609999895 -0.1132205608
v 0.1504147454 -0.02609999895 -0.1206705334
v 0.1449569693 -0.02609999895 -0.1271748832
v 0.1383275164 -0.02609999895 -0.1324799943
v 0.1307848749 -0.02609999895 -0.1363790191
v 0.1411989048 -0.02609999895 -0.121090338
v 0.1437700483 -0.02609999895 -0.118026154
v 0.1442303462 -0.02609999895 -0.1165662686
v 0.1435235305 -0.02609999895 -0.1152084903
v 0.1420636426 -0.02609999895 -0.1147481924
v 0.1407058668 -0.02609999895 -0.1154550105
v 0.1381347209 -0.02609999895 -0.1185191897
v 0.137674423 -0.02609999895 -0.1199790799
v 0.1383812411 -0.02609999895 -0.1213368534
v 0.1398411266 -0.02609999895 -0.1217971513
v 0.072604839 -0.02609999895 -0.1041342387
v 0.072604839 -0.02430000067 -0.1041342387
v 0.08466402024 -0.02430000067 -0.1030791771
v 0.08466402024 -0.02609999895 -0.1030791771
v 0.0722975331 -0.01610000014 -0.1022012892
v 0.0722110718 -0.01610000014 -0.1015239946
v 0.0721353775 -0.01610000014 -0.1008454125
v 0.0720704692 -0.01610000014 -0.1001657099
v 0.0726016016 -0.01610000014 -0.1016249737
v 0.0737912072 -0.01610000014 -0.1026231635
v 0.0753205293 -0.01610000014 -0.1028928217
v 0.0733756062 -0.01610000014 -0.1030629845
v 0.0728802676 -0.01610000014 -0.1029796962
v 0.0724879159 -0.01610000014 -0.1026660906
v 0.08581795894 -0.02380000114 -0.09896294035
v 0.08520095902 -0.02380000114 -0.09825316935
v 0.0843352618 -0.02380000114 -0.09862063585
v 0.08441723176 -0.02380000114 -0.09955751105
v 0.08533358917 -0.02380000114 -0.09976906785
v 0.08581795894 -0.01980000019 -0.09896294035
v 0.08533358917 -0.01980000019 -0.09976906785
v 0.08441723176 -0.01980000019 -0.09955751105
v 0.0843352618 -0.01980000019 -0.09862063585
v 0.08520095902 -0.01980000019 -0.09825316935
v 0.08441723176 -0.02380000114 -0.09955751105
v 0.08441723176 -0.01980000019 -0.09955751105
v 0.1563983376 -0.02279999971 -0.09278783255
v 0.1557010207 -0.02279999971 -0.09428323805
v 0.1540572989 -0.02279999971 -0.09442705025
v 0.1531108964 -0.02279999971 -0.09307545215
v 0.1538082133 -0.02279999971 -0.09158004195
v 0.1554519351 -0.02279999971 -0.09143622975
v 0.0720704692 -0.01480000019 -0.1001657099
v 0.072760916 -0.01480000019 -0.09797588175
v 0.074797581 -0.01480000019 -0.09691565465
v 0.0769874092 -0.01480000019 -0.09760610145
v 0.0780476411 -0.01480000019 -0.09964276645
v 0.0773571943 -0.01480000019 -0.1018325993
v 0.0753205293 -0.01480000019 -0.1028928217
v 0.0731306916 -0.01480000019 -0.1022023749
v 0.0767027794 -0.01480000019 -0.09976042835
v 0.0757563697 -0.01480000019 -0.09840883035
v 0.074112655 -0.01480000019 -0.09855264255
v 0.073415331 -0.01480000019 -0.100048048
v 0.0743617407 -0.01480000019 -0.1013996508
v 0.0760054553 -0.01480000019 -0.1012558386
v 0.1413802215 -0.02609999895 -0.1017245311
v 0.1413802215 -0.02430000067 -0.1017245311
v 0.1422319685 -0.02430000067 -0.09977609195
v 0.1438163934 -0.02430000067 -0.09835782765
v 0.1458469127 -0.02430000067 -0.09772625805
v 0.1458469127 -0.02609999895 -0.09772625805
v 0.1438163934 -0.02609999895 -0.09835782765
v 0.1422319685 -0.02609999895 -0.09977609195
v 0.1135985178 -0.02609999895 -0.1273580151
v 0.1135985178 -0.02430000067 -0.1273580151
v 0.1146535793 -0.02430000067 -0.1394171939
v 0.1146535793 -0.02609999895 -0.1394171939
v 0.1142389584 -0.01610000014 -0.05436376275
v 0.1144091211 -0.01610000014 -0.05630868585
v 0.1138779887 -0.01610000014 -0.05484942205
v 0.112688388 -0.01610000014 -0.05385123225
v 0.1111590658 -0.01610000014 -0.05358157405
v 0.1118397078 -0.01610000014 -0.05352747085
v 0.1125211224 -0.01610000014 -0.05348417285
v 0.1132031425 -0.01610000014 -0.05345170855
v 0.1136939464 -0.01610000014 -0.05355849065
v 0.1140709201 -0.01610000014 -0.05389041635
v 0.1455896282 -0.02380000114 -0.09373349115
v 0.1449726307 -0.02380000114 -0.09302372005
v 0.1441069382 -0.02380000114 -0.09339118665
v 0.1441889058 -0.02380000114 -0.09432806185
v 0.1451052584 -0.02380000114 -0.09453961855
v 0.1455896282 -0.01980000019 -0.09373349115
v 0.1451052584 -0.01980000019 -0.09453961855
v 0.1441889058 -0.01980000019 -0.09432806185
v 0.1441069382 -0.01980000019 -0.09339118665
v 0.1449726307 -0.01980000019 -0.09302372005
v 0.1441889058 -0.02380000114 -0.09432806185
v 0.1441889058 -0.01980000019 -0.09432806185
v 0.1126532775 -0.0200999999 -0.06148140885
v 0.1121689078 -0.0200999999 -0.06228753155
v 0.1112525551 -0.0200999999 -0.06207597955
v 0.1111705899 -0.0200999999 -0.06113909965
v 0.1120362824 -0.0200999999 -0.06077163785
v 0.1517660346 -0.01480000019 -0.09319311415
v 0.1524564814 -0.01480000019 -0.09100328115
v 0.1544931441 -0.01480000019 -0.08994305875
v 0.156682977 -0.01480000019 -0.09063350565
v 0.1577432018 -0.01480000019 -0.09267016585
v 0.1570527549 -0.01480000019 -0.09485999875
v 0.1550160899 -0.01480000019 -0.09592022595
v 0.1528262594 -0.01480000019 -0.09522977915
v 0.1563983376 -0.01480000019 -0.09278783255
v 0.1554519351 -0.01480000019 -0.09143622975
v 0.1538082133 -0.01480000019 -0.09158004195
v 0.1531108964 -0.01480000019 -0.09307545215
v 0.1540572989 -0.01480000019 -0.09442705025
v 0.1557010207 -0.01480000019 -0.09428323805
v 0.1455896282 -0.02380000114 -0.09373349115
v 0.1451052584 -0.02380000114 -0.09453961855
v 0.1441889058 -0.02380000114 -0.09432806185
v 0.1441069382 -0.02380000114 -0.09339118665
v 0.1449726307 -0.02380000114 -0.09302372005
v 0.1247299516 -0.02609999895 -0.1215676189
v 0.1247299516 -0.02430000067 -0.1215676189
v 0.1306500128 -0.02430000067 -0.1183531252
v 0.1355900663 -0.02430000067 -0.1137731672
v 0.1392425909 -0.02430000067 -0.108112851
v 0.1413802215 -0.02430000067 -0.1017245311
v 0.1413802215 -0.02609999895 -0.1017245311
v 0.1392425909 -0.02609999895 -0.108112851
v 0.1355900663 -0.02609999895 -0.1137731672
v 0.1306500128 -0.02609999895 -0.1183531252
v 0.1146535793 -0.02609999895 -0.1394171939
v 0.1062093352 -0.02609999895 -0.1385291449
v 0.09810421969 -0.02609999895 -0.135999147
v 0.0906542423 -0.02609999895 -0.1319258501
v 0.08414989731 -0.02609999895 -0.126468074
v 0.0788447862 -0.02609999895 -0.1198386211
v 0.0749457518 -0.02609999895 -0.1122959796
v 0.072604839 -0.02609999895 -0.1041342387
v 0.08466402024 -0.02609999895 -0.1030791771
v 0.08677335756 -0.02609999895 -0.1033485435
v 0.08858000016 -0.02609999895 -0.1044701281
v 0.08975715209 -0.02609999895 -0.1062410563
v 0.09297164574 -0.02609999895 -0.1121611175
v 0.09755160855 -0.02609999895 -0.117101171
v 0.1032119247 -0.02609999895 -0.1207536956
v 0.1096002447 -0.02609999895 -0.1228913263
v 0.1115486838 -0.02609999895 -0.1237430732
v 0.1129669481 -0.02609999895 -0.1253274957
v 0.1135985178 -0.02609999895 -0.1273580151
v 0.1091234865 -0.01610000014 -0.05380863785
v 0.1098007811 -0.01610000014 -0.05372217655
v 0.1104793632 -0.01610000014 -0.05364648225
v 0.1111590658 -0.01610000014 -0.05358157405
v 0.109699802 -0.01610000014 -0.05411270645
v 0.1087016122 -0.01610000014 -0.05530231195
v 0.108431954 -0.01610000014 -0.05683163415
v 0.1082617912 -0.01610000014 -0.05488670145
v 0.1083450795 -0.01610000014 -0.05439137245
v 0.1086586851 -0.01610000014 -0.05399902075
v 0.0720704692 -0.01610000014 -0.1001657099
v 0.0721353775 -0.01610000014 -0.1008454125
v 0.0722110718 -0.01610000014 -0.1015239946
v 0.0722975331 -0.01610000014 -0.1022012892
v 0.0722975331 -0.02380000114 -0.1022012892
v 0.0723654928 -0.02380000114 -0.1026816596
v 0.0724388693 -0.02380000114 -0.1031612384
v 0.0725176532 -0.02380000114 -0.103639959
v 0.072546073 -0.02396669388 -0.1038048015
v 0.0725751317 -0.02413336277 -0.103969563
v 0.072604839 -0.02430000067 -0.1041342387
v 0.072604839 -0.02609999895 -0.1041342387
v 0.0749457518 -0.02609999895 -0.1122959796
v 0.0788447862 -0.02609999895 -0.1198386211
v 0.08414989731 -0.02609999895 -0.126468074
v 0.0906542423 -0.02609999895 -0.1319258501
v 0.09810421969 -0.02609999895 -0.135999147
v 0.1062093352 -0.02609999895 -0.1385291449
v 0.1146535793 -0.02609999895 -0.1394171939
v 0.1146535793 -0.02430000067 -0.1394171939
v 0.114820911 -0.02413336277 -0.1394178541
v 0.1149882141 -0.02396669388 -0.1394178633
v 0.1151554933 -0.02380000114 -0.1394172217
v 0.1156406179 -0.02380000114 -0.1394116776
v 0.1161256519 -0.02380000114 -0.1394006618
v 0.1166105285 -0.02380000114 -0.1393841767
v 0.1166105285 -0.01610000014 -0.1393841767
v 0.1172925486 -0.01610000014 -0.1393517077
v 0.1179739631 -0.01610000014 -0.1393084144
v 0.1186546099 -0.01610000014 -0.1392543041
v 0.1193343078 -0.01610000014 -0.1391893959
v 0.1200128899 -0.01610000014 -0.1391137039
v 0.1206901844 -0.01610000014 -0.139027245
v 0.1206901844 -0.02380000114 -0.139027245
v 0.1211705596 -0.02380000114 -0.1389592829
v 0.1216501337 -0.02380000114 -0.138885904
v 0.1221288542 -0.02380000114 -0.1388071178
v 0.1222936968 -0.02396669388 -0.1387787027
v 0.1224584583 -0.02413336277 -0.1387496416
v 0.1226231339 -0.02430000067 -0.1387199344
v 0.1226231339 -0.02609999895 -0.1387199344
v 0.1307848749 -0.02609999895 -0.1363790191
v 0.1383275164 -0.02609999895 -0.1324799943
v 0.1449569693 -0.02609999895 -0.1271748832
v 0.1504147454 -0.02609999895 -0.1206705334
v 0.1544880422 -0.02609999895 -0.1132205608
v 0.1570180401 -0.02609999895 -0.1051154405
v 0.1579060892 -0.02609999895 -0.09667119645
v 0.1579060892 -0.02430000067 -0.09667119645
v 0.1579067493 -0.02413336277 -0.09650386475
v 0.1579067586 -0.02396669388 -0.09633656165
v 0.1579061169 -0.02380000114 -0.09616928245
v 0.1579005752 -0.02380000114 -0.09568415785
v 0.1578895594 -0.02380000114 -0.09519912395
v 0.1578730719 -0.02380000114 -0.09471424735
v 0.1578730719 -0.01610000014 -0.09471424735
v 0.1578406029 -0.01610000014 -0.09403222715
v 0.1577973097 -0.01610000014 -0.09335081265
v 0.1577432018 -0.01610000014 -0.09267016585
v 0.1576782935 -0.01610000014 -0.09199046795
v 0.1576025992 -0.01610000014 -0.09131188595
v 0.1575161403 -0.01610000014 -0.09063459135
v 0.1575161403 -0.02380000114 -0.09063459135
v 0.1574481782 -0.02380000114 -0.09015421615
v 0.1573747993 -0.02380000114 -0.08967464205
v 0.1572960154 -0.02380000114 -0.08919592635
v 0.157267598 -0.02396669388 -0.08903107425
v 0.1572385369 -0.02413336277 -0.08886631755
v 0.1572088296 -0.02430000067 -0.08870163705
v 0.1572088296 -0.02609999895 -0.08870163705
v 0.1548679144 -0.02609999895 -0.08053990565
v 0.1509688895 -0.02609999895 -0.07299725465
v 0.145663776 -0.02609999895 -0.06636780645
v 0.1391594287 -0.02609999895 -0.06091002565
v 0.1317094561 -0.02609999895 -0.05683673355
v 0.1236043357 -0.02609999895 -0.05430673565
v 0.1151600917 -0.02609999895 -0.05341868895
v 0.1151600917 -0.02430000067 -0.05341868895
v 0.11499276 -0.02413336277 -0.05341802165
v 0.1148254569 -0.02396669388 -0.05341801245
v 0.1146581777 -0.02380000114 -0.05341866125
v 0.1141730531 -0.02380000114 -0.05342420295
v 0.1136880191 -0.02380000114 -0.05343521875
v 0.1132031425 -0.02380000114 -0.05345170855
v 0.1132031425 -0.01610000014 -0.05345170855
v 0.1125211224 -0.01610000014 -0.05348417285
v 0.1118397078 -0.01610000014 -0.05352747085
v 0.1111590658 -0.01610000014 -0.05358157405
v 0.1104793632 -0.01610000014 -0.05364648225
v 0.1098007811 -0.01610000014 -0.05372217655
v 0.1091234865 -0.01610000014 -0.05380863785
v 0.1091234865 -0.02380000114 -0.05380863785
v 0.1086431161 -0.02380000114 -0.05387659755
v 0.1081635373 -0.02380000114 -0.05394997415
v 0.1076848168 -0.02380000114 -0.05402875795
v 0.1075199742 -0.02396669388 -0.05405717775
v 0.1073552127 -0.02413336277 -0.05408623655
v 0.1071905371 -0.02430000067 -0.05411594375
v 0.1071905371 -0.02609999895 -0.05411594375
v 0.09902880086 -0.02609999895 -0.05645685655
v 0.09148614985 -0.02609999895 -0.06035589095
v 0.08485670169 -0.02609999895 -0.06566100215
v 0.0793989208 -0.02609999895 -0.07216534705
v 0.0753256288 -0.02609999895 -0.07961532445
v 0.0727956309 -0.02609999895 -0.08772044485
v 0.0719075842 -0.02609999895 -0.09616468405
v 0.0719075842 -0.02430000067 -0.09616468405
v 0.0719069169 -0.02413336277 -0.09633201575
v 0.0719069172 -0.02396669388 -0.09649931885
v 0.0719075564 -0.02380000114 -0.09666659335
v 0.0719130981 -0.02380000114 -0.09715172265
v 0.0719241139 -0.02380000114 -0.09763675665
v 0.0719406038 -0.02380000114 -0.09812163325
v 0.0719406038 -0.01610000014 -0.09812163325
v 0.0719730681 -0.01610000014 -0.09880365335
v 0.0720163661 -0.01610000014 -0.09948506795
v 0.0720704692 -0.04630000114 -0.1001657099
v 0.0722273424 -0.04630000114 -0.09117763445
v 0.0742495171 -0.04630000114 -0.08241858525
v 0.0780486075 -0.04630000114 -0.07427136755
v 0.0834585795 -0.04630000114 -0.06709206915
v 0.09024298917 -0.04630000114 -0.06119444945
v 0.09810533008 -0.04630000114 -0.05683625845
v 0.1067019746 -0.04630000114 -0.05420798375
v 0.1156572135 -0.04630000114 -0.05342448645
v 0.1245796588 -0.04630000114 -0.05452001365
v 0.1330793531 -0.04630000114 -0.05744667265
v 0.1407848208 -0.04630000114 -0.06207656675
v 0.1473592978 -0.04630000114 -0.06820734585
v 0.1525154462 -0.04630000114 -0.07557105675
v 0.1560279172 -0.04630000114 -0.08384588235
v 0.1577432018 -0.04630000114 -0.09267016585
v 0.1575863286 -0.04630000114 -0.1016582461
v 0.1555641586 -0.04630000114 -0.1104173
v 0.1517650682 -0.04630000114 -0.118564513
v 0.1463550962 -0.04630000114 -0.1257438161
v 0.1395706866 -0.04630000114 -0.1316414334
v 0.1317083457 -0.04630000114 -0.1359996197
v 0.1231116963 -0.04630000114 -0.1386278944
v 0.1141564575 -0.04630000114 -0.1394113917
v 0.1052340121 -0.04630000114 -0.1383158692
v 0.09673432268 -0.04630000114 -0.1353892055
v 0.08902884543 -0.04630000114 -0.1307593114
v 0.08245437559 -0.04630000114 -0.1246285346
v 0.0772982271 -0.04630000114 -0.117264819
v 0.0737857538 -0.04630000114 -0.1089899933
v 0.1577432018 -0.01610000014 -0.09267016585
v 0.1577432018 -0.04630000114 -0.09267016585
v 0.1492043741 -0.01610000014 -0.09145015485
v 0.147908421 -0.01610000014 -0.09264566895
v 0.148062092 -0.01610000014 -0.09440212215
v 0.1495459609 -0.01610000014 -0.09535442535
v 0.1495459609 -0.01980000019 -0.09535442535
v 0.148062092 -0.01980000019 -0.09440212215
v 0.147908421 -0.01980000019 -0.09264566895
v 0.1492043741 -0.01980000019 -0.09145015485
v 0.08083698551 -0.0200999999 -0.09939872585
v 0.08035261574 -0.0200999999 -0.1002048532
v 0.0794362583 -0.0200999999 -0.09999330135
v 0.0793542884 -0.0200999999 -0.09905642135
v 0.08021998559 -0.0200999999 -0.09868895485
v 0.10993905 -0.01610000014 -0.06212040405
v 0.1085446269 -0.01610000014 -0.05742406595
v 0.109732927 -0.01610000014 -0.05905047905
v 0.1116820093 -0.01610000014 -0.05955874595
v 0.1135132199 -0.01610000014 -0.05871973825
v 0.1144010303 -0.01610000014 -0.05691168455
v 0.1138433205 -0.01610000014 -0.06177881965
v 0.1128910174 -0.01610000014 -0.06326268135
v 0.1111345641 -0.01610000014 -0.06341635955
v 0.1126532775 -0.01610000014 -0.06148140885
v 0.1120362824 -0.01610000014 -0.06077163785
v 0.1111705899 -0.01610000014 -0.06113909965
v 0.1112525551 -0.01610000014 -0.06207597955
v 0.1121689078 -0.01610000014 -0.06228753155
v 0.08581795894 -0.02380000114 -0.09896294035
v 0.08533358917 -0.02380000114 -0.09976906785
v 0.08441723176 -0.02380000114 -0.09955751105
v 0.0843352618 -0.02380000114 -0.09862063585
v 0.08520095902 -0.02380000114 -0.09825316935
v 0.1215680724 -0.02609999895 -0.1266607555
v 0.1215680724 -0.02430000067 -0.1266607555
v 0.1218374388 -0.02430000067 -0.1245514134
v 0.1229590234 -0.02430000067 -0.1227447756
v 0.1247299516 -0.02430000067 -0.1215676189
v 0.1247299516 -0.02609999895 -0.1215676189
v 0.1229590234 -0.02609999895 -0.1227447756
v 0.1218374388 -0.02609999895 -0.1245514134
v 0.08466402024 -0.02609999895 -0.1030791771
v 0.08466402024 -0.02430000067 -0.1030791771
v 0.08677335756 -0.02430000067 -0.1033485435
v 0.08858000016 -0.02430000067 -0.1044701281
v 0.08975715209 -0.02430000067 -0.1062410563
v 0.08975715209 -0.02609999895 -0.1062410563
v 0.08858000016 -0.02609999895 -0.1044701281
v 0.08677335756 -0.02609999895 -0.1033485435
v 0.1395907828 -0.02380000114 -0.08677673365
v 0.1400565165 -0.02430000067 -0.08659482895
v 0.1412336732 -0.02430000067 -0.08836575245
v 0.1430403086 -0.02430000067 -0.08948733225
v 0.1451496507 -0.02430000067 -0.08975670335
v 0.1451932298 -0.02380000114 -0.09025479785
v 0.1428729539 -0.02380000114 -0.08995849535
v 0.1408856542 -0.02380000114 -0.08872475415
v 0.0720704692 -0.01480000019 -0.1001657099
v 0.0731306916 -0.01480000019 -0.1022023749
v 0.0753205293 -0.01480000019 -0.1028928217
v 0.0773571943 -0.01480000019 -0.1018325993
v 0.0780476411 -0.01480000019 -0.09964276645
v 0.0769874092 -0.01480000019 -0.09760610145
v 0.074797581 -0.01480000019 -0.09691565465
v 0.072760916 -0.01480000019 -0.09797588175
v 0.0720704692 -0.01610000014 -0.1001657099
v 0.0723401275 -0.01610000014 -0.09863638785
v 0.0733383172 -0.01610000014 -0.09744678705
v 0.074797581 -0.01610000014 -0.09691565465
v 0.074797581 -0.02380000114 -0.09691565465
v 0.0748974975 -0.02380000114 -0.09690859245
v 0.0749975856 -0.02380000114 -0.09690486825
v 0.07509775 -0.02380000114 -0.09690449135
v 0.07509775 -0.01980000019 -0.09690449135
v 0.0751988872 -0.01980000019 -0.09690749995
v 0.0752998718 -0.01980000019 -0.09691392285
v 0.0754005798 -0.01980000019 -0.09692374075
v 0.0754005798 -0.01610000014 -0.09692374075
v 0.0772086334 -0.01610000014 -0.09781155585
v 0.0780476411 -0.01610000014 -0.09964276645
v 0.0775393743 -0.01610000014 -0.1015918487
v 0.0759129611 -0.01610000014 -0.1027801488
v 0.0759129611 -0.01980000019 -0.1027801488
v 0.0758154861 -0.01980000019 -0.1028073097
v 0.0757171528 -0.01980000019 -0.102831166
v 0.0756180756 -0.01980000019 -0.102851694
v 0.0756180756 -0.02380000114 -0.102851694
v 0.0755193704 -0.02380000114 -0.1028687125
v 0.0754201501 -0.02380000114 -0.1028824265
v 0.0753205293 -0.02380000114 -0.1028928217
v 0.0753205293 -0.01610000014 -0.1028928217
v 0.0737912072 -0.01610000014 -0.1026231635
v 0.0726016016 -0.01610000014 -0.1016249737
v 0.0780476411 -0.01480000019 -0.09964276645
v 0.0780476411 -0.01610000014 -0.09964276645
v 0.1505705993 -0.0200999999 -0.09329770085
v 0.1500862319 -0.0200999999 -0.09410383315
v 0.1491698768 -0.0200999999 -0.09389227635
v 0.1490879093 -0.0200999999 -0.09295539645
v 0.1499536041 -0.0200999999 -0.09258792985
v 0.08060929925 -0.01610000014 -0.1013857257
v 0.0759129611 -0.01610000014 -0.1027801488
v 0.0775393743 -0.01610000014 -0.1015918487
v 0.0780476411 -0.01610000014 -0.09964276645
v 0.0772086334 -0.01610000014 -0.09781155585
v 0.0754005798 -0.01610000014 -0.09692374075
v 0.08026771487 -0.01610000014 -0.09748145525
v 0.08175157656 -0.01610000014 -0.09843375845
v 0.08190525472 -0.01610000014 -0.1001902116
v 0.08083698551 -0.01610000014 -0.09939872585
v 0.08021998559 -0.01610000014 -0.09868895485
v 0.0793542884 -0.01610000014 -0.09905642135
v 0.0794362583 -0.01610000014 -0.09999330135
v 0.08035261574 -0.01610000014 -0.1002048532
v 0.1492043741 -0.01610000014 -0.09145015485
v 0.1539007122 -0.01610000014 -0.09005573165
v 0.1522743014 -0.01610000014 -0.09124403175
v 0.1517660346 -0.01610000014 -0.09319311415
v 0.1526050399 -0.01610000014 -0.09502431995
v 0.1544130912 -0.01610000014 -0.09591213505
v 0.1495459609 -0.01610000014 -0.09535442535
v 0.148062092 -0.01610000014 -0.09440212215
v 0.147908421 -0.01610000014 -0.09264566895
v 0.1505705993 -0.01610000014 -0.09329770085
v 0.1499536041 -0.01610000014 -0.09258792985
v 0.1490879093 -0.01610000014 -0.09295539645
v 0.1491698768 -0.01610000014 -0.09389227635
v 0.1500862319 -0.01610000014 -0.09410383315
v 0.1130890677 -0.02380000114 -0.06646237275
v 0.112604698 -0.02380000114 -0.06726850495
v 0.1116883453 -0.02380000114 -0.06705695305
v 0.1116063754 -0.02380000114 -0.06612007305
v 0.1124720726 -0.02380000114 -0.06575261125
v 0.1572088296 -0.02609999895 -0.08870163705
v 0.1572088296 -0.02430000067 -0.08870163705
v 0.1451496507 -0.02430000067 -0.08975670335
v 0.1451496507 -0.02609999895 -0.08975670335
v 0.1096002447 -0.02609999895 -0.1228913263
v 0.1096002447 -0.02430000067 -0.1228913263
v 0.1115486838 -0.02430000067 -0.1237430732
v 0.1129669481 -0.02430000067 -0.1253274957
v 0.1135985178 -0.02430000067 -0.1273580151
v 0.1135985178 -0.02609999895 -0.1273580151
v 0.1129669481 -0.02609999895 -0.1253274957
v 0.1115486838 -0.02609999895 -0.1237430732
v 0.0728526579 -0.02380000114 -0.09708581735
v 0.074797581 -0.02380000114 -0.09691565465
v 0.074797581 -0.01610000014 -0.09691565465
v 0.0728526579 -0.01610000014 -0.09708581735
v 0.1572088296 -0.02430000067 -0.08870163705
v 0.1572385369 -0.02413336277 -0.08886631755
v 0.157267598 -0.02396669388 -0.08903107425
v 0.1572960154 -0.02380000114 -0.08919592635
v 0.1451932298 -0.02380000114 -0.09025479785
v 0.1451496507 -0.02430000067 -0.08975670335
v 0.1201151558 -0.02380000114 -0.07043480495
v 0.1202134263 -0.02430000067 -0.06994455895
v 0.1266017462 -0.02430000067 -0.07208218015
v 0.1322620672 -0.02430000067 -0.07573470465
v 0.1368420205 -0.02430000067 -0.08067475825
v 0.1400565165 -0.02430000067 -0.08659482895
v 0.1395907828 -0.02380000114 -0.08677673365
v 0.1364358129 -0.02380000114 -0.08096630675
v 0.1319406701 -0.02380000114 -0.07611772945
v 0.1263851771 -0.02380000114 -0.07253284885
v 0.108431954 -0.01480000019 -0.05683163415
v 0.1094921764 -0.01480000019 -0.05886829915
v 0.1116820093 -0.01480000019 -0.05955874595
v 0.1137186743 -0.01480000019 -0.05849851405
v 0.1144091211 -0.01480000019 -0.05630868585
v 0.113348894 -0.01480000019 -0.05427202085
v 0.1111590658 -0.01480000019 -0.05358157405
v 0.1091224008 -0.01480000019 -0.05464179635
v 0.108431954 -0.01610000014 -0.05683163415
v 0.1087016122 -0.01610000014 -0.05530231195
v 0.109699802 -0.01610000014 -0.05411270645
v 0.1111590658 -0.01610000014 -0.05358157405
v 0.112688388 -0.01610000014 -0.05385123225
v 0.1138779887 -0.01610000014 -0.05484942205
v 0.1144091211 -0.01610000014 -0.05630868585
v 0.1144091211 -0.02380000114 -0.05630868585
v 0.1144161833 -0.02380000114 -0.05640860225
v 0.1144199076 -0.02380000114 -0.05650869035
v 0.1144202844 -0.02380000114 -0.05660885485
v 0.1144202844 -0.01980000019 -0.05660885485
v 0.1144172758 -0.01980000019 -0.05670999195
v 0.1144108529 -0.01980000019 -0.05681097655
v 0.1144010303 -0.01980000019 -0.05691168455
v 0.1144010303 -0.01610000014 -0.05691168455
v 0.1135132199 -0.01610000014 -0.05871973825
v 0.1116820093 -0.01610000014 -0.05955874595
v 0.109732927 -0.01610000014 -0.05905047905
v 0.1085446269 -0.01610000014 -0.05742406595
v 0.1085446269 -0.01980000019 -0.05742406595
v 0.1085174661 -0.01980000019 -0.05732659095
v 0.1084936097 -0.01980000019 -0.05722825765
v 0.1084730817 -0.01980000019 -0.05712918045
v 0.1084730817 -0.02380000114 -0.05712918045
v 0.1084560632 -0.02380000114 -0.05703047515
v 0.1084423492 -0.02380000114 -0.05693125495
v 0.108431954 -0.02380000114 -0.05683163415
v 0.1144091211 -0.01480000019 -0.05630868585
v 0.1144091211 -0.01610000014 -0.05630868585
v 0.1575161403 -0.01610000014 -0.09063459135
v 0.1576025992 -0.01610000014 -0.09131188595
v 0.1576782935 -0.01610000014 -0.09199046795
v 0.1577432018 -0.01610000014 -0.09267016585
v 0.1572120717 -0.01610000014 -0.09121090675
v 0.1560224686 -0.01610000014 -0.09021271225
v 0.1544931441 -0.01610000014 -0.08994305875
v 0.1564380695 -0.01610000014 -0.08977289605
v 0.1569333986 -0.01610000014 -0.08985618425
v 0.1573257527 -0.01610000014 -0.09016978985
v 0.1162151532 -0.02609999895 -0.06547786065
v 0.1162151532 -0.02430000067 -0.06547786065
v 0.1151600917 -0.02430000067 -0.05341868895
v 0.1151600917 -0.02609999895 -0.05341868895
v 0.1226231339 -0.02609999895 -0.1387199344
v 0.1226231339 -0.02430000067 -0.1387199344
v 0.1215680724 -0.02430000067 -0.1266607555
v 0.1215680724 -0.02609999895 -0.1266607555
v 0.08975715209 -0.02609999895 -0.1062410563
v 0.08975715209 -0.02430000067 -0.1062410563
v 0.09297164574 -0.02430000067 -0.1121611175
v 0.09755160855 -0.02430000067 -0.117101171
v 0.1032119247 -0.02430000067 -0.1207536956
v 0.1096002447 -0.02430000067 -0.1228913263
v 0.1096002447 -0.02609999895 -0.1228913263
v 0.1032119247 -0.02609999895 -0.1207536956
v 0.09755160855 -0.02609999895 -0.117101171
v 0.09297164574 -0.02609999895 -0.1121611175
v 0.0719406038 -0.02380000114 -0.09812163325
v 0.0720473858 -0.02380000114 -0.09763082935
v 0.0723793115 -0.02380000114 -0.09725385565
v 0.0728526579 -0.02380000114 -0.09708581735
v 0.0728526579 -0.01610000014 -0.09708581735
v 0.0723793115 -0.01610000014 -0.09725385565
v 0.0720473858 -0.01610000014 -0.09763082935
v 0.0719406038 -0.01610000014 -0.09812163325
v 0.08539368234 -0.01980000019 -0.1009976338
v 0.0756180756 -0.01980000019 -0.102851694
v 0.0757171528 -0.01980000019 -0.102831166
v 0.0758154861 -0.01980000019 -0.1028073097
v 0.0759129611 -0.01980000019 -0.1027801488
v 0.08060929925 -0.01980000019 -0.1013857257
v 0.08190525472 -0.01980000019 -0.1001902116
v 0.08175157656 -0.01980000019 -0.09843375845
v 0.08026771487 -0.01980000019 -0.09748145525
v 0.0754005798 -0.01980000019 -0.09692374075
v 0.0752998718 -0.01980000019 -0.09691392285
v 0.0751988872 -0.01980000019 -0.09690749995
v 0.07509775 -0.01980000019 -0.09690449135
v 0.08504679543 -0.01980000019 -0.09703282885
v 0.0866966822 -0.01980000019 -0.09794083835
v 0.08686082238 -0.01980000019 -0.09981691575
v 0.08581795894 -0.01980000019 -0.09896294035
v 0.08520095902 -0.01980000019 -0.09825316935
v 0.0843352618 -0.01980000019 -0.09862063585
v 0.08441723176 -0.01980000019 -0.09955751105
v 0.08533358917 -0.01980000019 -0.09976906785
v 0.0719075564 -0.02380000114 -0.09666659335
v 0.0719069172 -0.02396669388 -0.09649931885
v 0.0719069169 -0.02413336277 -0.09633201575
v 0.0719075842 -0.02430000067 -0.09616468405
v 0.08396675589 -0.02430000067 -0.09510962255
v 0.08401033968 -0.02380000114 -0.09560771705
v 0.1157170587 -0.02380000114 -0.06552144445
v 0.1162151532 -0.02430000067 -0.06547786065
v 0.1168467228 -0.02430000067 -0.06750838475
v 0.1182649871 -0.02430000067 -0.06909280725
v 0.1202134263 -0.02430000067 -0.06994455895
v 0.1201151558 -0.02380000114 -0.07043480495
v 0.117971876 -0.02380000114 -0.06949788095
v 0.116411781 -0.02380000114 -0.06775501525
v 0.144419991 -0.01980000019 -0.09183824665
v 0.1429528486 -0.01980000019 -0.09301896485
v 0.1431169888 -0.01980000019 -0.09489504215
v 0.1447668732 -0.01980000019 -0.09580304685
v 0.1447668732 -0.02380000114 -0.09580304685
v 0.1431169888 -0.02380000114 -0.09489504215
v 0.1429528486 -0.02380000114 -0.09301896485
v 0.144419991 -0.02380000114 -0.09183824665
v 0.1103271419 -0.01980000019 -0.06690478715
v 0.1084730817 -0.01980000019 -0.05712918045
v 0.1084936097 -0.01980000019 -0.05722825765
v 0.1085174661 -0.01980000019 -0.05732659095
v 0.1085446269 -0.01980000019 -0.05742406595
v 0.10993905 -0.01980000019 -0.06212040405
v 0.1111345641 -0.01980000019 -0.06341635955
v 0.1128910174 -0.01980000019 -0.06326268135
v 0.1138433205 -0.01980000019 -0.06177881965
v 0.1144010303 -0.01980000019 -0.05691168455
v 0.1144108529 -0.01980000019 -0.05681097655
v 0.1144172758 -0.01980000019 -0.05670999195
v 0.1144202844 -0.01980000019 -0.05660885485
v 0.1142919469 -0.01980000019 -0.06655790025
v 0.1133839374 -0.01980000019 -0.06820778695
v 0.11150786 -0.01980000019 -0.06837192715
v 0.1130890677 -0.01980000019 -0.06646237275
v 0.1124720726 -0.01980000019 -0.06575261125
v 0.1116063754 -0.01980000019 -0.06612007305
v 0.1116883453 -0.01980000019 -0.06705695305
v 0.112604698 -0.01980000019 -0.06726850495
v 0.1572088296 -0.02609999895 -0.08870163705
v 0.1451496507 -0.02609999895 -0.08975670335
v 0.1430403086 -0.02609999895 -0.08948733225
v 0.1412336732 -0.02609999895 -0.08836575245
v 0.1400565165 -0.02609999895 -0.08659482895
v 0.1368420205 -0.02609999895 -0.08067475825
v 0.1322620672 -0.02609999895 -0.07573470465
v 0.1266017462 -0.02609999895 -0.07208218015
v 0.1202134263 -0.02609999895 -0.06994455895
v 0.1182649871 -0.02609999895 -0.06909280725
v 0.1168467228 -0.02609999895 -0.06750838475
v 0.1162151532 -0.02609999895 -0.06547786065
v 0.1151600917 -0.02609999895 -0.05341868895
v 0.1236043357 -0.02609999895 -0.05430673565
v 0.1317094561 -0.02609999895 -0.05683673355
v 0.1391594287 -0.02609999895 -0.06091002565
v 0.145663776 -0.02609999895 -0.06636780645
v 0.1509688895 -0.02609999895 -0.07299725465
v 0.1548679144 -0.02609999895 -0.08053990565
v 0.1458469127 -0.02609999895 -0.09772625805
v 0.1458469127 -0.02430000067 -0.09772625805
v 0.1579060892 -0.02430000067 -0.09667119645
v 0.1579060892 -0.02609999895 -0.09667119645
v 0.072604839 -0.02430000067 -0.1041342387
v 0.0725751317 -0.02413336277 -0.103969563
v 0.072546073 -0.02396669388 -0.1038048015
v 0.0725176532 -0.02380000114 -0.103639959
v 0.08462043645 -0.02380000114 -0.1025810779
v 0.08466402024 -0.02430000067 -0.1030791771
v 0.1142389584 -0.02380000114 -0.05436376275
v 0.1144091211 -0.02380000114 -0.05630868585
v 0.1144091211 -0.01610000014 -0.05630868585
v 0.1142389584 -0.01610000014 -0.05436376275
v 0.0733756062 -0.02380000114 -0.1030629845
v 0.0728802676 -0.02380000114 -0.1029796962
v 0.0724879159 -0.02380000114 -0.1026660906
v 0.0722975331 -0.02380000114 -0.1022012892
v 0.0722975331 -0.01610000014 -0.1022012892
v 0.0724879159 -0.01610000014 -0.1026660906
v 0.0728802676 -0.01610000014 -0.1029796962
v 0.0733756062 -0.01610000014 -0.1030629845
v 0.1544130912 -0.01610000014 -0.09591213505
v 0.1544130912 -0.01980000019 -0.09591213505
v 0.1495459609 -0.01980000019 -0.09535442535
v 0.1495459609 -0.01610000014 -0.09535442535
v 0.1564380695 -0.02380000114 -0.08977289605
v 0.1569333986 -0.02380000114 -0.08985618425
v 0.1573257527 -0.02380000114 -0.09016978985
v 0.1575161403 -0.02380000114 -0.09063459135
v 0.1575161403 -0.01610000014 -0.09063459135
v 0.1573257527 -0.01610000014 -0.09016978985
v 0.1569333986 -0.01610000014 -0.08985618425
v 0.1564380695 -0.01610000014 -0.08977289605
v 0.08401033968 -0.02380000114 -0.09560771705
v 0.08396675589 -0.02430000067 -0.09510962255
v 0.08599727999 -0.02430000067 -0.09447805295
v 0.08758170247 -0.02430000067 -0.09305978865
v 0.08843345419 -0.02430000067 -0.09111134945
v 0.08892370018 -0.02380000114 -0.09120961995
v 0.08798677615 -0.02380000114 -0.09335289975
v 0.08624391046 -0.02380000114 -0.09491299475
v 0.1146581777 -0.02380000114 -0.05341866125
v 0.1148254569 -0.02396669388 -0.05341801245
v 0.11499276 -0.02413336277 -0.05341802165
v 0.1151600917 -0.02430000067 -0.05341868895
v 0.1162151532 -0.02430000067 -0.06547786065
v 0.1157170587 -0.02380000114 -0.06552144445
v 0.1451496507 -0.02609999895 -0.08975670335
v 0.1451496507 -0.02430000067 -0.08975670335
v 0.1430403086 -0.02430000067 -0.08948733225
v 0.1412336732 -0.02430000067 -0.08836575245
v 0.1400565165 -0.02430000067 -0.08659482895
v 0.1400565165 -0.02609999895 -0.08659482895
v 0.1412336732 -0.02609999895 -0.08836575245
v 0.1430403086 -0.02609999895 -0.08948733225
v 0.1517660346 -0.01480000019 -0.09319311415
v 0.1528262594 -0.01480000019 -0.09522977915
v 0.1550160899 -0.01480000019 -0.09592022595
v 0.1570527549 -0.01480000019 -0.09485999875
v 0.1577432018 -0.01480000019 -0.09267016585
v 0.156682977 -0.01480000019 -0.09063350565
v 0.1544931441 -0.01480000019 -0.08994305875
v 0.1524564814 -0.01480000019 -0.09100328115
v 0.1544130912 -0.01610000014 -0.09591213505
v 0.1526050399 -0.01610000014 -0.09502431995
v 0.1517660346 -0.01610000014 -0.09319311415
v 0.1522743014 -0.01610000014 -0.09124403175
v 0.1539007122 -0.01610000014 -0.09005573165
v 0.1539007122 -0.01980000019 -0.09005573165
v 0.1539981825 -0.01980000019 -0.09002857085
v 0.1540965158 -0.01980000019 -0.09000471455
v 0.1541955977 -0.01980000019 -0.08998418655
v 0.1541955977 -0.02380000114 -0.08998418655
v 0.154294303 -0.02380000114 -0.08996716325
v 0.1543935232 -0.02380000114 -0.08995344925
v 0.1544931441 -0.02380000114 -0.08994305875
v 0.1544931441 -0.01610000014 -0.08994305875
v 0.1560224686 -0.01610000014 -0.09021271225
v 0.1572120717 -0.01610000014 -0.09121090675
v 0.1577432018 -0.01610000014 -0.09267016585
v 0.1574735435 -0.01610000014 -0.09419948795
v 0.1564753514 -0.01610000014 -0.09538909355
v 0.1550160899 -0.01610000014 -0.09592022595
v 0.1550160899 -0.02380000114 -0.09592022595
v 0.1549161759 -0.02380000114 -0.09592728805
v 0.154816083 -0.02380000114 -0.09593101235
v 0.154715921 -0.02380000114 -0.09593138925
v 0.154715921 -0.01980000019 -0.09593138925
v 0.154614779 -0.01980000019 -0.09592838055
v 0.1545137992 -0.01980000019 -0.09592195775
v 0.1544130912 -0.01980000019 -0.09591213505
v 0.1577432018 -0.01480000019 -0.09267016585
v 0.1577432018 -0.01610000014 -0.09267016585
v 0.119874621 -0.01610000014 -0.1307154789
v 0.1212690441 -0.01610000014 -0.1354118146
v 0.120080744 -0.01610000014 -0.1337854038
v 0.1181316617 -0.01610000014 -0.133277137
v 0.1163004511 -0.01610000014 -0.1341161447
v 0.1154126407 -0.01610000014 -0.1359241935
v 0.1159703504 -0.01610000014 -0.1310570632
v 0.1169226536 -0.01610000014 -0.1295731968
v 0.1186791069 -0.01610000014 -0.1294195234
v 0.1187543025 -0.01610000014 -0.1312150226
v 0.1181373073 -0.01610000014 -0.1305052515
v 0.1172716149 -0.01610000014 -0.1308727205
v 0.11735358 -0.01610000014 -0.1318095981
v 0.1182699327 -0.01610000014 -0.1320211524
v 0.1202134263 -0.02609999895 -0.06994455895
v 0.1202134263 -0.02430000067 -0.06994455895
v 0.1182649871 -0.02430000067 -0.06909280725
v 0.1168467228 -0.02430000067 -0.06750838475
v 0.1162151532 -0.02430000067 -0.06547786065
v 0.1162151532 -0.02609999895 -0.06547786065
v 0.1168467228 -0.02609999895 -0.06750838475
v 0.1182649871 -0.02609999895 -0.06909280725
v 0.1458033337 -0.02380000114 -0.09722816355
v 0.1458469127 -0.02430000067 -0.09772625805
v 0.1438163934 -0.02430000067 -0.09835782765
v 0.1422319685 -0.02430000067 -0.09977609195
v 0.1413802215 -0.02430000067 -0.1017245311
v 0.1408899732 -0.02380000114 -0.1016262605
v 0.1418268948 -0.02380000114 -0.09948298085
v 0.1435697629 -0.02380000114 -0.09792288575
v 0.1151554933 -0.02380000114 -0.1394172217
v 0.1149882141 -0.02396669388 -0.1394178633
v 0.114820911 -0.02413336277 -0.1394178541
v 0.1146535793 -0.02430000067 -0.1394171939
v 0.1135985178 -0.02430000067 -0.1273580151
v 0.1140966122 -0.02380000114 -0.127314436
v 0.1579061169 -0.02380000114 -0.09616928245
v 0.1579067586 -0.02396669388 -0.09633656165
v 0.1579067493 -0.02413336277 -0.09650386475
v 0.1579060892 -0.02430000067 -0.09667119645
v 0.1458469127 -0.02430000067 -0.09772625805
v 0.1458033337 -0.02380000114 -0.09722816355
v 0.1132031425 -0.02380000114 -0.05345170855
v 0.1136939464 -0.02380000114 -0.05355849065
v 0.1140709201 -0.02380000114 -0.05389041635
v 0.1142389584 -0.02380000114 -0.05436376275
v 0.1142389584 -0.01610000014 -0.05436376275
v 0.1140709201 -0.01610000014 -0.05389041635
v 0.1136939464 -0.01610000014 -0.05355849065
v 0.1132031425 -0.01610000014 -0.05345170855
v 0.07509775 -0.02380000114 -0.09690449135
v 0.08504679543 -0.02380000114 -0.09703282885
v 0.08504679543 -0.01980000019 -0.09703282885
v 0.07509775 -0.01980000019 -0.09690449135
v 0.0753205293 -0.02380000114 -0.1028928217
v 0.0733756062 -0.02380000114 -0.1030629845
v 0.0733756062 -0.01610000014 -0.1030629845
v 0.0753205293 -0.01610000014 -0.1028928217
v 0.1492043741 -0.01980000019 -0.09145015485
v 0.1539007122 -0.01980000019 -0.09005573165
v 0.1539007122 -0.01610000014 -0.09005573165
v 0.1492043741 -0.01610000014 -0.09145015485
v 0.1544931441 -0.02380000114 -0.08994305875
v 0.1564380695 -0.02380000114 -0.08977289605
v 0.1564380695 -0.01610000014 -0.08977289605
v 0.1544931441 -0.01610000014 -0.08994305875
v 0.1578730719 -0.02380000114 -0.09471424735
v 0.1577662899 -0.02380000114 -0.09520504645
v 0.1574343547 -0.02380000114 -0.09558202015
v 0.1569610154 -0.02380000114 -0.09575006315
v 0.1569610154 -0.01610000014 -0.09575006315
v 0.1574343547 -0.01610000014 -0.09558202015
v 0.1577662899 -0.01610000014 -0.09520504645
v 0.1578730719 -0.01610000014 -0.09471424735
v 0.08892370018 -0.02380000114 -0.09120961995
v 0.08843345419 -0.02430000067 -0.09111134945
v 0.09057107535 -0.02430000067 -0.08472302475
v 0.09422360944 -0.02430000067 -0.07906271335
v 0.09916366297 -0.02430000067 -0.07448275055
v 0.1050837194 -0.02430000067 -0.07126825685
v 0.1052656288 -0.02380000114 -0.07173399295
v 0.09945520192 -0.02380000114 -0.07488895805
v 0.09460662468 -0.02380000114 -0.07938410095
v 0.09102174407 -0.02380000114 -0.08493960345
v 0.1400565165 -0.02609999895 -0.08659482895
v 0.1400565165 -0.02430000067 -0.08659482895
v 0.1368420205 -0.02430000067 -0.08067475825
v 0.1322620672 -0.02430000067 -0.07573470465
v 0.1266017462 -0.02430000067 -0.07208218015
v 0.1202134263 -0.02430000067 -0.06994455895
v 0.1202134263 -0.02609999895 -0.06994455895
v 0.1266017462 -0.02609999895 -0.07208218015
v 0.1322620672 -0.02609999895 -0.07573470465
v 0.1368420205 -0.02609999895 -0.08067475825
v 0.1071905371 -0.02609999895 -0.05411594375
v 0.1071905371 -0.02430000067 -0.05411594375
v 0.1082455986 -0.02430000067 -0.06617512505
v 0.1082455986 -0.02609999895 -0.06617512505
v 0.1200368552 -0.02279999971 -0.1361219107
v 0.1190904551 -0.02279999971 -0.1347703127
v 0.1174467309 -0.02279999971 -0.1349141225
v 0.1167494164 -0.02279999971 -0.1364095304
v 0.1176958165 -0.02279999971 -0.1377611308
v 0.1193395407 -0.02279999971 -0.137617321
v 0.1200368552 -0.01480000019 -0.1361219107
v 0.1193395407 -0.01480000019 -0.137617321
v 0.1176958165 -0.01480000019 -0.1377611308
v 0.1167494164 -0.01480000019 -0.1364095304
v 0.1174467309 -0.01480000019 -0.1349141225
v 0.1190904551 -0.01480000019 -0.1347703127
v 0.1167494164 -0.01480000019 -0.1364095304
v 0.1167494164 -0.02279999971 -0.1364095304
v 0.144419991 -0.01980000019 -0.09183824665
v 0.1541955977 -0.01980000019 -0.08998418655
v 0.1540965158 -0.01980000019 -0.09000471455
v 0.1539981825 -0.01980000019 -0.09002857085
v 0.1539007122 -0.01980000019 -0.09005573165
v 0.1492043741 -0.01980000019 -0.09145015485
v 0.147908421 -0.01980000019 -0.09264566895
v 0.148062092 -0.01980000019 -0.09440212215
v 0.1495459609 -0.01980000019 -0.09535442535
v 0.1544130912 -0.01980000019 -0.09591213505
v 0.1545137992 -0.01980000019 -0.09592195775
v 0.154614779 -0.01980000019 -0.09592838055
v 0.154715921 -0.01980000019 -0.09593138925
v 0.1447668732 -0.01980000019 -0.09580304685
v 0.1431169888 -0.01980000019 -0.09489504215
v 0.1429528486 -0.01980000019 -0.09301896485
v 0.1455896282 -0.01980000019 -0.09373349115
v 0.1449726307 -0.01980000019 -0.09302372005
v 0.1441069382 -0.01980000019 -0.09339118665
v 0.1441889058 -0.01980000019 -0.09432806185
v 0.1451052584 -0.01980000019 -0.09453961855
v 0.1155747126 -0.01610000014 -0.1384721178
v 0.1154045498 -0.01610000014 -0.1365271947
v 0.1159356822 -0.01610000014 -0.1379864561
v 0.117125283 -0.01610000014 -0.1389846482
v 0.1186546099 -0.01610000014 -0.1392543041
v 0.1179739631 -0.01610000014 -0.1393084144
v 0.1172925486 -0.01610000014 -0.1393517077
v 0.1166105285 -0.01610000014 -0.1393841767
v 0.1161197293 -0.01610000014 -0.1392773923
v 0.1157427556 -0.01610000014 -0.1389454594
v 0.10993905 -0.01980000019 -0.06212040405
v 0.1085446269 -0.01980000019 -0.05742406595
v 0.1085446269 -0.01610000014 -0.05742406595
v 0.10993905 -0.01610000014 -0.06212040405
v 0.1408899732 -0.02380000114 -0.1016262605
v 0.1413802215 -0.02430000067 -0.1017245311
v 0.1392425909 -0.02430000067 -0.108112851
v 0.1355900663 -0.02430000067 -0.1137731672
v 0.1306500128 -0.02430000067 -0.1183531252
v 0.1247299516 -0.02430000067 -0.1215676189
v 0.1245480422 -0.02380000114 -0.1211018876
v 0.1303584738 -0.02380000114 -0.1179469177
v 0.1352070415 -0.02380000114 -0.1134517748
v 0.1387919317 -0.02380000114 -0.1078962819
v 0.1226231339 -0.02430000067 -0.1387199344
v 0.1224584583 -0.02413336277 -0.1387496416
v 0.1222936968 -0.02396669388 -0.1387787027
v 0.1221288542 -0.02380000114 -0.1388071178
v 0.1210699731 -0.02380000114 -0.1267043345
v 0.1215680724 -0.02430000067 -0.1266607555
v 0.1140966122 -0.02380000114 -0.127314436
v 0.1135985178 -0.02430000067 -0.1273580151
v 0.1129669481 -0.02430000067 -0.1253274957
v 0.1115486838 -0.02430000067 -0.1237430732
v 0.1096002447 -0.02430000067 -0.1228913263
v 0.1096985152 -0.02380000114 -0.1224010755
v 0.1118417949 -0.02380000114 -0.1233379996
v 0.11340189 -0.02380000114 -0.1250808653
v 0.09022288816 -0.02380000114 -0.1060591469
v 0.08975715209 -0.02430000067 -0.1062410563
v 0.08858000016 -0.02430000067 -0.1044701281
v 0.08677335756 -0.02430000067 -0.1033485435
v 0.08466402024 -0.02430000067 -0.1030791771
v 0.08462043645 -0.02380000114 -0.1025810779
v 0.08694071704 -0.02380000114 -0.1028773852
v 0.08892801436 -0.02380000114 -0.1041111263
v 0.1082617912 -0.02380000114 -0.05488670145
v 0.1083450795 -0.02380000114 -0.05439137245
v 0.1086586851 -0.02380000114 -0.05399902075
v 0.1091234865 -0.02380000114 -0.05380863785
v 0.1091234865 -0.01610000014 -0.05380863785
v 0.1086586851 -0.01610000014 -0.05399902075
v 0.1083450795 -0.01610000014 -0.05439137245
v 0.1082617912 -0.01610000014 -0.05488670145
v 0.08504679543 -0.02380000114 -0.09703282885
v 0.0866966822 -0.02380000114 -0.09794083835
v 0.08686082238 -0.02380000114 -0.09981691575
v 0.08539368234 -0.02380000114 -0.1009976338
v 0.08539368234 -0.01980000019 -0.1009976338
v 0.08686082238 -0.01980000019 -0.09981691575
v 0.0866966822 -0.01980000019 -0.09794083835
v 0.08504679543 -0.01980000019 -0.09703282885
v 0.1569610154 -0.01610000014 -0.09575006315
v 0.1550160899 -0.01610000014 -0.09592022595
v 0.1564753514 -0.01610000014 -0.09538909355
v 0.1574735435 -0.01610000014 -0.09419948795
v 0.1577432018 -0.01610000014 -0.09267016585
v 0.1577973097 -0.01610000014 -0.09335081265
v 0.1578406029 -0.01610000014 -0.09403222715
v 0.1578730719 -0.01610000014 -0.09471424735
v 0.1577662899 -0.01610000014 -0.09520504645
v 0.1574343547 -0.01610000014 -0.09558202015
v 0.1569610154 -0.02380000114 -0.09575006315
v 0.1550160899 -0.02380000114 -0.09592022595
v 0.1550160899 -0.01610000014 -0.09592022595
v 0.1569610154 -0.01610000014 -0.09575006315
v 0.1052656288 -0.02380000114 -0.07173399295
v 0.1050837194 -0.02430000067 -0.07126825685
v 0.1068546476 -0.02430000067 -0.07009110495
v 0.1079762322 -0.02430000067 -0.06828446235
v 0.1082455986 -0.02430000067 -0.06617512505
v 0.1087436978 -0.02380000114 -0.06613154125
v 0.1084473905 -0.02380000114 -0.06845182185
v 0.1072136494 -0.02380000114 -0.07043911915
v 0.08396675589 -0.02609999895 -0.09510962255
v 0.08396675589 -0.02430000067 -0.09510962255
v 0.0719075842 -0.02430000067 -0.09616468405
v 0.0719075842 -0.02609999895 -0.09616468405
v 0.1187543025 -0.0200999999 -0.1312150226
v 0.1181373073 -0.0200999999 -0.1305052515
v 0.1172716149 -0.0200999999 -0.1308727205
v 0.11735358 -0.0200999999 -0.1318095981
v 0.1182699327 -0.0200999999 -0.1320211524
v 0.1187543025 -0.01610000014 -0.1312150226
v 0.1182699327 -0.01610000014 -0.1320211524
v 0.11735358 -0.01610000014 -0.1318095981
v 0.1172716149 -0.01610000014 -0.1308727205
v 0.1181373073 -0.01610000014 -0.1305052515
v 0.11735358 -0.0200999999 -0.1318095981
v 0.11735358 -0.01610000014 -0.1318095981
v 0.1144202844 -0.02380000114 -0.05660885485
v 0.1142919469 -0.02380000114 -0.06655790025
v 0.1142919469 -0.01980000019 -0.06655790025
v 0.1144202844 -0.01980000019 -0.05660885485
v 0.1153933865 -0.02380000114 -0.1362270257
v 0.1155217289 -0.02380000114 -0.1262779803
v 0.1155217289 -0.01980000019 -0.1262779803
v 0.1153933865 -0.01980000019 -0.1362270257
v 0.08060929925 -0.01980000019 -0.1013857257
v 0.0759129611 -0.01980000019 -0.1027801488
v 0.0759129611 -0.01610000014 -0.1027801488
v 0.08060929925 -0.01610000014 -0.1013857257
v 0.1138433205 -0.01980000019 -0.06177881965
v 0.1128910174 -0.01980000019 -0.06326268135
v 0.1111345641 -0.01980000019 -0.06341635955
v 0.10993905 -0.01980000019 -0.06212040405
v 0.10993905 -0.01610000014 -0.06212040405
v 0.1111345641 -0.01610000014 -0.06341635955
v 0.1128910174 -0.01610000014 -0.06326268135
v 0.1138433205 -0.01610000014 -0.06177881965
v 0.0754005798 -0.01610000014 -0.09692374075
v 0.0754005798 -0.01980000019 -0.09692374075
v 0.08026771487 -0.01980000019 -0.09748145525
v 0.08026771487 -0.01610000014 -0.09748145525
v 0.1245480422 -0.02380000114 -0.1211018876
v 0.1247299516 -0.02430000067 -0.1215676189
v 0.1229590234 -0.02430000067 -0.1227447756
v 0.1218374388 -0.02430000067 -0.1245514134
v 0.1215680724 -0.02430000067 -0.1266607555
v 0.1210699731 -0.02380000114 -0.1267043345
v 0.1213662805 -0.02380000114 -0.1243840587
v 0.1226000216 -0.02380000114 -0.1223967566
v 0.1096985152 -0.02380000114 -0.1224010755
v 0.1096002447 -0.02430000067 -0.1228913263
v 0.1032119247 -0.02430000067 -0.1207536956
v 0.09755160855 -0.02430000067 -0.117101171
v 0.09297164574 -0.02430000067 -0.1121611175
v 0.08975715209 -0.02430000067 -0.1062410563
v 0.09022288816 -0.02380000114 -0.1060591469
v 0.09337785326 -0.02380000114 -0.1118695786
v 0.09787299613 -0.02380000114 -0.1167181463
v 0.1034284939 -0.02380000114 -0.1203030316
v 0.108431954 -0.02380000114 -0.05683163415
v 0.1082617912 -0.02380000114 -0.05488670145
v 0.1082617912 -0.01610000014 -0.05488670145
v 0.108431954 -0.01610000014 -0.05683163415
v 0.08539368234 -0.02380000114 -0.1009976338
v 0.0756180756 -0.02380000114 -0.102851694
v 0.0756180756 -0.01980000019 -0.102851694
v 0.08539368234 -0.01980000019 -0.1009976338
v 0.1144010303 -0.01610000014 -0.05691168455
v 0.1144010303 -0.01980000019 -0.05691168455
v 0.1138433205 -0.01980000019 -0.06177881965
v 0.1138433205 -0.01610000014 -0.06177881965
v 0.144419991 -0.02380000114 -0.09183824665
v 0.1541955977 -0.02380000114 -0.08998418655
v 0.1541955977 -0.01980000019 -0.08998418655
v 0.144419991 -0.01980000019 -0.09183824665
v 0.1071905371 -0.02430000067 -0.05411594375
v 0.1073552127 -0.02413336277 -0.05408623655
v 0.1075199742 -0.02396669388 -0.05405717775
v 0.1076848168 -0.02380000114 -0.05402875795
v 0.1087436978 -0.02380000114 -0.06613154125
v 0.1082455986 -0.02430000067 -0.06617512505
v 0.1071905371 -0.02609999895 -0.05411594375
v 0.1082455986 -0.02609999895 -0.06617512505
v 0.1079762322 -0.02609999895 -0.06828446235
v 0.1068546476 -0.02609999895 -0.07009110495
v 0.1050837194 -0.02609999895 -0.07126825685
v 0.09916366297 -0.02609999895 -0.07448275055
v 0.09422360944 -0.02609999895 -0.07906271335
v 0.09057107535 -0.02609999895 -0.08472302475
v 0.08843345419 -0.02609999895 -0.09111134945
v 0.08758170247 -0.02609999895 -0.09305978865
v 0.08599727999 -0.02609999895 -0.09447805295
v 0.08396675589 -0.02609999895 -0.09510962255
v 0.0719075842 -0.02609999895 -0.09616468405
v 0.0727956309 -0.02609999895 -0.08772044485
v 0.0753256288 -0.02609999895 -0.07961532445
v 0.0793989208 -0.02609999895 -0.07216534705
v 0.08485670169 -0.02609999895 -0.06566100215
v 0.09148614985 -0.02609999895 -0.06035589095
v 0.09902880086 -0.02609999895 -0.05645685655
v 0.118318517 -0.02380000114 -0.1262340491
v 0.1177015219 -0.02380000114 -0.1255242781
v 0.1168358246 -0.02380000114 -0.1258917447
v 0.1169177946 -0.02380000114 -0.1268286246
v 0.1178341472 -0.02380000114 -0.1270401814
v 0.118318517 -0.01980000019 -0.1262340491
v 0.1178341472 -0.01980000019 -0.1270401814
v 0.1169177946 -0.01980000019 -0.1268286246
v 0.1168358246 -0.01980000019 -0.1258917447
v 0.1177015219 -0.01980000019 -0.1255242781
v 0.1169177946 -0.02380000114 -0.1268286246
v 0.1169177946 -0.01980000019 -0.1268286246
v 0.1142919469 -0.02380000114 -0.06655790025
v 0.1133839374 -0.02380000114 -0.06820778695
v 0.11150786 -0.02380000114 -0.06837192715
v 0.1103271419 -0.02380000114 -0.06690478715
v 0.1103271419 -0.01980000019 -0.06690478715
v 0.11150786 -0.01980000019 -0.06837192715
v 0.1133839374 -0.01980000019 -0.06820778695
v 0.1142919469 -0.01980000019 -0.06655790025
v 0.1155217289 -0.02380000114 -0.1262779803
v 0.1164297336 -0.02380000114 -0.1246280935
v 0.118305811 -0.02380000114 -0.1244639533
v 0.1194865291 -0.02380000114 -0.1259310981
v 0.1194865291 -0.01980000019 -0.1259310981
v 0.118305811 -0.01980000019 -0.1244639533
v 0.1164297336 -0.01980000019 -0.1246280935
v 0.1155217289 -0.01980000019 -0.1262779803
v 0.08026771487 -0.01980000019 -0.09748145525
v 0.08175157656 -0.01980000019 -0.09843375845
v 0.08190525472 -0.01980000019 -0.1001902116
v 0.08060929925 -0.01980000019 -0.1013857257
v 0.08060929925 -0.01610000014 -0.1013857257
v 0.08190525472 -0.01610000014 -0.1001902116
v 0.08175157656 -0.01610000014 -0.09843375845
v 0.08026771487 -0.01610000014 -0.09748145525
v 0.08843345419 -0.02609999895 -0.09111134945
v 0.08843345419 -0.02430000067 -0.09111134945
v 0.08758170247 -0.02430000067 -0.09305978865
v 0.08599727999 -0.02430000067 -0.09447805295
v 0.08396675589 -0.02430000067 -0.09510962255
v 0.08396675589 -0.02609999895 -0.09510962255
v 0.08599727999 -0.02609999895 -0.09447805295
v 0.08758170247 -0.02609999895 -0.09305978865
v 0.1154045498 -0.01480000019 -0.1365271947
v 0.116464777 -0.01480000019 -0.1385638573
v 0.1186546099 -0.01480000019 -0.1392543041
v 0.1206912702 -0.01480000019 -0.1381940793
v 0.121381717 -0.01480000019 -0.1360042488
v 0.1203214946 -0.01480000019 -0.1339675838
v 0.1181316617 -0.01480000019 -0.133277137
v 0.1160949966 -0.01480000019 -0.1343373617
v 0.1154045498 -0.01610000014 -0.1365271947
v 0.1154045498 -0.02380000114 -0.1365271947
v 0.1153974877 -0.02380000114 -0.1364272806
v 0.1153937634 -0.02380000114 -0.1363271877
v 0.1153933865 -0.02380000114 -0.1362270257
v 0.1153933865 -0.01980000019 -0.1362270257
v 0.1153963952 -0.01980000019 -0.1361258838
v 0.115402818 -0.01980000019 -0.1360249016
v 0.1154126407 -0.01980000019 -0.1359241935
v 0.1154126407 -0.01610000014 -0.1359241935
v 0.1163004511 -0.01610000014 -0.1341161447
v 0.1181316617 -0.01610000014 -0.133277137
v 0.120080744 -0.01610000014 -0.1337854038
v 0.1212690441 -0.01610000014 -0.1354118146
v 0.1212690441 -0.01980000019 -0.1354118146
v 0.1212962049 -0.01980000019 -0.1355092872
v 0.1213200612 -0.01980000019 -0.1356076205
v 0.1213405893 -0.01980000019 -0.1357067025
v 0.1213405893 -0.02380000114 -0.1357067025
v 0.1213576125 -0.02380000114 -0.1358054077
v 0.1213713265 -0.02380000114 -0.135904628
v 0.121381717 -0.02380000114 -0.1360042488
v 0.121381717 -0.01610000014 -0.1360042488
v 0.1211120587 -0.01610000014 -0.1375335709
v 0.120113869 -0.01610000014 -0.1387231741
v 0.1186546099 -0.01610000014 -0.1392543041
v 0.117125283 -0.01610000014 -0.1389846482
v 0.1159356822 -0.01610000014 -0.1379864561
v 0.121381717 -0.01480000019 -0.1360042488
v 0.121381717 -0.01610000014 -0.1360042488
v 0.1103271419 -0.02380000114 -0.06690478715
v 0.1084730817 -0.02380000114 -0.05712918045
v 0.1084730817 -0.01980000019 -0.05712918045
v 0.1103271419 -0.01980000019 -0.06690478715
v 0.1194865291 -0.02380000114 -0.1259310981
v 0.1213405893 -0.02380000114 -0.1357067025
v 0.1213405893 -0.01980000019 -0.1357067025
v 0.1194865291 -0.01980000019 -0.1259310981
v 0.1215518797 -0.02380000114 -0.1379491743
v 0.1214685915 -0.02380000114 -0.1384445033
v 0.1211549859 -0.02380000114 -0.1388368574
v 0.1206901844 -0.02380000114 -0.139027245
v 0.1206901844 -0.01610000014 -0.139027245
v 0.1211549859 -0.01610000014 -0.1388368574
v 0.1214685915 -0.01610000014 -0.1384445033
v 0.1215518797 -0.01610000014 -0.1379491743
v 0.1166105285 -0.02380000114 -0.1393841767
v 0.1161197293 -0.02380000114 -0.1392773923
v 0.1157427556 -0.02380000114 -0.1389454594
v 0.1155747126 -0.02380000114 -0.1384721178
v 0.1155747126 -0.01610000014 -0.1384721178
v 0.1157427556 -0.01610000014 -0.1389454594
v 0.1161197293 -0.01610000014 -0.1392773923
v 0.1166105285 -0.01610000014 -0.1393841767
v 0.154715921 -0.02380000114 -0.09593138925
v 0.1447668732 -0.02380000114 -0.09580304685
v 0.1447668732 -0.01980000019 -0.09580304685
v 0.154715921 -0.01980000019 -0.09593138925
v 0.1050837194 -0.02609999895 -0.07126825685
v 0.1050837194 -0.02430000067 -0.07126825685
v 0.09916366297 -0.02430000067 -0.07448275055
v 0.09422360944 -0.02430000067 -0.07906271335
v 0.09057107535 -0.02430000067 -0.08472302475
v 0.08843345419 -0.02430000067 -0.09111134945
v 0.08843345419 -0.02609999895 -0.09111134945
v 0.09057107535 -0.02609999895 -0.08472302475
v 0.09422360944 -0.02609999895 -0.07906271335
v 0.09916366297 -0.02609999895 -0.07448275055
v 0.121381717 -0.02380000114 -0.1360042488
v 0.1215518797 -0.02380000114 -0.1379491743
v 0.1215518797 -0.01610000014 -0.1379491743
v 0.121381717 -0.01610000014 -0.1360042488
v 0.119874621 -0.01980000019 -0.1307154789
v 0.1212690441 -0.01980000019 -0.1354118146
v 0.1212690441 -0.01610000014 -0.1354118146
v 0.119874621 -0.01610000014 -0.1307154789
v 0.1206901844 -0.01610000014 -0.139027245
v 0.1200128899 -0.01610000014 -0.1391137039
v 0.1193343078 -0.01610000014 -0.1391893959
v 0.1186546099 -0.01610000014 -0.1392543041
v 0.120113869 -0.01610000014 -0.1387231741
v 0.1211120587 -0.01610000014 -0.1375335709
v 0.121381717 -0.01610000014 -0.1360042488
v 0.1215518797 -0.01610000014 -0.1379491743
v 0.1214685915 -0.01610000014 -0.1384445033
v 0.1211549859 -0.01610000014 -0.1388368574
v 0.1155747126 -0.02380000114 -0.1384721178
v 0.1154045498 -0.02380000114 -0.1365271947
v 0.1154045498 -0.01610000014 -0.1365271947
v 0.1155747126 -0.01610000014 -0.1384721178
v 0.1082455986 -0.02609999895 -0.06617512505
v 0.1082455986 -0.02430000067 -0.06617512505
v 0.1079762322 -0.02430000067 -0.06828446235
v 0.1068546476 -0.02430000067 -0.07009110495
v 0.1050837194 -0.02430000067 -0.07126825685
v 0.1050837194 -0.02609999895 -0.07126825685
v 0.1068546476 -0.02609999895 -0.07009110495
v 0.1079762322 -0.02609999895 -0.06828446235
v 0.1200368552 -0.02279999971 -0.1361219107
v 0.1193395407 -0.02279999971 -0.137617321
v 0.1176958165 -0.02279999971 -0.1377611308
v 0.1167494164 -0.02279999971 -0.1364095304
v 0.1174467309 -0.02279999971 -0.1349141225
v 0.1190904551 -0.02279999971 -0.1347703127
v 0.1159703504 -0.01980000019 -0.1310570632
v 0.1169226536 -0.01980000019 -0.1295731968
v 0.1186791069 -0.01980000019 -0.1294195234
v 0.119874621 -0.01980000019 -0.1307154789
v 0.119874621 -0.01610000014 -0.1307154789
v 0.1186791069 -0.01610000014 -0.1294195234
v 0.1169226536 -0.01610000014 -0.1295731968
v 0.1159703504 -0.01610000014 -0.1310570632
v 0.1154045498 -0.01480000019 -0.1365271947
v 0.1160949966 -0.01480000019 -0.1343373617
v 0.1181316617 -0.01480000019 -0.133277137
v 0.1203214946 -0.01480000019 -0.1339675838
v 0.121381717 -0.01480000019 -0.1360042488
v 0.1206912702 -0.01480000019 -0.1381940793
v 0.1186546099 -0.01480000019 -0.1392543041
v 0.116464777 -0.01480000019 -0.1385638573
v 0.1200368552 -0.01480000019 -0.1361219107
v 0.1190904551 -0.01480000019 -0.1347703127
v 0.1174467309 -0.01480000019 -0.1349141225
v 0.1167494164 -0.01480000019 -0.1364095304
v 0.1176958165 -0.01480000019 -0.1377611308
v 0.1193395407 -0.01480000019 -0.137617321
v 0.1194865291 -0.01980000019 -0.1259310981
v 0.1213405893 -0.01980000019 -0.1357067025
v 0.1213200612 -0.01980000019 -0.1356076205
v 0.1212962049 -0.01980000019 -0.1355092872
v 0.1212690441 -0.01980000019 -0.1354118146
v 0.119874621 -0.01980000019 -0.1307154789
v 0.1186791069 -0.01980000019 -0.1294195234
v 0.1169226536 -0.01980000019 -0.1295731968
v 0.1159703504 -0.01980000019 -0.1310570632
v 0.1154126407 -0.01980000019 -0.1359241935
v 0.115402818 -0.01980000019 -0.1360249016
v 0.1153963952 -0.01980000019 -0.1361258838
v 0.1153933865 -0.01980000019 -0.1362270257
v 0.1155217289 -0.01980000019 -0.1262779803
v 0.1164297336 -0.01980000019 -0.1246280935
v 0.118305811 -0.01980000019 -0.1244639533
v 0.118318517 -0.01980000019 -0.1262340491
v 0.1177015219 -0.01980000019 -0.1255242781
v 0.1168358246 -0.01980000019 -0.1258917447
v 0.1169177946 -0.01980000019 -0.1268286246
v 0.1178341472 -0.01980000019 -0.1270401814
v 0.1187543025 -0.0200999999 -0.1312150226
v 0.1182699327 -0.0200999999 -0.1320211524
v 0.11735358 -0.0200999999 -0.1318095981
v 0.1172716149 -0.0200999999 -0.1308727205
v 0.1181373073 -0.0200999999 -0.1305052515
v 0.1154126407 -0.01610000014 -0.1359241935
v 0.1154126407 -0.01980000019 -0.1359241935
v 0.1159703504 -0.01980000019 -0.1310570632
v 0.1159703504 -0.01610000014 -0.1310570632
v 0.118318517 -0.02380000114 -0.1262340491
v 0.1178341472 -0.02380000114 -0.1270401814
v 0.1169177946 -0.02380000114 -0.1268286246
v 0.1168358246 -0.02380000114 -0.1258917447
v 0.1177015219 -0.02380000114 -0.1255242781
v 0.08309171798 -0.01975000024 -0.09850553915
v 0.08309171798 -0.01980000019 -0.09850553915
v 0.0823673048 -0.01980000019 -0.09727214385
v 0.08117789034 -0.01980000019 -0.09647758745
v 0.079761121 -0.01980000019 -0.09628062755
v 0.079761121 -0.01820000052 -0.09628062755
v 0.08117789034 -0.01820000052 -0.09647758745
v 0.0823673048 -0.01820000052 -0.09727214385
v 0.08309171798 -0.01820000052 -0.09850553915
v 0.08309171798 -0.01825000048 -0.09850553915
v 0.08319912157 -0.01825000048 -0.09895843885
v 0.08323969169 -0.01825000048 -0.09942213435
v 0.08321256047 -0.01825000048 -0.09988680265
v 0.08321256047 -0.01820000052 -0.09988680265
v 0.08319512751 -0.01820000052 -0.1000026311
v 0.08317346023 -0.01820000052 -0.1001177397
v 0.08314759679 -0.01820000052 -0.1002319851
v 0.08314759679 -0.01980000019 -0.1002319851
v 0.08317346023 -0.01980000019 -0.1001177397
v 0.08319512751 -0.01980000019 -0.1000026311
v 0.08321256047 -0.01980000019 -0.09988680265
v 0.08321256047 -0.01975000024 -0.09988680265
v 0.08323969169 -0.01975000024 -0.09942213435
v 0.08319912157 -0.01975000024 -0.09895843885
v 0.1128192366 -0.01975000024 -0.06460282275
v 0.1141532145 -0.01975000024 -0.06579978655
v 0.1139926237 -0.01975000024 -0.06758484585
v 0.1124664269 -0.01975000024 -0.06852449435
v 0.1108002423 -0.01975000024 -0.06786414455
v 0.1103321139 -0.01975000024 -0.06613409425
v 0.1114379731 -0.01975000024 -0.06472366525
v 0.1114379731 -0.01980000019 -0.06472366525
v 0.1112137836 -0.01980000019 -0.06484770055
v 0.1103939402 -0.01980000019 -0.06590206525
v 0.1104206025 -0.01980000019 -0.06723740945
v 0.1112818819 -0.01980000019 -0.06825821145
v 0.1125936852 -0.01980000019 -0.06850923525
v 0.1137709998 -0.01980000019 -0.06787853975
v 0.1142887856 -0.01980000019 -0.06664738345
v 0.1139161351 -0.01980000019 -0.06536482565
v 0.1128192366 -0.01980000019 -0.06460282275
v 0.1467219578 -0.01975000024 -0.09433034145
v 0.1455249915 -0.01975000024 -0.09566431935
v 0.1437399347 -0.01975000024 -0.09550372845
v 0.1428002838 -0.01975000024 -0.09397753175
v 0.1434606312 -0.01975000024 -0.09231134715
v 0.1451906839 -0.01975000024 -0.09184321875
v 0.1466011081 -0.01975000024 -0.09294907315
v 0.1466011081 -0.01980000019 -0.09294907315
v 0.1464770752 -0.01980000019 -0.09272488835
v 0.1454227058 -0.01980000019 -0.09190504505
v 0.1440873663 -0.01980000019 -0.09193170735
v 0.1430665667 -0.01980000019 -0.09279298675
v 0.1428155405 -0.01980000019 -0.09410479005
v 0.143446236 -0.01980000019 -0.09528210465
v 0.1446773875 -0.01980000019 -0.09579989035
v 0.1459599524 -0.01980000019 -0.09542723985
v 0.1467219578 -0.01980000019 -0.09433034145
v 0.1169944343 -0.01975000024 -0.1282330625
v 0.1156604564 -0.01975000024 -0.1270360987
v 0.1158210473 -0.01975000024 -0.1252510394
v 0.117347244 -0.01975000024 -0.1243113862
v 0.1190134287 -0.01975000024 -0.124971736
v 0.119481557 -0.01975000024 -0.1267017862
v 0.1183756978 -0.01975000024 -0.1281122152
v 0.1183756978 -0.01980000019 -0.1281122152
v 0.1185998874 -0.01980000019 -0.12798818
v 0.1194197307 -0.01980000019 -0.1269338105
v 0.1193930684 -0.01980000019 -0.125598471
v 0.1185317891 -0.01980000019 -0.1245776691
v 0.1172199858 -0.01980000019 -0.1243266452
v 0.1160426711 -0.01980000019 -0.1249573407
v 0.1155248854 -0.01980000019 -0.1261884923
v 0.1158975359 -0.01980000019 -0.1274710548
v 0.1169944343 -0.01980000019 -0.1282330625
v 0.08321256047 -0.01825000048 -0.09988680265
v 0.08462298951 -0.01825000048 -0.1009926618
v 0.08635303973 -0.01825000048 -0.1005245334
v 0.08701338951 -0.01825000048 -0.09885834885
v 0.08607374106 -0.01825000048 -0.09733215205
v 0.08428868181 -0.01825000048 -0.09717156125
v 0.08309171798 -0.01825000048 -0.09850553915
v 0.08309171798 -0.01820000052 -0.09850553915
v 0.0838537209 -0.01820000052 -0.09740864065
v 0.08513628823 -0.01820000052 -0.09703599015
v 0.086367435 -0.01820000052 -0.09755377595
v 0.0869981305 -0.01820000052 -0.09873109055
v 0.08674710665 -0.01820000052 -0.1000428938
v 0.08572630471 -0.01820000052 -0.1009041732
v 0.08439096998 -0.01820000052 -0.1009308355
v 0.08333659575 -0.01820000052 -0.1001109921
v 0.08321256047 -0.01820000052 -0.09988680265
v 0.1114379731 -0.01825000048 -0.06472366525
v 0.1103321139 -0.01825000048 -0.06613409425
v 0.1108002423 -0.01825000048 -0.06786414455
v 0.1124664269 -0.01825000048 -0.06852449435
v 0.1139926237 -0.01825000048 -0.06758484585
v 0.1141532145 -0.01825000048 -0.06579978655
v 0.1128192366 -0.01825000048 -0.06460282275
v 0.1128192366 -0.01820000052 -0.06460282275
v 0.1139161351 -0.01820000052 -0.06536482565
v 0.1142887856 -0.01820000052 -0.06664738345
v 0.1137709998 -0.01820000052 -0.06787853975
v 0.1125936852 -0.01820000052 -0.06850923525
v 0.1112818819 -0.01820000052 -0.06825821145
v 0.1104206025 -0.01820000052 -0.06723740945
v 0.1103939402 -0.01820000052 -0.06590206525
v 0.1112137836 -0.01820000052 -0.06484770055
v 0.1114379731 -0.01820000052 -0.06472366525
v 0.1183756978 -0.01825000048 -0.1281122152
v 0.119481557 -0.01825000048 -0.1267017862
v 0.1190134287 -0.01825000048 -0.124971736
v 0.117347244 -0.01825000048 -0.1243113862
v 0.1158210473 -0.01825000048 -0.1252510394
v 0.1156604564 -0.01825000048 -0.1270360987
v 0.1169944343 -0.01825000048 -0.1282330625
v 0.1169944343 -0.01820000052 -0.1282330625
v 0.1158975359 -0.01820000052 -0.1274710548
v 0.1155248854 -0.01820000052 -0.1261884923
v 0.1160426711 -0.01820000052 -0.1249573407
v 0.1172199858 -0.01820000052 -0.1243266452
v 0.1185317891 -0.01820000052 -0.1245776691
v 0.1193930684 -0.01820000052 -0.125598471
v 0.1194197307 -0.01820000052 -0.1269338105
v 0.1185998874 -0.01820000052 -0.12798818
v 0.1183756978 -0.01820000052 -0.1281122152
v 0.1128192366 -0.01975000024 -0.06460282275
v 0.1123663369 -0.01975000024 -0.06471022635
v 0.1119026414 -0.01975000024 -0.06475079645
v 0.1114379731 -0.01975000024 -0.06472366525
v 0.1103321139 -0.01975000024 -0.06613409425
v 0.1108002423 -0.01975000024 -0.06786414455
v 0.1124664269 -0.01975000024 -0.06852449435
v 0.1139926237 -0.01975000024 -0.06758484585
v 0.1141532145 -0.01975000024 -0.06579978655
v 0.1112959171 -0.01975000024 -0.06661926485
v 0.1119013793 -0.01975000024 -0.06561160195
v 0.1130468189 -0.01975000024 -0.06587604435
v 0.113149279 -0.01975000024 -0.06704713715
v 0.1120671599 -0.01975000024 -0.06750647625
v 0.0774215941 -0.01820000052 -0.09536598645
v 0.0775604119 -0.01820000052 -0.09590300495
v 0.0779640648 -0.01820000052 -0.09628343925
v 0.0785083555 -0.01820000052 -0.09639023555
v 0.0785083555 -0.01980000019 -0.09639023555
v 0.0779640648 -0.01980000019 -0.09628343925
v 0.0775604119 -0.01980000019 -0.09590300495
v 0.0774215941 -0.01980000019 -0.09536598645
v 0.1467219578 -0.01975000024 -0.09433034145
v 0.1466145494 -0.01975000024 -0.09387743695
v 0.1465739793 -0.01975000024 -0.09341374625
v 0.1466011081 -0.01975000024 -0.09294907315
v 0.1451906839 -0.01975000024 -0.09184321875
v 0.1434606312 -0.01975000024 -0.09231134715
v 0.1428002838 -0.01975000024 -0.09397753175
v 0.1437399347 -0.01975000024 -0.09550372845
v 0.1455249915 -0.01975000024 -0.09566431935
v 0.1437964776 -0.01975000024 -0.09389037365
v 0.1444019398 -0.01975000024 -0.09288271085
v 0.1455473794 -0.01975000024 -0.09314715315
v 0.1456498395 -0.01975000024 -0.09431825075
v 0.1445677227 -0.01975000024 -0.09477758505
v 0.1128192366 -0.01975000024 -0.06460282275
v 0.1128192366 -0.01980000019 -0.06460282275
v 0.1140526319 -0.01980000019 -0.06387840955
v 0.1148471883 -0.01980000019 -0.06268899515
v 0.1150441482 -0.01980000019 -0.06127222575
v 0.1150441482 -0.01820000052 -0.06127222575
v 0.1148471883 -0.01820000052 -0.06268899515
v 0.1140526319 -0.01820000052 -0.06387840955
v 0.1128192366 -0.01820000052 -0.06460282275
v 0.1128192366 -0.01825000048 -0.06460282275
v 0.1123663369 -0.01825000048 -0.06471022635
v 0.1119026414 -0.01825000048 -0.06475079645
v 0.1114379731 -0.01825000048 -0.06472366525
v 0.1114379731 -0.01820000052 -0.06472366525
v 0.1113221446 -0.01820000052 -0.06470623235
v 0.1112070313 -0.01820000052 -0.06468456505
v 0.1110927906 -0.01820000052 -0.06465870155
v 0.1110927906 -0.01980000019 -0.06465870155
v 0.1112070313 -0.01980000019 -0.06468456505
v 0.1113221446 -0.01980000019 -0.06470623235
v 0.1114379731 -0.01980000019 -0.06472366525
v 0.1114379731 -0.01975000024 -0.06472366525
v 0.1119026414 -0.01975000024 -0.06475079645
v 0.1123663369 -0.01975000024 -0.06471022635
v 0.08309171798 -0.01980000019 -0.09850553915
v 0.08309171798 -0.01975000024 -0.09850553915
v 0.08428868181 -0.01975000024 -0.09717156125
v 0.08607374106 -0.01975000024 -0.09733215205
v 0.08701338951 -0.01975000024 -0.09885834885
v 0.08635303973 -0.01975000024 -0.1005245334
v 0.08462298951 -0.01975000024 -0.1009926618
v 0.08321256047 -0.01975000024 -0.09988680265
v 0.08321256047 -0.01980000019 -0.09988680265
v 0.08333659575 -0.01980000019 -0.1001109921
v 0.08439096998 -0.01980000019 -0.1009308355
v 0.08572630471 -0.01980000019 -0.1009041732
v 0.08674710665 -0.01980000019 -0.1000428938
v 0.0869981305 -0.01980000019 -0.09873109055
v 0.086367435 -0.01980000019 -0.09755377595
v 0.08513628823 -0.01980000019 -0.09703599015
v 0.0838537209 -0.01980000019 -0.09740864065
v 0.08007926593 -0.01820000052 -0.1067020175
v 0.0795453995 -0.01820000052 -0.1069333893
v 0.0792307069 -0.01820000052 -0.1074227869
v 0.0792417133 -0.01820000052 -0.1080045283
v 0.0792417133 -0.01980000019 -0.1080045283
v 0.0792307069 -0.01980000019 -0.1074227869
v 0.0795453995 -0.01980000019 -0.1069333893
v 0.08007926593 -0.01980000019 -0.1067020175
v 0.1169944343 -0.01975000024 -0.1282330625
v 0.1174473388 -0.01975000024 -0.1281256541
v 0.1179110295 -0.01975000024 -0.128085084
v 0.1183756978 -0.01975000024 -0.1281122152
v 0.119481557 -0.01975000024 -0.1267017862
v 0.1190134287 -0.01975000024 -0.124971736
v 0.117347244 -0.01975000024 -0.1243113862
v 0.1158210473 -0.01975000024 -0.1252510394
v 0.1156604564 -0.01975000024 -0.1270360987
v 0.1165253664 -0.01975000024 -0.1263909317
v 0.1171308286 -0.01975000024 -0.1253832736
v 0.1182762682 -0.01975000024 -0.1256477159
v 0.1183787283 -0.01975000024 -0.1268188135
v 0.1172966091 -0.01975000024 -0.1272781479
v 0.1467219578 -0.01825000048 -0.09433034145
v 0.1466145494 -0.01825000048 -0.09387743695
v 0.1465739793 -0.01825000048 -0.09341374625
v 0.1466011081 -0.01825000048 -0.09294907315
v 0.1466011081 -0.01820000052 -0.09294907315
v 0.1466185459 -0.01820000052 -0.09283324935
v 0.1466402084 -0.01820000052 -0.09271813605
v 0.1466660694 -0.01820000052 -0.09260389535
v 0.1466660694 -0.01980000019 -0.09260389535
v 0.1466402084 -0.01980000019 -0.09271813605
v 0.1466185459 -0.01980000019 -0.09283324935
v 0.1466011081 -0.01980000019 -0.09294907315
v 0.1466011081 -0.01975000024 -0.09294907315
v 0.1465739793 -0.01975000024 -0.09341374625
v 0.1466145494 -0.01975000024 -0.09387743695
v 0.1467219578 -0.01975000024 -0.09433034145
v 0.1467219578 -0.01980000019 -0.09433034145
v 0.1474463638 -0.01980000019 -0.09556373665
v 0.1486357782 -0.01980000019 -0.09635829315
v 0.1500525476 -0.01980000019 -0.09655524825
v 0.1500525476 -0.01820000052 -0.09655524825
v 0.1486357782 -0.01820000052 -0.09635829315
v 0.1474463638 -0.01820000052 -0.09556373665
v 0.1467219578 -0.01820000052 -0.09433034145
v 0.1002684458 -0.01980000019 -0.07108085875
v 0.08741271877 -0.01980000019 -0.08640177365
v 0.08079249265 -0.01980000019 -0.08084676595
v 0.0790247606 -0.01980000019 -0.08552177585
v 0.0778944267 -0.01980000019 -0.09039034245
v 0.0774215941 -0.01980000019 -0.09536598645
v 0.0775604119 -0.01980000019 -0.09590300495
v 0.0779640648 -0.01980000019 -0.09628343925
v 0.0785083555 -0.01980000019 -0.09639023555
v 0.079761121 -0.01980000019 -0.09628062755
v 0.08117789034 -0.01980000019 -0.09647758745
v 0.0823673048 -0.01980000019 -0.09727214385
v 0.08309171798 -0.01980000019 -0.09850553915
v 0.0838537209 -0.01980000019 -0.09740864065
v 0.08513628823 -0.01980000019 -0.09703599015
v 0.086367435 -0.01980000019 -0.09755377595
v 0.0869981305 -0.01980000019 -0.09873109055
v 0.08674710665 -0.01980000019 -0.1000428938
v 0.08572630471 -0.01980000019 -0.1009041732
v 0.08439096998 -0.01980000019 -0.1009308355
v 0.08333659575 -0.01980000019 -0.1001109921
v 0.08321256047 -0.01980000019 -0.09988680265
v 0.08319512751 -0.01980000019 -0.1000026311
v 0.08317346023 -0.01980000019 -0.1001177397
v 0.08314759679 -0.01980000019 -0.1002319851
v 0.08196598367 -0.01980000019 -0.1050411665
v 0.08158583142 -0.01980000019 -0.1058411521
v 0.08092100701 -0.01980000019 -0.1064263898
v 0.08007926593 -0.01980000019 -0.1067020175
v 0.0795453995 -0.01980000019 -0.1069333893
v 0.0792307069 -0.01980000019 -0.1074227869
v 0.0792417133 -0.01980000019 -0.1080045283
v 0.08234289327 -0.01980000019 -0.1150147014
v 0.08680474579 -0.01980000019 -0.1212478135
v 0.0924408366 -0.01980000019 -0.1264434118
v 0.09901567453 -0.01980000019 -0.1303844069
v 0.1062545105 -0.01980000019 -0.1329061189
v 0.1138548817 -0.01980000019 -0.1339031816
v 0.114391905 -0.01980000019 -0.1337643614
v 0.1147723345 -0.01980000019 -0.1333607109
v 0.1148791307 -0.01980000019 -0.1328164178
v 0.1147695275 -0.01980000019 -0.1315636524
v 0.1149664826 -0.01980000019 -0.130146883
v 0.1157610391 -0.01980000019 -0.1289574661
v 0.1169944343 -0.01980000019 -0.1282330625
v 0.1158975359 -0.01980000019 -0.1274710548
v 0.1155248854 -0.01980000019 -0.1261884923
v 0.1160426711 -0.01980000019 -0.1249573407
v 0.1172199858 -0.01980000019 -0.1243266452
v 0.1185317891 -0.01980000019 -0.1245776691
v 0.1193930684 -0.01980000019 -0.125598471
v 0.1194197307 -0.01980000019 -0.1269338105
v 0.1185998874 -0.01980000019 -0.12798818
v 0.1183756978 -0.01980000019 -0.1281122152
v 0.1184915264 -0.01980000019 -0.1281296482
v 0.1186066397 -0.01980000019 -0.1281513107
v 0.1187208804 -0.01980000019 -0.1281771742
v 0.1235300618 -0.01980000019 -0.129358792
v 0.1243300474 -0.01980000019 -0.1297389443
v 0.1249152851 -0.01980000019 -0.1304037711
v 0.1251909127 -0.01980000019 -0.1312455098
v 0.1254222846 -0.01980000019 -0.1317793739
v 0.1259116822 -0.01980000019 -0.1320940712
v 0.1264934283 -0.01980000019 -0.1320830624
v 0.1317118302 -0.01980000019 -0.1299416944
v 0.1365500152 -0.01980000019 -0.1270418317
v 0.1408985087 -0.01980000019 -0.123449085
v 0.1383812411 -0.01980000019 -0.1213368534
v 0.1435235305 -0.01980000019 -0.1152084903
v 0.1460407981 -0.01980000019 -0.1173207219
v 0.149394929 -0.01980000019 -0.1111427947
v 0.1515371153 -0.01980000019 -0.1044474251
v 0.1523920792 -0.01980000019 -0.09746989405
v 0.1522532567 -0.01980000019 -0.09693287075
v 0.1518496062 -0.01980000019 -0.09655244125
v 0.1513053131 -0.01980000019 -0.09644564505
v 0.1500525476 -0.01980000019 -0.09655524825
v 0.1486357782 -0.01980000019 -0.09635829315
v 0.1474463638 -0.01980000019 -0.09556373665
v 0.1467219578 -0.01980000019 -0.09433034145
v 0.1459599524 -0.01980000019 -0.09542723985
v 0.1446773875 -0.01980000019 -0.09579989035
v 0.143446236 -0.01980000019 -0.09528210465
v 0.1428155405 -0.01980000019 -0.09410479005
v 0.1430665667 -0.01980000019 -0.09279298675
v 0.1440873663 -0.01980000019 -0.09193170735
v 0.1454227058 -0.01980000019 -0.09190504505
v 0.1464770752 -0.01980000019 -0.09272488835
v 0.1466011081 -0.01980000019 -0.09294907315
v 0.1466185459 -0.01980000019 -0.09283324935
v 0.1466402084 -0.01980000019 -0.09271813605
v 0.1466660694 -0.01980000019 -0.09260389535
v 0.1478476873 -0.01980000019 -0.08779470925
v 0.1482278395 -0.01980000019 -0.08699472845
v 0.1488926663 -0.01980000019 -0.08640948595
v 0.149734405 -0.01980000019 -0.08613386305
v 0.1502682715 -0.01980000019 -0.08590249115
v 0.1505829689 -0.01980000019 -0.08541309355
v 0.1505719577 -0.01980000019 -0.08483135225
v 0.1474707801 -0.01980000019 -0.07782117435
v 0.1430089252 -0.01980000019 -0.07158806225
v 0.1373728296 -0.01980000019 -0.06639246395
v 0.1307980012 -0.01980000019 -0.06245147365
v 0.1235591605 -0.01980000019 -0.05992976165
v 0.1159587893 -0.01980000019 -0.05893269895
v 0.1154217708 -0.01980000019 -0.05907151675
v 0.1150413365 -0.01980000019 -0.05947516955
v 0.1149345402 -0.01980000019 -0.06001946025
v 0.1150441482 -0.01980000019 -0.06127222575
v 0.1148471883 -0.01980000019 -0.06268899515
v 0.1140526319 -0.01980000019 -0.06387840955
v 0.1128192366 -0.01980000019 -0.06460282275
v 0.1139161351 -0.01980000019 -0.06536482565
v 0.1142887856 -0.01980000019 -0.06664738345
v 0.1137709998 -0.01980000019 -0.06787853975
v 0.1125936852 -0.01980000019 -0.06850923525
v 0.1112818819 -0.01980000019 -0.06825821145
v 0.1104206025 -0.01980000019 -0.06723740945
v 0.1103939402 -0.01980000019 -0.06590206525
v 0.1112137836 -0.01980000019 -0.06484770055
v 0.1114379731 -0.01980000019 -0.06472366525
v 0.1113221446 -0.01980000019 -0.06470623235
v 0.1112070313 -0.01980000019 -0.06468456505
v 0.1110927906 -0.01980000019 -0.06465870155
v 0.1062836092 -0.01980000019 -0.06347708845
v 0.1054836236 -0.01980000019 -0.06309693625
v 0.1048983859 -0.01980000019 -0.06243211175
v 0.1046227582 -0.01980000019 -0.06159037075
v 0.1043913864 -0.01980000019 -0.06105650425
v 0.1039019888 -0.01980000019 -0.06074181165
v 0.1033202475 -0.01980000019 -0.06075281805
v 0.0999479238 -0.01980000019 -0.06203071895
v 0.0967139407 -0.01980000019 -0.06362665095
v 0.09364821489 -0.01980000019 -0.06552585105
v 0.1169944343 -0.01975000024 -0.1282330625
v 0.1169944343 -0.01980000019 -0.1282330625
v 0.1157610391 -0.01980000019 -0.1289574661
v 0.1149664826 -0.01980000019 -0.130146883
v 0.1147695275 -0.01980000019 -0.1315636524
v 0.1147695275 -0.01820000052 -0.1315636524
v 0.1149664826 -0.01820000052 -0.130146883
v 0.1157610391 -0.01820000052 -0.1289574661
v 0.1169944343 -0.01820000052 -0.1282330625
v 0.1169944343 -0.01825000048 -0.1282330625
v 0.1174473388 -0.01825000048 -0.1281256541
v 0.1179110295 -0.01825000048 -0.128085084
v 0.1183756978 -0.01825000048 -0.1281122152
v 0.1183756978 -0.01820000052 -0.1281122152
v 0.1184915264 -0.01820000052 -0.1281296482
v 0.1186066397 -0.01820000052 -0.1281513107
v 0.1187208804 -0.01820000052 -0.1281771742
v 0.1187208804 -0.01980000019 -0.1281771742
v 0.1186066397 -0.01980000019 -0.1281513107
v 0.1184915264 -0.01980000019 -0.1281296482
v 0.1183756978 -0.01980000019 -0.1281122152
v 0.1183756978 -0.01975000024 -0.1281122152
v 0.1179110295 -0.01975000024 -0.128085084
v 0.1174473388 -0.01975000024 -0.1281256541
v 0.08309171798 -0.01975000024 -0.09850553915
v 0.08319912157 -0.01975000024 -0.09895843885
v 0.08323969169 -0.01975000024 -0.09942213435
v 0.08321256047 -0.01975000024 -0.09988680265
v 0.08462298951 -0.01975000024 -0.1009926618
v 0.08635303973 -0.01975000024 -0.1005245334
v 0.08701338951 -0.01975000024 -0.09885834885
v 0.08607374106 -0.01975000024 -0.09733215205
v 0.08428868181 -0.01975000024 -0.09717156125
v 0.08402480354 -0.01975000024 -0.09911982295
v 0.08463027053 -0.01975000024 -0.09811216005
v 0.08577571014 -0.01975000024 -0.09837660245
v 0.08587816542 -0.01975000024 -0.09954769995
v 0.08479605106 -0.01975000024 -0.1000070343
v 0.1165253664 -0.01825000048 -0.1263909317
v 0.1171308286 -0.01825000048 -0.1253832736
v 0.1182762682 -0.01825000048 -0.1256477159
v 0.1183787283 -0.01825000048 -0.1268188135
v 0.1172966091 -0.01825000048 -0.1272781479
v 0.1165253664 -0.01975000024 -0.1263909317
v 0.1172966091 -0.01975000024 -0.1272781479
v 0.1183787283 -0.01975000024 -0.1268188135
v 0.1182762682 -0.01975000024 -0.1256477159
v 0.1171308286 -0.01975000024 -0.1253832736
v 0.1183787283 -0.01975000024 -0.1268188135
v 0.1183787283 -0.01825000048 -0.1268188135
v 0.08321256047 -0.01825000048 -0.09988680265
v 0.08323969169 -0.01825000048 -0.09942213435
v 0.08319912157 -0.01825000048 -0.09895843885
v 0.08309171798 -0.01825000048 -0.09850553915
v 0.08428868181 -0.01825000048 -0.09717156125
v 0.08607374106 -0.01825000048 -0.09733215205
v 0.08701338951 -0.01825000048 -0.09885834885
v 0.08635303973 -0.01825000048 -0.1005245334
v 0.08462298951 -0.01825000048 -0.1009926618
v 0.08402480354 -0.01825000048 -0.09911982295
v 0.08479605106 -0.01825000048 -0.1000070343
v 0.08587816542 -0.01825000048 -0.09954769995
v 0.08577571014 -0.01825000048 -0.09837660245
v 0.08463027053 -0.01825000048 -0.09811216005
v 0.1437964776 -0.01825000048 -0.09389037365
v 0.1444019398 -0.01825000048 -0.09288271085
v 0.1455473794 -0.01825000048 -0.09314715315
v 0.1456498395 -0.01825000048 -0.09431825075
v 0.1445677227 -0.01825000048 -0.09477758505
v 0.1437964776 -0.01975000024 -0.09389037365
v 0.1445677227 -0.01975000024 -0.09477758505
v 0.1456498395 -0.01975000024 -0.09431825075
v 0.1455473794 -0.01975000024 -0.09314715315
v 0.1444019398 -0.01975000024 -0.09288271085
v 0.1456498395 -0.01975000024 -0.09431825075
v 0.1456498395 -0.01825000048 -0.09431825075
v 0.1147695275 -0.01980000019 -0.1315636524
v 0.1148791307 -0.01980000019 -0.1328164178
v 0.1148791307 -0.01820000052 -0.1328164178
v 0.1147695275 -0.01820000052 -0.1315636524
v 0.08141671789 -0.01820000052 -0.07954601025
v 0.09247562611 -0.01820000052 -0.06636646935
v 0.09587889477 -0.01820000052 -0.06410405225
v 0.0995081277 -0.01820000052 -0.06222540285
v 0.1033202475 -0.01820000052 -0.06075281805
v 0.1039019888 -0.01820000052 -0.06074181165
v 0.1043913864 -0.01820000052 -0.06105650425
v 0.1046227582 -0.01820000052 -0.06159037075
v 0.1048983859 -0.01820000052 -0.06243211175
v 0.1054836236 -0.01820000052 -0.06309693625
v 0.1062836092 -0.01820000052 -0.06347708845
v 0.1110927906 -0.01820000052 -0.06465870155
v 0.1112070313 -0.01820000052 -0.06468456505
v 0.1113221446 -0.01820000052 -0.06470623235
v 0.1114379731 -0.01820000052 -0.06472366525
v 0.1112137836 -0.01820000052 -0.06484770055
v 0.1103939402 -0.01820000052 -0.06590206525
v 0.1104206025 -0.01820000052 -0.06723740945
v 0.1112818819 -0.01820000052 -0.06825821145
v 0.1125936852 -0.01820000052 -0.06850923525
v 0.1137709998 -0.01820000052 -0.06787853975
v 0.1142887856 -0.01820000052 -0.06664738345
v 0.1139161351 -0.01820000052 -0.06536482565
v 0.1128192366 -0.01820000052 -0.06460282275
v 0.1140526319 -0.01820000052 -0.06387840955
v 0.1148471883 -0.01820000052 -0.06268899515
v 0.1150441482 -0.01820000052 -0.06127222575
v 0.1149345402 -0.01820000052 -0.06001946025
v 0.1150413365 -0.01820000052 -0.05947516955
v 0.1154217708 -0.01820000052 -0.05907151675
v 0.1159587893 -0.01820000052 -0.05893269895
v 0.1235591605 -0.01820000052 -0.05992976165
v 0.1307980012 -0.01820000052 -0.06245147365
v 0.1373728296 -0.01820000052 -0.06639246395
v 0.1430089252 -0.01820000052 -0.07158806225
v 0.1474707801 -0.01820000052 -0.07782117435
v 0.1505719577 -0.01820000052 -0.08483135225
v 0.1505829689 -0.01820000052 -0.08541309355
v 0.1502682715 -0.01820000052 -0.08590249115
v 0.149734405 -0.01820000052 -0.08613386305
v 0.1488926663 -0.01820000052 -0.08640948595
v 0.1482278395 -0.01820000052 -0.08699472845
v 0.1478476873 -0.01820000052 -0.08779470925
v 0.1466660694 -0.01820000052 -0.09260389535
v 0.1466402084 -0.01820000052 -0.09271813605
v 0.1466185459 -0.01820000052 -0.09283324935
v 0.1466011081 -0.01820000052 -0.09294907315
v 0.1464770752 -0.01820000052 -0.09272488835
v 0.1454227058 -0.01820000052 -0.09190504505
v 0.1440873663 -0.01820000052 -0.09193170735
v 0.1430665667 -0.01820000052 -0.09279298675
v 0.1428155405 -0.01820000052 -0.09410479005
v 0.143446236 -0.01820000052 -0.09528210465
v 0.1446773875 -0.01820000052 -0.09579989035
v 0.1459599524 -0.01820000052 -0.09542723985
v 0.1467219578 -0.01820000052 -0.09433034145
v 0.1474463638 -0.01820000052 -0.09556373665
v 0.1486357782 -0.01820000052 -0.09635829315
v 0.1500525476 -0.01820000052 -0.09655524825
v 0.1513053131 -0.01820000052 -0.09644564505
v 0.1518496062 -0.01820000052 -0.09655244125
v 0.1522532567 -0.01820000052 -0.09693287075
v 0.1523920792 -0.01820000052 -0.09746989405
v 0.1515371153 -0.01820000052 -0.1044474251
v 0.149394929 -0.01820000052 -0.1111427947
v 0.1460407981 -0.01820000052 -0.1173207219
v 0.1435235305 -0.01820000052 -0.1152084903
v 0.1383812411 -0.01820000052 -0.1213368534
v 0.1408985087 -0.01820000052 -0.123449085
v 0.1365500152 -0.01820000052 -0.1270418317
v 0.1317118302 -0.01820000052 -0.1299416944
v 0.1264934283 -0.01820000052 -0.1320830624
v 0.1259116822 -0.01820000052 -0.1320940712
v 0.1254222846 -0.01820000052 -0.1317793739
v 0.1251909127 -0.01820000052 -0.1312455098
v 0.1249152851 -0.01820000052 -0.1304037711
v 0.1243300474 -0.01820000052 -0.1297389443
v 0.1235300618 -0.01820000052 -0.129358792
v 0.1187208804 -0.01820000052 -0.1281771742
v 0.1186066397 -0.01820000052 -0.1281513107
v 0.1184915264 -0.01820000052 -0.1281296482
v 0.1183756978 -0.01820000052 -0.1281122152
v 0.1185998874 -0.01820000052 -0.12798818
v 0.1194197307 -0.01820000052 -0.1269338105
v 0.1193930684 -0.01820000052 -0.125598471
v 0.1185317891 -0.01820000052 -0.1245776691
v 0.1172199858 -0.01820000052 -0.1243266452
v 0.1160426711 -0.01820000052 -0.1249573407
v 0.1155248854 -0.01820000052 -0.1261884923
v 0.1158975359 -0.01820000052 -0.1274710548
v 0.1169944343 -0.01820000052 -0.1282330625
v 0.1157610391 -0.01820000052 -0.1289574661
v 0.1149664826 -0.01820000052 -0.130146883
v 0.1147695275 -0.01820000052 -0.1315636524
v 0.1148791307 -0.01820000052 -0.1328164178
v 0.1147723345 -0.01820000052 -0.1333607109
v 0.114391905 -0.01820000052 -0.1337643614
v 0.1138548817 -0.01820000052 -0.1339031816
v 0.1062545105 -0.01820000052 -0.1329061189
v 0.09901567453 -0.01820000052 -0.1303844069
v 0.0924408366 -0.01820000052 -0.1264434118
v 0.08680474579 -0.01820000052 -0.1212478135
v 0.08234289327 -0.01820000052 -0.1150147014
v 0.0792417133 -0.01820000052 -0.1080045283
v 0.0792307069 -0.01820000052 -0.1074227869
v 0.0795453995 -0.01820000052 -0.1069333893
v 0.08007926593 -0.01820000052 -0.1067020175
v 0.08092100701 -0.01820000052 -0.1064263898
v 0.08158583142 -0.01820000052 -0.1058411521
v 0.08196598367 -0.01820000052 -0.1050411665
v 0.08314759679 -0.01820000052 -0.1002319851
v 0.08317346023 -0.01820000052 -0.1001177397
v 0.08319512751 -0.01820000052 -0.1000026311
v 0.08321256047 -0.01820000052 -0.09988680265
v 0.08333659575 -0.01820000052 -0.1001109921
v 0.08439096998 -0.01820000052 -0.1009308355
v 0.08572630471 -0.01820000052 -0.1009041732
v 0.08674710665 -0.01820000052 -0.1000428938
v 0.0869981305 -0.01820000052 -0.09873109055
v 0.086367435 -0.01820000052 -0.09755377595
v 0.08513628823 -0.01820000052 -0.09703599015
v 0.0838537209 -0.01820000052 -0.09740864065
v 0.08309171798 -0.01820000052 -0.09850553915
v 0.0823673048 -0.01820000052 -0.09727214385
v 0.08117789034 -0.01820000052 -0.09647758745
v 0.079761121 -0.01820000052 -0.09628062755
v 0.0785083555 -0.01820000052 -0.09639023555
v 0.0779640648 -0.01820000052 -0.09628343925
v 0.0775604119 -0.01820000052 -0.09590300495
v 0.0774215941 -0.01820000052 -0.09536598645
v 0.0779747824 -0.01820000052 -0.08991615165
v 0.0793160302 -0.01820000052 -0.08460504645
v 0.1435235305 -0.01820000052 -0.1152084903
v 0.1460407981 -0.01820000052 -0.1173207219
v 0.1460407981 -0.01980000019 -0.1173207219
v 0.1435235305 -0.01980000019 -0.1152084903
v 0.1114379731 -0.01825000048 -0.06472366525
v 0.1119026414 -0.01825000048 -0.06475079645
v 0.1123663369 -0.01825000048 -0.06471022635
v 0.1128192366 -0.01825000048 -0.06460282275
v 0.1141532145 -0.01825000048 -0.06579978655
v 0.1139926237 -0.01825000048 -0.06758484585
v 0.1124664269 -0.01825000048 -0.06852449435
v 0.1108002423 -0.01825000048 -0.06786414455
v 0.1103321139 -0.01825000048 -0.06613409425
v 0.1112959171 -0.01825000048 -0.06661926485
v 0.1120671599 -0.01825000048 -0.06750647625
v 0.113149279 -0.01825000048 -0.06704713715
v 0.1130468189 -0.01825000048 -0.06587604435
v 0.1119013793 -0.01825000048 -0.06561160195
v 0.1112959171 -0.01825000048 -0.06661926485
v 0.1119013793 -0.01825000048 -0.06561160195
v 0.1130468189 -0.01825000048 -0.06587604435
v 0.113149279 -0.01825000048 -0.06704713715
v 0.1120671599 -0.01825000048 -0.06750647625
v 0.1112959171 -0.01975000024 -0.06661926485
v 0.1120671599 -0.01975000024 -0.06750647625
v 0.113149279 -0.01975000024 -0.06704713715
v 0.1130468189 -0.01975000024 -0.06587604435
v 0.1119013793 -0.01975000024 -0.06561160195
v 0.113149279 -0.01975000024 -0.06704713715
v 0.113149279 -0.01825000048 -0.06704713715
v 0.1148791307 -0.01980000019 -0.1328164178
v 0.1147723345 -0.01980000019 -0.1333607109
v 0.114391905 -0.01980000019 -0.1337643614
v 0.1138548817 -0.01980000019 -0.1339031816
v 0.1138548817 -0.01820000052 -0.1339031816
v 0.114391905 -0.01820000052 -0.1337643614
v 0.1147723345 -0.01820000052 -0.1333607109
v 0.1148791307 -0.01820000052 -0.1328164178
v 0.1062836092 -0.01980000019 -0.06347708845
v 0.1110927906 -0.01980000019 -0.06465870155
v 0.1110927906 -0.01820000052 -0.06465870155
v 0.1062836092 -0.01820000052 -0.06347708845
v 0.1150441482 -0.01980000019 -0.06127222575
v 0.1149345402 -0.01980000019 -0.06001946025
v 0.1149345402 -0.01820000052 -0.06001946025
v 0.1150441482 -0.01820000052 -0.06127222575
v 0.1383812411 -0.01820000052 -0.1213368534
v 0.1435235305 -0.01820000052 -0.1152084903
v 0.1435235305 -0.01980000019 -0.1152084903
v 0.1383812411 -0.01980000019 -0.1213368534
v 0.1183756978 -0.01825000048 -0.1281122152
v 0.1179110295 -0.01825000048 -0.128085084
v 0.1174473388 -0.01825000048 -0.1281256541
v 0.1169944343 -0.01825000048 -0.1282330625
v 0.1156604564 -0.01825000048 -0.1270360987
v 0.1158210473 -0.01825000048 -0.1252510394
v 0.117347244 -0.01825000048 -0.1243113862
v 0.1190134287 -0.01825000048 -0.124971736
v 0.119481557 -0.01825000048 -0.1267017862
v 0.1165253664 -0.01825000048 -0.1263909317
v 0.1172966091 -0.01825000048 -0.1272781479
v 0.1183787283 -0.01825000048 -0.1268188135
v 0.1182762682 -0.01825000048 -0.1256477159
v 0.1171308286 -0.01825000048 -0.1253832736
v 0.1478476873 -0.01980000019 -0.08779470925
v 0.1466660694 -0.01980000019 -0.09260389535
v 0.1466660694 -0.01820000052 -0.09260389535
v 0.1478476873 -0.01820000052 -0.08779470925
v 0.08402480354 -0.01825000048 -0.09911982295
v 0.08463027053 -0.01825000048 -0.09811216005
v 0.08577571014 -0.01825000048 -0.09837660245
v 0.08587816542 -0.01825000048 -0.09954769995
v 0.08479605106 -0.01825000048 -0.1000070343
v 0.08402480354 -0.01975000024 -0.09911982295
v 0.08479605106 -0.01975000024 -0.1000070343
v 0.08587816542 -0.01975000024 -0.09954769995
v 0.08577571014 -0.01975000024 -0.09837660245
v 0.08463027053 -0.01975000024 -0.09811216005
v 0.08587816542 -0.01975000024 -0.09954769995
v 0.08587816542 -0.01825000048 -0.09954769995
v 0.1466011081 -0.01825000048 -0.09294907315
v 0.1465739793 -0.01825000048 -0.09341374625
v 0.1466145494 -0.01825000048 -0.09387743695
v 0.1467219578 -0.01825000048 -0.09433034145
v 0.1455249915 -0.01825000048 -0.09566431935
v 0.1437399347 -0.01825000048 -0.09550372845
v 0.1428002838 -0.01825000048 -0.09397753175
v 0.1434606312 -0.01825000048 -0.09231134715
v 0.1451906839 -0.01825000048 -0.09184321875
v 0.1437964776 -0.01825000048 -0.09389037365
v 0.1445677227 -0.01825000048 -0.09477758505
v 0.1456498395 -0.01825000048 -0.09431825075
v 0.1455473794 -0.01825000048 -0.09314715315
v 0.1444019398 -0.01825000048 -0.09288271085
v 0.1500525476 -0.01980000019 -0.09655524825
v 0.1513053131 -0.01980000019 -0.09644564505
v 0.1513053131 -0.01820000052 -0.09644564505
v 0.1500525476 -0.01820000052 -0.09655524825
v 0.1138548817 -0.01980000019 -0.1339031816
v 0.1062545105 -0.01980000019 -0.1329061189
v 0.09901567453 -0.01980000019 -0.1303844069
v 0.0924408366 -0.01980000019 -0.1264434118
v 0.08680474579 -0.01980000019 -0.1212478135
v 0.08234289327 -0.01980000019 -0.1150147014
v 0.0792417133 -0.01980000019 -0.1080045283
v 0.0792417133 -0.01820000052 -0.1080045283
v 0.08234289327 -0.01820000052 -0.1150147014
v 0.08680474579 -0.01820000052 -0.1212478135
v 0.0924408366 -0.01820000052 -0.1264434118
v 0.09901567453 -0.01820000052 -0.1303844069
v 0.1062545105 -0.01820000052 -0.1329061189
v 0.1138548817 -0.01820000052 -0.1339031816
v 0.08741271877 -0.01980000019 -0.08640177365
v 0.1002684458 -0.01980000019 -0.07108085875
v 0.1002684458 -0.02480000019 -0.07108085875
v 0.08741271877 -0.02480000019 -0.08640177365
v 0.1149345402 -0.01980000019 -0.06001946025
v 0.1150413365 -0.01980000019 -0.05947516955
v 0.1154217708 -0.01980000019 -0.05907151675
v 0.1159587893 -0.01980000019 -0.05893269895
v 0.1159587893 -0.01820000052 -0.05893269895
v 0.1154217708 -0.01820000052 -0.05907151675
v 0.1150413365 -0.01820000052 -0.05947516955
v 0.1149345402 -0.01820000052 -0.06001946025
v 0.1408985087 -0.01820000052 -0.123449085
v 0.1383812411 -0.01820000052 -0.1213368534
v 0.1383812411 -0.01980000019 -0.1213368534
v 0.1408985087 -0.01980000019 -0.123449085
v 0.1467219578 -0.01820000052 -0.09433034145
v 0.1459599524 -0.01820000052 -0.09542723985
v 0.1446773875 -0.01820000052 -0.09579989035
v 0.143446236 -0.01820000052 -0.09528210465
v 0.1428155405 -0.01820000052 -0.09410479005
v 0.1430665667 -0.01820000052 -0.09279298675
v 0.1440873663 -0.01820000052 -0.09193170735
v 0.1454227058 -0.01820000052 -0.09190504505
v 0.1464770752 -0.01820000052 -0.09272488835
v 0.1466011081 -0.01820000052 -0.09294907315
v 0.1466011081 -0.01825000048 -0.09294907315
v 0.1451906839 -0.01825000048 -0.09184321875
v 0.1434606312 -0.01825000048 -0.09231134715
v 0.1428002838 -0.01825000048 -0.09397753175
v 0.1437399347 -0.01825000048 -0.09550372845
v 0.1455249915 -0.01825000048 -0.09566431935
v 0.1467219578 -0.01825000048 -0.09433034145
v 0.1235300618 -0.01980000019 -0.129358792
v 0.1187208804 -0.01980000019 -0.1281771742
v 0.1187208804 -0.01820000052 -0.1281771742
v 0.1235300618 -0.01820000052 -0.129358792
v 0.1033202475 -0.01820000052 -0.06075281805
v 0.0995081277 -0.01820000052 -0.06222540285
v 0.09587889477 -0.01820000052 -0.06410405225
v 0.09247562611 -0.01820000052 -0.06636646935
v 0.09247562611 -0.01980000019 -0.06636646935
v 0.09286288414 -0.01980000019 -0.06608125325
v 0.09325377568 -0.01980000019 -0.06580103445
v 0.09364821489 -0.01980000019 -0.06552585105
v 0.0967139407 -0.01980000019 -0.06362665095
v 0.0999479238 -0.01980000019 -0.06203071895
v 0.1033202475 -0.01980000019 -0.06075281805
v 0.1513053131 -0.01980000019 -0.09644564505
v 0.1518496062 -0.01980000019 -0.09655244125
v 0.1522532567 -0.01980000019 -0.09693287075
v 0.1523920792 -0.01980000019 -0.09746989405
v 0.1523920792 -0.01820000052 -0.09746989405
v 0.1522532567 -0.01820000052 -0.09693287075
v 0.1518496062 -0.01820000052 -0.09655244125
v 0.1513053131 -0.01820000052 -0.09644564505
v 0.1046227582 -0.01980000019 -0.06159037075
v 0.1048983859 -0.01980000019 -0.06243211175
v 0.1054836236 -0.01980000019 -0.06309693625
v 0.1062836092 -0.01980000019 -0.06347708845
v 0.1062836092 -0.01820000052 -0.06347708845
v 0.1054836236 -0.01820000052 -0.06309693625
v 0.1048983859 -0.01820000052 -0.06243211175
v 0.1046227582 -0.01820000052 -0.06159037075
v 0.08007926593 -0.01980000019 -0.1067020175
v 0.08092100701 -0.01980000019 -0.1064263898
v 0.08158583142 -0.01980000019 -0.1058411521
v 0.08196598367 -0.01980000019 -0.1050411665
v 0.08196598367 -0.01820000052 -0.1050411665
v 0.08158583142 -0.01820000052 -0.1058411521
v 0.08092100701 -0.01820000052 -0.1064263898
v 0.08007926593 -0.01820000052 -0.1067020175
v 0.08079249265 -0.01980000019 -0.08084676595
v 0.08741271877 -0.01980000019 -0.08640177365
v 0.08741271877 -0.02480000019 -0.08640177365
v 0.08051831088 -0.02480000019 -0.08061669245
v 0.08051831088 -0.01980000019 -0.08061669245
v 0.09364821489 -0.01980000019 -0.06552585105
v 0.09337403312 -0.01980000019 -0.06529578715
v 0.09337403312 -0.02480000019 -0.06529578715
v 0.1002684458 -0.02480000019 -0.07108085875
v 0.1002684458 -0.01980000019 -0.07108085875
v 0.1159587893 -0.01980000019 -0.05893269895
v 0.1235591605 -0.01980000019 -0.05992976165
v 0.1307980012 -0.01980000019 -0.06245147365
v 0.1373728296 -0.01980000019 -0.06639246395
v 0.1430089252 -0.01980000019 -0.07158806225
v 0.1474707801 -0.01980000019 -0.07782117435
v 0.1505719577 -0.01980000019 -0.08483135225
v 0.1505719577 -0.01820000052 -0.08483135225
v 0.1474707801 -0.01820000052 -0.07782117435
v 0.1430089252 -0.01820000052 -0.07158806225
v 0.1373728296 -0.01820000052 -0.06639246395
v 0.1307980012 -0.01820000052 -0.06245147365
v 0.1235591605 -0.01820000052 -0.05992976165
v 0.1159587893 -0.01820000052 -0.05893269895
v 0.09247562611 -0.01820000052 -0.06636646935
v 0.08141671789 -0.01820000052 -0.07954601025
v 0.08141671789 -0.01980000019 -0.07954601025
v 0.08051831088 -0.01980000019 -0.08061669245
v 0.08051831088 -0.02480000019 -0.08061669245
v 0.09337403312 -0.02480000019 -0.06529578715
v 0.09337403312 -0.01980000019 -0.06529578715
v 0.09247562611 -0.01980000019 -0.06636646935
v 0.079761121 -0.01980000019 -0.09628062755
v 0.0785083555 -0.01980000019 -0.09639023555
v 0.0785083555 -0.01820000052 -0.09639023555
v 0.079761121 -0.01820000052 -0.09628062755
v 0.0774215941 -0.01980000019 -0.09536598645
v 0.0778944267 -0.01980000019 -0.09039034245
v 0.0790247606 -0.01980000019 -0.08552177585
v 0.08079249265 -0.01980000019 -0.08084676595
v 0.08099500463 -0.01980000019 -0.08041052635
v 0.08120308606 -0.01980000019 -0.07997691885
v 0.08141671789 -0.01980000019 -0.07954601025
v 0.08141671789 -0.01820000052 -0.07954601025
v 0.0793160302 -0.01820000052 -0.08460504645
v 0.0779747824 -0.01820000052 -0.08991615165
v 0.0774215941 -0.01820000052 -0.09536598645
v 0.08196598367 -0.01980000019 -0.1050411665
v 0.08314759679 -0.01980000019 -0.1002319851
v 0.08314759679 -0.01820000052 -0.1002319851
v 0.08196598367 -0.01820000052 -0.1050411665
v 0.149734405 -0.01980000019 -0.08613386305
v 0.1488926663 -0.01980000019 -0.08640948595
v 0.1482278395 -0.01980000019 -0.08699472845
v 0.1478476873 -0.01980000019 -0.08779470925
v 0.1478476873 -0.01820000052 -0.08779470925
v 0.1482278395 -0.01820000052 -0.08699472845
v 0.1488926663 -0.01820000052 -0.08640948595
v 0.149734405 -0.01820000052 -0.08613386305
v 0.1523920792 -0.01980000019 -0.09746989405
v 0.1515371153 -0.01980000019 -0.1044474251
v 0.149394929 -0.01980000019 -0.1111427947
v 0.1460407981 -0.01980000019 -0.1173207219
v 0.1460407981 -0.01820000052 -0.1173207219
v 0.149394929 -0.01820000052 -0.1111427947
v 0.1515371153 -0.01820000052 -0.1044474251
v 0.1523920792 -0.01820000052 -0.09746989405
v 0.1264934283 -0.01820000052 -0.1320830624
v 0.1317118302 -0.01820000052 -0.1299416944
v 0.1365500152 -0.01820000052 -0.1270418317
v 0.1408985087 -0.01820000052 -0.123449085
v 0.1408985087 -0.01980000019 -0.123449085
v 0.1365500152 -0.01980000019 -0.1270418317
v 0.1317118302 -0.01980000019 -0.1299416944
v 0.1264934283 -0.01980000019 -0.1320830624
v 0.1033202475 -0.01980000019 -0.06075281805
v 0.1039019888 -0.01980000019 -0.06074181165
v 0.1043913864 -0.01980000019 -0.06105650425
v 0.1046227582 -0.01980000019 -0.06159037075
v 0.1046227582 -0.01820000052 -0.06159037075
v 0.1043913864 -0.01820000052 -0.06105650425
v 0.1039019888 -0.01820000052 -0.06074181165
v 0.1033202475 -0.01820000052 -0.06075281805
v 0.08051831088 -0.02480000019 -0.08061669245
v 0.08741271877 -0.02480000019 -0.08640177365
v 0.1002684458 -0.02480000019 -0.07108085875
v 0.09337403312 -0.02480000019 -0.06529578715
v 0.1505719577 -0.01980000019 -0.08483135225
v 0.1505829689 -0.01980000019 -0.08541309355
v 0.1502682715 -0.01980000019 -0.08590249115
v 0.149734405 -0.01980000019 -0.08613386305
v 0.149734405 -0.01820000052 -0.08613386305
v 0.1502682715 -0.01820000052 -0.08590249115
v 0.1505829689 -0.01820000052 -0.08541309355
v 0.1505719577 -0.01820000052 -0.08483135225
v 0.09337403312 -0.01980000019 -0.06529578715
v 0.09364821489 -0.01980000019 -0.06552585105
v 0.09325377568 -0.01980000019 -0.06580103445
v 0.09286288414 -0.01980000019 -0.06608125325
v 0.09247562611 -0.01980000019 -0.06636646935
v 0.1251909127 -0.01980000019 -0.1312455098
v 0.1249152851 -0.01980000019 -0.1304037711
v 0.1243300474 -0.01980000019 -0.1297389443
v 0.1235300618 -0.01980000019 -0.129358792
v 0.1235300618 -0.01820000052 -0.129358792
v 0.1243300474 -0.01820000052 -0.1297389443
v 0.1249152851 -0.01820000052 -0.1304037711
v 0.1251909127 -0.01820000052 -0.1312455098
v 0.1264934283 -0.01980000019 -0.1320830624
v 0.1259116822 -0.01980000019 -0.1320940712
v 0.1254222846 -0.01980000019 -0.1317793739
v 0.1251909127 -0.01980000019 -0.1312455098
v 0.1251909127 -0.01820000052 -0.1312455098
v 0.1254222846 -0.01820000052 -0.1317793739
v 0.1259116822 -0.01820000052 -0.1320940712
v 0.1264934283 -0.01820000052 -0.1320830624
v 0.08051831088 -0.01980000019 -0.08061669245
v 0.08141671789 -0.01980000019 -0.07954601025
v 0.08120308606 -0.01980000019 -0.07997691885
v 0.08099500463 -0.01980000019 -0.08041052635
v 0.08079249265 -0.01980000019 -0.08084676595
v 0.0720744233 -0.03049999952 -0.09262528365
v 0.0737989466 -0.03049999952 -0.08380279665
v 0.0773200884 -0.03049999952 -0.07553165895
v 0.08248395486 -0.03049999952 -0.06817335635
v 0.08906485003 -0.03049999952 -0.06204946825
v 0.09677516525 -0.03049999952 -0.05742765335
v 0.1052779248 -0.03049999952 -0.05450990045
v 0.1142015107 -0.03049999952 -0.05342372605
v 0.1231559227 -0.03049999952 -0.05421660465
v 0.1317498108 -0.03049999952 -0.05685389005
v 0.1396075799 -0.03049999952 -0.06122031235
v 0.146385809 -0.03049999952 -0.06712503215
v 0.1517882554 -0.03049999952 -0.07431000495
v 0.1555788057 -0.03049999952 -0.08246119575
v 0.1575917963 -0.03049999952 -0.09122235975
v 0.1577392501 -0.03049999952 -0.1002105968
v 0.156014722 -0.03049999952 -0.1090330791
v 0.1524935802 -0.03049999952 -0.1173042168
v 0.1473297185 -0.03049999952 -0.1246625242
v 0.1407488209 -0.03049999952 -0.1307864099
v 0.1330385057 -0.03049999952 -0.1354082272
v 0.1245357461 -0.03049999952 -0.1383259824
v 0.1156121602 -0.03049999952 -0.1394121545
v 0.1066577483 -0.03049999952 -0.1386192734
v 0.09806386016 -0.03049999952 -0.1359819904
v 0.09020609112 -0.03049999952 -0.1316155706
v 0.08342785962 -0.03049999952 -0.1257108436
v 0.0780254155 -0.03049999952 -0.1185258755
v 0.0742348605 -0.03049999952 -0.1103746848
v 0.0722218771 -0.03049999952 -0.1016135208
v 0.0720744233 -0.0503000021 -0.09262528365
v 0.0722218771 -0.0503000021 -0.1016135208
v 0.0742348605 -0.0503000021 -0.1103746848
v 0.0780254155 -0.0503000021 -0.1185258755
v 0.08342785962 -0.0503000021 -0.1257108436
v 0.09020609112 -0.0503000021 -0.1316155706
v 0.09806386016 -0.0503000021 -0.1359819904
v 0.1066577483 -0.0503000021 -0.1386192734
v 0.1156121602 -0.0503000021 -0.1394121545
v 0.1245357461 -0.0503000021 -0.1383259824
v 0.1330385057 -0.0503000021 -0.1354082272
v 0.1407488209 -0.0503000021 -0.1307864099
v 0.1473297185 -0.0503000021 -0.1246625242
v 0.1524935802 -0.0503000021 -0.1173042168
v 0.156014722 -0.0503000021 -0.1090330791
v 0.1577392501 -0.0503000021 -0.1002105968
v 0.1575917963 -0.0503000021 -0.09122235975
v 0.1555788057 -0.0503000021 -0.08246119575
v 0.1517882554 -0.0503000021 -0.07431000495
v 0.146385809 -0.0503000021 -0.06712503215
v 0.1396075799 -0.0503000021 -0.06122031235
v 0.1317498108 -0.0503000021 -0.05685389005
v 0.1231559227 -0.0503000021 -0.05421660465
v 0.1142015107 -0.0503000021 -0.05342372605
v 0.1052779248 -0.0503000021 -0.05450990045
v 0.09677516525 -0.0503000021 -0.05742765335
v 0.08906485003 -0.0503000021 -0.06204946825
v 0.08248395486 -0.0503000021 -0.06817335635
v 0.0773200884 -0.0503000021 -0.07553165895
v 0.0737989466 -0.0503000021 -0.08380279665
v 0.1577392501 -0.0503000021 -0.1002105968
v 0.1577392501 -0.03049999952 -0.1002105968
v 0.0705802633 -0.03049999952 -0.09249297835
v 0.0707328675 -0.03049999952 -0.1017947596
v 0.0728160706 -0.03049999952 -0.1108615523
v 0.076738853 -0.03049999952 -0.1192970856
v 0.08232976266 -0.03049999952 -0.1267326885
v 0.08934443899 -0.03049999952 -0.1328433944
v 0.09747631338 -0.03049999952 -0.1373621322
v 0.1063699892 -0.03049999952 -0.1400914133
v 0.1156367677 -0.03049999952 -0.1409119527
v 0.1248716423 -0.03049999952 -0.1397878907
v 0.133671004 -0.03049999952 -0.136768354
v 0.1416502861 -0.03049999952 -0.1319853104
v 0.1484607494 -0.03049999952 -0.1256478013
v 0.1538047454 -0.03049999952 -0.1180328074
v 0.1574487176 -0.03049999952 -0.1094731401
v 0.1592334053 -0.03049999952 -0.1003428974
v 0.1590808082 -0.03049999952 -0.09104111615
v 0.1569975956 -0.03049999952 -0.08197433295
v 0.1530748156 -0.03049999952 -0.07353879495
v 0.1474839131 -0.03049999952 -0.06610318725
v 0.1404692344 -0.03049999952 -0.05999248375
v 0.1323373576 -0.03049999952 -0.05547375065
v 0.1234436818 -0.03049999952 -0.05274446485
v 0.1141769081 -0.03049999952 -0.05192393015
v 0.1049420334 -0.03049999952 -0.05304798505
v 0.09614266698 -0.03049999952 -0.05606752415
v 0.08816338728 -0.03049999952 -0.06085056765
v 0.081352924 -0.03049999952 -0.06718807925
v 0.076008928 -0.03049999952 -0.07480307315
v 0.0723649534 -0.03049999952 -0.08336273565
v 0.0705802633 -0.0503000021 -0.09249297835
v 0.0723649534 -0.0503000021 -0.08336273565
v 0.076008928 -0.0503000021 -0.07480307315
v 0.081352924 -0.0503000021 -0.06718807925
v 0.08816338728 -0.0503000021 -0.06085056765
v 0.09614266698 -0.0503000021 -0.05606752415
v 0.1049420334 -0.0503000021 -0.05304798505
v 0.1141769081 -0.0503000021 -0.05192393015
v 0.1234436818 -0.0503000021 -0.05274446485
v 0.1323373576 -0.0503000021 -0.05547375065
v 0.1404692344 -0.0503000021 -0.05999248375
v 0.1474839131 -0.0503000021 -0.06610318725
v 0.1530748156 -0.0503000021 -0.07353879495
v 0.1569975956 -0.0503000021 -0.08197433295
v 0.1590808082 -0.0503000021 -0.09104111615
v 0.1592334053 -0.0503000021 -0.1003428974
v 0.1574487176 -0.0503000021 -0.1094731401
v 0.1538047454 -0.0503000021 -0.1180328074
v 0.1484607494 -0.0503000021 -0.1256478013
v 0.1416502861 -0.0503000021 -0.1319853104
v 0.133671004 -0.0503000021 -0.136768354
v 0.1248716423 -0.0503000021 -0.1397878907
v 0.1156367677 -0.0503000021 -0.1409119527
v 0.1063699892 -0.0503000021 -0.1400914133
v 0.09747631338 -0.0503000021 -0.1373621322
v 0.08934443899 -0.0503000021 -0.1328433944
v 0.08232976266 -0.0503000021 -0.1267326885
v 0.076738853 -0.0503000021 -0.1192970856
v 0.0728160706 -0.0503000021 -0.1108615523
v 0.0707328675 -0.0503000021 -0.1017947596
v 0.1592334053 -0.03049999952 -0.1003428974
v 0.1592334053 -0.0503000021 -0.1003428974
v 0.0705802633 -0.03049999952 -0.09249297835
v 0.0723649534 -0.03049999952 -0.08336273565
v 0.076008928 -0.03049999952 -0.07480307315
v 0.081352924 -0.03049999952 -0.06718807925
v 0.08816338728 -0.03049999952 -0.06085056765
v 0.09614266698 -0.03049999952 -0.05606752415
v 0.1049420334 -0.03049999952 -0.05304798505
v 0.1141769081 -0.03049999952 -0.05192393015
v 0.1234436818 -0.03049999952 -0.05274446485
v 0.1323373576 -0.03049999952 -0.05547375065
v 0.1404692344 -0.03049999952 -0.05999248375
v 0.1474839131 -0.03049999952 -0.06610318725
v 0.1530748156 -0.03049999952 -0.07353879495
v 0.1569975956 -0.03049999952 -0.08197433295
v 0.1590808082 -0.03049999952 -0.09104111615
v 0.1592334053 -0.03049999952 -0.1003428974
v 0.1574487176 -0.03049999952 -0.1094731401
v 0.1538047454 -0.03049999952 -0.1180328074
v 0.1484607494 -0.03049999952 -0.1256478013
v 0.1416502861 -0.03049999952 -0.1319853104
v 0.133671004 -0.03049999952 -0.136768354
v 0.1248716423 -0.03049999952 -0.1397878907
v 0.1156367677 -0.03049999952 -0.1409119527
v 0.1063699892 -0.03049999952 -0.1400914133
v 0.09747631338 -0.03049999952 -0.1373621322
v 0.08934443899 -0.03049999952 -0.1328433944
v 0.08232976266 -0.03049999952 -0.1267326885
v 0.076738853 -0.03049999952 -0.1192970856
v 0.0728160706 -0.03049999952 -0.1108615523
v 0.0707328675 -0.03049999952 -0.1017947596
v 0.0720744233 -0.03049999952 -0.09262528365
v 0.0722218771 -0.03049999952 -0.1016135208
v 0.0742348605 -0.03049999952 -0.1103746848
v 0.0780254155 -0.03049999952 -0.1185258755
v 0.08342785962 -0.03049999952 -0.1257108436
v 0.09020609112 -0.03049999952 -0.1316155706
v 0.09806386016 -0.03049999952 -0.1359819904
v 0.1066577483 -0.03049999952 -0.1386192734
v 0.1156121602 -0.03049999952 -0.1394121545
v 0.1245357461 -0.03049999952 -0.1383259824
v 0.1330385057 -0.03049999952 -0.1354082272
v 0.1407488209 -0.03049999952 -0.1307864099
v 0.1473297185 -0.03049999952 -0.1246625242
v 0.1524935802 -0.03049999952 -0.1173042168
v 0.156014722 -0.03049999952 -0.1090330791
v 0.1577392501 -0.03049999952 -0.1002105968
v 0.1575917963 -0.03049999952 -0.09122235975
v 0.1555788057 -0.03049999952 -0.08246119575
v 0.1517882554 -0.03049999952 -0.07431000495
v 0.146385809 -0.03049999952 -0.06712503215
v 0.1396075799 -0.03049999952 -0.06122031235
v 0.1317498108 -0.03049999952 -0.05685389005
v 0.1231559227 -0.03049999952 -0.05421660465
v 0.1142015107 -0.03049999952 -0.05342372605
v 0.1052779248 -0.03049999952 -0.05450990045
v 0.09677516525 -0.03049999952 -0.05742765335
v 0.08906485003 -0.03049999952 -0.06204946825
v 0.08248395486 -0.03049999952 -0.06817335635
v 0.0773200884 -0.03049999952 -0.07553165895
v 0.0737989466 -0.03049999952 -0.08380279665
v 0.0705802633 -0.0503000021 -0.09249297835
v 0.0707328675 -0.0503000021 -0.1017947596
v 0.0728160706 -0.0503000021 -0.1108615523
v 0.076738853 -0.0503000021 -0.1192970856
v 0.08232976266 -0.0503000021 -0.1267326885
v 0.08934443899 -0.0503000021 -0.1328433944
v 0.09747631338 -0.0503000021 -0.1373621322
v 0.1063699892 -0.0503000021 -0.1400914133
v 0.1156367677 -0.0503000021 -0.1409119527
v 0.1248716423 -0.0503000021 -0.1397878907
v 0.133671004 -0.0503000021 -0.136768354
v 0.1416502861 -0.0503000021 -0.1319853104
v 0.1484607494 -0.0503000021 -0.1256478013
v 0.1538047454 -0.0503000021 -0.1180328074
v 0.1574487176 -0.0503000021 -0.1094731401
v 0.1592334053 -0.0503000021 -0.1003428974
v 0.1590808082 -0.0503000021 -0.09104111615
v 0.1569975956 -0.0503000021 -0.08197433295
v 0.1530748156 -0.0503000021 -0.07353879495
v 0.1474839131 -0.0503000021 -0.06610318725
v 0.1404692344 -0.0503000021 -0.05999248375
v 0.1323373576 -0.0503000021 -0.05547375065
v 0.1234436818 -0.0503000021 -0.05274446485
v 0.1141769081 -0.0503000021 -0.05192393015
v 0.1049420334 -0.0503000021 -0.05304798505
v 0.09614266698 -0.0503000021 -0.05606752415
v 0.08816338728 -0.0503000021 -0.06085056765
v 0.081352924 -0.0503000021 -0.06718807925
v 0.076008928 -0.0503000021 -0.07480307315
v 0.0723649534 -0.0503000021 -0.08336273565
v 0.0720744233 -0.0503000021 -0.09262528365
v 0.0737989466 -0.0503000021 -0.08380279665
v 0.0773200884 -0.0503000021 -0.07553165895
v 0.08248395486 -0.0503000021 -0.06817335635
v 0.08906485003 -0.0503000021 -0.06204946825
v 0.09677516525 -0.0503000021 -0.05742765335
v 0.1052779248 -0.0503000021 -0.05450990045
v 0.1142015107 -0.0503000021 -0.05342372605
v 0.1231559227 -0.0503000021 -0.05421660465
v 0.1317498108 -0.0503000021 -0.05685389005
v 0.1396075799 -0.0503000021 -0.06122031235
v 0.146385809 -0.0503000021 -0.06712503215
v 0.1517882554 -0.0503000021 -0.07431000495
v 0.1555788057 -0.0503000021 -0.08246119575
v 0.1575917963 -0.0503000021 -0.09122235975
v 0.1577392501 -0.0503000021 -0.1002105968
v 0.156014722 -0.0503000021 -0.1090330791
v 0.1524935802 -0.0503000021 -0.1173042168
v 0.1473297185 -0.0503000021 -0.1246625242
v 0.1407488209 -0.0503000021 -0.1307864099
v 0.1330385057 -0.0503000021 -0.1354082272
v 0.1245357461 -0.0503000021 -0.1383259824
v 0.1156121602 -0.0503000021 -0.1394121545
v 0.1066577483 -0.0503000021 -0.1386192734
v 0.09806386016 -0.0503000021 -0.1359819904
v 0.09020609112 -0.0503000021 -0.1316155706
v 0.08342785962 -0.0503000021 -0.1257108436
v 0.0780254155 -0.0503000021 -0.1185258755
v 0.0742348605 -0.0503000021 -0.1103746848
v 0.0722218771 -0.0503000021 -0.1016135208
v 0.08999897634 -0.0149000001 -0.08510604995
v 0.08986617736 -0.0149000001 -0.08520356345
v 0.08970456777 -0.0149000001 -0.08523525435
v 0.08950996083 -0.0149000001 -0.08514703975
v 0.0893788017 -0.0149000001 -0.08497765795
v 0.08936105368 -0.0149000001 -0.08489252345
v 0.08936755758 -0.0149000001 -0.08480568185
v 0.08939454642 -0.0149000001 -0.08472290285
v 0.08943980767 -0.0149000001 -0.08464853525
v 0.08943980767 -0.01480000019 -0.08464853525
v 0.08936244607 -0.01480000019 -0.08490942255
v 0.08950351398 -0.01480000019 -0.08514174685
v 0.08975810704 -0.01480000019 -0.08523401445
v 0.08999897634 -0.01480000019 -0.08510604995
v 0.08941264918 -0.0149000001 -0.08587206135
v 0.08915539585 -0.0149000001 -0.08605516725
v 0.08886092011 -0.0149000001 -0.08595080715
v 0.08866873522 -0.0149000001 -0.08569800755
v 0.08873389925 -0.0149000001 -0.08539232615
v 0.08873389925 -0.01480000019 -0.08539232615
v 0.08866873522 -0.01480000019 -0.08569800755
v 0.08886092011 -0.01480000019 -0.08595080715
v 0.08915539585 -0.01480000019 -0.08605516725
v 0.08941264918 -0.01480000019 -0.08587206135
v 0.1155084142 -0.0149000001 -0.101012382
v 0.1145026295 -0.0149000001 -0.1001431335
v 0.1139515897 -0.0149000001 -0.09895913355
v 0.1142169581 -0.0149000001 -0.09837353415
v 0.1148496969 -0.0149000001 -0.09821776465
v 0.1160454433 -0.0149000001 -0.09877683975
v 0.1160454433 -0.01480000019 -0.09877683975
v 0.1148496969 -0.01480000019 -0.09821776465
v 0.1142169581 -0.01480000019 -0.09837353415
v 0.1139515897 -0.01480000019 -0.09895913355
v 0.1145026295 -0.01480000019 -0.1001431335
v 0.1155084142 -0.01480000019 -0.101012382
v 0.114933745 -0.0149000001 -0.1014008003
v 0.1165604477 -0.0149000001 -0.1021675373
v 0.1174512365 -0.0149000001 -0.1020337209
v 0.1181006113 -0.0149000001 -0.1014136169
v 0.1178689894 -0.0149000001 -0.09968781965
v 0.1165843831 -0.0149000001 -0.09840449105
v 0.1165843831 -0.01480000019 -0.09840449105
v 0.1178689894 -0.01480000019 -0.09968781965
v 0.1181006113 -0.01480000019 -0.1014136169
v 0.1174512365 -0.01480000019 -0.1020337209
v 0.1165604477 -0.01480000019 -0.1021675373
v 0.114933745 -0.01480000019 -0.1014008003
v 0.0748159257 -0.01480000019 -0.07828732435
v 0.0718942741 -0.01480000019 -0.08714866145
v 0.0709068369 -0.01480000019 -0.09642681755
v 0.0718980165 -0.01480000019 -0.1057045791
v 0.0748232468 -0.01480000019 -0.1145647329
v 0.0795509869 -0.01480000019 -0.1226088482
v 0.08586862398 -0.01480000019 -0.1294751969
v 0.09349207703 -0.01480000019 -0.1348550034
v 0.102078514 -0.01480000019 -0.1385063498
v 0.11124183 -0.01480000019 -0.1402650355
v 0.1205699517 -0.01480000019 -0.1400519754
v 0.1296434152 -0.01480000019 -0.1378767547
v 0.1380541909 -0.01480000019 -0.1338371854
v 0.1454240639 -0.01480000019 -0.1281149239
v 0.1514216186 -0.01480000019 -0.1209672913
v 0.1557771515 -0.01480000019 -0.1127157072
v 0.1582948026 -0.01480000019 -0.1037312372
v 0.1588613546 -0.01480000019 -0.09441789605
v 0.1574513333 -0.01480000019 -0.08519449935
v 0.1541281421 -0.01480000019 -0.07647579525
v 0.1490412224 -0.01480000019 -0.06865387235
v 0.1424193256 -0.01480000019 -0.06208045485
v 0.1345602321 -0.01480000019 -0.05705115265
v 0.1258173456 -0.01480000019 -0.05379211955
v 0.1165838351 -0.01480000019 -0.05244990595
v 0.1072749068 -0.01480000019 -0.05308488815
v 0.09830917591 -0.01480000019 -0.05566848395
v 0.09008982713 -0.01480000019 -0.06008453495
v 0.08980781537 -0.01529999971 -0.05967166125
v 0.09780834372 -0.01529999971 -0.05533398355
v 0.1065240211 -0.01529999971 -0.05271464445
v 0.1155903058 -0.01529999971 -0.05192319335
v 0.1246280074 -0.01529999971 -0.05299273275
v 0.1332591227 -0.01529999971 -0.05587853615
v 0.1411226499 -0.01529999971 -0.06045989745
v 0.1478897023 -0.01529999971 -0.06654520505
v 0.1532772455 -0.01529999971 -0.07387993335
v 0.1570599472 -0.01529999971 -0.08215732395
v 0.1590795946 -0.01529999971 -0.09103115975
v 0.1592517154 -0.01529999971 -0.1001302996
v 0.1575691135 -0.01529999971 -0.1090741654
v 0.1541021597 -0.01529999971 -0.117488688
v 0.1489958644 -0.01529999971 -0.1250219277
v 0.142463793 -0.01529999971 -0.1313588046
v 0.1347791535 -0.01529999971 -0.1362342801
v 0.126263353 -0.01529999971 -0.1394444367
v 0.117272567 -0.01529999971 -0.1408550107
v 0.108182834 -0.01529999971 -0.1404070048
v 0.0993743364 -0.01529999971 -0.1381191556
v 0.09121547389 -0.01529999971 -0.1340871517
v 0.08404751437 -0.01529999971 -0.1284796356
v 0.0781702458 -0.01529999971 -0.1215311367
v 0.0738294782 -0.01529999971 -0.1135322773
v 0.0712067727 -0.01529999971 -0.1048176155
v 0.0704118216 -0.01529999971 -0.09575163125
v 0.0714778801 -0.01529999971 -0.08671351965
v 0.0743603551 -0.01529999971 -0.07808129335
v 0.1199995482 -0.01539999962 -0.131106075
v 0.1192750585 -0.01539999962 -0.1297143555
v 0.1177786759 -0.01539999962 -0.1292425492
v 0.1163869564 -0.01539999962 -0.1299670366
v 0.1159151477 -0.01539999962 -0.1314634216
v 0.1159151477 -0.01480000019 -0.1314634216
v 0.1163869564 -0.01480000019 -0.1299670366
v 0.1177786759 -0.01480000019 -0.1292425492
v 0.1192750585 -0.01480000019 -0.1297143555
v 0.1199995482 -0.01480000019 -0.131106075
v 0.08959887346 -0.0149000001 -0.08604401795
v 0.08898829344 -0.0149000001 -0.08628712975
v 0.08845560835 -0.0149000001 -0.08585079605
v 0.08856911352 -0.0149000001 -0.08519614615
v 0.08919585848 -0.0149000001 -0.08504481595
v 0.08914960504 -0.0149000001 -0.08491277035
v 0.08913548088 -0.0149000001 -0.08477381045
v 0.08916521621 -0.0149000001 -0.08463751125
v 0.08923043778 -0.0149000001 -0.08451370515
v 0.08961658963 -0.0149000001 -0.08428027365
v 0.09004762209 -0.0149000001 -0.08443815365
v 0.09029779061 -0.0149000001 -0.08482020465
v 0.0901719922 -0.0149000001 -0.08525636785
v 0.08995644302 -0.0149000001 -0.08542264135
v 0.0896863148 -0.0149000001 -0.08544023705
v 0.08973275901 -0.0149000001 -0.08559410285
v 0.08973248272 -0.0149000001 -0.08575447275
v 0.08968441781 -0.0149000001 -0.08590793805
v 0.08943980767 -0.0149000001 -0.08464853525
v 0.08939454642 -0.0149000001 -0.08472290285
v 0.08936755758 -0.0149000001 -0.08480568185
v 0.08936105368 -0.0149000001 -0.08489252345
v 0.0893788017 -0.0149000001 -0.08497765795
v 0.08950996083 -0.0149000001 -0.08514703975
v 0.08970456777 -0.0149000001 -0.08523525435
v 0.08986617736 -0.0149000001 -0.08520356345
v 0.08999897634 -0.0149000001 -0.08510604995
v 0.09007734884 -0.0149000001 -0.08484722265
v 0.0899231393 -0.0149000001 -0.08462112585
v 0.08967242768 -0.0149000001 -0.08451358035
v 0.08873389925 -0.0149000001 -0.08539232615
v 0.08866873522 -0.0149000001 -0.08569800755
v 0.08886092011 -0.0149000001 -0.08595080715
v 0.08915539585 -0.0149000001 -0.08605516725
v 0.08941264918 -0.0149000001 -0.08587206135
v 0.08946019924 -0.0149000001 -0.08579276325
v 0.0894856145 -0.0149000001 -0.08570396655
v 0.08948630099 -0.0149000001 -0.08561158415
v 0.08946511972 -0.0149000001 -0.08552150965
v 0.08934048371 -0.0149000001 -0.08534223815
v 0.08914847074 -0.0149000001 -0.08523889835
v 0.08891306578 -0.0149000001 -0.08524162625
v 0.1111590658 -0.01610000014 -0.05358157405
v 0.1091224008 -0.01610000014 -0.05464179635
v 0.108431954 -0.01610000014 -0.05683163415
v 0.1094921764 -0.01610000014 -0.05886829915
v 0.1116820093 -0.01610000014 -0.05955874595
v 0.1137186743 -0.01610000014 -0.05849851405
v 0.1144091211 -0.01610000014 -0.05630868585
v 0.113348894 -0.01610000014 -0.05427202085
v 0.1095692381 -0.01480000019 -0.05893081235
v 0.1084384438 -0.01480000019 -0.05689746625
v 0.109101277 -0.01480000019 -0.05466725955
v 0.1111590658 -0.01480000019 -0.05358157405
v 0.1133741187 -0.01480000019 -0.05429342125
v 0.1144141567 -0.01480000019 -0.05637465145
v 0.1136536386 -0.01480000019 -0.05857347295
v 0.1136536386 -0.01539999962 -0.05857347295
v 0.1124154561 -0.01539999962 -0.05940037745
v 0.1109322067 -0.01539999962 -0.05953014655
v 0.1095692381 -0.01539999962 -0.05893081235
v 0.1116820093 -0.01610000014 -0.05955874595
v 0.1124154561 -0.01539999962 -0.05940037745
v 0.08943980767 -0.01480000019 -0.08464853525
v 0.08943980767 -0.0149000001 -0.08464853525
v 0.08967242768 -0.0149000001 -0.08451358035
v 0.0899231393 -0.0149000001 -0.08462112585
v 0.09007734884 -0.0149000001 -0.08484722265
v 0.08999897634 -0.0149000001 -0.08510604995
v 0.08999897634 -0.01480000019 -0.08510604995
v 0.09007734884 -0.01480000019 -0.08484722265
v 0.0899231393 -0.01480000019 -0.08462112585
v 0.08967242768 -0.01480000019 -0.08451358035
v 0.08873389925 -0.01480000019 -0.08539232615
v 0.08873389925 -0.0149000001 -0.08539232615
v 0.08891306578 -0.0149000001 -0.08524162625
v 0.08914847074 -0.0149000001 -0.08523889835
v 0.08934048371 -0.0149000001 -0.08534223815
v 0.08946511972 -0.0149000001 -0.08552150965
v 0.08948630099 -0.0149000001 -0.08561158415
v 0.0894856145 -0.0149000001 -0.08570396655
v 0.08946019924 -0.0149000001 -0.08579276325
v 0.08941264918 -0.0149000001 -0.08587206135
v 0.08941264918 -0.01480000019 -0.08587206135
v 0.0894789004 -0.01480000019 -0.08556815375
v 0.08929932307 -0.01480000019 -0.08530870705
v 0.0889948624 -0.01480000019 -0.08522526105
v 0.0720704692 -0.01610000014 -0.1001657099
v 0.0731306916 -0.01610000014 -0.1022023749
v 0.0753205293 -0.01610000014 -0.1028928217
v 0.0773571943 -0.01610000014 -0.1018325993
v 0.0780476411 -0.01610000014 -0.09964276645
v 0.0769874092 -0.01610000014 -0.09760610145
v 0.074797581 -0.01610000014 -0.09691565465
v 0.072760916 -0.01610000014 -0.09797588175
v 0.0774197075 -0.01480000019 -0.1017555376
v 0.0753863614 -0.01480000019 -0.1028863319
v 0.0731561547 -0.01480000019 -0.1022234987
v 0.0720704692 -0.01480000019 -0.1001657099
v 0.0727823164 -0.01480000019 -0.09795065705
v 0.0748635467 -0.01480000019 -0.09691061435
v 0.0770623681 -0.01480000019 -0.09767113715
v 0.0770623681 -0.01539999962 -0.09767113715
v 0.0778892727 -0.01539999962 -0.09890931965
v 0.0780190418 -0.01539999962 -0.100392569
v 0.0774197075 -0.01539999962 -0.1017555376
v 0.0753205293 -0.01610000014 -0.1028928217
v 0.0753863614 -0.01480000019 -0.1028863319
v 0.1165843831 -0.0149000001 -0.09840449105
v 0.1178689894 -0.0149000001 -0.09968781965
v 0.1181006113 -0.0149000001 -0.1014136169
v 0.1174512365 -0.0149000001 -0.1020337209
v 0.1165604477 -0.0149000001 -0.1021675373
v 0.114933745 -0.0149000001 -0.1014008003
v 0.1136733667 -0.0149000001 -0.1000986317
v 0.1134602175 -0.0149000001 -0.09836567715
v 0.1140819024 -0.0149000001 -0.09772625655
v 0.1149700828 -0.0149000001 -0.09759749935
v 0.1160454433 -0.0149000001 -0.09877683975
v 0.1148496969 -0.0149000001 -0.09821776465
v 0.1142169581 -0.0149000001 -0.09837353415
v 0.1139515897 -0.0149000001 -0.09895913355
v 0.1145026295 -0.0149000001 -0.1001431335
v 0.1155084142 -0.0149000001 -0.101012382
v 0.1167223042 -0.0149000001 -0.1015327857
v 0.1173603121 -0.0149000001 -0.1013931762
v 0.1176478772 -0.0149000001 -0.1008194881
v 0.1170412668 -0.0149000001 -0.09966229605
v 0.08999897634 -0.01480000019 -0.08510604995
v 0.08975810704 -0.01480000019 -0.08523401445
v 0.08950351398 -0.01480000019 -0.08514174685
v 0.08936244607 -0.01480000019 -0.08490942255
v 0.08943980767 -0.01480000019 -0.08464853525
v 0.08967242768 -0.01480000019 -0.08451358035
v 0.0899231393 -0.01480000019 -0.08462112585
v 0.09007734884 -0.01480000019 -0.08484722265
v 0.08941264918 -0.01480000019 -0.08587206135
v 0.08915539585 -0.01480000019 -0.08605516725
v 0.08886092011 -0.01480000019 -0.08595080715
v 0.08866873522 -0.01480000019 -0.08569800755
v 0.08873389925 -0.01480000019 -0.08539232615
v 0.0889948624 -0.01480000019 -0.08522526105
v 0.08929932307 -0.01480000019 -0.08530870705
v 0.0894789004 -0.01480000019 -0.08556815375
v 0.1186546099 -0.01610000014 -0.1392543041
v 0.1206912702 -0.01610000014 -0.1381940793
v 0.121381717 -0.01610000014 -0.1360042488
v 0.1203214946 -0.01610000014 -0.1339675838
v 0.1181316617 -0.01610000014 -0.133277137
v 0.1160949966 -0.01610000014 -0.1343373617
v 0.1154045498 -0.01610000014 -0.1365271947
v 0.116464777 -0.01610000014 -0.1385638573
v 0.1161600323 -0.01539999962 -0.13426241
v 0.1173982149 -0.01539999962 -0.133435503
v 0.1188814643 -0.01539999962 -0.1333057339
v 0.1202444328 -0.01539999962 -0.1339050634
v 0.1202444328 -0.01480000019 -0.1339050634
v 0.1213752271 -0.01480000019 -0.1359384095
v 0.120712394 -0.01480000019 -0.1381686234
v 0.1186546099 -0.01480000019 -0.1392543041
v 0.1164395523 -0.01480000019 -0.1385424569
v 0.1153995143 -0.01480000019 -0.136461229
v 0.1161600323 -0.01480000019 -0.13426241
v 0.1186546099 -0.01480000019 -0.1392543041
v 0.1186546099 -0.01610000014 -0.1392543041
v 0.1160454433 -0.01480000019 -0.09877683975
v 0.1160454433 -0.0149000001 -0.09877683975
v 0.1170412668 -0.0149000001 -0.09966229605
v 0.1176478772 -0.0149000001 -0.1008194881
v 0.1173603121 -0.0149000001 -0.1013931762
v 0.1167223042 -0.0149000001 -0.1015327857
v 0.1155084142 -0.0149000001 -0.101012382
v 0.1155084142 -0.01480000019 -0.101012382
v 0.1167223042 -0.01480000019 -0.1015327857
v 0.1173603121 -0.01480000019 -0.1013931762
v 0.1176478772 -0.01480000019 -0.1008194881
v 0.1170412668 -0.01480000019 -0.09966229605
v 0.09333545955 -0.01480000019 -0.08848609475
v 0.09307054751 -0.01480000019 -0.08826381285
v 0.0929738352 -0.01480000019 -0.08815405465
v 0.09291976163 -0.01480000019 -0.08801840415
v 0.09293870135 -0.01480000019 -0.08787481885
v 0.09301693104 -0.01480000019 -0.08775127025
v 0.09314333085 -0.01480000019 -0.08764617505
v 0.09330299494 -0.01480000019 -0.08761101285
v 0.09345986491 -0.01480000019 -0.08765931615
v 0.09359570645 -0.01480000019 -0.08775323375
v 0.09380384617 -0.01480000019 -0.08792788935
v 0.08822418811 -0.01480000019 -0.08492277595
v 0.08835480368 -0.01480000019 -0.08511297655
v 0.08835480368 -0.0149000001 -0.08511297655
v 0.08822418811 -0.0149000001 -0.08492277595
v 0.1577432018 -0.01610000014 -0.09267016585
v 0.156682977 -0.01610000014 -0.09063350565
v 0.1544931441 -0.01610000014 -0.08994305875
v 0.1524564814 -0.01610000014 -0.09100328115
v 0.1517660346 -0.01610000014 -0.09319311415
v 0.1528262594 -0.01610000014 -0.09522977915
v 0.1550160899 -0.01610000014 -0.09592022595
v 0.1570527549 -0.01610000014 -0.09485999875
v 0.152393961 -0.01480000019 -0.09108034295
v 0.1544273071 -0.01480000019 -0.08994954865
v 0.1566575186 -0.01480000019 -0.09061238175
v 0.1577432018 -0.01480000019 -0.09267016585
v 0.1570313521 -0.01480000019 -0.09488522355
v 0.1549501243 -0.01480000019 -0.09592526145
v 0.1527513052 -0.01480000019 -0.09516474345
v 0.1527513052 -0.01539999962 -0.09516474345
v 0.1519243983 -0.01539999962 -0.09392656095
v 0.1517946292 -0.01539999962 -0.09244330665
v 0.152393961 -0.01539999962 -0.09108034295
v 0.1570313521 -0.01480000019 -0.09488522355
v 0.1550160899 -0.01610000014 -0.09592022595
v 0.0780220395 -0.01480000019 -0.08048018795
v 0.0791948882 -0.01480000019 -0.08102709905
v 0.08048405542 -0.01480000019 -0.08091430565
v 0.08154412034 -0.01480000019 -0.08017204005
v 0.09311427322 -0.01480000019 -0.06638322425
v 0.09366117477 -0.01480000019 -0.06521037555
v 0.09354839099 -0.01480000019 -0.06392120835
v 0.09280612533 -0.01480000019 -0.06286114345
v 0.09006619591 -0.01480000019 -0.06056207785
v 0.08996895901 -0.01480000019 -0.06040879395
v 0.08997792323 -0.01480000019 -0.06022748135
v 0.09008982713 -0.01480000019 -0.06008453495
v 0.09830917591 -0.01480000019 -0.05566848395
v 0.1072749068 -0.01480000019 -0.05308488815
v 0.1165838351 -0.01480000019 -0.05244990595
v 0.1258173456 -0.01480000019 -0.05379211955
v 0.1345602321 -0.01480000019 -0.05705115265
v 0.1424193256 -0.01480000019 -0.06208045485
v 0.1490412224 -0.01480000019 -0.06865387235
v 0.1541281421 -0.01480000019 -0.07647579525
v 0.1574513333 -0.01480000019 -0.08519449935
v 0.1588613546 -0.01480000019 -0.09441789605
v 0.1582948026 -0.01480000019 -0.1037312372
v 0.1557771515 -0.01480000019 -0.1127157072
v 0.1514216186 -0.01480000019 -0.1209672913
v 0.1454240639 -0.01480000019 -0.1281149239
v 0.1380541909 -0.01480000019 -0.1338371854
v 0.1296434152 -0.01480000019 -0.1378767547
v 0.1205699517 -0.01480000019 -0.1400519754
v 0.11124183 -0.01480000019 -0.1402650355
v 0.102078514 -0.01480000019 -0.1385063498
v 0.09349207703 -0.01480000019 -0.1348550034
v 0.08586862398 -0.01480000019 -0.1294751969
v 0.0795509869 -0.01480000019 -0.1226088482
v 0.0748232468 -0.01480000019 -0.1145647329
v 0.0718980165 -0.01480000019 -0.1057045791
v 0.0709068369 -0.01480000019 -0.09642681755
v 0.0718942741 -0.01480000019 -0.08714866145
v 0.0748159257 -0.01480000019 -0.07828732435
v 0.0749372709 -0.01480000019 -0.07815230295
v 0.0751142633 -0.01480000019 -0.07811198125
v 0.0752821101 -0.01480000019 -0.07818113185
v 0.1115362986 -0.01480000019 -0.109130637
v 0.1122303813 -0.01480000019 -0.1083034568
v 0.112761214 -0.01480000019 -0.1074283834
v 0.1128238781 -0.01480000019 -0.1064173264
v 0.1123360721 -0.01480000019 -0.1055203632
v 0.111607931 -0.01480000019 -0.104796168
v 0.1107769316 -0.01480000019 -0.104220093
v 0.1098149788 -0.01480000019 -0.1039295625
v 0.1088415543 -0.01480000019 -0.1041653888
v 0.1080701665 -0.01480000019 -0.1048126346
v 0.1073760837 -0.01480000019 -0.1056398148
v 0.1089106479 -0.01480000019 -0.1122597758
v 0.1096047307 -0.01480000019 -0.1114325956
v 0.1101355681 -0.01480000019 -0.1105575222
v 0.1101982275 -0.01480000019 -0.1095464699
v 0.1097104215 -0.01480000019 -0.1086495019
v 0.1089822803 -0.01480000019 -0.1079253068
v 0.1081512809 -0.01480000019 -0.1073492317
v 0.1071893282 -0.01480000019 -0.1070587013
v 0.1062159037 -0.01480000019 -0.1072945276
v 0.1054445158 -0.01480000019 -0.1079417734
v 0.1047504331 -0.01480000019 -0.1087689536
v 0.1510458039 -0.01480000019 -0.1017948905
v 0.1511702356 -0.01480000019 -0.1010745038
v 0.1458142727 -0.01480000019 -0.1001490104
v 0.1456787116 -0.01480000019 -0.1009320678
v 0.1492659785 -0.01480000019 -0.1033257126
v 0.1492604138 -0.01480000019 -0.1033570503
v 0.1453765621 -0.01480000019 -0.1026859851
v 0.1452521279 -0.01480000019 -0.1034063766
v 0.1506080932 -0.01480000019 -0.10433187
v 0.1507424765 -0.01480000019 -0.1035489127
v 0.1471563875 -0.01480000019 -0.101155163
v 0.1471619497 -0.01480000019 -0.1011238301
v 0.1209796328 -0.01480000019 -0.09481316515
v 0.1218317586 -0.01480000019 -0.09408949655
v 0.1221181499 -0.01480000019 -0.09301188695
v 0.121602239 -0.01480000019 -0.09201650455
v 0.1206614572 -0.01480000019 -0.09140016565
v 0.11955252 -0.01480000019 -0.09140761575
v 0.1186635775 -0.01480000019 -0.09208595635
v 0.1183310665 -0.01480000019 -0.09314915115
v 0.1187819226 -0.01480000019 -0.09417136525
v 0.1192710234 -0.01480000019 -0.09383551845
v 0.1189404071 -0.01480000019 -0.09308663195
v 0.1192412948 -0.01480000019 -0.09234381455
v 0.119960913 -0.01480000019 -0.09198054915
v 0.1207489916 -0.01480000019 -0.09218085275
v 0.1213337142 -0.01480000019 -0.09275401005
v 0.1214406225 -0.01480000019 -0.09355344165
v 0.1209561285 -0.01480000019 -0.09420691925
v 0.120179857 -0.01480000019 -0.09443228815
v 0.1198814722 -0.01480000019 -0.09488670495
v 0.1205063965 -0.01480000019 -0.09520040545
v 0.1211257417 -0.01480000019 -0.09552518295
v 0.1217440475 -0.01480000019 -0.09585193445
v 0.1223616142 -0.01480000019 -0.09618007365
v 0.1239743313 -0.01480000019 -0.09425810235
v 0.1235364177 -0.01480000019 -0.09389064765
v 0.1222299105 -0.01480000019 -0.09544769015
v 0.1219233039 -0.01480000019 -0.09527742645
v 0.1216134405 -0.01480000019 -0.09511318995
v 0.1212995574 -0.01480000019 -0.09495679745
v 0.1227174086 -0.01480000019 -0.09209984905
v 0.1250446266 -0.01480000019 -0.08932636925
v 0.1246553648 -0.01480000019 -0.08899974605
v 0.1223281516 -0.01480000019 -0.09177322105
v 0.1394190144 -0.01480000019 -0.1236049991
v 0.1398848168 -0.01480000019 -0.1231655928
v 0.1372519228 -0.01480000019 -0.1180379052
v 0.1366928369 -0.01480000019 -0.1185637717
v 0.1375302944 -0.01480000019 -0.120107645
v 0.1365054062 -0.01480000019 -0.1210729226
v 0.1350158892 -0.01480000019 -0.120144919
v 0.1344568034 -0.01480000019 -0.1206707903
v 0.1301938425 -0.01480000019 -0.1296645498
v 0.1331169804 -0.01480000019 -0.1281559058
v 0.1328396271 -0.01480000019 -0.1276166035
v 0.1317044172 -0.01480000019 -0.1282023713
v 0.1294773226 -0.01480000019 -0.1238886774
v 0.1288245998 -0.01480000019 -0.1242257881
v 0.1310516992 -0.01480000019 -0.128539482
v 0.1299164892 -0.01480000019 -0.1291252498
v 0.1259842719 -0.01480000019 -0.1298334982
v 0.1259447557 -0.01480000019 -0.1294462111
v 0.1261120725 -0.01480000019 -0.1290954303
v 0.1263774319 -0.01480000019 -0.1288055653
v 0.1266672006 -0.01480000019 -0.128539833
v 0.1270675905 -0.01480000019 -0.1281291945
v 0.1273910092 -0.01480000019 -0.1276562811
v 0.1275701656 -0.01480000019 -0.127114384
v 0.1275039128 -0.01480000019 -0.126549313
v 0.1271787565 -0.01480000019 -0.1259780293
v 0.1266434919 -0.01480000019 -0.1256006613
v 0.1259955415 -0.01480000019 -0.1254976036
v 0.1253512108 -0.01480000019 -0.1256354345
v 0.1247811763 -0.01480000019 -0.1259342217
v 0.1243625904 -0.01480000019 -0.1264195854
v 0.12419155 -0.01480000019 -0.1270375524
v 0.1242930555 -0.01480000019 -0.1276714309
v 0.1243683198 -0.01480000019 -0.1278807813
v 0.125056157 -0.01480000019 -0.1276331395
v 0.1249918123 -0.01480000019 -0.127453682
v 0.1249165715 -0.01480000019 -0.1270779154
v 0.1249956781 -0.01480000019 -0.1267048855
v 0.1252255083 -0.01480000019 -0.1263984743
v 0.1255551693 -0.01480000019 -0.1262037001
v 0.1259266253 -0.01480000019 -0.1261202863
v 0.1262997505 -0.01480000019 -0.126181192
v 0.1266040064 -0.01480000019 -0.1264080659
v 0.1267942364 -0.01480000019 -0.1267371642
v 0.1268156089 -0.01480000019 -0.1271417081
v 0.1266517827 -0.01480000019 -0.1275156965
v 0.1264037087 -0.01480000019 -0.1278414959
v 0.1261141737 -0.01480000019 -0.1281314325
v 0.1257156768 -0.01480000019 -0.1285071332
v 0.1253811715 -0.01480000019 -0.1289398444
v 0.1251982147 -0.01480000019 -0.1294522444
v 0.1252636711 -0.01480000019 -0.1299914613
v 0.1255660202 -0.01480000019 -0.130508717
v 0.1260574301 -0.01480000019 -0.1308495832
v 0.126644269 -0.01480000019 -0.1309718647
v 0.1272352226 -0.01480000019 -0.1308689837
v 0.1277820304 -0.01480000019 -0.1305792135
v 0.1281568617 -0.01480000019 -0.1300926864
v 0.1282736857 -0.01480000019 -0.1294852576
v 0.1281725284 -0.01480000019 -0.1288755953
v 0.127484696 -0.01480000019 -0.1291232323
v 0.1275683434 -0.01480000019 -0.1294621418
v 0.1275133265 -0.01480000019 -0.1298069476
v 0.1273217148 -0.01480000019 -0.1300969794
v 0.1270191667 -0.01480000019 -0.1302709301
v 0.1267098425 -0.01480000019 -0.1303376497
v 0.1263982246 -0.01480000019 -0.1302889533
v 0.1261405081 -0.01480000019 -0.1301080155
v 0.1496784312 -0.01480000019 -0.1077151028
v 0.1498982519 -0.01480000019 -0.1070136559
v 0.1446832647 -0.01480000019 -0.1053805645
v 0.144463444 -0.01480000019 -0.1060820114
v 0.1452668969 -0.01480000019 -0.1095813462
v 0.1485827315 -0.01480000019 -0.1107304178
v 0.1488791729 -0.01480000019 -0.1100910836
v 0.1435556693 -0.01480000019 -0.1083974866
v 0.1432861763 -0.01480000019 -0.1089786991
v 0.1467636034 -0.01480000019 -0.1112289018
v 0.146736655 -0.01480000019 -0.1112870236
v 0.1427729607 -0.01480000019 -0.1100831073
v 0.1425034677 -0.01480000019 -0.1106643198
v 0.1472340885 -0.01480000019 -0.1136365901
v 0.1475305299 -0.01480000019 -0.1129972511
v 0.1445111391 -0.01480000019 -0.11120885
v 0.1445380874 -0.01480000019 -0.1111507283
v 0.1479078211 -0.01480000019 -0.1121835564
v 0.1482054403 -0.01480000019 -0.1115441173
v 0.1452399461 -0.01480000019 -0.109639468
v 0.094528937 -0.01480000019 -0.06773511235
v 0.09420725265 -0.01480000019 -0.06746519445
v 0.09386694314 -0.01480000019 -0.06725875315
v 0.09347371457 -0.01480000019 -0.06723430165
v 0.09312494666 -0.01480000019 -0.06742409295
v 0.09284330806 -0.01480000019 -0.06770725845
v 0.09261932868 -0.01480000019 -0.06803043045
v 0.09250629032 -0.01480000019 -0.06840453805
v 0.09259801538 -0.01480000019 -0.06878307985
v 0.09284971917 -0.01480000019 -0.06908305765
v 0.09317139399 -0.01480000019 -0.06935297555
v 0.09176686092 -0.01480000019 -0.07497033905
v 0.09247570531 -0.01480000019 -0.07345307055
v 0.09224863512 -0.01480000019 -0.07326253635
v 0.09134827477 -0.01480000019 -0.07529625795
v 0.0915375031 -0.01480000019 -0.07545503485
v 0.09338397653 -0.01480000019 -0.07421519785
v 0.09315691587 -0.01480000019 -0.07402466365
v 0.09178578185 -0.01480000019 -0.07498621765
v 0.08518888882 -0.01480000019 -0.07840503725
v 0.08442253408 -0.01480000019 -0.07776199505
v 0.08427170127 -0.01480000019 -0.07794175345
v 0.08525566573 -0.01480000019 -0.07876739525
v 0.08661320874 -0.01480000019 -0.07714953205
v 0.08639559902 -0.01480000019 -0.07696694195
v 0.08637173412 -0.01480000019 -0.08013919655
v 0.08517962993 -0.01480000019 -0.07913890875
v 0.08508435806 -0.01480000019 -0.07925244385
v 0.08627647179 -0.01480000019 -0.08025273165
v 0.08829954584 -0.01480000019 -0.07856454335
v 0.08808193611 -0.01480000019 -0.07838194375
v 0.0867243931 -0.01480000019 -0.07999980685
v 0.08694200282 -0.01480000019 -0.08018239695
v 0.08757711044 -0.01480000019 -0.07942550275
v 0.08811639499 -0.01480000019 -0.07987802025
v 0.08748128737 -0.01480000019 -0.08063491455
v 0.0876988971 -0.01480000019 -0.08081750465
v 0.08905644011 -0.01480000019 -0.07919965095
v 0.08883883038 -0.01480000019 -0.07901705135
v 0.08826723734 -0.01480000019 -0.07969826185
v 0.08772795279 -0.01480000019 -0.07924574435
v 0.09195020696 -0.01480000019 -0.08162779605
v 0.09173260677 -0.01480000019 -0.08144520595
v 0.09037506376 -0.01480000019 -0.08306306915
v 0.09061158487 -0.01480000019 -0.08326153785
v 0.09211636721 -0.01480000019 -0.08252498395
v 0.09212582767 -0.01480000019 -0.08253292805
v 0.09114141849 -0.01480000019 -0.08370611135
v 0.09135901868 -0.01480000019 -0.08388870145
v 0.09271656169 -0.01480000019 -0.08227084775
v 0.09248003104 -0.01480000019 -0.08207236945
v 0.09097525824 -0.01480000019 -0.08280892345
v 0.09096578824 -0.01480000019 -0.08280097935
v 0.08911264853 -0.01480000019 -0.07311401665
v 0.08901496337 -0.01480000019 -0.07294125875
v 0.08902771364 -0.01480000019 -0.07274174045
v 0.08912131646 -0.01480000019 -0.07256279285
v 0.08924315761 -0.01480000019 -0.07240126885
v 0.08902554788 -0.01480000019 -0.07221867875
v 0.08885578476 -0.01480000019 -0.07246899945
v 0.08875314129 -0.01480000019 -0.07275232675
v 0.08878746455 -0.01480000019 -0.07305025455
v 0.08896180618 -0.01480000019 -0.07329378455
v 0.089554515 -0.01480000019 -0.07342479925
v 0.09007189224 -0.01480000019 -0.07307960635
v 0.09009478038 -0.01480000019 -0.07305475355
v 0.09011725844 -0.01480000019 -0.07302950975
v 0.09013946947 -0.01480000019 -0.07300402755
v 0.09016154699 -0.01480000019 -0.07297842135
v 0.09038501141 -0.01480000019 -0.07267048905
v 0.09053786572 -0.01480000019 -0.07232314155
v 0.09054310073 -0.01480000019 -0.07194593475
v 0.09034164602 -0.01480000019 -0.07163013535
v 0.09009394796 -0.01480000019 -0.07150320175
v 0.08981544646 -0.01480000019 -0.07150631125
v 0.08956553632 -0.01480000019 -0.07163017495
v 0.0893684408 -0.01480000019 -0.07182924525
v 0.08957659006 -0.01480000019 -0.07200390075
v 0.08970243669 -0.01480000019 -0.07187244605
v 0.089851286 -0.01480000019 -0.07176841905
v 0.09002781106 -0.01480000019 -0.07173428675
v 0.09019080367 -0.01480000019 -0.07180990325
v 0.09030901202 -0.01480000019 -0.07204854095
v 0.09025458629 -0.01480000019 -0.07231475925
v 0.09011761046 -0.01480000019 -0.07255184295
v 0.08995035544 -0.01480000019 -0.07276896625
v 0.08977939057 -0.01480000019 -0.07295459925
v 0.08958353476 -0.01480000019 -0.07311319565
v 0.089346461 -0.01480000019 -0.07319203635
v 0.09032953875 -0.01480000019 -0.07413510405
v 0.09023185359 -0.01480000019 -0.07396234615
v 0.09024460386 -0.01480000019 -0.07376282795
v 0.09033820668 -0.01480000019 -0.07358388025
v 0.09046003829 -0.01480000019 -0.07342235625
v 0.0902424381 -0.01480000019 -0.07323976615
v 0.09007266544 -0.01480000019 -0.07349008685
v 0.08997003151 -0.01480000019 -0.07377341415
v 0.09000435477 -0.01480000019 -0.07407133245
v 0.0901786964 -0.01480000019 -0.07431487195
v 0.09049190237 -0.01480000019 -0.07445876175
v 0.0908361692 -0.01480000019 -0.07442650785
v 0.0911340586 -0.01480000019 -0.07424803675
v 0.09137842767 -0.01480000019 -0.07399950885
v 0.09160190163 -0.01480000019 -0.07369157655
v 0.09175474641 -0.01480000019 -0.07334422895
v 0.09175999095 -0.01480000019 -0.07296702215
v 0.09155853624 -0.01480000019 -0.07265122285
v 0.09131082865 -0.01480000019 -0.07252428915
v 0.09103232714 -0.01480000019 -0.07252739865
v 0.090782417 -0.01480000019 -0.07265126235
v 0.09058533102 -0.01480000019 -0.07285033265
v 0.09079347075 -0.01480000019 -0.07302498815
v 0.09091932691 -0.01480000019 -0.07289353355
v 0.09106816668 -0.01480000019 -0.07278950645
v 0.09124470128 -0.01480000019 -0.07275536455
v 0.09140769389 -0.01480000019 -0.07283098115
v 0.09152590224 -0.01480000019 -0.07306962845
v 0.09147147651 -0.01480000019 -0.07333584665
v 0.09133449115 -0.01480000019 -0.07357293035
v 0.09116723613 -0.01480000019 -0.07379005365
v 0.09099628079 -0.01480000019 -0.07397567715
v 0.09080042498 -0.01480000019 -0.07413428305
v 0.09056335122 -0.01480000019 -0.07421312375
v 0.09498893295 -0.01480000019 -0.06812109215
v 0.09477132322 -0.01480000019 -0.06793850205
v 0.09341378021 -0.01480000019 -0.06955635565
v 0.09365031086 -0.01480000019 -0.06975483395
v 0.0951550932 -0.01480000019 -0.06901828005
v 0.09516455366 -0.01480000019 -0.06902622415
v 0.09418013495 -0.01480000019 -0.07019940735
v 0.09439774467 -0.01480000019 -0.07038199745
v 0.09575528769 -0.01480000019 -0.06876413425
v 0.09551875703 -0.01480000019 -0.06856566555
v 0.0940139747 -0.01480000019 -0.06930221945
v 0.09400451423 -0.01480000019 -0.06929427535
v 0.09579592621 -0.01480000019 -0.07016866765
v 0.09531340445 -0.01480000019 -0.06976378605
v 0.09461479179 -0.01480000019 -0.07059637355
v 0.0947756292 -0.01480000019 -0.07073132775
v 0.09491516109 -0.01480000019 -0.07062268485
v 0.0949234201 -0.01480000019 -0.07073086015
v 0.09496158633 -0.01480000019 -0.07083263625
v 0.09502086688 -0.01480000019 -0.07092382645
v 0.09509731355 -0.01480000019 -0.07100124555
v 0.09540635193 -0.01480000019 -0.07112537525
v 0.095738488 -0.01480000019 -0.07107656565
v 0.09602330252 -0.01480000019 -0.07089629215
v 0.09625920297 -0.01480000019 -0.07065413475
v 0.09648226687 -0.01480000019 -0.07035203895
v 0.09664293178 -0.01480000019 -0.07001352235
v 0.09666393104 -0.01480000019 -0.06964223785
v 0.09646768339 -0.01480000019 -0.06932966195
v 0.09622902617 -0.01480000019 -0.06920426375
v 0.09596001374 -0.01480000019 -0.06921270415
v 0.09571687468 -0.01480000019 -0.06933130355
v 0.09551981728 -0.01480000019 -0.06951779495
v 0.09572796655 -0.01480000019 -0.06969245045
v 0.09584847261 -0.01480000019 -0.06956735675
v 0.09599185738 -0.01480000019 -0.06947010085
v 0.09616077211 -0.01480000019 -0.06943865785
v 0.09631685058 -0.01480000019 -0.06950942975
v 0.09642765841 -0.01480000019 -0.06974549265
v 0.09635593302 -0.01480000019 -0.07000312785
v 0.09621407437 -0.01480000019 -0.07023221975
v 0.09604801143 -0.01480000019 -0.07044467955
v 0.09587945935 -0.01480000019 -0.07062800475
v 0.09568666483 -0.01480000019 -0.07078512285
v 0.09545311013 -0.01480000019 -0.07086446895
v 0.09521976498 -0.01480000019 -0.07079767405
v 0.09514244091 -0.01480000019 -0.07070871545
v 0.09510383598 -0.01480000019 -0.07059763155
v 0.0951078889 -0.01480000019 -0.07048933225
v 0.09514395669 -0.01480000019 -0.07038691715
v 0.09519830642 -0.01480000019 -0.07029274165
v 0.09526446266 -0.01480000019 -0.07020639595
v 0.09535179043 -0.01480000019 -0.07010232125
v 0.0956450934 -0.01480000019 -0.07034842595
v 0.09279933085 -0.01480000019 -0.08756868015
v 0.0926963343 -0.01480000019 -0.08772459655
v 0.09264793564 -0.01480000019 -0.08790430695
v 0.09267112932 -0.01480000019 -0.08808954865
v 0.09275429955 -0.01480000019 -0.08825641285
v 0.09178347892 -0.01480000019 -0.08868325065
v 0.09201054911 -0.01480000019 -0.08887377525
v 0.09293862608 -0.01480000019 -0.08845944985
v 0.0931846172 -0.01480000019 -0.08866586265
v 0.09259714551 -0.01480000019 -0.08936598465
v 0.09281475524 -0.01480000019 -0.08954857955
v 0.09417228871 -0.01480000019 -0.08793072105
v 0.09369923695 -0.01480000019 -0.08753377405
v 0.09348408778 -0.01480000019 -0.08739425185
v 0.09323596068 -0.01480000019 -0.08733310275
v 0.09299088557 -0.01480000019 -0.08739877315
v 0.08648947705 -0.01480000019 -0.08145184325
v 0.08630024871 -0.01480000019 -0.08129306625
v 0.08445377529 -0.01480000019 -0.08253291295
v 0.08468084548 -0.01480000019 -0.08272344715
v 0.08523405219 -0.01480000019 -0.08233314535
v 0.08565035072 -0.01480000019 -0.08268245645
v 0.08536204651 -0.01480000019 -0.08329504015
v 0.0855891167 -0.01480000019 -0.08348557435
v 0.08418626048 -0.01480000019 -0.08274375165
v 0.08299415629 -0.01480000019 -0.08174346385
v 0.08289888442 -0.01480000019 -0.08185699895
v 0.08409099815 -0.01480000019 -0.08285728675
v 0.09354250203 -0.01480000019 -0.08293163775
v 0.0933532737 -0.01480000019 -0.08277286085
v 0.09150680027 -0.01480000019 -0.08401269785
v 0.09173386092 -0.01480000019 -0.08420323205
v 0.09228707717 -0.01480000019 -0.08381293995
v 0.0927033757 -0.01480000019 -0.08416224145
v 0.09241507149 -0.01480000019 -0.08477483465
v 0.09264214168 -0.01480000019 -0.08496535935
v 0.09338846874 -0.01480000019 -0.08531752135
v 0.09329078358 -0.01480000019 -0.08514476335
v 0.09330353386 -0.01480000019 -0.08494524515
v 0.09339714621 -0.01480000019 -0.08476629755
v 0.09351897782 -0.01480000019 -0.08460477355
v 0.0933013681 -0.01480000019 -0.08442218345
v 0.09313160497 -0.01480000019 -0.08467250415
v 0.0930289615 -0.01480000019 -0.08495583145
v 0.09306328476 -0.01480000019 -0.08525375925
v 0.09323763593 -0.01480000019 -0.08549728925
v 0.0935508419 -0.01480000019 -0.08564117905
v 0.09389510874 -0.01480000019 -0.08560892515
v 0.09419299813 -0.01480000019 -0.08543045405
v 0.0944373672 -0.01480000019 -0.08518192605
v 0.09466084116 -0.01480000019 -0.08487399375
v 0.09481368594 -0.01480000019 -0.08452664625
v 0.09481892095 -0.01480000019 -0.08414943945
v 0.09461746623 -0.01480000019 -0.08383364005
v 0.09436976818 -0.01480000019 -0.08370670645
v 0.09409126667 -0.01480000019 -0.08370981595
v 0.09384135654 -0.01480000019 -0.08383367955
v 0.09364426101 -0.01480000019 -0.08403274995
v 0.09385241028 -0.01480000019 -0.08420740545
v 0.09397826645 -0.01480000019 -0.08407595075
v 0.09412710621 -0.01480000019 -0.08397192375
v 0.09430363127 -0.01480000019 -0.08393779145
v 0.09446663342 -0.01480000019 -0.08401340795
v 0.09458484177 -0.01480000019 -0.08425204565
v 0.09453041604 -0.01480000019 -0.08451826395
v 0.09439343068 -0.01480000019 -0.08475534765
v 0.09422617566 -0.01480000019 -0.08497247095
v 0.09405521079 -0.01480000019 -0.08515809445
v 0.09385935497 -0.01480000019 -0.08531670035
v 0.09362228121 -0.01480000019 -0.08539554105
v 0.08312284093 -0.01480000019 -0.07936855715
v 0.08303678158 -0.01480000019 -0.07949511935
v 0.08299236923 -0.01480000019 -0.07964087905
v 0.08301003154 -0.01480000019 -0.07979274215
v 0.08306715688 -0.01480000019 -0.07993449615
v 0.08291099263 -0.01480000019 -0.07988620235
v 0.08274742794 -0.01480000019 -0.07988407595
v 0.08259429656 -0.01480000019 -0.07993936075
v 0.08247218829 -0.01480000019 -0.08004791765
v 0.08232832692 -0.01480000019 -0.08027697145
v 0.08230330297 -0.01480000019 -0.08054295125
v 0.08242036692 -0.01480000019 -0.08078628105
v 0.08260659125 -0.01480000019 -0.08098294745
v 0.08307965255 -0.01480000019 -0.08137989445
v 0.08443719557 -0.01480000019 -0.07976203125
v 0.08394521334 -0.01480000019 -0.07934920565
v 0.08375157908 -0.01480000019 -0.07922282505
v 0.08352727479 -0.01480000019 -0.07917227115
v 0.08330342845 -0.01480000019 -0.07922590615
v 0.08955633137 -0.01480000019 -0.08679832675
v 0.08973608971 -0.01480000019 -0.08694916915
v 0.09003776488 -0.01480000019 -0.08658964295
v 0.09076627776 -0.01480000019 -0.08720093735
v 0.09090124147 -0.01480000019 -0.08704009035
v 0.09106372542 -0.01480000019 -0.08529008815
v 0.09092180894 -0.01480000019 -0.08517100315
v 0.08999297025 -0.01480000019 -0.08627796315
v 0.08976590006 -0.01480000019 -0.08608742895
v 0.08963093635 -0.01480000019 -0.08624827595
v 0.08985800654 -0.01480000019 -0.08643880055
v 0.09238544492 -0.01480000019 -0.08710853295
v 0.09226307913 -0.01480000019 -0.08719724395
v 0.09211263703 -0.01480000019 -0.08720945125
v 0.09196354906 -0.01480000019 -0.08717692175
v 0.09181765589 -0.01480000019 -0.08713190855
v 0.09160148644 -0.01480000019 -0.08707770205
v 0.09137944242 -0.01480000019 -0.08706182375
v 0.09116233854 -0.01480000019 -0.08710709505
v 0.09098549894 -0.01480000019 -0.08723978015
v 0.09085710616 -0.01480000019 -0.08746069895
v 0.09083488599 -0.01480000019 -0.08771432875
v 0.09092717347 -0.01480000019 -0.08795207955
v 0.09109946461 -0.01480000019 -0.08814153615
v 0.09131129498 -0.01480000019 -0.08827450665
v 0.09155606511 -0.01480000019 -0.08832030165
v 0.09179694406 -0.01480000019 -0.08825669115
v 0.09198991024 -0.01480000019 -0.08809869555
v 0.09204548073 -0.01480000019 -0.08803247235
v 0.09182788054 -0.01480000019 -0.08784987265
v 0.0917802446 -0.01480000019 -0.08790664505
v 0.0916687984 -0.01480000019 -0.08800557935
v 0.09152794078 -0.01480000019 -0.08805196635
v 0.09138006401 -0.01480000019 -0.08803467645
v 0.09125030696 -0.01480000019 -0.08796177785
v 0.09114956061 -0.01480000019 -0.08785338345
v 0.09109674589 -0.01480000019 -0.08771614025
v 0.09111378779 -0.01480000019 -0.08756949375
v 0.09118723002 -0.01480000019 -0.08744129115
v 0.09131889415 -0.01480000019 -0.08735547925
v 0.09147640297 -0.01480000019 -0.08733720665
v 0.09163440776 -0.01480000019 -0.08735649915
v 0.09178829272 -0.01480000019 -0.08739747825
v 0.09199236959 -0.01480000019 -0.08745776925
v 0.09220307445 -0.01480000019 -0.08748577825
v 0.0924108514 -0.01480000019 -0.08744672495
v 0.09257923192 -0.01480000019 -0.08731950445
v 0.09269385368 -0.01480000019 -0.08711681985
v 0.09271206845 -0.01480000019 -0.08688518185
v 0.09263883541 -0.01480000019 -0.08666409175
v 0.09248876491 -0.01480000019 -0.08648583115
v 0.0922846307 -0.01480000019 -0.08635862095
v 0.09204796682 -0.01480000019 -0.08632770315
v 0.09182107831 -0.01480000019 -0.08640712555
v 0.09163616113 -0.01480000019 -0.08656041955
v 0.09185377085 -0.01480000019 -0.08674301915
v 0.09195109315 -0.01480000019 -0.08664862435
v 0.09207766472 -0.01480000019 -0.08659978645
v 0.09221242845 -0.01480000019 -0.08660764445
v 0.092329988 -0.01480000019 -0.08667504995
v 0.09241259543 -0.01480000019 -0.08676613525
v 0.09245695102 -0.01480000019 -0.08688032815
v 0.09244674692 -0.01480000019 -0.08700228405
v 0.08860438829 -0.01480000019 -0.08425831225
v 0.08790376114 -0.01480000019 -0.08381557015
v 0.08727669266 -0.01480000019 -0.08438198705
v 0.08754377051 -0.01480000019 -0.08515897365
v 0.08835480368 -0.01480000019 -0.08511297655
v 0.08822418811 -0.01480000019 -0.08492277595
v 0.08768870007 -0.01480000019 -0.08497045105
v 0.08753073254 -0.01480000019 -0.08445118525
v 0.08794374915 -0.01480000019 -0.08407081155
v 0.08841660997 -0.01480000019 -0.08434575495
v 0.08843766719 -0.01480000019 -0.08439915115
v 0.08845090429 -0.01480000019 -0.08445496015
v 0.08845738937 -0.01480000019 -0.08451196125
v 0.08845626414 -0.01480000019 -0.08456933435
v 0.08863298973 -0.01480000019 -0.08468537715
v 0.0887140613 -0.01480000019 -0.08452195535
v 0.08879804157 -0.01480000019 -0.08435997365
v 0.08892474632 -0.01480000019 -0.08411969515
v 0.08905162273 -0.01480000019 -0.08387951205
v 0.08907284191 -0.01480000019 -0.08383992495
v 0.08909396573 -0.01480000019 -0.08380028075
v 0.08911499418 -0.01480000019 -0.08376058875
v 0.08913596541 -0.01480000019 -0.08372087775
v 0.0883885316 -0.01480000019 -0.08309370465
v 0.08824563334 -0.01480000019 -0.08326400255
v 0.08885115066 -0.01480000019 -0.08377209055
v 0.08878493726 -0.01480000019 -0.08389132855
v 0.08872106037 -0.01480000019 -0.08401183495
v 0.08866024477 -0.01480000019 -0.08413389585
v 0.0896863148 -0.01480000019 -0.08544023705
v 0.09027394922 -0.01480000019 -0.08508814905
v 0.09004294908 -0.01480000019 -0.08443449155
v 0.08935473945 -0.01480000019 -0.08437669055
v 0.08919585848 -0.01480000019 -0.08504481595
v 0.08882545131 -0.01480000019 -0.08500747075
v 0.08853291212 -0.01480000019 -0.08524279995
v 0.0884113195 -0.01480000019 -0.08572719045
v 0.08870698786 -0.01480000019 -0.08613364585
v 0.08917670138 -0.01480000019 -0.08630883505
v 0.08959887346 -0.01480000019 -0.08604401795
v 0.08968441781 -0.01480000019 -0.08590793805
v 0.08973248272 -0.01480000019 -0.08575447275
v 0.08973275901 -0.01480000019 -0.08559410285
v 0.1437768711 -0.01480000019 -0.1148638224
v 0.1463438005 -0.01480000019 -0.1152099254
v 0.1467480215 -0.01480000019 -0.1145955677
v 0.1434080125 -0.01480000019 -0.1142008287
v 0.1413473369 -0.01480000019 -0.1128470296
v 0.1409432185 -0.01480000019 -0.1134625603
v 0.1430038941 -0.01480000019 -0.1148163642
v 0.1446916143 -0.01480000019 -0.1177250202
v 0.1450957351 -0.01480000019 -0.1171094847
v 0.1437590183 -0.01480000019 -0.1148903012
v 0.1417950778 -0.01480000019 -0.1211920844
v 0.1424891605 -0.01480000019 -0.1203649042
v 0.1430199932 -0.01480000019 -0.1194898308
v 0.1430826574 -0.01480000019 -0.1184787738
v 0.1425948514 -0.01480000019 -0.1175818106
v 0.1418667078 -0.01480000019 -0.1168576155
v 0.1410357084 -0.01480000019 -0.1162815404
v 0.1400737581 -0.01480000019 -0.11599101
v 0.1391003312 -0.01480000019 -0.1162268315
v 0.1383289433 -0.01480000019 -0.1168740821
v 0.1376348606 -0.01480000019 -0.1177012575
v 0.1323418819 -0.01480000019 -0.1229085097
v 0.1344172034 -0.01480000019 -0.1214598033
v 0.1340698315 -0.01480000019 -0.1209610322
v 0.1313895521 -0.01480000019 -0.1228316596
v 0.1345233672 -0.01480000019 -0.1273246665
v 0.1370728884 -0.01480000019 -0.1255461643
v 0.1367255164 -0.01480000019 -0.1250473933
v 0.1347809578 -0.01480000019 -0.1264039841
v 0.1338083697 -0.01480000019 -0.1250107487
v 0.1355952575 -0.01480000019 -0.1237640548
v 0.1352478855 -0.01480000019 -0.1232652885
v 0.1334609977 -0.01480000019 -0.1245119776
v 0.1166042845 -0.01480000019 -0.09469144105
v 0.1161960031 -0.01480000019 -0.09517801595
v 0.1195533708 -0.01480000019 -0.09799516875
v 0.1192265181 -0.01480000019 -0.09803653975
v 0.118903709 -0.01480000019 -0.09810272535
v 0.1185851533 -0.01480000019 -0.09818676365
v 0.1182714804 -0.01480000019 -0.09828766295
v 0.1187337271 -0.01480000019 -0.09867553575
v 0.1191784395 -0.01480000019 -0.09856930525
v 0.1196305716 -0.01480000019 -0.09850122635
v 0.1200870573 -0.01480000019 -0.09847554315
v 0.1205438578 -0.01480000019 -0.09849462055
v 0.1207888276 -0.01480000019 -0.09820267665
v 0.114933745 -0.01480000019 -0.1014008003
v 0.1165604477 -0.01480000019 -0.1021675373
v 0.1174512365 -0.01480000019 -0.1020337209
v 0.1181006113 -0.01480000019 -0.1014136169
v 0.1178689894 -0.01480000019 -0.09968781965
v 0.1165843831 -0.01480000019 -0.09840449105
v 0.1149700828 -0.01480000019 -0.09759749935
v 0.1140819024 -0.01480000019 -0.09772625655
v 0.1134602175 -0.01480000019 -0.09836567715
v 0.1136733667 -0.01480000019 -0.1000986317
v 0.1127467094 -0.01480000019 -0.1024508567
v 0.1120430718 -0.01480000019 -0.103839341
v 0.112863358 -0.01480000019 -0.1051541322
v 0.1143975105 -0.01480000019 -0.1054283252
v 0.1155374785 -0.01480000019 -0.1043614907
v 0.1153525059 -0.01480000019 -0.1028300235
v 0.1139961603 -0.01480000019 -0.1020203374
v 0.1108308855 -0.01480000019 -0.10142371
v 0.1103817726 -0.01480000019 -0.1019589414
v 0.1109770659 -0.01480000019 -0.1020618942
v 0.1115703087 -0.01480000019 -0.1021759622
v 0.1121605523 -0.01480000019 -0.1023047215
v 0.1244812364 -0.01480000019 -0.08530401995
v 0.124072955 -0.01480000019 -0.08579059485
v 0.1274303179 -0.01480000019 -0.08860775245
v 0.12710347 -0.01480000019 -0.08864912335
v 0.1267806609 -0.01480000019 -0.08871530895
v 0.1264621052 -0.01480000019 -0.08879934725
v 0.1261484323 -0.01480000019 -0.08890024655
v 0.126610679 -0.01480000019 -0.08928811465
v 0.1270553914 -0.01480000019 -0.08918189365
v 0.1275075235 -0.01480000019 -0.08911381005
v 0.1279640092 -0.01480000019 -0.08908812675
v 0.1284208097 -0.01480000019 -0.08910720895
v 0.1286657795 -0.01480000019 -0.08881526025
v 0.1499523168 -0.01480000019 -0.09540962805
v 0.1527513052 -0.01480000019 -0.09516474345
v 0.1549501243 -0.01480000019 -0.09592526145
v 0.1570313521 -0.01480000019 -0.09488522355
v 0.1577432018 -0.01480000019 -0.09267016585
v 0.1566575186 -0.01480000019 -0.09061238175
v 0.1544273071 -0.01480000019 -0.08994954865
v 0.152393961 -0.01480000019 -0.09108034295
v 0.1495949727 -0.01480000019 -0.09132522755
v 0.1482032508 -0.01480000019 -0.09204971735
v 0.1477314469 -0.01480000019 -0.09354609985
v 0.1484559319 -0.01480000019 -0.09493781935
v 0.1159151477 -0.01480000019 -0.1314634216
v 0.1161600323 -0.01480000019 -0.13426241
v 0.1153995143 -0.01480000019 -0.136461229
v 0.1164395523 -0.01480000019 -0.1385424569
v 0.1186546099 -0.01480000019 -0.1392543041
v 0.120712394 -0.01480000019 -0.1381686234
v 0.1213752271 -0.01480000019 -0.1359384095
v 0.1202444328 -0.01480000019 -0.1339050634
v 0.1199995482 -0.01480000019 -0.131106075
v 0.1192750585 -0.01480000019 -0.1297143555
v 0.1177786759 -0.01480000019 -0.1292425492
v 0.1163869564 -0.01480000019 -0.1299670366
v 0.0798613541 -0.01480000019 -0.09742625245
v 0.0770623681 -0.01480000019 -0.09767113715
v 0.0748635467 -0.01480000019 -0.09691061435
v 0.0727823164 -0.01480000019 -0.09795065705
v 0.0720704692 -0.01480000019 -0.1001657099
v 0.0731561547 -0.01480000019 -0.1022234987
v 0.0753863614 -0.01480000019 -0.1028863319
v 0.0774197075 -0.01480000019 -0.1017555376
v 0.08021870308 -0.01480000019 -0.1015106529
v 0.08161041781 -0.01480000019 -0.1007861632
v 0.08208222648 -0.01480000019 -0.09928978065
v 0.08135773673 -0.01480000019 -0.09789805635
v 0.1138985233 -0.01480000019 -0.06137245895
v 0.1136536386 -0.01480000019 -0.05857347295
v 0.1144141567 -0.01480000019 -0.05637465145
v 0.1133741187 -0.01480000019 -0.05429342125
v 0.1111590658 -0.01480000019 -0.05358157405
v 0.109101277 -0.01480000019 -0.05466725955
v 0.1084384438 -0.01480000019 -0.05689746625
v 0.1095692381 -0.01480000019 -0.05893081235
v 0.1098141228 -0.01480000019 -0.06172980785
v 0.1105386125 -0.01480000019 -0.06312152265
v 0.1120349951 -0.01480000019 -0.06359333125
v 0.1134267146 -0.01480000019 -0.06286884155
v 0.1165843831 -0.01480000019 -0.09840449105
v 0.1165843831 -0.0149000001 -0.09840449105
v 0.1149700828 -0.0149000001 -0.09759749935
v 0.1140819024 -0.0149000001 -0.09772625655
v 0.1134602175 -0.0149000001 -0.09836567715
v 0.1136733667 -0.0149000001 -0.1000986317
v 0.114933745 -0.0149000001 -0.1014008003
v 0.114933745 -0.01480000019 -0.1014008003
v 0.1136733667 -0.01480000019 -0.1000986317
v 0.1134602175 -0.01480000019 -0.09836567715
v 0.1140819024 -0.01480000019 -0.09772625655
v 0.1149700828 -0.01480000019 -0.09759749935
v 0.1155084142 -0.01480000019 -0.101012382
v 0.1145026295 -0.01480000019 -0.1001431335
v 0.1139515897 -0.01480000019 -0.09895913355
v 0.1142169581 -0.01480000019 -0.09837353415
v 0.1148496969 -0.01480000019 -0.09821776465
v 0.1160454433 -0.01480000019 -0.09877683975
v 0.1170412668 -0.01480000019 -0.09966229605
v 0.1176478772 -0.01480000019 -0.1008194881
v 0.1173603121 -0.01480000019 -0.1013931762
v 0.1167223042 -0.01480000019 -0.1015327857
v 0.1195533708 -0.01480000019 -0.09799516875
v 0.1161960031 -0.01480000019 -0.09517801595
v 0.1161960031 -0.0149000001 -0.09517801595
v 0.1195533708 -0.0149000001 -0.09799516875
v 0.09079990165 -0.01480000019 -0.08568137165
v 0.09070255267 -0.01480000019 -0.08687337895
v 0.09017272858 -0.01480000019 -0.08642880555
v 0.08845626414 -0.01480000019 -0.08456933435
v 0.08845738937 -0.01480000019 -0.08451196125
v 0.08845090429 -0.01480000019 -0.08445496015
v 0.08843766719 -0.01480000019 -0.08439915115
v 0.08841660997 -0.01480000019 -0.08434575495
v 0.08794374915 -0.01480000019 -0.08407081155
v 0.08753073254 -0.01480000019 -0.08445118525
v 0.08768870007 -0.01480000019 -0.08497045105
v 0.08822418811 -0.01480000019 -0.08492277595
v 0.08822418811 -0.0149000001 -0.08492277595
v 0.08768870007 -0.0149000001 -0.08497045105
v 0.08753073254 -0.0149000001 -0.08445118525
v 0.08794374915 -0.0149000001 -0.08407081155
v 0.08841660997 -0.0149000001 -0.08434575495
v 0.08843766719 -0.0149000001 -0.08439915115
v 0.08845090429 -0.0149000001 -0.08445496015
v 0.08845738937 -0.0149000001 -0.08451196125
v 0.08845626414 -0.0149000001 -0.08456933435
v 0.1186546099 -0.01610000014 -0.1392543041
v 0.1102256356 -0.01610000014 -0.1391623704
v 0.1019765595 -0.01610000014 -0.137427792
v 0.09422438317 -0.01610000014 -0.1341172277
v 0.08726702504 -0.01610000014 -0.1293578972
v 0.08137184807 -0.01610000014 -0.1233327077
v 0.0767654075 -0.01610000014 -0.1162731989
v 0.0736247154 -0.01610000014 -0.1084506574
v 0.0720704692 -0.01610000014 -0.1001657099
v 0.072074366 -0.01610000014 -0.09262591785
v 0.0733951633 -0.01610000014 -0.08520270545
v 0.0759922731 -0.01610000014 -0.07812432025
v 0.0759922731 -0.02609999895 -0.07812432025
v 0.0797088356 -0.02609999895 -0.07171771085
v 0.08446969179 -0.02609999895 -0.06604394115
v 0.09013356471 -0.02609999895 -0.06127131575
v 0.09013356471 -0.01610000014 -0.06127131575
v 0.09665342882 -0.01610000014 -0.05748449255
v 0.1037344942 -0.01610000014 -0.05489471075
v 0.1111590658 -0.01610000014 -0.05358157405
v 0.1195880354 -0.01610000014 -0.05367351245
v 0.1278371114 -0.01610000014 -0.05540808855
v 0.1355892878 -0.01610000014 -0.05871865045
v 0.1425466459 -0.01610000014 -0.06347797845
v 0.1484418205 -0.01610000014 -0.06950316805
v 0.1530482658 -0.01610000014 -0.07656268645
v 0.156188958 -0.01610000014 -0.08438522305
v 0.1577432018 -0.01610000014 -0.09267016585
v 0.1576512657 -0.01610000014 -0.1010991401
v 0.1559166872 -0.01610000014 -0.1093482162
v 0.152606123 -0.01610000014 -0.1171003925
v 0.1478467949 -0.01610000014 -0.1240577507
v 0.1418216029 -0.01610000014 -0.1299529253
v 0.1347620941 -0.01610000014 -0.1345593706
v 0.1269395574 -0.01610000014 -0.1377000627
v 0.1186546099 -0.02970000029 -0.1392543041
v 0.1274788934 -0.02970000029 -0.1375390219
v 0.1357537142 -0.02970000029 -0.134026551
v 0.1431174299 -0.02970000029 -0.1288704001
v 0.149248209 -0.02970000029 -0.1222959255
v 0.1538781031 -0.02970000029 -0.1145904578
v 0.1568047645 -0.02970000029 -0.1060907636
v 0.157900287 -0.02970000029 -0.09716831825
v 0.1571167897 -0.02970000029 -0.08821307945
v 0.1544885149 -0.02970000029 -0.07961643485
v 0.1501303311 -0.02970000029 -0.07175409395
v 0.144232709 -0.02970000029 -0.06496967475
v 0.1370534082 -0.02970000029 -0.05955970275
v 0.1289061953 -0.02970000029 -0.05576061235
v 0.1201471413 -0.02970000029 -0.05373844715
v 0.1111590658 -0.02970000029 -0.05358157405
v 0.1023347824 -0.02970000029 -0.05529685855
v 0.09405995199 -0.02970000029 -0.05880933195
v 0.0866962411 -0.02970000029 -0.06396548035
v 0.08056546193 -0.02970000029 -0.07053995025
v 0.0759355678 -0.02970000029 -0.07824542745
v 0.0730089089 -0.02970000029 -0.08674512175
v 0.0719133816 -0.02970000029 -0.09566756225
v 0.0726968789 -0.02970000029 -0.1046228011
v 0.0753251537 -0.02970000029 -0.1132194456
v 0.0796833447 -0.02970000029 -0.1210817865
v 0.08558096437 -0.02970000029 -0.127866201
v 0.09276026273 -0.02970000029 -0.133276173
v 0.1009074757 -0.02970000029 -0.1370752634
v 0.1096665296 -0.02970000029 -0.1390974333
v 0.1111590658 -0.02970000029 -0.05358157405
v 0.1111590658 -0.01610000014 -0.05358157405
v 0.1202444328 -0.01539999962 -0.1339050634
v 0.1188814643 -0.01539999962 -0.1333057339
v 0.1173982149 -0.01539999962 -0.133435503
v 0.1161600323 -0.01539999962 -0.13426241
v 0.1159151477 -0.01539999962 -0.1314634216
v 0.1163869564 -0.01539999962 -0.1299670366
v 0.1177786759 -0.01539999962 -0.1292425492
v 0.1192750585 -0.01539999962 -0.1297143555
v 0.1199995482 -0.01539999962 -0.131106075
v 0.1178701923 -0.01539999962 -0.1302885534
v 0.1169829761 -0.01539999962 -0.1310597985
v 0.1174423105 -0.01539999962 -0.1321419176
v 0.1186134081 -0.01539999962 -0.1320394576
v 0.1188778504 -0.01539999962 -0.1308940156
v 0.08980781537 -0.01529999971 -0.05967166125
v 0.09008982713 -0.01480000019 -0.06008453495
v 0.08997792323 -0.01480000019 -0.06022748135
v 0.08996895901 -0.01480000019 -0.06040879395
v 0.09006619591 -0.01480000019 -0.06056207785
v 0.0897447988 -0.01529999971 -0.06094510265
v 0.08948549404 -0.01529999971 -0.06053632965
v 0.08950942088 -0.01529999971 -0.06005283585
v 0.0748159257 -0.01480000019 -0.07828732435
v 0.0743603551 -0.01529999971 -0.07808129335
v 0.0746839171 -0.01529999971 -0.07772124255
v 0.0751559094 -0.01529999971 -0.07761372455
v 0.0756035072 -0.01529999971 -0.07779810715
v 0.0752821101 -0.01480000019 -0.07818113185
v 0.0751142633 -0.01480000019 -0.07811198125
v 0.0749372709 -0.01480000019 -0.07815230295
v 0.1187853422 -0.02970000029 -0.1407485971
v 0.1279174526 -0.02970000029 -0.1389734785
v 0.1364809313 -0.02970000029 -0.1353384789
v 0.1441015212 -0.02970000029 -0.1300024646
v 0.1504461638 -0.02970000029 -0.1231986477
v 0.1552375646 -0.02970000029 -0.1152243818
v 0.158266321 -0.02970000029 -0.1064281853
v 0.1594000591 -0.02970000029 -0.09719449405
v 0.1585892313 -0.02970000029 -0.08792686015
v 0.1558692722 -0.02970000029 -0.07903033285
v 0.1513590579 -0.02970000029 -0.07089372495
v 0.1452557063 -0.02970000029 -0.06387264235
v 0.1378259632 -0.02970000029 -0.05827395765
v 0.1293945456 -0.02970000029 -0.05434233565
v 0.1203299438 -0.02970000029 -0.05224962775
v 0.1110283287 -0.02970000029 -0.05208728105
v 0.1018962184 -0.02970000029 -0.05386239965
v 0.09333273488 -0.02970000029 -0.05749740155
v 0.08571215212 -0.02970000029 -0.06283341345
v 0.0793675119 -0.02970000029 -0.06963723285
v 0.074576104 -0.02970000029 -0.07761149395
v 0.0715473547 -0.02970000029 -0.08640769525
v 0.0704136143 -0.02970000029 -0.09564138655
v 0.0712244444 -0.02970000029 -0.1049090156
v 0.0739443964 -0.02970000029 -0.1138055477
v 0.0784546131 -0.02970000029 -0.1219421555
v 0.0845579694 -0.02970000029 -0.1289632334
v 0.0919877125 -0.02970000029 -0.1345619252
v 0.1004191254 -0.02970000029 -0.1384935424
v 0.1094837272 -0.02970000029 -0.1405862528
v 0.1186546099 -0.02970000029 -0.1392543041
v 0.1096665296 -0.02970000029 -0.1390974333
v 0.1009074757 -0.02970000029 -0.1370752634
v 0.09276026273 -0.02970000029 -0.133276173
v 0.08558096437 -0.02970000029 -0.127866201
v 0.0796833447 -0.02970000029 -0.1210817865
v 0.0753251537 -0.02970000029 -0.1132194456
v 0.0726968789 -0.02970000029 -0.1046228011
v 0.0719133816 -0.02970000029 -0.09566756225
v 0.0730089089 -0.02970000029 -0.08674512175
v 0.0759355678 -0.02970000029 -0.07824542745
v 0.08056546193 -0.02970000029 -0.07053995025
v 0.0866962411 -0.02970000029 -0.06396548035
v 0.09405995199 -0.02970000029 -0.05880933195
v 0.1023347824 -0.02970000029 -0.05529685855
v 0.1111590658 -0.02970000029 -0.05358157405
v 0.1201471413 -0.02970000029 -0.05373844715
v 0.1289061953 -0.02970000029 -0.05576061235
v 0.1370534082 -0.02970000029 -0.05955970275
v 0.144232709 -0.02970000029 -0.06496967475
v 0.1501303311 -0.02970000029 -0.07175409395
v 0.1544885149 -0.02970000029 -0.07961643485
v 0.1571167897 -0.02970000029 -0.08821307945
v 0.157900287 -0.02970000029 -0.09716831825
v 0.1568047645 -0.02970000029 -0.1060907636
v 0.1538781031 -0.02970000029 -0.1145904578
v 0.149248209 -0.02970000029 -0.1222959255
v 0.1431174299 -0.02970000029 -0.1288704001
v 0.1357537142 -0.02970000029 -0.134026551
v 0.1274788934 -0.02970000029 -0.1375390219
v 0.1387506202 -0.01480000019 -0.1224746434
v 0.1370386824 -0.01480000019 -0.1214047431
v 0.137829978 -0.01480000019 -0.1206580481
v 0.1387966731 -0.01480000019 -0.122431461
v 0.1182714804 -0.01480000019 -0.09828766295
v 0.1185851533 -0.01480000019 -0.09818676365
v 0.118903709 -0.01480000019 -0.09810272535
v 0.1192265181 -0.01480000019 -0.09803653975
v 0.1195533708 -0.01480000019 -0.09799516875
v 0.1195533708 -0.0149000001 -0.09799516875
v 0.1192265181 -0.0149000001 -0.09803653975
v 0.118903709 -0.0149000001 -0.09810272535
v 0.1185851533 -0.0149000001 -0.09818676365
v 0.1182714804 -0.0149000001 -0.09828766295
v 0.08608676954 -0.01480000019 -0.08175884125
v 0.08575388121 -0.01480000019 -0.08246299675
v 0.08543219686 -0.01480000019 -0.08219307885
v 0.08606784861 -0.01480000019 -0.08174297215
v 0.08863298973 -0.01480000019 -0.08468537715
v 0.08845626414 -0.01480000019 -0.08456933435
v 0.08845626414 -0.0149000001 -0.08456933435
v 0.08863298973 -0.0149000001 -0.08468537715
v 0.08959887346 -0.01480000019 -0.08604401795
v 0.08917670138 -0.01480000019 -0.08630883505
v 0.08870698786 -0.01480000019 -0.08613364585
v 0.0884113195 -0.01480000019 -0.08572719045
v 0.08853291212 -0.01480000019 -0.08524279995
v 0.08882545131 -0.01480000019 -0.08500747075
v 0.08919585848 -0.01480000019 -0.08504481595
v 0.08919585848 -0.0149000001 -0.08504481595
v 0.08856911352 -0.0149000001 -0.08519614615
v 0.08845560835 -0.0149000001 -0.08585079605
v 0.08898829344 -0.0149000001 -0.08628712975
v 0.08959887346 -0.0149000001 -0.08604401795
v 0.0743603551 -0.01529999971 -0.07808129335
v 0.0714778801 -0.01529999971 -0.08671351965
v 0.0704118216 -0.01529999971 -0.09575163125
v 0.0712067727 -0.01529999971 -0.1048176155
v 0.0738294782 -0.01529999971 -0.1135322773
v 0.0781702458 -0.01529999971 -0.1215311367
v 0.08404751437 -0.01529999971 -0.1284796356
v 0.09121547389 -0.01529999971 -0.1340871517
v 0.0993743364 -0.01529999971 -0.1381191556
v 0.108182834 -0.01529999971 -0.1404070048
v 0.117272567 -0.01529999971 -0.1408550107
v 0.126263353 -0.01529999971 -0.1394444367
v 0.1347791535 -0.01529999971 -0.1362342801
v 0.142463793 -0.01529999971 -0.1313588046
v 0.1489958644 -0.01529999971 -0.1250219277
v 0.1541021597 -0.01529999971 -0.117488688
v 0.1575691135 -0.01529999971 -0.1090741654
v 0.1592517154 -0.01529999971 -0.1001302996
v 0.1590795946 -0.01529999971 -0.09103115975
v 0.1570599472 -0.01529999971 -0.08215732395
v 0.1532772455 -0.01529999971 -0.07387993335
v 0.1478897023 -0.01529999971 -0.06654520505
v 0.1411226499 -0.01529999971 -0.06045989745
v 0.1332591227 -0.01529999971 -0.05587853615
v 0.1246280074 -0.01529999971 -0.05299273275
v 0.1155903058 -0.01529999971 -0.05192319335
v 0.1065240211 -0.01529999971 -0.05271464445
v 0.09780834372 -0.01529999971 -0.05533398355
v 0.08980781537 -0.01529999971 -0.05967166125
v 0.08980781537 -0.02609999895 -0.05967166125
v 0.08356261187 -0.02609999895 -0.06483012515
v 0.0783559615 -0.02609999895 -0.07103520675
v 0.0743603551 -0.02609999895 -0.07808129335
v 0.1187853422 -0.02970000029 -0.1407485971
v 0.1094837272 -0.02970000029 -0.1405862528
v 0.1004191254 -0.02970000029 -0.1384935424
v 0.0919877125 -0.02970000029 -0.1345619252
v 0.0845579694 -0.02970000029 -0.1289632334
v 0.0784546131 -0.02970000029 -0.1219421555
v 0.0739443964 -0.02970000029 -0.1138055477
v 0.0712244444 -0.02970000029 -0.1049090156
v 0.0704136143 -0.02970000029 -0.09564138655
v 0.0715473547 -0.02970000029 -0.08640769525
v 0.074576104 -0.02970000029 -0.07761149395
v 0.0793675119 -0.02970000029 -0.06963723285
v 0.08571215212 -0.02970000029 -0.06283341345
v 0.09333273488 -0.02970000029 -0.05749740155
v 0.1018962184 -0.02970000029 -0.05386239965
v 0.1110283287 -0.02970000029 -0.05208728105
v 0.1203299438 -0.02970000029 -0.05224962775
v 0.1293945456 -0.02970000029 -0.05434233565
v 0.1378259632 -0.02970000029 -0.05827395765
v 0.1452557063 -0.02970000029 -0.06387264235
v 0.1513590579 -0.02970000029 -0.07089372495
v 0.1558692722 -0.02970000029 -0.07903033285
v 0.1585892313 -0.02970000029 -0.08792686015
v 0.1594000591 -0.02970000029 -0.09719449405
v 0.158266321 -0.02970000029 -0.1064281853
v 0.1552375646 -0.02970000029 -0.1152243818
v 0.1504461638 -0.02970000029 -0.1231986477
v 0.1441015212 -0.02970000029 -0.1300024646
v 0.1364809313 -0.02970000029 -0.1353384789
v 0.1279174526 -0.02970000029 -0.1389734785
v 0.1155903058 -0.01529999971 -0.05192319335
v 0.1110283287 -0.02970000029 -0.05208728105
v 0.0783434366 -0.01610000014 -0.08009717265
v 0.0759922731 -0.01610000014 -0.07812432025
v 0.0733951633 -0.01610000014 -0.08520270545
v 0.072074366 -0.01610000014 -0.09262591785
v 0.0720704692 -0.01610000014 -0.1001657099
v 0.072760916 -0.01610000014 -0.09797588175
v 0.074797581 -0.01610000014 -0.09691565465
v 0.0769874092 -0.01610000014 -0.09760610145
v 0.0780476411 -0.01610000014 -0.09964276645
v 0.0773571943 -0.01610000014 -0.1018325993
v 0.0753205293 -0.01610000014 -0.1028928217
v 0.0731306916 -0.01610000014 -0.1022023749
v 0.0720704692 -0.01610000014 -0.1001657099
v 0.0736247154 -0.01610000014 -0.1084506574
v 0.0767654075 -0.01610000014 -0.1162731989
v 0.08137184807 -0.01610000014 -0.1233327077
v 0.08726702504 -0.01610000014 -0.1293578972
v 0.09422438317 -0.01610000014 -0.1341172277
v 0.1019765595 -0.01610000014 -0.137427792
v 0.1102256356 -0.01610000014 -0.1391623704
v 0.1186546099 -0.01610000014 -0.1392543041
v 0.116464777 -0.01610000014 -0.1385638573
v 0.1154045498 -0.01610000014 -0.1365271947
v 0.1160949966 -0.01610000014 -0.1343373617
v 0.1181316617 -0.01610000014 -0.133277137
v 0.1203214946 -0.01610000014 -0.1339675838
v 0.121381717 -0.01610000014 -0.1360042488
v 0.1206912702 -0.01610000014 -0.1381940793
v 0.1186546099 -0.01610000014 -0.1392543041
v 0.1269395574 -0.01610000014 -0.1377000627
v 0.1347620941 -0.01610000014 -0.1345593706
v 0.1418216029 -0.01610000014 -0.1299529253
v 0.1478467949 -0.01610000014 -0.1240577507
v 0.152606123 -0.01610000014 -0.1171003925
v 0.1559166872 -0.01610000014 -0.1093482162
v 0.1576512657 -0.01610000014 -0.1010991401
v 0.1577432018 -0.01610000014 -0.09267016585
v 0.1570527549 -0.01610000014 -0.09485999875
v 0.1550160899 -0.01610000014 -0.09592022595
v 0.1528262594 -0.01610000014 -0.09522977915
v 0.1517660346 -0.01610000014 -0.09319311415
v 0.1524564814 -0.01610000014 -0.09100328115
v 0.1544931441 -0.01610000014 -0.08994305875
v 0.156682977 -0.01610000014 -0.09063350565
v 0.1577432018 -0.01610000014 -0.09267016585
v 0.156188958 -0.01610000014 -0.08438522305
v 0.1530482658 -0.01610000014 -0.07656268645
v 0.1484418205 -0.01610000014 -0.06950316805
v 0.1425466459 -0.01610000014 -0.06347797845
v 0.1355892878 -0.01610000014 -0.05871865045
v 0.1278371114 -0.01610000014 -0.05540808855
v 0.1195880354 -0.01610000014 -0.05367351245
v 0.1111590658 -0.01610000014 -0.05358157405
v 0.113348894 -0.01610000014 -0.05427202085
v 0.1144091211 -0.01610000014 -0.05630868585
v 0.1137186743 -0.01610000014 -0.05849851405
v 0.1116820093 -0.01610000014 -0.05955874595
v 0.1094921764 -0.01610000014 -0.05886829915
v 0.108431954 -0.01610000014 -0.05683163415
v 0.1091224008 -0.01610000014 -0.05464179635
v 0.1111590658 -0.01610000014 -0.05358157405
v 0.1037344942 -0.01610000014 -0.05489471075
v 0.09665342882 -0.01610000014 -0.05748449255
v 0.09013356471 -0.01610000014 -0.06127131575
v 0.09248472822 -0.01610000014 -0.06324416815
v 0.09307854456 -0.01610000014 -0.06409221245
v 0.0931687735 -0.01610000014 -0.06512355385
v 0.09273124844 -0.01610000014 -0.06606182715
v 0.08116109556 -0.01610000014 -0.07985065245
v 0.08031305126 -0.01610000014 -0.08044445925
v 0.0792817099 -0.01610000014 -0.08053469775
v 0.1117691674 -0.01610000014 -0.06055493495
v 0.1127768255 -0.01610000014 -0.06116040185
v 0.1125123831 -0.01610000014 -0.06230584145
v 0.1113412856 -0.01610000014 -0.06240829675
v 0.1108819512 -0.01610000014 -0.06132618245
v 0.0799528706 -0.01610000014 -0.09847225665
v 0.08096053345 -0.01610000014 -0.09907771885
v 0.08069609111 -0.01610000014 -0.1002231584
v 0.0795249888 -0.01610000014 -0.1003256185
v 0.0790656592 -0.01610000014 -0.09924350415
v 0.1178701923 -0.01610000014 -0.1302885534
v 0.1188778504 -0.01610000014 -0.1308940156
v 0.1186134081 -0.01610000014 -0.1320394576
v 0.1174423105 -0.01610000014 -0.1321419176
v 0.1169829761 -0.01610000014 -0.1310597985
v 0.1496864867 -0.01610000014 -0.09237123165
v 0.1506941496 -0.01610000014 -0.09297669395
v 0.1504297049 -0.01610000014 -0.09412213825
v 0.1492586073 -0.01610000014 -0.09422459355
v 0.1487992753 -0.01610000014 -0.09314247925
v 0.1161600323 -0.01480000019 -0.13426241
v 0.1159151477 -0.01480000019 -0.1314634216
v 0.1159151477 -0.01539999962 -0.1314634216
v 0.1161600323 -0.01539999962 -0.13426241
v 0.1202444328 -0.01539999962 -0.1339050634
v 0.1199995482 -0.01539999962 -0.131106075
v 0.1199995482 -0.01480000019 -0.131106075
v 0.1202444328 -0.01480000019 -0.1339050634
v 0.0743603551 -0.02609999895 -0.07808129335
v 0.0783559615 -0.02609999895 -0.07103520675
v 0.08356261187 -0.02609999895 -0.06483012515
v 0.08980781537 -0.02609999895 -0.05967166125
v 0.08950942088 -0.02609999895 -0.06005283585
v 0.08948549404 -0.02609999895 -0.06053632965
v 0.0897447988 -0.02609999895 -0.06094510265
v 0.09013356471 -0.02609999895 -0.06127131575
v 0.08446969179 -0.02609999895 -0.06604394115
v 0.0797088356 -0.02609999895 -0.07171771085
v 0.0759922731 -0.02609999895 -0.07812432025
v 0.0756035072 -0.02609999895 -0.07779810715
v 0.0751559094 -0.02609999895 -0.07761372455
v 0.0746839171 -0.02609999895 -0.07772124255
v 0.0897447988 -0.01529999971 -0.06094510265
v 0.09006619591 -0.01480000019 -0.06056207785
v 0.09280612533 -0.01480000019 -0.06286114345
v 0.09248472822 -0.01529999971 -0.06324416815
v 0.1385666335 -0.01480000019 -0.1175295659
v 0.1387911899 -0.01480000019 -0.1172619501
v 0.1393665218 -0.01480000019 -0.1167959886
v 0.1400944016 -0.01480000019 -0.1167063277
v 0.1407762578 -0.01480000019 -0.1170000534
v 0.1413767682 -0.01480000019 -0.1174415082
v 0.1419191094 -0.01480000019 -0.1179610165
v 0.1423328168 -0.01480000019 -0.1185845948
v 0.1423840161 -0.01480000019 -0.1193223477
v 0.1420269139 -0.01480000019 -0.1199770362
v 0.1418023575 -0.01480000019 -0.1202446519
v 0.1187337271 -0.01480000019 -0.09867553575
v 0.1182714804 -0.01480000019 -0.09828766295
v 0.1182714804 -0.0149000001 -0.09828766295
v 0.1187337271 -0.0149000001 -0.09867553575
v 0.08301288518 -0.01480000019 -0.08101753645
v 0.08279527545 -0.01480000019 -0.08083493685
v 0.08267283299 -0.01480000019 -0.08071067325
v 0.08259207558 -0.01480000019 -0.08055696975
v 0.08260652344 -0.01480000019 -0.08038581375
v 0.08269924894 -0.01480000019 -0.08023844235
v 0.08281781909 -0.01480000019 -0.08013761965
v 0.08296910039 -0.01480000019 -0.08010793155
v 0.08311929464 -0.01480000019 -0.08015038885
v 0.08325115933 -0.01480000019 -0.08023399725
v 0.08349715045 -0.01480000019 -0.08044040055
v 0.08913596541 -0.01480000019 -0.08372087775
v 0.08911499418 -0.01480000019 -0.08376058875
v 0.08909396573 -0.01480000019 -0.08380028075
v 0.08907284191 -0.01480000019 -0.08383992495
v 0.08905162273 -0.01480000019 -0.08387951205
v 0.08892474632 -0.01480000019 -0.08411969515
v 0.08879804157 -0.01480000019 -0.08435997365
v 0.0887140613 -0.01480000019 -0.08452195535
v 0.08863298973 -0.01480000019 -0.08468537715
v 0.08863298973 -0.0149000001 -0.08468537715
v 0.0887140613 -0.0149000001 -0.08452195535
v 0.08879804157 -0.0149000001 -0.08435997365
v 0.08892474632 -0.0149000001 -0.08411969515
v 0.08905162273 -0.0149000001 -0.08387951205
v 0.08907284191 -0.0149000001 -0.08383992495
v 0.08909396573 -0.0149000001 -0.08380028075
v 0.08911499418 -0.0149000001 -0.08376058875
v 0.08913596541 -0.0149000001 -0.08372087775
v 0.08919585848 -0.01480000019 -0.08504481595
v 0.08935473945 -0.01480000019 -0.08437669055
v 0.09004294908 -0.01480000019 -0.08443449155
v 0.09027394922 -0.01480000019 -0.08508814905
v 0.0896863148 -0.01480000019 -0.08544023705
v 0.0896863148 -0.0149000001 -0.08544023705
v 0.08995644302 -0.0149000001 -0.08542264135
v 0.0901719922 -0.0149000001 -0.08525636785
v 0.09029779061 -0.0149000001 -0.08482020465
v 0.09004762209 -0.0149000001 -0.08443815365
v 0.08961658963 -0.0149000001 -0.08428027365
v 0.08923043778 -0.0149000001 -0.08451370515
v 0.08916521621 -0.0149000001 -0.08463751125
v 0.08913548088 -0.0149000001 -0.08477381045
v 0.08914960504 -0.0149000001 -0.08491277035
v 0.08919585848 -0.0149000001 -0.08504481595
v 0.0896863148 -0.01480000019 -0.08544023705
v 0.08973275901 -0.01480000019 -0.08559410285
v 0.08973248272 -0.01480000019 -0.08575447275
v 0.08968441781 -0.01480000019 -0.08590793805
v 0.08959887346 -0.01480000019 -0.08604401795
v 0.08959887346 -0.0149000001 -0.08604401795
v 0.08968441781 -0.0149000001 -0.08590793805
v 0.08973248272 -0.0149000001 -0.08575447275
v 0.08973275901 -0.0149000001 -0.08559410285
v 0.0896863148 -0.0149000001 -0.08544023705
v 0.1496864867 -0.01610000014 -0.09237123165
v 0.1487992753 -0.01610000014 -0.09314247925
v 0.1492586073 -0.01610000014 -0.09422459355
v 0.1504297049 -0.01610000014 -0.09412213825
v 0.1506941496 -0.01610000014 -0.09297669395
v 0.1496864867 -0.01539999962 -0.09237123165
v 0.1506941496 -0.01539999962 -0.09297669395
v 0.1504297049 -0.01539999962 -0.09412213825
v 0.1492586073 -0.01539999962 -0.09422459355
v 0.1487992753 -0.01539999962 -0.09314247925
v 0.1504297049 -0.01539999962 -0.09412213825
v 0.1504297049 -0.01610000014 -0.09412213825
v 0.1527513052 -0.01480000019 -0.09516474345
v 0.1499523168 -0.01480000019 -0.09540962805
v 0.1499523168 -0.01539999962 -0.09540962805
v 0.1527513052 -0.01539999962 -0.09516474345
v 0.0783434366 -0.01610000014 -0.08009717265
v 0.0783434366 -0.01529999971 -0.08009717265
v 0.0756035072 -0.01529999971 -0.07779810715
v 0.0756035072 -0.02609999895 -0.07779810715
v 0.0759922731 -0.02609999895 -0.07812432025
v 0.0759922731 -0.01610000014 -0.07812432025
v 0.08980781537 -0.02609999895 -0.05967166125
v 0.08980781537 -0.01529999971 -0.05967166125
v 0.08950942088 -0.01529999971 -0.06005283585
v 0.08948549404 -0.01529999971 -0.06053632965
v 0.0897447988 -0.01529999971 -0.06094510265
v 0.0897447988 -0.02609999895 -0.06094510265
v 0.08948549404 -0.02609999895 -0.06053632965
v 0.08950942088 -0.02609999895 -0.06005283585
v 0.0756035072 -0.02609999895 -0.07779810715
v 0.0756035072 -0.01529999971 -0.07779810715
v 0.0751559094 -0.01529999971 -0.07761372455
v 0.0746839171 -0.01529999971 -0.07772124255
v 0.0743603551 -0.01529999971 -0.07808129335
v 0.0743603551 -0.02609999895 -0.07808129335
v 0.0746839171 -0.02609999895 -0.07772124255
v 0.0751559094 -0.02609999895 -0.07761372455
v 0.0752821101 -0.01480000019 -0.07818113185
v 0.0756035072 -0.01529999971 -0.07779810715
v 0.0783434366 -0.01529999971 -0.08009717265
v 0.0780220395 -0.01480000019 -0.08048018795
v 0.0780220395 -0.01480000019 -0.08048018795
v 0.0783434366 -0.01529999971 -0.08009717265
v 0.0792817099 -0.01529999971 -0.08053469775
v 0.08031305126 -0.01529999971 -0.08044445925
v 0.08116109556 -0.01529999971 -0.07985065245
v 0.08154412034 -0.01480000019 -0.08017204005
v 0.08048405542 -0.01480000019 -0.08091430565
v 0.0791948882 -0.01480000019 -0.08102709905
v 0.09284330806 -0.01480000019 -0.06770725845
v 0.09312494666 -0.01480000019 -0.06742409295
v 0.09347371457 -0.01480000019 -0.06723430165
v 0.09386694314 -0.01480000019 -0.06725875315
v 0.09420725265 -0.01480000019 -0.06746519445
v 0.09420725265 -0.0149000001 -0.06746519445
v 0.09386694314 -0.0149000001 -0.06725875315
v 0.09347371457 -0.0149000001 -0.06723430165
v 0.09312494666 -0.0149000001 -0.06742409295
v 0.09284330806 -0.0149000001 -0.06770725845
v 0.1205438578 -0.01480000019 -0.09849462055
v 0.1200870573 -0.01480000019 -0.09847554315
v 0.1196305716 -0.01480000019 -0.09850122635
v 0.1191784395 -0.01480000019 -0.09856930525
v 0.1187337271 -0.01480000019 -0.09867553575
v 0.1187337271 -0.0149000001 -0.09867553575
v 0.1191784395 -0.0149000001 -0.09856930525
v 0.1196305716 -0.0149000001 -0.09850122635
v 0.1200870573 -0.0149000001 -0.09847554315
v 0.1205438578 -0.0149000001 -0.09849462055
v 0.09313979452 -0.01480000019 -0.08323863575
v 0.0928069062 -0.01480000019 -0.08394279125
v 0.09248522184 -0.01480000019 -0.08367286385
v 0.09312087359 -0.01480000019 -0.08322275705
v 0.0883885316 -0.01480000019 -0.08309370465
v 0.08913596541 -0.01480000019 -0.08372087775
v 0.08913596541 -0.0149000001 -0.08372087775
v 0.0883885316 -0.0149000001 -0.08309370465
v 0.1117691674 -0.01610000014 -0.06055493495
v 0.1108819512 -0.01610000014 -0.06132618245
v 0.1113412856 -0.01610000014 -0.06240829675
v 0.1125123831 -0.01610000014 -0.06230584145
v 0.1127768255 -0.01610000014 -0.06116040185
v 0.1117691674 -0.01539999962 -0.06055493495
v 0.1127768255 -0.01539999962 -0.06116040185
v 0.1125123831 -0.01539999962 -0.06230584145
v 0.1113412856 -0.01539999962 -0.06240829675
v 0.1108819512 -0.01539999962 -0.06132618245
v 0.1125123831 -0.01539999962 -0.06230584145
v 0.1125123831 -0.01610000014 -0.06230584145
v 0.1136536386 -0.01480000019 -0.05857347295
v 0.1138985233 -0.01480000019 -0.06137245895
v 0.1138985233 -0.01539999962 -0.06137245895
v 0.1136536386 -0.01539999962 -0.05857347295
v 0.1095692381 -0.01539999962 -0.05893081235
v 0.1098141228 -0.01539999962 -0.06172980785
v 0.1098141228 -0.01480000019 -0.06172980785
v 0.1095692381 -0.01480000019 -0.05893081235
v 0.152393961 -0.01539999962 -0.09108034295
v 0.1495949727 -0.01539999962 -0.09132522755
v 0.1495949727 -0.01480000019 -0.09132522755
v 0.152393961 -0.01480000019 -0.09108034295
v 0.0897447988 -0.02609999895 -0.06094510265
v 0.0897447988 -0.01529999971 -0.06094510265
v 0.09248472822 -0.01529999971 -0.06324416815
v 0.09248472822 -0.01610000014 -0.06324416815
v 0.09013356471 -0.01610000014 -0.06127131575
v 0.09013356471 -0.02609999895 -0.06127131575
v 0.09248472822 -0.01529999971 -0.06324416815
v 0.09280612533 -0.01480000019 -0.06286114345
v 0.09354839099 -0.01480000019 -0.06392120835
v 0.09366117477 -0.01480000019 -0.06521037555
v 0.09311427322 -0.01480000019 -0.06638322425
v 0.09273124844 -0.01529999971 -0.06606182715
v 0.0931687735 -0.01529999971 -0.06512355385
v 0.09307854456 -0.01529999971 -0.06409221245
v 0.1122303813 -0.01480000019 -0.1083034568
v 0.1115362986 -0.01480000019 -0.109130637
v 0.1115362986 -0.0149000001 -0.109130637
v 0.1122303813 -0.0149000001 -0.1083034568
v 0.09273124844 -0.01529999971 -0.06606182715
v 0.09311427322 -0.01480000019 -0.06638322425
v 0.08154412034 -0.01480000019 -0.08017204005
v 0.08116109556 -0.01529999971 -0.07985065245
v 0.09284971917 -0.01480000019 -0.06908305765
v 0.09259801538 -0.01480000019 -0.06878307985
v 0.09250629032 -0.01480000019 -0.06840453805
v 0.09261932868 -0.01480000019 -0.06803043045
v 0.09284330806 -0.01480000019 -0.06770725845
v 0.09284330806 -0.0149000001 -0.06770725845
v 0.09261932868 -0.0149000001 -0.06803043045
v 0.09250629032 -0.0149000001 -0.06840453805
v 0.09259801538 -0.0149000001 -0.06878307985
v 0.09284971917 -0.0149000001 -0.06908305765
v 0.1207888276 -0.01480000019 -0.09820267665
v 0.1205438578 -0.01480000019 -0.09849462055
v 0.1205438578 -0.0149000001 -0.09849462055
v 0.1207888276 -0.0149000001 -0.09820267665
v 0.09307054751 -0.01480000019 -0.08826381285
v 0.09333545955 -0.01480000019 -0.08848609475
v 0.09333545955 -0.0149000001 -0.08848609475
v 0.09307054751 -0.0149000001 -0.08826381285
v 0.08824563334 -0.01480000019 -0.08326400255
v 0.0883885316 -0.01480000019 -0.08309370465
v 0.0883885316 -0.0149000001 -0.08309370465
v 0.08824563334 -0.0149000001 -0.08326400255
v 0.0799528706 -0.01610000014 -0.09847225665
v 0.0790656592 -0.01610000014 -0.09924350415
v 0.0795249888 -0.01610000014 -0.1003256185
v 0.08069609111 -0.01610000014 -0.1002231584
v 0.08096053345 -0.01610000014 -0.09907771885
v 0.0799528706 -0.01539999962 -0.09847225665
v 0.08096053345 -0.01539999962 -0.09907771885
v 0.08069609111 -0.01539999962 -0.1002231584
v 0.0795249888 -0.01539999962 -0.1003256185
v 0.0790656592 -0.01539999962 -0.09924350415
v 0.08069609111 -0.01539999962 -0.1002231584
v 0.08069609111 -0.01610000014 -0.1002231584
v 0.0770623681 -0.01480000019 -0.09767113715
v 0.0798613541 -0.01480000019 -0.09742625245
v 0.0798613541 -0.01539999962 -0.09742625245
v 0.0770623681 -0.01539999962 -0.09767113715
v 0.0774197075 -0.01539999962 -0.1017555376
v 0.08021870308 -0.01539999962 -0.1015106529
v 0.08021870308 -0.01480000019 -0.1015106529
v 0.0774197075 -0.01480000019 -0.1017555376
v 0.1095692381 -0.01539999962 -0.05893081235
v 0.1109322067 -0.01539999962 -0.05953014655
v 0.1124154561 -0.01539999962 -0.05940037745
v 0.1136536386 -0.01539999962 -0.05857347295
v 0.1138985233 -0.01539999962 -0.06137245895
v 0.1134267146 -0.01539999962 -0.06286884155
v 0.1120349951 -0.01539999962 -0.06359333125
v 0.1105386125 -0.01539999962 -0.06312152265
v 0.1098141228 -0.01539999962 -0.06172980785
v 0.1117691674 -0.01539999962 -0.06055493495
v 0.1108819512 -0.01539999962 -0.06132618245
v 0.1113412856 -0.01539999962 -0.06240829675
v 0.1125123831 -0.01539999962 -0.06230584145
v 0.1127768255 -0.01539999962 -0.06116040185
v 0.152393961 -0.01539999962 -0.09108034295
v 0.1517946292 -0.01539999962 -0.09244330665
v 0.1519243983 -0.01539999962 -0.09392656095
v 0.1527513052 -0.01539999962 -0.09516474345
v 0.1499523168 -0.01539999962 -0.09540962805
v 0.1484559319 -0.01539999962 -0.09493781935
v 0.1477314469 -0.01539999962 -0.09354609985
v 0.1482032508 -0.01539999962 -0.09204971735
v 0.1495949727 -0.01539999962 -0.09132522755
v 0.1496864867 -0.01539999962 -0.09237123165
v 0.1487992753 -0.01539999962 -0.09314247925
v 0.1492586073 -0.01539999962 -0.09422459355
v 0.1504297049 -0.01539999962 -0.09412213825
v 0.1506941496 -0.01539999962 -0.09297669395
v 0.1178701923 -0.01610000014 -0.1302885534
v 0.1169829761 -0.01610000014 -0.1310597985
v 0.1174423105 -0.01610000014 -0.1321419176
v 0.1186134081 -0.01610000014 -0.1320394576
v 0.1188778504 -0.01610000014 -0.1308940156
v 0.1178701923 -0.01539999962 -0.1302885534
v 0.1188778504 -0.01539999962 -0.1308940156
v 0.1186134081 -0.01539999962 -0.1320394576
v 0.1174423105 -0.01539999962 -0.1321419176
v 0.1169829761 -0.01539999962 -0.1310597985
v 0.1186134081 -0.01539999962 -0.1320394576
v 0.1186134081 -0.01610000014 -0.1320394576
v 0.08116109556 -0.01610000014 -0.07985065245
v 0.08116109556 -0.01529999971 -0.07985065245
v 0.08031305126 -0.01529999971 -0.08044445925
v 0.0792817099 -0.01529999971 -0.08053469775
v 0.0783434366 -0.01529999971 -0.08009717265
v 0.0783434366 -0.01610000014 -0.08009717265
v 0.0792817099 -0.01610000014 -0.08053469775
v 0.08031305126 -0.01610000014 -0.08044445925
v 0.1096047307 -0.01480000019 -0.1114325956
v 0.1089106479 -0.01480000019 -0.1122597758
v 0.1089106479 -0.0149000001 -0.1122597758
v 0.1096047307 -0.0149000001 -0.1114325956
v 0.111607931 -0.01480000019 -0.104796168
v 0.1123360721 -0.01480000019 -0.1055203632
v 0.1128238781 -0.01480000019 -0.1064173264
v 0.112761214 -0.01480000019 -0.1074283834
v 0.1122303813 -0.01480000019 -0.1083034568
v 0.1122303813 -0.0149000001 -0.1083034568
v 0.112761214 -0.0149000001 -0.1074283834
v 0.1128238781 -0.0149000001 -0.1064173264
v 0.1123360721 -0.0149000001 -0.1055203632
v 0.111607931 -0.0149000001 -0.104796168
v 0.1115362986 -0.01480000019 -0.109130637
v 0.1073760837 -0.01480000019 -0.1056398148
v 0.1073760837 -0.0149000001 -0.1056398148
v 0.1115362986 -0.0149000001 -0.109130637
v 0.111607931 -0.0149000001 -0.104796168
v 0.1123360721 -0.0149000001 -0.1055203632
v 0.1128238781 -0.0149000001 -0.1064173264
v 0.112761214 -0.0149000001 -0.1074283834
v 0.1122303813 -0.0149000001 -0.1083034568
v 0.1115362986 -0.0149000001 -0.109130637
v 0.1073760837 -0.0149000001 -0.1056398148
v 0.1080701665 -0.0149000001 -0.1048126346
v 0.1088415543 -0.0149000001 -0.1041653888
v 0.1098149788 -0.0149000001 -0.1039295625
v 0.1107769316 -0.0149000001 -0.104220093
v 0.1085324131 -0.0149000001 -0.1052005027
v 0.1083078566 -0.0149000001 -0.1054681184
v 0.1115435782 -0.0149000001 -0.1081832044
v 0.1117681347 -0.0149000001 -0.1079155887
v 0.1121252369 -0.0149000001 -0.1072609002
v 0.1120740376 -0.0149000001 -0.1065231522
v 0.1116603326 -0.0149000001 -0.1058995691
v 0.1111179914 -0.0149000001 -0.1053800607
v 0.1105174809 -0.0149000001 -0.1049386059
v 0.1098356224 -0.0149000001 -0.1046448802
v 0.1091077401 -0.0149000001 -0.1047345412
v 0.1274303179 -0.01480000019 -0.08860775245
v 0.124072955 -0.01480000019 -0.08579059485
v 0.124072955 -0.0149000001 -0.08579059485
v 0.1274303179 -0.0149000001 -0.08860775245
v 0.1108308855 -0.01480000019 -0.10142371
v 0.1139961603 -0.01480000019 -0.1020203374
v 0.1153525059 -0.01480000019 -0.1028300235
v 0.1155374785 -0.01480000019 -0.1043614907
v 0.1143975105 -0.01480000019 -0.1054283252
v 0.112863358 -0.01480000019 -0.1051541322
v 0.1120430718 -0.01480000019 -0.103839341
v 0.1127467094 -0.01480000019 -0.1024508567
v 0.1127467094 -0.0149000001 -0.1024508567
v 0.1120430718 -0.0149000001 -0.103839341
v 0.112863358 -0.0149000001 -0.1051541322
v 0.1143975105 -0.0149000001 -0.1054283252
v 0.1155374785 -0.0149000001 -0.1043614907
v 0.1153525059 -0.0149000001 -0.1028300235
v 0.1139961603 -0.0149000001 -0.1020203374
v 0.1108308855 -0.0149000001 -0.10142371
v 0.09317139399 -0.01480000019 -0.06935297555
v 0.09284971917 -0.01480000019 -0.06908305765
v 0.09284971917 -0.0149000001 -0.06908305765
v 0.09317139399 -0.0149000001 -0.06935297555
v 0.1166042845 -0.01480000019 -0.09469144105
v 0.1207888276 -0.01480000019 -0.09820267665
v 0.1207888276 -0.0149000001 -0.09820267665
v 0.1166042845 -0.0149000001 -0.09469144105
v 0.09070255267 -0.01480000019 -0.08687337895
v 0.09079990165 -0.01480000019 -0.08568137165
v 0.09079990165 -0.0149000001 -0.08568137165
v 0.09070255267 -0.0149000001 -0.08687337895
v 0.09301693104 -0.01480000019 -0.08775127025
v 0.09293870135 -0.01480000019 -0.08787481885
v 0.09291976163 -0.01480000019 -0.08801840415
v 0.0929738352 -0.01480000019 -0.08815405465
v 0.09307054751 -0.01480000019 -0.08826381285
v 0.09307054751 -0.0149000001 -0.08826381285
v 0.09301138145 -0.0149000001 -0.08820564835
v 0.09296399325 -0.0149000001 -0.08813751795
v 0.09292430116 -0.0149000001 -0.08804022415
v 0.09292021925 -0.0149000001 -0.08793578735
v 0.09295668758 -0.0149000001 -0.08783743485
v 0.09301693104 -0.0149000001 -0.08775127025
v 0.09333545955 -0.01480000019 -0.08848609475
v 0.09380384617 -0.01480000019 -0.08792788935
v 0.09380384617 -0.0149000001 -0.08792788935
v 0.09333545955 -0.0149000001 -0.08848609475
v 0.08885115066 -0.01480000019 -0.08377209055
v 0.08824563334 -0.01480000019 -0.08326400255
v 0.08824563334 -0.0149000001 -0.08326400255
v 0.08885115066 -0.0149000001 -0.08377209055
v 0.08835480368 -0.01480000019 -0.08511297655
v 0.08754377051 -0.01480000019 -0.08515897365
v 0.08727669266 -0.01480000019 -0.08438198705
v 0.08790376114 -0.01480000019 -0.08381557015
v 0.08860438829 -0.01480000019 -0.08425831225
v 0.08860438829 -0.0149000001 -0.08425831225
v 0.08790376114 -0.0149000001 -0.08381557015
v 0.08727669266 -0.0149000001 -0.08438198705
v 0.08754377051 -0.0149000001 -0.08515897365
v 0.08835480368 -0.0149000001 -0.08511297655
v 0.0774197075 -0.01539999962 -0.1017555376
v 0.0780190418 -0.01539999962 -0.100392569
v 0.0778892727 -0.01539999962 -0.09890931965
v 0.0770623681 -0.01539999962 -0.09767113715
v 0.0798613541 -0.01539999962 -0.09742625245
v 0.08135773673 -0.01539999962 -0.09789805635
v 0.08208222648 -0.01539999962 -0.09928978065
v 0.08161041781 -0.01539999962 -0.1007861632
v 0.08021870308 -0.01539999962 -0.1015106529
v 0.0799528706 -0.01539999962 -0.09847225665
v 0.0790656592 -0.01539999962 -0.09924350415
v 0.0795249888 -0.01539999962 -0.1003256185
v 0.08069609111 -0.01539999962 -0.1002231584
v 0.08096053345 -0.01539999962 -0.09907771885
v 0.1138985233 -0.01480000019 -0.06137245895
v 0.1134267146 -0.01480000019 -0.06286884155
v 0.1120349951 -0.01480000019 -0.06359333125
v 0.1105386125 -0.01480000019 -0.06312152265
v 0.1098141228 -0.01480000019 -0.06172980785
v 0.1098141228 -0.01539999962 -0.06172980785
v 0.1105386125 -0.01539999962 -0.06312152265
v 0.1120349951 -0.01539999962 -0.06359333125
v 0.1134267146 -0.01539999962 -0.06286884155
v 0.1138985233 -0.01539999962 -0.06137245895
v 0.09248472822 -0.01610000014 -0.06324416815
v 0.09248472822 -0.01529999971 -0.06324416815
v 0.09307854456 -0.01529999971 -0.06409221245
v 0.0931687735 -0.01529999971 -0.06512355385
v 0.09273124844 -0.01529999971 -0.06606182715
v 0.09273124844 -0.01610000014 -0.06606182715
v 0.0931687735 -0.01610000014 -0.06512355385
v 0.09307854456 -0.01610000014 -0.06409221245
v 0.1499523168 -0.01480000019 -0.09540962805
v 0.1484559319 -0.01480000019 -0.09493781935
v 0.1477314469 -0.01480000019 -0.09354609985
v 0.1482032508 -0.01480000019 -0.09204971735
v 0.1495949727 -0.01480000019 -0.09132522755
v 0.1495949727 -0.01539999962 -0.09132522755
v 0.1482032508 -0.01539999962 -0.09204971735
v 0.1477314469 -0.01539999962 -0.09354609985
v 0.1484559319 -0.01539999962 -0.09493781935
v 0.1499523168 -0.01539999962 -0.09540962805
v 0.09273124844 -0.01610000014 -0.06606182715
v 0.09273124844 -0.01529999971 -0.06606182715
v 0.08116109556 -0.01529999971 -0.07985065245
v 0.08116109556 -0.01610000014 -0.07985065245
v 0.1511702356 -0.01480000019 -0.1010745038
v 0.1510458039 -0.01480000019 -0.1017948905
v 0.1510458039 -0.0149000001 -0.1017948905
v 0.1511702356 -0.0149000001 -0.1010745038
v 0.1089822803 -0.01480000019 -0.1079253068
v 0.1097104215 -0.01480000019 -0.1086495019
v 0.1101982275 -0.01480000019 -0.1095464699
v 0.1101355681 -0.01480000019 -0.1105575222
v 0.1096047307 -0.01480000019 -0.1114325956
v 0.1096047307 -0.0149000001 -0.1114325956
v 0.1101355681 -0.0149000001 -0.1105575222
v 0.1101982275 -0.0149000001 -0.1095464699
v 0.1097104215 -0.0149000001 -0.1086495019
v 0.1089822803 -0.0149000001 -0.1079253068
v 0.1089106479 -0.01480000019 -0.1122597758
v 0.1047504331 -0.01480000019 -0.1087689536
v 0.1047504331 -0.0149000001 -0.1087689536
v 0.1089106479 -0.0149000001 -0.1122597758
v 0.1089822803 -0.0149000001 -0.1079253068
v 0.1097104215 -0.0149000001 -0.1086495019
v 0.1101982275 -0.0149000001 -0.1095464699
v 0.1101355681 -0.0149000001 -0.1105575222
v 0.1096047307 -0.0149000001 -0.1114325956
v 0.1089106479 -0.0149000001 -0.1122597758
v 0.1047504331 -0.0149000001 -0.1087689536
v 0.1054445158 -0.0149000001 -0.1079417734
v 0.1062159037 -0.0149000001 -0.1072945276
v 0.1071893282 -0.0149000001 -0.1070587013
v 0.1081512809 -0.0149000001 -0.1073492317
v 0.1059067625 -0.0149000001 -0.1083296415
v 0.105682206 -0.0149000001 -0.108597262
v 0.1089179276 -0.0149000001 -0.1113123432
v 0.109142484 -0.0149000001 -0.1110447275
v 0.1094995862 -0.0149000001 -0.110390039
v 0.1094483869 -0.0149000001 -0.109652291
v 0.1090346819 -0.0149000001 -0.1090287079
v 0.1084923407 -0.0149000001 -0.1085091995
v 0.1078918303 -0.0149000001 -0.1080677447
v 0.1072099717 -0.0149000001 -0.1077740238
v 0.1064820943 -0.0149000001 -0.1078636847
v 0.1080701665 -0.01480000019 -0.1048126346
v 0.1088415543 -0.01480000019 -0.1041653888
v 0.1098149788 -0.01480000019 -0.1039295625
v 0.1107769316 -0.01480000019 -0.104220093
v 0.111607931 -0.01480000019 -0.104796168
v 0.111607931 -0.0149000001 -0.104796168
v 0.1107769316 -0.0149000001 -0.104220093
v 0.1098149788 -0.0149000001 -0.1039295625
v 0.1088415543 -0.0149000001 -0.1041653888
v 0.1080701665 -0.0149000001 -0.1048126346
v 0.1073760837 -0.01480000019 -0.1056398148
v 0.1080701665 -0.01480000019 -0.1048126346
v 0.1080701665 -0.0149000001 -0.1048126346
v 0.1073760837 -0.0149000001 -0.1056398148
v 0.1111179914 -0.01480000019 -0.1053800607
v 0.1105174809 -0.01480000019 -0.1049386059
v 0.1098356224 -0.01480000019 -0.1046448802
v 0.1091077401 -0.01480000019 -0.1047345412
v 0.1085324131 -0.01480000019 -0.1052005027
v 0.1085324131 -0.0149000001 -0.1052005027
v 0.1091077401 -0.0149000001 -0.1047345412
v 0.1098356224 -0.0149000001 -0.1046448802
v 0.1105174809 -0.0149000001 -0.1049386059
v 0.1111179914 -0.0149000001 -0.1053800607
v 0.1261484323 -0.01480000019 -0.08890024655
v 0.1264621052 -0.01480000019 -0.08879934725
v 0.1267806609 -0.01480000019 -0.08871530895
v 0.12710347 -0.01480000019 -0.08864912335
v 0.1274303179 -0.01480000019 -0.08860775245
v 0.1274303179 -0.0149000001 -0.08860775245
v 0.12710347 -0.0149000001 -0.08864912335
v 0.1267806609 -0.0149000001 -0.08871530895
v 0.1264621052 -0.0149000001 -0.08879934725
v 0.1261484323 -0.0149000001 -0.08890024655
v 0.124072955 -0.01480000019 -0.08579059485
v 0.1244812364 -0.01480000019 -0.08530401995
v 0.1244812364 -0.0149000001 -0.08530401995
v 0.124072955 -0.0149000001 -0.08579059485
v 0.1103817726 -0.01480000019 -0.1019589414
v 0.1108308855 -0.01480000019 -0.10142371
v 0.1108308855 -0.0149000001 -0.10142371
v 0.1103817726 -0.0149000001 -0.1019589414
v 0.1127467094 -0.01480000019 -0.1024508567
v 0.1121605523 -0.01480000019 -0.1023047215
v 0.1115703087 -0.01480000019 -0.1021759622
v 0.1109770659 -0.01480000019 -0.1020618942
v 0.1103817726 -0.01480000019 -0.1019589414
v 0.1103817726 -0.0149000001 -0.1019589414
v 0.1109770659 -0.0149000001 -0.1020618942
v 0.1115703087 -0.0149000001 -0.1021759622
v 0.1121605523 -0.0149000001 -0.1023047215
v 0.1127467094 -0.0149000001 -0.1024508567
v 0.1103817726 -0.0149000001 -0.1019589414
v 0.1108308855 -0.0149000001 -0.10142371
v 0.1139961603 -0.0149000001 -0.1020203374
v 0.1153525059 -0.0149000001 -0.1028300235
v 0.1155374785 -0.0149000001 -0.1043614907
v 0.1143975105 -0.0149000001 -0.1054283252
v 0.112863358 -0.0149000001 -0.1051541322
v 0.1120430718 -0.0149000001 -0.103839341
v 0.1127467094 -0.0149000001 -0.1024508567
v 0.1121605523 -0.0149000001 -0.1023047215
v 0.1115703087 -0.0149000001 -0.1021759622
v 0.1109770659 -0.0149000001 -0.1020618942
v 0.1129937812 -0.0149000001 -0.1043797771
v 0.1133992745 -0.0149000001 -0.1046834882
v 0.1138833217 -0.0149000001 -0.1048319506
v 0.1143786266 -0.0149000001 -0.1047547546
v 0.1147690698 -0.0149000001 -0.1044380196
v 0.1149696744 -0.0149000001 -0.1039555125
v 0.1148926071 -0.0149000001 -0.1034370285
v 0.1145576998 -0.0149000001 -0.1030321228
v 0.1141038171 -0.0149000001 -0.1027604314
v 0.1134183493 -0.0149000001 -0.1027219232
v 0.1128562925 -0.0149000001 -0.1031068796
v 0.1127025518 -0.0149000001 -0.1037651726
v 0.094528937 -0.01480000019 -0.06773511235
v 0.09317139399 -0.01480000019 -0.06935297555
v 0.09317139399 -0.0149000001 -0.06935297555
v 0.094528937 -0.0149000001 -0.06773511235
v 0.1370386824 -0.01480000019 -0.1214047431
v 0.1387506202 -0.01480000019 -0.1224746434
v 0.1387506202 -0.0149000001 -0.1224746434
v 0.1370386824 -0.0149000001 -0.1214047431
v 0.1161960031 -0.01480000019 -0.09517801595
v 0.1166042845 -0.01480000019 -0.09469144105
v 0.1166042845 -0.0149000001 -0.09469144105
v 0.1161960031 -0.0149000001 -0.09517801595
v 0.08575388121 -0.01480000019 -0.08246299675
v 0.08608676954 -0.01480000019 -0.08175884125
v 0.08608676954 -0.0149000001 -0.08175884125
v 0.08575388121 -0.0149000001 -0.08246299675
v 0.09017272858 -0.01480000019 -0.08642880555
v 0.09070255267 -0.01480000019 -0.08687337895
v 0.09070255267 -0.0149000001 -0.08687337895
v 0.09017272858 -0.0149000001 -0.08642880555
v 0.09079990165 -0.01480000019 -0.08568137165
v 0.09017272858 -0.01480000019 -0.08642880555
v 0.09017272858 -0.0149000001 -0.08642880555
v 0.09079990165 -0.0149000001 -0.08568137165
v 0.09359570645 -0.01480000019 -0.08775323375
v 0.09345986491 -0.01480000019 -0.08765931615
v 0.09330299494 -0.01480000019 -0.08761101285
v 0.09314333085 -0.01480000019 -0.08764617505
v 0.09301693104 -0.01480000019 -0.08775127025
v 0.09301693104 -0.0149000001 -0.08775127025
v 0.09314333085 -0.0149000001 -0.08764617505
v 0.09330299494 -0.0149000001 -0.08761101285
v 0.09345986491 -0.0149000001 -0.08765931615
v 0.09359570645 -0.0149000001 -0.08775323375
v 0.09380384617 -0.01480000019 -0.08792788935
v 0.09359570645 -0.01480000019 -0.08775323375
v 0.09359570645 -0.0149000001 -0.08775323375
v 0.09380384617 -0.0149000001 -0.08792788935
v 0.08860438829 -0.01480000019 -0.08425831225
v 0.08866024477 -0.01480000019 -0.08413389585
v 0.08872106037 -0.01480000019 -0.08401183495
v 0.08878493726 -0.01480000019 -0.08389132855
v 0.08885115066 -0.01480000019 -0.08377209055
v 0.08885115066 -0.0149000001 -0.08377209055
v 0.08878493726 -0.0149000001 -0.08389132855
v 0.08872106037 -0.0149000001 -0.08401183495
v 0.08866024477 -0.0149000001 -0.08413389585
v 0.08860438829 -0.0149000001 -0.08425831225
v 0.08822418811 -0.0149000001 -0.08492277595
v 0.08835480368 -0.0149000001 -0.08511297655
v 0.08754377051 -0.0149000001 -0.08515897365
v 0.08727669266 -0.0149000001 -0.08438198705
v 0.08790376114 -0.0149000001 -0.08381557015
v 0.08860438829 -0.0149000001 -0.08425831225
v 0.08866024477 -0.0149000001 -0.08413389585
v 0.08872106037 -0.0149000001 -0.08401183495
v 0.08878493726 -0.0149000001 -0.08389132855
v 0.08885115066 -0.0149000001 -0.08377209055
v 0.08824563334 -0.0149000001 -0.08326400255
v 0.0883885316 -0.0149000001 -0.08309370465
v 0.08913596541 -0.0149000001 -0.08372087775
v 0.08911499418 -0.0149000001 -0.08376058875
v 0.08909396573 -0.0149000001 -0.08380028075
v 0.08907284191 -0.0149000001 -0.08383992495
v 0.08905162273 -0.0149000001 -0.08387951205
v 0.08892474632 -0.0149000001 -0.08411969515
v 0.08879804157 -0.0149000001 -0.08435997365
v 0.0887140613 -0.0149000001 -0.08452195535
v 0.08863298973 -0.0149000001 -0.08468537715
v 0.08845626414 -0.0149000001 -0.08456933435
v 0.08845738937 -0.0149000001 -0.08451196125
v 0.08845090429 -0.0149000001 -0.08445496015
v 0.08843766719 -0.0149000001 -0.08439915115
v 0.08841660997 -0.0149000001 -0.08434575495
v 0.08794374915 -0.0149000001 -0.08407081155
v 0.08753073254 -0.0149000001 -0.08445118525
v 0.08768870007 -0.0149000001 -0.08497045105
v 0.0798613541 -0.01480000019 -0.09742625245
v 0.08135773673 -0.01480000019 -0.09789805635
v 0.08208222648 -0.01480000019 -0.09928978065
v 0.08161041781 -0.01480000019 -0.1007861632
v 0.08021870308 -0.01480000019 -0.1015106529
v 0.08021870308 -0.01539999962 -0.1015106529
v 0.08161041781 -0.01539999962 -0.1007861632
v 0.08208222648 -0.01539999962 -0.09928978065
v 0.08135773673 -0.01539999962 -0.09789805635
v 0.0798613541 -0.01539999962 -0.09742625245
v 0.1187819226 -0.01480000019 -0.09417136525
v 0.1183310665 -0.01480000019 -0.09314915115
v 0.1186635775 -0.01480000019 -0.09208595635
v 0.11955252 -0.01480000019 -0.09140761575
v 0.1206614572 -0.01480000019 -0.09140016565
v 0.121602239 -0.01480000019 -0.09201650455
v 0.1221181499 -0.01480000019 -0.09301188695
v 0.1218317586 -0.01480000019 -0.09408949655
v 0.1209796328 -0.01480000019 -0.09481316515
v 0.1209796328 -0.0149000001 -0.09481316515
v 0.1218317586 -0.0149000001 -0.09408949655
v 0.1221181499 -0.0149000001 -0.09301188695
v 0.121602239 -0.0149000001 -0.09201650455
v 0.1206614572 -0.0149000001 -0.09140016565
v 0.11955252 -0.0149000001 -0.09140761575
v 0.1186635775 -0.0149000001 -0.09208595635
v 0.1183310665 -0.0149000001 -0.09314915115
v 0.1187819226 -0.0149000001 -0.09417136525
v 0.1458142727 -0.01480000019 -0.1001490104
v 0.1511702356 -0.01480000019 -0.1010745038
v 0.1511702356 -0.0149000001 -0.1010745038
v 0.1458142727 -0.0149000001 -0.1001490104
v 0.1510458039 -0.01480000019 -0.1017948905
v 0.1471619497 -0.01480000019 -0.1011238301
v 0.1471619497 -0.0149000001 -0.1011238301
v 0.1510458039 -0.0149000001 -0.1017948905
v 0.1458142727 -0.0149000001 -0.1001490104
v 0.1511702356 -0.0149000001 -0.1010745038
v 0.1510458039 -0.0149000001 -0.1017948905
v 0.1471619497 -0.0149000001 -0.1011238301
v 0.1471563875 -0.0149000001 -0.101155163
v 0.1507424765 -0.0149000001 -0.1035489127
v 0.1506080932 -0.0149000001 -0.10433187
v 0.1452521279 -0.0149000001 -0.1034063766
v 0.1453765621 -0.0149000001 -0.1026859851
v 0.1492604138 -0.0149000001 -0.1033570503
v 0.1492659785 -0.0149000001 -0.1033257126
v 0.1456787116 -0.0149000001 -0.1009320678
v 0.1054445158 -0.01480000019 -0.1079417734
v 0.1062159037 -0.01480000019 -0.1072945276
v 0.1071893282 -0.01480000019 -0.1070587013
v 0.1081512809 -0.01480000019 -0.1073492317
v 0.1089822803 -0.01480000019 -0.1079253068
v 0.1089822803 -0.0149000001 -0.1079253068
v 0.1081512809 -0.0149000001 -0.1073492317
v 0.1071893282 -0.0149000001 -0.1070587013
v 0.1062159037 -0.0149000001 -0.1072945276
v 0.1054445158 -0.0149000001 -0.1079417734
v 0.1047504331 -0.01480000019 -0.1087689536
v 0.1054445158 -0.01480000019 -0.1079417734
v 0.1054445158 -0.0149000001 -0.1079417734
v 0.1047504331 -0.0149000001 -0.1087689536
v 0.1084923407 -0.01480000019 -0.1085091995
v 0.1078918303 -0.01480000019 -0.1080677447
v 0.1072099717 -0.01480000019 -0.1077740238
v 0.1064820943 -0.01480000019 -0.1078636847
v 0.1059067625 -0.01480000019 -0.1083296415
v 0.1059067625 -0.0149000001 -0.1083296415
v 0.1064820943 -0.0149000001 -0.1078636847
v 0.1072099717 -0.0149000001 -0.1077740238
v 0.1078918303 -0.0149000001 -0.1080677447
v 0.1084923407 -0.0149000001 -0.1085091995
v 0.1085324131 -0.01480000019 -0.1052005027
v 0.1083078566 -0.01480000019 -0.1054681184
v 0.1083078566 -0.0149000001 -0.1054681184
v 0.1085324131 -0.0149000001 -0.1052005027
v 0.126610679 -0.01480000019 -0.08928811465
v 0.1261484323 -0.01480000019 -0.08890024655
v 0.1261484323 -0.0149000001 -0.08890024655
v 0.126610679 -0.0149000001 -0.08928811465
v 0.1244812364 -0.01480000019 -0.08530401995
v 0.1286657795 -0.01480000019 -0.08881526025
v 0.1286657795 -0.0149000001 -0.08881526025
v 0.1244812364 -0.0149000001 -0.08530401995
v 0.1274303179 -0.0149000001 -0.08860775245
v 0.124072955 -0.0149000001 -0.08579059485
v 0.1244812364 -0.0149000001 -0.08530401995
v 0.1286657795 -0.0149000001 -0.08881526025
v 0.1284208097 -0.0149000001 -0.08910720895
v 0.1279640092 -0.0149000001 -0.08908812675
v 0.1275075235 -0.0149000001 -0.08911381005
v 0.1270553914 -0.0149000001 -0.08918189365
v 0.126610679 -0.0149000001 -0.08928811465
v 0.1261484323 -0.0149000001 -0.08890024655
v 0.1264621052 -0.0149000001 -0.08879934725
v 0.1267806609 -0.0149000001 -0.08871530895
v 0.12710347 -0.0149000001 -0.08864912335
v 0.1129937812 -0.01480000019 -0.1043797771
v 0.1133992745 -0.01480000019 -0.1046834882
v 0.1138833217 -0.01480000019 -0.1048319506
v 0.1143786266 -0.01480000019 -0.1047547546
v 0.1147690698 -0.01480000019 -0.1044380196
v 0.1147690698 -0.0149000001 -0.1044380196
v 0.1143786266 -0.0149000001 -0.1047547546
v 0.1138833217 -0.0149000001 -0.1048319506
v 0.1133992745 -0.0149000001 -0.1046834882
v 0.1129937812 -0.0149000001 -0.1043797771
v 0.09420725265 -0.01480000019 -0.06746519445
v 0.094528937 -0.01480000019 -0.06773511235
v 0.094528937 -0.0149000001 -0.06773511235
v 0.09420725265 -0.0149000001 -0.06746519445
v 0.1387911899 -0.01480000019 -0.1172619501
v 0.1385666335 -0.01480000019 -0.1175295659
v 0.1385666335 -0.0149000001 -0.1175295659
v 0.1387911899 -0.0149000001 -0.1172619501
v 0.137829978 -0.01480000019 -0.1206580481
v 0.1370386824 -0.01480000019 -0.1214047431
v 0.1370386824 -0.0149000001 -0.1214047431
v 0.137829978 -0.0149000001 -0.1206580481
v 0.1387506202 -0.01480000019 -0.1224746434
v 0.1387966731 -0.01480000019 -0.122431461
v 0.1387966731 -0.0149000001 -0.122431461
v 0.1387506202 -0.0149000001 -0.1224746434
v 0.1195533708 -0.0149000001 -0.09799516875
v 0.1161960031 -0.0149000001 -0.09517801595
v 0.1166042845 -0.0149000001 -0.09469144105
v 0.1207888276 -0.0149000001 -0.09820267665
v 0.1205438578 -0.0149000001 -0.09849462055
v 0.1200870573 -0.0149000001 -0.09847554315
v 0.1196305716 -0.0149000001 -0.09850122635
v 0.1191784395 -0.0149000001 -0.09856930525
v 0.1187337271 -0.0149000001 -0.09867553575
v 0.1182714804 -0.0149000001 -0.09828766295
v 0.1185851533 -0.0149000001 -0.09818676365
v 0.118903709 -0.0149000001 -0.09810272535
v 0.1192265181 -0.0149000001 -0.09803653975
v 0.08279527545 -0.01480000019 -0.08083493685
v 0.08301288518 -0.01480000019 -0.08101753645
v 0.08301288518 -0.0149000001 -0.08101753645
v 0.08279527545 -0.0149000001 -0.08083493685
v 0.08543219686 -0.01480000019 -0.08219307885
v 0.08575388121 -0.01480000019 -0.08246299675
v 0.08575388121 -0.0149000001 -0.08246299675
v 0.08543219686 -0.0149000001 -0.08219307885
v 0.08608676954 -0.01480000019 -0.08175884125
v 0.08606784861 -0.01480000019 -0.08174297215
v 0.08606784861 -0.0149000001 -0.08174297215
v 0.08608676954 -0.0149000001 -0.08175884125
v 0.08445377529 -0.01480000019 -0.08253291295
v 0.08630024871 -0.01480000019 -0.08129306625
v 0.08630024871 -0.0149000001 -0.08129306625
v 0.08445377529 -0.0149000001 -0.08253291295
v 0.09003776488 -0.01480000019 -0.08658964295
v 0.08973608971 -0.01480000019 -0.08694916915
v 0.08973608971 -0.0149000001 -0.08694916915
v 0.09003776488 -0.0149000001 -0.08658964295
v 0.09178347892 -0.0149000001 -0.08868325065
v 0.09275429955 -0.0149000001 -0.08825641285
v 0.09267112932 -0.0149000001 -0.08808954865
v 0.09264793564 -0.0149000001 -0.08790430695
v 0.0926963343 -0.0149000001 -0.08772459655
v 0.09279933085 -0.0149000001 -0.08756868015
v 0.09299088557 -0.0149000001 -0.08739877315
v 0.09323596068 -0.0149000001 -0.08733310275
v 0.09348408778 -0.0149000001 -0.08739425185
v 0.09369923695 -0.0149000001 -0.08753377405
v 0.09417228871 -0.0149000001 -0.08793072105
v 0.09281475524 -0.0149000001 -0.08954857955
v 0.09259714551 -0.0149000001 -0.08936598465
v 0.0931846172 -0.0149000001 -0.08866586265
v 0.09293862608 -0.0149000001 -0.08845944985
v 0.09201054911 -0.0149000001 -0.08887377525
v 0.09307054751 -0.0149000001 -0.08826381285
v 0.09333545955 -0.0149000001 -0.08848609475
v 0.09380384617 -0.0149000001 -0.08792788935
v 0.09359570645 -0.0149000001 -0.08775323375
v 0.09345986491 -0.0149000001 -0.08765931615
v 0.09330299494 -0.0149000001 -0.08761101285
v 0.09314333085 -0.0149000001 -0.08764617505
v 0.09301693104 -0.0149000001 -0.08775127025
v 0.09295668758 -0.0149000001 -0.08783743485
v 0.09292021925 -0.0149000001 -0.08793578735
v 0.09292430116 -0.0149000001 -0.08804022415
v 0.09296399325 -0.0149000001 -0.08813751795
v 0.09301138145 -0.0149000001 -0.08820564835
v 0.09098549894 -0.01480000019 -0.08723978015
v 0.09116233854 -0.01480000019 -0.08710709505
v 0.09137944242 -0.01480000019 -0.08706182375
v 0.09160148644 -0.01480000019 -0.08707770205
v 0.09181765589 -0.01480000019 -0.08713190855
v 0.09181765589 -0.0149000001 -0.08713190855
v 0.09160148644 -0.0149000001 -0.08707770205
v 0.09137944242 -0.0149000001 -0.08706182375
v 0.09116233854 -0.0149000001 -0.08710709505
v 0.09098549894 -0.0149000001 -0.08723978015
v 0.1250446266 -0.01480000019 -0.08932636925
v 0.1227174086 -0.01480000019 -0.09209984905
v 0.1227174086 -0.0149000001 -0.09209984905
v 0.1250446266 -0.0149000001 -0.08932636925
v 0.1192710234 -0.01480000019 -0.09383551845
v 0.1187819226 -0.01480000019 -0.09417136525
v 0.1187819226 -0.0149000001 -0.09417136525
v 0.1192710234 -0.0149000001 -0.09383551845
v 0.1209796328 -0.01480000019 -0.09481316515
v 0.1212995574 -0.01480000019 -0.09495679745
v 0.1216134405 -0.01480000019 -0.09511318995
v 0.1219233039 -0.01480000019 -0.09527742645
v 0.1222299105 -0.01480000019 -0.09544769015
v 0.1222299105 -0.0149000001 -0.09544769015
v 0.1219233039 -0.0149000001 -0.09527742645
v 0.1216134405 -0.0149000001 -0.09511318995
v 0.1212995574 -0.0149000001 -0.09495679745
v 0.1209796328 -0.0149000001 -0.09481316515
v 0.1192710234 -0.0149000001 -0.09383551845
v 0.1187819226 -0.0149000001 -0.09417136525
v 0.1183310665 -0.0149000001 -0.09314915115
v 0.1186635775 -0.0149000001 -0.09208595635
v 0.11955252 -0.0149000001 -0.09140761575
v 0.1206614572 -0.0149000001 -0.09140016565
v 0.121602239 -0.0149000001 -0.09201650455
v 0.1221181499 -0.0149000001 -0.09301188695
v 0.1218317586 -0.0149000001 -0.09408949655
v 0.1209796328 -0.0149000001 -0.09481316515
v 0.1212995574 -0.0149000001 -0.09495679745
v 0.1216134405 -0.0149000001 -0.09511318995
v 0.1219233039 -0.0149000001 -0.09527742645
v 0.1222299105 -0.0149000001 -0.09544769015
v 0.1235364177 -0.0149000001 -0.09389064765
v 0.1239743313 -0.0149000001 -0.09425810235
v 0.1223616142 -0.0149000001 -0.09618007365
v 0.1217440475 -0.0149000001 -0.09585193445
v 0.1211257417 -0.0149000001 -0.09552518295
v 0.1205063965 -0.0149000001 -0.09520040545
v 0.1198814722 -0.0149000001 -0.09488670495
v 0.120179857 -0.0149000001 -0.09443228815
v 0.1209561285 -0.0149000001 -0.09420691925
v 0.1214406225 -0.0149000001 -0.09355344165
v 0.1213337142 -0.0149000001 -0.09275401005
v 0.1207489916 -0.0149000001 -0.09218085275
v 0.119960913 -0.0149000001 -0.09198054915
v 0.1192412948 -0.0149000001 -0.09234381455
v 0.1189404071 -0.0149000001 -0.09308663195
v 0.1456787116 -0.01480000019 -0.1009320678
v 0.1458142727 -0.01480000019 -0.1001490104
v 0.1458142727 -0.0149000001 -0.1001490104
v 0.1456787116 -0.0149000001 -0.1009320678
v 0.1471619497 -0.01480000019 -0.1011238301
v 0.1471563875 -0.01480000019 -0.101155163
v 0.1471563875 -0.0149000001 -0.101155163
v 0.1471619497 -0.0149000001 -0.1011238301
v 0.1059067625 -0.01480000019 -0.1083296415
v 0.105682206 -0.01480000019 -0.108597262
v 0.105682206 -0.0149000001 -0.108597262
v 0.1059067625 -0.0149000001 -0.1083296415
v 0.1083078566 -0.01480000019 -0.1054681184
v 0.1115435782 -0.01480000019 -0.1081832044
v 0.1115435782 -0.0149000001 -0.1081832044
v 0.1083078566 -0.0149000001 -0.1054681184
v 0.1284208097 -0.01480000019 -0.08910720895
v 0.1279640092 -0.01480000019 -0.08908812675
v 0.1275075235 -0.01480000019 -0.08911381005
v 0.1270553914 -0.01480000019 -0.08918189365
v 0.126610679 -0.01480000019 -0.08928811465
v 0.126610679 -0.0149000001 -0.08928811465
v 0.1270553914 -0.0149000001 -0.08918189365
v 0.1275075235 -0.0149000001 -0.08911381005
v 0.1279640092 -0.0149000001 -0.08908812675
v 0.1284208097 -0.0149000001 -0.08910720895
v 0.1286657795 -0.01480000019 -0.08881526025
v 0.1284208097 -0.01480000019 -0.08910720895
v 0.1284208097 -0.0149000001 -0.08910720895
v 0.1286657795 -0.0149000001 -0.08881526025
v 0.1147690698 -0.01480000019 -0.1044380196
v 0.1149696744 -0.01480000019 -0.1039555125
v 0.1148926071 -0.01480000019 -0.1034370285
v 0.1145576998 -0.01480000019 -0.1030321228
v 0.1141038171 -0.01480000019 -0.1027604314
v 0.1141038171 -0.0149000001 -0.1027604314
v 0.1145576998 -0.0149000001 -0.1030321228
v 0.1148926071 -0.0149000001 -0.1034370285
v 0.1149696744 -0.0149000001 -0.1039555125
v 0.1147690698 -0.0149000001 -0.1044380196
v 0.09284330806 -0.0149000001 -0.06770725845
v 0.09312494666 -0.0149000001 -0.06742409295
v 0.09347371457 -0.0149000001 -0.06723430165
v 0.09386694314 -0.0149000001 -0.06725875315
v 0.09420725265 -0.0149000001 -0.06746519445
v 0.094528937 -0.0149000001 -0.06773511235
v 0.09317139399 -0.0149000001 -0.06935297555
v 0.09284971917 -0.0149000001 -0.06908305765
v 0.09259801538 -0.0149000001 -0.06878307985
v 0.09250629032 -0.0149000001 -0.06840453805
v 0.09261932868 -0.0149000001 -0.06803043045
v 0.09300055198 -0.0149000001 -0.06890328975
v 0.09310462661 -0.0149000001 -0.06899061755
v 0.09416049446 -0.0149000001 -0.06773228055
v 0.09405641983 -0.0149000001 -0.06764495275
v 0.09380182669 -0.0149000001 -0.06750607915
v 0.09351492335 -0.0149000001 -0.06752599245
v 0.09327239471 -0.0149000001 -0.06768685865
v 0.09307037825 -0.0149000001 -0.06789779265
v 0.0928986696 -0.0149000001 -0.06813137645
v 0.09278416239 -0.0149000001 -0.06839654575
v 0.09281909598 -0.0149000001 -0.06867959625
v 0.1413767682 -0.01480000019 -0.1174415082
v 0.1407762578 -0.01480000019 -0.1170000534
v 0.1400944016 -0.01480000019 -0.1167063277
v 0.1393665218 -0.01480000019 -0.1167959886
v 0.1387911899 -0.01480000019 -0.1172619501
v 0.1387911899 -0.0149000001 -0.1172619501
v 0.1393665218 -0.0149000001 -0.1167959886
v 0.1400944016 -0.0149000001 -0.1167063277
v 0.1407762578 -0.0149000001 -0.1170000534
v 0.1413767682 -0.0149000001 -0.1174415082
v 0.1385666335 -0.01480000019 -0.1175295659
v 0.1418023575 -0.01480000019 -0.1202446519
v 0.1418023575 -0.0149000001 -0.1202446519
v 0.1385666335 -0.0149000001 -0.1175295659
v 0.1387966731 -0.01480000019 -0.122431461
v 0.137829978 -0.01480000019 -0.1206580481
v 0.137829978 -0.0149000001 -0.1206580481
v 0.1387966731 -0.0149000001 -0.122431461
v 0.1340698315 -0.01480000019 -0.1209610322
v 0.1344172034 -0.01480000019 -0.1214598033
v 0.1344172034 -0.0149000001 -0.1214598033
v 0.1340698315 -0.0149000001 -0.1209610322
v 0.0928069062 -0.01480000019 -0.08394279125
v 0.09313979452 -0.01480000019 -0.08323863575
v 0.09313979452 -0.0149000001 -0.08323863575
v 0.0928069062 -0.0149000001 -0.08394279125
v 0.08269924894 -0.01480000019 -0.08023844235
v 0.08260652344 -0.01480000019 -0.08038581375
v 0.08259207558 -0.01480000019 -0.08055696975
v 0.08267283299 -0.01480000019 -0.08071067325
v 0.08279527545 -0.01480000019 -0.08083493685
v 0.08279527545 -0.0149000001 -0.08083493685
v 0.08267283299 -0.0149000001 -0.08071067325
v 0.08259207558 -0.0149000001 -0.08055696975
v 0.08260652344 -0.0149000001 -0.08038581375
v 0.08269924894 -0.0149000001 -0.08023844235
v 0.08301288518 -0.01480000019 -0.08101753645
v 0.08349715045 -0.01480000019 -0.08044040055
v 0.08349715045 -0.0149000001 -0.08044040055
v 0.08301288518 -0.0149000001 -0.08101753645
v 0.08606784861 -0.01480000019 -0.08174297215
v 0.08543219686 -0.01480000019 -0.08219307885
v 0.08543219686 -0.0149000001 -0.08219307885
v 0.08606784861 -0.0149000001 -0.08174297215
v 0.08468084548 -0.01480000019 -0.08272344715
v 0.08445377529 -0.01480000019 -0.08253291295
v 0.08445377529 -0.0149000001 -0.08253291295
v 0.08468084548 -0.0149000001 -0.08272344715
v 0.09003776488 -0.0149000001 -0.08658964295
v 0.08973608971 -0.0149000001 -0.08694916915
v 0.08955633137 -0.0149000001 -0.08679832675
v 0.08985800654 -0.0149000001 -0.08643880055
v 0.08963093635 -0.0149000001 -0.08624827595
v 0.08976590006 -0.0149000001 -0.08608742895
v 0.08999297025 -0.0149000001 -0.08627796315
v 0.09092180894 -0.0149000001 -0.08517100315
v 0.09106372542 -0.0149000001 -0.08529008815
v 0.09090124147 -0.0149000001 -0.08704009035
v 0.09076627776 -0.0149000001 -0.08720093735
v 0.09070255267 -0.0149000001 -0.08687337895
v 0.09079990165 -0.0149000001 -0.08568137165
v 0.09017272858 -0.0149000001 -0.08642880555
v 0.09076627776 -0.01480000019 -0.08720093735
v 0.09003776488 -0.01480000019 -0.08658964295
v 0.09003776488 -0.0149000001 -0.08658964295
v 0.09076627776 -0.0149000001 -0.08720093735
v 0.09109946461 -0.01480000019 -0.08814153615
v 0.09092717347 -0.01480000019 -0.08795207955
v 0.09083488599 -0.01480000019 -0.08771432875
v 0.09085710616 -0.01480000019 -0.08746069895
v 0.09098549894 -0.01480000019 -0.08723978015
v 0.09098549894 -0.0149000001 -0.08723978015
v 0.09085710616 -0.0149000001 -0.08746069895
v 0.09083488599 -0.0149000001 -0.08771432875
v 0.09092717347 -0.0149000001 -0.08795207955
v 0.09109946461 -0.0149000001 -0.08814153615
v 0.1463438005 -0.01480000019 -0.1152099254
v 0.1437768711 -0.01480000019 -0.1148638224
v 0.1437768711 -0.0149000001 -0.1148638224
v 0.1463438005 -0.0149000001 -0.1152099254
v 0.1398848168 -0.01480000019 -0.1231655928
v 0.1394190144 -0.01480000019 -0.1236049991
v 0.1394190144 -0.0149000001 -0.1236049991
v 0.1398848168 -0.0149000001 -0.1231655928
v 0.1246553648 -0.01480000019 -0.08899974605
v 0.1250446266 -0.01480000019 -0.08932636925
v 0.1250446266 -0.0149000001 -0.08932636925
v 0.1246553648 -0.0149000001 -0.08899974605
v 0.1227174086 -0.01480000019 -0.09209984905
v 0.1223281516 -0.01480000019 -0.09177322105
v 0.1223281516 -0.0149000001 -0.09177322105
v 0.1227174086 -0.0149000001 -0.09209984905
v 0.1246553648 -0.0149000001 -0.08899974605
v 0.1250446266 -0.0149000001 -0.08932636925
v 0.1227174086 -0.0149000001 -0.09209984905
v 0.1223281516 -0.0149000001 -0.09177322105
v 0.120179857 -0.01480000019 -0.09443228815
v 0.1209561285 -0.01480000019 -0.09420691925
v 0.1214406225 -0.01480000019 -0.09355344165
v 0.1213337142 -0.01480000019 -0.09275401005
v 0.1207489916 -0.01480000019 -0.09218085275
v 0.119960913 -0.01480000019 -0.09198054915
v 0.1192412948 -0.01480000019 -0.09234381455
v 0.1189404071 -0.01480000019 -0.09308663195
v 0.1192710234 -0.01480000019 -0.09383551845
v 0.1192710234 -0.0149000001 -0.09383551845
v 0.1189404071 -0.0149000001 -0.09308663195
v 0.1192412948 -0.0149000001 -0.09234381455
v 0.119960913 -0.0149000001 -0.09198054915
v 0.1207489916 -0.0149000001 -0.09218085275
v 0.1213337142 -0.0149000001 -0.09275401005
v 0.1214406225 -0.0149000001 -0.09355344165
v 0.1209561285 -0.0149000001 -0.09420691925
v 0.120179857 -0.0149000001 -0.09443228815
v 0.1222299105 -0.01480000019 -0.09544769015
v 0.1235364177 -0.01480000019 -0.09389064765
v 0.1235364177 -0.0149000001 -0.09389064765
v 0.1222299105 -0.0149000001 -0.09544769015
v 0.1492659785 -0.01480000019 -0.1033257126
v 0.1456787116 -0.01480000019 -0.1009320678
v 0.1456787116 -0.0149000001 -0.1009320678
v 0.1492659785 -0.0149000001 -0.1033257126
v 0.1471563875 -0.01480000019 -0.101155163
v 0.1507424765 -0.01480000019 -0.1035489127
v 0.1507424765 -0.0149000001 -0.1035489127
v 0.1471563875 -0.0149000001 -0.101155163
v 0.105682206 -0.01480000019 -0.108597262
v 0.1089179276 -0.01480000019 -0.1113123432
v 0.1089179276 -0.0149000001 -0.1113123432
v 0.105682206 -0.0149000001 -0.108597262
v 0.1115435782 -0.01480000019 -0.1081832044
v 0.1117681347 -0.01480000019 -0.1079155887
v 0.1117681347 -0.0149000001 -0.1079155887
v 0.1115435782 -0.0149000001 -0.1081832044
v 0.1141038171 -0.01480000019 -0.1027604314
v 0.1134183493 -0.01480000019 -0.1027219232
v 0.1128562925 -0.01480000019 -0.1031068796
v 0.1127025518 -0.01480000019 -0.1037651726
v 0.1129937812 -0.01480000019 -0.1043797771
v 0.1129937812 -0.0149000001 -0.1043797771
v 0.1127025518 -0.0149000001 -0.1037651726
v 0.1128562925 -0.0149000001 -0.1031068796
v 0.1134183493 -0.0149000001 -0.1027219232
v 0.1141038171 -0.0149000001 -0.1027604314
v 0.09307037825 -0.01480000019 -0.06789779265
v 0.0928986696 -0.01480000019 -0.06813137645
v 0.09278416239 -0.01480000019 -0.06839654575
v 0.09281909598 -0.01480000019 -0.06867959625
v 0.09300055198 -0.01480000019 -0.06890328975
v 0.09300055198 -0.0149000001 -0.06890328975
v 0.09281909598 -0.0149000001 -0.06867959625
v 0.09278416239 -0.0149000001 -0.06839654575
v 0.0928986696 -0.0149000001 -0.06813137645
v 0.09307037825 -0.0149000001 -0.06789779265
v 0.1420269139 -0.01480000019 -0.1199770362
v 0.1423840161 -0.01480000019 -0.1193223477
v 0.1423328168 -0.01480000019 -0.1185845948
v 0.1419191094 -0.01480000019 -0.1179610165
v 0.1413767682 -0.01480000019 -0.1174415082
v 0.1413767682 -0.0149000001 -0.1174415082
v 0.1419191094 -0.0149000001 -0.1179610165
v 0.1423328168 -0.0149000001 -0.1185845948
v 0.1423840161 -0.0149000001 -0.1193223477
v 0.1420269139 -0.0149000001 -0.1199770362
v 0.1418023575 -0.01480000019 -0.1202446519
v 0.1420269139 -0.01480000019 -0.1199770362
v 0.1420269139 -0.0149000001 -0.1199770362
v 0.1418023575 -0.0149000001 -0.1202446519
v 0.1328396271 -0.01480000019 -0.1276166035
v 0.1331169804 -0.01480000019 -0.1281559058
v 0.1331169804 -0.0149000001 -0.1281559058
v 0.1328396271 -0.0149000001 -0.1276166035
v 0.1372519228 -0.0149000001 -0.1180379052
v 0.1398848168 -0.0149000001 -0.1231655928
v 0.1394190144 -0.0149000001 -0.1236049991
v 0.1344568034 -0.0149000001 -0.1206707903
v 0.1350158892 -0.0149000001 -0.120144919
v 0.1365054062 -0.0149000001 -0.1210729226
v 0.1375302944 -0.0149000001 -0.120107645
v 0.1366928369 -0.0149000001 -0.1185637717
v 0.137829978 -0.0149000001 -0.1206580481
v 0.1370386824 -0.0149000001 -0.1214047431
v 0.1387506202 -0.0149000001 -0.1224746434
v 0.1387966731 -0.0149000001 -0.122431461
v 0.1313895521 -0.01480000019 -0.1228316596
v 0.1340698315 -0.01480000019 -0.1209610322
v 0.1340698315 -0.0149000001 -0.1209610322
v 0.1313895521 -0.0149000001 -0.1228316596
v 0.09248522184 -0.01480000019 -0.08367286385
v 0.0928069062 -0.01480000019 -0.08394279125
v 0.0928069062 -0.0149000001 -0.08394279125
v 0.09248522184 -0.0149000001 -0.08367286385
v 0.09313979452 -0.01480000019 -0.08323863575
v 0.09312087359 -0.01480000019 -0.08322275705
v 0.09312087359 -0.0149000001 -0.08322275705
v 0.09313979452 -0.0149000001 -0.08323863575
v 0.08325115933 -0.01480000019 -0.08023399725
v 0.08311929464 -0.01480000019 -0.08015038885
v 0.08296910039 -0.01480000019 -0.08010793155
v 0.08281781909 -0.01480000019 -0.08013761965
v 0.08269924894 -0.01480000019 -0.08023844235
v 0.08269924894 -0.0149000001 -0.08023844235
v 0.08284263367 -0.0149000001 -0.08012575595
v 0.08302321189 -0.0149000001 -0.08011755405
v 0.08308494326 -0.0149000001 -0.08013639855
v 0.08314413787 -0.0149000001 -0.08016220485
v 0.08319959409 -0.0149000001 -0.08019514465
v 0.08325115933 -0.0149000001 -0.08023399725
v 0.08349715045 -0.01480000019 -0.08044040055
v 0.08325115933 -0.01480000019 -0.08023399725
v 0.08325115933 -0.0149000001 -0.08023399725
v 0.08349715045 -0.0149000001 -0.08044040055
v 0.08289888442 -0.01480000019 -0.08185699895
v 0.08299415629 -0.01480000019 -0.08174346385
v 0.08299415629 -0.0149000001 -0.08174346385
v 0.08289888442 -0.0149000001 -0.08185699895
v 0.08445377529 -0.0149000001 -0.08253291295
v 0.08630024871 -0.0149000001 -0.08129306625
v 0.08648947705 -0.0149000001 -0.08145184325
v 0.0855891167 -0.0149000001 -0.08348557435
v 0.08536204651 -0.0149000001 -0.08329504015
v 0.08565035072 -0.0149000001 -0.08268245645
v 0.08523405219 -0.0149000001 -0.08233314535
v 0.08468084548 -0.0149000001 -0.08272344715
v 0.08543219686 -0.0149000001 -0.08219307885
v 0.08575388121 -0.0149000001 -0.08246299675
v 0.08608676954 -0.0149000001 -0.08175884125
v 0.08606784861 -0.0149000001 -0.08174297215
v 0.08523405219 -0.01480000019 -0.08233314535
v 0.08468084548 -0.01480000019 -0.08272344715
v 0.08468084548 -0.0149000001 -0.08272344715
v 0.08523405219 -0.0149000001 -0.08233314535
v 0.09090124147 -0.01480000019 -0.08704009035
v 0.09076627776 -0.01480000019 -0.08720093735
v 0.09076627776 -0.0149000001 -0.08720093735
v 0.09090124147 -0.0149000001 -0.08704009035
v 0.09198991024 -0.01480000019 -0.08809869555
v 0.09179694406 -0.01480000019 -0.08825669115
v 0.09155606511 -0.01480000019 -0.08832030165
v 0.09131129498 -0.01480000019 -0.08827450665
v 0.09109946461 -0.01480000019 -0.08814153615
v 0.09109946461 -0.0149000001 -0.08814153615
v 0.09131129498 -0.0149000001 -0.08827450665
v 0.09155606511 -0.0149000001 -0.08832030165
v 0.09179694406 -0.0149000001 -0.08825669115
v 0.09198991024 -0.0149000001 -0.08809869555
v 0.1424891605 -0.01480000019 -0.1203649042
v 0.1417950778 -0.01480000019 -0.1211920844
v 0.1417950778 -0.0149000001 -0.1211920844
v 0.1424891605 -0.0149000001 -0.1203649042
v 0.1467480215 -0.01480000019 -0.1145955677
v 0.1463438005 -0.01480000019 -0.1152099254
v 0.1463438005 -0.0149000001 -0.1152099254
v 0.1467480215 -0.0149000001 -0.1145955677
v 0.1437768711 -0.01480000019 -0.1148638224
v 0.1437590183 -0.01480000019 -0.1148903012
v 0.1437590183 -0.0149000001 -0.1148903012
v 0.1437768711 -0.0149000001 -0.1148638224
v 0.1467480215 -0.0149000001 -0.1145955677
v 0.1463438005 -0.0149000001 -0.1152099254
v 0.1437768711 -0.0149000001 -0.1148638224
v 0.1437590183 -0.0149000001 -0.1148903012
v 0.1450957351 -0.0149000001 -0.1171094847
v 0.1446916143 -0.0149000001 -0.1177250202
v 0.1430038941 -0.0149000001 -0.1148163642
v 0.1409432185 -0.0149000001 -0.1134625603
v 0.1413473369 -0.0149000001 -0.1128470296
v 0.1434080125 -0.0149000001 -0.1142008287
v 0.1331169804 -0.01480000019 -0.1281559058
v 0.1301938425 -0.01480000019 -0.1296645498
v 0.1301938425 -0.0149000001 -0.1296645498
v 0.1331169804 -0.0149000001 -0.1281559058
v 0.1372519228 -0.01480000019 -0.1180379052
v 0.1398848168 -0.01480000019 -0.1231655928
v 0.1398848168 -0.0149000001 -0.1231655928
v 0.1372519228 -0.0149000001 -0.1180379052
v 0.1394190144 -0.01480000019 -0.1236049991
v 0.1344568034 -0.01480000019 -0.1206707903
v 0.1344568034 -0.0149000001 -0.1206707903
v 0.1394190144 -0.0149000001 -0.1236049991
v 0.1223281516 -0.01480000019 -0.09177322105
v 0.1246553648 -0.01480000019 -0.08899974605
v 0.1246553648 -0.0149000001 -0.08899974605
v 0.1223281516 -0.0149000001 -0.09177322105
v 0.1198814722 -0.01480000019 -0.09488670495
v 0.120179857 -0.01480000019 -0.09443228815
v 0.120179857 -0.0149000001 -0.09443228815
v 0.1198814722 -0.0149000001 -0.09488670495
v 0.1235364177 -0.01480000019 -0.09389064765
v 0.1239743313 -0.01480000019 -0.09425810235
v 0.1239743313 -0.0149000001 -0.09425810235
v 0.1235364177 -0.0149000001 -0.09389064765
v 0.1492604138 -0.01480000019 -0.1033570503
v 0.1492659785 -0.01480000019 -0.1033257126
v 0.1492659785 -0.0149000001 -0.1033257126
v 0.1492604138 -0.0149000001 -0.1033570503
v 0.1507424765 -0.01480000019 -0.1035489127
v 0.1506080932 -0.01480000019 -0.10433187
v 0.1506080932 -0.0149000001 -0.10433187
v 0.1507424765 -0.0149000001 -0.1035489127
v 0.1089179276 -0.01480000019 -0.1113123432
v 0.109142484 -0.01480000019 -0.1110447275
v 0.109142484 -0.0149000001 -0.1110447275
v 0.1089179276 -0.0149000001 -0.1113123432
v 0.1117681347 -0.01480000019 -0.1079155887
v 0.1121252369 -0.01480000019 -0.1072609002
v 0.1120740376 -0.01480000019 -0.1065231522
v 0.1116603326 -0.01480000019 -0.1058995691
v 0.1111179914 -0.01480000019 -0.1053800607
v 0.1111179914 -0.0149000001 -0.1053800607
v 0.1116603326 -0.0149000001 -0.1058995691
v 0.1120740376 -0.0149000001 -0.1065231522
v 0.1121252369 -0.0149000001 -0.1072609002
v 0.1117681347 -0.0149000001 -0.1079155887
v 0.09300055198 -0.01480000019 -0.06890328975
v 0.09310462661 -0.01480000019 -0.06899061755
v 0.09310462661 -0.0149000001 -0.06899061755
v 0.09300055198 -0.0149000001 -0.06890328975
v 0.1418667078 -0.0149000001 -0.1168576155
v 0.1425948514 -0.0149000001 -0.1175818106
v 0.1430826574 -0.0149000001 -0.1184787738
v 0.1430199932 -0.0149000001 -0.1194898308
v 0.1424891605 -0.0149000001 -0.1203649042
v 0.1417950778 -0.0149000001 -0.1211920844
v 0.1376348606 -0.0149000001 -0.1177012575
v 0.1383289433 -0.0149000001 -0.1168740821
v 0.1391003312 -0.0149000001 -0.1162268315
v 0.1400737581 -0.0149000001 -0.11599101
v 0.1410357084 -0.0149000001 -0.1162815404
v 0.1387911899 -0.0149000001 -0.1172619501
v 0.1385666335 -0.0149000001 -0.1175295659
v 0.1418023575 -0.0149000001 -0.1202446519
v 0.1420269139 -0.0149000001 -0.1199770362
v 0.1423840161 -0.0149000001 -0.1193223477
v 0.1423328168 -0.0149000001 -0.1185845948
v 0.1419191094 -0.0149000001 -0.1179610165
v 0.1413767682 -0.0149000001 -0.1174415082
v 0.1407762578 -0.0149000001 -0.1170000534
v 0.1400944016 -0.0149000001 -0.1167063277
v 0.1393665218 -0.0149000001 -0.1167959886
v 0.1317044172 -0.01480000019 -0.1282023713
v 0.1328396271 -0.01480000019 -0.1276166035
v 0.1328396271 -0.0149000001 -0.1276166035
v 0.1317044172 -0.0149000001 -0.1282023713
v 0.1345233672 -0.01480000019 -0.1273246665
v 0.1313895521 -0.01480000019 -0.1228316596
v 0.1313895521 -0.0149000001 -0.1228316596
v 0.1345233672 -0.0149000001 -0.1273246665
v 0.09312087359 -0.01480000019 -0.08322275705
v 0.09248522184 -0.01480000019 -0.08367286385
v 0.09248522184 -0.0149000001 -0.08367286385
v 0.09312087359 -0.0149000001 -0.08322275705
v 0.0836479928 -0.01480000019 -0.08026064225
v 0.08337361076 -0.01480000019 -0.08003041615
v 0.0832855769 -0.01480000019 -0.07992684725
v 0.0832423943 -0.01480000019 -0.07979819675
v 0.08326636944 -0.01480000019 -0.07966529265
v 0.08334045066 -0.01480000019 -0.07955115675
v 0.08343447326 -0.01480000019 -0.07946730955
v 0.08355404488 -0.01480000019 -0.07943114595
v 0.08367755529 -0.01480000019 -0.07945495905
v 0.08378491052 -0.01480000019 -0.07952102935
v 0.08406874349 -0.01480000019 -0.07975919955
v 0.08247218829 -0.0149000001 -0.08004791765
v 0.08259429656 -0.0149000001 -0.07993936075
v 0.08274742794 -0.0149000001 -0.07988407595
v 0.08291099263 -0.0149000001 -0.07988620235
v 0.08306715688 -0.0149000001 -0.07993449615
v 0.08301003154 -0.0149000001 -0.07979274215
v 0.08299236923 -0.0149000001 -0.07964087905
v 0.08303678158 -0.0149000001 -0.07949511935
v 0.08312284093 -0.0149000001 -0.07936855715
v 0.08330342845 -0.0149000001 -0.07922590615
v 0.08352727479 -0.0149000001 -0.07917227115
v 0.08375157908 -0.0149000001 -0.07922282505
v 0.08394521334 -0.0149000001 -0.07934920565
v 0.08443719557 -0.0149000001 -0.07976203125
v 0.08307965255 -0.0149000001 -0.08137989445
v 0.08260659125 -0.0149000001 -0.08098294745
v 0.08242036692 -0.0149000001 -0.08078628105
v 0.08230330297 -0.0149000001 -0.08054295125
v 0.08232832692 -0.0149000001 -0.08027697145
v 0.08279527545 -0.0149000001 -0.08083493685
v 0.08301288518 -0.0149000001 -0.08101753645
v 0.08349715045 -0.0149000001 -0.08044040055
v 0.08325115933 -0.0149000001 -0.08023399725
v 0.08319959409 -0.0149000001 -0.08019514465
v 0.08314413787 -0.0149000001 -0.08016220485
v 0.08308494326 -0.0149000001 -0.08013639855
v 0.08302321189 -0.0149000001 -0.08011755405
v 0.08284263367 -0.0149000001 -0.08012575595
v 0.08269924894 -0.0149000001 -0.08023844235
v 0.08260652344 -0.0149000001 -0.08038581375
v 0.08259207558 -0.0149000001 -0.08055696975
v 0.08267283299 -0.0149000001 -0.08071067325
v 0.08337361076 -0.0149000001 -0.08003041615
v 0.0836479928 -0.0149000001 -0.08026064225
v 0.08406874349 -0.0149000001 -0.07975919955
v 0.08378491052 -0.0149000001 -0.07952102935
v 0.08367755529 -0.0149000001 -0.07945495905
v 0.08355404488 -0.0149000001 -0.07943114595
v 0.08343447326 -0.0149000001 -0.07946730955
v 0.08334045066 -0.0149000001 -0.07955115675
v 0.0832900777 -0.0149000001 -0.07962067965
v 0.08325386683 -0.0149000001 -0.07969839465
v 0.08324143106 -0.0149000001 -0.07978307145
v 0.08325834939 -0.0149000001 -0.07986705195
v 0.08330467905 -0.0149000001 -0.07995668775
v 0.08409099815 -0.01480000019 -0.08285728675
v 0.08289888442 -0.01480000019 -0.08185699895
v 0.08289888442 -0.0149000001 -0.08185699895
v 0.08409099815 -0.0149000001 -0.08285728675
v 0.08565035072 -0.01480000019 -0.08268245645
v 0.08523405219 -0.01480000019 -0.08233314535
v 0.08523405219 -0.0149000001 -0.08233314535
v 0.08565035072 -0.0149000001 -0.08268245645
v 0.09106372542 -0.01480000019 -0.08529008815
v 0.09090124147 -0.01480000019 -0.08704009035
v 0.09090124147 -0.0149000001 -0.08704009035
v 0.09106372542 -0.0149000001 -0.08529008815
v 0.09204548073 -0.01480000019 -0.08803247235
v 0.09198991024 -0.01480000019 -0.08809869555
v 0.09198991024 -0.0149000001 -0.08809869555
v 0.09204548073 -0.0149000001 -0.08803247235
v 0.1344172034 -0.01480000019 -0.1214598033
v 0.1323418819 -0.01480000019 -0.1229085097
v 0.1323418819 -0.0149000001 -0.1229085097
v 0.1344172034 -0.0149000001 -0.1214598033
v 0.1418667078 -0.01480000019 -0.1168576155
v 0.1425948514 -0.01480000019 -0.1175818106
v 0.1430826574 -0.01480000019 -0.1184787738
v 0.1430199932 -0.01480000019 -0.1194898308
v 0.1424891605 -0.01480000019 -0.1203649042
v 0.1424891605 -0.0149000001 -0.1203649042
v 0.1430199932 -0.0149000001 -0.1194898308
v 0.1430826574 -0.0149000001 -0.1184787738
v 0.1425948514 -0.0149000001 -0.1175818106
v 0.1418667078 -0.0149000001 -0.1168576155
v 0.1417950778 -0.01480000019 -0.1211920844
v 0.1376348606 -0.01480000019 -0.1177012575
v 0.1376348606 -0.0149000001 -0.1177012575
v 0.1417950778 -0.0149000001 -0.1211920844
v 0.1434080125 -0.01480000019 -0.1142008287
v 0.1467480215 -0.01480000019 -0.1145955677
v 0.1467480215 -0.0149000001 -0.1145955677
v 0.1434080125 -0.0149000001 -0.1142008287
v 0.1437590183 -0.01480000019 -0.1148903012
v 0.1450957351 -0.01480000019 -0.1171094847
v 0.1450957351 -0.0149000001 -0.1171094847
v 0.1437590183 -0.0149000001 -0.1148903012
v 0.1083078566 -0.01480000019 -0.1054681184
v 0.1085324131 -0.01480000019 -0.1052005027
v 0.1091077401 -0.01480000019 -0.1047345412
v 0.1098356224 -0.01480000019 -0.1046448802
v 0.1105174809 -0.01480000019 -0.1049386059
v 0.1111179914 -0.01480000019 -0.1053800607
v 0.1116603326 -0.01480000019 -0.1058995691
v 0.1120740376 -0.01480000019 -0.1065231522
v 0.1121252369 -0.01480000019 -0.1072609002
v 0.1117681347 -0.01480000019 -0.1079155887
v 0.1115435782 -0.01480000019 -0.1081832044
v 0.1266672006 -0.01480000019 -0.128539833
v 0.1263774319 -0.01480000019 -0.1288055653
v 0.1261120725 -0.01480000019 -0.1290954303
v 0.1259447557 -0.01480000019 -0.1294462111
v 0.1259842719 -0.01480000019 -0.1298334982
v 0.1259842719 -0.0149000001 -0.1298334982
v 0.1259447557 -0.0149000001 -0.1294462111
v 0.1261120725 -0.0149000001 -0.1290954303
v 0.1263774319 -0.0149000001 -0.1288055653
v 0.1266672006 -0.0149000001 -0.128539833
v 0.1301938425 -0.01480000019 -0.1296645498
v 0.1299164892 -0.01480000019 -0.1291252498
v 0.1299164892 -0.0149000001 -0.1291252498
v 0.1301938425 -0.0149000001 -0.1296645498
v 0.1328396271 -0.0149000001 -0.1276166035
v 0.1331169804 -0.0149000001 -0.1281559058
v 0.1301938425 -0.0149000001 -0.1296645498
v 0.1299164892 -0.0149000001 -0.1291252498
v 0.1310516992 -0.0149000001 -0.128539482
v 0.1288245998 -0.0149000001 -0.1242257881
v 0.1294773226 -0.0149000001 -0.1238886774
v 0.1317044172 -0.0149000001 -0.1282023713
v 0.1366928369 -0.01480000019 -0.1185637717
v 0.1372519228 -0.01480000019 -0.1180379052
v 0.1372519228 -0.0149000001 -0.1180379052
v 0.1366928369 -0.0149000001 -0.1185637717
v 0.1344568034 -0.01480000019 -0.1206707903
v 0.1350158892 -0.01480000019 -0.120144919
v 0.1350158892 -0.0149000001 -0.120144919
v 0.1344568034 -0.0149000001 -0.1206707903
v 0.1223616142 -0.01480000019 -0.09618007365
v 0.1217440475 -0.01480000019 -0.09585193445
v 0.1211257417 -0.01480000019 -0.09552518295
v 0.1205063965 -0.01480000019 -0.09520040545
v 0.1198814722 -0.01480000019 -0.09488670495
v 0.1198814722 -0.0149000001 -0.09488670495
v 0.1205063965 -0.0149000001 -0.09520040545
v 0.1211257417 -0.0149000001 -0.09552518295
v 0.1217440475 -0.0149000001 -0.09585193445
v 0.1223616142 -0.0149000001 -0.09618007365
v 0.1239743313 -0.01480000019 -0.09425810235
v 0.1223616142 -0.01480000019 -0.09618007365
v 0.1223616142 -0.0149000001 -0.09618007365
v 0.1239743313 -0.0149000001 -0.09425810235
v 0.1453765621 -0.01480000019 -0.1026859851
v 0.1492604138 -0.01480000019 -0.1033570503
v 0.1492604138 -0.0149000001 -0.1033570503
v 0.1453765621 -0.0149000001 -0.1026859851
v 0.1506080932 -0.01480000019 -0.10433187
v 0.1452521279 -0.01480000019 -0.1034063766
v 0.1452521279 -0.0149000001 -0.1034063766
v 0.1506080932 -0.0149000001 -0.10433187
v 0.109142484 -0.01480000019 -0.1110447275
v 0.1094995862 -0.01480000019 -0.110390039
v 0.1094483869 -0.01480000019 -0.109652291
v 0.1090346819 -0.01480000019 -0.1090287079
v 0.1084923407 -0.01480000019 -0.1085091995
v 0.1084923407 -0.0149000001 -0.1085091995
v 0.1090346819 -0.0149000001 -0.1090287079
v 0.1094483869 -0.0149000001 -0.109652291
v 0.1094995862 -0.0149000001 -0.110390039
v 0.109142484 -0.0149000001 -0.1110447275
v 0.09310462661 -0.01480000019 -0.06899061755
v 0.09416049446 -0.01480000019 -0.06773228055
v 0.09416049446 -0.0149000001 -0.06773228055
v 0.09310462661 -0.0149000001 -0.06899061755
v 0.1294773226 -0.01480000019 -0.1238886774
v 0.1317044172 -0.01480000019 -0.1282023713
v 0.1317044172 -0.0149000001 -0.1282023713
v 0.1294773226 -0.0149000001 -0.1238886774
v 0.1370728884 -0.01480000019 -0.1255461643
v 0.1345233672 -0.01480000019 -0.1273246665
v 0.1345233672 -0.0149000001 -0.1273246665
v 0.1370728884 -0.0149000001 -0.1255461643
v 0.0933013681 -0.01480000019 -0.08442218345
v 0.09351897782 -0.01480000019 -0.08460477355
v 0.09351897782 -0.0149000001 -0.08460477355
v 0.0933013681 -0.0149000001 -0.08442218345
v 0.09150680027 -0.0149000001 -0.08401269785
v 0.0933532737 -0.0149000001 -0.08277286085
v 0.09354250203 -0.0149000001 -0.08293163775
v 0.09264214168 -0.0149000001 -0.08496535935
v 0.09241507149 -0.0149000001 -0.08477483465
v 0.0927033757 -0.0149000001 -0.08416224145
v 0.09228707717 -0.0149000001 -0.08381293995
v 0.09173386092 -0.0149000001 -0.08420323205
v 0.09248522184 -0.0149000001 -0.08367286385
v 0.0928069062 -0.0149000001 -0.08394279125
v 0.09313979452 -0.0149000001 -0.08323863575
v 0.09312087359 -0.0149000001 -0.08322275705
v 0.09150680027 -0.01480000019 -0.08401269785
v 0.0933532737 -0.01480000019 -0.08277286085
v 0.0933532737 -0.0149000001 -0.08277286085
v 0.09150680027 -0.0149000001 -0.08401269785
v 0.08334045066 -0.01480000019 -0.07955115675
v 0.08326636944 -0.01480000019 -0.07966529265
v 0.0832423943 -0.01480000019 -0.07979819675
v 0.0832855769 -0.01480000019 -0.07992684725
v 0.08337361076 -0.01480000019 -0.08003041615
v 0.08337361076 -0.0149000001 -0.08003041615
v 0.08330467905 -0.0149000001 -0.07995668775
v 0.08325834939 -0.0149000001 -0.07986705195
v 0.08324143106 -0.0149000001 -0.07978307145
v 0.08325386683 -0.0149000001 -0.07969839465
v 0.0832900777 -0.0149000001 -0.07962067965
v 0.08334045066 -0.0149000001 -0.07955115675
v 0.08418626048 -0.01480000019 -0.08274375165
v 0.08409099815 -0.01480000019 -0.08285728675
v 0.08409099815 -0.0149000001 -0.08285728675
v 0.08418626048 -0.0149000001 -0.08274375165
v 0.08536204651 -0.01480000019 -0.08329504015
v 0.08565035072 -0.01480000019 -0.08268245645
v 0.08565035072 -0.0149000001 -0.08268245645
v 0.08536204651 -0.0149000001 -0.08329504015
v 0.09092180894 -0.01480000019 -0.08517100315
v 0.09106372542 -0.01480000019 -0.08529008815
v 0.09106372542 -0.0149000001 -0.08529008815
v 0.09092180894 -0.0149000001 -0.08517100315
v 0.09182788054 -0.01480000019 -0.08784987265
v 0.09204548073 -0.01480000019 -0.08803247235
v 0.09204548073 -0.0149000001 -0.08803247235
v 0.09182788054 -0.0149000001 -0.08784987265
v 0.1323418819 -0.01480000019 -0.1229085097
v 0.1334609977 -0.01480000019 -0.1245119776
v 0.1334609977 -0.0149000001 -0.1245119776
v 0.1323418819 -0.0149000001 -0.1229085097
v 0.1340698315 -0.0149000001 -0.1209610322
v 0.1344172034 -0.0149000001 -0.1214598033
v 0.1323418819 -0.0149000001 -0.1229085097
v 0.1334609977 -0.0149000001 -0.1245119776
v 0.1352478855 -0.0149000001 -0.1232652885
v 0.1355952575 -0.0149000001 -0.1237640548
v 0.1338083697 -0.0149000001 -0.1250107487
v 0.1347809578 -0.0149000001 -0.1264039841
v 0.1367255164 -0.0149000001 -0.1250473933
v 0.1370728884 -0.0149000001 -0.1255461643
v 0.1345233672 -0.0149000001 -0.1273246665
v 0.1313895521 -0.0149000001 -0.1228316596
v 0.1383289433 -0.01480000019 -0.1168740821
v 0.1391003312 -0.01480000019 -0.1162268315
v 0.1400737581 -0.01480000019 -0.11599101
v 0.1410357084 -0.01480000019 -0.1162815404
v 0.1418667078 -0.01480000019 -0.1168576155
v 0.1418667078 -0.0149000001 -0.1168576155
v 0.1410357084 -0.0149000001 -0.1162815404
v 0.1400737581 -0.0149000001 -0.11599101
v 0.1391003312 -0.0149000001 -0.1162268315
v 0.1383289433 -0.0149000001 -0.1168740821
v 0.1376348606 -0.01480000019 -0.1177012575
v 0.1383289433 -0.01480000019 -0.1168740821
v 0.1383289433 -0.0149000001 -0.1168740821
v 0.1376348606 -0.0149000001 -0.1177012575
v 0.1413473369 -0.01480000019 -0.1128470296
v 0.1434080125 -0.01480000019 -0.1142008287
v 0.1434080125 -0.0149000001 -0.1142008287
v 0.1413473369 -0.0149000001 -0.1128470296
v 0.1450957351 -0.01480000019 -0.1171094847
v 0.1446916143 -0.01480000019 -0.1177250202
v 0.1446916143 -0.0149000001 -0.1177250202
v 0.1450957351 -0.0149000001 -0.1171094847
v 0.1141038171 -0.01480000019 -0.1027604314
v 0.1145576998 -0.01480000019 -0.1030321228
v 0.1148926071 -0.01480000019 -0.1034370285
v 0.1149696744 -0.01480000019 -0.1039555125
v 0.1147690698 -0.01480000019 -0.1044380196
v 0.1143786266 -0.01480000019 -0.1047547546
v 0.1138833217 -0.01480000019 -0.1048319506
v 0.1133992745 -0.01480000019 -0.1046834882
v 0.1129937812 -0.01480000019 -0.1043797771
v 0.1127025518 -0.01480000019 -0.1037651726
v 0.1128562925 -0.01480000019 -0.1031068796
v 0.1134183493 -0.01480000019 -0.1027219232
v 0.1498982519 -0.01480000019 -0.1070136559
v 0.1496784312 -0.01480000019 -0.1077151028
v 0.1496784312 -0.0149000001 -0.1077151028
v 0.1498982519 -0.0149000001 -0.1070136559
v 0.1275039128 -0.01480000019 -0.126549313
v 0.1275701656 -0.01480000019 -0.127114384
v 0.1273910092 -0.01480000019 -0.1276562811
v 0.1270675905 -0.01480000019 -0.1281291945
v 0.1266672006 -0.01480000019 -0.128539833
v 0.1266672006 -0.0149000001 -0.128539833
v 0.1270675905 -0.0149000001 -0.1281291945
v 0.1273910092 -0.0149000001 -0.1276562811
v 0.1275701656 -0.0149000001 -0.127114384
v 0.1275039128 -0.0149000001 -0.126549313
v 0.1259842719 -0.01480000019 -0.1298334982
v 0.1261405081 -0.01480000019 -0.1301080155
v 0.1263982246 -0.01480000019 -0.1302889533
v 0.1267098425 -0.01480000019 -0.1303376497
v 0.1270191667 -0.01480000019 -0.1302709301
v 0.1270191667 -0.0149000001 -0.1302709301
v 0.1267098425 -0.0149000001 -0.1303376497
v 0.1263982246 -0.0149000001 -0.1302889533
v 0.1261405081 -0.0149000001 -0.1301080155
v 0.1259842719 -0.0149000001 -0.1298334982
v 0.1275039128 -0.0149000001 -0.126549313
v 0.1275701656 -0.0149000001 -0.127114384
v 0.1273910092 -0.0149000001 -0.1276562811
v 0.1270675905 -0.0149000001 -0.1281291945
v 0.1266672006 -0.0149000001 -0.128539833
v 0.1263774319 -0.0149000001 -0.1288055653
v 0.1261120725 -0.0149000001 -0.1290954303
v 0.1259447557 -0.0149000001 -0.1294462111
v 0.1259842719 -0.0149000001 -0.1298334982
v 0.1261405081 -0.0149000001 -0.1301080155
v 0.1263982246 -0.0149000001 -0.1302889533
v 0.1267098425 -0.0149000001 -0.1303376497
v 0.1270191667 -0.0149000001 -0.1302709301
v 0.1273217148 -0.0149000001 -0.1300969794
v 0.1275133265 -0.0149000001 -0.1298069476
v 0.1275683434 -0.0149000001 -0.1294621418
v 0.127484696 -0.0149000001 -0.1291232323
v 0.1281725284 -0.0149000001 -0.1288755953
v 0.1282736857 -0.0149000001 -0.1294852576
v 0.1281568617 -0.0149000001 -0.1300926864
v 0.1277820304 -0.0149000001 -0.1305792135
v 0.1272352226 -0.0149000001 -0.1308689837
v 0.126644269 -0.0149000001 -0.1309718647
v 0.1260574301 -0.0149000001 -0.1308495832
v 0.1255660202 -0.0149000001 -0.130508717
v 0.1252636711 -0.0149000001 -0.1299914613
v 0.1251982147 -0.0149000001 -0.1294522444
v 0.1253811715 -0.0149000001 -0.1289398444
v 0.1257156768 -0.0149000001 -0.1285071332
v 0.1261141737 -0.0149000001 -0.1281314325
v 0.1264037087 -0.0149000001 -0.1278414959
v 0.1266517827 -0.0149000001 -0.1275156965
v 0.1268156089 -0.0149000001 -0.1271417081
v 0.1267942364 -0.0149000001 -0.1267371642
v 0.1266040064 -0.0149000001 -0.1264080659
v 0.1262997505 -0.0149000001 -0.126181192
v 0.1259266253 -0.0149000001 -0.1261202863
v 0.1255551693 -0.0149000001 -0.1262037001
v 0.1252255083 -0.0149000001 -0.1263984743
v 0.1249956781 -0.0149000001 -0.1267048855
v 0.1249165715 -0.0149000001 -0.1270779154
v 0.1249918123 -0.0149000001 -0.127453682
v 0.125056157 -0.0149000001 -0.1276331395
v 0.1243683198 -0.0149000001 -0.1278807813
v 0.1242930555 -0.0149000001 -0.1276714309
v 0.12419155 -0.0149000001 -0.1270375524
v 0.1243625904 -0.0149000001 -0.1264195854
v 0.1247811763 -0.0149000001 -0.1259342217
v 0.1253512108 -0.0149000001 -0.1256354345
v 0.1259955415 -0.0149000001 -0.1254976036
v 0.1266434919 -0.0149000001 -0.1256006613
v 0.1271787565 -0.0149000001 -0.1259780293
v 0.1299164892 -0.01480000019 -0.1291252498
v 0.1310516992 -0.01480000019 -0.128539482
v 0.1310516992 -0.0149000001 -0.128539482
v 0.1299164892 -0.0149000001 -0.1291252498
v 0.1375302944 -0.01480000019 -0.120107645
v 0.1366928369 -0.01480000019 -0.1185637717
v 0.1366928369 -0.0149000001 -0.1185637717
v 0.1375302944 -0.0149000001 -0.120107645
v 0.1350158892 -0.01480000019 -0.120144919
v 0.1365054062 -0.01480000019 -0.1210729226
v 0.1365054062 -0.0149000001 -0.1210729226
v 0.1350158892 -0.0149000001 -0.120144919
v 0.1452521279 -0.01480000019 -0.1034063766
v 0.1453765621 -0.01480000019 -0.1026859851
v 0.1453765621 -0.0149000001 -0.1026859851
v 0.1452521279 -0.0149000001 -0.1034063766
v 0.105682206 -0.01480000019 -0.108597262
v 0.1059067625 -0.01480000019 -0.1083296415
v 0.1064820943 -0.01480000019 -0.1078636847
v 0.1072099717 -0.01480000019 -0.1077740238
v 0.1078918303 -0.01480000019 -0.1080677447
v 0.1084923407 -0.01480000019 -0.1085091995
v 0.1090346819 -0.01480000019 -0.1090287079
v 0.1094483869 -0.01480000019 -0.109652291
v 0.1094995862 -0.01480000019 -0.110390039
v 0.109142484 -0.01480000019 -0.1110447275
v 0.1089179276 -0.01480000019 -0.1113123432
v 0.09416049446 -0.01480000019 -0.06773228055
v 0.09405641983 -0.01480000019 -0.06764495275
v 0.09405641983 -0.0149000001 -0.06764495275
v 0.09416049446 -0.0149000001 -0.06773228055
v 0.09247570531 -0.01480000019 -0.07345307055
v 0.09176686092 -0.01480000019 -0.07497033905
v 0.09176686092 -0.0149000001 -0.07497033905
v 0.09247570531 -0.0149000001 -0.07345307055
v 0.1288245998 -0.01480000019 -0.1242257881
v 0.1294773226 -0.01480000019 -0.1238886774
v 0.1294773226 -0.0149000001 -0.1238886774
v 0.1288245998 -0.0149000001 -0.1242257881
v 0.1367255164 -0.01480000019 -0.1250473933
v 0.1370728884 -0.01480000019 -0.1255461643
v 0.1370728884 -0.0149000001 -0.1255461643
v 0.1367255164 -0.0149000001 -0.1250473933
v 0.09323763593 -0.01480000019 -0.08549728925
v 0.09306328476 -0.01480000019 -0.08525375925
v 0.0930289615 -0.01480000019 -0.08495583145
v 0.09313160497 -0.01480000019 -0.08467250415
v 0.0933013681 -0.01480000019 -0.08442218345
v 0.0933013681 -0.0149000001 -0.08442218345
v 0.09313160497 -0.0149000001 -0.08467250415
v 0.0930289615 -0.0149000001 -0.08495583145
v 0.09306328476 -0.0149000001 -0.08525375925
v 0.09323763593 -0.0149000001 -0.08549728925
v 0.09173386092 -0.01480000019 -0.08420323205
v 0.09150680027 -0.01480000019 -0.08401269785
v 0.09150680027 -0.0149000001 -0.08401269785
v 0.09173386092 -0.0149000001 -0.08420323205
v 0.08337361076 -0.01480000019 -0.08003041615
v 0.0836479928 -0.01480000019 -0.08026064225
v 0.0836479928 -0.0149000001 -0.08026064225
v 0.08337361076 -0.0149000001 -0.08003041615
v 0.08299415629 -0.01480000019 -0.08174346385
v 0.08418626048 -0.01480000019 -0.08274375165
v 0.08418626048 -0.0149000001 -0.08274375165
v 0.08299415629 -0.0149000001 -0.08174346385
v 0.0855891167 -0.01480000019 -0.08348557435
v 0.08536204651 -0.01480000019 -0.08329504015
v 0.08536204651 -0.0149000001 -0.08329504015
v 0.0855891167 -0.0149000001 -0.08348557435
v 0.08999297025 -0.01480000019 -0.08627796315
v 0.09092180894 -0.01480000019 -0.08517100315
v 0.09092180894 -0.0149000001 -0.08517100315
v 0.08999297025 -0.0149000001 -0.08627796315
v 0.09178347892 -0.01480000019 -0.08868325065
v 0.09275429955 -0.01480000019 -0.08825641285
v 0.09275429955 -0.0149000001 -0.08825641285
v 0.09178347892 -0.0149000001 -0.08868325065
v 0.0917802446 -0.01480000019 -0.08790664505
v 0.09182788054 -0.01480000019 -0.08784987265
v 0.09182788054 -0.0149000001 -0.08784987265
v 0.0917802446 -0.0149000001 -0.08790664505
v 0.1334609977 -0.01480000019 -0.1245119776
v 0.1352478855 -0.01480000019 -0.1232652885
v 0.1352478855 -0.0149000001 -0.1232652885
v 0.1334609977 -0.0149000001 -0.1245119776
v 0.1409432185 -0.01480000019 -0.1134625603
v 0.1413473369 -0.01480000019 -0.1128470296
v 0.1413473369 -0.0149000001 -0.1128470296
v 0.1409432185 -0.0149000001 -0.1134625603
v 0.1446916143 -0.01480000019 -0.1177250202
v 0.1430038941 -0.01480000019 -0.1148163642
v 0.1430038941 -0.0149000001 -0.1148163642
v 0.1446916143 -0.0149000001 -0.1177250202
v 0.1485827315 -0.01480000019 -0.1107304178
v 0.1452668969 -0.01480000019 -0.1095813462
v 0.1452668969 -0.0149000001 -0.1095813462
v 0.1485827315 -0.0149000001 -0.1107304178
v 0.1446832647 -0.01480000019 -0.1053805645
v 0.1498982519 -0.01480000019 -0.1070136559
v 0.1498982519 -0.0149000001 -0.1070136559
v 0.1446832647 -0.0149000001 -0.1053805645
v 0.1496784312 -0.01480000019 -0.1077151028
v 0.144463444 -0.01480000019 -0.1060820114
v 0.144463444 -0.0149000001 -0.1060820114
v 0.1496784312 -0.0149000001 -0.1077151028
v 0.1446832647 -0.0149000001 -0.1053805645
v 0.1498982519 -0.0149000001 -0.1070136559
v 0.1496784312 -0.0149000001 -0.1077151028
v 0.144463444 -0.0149000001 -0.1060820114
v 0.1253512108 -0.01480000019 -0.1256354345
v 0.1259955415 -0.01480000019 -0.1254976036
v 0.1266434919 -0.01480000019 -0.1256006613
v 0.1271787565 -0.01480000019 -0.1259780293
v 0.1275039128 -0.01480000019 -0.126549313
v 0.1275039128 -0.0149000001 -0.126549313
v 0.1271787565 -0.0149000001 -0.1259780293
v 0.1266434919 -0.0149000001 -0.1256006613
v 0.1259955415 -0.0149000001 -0.1254976036
v 0.1253512108 -0.0149000001 -0.1256354345
v 0.1270191667 -0.01480000019 -0.1302709301
v 0.1273217148 -0.01480000019 -0.1300969794
v 0.1275133265 -0.01480000019 -0.1298069476
v 0.1275683434 -0.01480000019 -0.1294621418
v 0.127484696 -0.01480000019 -0.1291232323
v 0.127484696 -0.0149000001 -0.1291232323
v 0.1275683434 -0.0149000001 -0.1294621418
v 0.1275133265 -0.0149000001 -0.1298069476
v 0.1273217148 -0.0149000001 -0.1300969794
v 0.1270191667 -0.0149000001 -0.1302709301
v 0.1310516992 -0.01480000019 -0.128539482
v 0.1288245998 -0.01480000019 -0.1242257881
v 0.1288245998 -0.0149000001 -0.1242257881
v 0.1310516992 -0.0149000001 -0.128539482
v 0.1365054062 -0.01480000019 -0.1210729226
v 0.1375302944 -0.01480000019 -0.120107645
v 0.1375302944 -0.0149000001 -0.120107645
v 0.1365054062 -0.0149000001 -0.1210729226
v 0.09405641983 -0.01480000019 -0.06764495275
v 0.09380182669 -0.01480000019 -0.06750607915
v 0.09351492335 -0.01480000019 -0.06752599245
v 0.09327239471 -0.01480000019 -0.06768685865
v 0.09307037825 -0.01480000019 -0.06789779265
v 0.09307037825 -0.0149000001 -0.06789779265
v 0.09327239471 -0.0149000001 -0.06768685865
v 0.09351492335 -0.0149000001 -0.06752599245
v 0.09380182669 -0.0149000001 -0.06750607915
v 0.09405641983 -0.0149000001 -0.06764495275
v 0.08442253408 -0.01480000019 -0.07776199505
v 0.08518888882 -0.01480000019 -0.07840503725
v 0.08518888882 -0.0149000001 -0.07840503725
v 0.08442253408 -0.0149000001 -0.07776199505
v 0.09224863512 -0.01480000019 -0.07326253635
v 0.09247570531 -0.01480000019 -0.07345307055
v 0.09247570531 -0.0149000001 -0.07345307055
v 0.09224863512 -0.0149000001 -0.07326253635
v 0.09176686092 -0.01480000019 -0.07497033905
v 0.09178578185 -0.01480000019 -0.07498621765
v 0.09178578185 -0.0149000001 -0.07498621765
v 0.09176686092 -0.0149000001 -0.07497033905
v 0.09224863512 -0.0149000001 -0.07326253635
v 0.09247570531 -0.0149000001 -0.07345307055
v 0.09176686092 -0.0149000001 -0.07497033905
v 0.09178578185 -0.0149000001 -0.07498621765
v 0.09315691587 -0.0149000001 -0.07402466365
v 0.09338397653 -0.0149000001 -0.07421519785
v 0.0915375031 -0.0149000001 -0.07545503485
v 0.09134827477 -0.0149000001 -0.07529625795
v 0.1347809578 -0.01480000019 -0.1264039841
v 0.1367255164 -0.01480000019 -0.1250473933
v 0.1367255164 -0.0149000001 -0.1250473933
v 0.1347809578 -0.0149000001 -0.1264039841
v 0.0944373672 -0.01480000019 -0.08518192605
v 0.09419299813 -0.01480000019 -0.08543045405
v 0.09389510874 -0.01480000019 -0.08560892515
v 0.0935508419 -0.01480000019 -0.08564117905
v 0.09323763593 -0.01480000019 -0.08549728925
v 0.09323763593 -0.0149000001 -0.08549728925
v 0.0935508419 -0.0149000001 -0.08564117905
v 0.09389510874 -0.0149000001 -0.08560892515
v 0.09419299813 -0.0149000001 -0.08543045405
v 0.0944373672 -0.0149000001 -0.08518192605
v 0.09228707717 -0.01480000019 -0.08381293995
v 0.09173386092 -0.01480000019 -0.08420323205
v 0.09173386092 -0.0149000001 -0.08420323205
v 0.09228707717 -0.0149000001 -0.08381293995
v 0.0836479928 -0.01480000019 -0.08026064225
v 0.08406874349 -0.01480000019 -0.07975919955
v 0.08406874349 -0.0149000001 -0.07975919955
v 0.0836479928 -0.0149000001 -0.08026064225
v 0.08289888442 -0.0149000001 -0.08185699895
v 0.08299415629 -0.0149000001 -0.08174346385
v 0.08418626048 -0.0149000001 -0.08274375165
v 0.08409099815 -0.0149000001 -0.08285728675
v 0.08648947705 -0.01480000019 -0.08145184325
v 0.0855891167 -0.01480000019 -0.08348557435
v 0.0855891167 -0.0149000001 -0.08348557435
v 0.08648947705 -0.0149000001 -0.08145184325
v 0.08630024871 -0.01480000019 -0.08129306625
v 0.08648947705 -0.01480000019 -0.08145184325
v 0.08648947705 -0.0149000001 -0.08145184325
v 0.08630024871 -0.0149000001 -0.08129306625
v 0.08976590006 -0.01480000019 -0.08608742895
v 0.08999297025 -0.01480000019 -0.08627796315
v 0.08999297025 -0.0149000001 -0.08627796315
v 0.08976590006 -0.0149000001 -0.08608742895
v 0.08973608971 -0.01480000019 -0.08694916915
v 0.08955633137 -0.01480000019 -0.08679832675
v 0.08955633137 -0.0149000001 -0.08679832675
v 0.08973608971 -0.0149000001 -0.08694916915
v 0.09275429955 -0.01480000019 -0.08825641285
v 0.09267112932 -0.01480000019 -0.08808954865
v 0.09264793564 -0.01480000019 -0.08790430695
v 0.0926963343 -0.01480000019 -0.08772459655
v 0.09279933085 -0.01480000019 -0.08756868015
v 0.09279933085 -0.0149000001 -0.08756868015
v 0.0926963343 -0.0149000001 -0.08772459655
v 0.09264793564 -0.0149000001 -0.08790430695
v 0.09267112932 -0.0149000001 -0.08808954865
v 0.09275429955 -0.0149000001 -0.08825641285
v 0.09201054911 -0.01480000019 -0.08887377525
v 0.09178347892 -0.01480000019 -0.08868325065
v 0.09178347892 -0.0149000001 -0.08868325065
v 0.09201054911 -0.0149000001 -0.08887377525
v 0.09125030696 -0.01480000019 -0.08796177785
v 0.09138006401 -0.01480000019 -0.08803467645
v 0.09152794078 -0.01480000019 -0.08805196635
v 0.0916687984 -0.01480000019 -0.08800557935
v 0.0917802446 -0.01480000019 -0.08790664505
v 0.0917802446 -0.0149000001 -0.08790664505
v 0.0916687984 -0.0149000001 -0.08800557935
v 0.09152794078 -0.0149000001 -0.08805196635
v 0.09138006401 -0.0149000001 -0.08803467645
v 0.09125030696 -0.0149000001 -0.08796177785
v 0.09181765589 -0.01480000019 -0.08713190855
v 0.09196354906 -0.01480000019 -0.08717692175
v 0.09211263703 -0.01480000019 -0.08720945125
v 0.09226307913 -0.01480000019 -0.08719724395
v 0.09238544492 -0.01480000019 -0.08710853295
v 0.09238544492 -0.0149000001 -0.08710853295
v 0.09226307913 -0.0149000001 -0.08719724395
v 0.09211263703 -0.0149000001 -0.08720945125
v 0.09196354906 -0.0149000001 -0.08717692175
v 0.09181765589 -0.0149000001 -0.08713190855
v 0.1352478855 -0.01480000019 -0.1232652885
v 0.1355952575 -0.01480000019 -0.1237640548
v 0.1355952575 -0.0149000001 -0.1237640548
v 0.1352478855 -0.0149000001 -0.1232652885
v 0.1430038941 -0.01480000019 -0.1148163642
v 0.1409432185 -0.01480000019 -0.1134625603
v 0.1409432185 -0.0149000001 -0.1134625603
v 0.1430038941 -0.0149000001 -0.1148163642
v 0.1488791729 -0.01480000019 -0.1100910836
v 0.1485827315 -0.01480000019 -0.1107304178
v 0.1485827315 -0.0149000001 -0.1107304178
v 0.1488791729 -0.0149000001 -0.1100910836
v 0.1452668969 -0.01480000019 -0.1095813462
v 0.1452399461 -0.01480000019 -0.109639468
v 0.1452399461 -0.0149000001 -0.109639468
v 0.1452668969 -0.0149000001 -0.1095813462
v 0.1488791729 -0.0149000001 -0.1100910836
v 0.1485827315 -0.0149000001 -0.1107304178
v 0.1452668969 -0.0149000001 -0.1095813462
v 0.1452399461 -0.0149000001 -0.109639468
v 0.1482054403 -0.0149000001 -0.1115441173
v 0.1479078211 -0.0149000001 -0.1121835564
v 0.1445380874 -0.0149000001 -0.1111507283
v 0.1445111391 -0.0149000001 -0.11120885
v 0.1475305299 -0.0149000001 -0.1129972511
v 0.1472340885 -0.0149000001 -0.1136365901
v 0.1425034677 -0.0149000001 -0.1106643198
v 0.1427729607 -0.0149000001 -0.1100831073
v 0.146736655 -0.0149000001 -0.1112870236
v 0.1467636034 -0.0149000001 -0.1112289018
v 0.1432861763 -0.0149000001 -0.1089786991
v 0.1435556693 -0.0149000001 -0.1083974866
v 0.144463444 -0.01480000019 -0.1060820114
v 0.1446832647 -0.01480000019 -0.1053805645
v 0.1446832647 -0.0149000001 -0.1053805645
v 0.144463444 -0.0149000001 -0.1060820114
v 0.1242930555 -0.01480000019 -0.1276714309
v 0.12419155 -0.01480000019 -0.1270375524
v 0.1243625904 -0.01480000019 -0.1264195854
v 0.1247811763 -0.01480000019 -0.1259342217
v 0.1253512108 -0.01480000019 -0.1256354345
v 0.1253512108 -0.0149000001 -0.1256354345
v 0.1247811763 -0.0149000001 -0.1259342217
v 0.1243625904 -0.0149000001 -0.1264195854
v 0.12419155 -0.0149000001 -0.1270375524
v 0.1242930555 -0.0149000001 -0.1276714309
v 0.127484696 -0.01480000019 -0.1291232323
v 0.1281725284 -0.01480000019 -0.1288755953
v 0.1281725284 -0.0149000001 -0.1288755953
v 0.127484696 -0.0149000001 -0.1291232323
v 0.09310462661 -0.01480000019 -0.06899061755
v 0.09300055198 -0.01480000019 -0.06890328975
v 0.09281909598 -0.01480000019 -0.06867959625
v 0.09278416239 -0.01480000019 -0.06839654575
v 0.0928986696 -0.01480000019 -0.06813137645
v 0.09307037825 -0.01480000019 -0.06789779265
v 0.09327239471 -0.01480000019 -0.06768685865
v 0.09351492335 -0.01480000019 -0.06752599245
v 0.09380182669 -0.01480000019 -0.06750607915
v 0.09405641983 -0.01480000019 -0.06764495275
v 0.09416049446 -0.01480000019 -0.06773228055
v 0.08517962993 -0.01480000019 -0.07913890875
v 0.08637173412 -0.01480000019 -0.08013919655
v 0.08637173412 -0.0149000001 -0.08013919655
v 0.08517962993 -0.0149000001 -0.07913890875
v 0.08427170127 -0.01480000019 -0.07794175345
v 0.08442253408 -0.01480000019 -0.07776199505
v 0.08442253408 -0.0149000001 -0.07776199505
v 0.08427170127 -0.0149000001 -0.07794175345
v 0.08518888882 -0.01480000019 -0.07840503725
v 0.08639559902 -0.01480000019 -0.07696694195
v 0.08639559902 -0.0149000001 -0.07696694195
v 0.08518888882 -0.0149000001 -0.07840503725
v 0.08427170127 -0.0149000001 -0.07794175345
v 0.08442253408 -0.0149000001 -0.07776199505
v 0.08518888882 -0.0149000001 -0.07840503725
v 0.08639559902 -0.0149000001 -0.07696694195
v 0.08661320874 -0.0149000001 -0.07714953205
v 0.08525566573 -0.0149000001 -0.07876739525
v 0.09134827477 -0.01480000019 -0.07529625795
v 0.09224863512 -0.01480000019 -0.07326253635
v 0.09224863512 -0.0149000001 -0.07326253635
v 0.09134827477 -0.0149000001 -0.07529625795
v 0.09178578185 -0.01480000019 -0.07498621765
v 0.09315691587 -0.01480000019 -0.07402466365
v 0.09315691587 -0.0149000001 -0.07402466365
v 0.09178578185 -0.0149000001 -0.07498621765
v 0.1338083697 -0.01480000019 -0.1250107487
v 0.1347809578 -0.01480000019 -0.1264039841
v 0.1347809578 -0.0149000001 -0.1264039841
v 0.1338083697 -0.0149000001 -0.1250107487
v 0.09461746623 -0.01480000019 -0.08383364005
v 0.09481892095 -0.01480000019 -0.08414943945
v 0.09481368594 -0.01480000019 -0.08452664625
v 0.09466084116 -0.01480000019 -0.08487399375
v 0.0944373672 -0.01480000019 -0.08518192605
v 0.0944373672 -0.0149000001 -0.08518192605
v 0.09466084116 -0.0149000001 -0.08487399375
v 0.09481368594 -0.0149000001 -0.08452664625
v 0.09481892095 -0.0149000001 -0.08414943945
v 0.09461746623 -0.0149000001 -0.08383364005
v 0.0927033757 -0.01480000019 -0.08416224145
v 0.09228707717 -0.01480000019 -0.08381293995
v 0.09228707717 -0.0149000001 -0.08381293995
v 0.0927033757 -0.0149000001 -0.08416224145
v 0.08406874349 -0.01480000019 -0.07975919955
v 0.08378491052 -0.01480000019 -0.07952102935
v 0.08378491052 -0.0149000001 -0.07952102935
v 0.08406874349 -0.0149000001 -0.07975919955
v 0.08247218829 -0.01480000019 -0.08004791765
v 0.08259429656 -0.01480000019 -0.07993936075
v 0.08274742794 -0.01480000019 -0.07988407595
v 0.08291099263 -0.01480000019 -0.07988620235
v 0.08306715688 -0.01480000019 -0.07993449615
v 0.08306715688 -0.0149000001 -0.07993449615
v 0.08291099263 -0.0149000001 -0.07988620235
v 0.08274742794 -0.0149000001 -0.07988407595
v 0.08259429656 -0.0149000001 -0.07993936075
v 0.08247218829 -0.0149000001 -0.08004791765
v 0.08963093635 -0.01480000019 -0.08624827595
v 0.08976590006 -0.01480000019 -0.08608742895
v 0.08976590006 -0.0149000001 -0.08608742895
v 0.08963093635 -0.0149000001 -0.08624827595
v 0.09279933085 -0.01480000019 -0.08756868015
v 0.09299088557 -0.01480000019 -0.08739877315
v 0.09323596068 -0.01480000019 -0.08733310275
v 0.09348408778 -0.01480000019 -0.08739425185
v 0.09369923695 -0.01480000019 -0.08753377405
v 0.09369923695 -0.0149000001 -0.08753377405
v 0.09348408778 -0.0149000001 -0.08739425185
v 0.09323596068 -0.0149000001 -0.08733310275
v 0.09299088557 -0.0149000001 -0.08739877315
v 0.09279933085 -0.0149000001 -0.08756868015
v 0.09293862608 -0.01480000019 -0.08845944985
v 0.09201054911 -0.01480000019 -0.08887377525
v 0.09201054911 -0.0149000001 -0.08887377525
v 0.09293862608 -0.0149000001 -0.08845944985
v 0.09118723002 -0.01480000019 -0.08744129115
v 0.09111378779 -0.01480000019 -0.08756949375
v 0.09109674589 -0.01480000019 -0.08771614025
v 0.09114956061 -0.01480000019 -0.08785338345
v 0.09125030696 -0.01480000019 -0.08796177785
v 0.09125030696 -0.0149000001 -0.08796177785
v 0.09114956061 -0.0149000001 -0.08785338345
v 0.09109674589 -0.0149000001 -0.08771614025
v 0.09111378779 -0.0149000001 -0.08756949375
v 0.09118723002 -0.0149000001 -0.08744129115
v 0.09098549894 -0.0149000001 -0.08723978015
v 0.09116233854 -0.0149000001 -0.08710709505
v 0.09137944242 -0.0149000001 -0.08706182375
v 0.09160148644 -0.0149000001 -0.08707770205
v 0.09181765589 -0.0149000001 -0.08713190855
v 0.09196354906 -0.0149000001 -0.08717692175
v 0.09211263703 -0.0149000001 -0.08720945125
v 0.09226307913 -0.0149000001 -0.08719724395
v 0.09238544492 -0.0149000001 -0.08710853295
v 0.09244674692 -0.0149000001 -0.08700228405
v 0.09245695102 -0.0149000001 -0.08688032815
v 0.09241259543 -0.0149000001 -0.08676613525
v 0.092329988 -0.0149000001 -0.08667504995
v 0.09221242845 -0.0149000001 -0.08660764445
v 0.09207766472 -0.0149000001 -0.08659978645
v 0.09195109315 -0.0149000001 -0.08664862435
v 0.09185377085 -0.0149000001 -0.08674301915
v 0.09163616113 -0.0149000001 -0.08656041955
v 0.09182107831 -0.0149000001 -0.08640712555
v 0.09204796682 -0.0149000001 -0.08632770315
v 0.0922846307 -0.0149000001 -0.08635862095
v 0.09248876491 -0.0149000001 -0.08648583115
v 0.09263883541 -0.0149000001 -0.08666409175
v 0.09271206845 -0.0149000001 -0.08688518185
v 0.09269385368 -0.0149000001 -0.08711681985
v 0.09257923192 -0.0149000001 -0.08731950445
v 0.0924108514 -0.0149000001 -0.08744672495
v 0.09220307445 -0.0149000001 -0.08748577825
v 0.09199236959 -0.0149000001 -0.08745776925
v 0.09178829272 -0.0149000001 -0.08739747825
v 0.09163440776 -0.0149000001 -0.08735649915
v 0.09147640297 -0.0149000001 -0.08733720665
v 0.09131889415 -0.0149000001 -0.08735547925
v 0.09118723002 -0.0149000001 -0.08744129115
v 0.09111378779 -0.0149000001 -0.08756949375
v 0.09109674589 -0.0149000001 -0.08771614025
v 0.09114956061 -0.0149000001 -0.08785338345
v 0.09125030696 -0.0149000001 -0.08796177785
v 0.09138006401 -0.0149000001 -0.08803467645
v 0.09152794078 -0.0149000001 -0.08805196635
v 0.0916687984 -0.0149000001 -0.08800557935
v 0.0917802446 -0.0149000001 -0.08790664505
v 0.09182788054 -0.0149000001 -0.08784987265
v 0.09204548073 -0.0149000001 -0.08803247235
v 0.09198991024 -0.0149000001 -0.08809869555
v 0.09179694406 -0.0149000001 -0.08825669115
v 0.09155606511 -0.0149000001 -0.08832030165
v 0.09131129498 -0.0149000001 -0.08827450665
v 0.09109946461 -0.0149000001 -0.08814153615
v 0.09092717347 -0.0149000001 -0.08795207955
v 0.09083488599 -0.0149000001 -0.08771432875
v 0.09085710616 -0.0149000001 -0.08746069895
v 0.1355952575 -0.01480000019 -0.1237640548
v 0.1338083697 -0.01480000019 -0.1250107487
v 0.1338083697 -0.0149000001 -0.1250107487
v 0.1355952575 -0.0149000001 -0.1237640548
v 0.1435556693 -0.01480000019 -0.1083974866
v 0.1488791729 -0.01480000019 -0.1100910836
v 0.1488791729 -0.0149000001 -0.1100910836
v 0.1435556693 -0.0149000001 -0.1083974866
v 0.1452399461 -0.01480000019 -0.109639468
v 0.1482054403 -0.01480000019 -0.1115441173
v 0.1482054403 -0.0149000001 -0.1115441173
v 0.1452399461 -0.0149000001 -0.109639468
v 0.1243683198 -0.01480000019 -0.1278807813
v 0.1242930555 -0.01480000019 -0.1276714309
v 0.1242930555 -0.0149000001 -0.1276714309
v 0.1243683198 -0.0149000001 -0.1278807813
v 0.1281725284 -0.01480000019 -0.1288755953
v 0.1282736857 -0.01480000019 -0.1294852576
v 0.1281568617 -0.01480000019 -0.1300926864
v 0.1277820304 -0.01480000019 -0.1305792135
v 0.1272352226 -0.01480000019 -0.1308689837
v 0.1272352226 -0.0149000001 -0.1308689837
v 0.1277820304 -0.0149000001 -0.1305792135
v 0.1281568617 -0.0149000001 -0.1300926864
v 0.1282736857 -0.0149000001 -0.1294852576
v 0.1281725284 -0.0149000001 -0.1288755953
v 0.08808193611 -0.01480000019 -0.07838194375
v 0.08829954584 -0.01480000019 -0.07856454335
v 0.08829954584 -0.0149000001 -0.07856454335
v 0.08808193611 -0.0149000001 -0.07838194375
v 0.08508435806 -0.01480000019 -0.07925244385
v 0.08517962993 -0.01480000019 -0.07913890875
v 0.08517962993 -0.0149000001 -0.07913890875
v 0.08508435806 -0.0149000001 -0.07925244385
v 0.08637173412 -0.01480000019 -0.08013919655
v 0.08627647179 -0.01480000019 -0.08025273165
v 0.08627647179 -0.0149000001 -0.08025273165
v 0.08637173412 -0.0149000001 -0.08013919655
v 0.08508435806 -0.0149000001 -0.07925244385
v 0.08517962993 -0.0149000001 -0.07913890875
v 0.08637173412 -0.0149000001 -0.08013919655
v 0.08627647179 -0.0149000001 -0.08025273165
v 0.08525566573 -0.01480000019 -0.07876739525
v 0.08427170127 -0.01480000019 -0.07794175345
v 0.08427170127 -0.0149000001 -0.07794175345
v 0.08525566573 -0.0149000001 -0.07876739525
v 0.08639559902 -0.01480000019 -0.07696694195
v 0.08661320874 -0.01480000019 -0.07714953205
v 0.08661320874 -0.0149000001 -0.07714953205
v 0.08639559902 -0.0149000001 -0.07696694195
v 0.0915375031 -0.01480000019 -0.07545503485
v 0.09134827477 -0.01480000019 -0.07529625795
v 0.09134827477 -0.0149000001 -0.07529625795
v 0.0915375031 -0.0149000001 -0.07545503485
v 0.09315691587 -0.01480000019 -0.07402466365
v 0.09338397653 -0.01480000019 -0.07421519785
v 0.09338397653 -0.0149000001 -0.07421519785
v 0.09315691587 -0.0149000001 -0.07402466365
v 0.09364426101 -0.01480000019 -0.08403274995
v 0.09384135654 -0.01480000019 -0.08383367955
v 0.09409126667 -0.01480000019 -0.08370981595
v 0.09436976818 -0.01480000019 -0.08370670645
v 0.09461746623 -0.01480000019 -0.08383364005
v 0.09461746623 -0.0149000001 -0.08383364005
v 0.09436976818 -0.0149000001 -0.08370670645
v 0.09409126667 -0.0149000001 -0.08370981595
v 0.09384135654 -0.0149000001 -0.08383367955
v 0.09364426101 -0.0149000001 -0.08403274995
v 0.09241507149 -0.01480000019 -0.08477483465
v 0.0927033757 -0.01480000019 -0.08416224145
v 0.0927033757 -0.0149000001 -0.08416224145
v 0.09241507149 -0.0149000001 -0.08477483465
v 0.08378491052 -0.01480000019 -0.07952102935
v 0.08367755529 -0.01480000019 -0.07945495905
v 0.08355404488 -0.01480000019 -0.07943114595
v 0.08343447326 -0.01480000019 -0.07946730955
v 0.08334045066 -0.01480000019 -0.07955115675
v 0.08334045066 -0.0149000001 -0.07955115675
v 0.08343447326 -0.0149000001 -0.07946730955
v 0.08355404488 -0.0149000001 -0.07943114595
v 0.08367755529 -0.0149000001 -0.07945495905
v 0.08378491052 -0.0149000001 -0.07952102935
v 0.08260659125 -0.01480000019 -0.08098294745
v 0.08242036692 -0.01480000019 -0.08078628105
v 0.08230330297 -0.01480000019 -0.08054295125
v 0.08232832692 -0.01480000019 -0.08027697145
v 0.08247218829 -0.01480000019 -0.08004791765
v 0.08247218829 -0.0149000001 -0.08004791765
v 0.08232832692 -0.0149000001 -0.08027697145
v 0.08230330297 -0.0149000001 -0.08054295125
v 0.08242036692 -0.0149000001 -0.08078628105
v 0.08260659125 -0.0149000001 -0.08098294745
v 0.08955633137 -0.01480000019 -0.08679832675
v 0.08985800654 -0.01480000019 -0.08643880055
v 0.08985800654 -0.0149000001 -0.08643880055
v 0.08955633137 -0.0149000001 -0.08679832675
v 0.08985800654 -0.01480000019 -0.08643880055
v 0.08963093635 -0.01480000019 -0.08624827595
v 0.08963093635 -0.0149000001 -0.08624827595
v 0.08985800654 -0.0149000001 -0.08643880055
v 0.09369923695 -0.01480000019 -0.08753377405
v 0.09417228871 -0.01480000019 -0.08793072105
v 0.09417228871 -0.0149000001 -0.08793072105
v 0.09369923695 -0.0149000001 -0.08753377405
v 0.0931846172 -0.01480000019 -0.08866586265
v 0.09293862608 -0.01480000019 -0.08845944985
v 0.09293862608 -0.0149000001 -0.08845944985
v 0.0931846172 -0.0149000001 -0.08866586265
v 0.09178829272 -0.01480000019 -0.08739747825
v 0.09163440776 -0.01480000019 -0.08735649915
v 0.09147640297 -0.01480000019 -0.08733720665
v 0.09131889415 -0.01480000019 -0.08735547925
v 0.09118723002 -0.01480000019 -0.08744129115
v 0.09118723002 -0.0149000001 -0.08744129115
v 0.09131889415 -0.0149000001 -0.08735547925
v 0.09147640297 -0.0149000001 -0.08733720665
v 0.09163440776 -0.0149000001 -0.08735649915
v 0.09178829272 -0.0149000001 -0.08739747825
v 0.09238544492 -0.01480000019 -0.08710853295
v 0.09244674692 -0.01480000019 -0.08700228405
v 0.09245695102 -0.01480000019 -0.08688032815
v 0.09241259543 -0.01480000019 -0.08676613525
v 0.092329988 -0.01480000019 -0.08667504995
v 0.092329988 -0.0149000001 -0.08667504995
v 0.09241259543 -0.0149000001 -0.08676613525
v 0.09245695102 -0.0149000001 -0.08688032815
v 0.09244674692 -0.0149000001 -0.08700228405
v 0.09238544492 -0.0149000001 -0.08710853295
v 0.1432861763 -0.01480000019 -0.1089786991
v 0.1435556693 -0.01480000019 -0.1083974866
v 0.1435556693 -0.0149000001 -0.1083974866
v 0.1432861763 -0.0149000001 -0.1089786991
v 0.1482054403 -0.01480000019 -0.1115441173
v 0.1479078211 -0.01480000019 -0.1121835564
v 0.1479078211 -0.0149000001 -0.1121835564
v 0.1482054403 -0.0149000001 -0.1115441173
v 0.125056157 -0.01480000019 -0.1276331395
v 0.1243683198 -0.01480000019 -0.1278807813
v 0.1243683198 -0.0149000001 -0.1278807813
v 0.125056157 -0.0149000001 -0.1276331395
v 0.1272352226 -0.01480000019 -0.1308689837
v 0.126644269 -0.01480000019 -0.1309718647
v 0.1260574301 -0.01480000019 -0.1308495832
v 0.1255660202 -0.01480000019 -0.130508717
v 0.1252636711 -0.01480000019 -0.1299914613
v 0.1252636711 -0.0149000001 -0.1299914613
v 0.1255660202 -0.0149000001 -0.130508717
v 0.1260574301 -0.0149000001 -0.1308495832
v 0.126644269 -0.0149000001 -0.1309718647
v 0.1272352226 -0.0149000001 -0.1308689837
v 0.09173260677 -0.01480000019 -0.08144520595
v 0.09195020696 -0.01480000019 -0.08162779605
v 0.09195020696 -0.0149000001 -0.08162779605
v 0.09173260677 -0.0149000001 -0.08144520595
v 0.0867243931 -0.01480000019 -0.07999980685
v 0.08808193611 -0.01480000019 -0.07838194375
v 0.08808193611 -0.0149000001 -0.07838194375
v 0.0867243931 -0.0149000001 -0.07999980685
v 0.08829954584 -0.01480000019 -0.07856454335
v 0.08772795279 -0.01480000019 -0.07924574435
v 0.08772795279 -0.0149000001 -0.07924574435
v 0.08829954584 -0.0149000001 -0.07856454335
v 0.0867243931 -0.0149000001 -0.07999980685
v 0.08808193611 -0.0149000001 -0.07838194375
v 0.08829954584 -0.0149000001 -0.07856454335
v 0.08772795279 -0.0149000001 -0.07924574435
v 0.08826723734 -0.0149000001 -0.07969826185
v 0.08883883038 -0.0149000001 -0.07901705135
v 0.08905644011 -0.0149000001 -0.07919965095
v 0.0876988971 -0.0149000001 -0.08081750465
v 0.08748128737 -0.0149000001 -0.08063491455
v 0.08811639499 -0.0149000001 -0.07987802025
v 0.08757711044 -0.0149000001 -0.07942550275
v 0.08694200282 -0.0149000001 -0.08018239695
v 0.08627647179 -0.01480000019 -0.08025273165
v 0.08508435806 -0.01480000019 -0.07925244385
v 0.08508435806 -0.0149000001 -0.07925244385
v 0.08627647179 -0.0149000001 -0.08025273165
v 0.08661320874 -0.01480000019 -0.07714953205
v 0.08525566573 -0.01480000019 -0.07876739525
v 0.08525566573 -0.0149000001 -0.07876739525
v 0.08661320874 -0.0149000001 -0.07714953205
v 0.09338397653 -0.01480000019 -0.07421519785
v 0.0915375031 -0.01480000019 -0.07545503485
v 0.0915375031 -0.0149000001 -0.07545503485
v 0.09338397653 -0.0149000001 -0.07421519785
v 0.09385241028 -0.01480000019 -0.08420740545
v 0.09364426101 -0.01480000019 -0.08403274995
v 0.09364426101 -0.0149000001 -0.08403274995
v 0.09385241028 -0.0149000001 -0.08420740545
v 0.09264214168 -0.01480000019 -0.08496535935
v 0.09241507149 -0.01480000019 -0.08477483465
v 0.09241507149 -0.0149000001 -0.08477483465
v 0.09264214168 -0.0149000001 -0.08496535935
v 0.08306715688 -0.01480000019 -0.07993449615
v 0.08301003154 -0.01480000019 -0.07979274215
v 0.08299236923 -0.01480000019 -0.07964087905
v 0.08303678158 -0.01480000019 -0.07949511935
v 0.08312284093 -0.01480000019 -0.07936855715
v 0.08312284093 -0.0149000001 -0.07936855715
v 0.08303678158 -0.0149000001 -0.07949511935
v 0.08299236923 -0.0149000001 -0.07964087905
v 0.08301003154 -0.0149000001 -0.07979274215
v 0.08306715688 -0.0149000001 -0.07993449615
v 0.08307965255 -0.01480000019 -0.08137989445
v 0.08260659125 -0.01480000019 -0.08098294745
v 0.08260659125 -0.0149000001 -0.08098294745
v 0.08307965255 -0.0149000001 -0.08137989445
v 0.09417228871 -0.01480000019 -0.08793072105
v 0.09281475524 -0.01480000019 -0.08954857955
v 0.09281475524 -0.0149000001 -0.08954857955
v 0.09417228871 -0.0149000001 -0.08793072105
v 0.09259714551 -0.01480000019 -0.08936598465
v 0.0931846172 -0.01480000019 -0.08866586265
v 0.0931846172 -0.0149000001 -0.08866586265
v 0.09259714551 -0.0149000001 -0.08936598465
v 0.09257923192 -0.01480000019 -0.08731950445
v 0.0924108514 -0.01480000019 -0.08744672495
v 0.09220307445 -0.01480000019 -0.08748577825
v 0.09199236959 -0.01480000019 -0.08745776925
v 0.09178829272 -0.01480000019 -0.08739747825
v 0.09178829272 -0.0149000001 -0.08739747825
v 0.09199236959 -0.0149000001 -0.08745776925
v 0.09220307445 -0.0149000001 -0.08748577825
v 0.0924108514 -0.0149000001 -0.08744672495
v 0.09257923192 -0.0149000001 -0.08731950445
v 0.092329988 -0.01480000019 -0.08667504995
v 0.09221242845 -0.01480000019 -0.08660764445
v 0.09207766472 -0.01480000019 -0.08659978645
v 0.09195109315 -0.01480000019 -0.08664862435
v 0.09185377085 -0.01480000019 -0.08674301915
v 0.09185377085 -0.0149000001 -0.08674301915
v 0.09195109315 -0.0149000001 -0.08664862435
v 0.09207766472 -0.0149000001 -0.08659978645
v 0.09221242845 -0.0149000001 -0.08660764445
v 0.092329988 -0.0149000001 -0.08667504995
v 0.1467636034 -0.01480000019 -0.1112289018
v 0.1432861763 -0.01480000019 -0.1089786991
v 0.1432861763 -0.0149000001 -0.1089786991
v 0.1467636034 -0.0149000001 -0.1112289018
v 0.1479078211 -0.01480000019 -0.1121835564
v 0.1445380874 -0.01480000019 -0.1111507283
v 0.1445380874 -0.0149000001 -0.1111507283
v 0.1479078211 -0.0149000001 -0.1121835564
v 0.1249918123 -0.01480000019 -0.127453682
v 0.125056157 -0.01480000019 -0.1276331395
v 0.125056157 -0.0149000001 -0.1276331395
v 0.1249918123 -0.0149000001 -0.127453682
v 0.1252636711 -0.01480000019 -0.1299914613
v 0.1251982147 -0.01480000019 -0.1294522444
v 0.1253811715 -0.01480000019 -0.1289398444
v 0.1257156768 -0.01480000019 -0.1285071332
v 0.1261141737 -0.01480000019 -0.1281314325
v 0.1261141737 -0.0149000001 -0.1281314325
v 0.1257156768 -0.0149000001 -0.1285071332
v 0.1253811715 -0.0149000001 -0.1289398444
v 0.1251982147 -0.0149000001 -0.1294522444
v 0.1252636711 -0.0149000001 -0.1299914613
v 0.08924315761 -0.01480000019 -0.07240126885
v 0.08912131646 -0.01480000019 -0.07256279285
v 0.08902771364 -0.01480000019 -0.07274174045
v 0.08901496337 -0.01480000019 -0.07294125875
v 0.08911264853 -0.01480000019 -0.07311401665
v 0.08911264853 -0.0149000001 -0.07311401665
v 0.08901496337 -0.0149000001 -0.07294125875
v 0.08902771364 -0.0149000001 -0.07274174045
v 0.08912131646 -0.0149000001 -0.07256279285
v 0.08924315761 -0.0149000001 -0.07240126885
v 0.09037506376 -0.01480000019 -0.08306306915
v 0.09173260677 -0.01480000019 -0.08144520595
v 0.09173260677 -0.0149000001 -0.08144520595
v 0.09037506376 -0.0149000001 -0.08306306915
v 0.09195020696 -0.01480000019 -0.08162779605
v 0.09096578824 -0.01480000019 -0.08280097935
v 0.09096578824 -0.0149000001 -0.08280097935
v 0.09195020696 -0.0149000001 -0.08162779605
v 0.09037506376 -0.0149000001 -0.08306306915
v 0.09173260677 -0.0149000001 -0.08144520595
v 0.09195020696 -0.0149000001 -0.08162779605
v 0.09096578824 -0.0149000001 -0.08280097935
v 0.09097525824 -0.0149000001 -0.08280892345
v 0.09248003104 -0.0149000001 -0.08207236945
v 0.09271656169 -0.0149000001 -0.08227084775
v 0.09135901868 -0.0149000001 -0.08388870145
v 0.09114141849 -0.0149000001 -0.08370611135
v 0.09212582767 -0.0149000001 -0.08253292805
v 0.09211636721 -0.0149000001 -0.08252498395
v 0.09061158487 -0.0149000001 -0.08326153785
v 0.08694200282 -0.01480000019 -0.08018239695
v 0.0867243931 -0.01480000019 -0.07999980685
v 0.0867243931 -0.0149000001 -0.07999980685
v 0.08694200282 -0.0149000001 -0.08018239695
v 0.08772795279 -0.01480000019 -0.07924574435
v 0.08826723734 -0.01480000019 -0.07969826185
v 0.08826723734 -0.0149000001 -0.07969826185
v 0.08772795279 -0.0149000001 -0.07924574435
v 0.09446663342 -0.01480000019 -0.08401340795
v 0.09430363127 -0.01480000019 -0.08393779145
v 0.09412710621 -0.01480000019 -0.08397192375
v 0.09397826645 -0.01480000019 -0.08407595075
v 0.09385241028 -0.01480000019 -0.08420740545
v 0.09385241028 -0.0149000001 -0.08420740545
v 0.09397826645 -0.0149000001 -0.08407595075
v 0.09412710621 -0.0149000001 -0.08397192375
v 0.09430363127 -0.0149000001 -0.08393779145
v 0.09446663342 -0.0149000001 -0.08401340795
v 0.09351897782 -0.01480000019 -0.08460477355
v 0.09339714621 -0.01480000019 -0.08476629755
v 0.09330353386 -0.01480000019 -0.08494524515
v 0.09329078358 -0.01480000019 -0.08514476335
v 0.09338846874 -0.01480000019 -0.08531752135
v 0.09338846874 -0.0149000001 -0.08531752135
v 0.09329078358 -0.0149000001 -0.08514476335
v 0.09330353386 -0.0149000001 -0.08494524515
v 0.09339714621 -0.0149000001 -0.08476629755
v 0.09351897782 -0.0149000001 -0.08460477355
v 0.0933532737 -0.01480000019 -0.08277286085
v 0.09354250203 -0.01480000019 -0.08293163775
v 0.09354250203 -0.0149000001 -0.08293163775
v 0.0933532737 -0.0149000001 -0.08277286085
v 0.09354250203 -0.01480000019 -0.08293163775
v 0.09264214168 -0.01480000019 -0.08496535935
v 0.09264214168 -0.0149000001 -0.08496535935
v 0.09354250203 -0.0149000001 -0.08293163775
v 0.08312284093 -0.01480000019 -0.07936855715
v 0.08330342845 -0.01480000019 -0.07922590615
v 0.08352727479 -0.01480000019 -0.07917227115
v 0.08375157908 -0.01480000019 -0.07922282505
v 0.08394521334 -0.01480000019 -0.07934920565
v 0.08394521334 -0.0149000001 -0.07934920565
v 0.08375157908 -0.0149000001 -0.07922282505
v 0.08352727479 -0.0149000001 -0.07917227115
v 0.08330342845 -0.0149000001 -0.07922590615
v 0.08312284093 -0.0149000001 -0.07936855715
v 0.08443719557 -0.01480000019 -0.07976203125
v 0.08307965255 -0.01480000019 -0.08137989445
v 0.08307965255 -0.0149000001 -0.08137989445
v 0.08443719557 -0.0149000001 -0.07976203125
v 0.09281475524 -0.01480000019 -0.08954857955
v 0.09259714551 -0.01480000019 -0.08936598465
v 0.09259714551 -0.0149000001 -0.08936598465
v 0.09281475524 -0.0149000001 -0.08954857955
v 0.09248876491 -0.01480000019 -0.08648583115
v 0.09263883541 -0.01480000019 -0.08666409175
v 0.09271206845 -0.01480000019 -0.08688518185
v 0.09269385368 -0.01480000019 -0.08711681985
v 0.09257923192 -0.01480000019 -0.08731950445
v 0.09257923192 -0.0149000001 -0.08731950445
v 0.09269385368 -0.0149000001 -0.08711681985
v 0.09271206845 -0.0149000001 -0.08688518185
v 0.09263883541 -0.0149000001 -0.08666409175
v 0.09248876491 -0.0149000001 -0.08648583115
v 0.09185377085 -0.01480000019 -0.08674301915
v 0.09163616113 -0.01480000019 -0.08656041955
v 0.09163616113 -0.0149000001 -0.08656041955
v 0.09185377085 -0.0149000001 -0.08674301915
v 0.146736655 -0.01480000019 -0.1112870236
v 0.1467636034 -0.01480000019 -0.1112289018
v 0.1467636034 -0.0149000001 -0.1112289018
v 0.146736655 -0.0149000001 -0.1112870236
v 0.1445380874 -0.01480000019 -0.1111507283
v 0.1445111391 -0.01480000019 -0.11120885
v 0.1445111391 -0.0149000001 -0.11120885
v 0.1445380874 -0.0149000001 -0.1111507283
v 0.1255551693 -0.01480000019 -0.1262037001
v 0.1252255083 -0.01480000019 -0.1263984743
v 0.1249956781 -0.01480000019 -0.1267048855
v 0.1249165715 -0.01480000019 -0.1270779154
v 0.1249918123 -0.01480000019 -0.127453682
v 0.1249918123 -0.0149000001 -0.127453682
v 0.1249165715 -0.0149000001 -0.1270779154
v 0.1249956781 -0.0149000001 -0.1267048855
v 0.1252255083 -0.0149000001 -0.1263984743
v 0.1255551693 -0.0149000001 -0.1262037001
v 0.1261141737 -0.01480000019 -0.1281314325
v 0.1264037087 -0.01480000019 -0.1278414959
v 0.1266517827 -0.01480000019 -0.1275156965
v 0.1268156089 -0.01480000019 -0.1271417081
v 0.1267942364 -0.01480000019 -0.1267371642
v 0.1267942364 -0.0149000001 -0.1267371642
v 0.1268156089 -0.0149000001 -0.1271417081
v 0.1266517827 -0.0149000001 -0.1275156965
v 0.1264037087 -0.0149000001 -0.1278414959
v 0.1261141737 -0.0149000001 -0.1281314325
v 0.09046003829 -0.01480000019 -0.07342235625
v 0.09033820668 -0.01480000019 -0.07358388025
v 0.09024460386 -0.01480000019 -0.07376282795
v 0.09023185359 -0.01480000019 -0.07396234615
v 0.09032953875 -0.01480000019 -0.07413510405
v 0.09032953875 -0.0149000001 -0.07413510405
v 0.09023185359 -0.0149000001 -0.07396234615
v 0.09024460386 -0.0149000001 -0.07376282795
v 0.09033820668 -0.0149000001 -0.07358388025
v 0.09046003829 -0.0149000001 -0.07342235625
v 0.08902554788 -0.01480000019 -0.07221867875
v 0.08924315761 -0.01480000019 -0.07240126885
v 0.08924315761 -0.0149000001 -0.07240126885
v 0.08902554788 -0.0149000001 -0.07221867875
v 0.08911264853 -0.01480000019 -0.07311401665
v 0.089346461 -0.01480000019 -0.07319203635
v 0.08958353476 -0.01480000019 -0.07311319565
v 0.08977939057 -0.01480000019 -0.07295459925
v 0.08995035544 -0.01480000019 -0.07276896625
v 0.08995035544 -0.0149000001 -0.07276896625
v 0.08977939057 -0.0149000001 -0.07295459925
v 0.08958353476 -0.0149000001 -0.07311319565
v 0.089346461 -0.0149000001 -0.07319203635
v 0.08911264853 -0.0149000001 -0.07311401665
v 0.08902554788 -0.0149000001 -0.07221867875
v 0.08924315761 -0.0149000001 -0.07240126885
v 0.08912131646 -0.0149000001 -0.07256279285
v 0.08902771364 -0.0149000001 -0.07274174045
v 0.08901496337 -0.0149000001 -0.07294125875
v 0.08911264853 -0.0149000001 -0.07311401665
v 0.089346461 -0.0149000001 -0.07319203635
v 0.08958353476 -0.0149000001 -0.07311319565
v 0.08977939057 -0.0149000001 -0.07295459925
v 0.08995035544 -0.0149000001 -0.07276896625
v 0.09011761046 -0.0149000001 -0.07255184295
v 0.09025458629 -0.0149000001 -0.07231475925
v 0.09030901202 -0.0149000001 -0.07204854095
v 0.09019080367 -0.0149000001 -0.07180990325
v 0.09002781106 -0.0149000001 -0.07173428675
v 0.089851286 -0.0149000001 -0.07176841905
v 0.08970243669 -0.0149000001 -0.07187244605
v 0.08957659006 -0.0149000001 -0.07200390075
v 0.0893684408 -0.0149000001 -0.07182924525
v 0.08956553632 -0.0149000001 -0.07163017495
v 0.08981544646 -0.0149000001 -0.07150631125
v 0.09009394796 -0.0149000001 -0.07150320175
v 0.09034164602 -0.0149000001 -0.07163013535
v 0.09054310073 -0.0149000001 -0.07194593475
v 0.09053786572 -0.0149000001 -0.07232314155
v 0.09038501141 -0.0149000001 -0.07267048905
v 0.09016154699 -0.0149000001 -0.07297842135
v 0.08991716838 -0.0149000001 -0.07322694935
v 0.08961927898 -0.0149000001 -0.07340542045
v 0.08927501215 -0.0149000001 -0.07343767435
v 0.08896180618 -0.0149000001 -0.07329378455
v 0.08878746455 -0.0149000001 -0.07305025455
v 0.08875314129 -0.0149000001 -0.07275232675
v 0.08885578476 -0.0149000001 -0.07246899945
v 0.09061158487 -0.01480000019 -0.08326153785
v 0.09037506376 -0.01480000019 -0.08306306915
v 0.09037506376 -0.0149000001 -0.08306306915
v 0.09061158487 -0.0149000001 -0.08326153785
v 0.09096578824 -0.01480000019 -0.08280097935
v 0.09097525824 -0.01480000019 -0.08280892345
v 0.09097525824 -0.0149000001 -0.08280892345
v 0.09096578824 -0.0149000001 -0.08280097935
v 0.08757711044 -0.01480000019 -0.07942550275
v 0.08694200282 -0.01480000019 -0.08018239695
v 0.08694200282 -0.0149000001 -0.08018239695
v 0.08757711044 -0.0149000001 -0.07942550275
v 0.08826723734 -0.01480000019 -0.07969826185
v 0.08883883038 -0.01480000019 -0.07901705135
v 0.08883883038 -0.0149000001 -0.07901705135
v 0.08826723734 -0.0149000001 -0.07969826185
v 0.09422617566 -0.01480000019 -0.08497247095
v 0.09439343068 -0.01480000019 -0.08475534765
v 0.09453041604 -0.01480000019 -0.08451826395
v 0.09458484177 -0.01480000019 -0.08425204565
v 0.09446663342 -0.01480000019 -0.08401340795
v 0.09446663342 -0.0149000001 -0.08401340795
v 0.09458484177 -0.0149000001 -0.08425204565
v 0.09453041604 -0.0149000001 -0.08451826395
v 0.09439343068 -0.0149000001 -0.08475534765
v 0.09422617566 -0.0149000001 -0.08497247095
v 0.0933013681 -0.0149000001 -0.08442218345
v 0.09351897782 -0.0149000001 -0.08460477355
v 0.09339714621 -0.0149000001 -0.08476629755
v 0.09330353386 -0.0149000001 -0.08494524515
v 0.09329078358 -0.0149000001 -0.08514476335
v 0.09338846874 -0.0149000001 -0.08531752135
v 0.09362228121 -0.0149000001 -0.08539554105
v 0.09385935497 -0.0149000001 -0.08531670035
v 0.09405521079 -0.0149000001 -0.08515809445
v 0.09422617566 -0.0149000001 -0.08497247095
v 0.09439343068 -0.0149000001 -0.08475534765
v 0.09453041604 -0.0149000001 -0.08451826395
v 0.09458484177 -0.0149000001 -0.08425204565
v 0.09446663342 -0.0149000001 -0.08401340795
v 0.09430363127 -0.0149000001 -0.08393779145
v 0.09412710621 -0.0149000001 -0.08397192375
v 0.09397826645 -0.0149000001 -0.08407595075
v 0.09385241028 -0.0149000001 -0.08420740545
v 0.09364426101 -0.0149000001 -0.08403274995
v 0.09384135654 -0.0149000001 -0.08383367955
v 0.09409126667 -0.0149000001 -0.08370981595
v 0.09436976818 -0.0149000001 -0.08370670645
v 0.09461746623 -0.0149000001 -0.08383364005
v 0.09481892095 -0.0149000001 -0.08414943945
v 0.09481368594 -0.0149000001 -0.08452664625
v 0.09466084116 -0.0149000001 -0.08487399375
v 0.0944373672 -0.0149000001 -0.08518192605
v 0.09419299813 -0.0149000001 -0.08543045405
v 0.09389510874 -0.0149000001 -0.08560892515
v 0.0935508419 -0.0149000001 -0.08564117905
v 0.09323763593 -0.0149000001 -0.08549728925
v 0.09306328476 -0.0149000001 -0.08525375925
v 0.0930289615 -0.0149000001 -0.08495583145
v 0.09313160497 -0.0149000001 -0.08467250415
v 0.08394521334 -0.01480000019 -0.07934920565
v 0.08443719557 -0.01480000019 -0.07976203125
v 0.08443719557 -0.0149000001 -0.07976203125
v 0.08394521334 -0.0149000001 -0.07934920565
v 0.09163616113 -0.01480000019 -0.08656041955
v 0.09182107831 -0.01480000019 -0.08640712555
v 0.09204796682 -0.01480000019 -0.08632770315
v 0.0922846307 -0.01480000019 -0.08635862095
v 0.09248876491 -0.01480000019 -0.08648583115
v 0.09248876491 -0.0149000001 -0.08648583115
v 0.0922846307 -0.0149000001 -0.08635862095
v 0.09204796682 -0.0149000001 -0.08632770315
v 0.09182107831 -0.0149000001 -0.08640712555
v 0.09163616113 -0.0149000001 -0.08656041955
v 0.1427729607 -0.01480000019 -0.1100831073
v 0.146736655 -0.01480000019 -0.1112870236
v 0.146736655 -0.0149000001 -0.1112870236
v 0.1427729607 -0.0149000001 -0.1100831073
v 0.1445111391 -0.01480000019 -0.11120885
v 0.1475305299 -0.01480000019 -0.1129972511
v 0.1475305299 -0.0149000001 -0.1129972511
v 0.1445111391 -0.0149000001 -0.11120885
v 0.1267942364 -0.01480000019 -0.1267371642
v 0.1266040064 -0.01480000019 -0.1264080659
v 0.1262997505 -0.01480000019 -0.126181192
v 0.1259266253 -0.01480000019 -0.1261202863
v 0.1255551693 -0.01480000019 -0.1262037001
v 0.1255551693 -0.0149000001 -0.1262037001
v 0.1259266253 -0.0149000001 -0.1261202863
v 0.1262997505 -0.0149000001 -0.126181192
v 0.1266040064 -0.0149000001 -0.1264080659
v 0.1267942364 -0.0149000001 -0.1267371642
v 0.09477132322 -0.01480000019 -0.06793850205
v 0.09498893295 -0.01480000019 -0.06812109215
v 0.09498893295 -0.0149000001 -0.06812109215
v 0.09477132322 -0.0149000001 -0.06793850205
v 0.0902424381 -0.01480000019 -0.07323976615
v 0.09046003829 -0.01480000019 -0.07342235625
v 0.09046003829 -0.0149000001 -0.07342235625
v 0.0902424381 -0.0149000001 -0.07323976615
v 0.09032953875 -0.01480000019 -0.07413510405
v 0.09056335122 -0.01480000019 -0.07421312375
v 0.09080042498 -0.01480000019 -0.07413428305
v 0.09099628079 -0.01480000019 -0.07397567715
v 0.09116723613 -0.01480000019 -0.07379005365
v 0.09116723613 -0.0149000001 -0.07379005365
v 0.09099628079 -0.0149000001 -0.07397567715
v 0.09080042498 -0.0149000001 -0.07413428305
v 0.09056335122 -0.0149000001 -0.07421312375
v 0.09032953875 -0.0149000001 -0.07413510405
v 0.0902424381 -0.0149000001 -0.07323976615
v 0.09046003829 -0.0149000001 -0.07342235625
v 0.09033820668 -0.0149000001 -0.07358388025
v 0.09024460386 -0.0149000001 -0.07376282795
v 0.09023185359 -0.0149000001 -0.07396234615
v 0.09032953875 -0.0149000001 -0.07413510405
v 0.09056335122 -0.0149000001 -0.07421312375
v 0.09080042498 -0.0149000001 -0.07413428305
v 0.09099628079 -0.0149000001 -0.07397567715
v 0.09116723613 -0.0149000001 -0.07379005365
v 0.09133449115 -0.0149000001 -0.07357293035
v 0.09147147651 -0.0149000001 -0.07333584665
v 0.09152590224 -0.0149000001 -0.07306962845
v 0.09140769389 -0.0149000001 -0.07283098115
v 0.09124470128 -0.0149000001 -0.07275536455
v 0.09106816668 -0.0149000001 -0.07278950645
v 0.09091932691 -0.0149000001 -0.07289353355
v 0.09079347075 -0.0149000001 -0.07302498815
v 0.09058533102 -0.0149000001 -0.07285033265
v 0.090782417 -0.0149000001 -0.07265126235
v 0.09103232714 -0.0149000001 -0.07252739865
v 0.09131082865 -0.0149000001 -0.07252428915
v 0.09155853624 -0.0149000001 -0.07265122285
v 0.09175999095 -0.0149000001 -0.07296702215
v 0.09175474641 -0.0149000001 -0.07334422895
v 0.09160190163 -0.0149000001 -0.07369157655
v 0.09137842767 -0.0149000001 -0.07399950885
v 0.0911340586 -0.0149000001 -0.07424803675
v 0.0908361692 -0.0149000001 -0.07442650785
v 0.09049190237 -0.0149000001 -0.07445876175
v 0.0901786964 -0.0149000001 -0.07431487195
v 0.09000435477 -0.0149000001 -0.07407133245
v 0.08997003151 -0.0149000001 -0.07377341415
v 0.09007266544 -0.0149000001 -0.07349008685
v 0.08896180618 -0.01480000019 -0.07329378455
v 0.08878746455 -0.01480000019 -0.07305025455
v 0.08875314129 -0.01480000019 -0.07275232675
v 0.08885578476 -0.01480000019 -0.07246899945
v 0.08902554788 -0.01480000019 -0.07221867875
v 0.08902554788 -0.0149000001 -0.07221867875
v 0.08885578476 -0.0149000001 -0.07246899945
v 0.08875314129 -0.0149000001 -0.07275232675
v 0.08878746455 -0.0149000001 -0.07305025455
v 0.08896180618 -0.0149000001 -0.07329378455
v 0.08995035544 -0.01480000019 -0.07276896625
v 0.09011761046 -0.01480000019 -0.07255184295
v 0.09025458629 -0.01480000019 -0.07231475925
v 0.09030901202 -0.01480000019 -0.07204854095
v 0.09019080367 -0.01480000019 -0.07180990325
v 0.09019080367 -0.0149000001 -0.07180990325
v 0.09030901202 -0.0149000001 -0.07204854095
v 0.09025458629 -0.0149000001 -0.07231475925
v 0.09011761046 -0.0149000001 -0.07255184295
v 0.08995035544 -0.0149000001 -0.07276896625
v 0.09211636721 -0.01480000019 -0.08252498395
v 0.09061158487 -0.01480000019 -0.08326153785
v 0.09061158487 -0.0149000001 -0.08326153785
v 0.09211636721 -0.0149000001 -0.08252498395
v 0.09097525824 -0.01480000019 -0.08280892345
v 0.09248003104 -0.01480000019 -0.08207236945
v 0.09248003104 -0.0149000001 -0.08207236945
v 0.09097525824 -0.0149000001 -0.08280892345
v 0.08811639499 -0.01480000019 -0.07987802025
v 0.08757711044 -0.01480000019 -0.07942550275
v 0.08757711044 -0.0149000001 -0.07942550275
v 0.08811639499 -0.0149000001 -0.07987802025
v 0.08883883038 -0.01480000019 -0.07901705135
v 0.08905644011 -0.01480000019 -0.07919965095
v 0.08905644011 -0.0149000001 -0.07919965095
v 0.08883883038 -0.0149000001 -0.07901705135
v 0.09338846874 -0.01480000019 -0.08531752135
v 0.09362228121 -0.01480000019 -0.08539554105
v 0.09385935497 -0.01480000019 -0.08531670035
v 0.09405521079 -0.01480000019 -0.08515809445
v 0.09422617566 -0.01480000019 -0.08497247095
v 0.09422617566 -0.0149000001 -0.08497247095
v 0.09405521079 -0.0149000001 -0.08515809445
v 0.09385935497 -0.0149000001 -0.08531670035
v 0.09362228121 -0.0149000001 -0.08539554105
v 0.09338846874 -0.0149000001 -0.08531752135
v 0.1425034677 -0.01480000019 -0.1106643198
v 0.1427729607 -0.01480000019 -0.1100831073
v 0.1427729607 -0.0149000001 -0.1100831073
v 0.1425034677 -0.0149000001 -0.1106643198
v 0.1475305299 -0.01480000019 -0.1129972511
v 0.1472340885 -0.01480000019 -0.1136365901
v 0.1472340885 -0.0149000001 -0.1136365901
v 0.1475305299 -0.0149000001 -0.1129972511
v 0.09531340445 -0.01480000019 -0.06976378605
v 0.09579592621 -0.01480000019 -0.07016866765
v 0.09579592621 -0.0149000001 -0.07016866765
v 0.09531340445 -0.0149000001 -0.06976378605
v 0.09341378021 -0.01480000019 -0.06955635565
v 0.09477132322 -0.01480000019 -0.06793850205
v 0.09477132322 -0.0149000001 -0.06793850205
v 0.09341378021 -0.0149000001 -0.06955635565
v 0.09498893295 -0.01480000019 -0.06812109215
v 0.09400451423 -0.01480000019 -0.06929427535
v 0.09400451423 -0.0149000001 -0.06929427535
v 0.09498893295 -0.0149000001 -0.06812109215
v 0.09341378021 -0.0149000001 -0.06955635565
v 0.09477132322 -0.0149000001 -0.06793850205
v 0.09498893295 -0.0149000001 -0.06812109215
v 0.09400451423 -0.0149000001 -0.06929427535
v 0.0940139747 -0.0149000001 -0.06930221945
v 0.09551875703 -0.0149000001 -0.06856566555
v 0.09575528769 -0.0149000001 -0.06876413425
v 0.09439774467 -0.0149000001 -0.07038199745
v 0.09418013495 -0.0149000001 -0.07019940735
v 0.09516455366 -0.0149000001 -0.06902622415
v 0.0951550932 -0.0149000001 -0.06901828005
v 0.09365031086 -0.0149000001 -0.06975483395
v 0.0901786964 -0.01480000019 -0.07431487195
v 0.09000435477 -0.01480000019 -0.07407133245
v 0.08997003151 -0.01480000019 -0.07377341415
v 0.09007266544 -0.01480000019 -0.07349008685
v 0.0902424381 -0.01480000019 -0.07323976615
v 0.0902424381 -0.0149000001 -0.07323976615
v 0.09007266544 -0.0149000001 -0.07349008685
v 0.08997003151 -0.0149000001 -0.07377341415
v 0.09000435477 -0.0149000001 -0.07407133245
v 0.0901786964 -0.0149000001 -0.07431487195
v 0.09116723613 -0.01480000019 -0.07379005365
v 0.09133449115 -0.01480000019 -0.07357293035
v 0.09147147651 -0.01480000019 -0.07333584665
v 0.09152590224 -0.01480000019 -0.07306962845
v 0.09140769389 -0.01480000019 -0.07283098115
v 0.09140769389 -0.0149000001 -0.07283098115
v 0.09152590224 -0.0149000001 -0.07306962845
v 0.09147147651 -0.0149000001 -0.07333584665
v 0.09133449115 -0.0149000001 -0.07357293035
v 0.09116723613 -0.0149000001 -0.07379005365
v 0.09016154699 -0.01480000019 -0.07297842135
v 0.09013946947 -0.01480000019 -0.07300402755
v 0.09011725844 -0.01480000019 -0.07302950975
v 0.09009478038 -0.01480000019 -0.07305475355
v 0.09007189224 -0.01480000019 -0.07307960635
v 0.089554515 -0.01480000019 -0.07342479925
v 0.08896180618 -0.01480000019 -0.07329378455
v 0.08896180618 -0.0149000001 -0.07329378455
v 0.08927501215 -0.0149000001 -0.07343767435
v 0.08961927898 -0.0149000001 -0.07340542045
v 0.08991716838 -0.0149000001 -0.07322694935
v 0.09016154699 -0.0149000001 -0.07297842135
v 0.09019080367 -0.01480000019 -0.07180990325
v 0.09002781106 -0.01480000019 -0.07173428675
v 0.089851286 -0.01480000019 -0.07176841905
v 0.08970243669 -0.01480000019 -0.07187244605
v 0.08957659006 -0.01480000019 -0.07200390075
v 0.08957659006 -0.0149000001 -0.07200390075
v 0.08970243669 -0.0149000001 -0.07187244605
v 0.089851286 -0.0149000001 -0.07176841905
v 0.09002781106 -0.0149000001 -0.07173428675
v 0.09019080367 -0.0149000001 -0.07180990325
v 0.09212582767 -0.01480000019 -0.08253292805
v 0.09211636721 -0.01480000019 -0.08252498395
v 0.09211636721 -0.0149000001 -0.08252498395
v 0.09212582767 -0.0149000001 -0.08253292805
v 0.09248003104 -0.01480000019 -0.08207236945
v 0.09271656169 -0.01480000019 -0.08227084775
v 0.09271656169 -0.0149000001 -0.08227084775
v 0.09248003104 -0.0149000001 -0.08207236945
v 0.08748128737 -0.01480000019 -0.08063491455
v 0.08811639499 -0.01480000019 -0.07987802025
v 0.08811639499 -0.0149000001 -0.07987802025
v 0.08748128737 -0.0149000001 -0.08063491455
v 0.08905644011 -0.01480000019 -0.07919965095
v 0.0876988971 -0.01480000019 -0.08081750465
v 0.0876988971 -0.0149000001 -0.08081750465
v 0.08905644011 -0.0149000001 -0.07919965095
v 0.1472340885 -0.01480000019 -0.1136365901
v 0.1425034677 -0.01480000019 -0.1106643198
v 0.1425034677 -0.0149000001 -0.1106643198
v 0.1472340885 -0.0149000001 -0.1136365901
v 0.09461479179 -0.01480000019 -0.07059637355
v 0.09531340445 -0.01480000019 -0.06976378605
v 0.09531340445 -0.0149000001 -0.06976378605
v 0.09461479179 -0.0149000001 -0.07059637355
v 0.09579592621 -0.01480000019 -0.07016866765
v 0.0956450934 -0.01480000019 -0.07034842595
v 0.0956450934 -0.0149000001 -0.07034842595
v 0.09579592621 -0.0149000001 -0.07016866765
v 0.09461479179 -0.0149000001 -0.07059637355
v 0.09531340445 -0.0149000001 -0.06976378605
v 0.09579592621 -0.0149000001 -0.07016866765
v 0.0956450934 -0.0149000001 -0.07034842595
v 0.09535179043 -0.0149000001 -0.07010232125
v 0.09526446266 -0.0149000001 -0.07020639595
v 0.09519830642 -0.0149000001 -0.07029274165
v 0.09514395669 -0.0149000001 -0.07038691715
v 0.0951078889 -0.0149000001 -0.07048933225
v 0.09510383598 -0.0149000001 -0.07059763155
v 0.09514244091 -0.0149000001 -0.07070871545
v 0.09521976498 -0.0149000001 -0.07079767405
v 0.09545311013 -0.0149000001 -0.07086446895
v 0.09568666483 -0.0149000001 -0.07078512285
v 0.09587945935 -0.0149000001 -0.07062800475
v 0.09604801143 -0.0149000001 -0.07044467955
v 0.09621407437 -0.0149000001 -0.07023221975
v 0.09635593302 -0.0149000001 -0.07000312785
v 0.09642765841 -0.0149000001 -0.06974549265
v 0.09631685058 -0.0149000001 -0.06950942975
v 0.09616077211 -0.0149000001 -0.06943865785
v 0.09599185738 -0.0149000001 -0.06947010085
v 0.09584847261 -0.0149000001 -0.06956735675
v 0.09572796655 -0.0149000001 -0.06969245045
v 0.09551981728 -0.0149000001 -0.06951779495
v 0.09571687468 -0.0149000001 -0.06933130355
v 0.09596001374 -0.0149000001 -0.06921270415
v 0.09622902617 -0.0149000001 -0.06920426375
v 0.09646768339 -0.0149000001 -0.06932966195
v 0.09666393104 -0.0149000001 -0.06964223785
v 0.09664293178 -0.0149000001 -0.07001352235
v 0.09648226687 -0.0149000001 -0.07035203895
v 0.09625920297 -0.0149000001 -0.07065413475
v 0.09602330252 -0.0149000001 -0.07089629215
v 0.095738488 -0.0149000001 -0.07107656565
v 0.09540635193 -0.0149000001 -0.07112537525
v 0.09509731355 -0.0149000001 -0.07100124555
v 0.09502086688 -0.0149000001 -0.07092382645
v 0.09496158633 -0.0149000001 -0.07083263625
v 0.0949234201 -0.0149000001 -0.07073086015
v 0.09491516109 -0.0149000001 -0.07062268485
v 0.0947756292 -0.0149000001 -0.07073132775
v 0.09365031086 -0.01480000019 -0.06975483395
v 0.09341378021 -0.01480000019 -0.06955635565
v 0.09341378021 -0.0149000001 -0.06955635565
v 0.09365031086 -0.0149000001 -0.06975483395
v 0.09400451423 -0.01480000019 -0.06929427535
v 0.0940139747 -0.01480000019 -0.06930221945
v 0.0940139747 -0.0149000001 -0.06930221945
v 0.09400451423 -0.0149000001 -0.06929427535
v 0.09137842767 -0.01480000019 -0.07399950885
v 0.0911340586 -0.01480000019 -0.07424803675
v 0.0908361692 -0.01480000019 -0.07442650785
v 0.09049190237 -0.01480000019 -0.07445876175
v 0.0901786964 -0.01480000019 -0.07431487195
v 0.0901786964 -0.0149000001 -0.07431487195
v 0.09049190237 -0.0149000001 -0.07445876175
v 0.0908361692 -0.0149000001 -0.07442650785
v 0.0911340586 -0.0149000001 -0.07424803675
v 0.09137842767 -0.0149000001 -0.07399950885
v 0.09140769389 -0.01480000019 -0.07283098115
v 0.09124470128 -0.01480000019 -0.07275536455
v 0.09106816668 -0.01480000019 -0.07278950645
v 0.09091932691 -0.01480000019 -0.07289353355
v 0.09079347075 -0.01480000019 -0.07302498815
v 0.09079347075 -0.0149000001 -0.07302498815
v 0.09091932691 -0.0149000001 -0.07289353355
v 0.09106816668 -0.0149000001 -0.07278950645
v 0.09124470128 -0.0149000001 -0.07275536455
v 0.09140769389 -0.0149000001 -0.07283098115
v 0.09034164602 -0.01480000019 -0.07163013535
v 0.09054310073 -0.01480000019 -0.07194593475
v 0.09053786572 -0.01480000019 -0.07232314155
v 0.09038501141 -0.01480000019 -0.07267048905
v 0.09016154699 -0.01480000019 -0.07297842135
v 0.09016154699 -0.0149000001 -0.07297842135
v 0.09038501141 -0.0149000001 -0.07267048905
v 0.09053786572 -0.0149000001 -0.07232314155
v 0.09054310073 -0.0149000001 -0.07194593475
v 0.09034164602 -0.0149000001 -0.07163013535
v 0.08957659006 -0.01480000019 -0.07200390075
v 0.0893684408 -0.01480000019 -0.07182924525
v 0.0893684408 -0.0149000001 -0.07182924525
v 0.08957659006 -0.0149000001 -0.07200390075
v 0.09114141849 -0.01480000019 -0.08370611135
v 0.09212582767 -0.01480000019 -0.08253292805
v 0.09212582767 -0.0149000001 -0.08253292805
v 0.09114141849 -0.0149000001 -0.08370611135
v 0.09271656169 -0.01480000019 -0.08227084775
v 0.09135901868 -0.01480000019 -0.08388870145
v 0.09135901868 -0.0149000001 -0.08388870145
v 0.09271656169 -0.0149000001 -0.08227084775
v 0.0876988971 -0.01480000019 -0.08081750465
v 0.08748128737 -0.01480000019 -0.08063491455
v 0.08748128737 -0.0149000001 -0.08063491455
v 0.0876988971 -0.0149000001 -0.08081750465
v 0.0947756292 -0.01480000019 -0.07073132775
v 0.09461479179 -0.01480000019 -0.07059637355
v 0.09461479179 -0.0149000001 -0.07059637355
v 0.0947756292 -0.0149000001 -0.07073132775
v 0.0956450934 -0.01480000019 -0.07034842595
v 0.09535179043 -0.01480000019 -0.07010232125
v 0.09535179043 -0.0149000001 -0.07010232125
v 0.0956450934 -0.0149000001 -0.07034842595
v 0.0951550932 -0.01480000019 -0.06901828005
v 0.09365031086 -0.01480000019 -0.06975483395
v 0.09365031086 -0.0149000001 -0.06975483395
v 0.0951550932 -0.0149000001 -0.06901828005
v 0.0940139747 -0.01480000019 -0.06930221945
v 0.09551875703 -0.01480000019 -0.06856566555
v 0.09551875703 -0.0149000001 -0.06856566555
v 0.0940139747 -0.0149000001 -0.06930221945
v 0.09155853624 -0.01480000019 -0.07265122285
v 0.09175999095 -0.01480000019 -0.07296702215
v 0.09175474641 -0.01480000019 -0.07334422895
v 0.09160190163 -0.01480000019 -0.07369157655
v 0.09137842767 -0.01480000019 -0.07399950885
v 0.09137842767 -0.0149000001 -0.07399950885
v 0.09160190163 -0.0149000001 -0.07369157655
v 0.09175474641 -0.0149000001 -0.07334422895
v 0.09175999095 -0.0149000001 -0.07296702215
v 0.09155853624 -0.0149000001 -0.07265122285
v 0.09079347075 -0.01480000019 -0.07302498815
v 0.09058533102 -0.01480000019 -0.07285033265
v 0.09058533102 -0.0149000001 -0.07285033265
v 0.09079347075 -0.0149000001 -0.07302498815
v 0.0893684408 -0.01480000019 -0.07182924525
v 0.08956553632 -0.01480000019 -0.07163017495
v 0.08981544646 -0.01480000019 -0.07150631125
v 0.09009394796 -0.01480000019 -0.07150320175
v 0.09034164602 -0.01480000019 -0.07163013535
v 0.09034164602 -0.0149000001 -0.07163013535
v 0.09009394796 -0.0149000001 -0.07150320175
v 0.08981544646 -0.0149000001 -0.07150631125
v 0.08956553632 -0.0149000001 -0.07163017495
v 0.0893684408 -0.0149000001 -0.07182924525
v 0.09135901868 -0.01480000019 -0.08388870145
v 0.09114141849 -0.01480000019 -0.08370611135
v 0.09114141849 -0.0149000001 -0.08370611135
v 0.09135901868 -0.0149000001 -0.08388870145
v 0.09491516109 -0.01480000019 -0.07062268485
v 0.0947756292 -0.01480000019 -0.07073132775
v 0.0947756292 -0.0149000001 -0.07073132775
v 0.09491516109 -0.0149000001 -0.07062268485
v 0.09535179043 -0.01480000019 -0.07010232125
v 0.09526446266 -0.01480000019 -0.07020639595
v 0.09526446266 -0.0149000001 -0.07020639595
v 0.09535179043 -0.0149000001 -0.07010232125
v 0.09516455366 -0.01480000019 -0.06902622415
v 0.0951550932 -0.01480000019 -0.06901828005
v 0.0951550932 -0.0149000001 -0.06901828005
v 0.09516455366 -0.0149000001 -0.06902622415
v 0.09551875703 -0.01480000019 -0.06856566555
v 0.09575528769 -0.01480000019 -0.06876413425
v 0.09575528769 -0.0149000001 -0.06876413425
v 0.09551875703 -0.0149000001 -0.06856566555
v 0.09058533102 -0.01480000019 -0.07285033265
v 0.090782417 -0.01480000019 -0.07265126235
v 0.09103232714 -0.01480000019 -0.07252739865
v 0.09131082865 -0.01480000019 -0.07252428915
v 0.09155853624 -0.01480000019 -0.07265122285
v 0.09155853624 -0.0149000001 -0.07265122285
v 0.09131082865 -0.0149000001 -0.07252428915
v 0.09103232714 -0.0149000001 -0.07252739865
v 0.090782417 -0.0149000001 -0.07265126235
v 0.09058533102 -0.0149000001 -0.07285033265
v 0.09509731355 -0.01480000019 -0.07100124555
v 0.09502086688 -0.01480000019 -0.07092382645
v 0.09496158633 -0.01480000019 -0.07083263625
v 0.0949234201 -0.01480000019 -0.07073086015
v 0.09491516109 -0.01480000019 -0.07062268485
v 0.09491516109 -0.0149000001 -0.07062268485
v 0.0949234201 -0.0149000001 -0.07073086015
v 0.09496158633 -0.0149000001 -0.07083263625
v 0.09502086688 -0.0149000001 -0.07092382645
v 0.09509731355 -0.0149000001 -0.07100124555
v 0.09526446266 -0.01480000019 -0.07020639595
v 0.09519830642 -0.01480000019 -0.07029274165
v 0.09514395669 -0.01480000019 -0.07038691715
v 0.0951078889 -0.01480000019 -0.07048933225
v 0.09510383598 -0.01480000019 -0.07059763155
v 0.09514244091 -0.01480000019 -0.07070871545
v 0.09521976498 -0.01480000019 -0.07079767405
v 0.09521976498 -0.0149000001 -0.07079767405
v 0.09514244091 -0.0149000001 -0.07070871545
v 0.09510383598 -0.0149000001 -0.07059763155
v 0.0951078889 -0.0149000001 -0.07048933225
v 0.09514395669 -0.0149000001 -0.07038691715
v 0.09519830642 -0.0149000001 -0.07029274165
v 0.09526446266 -0.0149000001 -0.07020639595
v 0.09418013495 -0.01480000019 -0.07019940735
v 0.09516455366 -0.01480000019 -0.06902622415
v 0.09516455366 -0.0149000001 -0.06902622415
v 0.09418013495 -0.0149000001 -0.07019940735
v 0.09575528769 -0.01480000019 -0.06876413425
v 0.09439774467 -0.01480000019 -0.07038199745
v 0.09439774467 -0.0149000001 -0.07038199745
v 0.09575528769 -0.0149000001 -0.06876413425
v 0.09625920297 -0.01480000019 -0.07065413475
v 0.09602330252 -0.01480000019 -0.07089629215
v 0.095738488 -0.01480000019 -0.07107656565
v 0.09540635193 -0.01480000019 -0.07112537525
v 0.09509731355 -0.01480000019 -0.07100124555
v 0.09509731355 -0.0149000001 -0.07100124555
v 0.09540635193 -0.0149000001 -0.07112537525
v 0.095738488 -0.0149000001 -0.07107656565
v 0.09602330252 -0.0149000001 -0.07089629215
v 0.09625920297 -0.0149000001 -0.07065413475
v 0.09521976498 -0.01480000019 -0.07079767405
v 0.09545311013 -0.01480000019 -0.07086446895
v 0.09568666483 -0.01480000019 -0.07078512285
v 0.09587945935 -0.01480000019 -0.07062800475
v 0.09604801143 -0.01480000019 -0.07044467955
v 0.09604801143 -0.0149000001 -0.07044467955
v 0.09587945935 -0.0149000001 -0.07062800475
v 0.09568666483 -0.0149000001 -0.07078512285
v 0.09545311013 -0.0149000001 -0.07086446895
v 0.09521976498 -0.0149000001 -0.07079767405
v 0.09439774467 -0.01480000019 -0.07038199745
v 0.09418013495 -0.01480000019 -0.07019940735
v 0.09418013495 -0.0149000001 -0.07019940735
v 0.09439774467 -0.0149000001 -0.07038199745
v 0.09646768339 -0.01480000019 -0.06932966195
v 0.09666393104 -0.01480000019 -0.06964223785
v 0.09664293178 -0.01480000019 -0.07001352235
v 0.09648226687 -0.01480000019 -0.07035203895
v 0.09625920297 -0.01480000019 -0.07065413475
v 0.09625920297 -0.0149000001 -0.07065413475
v 0.09648226687 -0.0149000001 -0.07035203895
v 0.09664293178 -0.0149000001 -0.07001352235
v 0.09666393104 -0.0149000001 -0.06964223785
v 0.09646768339 -0.0149000001 -0.06932966195
v 0.09604801143 -0.01480000019 -0.07044467955
v 0.09621407437 -0.01480000019 -0.07023221975
v 0.09635593302 -0.01480000019 -0.07000312785
v 0.09642765841 -0.01480000019 -0.06974549265
v 0.09631685058 -0.01480000019 -0.06950942975
v 0.09631685058 -0.0149000001 -0.06950942975
v 0.09642765841 -0.0149000001 -0.06974549265
v 0.09635593302 -0.0149000001 -0.07000312785
v 0.09621407437 -0.0149000001 -0.07023221975
v 0.09604801143 -0.0149000001 -0.07044467955
v 0.09551981728 -0.01480000019 -0.06951779495
v 0.09571687468 -0.01480000019 -0.06933130355
v 0.09596001374 -0.01480000019 -0.06921270415
v 0.09622902617 -0.01480000019 -0.06920426375
v 0.09646768339 -0.01480000019 -0.06932966195
v 0.09646768339 -0.0149000001 -0.06932966195
v 0.09622902617 -0.0149000001 -0.06920426375
v 0.09596001374 -0.0149000001 -0.06921270415
v 0.09571687468 -0.0149000001 -0.06933130355
v 0.09551981728 -0.0149000001 -0.06951779495
v 0.09631685058 -0.01480000019 -0.06950942975
v 0.09616077211 -0.01480000019 -0.06943865785
v 0.09599185738 -0.01480000019 -0.06947010085
v 0.09584847261 -0.01480000019 -0.06956735675
v 0.09572796655 -0.01480000019 -0.06969245045
v 0.09572796655 -0.0149000001 -0.06969245045
v 0.09584847261 -0.0149000001 -0.06956735675
v 0.09599185738 -0.0149000001 -0.06947010085
v 0.09616077211 -0.0149000001 -0.06943865785
v 0.09631685058 -0.0149000001 -0.06950942975
v 0.09572796655 -0.01480000019 -0.06969245045
v 0.09551981728 -0.01480000019 -0.06951779495
v 0.09551981728 -0.0149000001 -0.06951779495
v 0.09572796655 -0.0149000001 -0.06969245045
v 0.1196387593 -0.02299999952 -0.09600393955
v 0.118978383 -0.02299999952 -0.09886436285
v 0.116762815 -0.02299999952 -0.1007903358
v 0.1138383254 -0.02299999952 -0.1010461975
v 0.111321972 -0.02299999952 -0.09953422765
v 0.1101749117 -0.02299999952 -0.09683193625
v 0.110835288 -0.02299999952 -0.09397151765
v 0.113050856 -0.02299999952 -0.09204554465
v 0.1159753455 -0.02299999952 -0.09178967825
v 0.1184916989 -0.02299999952 -0.09330165295
v 0.1194395225 -0.02279999971 -0.09602137305
v 0.1183407611 -0.02279999971 -0.09343286445
v 0.1159303563 -0.02279999971 -0.09198455215
v 0.1131290004 -0.02279999971 -0.09222964665
v 0.1110067206 -0.02279999971 -0.09407452375
v 0.1103741485 -0.02279999971 -0.09681450745
v 0.1114729146 -0.02279999971 -0.09940301605
v 0.1138833147 -0.02279999971 -0.1008513236
v 0.1166846706 -0.02279999971 -0.1006062339
v 0.1188069503 -0.02279999971 -0.09876135675
v 0.1101749117 -0.02299999952 -0.09683193625
v 0.1103741485 -0.02279999971 -0.09681450745
v 0.1194395225 -0.02579999924 -0.09602137305
v 0.1188069503 -0.02579999924 -0.09876135675
v 0.1166846706 -0.02579999924 -0.1006062339
v 0.1138833147 -0.02579999924 -0.1008513236
v 0.1114729146 -0.02579999924 -0.09940301605
v 0.1103741485 -0.02579999924 -0.09681450745
v 0.1110067206 -0.02579999924 -0.09407452375
v 0.1131290004 -0.02579999924 -0.09222964665
v 0.1159303563 -0.02579999924 -0.09198455215
v 0.1183407611 -0.02579999924 -0.09343286445
v 0.1196387593 -0.02559999943 -0.09600393955
v 0.1184916989 -0.02559999943 -0.09330165295
v 0.1159753455 -0.02559999943 -0.09178967825
v 0.113050856 -0.02559999943 -0.09204554465
v 0.110835288 -0.02559999943 -0.09397151765
v 0.1101749117 -0.02559999943 -0.09683193625
v 0.111321972 -0.02559999943 -0.09953422765
v 0.1138383254 -0.02559999943 -0.1010461975
v 0.116762815 -0.02559999943 -0.1007903358
v 0.118978383 -0.02559999943 -0.09886436285
v 0.1103741485 -0.02579999924 -0.09681450745
v 0.1101749117 -0.02559999943 -0.09683193625
v 0.1175965614 -0.02279999971 -0.09618261405
v 0.1169751602 -0.02279999971 -0.09815346415
v 0.1151421617 -0.02279999971 -0.09910766625
v 0.1131713116 -0.02279999971 -0.09848626505
v 0.1122171095 -0.02279999971 -0.09665326655
v 0.1128385107 -0.02279999971 -0.09468241635
v 0.1146715092 -0.02279999971 -0.09372821435
v 0.1166423594 -0.02279999971 -0.09434961555
v 0.1173973198 -0.02299999952 -0.09620004755
v 0.1165137996 -0.02299999952 -0.09450282355
v 0.1146889428 -0.02299999952 -0.09392745115
v 0.1129917235 -0.02299999952 -0.09481097615
v 0.1124163512 -0.02299999952 -0.09663583305
v 0.1132998714 -0.02299999952 -0.09833305225
v 0.1151247282 -0.02299999952 -0.09890842465
v 0.1168219475 -0.02299999952 -0.09802490435
v 0.1122171095 -0.02279999971 -0.09665326655
v 0.1124163512 -0.02299999952 -0.09663583305
v 0.1173973198 -0.02559999943 -0.09620004755
v 0.1168219475 -0.02559999943 -0.09802490435
v 0.1151247282 -0.02559999943 -0.09890842465
v 0.1132998714 -0.02559999943 -0.09833305225
v 0.1124163512 -0.02559999943 -0.09663583305
v 0.1129917235 -0.02559999943 -0.09481097615
v 0.1146889428 -0.02559999943 -0.09392745115
v 0.1165137996 -0.02559999943 -0.09450282355
v 0.1175965614 -0.02579999924 -0.09618261405
v 0.1166423594 -0.02579999924 -0.09434961555
v 0.1146715092 -0.02579999924 -0.09372821435
v 0.1128385107 -0.02579999924 -0.09468241635
v 0.1122171095 -0.02579999924 -0.09665326655
v 0.1131713116 -0.02579999924 -0.09848626505
v 0.1151421617 -0.02579999924 -0.09910766625
v 0.1169751602 -0.02579999924 -0.09815346415
v 0.1124163512 -0.02559999943 -0.09663583305
v 0.1122171095 -0.02579999924 -0.09665326655
v 0.1173973198 -0.02299999952 -0.09620004755
v 0.1168219475 -0.02299999952 -0.09802490435
v 0.1151247282 -0.02299999952 -0.09890842465
v 0.1132998714 -0.02299999952 -0.09833305225
v 0.1124163512 -0.02299999952 -0.09663583305
v 0.1129917235 -0.02299999952 -0.09481097615
v 0.1146889428 -0.02299999952 -0.09392745115
v 0.1165137996 -0.02299999952 -0.09450282355
v 0.1173973198 -0.02559999943 -0.09620004755
v 0.1165137996 -0.02559999943 -0.09450282355
v 0.1146889428 -0.02559999943 -0.09392745115
v 0.1129917235 -0.02559999943 -0.09481097615
v 0.1124163512 -0.02559999943 -0.09663583305
v 0.1132998714 -0.02559999943 -0.09833305225
v 0.1151247282 -0.02559999943 -0.09890842465
v 0.1168219475 -0.02559999943 -0.09802490435
v 0.1173973198 -0.02559999943 -0.09620004755
v 0.1173973198 -0.02299999952 -0.09620004755
v 0.1196387593 -0.02299999952 -0.09600393955
v 0.1184916989 -0.02299999952 -0.09330165295
v 0.1159753455 -0.02299999952 -0.09178967825
v 0.113050856 -0.02299999952 -0.09204554465
v 0.110835288 -0.02299999952 -0.09397151765
v 0.1101749117 -0.02299999952 -0.09683193625
v 0.111321972 -0.02299999952 -0.09953422765
v 0.1138383254 -0.02299999952 -0.1010461975
v 0.116762815 -0.02299999952 -0.1007903358
v 0.118978383 -0.02299999952 -0.09886436285
v 0.1196387593 -0.02559999943 -0.09600393955
v 0.118978383 -0.02559999943 -0.09886436285
v 0.116762815 -0.02559999943 -0.1007903358
v 0.1138383254 -0.02559999943 -0.1010461975
v 0.111321972 -0.02559999943 -0.09953422765
v 0.1101749117 -0.02559999943 -0.09683193625
v 0.110835288 -0.02559999943 -0.09397151765
v 0.113050856 -0.02559999943 -0.09204554465
v 0.1159753455 -0.02559999943 -0.09178967825
v 0.1184916989 -0.02559999943 -0.09330165295
v 0.1196387593 -0.02299999952 -0.09600393955
v 0.1196387593 -0.02559999943 -0.09600393955
v 0.1194395225 -0.02279999971 -0.09602137305
v 0.1188069503 -0.02279999971 -0.09876135675
v 0.1166846706 -0.02279999971 -0.1006062339
v 0.1138833147 -0.02279999971 -0.1008513236
v 0.1114729146 -0.02279999971 -0.09940301605
v 0.1103741485 -0.02279999971 -0.09681450745
v 0.1110067206 -0.02279999971 -0.09407452375
v 0.1131290004 -0.02279999971 -0.09222964665
v 0.1159303563 -0.02279999971 -0.09198455215
v 0.1183407611 -0.02279999971 -0.09343286445
v 0.1175965614 -0.02279999971 -0.09618261405
v 0.1166423594 -0.02279999971 -0.09434961555
v 0.1146715092 -0.02279999971 -0.09372821435
v 0.1128385107 -0.02279999971 -0.09468241635
v 0.1122171095 -0.02279999971 -0.09665326655
v 0.1131713116 -0.02279999971 -0.09848626505
v 0.1151421617 -0.02279999971 -0.09910766625
v 0.1169751602 -0.02279999971 -0.09815346415
v 0.1194395225 -0.02579999924 -0.09602137305
v 0.1183407611 -0.02579999924 -0.09343286445
v 0.1159303563 -0.02579999924 -0.09198455215
v 0.1131290004 -0.02579999924 -0.09222964665
v 0.1110067206 -0.02579999924 -0.09407452375
v 0.1103741485 -0.02579999924 -0.09681450745
v 0.1114729146 -0.02579999924 -0.09940301605
v 0.1138833147 -0.02579999924 -0.1008513236
v 0.1166846706 -0.02579999924 -0.1006062339
v 0.1188069503 -0.02579999924 -0.09876135675
v 0.1175965614 -0.02579999924 -0.09618261405
v 0.1169751602 -0.02579999924 -0.09815346415
v 0.1151421617 -0.02579999924 -0.09910766625
v 0.1131713116 -0.02579999924 -0.09848626505
v 0.1122171095 -0.02579999924 -0.09665326655
v 0.1128385107 -0.02579999924 -0.09468241635
v 0.1146715092 -0.02579999924 -0.09372821435
v 0.1166423594 -0.02579999924 -0.09434961555
f 2 40 1
f 1 40 21
f 1 21 20
f 20 21 22
f 20 22 19
f 19 22 23
f 19 23 18
f 18 23 24
f 18 24 17
f 17 24 25
f 17 25 16
f 16 25 26
f 16 26 15
f 15 26 27
f 15 27 14
f 14 27 28
f 14 28 13
f 13 28 29
f 13 29 12
f 12 29 30
f 12 30 11
f 11 30 41
f 42 31 10
f 10 31 32
f 10 32 9
f 9 32 33
f 9 33 8
f 8 33 34
f 8 34 7
f 7 34 35
f 7 35 6
f 6 35 36
f 6 36 5
f 5 36 37
f 5 37 4
f 4 37 38
f 4 38 3
f 3 38 39
f 3 39 2
f 2 39 40
f 52 43 51
f 51 43 44
f 51 44 50
f 50 44 45
f 50 45 49
f 49 45 46
f 49 46 48
f 48 46 47
f 54 64 53
f 53 64 59
f 53 59 58
f 58 59 60
f 58 60 57
f 57 60 61
f 57 61 56
f 56 61 65
f 66 62 55
f 55 62 63
f 55 63 54
f 54 63 64
f 68 78 67
f 67 78 73
f 67 73 72
f 72 73 74
f 72 74 71
f 71 74 75
f 71 75 70
f 70 75 79
f 80 76 69
f 69 76 77
f 69 77 68
f 68 77 78
f 82 92 81
f 81 92 87
f 81 87 86
f 86 87 88
f 86 88 85
f 85 88 89
f 85 89 84
f 84 89 93
f 94 90 83
f 83 90 91
f 83 91 82
f 82 91 92
f 96 104 95
f 95 104 100
f 95 100 99
f 99 100 101
f 99 101 106
f 96 97 104
f 104 97 103
f 103 97 105
f 103 105 102
f 106 98 99
f 136 107 147
f 147 107 108
f 147 108 146
f 146 108 109
f 146 109 145
f 145 109 110
f 145 110 111
f 145 111 144
f 144 111 112
f 144 112 143
f 143 112 113
f 143 113 114
f 143 114 142
f 142 114 115
f 142 115 141
f 141 115 116
f 141 116 117
f 141 117 140
f 140 117 118
f 140 118 139
f 139 118 119
f 139 119 120
f 139 120 138
f 138 120 121
f 138 121 137
f 137 121 122
f 137 122 123
f 137 123 156
f 156 123 124
f 156 124 155
f 155 124 125
f 155 125 126
f 155 126 154
f 154 126 127
f 154 127 153
f 153 127 128
f 153 128 129
f 153 129 152
f 152 129 130
f 152 130 151
f 151 130 131
f 151 131 132
f 151 132 150
f 150 132 133
f 150 133 149
f 149 133 134
f 149 134 135
f 149 135 148
f 148 135 136
f 148 136 147
f 157 158 166
f 166 158 159
f 166 159 165
f 165 159 160
f 165 160 164
f 164 160 161
f 164 161 163
f 163 161 162
f 168 176 167
f 167 176 172
f 167 172 171
f 171 172 173
f 171 173 178
f 168 169 176
f 176 169 175
f 175 169 177
f 175 177 174
f 178 170 171
f 180 184 179
f 179 184 185
f 179 185 188
f 188 185 187
f 187 185 186
f 181 182 180
f 180 182 183
f 180 183 184
f 336 189 338
f 338 189 190
f 338 190 337
f 337 190 205
f 337 205 206
f 190 191 205
f 205 191 204
f 204 191 192
f 204 192 203
f 203 192 193
f 203 193 202
f 202 193 201
f 201 193 200
f 200 193 199
f 199 193 198
f 198 193 194
f 198 194 197
f 197 194 195
f 197 195 196
f 207 220 206
f 206 220 221
f 206 221 337
f 337 221 356
f 356 221 222
f 356 222 223
f 220 207 219
f 219 207 208
f 219 208 218
f 218 208 209
f 218 209 210
f 210 211 218
f 218 211 212
f 218 212 213
f 218 213 217
f 217 213 214
f 217 214 216
f 216 214 215
f 356 223 355
f 355 223 224
f 355 224 354
f 354 224 225
f 354 225 353
f 353 225 226
f 353 226 227
f 228 242 227
f 227 242 352
f 227 352 353
f 242 228 241
f 241 228 229
f 241 229 240
f 240 229 230
f 240 230 239
f 239 230 238
f 238 230 237
f 237 230 236
f 236 230 235
f 235 230 231
f 235 231 234
f 234 231 232
f 234 232 233
f 242 243 352
f 352 243 258
f 352 258 351
f 351 258 259
f 351 259 260
f 258 243 257
f 257 243 244
f 257 244 256
f 256 244 245
f 256 245 255
f 255 245 246
f 255 246 247
f 247 248 255
f 255 248 249
f 255 249 250
f 255 250 254
f 254 250 251
f 254 251 253
f 253 251 252
f 351 260 350
f 350 260 261
f 350 261 349
f 349 261 262
f 349 262 348
f 348 262 263
f 348 263 264
f 265 279 264
f 264 279 347
f 264 347 348
f 279 265 278
f 278 265 266
f 278 266 277
f 277 266 267
f 277 267 276
f 276 267 275
f 275 267 274
f 274 267 273
f 273 267 272
f 272 267 268
f 272 268 271
f 271 268 269
f 271 269 270
f 279 280 347
f 347 280 295
f 347 295 346
f 346 295 296
f 346 296 297
f 295 280 294
f 294 280 281
f 294 281 293
f 293 281 282
f 293 282 292
f 292 282 283
f 292 283 284
f 284 285 292
f 292 285 286
f 292 286 287
f 292 287 291
f 291 287 288
f 291 288 290
f 290 288 289
f 346 297 345
f 345 297 298
f 345 298 344
f 344 298 299
f 344 299 343
f 343 299 300
f 343 300 301
f 302 316 301
f 301 316 342
f 301 342 343
f 316 302 315
f 315 302 303
f 315 303 314
f 314 303 304
f 314 304 313
f 313 304 312
f 312 304 311
f 311 304 310
f 310 304 309
f 309 304 305
f 309 305 308
f 308 305 306
f 308 306 307
f 316 317 342
f 342 317 332
f 342 332 341
f 341 332 333
f 341 333 334
f 332 317 331
f 331 317 318
f 331 318 330
f 330 318 319
f 330 319 329
f 329 319 320
f 329 320 321
f 321 322 329
f 329 322 323
f 329 323 324
f 329 324 328
f 328 324 325
f 328 325 327
f 327 325 326
f 341 334 340
f 340 334 335
f 340 335 339
f 339 335 336
f 339 336 338
f 358 366 357
f 357 366 362
f 357 362 361
f 361 362 363
f 361 363 368
f 358 359 366
f 366 359 365
f 365 359 367
f 365 367 364
f 368 360 361
f 370 371 369
f 369 371 372
f 369 372 374
f 374 372 373
f 376 377 375
f 375 377 378
f 380 381 379
f 379 381 382
f 384 385 383
f 383 385 392
f 392 385 391
f 391 385 386
f 391 386 390
f 390 386 389
f 389 386 388
f 388 386 387
f 394 402 393
f 393 402 398
f 393 398 397
f 397 398 399
f 397 399 404
f 394 395 402
f 402 395 401
f 401 395 403
f 401 403 400
f 404 396 397
f 406 408 405
f 405 408 409
f 405 409 410
f 406 407 408
f 418 411 422
f 422 411 412
f 422 412 421
f 421 412 413
f 421 413 420
f 420 413 414
f 420 414 419
f 419 414 415
f 419 415 416
f 419 416 424
f 424 416 417
f 424 417 423
f 423 417 418
f 423 418 422
f 425 426 443
f 443 426 429
f 443 429 442
f 442 429 430
f 442 430 452
f 452 430 451
f 451 430 450
f 450 430 431
f 450 431 449
f 449 431 432
f 449 432 448
f 448 432 447
f 447 432 439
f 447 439 446
f 446 439 440
f 446 440 445
f 445 440 444
f 444 440 441
f 444 441 453
f 453 441 442
f 453 442 452
f 426 427 429
f 429 427 428
f 432 433 439
f 439 433 438
f 438 433 436
f 438 436 437
f 434 435 433
f 433 435 436
f 455 456 454
f 454 456 457
f 467 458 462
f 462 458 459
f 462 459 460
f 460 461 462
f 462 463 467
f 467 463 466
f 466 463 465
f 465 463 464
f 469 477 468
f 468 477 473
f 468 473 472
f 472 473 474
f 472 474 479
f 469 470 477
f 477 470 476
f 476 470 478
f 476 478 475
f 479 471 472
f 481 483 480
f 480 483 484
f 480 484 485
f 481 482 483
f 493 486 497
f 497 486 487
f 497 487 496
f 496 487 488
f 496 488 495
f 495 488 489
f 495 489 494
f 494 489 490
f 494 490 491
f 494 491 499
f 499 491 492
f 499 492 498
f 498 492 493
f 498 493 497
f 500 501 507
f 507 501 502
f 507 502 503
f 504 505 503
f 503 505 506
f 503 506 507
f 509 510 508
f 508 510 511
f 513 514 512
f 512 514 521
f 521 514 520
f 520 514 515
f 520 515 519
f 519 515 518
f 518 515 517
f 517 515 516
f 523 531 522
f 522 531 527
f 522 527 526
f 526 527 528
f 526 528 533
f 523 524 531
f 531 524 530
f 530 524 532
f 530 532 529
f 533 525 526
f 534 535 538
f 538 535 536
f 538 536 537
f 546 539 550
f 550 539 540
f 550 540 549
f 549 540 541
f 549 541 548
f 548 541 542
f 548 542 547
f 547 542 543
f 547 543 544
f 547 544 552
f 552 544 545
f 552 545 551
f 551 545 546
f 551 546 550
f 553 554 557
f 557 554 556
f 556 554 555
f 558 559 567
f 567 559 560
f 567 560 566
f 566 560 561
f 566 561 565
f 565 561 562
f 565 562 564
f 564 562 563
f 568 569 586
f 586 569 583
f 586 583 584
f 569 570 583
f 583 570 582
f 582 570 571
f 582 571 581
f 581 571 572
f 581 572 580
f 580 572 573
f 580 573 579
f 579 573 574
f 579 574 576
f 576 574 575
f 576 577 579
f 579 577 578
f 584 585 586
f 596 587 591
f 591 587 588
f 591 588 589
f 589 590 591
f 591 592 596
f 596 592 595
f 595 592 594
f 594 592 593
f 712 597 713
f 713 597 598
f 713 598 601
f 601 598 599
f 601 599 600
f 713 601 608
f 608 601 602
f 608 602 603
f 603 604 608
f 608 604 605
f 608 605 606
f 606 607 608
f 713 608 742
f 742 608 609
f 742 609 741
f 741 609 610
f 741 610 740
f 740 610 611
f 740 611 739
f 739 611 612
f 739 612 738
f 738 612 613
f 738 613 737
f 737 613 614
f 737 614 736
f 736 614 615
f 736 615 617
f 617 615 616
f 736 617 620
f 620 617 618
f 620 618 619
f 620 621 736
f 736 621 622
f 736 622 625
f 625 622 624
f 624 622 623
f 736 625 630
f 630 625 626
f 630 626 627
f 627 628 630
f 630 628 629
f 631 637 630
f 630 637 735
f 630 735 736
f 631 632 637
f 637 632 633
f 637 633 634
f 634 635 637
f 637 635 636
f 637 638 735
f 735 638 734
f 734 638 639
f 734 639 733
f 733 639 640
f 733 640 732
f 732 640 641
f 732 641 731
f 731 641 642
f 731 642 730
f 730 642 643
f 730 643 729
f 729 643 644
f 729 644 728
f 728 644 651
f 728 651 654
f 654 651 653
f 653 651 652
f 645 646 644
f 644 646 647
f 644 647 648
f 648 649 644
f 644 649 650
f 644 650 651
f 654 743 728
f 744 655 656
f 744 656 659
f 659 656 657
f 659 657 658
f 744 659 666
f 666 659 660
f 666 660 661
f 661 662 666
f 666 662 663
f 666 663 664
f 664 665 666
f 744 666 727
f 727 666 667
f 727 667 726
f 726 667 668
f 726 668 725
f 725 668 669
f 725 669 724
f 724 669 670
f 724 670 723
f 723 670 671
f 723 671 722
f 722 671 672
f 722 672 721
f 721 672 673
f 721 673 675
f 675 673 674
f 721 675 678
f 678 675 676
f 678 676 677
f 678 679 721
f 721 679 680
f 721 680 683
f 683 680 682
f 682 680 681
f 721 683 688
f 688 683 684
f 688 684 685
f 685 686 688
f 688 686 687
f 689 695 688
f 688 695 720
f 688 720 721
f 689 690 695
f 695 690 691
f 695 691 692
f 692 693 695
f 695 693 694
f 695 696 720
f 720 696 719
f 719 696 697
f 719 697 718
f 718 697 698
f 718 698 717
f 717 698 699
f 717 699 716
f 716 699 700
f 716 700 715
f 715 700 701
f 715 701 714
f 714 701 702
f 714 702 713
f 713 702 709
f 713 709 712
f 712 709 711
f 711 709 710
f 703 704 702
f 702 704 705
f 702 705 706
f 706 707 702
f 702 707 708
f 702 708 709
f 752 745 751
f 751 745 746
f 751 746 750
f 750 746 747
f 750 747 749
f 749 747 748
f 753 754 757
f 757 754 756
f 756 754 755
f 759 760 758
f 758 760 769
f 758 769 770
f 760 761 769
f 769 761 768
f 768 761 762
f 768 762 767
f 767 762 764
f 767 764 765
f 762 763 764
f 767 765 771
f 771 765 766
f 771 766 770
f 770 766 758
f 772 773 776
f 776 773 775
f 775 773 774
f 777 778 784
f 784 778 779
f 784 779 780
f 781 782 780
f 780 782 783
f 780 783 784
f 785 786 792
f 792 786 787
f 792 787 788
f 789 790 788
f 788 790 791
f 788 791 792
f 793 794 800
f 800 794 795
f 800 795 799
f 799 795 796
f 799 796 798
f 798 796 797
f 802 836 801
f 801 836 809
f 801 809 810
f 836 802 835
f 835 802 803
f 835 803 834
f 834 803 832
f 834 832 833
f 804 825 803
f 803 825 829
f 803 829 832
f 832 829 831
f 831 829 830
f 825 804 824
f 824 804 837
f 824 837 823
f 838 805 822
f 822 805 806
f 822 806 821
f 821 806 807
f 821 807 812
f 812 807 811
f 811 807 808
f 811 808 810
f 810 808 801
f 821 812 817
f 817 812 813
f 817 813 814
f 814 815 817
f 817 815 816
f 817 818 821
f 821 818 819
f 821 819 820
f 826 827 825
f 825 827 828
f 825 828 829
f 839 840 843
f 843 840 842
f 842 840 841
f 845 846 844
f 844 846 856
f 844 856 857
f 846 847 856
f 856 847 855
f 855 847 848
f 855 848 850
f 850 848 849
f 855 850 854
f 854 850 851
f 854 851 853
f 853 851 852
f 853 852 857
f 857 852 844
f 859 860 858
f 858 860 868
f 858 868 869
f 868 860 867
f 867 860 861
f 867 861 862
f 863 864 862
f 862 864 871
f 862 871 867
f 871 864 870
f 870 864 865
f 870 865 866
f 870 866 869
f 869 866 858
f 872 873 876
f 876 873 874
f 876 874 875
f 878 879 877
f 877 879 880
f 881 882 888
f 888 882 883
f 888 883 884
f 885 886 884
f 884 886 887
f 884 887 888
f 889 890 892
f 892 890 891
f 893 894 898
f 898 894 897
f 897 894 895
f 897 895 896
f 899 900 908
f 908 900 901
f 908 901 907
f 907 901 902
f 907 902 906
f 906 902 903
f 906 903 905
f 905 903 904
f 910 936 909
f 909 936 940
f 909 940 943
f 943 940 942
f 942 940 941
f 936 910 935
f 935 910 911
f 935 911 934
f 934 911 933
f 933 911 912
f 933 912 932
f 932 912 945
f 932 945 923
f 946 913 922
f 922 913 914
f 922 914 921
f 921 914 915
f 921 915 920
f 920 915 919
f 919 915 916
f 919 916 918
f 918 916 909
f 918 909 917
f 917 909 943
f 917 943 944
f 932 923 928
f 928 923 924
f 928 924 925
f 925 926 928
f 928 926 927
f 928 929 932
f 932 929 930
f 932 930 931
f 937 938 936
f 936 938 939
f 936 939 940
f 956 947 951
f 951 947 948
f 951 948 949
f 949 950 951
f 951 952 956
f 956 952 955
f 955 952 954
f 954 952 953
f 958 959 957
f 957 959 960
f 962 963 961
f 961 963 964
f 965 966 974
f 974 966 967
f 974 967 973
f 973 967 968
f 973 968 972
f 972 968 969
f 972 969 971
f 971 969 970
f 982 975 981
f 981 975 976
f 981 976 980
f 980 976 977
f 980 977 979
f 979 977 978
f 984 985 983
f 983 985 986
f 983 986 987
f 987 988 983
f 983 988 989
f 983 989 1002
f 1002 989 990
f 1002 990 1001
f 1001 990 996
f 1001 996 1000
f 1000 996 997
f 1000 997 999
f 999 997 998
f 999 998 1003
f 1003 998 983
f 1003 983 1002
f 990 991 996
f 996 991 992
f 996 992 993
f 993 994 996
f 996 994 995
f 1004 1005 1009
f 1009 1005 1006
f 1009 1006 1008
f 1008 1006 1007
f 1010 1011 1017
f 1017 1011 1012
f 1017 1012 1016
f 1016 1012 1013
f 1016 1013 1015
f 1015 1013 1014
f 1025 1018 1024
f 1024 1018 1019
f 1024 1019 1023
f 1023 1019 1020
f 1023 1020 1022
f 1022 1020 1021
f 1027 1028 1026
f 1026 1028 1029
f 1026 1029 1030
f 1030 1031 1026
f 1026 1031 1032
f 1026 1032 1044
f 1044 1032 1043
f 1043 1032 1033
f 1043 1033 1042
f 1042 1033 1039
f 1042 1039 1040
f 1033 1034 1039
f 1039 1034 1035
f 1039 1035 1036
f 1036 1037 1039
f 1039 1037 1038
f 1042 1040 1046
f 1046 1040 1041
f 1046 1041 1045
f 1045 1041 1026
f 1045 1026 1044
f 1047 1048 1065
f 1065 1048 1051
f 1065 1051 1064
f 1064 1051 1052
f 1064 1052 1063
f 1063 1052 1053
f 1063 1053 1062
f 1062 1053 1054
f 1062 1054 1061
f 1061 1054 1055
f 1061 1055 1060
f 1060 1055 1058
f 1060 1058 1059
f 1049 1050 1048
f 1048 1050 1051
f 1056 1057 1055
f 1055 1057 1058
f 1067 1068 1066
f 1066 1068 1069
f 1070 1071 1075
f 1075 1071 1074
f 1074 1071 1072
f 1074 1072 1073
f 1077 1078 1076
f 1076 1078 1079
f 1087 1080 1086
f 1086 1080 1081
f 1086 1081 1085
f 1085 1081 1082
f 1085 1082 1084
f 1084 1082 1083
f 1089 1090 1088
f 1088 1090 1091
f 1099 1092 1098
f 1098 1092 1093
f 1098 1093 1097
f 1097 1093 1094
f 1097 1094 1096
f 1096 1094 1095
f 1100 1101 1107
f 1107 1101 1102
f 1107 1102 1106
f 1106 1102 1103
f 1106 1103 1105
f 1105 1103 1104
f 1108 1109 1113
f 1113 1109 1110
f 1113 1110 1112
f 1112 1110 1111
f 1114 1115 1121
f 1121 1115 1116
f 1121 1116 1117
f 1118 1119 1117
f 1117 1119 1120
f 1117 1120 1121
f 1123 1131 1122
f 1122 1131 1132
f 1122 1132 1133
f 1131 1123 1130
f 1130 1123 1124
f 1130 1124 1149
f 1149 1124 1148
f 1148 1124 1125
f 1148 1125 1147
f 1147 1125 1158
f 1147 1158 1146
f 1159 1126 1145
f 1145 1126 1127
f 1145 1127 1144
f 1144 1127 1128
f 1144 1128 1143
f 1143 1128 1141
f 1143 1141 1142
f 1129 1134 1128
f 1128 1134 1138
f 1128 1138 1141
f 1141 1138 1140
f 1140 1138 1139
f 1134 1129 1133
f 1133 1129 1122
f 1135 1136 1134
f 1134 1136 1137
f 1134 1137 1138
f 1130 1149 1154
f 1154 1149 1150
f 1154 1150 1151
f 1151 1152 1154
f 1154 1152 1153
f 1154 1155 1130
f 1130 1155 1156
f 1130 1156 1157
f 1161 1162 1160
f 1160 1162 1169
f 1160 1169 1168
f 1168 1169 1170
f 1168 1170 1167
f 1167 1170 1171
f 1167 1171 1166
f 1166 1171 1172
f 1166 1172 1164
f 1164 1172 1163
f 1163 1172 1173
f 1163 1173 1162
f 1162 1173 1169
f 1164 1165 1166
f 1174 1175 1181
f 1181 1175 1176
f 1181 1176 1177
f 1178 1179 1177
f 1177 1179 1180
f 1177 1180 1181
f 1182 1183 1189
f 1189 1183 1184
f 1189 1184 1188
f 1188 1184 1185
f 1188 1185 1187
f 1187 1185 1186
f 1190 1191 1195
f 1195 1191 1192
f 1195 1192 1194
f 1194 1192 1193
f 1196 1197 1201
f 1201 1197 1198
f 1201 1198 1200
f 1200 1198 1199
f 1209 1202 1208
f 1208 1202 1203
f 1208 1203 1207
f 1207 1203 1204
f 1207 1204 1206
f 1206 1204 1205
f 1210 1211 1213
f 1213 1211 1212
f 1214 1215 1217
f 1217 1215 1216
f 1218 1219 1221
f 1221 1219 1220
f 1222 1223 1225
f 1225 1223 1224
f 1233 1226 1232
f 1232 1226 1227
f 1232 1227 1231
f 1231 1227 1228
f 1231 1228 1230
f 1230 1228 1229
f 1234 1235 1243
f 1243 1235 1236
f 1243 1236 1242
f 1242 1236 1237
f 1242 1237 1241
f 1241 1237 1238
f 1241 1238 1240
f 1240 1238 1239
f 1244 1245 1253
f 1253 1245 1246
f 1253 1246 1252
f 1252 1246 1247
f 1252 1247 1251
f 1251 1247 1248
f 1251 1248 1250
f 1250 1248 1249
f 1255 1256 1254
f 1254 1256 1257
f 1259 1269 1258
f 1258 1269 1264
f 1258 1264 1263
f 1263 1264 1265
f 1263 1265 1262
f 1262 1265 1266
f 1262 1266 1261
f 1261 1266 1270
f 1271 1267 1260
f 1260 1267 1268
f 1260 1268 1259
f 1259 1268 1269
f 1273 1274 1272
f 1272 1274 1275
f 1272 1275 1276
f 1276 1277 1272
f 1272 1277 1278
f 1272 1278 1289
f 1289 1278 1288
f 1288 1278 1279
f 1288 1279 1292
f 1292 1279 1285
f 1292 1285 1286
f 1279 1280 1285
f 1285 1280 1281
f 1285 1281 1282
f 1282 1283 1285
f 1285 1283 1284
f 1292 1286 1291
f 1291 1286 1287
f 1291 1287 1290
f 1290 1287 1289
f 1289 1287 1272
f 1294 1295 1293
f 1293 1295 1302
f 1302 1295 1301
f 1301 1295 1296
f 1301 1296 1300
f 1300 1296 1299
f 1299 1296 1298
f 1298 1296 1297
f 1303 1304 1306
f 1306 1304 1305
f 1307 1308 1316
f 1316 1308 1309
f 1316 1309 1315
f 1315 1309 1310
f 1315 1310 1314
f 1314 1310 1311
f 1314 1311 1313
f 1313 1311 1312
f 1317 1318 1322
f 1322 1318 1321
f 1321 1318 1319
f 1321 1319 1320
f 1323 1324 1330
f 1330 1324 1325
f 1330 1325 1329
f 1329 1325 1326
f 1329 1326 1328
f 1328 1326 1327
f 1331 1332 1338
f 1338 1332 1333
f 1338 1333 1337
f 1337 1333 1334
f 1337 1334 1336
f 1336 1334 1335
f 1346 1339 1345
f 1345 1339 1340
f 1345 1340 1344
f 1344 1340 1341
f 1344 1341 1343
f 1343 1341 1342
f 1354 1347 1353
f 1353 1347 1348
f 1353 1348 1352
f 1352 1348 1349
f 1352 1349 1351
f 1351 1349 1350
f 1356 1357 1355
f 1355 1357 1364
f 1364 1357 1363
f 1363 1357 1358
f 1363 1358 1362
f 1362 1358 1361
f 1361 1358 1360
f 1360 1358 1359
f 1365 1366 1368
f 1368 1366 1367
f 1369 1370 1376
f 1376 1370 1371
f 1376 1371 1375
f 1375 1371 1372
f 1375 1372 1374
f 1374 1372 1373
f 1378 1379 1377
f 1377 1379 1380
f 1382 1390 1381
f 1381 1390 1386
f 1381 1386 1385
f 1385 1386 1387
f 1385 1387 1392
f 1382 1383 1390
f 1390 1383 1389
f 1389 1383 1391
f 1389 1391 1388
f 1392 1384 1385
f 1393 1394 1396
f 1396 1394 1395
f 1397 1398 1400
f 1400 1398 1399
f 1401 1402 1404
f 1404 1402 1403
f 1412 1405 1411
f 1411 1405 1406
f 1411 1406 1410
f 1410 1406 1407
f 1410 1407 1409
f 1409 1407 1408
f 1414 1415 1413
f 1413 1415 1416
f 1417 1418 1424
f 1424 1418 1419
f 1424 1419 1423
f 1423 1419 1420
f 1423 1420 1422
f 1422 1420 1421
f 1425 1426 1434
f 1434 1426 1427
f 1434 1427 1433
f 1433 1427 1428
f 1433 1428 1432
f 1432 1428 1429
f 1432 1429 1431
f 1431 1429 1430
f 1436 1437 1435
f 1435 1437 1438
f 1439 1440 1442
f 1442 1440 1441
f 1444 1445 1443
f 1443 1445 1446
f 1447 1448 1450
f 1450 1448 1449
f 1451 1452 1456
f 1456 1452 1455
f 1455 1452 1453
f 1455 1453 1454
f 1457 1458 1475
f 1475 1458 1461
f 1475 1461 1474
f 1474 1461 1462
f 1474 1462 1473
f 1473 1462 1463
f 1473 1463 1472
f 1472 1463 1464
f 1472 1464 1471
f 1471 1464 1465
f 1471 1465 1470
f 1470 1465 1468
f 1470 1468 1469
f 1458 1459 1461
f 1461 1459 1460
f 1465 1466 1468
f 1468 1466 1467
f 1477 1485 1476
f 1476 1485 1481
f 1476 1481 1480
f 1480 1481 1482
f 1480 1482 1487
f 1477 1478 1485
f 1485 1478 1484
f 1484 1478 1486
f 1484 1486 1483
f 1487 1479 1480
f 1495 1488 1494
f 1494 1488 1489
f 1494 1489 1493
f 1493 1489 1490
f 1493 1490 1492
f 1492 1490 1491
f 1503 1496 1502
f 1502 1496 1497
f 1502 1497 1501
f 1501 1497 1498
f 1501 1498 1500
f 1500 1498 1499
f 1511 1504 1510
f 1510 1504 1505
f 1510 1505 1509
f 1509 1505 1506
f 1509 1506 1508
f 1508 1506 1507
f 1512 1513 1519
f 1519 1513 1514
f 1519 1514 1515
f 1516 1517 1515
f 1515 1517 1518
f 1515 1518 1519
f 1521 1555 1520
f 1520 1555 1528
f 1520 1528 1537
f 1537 1528 1533
f 1537 1533 1534
f 1555 1521 1554
f 1554 1521 1522
f 1554 1522 1553
f 1553 1522 1552
f 1552 1522 1523
f 1552 1523 1551
f 1551 1523 1556
f 1551 1556 1550
f 1557 1524 1548
f 1557 1548 1549
f 1525 1541 1524
f 1524 1541 1545
f 1524 1545 1548
f 1548 1545 1547
f 1547 1545 1546
f 1541 1525 1540
f 1540 1525 1526
f 1540 1526 1539
f 1539 1526 1538
f 1538 1526 1527
f 1538 1527 1537
f 1537 1527 1520
f 1528 1529 1533
f 1533 1529 1530
f 1533 1530 1531
f 1531 1532 1533
f 1534 1535 1537
f 1537 1535 1536
f 1542 1543 1541
f 1541 1543 1544
f 1541 1544 1545
f 1558 1559 1561
f 1561 1559 1560
f 1562 1563 1565
f 1565 1563 1564
f 1573 1566 1572
f 1572 1566 1567
f 1572 1567 1571
f 1571 1567 1568
f 1571 1568 1570
f 1570 1568 1569
f 1581 1574 1580
f 1580 1574 1575
f 1580 1575 1579
f 1579 1575 1576
f 1579 1576 1578
f 1578 1576 1577
f 1582 1583 1585
f 1585 1583 1584
f 1586 1587 1595
f 1595 1587 1588
f 1595 1588 1594
f 1594 1588 1589
f 1594 1589 1593
f 1593 1589 1590
f 1593 1590 1592
f 1592 1590 1591
f 1597 1598 1596
f 1596 1598 1599
f 1600 1601 1603
f 1603 1601 1602
f 1613 1604 1608
f 1608 1604 1605
f 1608 1605 1606
f 1606 1607 1608
f 1608 1609 1613
f 1613 1609 1612
f 1612 1609 1611
f 1611 1609 1610
f 1615 1616 1614
f 1614 1616 1617
f 1618 1619 1625
f 1625 1619 1620
f 1625 1620 1621
f 1622 1623 1621
f 1621 1623 1624
f 1621 1624 1625
f 1627 1628 1626
f 1626 1628 1629
f 1626 1629 1631
f 1631 1629 1630
f 1639 1632 1638
f 1638 1632 1633
f 1638 1633 1637
f 1637 1633 1634
f 1637 1634 1636
f 1636 1634 1635
f 1647 1640 1651
f 1651 1640 1641
f 1651 1641 1650
f 1650 1641 1642
f 1650 1642 1649
f 1649 1642 1643
f 1649 1643 1648
f 1648 1643 1644
f 1648 1644 1645
f 1648 1645 1653
f 1653 1645 1646
f 1653 1646 1652
f 1652 1646 1647
f 1652 1647 1651
f 1655 1656 1654
f 1654 1656 1657
f 1654 1657 1658
f 1658 1659 1654
f 1654 1659 1660
f 1654 1660 1670
f 1670 1660 1674
f 1674 1660 1661
f 1674 1661 1673
f 1673 1661 1667
f 1673 1667 1672
f 1672 1667 1668
f 1672 1668 1671
f 1671 1668 1669
f 1671 1669 1670
f 1670 1669 1654
f 1661 1662 1667
f 1667 1662 1663
f 1667 1663 1664
f 1664 1665 1667
f 1667 1665 1666
f 1675 1676 1679
f 1679 1676 1678
f 1678 1676 1677
f 1681 1682 1680
f 1680 1682 1683
f 1684 1685 1688
f 1688 1685 1687
f 1687 1685 1686
f 1690 1691 1689
f 1689 1691 1696
f 1689 1696 1698
f 1698 1696 1697
f 1691 1692 1696
f 1696 1692 1695
f 1695 1692 1694
f 1694 1692 1693
f 1689 1698 1712
f 1712 1698 1699
f 1712 1699 1711
f 1711 1699 1700
f 1711 1700 1710
f 1710 1700 1701
f 1710 1701 1708
f 1708 1701 1703
f 1708 1703 1707
f 1707 1703 1704
f 1707 1704 1706
f 1706 1704 1705
f 1701 1702 1703
f 1708 1709 1710
f 1729 1713 1728
f 1728 1713 1714
f 1728 1714 1727
f 1727 1714 1715
f 1727 1715 1726
f 1726 1715 1716
f 1726 1716 1725
f 1725 1716 1724
f 1724 1716 1717
f 1724 1717 1723
f 1723 1717 1718
f 1723 1718 1722
f 1722 1718 1721
f 1721 1718 1719
f 1721 1719 1720
f 1746 1730 1745
f 1745 1730 1731
f 1745 1731 1744
f 1744 1731 1732
f 1744 1732 1743
f 1743 1732 1733
f 1743 1733 1742
f 1742 1733 1741
f 1741 1733 1734
f 1741 1734 1740
f 1740 1734 1735
f 1740 1735 1739
f 1739 1735 1738
f 1738 1735 1736
f 1738 1736 1737
f 1763 1747 1762
f 1762 1747 1748
f 1762 1748 1761
f 1761 1748 1749
f 1761 1749 1760
f 1760 1749 1750
f 1760 1750 1759
f 1759 1750 1758
f 1758 1750 1751
f 1758 1751 1757
f 1757 1751 1752
f 1757 1752 1756
f 1756 1752 1755
f 1755 1752 1753
f 1755 1753 1754
f 1780 1764 1779
f 1779 1764 1765
f 1779 1765 1778
f 1778 1765 1777
f 1777 1765 1766
f 1777 1766 1776
f 1776 1766 1767
f 1776 1767 1775
f 1775 1767 1774
f 1774 1767 1768
f 1774 1768 1773
f 1773 1768 1769
f 1773 1769 1772
f 1772 1769 1770
f 1772 1770 1771
f 1797 1781 1796
f 1796 1781 1782
f 1796 1782 1795
f 1795 1782 1794
f 1794 1782 1783
f 1794 1783 1793
f 1793 1783 1784
f 1793 1784 1792
f 1792 1784 1791
f 1791 1784 1785
f 1791 1785 1790
f 1790 1785 1786
f 1790 1786 1789
f 1789 1786 1787
f 1789 1787 1788
f 1814 1798 1813
f 1813 1798 1799
f 1813 1799 1812
f 1812 1799 1811
f 1811 1799 1800
f 1811 1800 1810
f 1810 1800 1801
f 1810 1801 1809
f 1809 1801 1808
f 1808 1801 1802
f 1808 1802 1807
f 1807 1802 1803
f 1807 1803 1806
f 1806 1803 1804
f 1806 1804 1805
f 1823 1815 1826
f 1826 1815 1816
f 1826 1816 1825
f 1825 1816 1817
f 1825 1817 1818
f 1818 1819 1825
f 1825 1819 1824
f 1824 1819 1820
f 1824 1820 1828
f 1828 1820 1821
f 1828 1821 1827
f 1827 1821 1822
f 1827 1822 1823
f 1827 1823 1826
f 1836 1829 1835
f 1835 1829 1830
f 1835 1830 1831
f 1832 1833 1831
f 1831 1833 1834
f 1831 1834 1835
f 1845 1837 1849
f 1849 1837 1838
f 1849 1838 1839
f 1849 1839 1848
f 1848 1839 1840
f 1848 1840 1841
f 1848 1841 1847
f 1847 1841 1842
f 1847 1842 1846
f 1846 1842 1843
f 1846 1843 1844
f 1846 1844 1850
f 1850 1844 1845
f 1850 1845 1849
f 1852 1853 1851
f 1851 1853 1858
f 1851 1858 1860
f 1860 1858 1859
f 1853 1854 1858
f 1858 1854 1857
f 1857 1854 1856
f 1856 1854 1855
f 1851 1860 1874
f 1874 1860 1861
f 1874 1861 1873
f 1873 1861 1862
f 1873 1862 1872
f 1872 1862 1863
f 1872 1863 1870
f 1870 1863 1865
f 1870 1865 1869
f 1869 1865 1866
f 1869 1866 1868
f 1868 1866 1867
f 1863 1864 1865
f 1870 1871 1872
f 1875 1876 1891
f 1891 1876 1877
f 1891 1877 1890
f 1890 1877 1878
f 1890 1878 1889
f 1889 1878 1879
f 1889 1879 1888
f 1888 1879 1887
f 1887 1879 1880
f 1887 1880 1886
f 1886 1880 1881
f 1886 1881 1885
f 1885 1881 1884
f 1884 1881 1882
f 1884 1882 1883
f 1899 1892 1898
f 1898 1892 1893
f 1898 1893 1894
f 1895 1896 1894
f 1894 1896 1897
f 1894 1897 1898
f 1908 1900 1913
f 1913 1900 1901
f 1913 1901 1902
f 1913 1902 1912
f 1912 1902 1903
f 1912 1903 1904
f 1912 1904 1911
f 1911 1904 1905
f 1911 1905 1906
f 1911 1906 1910
f 1910 1906 1907
f 1910 1907 1909
f 1909 1907 1908
f 1909 1908 1913
f 1915 1928 1914
f 1914 1928 1929
f 1914 1929 1936
f 1936 1929 1931
f 1936 1931 1932
f 1928 1915 1927
f 1927 1915 1916
f 1927 1916 1926
f 1926 1916 1917
f 1926 1917 1924
f 1924 1917 1919
f 1924 1919 1923
f 1923 1919 1920
f 1923 1920 1922
f 1922 1920 1921
f 1917 1918 1919
f 1924 1925 1926
f 1929 1930 1931
f 1933 1934 1932
f 1932 1934 1935
f 1932 1935 1936
f 1936 1937 1914
f 1939 2053 1938
f 1938 2053 2054
f 1938 2054 2055
f 1940 1941 1939
f 1939 1941 1942
f 1939 1942 1948
f 1948 1942 1947
f 1947 1942 1943
f 1947 1943 1946
f 1946 1943 1945
f 1945 1943 1944
f 1949 1951 1948
f 1948 1951 1952
f 1948 1952 1939
f 1939 1952 1953
f 1939 1953 1954
f 1949 1950 1951
f 1955 1986 1954
f 1954 1986 2021
f 1954 2021 2053
f 2053 2021 2022
f 2053 2022 2052
f 2052 2022 2039
f 2052 2039 2040
f 1956 1970 1955
f 1955 1970 1971
f 1955 1971 1972
f 1970 1956 1963
f 1963 1956 1957
f 1963 1957 1962
f 1962 1957 1958
f 1962 1958 1961
f 1961 1958 1960
f 1960 1958 1959
f 1963 1964 1970
f 1970 1964 1965
f 1970 1965 1969
f 1969 1965 1966
f 1969 1966 1967
f 1967 1968 1969
f 1955 1972 1985
f 1985 1972 1973
f 1985 1973 1984
f 1984 1973 1974
f 1984 1974 1980
f 1980 1974 1979
f 1979 1974 1975
f 1979 1975 1978
f 1978 1975 1977
f 1977 1975 1976
f 1984 1980 1983
f 1983 1980 1981
f 1983 1981 1982
f 1985 1986 1955
f 1986 1987 2021
f 2021 1987 2020
f 2020 1987 2006
f 2020 2006 2019
f 2019 2006 2008
f 2019 2008 2009
f 2006 1987 2005
f 2005 1987 1988
f 2005 1988 1995
f 1995 1988 1989
f 1995 1989 1994
f 1994 1989 1990
f 1994 1990 1993
f 1993 1990 1992
f 1992 1990 1991
f 1995 1996 2005
f 2005 1996 2002
f 2005 2002 2003
f 1996 1997 2002
f 2002 1997 2001
f 2001 1997 1998
f 2001 1998 1999
f 1999 2000 2001
f 2003 2004 2005
f 2006 2007 2008
f 2010 2014 2009
f 2009 2014 2015
f 2009 2015 2019
f 2019 2015 2018
f 2018 2015 2016
f 2018 2016 2017
f 2011 2012 2010
f 2010 2012 2013
f 2010 2013 2014
f 2023 2037 2022
f 2022 2037 2038
f 2022 2038 2039
f 2037 2023 2030
f 2030 2023 2024
f 2030 2024 2029
f 2029 2024 2025
f 2029 2025 2028
f 2028 2025 2027
f 2027 2025 2026
f 2030 2031 2037
f 2037 2031 2032
f 2037 2032 2036
f 2036 2032 2033
f 2036 2033 2035
f 2035 2033 2034
f 2052 2040 2051
f 2051 2040 2041
f 2051 2041 2047
f 2047 2041 2046
f 2046 2041 2042
f 2046 2042 2045
f 2045 2042 2044
f 2044 2042 2043
f 2051 2047 2050
f 2050 2047 2048
f 2050 2048 2049
f 1938 2055 2062
f 2062 2055 2056
f 2062 2056 2061
f 2061 2056 2057
f 2061 2057 2060
f 2060 2057 2059
f 2059 2057 2058
f 2062 2063 1938
f 1938 2063 2069
f 1938 2069 2070
f 2063 2064 2069
f 2069 2064 2068
f 2068 2064 2065
f 2068 2065 2066
f 2066 2067 2068
f 2070 2071 1938
f 2053 1939 1954
f 2073 2074 2072
f 2072 2074 2079
f 2072 2079 2081
f 2081 2079 2080
f 2074 2075 2079
f 2079 2075 2078
f 2078 2075 2077
f 2077 2075 2076
f 2072 2081 2095
f 2095 2081 2082
f 2095 2082 2094
f 2094 2082 2083
f 2094 2083 2093
f 2093 2083 2084
f 2093 2084 2091
f 2091 2084 2086
f 2091 2086 2090
f 2090 2086 2087
f 2090 2087 2089
f 2089 2087 2088
f 2084 2085 2086
f 2091 2092 2093
f 2097 2105 2096
f 2096 2105 2106
f 2096 2106 2104
f 2104 2106 2103
f 2103 2106 2107
f 2103 2107 2102
f 2102 2107 2108
f 2102 2108 2101
f 2101 2108 2109
f 2101 2109 2100
f 2100 2109 2099
f 2099 2109 2105
f 2099 2105 2098
f 2098 2105 2097
f 2111 2115 2110
f 2110 2115 2116
f 2110 2116 2114
f 2114 2116 2120
f 2114 2120 2113
f 2121 2117 2118
f 2121 2118 2112
f 2112 2118 2119
f 2112 2119 2111
f 2111 2119 2115
f 2123 2131 2122
f 2122 2131 2132
f 2122 2132 2130
f 2130 2132 2129
f 2129 2132 2133
f 2129 2133 2128
f 2128 2133 2134
f 2128 2134 2127
f 2127 2134 2135
f 2127 2135 2126
f 2126 2135 2125
f 2125 2135 2131
f 2125 2131 2124
f 2124 2131 2123
f 2137 2141 2136
f 2136 2141 2142
f 2136 2142 2140
f 2140 2142 2146
f 2140 2146 2139
f 2147 2143 2144
f 2147 2144 2138
f 2138 2144 2145
f 2138 2145 2137
f 2137 2145 2141
f 2148 2149 2151
f 2151 2149 2150
f 2153 2170 2152
f 2152 2170 2271
f 2152 2271 2283
f 2283 2271 2272
f 2283 2272 2282
f 2282 2272 2276
f 2282 2276 2277
f 2170 2153 2169
f 2169 2153 2154
f 2169 2154 2162
f 2162 2154 2161
f 2161 2154 2155
f 2161 2155 2160
f 2160 2155 2156
f 2160 2156 2159
f 2159 2156 2158
f 2158 2156 2157
f 2169 2162 2168
f 2168 2162 2163
f 2168 2163 2167
f 2167 2163 2164
f 2167 2164 2165
f 2165 2166 2167
f 2271 2170 2270
f 2270 2170 2171
f 2270 2171 2203
f 2203 2171 2202
f 2202 2171 2172
f 2202 2172 2185
f 2185 2172 2184
f 2184 2172 2173
f 2184 2173 2183
f 2183 2173 2177
f 2183 2177 2178
f 2173 2174 2177
f 2177 2174 2176
f 2176 2174 2175
f 2183 2178 2182
f 2182 2178 2179
f 2182 2179 2180
f 2180 2181 2182
f 2185 2186 2202
f 2202 2186 2187
f 2202 2187 2201
f 2201 2187 2194
f 2201 2194 2200
f 2200 2194 2195
f 2200 2195 2199
f 2199 2195 2196
f 2199 2196 2197
f 2188 2192 2187
f 2187 2192 2193
f 2187 2193 2194
f 2192 2188 2191
f 2191 2188 2189
f 2191 2189 2190
f 2197 2198 2199
f 2204 2237 2203
f 2203 2237 2238
f 2203 2238 2270
f 2270 2238 2269
f 2269 2238 2239
f 2269 2239 2252
f 2252 2239 2251
f 2251 2239 2240
f 2251 2240 2250
f 2250 2240 2244
f 2250 2244 2245
f 2237 2204 2218
f 2218 2204 2205
f 2218 2205 2216
f 2216 2205 2215
f 2215 2205 2209
f 2215 2209 2210
f 2205 2206 2209
f 2209 2206 2208
f 2208 2206 2207
f 2215 2210 2214
f 2214 2210 2211
f 2214 2211 2212
f 2212 2213 2214
f 2216 2217 2218
f 2218 2219 2237
f 2237 2219 2236
f 2236 2219 2229
f 2236 2229 2235
f 2235 2229 2230
f 2235 2230 2234
f 2234 2230 2231
f 2234 2231 2232
f 2220 2221 2219
f 2219 2221 2222
f 2219 2222 2228
f 2228 2222 2227
f 2227 2222 2223
f 2227 2223 2226
f 2226 2223 2225
f 2225 2223 2224
f 2228 2229 2219
f 2232 2233 2234
f 2240 2241 2244
f 2244 2241 2243
f 2243 2241 2242
f 2250 2245 2249
f 2249 2245 2246
f 2249 2246 2247
f 2247 2248 2249
f 2252 2253 2269
f 2269 2253 2254
f 2269 2254 2268
f 2268 2254 2261
f 2268 2261 2267
f 2267 2261 2262
f 2267 2262 2266
f 2266 2262 2263
f 2266 2263 2264
f 2255 2259 2254
f 2254 2259 2260
f 2254 2260 2261
f 2256 2257 2255
f 2255 2257 2258
f 2255 2258 2259
f 2264 2265 2266
f 2272 2273 2276
f 2276 2273 2275
f 2275 2273 2274
f 2282 2277 2281
f 2281 2277 2278
f 2281 2278 2280
f 2280 2278 2279
f 2284 2285 2287
f 2287 2285 2286
f 2296 2288 2301
f 2301 2288 2289
f 2301 2289 2290
f 2301 2290 2300
f 2300 2290 2291
f 2300 2291 2292
f 2300 2292 2299
f 2299 2292 2293
f 2299 2293 2294
f 2299 2294 2298
f 2298 2294 2295
f 2298 2295 2297
f 2297 2295 2296
f 2297 2296 2301
f 2303 2307 2302
f 2302 2307 2308
f 2302 2308 2306
f 2306 2308 2312
f 2306 2312 2305
f 2313 2309 2310
f 2313 2310 2304
f 2304 2310 2311
f 2304 2311 2303
f 2303 2311 2307
f 2321 2314 2320
f 2320 2314 2315
f 2320 2315 2316
f 2317 2318 2316
f 2316 2318 2319
f 2316 2319 2320
f 2322 2323 2325
f 2325 2323 2324
f 2326 2327 2329
f 2329 2327 2328
f 2330 2331 2333
f 2333 2331 2332
f 2342 2334 2345
f 2345 2334 2335
f 2345 2335 2344
f 2344 2335 2336
f 2344 2336 2337
f 2337 2338 2344
f 2344 2338 2343
f 2343 2338 2339
f 2343 2339 2347
f 2347 2339 2340
f 2347 2340 2346
f 2346 2340 2341
f 2346 2341 2342
f 2346 2342 2345
f 2348 2349 2351
f 2351 2349 2350
f 2353 2357 2352
f 2352 2357 2358
f 2352 2358 2356
f 2356 2358 2362
f 2356 2362 2355
f 2363 2359 2360
f 2363 2360 2354
f 2354 2360 2361
f 2354 2361 2353
f 2353 2361 2357
f 2372 2364 2376
f 2376 2364 2365
f 2376 2365 2366
f 2376 2366 2375
f 2375 2366 2367
f 2375 2367 2368
f 2375 2368 2374
f 2374 2368 2369
f 2374 2369 2373
f 2373 2369 2370
f 2373 2370 2371
f 2373 2371 2377
f 2377 2371 2372
f 2377 2372 2376
f 2378 2379 2381
f 2381 2379 2380
f 2395 2382 2394
f 2394 2382 2383
f 2394 2383 2393
f 2393 2383 2384
f 2393 2384 2392
f 2392 2384 2385
f 2392 2385 2391
f 2391 2385 2386
f 2391 2386 2390
f 2390 2386 2387
f 2390 2387 2389
f 2389 2387 2388
f 2396 2397 2399
f 2399 2397 2398
f 2407 2400 2406
f 2406 2400 2401
f 2406 2401 2402
f 2403 2404 2402
f 2402 2404 2405
f 2402 2405 2406
f 2408 2409 2411
f 2411 2409 2410
f 2412 2413 2428
f 2428 2413 2427
f 2427 2413 2414
f 2427 2414 2426
f 2426 2414 2415
f 2426 2415 2425
f 2425 2415 2416
f 2425 2416 2417
f 2425 2417 2424
f 2424 2417 2418
f 2424 2418 2423
f 2423 2418 2419
f 2423 2419 2420
f 2421 2422 2420
f 2420 2422 2423
f 2429 2430 2432
f 2432 2430 2431
f 2443 2433 2442
f 2442 2433 2434
f 2442 2434 2441
f 2441 2434 2435
f 2441 2435 2440
f 2440 2435 2436
f 2440 2436 2439
f 2439 2436 2438
f 2438 2436 2437
f 2451 2444 2450
f 2450 2444 2445
f 2450 2445 2446
f 2447 2448 2446
f 2446 2448 2449
f 2446 2449 2450
f 2459 2452 2458
f 2458 2452 2453
f 2458 2453 2454
f 2455 2456 2454
f 2454 2456 2457
f 2454 2457 2458
f 2467 2460 2466
f 2466 2460 2461
f 2466 2461 2462
f 2463 2464 2462
f 2462 2464 2465
f 2462 2465 2466
f 2469 2470 2468
f 2468 2470 2471
f 2468 2471 2472
f 2474 2475 2473
f 2473 2475 2476
f 2473 2476 2477
f 2491 2478 2490
f 2490 2478 2479
f 2490 2479 2489
f 2489 2479 2480
f 2489 2480 2488
f 2488 2480 2481
f 2488 2481 2487
f 2487 2481 2482
f 2487 2482 2486
f 2486 2482 2483
f 2486 2483 2485
f 2485 2483 2484
f 2492 2493 2499
f 2499 2493 2494
f 2499 2494 2497
f 2497 2494 2496
f 2496 2494 2495
f 2497 2498 2499
f 2500 2501 2503
f 2503 2501 2502
f 2504 2505 2514
f 2514 2505 2513
f 2513 2505 2506
f 2513 2506 2512
f 2512 2506 2507
f 2512 2507 2511
f 2511 2507 2508
f 2511 2508 2509
f 2509 2510 2511
f 2515 2516 2518
f 2518 2516 2517
f 2526 2519 2525
f 2525 2519 2520
f 2525 2520 2521
f 2522 2523 2521
f 2521 2523 2524
f 2521 2524 2525
f 2534 2527 2533
f 2533 2527 2528
f 2533 2528 2532
f 2532 2528 2529
f 2532 2529 2531
f 2531 2529 2530
f 2542 2535 2541
f 2541 2535 2536
f 2541 2536 2537
f 2538 2539 2537
f 2537 2539 2540
f 2537 2540 2541
f 2550 2543 2549
f 2549 2543 2544
f 2549 2544 2545
f 2546 2547 2545
f 2545 2547 2548
f 2545 2548 2549
f 2552 2553 2551
f 2551 2553 2554
f 2562 2555 2561
f 2561 2555 2556
f 2561 2556 2557
f 2558 2559 2557
f 2557 2559 2560
f 2557 2560 2561
f 2564 2565 2563
f 2563 2565 2566
f 2563 2566 2567
f 2575 2568 2574
f 2574 2568 2569
f 2574 2569 2570
f 2571 2572 2570
f 2570 2572 2573
f 2570 2573 2574
f 2583 2576 2582
f 2582 2576 2577
f 2582 2577 2578
f 2579 2580 2578
f 2578 2580 2581
f 2578 2581 2582
f 2585 2586 2584
f 2584 2586 2587
f 2584 2587 2588
f 2590 2648 2589
f 2589 2648 2619
f 2589 2619 2618
f 2618 2619 2620
f 2618 2620 2617
f 2617 2620 2621
f 2617 2621 2616
f 2616 2621 2622
f 2616 2622 2615
f 2615 2622 2623
f 2615 2623 2614
f 2614 2623 2624
f 2614 2624 2613
f 2613 2624 2625
f 2613 2625 2612
f 2612 2625 2626
f 2612 2626 2611
f 2611 2626 2627
f 2611 2627 2610
f 2610 2627 2628
f 2610 2628 2609
f 2609 2628 2629
f 2609 2629 2608
f 2608 2629 2630
f 2608 2630 2607
f 2607 2630 2631
f 2607 2631 2606
f 2606 2631 2632
f 2606 2632 2605
f 2605 2632 2633
f 2605 2633 2604
f 2604 2633 2649
f 2650 2634 2603
f 2603 2634 2635
f 2603 2635 2602
f 2602 2635 2636
f 2602 2636 2601
f 2601 2636 2637
f 2601 2637 2600
f 2600 2637 2638
f 2600 2638 2599
f 2599 2638 2639
f 2599 2639 2598
f 2598 2639 2640
f 2598 2640 2597
f 2597 2640 2641
f 2597 2641 2596
f 2596 2641 2642
f 2596 2642 2595
f 2595 2642 2643
f 2595 2643 2594
f 2594 2643 2644
f 2594 2644 2593
f 2593 2644 2645
f 2593 2645 2592
f 2592 2645 2646
f 2592 2646 2591
f 2591 2646 2647
f 2591 2647 2590
f 2590 2647 2648
f 2652 2710 2651
f 2651 2710 2681
f 2651 2681 2680
f 2680 2681 2682
f 2680 2682 2679
f 2679 2682 2683
f 2679 2683 2678
f 2678 2683 2684
f 2678 2684 2677
f 2677 2684 2685
f 2677 2685 2676
f 2676 2685 2686
f 2676 2686 2675
f 2675 2686 2687
f 2675 2687 2674
f 2674 2687 2688
f 2674 2688 2673
f 2673 2688 2689
f 2673 2689 2672
f 2672 2689 2690
f 2672 2690 2671
f 2671 2690 2691
f 2671 2691 2670
f 2670 2691 2692
f 2670 2692 2669
f 2669 2692 2693
f 2669 2693 2668
f 2668 2693 2694
f 2668 2694 2667
f 2667 2694 2695
f 2667 2695 2666
f 2666 2695 2712
f 2711 2696 2665
f 2665 2696 2697
f 2665 2697 2664
f 2664 2697 2698
f 2664 2698 2663
f 2663 2698 2699
f 2663 2699 2662
f 2662 2699 2700
f 2662 2700 2661
f 2661 2700 2701
f 2661 2701 2660
f 2660 2701 2702
f 2660 2702 2659
f 2659 2702 2703
f 2659 2703 2658
f 2658 2703 2704
f 2658 2704 2657
f 2657 2704 2705
f 2657 2705 2656
f 2656 2705 2706
f 2656 2706 2655
f 2655 2706 2707
f 2655 2707 2654
f 2654 2707 2708
f 2654 2708 2653
f 2653 2708 2709
f 2653 2709 2652
f 2652 2709 2710
f 2714 2772 2713
f 2713 2772 2743
f 2713 2743 2744
f 2772 2714 2771
f 2771 2714 2715
f 2771 2715 2770
f 2770 2715 2716
f 2770 2716 2769
f 2769 2716 2717
f 2769 2717 2768
f 2768 2717 2718
f 2768 2718 2767
f 2767 2718 2719
f 2767 2719 2766
f 2766 2719 2720
f 2766 2720 2721
f 2766 2721 2765
f 2765 2721 2722
f 2765 2722 2764
f 2764 2722 2723
f 2764 2723 2763
f 2763 2723 2724
f 2763 2724 2762
f 2762 2724 2725
f 2762 2725 2761
f 2761 2725 2726
f 2761 2726 2760
f 2760 2726 2727
f 2760 2727 2759
f 2759 2727 2728
f 2759 2728 2758
f 2758 2728 2757
f 2757 2728 2729
f 2757 2729 2756
f 2756 2729 2730
f 2756 2730 2755
f 2755 2730 2731
f 2755 2731 2754
f 2754 2731 2732
f 2754 2732 2753
f 2753 2732 2733
f 2753 2733 2752
f 2752 2733 2734
f 2752 2734 2751
f 2751 2734 2735
f 2751 2735 2736
f 2751 2736 2750
f 2750 2736 2737
f 2750 2737 2749
f 2749 2737 2738
f 2749 2738 2748
f 2748 2738 2739
f 2748 2739 2747
f 2747 2739 2740
f 2747 2740 2746
f 2746 2740 2741
f 2746 2741 2745
f 2745 2741 2742
f 2745 2742 2744
f 2744 2742 2713
f 2774 2832 2773
f 2773 2832 2803
f 2773 2803 2804
f 2832 2774 2831
f 2831 2774 2775
f 2831 2775 2830
f 2830 2775 2776
f 2830 2776 2829
f 2829 2776 2777
f 2829 2777 2828
f 2828 2777 2778
f 2828 2778 2827
f 2827 2778 2779
f 2827 2779 2826
f 2826 2779 2780
f 2826 2780 2781
f 2826 2781 2825
f 2825 2781 2782
f 2825 2782 2824
f 2824 2782 2783
f 2824 2783 2823
f 2823 2783 2784
f 2823 2784 2822
f 2822 2784 2785
f 2822 2785 2821
f 2821 2785 2786
f 2821 2786 2820
f 2820 2786 2787
f 2820 2787 2819
f 2819 2787 2788
f 2819 2788 2818
f 2818 2788 2817
f 2817 2788 2789
f 2817 2789 2816
f 2816 2789 2790
f 2816 2790 2815
f 2815 2790 2791
f 2815 2791 2814
f 2814 2791 2792
f 2814 2792 2813
f 2813 2792 2793
f 2813 2793 2812
f 2812 2793 2794
f 2812 2794 2811
f 2811 2794 2795
f 2811 2795 2796
f 2811 2796 2810
f 2810 2796 2797
f 2810 2797 2809
f 2809 2797 2798
f 2809 2798 2808
f 2808 2798 2799
f 2808 2799 2807
f 2807 2799 2800
f 2807 2800 2806
f 2806 2800 2801
f 2806 2801 2805
f 2805 2801 2802
f 2805 2802 2804
f 2804 2802 2773
f 2833 2834 2846
f 2846 2834 2845
f 2845 2834 2835
f 2845 2835 2844
f 2844 2835 2836
f 2844 2836 2837
f 2844 2837 2843
f 2843 2837 2838
f 2843 2838 2839
f 2843 2839 2842
f 2842 2839 2840
f 2842 2840 2841
f 2847 2848 2856
f 2856 2848 2855
f 2855 2848 2849
f 2855 2849 2854
f 2854 2849 2850
f 2854 2850 2853
f 2853 2850 2851
f 2853 2851 2852
f 2857 2858 2868
f 2868 2858 2867
f 2867 2858 2859
f 2867 2859 2866
f 2866 2859 2860
f 2866 2860 2865
f 2865 2860 2861
f 2865 2861 2864
f 2864 2861 2862
f 2864 2862 2863
f 2869 2870 2880
f 2880 2870 2879
f 2879 2870 2871
f 2879 2871 2878
f 2878 2871 2872
f 2878 2872 2877
f 2877 2872 2873
f 2877 2873 2876
f 2876 2873 2874
f 2876 2874 2875
f 2937 2881 2936
f 2936 2881 2882
f 2936 2882 2935
f 2935 2882 2883
f 2935 2883 2934
f 2934 2883 2884
f 2934 2884 2933
f 2933 2884 2885
f 2933 2885 2932
f 2932 2885 2886
f 2932 2886 2931
f 2931 2886 2887
f 2931 2887 2930
f 2930 2887 2888
f 2930 2888 2929
f 2929 2888 2889
f 2929 2889 2928
f 2928 2889 2890
f 2928 2890 2927
f 2927 2890 2891
f 2927 2891 2926
f 2926 2891 2892
f 2926 2892 2925
f 2925 2892 2893
f 2925 2893 2924
f 2924 2893 2894
f 2924 2894 2923
f 2923 2894 2895
f 2923 2895 2922
f 2922 2895 2896
f 2922 2896 2921
f 2921 2896 2897
f 2921 2897 2920
f 2920 2897 2898
f 2920 2898 2919
f 2919 2898 2899
f 2919 2899 2918
f 2918 2899 2900
f 2918 2900 2917
f 2917 2900 2901
f 2917 2901 2916
f 2916 2901 2902
f 2916 2902 2915
f 2915 2902 2903
f 2915 2903 2914
f 2914 2903 2904
f 2914 2904 2913
f 2913 2904 2905
f 2913 2905 2912
f 2912 2905 2906
f 2912 2906 2911
f 2911 2906 2907
f 2911 2907 2910
f 2910 2907 2908
f 2910 2908 2909
f 2947 2938 2946
f 2946 2938 2939
f 2946 2939 2945
f 2945 2939 2940
f 2945 2940 2944
f 2944 2940 2941
f 2944 2941 2943
f 2943 2941 2942
f 2949 2981 2948
f 2948 2981 2982
f 2948 2982 2965
f 2965 2982 2983
f 2965 2983 2964
f 2964 2983 2984
f 2964 2984 2963
f 2963 2984 2985
f 2963 2985 2962
f 2962 2985 2986
f 2962 2986 2971
f 2971 2986 2987
f 2971 2987 2970
f 2970 2987 2952
f 2970 2952 2969
f 2969 2952 2953
f 2969 2953 2968
f 2968 2953 2954
f 2968 2954 2955
f 2981 2949 2980
f 2980 2949 2950
f 2980 2950 2979
f 2979 2950 2951
f 2979 2951 2978
f 2978 2951 2989
f 2989 2951 2952
f 2989 2952 2988
f 2988 2952 2987
f 2968 2955 2967
f 2967 2955 2956
f 2967 2956 2966
f 2966 2956 2957
f 2966 2957 2977
f 2977 2957 2958
f 2977 2958 2976
f 2976 2958 2975
f 2975 2958 2959
f 2975 2959 2960
f 2961 2973 2960
f 2960 2973 2974
f 2960 2974 2975
f 2973 2961 2972
f 2972 2961 2962
f 2972 2962 2971
f 2997 2990 3001
f 3001 2990 2991
f 3001 2991 3000
f 3000 2991 2992
f 3000 2992 2999
f 2999 2992 2993
f 2999 2993 2998
f 2998 2993 3008
f 3008 2993 3007
f 3007 2993 3009
f 3007 3009 3006
f 3010 2994 2995
f 3010 2995 3005
f 3005 2995 3004
f 3004 2995 3003
f 3003 2995 2996
f 3003 2996 3002
f 3002 2996 2997
f 3002 2997 3001
f 3012 3013 3011
f 3011 3013 3020
f 3020 3013 3014
f 3020 3014 3019
f 3019 3014 3015
f 3019 3015 3018
f 3018 3015 3016
f 3018 3016 3017
f 3022 3023 3021
f 3021 3023 3034
f 3034 3023 3024
f 3034 3024 3033
f 3033 3024 3025
f 3033 3025 3026
f 3033 3026 3032
f 3032 3026 3027
f 3032 3027 3028
f 3032 3028 3031
f 3031 3028 3029
f 3031 3029 3030
f 3042 3035 3046
f 3046 3035 3036
f 3046 3036 3045
f 3045 3036 3054
f 3045 3054 3044
f 3055 3037 3038
f 3055 3038 3043
f 3043 3038 3053
f 3053 3038 3052
f 3052 3038 3039
f 3052 3039 3051
f 3051 3039 3040
f 3051 3040 3050
f 3050 3040 3049
f 3049 3040 3048
f 3048 3040 3041
f 3048 3041 3047
f 3047 3041 3042
f 3047 3042 3046
f 3057 3075 3056
f 3056 3075 3066
f 3056 3066 3065
f 3065 3066 3067
f 3065 3067 3064
f 3064 3067 3068
f 3064 3068 3063
f 3063 3068 3069
f 3063 3069 3062
f 3062 3069 3070
f 3062 3070 3061
f 3061 3070 3071
f 3061 3071 3060
f 3060 3071 3072
f 3060 3072 3059
f 3059 3072 3073
f 3059 3073 3058
f 3058 3073 3074
f 3058 3074 3057
f 3057 3074 3075
f 3083 3076 3082
f 3082 3076 3077
f 3082 3077 3078
f 3079 3080 3078
f 3078 3080 3081
f 3078 3081 3082
f 3091 3084 3090
f 3090 3084 3085
f 3090 3085 3086
f 3087 3088 3086
f 3086 3088 3089
f 3086 3089 3090
f 3099 3112 3107
f 3111 3092 3093
f 3111 3093 3106
f 3106 3093 3094
f 3106 3094 3105
f 3105 3094 3095
f 3105 3095 3104
f 3104 3095 3103
f 3103 3095 3102
f 3102 3095 3096
f 3102 3096 3101
f 3101 3096 3097
f 3101 3097 3100
f 3100 3097 3110
f 3110 3097 3109
f 3109 3097 3098
f 3109 3098 3108
f 3108 3098 3099
f 3108 3099 3107
f 3114 3115 3113
f 3113 3115 3124
f 3124 3115 3116
f 3124 3116 3123
f 3123 3116 3117
f 3123 3117 3122
f 3122 3117 3118
f 3122 3118 3121
f 3121 3118 3119
f 3121 3119 3120
f 3135 3125 3134
f 3134 3125 3126
f 3134 3126 3133
f 3133 3126 3127
f 3133 3127 3132
f 3132 3127 3131
f 3131 3127 3130
f 3130 3127 3129
f 3129 3127 3128
f 3136 3137 3139
f 3139 3137 3138
f 3147 3140 3151
f 3151 3140 3141
f 3151 3141 3150
f 3150 3141 3142
f 3150 3142 3149
f 3149 3142 3143
f 3149 3143 3148
f 3148 3143 3158
f 3158 3143 3157
f 3157 3143 3144
f 3157 3144 3156
f 3156 3144 3145
f 3156 3145 3155
f 3155 3145 3154
f 3154 3145 3153
f 3153 3145 3160
f 3153 3160 3152
f 3159 3146 3147
f 3159 3147 3151
f 3162 3198 3161
f 3161 3198 3199
f 3161 3199 3202
f 3202 3199 3200
f 3202 3200 3201
f 3163 3561 3162
f 3162 3561 3562
f 3162 3562 3198
f 3198 3562 3835
f 3198 3835 3836
f 3164 3616 3163
f 3163 3616 3617
f 3163 3617 3561
f 3561 3617 3560
f 3560 3617 3618
f 3560 3618 3553
f 3553 3618 3619
f 3553 3619 3552
f 3552 3619 3386
f 3552 3386 3390
f 3390 3386 3383
f 3390 3383 3389
f 3389 3383 3380
f 3389 3380 3381
f 3165 3416 3164
f 3164 3416 3417
f 3164 3417 3378
f 3378 3417 3418
f 3378 3418 3382
f 3382 3418 3419
f 3382 3419 3420
f 3166 3360 3165
f 3165 3360 3361
f 3165 3361 3362
f 3167 3489 3166
f 3166 3489 3490
f 3166 3490 3481
f 3481 3490 3491
f 3481 3491 3492
f 3168 3173 3167
f 3167 3173 3855
f 3167 3855 3509
f 3509 3855 3508
f 3508 3855 3856
f 3508 3856 3507
f 3507 3856 3857
f 3507 3857 3506
f 3506 3857 3799
f 3506 3799 3242
f 3242 3799 3241
f 3241 3799 3268
f 3241 3268 3269
f 3173 3168 3172
f 3172 3168 3169
f 3172 3169 3171
f 3171 3169 3170
f 3174 3853 3173
f 3173 3853 3854
f 3173 3854 3855
f 3175 3851 3174
f 3174 3851 3852
f 3174 3852 3853
f 3176 3849 3175
f 3175 3849 3850
f 3175 3850 3851
f 3177 3858 3176
f 3176 3858 3847
f 3176 3847 3848
f 3858 3177 3798
f 3798 3177 3178
f 3798 3178 3179
f 3798 3179 3810
f 3810 3179 3180
f 3810 3180 3820
f 3820 3180 3819
f 3819 3180 3817
f 3819 3817 3818
f 3180 3181 3817
f 3817 3181 3816
f 3816 3181 3815
f 3815 3181 3182
f 3815 3182 3814
f 3814 3182 3183
f 3814 3183 3813
f 3813 3183 3226
f 3813 3226 3812
f 3812 3226 3811
f 3811 3226 3227
f 3811 3227 3822
f 3822 3227 3821
f 3821 3227 3810
f 3821 3810 3820
f 3184 3339 3183
f 3183 3339 3233
f 3183 3233 3234
f 3185 3351 3184
f 3184 3351 3352
f 3184 3352 3355
f 3355 3352 3354
f 3354 3352 3353
f 3186 3741 3185
f 3185 3741 3742
f 3185 3742 3737
f 3737 3742 3743
f 3737 3743 3744
f 3187 3756 3186
f 3186 3756 3270
f 3186 3270 3271
f 3188 3278 3187
f 3187 3278 3279
f 3187 3279 3755
f 3755 3279 3280
f 3755 3280 3754
f 3754 3280 3282
f 3754 3282 3790
f 3790 3282 3283
f 3790 3283 3789
f 3789 3283 3205
f 3789 3205 3206
f 3189 3828 3188
f 3188 3828 3829
f 3188 3829 3324
f 3324 3829 3323
f 3323 3829 3322
f 3322 3829 3830
f 3322 3830 3831
f 3828 3189 3827
f 3827 3189 3190
f 3827 3190 3826
f 3826 3190 3825
f 3825 3190 3191
f 3825 3191 3823
f 3823 3191 3834
f 3834 3191 3214
f 3834 3214 3833
f 3833 3214 3299
f 3833 3299 3300
f 3191 3192 3214
f 3214 3192 3224
f 3224 3192 3193
f 3224 3193 3194
f 3224 3194 3844
f 3844 3194 3195
f 3844 3195 3843
f 3843 3195 3842
f 3842 3195 3841
f 3841 3195 3196
f 3841 3196 3840
f 3840 3196 3839
f 3839 3196 3197
f 3839 3197 3838
f 3838 3197 3837
f 3837 3197 3198
f 3837 3198 3836
f 3204 3298 3203
f 3203 3298 3299
f 3203 3299 3215
f 3215 3299 3214
f 3298 3204 3283
f 3283 3204 3205
f 3789 3206 3788
f 3788 3206 3207
f 3788 3207 3208
f 3788 3208 3787
f 3787 3208 3209
f 3787 3209 3796
f 3796 3209 3795
f 3795 3209 3210
f 3795 3210 3794
f 3794 3210 3211
f 3794 3211 3212
f 3794 3212 3545
f 3545 3212 3213
f 3545 3213 3223
f 3223 3213 3222
f 3222 3213 3221
f 3221 3213 3220
f 3220 3213 3219
f 3219 3213 3203
f 3219 3203 3218
f 3218 3203 3217
f 3217 3203 3216
f 3216 3203 3215
f 3223 3224 3545
f 3545 3224 3845
f 3545 3845 3846
f 3226 3183 3225
f 3225 3183 3234
f 3225 3234 3235
f 3810 3227 3809
f 3809 3227 3228
f 3809 3228 3260
f 3260 3228 3231
f 3260 3231 3232
f 3228 3229 3231
f 3231 3229 3230
f 3233 3339 3232
f 3232 3339 3340
f 3232 3340 3260
f 3260 3340 3341
f 3260 3341 3345
f 3345 3341 3344
f 3344 3341 3338
f 3344 3338 3184
f 3184 3338 3339
f 3235 3236 3225
f 3237 3238 3265
f 3265 3238 3264
f 3264 3238 3263
f 3263 3238 3262
f 3262 3238 3261
f 3261 3238 3239
f 3261 3239 3266
f 3266 3239 3269
f 3269 3239 3240
f 3269 3240 3241
f 3506 3242 3587
f 3587 3242 3243
f 3587 3243 3586
f 3586 3243 3763
f 3586 3763 3764
f 3243 3244 3763
f 3763 3244 3245
f 3763 3245 3255
f 3255 3245 3246
f 3255 3246 3254
f 3254 3246 3250
f 3254 3250 3253
f 3253 3250 3251
f 3253 3251 3252
f 3247 3248 3246
f 3246 3248 3249
f 3246 3249 3250
f 3763 3255 3775
f 3775 3255 3256
f 3775 3256 3257
f 3257 3258 3775
f 3775 3258 3259
f 3775 3259 3349
f 3349 3259 3346
f 3349 3346 3347
f 3346 3259 3345
f 3345 3259 3260
f 3261 3267 3260
f 3260 3267 3805
f 3260 3805 3806
f 3266 3267 3261
f 3805 3267 3804
f 3804 3267 3268
f 3804 3268 3799
f 3186 3271 3740
f 3740 3271 3272
f 3740 3272 3750
f 3750 3272 3749
f 3749 3272 3779
f 3749 3779 3774
f 3774 3779 3773
f 3773 3779 3772
f 3772 3779 3771
f 3771 3779 3780
f 3771 3780 3770
f 3770 3780 3769
f 3769 3780 3781
f 3769 3781 3764
f 3764 3781 3782
f 3764 3782 3783
f 3272 3273 3779
f 3779 3273 3276
f 3779 3276 3778
f 3778 3276 3753
f 3778 3753 3790
f 3790 3753 3754
f 3273 3274 3276
f 3276 3274 3275
f 3276 3277 3753
f 3753 3277 3752
f 3752 3277 3270
f 3752 3270 3761
f 3761 3270 3760
f 3760 3270 3757
f 3760 3757 3758
f 3280 3281 3282
f 3284 3294 3283
f 3283 3294 3295
f 3283 3295 3296
f 3294 3284 3293
f 3293 3284 3285
f 3293 3285 3329
f 3329 3285 3328
f 3328 3285 3278
f 3328 3278 3327
f 3327 3278 3326
f 3326 3278 3188
f 3326 3188 3325
f 3325 3188 3324
f 3287 3288 3286
f 3286 3288 3337
f 3337 3288 3336
f 3336 3288 3335
f 3335 3288 3334
f 3334 3288 3333
f 3333 3288 3332
f 3332 3288 3331
f 3331 3288 3330
f 3330 3288 3289
f 3330 3289 3290
f 3290 3291 3330
f 3330 3291 3329
f 3329 3291 3292
f 3329 3292 3293
f 3296 3297 3283
f 3283 3297 3298
f 3833 3300 3832
f 3832 3300 3301
f 3832 3301 3302
f 3302 3303 3832
f 3832 3303 3831
f 3831 3303 3320
f 3831 3320 3321
f 3320 3303 3319
f 3319 3303 3304
f 3319 3304 3318
f 3318 3304 3317
f 3317 3304 3316
f 3316 3304 3305
f 3316 3305 3315
f 3315 3305 3306
f 3315 3306 3307
f 3307 3308 3315
f 3315 3308 3309
f 3315 3309 3310
f 3310 3311 3315
f 3315 3311 3312
f 3315 3312 3314
f 3314 3312 3313
f 3321 3322 3831
f 3342 3343 3357
f 3357 3343 3356
f 3356 3343 3184
f 3356 3184 3355
f 3343 3344 3184
f 3347 3348 3349
f 3349 3350 3775
f 3775 3350 3734
f 3775 3734 3735
f 3734 3350 3733
f 3733 3350 3351
f 3733 3351 3732
f 3732 3351 3185
f 3732 3185 3731
f 3731 3185 3738
f 3731 3738 3730
f 3730 3738 3739
f 3359 3166 3358
f 3358 3166 3482
f 3358 3482 3483
f 3359 3360 3166
f 3362 3363 3165
f 3165 3363 3364
f 3165 3364 3433
f 3433 3364 3432
f 3432 3364 3365
f 3432 3365 3431
f 3431 3365 3366
f 3431 3366 3430
f 3430 3366 3367
f 3430 3367 3368
f 3358 3483 3368
f 3368 3483 3465
f 3368 3465 3429
f 3429 3465 3466
f 3429 3466 3428
f 3428 3466 3467
f 3428 3467 3427
f 3427 3467 3468
f 3427 3468 3426
f 3426 3468 3452
f 3426 3452 3425
f 3425 3452 3424
f 3424 3452 3423
f 3423 3452 3422
f 3422 3452 3453
f 3422 3453 3421
f 3421 3453 3454
f 3421 3454 3455
f 3369 3370 3376
f 3376 3370 3375
f 3375 3370 3501
f 3375 3501 3374
f 3374 3501 3502
f 3374 3502 3503
f 3371 3495 3370
f 3370 3495 3496
f 3370 3496 3500
f 3500 3496 3499
f 3499 3496 3498
f 3498 3496 3497
f 3372 3461 3371
f 3371 3461 3462
f 3371 3462 3463
f 3373 3396 3372
f 3372 3396 3387
f 3372 3387 3388
f 3374 3399 3373
f 3373 3399 3400
f 3373 3400 3395
f 3395 3400 3401
f 3395 3401 3394
f 3394 3401 3710
f 3394 3710 3551
f 3551 3710 3711
f 3551 3711 3688
f 3688 3711 3713
f 3688 3713 3714
f 3377 3378 3382
f 3378 3379 3164
f 3164 3379 3605
f 3164 3605 3606
f 3380 3620 3379
f 3379 3620 3621
f 3379 3621 3622
f 3382 3420 3381
f 3381 3420 3455
f 3381 3455 3456
f 3383 3384 3380
f 3380 3384 3385
f 3380 3385 3620
f 3620 3385 3619
f 3619 3385 3386
f 3389 3381 3388
f 3388 3381 3456
f 3388 3456 3457
f 3391 3393 3390
f 3390 3393 3551
f 3390 3551 3552
f 3391 3392 3393
f 3393 3394 3551
f 3395 3396 3373
f 3396 3397 3387
f 3387 3397 3398
f 3402 3718 3401
f 3401 3718 3709
f 3401 3709 3710
f 3718 3402 3405
f 3405 3402 3403
f 3405 3403 3404
f 3405 3406 3718
f 3718 3406 3630
f 3718 3630 3717
f 3717 3630 3631
f 3717 3631 3728
f 3728 3631 3632
f 3728 3632 3727
f 3727 3632 3726
f 3726 3632 3633
f 3726 3633 3725
f 3725 3633 3624
f 3725 3624 3724
f 3724 3624 3846
f 3724 3846 3690
f 3690 3846 3835
f 3690 3835 3558
f 3558 3835 3562
f 3558 3562 3557
f 3557 3562 3554
f 3557 3554 3555
f 3630 3406 3565
f 3565 3406 3407
f 3565 3407 3564
f 3564 3407 3374
f 3564 3374 3563
f 3563 3374 3588
f 3563 3588 3589
f 3407 3408 3374
f 3374 3408 3399
f 3408 3409 3399
f 3399 3409 3410
f 3411 3412 3446
f 3446 3412 3445
f 3445 3412 3413
f 3445 3413 3414
f 3445 3414 3444
f 3444 3414 3415
f 3444 3415 3443
f 3443 3415 3435
f 3443 3435 3442
f 3442 3435 3441
f 3441 3435 3436
f 3441 3436 3437
f 3435 3415 3434
f 3434 3415 3416
f 3434 3416 3165
f 3420 3421 3455
f 3429 3430 3368
f 3433 3434 3165
f 3437 3438 3441
f 3441 3438 3439
f 3441 3439 3440
f 3447 3448 3480
f 3480 3448 3479
f 3479 3448 3449
f 3479 3449 3450
f 3479 3450 3478
f 3478 3450 3451
f 3478 3451 3477
f 3477 3451 3469
f 3477 3469 3476
f 3476 3469 3475
f 3475 3469 3470
f 3475 3470 3471
f 3469 3451 3468
f 3468 3451 3452
f 3388 3457 3372
f 3372 3457 3458
f 3372 3458 3459
f 3459 3460 3372
f 3372 3460 3461
f 3463 3464 3371
f 3371 3464 3487
f 3371 3487 3488
f 3465 3483 3464
f 3464 3483 3484
f 3464 3484 3487
f 3487 3484 3485
f 3487 3485 3486
f 3471 3472 3475
f 3475 3472 3473
f 3475 3473 3474
f 3481 3482 3166
f 3489 3494 3488
f 3488 3494 3495
f 3488 3495 3371
f 3494 3514 3493
f 3493 3514 3520
f 3493 3520 3521
f 3500 3501 3370
f 3503 3504 3374
f 3374 3504 3588
f 3588 3504 3587
f 3587 3504 3505
f 3587 3505 3506
f 3167 3509 3489
f 3489 3509 3510
f 3489 3510 3511
f 3511 3512 3489
f 3489 3512 3513
f 3489 3513 3494
f 3494 3513 3514
f 3514 3515 3520
f 3520 3515 3516
f 3520 3516 3517
f 3517 3518 3520
f 3520 3518 3519
f 3521 3522 3493
f 3493 3522 3534
f 3534 3522 3523
f 3534 3523 3524
f 3524 3525 3534
f 3534 3525 3526
f 3534 3526 3527
f 3527 3528 3534
f 3534 3528 3529
f 3534 3529 3530
f 3530 3531 3534
f 3534 3531 3532
f 3534 3532 3533
f 3536 3669 3535
f 3535 3669 3670
f 3535 3670 3550
f 3550 3670 3671
f 3550 3671 3549
f 3549 3671 3672
f 3549 3672 3581
f 3581 3672 3673
f 3581 3673 3580
f 3580 3673 3674
f 3580 3674 3675
f 3536 3537 3669
f 3669 3537 3668
f 3668 3537 3652
f 3668 3652 3653
f 3537 3538 3652
f 3652 3538 3651
f 3651 3538 3539
f 3651 3539 3540
f 3541 3846 3540
f 3540 3846 3647
f 3540 3647 3648
f 3846 3541 3544
f 3544 3541 3542
f 3544 3542 3543
f 3544 3545 3846
f 3545 3546 3794
f 3794 3546 3793
f 3793 3546 3784
f 3793 3784 3785
f 3547 3583 3546
f 3546 3583 3584
f 3546 3584 3585
f 3583 3547 3582
f 3582 3547 3548
f 3582 3548 3581
f 3581 3548 3549
f 3560 3553 3559
f 3559 3553 3554
f 3559 3554 3562
f 3555 3556 3557
f 3551 3688 3558
f 3558 3688 3689
f 3558 3689 3690
f 3565 3566 3630
f 3630 3566 3629
f 3629 3566 3569
f 3629 3569 3676
f 3676 3569 3570
f 3676 3570 3675
f 3675 3570 3579
f 3675 3579 3580
f 3566 3567 3569
f 3569 3567 3568
f 3563 3576 3570
f 3570 3576 3577
f 3570 3577 3578
f 3571 3572 3604
f 3604 3572 3603
f 3603 3572 3573
f 3603 3573 3574
f 3603 3574 3602
f 3602 3574 3575
f 3602 3575 3601
f 3601 3575 3593
f 3601 3593 3600
f 3600 3593 3599
f 3599 3593 3594
f 3599 3594 3595
f 3593 3575 3592
f 3592 3575 3576
f 3592 3576 3563
f 3578 3579 3570
f 3585 3586 3546
f 3546 3586 3764
f 3546 3764 3783
f 3589 3590 3563
f 3563 3590 3591
f 3563 3591 3592
f 3595 3596 3599
f 3599 3596 3597
f 3599 3597 3598
f 3607 3611 3606
f 3606 3611 3612
f 3606 3612 3164
f 3164 3612 3613
f 3164 3613 3614
f 3611 3607 3610
f 3610 3607 3608
f 3610 3608 3609
f 3614 3615 3164
f 3164 3615 3616
f 3622 3623 3379
f 3379 3623 3605
f 3624 3625 3846
f 3846 3625 3646
f 3846 3646 3647
f 3626 3627 3625
f 3625 3627 3644
f 3625 3644 3645
f 3644 3627 3643
f 3643 3627 3628
f 3643 3628 3642
f 3642 3628 3678
f 3642 3678 3641
f 3641 3678 3640
f 3640 3678 3679
f 3640 3679 3639
f 3639 3679 3638
f 3638 3679 3637
f 3637 3679 3680
f 3637 3680 3681
f 3628 3629 3678
f 3678 3629 3677
f 3677 3629 3676
f 3633 3634 3624
f 3686 3635 3684
f 3684 3635 3636
f 3684 3636 3637
f 3645 3646 3625
f 3648 3649 3540
f 3540 3649 3650
f 3540 3650 3651
f 3654 3665 3653
f 3653 3665 3666
f 3653 3666 3667
f 3665 3654 3664
f 3664 3654 3655
f 3664 3655 3656
f 3656 3657 3664
f 3664 3657 3658
f 3664 3658 3659
f 3660 3661 3659
f 3659 3661 3662
f 3659 3662 3663
f 3663 3664 3659
f 3667 3668 3653
f 3681 3682 3637
f 3637 3682 3683
f 3637 3683 3684
f 3684 3685 3686
f 3687 3688 3715
f 3715 3688 3714
f 3724 3690 3723
f 3723 3690 3691
f 3723 3691 3722
f 3722 3691 3721
f 3721 3691 3701
f 3721 3701 3702
f 3691 3692 3701
f 3701 3692 3700
f 3700 3692 3694
f 3700 3694 3696
f 3696 3694 3695
f 3692 3693 3694
f 3696 3697 3700
f 3700 3697 3698
f 3700 3698 3699
f 3703 3719 3702
f 3702 3719 3720
f 3702 3720 3721
f 3703 3704 3719
f 3719 3704 3705
f 3719 3705 3706
f 3706 3707 3719
f 3719 3707 3708
f 3719 3708 3709
f 3711 3712 3713
f 3716 3717 3729
f 3729 3717 3728
f 3718 3719 3709
f 3736 3746 3735
f 3735 3746 3747
f 3735 3747 3748
f 3737 3744 3736
f 3736 3744 3745
f 3736 3745 3746
f 3737 3738 3185
f 3740 3741 3186
f 3748 3749 3735
f 3735 3749 3774
f 3735 3774 3775
f 3762 3751 3761
f 3761 3751 3752
f 3755 3756 3187
f 3756 3757 3270
f 3758 3759 3760
f 3765 3766 3764
f 3764 3766 3767
f 3764 3767 3768
f 3768 3769 3764
f 3777 3791 3776
f 3776 3791 3792
f 3776 3792 3785
f 3785 3792 3793
f 3791 3777 3790
f 3790 3777 3778
f 3783 3784 3546
f 3786 3787 3797
f 3797 3787 3796
f 3858 3798 3857
f 3857 3798 3799
f 3800 3801 3799
f 3799 3801 3802
f 3799 3802 3803
f 3803 3804 3799
f 3806 3807 3260
f 3260 3807 3808
f 3260 3808 3809
f 3823 3824 3825
f 3844 3845 3224
f 3848 3849 3176
f 3860 3861 3859
f 3859 3861 3870
f 3870 3861 3862
f 3870 3862 3869
f 3869 3862 3863
f 3869 3863 3868
f 3868 3863 3864
f 3868 3864 3867
f 3867 3864 3865
f 3867 3865 3866
f 3872 3876 3871
f 3871 3876 3877
f 3871 3877 3880
f 3880 3877 3878
f 3880 3878 3879
f 3876 3872 3875
f 3875 3872 3873
f 3875 3873 3874
f 3881 3882 3884
f 3884 3882 3883
f 3885 3886 3887
f 3888 3889 3905
f 3905 3889 3904
f 3904 3889 3890
f 3904 3890 3903
f 3903 3890 3891
f 3903 3891 3902
f 3902 3891 3892
f 3902 3892 3901
f 3901 3892 3893
f 3901 3893 3900
f 3900 3893 3894
f 3900 3894 3899
f 3899 3894 3895
f 3899 3895 3898
f 3898 3895 3896
f 3898 3896 3897
f 3940 3906 3941
f 3941 3906 3907
f 3941 3907 3970
f 3970 3907 3908
f 3970 3908 3969
f 3969 3908 3909
f 3969 3909 3968
f 3968 3909 3910
f 3968 3910 3967
f 3967 3910 3911
f 3967 3911 3966
f 3966 3911 3912
f 3966 3912 3965
f 3965 3912 3913
f 3965 3913 3964
f 3964 3913 3914
f 3964 3914 3963
f 3963 3914 3915
f 3963 3915 3962
f 3962 3915 3916
f 3962 3916 3961
f 3961 3916 3917
f 3961 3917 3918
f 3918 3919 3961
f 3961 3919 3960
f 3960 3919 3920
f 3960 3920 3959
f 3959 3920 3921
f 3959 3921 3958
f 3958 3921 3922
f 3958 3922 3923
f 3958 3923 3957
f 3957 3923 3924
f 3957 3924 3956
f 3956 3924 3972
f 3971 3925 3926
f 3971 3926 3955
f 3955 3926 3927
f 3955 3927 3954
f 3954 3927 3928
f 3954 3928 3953
f 3953 3928 3929
f 3953 3929 3952
f 3952 3929 3930
f 3952 3930 3951
f 3951 3930 3931
f 3951 3931 3950
f 3950 3931 3932
f 3950 3932 3949
f 3949 3932 3933
f 3949 3933 3948
f 3948 3933 3934
f 3948 3934 3947
f 3947 3934 3935
f 3947 3935 3946
f 3946 3935 3936
f 3946 3936 3945
f 3945 3936 3937
f 3945 3937 3944
f 3944 3937 3938
f 3944 3938 3943
f 3943 3938 3939
f 3943 3939 3942
f 3942 3939 3940
f 3942 3940 3941
f 3973 3974 3981
f 3981 3974 3985
f 3981 3985 3986
f 3974 3975 3985
f 3985 3975 3984
f 3984 3975 3977
f 3984 3977 3983
f 3983 3977 3978
f 3983 3978 3982
f 3982 3978 3979
f 3982 3979 3980
f 3975 3976 3977
f 3982 3980 3986
f 3986 3980 3981
f 3987 3988 3994
f 3994 3988 3989
f 3994 3989 3990
f 3991 3992 3990
f 3990 3992 3993
f 3990 3993 3994
f 3995 3996 4002
f 4002 3996 3997
f 4002 3997 3998
f 3999 4000 3998
f 3998 4000 4001
f 3998 4001 4002
f 4004 4062 4003
f 4003 4062 4033
f 4003 4033 4034
f 4062 4004 4061
f 4061 4004 4005
f 4061 4005 4060
f 4060 4005 4006
f 4060 4006 4059
f 4059 4006 4007
f 4059 4007 4058
f 4058 4007 4008
f 4058 4008 4057
f 4057 4008 4009
f 4057 4009 4056
f 4056 4009 4010
f 4056 4010 4011
f 4056 4011 4055
f 4055 4011 4012
f 4055 4012 4054
f 4054 4012 4013
f 4054 4013 4053
f 4053 4013 4014
f 4053 4014 4052
f 4052 4014 4015
f 4052 4015 4051
f 4051 4015 4016
f 4051 4016 4050
f 4050 4016 4017
f 4050 4017 4049
f 4049 4017 4018
f 4049 4018 4048
f 4048 4018 4047
f 4047 4018 4019
f 4047 4019 4046
f 4046 4019 4020
f 4046 4020 4045
f 4045 4020 4021
f 4045 4021 4044
f 4044 4021 4022
f 4044 4022 4043
f 4043 4022 4023
f 4043 4023 4042
f 4042 4023 4024
f 4042 4024 4041
f 4041 4024 4025
f 4041 4025 4026
f 4041 4026 4040
f 4040 4026 4027
f 4040 4027 4039
f 4039 4027 4028
f 4039 4028 4038
f 4038 4028 4029
f 4038 4029 4037
f 4037 4029 4030
f 4037 4030 4036
f 4036 4030 4031
f 4036 4031 4035
f 4035 4031 4032
f 4035 4032 4034
f 4034 4032 4003
f 4064 4065 4063
f 4063 4065 4066
f 4067 4068 4076
f 4076 4068 4075
f 4075 4068 4069
f 4075 4069 4074
f 4074 4069 4070
f 4074 4070 4073
f 4073 4070 4071
f 4073 4071 4072
f 4077 4078 4080
f 4080 4078 4079
f 4081 4082 4084
f 4084 4082 4083
f 4085 4086 4096
f 4096 4086 4095
f 4095 4086 4087
f 4095 4087 4094
f 4094 4087 4088
f 4094 4088 4093
f 4093 4088 4089
f 4093 4089 4090
f 4091 4092 4090
f 4090 4092 4093
f 4129 4097 4139
f 4139 4097 4098
f 4139 4098 4138
f 4138 4098 4099
f 4138 4099 4137
f 4137 4099 4100
f 4137 4100 4101
f 4137 4101 4136
f 4136 4101 4102
f 4136 4102 4135
f 4135 4102 4103
f 4135 4103 4134
f 4134 4103 4104
f 4134 4104 4133
f 4133 4104 4105
f 4133 4105 4132
f 4132 4105 4106
f 4132 4106 4131
f 4131 4106 4107
f 4131 4107 4130
f 4130 4107 4108
f 4130 4108 4159
f 4159 4108 4109
f 4159 4109 4158
f 4158 4109 4110
f 4158 4110 4157
f 4157 4110 4111
f 4157 4111 4156
f 4156 4111 4112
f 4156 4112 4155
f 4155 4112 4113
f 4155 4113 4154
f 4154 4113 4114
f 4154 4114 4153
f 4153 4114 4115
f 4153 4115 4152
f 4152 4115 4116
f 4152 4116 4151
f 4151 4116 4117
f 4151 4117 4150
f 4150 4117 4118
f 4150 4118 4149
f 4149 4118 4119
f 4149 4119 4148
f 4148 4119 4120
f 4148 4120 4147
f 4147 4120 4121
f 4147 4121 4146
f 4146 4121 4160
f 4146 4160 4145
f 4161 4122 4123
f 4161 4123 4144
f 4144 4123 4124
f 4144 4124 4143
f 4143 4124 4125
f 4143 4125 4126
f 4143 4126 4142
f 4142 4126 4127
f 4142 4127 4141
f 4141 4127 4128
f 4141 4128 4140
f 4140 4128 4129
f 4140 4129 4139
f 4163 4164 4162
f 4162 4164 4232
f 4232 4164 4231
f 4231 4164 4238
f 4231 4238 4239
f 4238 4164 4169
f 4169 4164 4165
f 4169 4165 4168
f 4168 4165 4167
f 4167 4165 4166
f 4238 4169 4242
f 4242 4169 4170
f 4242 4170 4241
f 4241 4170 4171
f 4241 4171 4240
f 4240 4171 4176
f 4240 4176 4177
f 4176 4171 4175
f 4175 4171 4172
f 4175 4172 4173
f 4173 4174 4175
f 4177 4178 4240
f 4240 4178 4243
f 4240 4243 4239
f 4239 4243 4252
f 4239 4252 4236
f 4236 4252 4235
f 4235 4252 4210
f 4235 4210 4211
f 4178 4179 4243
f 4243 4179 4247
f 4247 4179 4180
f 4247 4180 4185
f 4185 4180 4181
f 4185 4181 4184
f 4184 4181 4183
f 4183 4181 4182
f 4247 4185 4246
f 4246 4185 4186
f 4246 4186 4245
f 4245 4186 4187
f 4245 4187 4244
f 4244 4187 4192
f 4244 4192 4193
f 4192 4187 4191
f 4191 4187 4188
f 4191 4188 4189
f 4189 4190 4191
f 4244 4193 4243
f 4243 4193 4194
f 4243 4194 4251
f 4251 4194 4195
f 4251 4195 4196
f 4251 4196 4201
f 4201 4196 4197
f 4201 4197 4200
f 4200 4197 4199
f 4199 4197 4198
f 4251 4201 4250
f 4250 4201 4202
f 4250 4202 4249
f 4249 4202 4203
f 4249 4203 4248
f 4248 4203 4208
f 4248 4208 4252
f 4252 4208 4209
f 4252 4209 4210
f 4208 4203 4207
f 4207 4203 4204
f 4207 4204 4205
f 4205 4206 4207
f 4211 4212 4235
f 4235 4212 4234
f 4234 4212 4217
f 4234 4217 4218
f 4212 4213 4217
f 4217 4213 4216
f 4216 4213 4215
f 4215 4213 4214
f 4219 4237 4218
f 4218 4237 4233
f 4218 4233 4234
f 4220 4223 4219
f 4219 4223 4224
f 4219 4224 4228
f 4228 4224 4227
f 4227 4224 4226
f 4226 4224 4225
f 4220 4221 4223
f 4223 4221 4222
f 4229 4236 4228
f 4228 4236 4237
f 4228 4237 4219
f 4236 4229 4239
f 4239 4229 4230
f 4239 4230 4231
f 4251 4252 4243
f 4253 4254 4256
f 4256 4254 4255
f 4257 4258 4260
f 4260 4258 4259
f 4261 4262 4274
f 4274 4262 4273
f 4273 4262 4272
f 4272 4262 4270
f 4272 4270 4271
f 4262 4263 4270
f 4270 4263 4269
f 4269 4263 4267
f 4269 4267 4268
f 4264 4265 4263
f 4263 4265 4266
f 4263 4266 4267
f 4276 4277 4275
f 4275 4277 4278
f 4280 4283 4279
f 4279 4283 4284
f 4279 4284 4289
f 4289 4284 4285
f 4289 4285 4288
f 4288 4285 4286
f 4288 4286 4287
f 4281 4282 4280
f 4280 4282 4283
f 4290 4291 4293
f 4293 4291 4292
f 4294 4295 4304
f 4304 4295 4303
f 4303 4295 4302
f 4302 4295 4301
f 4301 4295 4300
f 4300 4295 4299
f 4299 4295 4296
f 4299 4296 4298
f 4298 4296 4297
f 4305 4306 4322
f 4322 4306 4321
f 4321 4306 4307
f 4321 4307 4320
f 4320 4307 4308
f 4320 4308 4319
f 4319 4308 4309
f 4319 4309 4318
f 4318 4309 4310
f 4318 4310 4317
f 4317 4310 4311
f 4317 4311 4316
f 4316 4311 4312
f 4316 4312 4313
f 4314 4315 4313
f 4313 4315 4316
f 4324 4335 4323
f 4323 4335 4336
f 4323 4336 4337
f 4325 4333 4324
f 4324 4333 4334
f 4324 4334 4335
f 4326 4331 4325
f 4325 4331 4332
f 4325 4332 4333
f 4327 4329 4326
f 4326 4329 4330
f 4326 4330 4331
f 4327 4328 4329
f 4337 4338 4323
f 4339 4340 4348
f 4348 4340 4347
f 4347 4340 4341
f 4347 4341 4346
f 4346 4341 4342
f 4346 4342 4345
f 4345 4342 4343
f 4345 4343 4344
f 4350 4354 4349
f 4349 4354 4355
f 4349 4355 4353
f 4353 4355 4359
f 4353 4359 4352
f 4360 4356 4357
f 4360 4357 4351
f 4351 4357 4358
f 4351 4358 4350
f 4350 4358 4354
f 4361 4362 4364
f 4364 4362 4363
f 4365 4366 4370
f 4370 4366 4367
f 4370 4367 4368
f 4368 4369 4370
f 4371 4372 4378
f 4378 4372 4373
f 4378 4373 4374
f 4375 4376 4374
f 4374 4376 4377
f 4374 4377 4378
f 4379 4380 4386
f 4386 4380 4381
f 4386 4381 4382
f 4383 4384 4382
f 4382 4384 4385
f 4382 4385 4386
f 4388 4389 4387
f 4387 4389 4390
f 4391 4392 4398
f 4398 4392 4393
f 4398 4393 4394
f 4395 4396 4394
f 4394 4396 4397
f 4394 4397 4398
f 4399 4400 4408
f 4408 4400 4407
f 4407 4400 4401
f 4407 4401 4406
f 4406 4401 4402
f 4406 4402 4405
f 4405 4402 4403
f 4405 4403 4404
f 4409 4410 4418
f 4418 4410 4417
f 4417 4410 4411
f 4417 4411 4416
f 4416 4411 4412
f 4416 4412 4415
f 4415 4412 4413
f 4415 4413 4414
f 4419 4420 4422
f 4422 4420 4421
f 4423 4424 4426
f 4426 4424 4425
f 4428 4432 4427
f 4427 4432 4433
f 4427 4433 4431
f 4431 4433 4437
f 4431 4437 4430
f 4438 4434 4435
f 4438 4435 4429
f 4429 4435 4436
f 4429 4436 4428
f 4428 4436 4432
f 4439 4440 4442
f 4442 4440 4441
f 4443 4444 4446
f 4446 4444 4445
f 4448 4449 4447
f 4447 4449 4450
f 4456 4451 4455
f 4455 4451 4452
f 4455 4452 4453
f 4453 4454 4455
f 4457 4458 4464
f 4464 4458 4459
f 4464 4459 4460
f 4461 4462 4460
f 4460 4462 4463
f 4460 4463 4464
f 4465 4466 4468
f 4468 4466 4467
f 4470 4471 4469
f 4469 4471 4472
f 4473 4474 4482
f 4482 4474 4481
f 4481 4474 4475
f 4481 4475 4480
f 4480 4475 4476
f 4480 4476 4479
f 4479 4476 4477
f 4479 4477 4478
f 4483 4484 4486
f 4486 4484 4485
f 4487 4488 4490
f 4490 4488 4489
f 4491 4492 4494
f 4494 4492 4493
f 4496 4500 4495
f 4495 4500 4501
f 4495 4501 4499
f 4499 4501 4505
f 4499 4505 4498
f 4506 4502 4503
f 4506 4503 4497
f 4497 4503 4504
f 4497 4504 4496
f 4496 4504 4500
f 4507 4508 4510
f 4510 4508 4509
f 4511 4512 4514
f 4514 4512 4513
f 4523 4515 4525
f 4525 4515 4516
f 4525 4516 4524
f 4524 4516 4517
f 4524 4517 4528
f 4528 4517 4518
f 4528 4518 4519
f 4528 4519 4527
f 4527 4519 4520
f 4527 4520 4521
f 4527 4521 4526
f 4526 4521 4522
f 4526 4522 4523
f 4526 4523 4525
f 4529 4530 4537
f 4537 4530 4538
f 4537 4538 4536
f 4536 4538 4539
f 4536 4539 4535
f 4535 4539 4540
f 4535 4540 4534
f 4534 4540 4533
f 4533 4540 4541
f 4533 4541 4532
f 4532 4541 4531
f 4531 4541 4542
f 4531 4542 4530
f 4530 4542 4538
f 4544 4548 4543
f 4543 4548 4549
f 4543 4549 4547
f 4547 4549 4553
f 4547 4553 4546
f 4554 4550 4551
f 4554 4551 4545
f 4545 4551 4552
f 4545 4552 4544
f 4544 4552 4548
f 4555 4556 4562
f 4562 4556 4557
f 4562 4557 4558
f 4559 4560 4558
f 4558 4560 4561
f 4558 4561 4562
f 4563 4564 4566
f 4566 4564 4565
f 4567 4568 4576
f 4576 4568 4575
f 4575 4568 4569
f 4575 4569 4574
f 4574 4569 4570
f 4574 4570 4573
f 4573 4570 4571
f 4573 4571 4572
f 4577 4578 4580
f 4580 4578 4579
f 4582 4598 4581
f 4581 4598 4599
f 4581 4599 4600
f 4598 4582 4597
f 4597 4582 4583
f 4597 4583 4596
f 4596 4583 4584
f 4596 4584 4585
f 4586 4594 4585
f 4585 4594 4595
f 4585 4595 4596
f 4586 4587 4594
f 4594 4587 4593
f 4593 4587 4588
f 4593 4588 4592
f 4592 4588 4602
f 4602 4588 4589
f 4602 4589 4590
f 4602 4590 4601
f 4601 4590 4591
f 4601 4591 4600
f 4600 4591 4581
f 4603 4604 4606
f 4606 4604 4605
f 4607 4608 4622
f 4622 4608 4621
f 4621 4608 4609
f 4621 4609 4620
f 4620 4609 4610
f 4620 4610 4619
f 4619 4610 4611
f 4619 4611 4618
f 4618 4611 4612
f 4618 4612 4617
f 4617 4612 4613
f 4617 4613 4616
f 4616 4613 4614
f 4616 4614 4615
f 4623 4624 4626
f 4626 4624 4625
f 4627 4628 4630
f 4630 4628 4629
f 4631 4632 4634
f 4634 4632 4633
f 4646 4635 4645
f 4645 4635 4636
f 4645 4636 4644
f 4644 4636 4637
f 4644 4637 4643
f 4643 4637 4638
f 4643 4638 4642
f 4642 4638 4641
f 4641 4638 4639
f 4641 4639 4640
f 4647 4648 4650
f 4650 4648 4649
f 4651 4652 4654
f 4654 4652 4653
f 4655 4656 4664
f 4664 4656 4663
f 4663 4656 4657
f 4663 4657 4662
f 4662 4657 4658
f 4662 4658 4661
f 4661 4658 4659
f 4661 4659 4660
f 4673 4665 4676
f 4676 4665 4666
f 4676 4666 4675
f 4675 4666 4667
f 4675 4667 4674
f 4674 4667 4669
f 4674 4669 4670
f 4667 4668 4669
f 4674 4670 4678
f 4678 4670 4671
f 4678 4671 4677
f 4677 4671 4672
f 4677 4672 4673
f 4677 4673 4676
f 4688 4679 4687
f 4687 4679 4680
f 4687 4680 4686
f 4686 4680 4681
f 4686 4681 4685
f 4685 4681 4682
f 4685 4682 4684
f 4684 4682 4683
f 4689 4690 4696
f 4696 4690 4691
f 4696 4691 4692
f 4693 4694 4692
f 4692 4694 4695
f 4692 4695 4696
f 4706 4697 4705
f 4705 4697 4698
f 4705 4698 4704
f 4704 4698 4699
f 4704 4699 4703
f 4703 4699 4700
f 4703 4700 4702
f 4702 4700 4701
f 4708 4709 4707
f 4707 4709 4710
f 4711 4712 4714
f 4714 4712 4713
f 4715 4716 4724
f 4724 4716 4723
f 4723 4716 4717
f 4723 4717 4722
f 4722 4717 4718
f 4722 4718 4721
f 4721 4718 4719
f 4721 4719 4720
f 4725 4726 4728
f 4728 4726 4727
f 4730 4746 4729
f 4729 4746 4747
f 4729 4747 4748
f 4746 4730 4745
f 4745 4730 4731
f 4745 4731 4744
f 4744 4731 4732
f 4744 4732 4733
f 4734 4742 4733
f 4733 4742 4743
f 4733 4743 4744
f 4734 4735 4742
f 4742 4735 4741
f 4741 4735 4736
f 4741 4736 4740
f 4740 4736 4750
f 4750 4736 4737
f 4750 4737 4738
f 4750 4738 4749
f 4749 4738 4739
f 4749 4739 4748
f 4748 4739 4729
f 4751 4752 4760
f 4760 4752 4759
f 4759 4752 4753
f 4759 4753 4758
f 4758 4753 4754
f 4758 4754 4757
f 4757 4754 4755
f 4757 4755 4756
f 4761 4762 4764
f 4764 4762 4763
f 4765 4766 4774
f 4774 4766 4773
f 4773 4766 4767
f 4773 4767 4772
f 4772 4767 4768
f 4772 4768 4771
f 4771 4768 4769
f 4771 4769 4770
f 4775 4776 4784
f 4784 4776 4783
f 4783 4776 4777
f 4783 4777 4782
f 4782 4777 4778
f 4782 4778 4781
f 4781 4778 4779
f 4781 4779 4780
f 4785 4786 4788
f 4788 4786 4787
f 4789 4790 4792
f 4792 4790 4791
f 4793 4794 4802
f 4802 4794 4801
f 4801 4794 4795
f 4801 4795 4800
f 4800 4795 4796
f 4800 4796 4799
f 4799 4796 4797
f 4799 4797 4798
f 4803 4804 4814
f 4814 4804 4813
f 4813 4804 4812
f 4812 4804 4805
f 4812 4805 4811
f 4811 4805 4824
f 4811 4824 4825
f 4824 4805 4823
f 4823 4805 4806
f 4823 4806 4822
f 4822 4806 4821
f 4821 4806 4807
f 4821 4807 4820
f 4820 4807 4819
f 4819 4807 4808
f 4819 4808 4818
f 4818 4808 4817
f 4817 4808 4809
f 4817 4809 4816
f 4816 4809 4815
f 4815 4809 4810
f 4815 4810 4826
f 4826 4810 4825
f 4825 4810 4811
f 4827 4828 4830
f 4830 4828 4829
f 4831 4832 4834
f 4834 4832 4833
f 4835 4836 4838
f 4838 4836 4837
f 4839 4840 4842
f 4842 4840 4841
f 4843 4844 4846
f 4846 4844 4845
f 4847 4848 4850
f 4850 4848 4849
f 4851 4852 4860
f 4860 4852 4859
f 4859 4852 4853
f 4859 4853 4858
f 4858 4853 4854
f 4858 4854 4857
f 4857 4854 4855
f 4857 4855 4856
f 4861 4862 4864
f 4864 4862 4863
f 4865 4866 4874
f 4874 4866 4873
f 4873 4866 4867
f 4873 4867 4872
f 4872 4867 4868
f 4872 4868 4871
f 4871 4868 4869
f 4871 4869 4870
f 4875 4876 4903
f 4903 4876 4877
f 4903 4877 4878
f 4903 4878 4902
f 4902 4878 4879
f 4902 4879 4901
f 4901 4879 4900
f 4900 4879 4880
f 4900 4880 4899
f 4899 4880 4898
f 4898 4880 4894
f 4898 4894 4897
f 4897 4894 4896
f 4896 4894 4895
f 4894 4880 4893
f 4893 4880 4881
f 4893 4881 4892
f 4892 4881 4882
f 4892 4882 4883
f 4892 4883 4891
f 4891 4883 4884
f 4891 4884 4890
f 4890 4884 4889
f 4889 4884 4888
f 4888 4884 4887
f 4887 4884 4886
f 4886 4884 4885
f 4913 4904 4912
f 4912 4904 4905
f 4912 4905 4911
f 4911 4905 4906
f 4911 4906 4910
f 4910 4906 4907
f 4910 4907 4909
f 4909 4907 4908
f 4914 4915 4931
f 4931 4915 4930
f 4930 4915 4916
f 4930 4916 4929
f 4929 4916 4917
f 4929 4917 4928
f 4928 4917 4918
f 4928 4918 4927
f 4927 4918 4919
f 4927 4919 4926
f 4926 4919 4920
f 4926 4920 4925
f 4925 4920 4921
f 4925 4921 4924
f 4924 4921 4922
f 4924 4922 4923
f 4932 4933 4935
f 4935 4933 4934
f 4936 4937 4939
f 4939 4937 4938
f 4951 4940 4943
f 4943 4940 4941
f 4943 4941 4942
f 4943 4944 4951
f 4951 4944 4950
f 4950 4944 4945
f 4950 4945 4949
f 4949 4945 4946
f 4949 4946 4947
f 4947 4948 4949
f 4952 4953 4961
f 4961 4953 4960
f 4960 4953 4954
f 4960 4954 4959
f 4959 4954 4955
f 4959 4955 4958
f 4958 4955 4956
f 4958 4956 4957
f 4962 4963 4965
f 4965 4963 4964
f 4966 4967 4975
f 4975 4967 4974
f 4974 4967 4968
f 4974 4968 4973
f 4973 4968 4969
f 4973 4969 4972
f 4972 4969 4970
f 4972 4970 4971
f 4976 4977 4979
f 4979 4977 4978
f 4980 4981 4983
f 4983 4981 4982
f 4984 4985 4987
f 4987 4985 4986
f 4989 4990 4988
f 4988 4990 4991
f 4988 4991 4993
f 4993 4991 4992
f 4993 4994 4988
f 4988 4994 5000
f 5000 4994 4995
f 5000 4995 4999
f 4999 4995 4996
f 4999 4996 4998
f 4998 4996 4997
f 5001 5002 5010
f 5010 5002 5009
f 5009 5002 5003
f 5009 5003 5008
f 5008 5003 5004
f 5008 5004 5007
f 5007 5004 5005
f 5007 5005 5006
f 5011 5012 5014
f 5014 5012 5013
f 5015 5016 5018
f 5018 5016 5017
f 5019 5020 5022
f 5022 5020 5021
f 5023 5024 5026
f 5026 5024 5025
f 5028 5029 5027
f 5027 5029 5030
f 5027 5030 5032
f 5032 5030 5031
f 5032 5033 5027
f 5027 5033 5039
f 5039 5033 5034
f 5039 5034 5038
f 5038 5034 5035
f 5038 5035 5037
f 5037 5035 5036
f 5040 5041 5043
f 5043 5041 5042
f 5044 5045 5047
f 5047 5045 5046
f 5048 5049 5051
f 5051 5049 5050
f 5052 5053 5055
f 5055 5053 5054
f 5056 5057 5059
f 5059 5057 5058
f 5060 5061 5075
f 5075 5061 5074
f 5074 5061 5088
f 5074 5088 5076
f 5088 5061 5087
f 5087 5061 5062
f 5087 5062 5086
f 5086 5062 5085
f 5085 5062 5063
f 5085 5063 5084
f 5084 5063 5064
f 5084 5064 5083
f 5083 5064 5065
f 5083 5065 5082
f 5082 5065 5066
f 5082 5066 5067
f 5082 5067 5081
f 5081 5067 5068
f 5081 5068 5080
f 5080 5068 5069
f 5080 5069 5079
f 5079 5069 5078
f 5078 5069 5070
f 5078 5070 5077
f 5077 5070 5073
f 5077 5073 5074
f 5070 5071 5073
f 5073 5071 5072
f 5076 5077 5074
f 5089 5090 5098
f 5098 5090 5097
f 5097 5090 5091
f 5097 5091 5096
f 5096 5091 5092
f 5096 5092 5095
f 5095 5092 5093
f 5095 5093 5094
f 5099 5100 5102
f 5102 5100 5101
f 5103 5104 5106
f 5106 5104 5105
f 5107 5108 5116
f 5116 5108 5115
f 5115 5108 5109
f 5115 5109 5114
f 5114 5109 5110
f 5114 5110 5113
f 5113 5110 5111
f 5113 5111 5112
f 5117 5118 5145
f 5145 5118 5119
f 5145 5119 5120
f 5145 5120 5144
f 5144 5120 5121
f 5144 5121 5143
f 5143 5121 5122
f 5143 5122 5142
f 5142 5122 5123
f 5142 5123 5141
f 5141 5123 5124
f 5141 5124 5140
f 5140 5124 5125
f 5140 5125 5139
f 5139 5125 5126
f 5139 5126 5138
f 5138 5126 5136
f 5138 5136 5137
f 5136 5126 5135
f 5135 5126 5127
f 5135 5127 5128
f 5135 5128 5134
f 5134 5128 5129
f 5134 5129 5130
f 5131 5132 5130
f 5130 5132 5133
f 5130 5133 5134
f 5146 5147 5149
f 5149 5147 5148
f 5150 5151 5153
f 5153 5151 5152
f 5154 5155 5157
f 5157 5155 5156
f 5158 5159 5161
f 5161 5159 5160
f 5162 5163 5171
f 5171 5163 5170
f 5170 5163 5164
f 5170 5164 5169
f 5169 5164 5165
f 5169 5165 5168
f 5168 5165 5166
f 5168 5166 5167
f 5172 5173 5175
f 5175 5173 5174
f 5176 5177 5185
f 5185 5177 5184
f 5184 5177 5178
f 5184 5178 5183
f 5183 5178 5179
f 5183 5179 5182
f 5182 5179 5180
f 5182 5180 5181
f 5187 5203 5186
f 5186 5203 5204
f 5186 5204 5205
f 5203 5187 5202
f 5202 5187 5188
f 5202 5188 5201
f 5201 5188 5189
f 5201 5189 5190
f 5191 5199 5190
f 5190 5199 5200
f 5190 5200 5201
f 5191 5192 5199
f 5199 5192 5198
f 5198 5192 5193
f 5198 5193 5197
f 5197 5193 5207
f 5207 5193 5194
f 5207 5194 5195
f 5207 5195 5206
f 5206 5195 5196
f 5206 5196 5205
f 5205 5196 5186
f 5208 5209 5217
f 5217 5209 5216
f 5216 5209 5210
f 5216 5210 5215
f 5215 5210 5211
f 5215 5211 5214
f 5214 5211 5212
f 5214 5212 5213
f 5218 5219 5221
f 5221 5219 5220
f 5222 5223 5225
f 5225 5223 5224
f 5226 5227 5229
f 5229 5227 5228
f 5230 5231 5233
f 5233 5231 5232
f 5234 5235 5243
f 5243 5235 5242
f 5242 5235 5236
f 5242 5236 5241
f 5241 5236 5237
f 5241 5237 5240
f 5240 5237 5238
f 5240 5238 5239
f 5244 5245 5247
f 5247 5245 5246
f 5248 5249 5251
f 5251 5249 5250
f 5252 5253 5255
f 5255 5253 5254
f 5257 5259 5256
f 5256 5259 5262
f 5256 5262 5269
f 5269 5262 5268
f 5268 5262 5263
f 5268 5263 5264
f 5257 5258 5259
f 5260 5261 5259
f 5259 5261 5262
f 5264 5265 5268
f 5268 5265 5267
f 5267 5265 5266
f 5267 5266 5256
f 5256 5269 5267
f 5270 5271 5273
f 5273 5271 5272
f 5274 5275 5283
f 5283 5275 5282
f 5282 5275 5276
f 5282 5276 5281
f 5281 5276 5277
f 5281 5277 5280
f 5280 5277 5278
f 5280 5278 5279
f 5284 5285 5287
f 5287 5285 5286
f 5288 5289 5291
f 5291 5289 5290
f 5292 5293 5295
f 5295 5293 5294
f 5296 5297 5299
f 5299 5297 5298
f 5301 5302 5300
f 5300 5302 5303
f 5304 5305 5321
f 5321 5305 5320
f 5320 5305 5306
f 5320 5306 5319
f 5319 5306 5307
f 5319 5307 5318
f 5318 5307 5308
f 5318 5308 5317
f 5317 5308 5309
f 5317 5309 5316
f 5316 5309 5310
f 5316 5310 5315
f 5315 5310 5311
f 5315 5311 5314
f 5314 5311 5312
f 5314 5312 5313
f 5322 5323 5325
f 5325 5323 5324
f 5326 5327 5329
f 5329 5327 5328
f 5330 5331 5333
f 5333 5331 5332
f 5334 5335 5337
f 5337 5335 5336
f 5338 5339 5341
f 5341 5339 5340
f 5342 5343 5351
f 5351 5343 5350
f 5350 5343 5344
f 5350 5344 5349
f 5349 5344 5345
f 5349 5345 5348
f 5348 5345 5346
f 5348 5346 5347
f 5352 5353 5361
f 5361 5353 5360
f 5360 5353 5354
f 5360 5354 5359
f 5359 5354 5355
f 5359 5355 5358
f 5358 5355 5356
f 5358 5356 5357
f 5362 5363 5371
f 5371 5363 5370
f 5370 5363 5364
f 5370 5364 5369
f 5369 5364 5365
f 5369 5365 5368
f 5368 5365 5366
f 5368 5366 5367
f 5372 5373 5375
f 5375 5373 5374
f 5376 5377 5379
f 5379 5377 5378
f 5381 5388 5380
f 5380 5388 5386
f 5380 5386 5387
f 5388 5381 5391
f 5391 5381 5382
f 5391 5382 5390
f 5390 5382 5389
f 5389 5382 5383
f 5389 5383 5385
f 5385 5383 5384
f 5385 5386 5389
f 5389 5386 5388
f 5392 5393 5395
f 5395 5393 5394
f 5396 5397 5399
f 5399 5397 5398
f 5400 5401 5403
f 5403 5401 5402
f 5415 5404 5414
f 5414 5404 5405
f 5414 5405 5413
f 5413 5405 5412
f 5412 5405 5411
f 5411 5405 5406
f 5411 5406 5410
f 5410 5406 5407
f 5410 5407 5409
f 5409 5407 5408
f 5416 5417 5419
f 5419 5417 5418
f 5420 5421 5423
f 5423 5421 5422
f 5425 5432 5424
f 5424 5432 5430
f 5424 5430 5431
f 5426 5434 5425
f 5425 5434 5435
f 5425 5435 5432
f 5434 5426 5433
f 5433 5426 5427
f 5433 5427 5429
f 5429 5427 5428
f 5433 5429 5432
f 5432 5429 5430
f 5436 5437 5439
f 5439 5437 5438
f 5440 5441 5443
f 5443 5441 5442
f 5444 5445 5453
f 5453 5445 5452
f 5452 5445 5446
f 5452 5446 5451
f 5451 5446 5447
f 5451 5447 5450
f 5450 5447 5448
f 5450 5448 5449
f 5454 5455 5457
f 5457 5455 5456
f 5458 5459 5461
f 5461 5459 5460
f 5462 5463 5465
f 5465 5463 5464
f 5467 5468 5466
f 5466 5468 5475
f 5475 5468 5472
f 5475 5472 5473
f 5468 5469 5472
f 5472 5469 5471
f 5471 5469 5470
f 5473 5474 5475
f 5476 5477 5479
f 5479 5477 5478
f 5480 5481 5483
f 5483 5481 5482
f 5484 5485 5487
f 5487 5485 5486
f 5488 5489 5491
f 5491 5489 5490
f 5492 5493 5495
f 5495 5493 5494
f 5496 5497 5499
f 5499 5497 5498
f 5500 5501 5503
f 5503 5501 5502
f 5504 5505 5507
f 5507 5505 5506
f 5508 5509 5511
f 5511 5509 5510
f 5512 5513 5521
f 5521 5513 5520
f 5520 5513 5514
f 5520 5514 5519
f 5519 5514 5515
f 5519 5515 5518
f 5518 5515 5516
f 5518 5516 5517
f 5522 5523 5525
f 5525 5523 5524
f 5527 5543 5526
f 5526 5543 5544
f 5526 5544 5545
f 5543 5527 5542
f 5542 5527 5528
f 5542 5528 5541
f 5541 5528 5529
f 5541 5529 5530
f 5531 5539 5530
f 5530 5539 5540
f 5530 5540 5541
f 5531 5532 5539
f 5539 5532 5538
f 5538 5532 5533
f 5538 5533 5537
f 5537 5533 5547
f 5547 5533 5534
f 5547 5534 5535
f 5547 5535 5546
f 5546 5535 5536
f 5546 5536 5545
f 5545 5536 5526
f 5548 5549 5551
f 5551 5549 5550
f 5552 5553 5555
f 5555 5553 5554
f 5556 5557 5559
f 5559 5557 5558
f 5570 5560 5569
f 5569 5560 5561
f 5569 5561 5568
f 5568 5561 5567
f 5567 5561 5566
f 5566 5561 5565
f 5565 5561 5562
f 5565 5562 5564
f 5564 5562 5563
f 5572 5599 5571
f 5571 5599 5600
f 5571 5600 5589
f 5589 5600 5588
f 5588 5600 5601
f 5588 5601 5587
f 5587 5601 5602
f 5587 5602 5586
f 5586 5602 5590
f 5586 5590 5591
f 5599 5572 5598
f 5598 5572 5573
f 5598 5573 5574
f 5598 5574 5597
f 5597 5574 5575
f 5597 5575 5596
f 5596 5575 5595
f 5595 5575 5615
f 5595 5615 5594
f 5594 5615 5603
f 5594 5603 5593
f 5593 5603 5604
f 5593 5604 5592
f 5592 5604 5584
f 5592 5584 5585
f 5576 5613 5575
f 5575 5613 5614
f 5575 5614 5615
f 5613 5576 5612
f 5612 5576 5577
f 5612 5577 5578
f 5612 5578 5611
f 5611 5578 5579
f 5611 5579 5610
f 5610 5579 5609
f 5609 5579 5580
f 5609 5580 5581
f 5609 5581 5608
f 5608 5581 5582
f 5608 5582 5607
f 5607 5582 5583
f 5607 5583 5606
f 5606 5583 5605
f 5605 5583 5584
f 5605 5584 5604
f 5592 5585 5591
f 5591 5585 5586
f 5616 5617 5619
f 5619 5617 5618
f 5620 5621 5623
f 5623 5621 5622
f 5624 5625 5627
f 5627 5625 5626
f 5628 5629 5631
f 5631 5629 5630
f 5632 5633 5635
f 5635 5633 5634
f 5636 5637 5645
f 5645 5637 5644
f 5644 5637 5638
f 5644 5638 5643
f 5643 5638 5639
f 5643 5639 5642
f 5642 5639 5640
f 5642 5640 5641
f 5646 5647 5649
f 5649 5647 5648
f 5650 5651 5653
f 5653 5651 5652
f 5654 5655 5657
f 5657 5655 5656
f 5659 5662 5658
f 5658 5662 5663
f 5658 5663 5668
f 5668 5663 5664
f 5668 5664 5667
f 5667 5664 5665
f 5667 5665 5666
f 5660 5661 5659
f 5659 5661 5662
f 5669 5670 5678
f 5678 5670 5677
f 5677 5670 5671
f 5677 5671 5676
f 5676 5671 5672
f 5676 5672 5675
f 5675 5672 5673
f 5675 5673 5674
f 5679 5680 5682
f 5682 5680 5681
f 5683 5684 5690
f 5690 5684 5685
f 5690 5685 5687
f 5687 5685 5686
f 5688 5689 5687
f 5687 5689 5690
f 5691 5692 5694
f 5694 5692 5693
f 5695 5696 5698
f 5698 5696 5697
f 5699 5700 5708
f 5708 5700 5707
f 5707 5700 5701
f 5707 5701 5706
f 5706 5701 5702
f 5706 5702 5705
f 5705 5702 5703
f 5705 5703 5704
f 5709 5710 5712
f 5712 5710 5711
f 5713 5714 5716
f 5716 5714 5715
f 5717 5718 5720
f 5720 5718 5719
f 5721 5722 5730
f 5730 5722 5729
f 5729 5722 5723
f 5729 5723 5728
f 5728 5723 5724
f 5728 5724 5727
f 5727 5724 5725
f 5727 5725 5726
f 5731 5732 5734
f 5734 5732 5733
f 5735 5736 5738
f 5738 5736 5737
f 5739 5740 5742
f 5742 5740 5741
f 5743 5744 5746
f 5746 5744 5745
f 5748 5755 5747
f 5747 5755 5753
f 5747 5753 5754
f 5749 5757 5748
f 5748 5757 5758
f 5748 5758 5755
f 5757 5749 5756
f 5756 5749 5750
f 5756 5750 5752
f 5752 5750 5751
f 5756 5752 5755
f 5755 5752 5753
f 5759 5760 5762
f 5762 5760 5761
f 5774 5763 5773
f 5773 5763 5764
f 5773 5764 5772
f 5772 5764 5765
f 5772 5765 5771
f 5771 5765 5770
f 5770 5765 5766
f 5770 5766 5769
f 5769 5766 5767
f 5769 5767 5768
f 5775 5776 5778
f 5778 5776 5777
f 5779 5780 5782
f 5782 5780 5781
f 5783 5784 5786
f 5786 5784 5785
f 5787 5788 5790
f 5790 5788 5789
f 5791 5792 5794
f 5794 5792 5793
f 5796 5797 5795
f 5795 5797 5806
f 5806 5797 5798
f 5806 5798 5805
f 5805 5798 5801
f 5805 5801 5802
f 5798 5799 5801
f 5801 5799 5800
f 5803 5804 5802
f 5802 5804 5805
f 5807 5808 5816
f 5816 5808 5815
f 5815 5808 5809
f 5815 5809 5814
f 5814 5809 5810
f 5814 5810 5813
f 5813 5810 5811
f 5813 5811 5812
f 5817 5818 5820
f 5820 5818 5819
f 5821 5822 5824
f 5824 5822 5823
f 5825 5826 5828
f 5828 5826 5827
f 5830 5837 5829
f 5829 5837 5838
f 5829 5838 5840
f 5840 5838 5839
f 5831 5832 5830
f 5830 5832 5833
f 5830 5833 5834
f 5834 5835 5830
f 5830 5835 5836
f 5830 5836 5837
f 5841 5842 5844
f 5844 5842 5843
f 5845 5846 5854
f 5854 5846 5853
f 5853 5846 5847
f 5853 5847 5852
f 5852 5847 5848
f 5852 5848 5851
f 5851 5848 5849
f 5851 5849 5850
f 5855 5856 5864
f 5864 5856 5863
f 5863 5856 5857
f 5863 5857 5862
f 5862 5857 5858
f 5862 5858 5861
f 5861 5858 5859
f 5861 5859 5860
f 5916 5865 5898
f 5898 5865 5866
f 5898 5866 5897
f 5897 5866 5867
f 5897 5867 5896
f 5896 5867 5868
f 5896 5868 5895
f 5895 5868 5869
f 5895 5869 5894
f 5894 5869 5870
f 5894 5870 5893
f 5893 5870 5871
f 5893 5871 5872
f 5873 5890 5872
f 5872 5890 5891
f 5872 5891 5892
f 5890 5873 5889
f 5889 5873 5874
f 5889 5874 5888
f 5888 5874 5875
f 5888 5875 5887
f 5887 5875 5876
f 5887 5876 5886
f 5886 5876 5877
f 5886 5877 5878
f 5886 5878 5885
f 5885 5878 5879
f 5885 5879 5884
f 5884 5879 5880
f 5884 5880 5883
f 5883 5880 5882
f 5882 5880 5881
f 5892 5893 5872
f 5898 5899 5916
f 5916 5899 5915
f 5915 5899 5900
f 5915 5900 5914
f 5914 5900 5901
f 5914 5901 5913
f 5913 5901 5902
f 5913 5902 5903
f 5913 5903 5912
f 5912 5903 5904
f 5912 5904 5911
f 5911 5904 5905
f 5911 5905 5910
f 5910 5905 5909
f 5909 5905 5906
f 5909 5906 5908
f 5908 5906 5907
f 5917 5918 5920
f 5920 5918 5919
f 5921 5922 5924
f 5924 5922 5923
f 5925 5926 5928
f 5928 5926 5927
f 5929 5930 5932
f 5932 5930 5931
f 5934 5937 5933
f 5933 5937 5938
f 5933 5938 5943
f 5943 5938 5939
f 5943 5939 5942
f 5942 5939 5940
f 5942 5940 5941
f 5935 5936 5934
f 5934 5936 5937
f 5944 5945 5947
f 5947 5945 5946
f 5948 5949 5951
f 5951 5949 5950
f 5952 5953 5955
f 5955 5953 5954
f 5956 5957 5959
f 5959 5957 5958
f 5960 5961 5969
f 5969 5961 5968
f 5968 5961 5962
f 5968 5962 5967
f 5967 5962 5963
f 5967 5963 5966
f 5966 5963 5964
f 5966 5964 5965
f 5970 5971 5973
f 5973 5971 5972
f 5974 5975 5977
f 5977 5975 5976
f 5978 5979 5981
f 5981 5979 5980
f 5982 5983 5985
f 5985 5983 5984
f 5986 5987 5989
f 5989 5987 5988
f 5990 5991 5993
f 5993 5991 5992
f 5994 5995 5997
f 5997 5995 5996
f 5998 5999 6001
f 6001 5999 6000
f 6002 6003 6005
f 6005 6003 6004
f 6006 6007 6009
f 6009 6007 6008
f 6010 6011 6013
f 6013 6011 6012
f 6014 6015 6017
f 6017 6015 6016
f 6018 6019 6021
f 6021 6019 6020
f 6022 6023 6025
f 6025 6023 6024
f 6026 6027 6035
f 6035 6027 6034
f 6034 6027 6028
f 6034 6028 6033
f 6033 6028 6029
f 6033 6029 6032
f 6032 6029 6030
f 6032 6030 6031
f 6036 6037 6045
f 6045 6037 6044
f 6044 6037 6038
f 6044 6038 6043
f 6043 6038 6039
f 6043 6039 6042
f 6042 6039 6040
f 6042 6040 6041
f 6046 6047 6049
f 6049 6047 6048
f 6050 6051 6053
f 6053 6051 6052
f 6054 6055 6063
f 6063 6055 6062
f 6062 6055 6056
f 6062 6056 6061
f 6061 6056 6057
f 6061 6057 6060
f 6060 6057 6058
f 6060 6058 6059
f 6064 6065 6067
f 6067 6065 6066
f 6068 6069 6071
f 6071 6069 6070
f 6072 6073 6075
f 6075 6073 6074
f 6077 6078 6076
f 6076 6078 6083
f 6083 6078 6082
f 6082 6078 6079
f 6082 6079 6081
f 6081 6079 6080
f 6084 6085 6087
f 6087 6085 6086
f 6088 6089 6097
f 6097 6089 6096
f 6096 6089 6090
f 6096 6090 6095
f 6095 6090 6091
f 6095 6091 6094
f 6094 6091 6092
f 6094 6092 6093
f 6098 6099 6101
f 6101 6099 6100
f 6102 6103 6105
f 6105 6103 6104
f 6106 6107 6109
f 6109 6107 6108
f 6110 6111 6113
f 6113 6111 6112
f 6114 6115 6117
f 6117 6115 6116
f 6118 6119 6121
f 6121 6119 6120
f 6122 6123 6125
f 6125 6123 6124
f 6126 6127 6135
f 6135 6127 6134
f 6134 6127 6128
f 6134 6128 6133
f 6133 6128 6129
f 6133 6129 6132
f 6132 6129 6130
f 6132 6130 6131
f 6136 6137 6139
f 6139 6137 6138
f 6140 6141 6149
f 6149 6141 6148
f 6148 6141 6142
f 6148 6142 6147
f 6147 6142 6143
f 6147 6143 6146
f 6146 6143 6144
f 6146 6144 6145
f 6150 6151 6159
f 6159 6151 6158
f 6158 6151 6152
f 6158 6152 6157
f 6157 6152 6153
f 6157 6153 6156
f 6156 6153 6154
f 6156 6154 6155
f 6160 6161 6163
f 6163 6161 6162
f 6164 6165 6167
f 6167 6165 6166
f 6168 6169 6171
f 6171 6169 6170
f 6172 6173 6175
f 6175 6173 6174
f 6177 6178 6176
f 6176 6178 6191
f 6191 6178 6190
f 6190 6178 6179
f 6190 6179 6189
f 6189 6179 6180
f 6189 6180 6188
f 6188 6180 6181
f 6188 6181 6182
f 6183 6186 6182
f 6182 6186 6187
f 6182 6187 6188
f 6184 6185 6183
f 6183 6185 6186
f 6192 6193 6195
f 6195 6193 6194
f 6196 6197 6205
f 6205 6197 6204
f 6204 6197 6198
f 6204 6198 6203
f 6203 6198 6199
f 6203 6199 6202
f 6202 6199 6200
f 6202 6200 6201
f 6206 6207 6209
f 6209 6207 6208
f 6211 6214 6210
f 6210 6214 6215
f 6210 6215 6220
f 6220 6215 6216
f 6220 6216 6219
f 6219 6216 6217
f 6219 6217 6218
f 6212 6213 6211
f 6211 6213 6214
f 6221 6222 6224
f 6224 6222 6223
f 6225 6226 6228
f 6228 6226 6227
f 6229 6230 6232
f 6232 6230 6231
f 6234 6235 6233
f 6233 6235 6238
f 6238 6235 6237
f 6237 6235 6236
f 6239 6240 6242
f 6242 6240 6241
f 6243 6244 6246
f 6246 6244 6245
f 6247 6248 6250
f 6250 6248 6249
f 6251 6252 6260
f 6260 6252 6259
f 6259 6252 6253
f 6259 6253 6258
f 6258 6253 6254
f 6258 6254 6257
f 6257 6254 6255
f 6257 6255 6256
f 6261 6262 6264
f 6264 6262 6263
f 6265 6266 6268
f 6268 6266 6267
f 6269 6270 6278
f 6278 6270 6277
f 6277 6270 6271
f 6277 6271 6276
f 6276 6271 6272
f 6276 6272 6275
f 6275 6272 6273
f 6275 6273 6274
f 6279 6280 6282
f 6282 6280 6281
f 6283 6284 6292
f 6292 6284 6291
f 6291 6284 6285
f 6291 6285 6290
f 6290 6285 6286
f 6290 6286 6289
f 6289 6286 6287
f 6289 6287 6288
f 6293 6294 6296
f 6296 6294 6295
f 6297 6298 6306
f 6306 6298 6305
f 6305 6298 6299
f 6305 6299 6304
f 6304 6299 6300
f 6304 6300 6303
f 6303 6300 6301
f 6303 6301 6302
f 6358 6307 6340
f 6340 6307 6308
f 6340 6308 6339
f 6339 6308 6309
f 6339 6309 6338
f 6338 6309 6310
f 6338 6310 6337
f 6337 6310 6311
f 6337 6311 6336
f 6336 6311 6312
f 6336 6312 6335
f 6335 6312 6313
f 6335 6313 6334
f 6334 6313 6314
f 6334 6314 6333
f 6333 6314 6315
f 6333 6315 6332
f 6332 6315 6331
f 6331 6315 6316
f 6331 6316 6330
f 6330 6316 6317
f 6330 6317 6329
f 6329 6317 6318
f 6329 6318 6328
f 6328 6318 6319
f 6328 6319 6320
f 6321 6326 6320
f 6320 6326 6327
f 6320 6327 6328
f 6326 6321 6325
f 6325 6321 6322
f 6325 6322 6324
f 6324 6322 6323
f 6340 6341 6358
f 6358 6341 6357
f 6357 6341 6342
f 6357 6342 6356
f 6356 6342 6343
f 6356 6343 6355
f 6355 6343 6344
f 6355 6344 6345
f 6355 6345 6354
f 6354 6345 6346
f 6354 6346 6353
f 6353 6346 6352
f 6352 6346 6347
f 6352 6347 6351
f 6351 6347 6348
f 6351 6348 6350
f 6350 6348 6349
f 6359 6360 6362
f 6362 6360 6361
f 6363 6364 6366
f 6366 6364 6365
f 6367 6368 6370
f 6370 6368 6369
f 6371 6372 6374
f 6374 6372 6373
f 6375 6376 6384
f 6384 6376 6383
f 6383 6376 6377
f 6383 6377 6382
f 6382 6377 6378
f 6382 6378 6381
f 6381 6378 6379
f 6381 6379 6380
f 6385 6386 6388
f 6388 6386 6387
f 6389 6390 6392
f 6392 6390 6391
f 6393 6394 6396
f 6396 6394 6395
f 6397 6398 6400
f 6400 6398 6399
f 6401 6402 6404
f 6404 6402 6403
f 6405 6406 6408
f 6408 6406 6407
f 6409 6410 6412
f 6412 6410 6411
f 6413 6414 6416
f 6416 6414 6415
f 6417 6418 6426
f 6426 6418 6425
f 6425 6418 6419
f 6425 6419 6424
f 6424 6419 6420
f 6424 6420 6423
f 6423 6420 6421
f 6423 6421 6422
f 6427 6428 6430
f 6430 6428 6429
f 6431 6432 6440
f 6440 6432 6439
f 6439 6432 6433
f 6439 6433 6438
f 6438 6433 6434
f 6438 6434 6437
f 6437 6434 6435
f 6437 6435 6436
f 6441 6442 6450
f 6450 6442 6449
f 6449 6442 6443
f 6449 6443 6448
f 6448 6443 6444
f 6448 6444 6447
f 6447 6444 6445
f 6447 6445 6446
f 6451 6452 6454
f 6454 6452 6453
f 6455 6456 6458
f 6458 6456 6457
f 6459 6460 6462
f 6462 6460 6461
f 6463 6464 6466
f 6466 6464 6465
f 6467 6468 6476
f 6476 6468 6475
f 6475 6468 6469
f 6475 6469 6474
f 6474 6469 6470
f 6474 6470 6473
f 6473 6470 6471
f 6473 6471 6472
f 6477 6478 6486
f 6486 6478 6485
f 6485 6478 6479
f 6485 6479 6484
f 6484 6479 6480
f 6484 6480 6483
f 6483 6480 6481
f 6483 6481 6482
f 6487 6488 6490
f 6490 6488 6489
f 6491 6492 6494
f 6494 6492 6493
f 6495 6496 6498
f 6498 6496 6497
f 6499 6500 6508
f 6508 6500 6507
f 6507 6500 6501
f 6507 6501 6506
f 6506 6501 6502
f 6506 6502 6505
f 6505 6502 6503
f 6505 6503 6504
f 6509 6510 6512
f 6512 6510 6511
f 6513 6514 6516
f 6516 6514 6515
f 6517 6518 6520
f 6520 6518 6519
f 6532 6521 6531
f 6531 6521 6522
f 6531 6522 6524
f 6524 6522 6523
f 6531 6524 6530
f 6530 6524 6525
f 6530 6525 6527
f 6527 6525 6526
f 6527 6528 6530
f 6530 6528 6529
f 6533 6534 6536
f 6536 6534 6535
f 6537 6538 6540
f 6540 6538 6539
f 6541 6542 6544
f 6544 6542 6543
f 6545 6546 6548
f 6548 6546 6547
f 6549 6550 6552
f 6552 6550 6551
f 6553 6554 6562
f 6562 6554 6561
f 6561 6554 6555
f 6561 6555 6560
f 6560 6555 6556
f 6560 6556 6559
f 6559 6556 6557
f 6559 6557 6558
f 6563 6564 6566
f 6566 6564 6565
f 6567 6568 6570
f 6570 6568 6569
f 6571 6572 6574
f 6574 6572 6573
f 6575 6576 6584
f 6584 6576 6583
f 6583 6576 6577
f 6583 6577 6582
f 6582 6577 6578
f 6582 6578 6581
f 6581 6578 6579
f 6581 6579 6580
f 6585 6586 6594
f 6594 6586 6593
f 6593 6586 6587
f 6593 6587 6592
f 6592 6587 6588
f 6592 6588 6591
f 6591 6588 6589
f 6591 6589 6590
f 6595 6596 6598
f 6598 6596 6597
f 6599 6600 6602
f 6602 6600 6601
f 6603 6604 6606
f 6606 6604 6605
f 6607 6608 6616
f 6616 6608 6615
f 6615 6608 6609
f 6615 6609 6614
f 6614 6609 6610
f 6614 6610 6613
f 6613 6610 6611
f 6613 6611 6612
f 6617 6618 6626
f 6626 6618 6625
f 6625 6618 6619
f 6625 6619 6624
f 6624 6619 6620
f 6624 6620 6623
f 6623 6620 6621
f 6623 6621 6622
f 6627 6628 6630
f 6630 6628 6629
f 6631 6632 6634
f 6634 6632 6633
f 6646 6635 6638
f 6638 6635 6636
f 6638 6636 6637
f 6638 6639 6646
f 6646 6639 6645
f 6645 6639 6640
f 6645 6640 6644
f 6644 6640 6641
f 6644 6641 6642
f 6642 6643 6644
f 6647 6648 6650
f 6650 6648 6649
f 6651 6652 6654
f 6654 6652 6653
f 6655 6656 6664
f 6664 6656 6663
f 6663 6656 6657
f 6663 6657 6662
f 6662 6657 6658
f 6662 6658 6661
f 6661 6658 6659
f 6661 6659 6660
f 6665 6666 6674
f 6674 6666 6673
f 6673 6666 6667
f 6673 6667 6672
f 6672 6667 6668
f 6672 6668 6671
f 6671 6668 6669
f 6671 6669 6670
f 6675 6676 6678
f 6678 6676 6677
f 6679 6680 6682
f 6682 6680 6681
f 6683 6684 6692
f 6692 6684 6691
f 6691 6684 6685
f 6691 6685 6690
f 6690 6685 6686
f 6690 6686 6689
f 6689 6686 6687
f 6689 6687 6688
f 6693 6694 6696
f 6696 6694 6695
f 6697 6698 6700
f 6700 6698 6699
f 6701 6702 6710
f 6710 6702 6709
f 6709 6702 6703
f 6709 6703 6708
f 6708 6703 6704
f 6708 6704 6707
f 6707 6704 6705
f 6707 6705 6706
f 6711 6712 6714
f 6714 6712 6713
f 6715 6716 6718
f 6718 6716 6717
f 6719 6720 6722
f 6722 6720 6721
f 6723 6724 6732
f 6732 6724 6731
f 6731 6724 6725
f 6731 6725 6730
f 6730 6725 6726
f 6730 6726 6729
f 6729 6726 6727
f 6729 6727 6728
f 6733 6734 6742
f 6742 6734 6741
f 6741 6734 6735
f 6741 6735 6740
f 6740 6735 6736
f 6740 6736 6739
f 6739 6736 6737
f 6739 6737 6738
f 6743 6744 6752
f 6752 6744 6751
f 6751 6744 6745
f 6751 6745 6750
f 6750 6745 6746
f 6750 6746 6749
f 6749 6746 6747
f 6749 6747 6748
f 6753 6754 6756
f 6756 6754 6755
f 6757 6758 6766
f 6766 6758 6765
f 6765 6758 6759
f 6765 6759 6764
f 6764 6759 6760
f 6764 6760 6763
f 6763 6760 6761
f 6763 6761 6762
f 6768 6769 6767
f 6767 6769 6800
f 6800 6769 6770
f 6800 6770 6799
f 6799 6770 6771
f 6799 6771 6798
f 6798 6771 6772
f 6798 6772 6797
f 6797 6772 6796
f 6796 6772 6773
f 6796 6773 6795
f 6795 6773 6774
f 6795 6774 6794
f 6794 6774 6775
f 6794 6775 6793
f 6793 6775 6776
f 6793 6776 6777
f 6793 6777 6792
f 6792 6777 6778
f 6792 6778 6791
f 6791 6778 6779
f 6791 6779 6790
f 6790 6779 6780
f 6790 6780 6789
f 6789 6780 6788
f 6788 6780 6781
f 6788 6781 6787
f 6787 6781 6782
f 6787 6782 6786
f 6786 6782 6783
f 6786 6783 6785
f 6785 6783 6784
f 6801 6802 6804
f 6804 6802 6803
f 6805 6806 6808
f 6808 6806 6807
f 6809 6810 6812
f 6812 6810 6811
f 6813 6814 6816
f 6816 6814 6815
f 6817 6818 6826
f 6826 6818 6825
f 6825 6818 6819
f 6825 6819 6824
f 6824 6819 6820
f 6824 6820 6823
f 6823 6820 6821
f 6823 6821 6822
f 6828 6829 6827
f 6827 6829 6860
f 6860 6829 6830
f 6860 6830 6859
f 6859 6830 6831
f 6859 6831 6858
f 6858 6831 6832
f 6858 6832 6857
f 6857 6832 6856
f 6856 6832 6833
f 6856 6833 6855
f 6855 6833 6834
f 6855 6834 6854
f 6854 6834 6835
f 6854 6835 6853
f 6853 6835 6836
f 6853 6836 6837
f 6853 6837 6852
f 6852 6837 6838
f 6852 6838 6851
f 6851 6838 6839
f 6851 6839 6850
f 6850 6839 6840
f 6850 6840 6849
f 6849 6840 6848
f 6848 6840 6841
f 6848 6841 6847
f 6847 6841 6842
f 6847 6842 6846
f 6846 6842 6843
f 6846 6843 6845
f 6845 6843 6844
f 6861 6862 6864
f 6864 6862 6863
f 6865 6866 6874
f 6874 6866 6873
f 6873 6866 6867
f 6873 6867 6872
f 6872 6867 6868
f 6872 6868 6871
f 6871 6868 6869
f 6871 6869 6870
f 6875 6876 6878
f 6878 6876 6877
f 6879 6880 6882
f 6882 6880 6881
f 6883 6884 6892
f 6892 6884 6891
f 6891 6884 6885
f 6891 6885 6890
f 6890 6885 6886
f 6890 6886 6889
f 6889 6886 6887
f 6889 6887 6888
f 6893 6894 6896
f 6896 6894 6895
f 6897 6898 6900
f 6900 6898 6899
f 6901 6902 6910
f 6910 6902 6909
f 6909 6902 6903
f 6909 6903 6908
f 6908 6903 6904
f 6908 6904 6907
f 6907 6904 6905
f 6907 6905 6906
f 6912 6913 6911
f 6911 6913 6944
f 6944 6913 6914
f 6944 6914 6943
f 6943 6914 6915
f 6943 6915 6942
f 6942 6915 6916
f 6942 6916 6941
f 6941 6916 6940
f 6940 6916 6917
f 6940 6917 6939
f 6939 6917 6918
f 6939 6918 6938
f 6938 6918 6919
f 6938 6919 6937
f 6937 6919 6920
f 6937 6920 6921
f 6937 6921 6936
f 6936 6921 6922
f 6936 6922 6935
f 6935 6922 6923
f 6935 6923 6934
f 6934 6923 6924
f 6934 6924 6933
f 6933 6924 6932
f 6932 6924 6925
f 6932 6925 6931
f 6931 6925 6926
f 6931 6926 6930
f 6930 6926 6927
f 6930 6927 6929
f 6929 6927 6928
f 6945 6946 6954
f 6954 6946 6953
f 6953 6946 6947
f 6953 6947 6952
f 6952 6947 6948
f 6952 6948 6951
f 6951 6948 6949
f 6951 6949 6950
f 6955 6956 6964
f 6964 6956 6963
f 6963 6956 6957
f 6963 6957 6962
f 6962 6957 6958
f 6962 6958 6961
f 6961 6958 6959
f 6961 6959 6960
f 6965 6966 6968
f 6968 6966 6967
f 6969 6970 6972
f 6972 6970 6971
f 6973 6974 6976
f 6976 6974 6975
f 6977 6978 6980
f 6980 6978 6979
f 6981 6982 6990
f 6990 6982 6989
f 6989 6982 6983
f 6989 6983 6988
f 6988 6983 6984
f 6988 6984 6987
f 6987 6984 6985
f 6987 6985 6986
f 6991 6992 6994
f 6994 6992 6993
f 6995 6996 6998
f 6998 6996 6997
f 6999 7000 7002
f 7002 7000 7001
f 7003 7004 7006
f 7006 7004 7005
f 7007 7008 7010
f 7010 7008 7009
f 7022 7011 7014
f 7014 7011 7012
f 7014 7012 7013
f 7014 7015 7022
f 7022 7015 7021
f 7021 7015 7016
f 7021 7016 7020
f 7020 7016 7017
f 7020 7017 7018
f 7018 7019 7020
f 7023 7024 7032
f 7032 7024 7031
f 7031 7024 7025
f 7031 7025 7030
f 7030 7025 7026
f 7030 7026 7029
f 7029 7026 7027
f 7029 7027 7028
f 7033 7034 7042
f 7042 7034 7041
f 7041 7034 7035
f 7041 7035 7040
f 7040 7035 7036
f 7040 7036 7039
f 7039 7036 7037
f 7039 7037 7038
f 7043 7044 7054
f 7054 7044 7045
f 7054 7045 7046
f 7046 7047 7054
f 7054 7047 7053
f 7053 7047 7048
f 7053 7048 7052
f 7052 7048 7051
f 7051 7048 7049
f 7051 7049 7050
f 7055 7056 7064
f 7064 7056 7063
f 7063 7056 7057
f 7063 7057 7062
f 7062 7057 7058
f 7062 7058 7061
f 7061 7058 7059
f 7061 7059 7060
f 7065 7066 7068
f 7068 7066 7067
f 7069 7070 7072
f 7072 7070 7071
f 7073 7074 7076
f 7076 7074 7075
f 7077 7078 7080
f 7080 7078 7079
f 7081 7082 7084
f 7084 7082 7083
f 7085 7086 7088
f 7088 7086 7087
f 7089 7090 7092
f 7092 7090 7091
f 7094 7099 7093
f 7093 7099 7100
f 7093 7100 7101
f 7095 7097 7094
f 7094 7097 7098
f 7094 7098 7099
f 7095 7096 7097
f 7093 7101 7133
f 7133 7101 7102
f 7133 7102 7132
f 7132 7102 7103
f 7132 7103 7131
f 7131 7103 7104
f 7131 7104 7130
f 7130 7104 7129
f 7129 7104 7105
f 7129 7105 7128
f 7128 7105 7127
f 7127 7105 7106
f 7127 7106 7126
f 7126 7106 7107
f 7126 7107 7125
f 7125 7107 7108
f 7125 7108 7124
f 7124 7108 7109
f 7124 7109 7110
f 7124 7110 7123
f 7123 7110 7111
f 7123 7111 7122
f 7122 7111 7112
f 7122 7112 7121
f 7121 7112 7113
f 7121 7113 7120
f 7120 7113 7119
f 7119 7113 7114
f 7119 7114 7118
f 7118 7114 7115
f 7118 7115 7117
f 7117 7115 7116
f 7133 7134 7093
f 7135 7136 7138
f 7138 7136 7137
f 7139 7140 7142
f 7142 7140 7141
f 7143 7144 7152
f 7152 7144 7151
f 7151 7144 7145
f 7151 7145 7150
f 7150 7145 7146
f 7150 7146 7149
f 7149 7146 7147
f 7149 7147 7148
f 7153 7154 7162
f 7162 7154 7161
f 7161 7154 7155
f 7161 7155 7160
f 7160 7155 7156
f 7160 7156 7159
f 7159 7156 7157
f 7159 7157 7158
f 7163 7164 7172
f 7172 7164 7171
f 7171 7164 7165
f 7171 7165 7170
f 7170 7165 7166
f 7170 7166 7169
f 7169 7166 7167
f 7169 7167 7168
f 7173 7174 7176
f 7176 7174 7175
f 7177 7178 7180
f 7180 7178 7179
f 7181 7182 7184
f 7184 7182 7183
f 7185 7186 7188
f 7188 7186 7187
f 7189 7190 7192
f 7192 7190 7191
f 7193 7194 7196
f 7196 7194 7195
f 7197 7198 7200
f 7200 7198 7199
f 7201 7202 7204
f 7204 7202 7203
f 7205 7206 7214
f 7214 7206 7213
f 7213 7206 7207
f 7213 7207 7212
f 7212 7207 7208
f 7212 7208 7211
f 7211 7208 7209
f 7211 7209 7210
f 7215 7216 7218
f 7218 7216 7217
f 7219 7220 7228
f 7228 7220 7227
f 7227 7220 7221
f 7227 7221 7226
f 7226 7221 7222
f 7226 7222 7225
f 7225 7222 7223
f 7225 7223 7224
f 7229 7230 7232
f 7232 7230 7231
f 7233 7234 7236
f 7236 7234 7235
f 7237 7238 7240
f 7240 7238 7239
f 7241 7242 7244
f 7244 7242 7243
f 7245 7246 7248
f 7248 7246 7247
f 7249 7250 7258
f 7258 7250 7257
f 7257 7250 7251
f 7257 7251 7256
f 7256 7251 7252
f 7256 7252 7255
f 7255 7252 7253
f 7255 7253 7254
f 7259 7260 7268
f 7268 7260 7267
f 7267 7260 7261
f 7267 7261 7266
f 7266 7261 7262
f 7266 7262 7265
f 7265 7262 7263
f 7265 7263 7264
f 7269 7270 7282
f 7282 7270 7281
f 7281 7270 7271
f 7281 7271 7280
f 7280 7271 7272
f 7280 7272 7279
f 7279 7272 7273
f 7279 7273 7278
f 7278 7273 7274
f 7278 7274 7277
f 7277 7274 7275
f 7277 7275 7276
f 7283 7284 7286
f 7286 7284 7285
f 7287 7288 7290
f 7290 7288 7289
f 7291 7292 7300
f 7300 7292 7299
f 7299 7292 7293
f 7299 7293 7298
f 7298 7293 7294
f 7298 7294 7297
f 7297 7294 7295
f 7297 7295 7296
f 7301 7302 7310
f 7310 7302 7309
f 7309 7302 7303
f 7309 7303 7308
f 7308 7303 7304
f 7308 7304 7307
f 7307 7304 7305
f 7307 7305 7306
f 7311 7312 7314
f 7314 7312 7313
f 7315 7316 7324
f 7324 7316 7323
f 7323 7316 7317
f 7323 7317 7322
f 7322 7317 7318
f 7322 7318 7321
f 7321 7318 7319
f 7321 7319 7320
f 7325 7326 7334
f 7334 7326 7333
f 7333 7326 7327
f 7333 7327 7332
f 7332 7327 7328
f 7332 7328 7331
f 7331 7328 7329
f 7331 7329 7330
f 7335 7336 7344
f 7344 7336 7343
f 7343 7336 7337
f 7343 7337 7342
f 7342 7337 7338
f 7342 7338 7341
f 7341 7338 7339
f 7341 7339 7340
f 7345 7346 7354
f 7354 7346 7353
f 7353 7346 7347
f 7353 7347 7352
f 7352 7347 7348
f 7352 7348 7351
f 7351 7348 7349
f 7351 7349 7350
f 7355 7356 7358
f 7358 7356 7357
f 7360 7378 7359
f 7359 7378 7369
f 7359 7369 7368
f 7368 7369 7370
f 7368 7370 7367
f 7367 7370 7371
f 7367 7371 7366
f 7366 7371 7372
f 7366 7372 7365
f 7365 7372 7373
f 7365 7373 7364
f 7364 7373 7380
f 7379 7374 7363
f 7363 7374 7375
f 7363 7375 7362
f 7362 7375 7376
f 7362 7376 7361
f 7361 7376 7377
f 7361 7377 7360
f 7360 7377 7378
f 7382 7400 7381
f 7381 7400 7391
f 7381 7391 7390
f 7390 7391 7392
f 7390 7392 7389
f 7389 7392 7393
f 7389 7393 7388
f 7388 7393 7394
f 7388 7394 7387
f 7387 7394 7395
f 7387 7395 7386
f 7386 7395 7402
f 7401 7396 7385
f 7385 7396 7397
f 7385 7397 7384
f 7384 7397 7398
f 7384 7398 7383
f 7383 7398 7399
f 7383 7399 7382
f 7382 7399 7400
f 7404 7418 7403
f 7403 7418 7411
f 7403 7411 7410
f 7410 7411 7412
f 7410 7412 7409
f 7409 7412 7413
f 7409 7413 7408
f 7408 7413 7414
f 7408 7414 7407
f 7407 7414 7420
f 7419 7415 7406
f 7406 7415 7416
f 7406 7416 7405
f 7405 7416 7417
f 7405 7417 7404
f 7404 7417 7418
f 7422 7436 7421
f 7421 7436 7429
f 7421 7429 7428
f 7428 7429 7430
f 7428 7430 7427
f 7427 7430 7431
f 7427 7431 7426
f 7426 7431 7432
f 7426 7432 7425
f 7425 7432 7438
f 7437 7433 7424
f 7424 7433 7434
f 7424 7434 7423
f 7423 7434 7435
f 7423 7435 7422
f 7422 7435 7436
f 7440 7454 7439
f 7439 7454 7455
f 7456 7447 7446
f 7446 7447 7448
f 7446 7448 7449
f 7440 7441 7454
f 7454 7441 7453
f 7453 7441 7442
f 7453 7442 7452
f 7452 7442 7443
f 7452 7443 7451
f 7451 7443 7444
f 7451 7444 7450
f 7450 7444 7445
f 7450 7445 7449
f 7449 7445 7446
f 7458 7476 7457
f 7457 7476 7478
f 7477 7467 7466
f 7466 7467 7468
f 7466 7468 7465
f 7465 7468 7469
f 7465 7469 7464
f 7464 7469 7470
f 7464 7470 7463
f 7463 7470 7471
f 7463 7471 7462
f 7462 7471 7472
f 7462 7472 7461
f 7461 7472 7473
f 7461 7473 7460
f 7460 7473 7474
f 7460 7474 7459
f 7459 7474 7475
f 7459 7475 7458
f 7458 7475 7476
f 7488 7479 7489
f 7489 7479 7480
f 7489 7480 7496
f 7496 7480 7481
f 7496 7481 7495
f 7495 7481 7482
f 7495 7482 7494
f 7494 7482 7483
f 7494 7483 7493
f 7493 7483 7484
f 7493 7484 7485
f 7493 7485 7492
f 7492 7485 7486
f 7492 7486 7491
f 7491 7486 7487
f 7491 7487 7490
f 7490 7487 7488
f 7490 7488 7489
f 7506 7497 7507
f 7507 7497 7498
f 7507 7498 7514
f 7514 7498 7499
f 7514 7499 7513
f 7513 7499 7500
f 7513 7500 7512
f 7512 7500 7501
f 7512 7501 7511
f 7511 7501 7502
f 7511 7502 7503
f 7511 7503 7510
f 7510 7503 7504
f 7510 7504 7509
f 7509 7504 7505
f 7509 7505 7508
f 7508 7505 7506
f 7508 7506 7507
