v -0.003672636687 0.0122000001 0.05487723855
v -0.003813875347 0.01280361872 0.05459199425
v -0.004286853907 0.01299999933 0.05403020295
v -0.005054231977 0.01299999933 0.05360807675
v -0.005925494367 0.01299999933 0.05351877315
v -0.006762549077 0.01299999933 0.05377646405
v -0.007356522107 0.0127847908 0.05424938055
v -0.007535822827 0.0122000001 0.05448129475
v -0.007535822827 -0.01219999809 0.05448129475
v -0.007339656347 -0.01280361671 0.05423062185
v -0.006762549077 -0.0130000021 0.05377646405
v -0.005925494367 -0.0130000021 0.05351877315
v -0.005054231977 -0.0130000021 0.05360807675
v -0.004286853907 -0.0130000021 0.05403020295
v -0.003801162907 -0.01278479118 0.05461377625
v -0.003672636687 -0.01219999809 0.05487723855
v -0.0131461725 0.0122000001 0.05340578825
v -0.01323578397 0.01280371408 0.05310021175
v -0.01360397267 0.01299999933 0.05246495915
v -0.01428639244 0.01299999933 0.05191598485
v -0.01512890606 0.01299999933 0.05167675415
v -0.01599799919 0.01299999933 0.05178517585
v -0.01666256777 0.0127872489 0.05214578755
v -0.01688191321 0.0122000001 0.05234501925
v -0.01688191321 -0.01219999809 0.05234501925
v -0.01664508689 -0.01280371685 0.05213214055
v -0.01599799919 -0.0130000021 0.05178517585
v -0.01512890606 -0.0130000021 0.05167675415
v -0.01428639244 -0.0130000021 0.05191598485
v -0.01360397267 -0.0130000021 0.05246495915
v -0.01322809263 -0.01278725166 0.05312101145
v -0.0131461725 -0.01219999809 0.05340578825
v -0.02222027329 0.0122000001 0.05031162365
v -0.02225546332 0.01280375223 0.04999508005
v -0.02250773757 0.01299999933 0.04930559215
v -0.02308447096 0.01299999933 0.04864645915
v -0.02387264396 0.01299999933 0.04826455885
v -0.02474735397 0.01299999933 0.04822041175
v -0.02545950115 0.01279150705 0.04845751295
v -0.02571505753 0.0122000001 0.04861826385
v -0.02571505753 -0.01219999809 0.04861826385
v -0.02544481455 -0.012803755 0.04844972155
v -0.02474735397 -0.0130000021 0.04822041175
v -0.02387264396 -0.0130000021 0.04826455885
v -0.02308447096 -0.0130000021 0.04864645915
v -0.02250773757 -0.0130000021 0.04930559215
v -0.02225247834 -0.01279150982 0.05001144505
v -0.02222027329 -0.01219999809 0.05031162365
v -0.03061921766 0.0122000001 0.04568876805
v -0.03059891338 0.01280376654 0.04537090845
v -0.03072762953 0.01299999933 0.04464809935
v -0.03118112896 0.01299999933 0.04389883485
v -0.03189101461 0.01299999933 0.04338587125
v -0.03274477213 0.01299999933 0.04319050955
v -0.03348495711 0.01279334526 0.04329957995
v -0.03376686343 0.0122000001 0.04341426835
v -0.03376686343 -0.01219999809 0.04341426835
v -0.03347144353 -0.0128037693 0.04329520265
v -0.03274477213 -0.0130000021 0.04319050955
v -0.03189101461 -0.0130000021 0.04338587125
v -0.03118112896 -0.0130000021 0.04389883485
v -0.03072762953 -0.0130000021 0.04464809935
v -0.03059881803 -0.01279334564 0.04538510865
v -0.03061921766 -0.01219999809 0.04568876805
v -0.03808781218 0.0122000001 0.03967767895
v -0.03801262388 0.01280376654 0.03936817365
v -0.03801386238 0.01299999933 0.03863399705
v -0.03833037598 0.01299999933 0.03781736515
v -0.03894039258 0.01299999933 0.03718892125
v -0.03974725768 0.01299999933 0.03684827695
v -0.04049513858 0.01279334526 0.03682716125
v -0.04079267558 0.0122000001 0.03689116185
v -0.04079267558 -0.01219999809 0.03689116185
v -0.04048107188 -0.0128037693 0.03682519675
v -0.03974725768 -0.0130000021 0.03684827695
v -0.03894039258 -0.0130000021 0.03718892125
v -0.03833037598 -0.0130000021 0.03781736515
v -0.03801386238 -0.0130000021 0.03863399705
v -0.03801499858 -0.01279334564 0.03938217355
v -0.03808781218 -0.01219999809 0.03967767895
v -0.04439913028 0.0122000001 0.03246101405
v -0.04427133738 0.01280375223 0.03216927575
v -0.04414506968 0.01299999933 0.03144602845
v -0.04431496528 0.01299999933 0.03058683435
v -0.04480659258 0.01299999933 0.02986201245
v -0.04554204638 0.01299999933 0.02938643285
v -0.04627733848 0.01279150705 0.02923568425
v -0.04657902388 0.0122000001 0.02924712785
v -0.04657902388 -0.01219999809 0.02924712785
v -0.04626071598 -0.012803755 0.02923627555
v -0.04554204638 -0.0130000021 0.02938643285
v -0.04480659258 -0.0130000021 0.02986201245
v -0.04431496528 -0.0130000021 0.03058683435
v -0.04414506968 -0.0130000021 0.03144602845
v -0.04427693548 -0.01279150982 0.03218493515
v -0.04439913028 -0.01219999809 0.03246101405
v -0.004286853907 0.01299999933 0.05403020295
v -0.003813875347 0.01280361872 0.05459199425
v -0.003672636687 0.0122000001 0.05487723855
v -0.001770037517 0.0122000001 0.05497151255
v 0.0001346789233 0.0122000001 0.05499983045
v 0.002039238133 0.0122000001 0.05496218275
v 0.002181536343 0.01279344301 0.05469299885
v 0.002678373033 0.01299999933 0.05413378425
v 0.0003558612533 0.01299999933 0.05419883025
v -0.001967303627 0.01299999933 0.05416428415
v -0.04936140758 0.0122000001 0.02425802345
v -0.04918492018 0.01280371647 0.02399295945
v -0.04893495138 0.01299999933 0.02330257605
v -0.04895306968 0.01299999933 0.02242694085
v -0.04931136368 0.01299999933 0.02162776115
v -0.04995306148 0.01299999933 0.02103169445
v -0.05065638628 0.01278732281 0.02075442195
v -0.05095009878 0.0122000001 0.02071443385
v -0.05095009878 -0.01219999809 0.02071443385
v -0.05063479508 -0.01280371685 0.02075900915
v -0.04995306148 -0.0130000021 0.02103169445
v -0.04931136368 -0.0130000021 0.02162776115
v -0.04895306968 -0.0130000021 0.02242694085
v -0.04893495138 -0.0130000021 0.02330257605
v -0.04919586838 -0.01278732319 0.02401213785
v -0.04936140758 -0.01219999809 0.02425802345
v -0.007535822827 0.0122000001 0.05448129475
v -0.007356522107 0.0127847908 0.05424938055
v -0.006762549077 0.01299999933 0.05377646405
v -0.009061075247 0.01299999933 0.05343722855
v -0.01134294532 0.01299999933 0.05299979315
v -0.01360397267 0.01299999933 0.05246495915
v -0.01323578397 0.01280371408 0.05310021175
v -0.0131461725 0.0122000001 0.05340578825
v -0.0112888496 0.0122000001 0.05382900355
v -0.009417984407 0.0122000001 0.05418765515
v -0.006762549077 0.01299999933 0.05377646405
v -0.005925494367 0.01299999933 0.05351877315
v -0.005054231977 0.01299999933 0.05360807675
v -0.004286853907 0.01299999933 0.05403020295
v -0.001967303627 0.01299999933 0.05416428415
v 0.0003558612533 0.01299999933 0.05419883025
v 0.002678373033 0.01299999933 0.05413378425
v 0.003457964343 0.01299999933 0.05373465385
v 0.004331496753 0.01299999933 0.05367130275
v 0.005160520573 0.01299999933 0.05395376345
v 0.007468112483 0.01299999933 0.05368302895
v 0.009761981193 0.01299999933 0.05331363675
v 0.01203791146 0.01299999933 0.05284627355
v 0.01273635485 0.01299999933 0.05231783435
v 0.01358561651 0.01299999933 0.05210375495
v 0.01445109479 0.01299999933 0.05223797665
v 0.01667661419 0.01299999933 0.05157063745
v 0.0188714922 0.01299999933 0.05080853155
v 0.02103169 0.01299999933 0.04995306085
v 0.02162775665 0.01299999933 0.04931136305
v 0.02242694112 0.01299999933 0.04895306895
v 0.0233025763 0.01299999933 0.04893495075
v 0.02537840764 0.01299999933 0.04789130085
v 0.02740759969 0.01299999933 0.04675963635
v 0.02938642835 0.01299999933 0.04554204565
v 0.02986201272 0.01299999933 0.04480659195
v 0.03058683705 0.01299999933 0.04431496455
v 0.03144602639 0.01299999933 0.04414506895
v 0.03330908882 0.01299999933 0.04275680855
v 0.03511094219 0.01299999933 0.04128997475
v 0.03684827486 0.01299999933 0.03974725705
v 0.03718892635 0.01299999933 0.03894039195
v 0.0378173678 0.01299999933 0.03833037525
v 0.03863400206 0.01299999933 0.03801386175
v 0.04022769018 0.01299999933 0.03632317165
v 0.04174745673 0.01299999933 0.03456573375
v 0.04319050745 0.01299999933 0.03274477145
v 0.04338587152 0.01299999933 0.03189101395
v 0.0438988351 0.01299999933 0.03118112825
v 0.04464810205 0.01299999933 0.03072762885
v 0.04592399414 0.01299999933 0.02878587385
v 0.04711549568 0.01299999933 0.02679122805
v 0.0482204156 0.01299999933 0.02474735335
v 0.04826455914 0.01299999933 0.02387264325
v 0.0486464606 0.01299999933 0.02308447025
v 0.04930559361 0.01299999933 0.02250774645
v 0.05022492152 0.01299999933 0.02037393995
v 0.05105195408 0.01299999933 0.01820269195
v 0.05178517257 0.01299999933 0.01599799855
v 0.05167675205 0.01299999933 0.01512890535
v 0.05191598631 0.01299999933 0.01428639175
v 0.0524649594 0.01299999933 0.01360397205
v 0.05299978869 0.01299999933 0.01134294465
v 0.05343722403 0.01299999933 0.009061069851
v 0.05377646194 0.01299999933 0.006762553151
v 0.05351877465 0.01299999933 0.005925493751
v 0.05360807228 0.01299999933 0.005054231351
v 0.05403020326 0.01299999933 0.004286853251
v 0.0541642844 0.01299999933 0.001967302951
v 0.05419883175 0.01299999933 -0.0003558619491
v 0.05413378213 0.01299999933 -0.002678373749
v 0.0537346553 0.01299999933 -0.003457965049
v 0.05367130305 0.01299999933 -0.004331497449
v 0.05395376734 0.01299999933 -0.005160521249
v 0.05368302564 0.01299999933 -0.007468113149
v 0.05331363465 0.01299999933 -0.009761981849
v 0.05284627385 0.01299999933 -0.01203791215
v 0.05231783579 0.01299999933 -0.01273635555
v 0.05210376005 0.01299999933 -0.01358561245
v 0.05223797335 0.01299999933 -0.01445109545
v 0.05157063531 0.01299999933 -0.01667661485
v 0.05080853059 0.01299999933 -0.01887149285
v 0.04995305872 0.01299999933 -0.02103169065
v 0.04931136451 0.01299999933 -0.02162775735
v 0.04895306928 0.01299999933 -0.02242694175
v 0.04893495458 0.01299999933 -0.02330257695
v 0.04789129758 0.01299999933 -0.02537840835
v 0.04675963424 0.01299999933 -0.02740760035
v 0.04554204476 0.01299999933 -0.02938642905
v 0.04480659461 0.01299999933 -0.02986201335
v 0.04431496485 0.01299999933 -0.03058683535
v 0.04414507405 0.01299999933 -0.03144602465
v 0.04275680646 0.01299999933 -0.03330908945
v 0.04128997031 0.01299999933 -0.03511094285
v 0.03974725972 0.01299999933 -0.03684827555
v 0.03894039701 0.01299999933 -0.03718892465
v 0.03833037318 0.01299999933 -0.03781736605
v 0.03801386441 0.01299999933 -0.03863400035
v 0.03632317193 0.01299999933 -0.04022769085
v 0.03456573164 0.01299999933 -0.04174745745
v 0.03274477175 0.01299999933 -0.04319050575
v 0.03189101423 0.01299999933 -0.04338587215
v 0.03118113096 0.01299999933 -0.04389883575
v 0.03072762438 0.01299999933 -0.04464810275
v 0.02878587657 0.01299999933 -0.04592399365
v 0.02679123068 0.01299999933 -0.04711549635
v 0.02474735359 0.01299999933 -0.04822041505
v 0.02387264358 0.01299999933 -0.04826455985
v 0.02308446581 0.01299999933 -0.04864646005
v 0.02250774196 0.01299999933 -0.04930559305
v 0.02037393543 0.01299999933 -0.05022492215
v 0.01820269226 0.01299999933 -0.05105195475
v 0.0159979988 0.01299999933 -0.05178517205
v 0.01512891044 0.01299999933 -0.05167675275
v 0.01428639205 0.01299999933 -0.05191598575
v 0.01360397229 0.01299999933 -0.05246496005
v 0.01134294494 0.01299999933 -0.05299978935
v 0.009061074863 0.01299999933 -0.05343722465
v 0.006762553463 0.01299999933 -0.05377646265
v 0.005925493993 0.01299999933 -0.05351877415
v 0.005054231593 0.01299999933 -0.05360807175
v 0.004286853533 0.01299999933 -0.05403020395
v 0.001967303253 0.01299999933 -0.05416428505
v -0.0003558616267 0.01299999933 -0.05419883125
v -0.002678373417 0.01299999933 -0.05413378165
v -0.003457964717 0.01299999933 -0.05373465475
v -0.004331497127 0.01299999933 -0.05367130375
v -0.005160520947 0.01299999933 -0.05395376805
v -0.007468112857 0.01299999933 -0.05368302635
v -0.009761981577 0.01299999933 -0.05331363535
v -0.01203791185 0.01299999933 -0.05284627455
v -0.01273635523 0.01299999933 -0.05231783525
v -0.01358561689 0.01299999933 -0.05210375835
v -0.01445109517 0.01299999933 -0.05223797285
v -0.01667661457 0.01299999933 -0.05157063595
v -0.01887148781 0.01299999933 -0.05080853005
v -0.02103168562 0.01299999933 -0.04995305705
v -0.0216277618 0.01299999933 -0.04931136395
v -0.02242694151 0.01299999933 -0.04895306995
v -0.02330257669 0.01299999933 -0.04893495405
v -0.02537840326 0.01299999933 -0.04789129705
v -0.02740760484 0.01299999933 -0.04675963495
v -0.0293864335 0.01299999933 -0.04554204425
v -0.0298620131 0.01299999933 -0.04480659285
v -0.03058683505 0.01299999933 -0.04431496555
v -0.03144602915 0.01299999933 -0.04414507235
v -0.03330909159 0.01299999933 -0.04275680715
v -0.03511094738 0.01299999933 -0.04128997095
v -0.03684827758 0.01299999933 -0.03974725805
v -0.03718892198 0.01299999933 -0.03894039765
v -0.03781736578 0.01299999933 -0.03833037145
v -0.03863399768 0.01299999933 -0.03801386505
v -0.04022769538 0.01299999933 -0.03632317255
v -0.04174745478 0.01299999933 -0.03456573235
v -0.04319051018 0.01299999933 -0.03274477245
v -0.04338587188 0.01299999933 -0.03189101485
v -0.04389883548 0.01299999933 -0.03118112925
v -0.04464810008 0.01299999933 -0.03072762505
v -0.04592399568 0.01299999933 -0.02878587485
v -0.04711549128 0.01299999933 -0.02679122895
v -0.04822041238 0.01299999933 -0.02474735425
v -0.04826455948 0.01299999933 -0.02387263945
v -0.04864645978 0.01299999933 -0.02308446645
v -0.04930559278 0.01299999933 -0.02250774265
v -0.05022491948 0.01299999933 -0.02037393615
v -0.05105194968 0.01299999933 -0.01820269295
v -0.05178517648 0.01299999933 -0.01599799945
v -0.05167675478 0.01299999933 -0.01512891115
v -0.05191598548 0.01299999933 -0.01428639275
v -0.05246495978 0.01299999933 -0.01360397295
v -0.05299978428 0.01299999933 -0.01134294565
v -0.05343721968 0.01299999933 -0.009061075549
v -0.05377646468 0.01299999933 -0.006762549349
v -0.05351877388 0.01299999933 -0.005925494649
v -0.05360806788 0.01299999933 -0.005054232249
v -0.05403020368 0.01299999933 -0.004286854149
v -0.05416428478 0.01299999933 -0.001967303949
v -0.05419883098 0.01299999933 0.0003558609509
v -0.05413378488 0.01299999933 0.002678372751
v -0.05373465448 0.01299999933 0.003457964051
v -0.05367130348 0.01299999933 0.004331496451
v -0.05395376418 0.01299999933 0.005160520251
v -0.05368302958 0.01299999933 0.007468112151
v -0.05331363738 0.01299999933 0.009761985651
v -0.05284627428 0.01299999933 0.01203791115
v -0.05231783498 0.01299999933 0.01273635455
v -0.05210375568 0.01299999933 0.01358561145
v -0.05223797728 0.01299999933 0.01445108975
v -0.05157063808 0.01299999933 0.01667661395
v -0.05080853218 0.01299999933 0.01887149665
v -0.04995306148 0.01299999933 0.02103169445
v -0.04931136368 0.01299999933 0.02162776115
v -0.04895306968 0.01299999933 0.02242694085
v -0.04893495138 0.01299999933 0.02330257605
v -0.04789130158 0.01299999933 0.02537841215
v -0.04675963698 0.01299999933 0.02740760415
v -0.04554204638 0.01299999933 0.02938643285
v -0.04480659258 0.01299999933 0.02986201245
v -0.04431496528 0.01299999933 0.03058683435
v -0.04414506968 0.01299999933 0.03144602845
v -0.04275680928 0.01299999933 0.03330909095
v -0.04128997548 0.01299999933 0.03511094665
v -0.03974725768 0.01299999933 0.03684827695
v -0.03894039258 0.01299999933 0.03718892125
v -0.03833037598 0.01299999933 0.03781736515
v -0.03801386238 0.01299999933 0.03863399705
v -0.03632317228 0.01299999933 0.04022769465
v -0.03456573441 0.01299999933 0.04174745405
v -0.03274477213 0.01299999933 0.04319050955
v -0.03189101461 0.01299999933 0.04338587125
v -0.03118112896 0.01299999933 0.04389883485
v -0.03072762953 0.01299999933 0.04464809935
v -0.02878587457 0.01299999933 0.04592399505
v -0.02679122868 0.01299999933 0.04711550015
v -0.02474735397 0.01299999933 0.04822041175
v -0.02387264396 0.01299999933 0.04826455885
v -0.02308447096 0.01299999933 0.04864645915
v -0.02250773757 0.01299999933 0.04930559215
v -0.02037394059 0.01299999933 0.05022491885
v -0.01820269265 0.01299999933 0.05105195855
v -0.01599799919 0.01299999933 0.05178517585
v -0.01512890606 0.01299999933 0.05167675415
v -0.01428639244 0.01299999933 0.05191598485
v -0.01360397267 0.01299999933 0.05246495915
v -0.01134294532 0.01299999933 0.05299979315
v -0.009061075247 0.01299999933 0.05343722855
v -0.003255009757 0.01299999933 -0.04488212255
v 0.006147636733 0.01299999933 -0.04457809605
v 0.0152816059 0.01299999933 -0.04232579215
v 0.02374768986 0.01299999933 -0.03822364745
v 0.03117588951 0.01299999933 -0.03245094835
v 0.0372415531 0.01299999933 -0.02525998545
v 0.04167958118 0.01299999933 -0.01696503765
v 0.04429601134 0.01299999933 -0.007928639849
v 0.04497649395 0.01299999933 0.001454281551
v 0.0436912894 0.01299999933 0.01077364195
v 0.04049656266 0.01299999933 0.01962214135
v 0.03553194426 0.01299999933 0.02761305555
v 0.02901440764 0.01299999933 0.03439714945
v 0.0212288039 0.01299999933 0.03967792615
v 0.0125153997 0.01299999933 0.04322458745
v 0.003255009373 0.01299999933 0.04488212395
v -0.006147637107 0.01299999933 0.04457809515
v -0.01528160151 0.01299999933 0.04232578645
v -0.02374769501 0.01299999933 0.03822364645
v -0.03117589227 0.01299999933 0.03245094745
v -0.03724155348 0.01299999933 0.02525998445
v -0.04167957678 0.01299999933 0.01696504145
v -0.04429601408 0.01299999933 0.007928638951
v -0.04497649198 0.01299999933 -0.001454277749
v -0.04369128498 0.01299999933 -0.01077363815
v -0.04049656548 0.01299999933 -0.01962213755
v -0.03553194228 0.01299999933 -0.02761305655
v -0.02901440564 0.01299999933 -0.03439715275
v -0.02122879952 0.01299999933 -0.03967792705
v -0.01251540009 0.01299999933 -0.04322458605
v -0.003672636687 0.0122000001 0.05487723855
v -0.003672636687 -0.01219999809 0.05487723855
v -0.001770037517 -0.01219999809 0.05497151255
v 0.0001346789233 -0.01219999809 0.05499983045
v 0.002039238133 -0.01219999809 0.05496218275
v 0.002039238133 0.0122000001 0.05496218275
v 0.0001346789233 0.0122000001 0.05499983045
v -0.001770037517 0.0122000001 0.05497151255
v -0.01641077094 -0.0130000021 0.02600390605
v -0.01704423583 -0.0130000021 0.02930837695
v -0.01924508221 -0.0130000021 0.03185340555
v -0.02242357573 -0.0130000021 0.03295704915
v -0.02572805613 -0.0130000021 0.03232357465
v -0.02827307523 -0.0130000021 0.03012273785
v -0.02937671879 -0.0130000021 0.02694424435
v -0.02874324437 -0.0130000021 0.02363976395
v -0.02654240753 -0.0130000021 0.02109473525
v -0.023363914 -0.0130000021 0.01999110125
v -0.02005943361 -0.0130000021 0.02062456615
v -0.01751440497 -0.0130000021 0.02282541255
v -0.01641077094 -0.0080000021 0.02600390605
v -0.01751440497 -0.0080000021 0.02282541255
v -0.02005943361 -0.0080000021 0.02062456615
v -0.023363914 -0.0080000021 0.01999110125
v -0.02654240753 -0.0080000021 0.02109473525
v -0.02874324437 -0.0080000021 0.02363976395
v -0.02937671879 -0.0080000021 0.02694424435
v -0.02827307523 -0.0080000021 0.03012273785
v -0.02572805613 -0.0080000021 0.03232357465
v -0.02242357573 -0.0080000021 0.03295704915
v -0.01924508221 -0.0080000021 0.03185340555
v -0.01704423583 -0.0080000021 0.02930837695
v -0.01641077094 -0.0130000021 0.02600390605
v -0.01641077094 -0.0080000021 0.02600390605
v -0.05282385908 0.0122000001 0.01531797865
v -0.05260411308 0.01280361872 0.01508768575
v -0.05223797728 0.01299999933 0.01445108975
v -0.05210375568 0.01299999933 0.01358561145
v -0.05231783498 0.01299999933 0.01273635455
v -0.05284627428 0.01299999933 0.01203791115
v -0.05349380888 0.01278479795 0.01164151535
v -0.05377307318 0.0122000001 0.01155233675
v -0.05377307318 -0.01219999809 0.01155233675
v -0.05347042478 -0.01280361671 0.01165094715
v -0.05284627428 -0.0130000021 0.01203791115
v -0.05231783498 -0.0130000021 0.01273635455
v -0.05210375568 -0.0130000021 0.01358561145
v -0.05223797728 -0.0130000021 0.01445108975
v -0.05262023018 -0.01278479595 0.01510707395
v -0.05282385908 -0.01219999809 0.01531797865
v -0.01688191321 0.0122000001 0.05234501925
v -0.01666256777 0.0127872489 0.05214578755
v -0.01599799919 0.01299999933 0.05178517585
v -0.01820269265 0.01299999933 0.05105195855
v -0.02037394059 0.01299999933 0.05022491885
v -0.02250773757 0.01299999933 0.04930559215
v -0.02225546332 0.01280375223 0.04999508005
v -0.02222027329 0.0122000001 0.05031162365
v -0.02046465554 0.0122000001 0.05105093415
v -0.0186844901 0.0122000001 0.05172899975
v -0.007535822827 -0.01219999809 0.05448129475
v -0.007535822827 0.0122000001 0.05448129475
v -0.009417984407 0.0122000001 0.05418765515
v -0.0112888496 0.0122000001 0.05382900355
v -0.0131461725 0.0122000001 0.05340578825
v -0.0131461725 -0.01219999809 0.05340578825
v -0.0112888496 -0.01219999809 0.05382900355
v -0.009417984407 -0.01219999809 0.05418765515
v 0.01203791146 -0.0130000021 0.05284627355
v 0.01165094748 -0.01280361671 0.05347042415
v 0.01155234179 -0.01219999809 0.05377307245
v 0.009683253933 -0.01219999809 0.05414087275
v 0.007802555193 -0.01219999809 0.05444373735
v 0.005912496263 -0.01219999809 0.05468128475
v 0.005732843523 -0.01279344578 0.05443544635
v 0.005160520573 -0.0130000021 0.05395376345
v 0.007468112483 -0.0130000021 0.05368302895
v 0.009761981193 -0.0130000021 0.05331363675
v -0.004286853907 -0.0130000021 0.05403020295
v -0.005054231977 -0.0130000021 0.05360807675
v -0.005925494367 -0.0130000021 0.05351877315
v -0.006762549077 -0.0130000021 0.05377646405
v -0.009061075247 -0.0130000021 0.05343722855
v -0.01134294532 -0.0130000021 0.05299979315
v -0.01360397267 -0.0130000021 0.05246495915
v -0.01428639244 -0.0130000021 0.05191598485
v -0.01512890606 -0.0130000021 0.05167675415
v -0.01599799919 -0.0130000021 0.05178517585
v -0.01820269265 -0.0130000021 0.05105195855
v -0.02037394059 -0.0130000021 0.05022491885
v -0.02250773757 -0.0130000021 0.04930559215
v -0.02308447096 -0.0130000021 0.04864645915
v -0.02387264396 -0.0130000021 0.04826455885
v -0.02474735397 -0.0130000021 0.04822041175
v -0.02679122868 -0.0130000021 0.04711550015
v -0.02878587457 -0.0130000021 0.04592399505
v -0.03072762953 -0.0130000021 0.04464809935
v -0.03118112896 -0.0130000021 0.04389883485
v -0.03189101461 -0.0130000021 0.04338587125
v -0.03274477213 -0.0130000021 0.04319050955
v -0.03456573441 -0.0130000021 0.04174745405
v -0.03632317228 -0.0130000021 0.04022769465
v -0.03801386238 -0.0130000021 0.03863399705
v -0.03833037598 -0.0130000021 0.03781736515
v -0.03894039258 -0.0130000021 0.03718892125
v -0.03974725768 -0.0130000021 0.03684827695
v -0.04128997548 -0.0130000021 0.03511094665
v -0.04275680928 -0.0130000021 0.03330909095
v -0.04414506968 -0.0130000021 0.03144602845
v -0.04431496528 -0.0130000021 0.03058683435
v -0.04480659258 -0.0130000021 0.02986201245
v -0.04554204638 -0.0130000021 0.02938643285
v -0.04675963698 -0.0130000021 0.02740760415
v -0.04789130158 -0.0130000021 0.02537841215
v -0.04893495138 -0.0130000021 0.02330257605
v -0.04895306968 -0.0130000021 0.02242694085
v -0.04931136368 -0.0130000021 0.02162776115
v -0.04995306148 -0.0130000021 0.02103169445
v -0.05080853218 -0.0130000021 0.01887149665
v -0.05157063808 -0.0130000021 0.01667661395
v -0.05223797728 -0.0130000021 0.01445108975
v -0.05210375568 -0.0130000021 0.01358561145
v -0.05231783498 -0.0130000021 0.01273635455
v -0.05284627428 -0.0130000021 0.01203791115
v -0.05331363738 -0.0130000021 0.009761985651
v -0.05368302958 -0.0130000021 0.007468112151
v -0.05395376418 -0.0130000021 0.005160520251
v -0.05367130348 -0.0130000021 0.004331496451
v -0.05373465448 -0.0130000021 0.003457964051
v -0.05413378488 -0.0130000021 0.002678372751
v -0.05419883098 -0.0130000021 0.0003558609509
v -0.05416428478 -0.0130000021 -0.001967303949
v -0.05403020368 -0.0130000021 -0.004286854149
v -0.05360806788 -0.0130000021 -0.005054232249
v -0.05351877388 -0.0130000021 -0.005925494649
v -0.05377646468 -0.0130000021 -0.006762549349
v -0.05343721968 -0.0130000021 -0.009061075549
v -0.05299978428 -0.0130000021 -0.01134294565
v -0.05246495978 -0.0130000021 -0.01360397295
v -0.05191598548 -0.0130000021 -0.01428639275
v -0.05167675478 -0.0130000021 -0.01512891115
v -0.05178517648 -0.0130000021 -0.01599799945
v -0.05105194968 -0.0130000021 -0.01820269295
v -0.05022491948 -0.0130000021 -0.02037393615
v -0.04930559278 -0.0130000021 -0.02250774265
v -0.04864645978 -0.0130000021 -0.02308446645
v -0.04826455948 -0.0130000021 -0.02387263945
v -0.04822041238 -0.0130000021 -0.02474735425
v -0.04711549128 -0.0130000021 -0.02679122895
v -0.04592399568 -0.0130000021 -0.02878587485
v -0.04464810008 -0.0130000021 -0.03072762505
v -0.04389883548 -0.0130000021 -0.03118112925
v -0.04338587188 -0.0130000021 -0.03189101485
v -0.04319051018 -0.0130000021 -0.03274477245
v -0.04174745478 -0.0130000021 -0.03456573235
v -0.04022769538 -0.0130000021 -0.03632317255
v -0.03863399768 -0.0130000021 -0.03801386505
v -0.03781736578 -0.0130000021 -0.03833037145
v -0.03718892198 -0.0130000021 -0.03894039765
v -0.03684827758 -0.0130000021 -0.03974725805
v -0.03511094738 -0.0130000021 -0.04128997095
v -0.03330909159 -0.0130000021 -0.04275680715
v -0.03144602915 -0.0130000021 -0.04414507235
v -0.03058683505 -0.0130000021 -0.04431496555
v -0.0298620131 -0.0130000021 -0.04480659285
v -0.0293864335 -0.0130000021 -0.04554204425
v -0.02740760484 -0.0130000021 -0.04675963495
v -0.02537840326 -0.0130000021 -0.04789129705
v -0.02330257669 -0.0130000021 -0.04893495405
v -0.02242694151 -0.0130000021 -0.04895306995
v -0.0216277618 -0.0130000021 -0.04931136395
v -0.02103168562 -0.0130000021 -0.04995305705
v -0.01887148781 -0.0130000021 -0.05080853005
v -0.01667661457 -0.0130000021 -0.05157063595
v -0.01445109517 -0.0130000021 -0.05223797285
v -0.01358561689 -0.0130000021 -0.05210375835
v -0.01273635523 -0.0130000021 -0.05231783525
v -0.01203791185 -0.0130000021 -0.05284627455
v -0.009761981577 -0.0130000021 -0.05331363535
v -0.007468112857 -0.0130000021 -0.05368302635
v -0.005160520947 -0.0130000021 -0.05395376805
v -0.004331497127 -0.0130000021 -0.05367130375
v -0.003457964717 -0.0130000021 -0.05373465475
v -0.002678373417 -0.0130000021 -0.05413378165
v -0.0003558616267 -0.0130000021 -0.05419883125
v 0.001967303253 -0.0130000021 -0.05416428505
v 0.004286853533 -0.0130000021 -0.05403020395
v 0.005054231593 -0.0130000021 -0.05360807175
v 0.005925493993 -0.0130000021 -0.05351877415
v 0.006762553463 -0.0130000021 -0.05377646265
v 0.009061074863 -0.0130000021 -0.05343722465
v 0.01134294494 -0.0130000021 -0.05299978935
v 0.01360397229 -0.0130000021 -0.05246496005
v 0.01428639205 -0.0130000021 -0.05191598575
v 0.01512891044 -0.0130000021 -0.05167675275
v 0.0159979988 -0.0130000021 -0.05178517205
v 0.01820269226 -0.0130000021 -0.05105195475
v 0.02037393543 -0.0130000021 -0.05022492215
v 0.02250774196 -0.0130000021 -0.04930559305
v 0.02308446581 -0.0130000021 -0.04864646005
v 0.02387264358 -0.0130000021 -0.04826455985
v 0.02474735359 -0.0130000021 -0.04822041505
v 0.02679123068 -0.0130000021 -0.04711549635
v 0.02878587657 -0.0130000021 -0.04592399365
v 0.03072762438 -0.0130000021 -0.04464810275
v 0.03118113096 -0.0130000021 -0.04389883575
v 0.03189101423 -0.0130000021 -0.04338587215
v 0.03274477175 -0.0130000021 -0.04319050575
v 0.03456573164 -0.0130000021 -0.04174745745
v 0.03632317193 -0.0130000021 -0.04022769085
v 0.03801386441 -0.0130000021 -0.03863400035
v 0.03833037318 -0.0130000021 -0.03781736605
v 0.03894039701 -0.0130000021 -0.03718892465
v 0.03974725972 -0.0130000021 -0.03684827555
v 0.04128997031 -0.0130000021 -0.03511094285
v 0.04275680646 -0.0130000021 -0.03330908945
v 0.04414507405 -0.0130000021 -0.03144602465
v 0.04431496485 -0.0130000021 -0.03058683535
v 0.04480659461 -0.0130000021 -0.02986201335
v 0.04554204476 -0.0130000021 -0.02938642905
v 0.04675963424 -0.0130000021 -0.02740760035
v 0.04789129758 -0.0130000021 -0.02537840835
v 0.04893495458 -0.0130000021 -0.02330257695
v 0.04895306928 -0.0130000021 -0.02242694175
v 0.04931136451 -0.0130000021 -0.02162775735
v 0.04995305872 -0.0130000021 -0.02103169065
v 0.05080853059 -0.0130000021 -0.01887149285
v 0.05157063531 -0.0130000021 -0.01667661485
v 0.05223797335 -0.0130000021 -0.01445109545
v 0.05210376005 -0.0130000021 -0.01358561245
v 0.05231783579 -0.0130000021 -0.01273635555
v 0.05284627385 -0.0130000021 -0.01203791215
v 0.05331363465 -0.0130000021 -0.009761981849
v 0.05368302564 -0.0130000021 -0.007468113149
v 0.05395376734 -0.0130000021 -0.005160521249
v 0.05367130305 -0.0130000021 -0.004331497449
v 0.0537346553 -0.0130000021 -0.003457965049
v 0.05413378213 -0.0130000021 -0.002678373749
v 0.05419883175 -0.0130000021 -0.0003558619491
v 0.0541642844 -0.0130000021 0.001967302951
v 0.05403020326 -0.0130000021 0.004286853251
v 0.05360807228 -0.0130000021 0.005054231351
v 0.05351877465 -0.0130000021 0.005925493751
v 0.05377646194 -0.0130000021 0.006762553151
v 0.05343722403 -0.0130000021 0.009061069851
v 0.05299978869 -0.0130000021 0.01134294465
v 0.0524649594 -0.0130000021 0.01360397205
v 0.05191598631 -0.0130000021 0.01428639175
v 0.05167675205 -0.0130000021 0.01512890535
v 0.05178517257 -0.0130000021 0.01599799855
v 0.05105195408 -0.0130000021 0.01820269195
v 0.05022492152 -0.0130000021 0.02037393995
v 0.04930559361 -0.0130000021 0.02250774645
v 0.0486464606 -0.0130000021 0.02308447025
v 0.04826455914 -0.0130000021 0.02387264325
v 0.0482204156 -0.0130000021 0.02474735335
v 0.04711549568 -0.0130000021 0.02679122805
v 0.04592399414 -0.0130000021 0.02878587385
v 0.04464810205 -0.0130000021 0.03072762885
v 0.0438988351 -0.0130000021 0.03118112825
v 0.04338587152 -0.0130000021 0.03189101395
v 0.04319050745 -0.0130000021 0.03274477145
v 0.04174745673 -0.0130000021 0.03456573375
v 0.04022769018 -0.0130000021 0.03632317165
v 0.03863400206 -0.0130000021 0.03801386175
v 0.0378173678 -0.0130000021 0.03833037525
v 0.03718892635 -0.0130000021 0.03894039195
v 0.03684827486 -0.0130000021 0.03974725705
v 0.03511094219 -0.0130000021 0.04128997475
v 0.03330908882 -0.0130000021 0.04275680855
v 0.03144602639 -0.0130000021 0.04414506895
v 0.03058683705 -0.0130000021 0.04431496455
v 0.02986201272 -0.0130000021 0.04480659195
v 0.02938642835 -0.0130000021 0.04554204565
v 0.02740759969 -0.0130000021 0.04675963635
v 0.02537840764 -0.0130000021 0.04789130085
v 0.0233025763 -0.0130000021 0.04893495075
v 0.02242694112 -0.0130000021 0.04895306895
v 0.02162775665 -0.0130000021 0.04931136305
v 0.02103169 -0.0130000021 0.04995306085
v 0.0188714922 -0.0130000021 0.05080853155
v 0.01667661419 -0.0130000021 0.05157063745
v 0.01445109479 -0.0130000021 0.05223797665
v 0.01358561651 -0.0130000021 0.05210375495
v 0.01273635485 -0.0130000021 0.05231783435
v 0.01203791146 -0.0130000021 0.05284627355
v 0.009761981193 -0.0130000021 0.05331363675
v 0.007468112483 -0.0130000021 0.05368302895
v 0.005160520573 -0.0130000021 0.05395376345
v 0.004331496753 -0.0130000021 0.05367130275
v 0.003457964343 -0.0130000021 0.05373465385
v 0.002678373033 -0.0130000021 0.05413378425
v 0.0003558612533 -0.0130000021 0.05419883025
v -0.001967303627 -0.0130000021 0.05416428415
v -0.01641077094 -0.0130000021 0.02600390605
v -0.01751440497 -0.0130000021 0.02282541255
v -0.02005943361 -0.0130000021 0.02062456615
v -0.023363914 -0.0130000021 0.01999110125
v -0.02654240753 -0.0130000021 0.02109473525
v -0.02874324437 -0.0130000021 0.02363976395
v -0.02937671879 -0.0130000021 0.02694424435
v -0.02827307523 -0.0130000021 0.03012273785
v -0.02572805613 -0.0130000021 0.03232357465
v -0.02242357573 -0.0130000021 0.03295704915
v -0.01924508221 -0.0130000021 0.03185340555
v -0.01704423583 -0.0130000021 0.02930837695
v -0.02600390673 -0.0130000021 -0.01641077125
v -0.02282540366 -0.0130000021 -0.01751441005
v -0.02062456683 -0.0130000021 -0.02005943385
v -0.01999110194 -0.0130000021 -0.02336390955
v -0.02109473596 -0.0130000021 -0.02654240785
v -0.0236397646 -0.0130000021 -0.02874324465
v -0.026944245 -0.0130000021 -0.02937671435
v -0.03012273853 -0.0130000021 -0.02827308025
v -0.03232357536 -0.0130000021 -0.02572805165
v -0.03295704979 -0.0130000021 -0.02242357605
v -0.03185340623 -0.0130000021 -0.01924507775
v -0.02930837759 -0.0130000021 -0.01704424085
v 0.01641077056 -0.0130000021 -0.02600390225
v 0.01751440935 -0.0130000021 -0.02282540875
v 0.02005943322 -0.0130000021 -0.02062456715
v 0.02336391362 -0.0130000021 -0.01999109745
v 0.02654240715 -0.0130000021 -0.02109473625
v 0.02874324636 -0.0130000021 -0.02363976485
v 0.02937671602 -0.0130000021 -0.02694424055
v 0.02827307961 -0.0130000021 -0.03012273885
v 0.02572805336 -0.0130000021 -0.03232357565
v 0.02242357535 -0.0130000021 -0.03295704535
v 0.01924507705 -0.0130000021 -0.03185340655
v 0.01704424022 -0.0130000021 -0.02930838265
v 0.02600390396 -0.0130000021 0.01641077025
v 0.02282540805 -0.0130000021 0.01751440425
v 0.02062457121 -0.0130000021 0.02005943295
v 0.01999110156 -0.0130000021 0.02336391335
v 0.02109473558 -0.0130000021 0.02654240685
v 0.02363976422 -0.0130000021 0.02874324365
v 0.02694423984 -0.0130000021 0.02937671815
v 0.03012273576 -0.0130000021 0.02827307455
v 0.03232357498 -0.0130000021 0.02572805545
v 0.03295704463 -0.0130000021 0.02242357505
v 0.03185340823 -0.0130000021 0.01924508155
v 0.02930838197 -0.0130000021 0.01704423515
v -0.02269040654 -0.0130000021 0.001645589151
v -0.02366257917 -0.0130000021 -4.764704907e-05
v -0.0255925389 -0.0130000021 -0.0003432846491
v -0.02702700091 -0.0130000021 0.0009812901509
v -0.02688576516 -0.0130000021 0.002928655151
v -0.02527520191 -0.0130000021 0.004032397751
v -0.0234080878 -0.0130000021 0.003461378951
v -0.001645589777 -0.0130000021 -0.02269040685
v 4.764637326e-05 -0.0130000021 -0.02366257945
v 0.0003432888033 -0.0130000021 -0.02559254395
v -0.0009812907867 -0.0130000021 -0.02702699645
v -0.002928655837 -0.0130000021 -0.02688576545
v -0.004032398407 -0.0130000021 -0.02527520215
v -0.003461379647 -0.0130000021 -0.02340809285
v 0.02269040616 -0.0130000021 -0.001645590049
v 0.02366257878 -0.0130000021 4.764605093e-05
v 0.02559254328 -0.0130000021 0.0003432885509
v 0.02702699814 -0.0130000021 -0.0009812910491
v 0.02688576716 -0.0130000021 -0.002928651349
v 0.02527520391 -0.0130000021 -0.004032398649
v 0.02340809218 -0.0130000021 -0.003461379949
v 0.001645589393 -0.0130000021 0.02269040585
v -4.764675674e-05 -0.0130000021 0.02366257845
v -0.0003432891767 -0.0130000021 0.02559254775
v 0.0009812904033 -0.0130000021 0.02702700025
v 0.002928655463 -0.0130000021 0.02688576445
v 0.004032398023 -0.0130000021 0.02527520125
v 0.003461379263 -0.0130000021 0.02340808715
v -0.001229669087 -0.0130000021 -0.01695546655
v -0.006668476027 -0.0130000021 -0.01563750295
v -0.01138464877 -0.0130000021 -0.01262496845
v -0.01486711743 -0.0130000021 -0.008244324049
v -0.01673849796 -0.0130000021 -0.002970279549
v -0.01679601434 -0.0130000021 0.002625642851
v -0.01503341418 -0.0130000021 0.007937034951
v -0.0116417079 -0.0130000021 0.01238832525
v -0.006988450257 -0.0130000021 0.01549714955
v -0.001577876897 -0.0130000021 0.01692661195
v 0.004003679183 -0.0130000021 0.01652182515
v 0.009151373803 -0.0130000021 0.01432662855
v 0.01330737861 -0.0130000021 0.01057892465
v 0.01602132019 -0.0130000021 0.005684834951
v 0.01699910352 -0.0130000021 0.0001747019509
v 0.01613476958 -0.0130000021 -0.005354364649
v 0.01352198244 -0.0130000021 -0.01030319985
v 0.009443882283 -0.0130000021 -0.01413552825
v 0.004342386763 -0.0130000021 -0.01643604755
v -0.003672636687 -0.01219999809 0.05487723855
v -0.003801162907 -0.01278479118 0.05461377625
v -0.004286853907 -0.0130000021 0.05403020295
v -0.001967303627 -0.0130000021 0.05416428415
v 0.0003558612533 -0.0130000021 0.05419883025
v 0.002678373033 -0.0130000021 0.05413378425
v 0.002188712763 -0.01280336876 0.05468155485
v 0.002039238133 -0.01219999809 0.05496218275
v 0.0001346789233 -0.01219999809 0.05499983045
v -0.001770037517 -0.01219999809 0.05497151255
v 0.005912496263 0.0122000001 0.05468128475
v 0.005724088813 0.01280336838 0.05442515615
v 0.005160520573 0.01299999933 0.05395376345
v 0.004331496753 0.01299999933 0.05367130275
v 0.003457964343 0.01299999933 0.05373465385
v 0.002678373033 0.01299999933 0.05413378425
v 0.002181536343 0.01279344301 0.05469299885
v 0.002039238133 0.0122000001 0.05496218275
v 0.002039238133 -0.01219999809 0.05496218275
v 0.002188712763 -0.01280336876 0.05468155485
v 0.002678373033 -0.0130000021 0.05413378425
v 0.003457964343 -0.0130000021 0.05373465385
v 0.004331496753 -0.0130000021 0.05367130275
v 0.005160520573 -0.0130000021 0.05395376345
v 0.005732843523 -0.01279344578 0.05443544635
v 0.005912496263 -0.01219999809 0.05468128475
v -0.02600390673 -0.0130000021 -0.01641077125
v -0.02930837759 -0.0130000021 -0.01704424085
v -0.03185340623 -0.0130000021 -0.01924507775
v -0.03295704979 -0.0130000021 -0.02242357605
v -0.03232357536 -0.0130000021 -0.02572805165
v -0.03012273853 -0.0130000021 -0.02827308025
v -0.026944245 -0.0130000021 -0.02937671435
v -0.0236397646 -0.0130000021 -0.02874324465
v -0.02109473596 -0.0130000021 -0.02654240785
v -0.01999110194 -0.0130000021 -0.02336390955
v -0.02062456683 -0.0130000021 -0.02005943385
v -0.02282540366 -0.0130000021 -0.01751441005
v -0.02600390673 -0.0080000021 -0.01641077125
v -0.02282540366 -0.0080000021 -0.01751441005
v -0.02062456683 -0.0080000021 -0.02005943385
v -0.01999110194 -0.0080000021 -0.02336390955
v -0.02109473596 -0.0080000021 -0.02654240785
v -0.0236397646 -0.0080000021 -0.02874324465
v -0.026944245 -0.0080000021 -0.02937671435
v -0.03012273853 -0.0080000021 -0.02827308025
v -0.03232357536 -0.0080000021 -0.02572805165
v -0.03295704979 -0.0080000021 -0.02242357605
v -0.03185340623 -0.0080000021 -0.01924507775
v -0.02930837759 -0.0080000021 -0.01704424085
v -0.02600390673 -0.0130000021 -0.01641077125
v -0.02600390673 -0.0080000021 -0.01641077125
v -0.05468127588 0.0122000001 0.005912495951
v -0.05442500418 0.01280350428 0.005723969351
v -0.05395376418 0.01299999933 0.005160520251
v -0.05367130348 0.01299999933 0.004331496451
v -0.05373465448 0.01299999933 0.003457964051
v -0.05413378488 0.01299999933 0.002678372751
v -0.05468445468 0.01280088406 0.002186881451
v -0.05496218348 0.0122000001 0.002039237851
v -0.05496218348 -0.01219999809 0.002039237851
v -0.05468139338 -0.01280350227 0.002188817351
v -0.05413378488 -0.0130000021 0.002678372751
v -0.05373465448 -0.0130000021 0.003457964051
v -0.05367130348 -0.0130000021 0.004331496451
v -0.05395376418 -0.0130000021 0.005160520251
v -0.05442776988 -0.01280088444 0.005726320151
v -0.05468127588 -0.01219999809 0.005912495951
v -0.02571505753 0.0122000001 0.04861826385
v -0.02545950115 0.01279150705 0.04845751295
v -0.02474735397 0.01299999933 0.04822041175
v -0.02679122868 0.01299999933 0.04711550015
v -0.02878587457 0.01299999933 0.04592399505
v -0.03072762953 0.01299999933 0.04464809935
v -0.03059891338 0.01280376654 0.04537090845
v -0.03061921766 0.0122000001 0.04568876805
v -0.02901865833 0.0122000001 0.04672170505
v -0.02738328025 0.0122000001 0.04769859465
v -0.01688191321 -0.01219999809 0.05234501925
v -0.01688191321 0.0122000001 0.05234501925
v -0.0186844901 0.0122000001 0.05172899975
v -0.02046465554 0.0122000001 0.05105093415
v -0.02222027329 0.0122000001 0.05031162365
v -0.02222027329 -0.01219999809 0.05031162365
v -0.02046465554 -0.01219999809 0.05105093415
v -0.0186844901 -0.01219999809 0.05172899975
v -0.006762549077 -0.0130000021 0.05377646405
v -0.007339656347 -0.01280361671 0.05423062185
v -0.007535822827 -0.01219999809 0.05448129475
v -0.009417984407 -0.01219999809 0.05418765515
v -0.0112888496 -0.01219999809 0.05382900355
v -0.0131461725 -0.01219999809 0.05340578825
v -0.01322809263 -0.01278725166 0.05312101145
v -0.01360397267 -0.0130000021 0.05246495915
v -0.01134294532 -0.0130000021 0.05299979315
v -0.009061075247 -0.0130000021 0.05343722855
v 0.02103169 -0.0130000021 0.04995306085
v 0.02075901424 -0.01280371685 0.05063479445
v 0.02071442942 -0.01219999809 0.05095009815
v 0.01893760898 -0.01219999809 0.05163687405
v 0.01713807213 -0.01219999809 0.05226170875
v 0.01531797418 -0.01219999809 0.05282385845
v 0.01510708377 -0.01278479118 0.05262023905
v 0.01445109479 -0.0130000021 0.05223797665
v 0.01667661419 -0.0130000021 0.05157063745
v 0.0188714922 -0.0130000021 0.05080853155
v 0.01155234179 0.0122000001 0.05377307245
v 0.01164151083 0.0127847908 0.05349381775
v 0.01203791146 0.01299999933 0.05284627355
v 0.009761981193 0.01299999933 0.05331363675
v 0.007468112483 0.01299999933 0.05368302895
v 0.005160520573 0.01299999933 0.05395376345
v 0.005724088813 0.01280336838 0.05442515615
v 0.005912496263 0.0122000001 0.05468128475
v 0.007802555193 0.0122000001 0.05444373735
v 0.009683253933 0.0122000001 0.05414087275
v 0.01155234179 -0.01219999809 0.05377307245
v 0.01155234179 0.0122000001 0.05377307245
v 0.009683253933 0.0122000001 0.05414087275
v 0.007802555193 0.0122000001 0.05444373735
v 0.005912496263 0.0122000001 0.05468128475
v 0.005912496263 -0.01219999809 0.05468128475
v 0.007802555193 -0.01219999809 0.05444373735
v 0.009683253933 -0.01219999809 0.05414087275
v 0.01641077056 -0.0130000021 -0.02600390225
v 0.01704424022 -0.0130000021 -0.02930838265
v 0.01924507705 -0.0130000021 -0.03185340655
v 0.02242357535 -0.0130000021 -0.03295704535
v 0.02572805336 -0.0130000021 -0.03232357565
v 0.02827307961 -0.0130000021 -0.03012273885
v 0.02937671602 -0.0130000021 -0.02694424055
v 0.02874324636 -0.0130000021 -0.02363976485
v 0.02654240715 -0.0130000021 -0.02109473625
v 0.02336391362 -0.0130000021 -0.01999109745
v 0.02005943322 -0.0130000021 -0.02062456715
v 0.01751440935 -0.0130000021 -0.02282540875
v 0.01641077056 -0.0080000021 -0.02600390225
v 0.01751440935 -0.0080000021 -0.02282540875
v 0.02005943322 -0.0080000021 -0.02062456715
v 0.02336391362 -0.0080000021 -0.01999109745
v 0.02654240715 -0.0080000021 -0.02109473625
v 0.02874324636 -0.0080000021 -0.02363976485
v 0.02937671602 -0.0080000021 -0.02694424055
v 0.02827307961 -0.0080000021 -0.03012273885
v 0.02572805336 -0.0080000021 -0.03232357565
v 0.02242357535 -0.0080000021 -0.03295704535
v 0.01924507705 -0.0080000021 -0.03185340655
v 0.01704424022 -0.0080000021 -0.02930838265
v 0.01641077056 -0.0130000021 -0.02600390225
v 0.01641077056 -0.0080000021 -0.02600390225
v -0.05487723918 0.0122000001 -0.003672636949
v -0.05459198538 0.01280361872 -0.003813875649
v -0.05403020368 0.01299999933 -0.004286854149
v -0.05360806788 0.01299999933 -0.005054232249
v -0.05351877388 0.01299999933 -0.005925494649
v -0.05377646468 0.01299999933 -0.006762549349
v -0.05424937168 0.01278479795 -0.007356512849
v -0.05448129538 0.0122000001 -0.007535823149
v -0.05448129538 -0.01219999809 -0.007535823149
v -0.05423062248 -0.01280361671 -0.007339651849
v -0.05377646468 -0.0130000021 -0.006762549349
v -0.05351877388 -0.0130000021 -0.005925494649
v -0.05360806788 -0.0130000021 -0.005054232249
v -0.05403020368 -0.0130000021 -0.004286854149
v -0.05461376738 -0.01278479595 -0.003801167949
v -0.05487723918 -0.01219999809 -0.003672636949
v -0.03376686343 0.0122000001 0.04341426835
v -0.03348495711 0.01279334526 0.04329957995
v -0.03274477213 0.01299999933 0.04319050955
v -0.03456573441 0.01299999933 0.04174745405
v -0.03632317228 0.01299999933 0.04022769465
v -0.03801386238 0.01299999933 0.03863399705
v -0.03801262388 0.01280376654 0.03936817365
v -0.03808781218 0.0122000001 0.03967767895
v -0.03669092948 0.0122000001 0.04097285695
v -0.03525004428 0.0122000001 0.04221889225
v -0.02571505753 -0.01219999809 0.04861826385
v -0.02571505753 0.0122000001 0.04861826385
v -0.02738328025 0.0122000001 0.04769859465
v -0.02901865833 0.0122000001 0.04672170505
v -0.03061921766 0.0122000001 0.04568876805
v -0.03061921766 -0.01219999809 0.04568876805
v -0.02901865833 -0.01219999809 0.04672170505
v -0.02738328025 -0.01219999809 0.04769859465
v -0.01599799919 -0.0130000021 0.05178517585
v -0.01664508689 -0.01280371685 0.05213214055
v -0.01688191321 -0.01219999809 0.05234501925
v -0.0186844901 -0.01219999809 0.05172899975
v -0.02046465554 -0.01219999809 0.05105093415
v -0.02222027329 -0.01219999809 0.05031162365
v -0.02225247834 -0.01279150982 0.05001144505
v -0.02250773757 -0.0130000021 0.04930559215
v -0.02037394059 -0.0130000021 0.05022491885
v -0.01820269265 -0.0130000021 0.05105195855
v 0.02938642835 -0.0130000021 0.04554204565
v 0.02923627822 -0.012803755 0.04626071525
v 0.02924712332 -0.01219999809 0.04657902315
v 0.02761655547 -0.01219999809 0.04756391795
v 0.02595285708 -0.01219999809 0.04849174475
v 0.02425802847 -0.01219999809 0.04936140695
v 0.02401222398 -0.01278725166 0.04919591535
v 0.0233025763 -0.0130000021 0.04893495075
v 0.02537840764 -0.0130000021 0.04789130085
v 0.02740759969 -0.0130000021 0.04675963635
v 0.02071442942 0.0122000001 0.05095009815
v 0.02075440319 0.0127872489 0.05065648095
v 0.02103169 0.01299999933 0.04995306085
v 0.0188714922 0.01299999933 0.05080853155
v 0.01667661419 0.01299999933 0.05157063745
v 0.01445109479 0.01299999933 0.05223797665
v 0.01508768606 0.01280361872 0.05260411235
v 0.01531797418 0.0122000001 0.05282385845
v 0.01713807213 0.0122000001 0.05226170875
v 0.01893760898 0.0122000001 0.05163687405
v 0.02071442942 -0.01219999809 0.05095009815
v 0.02071442942 0.0122000001 0.05095009815
v 0.01893760898 0.0122000001 0.05163687405
v 0.01713807213 0.0122000001 0.05226170875
v 0.01531797418 0.0122000001 0.05282385845
v 0.01531797418 -0.01219999809 0.05282385845
v 0.01713807213 -0.01219999809 0.05226170875
v 0.01893760898 -0.01219999809 0.05163687405
v 0.02600390396 -0.0130000021 0.01641077025
v 0.02930838197 -0.0130000021 0.01704423515
v 0.03185340823 -0.0130000021 0.01924508155
v 0.03295704463 -0.0130000021 0.02242357505
v 0.03232357498 -0.0130000021 0.02572805545
v 0.03012273576 -0.0130000021 0.02827307455
v 0.02694423984 -0.0130000021 0.02937671815
v 0.02363976422 -0.0130000021 0.02874324365
v 0.02109473558 -0.0130000021 0.02654240685
v 0.01999110156 -0.0130000021 0.02336391335
v 0.02062457121 -0.0130000021 0.02005943295
v 0.02282540805 -0.0130000021 0.01751440425
v 0.02600390396 -0.0080000021 0.01641077025
v 0.02282540805 -0.0080000021 0.01751440425
v 0.02062457121 -0.0080000021 0.02005943295
v 0.01999110156 -0.0080000021 0.02336391335
v 0.02109473558 -0.0080000021 0.02654240685
v 0.02363976422 -0.0080000021 0.02874324365
v 0.02694423984 -0.0080000021 0.02937671815
v 0.03012273576 -0.0080000021 0.02827307455
v 0.03232357498 -0.0080000021 0.02572805545
v 0.03295704463 -0.0080000021 0.02242357505
v 0.03185340823 -0.0080000021 0.01924508155
v 0.02930838197 -0.0080000021 0.01704423515
v 0.02600390396 -0.0130000021 0.01641077025
v 0.02600390396 -0.0080000021 0.01641077025
v -0.05340578888 0.0122000001 -0.01314617275
v -0.05310021238 0.01280371647 -0.01323578425
v -0.05246495978 0.01299999933 -0.01360397295
v -0.05191598548 0.01299999933 -0.01428639275
v -0.05167675478 0.01299999933 -0.01512891115
v -0.05178517648 0.01299999933 -0.01599799945
v -0.05214573098 0.01278732281 -0.01666248695
v -0.05234501998 0.0122000001 -0.01688191825
v -0.05234501998 -0.01219999809 -0.01688191825
v -0.05213214118 -0.01280371685 -0.01664509195
v -0.05178517648 -0.0130000021 -0.01599799945
v -0.05167675478 -0.0130000021 -0.01512891115
v -0.05191598548 -0.0130000021 -0.01428639275
v -0.05246495978 -0.0130000021 -0.01360397295
v -0.05312092628 -0.01278732319 -0.01322812625
v -0.05340578888 -0.01219999809 -0.01314617275
v -0.04079267558 0.0122000001 0.03689116185
v -0.04049513858 0.01279334526 0.03682716125
v -0.03974725768 0.01299999933 0.03684827695
v -0.04128997548 0.01299999933 0.03511094665
v -0.04275680928 0.01299999933 0.03330909095
v -0.04414506968 0.01299999933 0.03144602845
v -0.04427133738 0.01280375223 0.03216927575
v -0.04439913028 0.0122000001 0.03246101405
v -0.04324838188 0.0122000001 0.03397907485
v -0.04204574388 0.0122000001 0.03545638525
v -0.03376686343 -0.01219999809 0.04341426835
v -0.03376686343 0.0122000001 0.04341426835
v -0.03525004428 0.0122000001 0.04221889225
v -0.03669092948 0.0122000001 0.04097285695
v -0.03808781218 0.0122000001 0.03967767895
v -0.03808781218 -0.01219999809 0.03967767895
v -0.03669092948 -0.01219999809 0.04097285695
v -0.03525004428 -0.01219999809 0.04221889225
v -0.02474735397 -0.0130000021 0.04822041175
v -0.02544481455 -0.012803755 0.04844972155
v -0.02571505753 -0.01219999809 0.04861826385
v -0.02738328025 -0.01219999809 0.04769859465
v -0.02901865833 -0.01219999809 0.04672170505
v -0.03061921766 -0.01219999809 0.04568876805
v -0.03059881803 -0.01279334564 0.04538510865
v -0.03072762953 -0.0130000021 0.04464809935
v -0.02878587457 -0.0130000021 0.04592399505
v -0.02679122868 -0.0130000021 0.04711550015
v 0.03684827486 -0.0130000021 0.03974725705
v 0.0368252018 -0.0128037693 0.04048107125
v 0.03689115737 -0.01219999809 0.04079267495
v 0.03545638316 -0.01219999809 0.04204574325
v 0.03397907754 -0.01219999809 0.04324838115
v 0.03246100959 -0.01219999809 0.04439912965
v 0.03218493778 -0.01279150982 0.04427693485
v 0.03144602639 -0.0130000021 0.04414506895
v 0.03330908882 -0.0130000021 0.04275680855
v 0.03511094219 -0.0130000021 0.04128997475
v -0.003255009757 0.01299999933 -0.04488212255
v -0.01251540009 0.01299999933 -0.04322458605
v -0.02122879952 0.01299999933 -0.03967792705
v -0.02901440564 0.01299999933 -0.03439715275
v -0.03553194228 0.01299999933 -0.02761305655
v -0.04049656548 0.01299999933 -0.01962213755
v -0.04369128498 0.01299999933 -0.01077363815
v -0.04497649198 0.01299999933 -0.001454277749
v -0.04429601408 0.01299999933 0.007928638951
v -0.04167957678 0.01299999933 0.01696504145
v -0.03724155348 0.01299999933 0.02525998445
v -0.03117589227 0.01299999933 0.03245094745
v -0.02374769501 0.01299999933 0.03822364645
v -0.01528160151 0.01299999933 0.04232578645
v -0.006147637107 0.01299999933 0.04457809515
v 0.003255009373 0.01299999933 0.04488212395
v 0.0125153997 0.01299999933 0.04322458745
v 0.0212288039 0.01299999933 0.03967792615
v 0.02901440764 0.01299999933 0.03439714945
v 0.03553194426 0.01299999933 0.02761305555
v 0.04049656266 0.01299999933 0.01962214135
v 0.0436912894 0.01299999933 0.01077364195
v 0.04497649395 0.01299999933 0.001454281551
v 0.04429601134 0.01299999933 -0.007928639849
v 0.04167958118 0.01299999933 -0.01696503765
v 0.0372415531 0.01299999933 -0.02525998545
v 0.03117588951 0.01299999933 -0.03245094835
v 0.02374768986 0.01299999933 -0.03822364745
v 0.0152816059 0.01299999933 -0.04232579215
v 0.006147636733 0.01299999933 -0.04457809605
v -0.003255009757 -0.0080000021 -0.04488212255
v 0.006147636733 -0.0080000021 -0.04457809605
v 0.0152816059 -0.0080000021 -0.04232579215
v 0.02374768986 -0.0080000021 -0.03822364745
v 0.03117588951 -0.0080000021 -0.03245094835
v 0.0372415531 -0.0080000021 -0.02525998545
v 0.04167958118 -0.0080000021 -0.01696503765
v 0.04429601134 -0.0080000021 -0.007928639849
v 0.04497649395 -0.0080000021 0.001454281551
v 0.0436912894 -0.0080000021 0.01077364195
v 0.04049656266 -0.0080000021 0.01962214135
v 0.03553194426 -0.0080000021 0.02761305555
v 0.02901440764 -0.0080000021 0.03439714945
v 0.0212288039 -0.0080000021 0.03967792615
v 0.0125153997 -0.0080000021 0.04322458745
v 0.003255009373 -0.0080000021 0.04488212395
v -0.006147637107 -0.0080000021 0.04457809515
v -0.01528160151 -0.0080000021 0.04232578645
v -0.02374769501 -0.0080000021 0.03822364645
v -0.03117589227 -0.0080000021 0.03245094745
v -0.03724155348 -0.0080000021 0.02525998445
v -0.04167957678 -0.0080000021 0.01696504145
v -0.04429601408 -0.0080000021 0.007928638951
v -0.04497649198 -0.0080000021 -0.001454277749
v -0.04369128498 -0.0080000021 -0.01077363815
v -0.04049656548 -0.0080000021 -0.01962213755
v -0.03553194228 -0.0080000021 -0.02761305655
v -0.02901440564 -0.0080000021 -0.03439715275
v -0.02122879952 -0.0080000021 -0.03967792705
v -0.01251540009 -0.0080000021 -0.04322458605
v -0.003255009757 0.01299999933 -0.04488212255
v -0.003255009757 -0.0080000021 -0.04488212255
v 0.02924712332 0.0122000001 0.04657902315
v 0.02923568691 0.01279150705 0.04627733785
v 0.02938642835 0.01299999933 0.04554204565
v 0.02740759969 0.01299999933 0.04675963635
v 0.02537840764 0.01299999933 0.04789130085
v 0.0233025763 0.01299999933 0.04893495075
v 0.02399296454 0.01280371408 0.04918491955
v 0.02425802847 0.0122000001 0.04936140695
v 0.02595285708 0.0122000001 0.04849174475
v 0.02761655547 0.0122000001 0.04756391795
v 0.02924712332 -0.01219999809 0.04657902315
v 0.02924712332 0.0122000001 0.04657902315
v 0.02761655547 0.0122000001 0.04756391795
v 0.02595285708 0.0122000001 0.04849174475
v 0.02425802847 0.0122000001 0.04936140695
v 0.02425802847 -0.01219999809 0.04936140695
v 0.02595285708 -0.01219999809 0.04849174475
v 0.02761655547 -0.01219999809 0.04756391795
v -0.02269040654 -0.0130000021 0.001645589151
v -0.0234080878 -0.0130000021 0.003461378951
v -0.02527520191 -0.0130000021 0.004032397751
v -0.02688576516 -0.0130000021 0.002928655151
v -0.02702700091 -0.0130000021 0.0009812901509
v -0.0255925389 -0.0130000021 -0.0003432846491
v -0.02366257917 -0.0130000021 -4.764704907e-05
v -0.02269040654 -0.0080000021 0.001645589151
v -0.02366257917 -0.0080000021 -4.764704907e-05
v -0.0255925389 -0.0080000021 -0.0003432846491
v -0.02702700091 -0.0080000021 0.0009812901509
v -0.02688576516 -0.0080000021 0.002928655151
v -0.02527520191 -0.0080000021 0.004032397751
v -0.0234080878 -0.0080000021 0.003461378951
v -0.02269040654 -0.0130000021 0.001645589151
v -0.02269040654 -0.0080000021 0.001645589151
v -0.05031162438 0.0122000001 -0.02222026885
v -0.04999508068 0.01280375223 -0.02225546835
v -0.04930559278 0.01299999933 -0.02250774265
v -0.04864645978 0.01299999933 -0.02308446645
v -0.04826455948 0.01299999933 -0.02387263945
v -0.04822041238 0.01299999933 -0.02474735425
v -0.04845751368 0.01279150705 -0.02545950615
v -0.04861826458 0.0122000001 -0.02571505785
v -0.04861826458 -0.01219999809 -0.02571505785
v -0.04844972218 -0.012803755 -0.02544481965
v -0.04822041238 -0.0130000021 -0.02474735425
v -0.04826455948 -0.0130000021 -0.02387263945
v -0.04864645978 -0.0130000021 -0.02308446645
v -0.04930559278 -0.0130000021 -0.02250774265
v -0.05001143618 -0.01279150982 -0.02225248335
v -0.05031162438 -0.01219999809 -0.02222026885
v -0.04657902388 0.0122000001 0.02924712785
v -0.04627733848 0.01279150705 0.02923568425
v -0.04554204638 0.01299999933 0.02938643285
v -0.04675963698 0.01299999933 0.02740760415
v -0.04789130158 0.01299999933 0.02537841215
v -0.04893495138 0.01299999933 0.02330257605
v -0.04918492018 0.01280371647 0.02399295945
v -0.04936140758 0.0122000001 0.02425802345
v -0.04849174548 0.0122000001 0.02595285675
v -0.04756391858 0.0122000001 0.02761655285
v -0.04079267558 -0.01219999809 0.03689116185
v -0.04079267558 0.0122000001 0.03689116185
v -0.04204574388 0.0122000001 0.03545638525
v -0.04324838188 0.0122000001 0.03397907485
v -0.04439913028 0.0122000001 0.03246101405
v -0.04439913028 -0.01219999809 0.03246101405
v -0.04324838188 -0.01219999809 0.03397907485
v -0.04204574388 -0.01219999809 0.03545638525
v -0.03274477213 -0.0130000021 0.04319050955
v -0.03347144353 -0.0128037693 0.04329520265
v -0.03376686343 -0.01219999809 0.04341426835
v -0.03525004428 -0.01219999809 0.04221889225
v -0.03669092948 -0.01219999809 0.04097285695
v -0.03808781218 -0.01219999809 0.03967767895
v -0.03801499858 -0.01279334564 0.03938217355
v -0.03801386238 -0.0130000021 0.03863399705
v -0.03632317228 -0.0130000021 0.04022769465
v -0.03456573441 -0.0130000021 0.04174745405
v 0.04319050745 -0.0130000021 0.03274477145
v 0.0432952077 -0.0128037693 0.03347144285
v 0.04341427103 -0.01219999809 0.03376686275
v 0.04221889012 -0.01219999809 0.03525004355
v 0.04097286203 -0.01219999809 0.03669093835
v 0.03967768165 -0.01219999809 0.03808781145
v 0.03938217625 -0.01279334564 0.03801499795
v 0.03863400206 -0.0130000021 0.03801386175
v 0.04022769018 -0.0130000021 0.03632317165
v 0.04174745673 -0.0130000021 0.03456573375
v 0.01531797418 0.0122000001 0.05282385845
v 0.01508768606 0.01280361872 0.05260411235
v 0.01445109479 0.01299999933 0.05223797665
v 0.01358561651 0.01299999933 0.05210375495
v 0.01273635485 0.01299999933 0.05231783435
v 0.01203791146 0.01299999933 0.05284627355
v 0.01164151083 0.0127847908 0.05349381775
v 0.01155234179 0.0122000001 0.05377307245
v 0.01155234179 -0.01219999809 0.05377307245
v 0.01165094748 -0.01280361671 0.05347042415
v 0.01203791146 -0.0130000021 0.05284627355
v 0.01273635485 -0.0130000021 0.05231783435
v 0.01358561651 -0.0130000021 0.05210375495
v 0.01445109479 -0.0130000021 0.05223797665
v 0.01510708377 -0.01278479118 0.05262023905
v 0.01531797418 -0.01219999809 0.05282385845
v -0.001229669087 -0.00650000114 -0.01695546655
v -0.006668476027 -0.00650000114 -0.01563750295
v -0.01138464877 -0.00650000114 -0.01262496845
v -0.01486711743 -0.00650000114 -0.008244324049
v -0.01673849796 -0.00650000114 -0.002970279549
v -0.01679601434 -0.00650000114 0.002625642851
v -0.01503341418 -0.00650000114 0.007937034951
v -0.0116417079 -0.00650000114 0.01238832525
v -0.006988450257 -0.00650000114 0.01549714955
v -0.001577876897 -0.00650000114 0.01692661195
v 0.004003679183 -0.00650000114 0.01652182515
v 0.009151373803 -0.00650000114 0.01432662855
v 0.01330737861 -0.00650000114 0.01057892465
v 0.01602132019 -0.00650000114 0.005684834951
v 0.01699910352 -0.00650000114 0.0001747019509
v 0.01613476958 -0.00650000114 -0.005354364649
v 0.01352198244 -0.00650000114 -0.01030319985
v 0.009443882283 -0.00650000114 -0.01413552825
v 0.004342386763 -0.00650000114 -0.01643604755
v -0.001229669087 -0.0130000021 -0.01695546655
v 0.004342386763 -0.0130000021 -0.01643604755
v 0.009443882283 -0.0130000021 -0.01413552825
v 0.01352198244 -0.0130000021 -0.01030319985
v 0.01613476958 -0.0130000021 -0.005354364649
v 0.01699910352 -0.0130000021 0.0001747019509
v 0.01602132019 -0.0130000021 0.005684834951
v 0.01330737861 -0.0130000021 0.01057892465
v 0.009151373803 -0.0130000021 0.01432662855
v 0.004003679183 -0.0130000021 0.01652182515
v -0.001577876897 -0.0130000021 0.01692661195
v -0.006988450257 -0.0130000021 0.01549714955
v -0.0116417079 -0.0130000021 0.01238832525
v -0.01503341418 -0.0130000021 0.007937034951
v -0.01679601434 -0.0130000021 0.002625642851
v -0.01673849796 -0.0130000021 -0.002970279549
v -0.01486711743 -0.0130000021 -0.008244324049
v -0.01138464877 -0.0130000021 -0.01262496845
v -0.006668476027 -0.0130000021 -0.01563750295
v -0.001229669087 -0.0130000021 -0.01695546655
v -0.001229669087 -0.00650000114 -0.01695546655
v 0.03689115737 0.0122000001 0.04079267495
v 0.03682715919 0.01279334526 0.04049513795
v 0.03684827486 0.01299999933 0.03974725705
v 0.03511094219 0.01299999933 0.04128997475
v 0.03330908882 0.01299999933 0.04275680855
v 0.03144602639 0.01299999933 0.04414506895
v 0.03216927846 0.01280375223 0.04427133675
v 0.03246100959 0.0122000001 0.04439912965
v 0.03397907754 0.0122000001 0.04324838115
v 0.03545638316 0.0122000001 0.04204574325
v 0.03689115737 -0.01219999809 0.04079267495
v 0.03689115737 0.0122000001 0.04079267495
v 0.03545638316 0.0122000001 0.04204574325
v 0.03397907754 0.0122000001 0.04324838115
v 0.03246100959 0.0122000001 0.04439912965
v 0.03246100959 -0.01219999809 0.04439912965
v 0.03397907754 -0.01219999809 0.04324838115
v 0.03545638316 -0.01219999809 0.04204574325
v -0.001645589777 -0.0130000021 -0.02269040685
v -0.003461379647 -0.0130000021 -0.02340809285
v -0.004032398407 -0.0130000021 -0.02527520215
v -0.002928655837 -0.0130000021 -0.02688576545
v -0.0009812907867 -0.0130000021 -0.02702699645
v 0.0003432888033 -0.0130000021 -0.02559254395
v 4.764637326e-05 -0.0130000021 -0.02366257945
v -0.001645589777 -0.0080000021 -0.02269040685
v 4.764637326e-05 -0.0080000021 -0.02366257945
v 0.0003432888033 -0.0080000021 -0.02559254395
v -0.0009812907867 -0.0080000021 -0.02702699645
v -0.002928655837 -0.0080000021 -0.02688576545
v -0.004032398407 -0.0080000021 -0.02527520215
v -0.003461379647 -0.0080000021 -0.02340809285
v -0.001645589777 -0.0130000021 -0.02269040685
v -0.001645589777 -0.0080000021 -0.02269040685
v -0.04568876868 0.0122000001 -0.03061921795
v -0.04537089958 0.01280376654 -0.03059891365
v -0.04464810008 0.01299999933 -0.03072762505
v -0.04389883548 0.01299999933 -0.03118112925
v -0.04338587188 0.01299999933 -0.03189101485
v -0.04319051018 0.01299999933 -0.03274477245
v -0.04329958068 0.01279334526 -0.03348495505
v -0.04341426908 0.0122000001 -0.03376686135
v -0.04341426908 -0.01219999809 -0.03376686135
v -0.04329520328 -0.0128037693 -0.03347144145
v -0.04319051018 -0.0130000021 -0.03274477245
v -0.04338587188 -0.0130000021 -0.03189101485
v -0.04389883548 -0.0130000021 -0.03118112925
v -0.04464810008 -0.0130000021 -0.03072762505
v -0.04538510928 -0.01279334564 -0.03059881835
v -0.04568876868 -0.01219999809 -0.03061921795
v -0.05095009878 0.0122000001 0.02071443385
v -0.05065638628 0.01278732281 0.02075442195
v -0.04995306148 0.01299999933 0.02103169445
v -0.05080853218 0.01299999933 0.01887149665
v -0.05157063808 0.01299999933 0.01667661395
v -0.05223797728 0.01299999933 0.01445108975
v -0.05260411308 0.01280361872 0.01508768575
v -0.05282385908 0.0122000001 0.01531797865
v -0.05226170948 0.0122000001 0.01713806705
v -0.05163687468 0.0122000001 0.01893761345
v -0.04657902388 -0.01219999809 0.02924712785
v -0.04657902388 0.0122000001 0.02924712785
v -0.04756391858 0.0122000001 0.02761655285
v -0.04849174548 0.0122000001 0.02595285675
v -0.04936140758 0.0122000001 0.02425802345
v -0.04936140758 -0.01219999809 0.02425802345
v -0.04849174548 -0.01219999809 0.02595285675
v -0.04756391858 -0.01219999809 0.02761655285
v -0.03974725768 -0.0130000021 0.03684827695
v -0.04048107188 -0.0128037693 0.03682519675
v -0.04079267558 -0.01219999809 0.03689116185
v -0.04204574388 -0.01219999809 0.03545638525
v -0.04324838188 -0.01219999809 0.03397907485
v -0.04439913028 -0.01219999809 0.03246101405
v -0.04427693548 -0.01279150982 0.03218493515
v -0.04414506968 -0.0130000021 0.03144602845
v -0.04275680928 -0.0130000021 0.03330909095
v -0.04128997548 -0.0130000021 0.03511094665
v 0.0482204156 -0.0130000021 0.02474735335
v 0.04844971941 -0.012803755 0.02544481385
v 0.04861826537 -0.01219999809 0.02571505685
v 0.04769859496 -0.01219999809 0.02738327955
v 0.04672170534 -0.01219999809 0.02901865765
v 0.04568876834 -0.01219999809 0.03061921695
v 0.04538510536 -0.01279334564 0.03059881735
v 0.04464810205 -0.0130000021 0.03072762885
v 0.04592399414 -0.0130000021 0.02878587385
v 0.04711549568 -0.0130000021 0.02679122805
v -0.003255009757 -0.0080000021 -0.04488212255
v -0.01251540009 -0.0080000021 -0.04322458605
v -0.02122879952 -0.0080000021 -0.03967792705
v -0.02901440564 -0.0080000021 -0.03439715275
v -0.03553194228 -0.0080000021 -0.02761305655
v -0.04049656548 -0.0080000021 -0.01962213755
v -0.04369128498 -0.0080000021 -0.01077363815
v -0.04497649198 -0.0080000021 -0.001454277749
v -0.04429601408 -0.0080000021 0.007928638951
v -0.04167957678 -0.0080000021 0.01696504145
v -0.03724155348 -0.0080000021 0.02525998445
v -0.03117589227 -0.0080000021 0.03245094745
v -0.02374769501 -0.0080000021 0.03822364645
v -0.01528160151 -0.0080000021 0.04232578645
v -0.006147637107 -0.0080000021 0.04457809515
v 0.003255009373 -0.0080000021 0.04488212395
v 0.0125153997 -0.0080000021 0.04322458745
v 0.0212288039 -0.0080000021 0.03967792615
v 0.02901440764 -0.0080000021 0.03439714945
v 0.03553194426 -0.0080000021 0.02761305555
v 0.04049656266 -0.0080000021 0.01962214135
v 0.0436912894 -0.0080000021 0.01077364195
v 0.04497649395 -0.0080000021 0.001454281551
v 0.04429601134 -0.0080000021 -0.007928639849
v 0.04167958118 -0.0080000021 -0.01696503765
v 0.0372415531 -0.0080000021 -0.02525998545
v 0.03117588951 -0.0080000021 -0.03245094835
v 0.02374768986 -0.0080000021 -0.03822364745
v 0.0152816059 -0.0080000021 -0.04232579215
v 0.006147636733 -0.0080000021 -0.04457809605
v -0.001323703867 -0.0080000021 -0.01825206325
v 0.004381279943 -0.0080000021 -0.01776779165
v 0.009657393363 -0.0080000021 -0.01554428125
v 0.01398817445 -0.0080000021 -0.01179919455
v 0.01694969654 -0.0080000021 -0.006899115349
v 0.01825206254 -0.0080000021 -0.001323704149
v 0.01776779102 -0.0080000021 0.004381279651
v 0.01554428532 -0.0080000021 0.009657393051
v 0.01179919391 -0.0080000021 0.01398817415
v 0.006899114713 -0.0080000021 0.01694969625
v 0.001323703493 -0.0080000021 0.01825206225
v -0.004381280317 -0.0080000021 0.01776778595
v -0.009657393747 -0.0080000021 0.01554428505
v -0.01398817483 -0.0080000021 0.01179918885
v -0.01694969692 -0.0080000021 0.006899114451
v -0.01825206293 -0.0080000021 0.001323703251
v -0.01776778664 -0.0080000021 -0.004381280649
v -0.01554428571 -0.0080000021 -0.009657394049
v -0.0117991943 -0.0080000021 -0.01398817515
v -0.006899115097 -0.0080000021 -0.01694969725
v 0.001645589393 -0.0080000021 0.02269040585
v 0.003461379263 -0.0080000021 0.02340808715
v 0.004032398023 -0.0080000021 0.02527520125
v 0.002928655463 -0.0080000021 0.02688576445
v 0.0009812904033 -0.0080000021 0.02702700025
v -0.0003432891767 -0.0080000021 0.02559254775
v -4.764675674e-05 -0.0080000021 0.02366257845
v 0.02269040616 -0.0080000021 -0.001645590049
v 0.02340809218 -0.0080000021 -0.003461379949
v 0.02527520391 -0.0080000021 -0.004032398649
v 0.02688576716 -0.0080000021 -0.002928651349
v 0.02702699814 -0.0080000021 -0.0009812910491
v 0.02559254328 -0.0080000021 0.0003432885509
v 0.02366257878 -0.0080000021 4.764605093e-05
v -0.001645589777 -0.0080000021 -0.02269040685
v -0.003461379647 -0.0080000021 -0.02340809285
v -0.004032398407 -0.0080000021 -0.02527520215
v -0.002928655837 -0.0080000021 -0.02688576545
v -0.0009812907867 -0.0080000021 -0.02702699645
v 0.0003432888033 -0.0080000021 -0.02559254395
v 4.764637326e-05 -0.0080000021 -0.02366257945
v -0.02269040654 -0.0080000021 0.001645589151
v -0.0234080878 -0.0080000021 0.003461378951
v -0.02527520191 -0.0080000021 0.004032397751
v -0.02688576516 -0.0080000021 0.002928655151
v -0.02702700091 -0.0080000021 0.0009812901509
v -0.0255925389 -0.0080000021 -0.0003432846491
v -0.02366257917 -0.0080000021 -4.764704907e-05
v 0.02600390396 -0.0080000021 0.01641077025
v 0.02930838197 -0.0080000021 0.01704423515
v 0.03185340823 -0.0080000021 0.01924508155
v 0.03295704463 -0.0080000021 0.02242357505
v 0.03232357498 -0.0080000021 0.02572805545
v 0.03012273576 -0.0080000021 0.02827307455
v 0.02694423984 -0.0080000021 0.02937671815
v 0.02363976422 -0.0080000021 0.02874324365
v 0.02109473558 -0.0080000021 0.02654240685
v 0.01999110156 -0.0080000021 0.02336391335
v 0.02062457121 -0.0080000021 0.02005943295
v 0.02282540805 -0.0080000021 0.01751440425
v 0.01641077056 -0.0080000021 -0.02600390225
v 0.01704424022 -0.0080000021 -0.02930838265
v 0.01924507705 -0.0080000021 -0.03185340655
v 0.02242357535 -0.0080000021 -0.03295704535
v 0.02572805336 -0.0080000021 -0.03232357565
v 0.02827307961 -0.0080000021 -0.03012273885
v 0.02937671602 -0.0080000021 -0.02694424055
v 0.02874324636 -0.0080000021 -0.02363976485
v 0.02654240715 -0.0080000021 -0.02109473625
v 0.02336391362 -0.0080000021 -0.01999109745
v 0.02005943322 -0.0080000021 -0.02062456715
v 0.01751440935 -0.0080000021 -0.02282540875
v -0.02600390673 -0.0080000021 -0.01641077125
v -0.02930837759 -0.0080000021 -0.01704424085
v -0.03185340623 -0.0080000021 -0.01924507775
v -0.03295704979 -0.0080000021 -0.02242357605
v -0.03232357536 -0.0080000021 -0.02572805165
v -0.03012273853 -0.0080000021 -0.02827308025
v -0.026944245 -0.0080000021 -0.02937671435
v -0.0236397646 -0.0080000021 -0.02874324465
v -0.02109473596 -0.0080000021 -0.02654240785
v -0.01999110194 -0.0080000021 -0.02336390955
v -0.02062456683 -0.0080000021 -0.02005943385
v -0.02282540366 -0.0080000021 -0.01751441005
v -0.01641077094 -0.0080000021 0.02600390605
v -0.01704423583 -0.0080000021 0.02930837695
v -0.01924508221 -0.0080000021 0.03185340555
v -0.02242357573 -0.0080000021 0.03295704915
v -0.02572805613 -0.0080000021 0.03232357465
v -0.02827307523 -0.0080000021 0.03012273785
v -0.02937671879 -0.0080000021 0.02694424435
v -0.02874324437 -0.0080000021 0.02363976395
v -0.02654240753 -0.0080000021 0.02109473525
v -0.023363914 -0.0080000021 0.01999110125
v -0.02005943361 -0.0080000021 0.02062456615
v -0.01751440497 -0.0080000021 0.02282541255
v 0.04341427103 0.0122000001 0.03376686275
v 0.04329957788 0.01279334526 0.03348495645
v 0.04319050745 0.01299999933 0.03274477145
v 0.04174745673 0.01299999933 0.03456573375
v 0.04022769018 0.01299999933 0.03632317165
v 0.03863400206 0.01299999933 0.03801386175
v 0.03936817155 0.01280376654 0.03801262325
v 0.03967768165 0.0122000001 0.03808781145
v 0.04097286203 0.0122000001 0.03669093835
v 0.04221889012 0.0122000001 0.03525004355
v 0.04341427103 -0.01219999809 0.03376686275
v 0.04341427103 0.0122000001 0.03376686275
v 0.04221889012 0.0122000001 0.03525004355
v 0.04097286203 0.0122000001 0.03669093835
v 0.03967768165 0.0122000001 0.03808781145
v 0.03967768165 -0.01219999809 0.03808781145
v 0.04097286203 -0.01219999809 0.03669093835
v 0.04221889012 -0.01219999809 0.03525004355
v 0.02269040616 -0.0130000021 -0.001645590049
v 0.02340809218 -0.0130000021 -0.003461379949
v 0.02527520391 -0.0130000021 -0.004032398649
v 0.02688576716 -0.0130000021 -0.002928651349
v 0.02702699814 -0.0130000021 -0.0009812910491
v 0.02559254328 -0.0130000021 0.0003432885509
v 0.02366257878 -0.0130000021 4.764605093e-05
v 0.02269040616 -0.0080000021 -0.001645590049
v 0.02366257878 -0.0080000021 4.764605093e-05
v 0.02559254328 -0.0080000021 0.0003432885509
v 0.02702699814 -0.0080000021 -0.0009812910491
v 0.02688576716 -0.0080000021 -0.002928651349
v 0.02527520391 -0.0080000021 -0.004032398649
v 0.02340809218 -0.0080000021 -0.003461379949
v 0.02269040616 -0.0130000021 -0.001645590049
v 0.02269040616 -0.0080000021 -0.001645590049
v -0.03967767968 0.0122000001 -0.03808781245
v -0.03936817428 0.01280376654 -0.03801261945
v -0.03863399768 0.01299999933 -0.03801386505
v -0.03781736578 0.01299999933 -0.03833037145
v -0.03718892198 0.01299999933 -0.03894039765
v -0.03684827758 0.01299999933 -0.03974725805
v -0.03682716198 0.01279334526 -0.04049513415
v -0.03689115298 0.0122000001 -0.04079267825
v -0.03689115298 -0.01219999809 -0.04079267825
v -0.03682519738 -0.0128037693 -0.04048106745
v -0.03684827758 -0.0130000021 -0.03974725805
v -0.03718892198 -0.0130000021 -0.03894039765
v -0.03781736578 -0.0130000021 -0.03833037145
v -0.03863399768 -0.0130000021 -0.03801386505
v -0.03938217428 -0.01279334564 -0.03801499415
v -0.03967767968 -0.01219999809 -0.03808781245
v -0.05377307318 0.0122000001 0.01155233675
v -0.05349380888 0.01278479795 0.01164151535
v -0.05284627428 0.01299999933 0.01203791115
v -0.05331363738 0.01299999933 0.009761985651
v -0.05368302958 0.01299999933 0.007468112151
v -0.05395376418 0.01299999933 0.005160520251
v -0.05442500418 0.01280350428 0.005723969351
v -0.05468127588 0.0122000001 0.005912495951
v -0.05444373808 0.0122000001 0.007802554951
v -0.05414087348 0.0122000001 0.009683258451
v -0.05095009878 -0.01219999809 0.02071443385
v -0.05095009878 0.0122000001 0.02071443385
v -0.05163687468 0.0122000001 0.01893761345
v -0.05226170948 0.0122000001 0.01713806705
v -0.05282385908 0.0122000001 0.01531797865
v -0.05282385908 -0.01219999809 0.01531797865
v -0.05226170948 -0.01219999809 0.01713806705
v -0.05163687468 -0.01219999809 0.01893761345
v -0.04554204638 -0.0130000021 0.02938643285
v -0.04626071598 -0.012803755 0.02923627555
v -0.04657902388 -0.01219999809 0.02924712785
v -0.04756391858 -0.01219999809 0.02761655285
v -0.04849174548 -0.01219999809 0.02595285675
v -0.04936140758 -0.01219999809 0.02425802345
v -0.04919586838 -0.01278732319 0.02401213785
v -0.04893495138 -0.0130000021 0.02330257605
v -0.04789130158 -0.0130000021 0.02537841215
v -0.04675963698 -0.0130000021 0.02740760415
v 0.05178517257 -0.0130000021 0.01599799855
v 0.05213213722 -0.01280371685 0.01664508625
v 0.05234501837 -0.01219999809 0.01688191255
v 0.05172900239 -0.01219999809 0.01868448945
v 0.05105093445 -0.01219999809 0.02046465485
v 0.05031162516 -0.01219999809 0.02222027265
v 0.05001144061 -0.01279150982 0.02225248725
v 0.04930559361 -0.0130000021 0.02250774645
v 0.05022492152 -0.0130000021 0.02037393995
v 0.05105195408 -0.0130000021 0.01820269195
v 0.02425802847 0.0122000001 0.04936140695
v 0.02399296454 0.01280371408 0.04918491955
v 0.0233025763 0.01299999933 0.04893495075
v 0.02242694112 0.01299999933 0.04895306895
v 0.02162775665 0.01299999933 0.04931136305
v 0.02103169 0.01299999933 0.04995306085
v 0.02075440319 0.0127872489 0.05065648095
v 0.02071442942 0.0122000001 0.05095009815
v 0.02071442942 -0.01219999809 0.05095009815
v 0.02075901424 -0.01280371685 0.05063479445
v 0.02103169 -0.0130000021 0.04995306085
v 0.02162775665 -0.0130000021 0.04931136305
v 0.02242694112 -0.0130000021 0.04895306895
v 0.0233025763 -0.0130000021 0.04893495075
v 0.02401222398 -0.01278725166 0.04919591535
v 0.02425802847 -0.01219999809 0.04936140695
v 0.04861826537 0.0122000001 0.02571505685
v 0.04845751567 0.01279150705 0.02545951005
v 0.0482204156 0.01299999933 0.02474735335
v 0.04711549568 0.01299999933 0.02679122805
v 0.04592399414 0.01299999933 0.02878587385
v 0.04464810205 0.01299999933 0.03072762885
v 0.04537090396 0.01280376654 0.03059891275
v 0.04568876834 0.0122000001 0.03061921695
v 0.04672170534 0.0122000001 0.02901865765
v 0.04769859496 0.0122000001 0.02738327955
v 0.04861826537 -0.01219999809 0.02571505685
v 0.04861826537 0.0122000001 0.02571505685
v 0.04769859496 0.0122000001 0.02738327955
v 0.04672170534 0.0122000001 0.02901865765
v 0.04568876834 0.0122000001 0.03061921695
v 0.04568876834 -0.01219999809 0.03061921695
v 0.04672170534 -0.01219999809 0.02901865765
v 0.04769859496 -0.01219999809 0.02738327955
v 0.001645589393 -0.0130000021 0.02269040585
v 0.003461379263 -0.0130000021 0.02340808715
v 0.004032398023 -0.0130000021 0.02527520125
v 0.002928655463 -0.0130000021 0.02688576445
v 0.0009812904033 -0.0130000021 0.02702700025
v -0.0003432891767 -0.0130000021 0.02559254775
v -4.764675674e-05 -0.0130000021 0.02366257845
v 0.001645589393 -0.0080000021 0.02269040585
v -4.764675674e-05 -0.0080000021 0.02366257845
v -0.0003432891767 -0.0080000021 0.02559254775
v 0.0009812904033 -0.0080000021 0.02702700025
v 0.002928655463 -0.0080000021 0.02688576445
v 0.004032398023 -0.0080000021 0.02527520125
v 0.003461379263 -0.0080000021 0.02340808715
v 0.001645589393 -0.0130000021 0.02269040585
v 0.001645589393 -0.0080000021 0.02269040585
v -0.03246101475 0.0122000001 -0.04439913055
v -0.03216927646 0.01280375223 -0.04427134005
v -0.03144602915 0.01299999933 -0.04414507235
v -0.03058683505 0.01299999933 -0.04431496555
v -0.0298620131 0.01299999933 -0.04480659285
v -0.0293864335 0.01299999933 -0.04554204425
v -0.02923568491 0.01279150705 -0.04627733645
v -0.02924712847 0.0122000001 -0.04657902655
v -0.02924712847 -0.01219999809 -0.04657902655
v -0.02923627622 -0.012803755 -0.04626071865
v -0.0293864335 -0.0130000021 -0.04554204425
v -0.0298620131 -0.0130000021 -0.04480659285
v -0.03058683505 -0.0130000021 -0.04431496555
v -0.03144602915 -0.0130000021 -0.04414507235
v -0.03218493578 -0.01279150982 -0.04427693575
v -0.03246101475 -0.01219999809 -0.04439913055
v -0.05496218348 0.0122000001 0.002039237851
v -0.05468445468 0.01280088406 0.002186881451
v -0.05413378488 0.01299999933 0.002678372751
v -0.05419883098 0.01299999933 0.0003558609509
v -0.05416428478 0.01299999933 -0.001967303949
v -0.05403020368 0.01299999933 -0.004286854149
v -0.05459198538 0.01280361872 -0.003813875649
v -0.05487723918 0.0122000001 -0.003672636949
v -0.05497151318 0.0122000001 -0.001770037849
v -0.05499983118 0.0122000001 0.0001346786509
v -0.05377307318 -0.01219999809 0.01155233675
v -0.05377307318 0.0122000001 0.01155233675
v -0.05414087348 0.0122000001 0.009683258451
v -0.05444373808 0.0122000001 0.007802554951
v -0.05468127588 0.0122000001 0.005912495951
v -0.05468127588 -0.01219999809 0.005912495951
v -0.05444373808 -0.01219999809 0.007802554951
v -0.05414087348 -0.01219999809 0.009683258451
v -0.04995306148 -0.0130000021 0.02103169445
v -0.05063479508 -0.01280371685 0.02075900915
v -0.05095009878 -0.01219999809 0.02071443385
v -0.05163687468 -0.01219999809 0.01893761345
v -0.05226170948 -0.01219999809 0.01713806705
v -0.05282385908 -0.01219999809 0.01531797865
v -0.05262023018 -0.01278479595 0.01510707395
v -0.05223797728 -0.0130000021 0.01445108975
v -0.05157063808 -0.0130000021 0.01667661395
v -0.05080853218 -0.0130000021 0.01887149665
v 0.05377646194 -0.0130000021 0.006762553151
v 0.05423062209 -0.01280361671 0.007339650951
v 0.05448129385 -0.01219999809 0.007535822151
v 0.05418765065 -0.01219999809 0.009417983751
v 0.05382900622 -0.01219999809 0.01128885365
v 0.05340578733 -0.01219999809 0.01314617185
v 0.05312092467 -0.01278732319 0.01322812055
v 0.0524649594 -0.0130000021 0.01360397205
v 0.05299978869 -0.0130000021 0.01134294465
v 0.05343722403 -0.0130000021 0.009061069851
v 0.03246100959 0.0122000001 0.04439912965
v 0.03216927846 0.01280375223 0.04427133675
v 0.03144602639 0.01299999933 0.04414506895
v 0.03058683705 0.01299999933 0.04431496455
v 0.02986201272 0.01299999933 0.04480659195
v 0.02938642835 0.01299999933 0.04554204565
v 0.02923568691 0.01279150705 0.04627733785
v 0.02924712332 0.0122000001 0.04657902315
v 0.02924712332 -0.01219999809 0.04657902315
v 0.02923627822 -0.012803755 0.04626071525
v 0.02938642835 -0.0130000021 0.04554204565
v 0.02986201272 -0.0130000021 0.04480659195
v 0.03058683705 -0.0130000021 0.04431496455
v 0.03144602639 -0.0130000021 0.04414506895
v 0.03218493778 -0.01279150982 0.04427693485
v 0.03246100959 -0.01219999809 0.04439912965
v 0.05234501837 0.0122000001 0.01688191255
v 0.05214573182 0.01278732281 0.01666249085
v 0.05178517257 0.01299999933 0.01599799855
v 0.05105195408 0.01299999933 0.01820269195
v 0.05022492152 0.01299999933 0.02037393995
v 0.04930559361 0.01299999933 0.02250774645
v 0.04999508271 0.01280375223 0.02225546265
v 0.05031162516 0.0122000001 0.02222027265
v 0.05105093445 0.0122000001 0.02046465485
v 0.05172900239 0.0122000001 0.01868448945
v 0.05234501837 -0.01219999809 0.01688191255
v 0.05234501837 0.0122000001 0.01688191255
v 0.05172900239 0.0122000001 0.01868448945
v 0.05105093445 0.0122000001 0.02046465485
v 0.05031162516 0.0122000001 0.02222027265
v 0.05031162516 -0.01219999809 0.02222027265
v 0.05105093445 -0.01219999809 0.02046465485
v 0.05172900239 -0.01219999809 0.01868448945
v -0.001323703867 -0.00650000114 -0.01825206325
v 0.004381279943 -0.00650000114 -0.01776779165
v 0.009657393363 -0.00650000114 -0.01554428125
v 0.01398817445 -0.00650000114 -0.01179919455
v 0.01694969654 -0.00650000114 -0.006899115349
v 0.01825206254 -0.00650000114 -0.001323704149
v 0.01776779102 -0.00650000114 0.004381279651
v 0.01554428532 -0.00650000114 0.009657393051
v 0.01179919391 -0.00650000114 0.01398817415
v 0.006899114713 -0.00650000114 0.01694969625
v 0.001323703493 -0.00650000114 0.01825206225
v -0.004381280317 -0.00650000114 0.01776778595
v -0.009657393747 -0.00650000114 0.01554428505
v -0.01398817483 -0.00650000114 0.01179918885
v -0.01694969692 -0.00650000114 0.006899114451
v -0.01825206293 -0.00650000114 0.001323703251
v -0.01776778664 -0.00650000114 -0.004381280649
v -0.01554428571 -0.00650000114 -0.009657394049
v -0.0117991943 -0.00650000114 -0.01398817515
v -0.006899115097 -0.00650000114 -0.01694969725
v -0.001323703867 -0.0080000021 -0.01825206325
v -0.006899115097 -0.0080000021 -0.01694969725
v -0.0117991943 -0.0080000021 -0.01398817515
v -0.01554428571 -0.0080000021 -0.009657394049
v -0.01776778664 -0.0080000021 -0.004381280649
v -0.01825206293 -0.0080000021 0.001323703251
v -0.01694969692 -0.0080000021 0.006899114451
v -0.01398817483 -0.0080000021 0.01179918885
v -0.009657393747 -0.0080000021 0.01554428505
v -0.004381280317 -0.0080000021 0.01776778595
v 0.001323703493 -0.0080000021 0.01825206225
v 0.006899114713 -0.0080000021 0.01694969625
v 0.01179919391 -0.0080000021 0.01398817415
v 0.01554428532 -0.0080000021 0.009657393051
v 0.01776779102 -0.0080000021 0.004381279651
v 0.01825206254 -0.0080000021 -0.001323704149
v 0.01694969654 -0.0080000021 -0.006899115349
v 0.01398817445 -0.0080000021 -0.01179919455
v 0.009657393363 -0.0080000021 -0.01554428125
v 0.004381279943 -0.0080000021 -0.01776779165
v -0.001323703867 -0.0080000021 -0.01825206325
v -0.001323703867 -0.00650000114 -0.01825206325
v -0.02425802409 0.0122000001 -0.04936140315
v -0.02399296016 0.01280371647 -0.04918492285
v -0.02330257669 0.01299999933 -0.04893495405
v -0.02242694151 0.01299999933 -0.04895306995
v -0.0216277618 0.01299999933 -0.04931136395
v -0.02103168562 0.01299999933 -0.04995305705
v -0.02075442265 0.01278732281 -0.05065638895
v -0.02071443457 0.0122000001 -0.05095009675
v -0.02071443457 -0.01219999809 -0.05095009675
v -0.02075900986 -0.01280371685 -0.05063479295
v -0.02103168562 -0.0130000021 -0.04995305705
v -0.0216277618 -0.0130000021 -0.04931136395
v -0.02242694151 -0.0130000021 -0.04895306995
v -0.02330257669 -0.0130000021 -0.04893495405
v -0.02401213853 -0.01278732319 -0.04919586395
v -0.02425802409 -0.01219999809 -0.04936140315
v -0.05448129538 0.0122000001 -0.007535823149
v -0.05424937168 0.01278479795 -0.007356512849
v -0.05377646468 0.01299999933 -0.006762549349
v -0.05343721968 0.01299999933 -0.009061075549
v -0.05299978428 0.01299999933 -0.01134294565
v -0.05246495978 0.01299999933 -0.01360397295
v -0.05310021238 0.01280371647 -0.01323578425
v -0.05340578888 0.0122000001 -0.01314617275
v -0.05382900418 0.0122000001 -0.01128884985
v -0.05418765578 0.0122000001 -0.009417984649
v -0.05496218348 -0.01219999809 0.002039237851
v -0.05496218348 0.0122000001 0.002039237851
v -0.05499983118 0.0122000001 0.0001346786509
v -0.05497151318 0.0122000001 -0.001770037849
v -0.05487723918 0.0122000001 -0.003672636949
v -0.05487723918 -0.01219999809 -0.003672636949
v -0.05497151318 -0.01219999809 -0.001770037849
v -0.05499983118 -0.01219999809 0.0001346786509
v -0.05284627428 -0.0130000021 0.01203791115
v -0.05347042478 -0.01280361671 0.01165094715
v -0.05377307318 -0.01219999809 0.01155233675
v -0.05414087348 -0.01219999809 0.009683258451
v -0.05444373808 -0.01219999809 0.007802554951
v -0.05468127588 -0.01219999809 0.005912495951
v -0.05442776988 -0.01280088444 0.005726320151
v -0.05395376418 -0.0130000021 0.005160520251
v -0.05368302958 -0.0130000021 0.007468112151
v -0.05331363738 -0.0130000021 0.009761985651
v 0.05413378213 -0.0130000021 -0.002678373749
v 0.0546813906 -0.01280350227 -0.002188813549
v 0.05496218305 -0.01219999809 -0.002039238749
v 0.05499983554 -0.01219999809 -0.0001346795491
v 0.05497151045 -0.01219999809 0.001770036851
v 0.05487724236 -0.01219999809 0.003672636051
v 0.05461376815 -0.01278479595 0.003801171751
v 0.05403020326 -0.0130000021 0.004286853251
v 0.0541642844 -0.0130000021 0.001967302951
v 0.05419883175 -0.0130000021 -0.0003558619491
v 0.03967768165 0.0122000001 0.03808781145
v 0.03936817155 0.01280376654 0.03801262325
v 0.03863400206 0.01299999933 0.03801386175
v 0.0378173678 0.01299999933 0.03833037525
v 0.03718892635 0.01299999933 0.03894039195
v 0.03684827486 0.01299999933 0.03974725705
v 0.03682715919 0.01279334526 0.04049513795
v 0.03689115737 0.0122000001 0.04079267495
v 0.03689115737 -0.01219999809 0.04079267495
v 0.0368252018 -0.0128037693 0.04048107125
v 0.03684827486 -0.0130000021 0.03974725705
v 0.03718892635 -0.0130000021 0.03894039195
v 0.0378173678 -0.0130000021 0.03833037525
v 0.03863400206 -0.0130000021 0.03801386175
v 0.03938217625 -0.01279334564 0.03801499795
v 0.03967768165 -0.01219999809 0.03808781145
v 0.05448129385 0.0122000001 0.007535822151
v 0.05424937011 0.01278479795 0.007356511951
v 0.05377646194 0.01299999933 0.006762553151
v 0.05343722403 0.01299999933 0.009061069851
v 0.05299978869 0.01299999933 0.01134294465
v 0.0524649594 0.01299999933 0.01360397205
v 0.05310021443 0.01280371647 0.01323577855
v 0.05340578733 0.0122000001 0.01314617185
v 0.05382900622 0.0122000001 0.01128885365
v 0.05418765065 0.0122000001 0.009417983751
v 0.05448129385 -0.01219999809 0.007535822151
v 0.05448129385 0.0122000001 0.007535822151
v 0.05418765065 0.0122000001 0.009417983751
v 0.05382900622 0.0122000001 0.01128885365
v 0.05340578733 0.0122000001 0.01314617185
v 0.05340578733 -0.01219999809 0.01314617185
v 0.05382900622 -0.01219999809 0.01128885365
v 0.05418765065 -0.01219999809 0.009417983751
v -0.001229669087 -0.00650000114 -0.01695546655
v 0.004342386763 -0.00650000114 -0.01643604755
v 0.009443882283 -0.00650000114 -0.01413552825
v 0.01352198244 -0.00650000114 -0.01030319985
v 0.01613476958 -0.00650000114 -0.005354364649
v 0.01699910352 -0.00650000114 0.0001747019509
v 0.01602132019 -0.00650000114 0.005684834951
v 0.01330737861 -0.00650000114 0.01057892465
v 0.009151373803 -0.00650000114 0.01432662855
v 0.004003679183 -0.00650000114 0.01652182515
v -0.001577876897 -0.00650000114 0.01692661195
v -0.006988450257 -0.00650000114 0.01549714955
v -0.0116417079 -0.00650000114 0.01238832525
v -0.01503341418 -0.00650000114 0.007937034951
v -0.01679601434 -0.00650000114 0.002625642851
v -0.01673849796 -0.00650000114 -0.002970279549
v -0.01486711743 -0.00650000114 -0.008244324049
v -0.01138464877 -0.00650000114 -0.01262496845
v -0.006668476027 -0.00650000114 -0.01563750295
v -0.001323703867 -0.00650000114 -0.01825206325
v -0.006899115097 -0.00650000114 -0.01694969725
v -0.0117991943 -0.00650000114 -0.01398817515
v -0.01554428571 -0.00650000114 -0.009657394049
v -0.01776778664 -0.00650000114 -0.004381280649
v -0.01825206293 -0.00650000114 0.001323703251
v -0.01694969692 -0.00650000114 0.006899114451
v -0.01398817483 -0.00650000114 0.01179918885
v -0.009657393747 -0.00650000114 0.01554428505
v -0.004381280317 -0.00650000114 0.01776778595
v 0.001323703493 -0.00650000114 0.01825206225
v 0.006899114713 -0.00650000114 0.01694969625
v 0.01179919391 -0.00650000114 0.01398817415
v 0.01554428532 -0.00650000114 0.009657393051
v 0.01776779102 -0.00650000114 0.004381279651
v 0.01825206254 -0.00650000114 -0.001323704149
v 0.01694969654 -0.00650000114 -0.006899115349
v 0.01398817445 -0.00650000114 -0.01179919455
v 0.009657393363 -0.00650000114 -0.01554428125
v 0.004381279943 -0.00650000114 -0.01776779165
v -0.01531797933 0.0122000001 -0.05282385465
v -0.01508768644 0.01280361872 -0.05260411095
v -0.01445109517 0.01299999933 -0.05223797285
v -0.01358561689 0.01299999933 -0.05210375835
v -0.01273635523 0.01299999933 -0.05231783525
v -0.01203791185 0.01299999933 -0.05284627455
v -0.01164151598 0.01278479795 -0.05349380915
v -0.01155234217 0.0122000001 -0.05377307345
v -0.01155234217 -0.01219999809 -0.05377307345
v -0.01165094786 -0.01280361671 -0.05347042505
v -0.01203791185 -0.0130000021 -0.05284627455
v -0.01273635523 -0.0130000021 -0.05231783525
v -0.01358561689 -0.0130000021 -0.05210375835
v -0.01445109517 -0.0130000021 -0.05223797285
v -0.01510707461 -0.01278479595 -0.05262023045
v -0.01531797933 -0.01219999809 -0.05282385465
v -0.05234501998 0.0122000001 -0.01688191825
v -0.05214573098 0.01278732281 -0.01666248695
v -0.05178517648 0.01299999933 -0.01599799945
v -0.05105194968 0.01299999933 -0.01820269295
v -0.05022491948 0.01299999933 -0.02037393615
v -0.04930559278 0.01299999933 -0.02250774265
v -0.04999508068 0.01280375223 -0.02225546835
v -0.05031162438 0.0122000001 -0.02222026885
v -0.05105093488 0.0122000001 -0.02046465585
v -0.05172900038 0.0122000001 -0.01868449515
v -0.05448129538 -0.01219999809 -0.007535823149
v -0.05448129538 0.0122000001 -0.007535823149
v -0.05418765578 0.0122000001 -0.009417984649
v -0.05382900418 0.0122000001 -0.01128884985
v -0.05340578888 0.0122000001 -0.01314617275
v -0.05340578888 -0.01219999809 -0.01314617275
v -0.05382900418 -0.01219999809 -0.01128884985
v -0.05418765578 -0.01219999809 -0.009417984649
v -0.05413378488 -0.0130000021 0.002678372751
v -0.05468139338 -0.01280350227 0.002188817351
v -0.05496218348 -0.01219999809 0.002039237851
v -0.05499983118 -0.01219999809 0.0001346786509
v -0.05497151318 -0.01219999809 -0.001770037849
v -0.05487723918 -0.01219999809 -0.003672636949
v -0.05461376738 -0.01278479595 -0.003801167949
v -0.05403020368 -0.0130000021 -0.004286854149
v -0.05416428478 -0.0130000021 -0.001967303949
v -0.05419883098 -0.0130000021 0.0003558609509
v 0.05284627385 -0.0130000021 -0.01203791215
v 0.05347042559 -0.01280361671 -0.01165094815
v 0.05377307277 -0.01219999809 -0.01155234245
v 0.05414087664 -0.01219999809 -0.009683254549
v 0.05444373408 -0.01219999809 -0.007802555849
v 0.05468128031 -0.01219999809 -0.005912492149
v 0.05442776474 -0.01280088444 -0.005726321049
v 0.05395376734 -0.0130000021 -0.005160521249
v 0.05368302564 -0.0130000021 -0.007468113149
v 0.05331363465 -0.0130000021 -0.009761981849
v 0.04568876834 0.0122000001 0.03061921695
v 0.04537090396 0.01280376654 0.03059891275
v 0.04464810205 0.01299999933 0.03072762885
v 0.0438988351 0.01299999933 0.03118112825
v 0.04338587152 0.01299999933 0.03189101395
v 0.04319050745 0.01299999933 0.03274477145
v 0.04329957788 0.01279334526 0.03348495645
v 0.04341427103 0.0122000001 0.03376686275
v 0.04341427103 -0.01219999809 0.03376686275
v 0.0432952077 -0.0128037693 0.03347144285
v 0.04319050745 -0.0130000021 0.03274477145
v 0.04338587152 -0.0130000021 0.03189101395
v 0.0438988351 -0.0130000021 0.03118112825
v 0.04464810205 -0.0130000021 0.03072762885
v 0.04538510536 -0.01279334564 0.03059881735
v 0.04568876834 -0.01219999809 0.03061921695
v 0.05496218305 0.0122000001 -0.002039238749
v 0.05468445785 0.01280088406 -0.002186882349
v 0.05413378213 0.01299999933 -0.002678373749
v 0.05419883175 0.01299999933 -0.0003558619491
v 0.0541642844 0.01299999933 0.001967302951
v 0.05403020326 0.01299999933 0.004286853251
v 0.05459198859 0.01280361872 0.003813879451
v 0.05487724236 0.0122000001 0.003672636051
v 0.05497151045 0.0122000001 0.001770036851
v 0.05499983554 0.0122000001 -0.0001346795491
v 0.05496218305 -0.01219999809 -0.002039238749
v 0.05496218305 0.0122000001 -0.002039238749
v 0.05499983554 0.0122000001 -0.0001346795491
v 0.05497151045 0.0122000001 0.001770036851
v 0.05487724236 0.0122000001 0.003672636051
v 0.05487724236 -0.01219999809 0.003672636051
v 0.05497151045 -0.01219999809 0.001770036851
v 0.05499983554 -0.01219999809 -0.0001346795491
v -0.005912491867 0.0122000001 -0.05468127975
v -0.005723969977 0.01280350428 -0.05442500925
v -0.005160520947 0.01299999933 -0.05395376805
v -0.004331497127 0.01299999933 -0.05367130375
v -0.003457964717 0.01299999933 -0.05373465475
v -0.002678373417 0.01299999933 -0.05413378165
v -0.002186882087 0.01280088406 -0.05468445735
v -0.002039238507 0.0122000001 -0.05496218255
v -0.002039238507 -0.01219999809 -0.05496218255
v -0.002188813277 -0.01280350227 -0.05468139125
v -0.002678373417 -0.0130000021 -0.05413378165
v -0.003457964717 -0.0130000021 -0.05373465475
v -0.004331497127 -0.0130000021 -0.05367130375
v -0.005160520947 -0.0130000021 -0.05395376805
v -0.005726320787 -0.01280088444 -0.05442776545
v -0.005912491867 -0.01219999809 -0.05468127975
v -0.04861826458 0.0122000001 -0.02571505785
v -0.04845751368 0.01279150705 -0.02545950615
v -0.04822041238 0.01299999933 -0.02474735425
v -0.04711549128 0.01299999933 -0.02679122895
v -0.04592399568 0.01299999933 -0.02878587485
v -0.04464810008 0.01299999933 -0.03072762505
v -0.04537089958 0.01280376654 -0.03059891365
v -0.04568876868 0.0122000001 -0.03061921795
v -0.04672170568 0.0122000001 -0.02901865385
v -0.04769859538 0.0122000001 -0.02738328055
v -0.05234501998 -0.01219999809 -0.01688191825
v -0.05234501998 0.0122000001 -0.01688191825
v -0.05172900038 0.0122000001 -0.01868449515
v -0.05105093488 0.0122000001 -0.02046465585
v -0.05031162438 0.0122000001 -0.02222026885
v -0.05031162438 -0.01219999809 -0.02222026885
v -0.05105093488 -0.01219999809 -0.02046465585
v -0.05172900038 -0.01219999809 -0.01868449515
v -0.05377646468 -0.0130000021 -0.006762549349
v -0.05423062248 -0.01280361671 -0.007339651849
v -0.05448129538 -0.01219999809 -0.007535823149
v -0.05418765578 -0.01219999809 -0.009417984649
v -0.05382900418 -0.01219999809 -0.01128884985
v -0.05340578888 -0.01219999809 -0.01314617275
v -0.05312092628 -0.01278732319 -0.01322812625
v -0.05246495978 -0.0130000021 -0.01360397295
v -0.05299978428 -0.0130000021 -0.01134294565
v -0.05343721968 -0.0130000021 -0.009061075549
v 0.04995305872 -0.0130000021 -0.02103169065
v 0.05063479233 -0.01280371685 -0.02075901495
v 0.05095009605 -0.01219999809 -0.02071443005
v 0.05163687553 -0.01219999809 -0.01893760965
v 0.05226171144 -0.01219999809 -0.01713807285
v 0.05282385515 -0.01219999809 -0.01531797485
v 0.05262023101 -0.01278479595 -0.01510707485
v 0.05223797335 -0.0130000021 -0.01445109545
v 0.05157063531 -0.0130000021 -0.01667661485
v 0.05080853059 -0.0130000021 -0.01887149285
v 0.05031162516 0.0122000001 0.02222027265
v 0.04999508271 0.01280375223 0.02225546265
v 0.04930559361 0.01299999933 0.02250774645
v 0.0486464606 0.01299999933 0.02308447025
v 0.04826455914 0.01299999933 0.02387264325
v 0.0482204156 0.01299999933 0.02474735335
v 0.04845751567 0.01279150705 0.02545951005
v 0.04861826537 0.0122000001 0.02571505685
v 0.04861826537 -0.01219999809 0.02571505685
v 0.04844971941 -0.012803755 0.02544481385
v 0.0482204156 -0.0130000021 0.02474735335
v 0.04826455914 -0.0130000021 0.02387264325
v 0.0486464606 -0.0130000021 0.02308447025
v 0.04930559361 -0.0130000021 0.02250774645
v 0.05001144061 -0.01279150982 0.02225248725
v 0.05031162516 -0.01219999809 0.02222027265
v 0.05377307277 0.0122000001 -0.01155234245
v 0.05349380967 0.01278479795 -0.01164151625
v 0.05284627385 0.01299999933 -0.01203791215
v 0.05331363465 0.01299999933 -0.009761981849
v 0.05368302564 0.01299999933 -0.007468113149
v 0.05395376734 0.01299999933 -0.005160521249
v 0.05442500861 0.01280350428 -0.005723965549
v 0.05468128031 0.0122000001 -0.005912492149
v 0.05444373408 0.0122000001 -0.007802555849
v 0.05414087664 0.0122000001 -0.009683254549
v 0.05377307277 -0.01219999809 -0.01155234245
v 0.05377307277 0.0122000001 -0.01155234245
v 0.05414087664 0.0122000001 -0.009683254549
v 0.05444373408 0.0122000001 -0.007802555849
v 0.05468128031 0.0122000001 -0.005912492149
v 0.05468128031 -0.01219999809 -0.005912492149
v 0.05444373408 -0.01219999809 -0.007802555849
v 0.05414087664 -0.01219999809 -0.009683254549
v 0.003672636303 0.0122000001 -0.05487724305
v 0.003813879743 0.01280361872 -0.05459198925
v 0.004286853533 0.01299999933 -0.05403020395
v 0.005054231593 0.01299999933 -0.05360807175
v 0.005925493993 0.01299999933 -0.05351877415
v 0.006762553463 0.01299999933 -0.05377646265
v 0.007356516963 0.01278479795 -0.05424937075
v 0.007535822443 0.0122000001 -0.05448129335
v 0.007535822443 -0.01219999809 -0.05448129335
v 0.007339655973 -0.01280361671 -0.05423062275
v 0.006762553463 -0.0130000021 -0.05377646265
v 0.005925493993 -0.0130000021 -0.05351877415
v 0.005054231593 -0.0130000021 -0.05360807175
v 0.004286853533 -0.0130000021 -0.05403020395
v 0.003801172063 -0.01278479595 -0.05461376765
v 0.003672636303 -0.01219999809 -0.05487724305
v -0.04341426908 0.0122000001 -0.03376686135
v -0.04329958068 0.01279334526 -0.03348495505
v -0.04319051018 0.01299999933 -0.03274477245
v -0.04174745478 0.01299999933 -0.03456573235
v -0.04022769538 0.01299999933 -0.03632317255
v -0.03863399768 0.01299999933 -0.03801386505
v -0.03936817428 0.01280376654 -0.03801261945
v -0.03967767968 0.0122000001 -0.03808781245
v -0.04097285768 0.0122000001 -0.03669093455
v -0.04221889288 0.0122000001 -0.03525004215
v -0.04861826458 -0.01219999809 -0.02571505785
v -0.04861826458 0.0122000001 -0.02571505785
v -0.04769859538 0.0122000001 -0.02738328055
v -0.04672170568 0.0122000001 -0.02901865385
v -0.04568876868 0.0122000001 -0.03061921795
v -0.04568876868 -0.01219999809 -0.03061921795
v -0.04672170568 -0.01219999809 -0.02901865385
v -0.04769859538 -0.01219999809 -0.02738328055
v -0.05178517648 -0.0130000021 -0.01599799945
v -0.05213214118 -0.01280371685 -0.01664509195
v -0.05234501998 -0.01219999809 -0.01688191825
v -0.05172900038 -0.01219999809 -0.01868449515
v -0.05105093488 -0.01219999809 -0.02046465585
v -0.05031162438 -0.01219999809 -0.02222026885
v -0.05001143618 -0.01279150982 -0.02225248335
v -0.04930559278 -0.0130000021 -0.02250774265
v -0.05022491948 -0.0130000021 -0.02037393615
v -0.05105194968 -0.0130000021 -0.01820269295
v 0.04554204476 -0.0130000021 -0.02938642905
v 0.04626071916 -0.012803755 -0.02923627655
v 0.04657902705 -0.01219999809 -0.02924712395
v 0.04756391346 -0.01219999809 -0.02761655375
v 0.04849174386 -0.01219999809 -0.02595285775
v 0.04936140364 -0.01219999809 -0.02425802435
v 0.04919586323 -0.01278732319 -0.02401213885
v 0.04893495458 -0.0130000021 -0.02330257695
v 0.04789129758 -0.0130000021 -0.02537840835
v 0.04675963424 -0.0130000021 -0.02740760035
v 0.05340578733 0.0122000001 0.01314617185
v 0.05310021443 0.01280371647 0.01323577855
v 0.0524649594 0.01299999933 0.01360397205
v 0.05191598631 0.01299999933 0.01428639175
v 0.05167675205 0.01299999933 0.01512890535
v 0.05178517257 0.01299999933 0.01599799855
v 0.05214573182 0.01278732281 0.01666249085
v 0.05234501837 0.0122000001 0.01688191255
v 0.05234501837 -0.01219999809 0.01688191255
v 0.05213213722 -0.01280371685 0.01664508625
v 0.05178517257 -0.0130000021 0.01599799855
v 0.05167675205 -0.0130000021 0.01512890535
v 0.05191598631 -0.0130000021 0.01428639175
v 0.0524649594 -0.0130000021 0.01360397205
v 0.05312092467 -0.01278732319 0.01322812055
v 0.05340578733 -0.01219999809 0.01314617185
v 0.05095009605 0.0122000001 -0.02071443005
v 0.05065638947 0.01278732281 -0.02075442295
v 0.04995305872 0.01299999933 -0.02103169065
v 0.05080853059 0.01299999933 -0.01887149285
v 0.05157063531 0.01299999933 -0.01667661485
v 0.05223797335 0.01299999933 -0.01445109545
v 0.05260411269 0.01280361872 -0.01508768675
v 0.05282385515 0.0122000001 -0.01531797485
v 0.05226171144 0.0122000001 -0.01713807285
v 0.05163687553 0.0122000001 -0.01893760965
v 0.05095009605 -0.01219999809 -0.02071443005
v 0.05095009605 0.0122000001 -0.02071443005
v 0.05163687553 0.0122000001 -0.01893760965
v 0.05226171144 0.0122000001 -0.01713807285
v 0.05282385515 0.0122000001 -0.01531797485
v 0.05282385515 -0.01219999809 -0.01531797485
v 0.05226171144 -0.01219999809 -0.01713807285
v 0.05163687553 -0.01219999809 -0.01893760965
v 0.01314617212 0.0122000001 -0.05340578805
v 0.01323578359 0.01280371647 -0.05310021505
v 0.01360397229 0.01299999933 -0.05246496005
v 0.01428639205 0.01299999933 -0.05191598575
v 0.01512891044 0.01299999933 -0.05167675275
v 0.0159979988 0.01299999933 -0.05178517205
v 0.01666248632 0.01278732281 -0.05214573125
v 0.01688191759 0.0122000001 -0.05234501785
v 0.01688191759 -0.01219999809 -0.05234501785
v 0.01664509128 -0.01280371685 -0.05213213665
v 0.0159979988 -0.0130000021 -0.05178517205
v 0.01512891044 -0.0130000021 -0.05167675275
v 0.01428639205 -0.0130000021 -0.05191598575
v 0.01360397229 -0.0130000021 -0.05246496005
v 0.01322812562 -0.01278732319 -0.05312092415
v 0.01314617212 -0.01219999809 -0.05340578805
v -0.03689115298 0.0122000001 -0.04079267825
v -0.03682716198 0.01279334526 -0.04049513415
v -0.03684827758 0.01299999933 -0.03974725805
v -0.03511094738 0.01299999933 -0.04128997095
v -0.03330909159 0.01299999933 -0.04275680715
v -0.03144602915 0.01299999933 -0.04414507235
v -0.03216927646 0.01280375223 -0.04427134005
v -0.03246101475 0.0122000001 -0.04439913055
v -0.03397907554 0.0122000001 -0.04324837975
v -0.03545638588 0.0122000001 -0.04204574655
v -0.04341426908 -0.01219999809 -0.03376686135
v -0.04341426908 0.0122000001 -0.03376686135
v -0.04221889288 0.0122000001 -0.03525004215
v -0.04097285768 0.0122000001 -0.03669093455
v -0.03967767968 0.0122000001 -0.03808781245
v -0.03967767968 -0.01219999809 -0.03808781245
v -0.04097285768 -0.01219999809 -0.03669093455
v -0.04221889288 -0.01219999809 -0.03525004215
v -0.04822041238 -0.0130000021 -0.02474735425
v -0.04844972218 -0.012803755 -0.02544481965
v -0.04861826458 -0.01219999809 -0.02571505785
v -0.04769859538 -0.01219999809 -0.02738328055
v -0.04672170568 -0.01219999809 -0.02901865385
v -0.04568876868 -0.01219999809 -0.03061921795
v -0.04538510928 -0.01279334564 -0.03059881835
v -0.04464810008 -0.0130000021 -0.03072762505
v -0.04592399568 -0.0130000021 -0.02878587485
v -0.04711549128 -0.0130000021 -0.02679122895
v 0.03974725972 -0.0130000021 -0.03684827555
v 0.04048106915 -0.0128037693 -0.03682520005
v 0.04079267758 -0.01219999809 -0.03689115805
v 0.04204574589 -0.01219999809 -0.03545638385
v 0.04324837907 -0.01219999809 -0.03397907825
v 0.0443991299 -0.01219999809 -0.03246101025
v 0.04427693512 -0.01279150982 -0.03218493605
v 0.04414507405 -0.0130000021 -0.03144602465
v 0.04275680646 -0.0130000021 -0.03330908945
v 0.04128997031 -0.0130000021 -0.03511094285
v 0.05487724236 0.0122000001 0.003672636051
v 0.05459198859 0.01280361872 0.003813879451
v 0.05403020326 0.01299999933 0.004286853251
v 0.05360807228 0.01299999933 0.005054231351
v 0.05351877465 0.01299999933 0.005925493751
v 0.05377646194 0.01299999933 0.006762553151
v 0.05424937011 0.01278479795 0.007356511951
v 0.05448129385 0.0122000001 0.007535822151
v 0.05448129385 -0.01219999809 0.007535822151
v 0.05423062209 -0.01280361671 0.007339650951
v 0.05377646194 -0.0130000021 0.006762553151
v 0.05351877465 -0.0130000021 0.005925493751
v 0.05360807228 -0.0130000021 0.005054231351
v 0.05403020326 -0.0130000021 0.004286853251
v 0.05461376815 -0.01278479595 0.003801171751
v 0.05487724236 -0.01219999809 0.003672636051
v 0.04657902705 0.0122000001 -0.02924712395
v 0.04627733574 0.01279150705 -0.02923568515
v 0.04554204476 0.01299999933 -0.02938642905
v 0.04675963424 0.01299999933 -0.02740760035
v 0.04789129758 0.01299999933 -0.02537840835
v 0.04893495458 0.01299999933 -0.02330257695
v 0.04918492217 0.01280371647 -0.02399296045
v 0.04936140364 0.0122000001 -0.02425802435
v 0.04849174386 0.0122000001 -0.02595285775
v 0.04756391346 0.0122000001 -0.02761655375
v 0.04657902705 -0.01219999809 -0.02924712395
v 0.04657902705 0.0122000001 -0.02924712395
v 0.04756391346 0.0122000001 -0.02761655375
v 0.04849174386 0.0122000001 -0.02595285775
v 0.04936140364 0.0122000001 -0.02425802435
v 0.04936140364 -0.01219999809 -0.02425802435
v 0.04849174386 -0.01219999809 -0.02595285775
v 0.04756391346 -0.01219999809 -0.02761655375
v 0.02222026814 0.0122000001 -0.05031162465
v 0.0222554677 0.01280375223 -0.04999508335
v 0.02250774196 0.01299999933 -0.04930559305
v 0.02308446581 0.01299999933 -0.04864646005
v 0.02387264358 0.01299999933 -0.04826455985
v 0.02474735359 0.01299999933 -0.04822041505
v 0.02545950553 0.01279150705 -0.04845751395
v 0.02571505953 0.0122000001 -0.04861826485
v 0.02571505953 -0.01219999809 -0.04861826485
v 0.02544481893 -0.012803755 -0.04844972005
v 0.02474735359 -0.0130000021 -0.04822041505
v 0.02387264358 -0.0130000021 -0.04826455985
v 0.02308446581 -0.0130000021 -0.04864646005
v 0.02250774196 -0.0130000021 -0.04930559305
v 0.02225248273 -0.01279150982 -0.05001144125
v 0.02222026814 -0.01219999809 -0.05031162465
v -0.02924712847 0.0122000001 -0.04657902655
v -0.02923568491 0.01279150705 -0.04627733645
v -0.0293864335 0.01299999933 -0.04554204425
v -0.02740760484 0.01299999933 -0.04675963495
v -0.02537840326 0.01299999933 -0.04789129705
v -0.02330257669 0.01299999933 -0.04893495405
v -0.02399296016 0.01280371647 -0.04918492285
v -0.02425802409 0.0122000001 -0.04936140315
v -0.02595285746 0.0122000001 -0.04849174335
v -0.02761655347 0.0122000001 -0.04756391415
v -0.03689115298 -0.01219999809 -0.04079267825
v -0.03689115298 0.0122000001 -0.04079267825
v -0.03545638588 0.0122000001 -0.04204574655
v -0.03397907554 0.0122000001 -0.04324837975
v -0.03246101475 0.0122000001 -0.04439913055
v -0.03246101475 -0.01219999809 -0.04439913055
v -0.03397907554 -0.01219999809 -0.04324837975
v -0.03545638588 -0.01219999809 -0.04204574655
v -0.04319051018 -0.0130000021 -0.03274477245
v -0.04329520328 -0.0128037693 -0.03347144145
v -0.04341426908 -0.01219999809 -0.03376686135
v -0.04221889288 -0.01219999809 -0.03525004215
v -0.04097285768 -0.01219999809 -0.03669093455
v -0.03967767968 -0.01219999809 -0.03808781245
v -0.03938217428 -0.01279334564 -0.03801499415
v -0.03863399768 -0.0130000021 -0.03801386505
v -0.04022769538 -0.0130000021 -0.03632317255
v -0.04174745478 -0.0130000021 -0.03456573235
v 0.03274477175 -0.0130000021 -0.04319050575
v 0.03347144076 -0.0128037693 -0.04329520595
v 0.03376686305 -0.01219999809 -0.04341427175
v 0.03525004147 -0.01219999809 -0.04221888845
v 0.03669093389 -0.01219999809 -0.04097286035
v 0.03808781415 -0.01219999809 -0.03967768235
v 0.03801499345 -0.01279334564 -0.03938217455
v 0.03801386441 -0.0130000021 -0.03863400035
v 0.03632317193 -0.0130000021 -0.04022769085
v 0.03456573164 -0.0130000021 -0.04174745745
v 0.05468128031 0.0122000001 -0.005912492149
v 0.05442500861 0.01280350428 -0.005723965549
v 0.05395376734 0.01299999933 -0.005160521249
v 0.05367130305 0.01299999933 -0.004331497449
v 0.0537346553 0.01299999933 -0.003457965049
v 0.05413378213 0.01299999933 -0.002678373749
v 0.05468445785 0.01280088406 -0.002186882349
v 0.05496218305 0.0122000001 -0.002039238749
v 0.05496218305 -0.01219999809 -0.002039238749
v 0.0546813906 -0.01280350227 -0.002188813549
v 0.05413378213 -0.0130000021 -0.002678373749
v 0.0537346553 -0.0130000021 -0.003457965049
v 0.05367130305 -0.0130000021 -0.004331497449
v 0.05395376734 -0.0130000021 -0.005160521249
v 0.05442776474 -0.01280088444 -0.005726321049
v 0.05468128031 -0.01219999809 -0.005912492149
v 0.04079267758 0.0122000001 -0.03689115805
v 0.04049513585 0.01279334526 -0.03682715745
v 0.03974725972 0.01299999933 -0.03684827555
v 0.04128997031 0.01299999933 -0.03511094285
v 0.04275680646 0.01299999933 -0.03330908945
v 0.04414507405 0.01299999933 -0.03144602465
v 0.0442713418 0.01280375223 -0.03216927675
v 0.0443991299 0.0122000001 -0.03246101025
v 0.04324837907 0.0122000001 -0.03397907825
v 0.04204574589 0.0122000001 -0.03545638385
v 0.04079267758 -0.01219999809 -0.03689115805
v 0.04079267758 0.0122000001 -0.03689115805
v 0.04204574589 0.0122000001 -0.03545638385
v 0.04324837907 0.0122000001 -0.03397907825
v 0.0443991299 0.0122000001 -0.03246101025
v 0.0443991299 -0.01219999809 -0.03246101025
v 0.04324837907 -0.01219999809 -0.03397907825
v 0.04204574589 -0.01219999809 -0.03545638385
v 0.03061921728 0.0122000001 -0.04568876905
v 0.03059891061 0.01280376654 -0.04537090465
v 0.03072762438 0.01299999933 -0.04464810275
v 0.03118113096 0.01299999933 -0.04389883575
v 0.03189101423 0.01299999933 -0.04338587215
v 0.03274477175 0.01299999933 -0.04319050575
v 0.03348495434 0.01279334526 -0.04329957615
v 0.03376686305 0.0122000001 -0.04341427175
v 0.03376686305 -0.01219999809 -0.04341427175
v 0.03347144076 -0.0128037693 -0.04329520595
v 0.03274477175 -0.0130000021 -0.04319050575
v 0.03189101423 -0.0130000021 -0.04338587215
v 0.03118113096 -0.0130000021 -0.04389883575
v 0.03072762438 -0.0130000021 -0.04464810275
v 0.03059881765 -0.01279334564 -0.04538510485
v 0.03061921728 -0.01219999809 -0.04568876905
v -0.02071443457 0.0122000001 -0.05095009675
v -0.02075442265 0.01278732281 -0.05065638895
v -0.02103168562 0.01299999933 -0.04995305705
v -0.01887148781 0.01299999933 -0.05080853005
v -0.01667661457 0.01299999933 -0.05157063595
v -0.01445109517 0.01299999933 -0.05223797285
v -0.01508768644 0.01280361872 -0.05260411095
v -0.01531797933 0.0122000001 -0.05282385465
v -0.01713806775 0.0122000001 -0.05226171215
v -0.01893761414 0.0122000001 -0.05163687505
v -0.02924712847 -0.01219999809 -0.04657902655
v -0.02924712847 0.0122000001 -0.04657902655
v -0.02761655347 0.0122000001 -0.04756391415
v -0.02595285746 0.0122000001 -0.04849174335
v -0.02425802409 0.0122000001 -0.04936140315
v -0.02425802409 -0.01219999809 -0.04936140315
v -0.02595285746 -0.01219999809 -0.04849174335
v -0.02761655347 -0.01219999809 -0.04756391415
v -0.03684827758 -0.0130000021 -0.03974725805
v -0.03682519738 -0.0128037693 -0.04048106745
v -0.03689115298 -0.01219999809 -0.04079267825
v -0.03545638588 -0.01219999809 -0.04204574655
v -0.03397907554 -0.01219999809 -0.04324837975
v -0.03246101475 -0.01219999809 -0.04439913055
v -0.03218493578 -0.01279150982 -0.04427693575
v -0.03144602915 -0.0130000021 -0.04414507235
v -0.03330909159 -0.0130000021 -0.04275680715
v -0.03511094738 -0.0130000021 -0.04128997095
v 0.02474735359 -0.0130000021 -0.04822041505
v 0.02544481893 -0.012803755 -0.04844972005
v 0.02571505953 -0.01219999809 -0.04861826485
v 0.02738327987 -0.01219999809 -0.04769859565
v 0.02901865318 -0.01219999809 -0.04672170605
v 0.03061921728 -0.01219999809 -0.04568876905
v 0.03059881765 -0.01279334564 -0.04538510485
v 0.03072762438 -0.0130000021 -0.04464810275
v 0.02878587657 -0.0130000021 -0.04592399365
v 0.02679123068 -0.0130000021 -0.04711549635
v 0.05282385515 0.0122000001 -0.01531797485
v 0.05260411269 0.01280361872 -0.01508768675
v 0.05223797335 0.01299999933 -0.01445109545
v 0.05210376005 0.01299999933 -0.01358561245
v 0.05231783579 0.01299999933 -0.01273635555
v 0.05284627385 0.01299999933 -0.01203791215
v 0.05349380967 0.01278479795 -0.01164151625
v 0.05377307277 0.0122000001 -0.01155234245
v 0.05377307277 -0.01219999809 -0.01155234245
v 0.05347042559 -0.01280361671 -0.01165094815
v 0.05284627385 -0.0130000021 -0.01203791215
v 0.05231783579 -0.0130000021 -0.01273635555
v 0.05210376005 -0.0130000021 -0.01358561245
v 0.05223797335 -0.0130000021 -0.01445109545
v 0.05262023101 -0.01278479595 -0.01510707485
v 0.05282385515 -0.01219999809 -0.01531797485
v 0.03376686305 0.0122000001 -0.04341427175
v 0.03348495434 0.01279334526 -0.04329957615
v 0.03274477175 0.01299999933 -0.04319050575
v 0.03456573164 0.01299999933 -0.04174745745
v 0.03632317193 0.01299999933 -0.04022769085
v 0.03801386441 0.01299999933 -0.03863400035
v 0.03801261877 0.01280376654 -0.03936817225
v 0.03808781415 0.0122000001 -0.03967768235
v 0.03669093389 0.0122000001 -0.04097286035
v 0.03525004147 0.0122000001 -0.04221888845
v 0.03376686305 -0.01219999809 -0.04341427175
v 0.03376686305 0.0122000001 -0.04341427175
v 0.03525004147 0.0122000001 -0.04221888845
v 0.03669093389 0.0122000001 -0.04097286035
v 0.03808781415 0.0122000001 -0.03967768235
v 0.03808781415 -0.01219999809 -0.03967768235
v 0.03669093389 -0.01219999809 -0.04097286035
v 0.03525004147 -0.01219999809 -0.04221888845
v 0.03808781415 0.0122000001 -0.03967768235
v 0.03801261877 0.01280376654 -0.03936817225
v 0.03801386441 0.01299999933 -0.03863400035
v 0.03833037318 0.01299999933 -0.03781736605
v 0.03894039701 0.01299999933 -0.03718892465
v 0.03974725972 0.01299999933 -0.03684827555
v 0.04049513585 0.01279334526 -0.03682715745
v 0.04079267758 0.0122000001 -0.03689115805
v 0.04079267758 -0.01219999809 -0.03689115805
v 0.04048106915 -0.0128037693 -0.03682520005
v 0.03974725972 -0.0130000021 -0.03684827555
v 0.03894039701 -0.0130000021 -0.03718892465
v 0.03833037318 -0.0130000021 -0.03781736605
v 0.03801386441 -0.0130000021 -0.03863400035
v 0.03801499345 -0.01279334564 -0.03938217455
v 0.03808781415 -0.01219999809 -0.03967768235
v -0.01155234217 0.0122000001 -0.05377307345
v -0.01164151598 0.01278479795 -0.05349380915
v -0.01203791185 0.01299999933 -0.05284627455
v -0.009761981577 0.01299999933 -0.05331363535
v -0.007468112857 0.01299999933 -0.05368302635
v -0.005160520947 0.01299999933 -0.05395376805
v -0.005723969977 0.01280350428 -0.05442500925
v -0.005912491867 0.0122000001 -0.05468127975
v -0.007802555567 0.0122000001 -0.05444373355
v -0.009683254307 0.0122000001 -0.05414087735
v -0.02071443457 -0.01219999809 -0.05095009675
v -0.02071443457 0.0122000001 -0.05095009675
v -0.01893761414 0.0122000001 -0.05163687505
v -0.01713806775 0.0122000001 -0.05226171215
v -0.01531797933 0.0122000001 -0.05282385465
v -0.01531797933 -0.01219999809 -0.05282385465
v -0.01713806775 -0.01219999809 -0.05226171215
v -0.01893761414 -0.01219999809 -0.05163687505
v -0.0293864335 -0.0130000021 -0.04554204425
v -0.02923627622 -0.012803755 -0.04626071865
v -0.02924712847 -0.01219999809 -0.04657902655
v -0.02761655347 -0.01219999809 -0.04756391415
v -0.02595285746 -0.01219999809 -0.04849174335
v -0.02425802409 -0.01219999809 -0.04936140315
v -0.02401213853 -0.01278732319 -0.04919586395
v -0.02330257669 -0.0130000021 -0.04893495405
v -0.02537840326 -0.0130000021 -0.04789129705
v -0.02740760484 -0.0130000021 -0.04675963495
v 0.0159979988 -0.0130000021 -0.05178517205
v 0.01664509128 -0.01280371685 -0.05213213665
v 0.01688191759 -0.01219999809 -0.05234501785
v 0.01868449449 -0.01219999809 -0.05172900305
v 0.02046465515 -0.01219999809 -0.05105093275
v 0.02222026814 -0.01219999809 -0.05031162465
v 0.02225248273 -0.01279150982 -0.05001144125
v 0.02250774196 -0.0130000021 -0.04930559305
v 0.02037393543 -0.0130000021 -0.05022492215
v 0.01820269226 -0.0130000021 -0.05105195475
v 0.04936140364 0.0122000001 -0.02425802435
v 0.04918492217 0.01280371647 -0.02399296045
v 0.04893495458 0.01299999933 -0.02330257695
v 0.04895306928 0.01299999933 -0.02242694175
v 0.04931136451 0.01299999933 -0.02162775735
v 0.04995305872 0.01299999933 -0.02103169065
v 0.05065638947 0.01278732281 -0.02075442295
v 0.05095009605 0.0122000001 -0.02071443005
v 0.05095009605 -0.01219999809 -0.02071443005
v 0.05063479233 -0.01280371685 -0.02075901495
v 0.04995305872 -0.0130000021 -0.02103169065
v 0.04931136451 -0.0130000021 -0.02162775735
v 0.04895306928 -0.0130000021 -0.02242694175
v 0.04893495458 -0.0130000021 -0.02330257695
v 0.04919586323 -0.01278732319 -0.02401213885
v 0.04936140364 -0.01219999809 -0.02425802435
v 0.02571505953 0.0122000001 -0.04861826485
v 0.02545950553 0.01279150705 -0.04845751395
v 0.02474735359 0.01299999933 -0.04822041505
v 0.02679123068 0.01299999933 -0.04711549635
v 0.02878587657 0.01299999933 -0.04592399365
v 0.03072762438 0.01299999933 -0.04464810275
v 0.03059891061 0.01280376654 -0.04537090465
v 0.03061921728 0.0122000001 -0.04568876905
v 0.02901865318 0.0122000001 -0.04672170605
v 0.02738327987 0.0122000001 -0.04769859565
v 0.02571505953 -0.01219999809 -0.04861826485
v 0.02571505953 0.0122000001 -0.04861826485
v 0.02738327987 0.0122000001 -0.04769859565
v 0.02901865318 0.0122000001 -0.04672170605
v 0.03061921728 0.0122000001 -0.04568876905
v 0.03061921728 -0.01219999809 -0.04568876905
v 0.02901865318 -0.01219999809 -0.04672170605
v 0.02738327987 -0.01219999809 -0.04769859565
v 0.0443991299 0.0122000001 -0.03246101025
v 0.0442713418 0.01280375223 -0.03216927675
v 0.04414507405 0.01299999933 -0.03144602465
v 0.04431496485 0.01299999933 -0.03058683535
v 0.04480659461 0.01299999933 -0.02986201335
v 0.04554204476 0.01299999933 -0.02938642905
v 0.04627733574 0.01279150705 -0.02923568515
v 0.04657902705 0.0122000001 -0.02924712395
v 0.04657902705 -0.01219999809 -0.02924712395
v 0.04626071916 -0.012803755 -0.02923627655
v 0.04554204476 -0.0130000021 -0.02938642905
v 0.04480659461 -0.0130000021 -0.02986201335
v 0.04431496485 -0.0130000021 -0.03058683535
v 0.04414507405 -0.0130000021 -0.03144602465
v 0.04427693512 -0.01279150982 -0.03218493605
v 0.0443991299 -0.01219999809 -0.03246101025
v -0.002039238507 0.0122000001 -0.05496218255
v -0.002186882087 0.01280088406 -0.05468445735
v -0.002678373417 0.01299999933 -0.05413378165
v -0.0003558616267 0.01299999933 -0.05419883125
v 0.001967303253 0.01299999933 -0.05416428505
v 0.004286853533 0.01299999933 -0.05403020395
v 0.003813879743 0.01280361872 -0.05459198925
v 0.003672636303 0.0122000001 -0.05487724305
v 0.001770037133 0.0122000001 -0.05497150995
v -0.0001346793067 0.0122000001 -0.05499983505
v -0.01155234217 -0.01219999809 -0.05377307345
v -0.01155234217 0.0122000001 -0.05377307345
v -0.009683254307 0.0122000001 -0.05414087735
v -0.007802555567 0.0122000001 -0.05444373355
v -0.005912491867 0.0122000001 -0.05468127975
v -0.005912491867 -0.01219999809 -0.05468127975
v -0.007802555567 -0.01219999809 -0.05444373355
v -0.009683254307 -0.01219999809 -0.05414087735
v -0.02103168562 -0.0130000021 -0.04995305705
v -0.02075900986 -0.01280371685 -0.05063479295
v -0.02071443457 -0.01219999809 -0.05095009675
v -0.01893761414 -0.01219999809 -0.05163687505
v -0.01713806775 -0.01219999809 -0.05226171215
v -0.01531797933 -0.01219999809 -0.05282385465
v -0.01510707461 -0.01278479595 -0.05262023045
v -0.01445109517 -0.0130000021 -0.05223797285
v -0.01667661457 -0.0130000021 -0.05157063595
v -0.01887148781 -0.0130000021 -0.05080853005
v 0.006762553463 -0.0130000021 -0.05377646265
v 0.007339655973 -0.01280361671 -0.05423062275
v 0.007535822443 -0.01219999809 -0.05448129335
v 0.009417984023 -0.01219999809 -0.05418765135
v 0.01128884922 -0.01219999809 -0.05382900565
v 0.01314617212 -0.01219999809 -0.05340578805
v 0.01322812562 -0.01278732319 -0.05312092415
v 0.01360397229 -0.0130000021 -0.05246496005
v 0.01134294494 -0.0130000021 -0.05299978935
v 0.009061074863 -0.0130000021 -0.05343722465
v 0.01688191759 0.0122000001 -0.05234501785
v 0.01666248632 0.01278732281 -0.05214573125
v 0.0159979988 0.01299999933 -0.05178517205
v 0.01820269226 0.01299999933 -0.05105195475
v 0.02037393543 0.01299999933 -0.05022492215
v 0.02250774196 0.01299999933 -0.04930559305
v 0.0222554677 0.01280375223 -0.04999508335
v 0.02222026814 0.0122000001 -0.05031162465
v 0.02046465515 0.0122000001 -0.05105093275
v 0.01868449449 0.0122000001 -0.05172900305
v 0.01688191759 -0.01219999809 -0.05234501785
v 0.01688191759 0.0122000001 -0.05234501785
v 0.01868449449 0.0122000001 -0.05172900305
v 0.02046465515 0.0122000001 -0.05105093275
v 0.02222026814 0.0122000001 -0.05031162465
v 0.02222026814 -0.01219999809 -0.05031162465
v 0.02046465515 -0.01219999809 -0.05105093275
v 0.01868449449 -0.01219999809 -0.05172900305
v 0.007535822443 0.0122000001 -0.05448129335
v 0.007356516963 0.01278479795 -0.05424937075
v 0.006762553463 0.01299999933 -0.05377646265
v 0.009061074863 0.01299999933 -0.05343722465
v 0.01134294494 0.01299999933 -0.05299978935
v 0.01360397229 0.01299999933 -0.05246496005
v 0.01323578359 0.01280371647 -0.05310021505
v 0.01314617212 0.0122000001 -0.05340578805
v 0.01128884922 0.0122000001 -0.05382900565
v 0.009417984023 0.0122000001 -0.05418765135
v -0.002039238507 -0.01219999809 -0.05496218255
v -0.002039238507 0.0122000001 -0.05496218255
v -0.0001346793067 0.0122000001 -0.05499983505
v 0.001770037133 0.0122000001 -0.05497150995
v 0.003672636303 0.0122000001 -0.05487724305
v 0.003672636303 -0.01219999809 -0.05487724305
v 0.001770037133 -0.01219999809 -0.05497150995
v -0.0001346793067 -0.01219999809 -0.05499983505
v -0.01203791185 -0.0130000021 -0.05284627455
v -0.01165094786 -0.01280361671 -0.05347042505
v -0.01155234217 -0.01219999809 -0.05377307345
v -0.009683254307 -0.01219999809 -0.05414087735
v -0.007802555567 -0.01219999809 -0.05444373355
v -0.005912491867 -0.01219999809 -0.05468127975
v -0.005726320787 -0.01280088444 -0.05442776545
v -0.005160520947 -0.0130000021 -0.05395376805
v -0.007468112857 -0.0130000021 -0.05368302635
v -0.009761981577 -0.0130000021 -0.05331363535
v -0.002678373417 -0.0130000021 -0.05413378165
v -0.002188813277 -0.01280350227 -0.05468139125
v -0.002039238507 -0.01219999809 -0.05496218255
v -0.0001346793067 -0.01219999809 -0.05499983505
v 0.001770037133 -0.01219999809 -0.05497150995
v 0.003672636303 -0.01219999809 -0.05487724305
v 0.003801172063 -0.01278479595 -0.05461376765
v 0.004286853533 -0.0130000021 -0.05403020395
v 0.001967303253 -0.0130000021 -0.05416428505
v -0.0003558616267 -0.0130000021 -0.05419883125
v 0.007535822443 -0.01219999809 -0.05448129335
v 0.007535822443 0.0122000001 -0.05448129335
v 0.009417984023 0.0122000001 -0.05418765135
v 0.01128884922 0.0122000001 -0.05382900565
v 0.01314617212 0.0122000001 -0.05340578805
v 0.01314617212 -0.01219999809 -0.05340578805
v 0.01128884922 -0.01219999809 -0.05382900565
v 0.009417984023 -0.01219999809 -0.05418765135
f 16 1 15
f 15 1 2
f 15 2 14
f 14 2 3
f 14 3 4
f 5 12 4
f 4 12 13
f 4 13 14
f 5 6 12
f 12 6 11
f 11 6 10
f 10 6 7
f 10 7 9
f 9 7 8
f 32 17 31
f 31 17 18
f 31 18 30
f 30 18 19
f 30 19 20
f 21 28 20
f 20 28 29
f 20 29 30
f 21 22 28
f 28 22 27
f 27 22 26
f 26 22 23
f 26 23 25
f 25 23 24
f 48 33 47
f 47 33 34
f 47 34 46
f 46 34 35
f 46 35 36
f 37 44 36
f 36 44 45
f 36 45 46
f 37 38 44
f 44 38 43
f 43 38 42
f 42 38 39
f 42 39 41
f 41 39 40
f 64 49 63
f 63 49 50
f 63 50 62
f 62 50 51
f 62 51 52
f 53 60 52
f 52 60 61
f 52 61 62
f 53 54 60
f 60 54 59
f 59 54 58
f 58 54 55
f 58 55 57
f 57 55 56
f 80 65 79
f 79 65 66
f 79 66 78
f 78 66 67
f 78 67 68
f 69 76 68
f 68 76 77
f 68 77 78
f 69 70 76
f 76 70 75
f 75 70 74
f 74 70 71
f 74 71 73
f 73 71 72
f 96 81 95
f 95 81 82
f 95 82 94
f 94 82 83
f 94 83 84
f 85 92 84
f 84 92 93
f 84 93 94
f 85 86 92
f 92 86 91
f 91 86 90
f 90 86 87
f 90 87 89
f 89 87 88
f 97 98 106
f 106 98 103
f 106 103 105
f 105 103 104
f 99 100 98
f 98 100 103
f 100 101 103
f 103 101 102
f 122 107 121
f 121 107 108
f 121 108 120
f 120 108 109
f 120 109 110
f 111 118 110
f 110 118 119
f 110 119 120
f 111 112 118
f 118 112 117
f 117 112 116
f 116 112 113
f 116 113 115
f 115 113 114
f 123 124 132
f 132 124 131
f 131 124 129
f 131 129 130
f 125 126 124
f 124 126 127
f 124 127 129
f 129 127 128
f 133 134 348
f 348 134 365
f 348 365 347
f 347 365 345
f 347 345 346
f 134 135 365
f 365 135 137
f 365 137 364
f 364 137 138
f 364 138 140
f 140 138 139
f 135 136 137
f 140 141 364
f 364 141 143
f 364 143 144
f 141 142 143
f 145 146 144
f 144 146 363
f 144 363 364
f 146 147 363
f 363 147 149
f 363 149 150
f 147 148 149
f 151 152 150
f 150 152 363
f 363 152 362
f 362 152 153
f 362 153 155
f 155 153 154
f 155 156 362
f 362 156 158
f 362 158 361
f 361 158 159
f 361 159 161
f 161 159 160
f 156 157 158
f 161 162 361
f 361 162 164
f 361 164 165
f 162 163 164
f 166 167 165
f 165 167 360
f 165 360 361
f 167 168 360
f 360 168 170
f 360 170 171
f 168 169 170
f 172 173 171
f 171 173 360
f 360 173 359
f 359 173 174
f 359 174 176
f 176 174 175
f 176 177 359
f 359 177 179
f 359 179 180
f 177 178 179
f 181 182 180
f 180 182 358
f 180 358 359
f 182 183 358
f 358 183 185
f 358 185 186
f 183 184 185
f 187 188 186
f 186 188 358
f 358 188 357
f 357 188 189
f 357 189 191
f 191 189 190
f 191 192 357
f 357 192 194
f 357 194 195
f 192 193 194
f 196 197 195
f 195 197 356
f 195 356 357
f 197 198 356
f 356 198 200
f 356 200 201
f 198 199 200
f 202 203 201
f 201 203 355
f 201 355 356
f 203 204 355
f 355 204 206
f 355 206 207
f 204 205 206
f 208 209 207
f 207 209 355
f 355 209 354
f 354 209 210
f 354 210 212
f 212 210 211
f 212 213 354
f 354 213 215
f 354 215 216
f 213 214 215
f 217 218 216
f 216 218 353
f 216 353 354
f 218 219 353
f 353 219 221
f 353 221 222
f 219 220 221
f 223 224 222
f 222 224 353
f 353 224 352
f 352 224 225
f 352 225 227
f 227 225 226
f 227 228 352
f 352 228 230
f 352 230 231
f 228 229 230
f 232 233 231
f 231 233 351
f 231 351 352
f 233 234 351
f 351 234 236
f 351 236 237
f 234 235 236
f 238 239 237
f 237 239 350
f 237 350 351
f 239 240 350
f 350 240 242
f 350 242 243
f 240 241 242
f 244 245 243
f 243 245 350
f 350 245 349
f 349 245 246
f 349 246 248
f 248 246 247
f 248 249 349
f 349 249 251
f 349 251 252
f 249 250 251
f 253 254 252
f 252 254 378
f 252 378 349
f 254 255 378
f 378 255 257
f 378 257 258
f 255 256 257
f 259 260 258
f 258 260 378
f 378 260 377
f 377 260 261
f 377 261 263
f 263 261 262
f 263 264 377
f 377 264 266
f 377 266 376
f 376 266 267
f 376 267 269
f 269 267 268
f 264 265 266
f 269 270 376
f 376 270 272
f 376 272 273
f 270 271 272
f 274 275 273
f 273 275 375
f 273 375 376
f 275 276 375
f 375 276 278
f 375 278 279
f 276 277 278
f 280 281 279
f 279 281 375
f 375 281 374
f 374 281 282
f 374 282 284
f 284 282 283
f 284 285 374
f 374 285 287
f 374 287 288
f 285 286 287
f 289 290 288
f 288 290 373
f 288 373 374
f 290 291 373
f 373 291 293
f 373 293 294
f 291 292 293
f 295 296 294
f 294 296 373
f 373 296 372
f 372 296 297
f 372 297 299
f 299 297 298
f 299 300 372
f 372 300 302
f 372 302 303
f 300 301 302
f 304 305 303
f 303 305 371
f 303 371 372
f 305 306 371
f 371 306 308
f 371 308 309
f 306 307 308
f 310 311 309
f 309 311 370
f 309 370 371
f 311 312 370
f 370 312 314
f 370 314 315
f 312 313 314
f 316 317 315
f 315 317 370
f 370 317 369
f 369 317 318
f 369 318 320
f 320 318 319
f 320 321 369
f 369 321 323
f 369 323 324
f 321 322 323
f 325 326 324
f 324 326 368
f 324 368 369
f 326 327 368
f 368 327 329
f 368 329 330
f 327 328 329
f 331 332 330
f 330 332 368
f 368 332 367
f 367 332 333
f 367 333 335
f 335 333 334
f 335 336 367
f 367 336 338
f 367 338 339
f 336 337 338
f 340 341 339
f 339 341 366
f 339 366 367
f 341 342 366
f 366 342 344
f 366 344 345
f 342 343 344
f 365 366 345
f 379 380 386
f 386 380 381
f 386 381 385
f 385 381 382
f 385 382 384
f 384 382 383
f 388 410 387
f 387 410 412
f 411 399 398
f 398 399 400
f 398 400 397
f 397 400 401
f 397 401 396
f 396 401 402
f 396 402 395
f 395 402 403
f 395 403 394
f 394 403 404
f 394 404 393
f 393 404 405
f 393 405 392
f 392 405 406
f 392 406 391
f 391 406 407
f 391 407 390
f 390 407 408
f 390 408 389
f 389 408 409
f 389 409 388
f 388 409 410
f 428 413 427
f 427 413 414
f 427 414 426
f 426 414 415
f 426 415 416
f 417 424 416
f 416 424 425
f 416 425 426
f 417 418 424
f 424 418 423
f 423 418 422
f 422 418 419
f 422 419 421
f 421 419 420
f 429 430 438
f 438 430 437
f 437 430 435
f 437 435 436
f 431 432 430
f 430 432 433
f 430 433 435
f 435 433 434
f 439 440 446
f 446 440 441
f 446 441 445
f 445 441 442
f 445 442 444
f 444 442 443
f 447 448 456
f 456 448 453
f 456 453 455
f 455 453 454
f 449 450 448
f 448 450 453
f 450 451 453
f 453 451 452
f 457 458 672
f 672 458 745
f 672 745 671
f 671 745 669
f 671 669 670
f 458 459 745
f 745 459 684
f 745 684 744
f 744 684 673
f 744 673 757
f 757 673 674
f 757 674 756
f 756 674 675
f 756 675 755
f 755 675 676
f 755 676 726
f 726 676 677
f 726 677 725
f 725 677 500
f 725 500 501
f 460 461 459
f 459 461 684
f 461 462 684
f 684 462 683
f 683 462 464
f 683 464 465
f 462 463 464
f 466 467 465
f 465 467 683
f 467 468 683
f 683 468 470
f 683 470 682
f 682 470 471
f 682 471 473
f 473 471 472
f 468 469 470
f 473 474 682
f 682 474 476
f 682 476 681
f 681 476 477
f 681 477 479
f 479 477 478
f 474 475 476
f 681 479 680
f 680 479 480
f 680 480 482
f 482 480 481
f 482 483 680
f 680 483 679
f 679 483 485
f 679 485 486
f 483 484 485
f 487 488 486
f 486 488 679
f 488 489 679
f 679 489 678
f 678 489 491
f 678 491 492
f 489 490 491
f 493 494 492
f 492 494 678
f 494 495 678
f 678 495 497
f 678 497 677
f 677 497 498
f 677 498 500
f 500 498 499
f 495 496 497
f 502 503 501
f 501 503 725
f 503 504 725
f 725 504 506
f 725 506 507
f 504 505 506
f 508 509 507
f 507 509 724
f 507 724 725
f 509 510 724
f 724 510 512
f 724 512 513
f 510 511 512
f 514 515 513
f 513 515 696
f 513 696 724
f 724 696 723
f 723 696 685
f 723 685 722
f 722 685 753
f 722 753 721
f 721 753 754
f 721 754 727
f 727 754 755
f 727 755 726
f 515 516 696
f 696 516 695
f 695 516 518
f 695 518 519
f 516 517 518
f 520 521 519
f 519 521 695
f 521 522 695
f 695 522 524
f 695 524 694
f 694 524 525
f 694 525 527
f 527 525 526
f 522 523 524
f 527 528 694
f 694 528 530
f 694 530 693
f 693 530 531
f 693 531 533
f 533 531 532
f 528 529 530
f 533 534 693
f 693 534 692
f 692 534 536
f 692 536 537
f 534 535 536
f 538 539 537
f 537 539 691
f 537 691 692
f 539 540 691
f 691 540 542
f 691 542 543
f 540 541 542
f 544 545 543
f 543 545 690
f 543 690 691
f 545 546 690
f 690 546 548
f 690 548 549
f 546 547 548
f 550 551 549
f 549 551 690
f 690 551 689
f 689 551 552
f 689 552 554
f 554 552 553
f 689 554 732
f 732 554 555
f 732 555 557
f 557 555 556
f 557 558 732
f 732 558 560
f 732 560 561
f 558 559 560
f 562 563 561
f 561 563 731
f 561 731 732
f 563 564 731
f 731 564 566
f 731 566 567
f 564 565 566
f 568 569 567
f 567 569 708
f 567 708 731
f 731 708 730
f 730 708 697
f 730 697 767
f 767 697 698
f 767 698 766
f 766 698 699
f 766 699 765
f 765 699 700
f 765 700 764
f 764 700 741
f 764 741 735
f 569 570 708
f 708 570 707
f 707 570 572
f 707 572 573
f 570 571 572
f 574 575 573
f 573 575 707
f 575 576 707
f 707 576 578
f 707 578 706
f 706 578 579
f 706 579 581
f 581 579 580
f 576 577 578
f 581 582 706
f 706 582 584
f 706 584 705
f 705 584 585
f 705 585 587
f 587 585 586
f 582 583 584
f 705 587 704
f 704 587 588
f 704 588 590
f 590 588 589
f 590 591 704
f 704 591 703
f 703 591 593
f 703 593 594
f 591 592 593
f 595 596 594
f 594 596 703
f 596 597 703
f 703 597 702
f 702 597 599
f 702 599 600
f 597 598 599
f 601 602 600
f 600 602 702
f 602 603 702
f 702 603 605
f 702 605 701
f 701 605 606
f 701 606 608
f 608 606 607
f 603 604 605
f 701 608 739
f 739 608 609
f 739 609 611
f 611 609 610
f 611 612 739
f 739 612 614
f 739 614 615
f 612 613 614
f 616 617 615
f 615 617 738
f 615 738 739
f 617 618 738
f 738 618 620
f 738 620 621
f 618 619 620
f 622 623 621
f 621 623 720
f 621 720 738
f 738 720 737
f 737 720 709
f 737 709 762
f 762 709 710
f 762 710 761
f 761 710 711
f 761 711 760
f 760 711 712
f 760 712 747
f 747 712 713
f 747 713 746
f 746 713 662
f 746 662 663
f 623 624 720
f 720 624 719
f 719 624 626
f 719 626 627
f 624 625 626
f 628 629 627
f 627 629 719
f 629 630 719
f 719 630 632
f 719 632 718
f 718 632 633
f 718 633 635
f 635 633 634
f 630 631 632
f 635 636 718
f 718 636 638
f 718 638 717
f 717 638 639
f 717 639 641
f 641 639 640
f 636 637 638
f 641 642 717
f 717 642 716
f 716 642 644
f 716 644 645
f 642 643 644
f 646 647 645
f 645 647 715
f 645 715 716
f 647 648 715
f 715 648 650
f 715 650 651
f 648 649 650
f 652 653 651
f 651 653 714
f 651 714 715
f 653 654 714
f 714 654 656
f 714 656 657
f 654 655 656
f 658 659 657
f 657 659 714
f 714 659 713
f 713 659 660
f 713 660 662
f 662 660 661
f 664 665 663
f 663 665 746
f 665 666 746
f 746 666 668
f 746 668 745
f 745 668 669
f 666 667 668
f 753 685 752
f 752 685 686
f 752 686 751
f 751 686 687
f 751 687 750
f 750 687 688
f 750 688 733
f 733 688 689
f 733 689 732
f 741 700 740
f 740 700 701
f 740 701 739
f 734 728 749
f 749 728 729
f 749 729 767
f 767 729 730
f 733 734 750
f 750 734 749
f 764 735 763
f 763 735 736
f 763 736 762
f 762 736 737
f 743 758 742
f 742 758 759
f 742 759 748
f 748 759 760
f 748 760 747
f 758 743 757
f 757 743 744
f 768 769 777
f 777 769 776
f 776 769 774
f 776 774 775
f 770 771 769
f 769 771 772
f 769 772 774
f 774 772 773
f 793 778 792
f 792 778 779
f 792 779 791
f 791 779 780
f 791 780 781
f 782 789 781
f 781 789 790
f 781 790 791
f 782 783 789
f 789 783 788
f 788 783 787
f 787 783 784
f 787 784 786
f 786 784 785
f 795 817 794
f 794 817 819
f 818 806 805
f 805 806 807
f 805 807 804
f 804 807 808
f 804 808 803
f 803 808 809
f 803 809 802
f 802 809 810
f 802 810 801
f 801 810 811
f 801 811 800
f 800 811 812
f 800 812 799
f 799 812 813
f 799 813 798
f 798 813 814
f 798 814 797
f 797 814 815
f 797 815 796
f 796 815 816
f 796 816 795
f 795 816 817
f 835 820 834
f 834 820 821
f 834 821 833
f 833 821 822
f 833 822 823
f 824 831 823
f 823 831 832
f 823 832 833
f 824 825 831
f 831 825 830
f 830 825 829
f 829 825 826
f 829 826 828
f 828 826 827
f 836 837 845
f 845 837 844
f 844 837 842
f 844 842 843
f 838 839 837
f 837 839 840
f 837 840 842
f 842 840 841
f 846 847 853
f 853 847 848
f 853 848 852
f 852 848 849
f 852 849 851
f 851 849 850
f 854 855 863
f 863 855 860
f 863 860 862
f 862 860 861
f 856 857 855
f 855 857 860
f 857 858 860
f 860 858 859
f 864 865 873
f 873 865 870
f 873 870 872
f 872 870 871
f 866 867 865
f 865 867 870
f 867 868 870
f 870 868 869
f 874 875 883
f 883 875 882
f 882 875 880
f 882 880 881
f 876 877 875
f 875 877 878
f 875 878 880
f 880 878 879
f 884 885 891
f 891 885 886
f 891 886 890
f 890 886 887
f 890 887 889
f 889 887 888
f 893 915 892
f 892 915 917
f 916 904 903
f 903 904 905
f 903 905 902
f 902 905 906
f 902 906 901
f 901 906 907
f 901 907 900
f 900 907 908
f 900 908 899
f 899 908 909
f 899 909 898
f 898 909 910
f 898 910 897
f 897 910 911
f 897 911 896
f 896 911 912
f 896 912 895
f 895 912 913
f 895 913 894
f 894 913 914
f 894 914 893
f 893 914 915
f 933 918 932
f 932 918 919
f 932 919 931
f 931 919 920
f 931 920 921
f 922 929 921
f 921 929 930
f 921 930 931
f 922 923 929
f 929 923 928
f 928 923 927
f 927 923 924
f 927 924 926
f 926 924 925
f 934 935 943
f 943 935 942
f 942 935 940
f 942 940 941
f 936 937 935
f 935 937 938
f 935 938 940
f 940 938 939
f 944 945 951
f 951 945 946
f 951 946 950
f 950 946 947
f 950 947 949
f 949 947 948
f 952 953 961
f 961 953 958
f 961 958 960
f 960 958 959
f 954 955 953
f 953 955 958
f 955 956 958
f 958 956 957
f 962 963 971
f 971 963 968
f 971 968 970
f 970 968 969
f 964 965 963
f 963 965 968
f 965 966 968
f 968 966 967
f 972 973 981
f 981 973 980
f 980 973 978
f 980 978 979
f 974 975 973
f 973 975 976
f 973 976 978
f 978 976 977
f 982 983 989
f 989 983 984
f 989 984 988
f 988 984 985
f 988 985 987
f 987 985 986
f 991 1013 990
f 990 1013 1015
f 1014 1002 1001
f 1001 1002 1003
f 1001 1003 1000
f 1000 1003 1004
f 1000 1004 999
f 999 1004 1005
f 999 1005 998
f 998 1005 1006
f 998 1006 997
f 997 1006 1007
f 997 1007 996
f 996 1007 1008
f 996 1008 995
f 995 1008 1009
f 995 1009 994
f 994 1009 1010
f 994 1010 993
f 993 1010 1011
f 993 1011 992
f 992 1011 1012
f 992 1012 991
f 991 1012 1013
f 1031 1016 1030
f 1030 1016 1017
f 1030 1017 1029
f 1029 1017 1018
f 1029 1018 1019
f 1020 1027 1019
f 1019 1027 1028
f 1019 1028 1029
f 1020 1021 1027
f 1027 1021 1026
f 1026 1021 1025
f 1025 1021 1022
f 1025 1022 1024
f 1024 1022 1023
f 1032 1033 1041
f 1041 1033 1040
f 1040 1033 1038
f 1040 1038 1039
f 1034 1035 1033
f 1033 1035 1036
f 1033 1036 1038
f 1038 1036 1037
f 1042 1043 1049
f 1049 1043 1044
f 1049 1044 1048
f 1048 1044 1045
f 1048 1045 1047
f 1047 1045 1046
f 1050 1051 1059
f 1059 1051 1056
f 1059 1056 1058
f 1058 1056 1057
f 1052 1053 1051
f 1051 1053 1056
f 1053 1054 1056
f 1056 1054 1055
f 1060 1061 1069
f 1069 1061 1066
f 1069 1066 1068
f 1068 1066 1067
f 1062 1063 1061
f 1061 1063 1066
f 1063 1064 1066
f 1066 1064 1065
f 1071 1129 1070
f 1070 1129 1131
f 1130 1100 1099
f 1099 1100 1101
f 1099 1101 1098
f 1098 1101 1102
f 1098 1102 1097
f 1097 1102 1103
f 1097 1103 1096
f 1096 1103 1104
f 1096 1104 1095
f 1095 1104 1105
f 1095 1105 1094
f 1094 1105 1106
f 1094 1106 1093
f 1093 1106 1107
f 1093 1107 1092
f 1092 1107 1108
f 1092 1108 1091
f 1091 1108 1109
f 1091 1109 1090
f 1090 1109 1110
f 1090 1110 1089
f 1089 1110 1111
f 1089 1111 1088
f 1088 1111 1112
f 1088 1112 1087
f 1087 1112 1113
f 1087 1113 1086
f 1086 1113 1114
f 1086 1114 1085
f 1085 1114 1115
f 1085 1115 1084
f 1084 1115 1116
f 1084 1116 1083
f 1083 1116 1117
f 1083 1117 1082
f 1082 1117 1118
f 1082 1118 1081
f 1081 1118 1119
f 1081 1119 1080
f 1080 1119 1120
f 1080 1120 1079
f 1079 1120 1121
f 1079 1121 1078
f 1078 1121 1122
f 1078 1122 1077
f 1077 1122 1123
f 1077 1123 1076
f 1076 1123 1124
f 1076 1124 1075
f 1075 1124 1125
f 1075 1125 1074
f 1074 1125 1126
f 1074 1126 1073
f 1073 1126 1127
f 1073 1127 1072
f 1072 1127 1128
f 1072 1128 1071
f 1071 1128 1129
f 1132 1133 1141
f 1141 1133 1140
f 1140 1133 1138
f 1140 1138 1139
f 1134 1135 1133
f 1133 1135 1136
f 1133 1136 1138
f 1138 1136 1137
f 1142 1143 1149
f 1149 1143 1144
f 1149 1144 1148
f 1148 1144 1145
f 1148 1145 1147
f 1147 1145 1146
f 1151 1163 1150
f 1150 1163 1165
f 1164 1157 1156
f 1156 1157 1158
f 1156 1158 1155
f 1155 1158 1159
f 1155 1159 1154
f 1154 1159 1160
f 1154 1160 1153
f 1153 1160 1161
f 1153 1161 1152
f 1152 1161 1162
f 1152 1162 1151
f 1151 1162 1163
f 1181 1166 1180
f 1180 1166 1167
f 1180 1167 1179
f 1179 1167 1168
f 1179 1168 1169
f 1170 1177 1169
f 1169 1177 1178
f 1169 1178 1179
f 1170 1171 1177
f 1177 1171 1176
f 1176 1171 1175
f 1175 1171 1172
f 1175 1172 1174
f 1174 1172 1173
f 1182 1183 1191
f 1191 1183 1190
f 1190 1183 1188
f 1190 1188 1189
f 1184 1185 1183
f 1183 1185 1186
f 1183 1186 1188
f 1188 1186 1187
f 1192 1193 1199
f 1199 1193 1194
f 1199 1194 1198
f 1198 1194 1195
f 1198 1195 1197
f 1197 1195 1196
f 1200 1201 1209
f 1209 1201 1206
f 1209 1206 1208
f 1208 1206 1207
f 1202 1203 1201
f 1201 1203 1206
f 1203 1204 1206
f 1206 1204 1205
f 1210 1211 1219
f 1219 1211 1216
f 1219 1216 1218
f 1218 1216 1217
f 1212 1213 1211
f 1211 1213 1216
f 1213 1214 1216
f 1216 1214 1215
f 1235 1220 1234
f 1234 1220 1221
f 1234 1221 1233
f 1233 1221 1222
f 1233 1222 1223
f 1224 1231 1223
f 1223 1231 1232
f 1223 1232 1233
f 1224 1225 1231
f 1231 1225 1230
f 1230 1225 1229
f 1229 1225 1226
f 1229 1226 1228
f 1228 1226 1227
f 1237 1273 1236
f 1236 1273 1274
f 1275 1255 1254
f 1254 1255 1256
f 1254 1256 1253
f 1253 1256 1257
f 1253 1257 1252
f 1252 1257 1258
f 1252 1258 1251
f 1251 1258 1259
f 1251 1259 1250
f 1250 1259 1260
f 1250 1260 1249
f 1249 1260 1261
f 1249 1261 1248
f 1248 1261 1262
f 1248 1262 1247
f 1247 1262 1263
f 1247 1263 1246
f 1246 1263 1264
f 1246 1264 1245
f 1245 1264 1265
f 1245 1265 1244
f 1244 1265 1266
f 1244 1266 1243
f 1243 1266 1267
f 1243 1267 1242
f 1242 1267 1268
f 1242 1268 1241
f 1241 1268 1269
f 1241 1269 1240
f 1240 1269 1270
f 1240 1270 1239
f 1239 1270 1271
f 1239 1271 1238
f 1238 1271 1272
f 1238 1272 1237
f 1237 1272 1273
f 1276 1277 1285
f 1285 1277 1284
f 1284 1277 1282
f 1284 1282 1283
f 1278 1279 1277
f 1277 1279 1280
f 1277 1280 1282
f 1282 1280 1281
f 1286 1287 1293
f 1293 1287 1288
f 1293 1288 1292
f 1292 1288 1289
f 1292 1289 1291
f 1291 1289 1290
f 1295 1307 1294
f 1294 1307 1309
f 1308 1301 1300
f 1300 1301 1302
f 1300 1302 1299
f 1299 1302 1303
f 1299 1303 1298
f 1298 1303 1304
f 1298 1304 1297
f 1297 1304 1305
f 1297 1305 1296
f 1296 1305 1306
f 1296 1306 1295
f 1295 1306 1307
f 1325 1310 1324
f 1324 1310 1311
f 1324 1311 1323
f 1323 1311 1312
f 1323 1312 1313
f 1314 1321 1313
f 1313 1321 1322
f 1313 1322 1323
f 1314 1315 1321
f 1321 1315 1320
f 1320 1315 1319
f 1319 1315 1316
f 1319 1316 1318
f 1318 1316 1317
f 1326 1327 1335
f 1335 1327 1334
f 1334 1327 1332
f 1334 1332 1333
f 1328 1329 1327
f 1327 1329 1330
f 1327 1330 1332
f 1332 1330 1331
f 1336 1337 1343
f 1343 1337 1338
f 1343 1338 1342
f 1342 1338 1339
f 1342 1339 1341
f 1341 1339 1340
f 1344 1345 1353
f 1353 1345 1350
f 1353 1350 1352
f 1352 1350 1351
f 1346 1347 1345
f 1345 1347 1350
f 1347 1348 1350
f 1350 1348 1349
f 1354 1355 1363
f 1363 1355 1360
f 1363 1360 1362
f 1362 1360 1361
f 1356 1357 1355
f 1355 1357 1360
f 1357 1358 1360
f 1360 1358 1359
f 1365 1431 1364
f 1364 1431 1432
f 1364 1432 1393
f 1393 1432 1433
f 1393 1433 1392
f 1392 1433 1455
f 1392 1455 1456
f 1431 1365 1430
f 1430 1365 1366
f 1430 1366 1474
f 1474 1366 1473
f 1473 1366 1367
f 1473 1367 1472
f 1472 1367 1471
f 1471 1367 1368
f 1471 1368 1470
f 1470 1368 1469
f 1469 1368 1369
f 1469 1369 1468
f 1468 1369 1370
f 1468 1370 1467
f 1467 1370 1439
f 1467 1439 1440
f 1370 1371 1439
f 1439 1371 1372
f 1439 1372 1438
f 1438 1372 1373
f 1438 1373 1486
f 1486 1373 1485
f 1485 1373 1374
f 1485 1374 1484
f 1484 1374 1375
f 1484 1375 1483
f 1483 1375 1482
f 1482 1375 1376
f 1482 1376 1481
f 1481 1376 1480
f 1480 1376 1377
f 1480 1377 1479
f 1479 1377 1419
f 1479 1419 1478
f 1478 1419 1405
f 1478 1405 1406
f 1377 1378 1419
f 1419 1378 1418
f 1418 1378 1379
f 1418 1379 1417
f 1417 1379 1380
f 1417 1380 1416
f 1416 1380 1381
f 1416 1381 1450
f 1450 1381 1449
f 1449 1381 1382
f 1449 1382 1448
f 1448 1382 1447
f 1447 1382 1383
f 1447 1383 1446
f 1446 1383 1445
f 1445 1383 1384
f 1445 1384 1444
f 1444 1384 1385
f 1444 1385 1443
f 1443 1385 1425
f 1443 1425 1426
f 1385 1386 1425
f 1425 1386 1387
f 1425 1387 1424
f 1424 1387 1388
f 1424 1388 1462
f 1462 1388 1461
f 1461 1388 1389
f 1461 1389 1460
f 1460 1389 1390
f 1460 1390 1459
f 1459 1390 1458
f 1458 1390 1391
f 1458 1391 1457
f 1457 1391 1456
f 1456 1391 1392
f 1395 1434 1394
f 1394 1434 1428
f 1394 1428 1429
f 1396 1454 1395
f 1395 1454 1433
f 1395 1433 1434
f 1454 1396 1465
f 1465 1396 1397
f 1465 1397 1464
f 1464 1397 1463
f 1463 1397 1398
f 1463 1398 1423
f 1423 1398 1422
f 1422 1398 1399
f 1422 1399 1421
f 1421 1399 1427
f 1427 1399 1400
f 1427 1400 1426
f 1426 1400 1442
f 1426 1442 1443
f 1400 1401 1442
f 1442 1401 1453
f 1453 1401 1452
f 1452 1401 1402
f 1452 1402 1451
f 1451 1402 1403
f 1451 1403 1416
f 1416 1403 1415
f 1415 1403 1404
f 1415 1404 1414
f 1414 1404 1420
f 1420 1404 1405
f 1420 1405 1419
f 1478 1406 1489
f 1489 1406 1407
f 1489 1407 1488
f 1488 1407 1487
f 1487 1407 1408
f 1487 1408 1437
f 1437 1408 1436
f 1436 1408 1409
f 1436 1409 1435
f 1435 1409 1441
f 1441 1409 1410
f 1441 1410 1440
f 1440 1410 1466
f 1440 1466 1467
f 1410 1411 1466
f 1466 1411 1477
f 1477 1411 1476
f 1476 1411 1412
f 1476 1412 1475
f 1475 1412 1413
f 1475 1413 1430
f 1430 1413 1429
f 1429 1413 1394
f 1463 1423 1462
f 1462 1423 1424
f 1487 1437 1486
f 1486 1437 1438
f 1450 1451 1416
f 1454 1455 1433
f 1474 1475 1430
f 1490 1491 1499
f 1499 1491 1498
f 1498 1491 1496
f 1498 1496 1497
f 1492 1493 1491
f 1491 1493 1494
f 1491 1494 1496
f 1496 1494 1495
f 1500 1501 1507
f 1507 1501 1502
f 1507 1502 1506
f 1506 1502 1503
f 1506 1503 1505
f 1505 1503 1504
f 1509 1521 1508
f 1508 1521 1523
f 1522 1515 1514
f 1514 1515 1516
f 1514 1516 1513
f 1513 1516 1517
f 1513 1517 1512
f 1512 1517 1518
f 1512 1518 1511
f 1511 1518 1519
f 1511 1519 1510
f 1510 1519 1520
f 1510 1520 1509
f 1509 1520 1521
f 1539 1524 1538
f 1538 1524 1525
f 1538 1525 1537
f 1537 1525 1526
f 1537 1526 1527
f 1528 1535 1527
f 1527 1535 1536
f 1527 1536 1537
f 1528 1529 1535
f 1535 1529 1534
f 1534 1529 1533
f 1533 1529 1530
f 1533 1530 1532
f 1532 1530 1531
f 1540 1541 1549
f 1549 1541 1548
f 1548 1541 1546
f 1548 1546 1547
f 1542 1543 1541
f 1541 1543 1544
f 1541 1544 1546
f 1546 1544 1545
f 1550 1551 1557
f 1557 1551 1552
f 1557 1552 1556
f 1556 1552 1553
f 1556 1553 1555
f 1555 1553 1554
f 1558 1559 1567
f 1567 1559 1564
f 1567 1564 1566
f 1566 1564 1565
f 1560 1561 1559
f 1559 1561 1564
f 1561 1562 1564
f 1564 1562 1563
f 1568 1569 1577
f 1577 1569 1574
f 1577 1574 1576
f 1576 1574 1575
f 1570 1571 1569
f 1569 1571 1574
f 1571 1572 1574
f 1574 1572 1573
f 1593 1578 1592
f 1592 1578 1579
f 1592 1579 1591
f 1591 1579 1580
f 1591 1580 1581
f 1582 1589 1581
f 1581 1589 1590
f 1581 1590 1591
f 1582 1583 1589
f 1589 1583 1588
f 1588 1583 1587
f 1587 1583 1584
f 1587 1584 1586
f 1586 1584 1585
f 1594 1595 1603
f 1603 1595 1602
f 1602 1595 1600
f 1602 1600 1601
f 1596 1597 1595
f 1595 1597 1598
f 1595 1598 1600
f 1600 1598 1599
f 1604 1605 1611
f 1611 1605 1606
f 1611 1606 1610
f 1610 1606 1607
f 1610 1607 1609
f 1609 1607 1608
f 1613 1625 1612
f 1612 1625 1627
f 1626 1619 1618
f 1618 1619 1620
f 1618 1620 1617
f 1617 1620 1621
f 1617 1621 1616
f 1616 1621 1622
f 1616 1622 1615
f 1615 1622 1623
f 1615 1623 1614
f 1614 1623 1624
f 1614 1624 1613
f 1613 1624 1625
f 1643 1628 1642
f 1642 1628 1629
f 1642 1629 1641
f 1641 1629 1630
f 1641 1630 1631
f 1632 1639 1631
f 1631 1639 1640
f 1631 1640 1641
f 1632 1633 1639
f 1639 1633 1638
f 1638 1633 1637
f 1637 1633 1634
f 1637 1634 1636
f 1636 1634 1635
f 1644 1645 1653
f 1653 1645 1652
f 1652 1645 1650
f 1652 1650 1651
f 1646 1647 1645
f 1645 1647 1648
f 1645 1648 1650
f 1650 1648 1649
f 1654 1655 1661
f 1661 1655 1656
f 1661 1656 1660
f 1660 1656 1657
f 1660 1657 1659
f 1659 1657 1658
f 1662 1663 1671
f 1671 1663 1668
f 1671 1668 1670
f 1670 1668 1669
f 1664 1665 1663
f 1663 1665 1668
f 1665 1666 1668
f 1668 1666 1667
f 1672 1673 1681
f 1681 1673 1678
f 1681 1678 1680
f 1680 1678 1679
f 1674 1675 1673
f 1673 1675 1678
f 1675 1676 1678
f 1678 1676 1677
f 1697 1682 1696
f 1696 1682 1683
f 1696 1683 1695
f 1695 1683 1684
f 1695 1684 1685
f 1686 1693 1685
f 1685 1693 1694
f 1685 1694 1695
f 1686 1687 1693
f 1693 1687 1692
f 1692 1687 1691
f 1691 1687 1688
f 1691 1688 1690
f 1690 1688 1689
f 1698 1699 1707
f 1707 1699 1706
f 1706 1699 1704
f 1706 1704 1705
f 1700 1701 1699
f 1699 1701 1702
f 1699 1702 1704
f 1704 1702 1703
f 1708 1709 1715
f 1715 1709 1710
f 1715 1710 1714
f 1714 1710 1711
f 1714 1711 1713
f 1713 1711 1712
f 1717 1755 1716
f 1716 1755 1756
f 1757 1736 1735
f 1735 1736 1737
f 1735 1737 1738
f 1717 1718 1755
f 1755 1718 1754
f 1754 1718 1719
f 1754 1719 1753
f 1753 1719 1720
f 1753 1720 1752
f 1752 1720 1721
f 1752 1721 1751
f 1751 1721 1722
f 1751 1722 1750
f 1750 1722 1723
f 1750 1723 1749
f 1749 1723 1724
f 1749 1724 1748
f 1748 1724 1725
f 1748 1725 1747
f 1747 1725 1726
f 1747 1726 1746
f 1746 1726 1727
f 1746 1727 1745
f 1745 1727 1728
f 1745 1728 1744
f 1744 1728 1729
f 1744 1729 1743
f 1743 1729 1730
f 1743 1730 1742
f 1742 1730 1731
f 1742 1731 1741
f 1741 1731 1732
f 1741 1732 1740
f 1740 1732 1733
f 1740 1733 1739
f 1739 1733 1734
f 1739 1734 1738
f 1738 1734 1735
f 1773 1758 1772
f 1772 1758 1759
f 1772 1759 1771
f 1771 1759 1760
f 1771 1760 1761
f 1762 1769 1761
f 1761 1769 1770
f 1761 1770 1771
f 1762 1763 1769
f 1769 1763 1768
f 1768 1763 1767
f 1767 1763 1764
f 1767 1764 1766
f 1766 1764 1765
f 1774 1775 1783
f 1783 1775 1782
f 1782 1775 1780
f 1782 1780 1781
f 1776 1777 1775
f 1775 1777 1778
f 1775 1778 1780
f 1780 1778 1779
f 1784 1785 1791
f 1791 1785 1786
f 1791 1786 1790
f 1790 1786 1787
f 1790 1787 1789
f 1789 1787 1788
f 1792 1793 1801
f 1801 1793 1798
f 1801 1798 1800
f 1800 1798 1799
f 1794 1795 1793
f 1793 1795 1798
f 1795 1796 1798
f 1798 1796 1797
f 1802 1803 1811
f 1811 1803 1808
f 1811 1808 1810
f 1810 1808 1809
f 1804 1805 1803
f 1803 1805 1808
f 1805 1806 1808
f 1808 1806 1807
f 1827 1812 1826
f 1826 1812 1813
f 1826 1813 1825
f 1825 1813 1814
f 1825 1814 1815
f 1816 1823 1815
f 1815 1823 1824
f 1815 1824 1825
f 1816 1817 1823
f 1823 1817 1822
f 1822 1817 1821
f 1821 1817 1818
f 1821 1818 1820
f 1820 1818 1819
f 1828 1829 1837
f 1837 1829 1836
f 1836 1829 1834
f 1836 1834 1835
f 1830 1831 1829
f 1829 1831 1832
f 1829 1832 1834
f 1834 1832 1833
f 1838 1839 1845
f 1845 1839 1840
f 1845 1840 1844
f 1844 1840 1841
f 1844 1841 1843
f 1843 1841 1842
f 1847 1884 1846
f 1846 1884 1865
f 1846 1865 1866
f 1884 1847 1883
f 1883 1847 1848
f 1883 1848 1882
f 1882 1848 1849
f 1882 1849 1881
f 1881 1849 1850
f 1881 1850 1880
f 1880 1850 1851
f 1880 1851 1879
f 1879 1851 1852
f 1879 1852 1878
f 1878 1852 1853
f 1878 1853 1877
f 1877 1853 1854
f 1877 1854 1876
f 1876 1854 1855
f 1876 1855 1875
f 1875 1855 1856
f 1875 1856 1874
f 1874 1856 1857
f 1874 1857 1873
f 1873 1857 1858
f 1873 1858 1872
f 1872 1858 1859
f 1872 1859 1871
f 1871 1859 1860
f 1871 1860 1870
f 1870 1860 1861
f 1870 1861 1869
f 1869 1861 1862
f 1869 1862 1868
f 1868 1862 1863
f 1868 1863 1867
f 1867 1863 1864
f 1867 1864 1866
f 1866 1864 1846
f 1900 1885 1899
f 1899 1885 1886
f 1899 1886 1898
f 1898 1886 1887
f 1898 1887 1888
f 1889 1896 1888
f 1888 1896 1897
f 1888 1897 1898
f 1889 1890 1896
f 1896 1890 1895
f 1895 1890 1894
f 1894 1890 1891
f 1894 1891 1893
f 1893 1891 1892
f 1901 1902 1910
f 1910 1902 1909
f 1909 1902 1907
f 1909 1907 1908
f 1903 1904 1902
f 1902 1904 1905
f 1902 1905 1907
f 1907 1905 1906
f 1911 1912 1918
f 1918 1912 1913
f 1918 1913 1917
f 1917 1913 1914
f 1917 1914 1916
f 1916 1914 1915
f 1919 1920 1928
f 1928 1920 1925
f 1928 1925 1927
f 1927 1925 1926
f 1921 1922 1920
f 1920 1922 1925
f 1922 1923 1925
f 1925 1923 1924
f 1929 1930 1938
f 1938 1930 1935
f 1938 1935 1937
f 1937 1935 1936
f 1931 1932 1930
f 1930 1932 1935
f 1932 1933 1935
f 1935 1933 1934
f 1954 1939 1953
f 1953 1939 1940
f 1953 1940 1952
f 1952 1940 1941
f 1952 1941 1942
f 1943 1950 1942
f 1942 1950 1951
f 1942 1951 1952
f 1943 1944 1950
f 1950 1944 1949
f 1949 1944 1948
f 1948 1944 1945
f 1948 1945 1947
f 1947 1945 1946
f 1955 1956 1964
f 1964 1956 1963
f 1963 1956 1961
f 1963 1961 1962
f 1957 1958 1956
f 1956 1958 1959
f 1956 1959 1961
f 1961 1959 1960
f 1965 1966 1972
f 1972 1966 1967
f 1972 1967 1971
f 1971 1967 1968
f 1971 1968 1970
f 1970 1968 1969
f 1988 1973 1987
f 1987 1973 1974
f 1987 1974 1986
f 1986 1974 1975
f 1986 1975 1976
f 1977 1984 1976
f 1976 1984 1985
f 1976 1985 1986
f 1977 1978 1984
f 1984 1978 1983
f 1983 1978 1982
f 1982 1978 1979
f 1982 1979 1981
f 1981 1979 1980
f 1989 1990 1998
f 1998 1990 1997
f 1997 1990 1995
f 1997 1995 1996
f 1991 1992 1990
f 1990 1992 1993
f 1990 1993 1995
f 1995 1993 1994
f 1999 2000 2006
f 2006 2000 2001
f 2006 2001 2005
f 2005 2001 2002
f 2005 2002 2004
f 2004 2002 2003
f 2007 2008 2016
f 2016 2008 2013
f 2016 2013 2015
f 2015 2013 2014
f 2009 2010 2008
f 2008 2010 2013
f 2010 2011 2013
f 2013 2011 2012
f 2017 2018 2026
f 2026 2018 2023
f 2026 2023 2025
f 2025 2023 2024
f 2019 2020 2018
f 2018 2020 2023
f 2020 2021 2023
f 2023 2021 2022
f 2042 2027 2041
f 2041 2027 2028
f 2041 2028 2040
f 2040 2028 2029
f 2040 2029 2030
f 2031 2038 2030
f 2030 2038 2039
f 2030 2039 2040
f 2031 2032 2038
f 2038 2032 2037
f 2037 2032 2036
f 2036 2032 2033
f 2036 2033 2035
f 2035 2033 2034
f 2043 2044 2052
f 2052 2044 2051
f 2051 2044 2049
f 2051 2049 2050
f 2045 2046 2044
f 2044 2046 2047
f 2044 2047 2049
f 2049 2047 2048
f 2053 2054 2060
f 2060 2054 2055
f 2060 2055 2059
f 2059 2055 2056
f 2059 2056 2058
f 2058 2056 2057
f 2076 2061 2075
f 2075 2061 2062
f 2075 2062 2074
f 2074 2062 2063
f 2074 2063 2064
f 2065 2072 2064
f 2064 2072 2073
f 2064 2073 2074
f 2065 2066 2072
f 2072 2066 2071
f 2071 2066 2070
f 2070 2066 2067
f 2070 2067 2069
f 2069 2067 2068
f 2077 2078 2086
f 2086 2078 2085
f 2085 2078 2083
f 2085 2083 2084
f 2079 2080 2078
f 2078 2080 2081
f 2078 2081 2083
f 2083 2081 2082
f 2087 2088 2094
f 2094 2088 2089
f 2094 2089 2093
f 2093 2089 2090
f 2093 2090 2092
f 2092 2090 2091
f 2095 2096 2104
f 2104 2096 2101
f 2104 2101 2103
f 2103 2101 2102
f 2097 2098 2096
f 2096 2098 2101
f 2098 2099 2101
f 2101 2099 2100
f 2105 2106 2114
f 2114 2106 2111
f 2114 2111 2113
f 2113 2111 2112
f 2107 2108 2106
f 2106 2108 2111
f 2108 2109 2111
f 2111 2109 2110
f 2130 2115 2129
f 2129 2115 2116
f 2129 2116 2128
f 2128 2116 2117
f 2128 2117 2118
f 2119 2126 2118
f 2118 2126 2127
f 2118 2127 2128
f 2119 2120 2126
f 2126 2120 2125
f 2125 2120 2124
f 2124 2120 2121
f 2124 2121 2123
f 2123 2121 2122
f 2131 2132 2140
f 2140 2132 2139
f 2139 2132 2137
f 2139 2137 2138
f 2133 2134 2132
f 2132 2134 2135
f 2132 2135 2137
f 2137 2135 2136
f 2141 2142 2148
f 2148 2142 2143
f 2148 2143 2147
f 2147 2143 2144
f 2147 2144 2146
f 2146 2144 2145
f 2164 2149 2163
f 2163 2149 2150
f 2163 2150 2162
f 2162 2150 2151
f 2162 2151 2152
f 2153 2160 2152
f 2152 2160 2161
f 2152 2161 2162
f 2153 2154 2160
f 2160 2154 2159
f 2159 2154 2158
f 2158 2154 2155
f 2158 2155 2157
f 2157 2155 2156
f 2165 2166 2174
f 2174 2166 2173
f 2173 2166 2171
f 2173 2171 2172
f 2167 2168 2166
f 2166 2168 2169
f 2166 2169 2171
f 2171 2169 2170
f 2175 2176 2182
f 2182 2176 2177
f 2182 2177 2181
f 2181 2177 2178
f 2181 2178 2180
f 2180 2178 2179
f 2183 2184 2192
f 2192 2184 2189
f 2192 2189 2191
f 2191 2189 2190
f 2185 2186 2184
f 2184 2186 2189
f 2186 2187 2189
f 2189 2187 2188
f 2193 2194 2202
f 2202 2194 2199
f 2202 2199 2201
f 2201 2199 2200
f 2195 2196 2194
f 2194 2196 2199
f 2196 2197 2199
f 2199 2197 2198
f 2218 2203 2217
f 2217 2203 2204
f 2217 2204 2216
f 2216 2204 2205
f 2216 2205 2206
f 2207 2214 2206
f 2206 2214 2215
f 2206 2215 2216
f 2207 2208 2214
f 2214 2208 2213
f 2213 2208 2212
f 2212 2208 2209
f 2212 2209 2211
f 2211 2209 2210
f 2219 2220 2228
f 2228 2220 2227
f 2227 2220 2225
f 2227 2225 2226
f 2221 2222 2220
f 2220 2222 2223
f 2220 2223 2225
f 2225 2223 2224
f 2229 2230 2236
f 2236 2230 2231
f 2236 2231 2235
f 2235 2231 2232
f 2235 2232 2234
f 2234 2232 2233
f 2252 2237 2251
f 2251 2237 2238
f 2251 2238 2250
f 2250 2238 2239
f 2250 2239 2240
f 2241 2248 2240
f 2240 2248 2249
f 2240 2249 2250
f 2241 2242 2248
f 2248 2242 2247
f 2247 2242 2246
f 2246 2242 2243
f 2246 2243 2245
f 2245 2243 2244
f 2253 2254 2262
f 2262 2254 2261
f 2261 2254 2259
f 2261 2259 2260
f 2255 2256 2254
f 2254 2256 2257
f 2254 2257 2259
f 2259 2257 2258
f 2263 2264 2270
f 2270 2264 2265
f 2270 2265 2269
f 2269 2265 2266
f 2269 2266 2268
f 2268 2266 2267
f 2271 2272 2280
f 2280 2272 2277
f 2280 2277 2279
f 2279 2277 2278
f 2273 2274 2272
f 2272 2274 2277
f 2274 2275 2277
f 2277 2275 2276
f 2281 2282 2290
f 2290 2282 2287
f 2290 2287 2289
f 2289 2287 2288
f 2283 2284 2282
f 2282 2284 2287
f 2284 2285 2287
f 2287 2285 2286
f 2306 2291 2305
f 2305 2291 2292
f 2305 2292 2304
f 2304 2292 2293
f 2304 2293 2294
f 2295 2302 2294
f 2294 2302 2303
f 2294 2303 2304
f 2295 2296 2302
f 2302 2296 2301
f 2301 2296 2300
f 2300 2296 2297
f 2300 2297 2299
f 2299 2297 2298
f 2307 2308 2316
f 2316 2308 2315
f 2315 2308 2313
f 2315 2313 2314
f 2309 2310 2308
f 2308 2310 2311
f 2308 2311 2313
f 2313 2311 2312
f 2317 2318 2324
f 2324 2318 2319
f 2324 2319 2323
f 2323 2319 2320
f 2323 2320 2322
f 2322 2320 2321
f 2340 2325 2339
f 2339 2325 2326
f 2339 2326 2338
f 2338 2326 2327
f 2338 2327 2328
f 2329 2336 2328
f 2328 2336 2337
f 2328 2337 2338
f 2329 2330 2336
f 2336 2330 2335
f 2335 2330 2334
f 2334 2330 2331
f 2334 2331 2333
f 2333 2331 2332
f 2341 2342 2350
f 2350 2342 2349
f 2349 2342 2347
f 2349 2347 2348
f 2343 2344 2342
f 2342 2344 2345
f 2342 2345 2347
f 2347 2345 2346
f 2351 2352 2358
f 2358 2352 2353
f 2358 2353 2357
f 2357 2353 2354
f 2357 2354 2356
f 2356 2354 2355
f 2359 2360 2368
f 2368 2360 2365
f 2368 2365 2367
f 2367 2365 2366
f 2361 2362 2360
f 2360 2362 2365
f 2362 2363 2365
f 2365 2363 2364
f 2369 2370 2378
f 2378 2370 2375
f 2378 2375 2377
f 2377 2375 2376
f 2371 2372 2370
f 2370 2372 2375
f 2372 2373 2375
f 2375 2373 2374
f 2394 2379 2393
f 2393 2379 2380
f 2393 2380 2392
f 2392 2380 2381
f 2392 2381 2382
f 2383 2390 2382
f 2382 2390 2391
f 2382 2391 2392
f 2383 2384 2390
f 2390 2384 2389
f 2389 2384 2388
f 2388 2384 2385
f 2388 2385 2387
f 2387 2385 2386
f 2395 2396 2404
f 2404 2396 2403
f 2403 2396 2401
f 2403 2401 2402
f 2397 2398 2396
f 2396 2398 2399
f 2396 2399 2401
f 2401 2399 2400
f 2405 2406 2412
f 2412 2406 2407
f 2412 2407 2411
f 2411 2407 2408
f 2411 2408 2410
f 2410 2408 2409
f 2428 2413 2427
f 2427 2413 2414
f 2427 2414 2426
f 2426 2414 2415
f 2426 2415 2416
f 2417 2424 2416
f 2416 2424 2425
f 2416 2425 2426
f 2417 2418 2424
f 2424 2418 2423
f 2423 2418 2422
f 2422 2418 2419
f 2422 2419 2421
f 2421 2419 2420
f 2429 2430 2438
f 2438 2430 2437
f 2437 2430 2435
f 2437 2435 2436
f 2431 2432 2430
f 2430 2432 2433
f 2430 2433 2435
f 2435 2433 2434
f 2439 2440 2446
f 2446 2440 2441
f 2446 2441 2445
f 2445 2441 2442
f 2445 2442 2444
f 2444 2442 2443
f 2447 2448 2456
f 2456 2448 2453
f 2456 2453 2455
f 2455 2453 2454
f 2449 2450 2448
f 2448 2450 2453
f 2450 2451 2453
f 2453 2451 2452
f 2457 2458 2466
f 2466 2458 2463
f 2466 2463 2465
f 2465 2463 2464
f 2459 2460 2458
f 2458 2460 2463
f 2460 2461 2463
f 2463 2461 2462
f 2482 2467 2481
f 2481 2467 2468
f 2481 2468 2480
f 2480 2468 2469
f 2480 2469 2470
f 2471 2478 2470
f 2470 2478 2479
f 2470 2479 2480
f 2471 2472 2478
f 2478 2472 2477
f 2477 2472 2476
f 2476 2472 2473
f 2476 2473 2475
f 2475 2473 2474
f 2483 2484 2492
f 2492 2484 2491
f 2491 2484 2489
f 2491 2489 2490
f 2485 2486 2484
f 2484 2486 2487
f 2484 2487 2489
f 2489 2487 2488
f 2493 2494 2500
f 2500 2494 2495
f 2500 2495 2499
f 2499 2495 2496
f 2499 2496 2498
f 2498 2496 2497
f 2516 2501 2515
f 2515 2501 2502
f 2515 2502 2514
f 2514 2502 2503
f 2514 2503 2504
f 2505 2512 2504
f 2504 2512 2513
f 2504 2513 2514
f 2505 2506 2512
f 2512 2506 2511
f 2511 2506 2510
f 2510 2506 2507
f 2510 2507 2509
f 2509 2507 2508
f 2517 2518 2526
f 2526 2518 2525
f 2525 2518 2523
f 2525 2523 2524
f 2519 2520 2518
f 2518 2520 2521
f 2518 2521 2523
f 2523 2521 2522
f 2527 2528 2534
f 2534 2528 2529
f 2534 2529 2533
f 2533 2529 2530
f 2533 2530 2532
f 2532 2530 2531
f 2535 2536 2544
f 2544 2536 2541
f 2544 2541 2543
f 2543 2541 2542
f 2537 2538 2536
f 2536 2538 2541
f 2538 2539 2541
f 2541 2539 2540
f 2545 2546 2554
f 2554 2546 2551
f 2554 2551 2553
f 2553 2551 2552
f 2547 2548 2546
f 2546 2548 2551
f 2548 2549 2551
f 2551 2549 2550
f 2555 2556 2564
f 2564 2556 2563
f 2563 2556 2561
f 2563 2561 2562
f 2557 2558 2556
f 2556 2558 2559
f 2556 2559 2561
f 2561 2559 2560
f 2565 2566 2572
f 2572 2566 2567
f 2572 2567 2571
f 2571 2567 2568
f 2571 2568 2570
f 2570 2568 2569
f 2573 2574 2582
f 2582 2574 2581
f 2581 2574 2579
f 2581 2579 2580
f 2575 2576 2574
f 2574 2576 2577
f 2574 2577 2579
f 2579 2577 2578
f 2583 2584 2590
f 2590 2584 2585
f 2590 2585 2589
f 2589 2585 2586
f 2589 2586 2588
f 2588 2586 2587
f 2591 2592 2600
f 2600 2592 2597
f 2600 2597 2599
f 2599 2597 2598
f 2593 2594 2592
f 2592 2594 2597
f 2594 2595 2597
f 2597 2595 2596
f 2601 2602 2610
f 2610 2602 2607
f 2610 2607 2609
f 2609 2607 2608
f 2603 2604 2602
f 2602 2604 2607
f 2604 2605 2607
f 2607 2605 2606
f 2611 2612 2618
f 2618 2612 2613
f 2618 2613 2617
f 2617 2613 2614
f 2617 2614 2616
f 2616 2614 2615
