v 0.02860997057 -0.00500000019 -0.006085400949
v 0.03264310745 -0.00500000019 -0.006377900049
v 0.03264310745 -0.00699999828 -0.006377900049
v 0.0251538401 -0.00699999828 -0.005834752749
v 0.0251538401 -0.00250000019 -0.005834752749
v 0.02860997057 -0.00250000019 -0.006085400949
v 0.03322177587 -0.00699999828 0.001601145851
v 0.03595809558 -0.00699999828 0.002044728451
v 0.03820298485 -0.00699999828 0.003670980751
v 0.03947727062 -0.00699999828 0.006132769251
v 0.03950895635 -0.00699999828 0.008904633251
v 0.03950895635 -0.00500000019 0.008904633251
v 0.03947727062 -0.00500000019 0.006132769251
v 0.03820298485 -0.00500000019 0.003670980751
v 0.03595809558 -0.00500000019 0.002044728451
v 0.03322177587 -0.00500000019 0.001601145851
v 0.03781068945 -0.00699999828 -0.01451212735
v 0.03817928214 -0.00699999828 -0.01176470065
v 0.03727353966 -0.00699999828 -0.009144806249
v 0.03528678948 -0.00699999828 -0.007211664249
v 0.03264310745 -0.00699999828 -0.006377900049
v 0.03264310745 -0.00500000019 -0.006377900049
v 0.03528678948 -0.00500000019 -0.007211664249
v 0.03727353966 -0.00500000019 -0.009144806249
v 0.03817928214 -0.00500000019 -0.01176470065
v 0.03781068945 -0.00500000019 -0.01451212735
v -0.01845154301 -0.0077 0.001338170051
v -0.01713493875 -0.0077 0.006974516351
v -0.01414105382 -0.0077 0.01192814445
v -0.009762937177 -0.0077 0.01571416285
v -0.004429164647 -0.0077 0.01796197305
v 0.001338170383 -0.0077 0.01845154235
v 0.006974516653 -0.0077 0.01713493805
v 0.01192814472 -0.0077 0.01414104835
v 0.01571416791 -0.0077 0.009762936551
v 0.01796197333 -0.0077 0.004429163951
v 0.01845153786 -0.0077 -0.001338171049
v 0.01713493837 -0.0077 -0.006974517349
v 0.01414105344 -0.0077 -0.01192814535
v 0.009762941573 -0.0077 -0.01571416385
v 0.004429164273 -0.0077 -0.01796197405
v -0.001338170757 -0.0077 -0.01845153855
v -0.006974517027 -0.0077 -0.01713493905
v -0.0119281451 -0.0077 -0.01414104935
v -0.01571416353 -0.0077 -0.009762937449
v -0.01796197372 -0.0077 -0.004429164949
v -0.01875074883 -0.0080000021 0.001359870451
v -0.0182532448 -0.0080000021 -0.004500986649
v -0.01596899456 -0.0080000021 -0.009921257349
v -0.01212157369 -0.0080000021 -0.01437036545
v -0.007087617547 -0.0080000021 -0.01741280175
v -0.001359871097 -0.0080000021 -0.01875075385
v 0.004500985993 -0.0080000021 -0.01825324985
v 0.009921256723 -0.0080000021 -0.01596899005
v 0.01437036477 -0.0080000021 -0.01212157395
v 0.01741280111 -0.0080000021 -0.007087617849
v 0.01875075321 -0.0080000021 -0.001359871349
v 0.01825324918 -0.0080000021 0.004500985751
v 0.01596898941 -0.0080000021 0.009921256451
v 0.01212157331 -0.0080000021 0.01437036925
v 0.007087617163 -0.0080000021 0.01741280085
v 0.001359870713 -0.0080000021 0.01875075765
v -0.004500986377 -0.0080000021 0.01825325365
v -0.009921257097 -0.0080000021 0.01596899385
v -0.01437036515 -0.0080000021 0.01212157775
v -0.0174128015 -0.0080000021 0.007087612151
v 0.01875075321 -0.0080000021 -0.001359871349
v 0.01845153786 -0.0077 -0.001338171049
v -0.01745416167 -0.00570000191 0.001265835651
v -0.01609742673 -0.00570000191 0.006864607251
v -0.01299629142 -0.00570000191 0.01171949205
v -0.008486801017 -0.00570000191 0.01530438075
v -0.003057641417 -0.00570000191 0.01723081245
v 0.002702866063 -0.00570000191 0.01729000755
v 0.008170474833 -0.00570000191 0.01547557545
v 0.01275268578 -0.00570000191 0.01198411505
v 0.01595294863 -0.00570000191 0.007193986251
v 0.0174244588 -0.00570000191 0.001624287651
v 0.01700775612 -0.00570000191 -0.004121433949
v 0.01474800075 -0.00570000191 -0.009420534049
v 0.0108900714 -0.00570000191 -0.01369877145
v 0.005852034233 -0.00570000191 -0.01649253585
v 0.0001798386633 -0.00570000191 -0.01749907745
v -0.005511843807 -0.00570000191 -0.01660932365
v -0.01060623845 -0.00570000191 -0.01391968965
v -0.01455127698 -0.00570000191 -0.009721641349
v -0.01691946457 -0.00570000191 -0.004470104349
v -0.01775337703 -0.00599999924 0.001287535951
v -0.0172095054 -0.00599999924 -0.004546737349
v -0.01480072928 -0.00599999924 -0.009888301149
v -0.01078805604 -0.00599999924 -0.01415831365
v -0.005606333357 -0.00599999924 -0.01689405285
v 0.0001829243233 -0.00599999924 -0.01779906055
v 0.005952356503 -0.00599999924 -0.01677526195
v 0.01107675833 -0.00599999924 -0.01393360865
v 0.01500082486 -0.00599999924 -0.009582028749
v 0.01729931833 -0.00599999924 -0.004192086349
v 0.01772316385 -0.00599999924 0.001652130751
v 0.01622642406 -0.00599999924 0.007317315951
v 0.01297130572 -0.00599999924 0.01218955595
v 0.008310540523 -0.00599999924 0.01574086885
v 0.002749199813 -0.00599999924 0.01758640965
v -0.003110055877 -0.00599999924 0.01752619385
v -0.008632289257 -0.00599999924 0.01556674585
v -0.01321908439 -0.00599999924 0.01192039265
v -0.01637338214 -0.00599999924 0.006982285351
v 0.01700775612 -0.00570000191 -0.004121433949
v 0.01729931833 -0.00599999924 -0.004192086349
v 0.04388474288 -0.0080000021 -0.003182675549
v 0.04226403934 -0.0080000021 -0.01223727725
v 0.03879619407 -0.0080000021 -0.02075705205
v 0.0336327715 -0.0080000021 -0.02836964235
v 0.02699943421 -0.0080000021 -0.03474234655
v 0.01918609158 -0.0080000021 -0.03959663885
v 0.01053422538 -0.0080000021 -0.04272037135
v 0.001421964863 -0.0080000021 -0.04397701775
v -0.007752445217 -0.0080000021 -0.04331165525
v -0.01658803721 -0.0080000021 -0.04075336795
v -0.02469865388 -0.0080000021 -0.03641396375
v -0.03172980939 -0.0080000021 -0.03048308985
v -0.03737422938 -0.0080000021 -0.02321996385
v -0.04138521688 -0.0080000021 -0.01494201105
v -0.04358746688 -0.0080000021 -0.006011021849
v -0.04388474328 -0.0080000021 0.003182679451
v -0.04226403738 -0.0080000021 0.01223727625
v -0.03879619688 -0.0080000021 0.02075705585
v -0.0336327695 -0.0080000021 0.02836964615
v -0.02699943222 -0.0080000021 0.03474234805
v -0.01918609196 -0.0080000021 0.03959664025
v -0.01053422576 -0.0080000021 0.04272036805
v -0.001421960477 -0.0080000021 0.04397702155
v 0.007752444843 -0.0080000021 0.04331165915
v 0.01658803683 -0.0080000021 0.04075336695
v 0.02469864873 -0.0080000021 0.03641396275
v 0.03172981377 -0.0080000021 0.03048309365
v 0.03737423379 -0.0080000021 0.02321996765
v 0.04138521891 -0.0080000021 0.01494201485
v 0.04358747123 -0.0080000021 0.006011020851
v 0.04438343117 -0.00750000019 -0.003218842849
v 0.04408278333 -0.00750000019 0.006079328651
v 0.04185550403 -0.00750000019 0.01511180785
v 0.03779894026 -0.00750000019 0.02348383095
v 0.03209038073 -0.00750000019 0.03082948785
v 0.02497931435 -0.00750000019 0.03682775305
v 0.01677653928 -0.00750000019 0.04121647155
v 0.007840544413 -0.00750000019 0.04380383155
v -0.001438121357 -0.00750000019 0.04447675645
v -0.01065393182 -0.00750000019 0.04320582615
v -0.01940411224 -0.00750000019 0.04004660255
v -0.02730624901 -0.00750000019 0.03513714955
v -0.03401496458 -0.00750000019 0.02869202555
v -0.03923706178 -0.00750000019 0.02099292735
v -0.04274430798 -0.00750000019 0.01237634025
v -0.04438342918 -0.00750000019 0.003218841851
v -0.04408278608 -0.00750000019 -0.006079329649
v -0.04185550198 -0.00750000019 -0.01511180875
v -0.03779893828 -0.00750000019 -0.02348382715
v -0.0320903835 -0.00750000019 -0.03082948885
v -0.02497931951 -0.00750000019 -0.03682775875
v -0.01677653966 -0.00750000019 -0.04121647485
v -0.007840544787 -0.00750000019 -0.04380383485
v 0.001438120983 -0.00750000019 -0.04447675505
v 0.01065393143 -0.00750000019 -0.04320582955
v 0.01940411662 -0.00750000019 -0.04004660105
v 0.02730624624 -0.00750000019 -0.03513714575
v 0.03401496181 -0.00750000019 -0.02869202655
v 0.03923706143 -0.00750000019 -0.02099292835
v 0.04274431236 -0.00750000019 -0.01237634115
v -0.04388474328 -0.0080000021 0.003182679451
v -0.04438342918 -0.00750000019 0.003218841851
v -0.02658018708 -0.00250000019 0.001927688651
v -0.02565399052 -0.00250000019 0.003293213651
v -0.02400831084 -0.00250000019 0.003173864151
v -0.02328883725 -0.00250000019 0.001688989751
v -0.02421503381 -0.00250000019 0.0003234648509
v -0.0258607135 -0.00250000019 0.0004428142509
v -0.02658018708 -0.0080000021 0.001927688651
v -0.0258607135 -0.0080000021 0.0004428142509
v -0.02421503381 -0.0080000021 0.0003234648509
v -0.02328883725 -0.0080000021 0.001688989751
v -0.02400831084 -0.0080000021 0.003173864151
v -0.02565399052 -0.0080000021 0.003293213651
v -0.02328883725 -0.0080000021 0.001688989751
v -0.02328883725 -0.00250000019 0.001688989751
v 0.009230925343 -0.00699999828 0.01930673505
v 0.007330974713 -0.00699999828 0.02073771045
v 0.006136336663 -0.00699999828 0.02279448825
v 0.005834752093 -0.00699999828 0.02515383985
v 0.006377899393 -0.00699999828 0.03264310235
v 0.007211663593 -0.00699999828 0.03528679395
v 0.009144805633 -0.00699999828 0.03727353935
v 0.01176469997 -0.00699999828 0.03817928665
v 0.01451212665 -0.00699999828 0.03781068675
v 0.02161592891 -0.00699999828 0.03424910715
v 0.02788753105 -0.00699999828 0.02936895685
v 0.03308547431 -0.00699999828 0.02335810935
v 0.03700964168 -0.00699999828 0.01644799245
v 0.03950895635 -0.00699999828 0.008904633251
v 0.03947727062 -0.00699999828 0.006132769251
v 0.03820298485 -0.00699999828 0.003670980751
v 0.03595809558 -0.00699999828 0.002044728451
v 0.03322177587 -0.00699999828 0.001601145851
v 0.02573250852 -0.00699999828 0.002144293151
v 0.02344135969 -0.00699999828 0.002783150851
v 0.02157847829 -0.00699999828 0.004262057951
v 0.02043661653 -0.00699999828 0.006348595251
v 0.01795017801 -0.00699999828 0.01165122515
v 0.01411930342 -0.00699999828 0.01608120725
v 0.0001626598333 -0.00250000019 0.02505386575
v 0.001088861163 -0.00250000019 0.02641938595
v 0.002734540853 -0.00250000019 0.02630003645
v 0.003454019203 -0.00250000019 0.02481515725
v 0.002527817873 -0.00250000019 0.02344963705
v 0.0008821381833 -0.00250000019 0.02356898655
v 0.0001626598333 -0.0080000021 0.02505386575
v 0.0008821381833 -0.0080000021 0.02356898655
v 0.002527817873 -0.0080000021 0.02344963705
v 0.003454019203 -0.0080000021 0.02481515725
v 0.002734540853 -0.0080000021 0.02630003645
v 0.001088861163 -0.0080000021 0.02641938595
v 0.003454019203 -0.0080000021 0.02481515725
v 0.003454019203 -0.00250000019 0.02481515725
v 0.01930673531 -0.00699999828 -0.009230926049
v 0.02073771075 -0.00699999828 -0.007330975349
v 0.02279448852 -0.00699999828 -0.006136337349
v 0.0251538401 -0.00699999828 -0.005834752749
v 0.03264310745 -0.00699999828 -0.006377900049
v 0.03528678948 -0.00699999828 -0.007211664249
v 0.03727353966 -0.00699999828 -0.009144806249
v 0.03817928214 -0.00699999828 -0.01176470065
v 0.03781068945 -0.00699999828 -0.01451212735
v 0.03424910982 -0.00699999828 -0.02161592955
v 0.02936895715 -0.00699999828 -0.02788752935
v 0.02335811442 -0.00699999828 -0.03308547265
v 0.01644799271 -0.00699999828 -0.03700964235
v 0.008904633523 -0.00699999828 -0.03950895465
v 0.006132769533 -0.00699999828 -0.03947727125
v 0.003670981033 -0.00699999828 -0.03820298555
v 0.002044728733 -0.00699999828 -0.03595809625
v 0.001601146163 -0.00699999828 -0.03322177655
v 0.002144293453 -0.00699999828 -0.02573250685
v 0.002783151093 -0.00699999828 -0.02344136035
v 0.004262058263 -0.00699999828 -0.02157847895
v 0.006348595533 -0.00699999828 -0.02043661725
v 0.01165123017 -0.00699999828 -0.01795017865
v 0.01608120754 -0.00699999828 -0.01411930405
v 0.03950895635 -0.00500000019 0.008904633251
v 0.03950895635 -0.00699999828 0.008904633251
v 0.03700964168 -0.00699999828 0.01644799245
v 0.03308547431 -0.00699999828 0.02335810935
v 0.02788753105 -0.00699999828 0.02936895685
v 0.02161592891 -0.00699999828 0.03424910715
v 0.01451212665 -0.00699999828 0.03781068675
v 0.01451212665 -0.00500000019 0.03781068675
v 0.02161592891 -0.00500000019 0.03424910715
v 0.02788753105 -0.00500000019 0.02936895685
v 0.03308547431 -0.00500000019 0.02335810935
v 0.03700964168 -0.00500000019 0.01644799245
v 0.02918863899 -0.00250000019 0.001893640251
v 0.02573250852 -0.00250000019 0.002144293151
v 0.02573250852 -0.00699999828 0.002144293151
v 0.03322177587 -0.00699999828 0.001601145851
v 0.03322177587 -0.00500000019 0.001601145851
v 0.02918863899 -0.00500000019 0.001893640251
v -0.001893640907 -0.00250000019 0.02918864105
v -0.002144293837 -0.00250000019 0.02573250585
v -0.002144293837 -0.00699999828 0.02573250585
v -0.001601146537 -0.00699999828 0.03322177795
v -0.001601146537 -0.00500000019 0.03322177795
v -0.001893640907 -0.00500000019 0.02918864105
v 0.02328883687 -0.00250000019 -0.001688990749
v 0.02421503343 -0.00250000019 -0.0003234657491
v 0.02586071073 -0.00250000019 -0.0004428152491
v 0.02658018908 -0.00250000019 -0.001927689649
v 0.02565399013 -0.00250000019 -0.003293214649
v 0.02400831522 -0.00250000019 -0.003173865149
v 0.02328883687 -0.0080000021 -0.001688990749
v 0.02400831522 -0.0080000021 -0.003173865149
v 0.02565399013 -0.0080000021 -0.003293214649
v 0.02658018908 -0.0080000021 -0.001927689649
v 0.02586071073 -0.0080000021 -0.0004428152491
v 0.02421503343 -0.0080000021 -0.0003234657491
v 0.02658018908 -0.0080000021 -0.001927689649
v 0.02658018908 -0.00250000019 -0.001927689649
v -0.01845154301 -0.00599999924 0.001338170051
v -0.01713493875 -0.00599999924 0.006974516351
v -0.01414105382 -0.00599999924 0.01192814445
v -0.009762937177 -0.00599999924 0.01571416285
v -0.004429164647 -0.00599999924 0.01796197305
v 0.001338170383 -0.00599999924 0.01845154235
v 0.006974516653 -0.00599999924 0.01713493805
v 0.01192814472 -0.00599999924 0.01414104835
v 0.01571416791 -0.00599999924 0.009762936551
v 0.01796197333 -0.00599999924 0.004429163951
v 0.01845153786 -0.00599999924 -0.001338171049
v 0.01713493837 -0.00599999924 -0.006974517349
v 0.01414105344 -0.00599999924 -0.01192814535
v 0.009762941573 -0.00599999924 -0.01571416385
v 0.004429164273 -0.00599999924 -0.01796197405
v -0.001338170757 -0.00599999924 -0.01845153855
v -0.006974517027 -0.00599999924 -0.01713493905
v -0.0119281451 -0.00599999924 -0.01414104935
v -0.01571416353 -0.00599999924 -0.009762937449
v -0.01796197372 -0.00599999924 -0.004429164949
v -0.01845154301 -0.0077 0.001338170051
v -0.01796197372 -0.0077 -0.004429164949
v -0.01571416353 -0.0077 -0.009762937449
v -0.0119281451 -0.0077 -0.01414104935
v -0.006974517027 -0.0077 -0.01713493905
v -0.001338170757 -0.0077 -0.01845153855
v 0.004429164273 -0.0077 -0.01796197405
v 0.009762941573 -0.0077 -0.01571416385
v 0.01414105344 -0.0077 -0.01192814535
v 0.01713493837 -0.0077 -0.006974517349
v 0.01845153786 -0.0077 -0.001338171049
v 0.01796197333 -0.0077 0.004429163951
v 0.01571416791 -0.0077 0.009762936551
v 0.01192814472 -0.0077 0.01414104835
v 0.006974516653 -0.0077 0.01713493805
v 0.001338170383 -0.0077 0.01845154235
v -0.004429164647 -0.0077 0.01796197305
v -0.009762937177 -0.0077 0.01571416285
v -0.01414105382 -0.0077 0.01192814445
v -0.01713493875 -0.0077 0.006974516351
v 0.01845153786 -0.0077 -0.001338171049
v 0.01845153786 -0.00599999924 -0.001338171049
v 0.008904633523 -0.00500000019 -0.03950895465
v 0.008904633523 -0.00699999828 -0.03950895465
v 0.01644799271 -0.00699999828 -0.03700964235
v 0.02335811442 -0.00699999828 -0.03308547265
v 0.02936895715 -0.00699999828 -0.02788752935
v 0.03424910982 -0.00699999828 -0.02161592955
v 0.03781068945 -0.00699999828 -0.01451212735
v 0.03781068945 -0.00500000019 -0.01451212735
v 0.03424910982 -0.00500000019 -0.02161592955
v 0.02936895715 -0.00500000019 -0.02788752935
v 0.02335811442 -0.00500000019 -0.03308547265
v 0.01644799271 -0.00500000019 -0.03700964235
v -0.04089259928 -0.00500000019 0.002965676051
v -0.03929902478 -0.00500000019 0.01168704005
v -0.03586786198 -0.00500000019 0.01986193275
v -0.03075956591 -0.00500000019 0.02710810225
v -0.02421298369 -0.00500000019 0.03308672665
v -0.01653422522 -0.00500000019 0.03751825485
v -0.008082353277 -0.00500000019 0.04019547185
v 0.0007474440233 -0.00500000019 0.04099318825
v 0.009542292523 -0.00500000019 0.03987411455
v 0.01789095823 -0.00500000019 0.03689056865
v 0.0254030567 -0.00500000019 0.03218205335
v 0.03172733737 -0.00500000019 0.02596875225
v 0.03656808441 -0.00500000019 0.01854117325
v 0.03969894737 -0.00500000019 0.01024663455
v 0.04097353181 -0.00500000019 0.001472976151
v 0.04033223949 -0.00500000019 -0.007369560049
v 0.037805058 -0.00500000019 -0.01586750355
v 0.03351015164 -0.00500000019 -0.02362350115
v 0.02764834929 -0.00500000019 -0.03027488915
v 0.02049373879 -0.00500000019 -0.03551065475
v 0.01238086626 -0.00500000019 -0.03908598445
v 0.003689076843 -0.00500000019 -0.04083369605
v -0.005175206997 -0.00500000019 -0.04067207105
v -0.01379750886 -0.00500000019 -0.03860866155
v -0.02177465322 -0.00500000019 -0.03473995745
v -0.02873363388 -0.00500000019 -0.02924685085
v -0.03434907103 -0.00500000019 -0.02238619445
v -0.03835836988 -0.00500000019 -0.01447878225
v -0.04057408508 -0.00500000019 -0.005894358349
v 0.006085400253 -0.00500000019 0.02860997505
v 0.003447102403 -0.00500000019 0.02904617155
v 0.0007799897133 -0.00500000019 0.02923960055
v -0.001893640907 -0.00500000019 0.02918864105
v -0.001601146537 -0.00500000019 0.03322177795
v -0.002044729107 -0.00500000019 0.03595809765
v -0.003670981407 -0.00500000019 0.03820298695
v -0.006132769917 -0.00500000019 0.03947727275
v -0.008904633907 -0.00500000019 0.03950895845
v -0.01644799309 -0.00500000019 0.03700964135
v -0.02335811003 -0.00500000019 0.03308546925
v -0.02936895754 -0.00500000019 0.02788753315
v -0.03424910782 -0.00500000019 0.02161593335
v -0.03781068748 -0.00500000019 0.01451213115
v -0.03817928728 -0.00500000019 0.01176469965
v -0.03727354008 -0.00500000019 0.009144805351
v -0.03528678508 -0.00500000019 0.007211663351
v -0.03264310306 -0.00500000019 0.006377899151
v -0.02860996618 -0.00500000019 0.006085399951
v -0.02904617218 -0.00500000019 0.003447102151
v -0.02923960127 -0.00500000019 0.0007799894509
v -0.02918864176 -0.00500000019 -0.001893641149
v -0.03322177864 -0.00500000019 -0.001601146849
v -0.03595809838 -0.00500000019 -0.002044729349
v -0.03820298758 -0.00500000019 -0.003670981649
v -0.03947727338 -0.00500000019 -0.006132770249
v -0.03950895908 -0.00500000019 -0.008904634149
v -0.03700964208 -0.00500000019 -0.01644799335
v -0.03308546993 -0.00500000019 -0.02335811505
v -0.02788753381 -0.00500000019 -0.02936895785
v -0.02161593406 -0.00500000019 -0.03424911045
v -0.01451212704 -0.00500000019 -0.03781069015
v -0.01176470036 -0.00500000019 -0.03817928285
v -0.009144806007 -0.00500000019 -0.03727353795
v -0.007211663977 -0.00500000019 -0.03528679015
v -0.006377899767 -0.00500000019 -0.03264310815
v -0.006085400627 -0.00500000019 -0.02860997125
v -0.003447102787 -0.00500000019 -0.02904617245
v -0.0007799900967 -0.00500000019 -0.02923959675
v 0.001893640533 -0.00500000019 -0.02918863725
v 0.001601146163 -0.00500000019 -0.03322177655
v 0.002044728733 -0.00500000019 -0.03595809625
v 0.003670981033 -0.00500000019 -0.03820298555
v 0.006132769533 -0.00500000019 -0.03947727125
v 0.008904633523 -0.00500000019 -0.03950895465
v 0.01644799271 -0.00500000019 -0.03700964235
v 0.02335811442 -0.00500000019 -0.03308547265
v 0.02936895715 -0.00500000019 -0.02788752935
v 0.03424910982 -0.00500000019 -0.02161592955
v 0.03781068945 -0.00500000019 -0.01451212735
v 0.03817928214 -0.00500000019 -0.01176470065
v 0.03727353966 -0.00500000019 -0.009144806249
v 0.03528678948 -0.00500000019 -0.007211664249
v 0.03264310745 -0.00500000019 -0.006377900049
v 0.02860997057 -0.00500000019 -0.006085400949
v 0.02904616942 -0.00500000019 -0.003447103049
v 0.0292395985 -0.00500000019 -0.0007799903491
v 0.02918863899 -0.00500000019 0.001893640251
v 0.03322177587 -0.00500000019 0.001601145851
v 0.03595809558 -0.00500000019 0.002044728451
v 0.03820298485 -0.00500000019 0.003670980751
v 0.03947727062 -0.00500000019 0.006132769251
v 0.03950895635 -0.00500000019 0.008904633251
v 0.03700964168 -0.00500000019 0.01644799245
v 0.03308547431 -0.00500000019 0.02335810935
v 0.02788753105 -0.00500000019 0.02936895685
v 0.02161592891 -0.00500000019 0.03424910715
v 0.01451212665 -0.00500000019 0.03781068675
v 0.01176469997 -0.00500000019 0.03817928665
v 0.009144805633 -0.00500000019 0.03727353935
v 0.007211663593 -0.00500000019 0.03528679395
v 0.006377899393 -0.00500000019 0.03264310235
v 0.01451212665 -0.00500000019 0.03781068675
v 0.01451212665 -0.00699999828 0.03781068675
v 0.01176469997 -0.00699999828 0.03817928665
v 0.009144805633 -0.00699999828 0.03727353935
v 0.007211663593 -0.00699999828 0.03528679395
v 0.006377899393 -0.00699999828 0.03264310235
v 0.006377899393 -0.00500000019 0.03264310235
v 0.007211663593 -0.00500000019 0.03528679395
v 0.009144805633 -0.00500000019 0.03727353935
v 0.01176469997 -0.00500000019 0.03817928665
v -0.001601146537 -0.00500000019 0.03322177795
v -0.001601146537 -0.00699999828 0.03322177795
v -0.002044729107 -0.00699999828 0.03595809765
v -0.003670981407 -0.00699999828 0.03820298695
v -0.006132769917 -0.00699999828 0.03947727275
v -0.008904633907 -0.00699999828 0.03950895845
v -0.008904633907 -0.00500000019 0.03950895845
v -0.006132769917 -0.00500000019 0.03947727275
v -0.003670981407 -0.00500000019 0.03820298695
v -0.002044729107 -0.00500000019 0.03595809765
v -0.003454014807 -0.00250000019 -0.02481516295
v -0.002527818247 -0.00250000019 -0.02344963805
v -0.0008821385667 -0.00250000019 -0.02356898745
v -0.0001626602067 -0.00250000019 -0.02505386195
v -0.001088861547 -0.00250000019 -0.02641938685
v -0.002734536457 -0.00250000019 -0.02630003745
v -0.003454014807 -0.0080000021 -0.02481516295
v -0.002734536457 -0.0080000021 -0.02630003745
v -0.001088861547 -0.0080000021 -0.02641938685
v -0.0001626602067 -0.0080000021 -0.02505386195
v -0.0008821385667 -0.0080000021 -0.02356898745
v -0.002527818247 -0.0080000021 -0.02344963805
v -0.0001626602067 -0.0080000021 -0.02505386195
v -0.0001626602067 -0.00250000019 -0.02505386195
v -0.01745416167 0.01999999981 0.001265835651
v -0.01609742673 0.01999999981 0.006864607251
v -0.01299629142 0.01999999981 0.01171949205
v -0.008486801017 0.01999999981 0.01530438075
v -0.003057641417 0.01999999981 0.01723081245
v 0.002702866063 0.01999999981 0.01729000755
v 0.008170474833 0.01999999981 0.01547557545
v 0.01275268578 0.01999999981 0.01198411505
v 0.01595294863 0.01999999981 0.007193986251
v 0.0174244588 0.01999999981 0.001624287651
v 0.01700775612 0.01999999981 -0.004121433949
v 0.01474800075 0.01999999981 -0.009420534049
v 0.0108900714 0.01999999981 -0.01369877145
v 0.005852034233 0.01999999981 -0.01649253585
v 0.0001798386633 0.01999999981 -0.01749907745
v -0.005511843807 0.01999999981 -0.01660932365
v -0.01060623845 0.01999999981 -0.01391968965
v -0.01455127698 0.01999999981 -0.009721641349
v -0.01691946457 0.01999999981 -0.004470104349
v -0.01745416167 -0.00570000191 0.001265835651
v -0.01691946457 -0.00570000191 -0.004470104349
v -0.01455127698 -0.00570000191 -0.009721641349
v -0.01060623845 -0.00570000191 -0.01391968965
v -0.005511843807 -0.00570000191 -0.01660932365
v 0.0001798386633 -0.00570000191 -0.01749907745
v 0.005852034233 -0.00570000191 -0.01649253585
v 0.0108900714 -0.00570000191 -0.01369877145
v 0.01474800075 -0.00570000191 -0.009420534049
v 0.01700775612 -0.00570000191 -0.004121433949
v 0.0174244588 -0.00570000191 0.001624287651
v 0.01595294863 -0.00570000191 0.007193986251
v 0.01275268578 -0.00570000191 0.01198411505
v 0.008170474833 -0.00570000191 0.01547557545
v 0.002702866063 -0.00570000191 0.01729000755
v -0.003057641417 -0.00570000191 0.01723081245
v -0.008486801017 -0.00570000191 0.01530438075
v -0.01299629142 -0.00570000191 0.01171949205
v -0.01609742673 -0.00570000191 0.006864607251
v 0.01700775612 0.01999999981 -0.004121433949
v 0.01700775612 -0.00570000191 -0.004121433949
v 0.04388474288 -0.0080000021 -0.003182675549
v 0.04358747123 -0.0080000021 0.006011020851
v 0.04138521891 -0.0080000021 0.01494201485
v 0.03737423379 -0.0080000021 0.02321996765
v 0.03172981377 -0.0080000021 0.03048309365
v 0.02469864873 -0.0080000021 0.03641396275
v 0.01658803683 -0.0080000021 0.04075336695
v 0.007752444843 -0.0080000021 0.04331165915
v -0.001421960477 -0.0080000021 0.04397702155
v -0.01053422576 -0.0080000021 0.04272036805
v -0.01918609196 -0.0080000021 0.03959664025
v -0.02699943222 -0.0080000021 0.03474234805
v -0.0336327695 -0.0080000021 0.02836964615
v -0.03879619688 -0.0080000021 0.02075705585
v -0.04226403738 -0.0080000021 0.01223727625
v -0.04388474328 -0.0080000021 0.003182679451
v -0.04358746688 -0.0080000021 -0.006011021849
v -0.04138521688 -0.0080000021 -0.01494201105
v -0.03737422938 -0.0080000021 -0.02321996385
v -0.03172980939 -0.0080000021 -0.03048308985
v -0.02469865388 -0.0080000021 -0.03641396375
v -0.01658803721 -0.0080000021 -0.04075336795
v -0.007752445217 -0.0080000021 -0.04331165525
v 0.001421964863 -0.0080000021 -0.04397701775
v 0.01053422538 -0.0080000021 -0.04272037135
v 0.01918609158 -0.0080000021 -0.03959663885
v 0.02699943421 -0.0080000021 -0.03474234655
v 0.0336327715 -0.0080000021 -0.02836964235
v 0.03879619407 -0.0080000021 -0.02075705205
v 0.04226403934 -0.0080000021 -0.01223727725
v -0.02658018708 -0.0080000021 0.001927688651
v -0.02565399052 -0.0080000021 0.003293213651
v -0.02400831084 -0.0080000021 0.003173864151
v -0.02328883725 -0.0080000021 0.001688989751
v -0.02421503381 -0.0080000021 0.0003234648509
v -0.0258607135 -0.0080000021 0.0004428142509
v 0.0001626598333 -0.0080000021 0.02505386575
v 0.001088861163 -0.0080000021 0.02641938595
v 0.002734540853 -0.0080000021 0.02630003645
v 0.003454019203 -0.0080000021 0.02481515725
v 0.002527817873 -0.0080000021 0.02344963705
v 0.0008821381833 -0.0080000021 0.02356898655
v 0.02328883687 -0.0080000021 -0.001688990749
v 0.02421503343 -0.0080000021 -0.0003234657491
v 0.02586071073 -0.0080000021 -0.0004428152491
v 0.02658018908 -0.0080000021 -0.001927689649
v 0.02565399013 -0.0080000021 -0.003293214649
v 0.02400831522 -0.0080000021 -0.003173865149
v -0.003454014807 -0.0080000021 -0.02481516295
v -0.002527818247 -0.0080000021 -0.02344963805
v -0.0008821385667 -0.0080000021 -0.02356898745
v -0.0001626602067 -0.0080000021 -0.02505386195
v -0.001088861547 -0.0080000021 -0.02641938685
v -0.002734536457 -0.0080000021 -0.02630003745
v -0.01875074883 -0.0080000021 0.001359870451
v -0.0174128015 -0.0080000021 0.007087612151
v -0.01437036515 -0.0080000021 0.01212157775
v -0.009921257097 -0.0080000021 0.01596899385
v -0.004500986377 -0.0080000021 0.01825325365
v 0.001359870713 -0.0080000021 0.01875075765
v 0.007087617163 -0.0080000021 0.01741280085
v 0.01212157331 -0.0080000021 0.01437036925
v 0.01596898941 -0.0080000021 0.009921256451
v 0.01825324918 -0.0080000021 0.004500985751
v 0.01875075321 -0.0080000021 -0.001359871349
v 0.01741280111 -0.0080000021 -0.007087617849
v 0.01437036477 -0.0080000021 -0.01212157395
v 0.009921256723 -0.0080000021 -0.01596899005
v 0.004500985993 -0.0080000021 -0.01825324985
v -0.001359871097 -0.0080000021 -0.01875075385
v -0.007087617547 -0.0080000021 -0.01741280175
v -0.01212157369 -0.0080000021 -0.01437036545
v -0.01596899456 -0.0080000021 -0.009921257349
v -0.0182532448 -0.0080000021 -0.004500986649
v -0.04438342918 -0.0055000021 0.003218841851
v -0.04408278608 -0.0055000021 -0.006079329649
v -0.04185550198 -0.0055000021 -0.01511180875
v -0.03779893828 -0.0055000021 -0.02348382715
v -0.0320903835 -0.0055000021 -0.03082948885
v -0.02497931951 -0.0055000021 -0.03682775875
v -0.01677653966 -0.0055000021 -0.04121647485
v -0.007840544787 -0.0055000021 -0.04380383485
v 0.001438120983 -0.0055000021 -0.04447675505
v 0.01065393143 -0.0055000021 -0.04320582955
v 0.01940411662 -0.0055000021 -0.04004660105
v 0.02730624624 -0.0055000021 -0.03513714575
v 0.03401496181 -0.0055000021 -0.02869202655
v 0.03923706143 -0.0055000021 -0.02099292835
v 0.04274431236 -0.0055000021 -0.01237634115
v 0.04438343117 -0.0055000021 -0.003218842849
v 0.04408278333 -0.0055000021 0.006079328651
v 0.04185550403 -0.0055000021 0.01511180785
v 0.03779894026 -0.0055000021 0.02348383095
v 0.03209038073 -0.0055000021 0.03082948785
v 0.02497931435 -0.0055000021 0.03682775305
v 0.01677653928 -0.0055000021 0.04121647155
v 0.007840544413 -0.0055000021 0.04380383155
v -0.001438121357 -0.0055000021 0.04447675645
v -0.01065393182 -0.0055000021 0.04320582615
v -0.01940411224 -0.0055000021 0.04004660255
v -0.02730624901 -0.0055000021 0.03513714955
v -0.03401496458 -0.0055000021 0.02869202555
v -0.03923706178 -0.0055000021 0.02099292735
v -0.04274430798 -0.0055000021 0.01237634025
v 0.04438343117 -0.00750000019 -0.003218842849
v 0.04274431236 -0.00750000019 -0.01237634115
v 0.03923706143 -0.00750000019 -0.02099292835
v 0.03401496181 -0.00750000019 -0.02869202655
v 0.02730624624 -0.00750000019 -0.03513714575
v 0.01940411662 -0.00750000019 -0.04004660105
v 0.01065393143 -0.00750000019 -0.04320582955
v 0.001438120983 -0.00750000019 -0.04447675505
v -0.007840544787 -0.00750000019 -0.04380383485
v -0.01677653966 -0.00750000019 -0.04121647485
v -0.02497931951 -0.00750000019 -0.03682775875
v -0.0320903835 -0.00750000019 -0.03082948885
v -0.03779893828 -0.00750000019 -0.02348382715
v -0.04185550198 -0.00750000019 -0.01511180875
v -0.04408278608 -0.00750000019 -0.006079329649
v -0.04438342918 -0.00750000019 0.003218841851
v -0.04274430798 -0.00750000019 0.01237634025
v -0.03923706178 -0.00750000019 0.02099292735
v -0.03401496458 -0.00750000019 0.02869202555
v -0.02730624901 -0.00750000019 0.03513714955
v -0.01940411224 -0.00750000019 0.04004660255
v -0.01065393182 -0.00750000019 0.04320582615
v -0.001438121357 -0.00750000019 0.04447675645
v 0.007840544413 -0.00750000019 0.04380383155
v 0.01677653928 -0.00750000019 0.04121647155
v 0.02497931435 -0.00750000019 0.03682775305
v 0.03209038073 -0.00750000019 0.03082948785
v 0.03779894026 -0.00750000019 0.02348383095
v 0.04185550403 -0.00750000019 0.01511180785
v 0.04408278333 -0.00750000019 0.006079328651
v 0.04438343117 -0.0055000021 -0.003218842849
v 0.04438343117 -0.00750000019 -0.003218842849
v 0.01930673531 -0.00250000019 -0.009230926049
v 0.02073771075 -0.00250000019 -0.007330975349
v 0.02279448852 -0.00250000019 -0.006136337349
v 0.0251538401 -0.00250000019 -0.005834752749
v 0.0251538401 -0.00699999828 -0.005834752749
v 0.02279448852 -0.00699999828 -0.006136337349
v 0.02073771075 -0.00699999828 -0.007330975349
v 0.01930673531 -0.00699999828 -0.009230926049
v -0.005591287067 0.00549999933 -0.04253407555
v -0.006058582827 0.00549999933 -0.04247003235
v -0.006525139497 0.00549999933 -0.04240085605
v -0.006990914167 0.00549999933 -0.04232655365
v -0.006571830007 0.00549999933 -0.04046987785
v -0.006199606057 0.00549999933 -0.04052856865
v -0.005826852817 0.00549999933 -0.04058383815
v -0.005453608437 0.00549999933 -0.04063567685
v 0.006085400253 -0.00500000019 0.02860997505
v 0.006377899393 -0.00500000019 0.03264310235
v 0.006377899393 -0.00699999828 0.03264310235
v 0.005834752093 -0.00699999828 0.02515383985
v 0.005834752093 -0.00250000019 0.02515383985
v 0.006085400253 -0.00250000019 0.02860997505
v 0.02573250852 -0.00250000019 0.002144293151
v 0.02344135969 -0.00250000019 0.002783150851
v 0.02157847829 -0.00250000019 0.004262057951
v 0.02043661653 -0.00250000019 0.006348595251
v 0.02043661653 -0.00699999828 0.006348595251
v 0.02157847829 -0.00699999828 0.004262057951
v 0.02344135969 -0.00699999828 0.002783150851
v 0.02573250852 -0.00699999828 0.002144293151
v -0.008904633907 -0.00500000019 0.03950895845
v -0.008904633907 -0.00699999828 0.03950895845
v -0.01644799309 -0.00699999828 0.03700964135
v -0.02335811003 -0.00699999828 0.03308546925
v -0.02936895754 -0.00699999828 0.02788753315
v -0.03424910782 -0.00699999828 0.02161593335
v -0.03781068748 -0.00699999828 0.01451213115
v -0.03781068748 -0.00500000019 0.01451213115
v -0.03424910782 -0.00500000019 0.02161593335
v -0.02936895754 -0.00500000019 0.02788753315
v -0.02335811003 -0.00500000019 0.03308546925
v -0.01644799309 -0.00500000019 0.03700964135
v 0.009230925343 -0.00250000019 0.01930673505
v 0.007330974713 -0.00250000019 0.02073771045
v 0.006136336663 -0.00250000019 0.02279448825
v 0.005834752093 -0.00250000019 0.02515383985
v 0.005834752093 -0.00699999828 0.02515383985
v 0.006136336663 -0.00699999828 0.02279448825
v 0.007330974713 -0.00699999828 0.02073771045
v 0.009230925343 -0.00699999828 0.01930673505
v -0.01944892435 0.01920000057 0.001410504551
v -0.01893289004 0.01920000057 -0.004668577049
v -0.01656358124 0.01920000057 -0.01029066415
v -0.01257290866 0.01920000057 -0.01490543475
v -0.007351517167 0.01920000057 -0.01806115295
v -0.001410505207 0.01920000057 -0.01944891985
v 0.004668576373 0.01920000057 -0.01893289035
v 0.01029066828 0.01920000057 -0.01656358155
v 0.01490543407 0.01920000057 -0.01257290895
v 0.01806115229 0.01920000057 -0.007351517449
v 0.0194489192 0.01920000057 -0.001410505449
v 0.01893288966 0.01920000057 0.004668576051
v 0.01656358086 0.01920000057 0.01029066325
v 0.01257290828 0.01920000057 0.01490542905
v 0.007351516783 0.01920000057 0.01806114725
v 0.001410504833 0.01920000057 0.01944892365
v -0.004668576757 0.01920000057 0.01893288935
v -0.01029066389 0.01920000057 0.01656358055
v -0.01490543445 0.01920000057 0.01257291275
v -0.01806114791 0.01920000057 0.007351511751
v -0.01944892435 0.01779999952 0.001410504551
v -0.01806114791 0.01779999952 0.007351511751
v -0.01490543445 0.01779999952 0.01257291275
v -0.01029066389 0.01779999952 0.01656358055
v -0.004668576757 0.01779999952 0.01893288935
v 0.001410504833 0.01779999952 0.01944892365
v 0.007351516783 0.01779999952 0.01806114725
v 0.01257290828 0.01779999952 0.01490542905
v 0.01656358086 0.01779999952 0.01029066325
v 0.01893288966 0.01779999952 0.004668576051
v 0.0194489192 0.01779999952 -0.001410505449
v 0.01806115229 0.01779999952 -0.007351517449
v 0.01490543407 0.01779999952 -0.01257290895
v 0.01029066828 0.01779999952 -0.01656358155
v 0.004668576373 0.01779999952 -0.01893289035
v -0.001410505207 0.01779999952 -0.01944891985
v -0.007351517167 0.01779999952 -0.01806115295
v -0.01257290866 0.01779999952 -0.01490543475
v -0.01656358124 0.01779999952 -0.01029066415
v -0.01893289004 0.01779999952 -0.004668577049
v 0.0194489192 0.01920000057 -0.001410505449
v 0.0194489192 0.01779999952 -0.001410505449
v -0.01845154301 -0.00599999924 0.001338170051
v -0.01796197372 -0.00599999924 -0.004429164949
v -0.01571416353 -0.00599999924 -0.009762937449
v -0.0119281451 -0.00599999924 -0.01414104935
v -0.006974517027 -0.00599999924 -0.01713493905
v -0.001338170757 -0.00599999924 -0.01845153855
v 0.004429164273 -0.00599999924 -0.01796197405
v 0.009762941573 -0.00599999924 -0.01571416385
v 0.01414105344 -0.00599999924 -0.01192814535
v 0.01713493837 -0.00599999924 -0.006974517349
v 0.01845153786 -0.00599999924 -0.001338171049
v 0.01796197333 -0.00599999924 0.004429163951
v 0.01571416791 -0.00599999924 0.009762936551
v 0.01192814472 -0.00599999924 0.01414104835
v 0.006974516653 -0.00599999924 0.01713493805
v 0.001338170383 -0.00599999924 0.01845154235
v -0.004429164647 -0.00599999924 0.01796197305
v -0.009762937177 -0.00599999924 0.01571416285
v -0.01414105382 -0.00599999924 0.01192814445
v -0.01713493875 -0.00599999924 0.006974516351
v -0.01775337703 -0.00599999924 0.001287535951
v -0.01637338214 -0.00599999924 0.006982285351
v -0.01321908439 -0.00599999924 0.01192039265
v -0.008632289257 -0.00599999924 0.01556674585
v -0.003110055877 -0.00599999924 0.01752619385
v 0.002749199813 -0.00599999924 0.01758640965
v 0.008310540523 -0.00599999924 0.01574086885
v 0.01297130572 -0.00599999924 0.01218955595
v 0.01622642406 -0.00599999924 0.007317315951
v 0.01772316385 -0.00599999924 0.001652130751
v 0.01729931833 -0.00599999924 -0.004192086349
v 0.01500082486 -0.00599999924 -0.009582028749
v 0.01107675833 -0.00599999924 -0.01393360865
v 0.005952356503 -0.00599999924 -0.01677526195
v 0.0001829243233 -0.00599999924 -0.01779906055
v -0.005606333357 -0.00599999924 -0.01689405285
v -0.01078805604 -0.00599999924 -0.01415831365
v -0.01480072928 -0.00599999924 -0.009888301149
v -0.0172095054 -0.00599999924 -0.004546737349
v -0.04288736198 -0.00150000114 0.003110344951
v -0.04291154648 -0.00150000114 0.002756598551
v -0.04293282238 -0.00150000114 0.002402666051
v -0.04299988028 -0.00150000114 -0.0001033278491
v -0.04292077818 -0.00150000114 -0.002608973449
v -0.04287192018 -0.00150000114 -0.003316428049
v -0.04281139878 -0.00150000114 -0.004022976649
v -0.04250420638 -0.00150000114 -0.006510974149
v -0.04205254188 -0.00150000114 -0.008976846149
v -0.04189878928 -0.00150000114 -0.009669113249
v -0.04173363078 -0.00150000114 -0.01035874825
v -0.04105905458 -0.00150000114 -0.01277317385
v -0.04024491768 -0.00150000114 -0.01514418795
v -0.03998970378 -0.00150000114 -0.01580580385
v -0.03972361798 -0.00150000114 -0.01646312815
v -0.03869671648 -0.00150000114 -0.01875004215
v -0.03753829398 -0.00150000114 -0.02097323135
v -0.03718732168 -0.00150000114 -0.02158942355
v -0.03682623088 -0.00150000114 -0.02219974595
v -0.03546995928 -0.00150000114 -0.02430806945
v -0.03399312424 -0.00150000114 -0.02633377125
v -0.0335542328 -0.00150000114 -0.02689076875
v -0.03310621472 -0.00150000114 -0.02744045635
v -0.03145086168 -0.00150000114 -0.02932308755
v -0.02968860193 -0.00150000114 -0.03110605965
v -0.02917159516 -0.00150000114 -0.03159142175
v -0.02864665383 -0.00150000114 -0.03206819605
v -0.02672919342 -0.00150000114 -0.03368308275
v -0.02472088619 -0.00150000114 -0.03518348555
v -0.02413731309 -0.00150000114 -0.03558637375
v -0.02354717874 -0.00150000114 -0.03597958215
v -0.02141045006 -0.00150000114 -0.03729064935
v -0.01920094671 -0.00150000114 -0.03847497305
v -0.01856385358 -0.00150000114 -0.03878638235
v -0.01792169645 -0.00150000114 -0.03908724405
v -0.01561343095 -0.00150000114 -0.04006520675
v -0.01325209372 -0.00150000114 -0.04090699185
v -0.01257569507 -0.00150000114 -0.04111996995
v -0.01189587752 -0.00150000114 -0.04132176385
v -0.009467630877 -0.00150000114 -0.04194477125
v -0.007007207517 -0.00150000114 -0.04242521605
v -0.006306623867 -0.00150000114 -0.04253500425
v -0.005604318857 -0.00150000114 -0.04263322195
v -0.003110345627 -0.00150000114 -0.04288736225
v -0.0006057964067 -0.00150000114 -0.04299573335
v 0.0001033319733 -0.00150000114 -0.04299987585
v 0.0008124269633 -0.00150000114 -0.04299232385
v 0.003316427413 -0.00150000114 -0.04287191815
v 0.005809155183 -0.00150000114 -0.04260579565
v 0.006510973473 -0.00150000114 -0.04250420195
v 0.007211027443 -0.00150000114 -0.04239104965
v 0.009669112593 -0.00150000114 -0.04189878725
v 0.01209433387 -0.00150000114 -0.04126411275
v 0.01277317319 -0.00150000114 -0.04105905485
v 0.01344854112 -0.00150000114 -0.04084282945
v 0.01580580796 -0.00150000114 -0.03998970405
v 0.01810934932 -0.00150000114 -0.03900066105
v 0.01875004626 -0.00150000114 -0.03869671675
v 0.01938564103 -0.00150000114 -0.03838224635
v 0.02158942292 -0.00150000114 -0.03718731955
v 0.02371982889 -0.00150000114 -0.03586599765
v 0.02430806882 -0.00150000114 -0.03546995715
v 0.024889695 -0.00150000114 -0.03506427025
v 0.02689077048 -0.00150000114 -0.03355423075
v 0.02880044561 -0.00150000114 -0.03193014625
v 0.02932308929 -0.00150000114 -0.03145085725
v 0.02983775785 -0.00150000114 -0.03096301375
v 0.03159142111 -0.00150000114 -0.02917159545
v 0.03323771 -0.00150000114 -0.02728102855
v 0.03368308209 -0.00150000114 -0.02672919845
v 0.03411929174 -0.00150000114 -0.02617009665
v 0.03558637306 -0.00150000114 -0.02413731815
v 0.03693249972 -0.00150000114 -0.02202250005
v 0.03729065103 -0.00150000114 -0.02141045035
v 0.03763865763 -0.00150000114 -0.02079257845
v 0.03878638168 -0.00150000114 -0.01856384905
v 0.03980227684 -0.00150000114 -0.01627202485
v 0.04006520608 -0.00150000114 -0.01561343125
v 0.04031723958 -0.00150000114 -0.01495059375
v 0.04111996931 -0.00150000114 -0.01257569535
v 0.041782938 -0.00150000114 -0.01015805825
v 0.04194477293 -0.00150000114 -0.009467631149
v 0.04209519953 -0.00150000114 -0.008774633949
v 0.04253500357 -0.00150000114 -0.006306624149
v 0.0428302377 -0.00150000114 -0.003817176049
v 0.04288736155 -0.00150000114 -0.003110341149
v 0.04293282196 -0.00150000114 -0.002402667049
v 0.04299987517 -0.00150000114 0.0001033316509
v 0.0429207778 -0.00150000114 0.002608972551
v 0.04287191743 -0.00150000114 0.003316427151
v 0.04281139602 -0.00150000114 0.004022975751
v 0.04250420124 -0.00150000114 0.006510973151
v 0.04205254152 -0.00150000114 0.008976840351
v 0.04189878655 -0.00150000114 0.009669112351
v 0.04173363517 -0.00150000114 0.01035875205
v 0.04105905418 -0.00150000114 0.01277317765
v 0.04024491971 -0.00150000114 0.01514418225
v 0.03998970577 -0.00150000114 0.01580580295
v 0.03972361279 -0.00150000114 0.01646312245
v 0.03869671611 -0.00150000114 0.01875004125
v 0.03753829356 -0.00150000114 0.02097323525
v 0.03718731887 -0.00150000114 0.02158942265
v 0.03682623286 -0.00150000114 0.02219974495
v 0.03546995646 -0.00150000114 0.02430806855
v 0.03399312385 -0.00150000114 0.02633377505
v 0.03355423242 -0.00150000114 0.02689076785
v 0.03310621434 -0.00150000114 0.02744045535
v 0.03145085653 -0.00150000114 0.02932309135
v 0.02968860393 -0.00150000114 0.03110605875
v 0.02917159716 -0.00150000114 0.03159142085
v 0.02864665583 -0.00150000114 0.03206819035
v 0.0267291978 -0.00150000114 0.03368308185
v 0.02472089057 -0.00150000114 0.03518348455
v 0.02413731748 -0.00150000114 0.03558637275
v 0.02354717835 -0.00150000114 0.03597958115
v 0.02141044967 -0.00150000114 0.03729065075
v 0.0192009511 -0.00150000114 0.03847497685
v 0.01856384842 -0.00150000114 0.03878637905
v 0.01792170083 -0.00150000114 0.03908724305
v 0.01561343057 -0.00150000114 0.04006520345
v 0.01325209334 -0.00150000114 0.04090698855
v 0.01257569468 -0.00150000114 0.04111997145
v 0.01189587713 -0.00150000114 0.04132176775
v 0.009467635263 -0.00150000114 0.04194477025
v 0.007007207133 -0.00150000114 0.04242521755
v 0.006306623483 -0.00150000114 0.04253500325
v 0.005604323243 -0.00150000114 0.04263322095
v 0.003110345253 -0.00150000114 0.04288736125
v 0.0006057960333 -0.00150000114 0.04299573245
v -0.0001033323567 -0.00150000114 0.04299987965
v -0.0008124273467 -0.00150000114 0.04299232535
v -0.003316427797 -0.00150000114 0.04287191955
v -0.005809155557 -0.00150000114 0.04260579235
v -0.006510973847 -0.00150000114 0.04250420575
v -0.007211027817 -0.00150000114 0.04239105105
v -0.009669112967 -0.00150000114 0.04189878865
v -0.01209433426 -0.00150000114 0.04126411415
v -0.01277317358 -0.00150000114 0.04105905385
v -0.01344854151 -0.00150000114 0.04084282615
v -0.01580580358 -0.00150000114 0.03998970305
v -0.01810934493 -0.00150000114 0.03900066245
v -0.01875004188 -0.00150000114 0.03869671585
v -0.01938563665 -0.00150000114 0.03838225015
v -0.02158942331 -0.00150000114 0.03718732095
v -0.02371982451 -0.00150000114 0.03586600145
v -0.0243080692 -0.00150000114 0.03546995855
v -0.02488969538 -0.00150000114 0.03506427405
v -0.02689076848 -0.00150000114 0.03355423215
v -0.02880045076 -0.00150000114 0.03193015005
v -0.02932309206 -0.00150000114 0.03145086105
v -0.02983776062 -0.00150000114 0.03096301755
v -0.03159142149 -0.00150000114 0.02917159445
v -0.033237708 -0.00150000114 0.02728102765
v -0.03368308247 -0.00150000114 0.02672919275
v -0.03411929213 -0.00150000114 0.02617009085
v -0.03558637348 -0.00150000114 0.02413731245
v -0.03693250008 -0.00150000114 0.02202249915
v -0.03729065138 -0.00150000114 0.02141044935
v -0.03763865558 -0.00150000114 0.02079258225
v -0.03878637968 -0.00150000114 0.01856385295
v -0.03980227718 -0.00150000114 0.01627201915
v -0.04006520408 -0.00150000114 0.01561343025
v -0.04031723998 -0.00150000114 0.01495059755
v -0.04111997208 -0.00150000114 0.01257569915
v -0.04178293358 -0.00150000114 0.01015805735
v -0.04194477098 -0.00150000114 0.009467634951
v -0.04209520228 -0.00150000114 0.008774637751
v -0.04253500398 -0.00150000114 0.006306623151
v -0.04283023808 -0.00150000114 0.003817175051
v -0.04284561098 -0.00150000114 0.003640559351
v -0.04286025908 -0.00150000114 0.003463876851
v -0.04287417288 -0.00150000114 0.003287137151
v -0.04288736198 -0.0055000021 0.003110344951
v -0.04130349608 -0.0055000021 0.01195915795
v -0.03791446688 -0.0055000021 0.02028530335
v -0.03286838886 -0.0055000021 0.02772487785
v -0.02638580816 -0.0055000021 0.03395274495
v -0.01875004188 -0.0055000021 0.03869671585
v -0.01029480889 -0.0055000021 0.04174945165
v -0.001389643467 -0.0055000021 0.04297754235
v 0.007576255233 -0.0055000021 0.04232730475
v 0.01621103669 -0.0055000021 0.03982715785
v 0.02413731748 -0.0055000021 0.03558637275
v 0.03100868223 -0.0055000021 0.02979029565
v 0.03652481846 -0.0055000021 0.02269224095
v 0.0404446439 -0.0055000021 0.01460241935
v 0.04259684705 -0.0055000021 0.005874410051
v 0.04288736155 -0.0055000021 -0.003110341149
v 0.04130349331 -0.0055000021 -0.01195915885
v 0.03791446412 -0.0055000021 -0.02028529955
v 0.03286839086 -0.0055000021 -0.02772487885
v 0.02638581016 -0.0055000021 -0.03395274585
v 0.01875004626 -0.0055000021 -0.03869671675
v 0.01029481328 -0.0055000021 -0.04174945265
v 0.001389643083 -0.0055000021 -0.04297753855
v -0.007576255617 -0.0055000021 -0.04232730095
v -0.01621103231 -0.0055000021 -0.03982715635
v -0.02413731309 -0.0055000021 -0.03558637375
v -0.03100868023 -0.0055000021 -0.02979029665
v -0.03652482118 -0.0055000021 -0.02269223715
v -0.04044464668 -0.0055000021 -0.01460242025
v -0.04259684748 -0.0055000021 -0.005874410949
v 0.04288736155 -0.00150000114 -0.003110341149
v 0.04288736155 -0.0055000021 -0.003110341149
v 0.006348595533 -0.00250000019 -0.02043661725
v 0.01165123017 -0.00250000019 -0.01795017865
v 0.01608120754 -0.00250000019 -0.01411930405
v 0.01930673531 -0.00250000019 -0.009230926049
v 0.01930673531 -0.00699999828 -0.009230926049
v 0.01608120754 -0.00699999828 -0.01411930405
v 0.01165123017 -0.00699999828 -0.01795017865
v 0.006348595533 -0.00699999828 -0.02043661725
v 0.001601146163 -0.00500000019 -0.03322177655
v 0.001601146163 -0.00699999828 -0.03322177655
v 0.002044728733 -0.00699999828 -0.03595809625
v 0.003670981033 -0.00699999828 -0.03820298555
v 0.006132769533 -0.00699999828 -0.03947727125
v 0.008904633523 -0.00699999828 -0.03950895465
v 0.008904633523 -0.00500000019 -0.03950895465
v 0.006132769533 -0.00500000019 -0.03947727125
v 0.003670981033 -0.00500000019 -0.03820298555
v 0.002044728733 -0.00500000019 -0.03595809625
v -0.005591287067 -0.00150000114 -0.04253407555
v -0.006058582827 -0.00150000114 -0.04247003235
v -0.006525139497 -0.00150000114 -0.04240085605
v -0.006990914167 -0.00150000114 -0.04232655365
v -0.006990914167 0.00549999933 -0.04232655365
v -0.006525139497 0.00549999933 -0.04240085605
v -0.006058582827 0.00549999933 -0.04247003235
v -0.005591287067 0.00549999933 -0.04253407555
v 0.02860997057 -0.00250000019 -0.006085400949
v 0.02904616942 -0.00250000019 -0.003447103049
v 0.0292395985 -0.00250000019 -0.0007799903491
v 0.02918863899 -0.00250000019 0.001893640251
v 0.02918863899 -0.00500000019 0.001893640251
v 0.0292395985 -0.00500000019 -0.0007799903491
v 0.02904616942 -0.00500000019 -0.003447103049
v 0.02860997057 -0.00500000019 -0.006085400949
v -0.006348595907 -0.00250000019 0.02043662105
v -0.004262058647 -0.00250000019 0.02157847805
v -0.002783151467 -0.00250000019 0.02344135945
v -0.002144293837 -0.00250000019 0.02573250585
v -0.001893640907 -0.00250000019 0.02918864105
v 0.0007799897133 -0.00250000019 0.02923960055
v 0.003447102403 -0.00250000019 0.02904617155
v 0.006085400253 -0.00250000019 0.02860997505
v 0.005834752093 -0.00250000019 0.02515383985
v 0.006136336663 -0.00250000019 0.02279448825
v 0.007330974713 -0.00250000019 0.02073771045
v 0.009230925343 -0.00250000019 0.01930673505
v 0.01411930342 -0.00250000019 0.01608120725
v 0.01795017801 -0.00250000019 0.01165122515
v 0.02043661653 -0.00250000019 0.006348595251
v 0.02157847829 -0.00250000019 0.004262057951
v 0.02344135969 -0.00250000019 0.002783150851
v 0.02573250852 -0.00250000019 0.002144293151
v 0.02918863899 -0.00250000019 0.001893640251
v 0.0292395985 -0.00250000019 -0.0007799903491
v 0.02904616942 -0.00250000019 -0.003447103049
v 0.02860997057 -0.00250000019 -0.006085400949
v 0.0251538401 -0.00250000019 -0.005834752749
v 0.02279448852 -0.00250000019 -0.006136337349
v 0.02073771075 -0.00250000019 -0.007330975349
v 0.01930673531 -0.00250000019 -0.009230926049
v 0.01608120754 -0.00250000019 -0.01411930405
v 0.01165123017 -0.00250000019 -0.01795017865
v 0.006348595533 -0.00250000019 -0.02043661725
v 0.004262058263 -0.00250000019 -0.02157847895
v 0.002783151093 -0.00250000019 -0.02344136035
v 0.002144293453 -0.00250000019 -0.02573250685
v 0.001893640533 -0.00250000019 -0.02918863725
v -0.0007799900967 -0.00250000019 -0.02923959675
v -0.003447102787 -0.00250000019 -0.02904617245
v -0.006085400627 -0.00250000019 -0.02860997125
v -0.005834752477 -0.00250000019 -0.02515384075
v -0.006136337047 -0.00250000019 -0.02279448915
v -0.007330975087 -0.00250000019 -0.02073771145
v -0.009230925727 -0.00250000019 -0.01930673595
v -0.01411930381 -0.00250000019 -0.01608120825
v -0.01795017363 -0.00250000019 -0.01165122605
v -0.02043662168 -0.00250000019 -0.006348596149
v -0.02157847868 -0.00250000019 -0.004262054149
v -0.02344136007 -0.00250000019 -0.002783151749
v -0.02573250652 -0.00250000019 -0.002144294149
v -0.02918864176 -0.00250000019 -0.001893641149
v -0.02923960127 -0.00250000019 0.0007799894509
v -0.02904617218 -0.00250000019 0.003447102151
v -0.02860996618 -0.00250000019 0.006085399951
v -0.02515384048 -0.00250000019 0.005834751851
v -0.0227944889 -0.00250000019 0.006136336351
v -0.02073771114 -0.00250000019 0.007330974451
v -0.0193067357 -0.00250000019 0.009230925051
v -0.01608120793 -0.00250000019 0.01411930315
v -0.01165123056 -0.00250000019 0.01795017295
v -0.02658018708 -0.00250000019 0.001927688651
v -0.0258607135 -0.00250000019 0.0004428142509
v -0.02421503381 -0.00250000019 0.0003234648509
v -0.02328883725 -0.00250000019 0.001688989751
v -0.02400831084 -0.00250000019 0.003173864151
v -0.02565399052 -0.00250000019 0.003293213651
v 0.0001626598333 -0.00250000019 0.02505386575
v 0.0008821381833 -0.00250000019 0.02356898655
v 0.002527817873 -0.00250000019 0.02344963705
v 0.003454019203 -0.00250000019 0.02481515725
v 0.002734540853 -0.00250000019 0.02630003645
v 0.001088861163 -0.00250000019 0.02641938595
v 0.02328883687 -0.00250000019 -0.001688990749
v 0.02400831522 -0.00250000019 -0.003173865149
v 0.02565399013 -0.00250000019 -0.003293214649
v 0.02658018908 -0.00250000019 -0.001927689649
v 0.02586071073 -0.00250000019 -0.0004428152491
v 0.02421503343 -0.00250000019 -0.0003234657491
v -0.003454014807 -0.00250000019 -0.02481516295
v -0.002734536457 -0.00250000019 -0.02630003745
v -0.001088861547 -0.00250000019 -0.02641938685
v -0.0001626602067 -0.00250000019 -0.02505386195
v -0.0008821385667 -0.00250000019 -0.02356898745
v -0.002527818247 -0.00250000019 -0.02344963805
v -0.02084525631 -0.00250000019 0.001511772751
v -0.02036475568 -0.00250000019 -0.004699635949
v -0.01807476367 -0.00250000019 -0.01049346565
v -0.01417875237 -0.00250000019 -0.01535489945
v -0.009022892007 -0.00250000019 -0.01885198555
v -0.003065313967 -0.00250000019 -0.02067398895
v 0.003164635013 -0.00250000019 -0.02065901965
v 0.009113394653 -0.00250000019 -0.01880840415
v 0.0142523865 -0.00250000019 -0.01528658085
v 0.01812499184 -0.00250000019 -0.01040647475
v 0.02038711144 -0.00250000019 -0.004601707949
v 0.02083774503 -0.00250000019 0.001611938851
v 0.01943685833 -0.00250000019 0.007682359451
v 0.01630891633 -0.00250000019 0.01307016565
v 0.0117318587 -0.00250000019 0.01729663235
v 0.006112375763 -0.00250000019 0.01998621295
v -5.022159674e-05 -0.00250000019 0.02089993655
v -0.006208357257 -0.00250000019 0.01995660835
v -0.01181485121 -0.00250000019 0.01724004775
v -0.01637154256 -0.00250000019 0.01299163045
v -0.01947354952 -0.00250000019 0.007588850151
v 0.02043661653 -0.00250000019 0.006348595251
v 0.01795017801 -0.00250000019 0.01165122515
v 0.01411930342 -0.00250000019 0.01608120725
v 0.009230925343 -0.00250000019 0.01930673505
v 0.009230925343 -0.00699999828 0.01930673505
v 0.01411930342 -0.00699999828 0.01608120725
v 0.01795017801 -0.00699999828 0.01165122515
v 0.02043661653 -0.00699999828 0.006348595251
v -0.03781068748 -0.00500000019 0.01451213115
v -0.03781068748 -0.00699999828 0.01451213115
v -0.03817928728 -0.00699999828 0.01176469965
v -0.03727354008 -0.00699999828 0.009144805351
v -0.03528678508 -0.00699999828 0.007211663351
v -0.03264310306 -0.00699999828 0.006377899151
v -0.03264310306 -0.00500000019 0.006377899151
v -0.03528678508 -0.00500000019 0.007211663351
v -0.03727354008 -0.00500000019 0.009144805351
v -0.03817928728 -0.00500000019 0.01176469965
v -0.01994761025 0.02200000029 0.001446671751
v -0.01941834821 0.02200000029 -0.004788283049
v -0.0169882901 0.02200000029 -0.01055452755
v -0.01289529283 0.02200000029 -0.01528762505
v -0.007540014847 0.02200000029 -0.01852425755
v -0.001446672427 0.02200000029 -0.01994761055
v 0.004788282423 0.02200000029 -0.01941834845
v 0.01055452686 0.02200000029 -0.01698828565
v 0.01528762439 0.02200000029 -0.01289529315
v 0.01852425687 0.02200000029 -0.007540015149
v 0.01994760986 0.02200000029 -0.001446672749
v 0.01941835259 0.02200000029 0.004788282151
v 0.01698828971 0.02200000029 0.01055452655
v 0.01289529244 0.02200000029 0.01528762415
v 0.007540014473 0.02200000029 0.01852426135
v 0.001446672053 0.02200000029 0.01994760955
v -0.004788282807 0.02200000029 0.01941834755
v -0.01055452725 0.02200000029 0.01698828945
v -0.01528762477 0.02200000029 0.01289529215
v -0.01852426202 0.02200000029 0.007540014151
v -0.01994761025 0.01920000057 0.001446671751
v -0.01852426202 0.01920000057 0.007540014151
v -0.01528762477 0.01920000057 0.01289529215
v -0.01055452725 0.01920000057 0.01698828945
v -0.004788282807 0.01920000057 0.01941834755
v 0.001446672053 0.01920000057 0.01994760955
v 0.007540014473 0.01920000057 0.01852426135
v 0.01289529244 0.01920000057 0.01528762415
v 0.01698828971 0.01920000057 0.01055452655
v 0.01941835259 0.01920000057 0.004788282151
v 0.01994760986 0.01920000057 -0.001446672749
v 0.01852425687 0.01920000057 -0.007540015149
v 0.01528762439 0.01920000057 -0.01289529315
v 0.01055452686 0.01920000057 -0.01698828565
v 0.004788282423 0.01920000057 -0.01941834845
v -0.001446672427 0.01920000057 -0.01994761055
v -0.007540014847 0.01920000057 -0.01852425755
v -0.01289529283 0.01920000057 -0.01528762505
v -0.0169882901 0.01920000057 -0.01055452755
v -0.01941834821 0.01920000057 -0.004788283049
v 0.01994760986 0.02200000029 -0.001446672749
v 0.01994760986 0.01920000057 -0.001446672749
v -0.01745416167 0.01999999981 0.001265835651
v -0.01691946457 0.01999999981 -0.004470104349
v -0.01455127698 0.01999999981 -0.009721641349
v -0.01060623845 0.01999999981 -0.01391968965
v -0.005511843807 0.01999999981 -0.01660932365
v 0.0001798386633 0.01999999981 -0.01749907745
v 0.005852034233 0.01999999981 -0.01649253585
v 0.0108900714 0.01999999981 -0.01369877145
v 0.01474800075 0.01999999981 -0.009420534049
v 0.01700775612 0.01999999981 -0.004121433949
v 0.0174244588 0.01999999981 0.001624287651
v 0.01595294863 0.01999999981 0.007193986251
v 0.01275268578 0.01999999981 0.01198411505
v 0.008170474833 0.01999999981 0.01547557545
v 0.002702866063 0.01999999981 0.01729000755
v -0.003057641417 0.01999999981 0.01723081245
v -0.008486801017 0.01999999981 0.01530438075
v -0.01299629142 0.01999999981 0.01171949205
v -0.01609742673 0.01999999981 0.006864607251
v -0.006732319447 0.01999999981 0.0004882522509
v -0.005586232827 0.01999999981 0.003788997351
v -0.002943319207 0.01999999981 0.006074482551
v 0.0004882525533 0.01999999981 0.006732318751
v 0.003788997673 0.01999999981 0.005586232151
v 0.006074482813 0.01999999981 0.002943318551
v 0.006732319073 0.01999999981 -0.0004882532491
v 0.005586232443 0.01999999981 -0.003788998349
v 0.002943318823 0.01999999981 -0.006074483449
v -0.0004882529367 0.01999999981 -0.006732319749
v -0.003788998047 0.01999999981 -0.005586233149
v -0.006074483187 0.01999999981 -0.002943319449
v -0.04092960088 0.00549999933 0.002401653951
v -0.04090579778 0.00549999933 0.002777725951
v -0.04087854238 0.00549999933 0.003153564251
v -0.04084783478 0.00549999933 0.003529135551
v -0.04084783478 -0.00150000114 0.003529135551
v -0.04067053058 -0.00150000114 0.005187270351
v -0.04042595418 -0.00150000114 0.006836826951
v -0.04011450608 -0.00150000114 0.008475063451
v -0.04011450608 0.00549999933 0.008475063451
v -0.04003491308 0.00549999933 0.008843391751
v -0.03995194398 0.00549999933 0.009210976151
v -0.03986559898 0.00549999933 0.009577768951
v -0.03986559898 -0.00150000114 0.009577768951
v -0.03944315268 -0.00150000114 0.01119096705
v -0.03895545598 -0.00150000114 0.01278563525
v -0.03840330998 -0.00150000114 0.01435916075
v -0.03840330998 0.00549999933 0.01435916075
v -0.03826971988 0.00549999933 0.01471151505
v -0.03813289678 0.00549999933 0.01506261995
v -0.03799284078 0.00549999933 0.01541245655
v -0.03799284078 -0.00150000114 0.01541245655
v -0.03733468428 -0.00150000114 0.01694466905
v -0.03661475818 -0.00150000114 0.01844884355
v -0.03583425458 -0.00150000114 0.01992250065
v -0.03583425458 0.00549999933 0.01992250065
v -0.03564964288 0.00549999933 0.02025100365
v -0.03546200808 0.00549999933 0.02057779955
v -0.03527138818 0.00549999933 0.02090285025
v -0.03527138818 -0.00150000114 0.02090285025
v -0.03439220788 -0.00150000114 0.02231984965
v -0.03345614082 -0.00150000114 0.02369993255
v -0.03246472243 -0.00150000114 0.02504080035
v -0.03246472243 0.00549999933 0.02504080035
v -0.03223320897 0.00549999933 0.02533811825
v -0.031998968 0.00549999933 0.02563329995
v -0.03176202813 0.00549999933 0.02592631675
v -0.03176202813 -0.00150000114 0.02592631675
v -0.03068147921 -0.00150000114 0.02719645075
v -0.02955017567 -0.00150000114 0.02842159995
v -0.02836997716 -0.00150000114 0.02959973315
v -0.02836997716 0.00549999933 0.02959973315
v -0.02809674039 0.00549999933 0.02985922845
v -0.02782111942 0.00549999933 0.03011619645
v -0.02754315242 0.00549999933 0.03037061815
v -0.02754315242 -0.00150000114 0.03037061815
v -0.02628537236 -0.00150000114 0.03146552435
v -0.02498410466 -0.00150000114 0.03250837905
v -0.02364150462 -0.00150000114 0.03349745605
v -0.02364150462 0.00549999933 0.03349745605
v -0.02333263849 0.00549999933 0.03371332075
v -0.02302179826 0.00549999933 0.03392634355
v -0.02270901253 0.00549999933 0.03413650535
v -0.02270901253 -0.00150000114 0.03413650535
v -0.02130208699 -0.00150000114 0.03503171235
v -0.01985992308 -0.00150000114 0.03586897415
v -0.01838490499 -0.00150000114 0.03664689845
v -0.01838490499 0.00549999933 0.03664689845
v -0.01804731412 0.00549999933 0.03681432605
v -0.01770820689 0.00549999933 0.03697863525
v -0.01736759286 0.00549999933 0.03713982585
v -0.01736759286 -0.00150000114 0.03713982585
v -0.01584295491 -0.00150000114 0.03781535415
v -0.01429211466 -0.00150000114 0.03842831205
v -0.01271762793 -0.00150000114 0.03897770745
v -0.01271762793 0.00549999933 0.03897770745
v -0.01235885586 0.00549999933 0.03909295015
v -0.0119990395 0.00549999933 0.03920488345
v -0.01163820748 0.00549999933 0.03931350765
v -0.01163820748 -0.00150000114 0.03931350765
v -0.01002991758 -0.00150000114 0.03975425105
v -0.008405038397 -0.00150000114 0.04012922905
v -0.006766254527 -0.00150000114 0.04043783145
v -0.006766254527 0.00549999933 0.04043783145
v -0.006394312117 0.00549999933 0.04049830455
v -0.006021830867 0.00549999933 0.04055536355
v -0.005648844177 0.00549999933 0.04060899885
v -0.005648844177 -0.00150000114 0.04060899885
v -0.003992827217 -0.00150000114 0.04080511535
v -0.002330210707 -0.00150000114 0.04093373085
v -0.0006637364767 -0.00150000114 0.04099462585
v -0.0006637364767 0.00549999933 0.04099462585
v -0.0002869349867 0.00549999933 0.04099899435
v 8.989034326e-05 0.00549999933 0.04099990095
v 0.0004667061433 0.00549999933 0.04099734575
v 0.0004667061433 -0.00150000114 0.04099734575
v 0.002133452373 -0.00150000114 0.04094445795
v 0.003796670133 -0.00150000114 0.04082383055
v 0.005453608063 -0.00150000114 0.04063567355
v 0.005453608063 0.00549999933 0.04063567355
v 0.005826852433 0.00549999933 0.04058383245
v 0.006199605673 0.00549999933 0.04052856775
v 0.006571829633 0.00549999933 0.04046987925
v 0.006571829633 -0.00150000114 0.04046987925
v 0.008212078463 -0.00150000114 0.04016915995
v 0.009838742313 -0.00150000114 0.03980199825
v 0.01144913182 -0.00150000114 0.03936899475
v 0.01144913182 0.00549999933 0.03936899475
v 0.01181047921 0.00549999933 0.03926209805
v 0.01217083001 0.00549999933 0.03915189205
v 0.01253015085 0.00549999933 0.03903838635
v 0.01253015085 -0.00150000114 0.03903838635
v 0.01410726209 -0.00150000114 0.03849655915
v 0.01566103227 -0.00150000114 0.03789105495
v 0.01718889599 -0.00150000114 0.03722286575
v 0.01718889599 0.00549999933 0.03722286575
v 0.0175302783 0.00549999933 0.03706331655
v 0.01787017764 0.00549999933 0.03690062985
v 0.01820857019 0.00549999933 0.03673483425
v 0.01820857019 -0.00150000114 0.03673483425
v 0.01968731033 -0.00150000114 0.03596401045
v 0.02113348259 -0.00150000114 0.03513368695
v 0.02254469326 -0.00150000114 0.03424524635
v 0.02254469326 0.00549999933 0.03424524635
v 0.02285848109 0.00549999933 0.03403659255
v 0.02317033773 0.00549999933 0.03382506815
v 0.02348023934 0.00549999933 0.03361069225
v 0.02348023934 -0.00150000114 0.03361069225
v 0.02482757307 -0.00150000114 0.03262807625
v 0.02613384167 -0.00150000114 0.03159149175
v 0.02739687554 -0.00150000114 0.03050264585
v 0.02739687554 0.00549999933 0.03050264585
v 0.02767606176 0.00549999933 0.03024956025
v 0.02795290909 0.00549999933 0.02999391885
v 0.02822739609 0.00549999933 0.02973574065
v 0.02822739609 -0.00150000114 0.02973574065
v 0.02941323494 -0.00150000114 0.02856329545
v 0.03055041502 -0.00150000114 0.02734359575
v 0.0316370576 -0.00150000114 0.02607866305
v 0.0316370576 0.00549999933 0.02607866305
v 0.03187540516 0.00549999933 0.02578679145
v 0.0321110586 0.00549999933 0.02549274545
v 0.03234400123 0.00549999933 0.02519654415
v 0.03234400123 -0.00150000114 0.02519654415
v 0.03334185208 -0.00150000114 0.02386044825
v 0.03428454487 -0.00150000114 0.02248488915
v 0.03517052033 -0.00150000114 0.02107212705
v 0.03517052033 0.00549999933 0.02107212705
v 0.03536270534 0.00549999933 0.02074799255
v 0.03555190059 0.00549999933 0.02042210335
v 0.03573809416 0.00549999933 0.02009448795
v 0.03573809416 -0.00150000114 0.02009448795
v 0.03652566483 -0.00150000114 0.01862460065
v 0.03725281314 -0.00150000114 0.01712389995
v 0.03791833267 -0.00150000114 0.01559487515
v 0.03791833267 0.00549999933 0.01559487515
v 0.03806006121 0.00549999933 0.01524571615
v 0.03819857348 0.00549999933 0.01489526965
v 0.03833385757 0.00549999933 0.01454356435
v 0.03833385757 -0.00150000114 0.01454356435
v 0.03889355748 -0.00150000114 0.01297271115
v 0.0393889154 -0.00150000114 0.01138040015
v 0.03981911118 -0.00150000114 0.009769253951
v 0.03981911118 0.00549999933 0.009769253951
v 0.03990721702 0.00549999933 0.009402881051
v 0.03999195163 0.00549999933 0.009035697551
v 0.04007330785 0.00549999933 0.008667760651
v 0.04007330785 -0.00150000114 0.008667760651
v 0.04039262949 -0.00150000114 0.007031036651
v 0.04064513196 -0.00150000114 0.005382677851
v 0.04083039803 -0.00150000114 0.003725411551
v 0.04083039803 0.00549999933 0.003725411551
v 0.04086291183 0.00549999933 0.003349992951
v 0.04089197571 0.00549999933 0.002974288251
v 0.04091758491 0.00549999933 0.002598335551
v 0.04091758491 -0.00150000114 0.002598335551
v 0.04098939951 -0.00150000114 0.0009322952509
v 0.04099340787 -0.00150000114 -0.0007352853491
v 0.04092960045 -0.00150000114 -0.002401650149
v 0.04092960045 0.00549999933 -0.002401650149
v 0.0409057974 0.00549999933 -0.002777726849
v 0.04087853966 0.00549999933 -0.003153565149
v 0.04084782962 0.00549999933 -0.003529136449
v 0.04084782962 -0.00150000114 -0.003529136449
v 0.04067053255 -0.00150000114 -0.005187271249
v 0.04042595613 -0.00150000114 -0.006836823049
v 0.0401145009 -0.00150000114 -0.008475069249
v 0.0401145009 0.00549999933 -0.008475069249
v 0.04003491504 0.00549999933 -0.008843392649
v 0.03995194602 0.00549999933 -0.009210972249
v 0.03986560337 0.00549999933 -0.009577774649
v 0.03986560337 -0.00150000114 -0.009577774649
v 0.03944315471 -0.00150000114 -0.01119096315
v 0.03895545561 -0.00150000114 -0.01278564105
v 0.03840331194 -0.00150000114 -0.01435916645
v 0.03840331194 0.00549999933 -0.01435916645
v 0.03826971948 0.00549999933 -0.01471151595
v 0.03813289167 0.00549999933 -0.01506262095
v 0.03799284521 0.00549999933 -0.01541245755
v 0.03799284521 -0.00150000114 -0.01541245755
v 0.03733467911 -0.00150000114 -0.01694466525
v 0.03661475301 -0.00150000114 -0.01844884455
v 0.03583425661 -0.00150000114 -0.01992250165
v 0.03583425661 0.00549999933 -0.01992250165
v 0.03564964014 0.00549999933 -0.02025100455
v 0.03546201245 0.00549999933 -0.02057779575
v 0.03527138783 0.00549999933 -0.02090285115
v 0.03527138783 -0.00150000114 -0.02090285115
v 0.03439221227 -0.00150000114 -0.02231985545
v 0.03345614043 -0.00150000114 -0.02369992865
v 0.03246472442 -0.00150000114 -0.02504080125
v 0.03246472442 0.00549999933 -0.02504080125
v 0.03223320859 0.00549999933 -0.02533811925
v 0.03199897 0.00549999933 -0.02563330085
v 0.03176202775 0.00549999933 -0.02592631295
v 0.03176202775 -0.00150000114 -0.02592631295
v 0.03068147645 -0.00150000114 -0.02719645175
v 0.02955017052 -0.00150000114 -0.02842160095
v 0.02836998154 -0.00150000114 -0.02959973415
v 0.02836998154 0.00549999933 -0.02959973415
v 0.02809673762 0.00549999933 -0.02985922465
v 0.02782112142 0.00549999933 -0.03011619735
v 0.02754315442 0.00549999933 -0.03037061915
v 0.02754315442 -0.00150000114 -0.03037061915
v 0.02628536959 -0.00150000114 -0.03146552525
v 0.0249840995 -0.00150000114 -0.03250837995
v 0.02364149946 -0.00150000114 -0.03349745465
v 0.02364149946 0.00549999933 -0.03349745465
v 0.02333263334 0.00549999933 -0.03371332415
v 0.02302179788 0.00549999933 -0.03392634455
v 0.02270901691 0.00549999933 -0.03413650155
v 0.02270901691 -0.00150000114 -0.03413650155
v 0.02130209137 -0.00150000114 -0.03503171325
v 0.01985992747 -0.00150000114 -0.03586897515
v 0.01838490938 -0.00150000114 -0.03664689935
v 0.01838490938 0.00549999933 -0.03664689935
v 0.0180473185 0.00549999933 -0.03681432225
v 0.01770820174 0.00549999933 -0.03697863615
v 0.01736759247 0.00549999933 -0.03713982685
v 0.01736759247 -0.00150000114 -0.03713982685
v 0.0158429593 -0.00150000114 -0.03781535035
v 0.01429211427 -0.00150000114 -0.03842831775
v 0.01271762755 -0.00150000114 -0.03897771085
v 0.01271762755 0.00549999933 -0.03897771085
v 0.01235885547 0.00549999933 -0.03909295105
v 0.01199903912 0.00549999933 -0.03920488685
v 0.0116382071 0.00549999933 -0.03931351095
v 0.0116382071 -0.00150000114 -0.03931351095
v 0.0100299172 -0.00150000114 -0.03975425435
v 0.008405038023 -0.00150000114 -0.04012923245
v 0.006766254153 -0.00150000114 -0.04043782765
v 0.006766254153 0.00549999933 -0.04043782765
v 0.006394311743 0.00549999933 -0.04049830555
v 0.006021830493 0.00549999933 -0.04055536455
v 0.005648843793 0.00549999933 -0.04060899745
v 0.005648843793 -0.00150000114 -0.04060899745
v 0.003992826833 -0.00150000114 -0.04080511395
v 0.002330210333 -0.00150000114 -0.04093372935
v 0.0006637360933 -0.00150000114 -0.04099462675
v 0.0006637360933 0.00549999933 -0.04099462675
v 0.0002869346133 0.00549999933 -0.04099899525
v -8.989071674e-05 0.00549999933 -0.04099990195
v -0.0004667065167 0.00549999933 -0.04099734435
v -0.0004667065167 -0.00150000114 -0.04099734435
v -0.002133452747 -0.00150000114 -0.04094445415
v -0.003796670507 -0.00150000114 -0.04082383395
v -0.005453608437 -0.00150000114 -0.04063567685
v -0.005453608437 0.00549999933 -0.04063567685
v -0.005826852817 0.00549999933 -0.04058383815
v -0.006199606057 0.00549999933 -0.04052856865
v -0.006571830007 0.00549999933 -0.04046987785
v -0.006571830007 -0.00150000114 -0.04046987785
v -0.008212078837 -0.00150000114 -0.04016916575
v -0.009838742687 -0.00150000114 -0.03980199915
v -0.01144913221 -0.00150000114 -0.03936899095
v -0.01144913221 0.00549999933 -0.03936899095
v -0.01181047959 0.00549999933 -0.03926210135
v -0.0121708304 0.00549999933 -0.03915189545
v -0.01253015124 0.00549999933 -0.03903838255
v -0.01253015124 -0.00150000114 -0.03903838255
v -0.01410726248 -0.00150000114 -0.03849656245
v -0.01566103265 -0.00150000114 -0.03789105585
v -0.01718889637 -0.00150000114 -0.03722286665
v -0.01718889637 0.00549999933 -0.03722286665
v -0.01753027391 0.00549999933 -0.03706331515
v -0.0178701828 0.00549999933 -0.03690063325
v -0.01820856581 0.00549999933 -0.03673483515
v -0.01820856581 -0.00150000114 -0.03673483515
v -0.01968730595 -0.00150000114 -0.03596400905
v -0.02113347821 -0.00150000114 -0.03513368785
v -0.02254468888 -0.00150000114 -0.03424524735
v -0.02254468888 0.00549999933 -0.03424524735
v -0.0228584767 0.00549999933 -0.03403659825
v -0.02317033811 0.00549999933 -0.03382507145
v -0.02348023496 0.00549999933 -0.03361069075
v -0.02348023496 -0.00150000114 -0.03361069075
v -0.02482757822 -0.00150000114 -0.03262807725
v -0.02613383729 -0.00150000114 -0.03159149275
v -0.02739687593 -0.00150000114 -0.03050264205
v -0.02739687593 0.00549999933 -0.03050264205
v -0.02767606453 0.00549999933 -0.03024955645
v -0.02795290709 0.00549999933 -0.02999391505
v -0.02822739409 0.00549999933 -0.02973573675
v -0.02822739409 -0.00150000114 -0.02973573675
v -0.02941323294 -0.00150000114 -0.02856329165
v -0.03055041541 -0.00150000114 -0.02734359185
v -0.03163705321 -0.00150000114 -0.02607866405
v -0.03163705321 0.00549999933 -0.02607866405
v -0.03187540555 0.00549999933 -0.02578679245
v -0.03211105899 0.00549999933 -0.02549274165
v -0.032344004 0.00549999933 -0.02519654035
v -0.032344004 -0.00150000114 -0.02519654035
v -0.03334185485 -0.00150000114 -0.02386044915
v -0.03428454525 -0.00150000114 -0.02248488535
v -0.03517052068 -0.00150000114 -0.02107212805
v -0.03517052068 0.00549999933 -0.02107212805
v -0.03536270568 0.00549999933 -0.02074799355
v -0.03555190578 0.00549999933 -0.02042210425
v -0.03573809218 0.00549999933 -0.02009449365
v -0.03573809218 -0.00150000114 -0.02009449365
v -0.03652566758 -0.00150000114 -0.01862460155
v -0.03725280878 -0.00150000114 -0.01712390095
v -0.03791833308 -0.00150000114 -0.01559487605
v -0.03791833308 0.00549999933 -0.01559487605
v -0.03806005918 0.00549999933 -0.01524571705
v -0.03819857148 0.00549999933 -0.01489527065
v -0.03833386038 0.00549999933 -0.01454356535
v -0.03833386038 -0.00150000114 -0.01454356535
v -0.03889355548 -0.00150000114 -0.01297271215
v -0.03938891578 -0.00150000114 -0.01138039635
v -0.03981911158 -0.00150000114 -0.009769259749
v -0.03981911158 0.00549999933 -0.009769259749
v -0.03990721268 0.00549999933 -0.009402877249
v -0.03999194728 0.00549999933 -0.009035698549
v -0.04007330588 0.00549999933 -0.008667761549
v -0.04007330588 -0.00150000114 -0.008667761549
v -0.04039262748 -0.00150000114 -0.007031032849
v -0.04064513478 -0.00150000114 -0.005382674049
v -0.04083039838 -0.00150000114 -0.003725412449
v -0.04083039838 0.00549999933 -0.003725412449
v -0.04086290978 0.00549999933 -0.003349993849
v -0.04089197848 0.00549999933 -0.002974289149
v -0.04091758528 0.00549999933 -0.002598331749
v -0.04091758528 -0.00150000114 -0.002598331749
v -0.04098939988 -0.00150000114 -0.0009322962491
v -0.04099340828 -0.00150000114 0.0007352891509
v -0.04092960088 -0.00150000114 0.002401653951
v -0.04089259928 -0.00500000019 0.002965676051
v -0.04057408508 -0.00500000019 -0.005894358349
v -0.03835836988 -0.00500000019 -0.01447878225
v -0.03434907103 -0.00500000019 -0.02238619445
v -0.02873363388 -0.00500000019 -0.02924685085
v -0.02177465322 -0.00500000019 -0.03473995745
v -0.01379750886 -0.00500000019 -0.03860866155
v -0.005175206997 -0.00500000019 -0.04067207105
v 0.003689076843 -0.00500000019 -0.04083369605
v 0.01238086626 -0.00500000019 -0.03908598445
v 0.02049373879 -0.00500000019 -0.03551065475
v 0.02764834929 -0.00500000019 -0.03027488915
v 0.03351015164 -0.00500000019 -0.02362350115
v 0.037805058 -0.00500000019 -0.01586750355
v 0.04033223949 -0.00500000019 -0.007369560049
v 0.04097353181 -0.00500000019 0.001472976151
v 0.03969894737 -0.00500000019 0.01024663455
v 0.03656808441 -0.00500000019 0.01854117325
v 0.03172733737 -0.00500000019 0.02596875225
v 0.0254030567 -0.00500000019 0.03218205335
v 0.01789095823 -0.00500000019 0.03689056865
v 0.009542292523 -0.00500000019 0.03987411455
v 0.0007474440233 -0.00500000019 0.04099318825
v -0.008082353277 -0.00500000019 0.04019547185
v -0.01653422522 -0.00500000019 0.03751825485
v -0.02421298369 -0.00500000019 0.03308672665
v -0.03075956591 -0.00500000019 0.02710810225
v -0.03586786198 -0.00500000019 0.01986193275
v -0.03929902478 -0.00500000019 0.01168704005
v 0.04087853966 0.00549999933 -0.003153565149
v 0.04033223949 -0.00500000019 -0.007369560049
v 0.04084782962 -0.00150000114 -0.003529136449
v 0.002144293453 -0.00250000019 -0.02573250685
v 0.002783151093 -0.00250000019 -0.02344136035
v 0.004262058263 -0.00250000019 -0.02157847895
v 0.006348595533 -0.00250000019 -0.02043661725
v 0.006348595533 -0.00699999828 -0.02043661725
v 0.004262058263 -0.00699999828 -0.02157847895
v 0.002783151093 -0.00699999828 -0.02344136035
v 0.002144293453 -0.00699999828 -0.02573250685
v 0.001893640533 -0.00250000019 -0.02918863725
v 0.002144293453 -0.00250000019 -0.02573250685
v 0.002144293453 -0.00699999828 -0.02573250685
v 0.001601146163 -0.00699999828 -0.03322177655
v 0.001601146163 -0.00500000019 -0.03322177655
v 0.001893640533 -0.00500000019 -0.02918863725
v -0.04288736198 -0.00150000114 0.003110344951
v -0.04287417288 -0.00150000114 0.003287137151
v -0.04286025908 -0.00150000114 0.003463876851
v -0.04284561098 -0.00150000114 0.003640559351
v -0.04283023808 -0.00150000114 0.003817175051
v -0.04253500398 -0.00150000114 0.006306623151
v -0.04209520228 -0.00150000114 0.008774637751
v -0.04194477098 -0.00150000114 0.009467634951
v -0.04178293358 -0.00150000114 0.01015805735
v -0.04111997208 -0.00150000114 0.01257569915
v -0.04031723998 -0.00150000114 0.01495059755
v -0.04006520408 -0.00150000114 0.01561343025
v -0.03980227718 -0.00150000114 0.01627201915
v -0.03878637968 -0.00150000114 0.01856385295
v -0.03763865558 -0.00150000114 0.02079258225
v -0.03729065138 -0.00150000114 0.02141044935
v -0.03693250008 -0.00150000114 0.02202249915
v -0.03558637348 -0.00150000114 0.02413731245
v -0.03411929213 -0.00150000114 0.02617009085
v -0.03368308247 -0.00150000114 0.02672919275
v -0.033237708 -0.00150000114 0.02728102765
v -0.03159142149 -0.00150000114 0.02917159445
v -0.02983776062 -0.00150000114 0.03096301755
v -0.02932309206 -0.00150000114 0.03145086105
v -0.02880045076 -0.00150000114 0.03193015005
v -0.02689076848 -0.00150000114 0.03355423215
v -0.02488969538 -0.00150000114 0.03506427405
v -0.0243080692 -0.00150000114 0.03546995855
v -0.02371982451 -0.00150000114 0.03586600145
v -0.02158942331 -0.00150000114 0.03718732095
v -0.01938563665 -0.00150000114 0.03838225015
v -0.01875004188 -0.00150000114 0.03869671585
v -0.01810934493 -0.00150000114 0.03900066245
v -0.01580580358 -0.00150000114 0.03998970305
v -0.01344854151 -0.00150000114 0.04084282615
v -0.01277317358 -0.00150000114 0.04105905385
v -0.01209433426 -0.00150000114 0.04126411415
v -0.009669112967 -0.00150000114 0.04189878865
v -0.007211027817 -0.00150000114 0.04239105105
v -0.006510973847 -0.00150000114 0.04250420575
v -0.005809155557 -0.00150000114 0.04260579235
v -0.003316427797 -0.00150000114 0.04287191955
v -0.0008124273467 -0.00150000114 0.04299232535
v -0.0001033323567 -0.00150000114 0.04299987965
v 0.0006057960333 -0.00150000114 0.04299573245
v 0.003110345253 -0.00150000114 0.04288736125
v 0.005604323243 -0.00150000114 0.04263322095
v 0.006306623483 -0.00150000114 0.04253500325
v 0.007007207133 -0.00150000114 0.04242521755
v 0.009467635263 -0.00150000114 0.04194477025
v 0.01189587713 -0.00150000114 0.04132176775
v 0.01257569468 -0.00150000114 0.04111997145
v 0.01325209334 -0.00150000114 0.04090698855
v 0.01561343057 -0.00150000114 0.04006520345
v 0.01792170083 -0.00150000114 0.03908724305
v 0.01856384842 -0.00150000114 0.03878637905
v 0.0192009511 -0.00150000114 0.03847497685
v 0.02141044967 -0.00150000114 0.03729065075
v 0.02354717835 -0.00150000114 0.03597958115
v 0.02413731748 -0.00150000114 0.03558637275
v 0.02472089057 -0.00150000114 0.03518348455
v 0.0267291978 -0.00150000114 0.03368308185
v 0.02864665583 -0.00150000114 0.03206819035
v 0.02917159716 -0.00150000114 0.03159142085
v 0.02968860393 -0.00150000114 0.03110605875
v 0.03145085653 -0.00150000114 0.02932309135
v 0.03310621434 -0.00150000114 0.02744045535
v 0.03355423242 -0.00150000114 0.02689076785
v 0.03399312385 -0.00150000114 0.02633377505
v 0.03546995646 -0.00150000114 0.02430806855
v 0.03682623286 -0.00150000114 0.02219974495
v 0.03718731887 -0.00150000114 0.02158942265
v 0.03753829356 -0.00150000114 0.02097323525
v 0.03869671611 -0.00150000114 0.01875004125
v 0.03972361279 -0.00150000114 0.01646312245
v 0.03998970577 -0.00150000114 0.01580580295
v 0.04024491971 -0.00150000114 0.01514418225
v 0.04105905418 -0.00150000114 0.01277317765
v 0.04173363517 -0.00150000114 0.01035875205
v 0.04189878655 -0.00150000114 0.009669112351
v 0.04205254152 -0.00150000114 0.008976840351
v 0.04250420124 -0.00150000114 0.006510973151
v 0.04281139602 -0.00150000114 0.004022975751
v 0.04287191743 -0.00150000114 0.003316427151
v 0.0429207778 -0.00150000114 0.002608972551
v 0.04299987517 -0.00150000114 0.0001033316509
v 0.04293282196 -0.00150000114 -0.002402667049
v 0.04288736155 -0.00150000114 -0.003110341149
v 0.0428302377 -0.00150000114 -0.003817176049
v 0.04253500357 -0.00150000114 -0.006306624149
v 0.04209519953 -0.00150000114 -0.008774633949
v 0.04194477293 -0.00150000114 -0.009467631149
v 0.041782938 -0.00150000114 -0.01015805825
v 0.04111996931 -0.00150000114 -0.01257569535
v 0.04031723958 -0.00150000114 -0.01495059375
v 0.04006520608 -0.00150000114 -0.01561343125
v 0.03980227684 -0.00150000114 -0.01627202485
v 0.03878638168 -0.00150000114 -0.01856384905
v 0.03763865763 -0.00150000114 -0.02079257845
v 0.03729065103 -0.00150000114 -0.02141045035
v 0.03693249972 -0.00150000114 -0.02202250005
v 0.03558637306 -0.00150000114 -0.02413731815
v 0.03411929174 -0.00150000114 -0.02617009665
v 0.03368308209 -0.00150000114 -0.02672919845
v 0.03323771 -0.00150000114 -0.02728102855
v 0.03159142111 -0.00150000114 -0.02917159545
v 0.02983775785 -0.00150000114 -0.03096301375
v 0.02932308929 -0.00150000114 -0.03145085725
v 0.02880044561 -0.00150000114 -0.03193014625
v 0.02689077048 -0.00150000114 -0.03355423075
v 0.024889695 -0.00150000114 -0.03506427025
v 0.02430806882 -0.00150000114 -0.03546995715
v 0.02371982889 -0.00150000114 -0.03586599765
v 0.02158942292 -0.00150000114 -0.03718731955
v 0.01938564103 -0.00150000114 -0.03838224635
v 0.01875004626 -0.00150000114 -0.03869671675
v 0.01810934932 -0.00150000114 -0.03900066105
v 0.01580580796 -0.00150000114 -0.03998970405
v 0.01344854112 -0.00150000114 -0.04084282945
v 0.01277317319 -0.00150000114 -0.04105905485
v 0.01209433387 -0.00150000114 -0.04126411275
v 0.009669112593 -0.00150000114 -0.04189878725
v 0.007211027443 -0.00150000114 -0.04239104965
v 0.006510973473 -0.00150000114 -0.04250420195
v 0.005809155183 -0.00150000114 -0.04260579565
v 0.003316427413 -0.00150000114 -0.04287191815
v 0.0008124269633 -0.00150000114 -0.04299232385
v 0.0001033319733 -0.00150000114 -0.04299987585
v -0.0006057964067 -0.00150000114 -0.04299573335
v -0.003110345627 -0.00150000114 -0.04288736225
v -0.005604318857 -0.00150000114 -0.04263322195
v -0.006306623867 -0.00150000114 -0.04253500425
v -0.007007207517 -0.00150000114 -0.04242521605
v -0.009467630877 -0.00150000114 -0.04194477125
v -0.01189587752 -0.00150000114 -0.04132176385
v -0.01257569507 -0.00150000114 -0.04111996995
v -0.01325209372 -0.00150000114 -0.04090699185
v -0.01561343095 -0.00150000114 -0.04006520675
v -0.01792169645 -0.00150000114 -0.03908724405
v -0.01856385358 -0.00150000114 -0.03878638235
v -0.01920094671 -0.00150000114 -0.03847497305
v -0.02141045006 -0.00150000114 -0.03729064935
v -0.02354717874 -0.00150000114 -0.03597958215
v -0.02413731309 -0.00150000114 -0.03558637375
v -0.02472088619 -0.00150000114 -0.03518348555
v -0.02672919342 -0.00150000114 -0.03368308275
v -0.02864665383 -0.00150000114 -0.03206819605
v -0.02917159516 -0.00150000114 -0.03159142175
v -0.02968860193 -0.00150000114 -0.03110605965
v -0.03145086168 -0.00150000114 -0.02932308755
v -0.03310621472 -0.00150000114 -0.02744045635
v -0.0335542328 -0.00150000114 -0.02689076875
v -0.03399312424 -0.00150000114 -0.02633377125
v -0.03546995928 -0.00150000114 -0.02430806945
v -0.03682623088 -0.00150000114 -0.02219974595
v -0.03718732168 -0.00150000114 -0.02158942355
v -0.03753829398 -0.00150000114 -0.02097323135
v -0.03869671648 -0.00150000114 -0.01875004215
v -0.03972361798 -0.00150000114 -0.01646312815
v -0.03998970378 -0.00150000114 -0.01580580385
v -0.04024491768 -0.00150000114 -0.01514418795
v -0.04105905458 -0.00150000114 -0.01277317385
v -0.04173363078 -0.00150000114 -0.01035874825
v -0.04189878928 -0.00150000114 -0.009669113249
v -0.04205254188 -0.00150000114 -0.008976846149
v -0.04250420638 -0.00150000114 -0.006510974149
v -0.04281139878 -0.00150000114 -0.004022976649
v -0.04287192018 -0.00150000114 -0.003316428049
v -0.04292077818 -0.00150000114 -0.002608973449
v -0.04299988028 -0.00150000114 -0.0001033278491
v -0.04293282238 -0.00150000114 0.002402666051
v -0.04291154648 -0.00150000114 0.002756598551
v 0.03316041459 -0.00150000114 -0.02721758555
v 0.033457648 -0.00150000114 -0.02685136455
v 0.03375083545 -0.00150000114 -0.02648190105
v 0.03403994593 -0.00150000114 -0.02610923325
v 0.03246472442 -0.00150000114 -0.02504080125
v 0.03345614043 -0.00150000114 -0.02369992865
v 0.03439221227 -0.00150000114 -0.02231985545
v 0.03527138783 -0.00150000114 -0.02090285115
v 0.03684660933 -0.00150000114 -0.02197128315
v 0.03708594034 -0.00150000114 -0.02156485535
v 0.03732078908 -0.00150000114 -0.02115581925
v 0.03755112693 -0.00150000114 -0.02074422735
v 0.03583425661 -0.00150000114 -0.01992250165
v 0.03661475301 -0.00150000114 -0.01844884455
v 0.03733467911 -0.00150000114 -0.01694466525
v 0.03799284521 -0.00150000114 -0.01541245755
v 0.03970971315 -0.00150000114 -0.01623418325
v 0.03988579642 -0.00150000114 -0.01579662285
v 0.04005705887 -0.00150000114 -0.01535715035
v 0.04022347903 -0.00150000114 -0.01491582295
v 0.03840331194 -0.00150000114 -0.01435916645
v 0.03895545561 -0.00150000114 -0.01278564105
v 0.03944315471 -0.00150000114 -0.01119096315
v 0.03986560337 -0.00150000114 -0.009577774649
v 0.04168576808 -0.00150000114 -0.01013443115
v 0.04179466973 -0.00150000114 -0.009675518149
v 0.04189851928 -0.00150000114 -0.009215427349
v 0.04199730244 -0.00150000114 -0.008754230249
v 0.0401145009 -0.00150000114 -0.008475069249
v 0.04042595613 -0.00150000114 -0.006836823049
v 0.04067053255 -0.00150000114 -0.005187271249
v 0.04084782962 -0.00150000114 -0.003529136449
v 0.04273063117 -0.00150000114 -0.003808297549
v 0.04276991934 -0.00150000114 -0.003338274249
v 0.04280403621 -0.00150000114 -0.002867850549
v 0.04283297702 -0.00150000114 -0.002397078649
v 0.04092960045 -0.00150000114 -0.002401650149
v 0.04099340787 -0.00150000114 -0.0007352853491
v 0.04098939951 -0.00150000114 0.0009322952509
v 0.04091758491 -0.00150000114 0.002598335551
v 0.04282096387 -0.00150000114 0.002602906951
v 0.04278975882 -0.00150000114 0.003073535651
v 0.04275338009 -0.00150000114 0.003543792451
v 0.04271183482 -0.00150000114 0.004013619951
v 0.04083039803 -0.00150000114 0.003725411551
v 0.04064513196 -0.00150000114 0.005382677851
v 0.04039262949 -0.00150000114 0.007031036651
v 0.04007330785 -0.00150000114 0.008667760651
v 0.04195474464 -0.00150000114 0.008955964251
v 0.04185374495 -0.00150000114 0.009416684151
v 0.04174768603 -0.00150000114 0.009876269151
v 0.04163657978 -0.00150000114 0.01033466205
v 0.03981911118 -0.00150000114 0.009769253951
v 0.0393889154 -0.00150000114 0.01138040015
v 0.03889355748 -0.00150000114 0.01297271115
v 0.03833385757 -0.00150000114 0.01454356435
v 0.04015132617 -0.00150000114 0.01510897245
v 0.03998278969 -0.00150000114 0.01554949335
v 0.0398094157 -0.00150000114 0.01598813555
v 0.03963123281 -0.00150000114 0.01642484185
v 0.03791833267 -0.00150000114 0.01559487515
v 0.03725281314 -0.00150000114 0.01712389995
v 0.03652566483 -0.00150000114 0.01862460065
v 0.03573809416 -0.00150000114 0.02009448795
v 0.03745099429 -0.00150000114 0.02092445465
v 0.03721868328 -0.00150000114 0.02133494425
v 0.03698187093 -0.00150000114 0.02174283985
v 0.03674059061 -0.00150000114 0.02214811285
v 0.03517052033 -0.00150000114 0.02107212705
v 0.03428454487 -0.00150000114 0.02248488915
v 0.03334185208 -0.00150000114 0.02386044825
v 0.03234400123 -0.00150000114 0.02519654415
v 0.03391406913 -0.00150000114 0.02627252995
v 0.03362317397 -0.00150000114 0.02664380445
v 0.03332821139 -0.00150000114 0.02701185545
v 0.03302922194 -0.00150000114 0.02737664485
v 0.0316370576 -0.00150000114 0.02607866305
v 0.03055041502 -0.00150000114 0.02734359575
v 0.02941323494 -0.00150000114 0.02856329545
v 0.02822739609 -0.00150000114 0.02973574065
v 0.02961956042 -0.00150000114 0.03103372245
v 0.02927657804 -0.00150000114 0.03135748465
v 0.02893005515 -0.00150000114 0.03167747045
v 0.02858003704 -0.00150000114 0.03199361285
v 0.02739687554 -0.00150000114 0.03050264585
v 0.02613384167 -0.00150000114 0.03159149175
v 0.02482757307 -0.00150000114 0.03262807625
v 0.02348023934 -0.00150000114 0.03361069225
v 0.02466339846 -0.00150000114 0.03510165915
v 0.02427599164 -0.00150000114 0.03537069955
v 0.02388564751 -0.00150000114 0.03563545795
v 0.02349241852 -0.00150000114 0.03589590575
v 0.02254469326 -0.00150000114 0.03424524635
v 0.02113348259 -0.00150000114 0.03513368695
v 0.01968731033 -0.00150000114 0.03596401045
v 0.01820857019 -0.00150000114 0.03673483425
v 0.01915629545 -0.00150000114 0.03838549355
v 0.01873312118 -0.00150000114 0.03859378475
v 0.01830767718 -0.00150000114 0.03879741255
v 0.01788002065 -0.00150000114 0.03899634825
v 0.01718889599 -0.00150000114 0.03722286575
v 0.01566103227 -0.00150000114 0.03789105495
v 0.01410726209 -0.00150000114 0.03849655915
v 0.01253015085 -0.00150000114 0.03903838635
v 0.01322127552 -0.00150000114 0.04081185945
v 0.01277177995 -0.00150000114 0.04095474765
v 0.01232073944 -0.00150000114 0.04109269585
v 0.01186821121 -0.00150000114 0.04122566585
v 0.01144913182 -0.00150000114 0.03936899475
v 0.009838742313 -0.00150000114 0.03980199825
v 0.008212078463 -0.00150000114 0.04016915995
v 0.006571829633 -0.00150000114 0.04046987925
v 0.006990913783 -0.00150000114 0.04232655035
v 0.006525143883 -0.00150000114 0.04240085985
v 0.006058582443 -0.00150000114 0.04247002905
v 0.005591286693 -0.00150000114 0.04253407695
v 0.005453608063 -0.00150000114 0.04063567355
v 0.003796670133 -0.00150000114 0.04082383055
v 0.002133452373 -0.00150000114 0.04094445795
v 0.0004667061433 -0.00150000114 0.04099734575
v 0.0006043847733 -0.00150000114 0.04289573965
v 0.0001327403633 -0.00150000114 0.04289979195
v -0.0003389183467 -0.00150000114 0.04289866575
v -0.0008105388867 -0.00150000114 0.04289234205
v -0.0006637364767 -0.00150000114 0.04099462585
v -0.002330210707 -0.00150000114 0.04093373085
v -0.003992827217 -0.00150000114 0.04080511535
v -0.005648844177 -0.00150000114 0.04060899885
v -0.005795641827 -0.00150000114 0.04250671515
v -0.006262622637 -0.00150000114 0.04244042445
v -0.006728845277 -0.00150000114 0.04236900295
v -0.007194257287 -0.00150000114 0.04229246975
v -0.006766254527 -0.00150000114 0.04043783145
v -0.008405038397 -0.00150000114 0.04012922905
v -0.01002991758 -0.00150000114 0.03975425105
v -0.01163820748 -0.00150000114 0.03931350765
v -0.01206620546 -0.00150000114 0.04116814595
v -0.01251809426 -0.00150000114 0.04103299995
v -0.01296846195 -0.00150000114 0.04089289485
v -0.01341726559 -0.00150000114 0.04074784975
v -0.01271762793 -0.00150000114 0.03897770745
v -0.01429211466 -0.00150000114 0.03842831205
v -0.01584295491 -0.00150000114 0.03781535415
v -0.01736759286 -0.00150000114 0.03713982585
v -0.01806723051 -0.00150000114 0.03890995865
v -0.01849392312 -0.00150000114 0.03870897095
v -0.01891838413 -0.00150000114 0.03850331035
v -0.01934055631 -0.00150000114 0.03829298635
v -0.01838490499 -0.00150000114 0.03664689845
v -0.01985992308 -0.00150000114 0.03586897415
v -0.02130208699 -0.00150000114 0.03503171235
v -0.02270901253 -0.00150000114 0.03413650535
v -0.02366466384 -0.00150000114 0.03578258365
v -0.0240566426 -0.00150000114 0.03552024625
v -0.0244457031 -0.00150000114 0.03525361735
v -0.02483181675 -0.00150000114 0.03498272545
v -0.02364150462 -0.00150000114 0.03349745605
v -0.02498410466 -0.00150000114 0.03250837905
v -0.02628537236 -0.00150000114 0.03146552435
v -0.02754315242 -0.00150000114 0.03037061815
v -0.02873346455 -0.00150000114 0.03185588755
v -0.0290819652 -0.00150000114 0.03153806545
v -0.02942694678 -0.00150000114 0.03121641905
v -0.02976837115 -0.00150000114 0.03089100575
v -0.02836997716 -0.00150000114 0.02959973315
v -0.02955017567 -0.00150000114 0.02842159995
v -0.03068147921 -0.00150000114 0.02719645075
v -0.03176202813 -0.00150000114 0.02592631675
v -0.03316041259 -0.00150000114 0.02721758935
v -0.03345764362 -0.00150000114 0.02685136835
v -0.0337508406 -0.00150000114 0.02648190485
v -0.03403994632 -0.00150000114 0.02610923705
v -0.03246472243 -0.00150000114 0.02504080035
v -0.03345614082 -0.00150000114 0.02369993255
v -0.03439220788 -0.00150000114 0.02231984965
v -0.03527138818 -0.00150000114 0.02090285025
v -0.03684661208 -0.00150000114 0.02197128695
v -0.03708594548 -0.00150000114 0.02156485915
v -0.03732078708 -0.00150000114 0.02115581825
v -0.03755112728 -0.00150000114 0.02074422155
v -0.03583425458 -0.00150000114 0.01992250065
v -0.03661475818 -0.00150000114 0.01844884355
v -0.03733468428 -0.00150000114 0.01694466905
v -0.03799284078 -0.00150000114 0.01541245655
v -0.03970971358 -0.00150000114 0.01623417755
v -0.03988579918 -0.00150000114 0.01579662185
v -0.04005705928 -0.00150000114 0.01535714935
v -0.04022347468 -0.00150000114 0.01491582675
v -0.03840330998 -0.00150000114 0.01435916075
v -0.03895545598 -0.00150000114 0.01278563525
v -0.03944315268 -0.00150000114 0.01119096705
v -0.03986559898 -0.00150000114 0.009577768951
v -0.04168576368 -0.00150000114 0.01013443495
v -0.04179467248 -0.00150000114 0.009675517151
v -0.04189851728 -0.00150000114 0.009215426351
v -0.04199730758 -0.00150000114 0.008754229251
v -0.04011450608 -0.00150000114 0.008475063451
v -0.04042595418 -0.00150000114 0.006836826951
v -0.04067053058 -0.00150000114 0.005187270351
v -0.04084783478 -0.00150000114 0.003529135551
v -0.04273062678 -0.00150000114 0.003808296551
v -0.04278762668 -0.00150000114 0.003103111551
v -0.04283298218 -0.00150000114 0.002397077751
v -0.04092960088 -0.00150000114 0.002401653951
v -0.04099340828 -0.00150000114 0.0007352891509
v -0.04098939988 -0.00150000114 -0.0009322962491
v -0.04091758528 -0.00150000114 -0.002598331749
v -0.04282096668 -0.00150000114 -0.002602907949
v -0.04278976158 -0.00150000114 -0.003073536649
v -0.04275337808 -0.00150000114 -0.003543793349
v -0.04271183518 -0.00150000114 -0.004013620949
v -0.04083039838 -0.00150000114 -0.003725412449
v -0.04064513478 -0.00150000114 -0.005382674049
v -0.04039262748 -0.00150000114 -0.007031032849
v -0.04007330588 -0.00150000114 -0.008667761549
v -0.04195474268 -0.00150000114 -0.008955970049
v -0.04185374768 -0.00150000114 -0.009416689849
v -0.04174768878 -0.00150000114 -0.009876270149
v -0.04163658498 -0.00150000114 -0.01033465825
v -0.03981911158 -0.00150000114 -0.009769259749
v -0.03938891578 -0.00150000114 -0.01138039635
v -0.03889355548 -0.00150000114 -0.01297271215
v -0.03833386038 -0.00150000114 -0.01454356535
v -0.04015132418 -0.00150000114 -0.01510896865
v -0.03998279008 -0.00150000114 -0.01554948955
v -0.03980942088 -0.00150000114 -0.01598813175
v -0.03963123558 -0.00150000114 -0.01642483795
v -0.03791833308 -0.00150000114 -0.01559487605
v -0.03725280878 -0.00150000114 -0.01712390095
v -0.03652566758 -0.00150000114 -0.01862460155
v -0.03573809218 -0.00150000114 -0.02009449365
v -0.03745099468 -0.00150000114 -0.02092446035
v -0.03721867888 -0.00150000114 -0.02133494045
v -0.03698187128 -0.00150000114 -0.02174284085
v -0.03674059098 -0.00150000114 -0.02214811865
v -0.03517052068 -0.00150000114 -0.02107212805
v -0.03428454525 -0.00150000114 -0.02248488535
v -0.03334185485 -0.00150000114 -0.02386044915
v -0.032344004 -0.00150000114 -0.02519654035
v -0.03391407428 -0.00150000114 -0.02627253095
v -0.03362317435 -0.00150000114 -0.02664380065
v -0.03332821178 -0.00150000114 -0.02701185635
v -0.0330292247 -0.00150000114 -0.02737664105
v -0.03163705321 -0.00150000114 -0.02607866405
v -0.03055041541 -0.00150000114 -0.02734359185
v -0.02941323294 -0.00150000114 -0.02856329165
v -0.02822739409 -0.00150000114 -0.02973573675
v -0.02961955604 -0.00150000114 -0.03103371855
v -0.02927657604 -0.00150000114 -0.03135748565
v -0.02893005792 -0.00150000114 -0.03167746665
v -0.02858003981 -0.00150000114 -0.03199361855
v -0.02739687593 -0.00150000114 -0.03050264205
v -0.02613383729 -0.00150000114 -0.03159149275
v -0.02482757822 -0.00150000114 -0.03262807725
v -0.02348023496 -0.00150000114 -0.03361069075
v -0.02466339885 -0.00150000114 -0.03510166255
v -0.02427598726 -0.00150000114 -0.03537069815
v -0.02388564789 -0.00150000114 -0.03563545655
v -0.02349241891 -0.00150000114 -0.03589590905
v -0.02254468888 -0.00150000114 -0.03424524735
v -0.02113347821 -0.00150000114 -0.03513368785
v -0.01968730595 -0.00150000114 -0.03596400905
v -0.01820856581 -0.00150000114 -0.03673483515
v -0.01915629584 -0.00150000114 -0.03838549445
v -0.01873312157 -0.00150000114 -0.03859378575
v -0.01830767756 -0.00150000114 -0.03879740875
v -0.01788002104 -0.00150000114 -0.03899634445
v -0.01718889637 -0.00150000114 -0.03722286665
v -0.01566103265 -0.00150000114 -0.03789105585
v -0.01410726248 -0.00150000114 -0.03849656245
v -0.01253015124 -0.00150000114 -0.03903838255
v -0.0132212759 -0.00150000114 -0.04081186045
v -0.01277178034 -0.00150000114 -0.04095475105
v -0.01232073983 -0.00150000114 -0.04109269205
v -0.01186821159 -0.00150000114 -0.04122566685
v -0.01144913221 -0.00150000114 -0.03936899095
v -0.009838742687 -0.00150000114 -0.03980199915
v -0.008212078837 -0.00150000114 -0.04016916575
v -0.006571830007 -0.00150000114 -0.04046987785
v -0.006990914167 -0.00150000114 -0.04232655365
v -0.006525139497 -0.00150000114 -0.04240085605
v -0.006058582827 -0.00150000114 -0.04247003235
v -0.005591287067 -0.00150000114 -0.04253407555
v -0.005453608437 -0.00150000114 -0.04063567685
v -0.003796670507 -0.00150000114 -0.04082383395
v -0.002133452747 -0.00150000114 -0.04094445415
v -0.0004667065167 -0.00150000114 -0.04099734435
v -0.0006043851467 -0.00150000114 -0.04289574305
v -0.0001327407367 -0.00150000114 -0.04289979525
v 0.0003389179633 -0.00150000114 -0.04289866195
v 0.0008105385133 -0.00150000114 -0.04289234305
v 0.0006637360933 -0.00150000114 -0.04099462675
v 0.002330210333 -0.00150000114 -0.04093372935
v 0.003992826833 -0.00150000114 -0.04080511395
v 0.005648843793 -0.00150000114 -0.04060899745
v 0.005795641443 -0.00150000114 -0.04250671135
v 0.006262622263 -0.00150000114 -0.04244042295
v 0.006728844903 -0.00150000114 -0.04236900625
v 0.007194256903 -0.00150000114 -0.04229246595
v 0.006766254153 -0.00150000114 -0.04043782765
v 0.008405038023 -0.00150000114 -0.04012923245
v 0.0100299172 -0.00150000114 -0.03975425435
v 0.0116382071 -0.00150000114 -0.03931351095
v 0.01206620985 -0.00150000114 -0.04116815165
v 0.01251809388 -0.00150000114 -0.04103300325
v 0.01296846156 -0.00150000114 -0.04089289585
v 0.01341726521 -0.00150000114 -0.04074784595
v 0.01271762755 -0.00150000114 -0.03897771085
v 0.01429211427 -0.00150000114 -0.03842831775
v 0.0158429593 -0.00150000114 -0.03781535035
v 0.01736759247 -0.00150000114 -0.03713982685
v 0.0180672349 -0.00150000114 -0.03890996195
v 0.01849392751 -0.00150000114 -0.03870897435
v 0.01891838851 -0.00150000114 -0.03850330655
v 0.01934056069 -0.00150000114 -0.03829298725
v 0.01838490938 -0.00150000114 -0.03664689935
v 0.01985992747 -0.00150000114 -0.03586897515
v 0.02130209137 -0.00150000114 -0.03503171325
v 0.02270901691 -0.00150000114 -0.03413650155
v 0.02366466345 -0.00150000114 -0.03578258705
v 0.02405663744 -0.00150000114 -0.03552024955
v 0.02444570272 -0.00150000114 -0.03525361825
v 0.02483181159 -0.00150000114 -0.03498272405
v 0.02364149946 -0.00150000114 -0.03349745465
v 0.0249840995 -0.00150000114 -0.03250837995
v 0.02628536959 -0.00150000114 -0.03146552525
v 0.02754315442 -0.00150000114 -0.03037061915
v 0.02873346893 -0.00150000114 -0.03185588845
v 0.02908196481 -0.00150000114 -0.03153806165
v 0.02942694401 -0.00150000114 -0.03121642005
v 0.02976836838 -0.00150000114 -0.03089100665
v 0.02836998154 -0.00150000114 -0.02959973415
v 0.02955017052 -0.00150000114 -0.02842160095
v 0.03068147645 -0.00150000114 -0.02719645175
v 0.03176202775 -0.00150000114 -0.02592631295
v 0.006085400253 -0.00250000019 0.02860997505
v 0.003447102403 -0.00250000019 0.02904617155
v 0.0007799897133 -0.00250000019 0.02923960055
v -0.001893640907 -0.00250000019 0.02918864105
v -0.001893640907 -0.00500000019 0.02918864105
v 0.0007799897133 -0.00500000019 0.02923960055
v 0.003447102403 -0.00500000019 0.02904617155
v 0.006085400253 -0.00500000019 0.02860997505
v -0.006085400627 -0.00250000019 -0.02860997125
v -0.003447102787 -0.00250000019 -0.02904617245
v -0.0007799900967 -0.00250000019 -0.02923959675
v 0.001893640533 -0.00250000019 -0.02918863725
v 0.001893640533 -0.00500000019 -0.02918863725
v -0.0007799900967 -0.00500000019 -0.02923959675
v -0.003447102787 -0.00500000019 -0.02904617245
v -0.006085400627 -0.00500000019 -0.02860997125
v 0.03176202775 0.00549999933 -0.02592631295
v 0.03199897 0.00549999933 -0.02563330085
v 0.03223320859 0.00549999933 -0.02533811925
v 0.03246472442 0.00549999933 -0.02504080125
v 0.03403994593 0.00549999933 -0.02610923325
v 0.03375083545 0.00549999933 -0.02648190105
v 0.033457648 0.00549999933 -0.02685136455
v 0.03316041459 0.00549999933 -0.02721758555
v -0.02860996618 -0.00500000019 0.006085399951
v -0.03264310306 -0.00500000019 0.006377899151
v -0.03264310306 -0.00699999828 0.006377899151
v -0.02515384048 -0.00699999828 0.005834751851
v -0.02515384048 -0.00250000019 0.005834751851
v -0.02860996618 -0.00250000019 0.006085399951
v -0.004737556777 0.02200000029 0.0003435833509
v -0.003630808197 0.02200000029 0.003062630051
v -0.001137219607 0.02200000029 0.004611859251
v 0.001790751653 0.02200000029 0.004399509751
v 0.004034717263 0.02200000029 0.002506699051
v 0.004737556393 0.02200000029 -0.0003435843491
v 0.003630812583 0.02200000029 -0.003062630949
v 0.001137219223 0.02200000029 -0.004611860149
v -0.001790752027 0.02200000029 -0.004399510649
v -0.004034717637 0.02200000029 -0.002506699949
v -0.004737556777 0.01900000076 0.0003435833509
v -0.004034717637 0.01900000076 -0.002506699949
v -0.001790752027 0.01900000076 -0.004399510649
v 0.001137219223 0.01900000076 -0.004611860149
v 0.003630812583 0.01900000076 -0.003062630949
v 0.004737556393 0.01900000076 -0.0003435843491
v 0.004034717263 0.01900000076 0.002506699051
v 0.001790751653 0.01900000076 0.004399509751
v -0.001137219607 0.01900000076 0.004611859251
v -0.003630808197 0.01900000076 0.003062630051
v 0.004737556393 0.01900000076 -0.0003435843491
v 0.004737556393 0.02200000029 -0.0003435843491
v -0.006732319447 0.01799999933 0.0004882522509
v -0.006074483187 0.01799999933 -0.002943319449
v -0.003788998047 0.01799999933 -0.005586233149
v -0.0004882529367 0.01799999933 -0.006732319749
v 0.002943318823 0.01799999933 -0.006074483449
v 0.005586232443 0.01799999933 -0.003788998349
v 0.006732319073 0.01799999933 -0.0004882532491
v 0.006074482813 0.01799999933 0.002943318551
v 0.003788997673 0.01799999933 0.005586232151
v 0.0004882525533 0.01799999933 0.006732318751
v -0.002943319207 0.01799999933 0.006074482551
v -0.005586232827 0.01799999933 0.003788997351
v -0.003740175437 0.01799999933 0.0002712489509
v -0.002690784937 0.01799999933 0.002611929951
v -0.0003823466867 0.01799999933 0.003730455651
v 0.002104999153 0.01799999933 0.003103462051
v 0.003607387943 0.01799999933 0.001024321251
v 0.003421845553 0.01799999933 -0.001534105949
v 0.001635178103 0.01799999933 -0.003374714849
v -0.0009166059567 0.01799999933 -0.003636254949
v -0.003039497047 0.01799999933 -0.002196348749
v -0.02860996618 -0.00250000019 0.006085399951
v -0.02904617218 -0.00250000019 0.003447102151
v -0.02923960127 -0.00250000019 0.0007799894509
v -0.02918864176 -0.00250000019 -0.001893641149
v -0.02918864176 -0.00500000019 -0.001893641149
v -0.02923960127 -0.00500000019 0.0007799894509
v -0.02904617218 -0.00500000019 0.003447102151
v -0.02860996618 -0.00500000019 0.006085399951
v -0.04438342918 -0.0055000021 0.003218841851
v -0.04274430798 -0.0055000021 0.01237634025
v -0.03923706178 -0.0055000021 0.02099292735
v -0.03401496458 -0.0055000021 0.02869202555
v -0.02730624901 -0.0055000021 0.03513714955
v -0.01940411224 -0.0055000021 0.04004660255
v -0.01065393182 -0.0055000021 0.04320582615
v -0.001438121357 -0.0055000021 0.04447675645
v 0.007840544413 -0.0055000021 0.04380383155
v 0.01677653928 -0.0055000021 0.04121647155
v 0.02497931435 -0.0055000021 0.03682775305
v 0.03209038073 -0.0055000021 0.03082948785
v 0.03779894026 -0.0055000021 0.02348383095
v 0.04185550403 -0.0055000021 0.01511180785
v 0.04408278333 -0.0055000021 0.006079328651
v 0.04438343117 -0.0055000021 -0.003218842849
v 0.04274431236 -0.0055000021 -0.01237634115
v 0.03923706143 -0.0055000021 -0.02099292835
v 0.03401496181 -0.0055000021 -0.02869202655
v 0.02730624624 -0.0055000021 -0.03513714575
v 0.01940411662 -0.0055000021 -0.04004660105
v 0.01065393143 -0.0055000021 -0.04320582955
v 0.001438120983 -0.0055000021 -0.04447675505
v -0.007840544787 -0.0055000021 -0.04380383485
v -0.01677653966 -0.0055000021 -0.04121647485
v -0.02497931951 -0.0055000021 -0.03682775875
v -0.0320903835 -0.0055000021 -0.03082948885
v -0.03779893828 -0.0055000021 -0.02348382715
v -0.04185550198 -0.0055000021 -0.01511180875
v -0.04408278608 -0.0055000021 -0.006079329649
v -0.04288736198 -0.0055000021 0.003110344951
v -0.04259684748 -0.0055000021 -0.005874410949
v -0.04044464668 -0.0055000021 -0.01460242025
v -0.03652482118 -0.0055000021 -0.02269223715
v -0.03100868023 -0.0055000021 -0.02979029665
v -0.02413731309 -0.0055000021 -0.03558637375
v -0.01621103231 -0.0055000021 -0.03982715635
v -0.007576255617 -0.0055000021 -0.04232730095
v 0.001389643083 -0.0055000021 -0.04297753855
v 0.01029481328 -0.0055000021 -0.04174945265
v 0.01875004626 -0.0055000021 -0.03869671675
v 0.02638581016 -0.0055000021 -0.03395274585
v 0.03286839086 -0.0055000021 -0.02772487885
v 0.03791446412 -0.0055000021 -0.02028529955
v 0.04130349331 -0.0055000021 -0.01195915885
v 0.04288736155 -0.0055000021 -0.003110341149
v 0.04259684705 -0.0055000021 0.005874410051
v 0.0404446439 -0.0055000021 0.01460241935
v 0.03652481846 -0.0055000021 0.02269224095
v 0.03100868223 -0.0055000021 0.02979029565
v 0.02413731748 -0.0055000021 0.03558637275
v 0.01621103669 -0.0055000021 0.03982715785
v 0.007576255233 -0.0055000021 0.04232730475
v -0.001389643467 -0.0055000021 0.04297754235
v -0.01029480889 -0.0055000021 0.04174945165
v -0.01875004188 -0.0055000021 0.03869671585
v -0.02638580816 -0.0055000021 0.03395274495
v -0.03286838886 -0.0055000021 0.02772487785
v -0.03791446688 -0.0055000021 0.02028530335
v -0.04130349608 -0.0055000021 0.01195915795
v 0.02754315442 0.00549999933 -0.03037061915
v 0.02782112142 0.00549999933 -0.03011619735
v 0.02809673762 0.00549999933 -0.02985922465
v 0.02836998154 0.00549999933 -0.02959973415
v 0.02976836838 0.00549999933 -0.03089100665
v 0.02942694401 0.00549999933 -0.03121642005
v 0.02908196481 0.00549999933 -0.03153806165
v 0.02873346893 0.00549999933 -0.03185588845
v -0.0193067357 -0.00250000019 0.009230925051
v -0.02073771114 -0.00250000019 0.007330974451
v -0.0227944889 -0.00250000019 0.006136336351
v -0.02515384048 -0.00250000019 0.005834751851
v -0.02515384048 -0.00699999828 0.005834751851
v -0.0227944889 -0.00699999828 0.006136336351
v -0.02073771114 -0.00699999828 0.007330974451
v -0.0193067357 -0.00699999828 0.009230925051
v -0.003740175437 0.01900000076 0.0002712489509
v -0.002690784937 0.01900000076 0.002611929951
v -0.0003823466867 0.01900000076 0.003730455651
v 0.002104999153 0.01900000076 0.003103462051
v 0.003607387943 0.01900000076 0.001024321251
v 0.003421845553 0.01900000076 -0.001534105949
v 0.001635178103 0.01900000076 -0.003374714849
v -0.0009166059567 0.01900000076 -0.003636254949
v -0.003039497047 0.01900000076 -0.002196348749
v -0.003740175437 0.01799999933 0.0002712489509
v -0.003039497047 0.01799999933 -0.002196348749
v -0.0009166059567 0.01799999933 -0.003636254949
v 0.001635178103 0.01799999933 -0.003374714849
v 0.003421845553 0.01799999933 -0.001534105949
v 0.003607387943 0.01799999933 0.001024321251
v 0.002104999153 0.01799999933 0.003103462051
v -0.0003823466867 0.01799999933 0.003730455651
v -0.002690784937 0.01799999933 0.002611929951
v 0.003421845553 0.01900000076 -0.001534105949
v 0.003421845553 0.01799999933 -0.001534105949
v -0.004737556777 0.01900000076 0.0003435833509
v -0.003630808197 0.01900000076 0.003062630051
v -0.001137219607 0.01900000076 0.004611859251
v 0.001790751653 0.01900000076 0.004399509751
v 0.004034717263 0.01900000076 0.002506699051
v 0.004737556393 0.01900000076 -0.0003435843491
v 0.003630812583 0.01900000076 -0.003062630949
v 0.001137219223 0.01900000076 -0.004611860149
v -0.001790752027 0.01900000076 -0.004399510649
v -0.004034717637 0.01900000076 -0.002506699949
v -0.003740175437 0.01900000076 0.0002712489509
v -0.003039497047 0.01900000076 -0.002196348749
v -0.0009166059567 0.01900000076 -0.003636254949
v 0.001635178103 0.01900000076 -0.003374714849
v 0.003421845553 0.01900000076 -0.001534105949
v 0.003607387943 0.01900000076 0.001024321251
v 0.002104999153 0.01900000076 0.003103462051
v -0.0003823466867 0.01900000076 0.003730455651
v -0.002690784937 0.01900000076 0.002611929951
v -0.02084525631 -1.899999394e-10 0.001511772751
v -0.02036475568 -1.899999394e-10 -0.004699635949
v -0.01807476367 -1.899999394e-10 -0.01049346565
v -0.01417875237 -1.899999394e-10 -0.01535489945
v -0.009022892007 -1.899999394e-10 -0.01885198555
v -0.003065313967 -1.899999394e-10 -0.02067398895
v 0.003164635013 -1.899999394e-10 -0.02065901965
v 0.009113394653 -1.899999394e-10 -0.01880840415
v 0.0142523865 -1.899999394e-10 -0.01528658085
v 0.01812499184 -1.899999394e-10 -0.01040647475
v 0.02038711144 -1.899999394e-10 -0.004601707949
v 0.02083774503 -1.899999394e-10 0.001611938851
v 0.01943685833 -1.899999394e-10 0.007682359451
v 0.01630891633 -1.899999394e-10 0.01307016565
v 0.0117318587 -1.899999394e-10 0.01729663235
v 0.006112375763 -1.899999394e-10 0.01998621295
v -5.022159674e-05 -1.899999394e-10 0.02089993655
v -0.006208357257 -1.899999394e-10 0.01995660835
v -0.01181485121 -1.899999394e-10 0.01724004775
v -0.01637154256 -1.899999394e-10 0.01299163045
v -0.01947354952 -1.899999394e-10 0.007588850151
v -0.02084525631 -0.00250000019 0.001511772751
v -0.01947354952 -0.00250000019 0.007588850151
v -0.01637154256 -0.00250000019 0.01299163045
v -0.01181485121 -0.00250000019 0.01724004775
v -0.006208357257 -0.00250000019 0.01995660835
v -5.022159674e-05 -0.00250000019 0.02089993655
v 0.006112375763 -0.00250000019 0.01998621295
v 0.0117318587 -0.00250000019 0.01729663235
v 0.01630891633 -0.00250000019 0.01307016565
v 0.01943685833 -0.00250000019 0.007682359451
v 0.02083774503 -0.00250000019 0.001611938851
v 0.02038711144 -0.00250000019 -0.004601707949
v 0.01812499184 -0.00250000019 -0.01040647475
v 0.0142523865 -0.00250000019 -0.01528658085
v 0.009113394653 -0.00250000019 -0.01880840415
v 0.003164635013 -0.00250000019 -0.02065901965
v -0.003065313967 -0.00250000019 -0.02067398895
v -0.009022892007 -0.00250000019 -0.01885198555
v -0.01417875237 -0.00250000019 -0.01535489945
v -0.01807476367 -0.00250000019 -0.01049346565
v -0.02036475568 -0.00250000019 -0.004699635949
v 0.02083774503 -1.899999394e-10 0.001611938851
v 0.02083774503 -0.00250000019 0.001611938851
v 0.03755112693 0.00549999933 -0.02074422735
v 0.03732078908 0.00549999933 -0.02115581925
v 0.03708594034 0.00549999933 -0.02156485535
v 0.03684660933 0.00549999933 -0.02197128315
v 0.03527138783 0.00549999933 -0.02090285115
v 0.03546201245 0.00549999933 -0.02057779575
v 0.03564964014 0.00549999933 -0.02025100455
v 0.03583425661 0.00549999933 -0.01992250165
v -0.002144293837 -0.00250000019 0.02573250585
v -0.002783151467 -0.00250000019 0.02344135945
v -0.004262058647 -0.00250000019 0.02157847805
v -0.006348595907 -0.00250000019 0.02043662105
v -0.006348595907 -0.00699999828 0.02043662105
v -0.004262058647 -0.00699999828 0.02157847805
v -0.002783151467 -0.00699999828 0.02344135945
v -0.002144293837 -0.00699999828 0.02573250585
v -0.006348595907 -0.00250000019 0.02043662105
v -0.01165123056 -0.00250000019 0.01795017295
v -0.01608120793 -0.00250000019 0.01411930315
v -0.0193067357 -0.00250000019 0.009230925051
v -0.0193067357 -0.00699999828 0.009230925051
v -0.01608120793 -0.00699999828 0.01411930315
v -0.01165123056 -0.00699999828 0.01795017295
v -0.006348595907 -0.00699999828 0.02043662105
v -0.006732319447 0.01999999981 0.0004882522509
v -0.006074483187 0.01999999981 -0.002943319449
v -0.003788998047 0.01999999981 -0.005586233149
v -0.0004882529367 0.01999999981 -0.006732319749
v 0.002943318823 0.01999999981 -0.006074483449
v 0.005586232443 0.01999999981 -0.003788998349
v 0.006732319073 0.01999999981 -0.0004882532491
v 0.006074482813 0.01999999981 0.002943318551
v 0.003788997673 0.01999999981 0.005586232151
v 0.0004882525533 0.01999999981 0.006732318751
v -0.002943319207 0.01999999981 0.006074482551
v -0.005586232827 0.01999999981 0.003788997351
v -0.006732319447 0.01799999933 0.0004882522509
v -0.005586232827 0.01799999933 0.003788997351
v -0.002943319207 0.01799999933 0.006074482551
v 0.0004882525533 0.01799999933 0.006732318751
v 0.003788997673 0.01799999933 0.005586232151
v 0.006074482813 0.01799999933 0.002943318551
v 0.006732319073 0.01799999933 -0.0004882532491
v 0.005586232443 0.01799999933 -0.003788998349
v 0.002943318823 0.01799999933 -0.006074483449
v -0.0004882529367 0.01799999933 -0.006732319749
v -0.003788998047 0.01799999933 -0.005586233149
v -0.006074483187 0.01799999933 -0.002943319449
v 0.006732319073 0.01999999981 -0.0004882532491
v 0.006732319073 0.01799999933 -0.0004882532491
v -0.01994761025 0.02200000029 0.001446671751
v -0.01852426202 0.02200000029 0.007540014151
v -0.01528762477 0.02200000029 0.01289529215
v -0.01055452725 0.02200000029 0.01698828945
v -0.004788282807 0.02200000029 0.01941834755
v 0.001446672053 0.02200000029 0.01994760955
v 0.007540014473 0.02200000029 0.01852426135
v 0.01289529244 0.02200000029 0.01528762415
v 0.01698828971 0.02200000029 0.01055452655
v 0.01941835259 0.02200000029 0.004788282151
v 0.01994760986 0.02200000029 -0.001446672749
v 0.01852425687 0.02200000029 -0.007540015149
v 0.01528762439 0.02200000029 -0.01289529315
v 0.01055452686 0.02200000029 -0.01698828565
v 0.004788282423 0.02200000029 -0.01941834845
v -0.001446672427 0.02200000029 -0.01994761055
v -0.007540014847 0.02200000029 -0.01852425755
v -0.01289529283 0.02200000029 -0.01528762505
v -0.0169882901 0.02200000029 -0.01055452755
v -0.01941834821 0.02200000029 -0.004788283049
v -0.004737556777 0.02200000029 0.0003435833509
v -0.004034717637 0.02200000029 -0.002506699949
v -0.001790752027 0.02200000029 -0.004399510649
v 0.001137219223 0.02200000029 -0.004611860149
v 0.003630812583 0.02200000029 -0.003062630949
v 0.004737556393 0.02200000029 -0.0003435843491
v 0.004034717263 0.02200000029 0.002506699051
v 0.001790751653 0.02200000029 0.004399509751
v -0.001137219607 0.02200000029 0.004611859251
v -0.003630808197 0.02200000029 0.003062630051
v -0.01994761025 0.01779999952 0.001446671751
v -0.01941834821 0.01779999952 -0.004788283049
v -0.0169882901 0.01779999952 -0.01055452755
v -0.01289529283 0.01779999952 -0.01528762505
v -0.007540014847 0.01779999952 -0.01852425755
v -0.001446672427 0.01779999952 -0.01994761055
v 0.004788282423 0.01779999952 -0.01941834845
v 0.01055452686 0.01779999952 -0.01698828565
v 0.01528762439 0.01779999952 -0.01289529315
v 0.01852425687 0.01779999952 -0.007540015149
v 0.01994760986 0.01779999952 -0.001446672749
v 0.01941835259 0.01779999952 0.004788282151
v 0.01698828971 0.01779999952 0.01055452655
v 0.01289529244 0.01779999952 0.01528762415
v 0.007540014473 0.01779999952 0.01852426135
v 0.001446672053 0.01779999952 0.01994760955
v -0.004788282807 0.01779999952 0.01941834755
v -0.01055452725 0.01779999952 0.01698828945
v -0.01528762477 0.01779999952 0.01289529215
v -0.01852426202 0.01779999952 0.007540014151
v -0.01994761025 -1.899999394e-10 0.001446671751
v -0.01852426202 -1.899999394e-10 0.007540014151
v -0.01528762477 -1.899999394e-10 0.01289529215
v -0.01055452725 -1.899999394e-10 0.01698828945
v -0.004788282807 -1.899999394e-10 0.01941834755
v 0.001446672053 -1.899999394e-10 0.01994760955
v 0.007540014473 -1.899999394e-10 0.01852426135
v 0.01289529244 -1.899999394e-10 0.01528762415
v 0.01698828971 -1.899999394e-10 0.01055452655
v 0.01941835259 -1.899999394e-10 0.004788282151
v 0.01994760986 -1.899999394e-10 -0.001446672749
v 0.01852425687 -1.899999394e-10 -0.007540015149
v 0.01528762439 -1.899999394e-10 -0.01289529315
v 0.01055452686 -1.899999394e-10 -0.01698828565
v 0.004788282423 -1.899999394e-10 -0.01941834845
v -0.001446672427 -1.899999394e-10 -0.01994761055
v -0.007540014847 -1.899999394e-10 -0.01852425755
v -0.01289529283 -1.899999394e-10 -0.01528762505
v -0.0169882901 -1.899999394e-10 -0.01055452755
v -0.01941834821 -1.899999394e-10 -0.004788283049
v 0.01994760986 0.01779999952 -0.001446672749
v 0.01994760986 -1.899999394e-10 -0.001446672749
v 0.04022347903 0.00549999933 -0.01491582295
v 0.04005705887 0.00549999933 -0.01535715035
v 0.03988579642 0.00549999933 -0.01579662285
v 0.03970971315 0.00549999933 -0.01623418325
v 0.03799284521 0.00549999933 -0.01541245755
v 0.03813289167 0.00549999933 -0.01506262095
v 0.03826971948 0.00549999933 -0.01471151595
v 0.03840331194 0.00549999933 -0.01435916645
v -0.0193067357 -0.00699999828 0.009230925051
v -0.02073771114 -0.00699999828 0.007330974451
v -0.0227944889 -0.00699999828 0.006136336351
v -0.02515384048 -0.00699999828 0.005834751851
v -0.03264310306 -0.00699999828 0.006377899151
v -0.03528678508 -0.00699999828 0.007211663351
v -0.03727354008 -0.00699999828 0.009144805351
v -0.03817928728 -0.00699999828 0.01176469965
v -0.03781068748 -0.00699999828 0.01451213115
v -0.03424910782 -0.00699999828 0.02161593335
v -0.02936895754 -0.00699999828 0.02788753315
v -0.02335811003 -0.00699999828 0.03308546925
v -0.01644799309 -0.00699999828 0.03700964135
v -0.008904633907 -0.00699999828 0.03950895845
v -0.006132769917 -0.00699999828 0.03947727275
v -0.003670981407 -0.00699999828 0.03820298695
v -0.002044729107 -0.00699999828 0.03595809765
v -0.001601146537 -0.00699999828 0.03322177795
v -0.002144293837 -0.00699999828 0.02573250585
v -0.002783151467 -0.00699999828 0.02344135945
v -0.004262058647 -0.00699999828 0.02157847805
v -0.006348595907 -0.00699999828 0.02043662105
v -0.01165123056 -0.00699999828 0.01795017295
v -0.01608120793 -0.00699999828 0.01411930315
v -0.01994761025 0.01920000057 0.001446671751
v -0.01941834821 0.01920000057 -0.004788283049
v -0.0169882901 0.01920000057 -0.01055452755
v -0.01289529283 0.01920000057 -0.01528762505
v -0.007540014847 0.01920000057 -0.01852425755
v -0.001446672427 0.01920000057 -0.01994761055
v 0.004788282423 0.01920000057 -0.01941834845
v 0.01055452686 0.01920000057 -0.01698828565
v 0.01528762439 0.01920000057 -0.01289529315
v 0.01852425687 0.01920000057 -0.007540015149
v 0.01994760986 0.01920000057 -0.001446672749
v 0.01941835259 0.01920000057 0.004788282151
v 0.01698828971 0.01920000057 0.01055452655
v 0.01289529244 0.01920000057 0.01528762415
v 0.007540014473 0.01920000057 0.01852426135
v 0.001446672053 0.01920000057 0.01994760955
v -0.004788282807 0.01920000057 0.01941834755
v -0.01055452725 0.01920000057 0.01698828945
v -0.01528762477 0.01920000057 0.01289529215
v -0.01852426202 0.01920000057 0.007540014151
v -0.01944892435 0.01920000057 0.001410504551
v -0.01806114791 0.01920000057 0.007351511751
v -0.01490543445 0.01920000057 0.01257291275
v -0.01029066389 0.01920000057 0.01656358055
v -0.004668576757 0.01920000057 0.01893288935
v 0.001410504833 0.01920000057 0.01944892365
v 0.007351516783 0.01920000057 0.01806114725
v 0.01257290828 0.01920000057 0.01490542905
v 0.01656358086 0.01920000057 0.01029066325
v 0.01893288966 0.01920000057 0.004668576051
v 0.0194489192 0.01920000057 -0.001410505449
v 0.01806115229 0.01920000057 -0.007351517449
v 0.01490543407 0.01920000057 -0.01257290895
v 0.01029066828 0.01920000057 -0.01656358155
v 0.004668576373 0.01920000057 -0.01893289035
v -0.001410505207 0.01920000057 -0.01944891985
v -0.007351517167 0.01920000057 -0.01806115295
v -0.01257290866 0.01920000057 -0.01490543475
v -0.01656358124 0.01920000057 -0.01029066415
v -0.01893289004 0.01920000057 -0.004668577049
v -0.04273062678 0.00549999933 0.003808296551
v -0.04276991738 0.00549999933 0.003338278051
v -0.04280403898 0.00549999933 0.002867849551
v -0.04283298218 0.00549999933 0.002397077751
v -0.04283298218 -0.00150000114 0.002397077751
v -0.04278762668 -0.00150000114 0.003103111551
v -0.04273062678 -0.00150000114 0.003808296551
v -0.006085400627 -0.00500000019 -0.02860997125
v -0.006377899767 -0.00500000019 -0.03264310815
v -0.006377899767 -0.00699999828 -0.03264310815
v -0.005834752477 -0.00699999828 -0.02515384075
v -0.005834752477 -0.00250000019 -0.02515384075
v -0.006085400627 -0.00250000019 -0.02860997125
v -0.006571830007 0.00549999933 -0.04046987785
v -0.006990914167 0.00549999933 -0.04232655365
v -0.006990914167 -0.00150000114 -0.04232655365
v -0.006571830007 -0.00150000114 -0.04046987785
v -0.005453608437 -0.00150000114 -0.04063567685
v -0.005591287067 -0.00150000114 -0.04253407555
v -0.005591287067 0.00549999933 -0.04253407555
v -0.005453608437 0.00549999933 -0.04063567685
v 0.04199730244 0.00549999933 -0.008754230249
v 0.04189851928 0.00549999933 -0.009215427349
v 0.04179466973 0.00549999933 -0.009675518149
v 0.04168576808 0.00549999933 -0.01013443115
v 0.03986560337 0.00549999933 -0.009577774649
v 0.03995194602 0.00549999933 -0.009210972249
v 0.04003491504 0.00549999933 -0.008843392649
v 0.0401145009 0.00549999933 -0.008475069249
v -0.01994761025 0.01779999952 0.001446671751
v -0.01852426202 0.01779999952 0.007540014151
v -0.01528762477 0.01779999952 0.01289529215
v -0.01055452725 0.01779999952 0.01698828945
v -0.004788282807 0.01779999952 0.01941834755
v 0.001446672053 0.01779999952 0.01994760955
v 0.007540014473 0.01779999952 0.01852426135
v 0.01289529244 0.01779999952 0.01528762415
v 0.01698828971 0.01779999952 0.01055452655
v 0.01941835259 0.01779999952 0.004788282151
v 0.01994760986 0.01779999952 -0.001446672749
v 0.01852425687 0.01779999952 -0.007540015149
v 0.01528762439 0.01779999952 -0.01289529315
v 0.01055452686 0.01779999952 -0.01698828565
v 0.004788282423 0.01779999952 -0.01941834845
v -0.001446672427 0.01779999952 -0.01994761055
v -0.007540014847 0.01779999952 -0.01852425755
v -0.01289529283 0.01779999952 -0.01528762505
v -0.0169882901 0.01779999952 -0.01055452755
v -0.01941834821 0.01779999952 -0.004788283049
v -0.01944892435 0.01779999952 0.001410504551
v -0.01893289004 0.01779999952 -0.004668577049
v -0.01656358124 0.01779999952 -0.01029066415
v -0.01257290866 0.01779999952 -0.01490543475
v -0.007351517167 0.01779999952 -0.01806115295
v -0.001410505207 0.01779999952 -0.01944891985
v 0.004668576373 0.01779999952 -0.01893289035
v 0.01029066828 0.01779999952 -0.01656358155
v 0.01490543407 0.01779999952 -0.01257290895
v 0.01806115229 0.01779999952 -0.007351517449
v 0.0194489192 0.01779999952 -0.001410505449
v 0.01893288966 0.01779999952 0.004668576051
v 0.01656358086 0.01779999952 0.01029066325
v 0.01257290828 0.01779999952 0.01490542905
v 0.007351516783 0.01779999952 0.01806114725
v 0.001410504833 0.01779999952 0.01944892365
v -0.004668576757 0.01779999952 0.01893288935
v -0.01029066389 0.01779999952 0.01656358055
v -0.01490543445 0.01779999952 0.01257291275
v -0.01806114791 0.01779999952 0.007351511751
v -0.04084783478 0.00549999933 0.003529135551
v -0.04087854238 0.00549999933 0.003153564251
v -0.04090579778 0.00549999933 0.002777725951
v -0.04092960088 0.00549999933 0.002401653951
v -0.04283298218 0.00549999933 0.002397077751
v -0.04280403898 0.00549999933 0.002867849551
v -0.04276991738 0.00549999933 0.003338278051
v -0.04273062678 0.00549999933 0.003808296551
v -0.01451212704 -0.00500000019 -0.03781069015
v -0.01451212704 -0.00699999828 -0.03781069015
v -0.01176470036 -0.00699999828 -0.03817928285
v -0.009144806007 -0.00699999828 -0.03727353795
v -0.007211663977 -0.00699999828 -0.03528679015
v -0.006377899767 -0.00699999828 -0.03264310815
v -0.006377899767 -0.00500000019 -0.03264310815
v -0.007211663977 -0.00500000019 -0.03528679015
v -0.009144806007 -0.00500000019 -0.03727353795
v -0.01176470036 -0.00500000019 -0.03817928285
v -0.02573250652 -0.00250000019 -0.002144294149
v -0.02344136007 -0.00250000019 -0.002783151749
v -0.02157847868 -0.00250000019 -0.004262054149
v -0.02043662168 -0.00250000019 -0.006348596149
v -0.02043662168 -0.00699999828 -0.006348596149
v -0.02157847868 -0.00699999828 -0.004262054149
v -0.02344136007 -0.00699999828 -0.002783151749
v -0.02573250652 -0.00699999828 -0.002144294149
v -0.03517052068 -0.00150000114 -0.02107212805
v -0.03674059098 -0.00150000114 -0.02214811865
v -0.03674059098 0.00549999933 -0.02214811865
v -0.03517052068 0.00549999933 -0.02107212805
v -0.0004667065167 0.00549999933 -0.04099734435
v -0.0006043851467 0.00549999933 -0.04289574305
v -0.0006043851467 -0.00150000114 -0.04289574305
v -0.0004667065167 -0.00150000114 -0.04099734435
v -0.0004667065167 0.00549999933 -0.04099734435
v -8.989071674e-05 0.00549999933 -0.04099990195
v 0.0002869346133 0.00549999933 -0.04099899525
v 0.0006637360933 0.00549999933 -0.04099462675
v 0.0008105385133 0.00549999933 -0.04289234305
v 0.0003389179633 0.00549999933 -0.04289866195
v -0.0001327407367 0.00549999933 -0.04289979525
v -0.0006043851467 0.00549999933 -0.04289574305
v -0.02084525631 -1.899999394e-10 0.001511772751
v -0.01947354952 -1.899999394e-10 0.007588850151
v -0.01637154256 -1.899999394e-10 0.01299163045
v -0.01181485121 -1.899999394e-10 0.01724004775
v -0.006208357257 -1.899999394e-10 0.01995660835
v -5.022159674e-05 -1.899999394e-10 0.02089993655
v 0.006112375763 -1.899999394e-10 0.01998621295
v 0.0117318587 -1.899999394e-10 0.01729663235
v 0.01630891633 -1.899999394e-10 0.01307016565
v 0.01943685833 -1.899999394e-10 0.007682359451
v 0.02083774503 -1.899999394e-10 0.001611938851
v 0.02038711144 -1.899999394e-10 -0.004601707949
v 0.01812499184 -1.899999394e-10 -0.01040647475
v 0.0142523865 -1.899999394e-10 -0.01528658085
v 0.009113394653 -1.899999394e-10 -0.01880840415
v 0.003164635013 -1.899999394e-10 -0.02065901965
v -0.003065313967 -1.899999394e-10 -0.02067398895
v -0.009022892007 -1.899999394e-10 -0.01885198555
v -0.01417875237 -1.899999394e-10 -0.01535489945
v -0.01807476367 -1.899999394e-10 -0.01049346565
v -0.02036475568 -1.899999394e-10 -0.004699635949
v -0.01994761025 -1.899999394e-10 0.001446671751
v -0.01941834821 -1.899999394e-10 -0.004788283049
v -0.0169882901 -1.899999394e-10 -0.01055452755
v -0.01289529283 -1.899999394e-10 -0.01528762505
v -0.007540014847 -1.899999394e-10 -0.01852425755
v -0.001446672427 -1.899999394e-10 -0.01994761055
v 0.004788282423 -1.899999394e-10 -0.01941834845
v 0.01055452686 -1.899999394e-10 -0.01698828565
v 0.01528762439 -1.899999394e-10 -0.01289529315
v 0.01852425687 -1.899999394e-10 -0.007540015149
v 0.01994760986 -1.899999394e-10 -0.001446672749
v 0.01941835259 -1.899999394e-10 0.004788282151
v 0.01698828971 -1.899999394e-10 0.01055452655
v 0.01289529244 -1.899999394e-10 0.01528762415
v 0.007540014473 -1.899999394e-10 0.01852426135
v 0.001446672053 -1.899999394e-10 0.01994760955
v -0.004788282807 -1.899999394e-10 0.01941834755
v -0.01055452725 -1.899999394e-10 0.01698828945
v -0.01528762477 -1.899999394e-10 0.01289529215
v -0.01852426202 -1.899999394e-10 0.007540014151
v -0.04084783478 0.00549999933 0.003529135551
v -0.04273062678 0.00549999933 0.003808296551
v -0.04273062678 -0.00150000114 0.003808296551
v -0.04084783478 -0.00150000114 0.003529135551
v -0.04092960088 -0.00150000114 0.002401653951
v -0.04283298218 -0.00150000114 0.002397077751
v -0.04283298218 0.00549999933 0.002397077751
v -0.04092960088 0.00549999933 0.002401653951
v -0.04199730758 0.00549999933 0.008754229251
v -0.04189851728 0.00549999933 0.009215426351
v -0.04179467248 0.00549999933 0.009675517151
v -0.04168576368 0.00549999933 0.01013443495
v -0.03986559898 0.00549999933 0.009577768951
v -0.03995194398 0.00549999933 0.009210976151
v -0.04003491308 0.00549999933 0.008843391751
v -0.04011450608 0.00549999933 0.008475063451
v -0.03950895908 -0.00500000019 -0.008904634149
v -0.03950895908 -0.00699999828 -0.008904634149
v -0.03700964208 -0.00699999828 -0.01644799335
v -0.03308546993 -0.00699999828 -0.02335811505
v -0.02788753381 -0.00699999828 -0.02936895785
v -0.02161593406 -0.00699999828 -0.03424911045
v -0.01451212704 -0.00699999828 -0.03781069015
v -0.01451212704 -0.00500000019 -0.03781069015
v -0.02161593406 -0.00500000019 -0.03424911045
v -0.02788753381 -0.00500000019 -0.02936895785
v -0.03308546993 -0.00500000019 -0.02335811505
v -0.03700964208 -0.00500000019 -0.01644799335
v -0.009230925727 -0.00250000019 -0.01930673595
v -0.007330975087 -0.00250000019 -0.02073771145
v -0.006136337047 -0.00250000019 -0.02279448915
v -0.005834752477 -0.00250000019 -0.02515384075
v -0.005834752477 -0.00699999828 -0.02515384075
v -0.006136337047 -0.00699999828 -0.02279448915
v -0.007330975087 -0.00699999828 -0.02073771145
v -0.009230925727 -0.00699999828 -0.01930673595
v 0.03316041459 0.00549999933 -0.02721758555
v 0.033457648 0.00549999933 -0.02685136455
v 0.03375083545 0.00549999933 -0.02648190105
v 0.03403994593 0.00549999933 -0.02610923325
v 0.03403994593 -0.00150000114 -0.02610923325
v 0.03375083545 -0.00150000114 -0.02648190105
v 0.033457648 -0.00150000114 -0.02685136455
v 0.03316041459 -0.00150000114 -0.02721758555
v -0.032344004 0.00549999933 -0.02519654035
v -0.03391407428 0.00549999933 -0.02627253095
v -0.03391407428 -0.00150000114 -0.02627253095
v -0.032344004 -0.00150000114 -0.02519654035
v -0.04011450608 -0.00150000114 0.008475063451
v -0.04199730758 -0.00150000114 0.008754229251
v -0.04199730758 0.00549999933 0.008754229251
v -0.04011450608 0.00549999933 0.008475063451
v 0.007194256903 0.00549999933 -0.04229246595
v 0.006728844903 0.00549999933 -0.04236900625
v 0.006262622263 0.00549999933 -0.04244042295
v 0.005795641443 0.00549999933 -0.04250671135
v 0.005648843793 0.00549999933 -0.04060899745
v 0.006021830493 0.00549999933 -0.04055536455
v 0.006394311743 0.00549999933 -0.04049830555
v 0.006766254153 0.00549999933 -0.04043782765
v 0.03246472442 -0.00150000114 -0.02504080125
v 0.03403994593 -0.00150000114 -0.02610923325
v 0.03403994593 0.00549999933 -0.02610923325
v 0.03246472442 0.00549999933 -0.02504080125
v 0.03176202775 0.00549999933 -0.02592631295
v 0.03316041459 0.00549999933 -0.02721758555
v 0.03316041459 -0.00150000114 -0.02721758555
v 0.03176202775 -0.00150000114 -0.02592631295
v -0.02918864176 -0.00250000019 -0.001893641149
v -0.02573250652 -0.00250000019 -0.002144294149
v -0.02573250652 -0.00699999828 -0.002144294149
v -0.03322177864 -0.00699999828 -0.001601146849
v -0.03322177864 -0.00500000019 -0.001601146849
v -0.02918864176 -0.00500000019 -0.001893641149
v -0.04091758528 0.00549999933 -0.002598331749
v -0.04282096668 0.00549999933 -0.002602907949
v -0.04282096668 -0.00150000114 -0.002602907949
v -0.04091758528 -0.00150000114 -0.002598331749
v -0.03322177864 -0.00500000019 -0.001601146849
v -0.03322177864 -0.00699999828 -0.001601146849
v -0.03595809838 -0.00699999828 -0.002044729349
v -0.03820298758 -0.00699999828 -0.003670981649
v -0.03947727338 -0.00699999828 -0.006132770249
v -0.03950895908 -0.00699999828 -0.008904634149
v -0.03950895908 -0.00500000019 -0.008904634149
v -0.03947727338 -0.00500000019 -0.006132770249
v -0.03820298758 -0.00500000019 -0.003670981649
v -0.03595809838 -0.00500000019 -0.002044729349
v -0.02573250652 -0.00699999828 -0.002144294149
v -0.02344136007 -0.00699999828 -0.002783151749
v -0.02157847868 -0.00699999828 -0.004262054149
v -0.02043662168 -0.00699999828 -0.006348596149
v -0.01795017363 -0.00699999828 -0.01165122605
v -0.01411930381 -0.00699999828 -0.01608120825
v -0.009230925727 -0.00699999828 -0.01930673595
v -0.007330975087 -0.00699999828 -0.02073771145
v -0.006136337047 -0.00699999828 -0.02279448915
v -0.005834752477 -0.00699999828 -0.02515384075
v -0.006377899767 -0.00699999828 -0.03264310815
v -0.007211663977 -0.00699999828 -0.03528679015
v -0.009144806007 -0.00699999828 -0.03727353795
v -0.01176470036 -0.00699999828 -0.03817928285
v -0.01451212704 -0.00699999828 -0.03781069015
v -0.02161593406 -0.00699999828 -0.03424911045
v -0.02788753381 -0.00699999828 -0.02936895785
v -0.03308546993 -0.00699999828 -0.02335811505
v -0.03700964208 -0.00699999828 -0.01644799335
v -0.03950895908 -0.00699999828 -0.008904634149
v -0.03947727338 -0.00699999828 -0.006132770249
v -0.03820298758 -0.00699999828 -0.003670981649
v -0.03595809838 -0.00699999828 -0.002044729349
v -0.03322177864 -0.00699999828 -0.001601146849
v -0.02043662168 -0.00250000019 -0.006348596149
v -0.01795017363 -0.00250000019 -0.01165122605
v -0.01411930381 -0.00250000019 -0.01608120825
v -0.009230925727 -0.00250000019 -0.01930673595
v -0.009230925727 -0.00699999828 -0.01930673595
v -0.01411930381 -0.00699999828 -0.01608120825
v -0.01795017363 -0.00699999828 -0.01165122605
v -0.02043662168 -0.00699999828 -0.006348596149
v 0.02873346893 0.00549999933 -0.03185588845
v 0.02908196481 0.00549999933 -0.03153806165
v 0.02942694401 0.00549999933 -0.03121642005
v 0.02976836838 0.00549999933 -0.03089100665
v 0.02976836838 -0.00150000114 -0.03089100665
v 0.02942694401 -0.00150000114 -0.03121642005
v 0.02908196481 -0.00150000114 -0.03153806165
v 0.02873346893 -0.00150000114 -0.03185588845
v -0.02739687593 -0.00150000114 -0.03050264205
v -0.02858003981 -0.00150000114 -0.03199361855
v -0.02858003981 0.00549999933 -0.03199361855
v -0.02739687593 0.00549999933 -0.03050264205
v 0.01736759247 0.00549999933 -0.03713982685
v 0.01770820174 0.00549999933 -0.03697863615
v 0.0180473185 0.00549999933 -0.03681432225
v 0.01838490938 0.00549999933 -0.03664689935
v 0.01934056069 0.00549999933 -0.03829298725
v 0.01891838851 0.00549999933 -0.03850330655
v 0.01849392751 0.00549999933 -0.03870897435
v 0.0180672349 0.00549999933 -0.03890996195
v 0.03755112693 -0.00150000114 -0.02074422735
v 0.03732078908 -0.00150000114 -0.02115581925
v 0.03708594034 -0.00150000114 -0.02156485535
v 0.03684660933 -0.00150000114 -0.02197128315
v 0.03684660933 0.00549999933 -0.02197128315
v 0.03708594034 0.00549999933 -0.02156485535
v 0.03732078908 0.00549999933 -0.02115581925
v 0.03755112693 0.00549999933 -0.02074422735
v 0.02836998154 -0.00150000114 -0.02959973415
v 0.02976836838 -0.00150000114 -0.03089100665
v 0.02976836838 0.00549999933 -0.03089100665
v 0.02836998154 0.00549999933 -0.02959973415
v 0.02754315442 0.00549999933 -0.03037061915
v 0.02873346893 0.00549999933 -0.03185588845
v 0.02873346893 -0.00150000114 -0.03185588845
v 0.02754315442 -0.00150000114 -0.03037061915
v 0.03527138783 0.00549999933 -0.02090285115
v 0.03684660933 0.00549999933 -0.02197128315
v 0.03684660933 -0.00150000114 -0.02197128315
v 0.03527138783 -0.00150000114 -0.02090285115
v -0.04083039838 -0.00150000114 -0.003725412449
v -0.04271183518 -0.00150000114 -0.004013620949
v -0.04271183518 0.00549999933 -0.004013620949
v -0.04083039838 0.00549999933 -0.003725412449
v -0.01144913221 -0.00150000114 -0.03936899095
v -0.01186821159 -0.00150000114 -0.04122566685
v -0.01186821159 0.00549999933 -0.04122566685
v -0.01144913221 0.00549999933 -0.03936899095
v -0.02348023496 0.00549999933 -0.03361069075
v -0.02466339885 0.00549999933 -0.03510166255
v -0.02466339885 -0.00150000114 -0.03510166255
v -0.02348023496 -0.00150000114 -0.03361069075
v 0.02483181159 0.00549999933 -0.03498272405
v 0.02444570272 0.00549999933 -0.03525361825
v 0.02405663744 0.00549999933 -0.03552024955
v 0.02366466345 0.00549999933 -0.03578258705
v 0.02270901691 0.00549999933 -0.03413650155
v 0.02302179788 0.00549999933 -0.03392634455
v 0.02333263334 0.00549999933 -0.03371332415
v 0.02364149946 0.00549999933 -0.03349745465
v 0.04022347903 -0.00150000114 -0.01491582295
v 0.04005705887 -0.00150000114 -0.01535715035
v 0.03988579642 -0.00150000114 -0.01579662285
v 0.03970971315 -0.00150000114 -0.01623418325
v 0.03970971315 0.00549999933 -0.01623418325
v 0.03988579642 0.00549999933 -0.01579662285
v 0.04005705887 0.00549999933 -0.01535715035
v 0.04022347903 0.00549999933 -0.01491582295
v 0.03583425661 -0.00150000114 -0.01992250165
v 0.03755112693 -0.00150000114 -0.02074422735
v 0.03755112693 0.00549999933 -0.02074422735
v 0.03583425661 0.00549999933 -0.01992250165
v 0.01838490938 -0.00150000114 -0.03664689935
v 0.01934056069 -0.00150000114 -0.03829298725
v 0.01934056069 0.00549999933 -0.03829298725
v 0.01838490938 0.00549999933 -0.03664689935
v -0.04091758528 0.00549999933 -0.002598331749
v -0.04089197848 0.00549999933 -0.002974289149
v -0.04086290978 0.00549999933 -0.003349993849
v -0.04083039838 0.00549999933 -0.003725412449
v -0.04271183518 0.00549999933 -0.004013620949
v -0.04275337808 0.00549999933 -0.003543793349
v -0.04278976158 0.00549999933 -0.003073536649
v -0.04282096668 0.00549999933 -0.002602907949
v -0.04007330588 0.00549999933 -0.008667761549
v -0.04195474268 0.00549999933 -0.008955970049
v -0.04195474268 -0.00150000114 -0.008955970049
v -0.04007330588 -0.00150000114 -0.008667761549
v -0.0006043851467 0.00549999933 -0.04289574305
v -0.0001327407367 0.00549999933 -0.04289979525
v 0.0003389179633 0.00549999933 -0.04289866195
v 0.0008105385133 0.00549999933 -0.04289234305
v 0.0008105385133 -0.00150000114 -0.04289234305
v 0.0003389179633 -0.00150000114 -0.04289866195
v -0.0001327407367 -0.00150000114 -0.04289979525
v -0.0006043851467 -0.00150000114 -0.04289574305
v -0.0132212759 0.00549999933 -0.04081186045
v -0.01277178034 0.00549999933 -0.04095475105
v -0.01232073983 0.00549999933 -0.04109269205
v -0.01186821159 0.00549999933 -0.04122566685
v -0.01186821159 -0.00150000114 -0.04122566685
v -0.01232073983 -0.00150000114 -0.04109269205
v -0.01277178034 -0.00150000114 -0.04095475105
v -0.0132212759 -0.00150000114 -0.04081186045
v -0.03163705321 -0.00150000114 -0.02607866405
v -0.0330292247 -0.00150000114 -0.02737664105
v -0.0330292247 0.00549999933 -0.02737664105
v -0.03163705321 0.00549999933 -0.02607866405
v 0.01341726521 0.00549999933 -0.04074784595
v 0.01296846156 0.00549999933 -0.04089289585
v 0.01251809388 0.00549999933 -0.04103300325
v 0.01206620985 0.00549999933 -0.04116815165
v 0.0116382071 0.00549999933 -0.03931351095
v 0.01199903912 0.00549999933 -0.03920488685
v 0.01235885547 0.00549999933 -0.03909295105
v 0.01271762755 0.00549999933 -0.03897771085
v 0.04199730244 -0.00150000114 -0.008754230249
v 0.04189851928 -0.00150000114 -0.009215427349
v 0.04179466973 -0.00150000114 -0.009675518149
v 0.04168576808 -0.00150000114 -0.01013443115
v 0.04168576808 0.00549999933 -0.01013443115
v 0.04179466973 0.00549999933 -0.009675518149
v 0.04189851928 0.00549999933 -0.009215427349
v 0.04199730244 0.00549999933 -0.008754230249
v 0.03799284521 0.00549999933 -0.01541245755
v 0.03970971315 0.00549999933 -0.01623418325
v 0.03970971315 -0.00150000114 -0.01623418325
v 0.03799284521 -0.00150000114 -0.01541245755
v 0.03840331194 -0.00150000114 -0.01435916645
v 0.04022347903 -0.00150000114 -0.01491582295
v 0.04022347903 0.00549999933 -0.01491582295
v 0.03840331194 0.00549999933 -0.01435916645
v 0.02270901691 0.00549999933 -0.03413650155
v 0.02366466345 0.00549999933 -0.03578258705
v 0.02366466345 -0.00150000114 -0.03578258705
v 0.02270901691 -0.00150000114 -0.03413650155
v -0.03986559898 0.00549999933 0.009577768951
v -0.04168576368 0.00549999933 0.01013443495
v -0.04168576368 -0.00150000114 0.01013443495
v -0.03986559898 -0.00150000114 0.009577768951
v -0.04199730758 -0.00150000114 0.008754229251
v -0.04189851728 -0.00150000114 0.009215426351
v -0.04179467248 -0.00150000114 0.009675517151
v -0.04168576368 -0.00150000114 0.01013443495
v -0.04168576368 0.00549999933 0.01013443495
v -0.04179467248 0.00549999933 0.009675517151
v -0.04189851728 0.00549999933 0.009215426351
v -0.04199730758 0.00549999933 0.008754229251
v -0.04282096668 0.00549999933 -0.002602907949
v -0.04278976158 0.00549999933 -0.003073536649
v -0.04275337808 0.00549999933 -0.003543793349
v -0.04271183518 0.00549999933 -0.004013620949
v -0.04271183518 -0.00150000114 -0.004013620949
v -0.04275337808 -0.00150000114 -0.003543793349
v -0.04278976158 -0.00150000114 -0.003073536649
v -0.04282096668 -0.00150000114 -0.002602907949
v -0.03791833308 -0.00150000114 -0.01559487605
v -0.03963123558 -0.00150000114 -0.01642483795
v -0.03963123558 0.00549999933 -0.01642483795
v -0.03791833308 0.00549999933 -0.01559487605
v 0.0006637360933 -0.00150000114 -0.04099462675
v 0.0008105385133 -0.00150000114 -0.04289234305
v 0.0008105385133 0.00549999933 -0.04289234305
v 0.0006637360933 0.00549999933 -0.04099462675
v 0.007194256903 -0.00150000114 -0.04229246595
v 0.006728844903 -0.00150000114 -0.04236900625
v 0.006262622263 -0.00150000114 -0.04244042295
v 0.005795641443 -0.00150000114 -0.04250671135
v 0.005795641443 0.00549999933 -0.04250671135
v 0.006262622263 0.00549999933 -0.04244042295
v 0.006728844903 0.00549999933 -0.04236900625
v 0.007194256903 0.00549999933 -0.04229246595
v -0.01253015124 0.00549999933 -0.03903838255
v -0.0132212759 0.00549999933 -0.04081186045
v -0.0132212759 -0.00150000114 -0.04081186045
v -0.01253015124 -0.00150000114 -0.03903838255
v -0.01915629584 0.00549999933 -0.03838549445
v -0.01873312157 0.00549999933 -0.03859378575
v -0.01830767756 0.00549999933 -0.03879740875
v -0.01788002104 0.00549999933 -0.03899634445
v -0.01788002104 -0.00150000114 -0.03899634445
v -0.01830767756 -0.00150000114 -0.03879740875
v -0.01873312157 -0.00150000114 -0.03859378575
v -0.01915629584 -0.00150000114 -0.03838549445
v -0.01253015124 0.00549999933 -0.03903838255
v -0.0121708304 0.00549999933 -0.03915189545
v -0.01181047959 0.00549999933 -0.03926210135
v -0.01144913221 0.00549999933 -0.03936899095
v -0.01186821159 0.00549999933 -0.04122566685
v -0.01232073983 0.00549999933 -0.04109269205
v -0.01277178034 0.00549999933 -0.04095475105
v -0.0132212759 0.00549999933 -0.04081186045
v -0.02822739409 0.00549999933 -0.02973573675
v -0.02961955604 0.00549999933 -0.03103371855
v -0.02961955604 -0.00150000114 -0.03103371855
v -0.02822739409 -0.00150000114 -0.02973573675
v 0.02822739609 0.00549999933 0.02973574065
v 0.02795290909 0.00549999933 0.02999391885
v 0.02767606176 0.00549999933 0.03024956025
v 0.02739687554 0.00549999933 0.03050264585
v 0.02858003704 0.00549999933 0.03199361285
v 0.02893005515 0.00549999933 0.03167747045
v 0.02927657804 0.00549999933 0.03135748465
v 0.02961956042 0.00549999933 0.03103372245
v 0.03986560337 0.00549999933 -0.009577774649
v 0.04168576808 0.00549999933 -0.01013443115
v 0.04168576808 -0.00150000114 -0.01013443115
v 0.03986560337 -0.00150000114 -0.009577774649
v 0.0401145009 -0.00150000114 -0.008475069249
v 0.04199730244 -0.00150000114 -0.008754230249
v 0.04199730244 0.00549999933 -0.008754230249
v 0.0401145009 0.00549999933 -0.008475069249
v 0.006766254153 -0.00150000114 -0.04043782765
v 0.007194256903 -0.00150000114 -0.04229246595
v 0.007194256903 0.00549999933 -0.04229246595
v 0.006766254153 0.00549999933 -0.04043782765
v 0.02364149946 -0.00150000114 -0.03349745465
v 0.02483181159 -0.00150000114 -0.03498272405
v 0.02483181159 0.00549999933 -0.03498272405
v 0.02364149946 0.00549999933 -0.03349745465
v -0.02364150462 -0.00150000114 0.03349745605
v -0.02483181675 -0.00150000114 0.03498272545
v -0.02483181675 0.00549999933 0.03498272545
v -0.02364150462 0.00549999933 0.03349745605
v -0.03573809218 0.00549999933 -0.02009449365
v -0.03745099468 0.00549999933 -0.02092446035
v -0.03745099468 -0.00150000114 -0.02092446035
v -0.03573809218 -0.00150000114 -0.02009449365
v 0.005648843793 0.00549999933 -0.04060899745
v 0.005795641443 0.00549999933 -0.04250671135
v 0.005795641443 -0.00150000114 -0.04250671135
v 0.005648843793 -0.00150000114 -0.04060899745
v 0.0180672349 0.00549999933 -0.03890996195
v 0.01849392751 0.00549999933 -0.03870897435
v 0.01891838851 0.00549999933 -0.03850330655
v 0.01934056069 0.00549999933 -0.03829298725
v 0.01934056069 -0.00150000114 -0.03829298725
v 0.01891838851 -0.00150000114 -0.03850330655
v 0.01849392751 -0.00150000114 -0.03870897435
v 0.0180672349 -0.00150000114 -0.03890996195
v -0.02349241891 -0.00150000114 -0.03589590905
v -0.02388564789 -0.00150000114 -0.03563545655
v -0.02427598726 -0.00150000114 -0.03537069815
v -0.02466339885 -0.00150000114 -0.03510166255
v -0.02466339885 0.00549999933 -0.03510166255
v -0.02427598726 0.00549999933 -0.03537069815
v -0.02388564789 0.00549999933 -0.03563545655
v -0.02349241891 0.00549999933 -0.03589590905
v -0.01820856581 0.00549999933 -0.03673483515
v -0.0178701828 0.00549999933 -0.03690063325
v -0.01753027391 0.00549999933 -0.03706331515
v -0.01718889637 0.00549999933 -0.03722286665
v -0.01788002104 0.00549999933 -0.03899634445
v -0.01830767756 0.00549999933 -0.03879740875
v -0.01873312157 0.00549999933 -0.03859378575
v -0.01915629584 0.00549999933 -0.03838549445
v 0.005453608063 -0.00150000114 0.04063567355
v 0.005591286693 -0.00150000114 0.04253407695
v 0.005591286693 0.00549999933 0.04253407695
v 0.005453608063 0.00549999933 0.04063567355
v -0.032344004 0.00549999933 -0.02519654035
v -0.03211105899 0.00549999933 -0.02549274165
v -0.03187540555 0.00549999933 -0.02578679245
v -0.03163705321 0.00549999933 -0.02607866405
v -0.0330292247 0.00549999933 -0.02737664105
v -0.03332821178 0.00549999933 -0.02701185635
v -0.03362317435 0.00549999933 -0.02664380065
v -0.03391407428 0.00549999933 -0.02627253095
v -0.03745099468 0.00549999933 -0.02092446035
v -0.03721867888 0.00549999933 -0.02133494045
v -0.03698187128 0.00549999933 -0.02174284085
v -0.03674059098 0.00549999933 -0.02214811865
v -0.03674059098 -0.00150000114 -0.02214811865
v -0.03698187128 -0.00150000114 -0.02174284085
v -0.03721867888 -0.00150000114 -0.02133494045
v -0.03745099468 -0.00150000114 -0.02092446035
v 0.03234400123 0.00549999933 0.02519654415
v 0.0321110586 0.00549999933 0.02549274545
v 0.03187540516 0.00549999933 0.02578679145
v 0.0316370576 0.00549999933 0.02607866305
v 0.03302922194 0.00549999933 0.02737664485
v 0.03332821139 0.00549999933 0.02701185545
v 0.03362317397 0.00549999933 0.02664380445
v 0.03391406913 0.00549999933 0.02627252995
v 0.04084782962 0.00549999933 -0.003529136449
v 0.04273063117 0.00549999933 -0.003808297549
v 0.04273063117 -0.00150000114 -0.003808297549
v 0.04084782962 -0.00150000114 -0.003529136449
v 0.0116382071 0.00549999933 -0.03931351095
v 0.01206620985 0.00549999933 -0.04116815165
v 0.01206620985 -0.00150000114 -0.04116815165
v 0.0116382071 -0.00150000114 -0.03931351095
v -0.03840330998 -0.00150000114 0.01435916075
v -0.04022347468 -0.00150000114 0.01491582675
v -0.04022347468 0.00549999933 0.01491582675
v -0.03840330998 0.00549999933 0.01435916075
v -0.02754315242 0.00549999933 0.03037061815
v -0.02873346455 0.00549999933 0.03185588755
v -0.02873346455 -0.00150000114 0.03185588755
v -0.02754315242 -0.00150000114 0.03037061815
v -0.03981911158 -0.00150000114 -0.009769259749
v -0.04163658498 -0.00150000114 -0.01033465825
v -0.04163658498 0.00549999933 -0.01033465825
v -0.03981911158 0.00549999933 -0.009769259749
v 0.02483181159 -0.00150000114 -0.03498272405
v 0.02444570272 -0.00150000114 -0.03525361825
v 0.02405663744 -0.00150000114 -0.03552024955
v 0.02366466345 -0.00150000114 -0.03578258705
v 0.02366466345 0.00549999933 -0.03578258705
v 0.02405663744 0.00549999933 -0.03552024955
v 0.02444570272 0.00549999933 -0.03525361825
v 0.02483181159 0.00549999933 -0.03498272405
v -0.01718889637 -0.00150000114 -0.03722286665
v -0.01788002104 -0.00150000114 -0.03899634445
v -0.01788002104 0.00549999933 -0.03899634445
v -0.01718889637 0.00549999933 -0.03722286665
v -0.04195474268 0.00549999933 -0.008955970049
v -0.04185374768 0.00549999933 -0.009416689849
v -0.04174768878 0.00549999933 -0.009876270149
v -0.04163658498 0.00549999933 -0.01033465825
v -0.04163658498 -0.00150000114 -0.01033465825
v -0.04174768878 -0.00150000114 -0.009876270149
v -0.04185374768 -0.00150000114 -0.009416689849
v -0.04195474268 -0.00150000114 -0.008955970049
v -0.02349241891 0.00549999933 -0.03589590905
v -0.02388564789 0.00549999933 -0.03563545655
v -0.02427598726 0.00549999933 -0.03537069815
v -0.02466339885 0.00549999933 -0.03510166255
v -0.02348023496 0.00549999933 -0.03361069075
v -0.02317033811 0.00549999933 -0.03382507145
v -0.0228584767 0.00549999933 -0.03403659825
v -0.02254468888 0.00549999933 -0.03424524735
v 0.0004667061433 0.00549999933 0.04099734575
v 0.0006043847733 0.00549999933 0.04289573965
v 0.0006043847733 -0.00150000114 0.04289573965
v 0.0004667061433 -0.00150000114 0.04099734575
v -0.03391407428 0.00549999933 -0.02627253095
v -0.03362317435 0.00549999933 -0.02664380065
v -0.03332821178 0.00549999933 -0.02701185635
v -0.0330292247 0.00549999933 -0.02737664105
v -0.0330292247 -0.00150000114 -0.02737664105
v -0.03332821178 -0.00150000114 -0.02701185635
v -0.03362317435 -0.00150000114 -0.02664380065
v -0.03391407428 -0.00150000114 -0.02627253095
v -0.02858003981 0.00549999933 -0.03199361855
v -0.02893005792 0.00549999933 -0.03167746665
v -0.02927657604 0.00549999933 -0.03135748565
v -0.02961955604 0.00549999933 -0.03103371855
v -0.02822739409 0.00549999933 -0.02973573675
v -0.02795290709 0.00549999933 -0.02999391505
v -0.02767606453 0.00549999933 -0.03024955645
v -0.02739687593 0.00549999933 -0.03050264205
v -0.03573809218 0.00549999933 -0.02009449365
v -0.03555190578 0.00549999933 -0.02042210425
v -0.03536270568 0.00549999933 -0.02074799355
v -0.03517052068 0.00549999933 -0.02107212805
v -0.03674059098 0.00549999933 -0.02214811865
v -0.03698187128 0.00549999933 -0.02174284085
v -0.03721867888 0.00549999933 -0.02133494045
v -0.03745099468 0.00549999933 -0.02092446035
v 0.01253015085 0.00549999933 0.03903838635
v 0.01217083001 0.00549999933 0.03915189205
v 0.01181047921 0.00549999933 0.03926209805
v 0.01144913182 0.00549999933 0.03936899475
v 0.01186821121 0.00549999933 0.04122566585
v 0.01232073944 0.00549999933 0.04109269585
v 0.01277177995 0.00549999933 0.04095474765
v 0.01322127552 0.00549999933 0.04081185945
v -0.03799284078 0.00549999933 0.01541245655
v -0.03813289678 0.00549999933 0.01506261995
v -0.03826971988 0.00549999933 0.01471151505
v -0.03840330998 0.00549999933 0.01435916075
v -0.04022347468 0.00549999933 0.01491582675
v -0.04005705928 0.00549999933 0.01535714935
v -0.03988579918 0.00549999933 0.01579662185
v -0.03970971358 0.00549999933 0.01623417755
v -0.02836997716 -0.00150000114 0.02959973315
v -0.02976837115 -0.00150000114 0.03089100575
v -0.02976837115 0.00549999933 0.03089100575
v -0.02836997716 0.00549999933 0.02959973315
v -0.04007330588 0.00549999933 -0.008667761549
v -0.03999194728 0.00549999933 -0.009035698549
v -0.03990721268 0.00549999933 -0.009402877249
v -0.03981911158 0.00549999933 -0.009769259749
v -0.04163658498 0.00549999933 -0.01033465825
v -0.04174768878 0.00549999933 -0.009876270149
v -0.04185374768 0.00549999933 -0.009416689849
v -0.04195474268 0.00549999933 -0.008955970049
v -0.03833386038 0.00549999933 -0.01454356535
v -0.04015132418 0.00549999933 -0.01510896865
v -0.04015132418 -0.00150000114 -0.01510896865
v -0.03833386038 -0.00150000114 -0.01454356535
v 0.01341726521 -0.00150000114 -0.04074784595
v 0.01296846156 -0.00150000114 -0.04089289585
v 0.01251809388 -0.00150000114 -0.04103300325
v 0.01206620985 -0.00150000114 -0.04116815165
v 0.01206620985 0.00549999933 -0.04116815165
v 0.01251809388 0.00549999933 -0.04103300325
v 0.01296846156 0.00549999933 -0.04089289585
v 0.01341726521 0.00549999933 -0.04074784595
v -0.03963123558 -0.00150000114 -0.01642483795
v -0.03980942088 -0.00150000114 -0.01598813175
v -0.03998279008 -0.00150000114 -0.01554948955
v -0.04015132418 -0.00150000114 -0.01510896865
v -0.04015132418 0.00549999933 -0.01510896865
v -0.03998279008 0.00549999933 -0.01554948955
v -0.03980942088 0.00549999933 -0.01598813175
v -0.03963123558 0.00549999933 -0.01642483795
v -0.0006637364767 -0.00150000114 0.04099462585
v -0.0008105388867 -0.00150000114 0.04289234205
v -0.0008105388867 0.00549999933 0.04289234205
v -0.0006637364767 0.00549999933 0.04099462585
v -0.02858003981 -0.00150000114 -0.03199361855
v -0.02893005792 -0.00150000114 -0.03167746665
v -0.02927657604 -0.00150000114 -0.03135748565
v -0.02961955604 -0.00150000114 -0.03103371855
v -0.02961955604 0.00549999933 -0.03103371855
v -0.02927657604 0.00549999933 -0.03135748565
v -0.02893005792 0.00549999933 -0.03167746665
v -0.02858003981 0.00549999933 -0.03199361855
v 0.01820857019 0.00549999933 0.03673483425
v 0.01787017764 0.00549999933 0.03690062985
v 0.0175302783 0.00549999933 0.03706331655
v 0.01718889599 0.00549999933 0.03722286575
v 0.01788002065 0.00549999933 0.03899634825
v 0.01830767718 0.00549999933 0.03879741255
v 0.01873312118 0.00549999933 0.03859378475
v 0.01915629545 0.00549999933 0.03838549355
v 0.01736759247 0.00549999933 -0.03713982685
v 0.0180672349 0.00549999933 -0.03890996195
v 0.0180672349 -0.00150000114 -0.03890996195
v 0.01736759247 -0.00150000114 -0.03713982685
v -0.03799284078 0.00549999933 0.01541245655
v -0.03970971358 0.00549999933 0.01623417755
v -0.03970971358 -0.00150000114 0.01623417755
v -0.03799284078 -0.00150000114 0.01541245655
v -0.03527138818 0.00549999933 0.02090285025
v -0.03546200808 0.00549999933 0.02057779955
v -0.03564964288 0.00549999933 0.02025100365
v -0.03583425458 0.00549999933 0.01992250065
v -0.03755112728 0.00549999933 0.02074422155
v -0.03732078708 0.00549999933 0.02115581825
v -0.03708594548 0.00549999933 0.02156485915
v -0.03684661208 0.00549999933 0.02197128695
v -0.03970971358 0.00549999933 0.01623417755
v -0.03988579918 0.00549999933 0.01579662185
v -0.04005705928 0.00549999933 0.01535714935
v -0.04022347468 0.00549999933 0.01491582675
v -0.04022347468 -0.00150000114 0.01491582675
v -0.04005705928 -0.00150000114 0.01535714935
v -0.03988579918 -0.00150000114 0.01579662185
v -0.03970971358 -0.00150000114 0.01623417755
v -0.03176202813 0.00549999933 0.02592631675
v -0.03316041259 0.00549999933 0.02721758935
v -0.03316041259 -0.00150000114 0.02721758935
v -0.03176202813 -0.00150000114 0.02592631675
v -0.03963123558 0.00549999933 -0.01642483795
v -0.03980942088 0.00549999933 -0.01598813175
v -0.03998279008 0.00549999933 -0.01554948955
v -0.04015132418 0.00549999933 -0.01510896865
v -0.03833386038 0.00549999933 -0.01454356535
v -0.03819857148 0.00549999933 -0.01489527065
v -0.03806005918 0.00549999933 -0.01524571705
v -0.03791833308 0.00549999933 -0.01559487605
v -0.02254468888 -0.00150000114 -0.03424524735
v -0.02349241891 -0.00150000114 -0.03589590905
v -0.02349241891 0.00549999933 -0.03589590905
v -0.02254468888 0.00549999933 -0.03424524735
v 0.02961956042 0.00549999933 0.03103372245
v 0.02927657804 0.00549999933 0.03135748465
v 0.02893005515 0.00549999933 0.03167747045
v 0.02858003704 0.00549999933 0.03199361285
v 0.02858003704 -0.00150000114 0.03199361285
v 0.02893005515 -0.00150000114 0.03167747045
v 0.02927657804 -0.00150000114 0.03135748465
v 0.02961956042 -0.00150000114 0.03103372245
v -0.01820856581 0.00549999933 -0.03673483515
v -0.01915629584 0.00549999933 -0.03838549445
v -0.01915629584 -0.00150000114 -0.03838549445
v -0.01820856581 -0.00150000114 -0.03673483515
v -0.005648844177 0.00549999933 0.04060899885
v -0.005795641827 0.00549999933 0.04250671515
v -0.005795641827 -0.00150000114 0.04250671515
v -0.005648844177 -0.00150000114 0.04060899885
v 0.02349241852 0.00549999933 0.03589590575
v 0.02388564751 0.00549999933 0.03563545795
v 0.02427599164 0.00549999933 0.03537069955
v 0.02466339846 0.00549999933 0.03510165915
v 0.02348023934 0.00549999933 0.03361069225
v 0.02317033773 0.00549999933 0.03382506815
v 0.02285848109 0.00549999933 0.03403659255
v 0.02254469326 0.00549999933 0.03424524635
v -0.03403994632 0.00549999933 0.02610923705
v -0.0337508406 0.00549999933 0.02648190485
v -0.03345764362 0.00549999933 0.02685136835
v -0.03316041259 0.00549999933 0.02721758935
v -0.03176202813 0.00549999933 0.02592631675
v -0.031998968 0.00549999933 0.02563329995
v -0.03223320897 0.00549999933 0.02533811825
v -0.03246472243 0.00549999933 0.02504080035
v -0.03684661208 0.00549999933 0.02197128695
v -0.03708594548 0.00549999933 0.02156485915
v -0.03732078708 0.00549999933 0.02115581825
v -0.03755112728 0.00549999933 0.02074422155
v -0.03755112728 -0.00150000114 0.02074422155
v -0.03732078708 -0.00150000114 0.02115581825
v -0.03708594548 -0.00150000114 0.02156485915
v -0.03684661208 -0.00150000114 0.02197128695
v 0.04092960045 -0.00150000114 -0.002401650149
v 0.04283297702 -0.00150000114 -0.002397078649
v 0.04283297702 0.00549999933 -0.002397078649
v 0.04092960045 0.00549999933 -0.002401650149
v 0.03391406913 0.00549999933 0.02627252995
v 0.03362317397 0.00549999933 0.02664380445
v 0.03332821139 0.00549999933 0.02701185545
v 0.03302922194 0.00549999933 0.02737664485
v 0.03302922194 -0.00150000114 0.02737664485
v 0.03332821139 -0.00150000114 0.02701185545
v 0.03362317397 -0.00150000114 0.02664380445
v 0.03391406913 -0.00150000114 0.02627252995
v -0.01271762793 -0.00150000114 0.03897770745
v -0.01341726559 -0.00150000114 0.04074784975
v -0.01341726559 0.00549999933 0.04074784975
v -0.01271762793 0.00549999933 0.03897770745
v 0.04007330785 0.00549999933 0.008667760651
v 0.03999195163 0.00549999933 0.009035697551
v 0.03990721702 0.00549999933 0.009402881051
v 0.03981911118 0.00549999933 0.009769253951
v 0.04163657978 0.00549999933 0.01033466205
v 0.04174768603 0.00549999933 0.009876269151
v 0.04185374495 0.00549999933 0.009416684151
v 0.04195474464 0.00549999933 0.008955964251
v 0.01271762755 -0.00150000114 -0.03897771085
v 0.01341726521 -0.00150000114 -0.04074784595
v 0.01341726521 0.00549999933 -0.04074784595
v 0.01271762755 0.00549999933 -0.03897771085
v -0.03583425458 -0.00150000114 0.01992250065
v -0.03755112728 -0.00150000114 0.02074422155
v -0.03755112728 0.00549999933 0.02074422155
v -0.03583425458 0.00549999933 0.01992250065
v -0.005648844177 0.00549999933 0.04060899885
v -0.006021830867 0.00549999933 0.04055536355
v -0.006394312117 0.00549999933 0.04049830455
v -0.006766254527 0.00549999933 0.04043783145
v -0.007194257287 0.00549999933 0.04229246975
v -0.006728845277 0.00549999933 0.04236900295
v -0.006262622637 0.00549999933 0.04244042445
v -0.005795641827 0.00549999933 0.04250671515
v -0.03403994632 -0.00150000114 0.02610923705
v -0.0337508406 -0.00150000114 0.02648190485
v -0.03345764362 -0.00150000114 0.02685136835
v -0.03316041259 -0.00150000114 0.02721758935
v -0.03316041259 0.00549999933 0.02721758935
v -0.03345764362 0.00549999933 0.02685136835
v -0.0337508406 0.00549999933 0.02648190485
v -0.03403994632 0.00549999933 0.02610923705
v 0.04091758491 0.00549999933 0.002598335551
v 0.04282096387 0.00549999933 0.002602906951
v 0.04282096387 -0.00150000114 0.002602906951
v 0.04091758491 -0.00150000114 0.002598335551
v 0.01322127552 0.00549999933 0.04081185945
v 0.01277177995 0.00549999933 0.04095474765
v 0.01232073944 0.00549999933 0.04109269585
v 0.01186821121 0.00549999933 0.04122566585
v 0.01186821121 -0.00150000114 0.04122566585
v 0.01232073944 -0.00150000114 0.04109269585
v 0.01277177995 -0.00150000114 0.04095474765
v 0.01322127552 -0.00150000114 0.04081185945
v -0.01736759286 0.00549999933 0.03713982585
v -0.01806723051 0.00549999933 0.03890995865
v -0.01806723051 -0.00150000114 0.03890995865
v -0.01736759286 -0.00150000114 0.03713982585
v 0.03573809416 0.00549999933 0.02009448795
v 0.03555190059 0.00549999933 0.02042210335
v 0.03536270534 0.00549999933 0.02074799255
v 0.03517052033 0.00549999933 0.02107212705
v 0.03674059061 0.00549999933 0.02214811285
v 0.03698187093 0.00549999933 0.02174283985
v 0.03721868328 0.00549999933 0.02133494425
v 0.03745099429 0.00549999933 0.02092445465
v 0.02739687554 -0.00150000114 0.03050264585
v 0.02858003704 -0.00150000114 0.03199361285
v 0.02858003704 0.00549999933 0.03199361285
v 0.02739687554 0.00549999933 0.03050264585
v 0.02822739609 0.00549999933 0.02973574065
v 0.02961956042 0.00549999933 0.03103372245
v 0.02961956042 -0.00150000114 0.03103372245
v 0.02822739609 -0.00150000114 0.02973574065
v 0.04283297702 0.00549999933 -0.002397078649
v 0.04280403621 0.00549999933 -0.002867850549
v 0.04276991934 0.00549999933 -0.003338274249
v 0.04273063117 0.00549999933 -0.003808297549
v 0.04084782962 0.00549999933 -0.003529136449
v 0.04087853966 0.00549999933 -0.003153565149
v 0.0409057974 0.00549999933 -0.002777726849
v 0.04092960045 0.00549999933 -0.002401650149
v -0.01736759286 0.00549999933 0.03713982585
v -0.01770820689 0.00549999933 0.03697863525
v -0.01804731412 0.00549999933 0.03681432605
v -0.01838490499 0.00549999933 0.03664689845
v -0.01934055631 0.00549999933 0.03829298635
v -0.01891838413 0.00549999933 0.03850331035
v -0.01849392312 0.00549999933 0.03870897095
v -0.01806723051 0.00549999933 0.03890995865
v -0.005795641827 0.00549999933 0.04250671515
v -0.006262622637 0.00549999933 0.04244042445
v -0.006728845277 0.00549999933 0.04236900295
v -0.007194257287 0.00549999933 0.04229246975
v -0.007194257287 -0.00150000114 0.04229246975
v -0.006728845277 -0.00150000114 0.04236900295
v -0.006262622637 -0.00150000114 0.04244042445
v -0.005795641827 -0.00150000114 0.04250671515
v 0.04083039803 -0.00150000114 0.003725411551
v 0.04271183482 -0.00150000114 0.004013619951
v 0.04271183482 0.00549999933 0.004013619951
v 0.04083039803 0.00549999933 0.003725411551
v -0.02754315242 0.00549999933 0.03037061815
v -0.02782111942 0.00549999933 0.03011619645
v -0.02809674039 0.00549999933 0.02985922845
v -0.02836997716 0.00549999933 0.02959973315
v -0.02976837115 0.00549999933 0.03089100575
v -0.02942694678 0.00549999933 0.03121641905
v -0.0290819652 0.00549999933 0.03153806545
v -0.02873346455 0.00549999933 0.03185588755
v -0.02366466384 0.00549999933 0.03578258365
v -0.0240566426 0.00549999933 0.03552024625
v -0.0244457031 0.00549999933 0.03525361735
v -0.02483181675 0.00549999933 0.03498272545
v -0.02483181675 -0.00150000114 0.03498272545
v -0.0244457031 -0.00150000114 0.03525361735
v -0.0240566426 -0.00150000114 0.03552024625
v -0.02366466384 -0.00150000114 0.03578258365
v 0.01915629545 0.00549999933 0.03838549355
v 0.01873312118 0.00549999933 0.03859378475
v 0.01830767718 0.00549999933 0.03879741255
v 0.01788002065 0.00549999933 0.03899634825
v 0.01788002065 -0.00150000114 0.03899634825
v 0.01830767718 -0.00150000114 0.03879741255
v 0.01873312118 -0.00150000114 0.03859378475
v 0.01915629545 -0.00150000114 0.03838549355
v -0.01838490499 -0.00150000114 0.03664689845
v -0.01934055631 -0.00150000114 0.03829298635
v -0.01934055631 0.00549999933 0.03829298635
v -0.01838490499 0.00549999933 0.03664689845
v 0.0004667061433 0.00549999933 0.04099734575
v 8.989034326e-05 0.00549999933 0.04099990095
v -0.0002869349867 0.00549999933 0.04099899435
v -0.0006637364767 0.00549999933 0.04099462585
v -0.0008105388867 0.00549999933 0.04289234205
v -0.0003389183467 0.00549999933 0.04289866575
v 0.0001327403633 0.00549999933 0.04289979195
v 0.0006043847733 0.00549999933 0.04289573965
v 0.005591286693 -0.00150000114 0.04253407695
v 0.006058582443 -0.00150000114 0.04247002905
v 0.006525143883 -0.00150000114 0.04240085985
v 0.006990913783 -0.00150000114 0.04232655035
v 0.006990913783 0.00549999933 0.04232655035
v 0.006525143883 0.00549999933 0.04240085985
v 0.006058582443 0.00549999933 0.04247002905
v 0.005591286693 0.00549999933 0.04253407695
v 0.03963123281 0.00549999933 0.01642484185
v 0.0398094157 0.00549999933 0.01598813555
v 0.03998278969 0.00549999933 0.01554949335
v 0.04015132617 0.00549999933 0.01510897245
v 0.03833385757 0.00549999933 0.01454356435
v 0.03819857348 0.00549999933 0.01489526965
v 0.03806006121 0.00549999933 0.01524571615
v 0.03791833267 0.00549999933 0.01559487515
v 0.0316370576 -0.00150000114 0.02607866305
v 0.03302922194 -0.00150000114 0.02737664485
v 0.03302922194 0.00549999933 0.02737664485
v 0.0316370576 0.00549999933 0.02607866305
v 0.03234400123 0.00549999933 0.02519654415
v 0.03391406913 0.00549999933 0.02627252995
v 0.03391406913 -0.00150000114 0.02627252995
v 0.03234400123 -0.00150000114 0.02519654415
v 0.02348023934 0.00549999933 0.03361069225
v 0.02466339846 0.00549999933 0.03510165915
v 0.02466339846 -0.00150000114 0.03510165915
v 0.02348023934 -0.00150000114 0.03361069225
v 0.04283297702 -0.00150000114 -0.002397078649
v 0.04280403621 -0.00150000114 -0.002867850549
v 0.04276991934 -0.00150000114 -0.003338274249
v 0.04273063117 -0.00150000114 -0.003808297549
v 0.04273063117 0.00549999933 -0.003808297549
v 0.04276991934 0.00549999933 -0.003338274249
v 0.04280403621 0.00549999933 -0.002867850549
v 0.04283297702 0.00549999933 -0.002397078649
v -0.03527138818 0.00549999933 0.02090285025
v -0.03684661208 0.00549999933 0.02197128695
v -0.03684661208 -0.00150000114 0.02197128695
v -0.03527138818 -0.00150000114 0.02090285025
v -0.01341726559 0.00549999933 0.04074784975
v -0.01296846195 0.00549999933 0.04089289485
v -0.01251809426 0.00549999933 0.04103299995
v -0.01206620546 0.00549999933 0.04116814595
v -0.01163820748 0.00549999933 0.03931350765
v -0.0119990395 0.00549999933 0.03920488345
v -0.01235885586 0.00549999933 0.03909295015
v -0.01271762793 0.00549999933 0.03897770745
v -0.01806723051 0.00549999933 0.03890995865
v -0.01849392312 0.00549999933 0.03870897095
v -0.01891838413 0.00549999933 0.03850331035
v -0.01934055631 0.00549999933 0.03829298635
v -0.01934055631 -0.00150000114 0.03829298635
v -0.01891838413 -0.00150000114 0.03850331035
v -0.01849392312 -0.00150000114 0.03870897095
v -0.01806723051 -0.00150000114 0.03890995865
v 0.04007330785 0.00549999933 0.008667760651
v 0.04195474464 0.00549999933 0.008955964251
v 0.04195474464 -0.00150000114 0.008955964251
v 0.04007330785 -0.00150000114 0.008667760651
v -0.02873346455 0.00549999933 0.03185588755
v -0.0290819652 0.00549999933 0.03153806545
v -0.02942694678 0.00549999933 0.03121641905
v -0.02976837115 0.00549999933 0.03089100575
v -0.02976837115 -0.00150000114 0.03089100575
v -0.02942694678 -0.00150000114 0.03121641905
v -0.0290819652 -0.00150000114 0.03153806545
v -0.02873346455 -0.00150000114 0.03185588755
v -0.02270901253 0.00549999933 0.03413650535
v -0.02302179826 0.00549999933 0.03392634355
v -0.02333263849 0.00549999933 0.03371332075
v -0.02364150462 0.00549999933 0.03349745605
v -0.02483181675 0.00549999933 0.03498272545
v -0.0244457031 0.00549999933 0.03525361735
v -0.0240566426 0.00549999933 0.03552024625
v -0.02366466384 0.00549999933 0.03578258365
v 0.02349241852 -0.00150000114 0.03589590575
v 0.02388564751 -0.00150000114 0.03563545795
v 0.02427599164 -0.00150000114 0.03537069955
v 0.02466339846 -0.00150000114 0.03510165915
v 0.02466339846 0.00549999933 0.03510165915
v 0.02427599164 0.00549999933 0.03537069955
v 0.02388564751 0.00549999933 0.03563545795
v 0.02349241852 0.00549999933 0.03589590575
v -0.02270901253 0.00549999933 0.03413650535
v -0.02366466384 0.00549999933 0.03578258365
v -0.02366466384 -0.00150000114 0.03578258365
v -0.02270901253 -0.00150000114 0.03413650535
v 0.0006043847733 0.00549999933 0.04289573965
v 0.0001327403633 0.00549999933 0.04289979195
v -0.0003389183467 0.00549999933 0.04289866575
v -0.0008105388867 0.00549999933 0.04289234205
v -0.0008105388867 -0.00150000114 0.04289234205
v -0.0003389183467 -0.00150000114 0.04289866575
v 0.0001327403633 -0.00150000114 0.04289979195
v 0.0006043847733 -0.00150000114 0.04289573965
v 0.005591286693 0.00549999933 0.04253407695
v 0.006058582443 0.00549999933 0.04247002905
v 0.006525143883 0.00549999933 0.04240085985
v 0.006990913783 0.00549999933 0.04232655035
v 0.006571829633 0.00549999933 0.04046987925
v 0.006199605673 0.00549999933 0.04052856775
v 0.005826852433 0.00549999933 0.04058383245
v 0.005453608063 0.00549999933 0.04063567355
v 0.04091758491 0.00549999933 0.002598335551
v 0.04089197571 0.00549999933 0.002974288251
v 0.04086291183 0.00549999933 0.003349992951
v 0.04083039803 0.00549999933 0.003725411551
v 0.04271183482 0.00549999933 0.004013619951
v 0.04275338009 0.00549999933 0.003543792451
v 0.04278975882 0.00549999933 0.003073535651
v 0.04282096387 0.00549999933 0.002602906951
v 0.01144913182 -0.00150000114 0.03936899475
v 0.01186821121 -0.00150000114 0.04122566585
v 0.01186821121 0.00549999933 0.04122566585
v 0.01144913182 0.00549999933 0.03936899475
v 0.01253015085 0.00549999933 0.03903838635
v 0.01322127552 0.00549999933 0.04081185945
v 0.01322127552 -0.00150000114 0.04081185945
v 0.01253015085 -0.00150000114 0.03903838635
v 0.03981911118 -0.00150000114 0.009769253951
v 0.04163657978 -0.00150000114 0.01033466205
v 0.04163657978 0.00549999933 0.01033466205
v 0.03981911118 0.00549999933 0.009769253951
v -0.01341726559 -0.00150000114 0.04074784975
v -0.01296846195 -0.00150000114 0.04089289485
v -0.01251809426 -0.00150000114 0.04103299995
v -0.01206620546 -0.00150000114 0.04116814595
v -0.01206620546 0.00549999933 0.04116814595
v -0.01251809426 0.00549999933 0.04103299995
v -0.01296846195 0.00549999933 0.04089289485
v -0.01341726559 0.00549999933 0.04074784975
v 0.03791833267 -0.00150000114 0.01559487515
v 0.03963123281 -0.00150000114 0.01642484185
v 0.03963123281 0.00549999933 0.01642484185
v 0.03791833267 0.00549999933 0.01559487515
v 0.04195474464 0.00549999933 0.008955964251
v 0.04185374495 0.00549999933 0.009416684151
v 0.04174768603 0.00549999933 0.009876269151
v 0.04163657978 0.00549999933 0.01033466205
v 0.04163657978 -0.00150000114 0.01033466205
v 0.04174768603 -0.00150000114 0.009876269151
v 0.04185374495 -0.00150000114 0.009416684151
v 0.04195474464 -0.00150000114 0.008955964251
v -0.006766254527 -0.00150000114 0.04043783145
v -0.007194257287 -0.00150000114 0.04229246975
v -0.007194257287 0.00549999933 0.04229246975
v -0.006766254527 0.00549999933 0.04043783145
v 0.006571829633 0.00549999933 0.04046987925
v 0.006990913783 0.00549999933 0.04232655035
v 0.006990913783 -0.00150000114 0.04232655035
v 0.006571829633 -0.00150000114 0.04046987925
v 0.01718889599 -0.00150000114 0.03722286575
v 0.01788002065 -0.00150000114 0.03899634825
v 0.01788002065 0.00549999933 0.03899634825
v 0.01718889599 0.00549999933 0.03722286575
v 0.01820857019 0.00549999933 0.03673483425
v 0.01915629545 0.00549999933 0.03838549355
v 0.01915629545 -0.00150000114 0.03838549355
v 0.01820857019 -0.00150000114 0.03673483425
v 0.03833385757 0.00549999933 0.01454356435
v 0.04015132617 0.00549999933 0.01510897245
v 0.04015132617 -0.00150000114 0.01510897245
v 0.03833385757 -0.00150000114 0.01454356435
v -0.03246472243 -0.00150000114 0.02504080035
v -0.03403994632 -0.00150000114 0.02610923705
v -0.03403994632 0.00549999933 0.02610923705
v -0.03246472243 0.00549999933 0.02504080035
v 0.03573809416 0.00549999933 0.02009448795
v 0.03745099429 0.00549999933 0.02092445465
v 0.03745099429 -0.00150000114 0.02092445465
v 0.03573809416 -0.00150000114 0.02009448795
v 0.03745099429 0.00549999933 0.02092445465
v 0.03721868328 0.00549999933 0.02133494425
v 0.03698187093 0.00549999933 0.02174283985
v 0.03674059061 0.00549999933 0.02214811285
v 0.03674059061 -0.00150000114 0.02214811285
v 0.03698187093 -0.00150000114 0.02174283985
v 0.03721868328 -0.00150000114 0.02133494425
v 0.03745099429 -0.00150000114 0.02092445465
v -0.01163820748 0.00549999933 0.03931350765
v -0.01206620546 0.00549999933 0.04116814595
v -0.01206620546 -0.00150000114 0.04116814595
v -0.01163820748 -0.00150000114 0.03931350765
v 0.02254469326 -0.00150000114 0.03424524635
v 0.02349241852 -0.00150000114 0.03589590575
v 0.02349241852 0.00549999933 0.03589590575
v 0.02254469326 0.00549999933 0.03424524635
v 0.03517052033 -0.00150000114 0.02107212705
v 0.03674059061 -0.00150000114 0.02214811285
v 0.03674059061 0.00549999933 0.02214811285
v 0.03517052033 0.00549999933 0.02107212705
v 0.03963123281 -0.00150000114 0.01642484185
v 0.0398094157 -0.00150000114 0.01598813555
v 0.03998278969 -0.00150000114 0.01554949335
v 0.04015132617 -0.00150000114 0.01510897245
v 0.04015132617 0.00549999933 0.01510897245
v 0.03998278969 0.00549999933 0.01554949335
v 0.0398094157 0.00549999933 0.01598813555
v 0.03963123281 0.00549999933 0.01642484185
v 0.04282096387 0.00549999933 0.002602906951
v 0.04278975882 0.00549999933 0.003073535651
v 0.04275338009 0.00549999933 0.003543792451
v 0.04271183482 0.00549999933 0.004013619951
v 0.04271183482 -0.00150000114 0.004013619951
v 0.04275338009 -0.00150000114 0.003543792451
v 0.04278975882 -0.00150000114 0.003073535651
v 0.04282096387 -0.00150000114 0.002602906951
f 2 3 1
f 1 3 4
f 1 4 5
f 5 6 1
f 16 7 15
f 15 7 8
f 15 8 14
f 14 8 9
f 14 9 13
f 13 9 10
f 13 10 12
f 12 10 11
f 26 17 25
f 25 17 18
f 25 18 24
f 24 18 19
f 24 19 23
f 23 19 20
f 23 20 22
f 22 20 21
f 28 66 27
f 27 66 47
f 27 47 46
f 46 47 48
f 46 48 45
f 45 48 49
f 45 49 44
f 44 49 50
f 44 50 43
f 43 50 51
f 43 51 42
f 42 51 52
f 42 52 41
f 41 52 53
f 41 53 40
f 40 53 54
f 40 54 39
f 39 54 55
f 39 55 38
f 38 55 56
f 38 56 37
f 37 56 67
f 68 57 36
f 36 57 58
f 36 58 35
f 35 58 59
f 35 59 34
f 34 59 60
f 34 60 33
f 33 60 61
f 33 61 32
f 32 61 62
f 32 62 31
f 31 62 63
f 31 63 30
f 30 63 64
f 30 64 29
f 29 64 65
f 29 65 28
f 28 65 66
f 70 88 69
f 69 88 89
f 69 89 87
f 87 89 90
f 87 90 86
f 86 90 91
f 86 91 85
f 85 91 92
f 85 92 84
f 84 92 93
f 84 93 83
f 83 93 94
f 83 94 82
f 82 94 95
f 82 95 81
f 81 95 96
f 81 96 80
f 80 96 108
f 80 108 79
f 107 97 98
f 107 98 78
f 78 98 99
f 78 99 77
f 77 99 100
f 77 100 76
f 76 100 101
f 76 101 75
f 75 101 102
f 75 102 74
f 74 102 103
f 74 103 73
f 73 103 104
f 73 104 72
f 72 104 105
f 72 105 71
f 71 105 106
f 71 106 70
f 70 106 88
f 110 168 109
f 109 168 139
f 109 139 138
f 138 139 140
f 138 140 137
f 137 140 141
f 137 141 136
f 136 141 142
f 136 142 135
f 135 142 143
f 135 143 134
f 134 143 144
f 134 144 133
f 133 144 145
f 133 145 132
f 132 145 146
f 132 146 131
f 131 146 147
f 131 147 130
f 130 147 148
f 130 148 129
f 129 148 149
f 129 149 128
f 128 149 150
f 128 150 127
f 127 150 151
f 127 151 126
f 126 151 152
f 126 152 125
f 125 152 153
f 125 153 124
f 124 153 170
f 169 154 123
f 123 154 155
f 123 155 122
f 122 155 156
f 122 156 121
f 121 156 157
f 121 157 120
f 120 157 158
f 120 158 119
f 119 158 159
f 119 159 118
f 118 159 160
f 118 160 117
f 117 160 161
f 117 161 116
f 116 161 162
f 116 162 115
f 115 162 163
f 115 163 114
f 114 163 164
f 114 164 113
f 113 164 165
f 113 165 112
f 112 165 166
f 112 166 111
f 111 166 167
f 111 167 110
f 110 167 168
f 172 182 171
f 171 182 177
f 171 177 176
f 176 177 178
f 176 178 175
f 175 178 179
f 175 179 174
f 174 179 183
f 184 180 173
f 173 180 181
f 173 181 172
f 172 181 182
f 186 187 185
f 185 187 188
f 185 188 194
f 194 188 189
f 194 189 193
f 193 189 190
f 193 190 191
f 191 192 193
f 185 194 208
f 208 194 195
f 208 195 196
f 208 196 207
f 207 196 197
f 207 197 206
f 206 197 203
f 206 203 205
f 205 203 204
f 203 197 202
f 202 197 198
f 202 198 199
f 199 200 202
f 202 200 201
f 210 220 209
f 209 220 215
f 209 215 214
f 214 215 216
f 214 216 213
f 213 216 217
f 213 217 212
f 212 217 221
f 222 218 211
f 211 218 219
f 211 219 210
f 210 219 220
f 224 225 223
f 223 225 226
f 223 226 232
f 232 226 227
f 232 227 231
f 231 227 228
f 231 228 229
f 229 230 231
f 223 232 246
f 246 232 233
f 246 233 245
f 245 233 234
f 245 234 235
f 236 240 235
f 235 240 241
f 235 241 244
f 244 241 243
f 243 241 242
f 237 238 236
f 236 238 239
f 236 239 240
f 244 245 235
f 247 248 258
f 258 248 249
f 258 249 257
f 257 249 250
f 257 250 256
f 256 250 251
f 256 251 255
f 255 251 252
f 255 252 254
f 254 252 253
f 259 260 264
f 264 260 261
f 264 261 262
f 262 263 264
f 265 266 270
f 270 266 267
f 270 267 268
f 268 269 270
f 272 282 271
f 271 282 277
f 271 277 276
f 276 277 278
f 276 278 275
f 275 278 279
f 275 279 274
f 274 279 283
f 284 280 273
f 273 280 281
f 273 281 272
f 272 281 282
f 286 305 285
f 285 305 306
f 285 306 304
f 304 306 307
f 304 307 303
f 303 307 308
f 303 308 302
f 302 308 309
f 302 309 301
f 301 309 310
f 301 310 300
f 300 310 311
f 300 311 299
f 299 311 312
f 299 312 298
f 298 312 313
f 298 313 297
f 297 313 314
f 297 314 296
f 296 314 295
f 295 314 325
f 326 315 294
f 294 315 316
f 294 316 317
f 305 286 324
f 324 286 287
f 324 287 323
f 323 287 288
f 323 288 322
f 322 288 289
f 322 289 321
f 321 289 290
f 321 290 320
f 320 290 291
f 320 291 319
f 319 291 292
f 319 292 318
f 318 292 293
f 318 293 317
f 317 293 294
f 327 328 338
f 338 328 329
f 338 329 337
f 337 329 330
f 337 330 336
f 336 330 331
f 336 331 335
f 335 331 332
f 335 332 334
f 334 332 333
f 340 383 339
f 339 383 384
f 339 384 391
f 391 384 390
f 390 384 385
f 390 385 387
f 387 385 386
f 341 381 340
f 340 381 382
f 340 382 383
f 381 341 380
f 380 341 342
f 380 342 379
f 379 342 343
f 379 343 378
f 378 343 344
f 378 344 377
f 377 344 376
f 376 344 345
f 376 345 375
f 375 345 346
f 375 346 374
f 374 346 373
f 373 346 438
f 373 438 372
f 372 438 439
f 372 439 370
f 370 439 369
f 369 439 368
f 438 346 437
f 437 346 347
f 437 347 436
f 436 347 435
f 435 347 348
f 435 348 434
f 434 348 349
f 434 349 433
f 433 349 350
f 433 350 432
f 432 350 351
f 432 351 431
f 431 351 352
f 431 352 430
f 430 352 353
f 430 353 429
f 429 353 428
f 428 353 427
f 427 353 420
f 427 420 426
f 426 420 421
f 426 421 424
f 424 421 423
f 423 421 422
f 353 354 420
f 420 354 419
f 419 354 418
f 418 354 417
f 417 354 355
f 417 355 416
f 416 355 356
f 416 356 415
f 415 356 357
f 415 357 414
f 414 357 358
f 414 358 413
f 413 358 359
f 413 359 412
f 412 359 360
f 412 360 411
f 411 360 410
f 410 360 361
f 410 361 409
f 409 361 402
f 409 402 408
f 408 402 403
f 408 403 406
f 406 403 405
f 405 403 404
f 362 400 361
f 361 400 401
f 361 401 402
f 400 362 399
f 399 362 363
f 399 363 398
f 398 363 397
f 397 363 364
f 397 364 396
f 396 364 365
f 396 365 395
f 395 365 366
f 395 366 394
f 394 366 367
f 394 367 393
f 393 367 392
f 392 367 339
f 392 339 391
f 370 371 372
f 387 388 390
f 390 388 389
f 406 407 408
f 424 425 426
f 440 441 449
f 449 441 442
f 449 442 448
f 448 442 443
f 448 443 447
f 447 443 444
f 447 444 446
f 446 444 445
f 450 451 459
f 459 451 452
f 459 452 458
f 458 452 453
f 458 453 457
f 457 453 454
f 457 454 456
f 456 454 455
f 461 471 460
f 460 471 466
f 460 466 465
f 465 466 467
f 465 467 464
f 464 467 468
f 464 468 463
f 463 468 472
f 473 469 462
f 462 469 470
f 462 470 461
f 461 470 471
f 475 493 474
f 474 493 494
f 474 494 492
f 492 494 495
f 492 495 491
f 491 495 496
f 491 496 490
f 490 496 497
f 490 497 489
f 489 497 498
f 489 498 488
f 488 498 499
f 488 499 487
f 487 499 500
f 487 500 486
f 486 500 501
f 486 501 485
f 485 501 513
f 485 513 484
f 512 502 503
f 512 503 483
f 483 503 504
f 483 504 482
f 482 504 505
f 482 505 481
f 481 505 506
f 481 506 480
f 480 506 507
f 480 507 479
f 479 507 508
f 479 508 478
f 478 508 509
f 478 509 477
f 477 509 510
f 477 510 476
f 476 510 511
f 476 511 475
f 475 511 493
f 543 514 559
f 559 514 515
f 559 515 558
f 558 515 516
f 558 516 577
f 577 516 576
f 576 516 517
f 576 517 518
f 576 518 575
f 575 518 519
f 575 519 574
f 574 519 553
f 574 553 554
f 519 520 553
f 553 520 552
f 552 520 521
f 552 521 522
f 552 522 551
f 551 522 523
f 551 523 550
f 550 523 524
f 550 524 572
f 572 524 571
f 571 524 525
f 571 525 570
f 570 525 526
f 570 526 527
f 528 545 527
f 527 545 569
f 527 569 570
f 545 528 544
f 544 528 529
f 544 529 530
f 544 530 549
f 549 530 531
f 549 531 587
f 587 531 586
f 586 531 532
f 586 532 533
f 586 533 585
f 585 533 534
f 585 534 584
f 584 534 562
f 584 562 563
f 534 535 562
f 562 535 567
f 567 535 536
f 567 536 537
f 567 537 566
f 566 537 538
f 566 538 565
f 565 538 539
f 565 539 582
f 582 539 581
f 581 539 540
f 581 540 580
f 580 540 541
f 580 541 542
f 543 560 542
f 542 560 579
f 542 579 580
f 560 543 559
f 545 546 569
f 569 546 568
f 568 546 547
f 568 547 548
f 568 548 587
f 587 548 549
f 574 554 573
f 573 554 555
f 573 555 572
f 572 555 550
f 561 556 578
f 578 556 557
f 578 557 577
f 577 557 558
f 560 561 579
f 579 561 578
f 584 563 583
f 583 563 564
f 583 564 582
f 582 564 565
f 589 632 588
f 588 632 633
f 588 633 617
f 617 633 634
f 617 634 616
f 616 634 635
f 616 635 615
f 615 635 636
f 615 636 614
f 614 636 637
f 614 637 613
f 613 637 638
f 613 638 612
f 612 638 639
f 612 639 611
f 611 639 640
f 611 640 610
f 610 640 641
f 610 641 609
f 609 641 642
f 609 642 608
f 608 642 643
f 608 643 607
f 607 643 644
f 607 644 606
f 606 644 645
f 606 645 605
f 605 645 646
f 605 646 604
f 604 646 647
f 604 647 603
f 603 647 649
f 648 618 602
f 602 618 619
f 602 619 601
f 601 619 620
f 601 620 600
f 600 620 621
f 600 621 599
f 599 621 622
f 599 622 598
f 598 622 623
f 598 623 597
f 597 623 624
f 597 624 596
f 596 624 625
f 596 625 595
f 595 625 626
f 595 626 594
f 594 626 627
f 594 627 593
f 593 627 628
f 593 628 592
f 592 628 629
f 592 629 591
f 591 629 630
f 591 630 590
f 590 630 631
f 590 631 589
f 589 631 632
f 657 650 656
f 656 650 651
f 656 651 652
f 653 654 652
f 652 654 655
f 652 655 656
f 658 659 665
f 665 659 664
f 664 659 663
f 663 659 660
f 663 660 662
f 662 660 661
f 667 668 666
f 666 668 669
f 666 669 670
f 670 671 666
f 679 672 678
f 678 672 673
f 678 673 674
f 675 676 674
f 674 676 677
f 674 677 678
f 680 681 691
f 691 681 682
f 691 682 690
f 690 682 683
f 690 683 689
f 689 683 684
f 689 684 688
f 688 684 685
f 688 685 687
f 687 685 686
f 699 692 698
f 698 692 693
f 698 693 694
f 695 696 694
f 694 696 697
f 694 697 698
f 701 739 700
f 700 739 720
f 700 720 719
f 719 720 721
f 719 721 718
f 718 721 722
f 718 722 717
f 717 722 723
f 717 723 716
f 716 723 724
f 716 724 715
f 715 724 725
f 715 725 714
f 714 725 726
f 714 726 713
f 713 726 727
f 713 727 712
f 712 727 728
f 712 728 711
f 711 728 729
f 711 729 710
f 710 729 741
f 740 730 709
f 709 730 731
f 709 731 708
f 708 731 732
f 708 732 707
f 707 732 733
f 707 733 706
f 706 733 734
f 706 734 705
f 705 734 735
f 705 735 704
f 704 735 736
f 704 736 703
f 703 736 737
f 703 737 702
f 702 737 738
f 702 738 701
f 701 738 739
f 761 742 762
f 762 742 743
f 762 743 780
f 780 743 744
f 780 744 779
f 779 744 745
f 779 745 778
f 778 745 746
f 778 746 777
f 777 746 747
f 777 747 776
f 776 747 748
f 776 748 775
f 775 748 749
f 775 749 774
f 774 749 750
f 774 750 773
f 773 750 751
f 773 751 772
f 772 751 752
f 772 752 771
f 771 752 753
f 771 753 770
f 770 753 754
f 770 754 769
f 769 754 755
f 769 755 768
f 768 755 756
f 768 756 767
f 767 756 757
f 767 757 766
f 766 757 758
f 766 758 765
f 765 758 759
f 765 759 764
f 764 759 760
f 764 760 763
f 763 760 761
f 763 761 762
f 952 781 953
f 953 781 782
f 953 782 783
f 783 784 953
f 953 784 785
f 953 785 982
f 982 785 786
f 982 786 787
f 787 788 982
f 982 788 789
f 982 789 790
f 790 791 982
f 982 791 981
f 981 791 792
f 981 792 793
f 793 794 981
f 981 794 795
f 981 795 796
f 981 796 980
f 980 796 797
f 980 797 798
f 798 799 980
f 980 799 800
f 980 800 801
f 980 801 979
f 979 801 802
f 979 802 803
f 803 804 979
f 979 804 805
f 979 805 806
f 806 807 979
f 979 807 978
f 978 807 808
f 978 808 809
f 809 810 978
f 978 810 811
f 978 811 812
f 812 813 978
f 978 813 977
f 977 813 814
f 977 814 815
f 815 816 977
f 977 816 817
f 977 817 818
f 818 819 977
f 977 819 976
f 976 819 820
f 976 820 821
f 821 822 976
f 976 822 823
f 976 823 824
f 976 824 975
f 975 824 825
f 975 825 826
f 826 827 975
f 975 827 828
f 975 828 829
f 975 829 974
f 974 829 830
f 974 830 831
f 831 832 974
f 974 832 833
f 974 833 834
f 834 835 974
f 974 835 973
f 973 835 836
f 973 836 837
f 837 838 973
f 973 838 839
f 973 839 840
f 840 841 973
f 973 841 972
f 972 841 842
f 972 842 843
f 843 844 972
f 972 844 845
f 972 845 846
f 846 847 972
f 972 847 971
f 971 847 848
f 971 848 849
f 849 850 971
f 971 850 851
f 971 851 852
f 971 852 970
f 970 852 853
f 970 853 854
f 854 855 970
f 970 855 856
f 970 856 857
f 970 857 969
f 969 857 858
f 969 858 859
f 859 860 969
f 969 860 861
f 969 861 862
f 862 863 969
f 969 863 968
f 968 863 864
f 968 864 865
f 865 983 968
f 984 866 867
f 984 867 868
f 868 869 984
f 984 869 967
f 967 869 870
f 967 870 871
f 871 872 967
f 967 872 873
f 967 873 874
f 874 875 967
f 967 875 966
f 966 875 876
f 966 876 877
f 877 878 966
f 966 878 879
f 966 879 880
f 966 880 965
f 965 880 881
f 965 881 882
f 882 883 965
f 965 883 884
f 965 884 885
f 965 885 964
f 964 885 886
f 964 886 887
f 887 888 964
f 964 888 889
f 964 889 890
f 890 891 964
f 964 891 963
f 963 891 892
f 963 892 893
f 893 894 963
f 963 894 895
f 963 895 896
f 896 897 963
f 963 897 962
f 962 897 898
f 962 898 899
f 899 900 962
f 962 900 901
f 962 901 902
f 902 903 962
f 962 903 961
f 961 903 904
f 961 904 905
f 905 906 961
f 961 906 907
f 961 907 908
f 961 908 960
f 960 908 909
f 960 909 910
f 910 911 960
f 960 911 912
f 960 912 913
f 960 913 959
f 959 913 914
f 959 914 915
f 915 916 959
f 959 916 917
f 959 917 918
f 918 919 959
f 959 919 958
f 958 919 920
f 958 920 921
f 921 922 958
f 958 922 923
f 958 923 924
f 924 925 958
f 958 925 957
f 957 925 926
f 957 926 927
f 927 928 957
f 957 928 929
f 957 929 930
f 930 931 957
f 957 931 956
f 956 931 932
f 956 932 933
f 933 934 956
f 956 934 935
f 956 935 936
f 956 936 955
f 955 936 937
f 955 937 938
f 938 939 955
f 955 939 940
f 955 940 941
f 955 941 954
f 954 941 942
f 954 942 943
f 943 944 954
f 954 944 945
f 954 945 946
f 946 947 954
f 954 947 953
f 953 947 948
f 953 948 949
f 949 950 953
f 953 950 951
f 953 951 952
f 992 985 991
f 991 985 986
f 991 986 990
f 990 986 987
f 990 987 989
f 989 987 988
f 993 994 1002
f 1002 994 995
f 1002 995 1001
f 1001 995 996
f 1001 996 1000
f 1000 996 997
f 1000 997 999
f 999 997 998
f 1010 1003 1009
f 1009 1003 1004
f 1009 1004 1008
f 1008 1004 1005
f 1008 1005 1007
f 1007 1005 1006
f 1018 1011 1017
f 1017 1011 1012
f 1017 1012 1016
f 1016 1012 1013
f 1016 1013 1015
f 1015 1013 1014
f 1074 1019 1116
f 1116 1019 1020
f 1116 1020 1115
f 1115 1020 1021
f 1115 1021 1082
f 1082 1021 1081
f 1081 1021 1022
f 1081 1022 1086
f 1086 1022 1023
f 1086 1023 1024
f 1024 1025 1086
f 1086 1025 1085
f 1085 1025 1026
f 1085 1026 1027
f 1085 1027 1084
f 1084 1027 1028
f 1084 1028 1083
f 1083 1028 1114
f 1083 1114 1115
f 1028 1029 1114
f 1114 1029 1030
f 1114 1030 1113
f 1113 1030 1031
f 1113 1031 1112
f 1112 1031 1032
f 1112 1032 1111
f 1111 1032 1033
f 1111 1033 1110
f 1110 1033 1034
f 1110 1034 1035
f 1110 1035 1092
f 1092 1035 1036
f 1092 1036 1091
f 1091 1036 1037
f 1091 1037 1038
f 1091 1038 1090
f 1090 1038 1039
f 1090 1039 1089
f 1089 1039 1040
f 1089 1040 1041
f 1089 1041 1088
f 1088 1041 1042
f 1088 1042 1109
f 1109 1042 1043
f 1109 1043 1044
f 1109 1044 1108
f 1108 1044 1045
f 1108 1045 1107
f 1107 1045 1046
f 1107 1046 1106
f 1106 1046 1047
f 1106 1047 1105
f 1105 1047 1048
f 1105 1048 1049
f 1050 1096 1049
f 1049 1096 1097
f 1049 1097 1105
f 1105 1097 1104
f 1104 1097 1098
f 1104 1098 1056
f 1056 1098 1093
f 1056 1093 1055
f 1055 1093 1094
f 1055 1094 1054
f 1054 1094 1053
f 1053 1094 1095
f 1053 1095 1052
f 1052 1095 1051
f 1051 1095 1050
f 1050 1095 1096
f 1056 1057 1104
f 1104 1057 1103
f 1103 1057 1058
f 1103 1058 1059
f 1103 1059 1102
f 1102 1059 1060
f 1102 1060 1101
f 1101 1060 1061
f 1101 1061 1100
f 1100 1061 1062
f 1100 1062 1099
f 1099 1062 1063
f 1099 1063 1077
f 1077 1063 1064
f 1077 1064 1076
f 1076 1064 1065
f 1076 1065 1066
f 1076 1066 1075
f 1075 1066 1067
f 1075 1067 1080
f 1080 1067 1068
f 1080 1068 1069
f 1080 1069 1079
f 1079 1069 1070
f 1079 1070 1099
f 1099 1070 1071
f 1099 1071 1119
f 1119 1071 1072
f 1119 1072 1118
f 1118 1072 1073
f 1118 1073 1117
f 1117 1073 1074
f 1117 1074 1116
f 1077 1078 1099
f 1099 1078 1079
f 1082 1083 1115
f 1088 1109 1087
f 1087 1109 1110
f 1087 1110 1092
f 1127 1120 1126
f 1126 1120 1121
f 1126 1121 1125
f 1125 1121 1122
f 1125 1122 1124
f 1124 1122 1123
f 1128 1129 1137
f 1137 1129 1130
f 1137 1130 1136
f 1136 1130 1131
f 1136 1131 1135
f 1135 1131 1132
f 1135 1132 1134
f 1134 1132 1133
f 1139 1177 1138
f 1138 1177 1158
f 1138 1158 1157
f 1157 1158 1159
f 1157 1159 1156
f 1156 1159 1160
f 1156 1160 1155
f 1155 1160 1161
f 1155 1161 1154
f 1154 1161 1162
f 1154 1162 1153
f 1153 1162 1163
f 1153 1163 1152
f 1152 1163 1164
f 1152 1164 1151
f 1151 1164 1165
f 1151 1165 1150
f 1150 1165 1166
f 1150 1166 1149
f 1149 1166 1167
f 1149 1167 1148
f 1148 1167 1179
f 1178 1168 1147
f 1147 1168 1169
f 1147 1169 1146
f 1146 1169 1170
f 1146 1170 1145
f 1145 1170 1171
f 1145 1171 1144
f 1144 1171 1172
f 1144 1172 1143
f 1143 1172 1173
f 1143 1173 1142
f 1142 1173 1174
f 1142 1174 1141
f 1141 1174 1175
f 1141 1175 1140
f 1140 1175 1176
f 1140 1176 1139
f 1139 1176 1177
f 1198 1180 1199
f 1199 1180 1181
f 1199 1181 1210
f 1210 1181 1182
f 1210 1182 1209
f 1209 1182 1183
f 1209 1183 1184
f 1209 1184 1208
f 1208 1184 1185
f 1208 1185 1186
f 1208 1186 1207
f 1207 1186 1187
f 1207 1187 1206
f 1206 1187 1188
f 1206 1188 1189
f 1206 1189 1205
f 1205 1189 1190
f 1205 1190 1204
f 1204 1190 1191
f 1204 1191 1192
f 1204 1192 1203
f 1203 1192 1193
f 1203 1193 1202
f 1202 1193 1194
f 1202 1194 1195
f 1202 1195 1201
f 1201 1195 1196
f 1201 1196 1197
f 1201 1197 1200
f 1200 1197 1198
f 1200 1198 1199
f 1211 1212 1546
f 1546 1212 1547
f 1546 1547 1545
f 1545 1547 1544
f 1544 1547 1548
f 1544 1548 1543
f 1543 1548 1538
f 1543 1538 1540
f 1540 1538 1539
f 1212 1213 1547
f 1547 1213 1215
f 1547 1215 1216
f 1213 1214 1215
f 1216 1217 1547
f 1547 1217 1575
f 1575 1217 1218
f 1575 1218 1223
f 1223 1218 1220
f 1223 1220 1221
f 1218 1219 1220
f 1221 1222 1223
f 1223 1224 1575
f 1575 1224 1225
f 1575 1225 1226
f 1227 1228 1226
f 1226 1228 1231
f 1226 1231 1575
f 1575 1231 1574
f 1574 1231 1232
f 1574 1232 1233
f 1228 1229 1231
f 1231 1229 1230
f 1233 1234 1574
f 1574 1234 1239
f 1574 1239 1240
f 1235 1236 1234
f 1234 1236 1239
f 1236 1237 1239
f 1239 1237 1238
f 1240 1241 1574
f 1574 1241 1573
f 1573 1241 1242
f 1573 1242 1247
f 1247 1242 1244
f 1247 1244 1245
f 1242 1243 1244
f 1245 1246 1247
f 1247 1248 1573
f 1573 1248 1249
f 1573 1249 1250
f 1251 1252 1250
f 1250 1252 1253
f 1250 1253 1255
f 1255 1253 1254
f 1256 1572 1255
f 1255 1572 1573
f 1255 1573 1250
f 1256 1257 1572
f 1572 1257 1258
f 1572 1258 1263
f 1263 1258 1260
f 1263 1260 1261
f 1258 1259 1260
f 1261 1262 1263
f 1263 1264 1572
f 1572 1264 1265
f 1572 1265 1571
f 1571 1265 1266
f 1571 1266 1271
f 1271 1266 1268
f 1271 1268 1269
f 1266 1267 1268
f 1269 1270 1271
f 1271 1272 1571
f 1571 1272 1273
f 1571 1273 1274
f 1275 1276 1274
f 1274 1276 1279
f 1274 1279 1570
f 1570 1279 1280
f 1570 1280 1281
f 1276 1277 1279
f 1279 1277 1278
f 1281 1282 1570
f 1570 1282 1287
f 1570 1287 1288
f 1283 1284 1282
f 1282 1284 1287
f 1284 1285 1287
f 1287 1285 1286
f 1570 1288 1569
f 1569 1288 1289
f 1569 1289 1290
f 1291 1292 1290
f 1290 1292 1569
f 1569 1292 1295
f 1295 1292 1293
f 1295 1293 1294
f 1295 1296 1569
f 1569 1296 1297
f 1569 1297 1298
f 1299 1300 1298
f 1298 1300 1303
f 1298 1303 1568
f 1568 1303 1304
f 1568 1304 1305
f 1300 1301 1303
f 1303 1301 1302
f 1305 1306 1568
f 1568 1306 1311
f 1568 1311 1312
f 1307 1308 1306
f 1306 1308 1311
f 1308 1309 1311
f 1311 1309 1310
f 1568 1312 1567
f 1567 1312 1313
f 1567 1313 1314
f 1315 1316 1314
f 1314 1316 1567
f 1316 1317 1567
f 1567 1317 1318
f 1567 1318 1319
f 1319 1320 1567
f 1567 1320 1321
f 1567 1321 1566
f 1566 1321 1322
f 1566 1322 1327
f 1327 1322 1324
f 1327 1324 1325
f 1322 1323 1324
f 1325 1326 1327
f 1327 1328 1566
f 1566 1328 1329
f 1566 1329 1330
f 1331 1332 1330
f 1330 1332 1335
f 1330 1335 1566
f 1566 1335 1565
f 1565 1335 1336
f 1565 1336 1337
f 1332 1333 1335
f 1335 1333 1334
f 1337 1338 1565
f 1565 1338 1339
f 1565 1339 1340
f 1565 1340 1343
f 1343 1340 1341
f 1343 1341 1342
f 1343 1344 1565
f 1565 1344 1345
f 1565 1345 1564
f 1564 1345 1346
f 1564 1346 1351
f 1351 1346 1348
f 1351 1348 1349
f 1346 1347 1348
f 1349 1350 1351
f 1351 1352 1564
f 1564 1352 1353
f 1564 1353 1354
f 1355 1356 1354
f 1354 1356 1357
f 1354 1357 1359
f 1359 1357 1358
f 1360 1563 1359
f 1359 1563 1564
f 1359 1564 1354
f 1360 1361 1563
f 1563 1361 1362
f 1563 1362 1367
f 1367 1362 1364
f 1367 1364 1365
f 1362 1363 1364
f 1365 1366 1367
f 1367 1368 1563
f 1563 1368 1369
f 1563 1369 1562
f 1562 1369 1370
f 1562 1370 1375
f 1375 1370 1372
f 1375 1372 1373
f 1370 1371 1372
f 1373 1374 1375
f 1375 1376 1562
f 1562 1376 1377
f 1562 1377 1378
f 1379 1380 1378
f 1378 1380 1576
f 1378 1576 1578
f 1383 1381 1382
f 1378 1578 1561
f 1577 1383 1384
f 1577 1384 1385
f 1385 1386 1577
f 1577 1386 1391
f 1577 1391 1392
f 1387 1388 1386
f 1386 1388 1391
f 1388 1389 1391
f 1391 1389 1390
f 1577 1392 1560
f 1560 1392 1393
f 1560 1393 1394
f 1395 1396 1394
f 1394 1396 1399
f 1394 1399 1560
f 1560 1399 1400
f 1560 1400 1401
f 1396 1397 1399
f 1399 1397 1398
f 1401 1402 1560
f 1560 1402 1559
f 1559 1402 1407
f 1559 1407 1408
f 1403 1404 1402
f 1402 1404 1407
f 1404 1405 1407
f 1407 1405 1406
f 1408 1409 1559
f 1559 1409 1410
f 1559 1410 1415
f 1415 1410 1412
f 1415 1412 1413
f 1410 1411 1412
f 1413 1414 1415
f 1415 1416 1559
f 1559 1416 1558
f 1558 1416 1417
f 1558 1417 1418
f 1419 1420 1418
f 1418 1420 1558
f 1420 1421 1558
f 1558 1421 1422
f 1558 1422 1423
f 1423 1424 1558
f 1558 1424 1425
f 1558 1425 1426
f 1427 1428 1426
f 1426 1428 1431
f 1426 1431 1557
f 1557 1431 1432
f 1557 1432 1433
f 1428 1429 1431
f 1431 1429 1430
f 1433 1434 1557
f 1557 1434 1439
f 1557 1439 1440
f 1435 1436 1434
f 1434 1436 1439
f 1436 1437 1439
f 1439 1437 1438
f 1557 1440 1556
f 1556 1440 1441
f 1556 1441 1442
f 1442 1443 1556
f 1556 1443 1444
f 1556 1444 1447
f 1447 1444 1445
f 1447 1445 1446
f 1447 1448 1556
f 1556 1448 1449
f 1556 1449 1555
f 1555 1449 1450
f 1555 1450 1455
f 1455 1450 1452
f 1455 1452 1453
f 1450 1451 1452
f 1453 1454 1455
f 1455 1456 1555
f 1555 1456 1457
f 1555 1457 1458
f 1459 1460 1458
f 1458 1460 1463
f 1458 1463 1555
f 1555 1463 1554
f 1554 1463 1464
f 1554 1464 1465
f 1460 1461 1463
f 1463 1461 1462
f 1465 1466 1554
f 1554 1466 1471
f 1554 1471 1472
f 1467 1468 1466
f 1466 1468 1471
f 1468 1469 1471
f 1471 1469 1470
f 1472 1473 1554
f 1554 1473 1553
f 1553 1473 1474
f 1553 1474 1479
f 1479 1474 1476
f 1479 1476 1477
f 1474 1475 1476
f 1477 1478 1479
f 1479 1480 1553
f 1553 1480 1481
f 1553 1481 1482
f 1483 1484 1482
f 1482 1484 1485
f 1482 1485 1487
f 1487 1485 1486
f 1488 1552 1487
f 1487 1552 1553
f 1487 1553 1482
f 1488 1489 1552
f 1552 1489 1490
f 1552 1490 1495
f 1495 1490 1492
f 1495 1492 1493
f 1490 1491 1492
f 1493 1494 1495
f 1495 1496 1552
f 1552 1496 1551
f 1551 1496 1497
f 1551 1497 1498
f 1499 1500 1498
f 1498 1500 1503
f 1498 1503 1551
f 1551 1503 1504
f 1551 1504 1505
f 1500 1501 1503
f 1503 1501 1502
f 1505 1506 1551
f 1551 1506 1550
f 1550 1506 1511
f 1550 1511 1512
f 1507 1508 1506
f 1506 1508 1511
f 1508 1509 1511
f 1511 1509 1510
f 1512 1513 1550
f 1550 1513 1514
f 1550 1514 1519
f 1519 1514 1516
f 1519 1516 1517
f 1514 1515 1516
f 1517 1518 1519
f 1519 1520 1550
f 1550 1520 1549
f 1549 1520 1521
f 1549 1521 1522
f 1523 1524 1522
f 1522 1524 1525
f 1522 1525 1549
f 1549 1525 1527
f 1549 1527 1528
f 1525 1526 1527
f 1528 1529 1549
f 1549 1529 1530
f 1549 1530 1548
f 1548 1530 1535
f 1548 1535 1536
f 1531 1532 1530
f 1530 1532 1535
f 1532 1533 1535
f 1535 1533 1534
f 1536 1537 1548
f 1548 1537 1538
f 1540 1541 1543
f 1543 1541 1542
f 1557 1558 1426
f 1561 1562 1378
f 1568 1569 1298
f 1570 1571 1274
f 1586 1579 1585
f 1585 1579 1580
f 1585 1580 1581
f 1582 1583 1581
f 1581 1583 1584
f 1581 1584 1585
f 1587 1588 1592
f 1592 1588 1589
f 1592 1589 1590
f 1590 1591 1592
f 1764 1593 1966
f 1966 1593 1594
f 1966 1594 1595
f 1966 1595 1965
f 1965 1595 1596
f 1965 1596 1597
f 1597 1598 1965
f 1965 1598 1963
f 1965 1963 1964
f 1599 1960 1598
f 1598 1960 1962
f 1598 1962 1963
f 1960 1599 1959
f 1959 1599 1600
f 1959 1600 1958
f 1958 1600 1601
f 1958 1601 1957
f 1957 1601 1602
f 1957 1602 1955
f 1955 1602 1954
f 1954 1602 1952
f 1954 1952 1953
f 1602 1603 1952
f 1952 1603 1951
f 1951 1603 1604
f 1951 1604 1950
f 1950 1604 1605
f 1950 1605 1949
f 1949 1605 1606
f 1949 1606 1947
f 1947 1606 1946
f 1946 1606 1944
f 1946 1944 1945
f 1606 1607 1944
f 1944 1607 1943
f 1943 1607 1608
f 1943 1608 1942
f 1942 1608 1609
f 1942 1609 1941
f 1941 1609 1610
f 1941 1610 1939
f 1939 1610 1938
f 1938 1610 1936
f 1938 1936 1937
f 1610 1611 1936
f 1936 1611 1935
f 1935 1611 1612
f 1935 1612 1934
f 1934 1612 1613
f 1934 1613 1933
f 1933 1613 1614
f 1933 1614 1931
f 1931 1614 1930
f 1930 1614 1928
f 1930 1928 1929
f 1614 1615 1928
f 1928 1615 1927
f 1927 1615 1616
f 1927 1616 1926
f 1926 1616 1617
f 1926 1617 1925
f 1925 1617 1618
f 1925 1618 1923
f 1923 1618 1922
f 1922 1618 1920
f 1922 1920 1921
f 1618 1619 1920
f 1920 1619 1919
f 1919 1619 1620
f 1919 1620 1918
f 1918 1620 1621
f 1918 1621 1917
f 1917 1621 1622
f 1917 1622 1915
f 1915 1622 1914
f 1914 1622 1912
f 1914 1912 1913
f 1622 1623 1912
f 1912 1623 1911
f 1911 1623 1624
f 1911 1624 1910
f 1910 1624 1625
f 1910 1625 1909
f 1909 1625 1626
f 1909 1626 1907
f 1907 1626 1906
f 1906 1626 1904
f 1906 1904 1905
f 1626 1627 1904
f 1904 1627 1903
f 1903 1627 1628
f 1903 1628 1902
f 1902 1628 1629
f 1902 1629 1901
f 1901 1629 1630
f 1901 1630 1899
f 1899 1630 1898
f 1898 1630 1896
f 1898 1896 1897
f 1630 1631 1896
f 1896 1631 1895
f 1895 1631 1632
f 1895 1632 1894
f 1894 1632 1633
f 1894 1633 1893
f 1893 1633 1634
f 1893 1634 1891
f 1891 1634 1890
f 1890 1634 1888
f 1890 1888 1889
f 1634 1635 1888
f 1888 1635 1887
f 1887 1635 1636
f 1887 1636 1886
f 1886 1636 1637
f 1886 1637 1885
f 1885 1637 1638
f 1885 1638 1883
f 1883 1638 1882
f 1882 1638 1880
f 1882 1880 1881
f 1638 1639 1880
f 1880 1639 1879
f 1879 1639 1640
f 1879 1640 1878
f 1878 1640 1641
f 1878 1641 1877
f 1877 1641 1642
f 1877 1642 1875
f 1875 1642 1874
f 1874 1642 1872
f 1874 1872 1873
f 1642 1643 1872
f 1872 1643 1871
f 1871 1643 1644
f 1871 1644 1870
f 1870 1644 1645
f 1870 1645 1869
f 1869 1645 1646
f 1869 1646 1867
f 1867 1646 1866
f 1866 1646 1864
f 1866 1864 1865
f 1646 1647 1864
f 1864 1647 1863
f 1863 1647 1648
f 1863 1648 1862
f 1862 1648 1649
f 1862 1649 1861
f 1861 1649 1650
f 1861 1650 1859
f 1859 1650 1858
f 1858 1650 1856
f 1858 1856 1857
f 1650 1651 1856
f 1856 1651 1855
f 1855 1651 1652
f 1855 1652 1854
f 1854 1652 1653
f 1854 1653 1853
f 1853 1653 1654
f 1853 1654 1851
f 1851 1654 1850
f 1850 1654 1848
f 1850 1848 1849
f 1654 1655 1848
f 1848 1655 1847
f 1847 1655 1656
f 1847 1656 1846
f 1846 1656 1657
f 1846 1657 1845
f 1845 1657 1658
f 1845 1658 1843
f 1843 1658 1842
f 1842 1658 1840
f 1842 1840 1841
f 1658 1659 1840
f 1840 1659 1839
f 1839 1659 1660
f 1839 1660 1838
f 1838 1660 1661
f 1838 1661 1837
f 1837 1661 1662
f 1837 1662 1835
f 1835 1662 1834
f 1834 1662 1832
f 1834 1832 1833
f 1662 1663 1832
f 1832 1663 1831
f 1831 1663 1664
f 1831 1664 1830
f 1830 1664 1665
f 1830 1665 1829
f 1829 1665 1666
f 1829 1666 1827
f 1827 1666 1826
f 1826 1666 1824
f 1826 1824 1825
f 1666 1667 1824
f 1824 1667 1823
f 1823 1667 1668
f 1823 1668 1822
f 1822 1668 1669
f 1822 1669 1821
f 1821 1669 1670
f 1821 1670 1819
f 1819 1670 1818
f 1818 1670 1816
f 1818 1816 1817
f 1670 1671 1816
f 1816 1671 1815
f 1815 1671 1672
f 1815 1672 1814
f 1814 1672 1673
f 1814 1673 1813
f 1813 1673 1674
f 1813 1674 1811
f 1811 1674 1810
f 1810 1674 1808
f 1810 1808 1809
f 1674 1675 1808
f 1808 1675 1807
f 1807 1675 1676
f 1807 1676 1806
f 1806 1676 1677
f 1806 1677 1805
f 1805 1677 1678
f 1805 1678 1803
f 1803 1678 1802
f 1802 1678 1800
f 1802 1800 1801
f 1678 1679 1800
f 1800 1679 1799
f 1799 1679 1680
f 1799 1680 1798
f 1798 1680 1681
f 1798 1681 1797
f 1797 1681 1682
f 1797 1682 1795
f 1795 1682 1794
f 1794 1682 1792
f 1794 1792 1793
f 1682 1683 1792
f 1792 1683 1791
f 1791 1683 1684
f 1791 1684 1790
f 1790 1684 1685
f 1790 1685 1789
f 1789 1685 1686
f 1789 1686 1787
f 1787 1686 1786
f 1786 1686 1784
f 1786 1784 1785
f 1686 1687 1784
f 1784 1687 1783
f 1783 1687 1688
f 1783 1688 1782
f 1782 1688 1689
f 1782 1689 1781
f 1781 1689 1690
f 1781 1690 1779
f 1779 1690 1778
f 1778 1690 1776
f 1778 1776 1777
f 1690 1691 1776
f 1776 1691 1775
f 1775 1691 1692
f 1775 1692 1774
f 1774 1692 1693
f 1774 1693 1773
f 1773 1693 1694
f 1773 1694 1771
f 1771 1694 1770
f 1770 1694 1768
f 1770 1768 1769
f 1694 1695 1768
f 1768 1695 1767
f 1767 1695 1696
f 1767 1696 1766
f 1766 1696 1697
f 1766 1697 1765
f 1765 1697 1698
f 1765 1698 2098
f 2098 1698 2097
f 2097 1698 2095
f 2097 2095 2096
f 1698 1699 2095
f 2095 1699 2094
f 2094 1699 1700
f 2094 1700 2093
f 2093 1700 1701
f 2093 1701 2092
f 2092 1701 1702
f 2092 1702 2090
f 2090 1702 2089
f 2089 1702 2087
f 2089 2087 2088
f 1702 1703 2087
f 2087 1703 2086
f 2086 1703 1704
f 2086 1704 2085
f 2085 1704 1705
f 2085 1705 2084
f 2084 1705 1706
f 2084 1706 2082
f 2082 1706 2081
f 2081 1706 2079
f 2081 2079 2080
f 1706 1707 2079
f 2079 1707 2078
f 2078 1707 1708
f 2078 1708 2077
f 2077 1708 1709
f 2077 1709 2076
f 2076 1709 1710
f 2076 1710 2074
f 2074 1710 2073
f 2073 1710 2071
f 2073 2071 2072
f 1710 1711 2071
f 2071 1711 2070
f 2070 1711 1712
f 2070 1712 2069
f 2069 1712 1713
f 2069 1713 2068
f 2068 1713 1714
f 2068 1714 2066
f 2066 1714 2065
f 2065 1714 2063
f 2065 2063 2064
f 1714 1715 2063
f 2063 1715 2062
f 2062 1715 1716
f 2062 1716 2061
f 2061 1716 1717
f 2061 1717 2060
f 2060 1717 1718
f 2060 1718 2058
f 2058 1718 2057
f 2057 1718 2055
f 2057 2055 2056
f 1718 1719 2055
f 2055 1719 2054
f 2054 1719 1720
f 2054 1720 2053
f 2053 1720 1721
f 2053 1721 2052
f 2052 1721 1722
f 2052 1722 2050
f 2050 1722 2049
f 2049 1722 2047
f 2049 2047 2048
f 1722 1723 2047
f 2047 1723 2046
f 2046 1723 1724
f 2046 1724 2045
f 2045 1724 1725
f 2045 1725 2044
f 2044 1725 1726
f 2044 1726 2042
f 2042 1726 2041
f 2041 1726 2039
f 2041 2039 2040
f 1726 1727 2039
f 2039 1727 2038
f 2038 1727 1728
f 2038 1728 2037
f 2037 1728 1729
f 2037 1729 2036
f 2036 1729 1730
f 2036 1730 2034
f 2034 1730 2033
f 2033 1730 2031
f 2033 2031 2032
f 1730 1731 2031
f 2031 1731 2030
f 2030 1731 1732
f 2030 1732 2029
f 2029 1732 1733
f 2029 1733 2028
f 2028 1733 1734
f 2028 1734 2026
f 2026 1734 2025
f 2025 1734 2023
f 2025 2023 2024
f 1734 1735 2023
f 2023 1735 2022
f 2022 1735 1736
f 2022 1736 2021
f 2021 1736 1737
f 2021 1737 2020
f 2020 1737 1738
f 2020 1738 2018
f 2018 1738 2017
f 2017 1738 2015
f 2017 2015 2016
f 1738 1739 2015
f 2015 1739 2014
f 2014 1739 1740
f 2014 1740 2013
f 2013 1740 1741
f 2013 1741 2012
f 2012 1741 1742
f 2012 1742 2010
f 2010 1742 2009
f 2009 1742 2007
f 2009 2007 2008
f 1742 1743 2007
f 2007 1743 2006
f 2006 1743 1744
f 2006 1744 2005
f 2005 1744 1745
f 2005 1745 2004
f 2004 1745 1746
f 2004 1746 2002
f 2002 1746 2001
f 2001 1746 1999
f 2001 1999 2000
f 1746 1747 1999
f 1999 1747 1998
f 1998 1747 1748
f 1998 1748 1997
f 1997 1748 1749
f 1997 1749 1996
f 1996 1749 1750
f 1996 1750 1994
f 1994 1750 1993
f 1993 1750 1991
f 1993 1991 1992
f 1750 1751 1991
f 1991 1751 1990
f 1990 1751 1752
f 1990 1752 1989
f 1989 1752 1753
f 1989 1753 1988
f 1988 1753 1754
f 1988 1754 1986
f 1986 1754 1985
f 1985 1754 1983
f 1985 1983 1984
f 1754 1755 1983
f 1983 1755 1982
f 1982 1755 1756
f 1982 1756 1981
f 1981 1756 1757
f 1981 1757 1980
f 1980 1757 1758
f 1980 1758 1978
f 1978 1758 1977
f 1977 1758 1975
f 1977 1975 1976
f 1758 1759 1975
f 1975 1759 1974
f 1974 1759 1760
f 1974 1760 1973
f 1973 1760 1761
f 1973 1761 1972
f 1972 1761 1762
f 1972 1762 1970
f 1970 1762 1969
f 1969 1762 1967
f 1969 1967 1968
f 1762 1763 1967
f 1967 1763 1764
f 1967 1764 1966
f 1771 1772 1773
f 1779 1780 1781
f 1787 1788 1789
f 1795 1796 1797
f 1803 1804 1805
f 1811 1812 1813
f 1819 1820 1821
f 1827 1828 1829
f 1835 1836 1837
f 1843 1844 1845
f 1851 1852 1853
f 1859 1860 1861
f 1867 1868 1869
f 1875 1876 1877
f 1883 1884 1885
f 1891 1892 1893
f 1899 1900 1901
f 1907 1908 1909
f 1915 1916 1917
f 1923 1924 1925
f 1931 1932 1933
f 1939 1940 1941
f 1947 1948 1949
f 1955 1956 1957
f 1960 1961 1962
f 1970 1971 1972
f 1978 1979 1980
f 1986 1987 1988
f 1994 1995 1996
f 2002 2003 2004
f 2010 2011 2012
f 2018 2019 2020
f 2026 2027 2028
f 2034 2035 2036
f 2042 2043 2044
f 2050 2051 2052
f 2058 2059 2060
f 2066 2067 2068
f 2074 2075 2076
f 2082 2083 2084
f 2090 2091 2092
f 2098 2099 1765
f 2107 2100 2106
f 2106 2100 2101
f 2106 2101 2105
f 2105 2101 2102
f 2105 2102 2104
f 2104 2102 2103
f 2115 2108 2114
f 2114 2108 2109
f 2114 2109 2113
f 2113 2109 2110
f 2113 2110 2112
f 2112 2110 2111
f 2123 2116 2122
f 2122 2116 2117
f 2122 2117 2121
f 2121 2117 2118
f 2121 2118 2120
f 2120 2118 2119
f 2125 2126 2124
f 2124 2126 2127
f 2124 2127 2128
f 2128 2129 2124
f 2131 2149 2130
f 2130 2149 2140
f 2130 2140 2139
f 2139 2140 2141
f 2139 2141 2138
f 2138 2141 2142
f 2138 2142 2137
f 2137 2142 2143
f 2137 2143 2136
f 2136 2143 2144
f 2136 2144 2135
f 2135 2144 2150
f 2151 2145 2134
f 2134 2145 2146
f 2134 2146 2133
f 2133 2146 2147
f 2133 2147 2132
f 2132 2147 2148
f 2132 2148 2131
f 2131 2148 2149
f 2163 2152 2164
f 2164 2152 2153
f 2164 2153 2172
f 2172 2153 2154
f 2172 2154 2171
f 2171 2154 2155
f 2171 2155 2170
f 2170 2155 2156
f 2170 2156 2157
f 2170 2157 2169
f 2169 2157 2158
f 2169 2158 2168
f 2168 2158 2159
f 2168 2159 2167
f 2167 2159 2160
f 2167 2160 2161
f 2167 2161 2166
f 2166 2161 2162
f 2166 2162 2165
f 2165 2162 2163
f 2165 2163 2164
f 2180 2173 2179
f 2179 2173 2174
f 2179 2174 2178
f 2178 2174 2175
f 2178 2175 2177
f 2177 2175 2176
f 2182 2240 2181
f 2181 2240 2211
f 2181 2211 2212
f 2240 2182 2239
f 2239 2182 2183
f 2239 2183 2238
f 2238 2183 2184
f 2238 2184 2237
f 2237 2184 2185
f 2237 2185 2236
f 2236 2185 2186
f 2236 2186 2235
f 2235 2186 2187
f 2235 2187 2234
f 2234 2187 2188
f 2234 2188 2189
f 2234 2189 2233
f 2233 2189 2190
f 2233 2190 2232
f 2232 2190 2191
f 2232 2191 2231
f 2231 2191 2192
f 2231 2192 2230
f 2230 2192 2193
f 2230 2193 2229
f 2229 2193 2194
f 2229 2194 2228
f 2228 2194 2195
f 2228 2195 2227
f 2227 2195 2196
f 2227 2196 2226
f 2226 2196 2225
f 2225 2196 2197
f 2225 2197 2224
f 2224 2197 2198
f 2224 2198 2223
f 2223 2198 2199
f 2223 2199 2222
f 2222 2199 2200
f 2222 2200 2221
f 2221 2200 2201
f 2221 2201 2220
f 2220 2201 2202
f 2220 2202 2219
f 2219 2202 2203
f 2219 2203 2204
f 2219 2204 2218
f 2218 2204 2205
f 2218 2205 2217
f 2217 2205 2206
f 2217 2206 2216
f 2216 2206 2207
f 2216 2207 2215
f 2215 2207 2208
f 2215 2208 2214
f 2214 2208 2209
f 2214 2209 2213
f 2213 2209 2210
f 2213 2210 2212
f 2212 2210 2181
f 2248 2241 2247
f 2247 2241 2242
f 2247 2242 2246
f 2246 2242 2243
f 2246 2243 2244
f 2244 2245 2246
f 2256 2249 2255
f 2255 2249 2250
f 2255 2250 2251
f 2252 2253 2251
f 2251 2253 2254
f 2251 2254 2255
f 2258 2266 2257
f 2257 2266 2267
f 2257 2267 2265
f 2265 2267 2268
f 2265 2268 2264
f 2264 2268 2269
f 2264 2269 2263
f 2263 2269 2276
f 2263 2276 2262
f 2275 2270 2271
f 2275 2271 2261
f 2261 2271 2272
f 2261 2272 2260
f 2260 2272 2273
f 2260 2273 2259
f 2259 2273 2274
f 2259 2274 2258
f 2258 2274 2266
f 2286 2277 2287
f 2287 2277 2278
f 2287 2278 2295
f 2295 2278 2279
f 2295 2279 2294
f 2294 2279 2280
f 2294 2280 2293
f 2293 2280 2281
f 2293 2281 2292
f 2292 2281 2282
f 2292 2282 2291
f 2291 2282 2283
f 2291 2283 2290
f 2290 2283 2284
f 2290 2284 2289
f 2289 2284 2285
f 2289 2285 2288
f 2288 2285 2286
f 2288 2286 2287
f 2297 2317 2296
f 2296 2317 2318
f 2296 2318 2316
f 2316 2318 2319
f 2316 2319 2315
f 2315 2319 2320
f 2315 2320 2314
f 2314 2320 2321
f 2314 2321 2313
f 2313 2321 2322
f 2313 2322 2312
f 2312 2322 2323
f 2312 2323 2311
f 2311 2323 2324
f 2311 2324 2310
f 2310 2324 2325
f 2310 2325 2309
f 2309 2325 2326
f 2309 2326 2308
f 2308 2326 2339
f 2308 2339 2307
f 2338 2327 2328
f 2338 2328 2306
f 2306 2328 2329
f 2306 2329 2305
f 2305 2329 2330
f 2305 2330 2304
f 2304 2330 2331
f 2304 2331 2303
f 2303 2331 2332
f 2303 2332 2302
f 2302 2332 2333
f 2302 2333 2301
f 2301 2333 2334
f 2301 2334 2300
f 2300 2334 2335
f 2300 2335 2299
f 2299 2335 2336
f 2299 2336 2298
f 2298 2336 2337
f 2298 2337 2297
f 2297 2337 2317
f 2347 2340 2346
f 2346 2340 2341
f 2346 2341 2345
f 2345 2341 2342
f 2345 2342 2344
f 2344 2342 2343
f 2355 2348 2354
f 2354 2348 2349
f 2354 2349 2350
f 2351 2352 2350
f 2350 2352 2353
f 2350 2353 2354
f 2363 2356 2362
f 2362 2356 2357
f 2362 2357 2361
f 2361 2357 2358
f 2361 2358 2360
f 2360 2358 2359
f 2365 2387 2364
f 2364 2387 2376
f 2364 2376 2375
f 2375 2376 2377
f 2375 2377 2374
f 2374 2377 2378
f 2374 2378 2373
f 2373 2378 2379
f 2373 2379 2372
f 2372 2379 2380
f 2372 2380 2371
f 2371 2380 2381
f 2371 2381 2370
f 2370 2381 2389
f 2388 2382 2369
f 2369 2382 2383
f 2369 2383 2368
f 2368 2383 2384
f 2368 2384 2367
f 2367 2384 2385
f 2367 2385 2366
f 2366 2385 2386
f 2366 2386 2365
f 2365 2386 2387
f 2409 2390 2410
f 2410 2390 2391
f 2410 2391 2419
f 2419 2391 2392
f 2419 2392 2393
f 2419 2393 2418
f 2418 2393 2394
f 2418 2394 2395
f 2418 2395 2417
f 2417 2395 2396
f 2417 2396 2397
f 2417 2397 2416
f 2416 2397 2398
f 2416 2398 2399
f 2416 2399 2415
f 2415 2399 2400
f 2415 2400 2401
f 2415 2401 2414
f 2414 2401 2402
f 2414 2402 2403
f 2414 2403 2413
f 2413 2403 2404
f 2413 2404 2405
f 2413 2405 2412
f 2412 2405 2406
f 2412 2406 2407
f 2412 2407 2411
f 2411 2407 2408
f 2411 2408 2409
f 2411 2409 2410
f 2421 2459 2420
f 2420 2459 2440
f 2420 2440 2439
f 2439 2440 2441
f 2439 2441 2438
f 2438 2441 2442
f 2438 2442 2437
f 2437 2442 2443
f 2437 2443 2436
f 2436 2443 2444
f 2436 2444 2435
f 2435 2444 2445
f 2435 2445 2434
f 2434 2445 2446
f 2434 2446 2433
f 2433 2446 2447
f 2433 2447 2432
f 2432 2447 2448
f 2432 2448 2431
f 2431 2448 2449
f 2431 2449 2430
f 2430 2449 2461
f 2460 2450 2429
f 2429 2450 2451
f 2429 2451 2428
f 2428 2451 2452
f 2428 2452 2427
f 2427 2452 2453
f 2427 2453 2426
f 2426 2453 2454
f 2426 2454 2425
f 2425 2454 2455
f 2425 2455 2424
f 2424 2455 2456
f 2424 2456 2423
f 2423 2456 2457
f 2423 2457 2422
f 2422 2457 2458
f 2422 2458 2421
f 2421 2458 2459
f 2469 2462 2468
f 2468 2462 2463
f 2468 2463 2467
f 2467 2463 2464
f 2467 2464 2466
f 2466 2464 2465
f 2471 2473 2470
f 2470 2473 2479
f 2470 2479 2493
f 2493 2479 2480
f 2493 2480 2492
f 2492 2480 2481
f 2492 2481 2482
f 2471 2472 2473
f 2473 2474 2479
f 2479 2474 2478
f 2478 2474 2477
f 2477 2474 2476
f 2476 2474 2475
f 2483 2487 2482
f 2482 2487 2488
f 2482 2488 2491
f 2491 2488 2489
f 2491 2489 2490
f 2484 2485 2483
f 2483 2485 2486
f 2483 2486 2487
f 2491 2492 2482
f 2495 2533 2494
f 2494 2533 2514
f 2494 2514 2513
f 2513 2514 2515
f 2513 2515 2516
f 2533 2495 2532
f 2532 2495 2496
f 2532 2496 2531
f 2531 2496 2497
f 2531 2497 2530
f 2530 2497 2498
f 2530 2498 2529
f 2529 2498 2499
f 2529 2499 2500
f 2529 2500 2528
f 2528 2500 2501
f 2528 2501 2527
f 2527 2501 2502
f 2527 2502 2526
f 2526 2502 2503
f 2526 2503 2525
f 2525 2503 2504
f 2525 2504 2524
f 2524 2504 2523
f 2523 2504 2505
f 2523 2505 2522
f 2522 2505 2506
f 2522 2506 2521
f 2521 2506 2507
f 2521 2507 2520
f 2520 2507 2508
f 2520 2508 2519
f 2519 2508 2509
f 2519 2509 2510
f 2519 2510 2518
f 2518 2510 2511
f 2518 2511 2517
f 2517 2511 2512
f 2517 2512 2516
f 2516 2512 2513
f 2534 2535 2540
f 2540 2535 2539
f 2539 2535 2536
f 2539 2536 2538
f 2538 2536 2537
f 2542 2543 2541
f 2541 2543 2544
f 2541 2544 2545
f 2545 2546 2541
f 2547 2548 2550
f 2550 2548 2549
f 2552 2553 2551
f 2551 2553 2554
f 2562 2555 2561
f 2561 2555 2556
f 2561 2556 2560
f 2560 2556 2557
f 2560 2557 2559
f 2559 2557 2558
f 2564 2602 2563
f 2563 2602 2583
f 2563 2583 2584
f 2602 2564 2601
f 2601 2564 2565
f 2601 2565 2600
f 2600 2565 2566
f 2600 2566 2599
f 2599 2566 2567
f 2599 2567 2598
f 2598 2567 2568
f 2598 2568 2569
f 2598 2569 2597
f 2597 2569 2570
f 2597 2570 2596
f 2596 2570 2571
f 2596 2571 2595
f 2595 2571 2572
f 2595 2572 2594
f 2594 2572 2593
f 2593 2572 2573
f 2593 2573 2592
f 2592 2573 2574
f 2592 2574 2591
f 2591 2574 2575
f 2591 2575 2590
f 2590 2575 2576
f 2590 2576 2589
f 2589 2576 2577
f 2589 2577 2588
f 2588 2577 2578
f 2588 2578 2579
f 2588 2579 2587
f 2587 2579 2580
f 2587 2580 2586
f 2586 2580 2581
f 2586 2581 2585
f 2585 2581 2582
f 2585 2582 2584
f 2584 2582 2563
f 2610 2603 2609
f 2609 2603 2604
f 2609 2604 2605
f 2609 2605 2608
f 2608 2605 2606
f 2608 2606 2607
f 2611 2612 2620
f 2620 2612 2613
f 2620 2613 2619
f 2619 2613 2614
f 2619 2614 2618
f 2618 2614 2615
f 2618 2615 2617
f 2617 2615 2616
f 2628 2621 2627
f 2627 2621 2622
f 2627 2622 2623
f 2624 2625 2623
f 2623 2625 2626
f 2623 2626 2627
f 2629 2630 2632
f 2632 2630 2631
f 2634 2635 2633
f 2633 2635 2636
f 2644 2637 2643
f 2643 2637 2638
f 2643 2638 2639
f 2643 2639 2642
f 2642 2639 2640
f 2642 2640 2641
f 2665 2645 2666
f 2666 2645 2646
f 2666 2646 2685
f 2685 2646 2647
f 2685 2647 2684
f 2684 2647 2648
f 2684 2648 2683
f 2683 2648 2649
f 2683 2649 2682
f 2682 2649 2650
f 2682 2650 2681
f 2681 2650 2651
f 2681 2651 2680
f 2680 2651 2652
f 2680 2652 2679
f 2679 2652 2653
f 2679 2653 2678
f 2678 2653 2654
f 2678 2654 2677
f 2677 2654 2655
f 2677 2655 2676
f 2676 2655 2656
f 2676 2656 2675
f 2675 2656 2657
f 2675 2657 2674
f 2674 2657 2658
f 2674 2658 2673
f 2673 2658 2659
f 2673 2659 2672
f 2672 2659 2660
f 2672 2660 2671
f 2671 2660 2661
f 2671 2661 2670
f 2670 2661 2662
f 2670 2662 2669
f 2669 2662 2663
f 2669 2663 2668
f 2668 2663 2664
f 2668 2664 2667
f 2667 2664 2665
f 2667 2665 2666
f 2686 2687 2689
f 2689 2687 2688
f 2690 2691 2693
f 2693 2691 2692
f 2701 2694 2700
f 2700 2694 2695
f 2700 2695 2699
f 2699 2695 2696
f 2699 2696 2698
f 2698 2696 2697
f 2702 2703 2713
f 2713 2703 2704
f 2713 2704 2712
f 2712 2704 2705
f 2712 2705 2711
f 2711 2705 2706
f 2711 2706 2710
f 2710 2706 2707
f 2710 2707 2709
f 2709 2707 2708
f 2721 2714 2720
f 2720 2714 2715
f 2720 2715 2716
f 2717 2718 2716
f 2716 2718 2719
f 2716 2719 2720
f 2729 2722 2728
f 2728 2722 2723
f 2728 2723 2727
f 2727 2723 2724
f 2727 2724 2726
f 2726 2724 2725
f 2730 2731 2733
f 2733 2731 2732
f 2734 2735 2737
f 2737 2735 2736
f 2738 2739 2745
f 2745 2739 2744
f 2744 2739 2740
f 2744 2740 2743
f 2743 2740 2741
f 2743 2741 2742
f 2746 2747 2749
f 2749 2747 2748
f 2750 2751 2753
f 2753 2751 2752
f 2754 2755 2759
f 2759 2755 2756
f 2759 2756 2757
f 2757 2758 2759
f 2760 2761 2763
f 2763 2761 2762
f 2764 2765 2773
f 2773 2765 2766
f 2773 2766 2772
f 2772 2766 2767
f 2772 2767 2771
f 2771 2767 2768
f 2771 2768 2770
f 2770 2768 2769
f 2775 2777 2774
f 2774 2777 2792
f 2774 2792 2797
f 2797 2792 2793
f 2797 2793 2796
f 2796 2793 2795
f 2795 2793 2794
f 2775 2776 2777
f 2777 2778 2792
f 2792 2778 2791
f 2791 2778 2779
f 2791 2779 2790
f 2790 2779 2789
f 2789 2779 2780
f 2789 2780 2783
f 2783 2780 2781
f 2783 2781 2782
f 2783 2784 2789
f 2789 2784 2788
f 2788 2784 2785
f 2788 2785 2786
f 2786 2787 2788
f 2805 2798 2804
f 2804 2798 2799
f 2804 2799 2803
f 2803 2799 2800
f 2803 2800 2802
f 2802 2800 2801
f 2813 2806 2812
f 2812 2806 2807
f 2812 2807 2811
f 2811 2807 2808
f 2811 2808 2810
f 2810 2808 2809
f 2814 2815 2817
f 2817 2815 2816
f 2818 2819 2825
f 2825 2819 2824
f 2824 2819 2820
f 2824 2820 2823
f 2823 2820 2821
f 2823 2821 2822
f 2833 2826 2832
f 2832 2826 2827
f 2832 2827 2831
f 2831 2827 2828
f 2831 2828 2830
f 2830 2828 2829
f 2834 2835 2837
f 2837 2835 2836
f 2838 2839 2841
f 2841 2839 2840
f 2842 2843 2845
f 2845 2843 2844
f 2846 2847 2849
f 2849 2847 2848
f 2850 2851 2853
f 2853 2851 2852
f 2854 2855 2857
f 2857 2855 2856
f 2858 2859 2865
f 2865 2859 2864
f 2864 2859 2860
f 2864 2860 2863
f 2863 2860 2861
f 2863 2861 2862
f 2873 2866 2872
f 2872 2866 2867
f 2872 2867 2871
f 2871 2867 2868
f 2871 2868 2870
f 2870 2868 2869
f 2874 2875 2877
f 2877 2875 2876
f 2878 2879 2881
f 2881 2879 2880
f 2882 2883 2889
f 2889 2883 2888
f 2888 2883 2884
f 2888 2884 2887
f 2887 2884 2885
f 2887 2885 2886
f 2890 2891 2893
f 2893 2891 2892
f 2901 2894 2900
f 2900 2894 2895
f 2900 2895 2899
f 2899 2895 2896
f 2899 2896 2898
f 2898 2896 2897
f 2909 2902 2908
f 2908 2902 2903
f 2908 2903 2907
f 2907 2903 2904
f 2907 2904 2906
f 2906 2904 2905
f 2910 2911 2913
f 2913 2911 2912
f 2914 2915 2921
f 2921 2915 2920
f 2920 2915 2916
f 2920 2916 2919
f 2919 2916 2917
f 2919 2917 2918
f 2929 2922 2928
f 2928 2922 2923
f 2928 2923 2927
f 2927 2923 2924
f 2927 2924 2926
f 2926 2924 2925
f 2930 2931 2933
f 2933 2931 2932
f 2934 2935 2937
f 2937 2935 2936
f 2938 2939 2941
f 2941 2939 2940
f 2942 2943 2945
f 2945 2943 2944
f 2953 2946 2952
f 2952 2946 2947
f 2952 2947 2951
f 2951 2947 2948
f 2951 2948 2950
f 2950 2948 2949
f 2961 2954 2960
f 2960 2954 2955
f 2960 2955 2959
f 2959 2955 2956
f 2959 2956 2958
f 2958 2956 2957
f 2962 2963 2965
f 2965 2963 2964
f 2966 2967 2969
f 2969 2967 2968
f 2977 2970 2976
f 2976 2970 2971
f 2976 2971 2975
f 2975 2971 2972
f 2975 2972 2974
f 2974 2972 2973
f 2978 2979 2981
f 2981 2979 2980
f 2989 2982 2988
f 2988 2982 2983
f 2988 2983 2987
f 2987 2983 2984
f 2987 2984 2986
f 2986 2984 2985
f 2997 2990 2996
f 2996 2990 2991
f 2996 2991 2995
f 2995 2991 2992
f 2995 2992 2994
f 2994 2992 2993
f 2998 2999 3001
f 3001 2999 3000
f 3009 3002 3008
f 3008 3002 3003
f 3008 3003 3007
f 3007 3003 3004
f 3007 3004 3006
f 3006 3004 3005
f 3010 3011 3013
f 3013 3011 3012
f 3014 3015 3017
f 3017 3015 3016
f 3018 3019 3021
f 3021 3019 3020
f 3022 3023 3025
f 3025 3023 3024
f 3026 3027 3029
f 3029 3027 3028
f 3030 3031 3033
f 3033 3031 3032
f 3034 3035 3037
f 3037 3035 3036
f 3045 3038 3044
f 3044 3038 3039
f 3044 3039 3043
f 3043 3039 3040
f 3043 3040 3042
f 3042 3040 3041
f 3053 3046 3052
f 3052 3046 3047
f 3052 3047 3051
f 3051 3047 3048
f 3051 3048 3050
f 3050 3048 3049
f 3061 3054 3060
f 3060 3054 3055
f 3060 3055 3059
f 3059 3055 3056
f 3059 3056 3058
f 3058 3056 3057
f 3062 3063 3065
f 3065 3063 3064
f 3073 3066 3072
f 3072 3066 3067
f 3072 3067 3068
f 3072 3068 3071
f 3071 3068 3069
f 3071 3069 3070
f 3081 3074 3080
f 3080 3074 3075
f 3080 3075 3079
f 3079 3075 3076
f 3079 3076 3078
f 3078 3076 3077
f 3089 3082 3088
f 3088 3082 3083
f 3088 3083 3084
f 3088 3084 3087
f 3087 3084 3085
f 3087 3085 3086
f 3090 3091 3093
f 3093 3091 3092
f 3094 3095 3097
f 3097 3095 3096
f 3098 3099 3101
f 3101 3099 3100
f 3102 3103 3105
f 3105 3103 3104
f 3106 3107 3109
f 3109 3107 3108
f 3117 3110 3116
f 3116 3110 3111
f 3116 3111 3115
f 3115 3111 3112
f 3115 3112 3114
f 3114 3112 3113
f 3118 3119 3121
f 3121 3119 3120
f 3129 3122 3128
f 3128 3122 3123
f 3128 3123 3127
f 3127 3123 3124
f 3127 3124 3126
f 3126 3124 3125
f 3137 3130 3136
f 3136 3130 3131
f 3136 3131 3135
f 3135 3131 3132
f 3135 3132 3134
f 3134 3132 3133
f 3138 3139 3141
f 3141 3139 3140
f 3149 3142 3148
f 3148 3142 3143
f 3148 3143 3147
f 3147 3143 3144
f 3147 3144 3146
f 3146 3144 3145
f 3157 3150 3156
f 3156 3150 3151
f 3156 3151 3155
f 3155 3151 3152
f 3155 3152 3154
f 3154 3152 3153
f 3158 3159 3165
f 3165 3159 3164
f 3164 3159 3160
f 3164 3160 3163
f 3163 3160 3161
f 3163 3161 3162
f 3173 3166 3172
f 3172 3166 3167
f 3172 3167 3171
f 3171 3167 3168
f 3171 3168 3170
f 3170 3168 3169
f 3181 3174 3180
f 3180 3174 3175
f 3180 3175 3179
f 3179 3175 3176
f 3179 3176 3178
f 3178 3176 3177
f 3182 3183 3185
f 3185 3183 3184
f 3186 3187 3193
f 3193 3187 3192
f 3192 3187 3188
f 3192 3188 3191
f 3191 3188 3189
f 3191 3189 3190
f 3194 3195 3197
f 3197 3195 3196
f 3205 3198 3204
f 3204 3198 3199
f 3204 3199 3203
f 3203 3199 3200
f 3203 3200 3202
f 3202 3200 3201
f 3213 3206 3212
f 3212 3206 3207
f 3212 3207 3211
f 3211 3207 3208
f 3211 3208 3210
f 3210 3208 3209
f 3214 3215 3217
f 3217 3215 3216
f 3225 3218 3224
f 3224 3218 3219
f 3224 3219 3223
f 3223 3219 3220
f 3223 3220 3222
f 3222 3220 3221
f 3233 3226 3232
f 3232 3226 3227
f 3232 3227 3231
f 3231 3227 3228
f 3231 3228 3230
f 3230 3228 3229
f 3234 3235 3237
f 3237 3235 3236
f 3238 3239 3241
f 3241 3239 3240
f 3249 3242 3248
f 3248 3242 3243
f 3248 3243 3247
f 3247 3243 3244
f 3247 3244 3246
f 3246 3244 3245
f 3257 3250 3256
f 3256 3250 3251
f 3256 3251 3255
f 3255 3251 3252
f 3255 3252 3254
f 3254 3252 3253
f 3258 3259 3261
f 3261 3259 3260
f 3262 3263 3269
f 3269 3263 3268
f 3268 3263 3264
f 3268 3264 3267
f 3267 3264 3265
f 3267 3265 3266
f 3270 3271 3273
f 3273 3271 3272
f 3281 3274 3280
f 3280 3274 3275
f 3280 3275 3279
f 3279 3275 3276
f 3279 3276 3278
f 3278 3276 3277
f 3282 3283 3285
f 3285 3283 3284
f 3286 3287 3289
f 3289 3287 3288
f 3297 3290 3296
f 3296 3290 3291
f 3296 3291 3295
f 3295 3291 3292
f 3295 3292 3294
f 3294 3292 3293
f 3305 3298 3304
f 3304 3298 3299
f 3304 3299 3303
f 3303 3299 3300
f 3303 3300 3302
f 3302 3300 3301
f 3313 3306 3312
f 3312 3306 3307
f 3312 3307 3311
f 3311 3307 3308
f 3311 3308 3310
f 3310 3308 3309
f 3314 3315 3317
f 3317 3315 3316
f 3325 3318 3324
f 3324 3318 3319
f 3324 3319 3323
f 3323 3319 3320
f 3323 3320 3322
f 3322 3320 3321
f 3326 3327 3329
f 3329 3327 3328
f 3330 3331 3337
f 3337 3331 3336
f 3336 3331 3332
f 3336 3332 3335
f 3335 3332 3333
f 3335 3333 3334
f 3338 3339 3341
f 3341 3339 3340
f 3342 3343 3345
f 3345 3343 3344
f 3346 3347 3353
f 3353 3347 3352
f 3352 3347 3348
f 3352 3348 3351
f 3351 3348 3349
f 3351 3349 3350
f 3361 3354 3360
f 3360 3354 3355
f 3360 3355 3359
f 3359 3355 3356
f 3359 3356 3358
f 3358 3356 3357
f 3362 3363 3365
f 3365 3363 3364
f 3373 3366 3372
f 3372 3366 3367
f 3372 3367 3371
f 3371 3367 3368
f 3371 3368 3370
f 3370 3368 3369
f 3374 3375 3377
f 3377 3375 3376
f 3378 3379 3385
f 3385 3379 3384
f 3384 3379 3380
f 3384 3380 3383
f 3383 3380 3381
f 3383 3381 3382
f 3386 3387 3389
f 3389 3387 3388
f 3390 3391 3393
f 3393 3391 3392
f 3394 3395 3401
f 3401 3395 3400
f 3400 3395 3399
f 3399 3395 3396
f 3399 3396 3398
f 3398 3396 3397
f 3402 3403 3409
f 3409 3403 3408
f 3408 3403 3404
f 3408 3404 3407
f 3407 3404 3405
f 3407 3405 3406
f 3417 3410 3416
f 3416 3410 3411
f 3416 3411 3415
f 3415 3411 3412
f 3415 3412 3414
f 3414 3412 3413
f 3418 3419 3421
f 3421 3419 3420
f 3429 3422 3428
f 3428 3422 3423
f 3428 3423 3427
f 3427 3423 3424
f 3427 3424 3425
f 3425 3426 3427
f 3437 3430 3436
f 3436 3430 3431
f 3436 3431 3435
f 3435 3431 3432
f 3435 3432 3434
f 3434 3432 3433
f 3445 3438 3444
f 3444 3438 3439
f 3444 3439 3443
f 3443 3439 3440
f 3443 3440 3442
f 3442 3440 3441
f 3446 3447 3449
f 3449 3447 3448
f 3457 3450 3456
f 3456 3450 3451
f 3456 3451 3452
f 3456 3452 3455
f 3455 3452 3453
f 3455 3453 3454
f 3465 3458 3464
f 3464 3458 3459
f 3464 3459 3463
f 3463 3459 3460
f 3463 3460 3462
f 3462 3460 3461
f 3466 3467 3473
f 3473 3467 3472
f 3472 3467 3468
f 3472 3468 3471
f 3471 3468 3469
f 3471 3469 3470
f 3474 3475 3477
f 3477 3475 3476
f 3478 3479 3481
f 3481 3479 3480
f 3482 3483 3485
f 3485 3483 3484
f 3493 3486 3492
f 3492 3486 3487
f 3492 3487 3491
f 3491 3487 3488
f 3491 3488 3490
f 3490 3488 3489
f 3494 3495 3497
f 3497 3495 3496
f 3498 3499 3505
f 3505 3499 3504
f 3504 3499 3500
f 3504 3500 3503
f 3503 3500 3501
f 3503 3501 3502
f 3513 3506 3512
f 3512 3506 3507
f 3512 3507 3511
f 3511 3507 3508
f 3511 3508 3510
f 3510 3508 3509
f 3514 3515 3517
f 3517 3515 3516
f 3525 3518 3524
f 3524 3518 3519
f 3524 3519 3523
f 3523 3519 3520
f 3523 3520 3522
f 3522 3520 3521
f 3526 3527 3533
f 3533 3527 3532
f 3532 3527 3528
f 3532 3528 3531
f 3531 3528 3529
f 3531 3529 3530
f 3541 3534 3540
f 3540 3534 3535
f 3540 3535 3539
f 3539 3535 3536
f 3539 3536 3538
f 3538 3536 3537
f 3542 3543 3545
f 3545 3543 3544
f 3553 3546 3552
f 3552 3546 3547
f 3552 3547 3551
f 3551 3547 3548
f 3551 3548 3550
f 3550 3548 3549
f 3554 3555 3561
f 3561 3555 3560
f 3560 3555 3559
f 3559 3555 3556
f 3559 3556 3558
f 3558 3556 3557
f 3562 3563 3569
f 3569 3563 3568
f 3568 3563 3564
f 3568 3564 3567
f 3567 3564 3565
f 3567 3565 3566
f 3570 3571 3573
f 3573 3571 3572
f 3574 3575 3577
f 3577 3575 3576
f 3578 3579 3581
f 3581 3579 3580
f 3589 3582 3588
f 3588 3582 3583
f 3588 3583 3587
f 3587 3583 3584
f 3587 3584 3586
f 3586 3584 3585
f 3590 3591 3593
f 3593 3591 3592
f 3601 3594 3600
f 3600 3594 3595
f 3600 3595 3599
f 3599 3595 3596
f 3599 3596 3598
f 3598 3596 3597
f 3602 3603 3605
f 3605 3603 3604
f 3606 3607 3609
f 3609 3607 3608
f 3610 3611 3613
f 3613 3611 3612
f 3614 3615 3617
f 3617 3615 3616
f 3618 3619 3621
f 3621 3619 3620
f 3622 3623 3625
f 3625 3623 3624
f 3626 3627 3629
f 3629 3627 3628
f 3637 3630 3636
f 3636 3630 3631
f 3636 3631 3635
f 3635 3631 3632
f 3635 3632 3634
f 3634 3632 3633
f 3638 3639 3641
f 3641 3639 3640
f 3642 3643 3645
f 3645 3643 3644
f 3646 3647 3649
f 3649 3647 3648
f 3657 3650 3656
f 3656 3650 3651
f 3656 3651 3655
f 3655 3651 3652
f 3655 3652 3654
f 3654 3652 3653
f 3665 3658 3664
f 3664 3658 3659
f 3664 3659 3663
f 3663 3659 3660
f 3663 3660 3662
f 3662 3660 3661
